date,rainfall_mm,reservoir_m,temp_c,disp_mm
2016-01-01,0.2183639931028577,163.55130722649358,8.494965321265619,2.1623724375773237
2016-01-02,0.33696535596879235,162.29115096846868,8.501532102350966,3.514549208160562
2016-01-03,0.1541855920739475,162.1383554390867,8.021470690680554,4.401051736292993
2016-01-04,0.11044211347423151,162.46455018341047,7.617819312730249,5.2559030774807765
2016-01-05,0.2590129101540213,162.1332549031198,7.351303900411426,6.229390829149901
2016-01-06,0.14116688896416849,161.92034215417823,10.617705907136562,7.258256254342632
2016-01-07,0.18727452769634,161.96940124041097,9.065116269999928,7.975150397193069
2016-01-08,0.02302648343694523,161.81165926928074,7.523898422331876,9.164359674809816
2016-01-09,0.0012219576006846753,161.52324335277441,7.150252408765857,10.402709485471199
2016-01-10,0.05019561914353974,161.12283545273715,9.193219656234653,11.619388724532682
2016-01-11,0.03194207572355167,160.8439223342483,6.570936934560187,12.972652597972239
2016-01-12,0.17136752759923532,159.85768710449,8.492639657210258,14.321344154290026
2016-01-13,0.01892277212833451,159.875698406225,8.475581290282136,15.262707790287704
2016-01-14,0.011550958160782429,160.03392928324115,5.745087733144115,16.22894117827743
2016-01-15,0.0006043110239124043,159.98523698897588,6.7319919985080325,17.38762975481606
2016-01-16,0.0012941775188314174,159.12237444050936,4.311708144463362,18.630340262449266
2016-01-17,0.00012689173093043647,159.24391799488276,8.777935781487477,19.744868715790638
2016-01-18,0.0006020670219773146,159.56060835062104,6.89520605306489,20.85871425290872
2016-01-19,0.0014915910102333084,159.49532751431389,7.193388886228143,22.093618253661425
2016-01-20,0.004438517173627782,158.68458036607305,7.5810047702347525,23.792179626343344
2016-01-21,0.004510073942593946,157.74549659863214,7.55889650901798,24.91384719657807
2016-01-22,0.0036354441029027218,158.11639555373222,7.388538293442833,25.960920141616946
2016-01-23,0.0017145063528667152,157.2206491455082,8.939307227936581,26.779447413778914
2016-01-24,0.054417552583609474,157.88857791120938,9.820536856545784,27.771391956109337
2016-01-25,0.1011430206048055,157.12587842409388,6.63903124023031,29.306057036060732
2016-01-26,0.02148772300558895,157.09494252902815,7.610094501737171,30.569791227157133
2016-01-27,0.04068216245430955,156.64620113484642,8.523102253612048,31.736712810942443
2016-01-28,0.02012580343766816,156.39427744299678,9.086038264263133,32.65685575777287
2016-01-29,0.050857234534295595,156.73412439456754,7.460054594150274,33.877402375230496
2016-01-30,0.009618491109102307,155.45163477626957,6.753924256050585,34.722889623750454
2016-01-31,0.04618752736309114,155.6569406223965,8.281118508301091,35.47698271954241
2016-02-01,0.03204338450075355,155.81410710658315,5.741363229790135,36.472194965815326
2016-02-02,0.07970442575901142,155.64607977043133,6.9402138351041325,37.95717831515325
2016-02-03,0.21327405822789178,154.88171394488305,7.726620190440319,39.22669849336018
2016-02-04,0.13278566791929414,154.27199479229083,9.407284367034286,40.56363584712954
2016-02-05,0.18017971970683558,154.08948804703192,10.33137639606797,41.43107085022403
2016-02-06,0.28925271861615165,154.27128771061354,8.822501679350932,42.348094581436754
2016-02-07,177.07624534964515,153.98014589886193,9.695875847636975,44.756517133635555
2016-02-08,0.26613395810858004,153.63683872284588,6.656816176211814,46.66768955844247
2016-02-09,0.19989772794386346,153.87197032382252,7.309694259847495,48.64512997257732
2016-02-10,0.5508062510519602,153.16387502711433,7.612041208221636,51.180375907568504
2016-02-11,0.04757231753242403,152.55681139241062,8.764444808394796,53.30476190696768
2016-02-12,1.4810146750207465,152.41906797450574,8.142288473940777,55.409133525042975
2016-02-13,0.0056459298701285535,152.16952397817465,7.236307946706614,57.42511747026321
2016-02-14,2.723049852828963,152.07420327510977,3.0055748587936293,59.03830636153266
2016-02-15,0.08606684124938768,152.1594645418482,8.88524397993442,60.94452360166691
2016-02-16,1.6275525562767674,151.5869932936694,7.905776186920228,62.88320374568203
2016-02-17,0.452786954115958,151.38899875609397,11.086811415843771,64.70482351048763
2016-02-18,1.312745421292607,151.4136639838772,10.43992205976173,66.31901509862524
2016-02-19,0.22557822098513894,150.83563643897355,11.40366655686533,67.5910165704777
2016-02-20,0.4806971427464198,152.04316603356713,5.811559082329876,69.16240433041244
2016-02-21,0.02914649218166374,151.01006692810344,10.261909850188413,70.89848188931774
2016-02-22,0.9216534967706312,151.22060820132867,9.856828688082683,72.46561465522313
2016-02-23,1.3362603281798382,150.02679893443678,9.800572956090006,73.82682471649863
2016-02-24,1.5910090695272163,150.35549563633916,10.512312389761547,75.00737913601891
2016-02-25,3.339727202798149,150.17872434844023,10.559927961916964,76.30531553961038
2016-02-26,2.3464944687609295,150.28064541679836,9.205028500093103,77.79431838347435
2016-02-27,0.4848289146993619,149.63376759417045,9.647200986874672,79.84495480640852
2016-02-28,5.064830175529079,148.70746835306358,8.284988199815821,81.06454696527312
2016-02-29,0.3654963384270458,149.26633663954513,10.889221141001197,82.15671039361621
2016-03-01,3.421752174054254,148.96711074515895,10.04789180855731,83.68429070258127
2016-03-02,0.16612609908595344,148.58396590144022,10.906176418365282,85.13221501827539
2016-03-03,1.3627190477842352,148.13428676924516,11.604953401207013,86.15918593916903
2016-03-04,2.85528725478758,149.0736227224456,8.026206772552335,87.4176535081162
2016-03-05,0.5187967600305686,148.57724098190027,11.065958109152696,88.72541656294226
2016-03-06,3.184879968062236,148.31200405040263,10.674903083822354,89.85691803149112
2016-03-07,6.643225169095935,147.84993009038672,9.596612521409087,91.25468348084665
2016-03-08,1.4978742386742219,147.96511792267046,10.528491051878508,92.35069623015876
2016-03-09,3.9866576274376344,148.4853775140287,13.88180082810915,93.43195131258133
2016-03-10,0.9998952981089482,148.36273125876832,9.831139108499828,94.83272411932248
2016-03-11,0.07195622268217491,147.47035910364264,10.01497431380741,96.49502110033504
2016-03-12,1.1058313873955736,146.86879917332317,11.596166824979452,97.7797903968654
2016-03-13,0.015127676436828302,146.82326202846815,11.370216075081968,99.0140570902479
2016-03-14,0.15536706452087437,147.17446539964317,11.697121846812303,100.18568587916069
2016-03-15,0.6924603084353892,147.18781175219402,13.193190618385323,101.48504808089113
2016-03-16,8.06411681111704,147.07526659073346,13.752736305123161,102.52150206131707
2016-03-17,5.557094317147945,147.29098634651078,11.10082396117941,103.78256440231742
2016-03-18,1.1825047322352424,146.64756555190402,9.946949334741802,105.11329220363595
2016-03-19,1.7640376168352623,146.77030007943566,11.844743750372213,106.23614040551412
2016-03-20,0.7907413498884011,146.1733531452839,15.072876013722121,107.54094892794987
2016-03-21,6.704405331218244,146.53359987556146,14.336673634129623,108.3865952674668
2016-03-22,1.1543882726669434,146.25919807574036,16.166410077253712,109.21923045714479
2016-03-23,7.049785485023352,146.59726254698268,15.769087603518308,110.37956963722608
2016-03-24,3.5095111121546227,145.85961938954225,13.209249365674923,111.714939113488
2016-03-25,9.318668416285488,145.39857420861375,15.693097034953293,112.71007163789784
2016-03-26,39.38228796252905,146.1370006422323,12.468919463545385,114.69441368619526
2016-03-27,0.43579398137501213,144.68933839639843,15.275826954296216,116.06527674642159
2016-03-28,4.485990624648376,145.63728016557755,13.293844323098977,117.49119857558135
2016-03-29,1.6805426484630652,145.94267793564325,16.274609553644446,119.35028202011556
2016-03-30,2.962434663613095,144.96968075431502,14.693266441259144,121.02206458431314
2016-03-31,0.6993866031628996,145.18477330273615,13.320768338000025,122.32729081363965
2016-04-01,2.761760192942817,146.46313298436738,13.697364426353381,123.65294368080193
2016-04-02,18.335289364422202,145.17265867904405,16.638100453215827,125.51570152719566
2016-04-03,0.016429120541909974,145.48705575168887,16.52413123054037,126.76861414474544
2016-04-04,18.19028052305336,145.46219203450514,15.975752049946541,128.56199141021156
2016-04-05,1.4705006265642737,144.98481399201373,17.359894524463893,130.1029834945218
2016-04-06,4.847369391861367,145.14530363418723,18.441069441201954,131.39411260151488
2016-04-07,3.7201158313484526,145.2008361910154,15.824803942842381,132.63306430717807
2016-04-08,16.678870238282617,145.6668275292867,14.137243605130784,134.4398952690082
2016-04-09,3.046414356630746,144.45587831132934,18.310222390627324,135.78221734232014
2016-04-10,0.777454406174972,145.25043507346058,16.264221730349472,137.22780997345387
2016-04-11,0.24534007430093796,144.7824756462071,15.766332118010723,138.58146214563226
2016-04-12,10.814366014107424,145.448883867118,17.354499903104333,140.00535980950607
2016-04-13,13.224616343120468,144.83237899412572,19.24976445133531,141.3971920467517
2016-04-14,13.664430109121739,144.7473733042265,15.097951606538496,142.9577901417735
2016-04-15,0.3146514567589509,144.9021872777809,19.970272903089512,144.60306211726564
2016-04-16,11.412938363106118,144.9190203020304,19.728608598321348,146.1258986246637
2016-04-17,3.4998653863654137,145.39477562297373,18.639282708310294,147.60852818568188
2016-04-18,6.114345205508367,144.9564272011041,18.154298436771292,149.14857703335082
2016-04-19,6.965349087382273,144.9361038832352,17.46677595879468,150.7055173985452
2016-04-20,3.8125702434297293,144.72567067774244,19.851366014181785,151.856522482122
2016-04-21,0.45115783984740093,145.2287813692524,17.02868246367989,153.2609948452639
2016-04-22,1.094211965344532,144.9557761344939,16.09150074751441,154.82385189082882
2016-04-23,3.7712377948468627,145.46573672225438,20.16031311576934,156.12333970525606
2016-04-24,193.2291086649919,145.08321145891264,21.141486432912764,158.99652731539857
2016-04-25,10.25631219081418,145.2439068788772,18.134309726750548,161.52392725653073
2016-04-26,10.880583676971147,145.29964918772023,19.232889306832448,164.13080231770448
2016-04-27,6.668335078716359,145.85769800750705,20.85815926271289,166.71198223898713
2016-04-28,0.33994113630600925,144.42140782559187,21.54414113405809,169.04174552280512
2016-04-29,2.8594371587511698,145.7549087537297,19.619431469549447,171.46969783420437
2016-04-30,39.67458051267865,145.92594032916566,20.856701795476994,173.79245549865817
2016-05-01,4.196270114425618,145.71236962354314,22.395656853706075,176.33862075532616
2016-05-02,8.410544520224162,145.46347311965022,18.12510485565122,178.96360746006084
2016-05-03,11.420140342079048,145.6378559750014,21.966169927831746,181.28720999943164
2016-05-04,11.469590452709992,145.75312985155892,20.245735325078684,183.87176729951776
2016-05-05,2.88055251679637,145.6485301287556,21.287086944525612,185.97115592737467
2016-05-06,5.3414361577453136,145.90429919497376,22.31640099431352,187.90159062019646
2016-05-07,10.034246698329898,145.87370215017114,20.906556185654317,189.83530087308685
2016-05-08,0.9043244838969121,146.2604917284274,19.680545849780128,191.7371542122771
2016-05-09,13.294931170821537,146.52029253495064,21.48146146495192,193.8399544508242
2016-05-10,14.630696924975929,146.05551789498455,23.33015285802155,196.09335540569722
2016-05-11,33.66940486742556,145.82729151292523,22.441729591216895,198.2522614694062
2016-05-12,5.096984497243344,147.09284651309423,21.786471016059632,200.33096816657613
2016-05-13,20.595463769750463,146.6528730550404,20.978304794535543,202.60961044657944
2016-05-14,16.556368351936687,147.18471821594707,23.216833593559922,204.86906324107127
2016-05-15,2.442839395384988,146.97409344709743,22.503902365882528,207.3612438042461
2016-05-16,6.548898694805914,146.81490994003136,23.74988734366309,209.38998052023976
2016-05-17,3.6817594800235836,147.5106146691824,22.476121503391102,211.52251606222694
2016-05-18,4.972044620786295,147.23240816702878,24.006677303976293,213.18816354307725
2016-05-19,4.212453414884129,147.4587153033515,25.158004842132822,215.1631921057173
2016-05-20,0.8927372226441891,146.99203212529162,22.105502355164436,217.086149167195
2016-05-21,9.683770022933373,147.14445211471963,25.03670799292065,218.81627022662923
2016-05-22,20.718679774134984,148.57217905241038,22.22961194182942,220.5399082712803
2016-05-23,0.2651408527946168,147.9436812220403,24.840548106472287,222.52028373361506
2016-05-24,7.035220304728211,148.15960163651286,21.588509177379866,224.2695041153534
2016-05-25,6.337389998499325,148.4165558968477,22.767316004382373,225.8745249205525
2016-05-26,60.872342103568904,148.86738687320886,21.69992266122025,228.45533478965012
2016-05-27,1.3970947781192788,147.77743290916766,24.924594981426953,230.36796574866486
2016-05-28,12.754790465299854,150.36334078056,24.03220034570315,232.33094375378712
2016-05-29,7.778622371332992,149.36667328525232,21.664983125439008,234.23381245940814
2016-05-30,11.901380048758954,150.15587577730892,24.80254837085666,236.45786490571757
2016-05-31,1.6415559919113212,148.80327603326498,23.76015283956378,238.5969122133903
2016-06-01,7.400673226151541,149.74296678557286,26.631638923326072,240.52441468528343
2016-06-02,22.888561538844378,149.6613045112355,24.081895478791186,242.48309870964013
2016-06-03,11.175238016846846,150.4150567248208,23.99625721508196,244.46129349976422
2016-06-04,1.529420828349355,150.6008596147489,25.310034956423227,246.30792877325882
2016-06-05,3.881468382514499,150.31782228508158,24.031266400914422,248.00203278756302
2016-06-06,6.518626416669746,150.7354617575694,26.735664373416043,249.70055258031218
2016-06-07,1.4339848712436147,150.84311705934346,22.507151488824583,251.2813407522617
2016-06-08,15.533402473640553,151.84348553531828,29.15841919624089,252.91936561710784
2016-06-09,2.1062309785163746,151.7334535191918,23.982263945998284,254.56606268237144
2016-06-10,0.08007250263344538,152.09731201425555,25.484267600809712,256.0815023734364
2016-06-11,12.525438973038856,151.76270570429867,27.92590223314247,257.46167471285924
2016-06-12,9.154008522480819,152.45341647023068,26.460426154095465,259.1070232138145
2016-06-13,2.4475546949941234,152.7800725016961,28.970939264966223,260.8243320845347
2016-06-14,4.600151002550489,152.18219143925472,27.34812584739192,262.30153294421575
2016-06-15,28.188327343705815,153.1186549911904,23.971448422613182,264.10421782826285
2016-06-16,8.762979289452135,153.0923621744951,26.531332385210487,265.7436867907468
2016-06-17,12.888183393482908,153.99285353054714,28.724277339392792,267.3308385560007
2016-06-18,3.8451682793317064,153.4670525594999,28.379540460626462,269.19422615350544
2016-06-19,18.435132304002206,153.624204590134,29.8927089781038,271.1117426846034
2016-06-20,6.270718660413502,153.5836968395818,27.08460343352467,272.97356317266025
2016-06-21,8.694222497260974,154.57164370377808,23.43598978140822,274.8385185992717
2016-06-22,74.53358866124209,153.9301437969137,25.895378735259992,276.90647021594793
2016-06-23,2.3794337131711636,154.5433580245839,26.24608615108611,279.03460627741237
2016-06-24,10.654998152563318,154.5164035027318,25.153681649323012,280.9892202057914
2016-06-25,0.7242868228702312,154.27982884176976,27.812229725736138,282.6742768103526
2016-06-26,7.361493368353247,155.4790321725391,25.94828940211893,284.7901891926547
2016-06-27,0.33040095640943407,155.78871247923385,26.818300222070278,286.4758464674535
2016-06-28,95.54099132979867,155.67911320425773,27.874075051163633,289.06383365113254
2016-06-29,21.4096014983685,156.55633492807945,27.258770011505156,291.49364754927296
2016-06-30,4.847138673297411,156.09760661899026,25.734353972070167,293.8028200130202
2016-07-01,19.369802269307907,157.31384927852903,27.577332579853376,296.0998775155989
2016-07-02,20.365210700047218,157.28843873005243,28.017713730906543,298.93989460026125
2016-07-03,12.629199180550078,156.8713811204592,25.78526371881605,301.5647618291636
2016-07-04,19.420430676595895,156.32880759972636,27.650873018197757,303.97009095606984
2016-07-05,15.137210785971316,157.5046334645147,26.2946646433206,306.21563936150295
2016-07-06,5.5519613338959966,158.24497894587034,25.343637007561398,308.30854113129556
2016-07-07,2.0826259047981774,158.6073034791968,27.665066880919294,310.83249380962667
2016-07-08,3.782410840430437,159.25463703501688,27.719641997359407,312.8685989648547
2016-07-09,20.15872313087639,158.88435435834532,27.006799505318188,315.03166680097496
2016-07-10,9.31667625999804,159.41327884253343,24.660806724329795,316.9960185615511
2016-07-11,13.826335952262676,159.09030574857366,27.210710143447542,319.18188231102295
2016-07-12,9.007643237143812,158.79495161985136,23.268153646602972,321.35203907997453
2016-07-13,20.725973850651055,159.56417210981962,28.700296331032774,323.35803734263243
2016-07-14,142.051798329728,160.18064512934737,29.73937045103884,326.5003471323035
2016-07-15,4.3533728518143455,160.10749407975192,30.66860949743189,329.72518466164433
2016-07-16,2.415168108018903,159.94694517879543,26.82558010065081,332.45664258915167
2016-07-17,1.707711348556431,160.81731425802658,26.791574059296043,335.0885132222042
2016-07-18,8.02317782577203,161.17271591095596,26.107201494059836,337.56262705752357
2016-07-19,15.942355965116118,161.12635084118335,28.320605911872157,340.121669116864
2016-07-20,10.510276774833622,161.7224626572235,27.48550973706608,342.53713824909534
2016-07-21,10.17281039784512,161.61867971276658,27.050804695671207,344.96158799670764
2016-07-22,9.324523376899773,161.71279119981318,28.56673994947261,347.0593914693903
2016-07-23,7.622342679418484,162.6931089381627,27.69953389470852,349.2384403957783
2016-07-24,3.249564959944032,162.82135746198128,27.22276127282609,351.2691416524105
2016-07-25,12.953803307348196,162.647933244882,23.481733492068653,353.36640496314885
2016-07-26,2.007900972534843,163.07753197945422,28.86533755454196,355.1895074336417
2016-07-27,12.00922013540364,163.98857298433043,26.830820800162893,357.2726157503642
2016-07-28,20.934093872556172,163.95027968112734,26.859541248484614,359.723280621851
2016-07-29,6.576303395806013,162.9485159498748,24.582601833261986,362.160287146771
2016-07-30,1.5277226499122534,164.0088042098236,25.804281040474102,364.0756088342849
2016-07-31,21.061044296206614,164.04887153997043,25.27233232980809,366.1549493238966
2016-08-01,4.502693824449577,163.78145015597477,26.03130083791866,368.2135848107123
2016-08-02,8.585905746038646,164.02930993707812,24.196226771120287,370.14339060284146
2016-08-03,4.807929722826517,164.8607847646606,23.4586577045475,371.9857703302621
2016-08-04,23.834597236578766,164.75612629503078,25.496142239661687,373.87081987671917
2016-08-05,0.40372927689193255,165.1084237226212,27.715723713365893,375.9391861009388
2016-08-06,10.589358072003176,165.99164614828865,28.236435608851338,377.6130271594007
2016-08-07,9.66029602709314,165.91941808345413,25.34934247153077,379.22393347124074
2016-08-08,1.07875470517776,166.07413351788776,27.636956673280583,380.9474870437729
2016-08-09,18.516822382359134,166.69824551120465,24.573243280641865,382.7978927529512
2016-08-10,0.6500850755812483,166.39394270067925,24.709986652396154,384.3704352481088
2016-08-11,1.8889118150451063,166.92004439413665,25.033347165630843,385.9920005611279
2016-08-12,15.864019443975929,167.56562297464927,24.018893900091868,387.5607238470784
2016-08-13,4.842526816140327,167.55134310005238,24.896444648707636,389.0885083037949
2016-08-14,2.95169914127031,167.27629769127378,23.97277916170909,390.7093137156816
2016-08-15,8.578193271994541,167.48390264789018,22.46124470940589,392.3699912056702
2016-08-16,4.074410190832696,167.73514497578643,23.667548352192828,393.9316485208114
2016-08-17,11.452605677457756,168.03031271177022,24.753221325586054,395.28122303349716
2016-08-18,25.88917951900582,169.13550097640888,23.32560272688678,396.94904307870524
2016-08-19,8.814516251974732,169.1951923879201,24.81436338026439,398.61637224654146
2016-08-20,3.2294494024875995,169.1019430641778,26.858754649646514,400.1586516449137
2016-08-21,9.280403075978311,169.3268777771812,23.191857059485983,401.5849810693304
2016-08-22,4.390216254509414,169.80580944838493,23.73597719076243,403.2532766394687
2016-08-23,48.427248571347754,169.64760606889976,21.982278321160663,405.31988194822867
2016-08-24,19.155813696078077,169.13722554386987,24.896708376888956,407.34624567863597
2016-08-25,21.679928456952773,170.19117725875537,25.239212552909944,409.0657138563493
2016-08-26,6.052557257120173,169.71869129506393,22.086522699703394,411.0861744567339
2016-08-27,38.87286332469481,170.54154314570886,26.37275529757334,413.35719238045124
2016-08-28,34.71951199625868,170.74410359557405,22.56579387180442,415.5883926968461
2016-08-29,6.580131638217713,171.20758282863852,21.046638617722284,417.8463530578424
2016-08-30,9.922188527425345,170.67708895199905,20.514281477990007,420.0894597716456
2016-08-31,28.10665340973009,170.6516308149512,22.045602741131713,422.4327381067419
2016-09-01,14.26418355632713,171.2712056574026,22.41260495470334,424.71304369324207
2016-09-02,1.5900052141928556,171.9098686223001,21.462917502884917,427.1781416588539
2016-09-03,7.629197947480427,170.7571667860205,22.646130546838123,429.6500010764572
2016-09-04,0.0858745856814089,171.4442145322468,25.37249841930393,431.4504318434705
2016-09-05,13.345522916627125,172.08287573665888,22.915258102161417,433.5004503519625
2016-09-06,3.1633536972219067,172.15740198171602,22.655626675296247,435.198410171535
2016-09-07,5.59005389580284,172.22873855380584,22.360700014221585,436.7142321811736
2016-09-08,2.329379594437952,172.31035716910552,20.43312405325324,438.2894822970912
2016-09-09,1.6645236219899875,172.59547204542386,20.15011818683429,439.74056479773543
2016-09-10,56.7545557617394,172.3777079799983,20.490742131404236,441.8250525590321
2016-09-11,13.460978121066987,172.9053627260342,19.68133216060548,444.1281063731038
2016-09-12,2.90651457631164,172.5613772000081,23.620774206754522,446.05908182650313
2016-09-13,7.460931617468047,173.02891003842927,21.95539817604486,448.09720122392923
2016-09-14,1.1135364802999523,172.5202667328518,21.55219945768321,450.09357348072217
2016-09-15,11.07391054107654,172.8264879501557,21.064017788384735,451.9360113260725
2016-09-16,20.441853524886874,173.32347576049742,17.412118915001404,453.8813194343213
2016-09-17,3.9281117168837296,173.33642285581652,19.896063208882595,455.9500712398744
2016-09-18,1.8387288536010407,173.24976889333956,18.24419530804674,457.45104369901657
2016-09-19,2.156059341767846,173.74262833140853,18.078303861917803,459.0798556783828
2016-09-20,2.1953099427053497,174.07819533690622,22.30784627855635,460.5687194349193
2016-09-21,6.3632626995418065,173.6043037848732,19.67838505923323,461.94745996169496
2016-09-22,18.799222864290105,174.35587748559647,19.456135554153725,463.6648204382182
2016-09-23,1.03395330930829,174.22286449831924,19.165199252298148,465.0445579820989
2016-09-24,0.47894935154653095,174.6865352234748,21.21678008695943,466.6247108224255
2016-09-25,1.1376645522713988,174.31063892239055,17.48172073119521,468.2860146873856
2016-09-26,0.12089571198333014,174.11902598160387,18.90965709965591,469.7199640326548
2016-09-27,4.411511220141856,174.6034628435602,19.362604589403556,471.22508833497284
2016-09-28,2.8816637901033335,174.59839059659407,18.62483219735872,472.95588557048166
2016-09-29,2.0850109838057467,174.0734562273925,18.901984822799747,474.38394719127984
2016-09-30,3.5190814090349027,174.3248664062541,18.194798526897095,475.6985963299876
2016-10-01,6.436239759785585,174.93223917053493,19.48104992591418,477.1480693801281
2016-10-02,7.36282530111471,174.11123071570512,19.71466895617619,478.8170134673029
2016-10-03,5.738913577058728,174.10479244085758,18.477036398904104,479.86097353137876
2016-10-04,10.980135626596594,175.31140941735177,18.02240791938306,481.1028827921016
2016-10-05,2.3053594336667507,174.38515073982072,19.13951388824955,482.8565540717089
2016-10-06,3.913664880240491,174.7341105043665,16.532528474536402,483.8909830724262
2016-10-07,3.697480265166228,174.7522598595051,17.377497683732933,485.049987302671
2016-10-08,3.9598558092430043,174.86349401840727,21.2524134636593,486.33949388133567
2016-10-09,207.33113073401742,174.3396644796855,18.676410017914684,489.12150040767455
2016-10-10,7.9153649219814675,174.5617247956972,19.05899190798803,491.7487724104318
2016-10-11,6.408024512733854,175.2976393205948,17.008277065179954,494.22753167215495
2016-10-12,5.101156047983017,174.94626282226906,17.460958114568072,496.7939994556465
2016-10-13,6.444314581230569,174.5951673908947,14.905543672307564,499.1717692216829
2016-10-14,0.982824995613056,174.97548998934977,15.393428544972545,501.412251147328
2016-10-15,2.4592190239243696,174.96187569984804,15.43553592367999,503.69459563491125
2016-10-16,2.8770855710445975,175.35539215788174,15.463981026027085,505.7584986810557
2016-10-17,2.369736296117278,175.07917033950832,13.400882739244846,507.74064614626025
2016-10-18,1.2213067658694143,174.92924873984265,17.869699158331624,509.6966964821343
2016-10-19,7.449337842721354,174.66509335145224,15.810306889783208,511.09482378155724
2016-10-20,2.7055794031537688,175.1575471255533,12.64576577716759,512.6140316381423
2016-10-21,5.5251352895311685,174.89345398380718,15.778999590906984,514.1789005655154
2016-10-22,0.7508486086583308,175.12250340408158,15.997988865358927,515.8547041573419
2016-10-23,1.9573759482050395,174.59056641812347,16.522257748361927,517.116251932313
2016-10-24,6.84771227413804,175.03756080299027,14.050916824695593,518.7681179315385
2016-10-25,14.450492531767537,175.274288365445,15.213830327894835,520.6919045259064
2016-10-26,0.8013911173340512,174.61585223571578,13.057253178986869,523.0076200736247
2016-10-27,6.066353263925309,174.11264750772858,13.68417746311718,524.5078718099788
2016-10-28,2.6067602866580475,174.93091306558736,15.022593823827902,525.9261345272324
2016-10-29,6.288273007568905,174.47595166500867,13.713363945989636,527.7564594956801
2016-10-30,1.0547702857268006,174.19236199401388,13.508623551894985,529.2864203396076
2016-10-31,2.3396959077828483,174.32440952863635,11.481373544162645,530.4364779526671
2016-11-01,3.6702178967263053,173.98491718282497,14.133919063645063,532.1093632635999
2016-11-02,0.7019389184106659,173.02860595085627,11.93464105359138,533.1315009189403
2016-11-03,1.683858132121524,174.848356694396,14.415605114465565,534.2533125386033
2016-11-04,2.293605221639786,174.75616962466424,12.239948142318509,535.70917011795
2016-11-05,0.5957417865449826,174.4718007679696,13.276792943766594,537.1196697700303
2016-11-06,8.561745238737103,174.1087633585412,12.894811315912474,538.8252279402038
2016-11-07,0.021813497392926262,173.71239030159026,10.686613550589982,539.869912550622
2016-11-08,1.6293267325661962,173.92341508634814,9.275985554847608,540.8537020699584
2016-11-09,0.19758206210321672,173.46148191262589,13.54066052532839,541.9498215800206
2016-11-10,1.9954566566492378,173.54848968016069,8.771251150419028,543.0262837236859
2016-11-11,1.3264362149143882,173.18885424988204,13.24860548114436,544.1773236078405
2016-11-12,0.7553169339376218,172.48380531763385,9.210495173645317,545.2092436485449
2016-11-13,1.5272119027166653,172.92533387290624,14.043636561503192,546.602099217753
2016-11-14,157.29571074172304,171.5664789139842,10.58833144678965,548.9272828909585
2016-11-15,0.0652750005477733,173.37838291921082,9.80871503164763,550.8805860955052
2016-11-16,0.05716548838041021,172.97504246159622,12.218009909761113,553.2018687596048
2016-11-17,0.5775926080170943,172.46093499777993,9.729967213918382,555.4136112808994
2016-11-18,4.297834369925557,171.72339028336745,9.205808882910562,557.1742820834548
2016-11-19,0.6225102820214355,172.18651444429474,10.020994660564007,558.748717294344
2016-11-20,1.4966212709945461,171.71662471564287,10.267558199312452,560.372778372626
2016-11-21,0.17483706152717127,171.52891419476586,11.798095688634046,562.0905382364006
2016-11-22,4.805213228211476,170.74881802065778,9.016379445702965,563.7040337789376
2016-11-23,1.5127055532127083,171.97911077108395,9.849643847588643,565.3786204638345
2016-11-24,0.47487099039595915,171.27968399434684,11.185517168900784,567.0632132978877
2016-11-25,4.189990861584429,171.25636571147365,9.967392916046093,568.5372123675825
2016-11-26,0.5656171505644901,170.94059748379465,4.190369925110561,569.7431666342011
2016-11-27,1.0283378162457832,170.8152584960001,7.009254345589136,570.9063761703059
2016-11-28,0.9679860158185328,170.97128574040622,7.54479011491899,572.3163936240977
2016-11-29,0.01792515383522119,170.79140982723288,8.65392370687379,573.9771426429068
2016-11-30,0.8053713065850219,169.56895751639203,8.240649986275352,575.1285101649548
2016-12-01,0.31262693898610044,170.31005073293548,10.280281648214503,576.0987685275313
2016-12-02,0.30151310739934856,170.0355319265007,10.406975360642056,577.3914311779259
2016-12-03,1.351423465191503,169.29552811773422,9.093882678767716,578.4483440888606
2016-12-04,0.8610242000209493,169.25499752913666,7.680843158919669,579.5937851159765
2016-12-05,0.9889639563772457,169.25888354455677,10.131656589112435,580.2362545524693
2016-12-06,1.6969633707318696,169.36242711058628,9.23030565517075,581.2235008894669
2016-12-07,4.001805290405258,168.92626554112022,10.779520604037279,582.12338190695
2016-12-08,0.12962857148271228,169.54987275802816,7.032930232417538,583.3536776554608
2016-12-09,1.0841118190023151,168.10787953305297,8.648909914743905,584.8232688357125
2016-12-10,0.48848347311490065,168.38483322404906,5.77134295366451,585.4759895688545
2016-12-11,1.530798071927725,168.26345913559047,7.657791765147493,586.340475153087
2016-12-12,0.11582652873970163,168.07245613329744,6.530526353976789,587.4228971110315
2016-12-13,0.4308785437170028,168.10653862225334,9.52808193539785,588.6817250134369
2016-12-14,0.5176739969800352,166.72181956251725,6.360955811433239,589.7244359063826
2016-12-15,0.6710132904122504,168.0279958763397,8.119768982895307,590.5987176410041
2016-12-16,0.39389958385989793,166.31017478028727,7.945489296432646,591.8942393964903
2016-12-17,0.36447730698569053,166.04176315826453,8.690204923544224,592.600481652093
2016-12-18,1.0798476275889588,166.4946017543065,7.17419026871562,593.3248950221952
2016-12-19,0.5185864272063828,166.06043637976728,5.739294729659471,593.9687363830117
2016-12-20,3.007119217162771,166.68046346151408,7.675765441838554,595.0825525120578
2016-12-21,0.06034246175818485,165.26323606207697,8.833042271073703,596.0891267490855
2016-12-22,0.1349245940855811,165.86556613425455,7.836940949485625,596.7605742764714
2016-12-23,0.7266953117680409,165.39839909413234,5.491797023313409,597.7215777018861
2016-12-24,0.8668056564130341,165.22819738111053,11.129456123242417,599.0461181313988
2016-12-25,0.5665716136082658,164.21854047091747,7.538205636314943,600.2287853854344
2016-12-26,0.1305978059862103,164.28059770371217,4.4860480675789285,601.0613018410729
2016-12-27,0.6597129125575566,163.6821288137381,8.690164746520647,602.3324102335657
2016-12-28,0.04266362763316838,163.34924827018878,5.083988956611108,602.765197039997
2016-12-29,0.7498822367314842,163.8737901077424,7.66502712906555,603.5297895700751
2016-12-30,0.4305733925021651,163.81523814109954,5.731400301141676,604.6326342801508
2016-12-31,0.5767740662080209,163.14461619256323,10.482119495768409,606.0858096237108
2017-01-01,0.04076253687888363,162.63920476129167,9.291160372270756,606.8457019124978
2017-01-02,0.1702761825714281,162.73873821105806,7.983764653734294,607.4927507001158
2017-01-03,0.2286652053808946,163.21116196125564,6.956616371271761,608.0612259343127
2017-01-04,0.029073876926371048,162.56189046721505,6.640174578665816,609.2075906286184
2017-01-05,0.0012111932749993507,162.47500839530542,8.644420579850143,609.8376926370021
2017-01-06,0.01565575897201544,161.94303355403045,5.983305398948335,610.6152293774495
2017-01-07,0.0007115488814188001,162.2102381629824,8.970484468940425,611.3320325476562
2017-01-08,0.017277189834996667,161.59240298954109,7.964338694462949,612.5441228525108
2017-01-09,0.025043473604843568,160.9698434268266,8.429775818820486,613.3045152824046
2017-01-10,0.017810691694898868,161.5089447863179,6.0818060235341065,613.9645968694009
2017-01-11,0.01073558362992289,160.99485653664314,4.5465861000843,614.8759546052313
2017-01-12,0.0017036731209752194,160.94897463960945,7.228333524077357,616.01023655656
2017-01-13,0.02081275973340739,159.88318707676748,8.299538915784066,617.0032377663723
2017-01-14,0.002013032707509965,159.67172824040262,11.45777659595609,617.5818948209563
2017-01-15,0.0027179915517131148,159.65810324070475,6.717393968889202,618.1215046174341
2017-01-16,0.0003330104830025787,159.20931513509134,6.145759523682641,618.9760339050698
2017-01-17,0.00029386595282487014,158.88969879038123,7.909456935895769,619.5763684332734
2017-01-18,8.80601977454455e-05,159.0989096644721,9.75335857413644,620.237389064395
2017-01-19,0.0014866185955194151,158.7078265559708,6.175973685008924,621.0476726102474
2017-01-20,0.0008535947545563543,158.3862023597173,8.587465613722534,621.8062258554625
2017-01-21,0.00417897384703803,157.81075468388755,8.565827538201813,622.3641558413889
2017-01-22,0.007837483376941269,158.13915657381926,5.790632576215516,622.4478626857177
2017-01-23,0.013113273900696118,157.93651021690042,5.42889717574021,623.5272103606236
2017-01-24,0.028323923250207772,156.80293195405363,9.62982850699447,624.5654756844851
2017-01-25,0.01150659632671973,156.90208538629554,7.053443691074725,625.2636194614366
2017-01-26,0.05951720658216633,157.03955744569947,10.89544581830716,625.9319636182655
2017-01-27,0.008337408620016055,157.02949323896397,3.3421007297769982,626.7437014722373
2017-01-28,0.23035470902540278,156.4827456700911,8.543984996743726,627.5219720841027
2017-01-29,0.19070520287855502,157.27300915629823,8.517942516371788,628.4040207974998
2017-01-30,0.027831463476331756,155.30246460998598,6.586185506429493,629.8761590953735
2017-01-31,0.0246111770883513,155.48157278383673,10.286218274993276,630.7785016269465
2017-02-01,0.0018026943278020987,154.83457565490215,9.6262818620022,631.4656939417096
2017-02-02,0.034767377339337976,154.86750568303563,11.882808345499132,632.2481623234299
2017-02-03,0.13442448634605586,154.11054738349415,7.536056519222903,632.8365003587248
2017-02-04,0.0755861969148201,154.33797501521565,9.965906791676266,633.2502456506875
2017-02-05,0.009788501439479807,154.04508630596183,9.352307725409794,633.6058549879886
2017-02-06,0.7829473854499264,154.60092589591855,8.283000381804563,634.0843127040083
2017-02-07,0.21783079167113267,153.55364256332163,8.497777862727409,634.8992441815706
2017-02-08,0.0008362256164212178,153.946410355604,6.877699060761853,635.1677348511084
2017-02-09,0.6038906701957172,153.43069263308712,7.930816220123158,636.0131773086647
2017-02-10,0.4335360064295953,153.06645084535648,6.873932459722795,637.080745654526
2017-02-11,0.4657477497190304,152.22629816768162,8.00950523929688,638.1232098057671
2017-02-12,0.10420542497050064,152.33928924600033,9.10230752767907,638.6253133684289
2017-02-13,0.36298522988450305,152.77464685945512,10.427356990879005,638.7411919411368
2017-02-14,1.3944405542885958,153.008958394184,9.507397135905212,639.5899831496862
2017-02-15,0.3609167150452872,152.42379450506417,8.95788978705087,640.0567799620254
2017-02-16,1.2946593289113664,152.70489476142836,8.127110038884036,640.5743478365388
2017-02-17,0.7825984382725619,152.19643021510933,10.003640905517171,641.8089359272773
2017-02-18,1.88739790156659,151.26276854956546,12.333419319214826,642.4756129805849
2017-02-19,0.3597138489622749,151.7692802935304,7.924260507750354,642.9062377910252
2017-02-20,96.99815971967548,151.8321079672411,7.561466856643997,644.583328570203
2017-02-21,1.8141967127560936,151.11421134408306,7.892778107611944,646.5265827751789
2017-02-22,0.682474785292014,150.28236798209147,12.171321396847333,647.9874944537069
2017-02-23,2.452488916359672,150.62067509221728,8.64737334688214,649.0869935264665
2017-02-24,2.1278365881931873,150.88559919651846,8.670523790356105,650.5614262752367
2017-02-25,0.08246081525561834,149.85094756186228,12.860820939707976,651.988957664235
2017-02-26,0.3696228162615922,150.10139577927606,8.039833811390682,652.7393997913039
2017-02-27,2.578582901252382,150.096535489341,10.974442681833098,653.8546741417158
2017-02-28,0.8093264089134219,149.84383827592652,11.911110767847015,655.0295520546699
2017-03-01,2.1028288728794657,149.36671713859997,10.633365199606937,656.6396932598227
2017-03-02,1.1228902544894879,149.2527233879605,9.270200843415054,657.5225577546933
2017-03-03,0.562701923426368,149.27113192509563,11.30905330643931,658.5453815575553
2017-03-04,2.347261745693124,148.89749213799976,10.094888281501191,660.0456027292612
2017-03-05,0.2659953140164661,148.25860622506866,9.390774898070525,660.7992447528609
2017-03-06,0.5244960549505845,148.80131147806424,9.668329127314696,662.0005124349326
2017-03-07,99.20489110094003,147.37059078746114,10.118059563410641,664.1812075086207
2017-03-08,0.5804016075119691,147.78669632787788,10.676651003784478,665.7105624229335
2017-03-09,1.566958995678084,148.6221352294951,11.765747615732971,667.2839760183646
2017-03-10,1.1450516719908383,147.40474549558957,12.087537968311812,669.2746438421059
2017-03-11,0.043548592003363105,147.27994475193384,14.27065988726217,670.4595941621521
2017-03-12,0.0002062650862121892,147.4103740725447,10.947291633910968,671.6772962258492
2017-03-13,2.041967057225691,147.242023214768,11.928177109511276,673.0635019923255
2017-03-14,0.5547968120426428,147.89034551598672,11.678750649224543,674.0986556031321
2017-03-15,4.591004546895083,146.89788182285972,11.504324605720821,675.6641700879075
2017-03-16,4.310707276522811,146.89571892888497,10.727472811586436,676.6988936756118
2017-03-17,3.128658534414277,146.96470085220807,13.801279828251731,677.6826477381236
2017-03-18,1.414756988293038,147.46265224875413,15.108921499384145,678.7757210885065
2017-03-19,0.024629759740657918,147.07038015245033,14.996639451076554,679.9963408524152
2017-03-20,0.8575466148035197,146.88054519032286,13.881894557266573,681.2719505202973
2017-03-21,3.529303405471698,146.11992727903137,13.116764693294549,682.7948257282392
2017-03-22,4.407797347665488,145.96923239531304,13.29208299158053,683.9382323580096
2017-03-23,0.27511815086403507,145.7002557049569,10.706542360428497,684.7291193113545
2017-03-24,1.2462299527563627,146.35617774871656,13.65695218145758,685.559184096047
2017-03-25,2.126657514966854,145.71383379325607,15.888134552838428,686.6056648154981
2017-03-26,0.2091755125407807,145.79823232504157,14.029997676276293,687.3749771510204
2017-03-27,0.36385357128429024,145.91364446263785,13.724072576235047,688.2916601008287
2017-03-28,1.6374905133293765,146.47517586253306,12.680358391522574,688.9951100270061
2017-03-29,3.935093660875066,146.3232061225381,15.201306637738735,690.1426779355764
2017-03-30,0.130779610066524,145.6476392161877,13.532360319776087,691.3056838822422
2017-03-31,2.6288286005239345,145.90958495378845,16.54811594118731,692.3975942116148
2017-04-01,2.765073787064067,144.71989710551946,13.140735111140085,693.6557535707733
2017-04-02,3.1354817180059475,145.57497791886678,15.20041855164328,694.679913996397
2017-04-03,4.050076918710202,144.9230250197413,15.553723701836839,695.7391036856249
2017-04-04,124.20099973499387,144.98653698858112,18.200107412272736,697.6859317622424
2017-04-05,12.907661592528077,144.73025985868546,19.847076078983502,699.2830127166526
2017-04-06,0.9380403937215432,145.46909986779005,15.243288209365677,701.051531787438
2017-04-07,6.608842299424015,145.79191973747305,16.123594218621633,702.6992109072963
2017-04-08,1.681968037268235,145.5794651437845,16.87381690281857,704.8008239699649
2017-04-09,13.642442793020614,144.54353873641293,16.759563754303965,706.7069181587528
2017-04-10,1.9304411377114956,144.7863008809323,17.04978776931098,708.2461221449106
2017-04-11,8.69284262443118,145.12862019827926,15.046659975623465,709.6712898287345
2017-04-12,0.44215578146223095,145.07114390953095,18.290943061695344,711.057884546305
2017-04-13,7.922579247041341,145.04908922910667,16.778720999381022,712.6389564068301
2017-04-14,0.30395997592926455,144.9095048482155,16.31525610973349,713.9955541075175
2017-04-15,8.484354745962166,144.64817194988157,16.6595767906499,714.9482049572985
2017-04-16,1.9836293785857497,145.46167864426604,19.840063795451755,716.4440581295987
2017-04-17,0.08174675985998449,144.65698121216292,17.98044293723851,717.3998484665307
2017-04-18,11.059784536223287,145.485366535154,16.580492963615637,718.5796919303849
2017-04-19,2.4216690381878245,145.170399337631,18.855847299637603,719.705036679104
2017-04-20,10.247443109343086,145.09657162068672,16.561825594671152,720.9222261663775
2017-04-21,3.0167555302320146,145.4805636124858,19.708016902754366,722.0430604763739
2017-04-22,11.519716214647243,145.73918311612752,18.76879857947055,723.3984957894489
2017-04-23,1.5983402192931422,145.442003730321,20.561529925609143,725.0742753286618
2017-04-24,1.6152183150030843,144.88590248859668,22.851436670684684,726.2562762241896
2017-04-25,0.19392148656881103,145.20846945022797,18.971474013357515,727.2141083301125
2017-04-26,1.053445646220425,145.22363143643085,17.309190727385225,728.2605707764897
2017-04-27,16.798150996058002,145.09085056398038,20.68975574430587,729.2812175580457
2017-04-28,0.5073955217496148,145.393746275863,20.47724643434609,730.2615777707414
2017-04-29,7.011961520945064,145.35479075289842,19.653280681297478,731.1563285344367
2017-04-30,5.2021153985462645,145.84490660362505,18.59220997557899,732.3433194242821
2017-05-01,12.78619671370782,145.1731349385569,19.811131768054256,733.850128318445
2017-05-02,3.0570655063841556,145.0910647620155,21.303128844974786,734.8330650419341
2017-05-03,0.6634231338272906,145.81287638234124,18.285337687873554,735.8095370173213
2017-05-04,5.5881758773441526,145.9480217954515,21.402526525295677,736.6851352167879
2017-05-05,6.4740878144046805,146.3674727127575,19.752580051915416,737.7000149345923
2017-05-06,4.69565483726431,145.79361514807792,22.900233111811918,738.8377013766889
2017-05-07,1.848672580571194,146.55992539551076,21.530895457975102,739.7021402433732
2017-05-08,5.73971770707549,146.33584130060655,22.88313322132705,740.8261269138043
2017-05-09,3.965748451597565,146.41096721491425,23.917275994361606,741.756049453607
2017-05-10,1.3078848942138792,146.15308441825087,21.414723522544815,742.8324172706517
2017-05-11,2.7315805702095886,146.1101158631401,22.634390030287612,743.7543069146832
2017-05-12,6.589932589194082,146.82050788531248,24.25491050969017,744.3603049513896
2017-05-13,4.346672004118032,146.34574929140322,21.536333399572726,745.1250210817344
2017-05-14,2.4155853301019454,147.3915094298044,25.582948604487278,745.9269916148104
2017-05-15,5.103493296596823,146.4501595492069,24.756574576372707,747.382136861305
2017-05-16,14.43652461453222,146.6938052970635,24.6355992558282,748.2669484774284
2017-05-17,15.727980551082783,147.259532993549,21.82837126031246,749.1023541154816
2017-05-18,12.1571271445686,147.32633491224857,21.076898909787573,749.9217228062615
2017-05-19,1.906971471836687,147.71515515552102,26.17512827755821,751.1086144976322
2017-05-20,3.214890198452805,148.0442706485364,22.282967050427636,752.0939004839773
2017-05-21,24.136007051465008,148.64982368313693,24.208650221998884,753.3654642474738
2017-05-22,3.894642982439522,148.59322106244795,23.280145213005742,755.077783900402
2017-05-23,4.852726393119225,147.809265637179,24.863718195269374,756.537849001412
2017-05-24,17.26045173778225,148.12947494964646,24.7964503498511,757.6234197891397
2017-05-25,18.464220547853508,148.20052527748868,24.39939284547512,758.8602967412603
2017-05-26,111.47234828757405,148.65208849539545,25.19199770757131,761.1356297471331
2017-05-27,1.8306700073981337,148.2844451484104,24.851363120158133,763.2744177542053
2017-05-28,7.932063082829095,148.4610372428311,23.666544857293786,765.3221740768771
2017-05-29,3.7018621804663825,149.1204012399255,26.844571795646694,767.0391688801205
2017-05-30,5.34527187523161,149.20618958678884,24.409236780831225,768.6353577647293
2017-05-31,3.413347221644017,149.60638393518147,24.44119166169977,770.2480480639002
2017-06-01,5.1833800979094535,149.8695617982255,24.459058494980987,772.1880141625419
2017-06-02,3.0785335600802544,149.1263598348807,25.50026371695762,773.7908945090531
2017-06-03,2.7602721235414,150.0721893245038,26.132004691926173,775.0977855661549
2017-06-04,0.11557045020954064,150.19310073464385,26.059703660710902,776.4714381633937
2017-06-05,2.4708658007994524,150.74162094935613,25.094313973417144,777.8767953097083
2017-06-06,3.306208124266041,150.65782336462254,25.640599130561565,779.2674418666908
2017-06-07,0.8770198015762609,150.53588553775452,27.590188327094808,780.4664973596467
2017-06-08,16.065997367018525,150.7995533958135,27.965637346872867,781.7652727028701
2017-06-09,0.47755421531877223,151.15312109661568,23.893479762773833,782.960444072182
2017-06-10,1.2780046411406198,151.43144495314468,23.530479413762503,784.024987018654
2017-06-11,18.17746803005298,151.52895241952712,24.3594074418488,785.48303649865
2017-06-12,20.933158971678214,151.74215646888172,27.466240710113677,786.9951900587574
2017-06-13,1.8922398766991848,152.1134134754053,24.74506297775193,788.3881741658136
2017-06-14,1.5713742688068455,152.24662065587648,23.75061001749504,789.6264949706306
2017-06-15,4.015137011315954,152.39162602456156,24.309269473646157,790.9593033686855
2017-06-16,5.982189040430163,153.65827502395112,27.28632875869696,792.1546968921213
2017-06-17,4.534164754895125,153.3531130151285,25.449871642346267,793.4307656637192
2017-06-18,11.864741430833506,153.19268830338112,27.794530645586626,794.8052581453256
2017-06-19,87.91409492976187,153.4937122403125,25.70000751730733,796.6525945700332
2017-06-20,1.0613206818420442,153.77516409548394,24.138771598876513,798.3450295991062
2017-06-21,3.937660602190079,153.58386548317424,25.06895944047963,799.7985079428356
2017-06-22,53.33844319747049,153.9303304768793,26.73827516957557,801.7261612705653
2017-06-23,9.377823913696444,153.79309985934424,24.857237334335636,803.3931824253223
2017-06-24,22.80786872412575,154.27176338583146,26.971424545032523,805.2223688014712
2017-06-25,0.26977435422819246,155.05299462071076,26.441309191510697,807.0694697486649
2017-06-26,19.645111398730588,154.41374495847344,25.842940178651844,808.8279591774734
2017-06-27,48.100289233493285,155.42103256165714,28.129534599548283,810.8643893415281
2017-06-28,9.274711186204984,155.53419365369226,25.364321462746762,812.7798411188348
2017-06-29,0.06879900851044046,155.491168392489,28.05782207929536,814.7331671331567
2017-06-30,8.078539883404154,156.50720032494223,29.23866861889295,816.5874697795662
2017-07-01,9.690966953417938,156.43568844244444,30.550416700645115,818.5364321622878
2017-07-02,1.6124042334945563,156.45092057922662,28.64668042389102,820.522084552376
2017-07-03,9.859644361593688,157.2566149314507,26.720870130549834,822.1991546722614
2017-07-04,10.700401467497917,157.3583954865941,28.042613561622783,823.8785186426906
2017-07-05,3.211380109923195,157.19045909041787,25.21670443983125,825.6597166327357
2017-07-06,27.515622276272907,156.95189887279307,26.34857757486021,827.4857192371792
2017-07-07,2.136244350593256,157.75748033397406,26.14694517755337,829.1528877902762
2017-07-08,19.627886912852883,157.66593981263952,25.43173160037661,830.5913506642864
2017-07-09,17.43152431197457,158.55112040818148,28.40208492301189,832.1176917101754
2017-07-10,27.23542684592416,159.09869703596615,28.650827440779135,833.9736492858369
2017-07-11,3.793342812654603,159.5398035311363,26.456691538425243,835.7396197190394
2017-07-12,1.5063574436923426,158.99555469767193,27.099644737559128,837.5587728462006
2017-07-13,11.181932125097292,159.7684099995014,25.106039863613624,839.1798580450429
2017-07-14,0.4325361158876546,159.47230903350805,24.865321622660346,840.6149947267813
2017-07-15,4.566949097252762,159.9536097113392,30.199479866556477,842.4119456572735
2017-07-16,0.011472891271248042,160.64002843195527,28.24345725357111,843.8717989971426
2017-07-17,3.998113880488661,160.4962178855448,24.76009247146294,845.1829836331357
2017-07-18,32.85574809167635,160.9311774701775,27.50797359339841,846.7348496762924
2017-07-19,8.258222752312857,161.41650403067027,26.30385982539096,848.1024919866574
2017-07-20,13.279176860913063,161.1106553143949,26.810778568039385,849.739997248275
2017-07-21,2.6808954868050283,161.77221656727951,25.382868891820976,851.210989006663
2017-07-22,1.7945215672956207,162.75231245509352,27.721926281435646,852.6507750250627
2017-07-23,1.2616478571045961,162.05852470822745,27.653886145504476,854.0881921886404
2017-07-24,4.65214519314017,162.22825539034807,23.573981594419944,855.6563806572183
2017-07-25,3.705288001217154,162.83201349628965,26.713585403308382,856.5601782925056
2017-07-26,11.33925778656364,162.67241496952923,25.315693485646285,857.7407056686056
2017-07-27,3.342952983659693,163.32218980851258,30.200249762352044,859.0691641919155
2017-07-28,2.541388933131317,163.51144728376318,29.19219249452998,860.3813585250975
2017-07-29,24.24987694951262,163.3653231913317,26.627240957921785,861.6754235953046
2017-07-30,9.880778831515565,163.7391855362136,23.806032150520974,862.8698063583585
2017-07-31,7.0487384467564125,164.3902875441087,26.77294115299347,864.2136887848615
2017-08-01,4.15437196322704,164.05336177006654,27.506525098421335,865.6479805567961
2017-08-02,1.6061244689159975,163.83700028856035,24.774718738107197,866.6121260452445
2017-08-03,3.474899225317082,163.99299431947753,25.806799878980954,867.7491423196303
2017-08-04,2.9520994882769647,165.10793164207595,25.6141567188832,868.7861777835822
2017-08-05,12.716407860596657,164.90707538760392,25.67276331241743,869.9672667858525
2017-08-06,20.09304518297215,164.95838604027514,25.257111950322404,871.2486414686418
2017-08-07,10.181157486334342,165.10676122537708,26.864765690593384,872.4334354856456
2017-08-08,0.6231073006984448,165.88310684994985,26.76112878612394,873.7234411600449
2017-08-09,8.4414312271349,166.1642890058252,26.209043073611625,875.0272960185163
2017-08-10,6.504382403763164,166.64558726996344,25.71270640154013,876.2276437861966
2017-08-11,8.869228459473922,166.76633673684432,25.390403366037116,877.4954232580428
2017-08-12,11.14136598769139,167.6219816630746,24.6121796651007,878.514197580134
2017-08-13,5.189621138924058,167.5313740059843,21.97352697004066,880.0963673435501
2017-08-14,0.3246609965934158,167.35244287883089,26.803222109904084,881.108318462677
2017-08-15,2.1490385579043747,168.01409347721275,24.01901000594662,882.1842631452349
2017-08-16,16.82494465467735,167.94881402259824,26.789516453106298,883.478133440022
2017-08-17,30.066463446958277,167.4982962340192,26.55681448741984,884.8748154698498
2017-08-18,19.842761818891898,168.48746445345972,25.369192390165544,886.2040294842753
2017-08-19,6.505631107081551,168.93702563438364,23.229954555844746,887.5833113919724
2017-08-20,12.163057279698926,168.5012620740022,24.868490022762657,888.937121177625
2017-08-21,7.593814437576057,169.0239979130249,24.065151826588835,890.168271061504
2017-08-22,4.099959958682953,169.04253040217907,22.58693610015363,891.797857857544
2017-08-23,11.926772716429213,169.60774292592177,22.258556677932617,893.0005195520584
2017-08-24,15.616569551750386,169.64324403075483,25.381132010697925,894.4660274932011
2017-08-25,9.253638358954845,170.30886474315068,24.47766382087315,896.1621342885993
2017-08-26,0.8845639809445229,169.34563151389526,22.922728167799303,897.5382101674777
2017-08-27,14.092926465492758,170.8403026846772,22.442821636768,898.8133676032844
2017-08-28,10.757445120673692,170.29068246999464,24.737241192691645,900.5415243314973
2017-08-29,1.892175692581321,170.3736661907416,22.48260041153461,902.0315184917927
2017-08-30,3.398082678201487,170.36264840270533,24.104937729491606,903.2094163386473
2017-08-31,0.8362140905769753,170.9646462213706,24.886814776220522,904.3853202096258
2017-09-01,7.599630171192329,171.3145009222682,23.196733844924502,905.6202728168992
2017-09-02,2.227027271828486,171.40875266724282,23.320550364523378,907.0099112560163
2017-09-03,0.6260927817218608,171.28752477133284,23.359110213885586,908.3939416728044
2017-09-04,7.598368932476075,170.7928129707095,23.60579936368859,909.4220849111291
2017-09-05,18.50701173097433,171.63178415719491,23.858762575287855,910.5054132218704
2017-09-06,13.260501930455252,171.63289769953587,19.249672606226934,911.7241961121772
2017-09-07,7.620297188667069,171.9642768237004,24.175990829808047,913.1211839734718
2017-09-08,1.103858698426131,171.69423692748995,22.84465503565972,914.2811797530646
2017-09-09,5.094098701085825,172.29321480236044,22.162046483194004,915.4418258062833
2017-09-10,0.019408676383531054,171.95310221317584,21.246166817928316,916.356001854684
2017-09-11,3.708379471683506,172.47199370906188,22.960812794193306,917.4323088627182
2017-09-12,3.160945686328097,172.73424565619786,19.630021491401664,918.0978681999427
2017-09-13,6.952730373730499,172.9965128599033,20.125867590649836,919.3071618359792
2017-09-14,5.023938331344891,173.25145325526768,22.183955395616955,920.3016743439008
2017-09-15,1.9762890922731198,173.03399594455703,20.60654526944848,921.7652996861563
2017-09-16,0.3439331235835686,172.04758874473063,22.86387659368082,922.7687793554012
2017-09-17,0.5736382233593399,173.24507218647003,19.681758254996282,923.3855337484416
2017-09-18,0.8935835223379062,173.1389819281651,21.527904219665178,924.0243331550921
2017-09-19,0.2003391407244339,173.33754765587162,22.103394794945682,924.6474356899038
2017-09-20,0.2519434670481448,173.87310167848665,19.168227773785123,925.2515998931274
2017-09-21,6.114610828454078,174.23723684318855,19.26620702342903,926.1325093567233
2017-09-22,10.504279570382966,174.58479982253556,23.155283063235213,927.0882190975253
2017-09-23,3.5933891208588737,174.0940630269683,17.97888272408481,927.9779486383478
2017-09-24,5.2688324432691624,174.17138163139532,22.136843353917442,928.9651701630403
2017-09-25,1.2189539168302874,175.00344544644747,21.722715862740912,930.052158603767
2017-09-26,8.44699074788882,173.9795619355441,20.864957924291218,931.0179508299169
2017-09-27,0.911119475070445,174.49072372732783,19.939918263161644,931.8161340722255
2017-09-28,2.6547146982644283,174.9970820680158,18.392290302588624,932.6229317681422
2017-09-29,0.32003267015536274,174.32582472278187,20.14329618347369,933.6711130165029
2017-09-30,0.14627888876786183,174.496597922031,18.39142039545026,934.3852105415343
2017-10-01,3.909227528174153,174.2472672589793,18.054333045838586,935.3666742695516
2017-10-02,0.7641615533132528,174.38172164434653,20.101899334097894,936.2212710662287
2017-10-03,10.720614081870263,175.2462628319429,21.762861955707557,936.8322595969604
2017-10-04,2.8418806032011386,175.29308601606658,20.849414515190862,937.955321615283
2017-10-05,11.109946433981465,174.40664127551727,20.049548684045895,938.7812478353236
2017-10-06,0.8239122187474349,174.9432280844083,17.69311709569492,939.5598100279562
2017-10-07,14.27851938986217,174.61940197929016,16.89591092516762,940.8656477786607
2017-10-08,3.9157729684961344,174.2641878495342,18.447054880265636,941.9617142829321
2017-10-09,8.732195441708079,175.01263116546613,15.46487733246726,942.736162656686
2017-10-10,10.852848565325122,174.64418490086933,16.940662699734695,943.644313894665
2017-10-11,6.699805201910551,175.52365593655747,17.565082884198777,944.328075551817
2017-10-12,1.5257673556950366,175.13872414812425,14.984320571183764,945.4128945381547
2017-10-13,0.5906434480292466,175.20380758790773,18.33241652887583,946.3486425843919
2017-10-14,7.5019185634429695,175.5790034346987,17.37702497931527,947.5090706592962
2017-10-15,11.39727067424274,174.77388097841072,17.52809765603006,948.5417124062484
2017-10-16,3.0729828244996074,175.51226890769436,15.4495644785333,949.9214986634692
2017-10-17,4.825787777076386,173.80688909115364,15.737609034424196,950.9040376063507
2017-10-18,13.76934083682992,175.05717916709654,16.23517926969314,951.6957086798808
2017-10-19,62.94902219667921,175.40070046934096,15.763155602952569,953.1033771286917
2017-10-20,8.010271029400137,175.241290122053,14.940441639983193,954.3799757358328
2017-10-21,6.423657894903034,175.61220636899225,15.597215536694897,956.4312530021895
2017-10-22,12.321743885726484,174.37282339876327,15.550047641387751,958.2968911578231
2017-10-23,52.65781982540496,174.5245761378987,14.929151739800352,960.1799509115261
2017-10-24,3.314285037567922,175.11833105897944,14.973572206511879,961.8200202332856
2017-10-25,1.3044964305492588,174.75597658367374,15.139366734139802,964.1965367927482
2017-10-26,6.8956233040715835,173.44083772223374,15.877047295170627,965.758512037389
2017-10-27,10.063946778264977,174.32633095364858,14.481217615410822,967.4910402662672
2017-10-28,15.82947044351576,174.96308794652168,13.05795322372805,969.322052771578
2017-10-29,14.496910327265416,173.8838912000402,14.918598973224919,970.978909662575
2017-10-30,8.222559453694911,175.48110324952594,15.294303279061094,972.7392392213519
2017-10-31,13.881794960540903,173.98962431254913,13.688193482074835,974.8603558788633
2017-11-01,1.7467821241427954,174.5234950565439,12.59691046507018,976.3693958151806
2017-11-02,0.5857205422312799,174.4103475267636,11.107537550316948,977.887495626153
2017-11-03,10.900705946299336,174.03387862376007,14.04604859164832,979.4897501322075
2017-11-04,1.4217578852801236,173.82555472248015,9.853633036106215,980.7510466868807
2017-11-05,1.3399988586317593,173.9891323827213,15.947921790429788,982.2176517458577
2017-11-06,0.08239751303135565,173.21807835476403,12.912860417926161,983.3733233240634
2017-11-07,3.8473110999987044,173.947736385902,10.10718588780919,984.7298444440003
2017-11-08,5.173750878240845,173.50799671193943,13.18336184882385,986.1173674743156
2017-11-09,0.6345416257195151,172.94421496395384,10.40865351518418,987.2110820057551
2017-11-10,2.799276609992522,173.94771352369705,11.901674369299698,988.3156072385764
2017-11-11,0.009408119464600446,173.43101445993292,12.35295652108356,989.3788932885286
2017-11-12,1.6953679680773381,173.65592115327524,13.422305403591745,990.6373818479195
2017-11-13,3.5521890667429186,172.9261275879338,12.828848530219965,992.0663760972158
2017-11-14,1.0386937076588685,172.19760501110525,11.121746048524493,993.0368455722465
2017-11-15,19.794223391315754,173.28528433429827,10.13156401416136,994.076749233028
2017-11-16,3.2428921961629036,172.53896026469005,11.32058328396658,995.3664154674358
2017-11-17,0.35317606513534633,172.42004818471176,7.865377145602286,996.3246310556101
2017-11-18,0.02833414837331227,172.11621142533085,9.735694878924923,996.9521503641998
2017-11-19,147.17519399900374,173.0113025714629,9.581330842624459,998.994389837461
2017-11-20,2.533275045843798,172.07965706559088,9.990133955116459,1001.5682495039501
2017-11-21,0.7337704881220836,172.0053910747173,11.488291870324312,1003.43008677651
2017-11-22,0.4191064825926126,172.94479877111792,10.963196258296385,1005.1572203301411
2017-11-23,2.4645267656563923,171.6779312132242,12.114837076648286,1007.4738434469102
2017-11-24,3.886204368975934,171.49140196460803,12.579400806803235,1009.145524626267
2017-11-25,4.556895606290252,171.09800711696604,9.798170385821937,1011.1355265388675
2017-11-26,1.2438574066012518,170.30594273735778,9.981978815709251,1012.7448892743022
2017-11-27,1.0952361362623948,170.96795799285562,8.850575624575763,1014.0179239942845
2017-11-28,0.6683368702928842,171.51735529888074,9.464130328421671,1015.4232146715995
2017-11-29,0.1554898282839032,170.48535878561694,9.996223602326943,1016.6627084560998
2017-11-30,1.6946234915463054,171.1826914319363,10.2722226487585,1017.7838674796674
2017-12-01,1.4581167238892436,170.20996467571857,8.376568582171533,1019.05921762868
2017-12-02,6.5393108826307795,170.10652531571887,7.974714088038918,1020.4068678812821
2017-12-03,2.077983523698849,169.5930472417596,8.125576115232374,1021.5227787108554
2017-12-04,4.261203477881541,169.96989398781048,9.177676565719347,1022.4000917815448
2017-12-05,0.6555003667062785,170.01525501374743,9.46799785343284,1023.3671720055744
2017-12-06,1.4782691393940932,169.5044173758191,10.177844358126332,1024.7147048873583
2017-12-07,1.099385632941967,169.2940970835914,8.028854256005443,1025.8020147673712
2017-12-08,0.07322387472542861,168.8795738457759,9.362666968300793,1026.8977700927376
2017-12-09,0.5281340744962087,168.83777355588256,7.183188892441042,1028.1827095628635
2017-12-10,1.1866802680726731,168.0863887002674,9.444080181680496,1029.276965602823
2017-12-11,3.0478888581864174,168.54660810891755,6.83790736800746,1030.0796575533454
2017-12-12,1.1575151328903663,168.05980491302026,6.308795403006851,1031.105783831264
2017-12-13,0.7394613309256484,167.5464572237767,6.733413269653714,1032.3601622294211
2017-12-14,3.792024301287739,166.93652494566427,10.154643827838154,1033.1006783258786
2017-12-15,0.42358205072599586,167.48482243355303,8.44546222276221,1033.607682140907
2017-12-16,0.15073226065395462,167.34297993331774,7.650136395389641,1034.5851688195864
2017-12-17,0.0504166334460034,166.92533591385782,7.55322364920015,1035.6898079011896
2017-12-18,0.155208511540737,166.5084317019478,6.268206126059905,1036.4897105923455
2017-12-19,0.13873701718154346,166.32284473466876,7.657773323266347,1037.174858933892
2017-12-20,0.2275035740010054,166.45667172799915,7.529116421297814,1038.1528683493968
2017-12-21,0.9195574361556569,165.50491542731083,6.806178564788896,1039.1762383451119
2017-12-22,1.4883548296249625,165.31907909515112,9.009378884204239,1039.8640080434425
2017-12-23,1.2513418659416464,165.80445951029145,5.948168595884191,1040.0039311776784
2017-12-24,0.14874023490001773,165.13828691160424,8.98466005174324,1040.7463111591983
2017-12-25,0.016327013982910775,164.97980973779465,9.815120191645338,1041.1798133441819
2017-12-26,0.060453209065869776,165.33570378418207,7.427699223144603,1041.6532652976837
2017-12-27,1.3071102564938994,164.92807011306743,6.431523992003733,1042.4899874827945
2017-12-28,0.14510083437318513,164.0436299796343,7.7845514122530375,1043.3775270707547
2017-12-29,90.11903031936087,163.88749280090897,5.732559006863005,1044.4500060616583
2017-12-30,0.06828302717079719,164.1562363606009,6.2325981620149635,1045.814041368486
2017-12-31,0.0012760722672918922,163.4276673102205,8.494531234808054,1047.3843837317618
2018-01-01,0.04960334940364371,163.0482422798082,5.404333253969428,1048.185211261487
2018-01-02,0.27542647603924314,163.53535558883584,7.002534436307177,1049.3747719027303
2018-01-03,0.002615736028909381,162.39588608209266,8.813964932619195,1050.616642048503
2018-01-04,0.029238143995099927,162.8653137327863,7.500160054797869,1052.0003358002607
2018-01-05,0.07233541986682883,161.38955689357962,4.329619269106979,1053.2468974196254
2018-01-06,0.27225210142480605,161.8403748133598,11.607671698539361,1054.0916520371723
2018-01-07,0.24936701087889032,161.78178209469704,9.843305982523631,1054.7421477748028
2018-01-08,0.06602706458933424,161.68252726298525,7.315899652844686,1055.780743902062
2018-01-09,0.03169370567079572,160.5022380423522,6.362699013109908,1056.9274193147837
2018-01-10,0.013078806188547612,160.54519479841915,8.216700662355104,1057.4833356042302
2018-01-11,0.016464329298775473,160.96752727828442,10.73376487940389,1058.1779702519793
2018-01-12,0.0014828504018564116,160.40746438772896,8.731734984566344,1059.298228655813
2018-01-13,0.013467432580489942,159.73419123907755,6.3350682768108975,1060.0672326634435
2018-01-14,0.019070757067979765,159.90536829219312,7.151443845614751,1060.464985963411
2018-01-15,0.009569665400226673,160.20500565937795,7.870795203971225,1061.0065971113627
2018-01-16,0.0002372305318240379,159.5683845644955,3.606714369877376,1061.8134700381668
2018-01-17,0.0004207553162612308,158.64447281524528,6.518380142270257,1062.321102267385
2018-01-18,7.207921094893513e-05,159.4661920644928,7.4227359954534755,1063.2856108513663
2018-01-19,0.0037885450672474953,158.88330163839976,8.23438844591234,1064.0479924147194
2018-01-20,0.004513501197976141,158.59780303953485,6.6063261498749695,1064.783929850269
2018-01-21,0.012198957589939002,158.2791681349765,6.589315936651905,1065.3650000808673
2018-01-22,0.014564738902850767,157.91155254293287,8.050080092296637,1065.9266814922798
2018-01-23,0.0177686452744742,157.71758837719025,6.6764504627107,1066.6306050778346
2018-01-24,0.04749758180327054,157.37278281329446,6.865506330868684,1067.7506135433234
2018-01-25,0.04484086855863767,156.7231587907352,8.597966578545535,1068.294766840745
2018-01-26,0.08582820328082219,156.92167836554486,8.416980523372835,1068.9984982618228
2018-01-27,0.1428792618772263,156.00191354788464,5.83571178433807,1069.6166463525565
2018-01-28,0.05363608739677372,156.88738012790824,6.849368334340455,1070.0374246041
2018-01-29,0.06762615458400661,156.92886072203856,8.628440201600444,1070.7071456313029
2018-01-30,0.003182056493455014,155.91920995815127,7.688120098604795,1071.5963724043288
2018-01-31,0.27865591921652116,156.02217940950177,8.702250564294745,1072.4216388912535
2018-02-01,0.01618161037894699,155.10181367342147,7.459244083079364,1072.6919187914573
2018-02-02,0.13845480031614502,155.59587901506703,6.651196415161499,1073.1092743162878
2018-02-03,0.2195191378381517,154.95726173138223,8.11839188119973,1074.271921739159
2018-02-04,0.1342371771602644,153.6122320332937,5.389578286253496,1075.1398011022466
2018-02-05,0.13152453930547447,153.60647663673043,7.006906681819253,1075.4626095277667
2018-02-06,0.22015990049730932,154.0004684119082,8.578858315389732,1075.9430390088933
2018-02-07,0.6994576874818731,153.51605221617675,9.06896631730142,1076.166711869791
2018-02-08,0.04943302117123745,154.21720948272167,8.90397041496383,1076.4865718859319
2018-02-09,0.0647066749668298,153.4986745449079,10.45861243481994,1077.1959586436235
2018-02-10,0.10744184306406328,153.33918591670667,9.620273687187131,1078.0706406738657
2018-02-11,0.46437940075459105,152.14837772904804,10.649820348766143,1078.3437392103497
2018-02-12,0.1061736289475374,153.11673680239628,7.910174594732409,1078.7810865053925
2018-02-13,0.05702776568074817,152.2179212401351,7.459574817912418,1079.3050148822936
2018-02-14,1.550493567048553,152.1405455244138,7.133486600558699,1079.7311425543885
2018-02-15,0.3571688272515147,151.6301112853614,9.780467372466768,1080.1158667045527
2018-02-16,0.24444438863545082,151.79498640573095,7.602141595739768,1080.5285002385488
2018-02-17,0.1425437721076658,151.93804901318362,11.408861003856485,1081.210438828562
2018-02-18,0.19141396570699185,150.77507268323654,8.904010858338609,1081.943016202005
2018-02-19,0.14317035276948897,151.42697021221,8.04187324644624,1082.214637637572
2018-02-20,2.154748065307942,150.85742227871313,10.276212571379215,1082.6195676138261
2018-02-21,2.168814614852475,150.94913564450522,11.180988159830374,1083.2010426427262
2018-02-22,0.040474116204173086,150.61108133003435,7.106615927879494,1083.5814845881582
2018-02-23,0.8685278309639547,150.8574766692745,9.74886902569783,1084.0339909335682
2018-02-24,1.6871300212891265,150.4769745184966,12.394575303993802,1084.7796535114644
2018-02-25,3.889882149645244,150.06480641275465,9.749602807601244,1085.8614065571055
2018-02-26,0.4856963707572385,149.05354794985385,10.38581848303081,1086.180946250896
2018-02-27,1.6892942483866316,149.64371309107628,11.249998924122815,1086.3174612847533
2018-02-28,0.024015704982531787,149.28351973952306,10.33592804674459,1086.6826345177715
2018-03-01,0.007820609018902644,149.8861092799207,12.179647297093828,1087.2271313317765
2018-03-02,0.8639203463137674,149.95625823812702,10.703659278748571,1088.1087598850315
2018-03-03,1.0803722674311225,149.12654797695038,10.57751217692829,1089.0735666526004
2018-03-04,5.232017412351487,148.4417887533018,10.685158808009476,1089.9063714300896
2018-03-05,0.11639934170671178,147.89728909887705,10.624937278906826,1090.1703684885904
2018-03-06,1.9087768578042066,148.4026208356665,7.520353065383584,1090.4588438011685
2018-03-07,262.1164339357818,147.79316941407706,9.549353220490516,1093.1563908530106
2018-03-08,0.29561580586233155,147.97709255224342,9.656190498026742,1095.3124054725367
2018-03-09,1.0770355545668135,147.93975162709208,11.416887865756584,1097.7419658218605
2018-03-10,3.0031922606784662,147.6232402175039,11.014395572867983,1099.9431055040163
2018-03-11,4.929862639968341,147.51716245351537,13.192604604994184,1102.27163574985
2018-03-12,1.3692017597925412,147.03260488950247,12.139373614793666,1104.0557158326167
2018-03-13,0.5249278908511159,147.4054038022407,12.669011758776133,1105.6821793945169
2018-03-14,2.073950473430231,147.1173127546551,12.059695455572793,1107.3110694970376
2018-03-15,0.014239832962228926,147.35909749818137,15.345087270793819,1108.9941969963818
2018-03-16,0.6790850931512917,147.71138483105,12.84361275499704,1110.7876245927155
2018-03-17,2.98963567026521,146.50486025808766,14.177580821925773,1113.114751816338
2018-03-18,1.6711208715785593,145.56577626012302,13.279417811096694,1114.5723286137313
2018-03-19,61.307165747362234,146.45949621858736,14.015349661928745,1116.3633700331723
2018-03-20,4.091682904622955,146.4255241101529,15.362272251153097,1117.7537867028716
2018-03-21,3.853525117719062,146.6526035281814,17.515905749425073,1119.4030317815486
2018-03-22,5.913911015024983,146.30056717477174,12.539048767479569,1121.4226632247287
2018-03-23,1.136309923027011,146.08673449938422,14.096683179640664,1123.0080896321697
2018-03-24,0.2236703473885699,145.875935283659,13.017701621406335,1124.3652353824211
2018-03-25,0.5303099634572802,146.7429314500753,15.83601692529131,1125.6824619388021
2018-03-26,5.512886032013555,145.75198797384002,13.619954143342508,1126.8119027781945
2018-03-27,1.4342421826835958,146.1471670780028,17.10917227979109,1127.9114043411525
2018-03-28,1.2471839858650797,146.32151046368463,13.867171266943599,1129.096770233105
2018-03-29,1.0964274735655064,145.51592609241908,18.636635140360255,1130.265974610936
2018-03-30,1.4308812778136049,145.55686129791636,16.070704187595208,1131.6967758636154
2018-03-31,1.0706464791076409,145.14913827610394,15.292601630051557,1132.7000617077506
2018-04-01,1.2992995972734074,145.88031907496767,15.465089627599482,1133.460454683265
2018-04-02,9.172483913531977,145.72766141660193,13.269305257092258,1134.6796529168726
2018-04-03,3.30125181065173,145.45626317997235,13.451840956989201,1135.4645606896365
2018-04-04,1.0713428649846861,145.33907281024304,15.808606194951734,1136.0908154074502
2018-04-05,1.818172766832489,145.99636877521422,17.19732198170695,1137.023751371345
2018-04-06,1.8576707145621805,145.7362899649188,15.959413638937397,1138.2650586411376
2018-04-07,4.605521768785822,144.69231469235183,17.327041526670396,1139.3370685250839
2018-04-08,3.3895451026814616,145.1460130274673,16.961328422319447,1140.0400666073126
2018-04-09,1.127940271393659,145.46072161764636,15.074977305382598,1140.7264567210702
2018-04-10,2.3078172828202463,145.2907189954216,14.5170188174787,1141.5874491880145
2018-04-11,14.586791631932728,145.35729400937683,16.182324597918104,1142.4017366346063
2018-04-12,4.181511777012352,145.22900330499212,14.356217020951872,1143.074293957396
2018-04-13,2.3250411351484415,145.38672769947266,19.809747352337375,1143.9965498348074
2018-04-14,0.7758359967324692,145.44433950975457,17.55946599052625,1144.833339036326
2018-04-15,1.8211928182338644,145.48486740535262,18.832632362701833,1145.7222499008333
2018-04-16,0.10526141922378404,144.8510693291619,18.903588565492043,1146.4724946158547
2018-04-17,9.271742044702213,145.48188259742332,19.92285178952703,1147.4201610281352
2018-04-18,0.01616888943723201,144.88128785023721,20.36448899128094,1148.2133771814856
2018-04-19,5.30906322682528,144.6752810651576,20.319087262287432,1149.1440734363653
2018-04-20,16.244601175620517,144.2634234204532,19.676690080545935,1149.5831685529952
2018-04-21,0.5430142906586329,145.18798368021604,19.716805405666875,1150.4827317775196
2018-04-22,2.6744321016896158,144.65015355708272,18.51592690243312,1151.4322787095125
2018-04-23,1.4611500444245373,144.94839411694286,18.327870340818418,1151.9701325547644
2018-04-24,0.3086122572521893,145.43036808895732,20.5153845204084,1152.330307060741
2018-04-25,1.7437919023033521,145.54903943836482,20.91479023055505,1153.2730939577948
2018-04-26,1.7493160660740517,144.55930703185334,16.661849874622,1153.6984893798463
2018-04-27,1.4684795841972667,145.65954636683486,20.03300072466345,1154.5370018590304
2018-04-28,170.1991060570718,145.25575175065882,20.958577353046564,1156.6501765110638
2018-04-29,0.3237577565351456,145.76474999923897,19.803609080733292,1158.3640389295444
2018-04-30,0.08427751272750816,145.9780956051933,18.540189772286418,1160.2556016164274
2018-05-01,3.2706797972481,145.35238647946113,23.044862783409467,1161.6725293711954
2018-05-02,0.457320601577301,145.87195082784083,19.042409584086137,1163.19891512255
2018-05-03,0.016689200899258478,145.6398722230408,25.174245469616608,1164.7810943402965
2018-05-04,2.8743001077483137,145.36998379502097,19.611255593279,1166.1767664838585
2018-05-05,6.7489404426573625,145.77446901353167,20.67109162049818,1167.4237225883721
2018-05-06,3.101738858656112,146.33829231877084,23.30219697814468,1168.6598645513875
2018-05-07,128.60187616681137,146.3830023886507,22.819842166593624,1170.648352877174
2018-05-08,5.936221271683847,146.4685160511456,22.137623136181027,1172.7371303208154
2018-05-09,31.42469263078268,146.1441732666878,22.58229857645087,1175.173225210772
2018-05-10,4.745283721819358,145.66581617962248,24.860177157161576,1177.4091590867793
2018-05-11,3.593265946258036,146.78121524148034,22.003592370866258,1179.6844774086594
2018-05-12,15.539482651541784,146.47157874398025,22.241453210041936,1181.6213711264227
2018-05-13,3.013017214296043,146.7211421802066,24.33282432730559,1183.4807526541829
2018-05-14,0.2733301490390154,146.85609080745337,25.805369414680563,1185.0149469824635
2018-05-15,0.39820196282039955,147.0636842465459,22.574520190273375,1186.5978114980496
2018-05-16,8.248442565532898,147.06883561008905,22.85999324544958,1188.0970858583646
2018-05-17,67.00758254234088,147.34159270687027,22.37559824146002,1190.0524280421523
2018-05-18,0.647665373743373,147.2836663903963,22.556776867652662,1191.659094247485
2018-05-19,5.229062623300793,147.08315947598652,21.62067055863662,1193.566192928801
2018-05-20,1.3700372258644749,147.4598775342798,22.222668329065954,1195.344656554768
2018-05-21,4.421121036538272,148.21912353899313,22.319423505728526,1197.0866759548028
2018-05-22,2.9624419201737022,148.75766872909608,25.19011991798419,1198.3792903766653
2018-05-23,77.04635225935579,148.56580279342774,24.961246340515014,1200.5189611375763
2018-05-24,29.958127536526455,147.72633266409179,24.026562938153127,1202.7685939580847
2018-05-25,11.959408645486969,148.0487475629807,21.920443655939458,1204.8894852505753
2018-05-26,2.7965557255879183,148.338812491373,25.07624620293695,1206.7242765793922
2018-05-27,2.704969733028973,148.62625090052,22.806518717427892,1208.5723049556796
2018-05-28,1.6517564226163064,148.4739436818065,24.95759991804854,1210.4382168422947
2018-05-29,3.296490014375135,149.33926005265863,25.490903203969257,1212.0942372680204
2018-05-30,8.178992848382725,149.06154438816486,22.9671575310805,1213.7833319159192
2018-05-31,17.072419178132627,149.3204702682202,24.46441479290294,1215.4080809051393
2018-06-01,7.043329898138313,150.01525964260557,25.97308844847605,1216.8268552503584
2018-06-02,45.96163357075685,149.73374299197994,27.307892492302,1218.879153814975
2018-06-03,0.7805435882728057,149.4334107563799,24.519137933034234,1220.4887522662898
2018-06-04,4.881491233718893,150.5924669189389,23.963720301779084,1222.021406303505
2018-06-05,1.3442315492681483,150.61288101995746,24.048706065543506,1223.7116265773668
2018-06-06,6.191344807786226,150.3631121861025,23.827801809725056,1225.3288916469046
2018-06-07,17.05206231043486,150.5818420433862,26.65905440966474,1226.8399782930287
2018-06-08,3.076646979482579,151.10157067335408,23.957860964238463,1228.353707057261
2018-06-09,3.166394575674653,150.44486345335062,24.950944474171607,1229.466790170048
2018-06-10,311.70753909128354,152.01517304155936,26.402949828513005,1233.2647338745085
2018-06-11,1.851378048810587,152.40956797031743,24.148007107291534,1236.991317909286
2018-06-12,2.7257762967704164,151.54270295776553,25.742208273229902,1240.7144134889727
2018-06-13,2.587353674106791,151.386154607231,25.690887531052404,1243.8032895836366
2018-06-14,1.670502749260692,151.66433412685797,26.406582806829668,1246.801783976228
2018-06-15,19.201833956021204,152.90887106162666,25.92734753696493,1249.400283376204
2018-06-16,18.530651037810163,153.0579076605804,27.072524633818027,1252.0872919432811
2018-06-17,41.87499530093396,153.54855361660714,27.875772966780033,1254.9291275291937
2018-06-18,1.0121182721027635,153.05034634637508,27.487409032516908,1257.898436308378
2018-06-19,19.783675486122803,153.76555790858646,25.827257871116643,1260.4942379490758
2018-06-20,5.410986600720633,153.34534351128733,26.504943508235822,1262.9691686342849
2018-06-21,2.1687473192951052,153.51646925460182,26.840246092455093,1265.5220486993467
2018-06-22,0.9839422089777826,153.7403298762653,27.545094533998405,1267.8552784262079
2018-06-23,56.826258259284685,153.88623580569407,25.246843689764052,1270.0838433352171
2018-06-24,6.0276177900404315,154.71794159268202,26.653040794010444,1272.4283853815907
2018-06-25,3.1606712795184415,154.99313755347072,27.498582679804258,1274.8356273013876
2018-06-26,0.4187188399933996,155.77943342887872,29.87128220888431,1276.6811535755494
2018-06-27,42.63530200501335,155.52726439301122,27.658265702923647,1278.8761236529776
2018-06-28,21.949188397289554,155.7395843150389,25.438758150787635,1280.9198851717936
2018-06-29,14.973845694114921,155.533911743441,28.288709724000572,1283.077326670569
2018-06-30,0.48977417177212157,156.28655977294403,29.609002348692087,1284.911711750394
2018-07-01,38.99029813367905,155.7303923696797,24.632730590382046,1286.9265391032234
2018-07-02,2.4628969811701156,156.17255540670905,26.1965290963544,1289.055823879808
2018-07-03,1.136389451357481,156.18181019609284,24.513765802118062,1290.992047963907
2018-07-04,11.943013475117434,157.60853555258356,27.271152984262162,1292.7705903819542
2018-07-05,0.06045934873435624,157.32148213245728,27.873651439709633,1294.492785766889
2018-07-06,12.328591255251695,157.7150391221007,27.943497840123555,1295.9956833623867
2018-07-07,8.953421052807668,158.21645368859313,27.53295331490535,1297.5899797146785
2018-07-08,11.68721599705201,158.28734525128507,25.95719016749833,1299.1307259832977
2018-07-09,10.521912044265447,158.24324999578826,29.607242453202517,1301.0389042082686
2018-07-10,4.3156159768117295,157.93219697401244,27.012726824071134,1302.7739279421075
2018-07-11,14.161343252384292,158.82388008956985,28.62339773877206,1304.0090474669487
2018-07-12,1.552626635141105,159.28544110168778,29.347003880198933,1305.3887056222602
2018-07-13,11.672635257665576,159.91696600544833,27.48815531862236,1306.751169747375
2018-07-14,2.8993979742639002,159.97790977706606,24.914372506676674,1308.5096896991167
2018-07-15,4.261503553282534,159.48299316652387,28.45236823533502,1309.7886952102367
2018-07-16,6.44006973401728,160.4561340181778,27.54814066148171,1310.927173588886
2018-07-17,1.9076059886257726,160.69098869688906,28.21324364851721,1312.0773468370053
2018-07-18,8.17312780091745,160.21801890449322,26.80412764942302,1313.1153917631957
2018-07-19,0.38123818343157445,160.89969293850413,24.88777659984559,1314.1108021904809
2018-07-20,3.7622726729157816,161.03938551353335,26.14047501540382,1315.02466502935
2018-07-21,8.88990572292442,161.32578864110044,27.604811338855882,1316.1140255791722
2018-07-22,8.19350331348372,162.0207977485508,26.18388016698881,1317.1848422411924
2018-07-23,5.444220341900682,162.3982710119863,26.471496358193917,1318.1732377682602
2018-07-24,7.577228009799563,161.91870520755893,24.902615891104105,1319.3327614210104
2018-07-25,15.338597955878711,162.29784069680264,28.93737758196304,1320.3062865872728
2018-07-26,0.4677500729867313,162.3418414679348,27.650994989990394,1321.2337558069617
2018-07-27,2.369445948650435,162.3862463642736,25.031370827555865,1322.001977576181
2018-07-28,0.2743361655950313,163.50359855233688,26.48141158475219,1323.0407628699013
2018-07-29,8.631362855307826,163.4750705924365,27.175462750523412,1324.2370709505128
2018-07-30,3.755162379942391,162.91933276458158,27.41569951878592,1325.2591327562561
2018-07-31,29.3050012521574,164.2514603561127,25.021784274213548,1326.5086103422711
2018-08-01,0.695068464652899,163.72484647380296,26.778073282023573,1327.3435730768092
2018-08-02,26.175694930082646,164.94017086775875,26.810525091709295,1328.5478655164188
2018-08-03,4.124144305819548,164.32362005100444,24.641395238361465,1329.5516453552098
2018-08-04,3.559743126306765,165.1598348232848,25.27199742062264,1330.5702424372143
2018-08-05,7.135047062293663,165.10495975303905,25.328695171479104,1331.5857390153656
2018-08-06,1.6216256421128663,165.07104351921362,25.04205240169929,1332.8089571353817
2018-08-07,25.495333021271303,165.60678082487016,25.477673345989874,1333.9100472366515
2018-08-08,1.2719254443640895,166.14852525035747,26.690756391691675,1334.7985796245803
2018-08-09,5.116280158835046,166.07621608270003,24.755371786438513,1335.966412665826
2018-08-10,0.734815240704966,165.972934961132,22.68486006819617,1337.185667017813
2018-08-11,0.8608794016283359,166.7418636059805,28.602970564222453,1338.1191061758143
2018-08-12,13.206822962020299,166.8431029662533,25.679929779005366,1339.2942124107476
2018-08-13,2.538721792562549,166.82975038841485,22.27782111355217,1340.0180825428893
2018-08-14,7.099899399928688,167.53072947987164,25.872743428250953,1341.0701383726073
2018-08-15,0.8557134062176529,167.33441958234303,24.36881317762555,1342.3874070404015
2018-08-16,20.37167101726326,167.5335632810466,25.28267589323766,1343.3990368445127
2018-08-17,2.8850331802729845,168.2209985883055,24.552941197501955,1344.124509261694
2018-08-18,3.670658532532516,168.62194507883825,23.42456274739014,1345.093209200588
2018-08-19,1.9088587764803406,168.93393771067343,24.115221059022993,1345.8391670449605
2018-08-20,1.5334120665899937,168.81698455165005,25.244359468290785,1346.7687970258603
2018-08-21,4.338462803558753,168.74175160764128,25.67742088276962,1347.6738108070958
2018-08-22,2.090255739514553,168.9927570380991,23.49093751945109,1348.3924720923242
2018-08-23,2.854621836812594,169.56578164832396,24.30364145933343,1349.1293811045666
2018-08-24,0.46217719982541494,169.09368771196324,24.873231464271814,1349.7126126784635
2018-08-25,20.55395207240095,169.98040742077106,26.50025510304819,1350.6467510494235
2018-08-26,6.11205871655745,169.79520472492337,24.744560801669895,1351.4708655545026
2018-08-27,0.26332431937422274,170.34757753056732,22.663392123880413,1352.4548013602182
2018-08-28,10.041145032923332,170.5600117125064,24.41655556408648,1353.0064163956647
2018-08-29,1.4171811369091651,170.42340902301916,25.921005055305002,1353.8133375030327
2018-08-30,1.4140273558116336,170.9334381049018,21.76429528940545,1354.4223653215604
2018-08-31,269.8355651700558,170.76750756377388,25.65043041162382,1357.3400836215471
2018-09-01,9.360585102572667,170.82191364981153,22.341684083825722,1360.2975154238216
2018-09-02,4.689335301389832,171.88711729312018,21.808032556379207,1363.0810621117018
2018-09-03,6.047885686616048,172.04781060447775,22.796404682440027,1365.8542814631255
2018-09-04,21.719241926119743,171.1912794694504,21.39242921911435,1368.3241500756992
2018-09-05,4.0334519379120675,171.60781576045196,22.545917627369125,1370.6851937760187
2018-09-06,3.439431391823697,172.4544492759711,21.432554566207262,1372.8259690944014
2018-09-07,12.526156312764693,172.12739976719283,23.093103658182102,1375.0807469535023
2018-09-08,6.40381106165684,171.99239678795334,25.337250285903806,1377.0678471801796
2018-09-09,2.3562069058920394,171.92683005638222,21.764931824939673,1379.0475720315744
2018-09-10,3.332571120647519,172.5651056955255,22.782339459846906,1380.6562315743797
2018-09-11,16.79228744977647,172.76494976869867,20.560663684866228,1382.2829996985793
2018-09-12,1.0354301014074867,172.91515184539654,24.042947041758605,1383.9193735217202
2018-09-13,1.7776846947317064,172.77385013502303,19.748021793257593,1385.3022642513945
2018-09-14,0.5224292007005334,173.04805907041256,21.907721212722237,1386.7151594417112
2018-09-15,3.662218205331615,173.0405705812675,22.66694242708264,1387.858234560882
2018-09-16,5.168430620304102,172.91944354277723,19.896837462145253,1389.171606331241
2018-09-17,4.423089634941235,173.30350714384934,18.189800379514857,1390.3701523806933
2018-09-18,10.192195332980408,173.44758160919832,21.22596890518332,1391.6727658417828
2018-09-19,4.574601141381744,173.78714079162322,22.089722205910594,1393.1440436599548
2018-09-20,10.186576358248537,173.22486398969622,19.429300821689353,1394.8785519540743
2018-09-21,24.585697364493836,173.16334262080056,21.363624377924282,1396.319656293618
2018-09-22,7.627817771735453,173.74202805808903,20.938977513153837,1397.835669279987
2018-09-23,5.4467234356422285,173.90289985890092,21.68104341561229,1399.152493200741
2018-09-24,8.081477449023657,174.00884135946293,18.699871567254196,1400.3560575043293
2018-09-25,6.077180654704869,174.94413773280388,18.03310280130835,1401.5157206602237
2018-09-26,2.326647653796292,174.72444982975733,19.604671603802224,1403.040913859507
2018-09-27,4.886524331195527,173.99721313928217,19.806485706988784,1404.4055639373946
2018-09-28,9.665152960088559,174.25873383372485,18.092967146958,1405.535933648414
2018-09-29,0.4984525770667568,174.2680910519025,16.35066105552627,1406.8258578877033
2018-09-30,3.927488081387701,175.45293656513365,20.10986082289272,1407.6979736741594
2018-10-01,3.7344302763041517,174.38941229245052,18.09772714898983,1409.0393360061198
2018-10-02,8.51486998685052,174.84323688275515,17.310606122757175,1409.8701222584639
2018-10-03,5.401843988564107,174.74107322676207,19.218767946690683,1410.8608776852338
2018-10-04,8.50508647801022,174.25747975342176,19.860124443681045,1411.7841235469812
2018-10-05,166.14676739583822,175.09974369290669,17.986439116336946,1413.9534420282585
2018-10-06,28.382943497372946,175.07628351153758,17.54595369361433,1416.2545239660762
2018-10-07,0.26659502090639764,175.04780273221994,16.26128988556637,1418.573309096969
2018-10-08,0.5250744581948433,175.06295469732387,15.318119230513721,1421.0156605625243
2018-10-09,2.9973298229710874,174.17057503844546,15.990492323968464,1422.75744388251
2018-10-10,11.138865191811542,175.3418643089457,17.508768340627785,1424.7792818332655
2018-10-11,2.746121211220623,174.58819113343162,17.635387490046767,1426.6930225494243
2018-10-12,0.7497740010783824,175.67081160369236,16.262020327656266,1428.387640780261
2018-10-13,1.3540844929492202,174.79229367824507,18.028072222451957,1429.9316451007257
2018-10-14,3.4843982985019015,174.87729357209105,19.270159572393666,1431.5221056847058
2018-10-15,0.20029416507033376,174.95356781917982,15.104350795912916,1432.9074743708084
2018-10-16,0.4687138914315726,174.72498998555636,17.583047892498065,1434.541699959153
2018-10-17,3.224525202564822,174.503683431473,14.810275465332511,1435.7046036019042
2018-10-18,5.9839883664478855,175.1173153762435,14.217303379149312,1436.8771843142238
2018-10-19,2.66307531419704,174.4816897049196,15.722563535386572,1437.9255170097385
2018-10-20,13.312654526094665,175.269531393012,16.33083634503133,1438.8601810734058
2018-10-21,2.2920069840594586,174.52652787764302,13.765956396171665,1439.8563318195008
2018-10-22,72.33257538403404,175.13739597076832,14.557776396224353,1441.507343776732
2018-10-23,183.51722623598621,174.87617072975868,17.254973256671718,1444.4545421133705
2018-10-24,9.805622197969958,175.35068369916294,15.17497834654575,1447.3192914513213
2018-10-25,14.531941118308193,175.25450900361045,15.551218500083227,1450.1569683003393
2018-10-26,4.957309716143129,175.21062471814827,14.347981642879224,1453.0886183276384
2018-10-27,2.4883336306319697,174.08645024907432,14.984239945841804,1455.9612716487056
2018-10-28,2.1489119202861837,174.9614491304879,14.595054869303064,1458.1761087869393
2018-10-29,3.4271550661476295,174.71273117435737,14.562211638069277,1460.1317281536592
2018-10-30,9.66375580070267,175.26382916862246,14.544038521617637,1462.2436039248778
2018-10-31,0.6749559061632544,174.39497661127717,14.270968740602957,1464.4284106202206
2018-11-01,7.155220350591668,174.54298338488988,11.4379335245046,1466.4400537408344
2018-11-02,2.578036027724393,174.0992822939284,12.606467025267985,1468.0756646509528
2018-11-03,172.53616856704508,174.14492943546952,14.513875851384977,1471.2395202959349
2018-11-04,3.0022791192890246,174.1885824127846,11.908834788627697,1473.723076122337
2018-11-05,3.8829240868253767,174.30124188506906,12.999277871744573,1476.7138095097423
2018-11-06,124.46523571563533,173.39733771093069,9.797038461171823,1480.0482827487383
2018-11-07,4.452694468547915,174.20654623893535,13.719727463463935,1483.430192117478
2018-11-08,0.532843729943321,173.10875252795057,13.306607364977381,1486.5195305596715
2018-11-09,0.9546045306594861,174.0909969134868,10.465395178467162,1489.5200883849584
2018-11-10,0.2543752624822024,173.60217157409414,12.805045267778075,1492.2778376846325
2018-11-11,0.6672878810671239,173.91587198586404,13.366575735046636,1495.121422783156
2018-11-12,4.68571363742269,172.12957469322205,9.276833009880953,1497.355537082754
2018-11-13,1.0225068194028966,173.74900197428073,14.112856774747502,1499.8240303644134
2018-11-14,2.2943136855108794,172.92775077864957,8.43299670743033,1502.025441014714
2018-11-15,1.1878983214830399,173.04447659504058,12.84350680805842,1504.1483451929919
2018-11-16,1.3840011287629848,172.67370331655874,8.824303031040351,1505.9569103484127
2018-11-17,0.9886823173319325,172.82574466405234,12.11634274472959,1507.8242033019278
2018-11-18,1.3172411866347187,172.27354541860976,10.179815507218416,1509.5627060475097
2018-11-19,2.310225866550038,171.87059498441178,9.668914353787411,1510.6572504691699
2018-11-20,3.5139768663732105,172.29365298148426,12.278448274175014,1511.7595426844252
2018-11-21,1.619782348346344,171.65769374369074,11.344601601684996,1513.2494889920588
2018-11-22,1.2846554710710452,171.46208140857505,8.937848834064217,1514.739642561904
2018-11-23,2.6766880381738227,171.27615171040205,11.785936665056651,1515.9322622374675
2018-11-24,0.08768869504576733,172.0756484239957,8.474909980497877,1517.1474126574374
2018-11-25,0.4109020535620741,171.06821389425224,9.651252064352859,1518.061003393238
2018-11-26,5.777619825614705,171.80169161906082,11.171602383000451,1519.3469739492732
2018-11-27,4.009919922687394,170.82732518133977,8.622711063895476,1521.0796284409873
2018-11-28,0.34950041692043465,170.46621273077125,12.75096465900943,1522.0793533202063
2018-11-29,1.7048218753147475,170.40953167057748,8.774658094481238,1523.393443375259
2018-11-30,2.6456181602046316,170.02654868504004,9.82948897633859,1524.3360202180957
2018-12-01,1.2537593920134773,169.86044719306796,10.135174156855108,1525.1018085978167
2018-12-02,120.72526409372531,169.92085605331442,9.596965317075284,1527.4291732473046
2018-12-03,1.9610758830792463,168.8247549336865,8.466198659818854,1528.9419420932356
2018-12-04,1.0923700204484807,170.25153472600897,8.506303574042237,1530.3248929877545
2018-12-05,2.8603876702653372,169.26076792562603,9.882986447733215,1532.0544566189058
2018-12-06,0.45719433806200127,169.72157698774197,7.962418008350484,1533.5563867633205
2018-12-07,0.2482559124710696,168.45784165833757,9.769324204087235,1535.195041452451
2018-12-08,0.05601505423153853,168.6912571445535,8.266747071027979,1536.3099637035734
2018-12-09,1.8295014881288514,168.09454217337273,9.94157039550766,1537.380238297741
2018-12-10,7.100798167283805,168.4629125271035,7.728668665922499,1538.3373880695985
2018-12-11,0.5540757705753363,168.26006321464718,6.604261940831959,1539.5602954695578
2018-12-12,1.030115138379563,168.64029943831994,8.309348111833906,1540.5817347525158
2018-12-13,0.47701376542596147,167.93673191092483,6.540609995295739,1541.4316153929726
2018-12-14,1.0879725178685353,168.02495758252934,5.984238535661742,1542.2099290944213
2018-12-15,0.266950527211692,167.43341036296013,7.5050046284186696,1542.6627636535602
2018-12-16,0.20054797852523218,167.9534785791966,9.089295798139078,1543.7679079910783
2018-12-17,0.4510946174167639,166.53982366229235,8.024069115928722,1544.5833863281623
2018-12-18,0.2983615996399216,167.40097378064732,7.615884306895897,1545.1410738906557
2018-12-19,1.2088511335469527,166.41944550313602,7.68272921500811,1546.279173818891
2018-12-20,0.020239913898592705,166.48857781304693,9.235158177980168,1547.1037676246822
2018-12-21,0.5522068992670102,165.95556145683187,10.239386706158008,1547.8966820608491
2018-12-22,0.9209206812373781,166.20980197188968,8.175563904832876,1548.8216726078501
2018-12-23,0.4873335863820603,165.2716640275148,9.81965502319447,1549.8433863349933
2018-12-24,0.1959081082903143,165.2848437970033,8.455076964920348,1550.1568297703222
2018-12-25,0.14112773823125,165.7542986429541,7.764549223000214,1550.4664152540722
2018-12-26,0.4300402853556761,165.05691466186565,7.923317856956155,1551.4033481085423
2018-12-27,0.011974175119294628,164.6654577848155,7.086878539375667,1552.293535067045
2018-12-28,0.06353283877398536,164.2808075728439,7.195550022074404,1553.0655713912404
2018-12-29,0.1633868302239431,163.5659110998767,7.832494656881169,1553.5584583695017
2018-12-30,0.37833449597985375,164.12347584567755,5.113713603424926,1553.7910506694195
2018-12-31,0.5272631135338453,163.9095608816861,8.412860741237937,1554.3096877008195
2019-01-01,0.1832865232425744,163.6832866648196,6.215431893574061,1554.8368510024088
2019-01-02,0.10191428671596423,163.03363138007612,8.954076576984285,1555.3527535487442
2019-01-03,0.6463335840882489,163.12853073364704,7.471134242669402,1555.6461088573035
2019-01-04,0.3292591483045882,162.5110049427647,6.891975792737646,1556.4565932004753
2019-01-05,77.43434383987756,162.05206403288702,4.97474449796001,1557.5461969916892
2019-01-06,0.08565053221752808,162.2590434332863,6.2673458621410365,1558.3604830922175
2019-01-07,0.005996566582646397,161.78198183365856,7.4385263440723275,1559.393851797945
2019-01-08,0.008771062959177544,161.5634864905142,6.547277356184242,1560.303081011526
2019-01-09,0.2627338080498811,161.81565543435988,5.5065614677753025,1561.486821507187
2019-01-10,0.05897731733108526,161.08711872096424,6.500742257453853,1562.3693405930203
2019-01-11,0.0058895852809548056,161.1846778977256,8.37482606683716,1562.6210955529725
2019-01-12,0.0016686849196064087,160.88282213201566,7.277714133282508,1563.685572410413
2019-01-13,0.004653825182237304,159.75110386350332,9.234620900676134,1564.156233782987
2019-01-14,0.025089266718458996,160.23852440958274,7.726619629311434,1564.4601438118343
2019-01-15,0.0022956422423777785,159.68352919656357,4.554804969957272,1565.086232999691
2019-01-16,0.005649210789619992,159.60728165360666,8.343129689077987,1566.2402773318806
2019-01-17,0.0004430044639991043,158.867406448754,7.450484502766895,1566.6893410369682
2019-01-18,2.663947821987111e-06,159.12598933336307,9.152575734878662,1567.1957453668244
2019-01-19,0.0050368744422263495,159.17560601772718,6.926926313932092,1568.139328646294
2019-01-20,0.0020683317226782567,158.17710027259602,10.835262223616073,1568.8056655878052
2019-01-21,0.0028827191118618004,158.33188518827623,9.795647982000395,1569.2315708541034
2019-01-22,0.004978435372070802,158.14045549759166,4.634043342617352,1570.0728252122456
2019-01-23,0.004073424797899152,157.43345497697672,8.308085245538276,1570.8497746388834
2019-01-24,0.10135491897444869,157.62422475163683,7.517507927311271,1571.0234389593047
2019-01-25,0.1065334362466223,157.34925335939207,6.210282324773168,1571.5494179439333
2019-01-26,0.39925807155865256,156.76394445707885,5.46274975492277,1572.1321314432573
2019-01-27,0.09502014954936921,156.41426448234452,6.994014428250876,1572.508578049944
2019-01-28,0.22140008835483185,156.6816890353475,7.370669606295695,1573.3889972045781
2019-01-29,0.04041212348269555,155.8244794496404,7.585434039342869,1574.0511562598147
2019-01-30,0.007931711457375737,155.50228511105848,7.737162741443221,1574.4062388541315
2019-01-31,0.06787224962922955,155.91250602511784,6.56759718812697,1574.8012772482475
2019-02-01,0.2558451908658437,155.12843615470493,5.155812509842866,1575.2048016270512
2019-02-02,0.09752550616202124,155.0465022023249,10.892275201500766,1575.6677737564003
2019-02-03,0.5576505352863704,155.0517227274863,5.781277703319391,1576.243653625445
2019-02-04,0.22514925237521416,154.8634534082252,8.521732689508099,1576.4154759794055
2019-02-05,0.12877744116338016,154.93211483180204,10.080557297745454,1576.8973960987155
2019-02-06,70.70430326423435,154.27131228540324,7.786718727922426,1578.108780827721
2019-02-07,0.0806447492349687,153.81763183929863,8.64825608572092,1579.3801160967002
2019-02-08,0.26110737624404096,153.41397370139848,7.854379633282528,1580.6927835473393
2019-02-09,0.280277077193241,152.90633627223525,10.922755430724068,1581.3448033675352
2019-02-10,0.029962958892997844,153.66471142142018,7.47342046751239,1582.0452005115826
2019-02-11,0.017238218523667474,152.96134266749488,8.694199788110332,1582.9772752919139
2019-02-12,0.19999217080998766,153.07534880704847,9.623112040769824,1583.7856080857323
2019-02-13,0.26365285656364196,152.67732653519457,11.707601802884177,1584.7804624823334
2019-02-14,42.02489210388119,152.27967563057697,10.789673609892104,1586.156940216932
2019-02-15,0.20894323762323797,151.24680696000294,6.90127284383817,1587.255425132827
2019-02-16,0.7923154063009819,151.6014192689395,9.1606139631796,1588.1883594115402
2019-02-17,0.007013022713755065,151.73361068671989,11.043721803924015,1588.9846083321165
2019-02-18,0.740144011907292,151.92946166331444,10.68957707692033,1589.574526724868
2019-02-19,1.5751567896724417,151.608344200045,8.277958773329143,1590.4210536464618
2019-02-20,0.7735131683937819,151.35568927699532,10.799138171016434,1591.3699043268975
2019-02-21,1.7304897916849222,150.86582132890643,8.337664757907524,1592.3533466822842
2019-02-22,0.6987974467835832,150.47093106865904,8.1531154607876,1593.213214451438
2019-02-23,1.1241911491216452,150.10990913474643,7.3764959727517585,1593.8731157413572
2019-02-24,0.32740063764086347,150.46545225923228,8.846471446084024,1594.469846431846
2019-02-25,0.3397136517919097,150.1999262652787,5.567235178199837,1595.2881903414816
2019-02-26,2.4523802436828825,149.6820178447953,7.855074526243282,1595.8931931499833
2019-02-27,0.9399420669866226,149.86910516004568,13.42123345494865,1596.9737840564924
2019-02-28,0.32737323127724016,148.7388485057132,9.945375372668456,1597.618502501215
2019-03-01,4.6220370970107725,149.4214731361252,12.05431918419216,1598.1074688897345
2019-03-02,1.7717517434311743,148.67937273706022,8.292315765168613,1598.6460876523868
2019-03-03,0.5639215335689624,149.12811994466654,10.57799003967738,1599.1266074591047
2019-03-04,0.010097742946143741,148.40704696479415,11.428859080041958,1599.890302222027
2019-03-05,3.4766428152878017,148.3492170718708,11.152354952125204,1600.288914274444
2019-03-06,3.9721815565547423,148.0662253850338,11.757247292328062,1600.8437983943295
2019-03-07,2.678109203655976,148.27748921586578,11.700748467954327,1601.2843331261108
2019-03-08,2.981477851977893,148.49799990800358,10.938868293252538,1602.0814597316091
2019-03-09,3.177395471511401,147.8605052111579,10.48642464330577,1602.6972158429726
2019-03-10,0.5118133663682255,147.90374578348855,12.22425227351344,1603.3650238052828
2019-03-11,4.380221568208845,147.96631743241144,10.687532558507638,1604.0917819813458
2019-03-12,5.220425598875383,147.0696070020713,9.484157697075638,1604.4917912419278
2019-03-13,2.421389660818078,147.86793817182064,13.49055531064659,1604.9498804733605
2019-03-14,0.8464417702245377,147.6915111539408,12.810392402697396,1605.9011286701905
2019-03-15,3.657872950104151,147.0346932463711,12.693115655915008,1606.5743951014517
2019-03-16,0.3227176205444359,146.99281637698454,14.509235546792254,1607.3608967640848
2019-03-17,7.107615246434729,146.3998960931766,15.965089405686637,1607.9617078209603
2019-03-18,2.4718819100549156,146.5124495321646,12.978821382566345,1608.5087745031697
2019-03-19,0.8281112994269182,146.2975531179211,12.889628154433824,1608.830042093277
2019-03-20,1.1513742001317608,147.0247022519932,13.920725015398803,1609.2486823658496
2019-03-21,0.05980605493680943,146.27346121521532,11.982256740855167,1610.2743889517676
2019-03-22,1.6882957932201221,145.98149036250467,16.371840880364896,1610.676709532592
2019-03-23,2.1691268267448587,146.1644058894038,14.548104287688513,1611.1738403583743
2019-03-24,4.181473549368696,145.7029999992681,13.690644874216789,1611.850186399759
2019-03-25,10.247671439843243,145.03769144105428,13.248521722365707,1612.0374621181702
2019-03-26,88.31911943277261,145.63582976522346,13.208241982820308,1613.146682836129
2019-03-27,0.41093017452838493,146.48601261886796,15.521014553042587,1614.290111790838
2019-03-28,0.16133530205428057,146.46052212113725,13.762234731498273,1615.590817607904
2019-03-29,0.2575035733399268,145.60465120052802,14.034771089621927,1616.968579471151
2019-03-30,5.147430876247824,145.94019390839645,13.677372559446686,1617.9662443904824
2019-03-31,6.016012305306463,145.50981522953876,16.602652464687345,1619.2820480644762
2019-04-01,0.2004460827181259,144.91999085856327,17.717163153672253,1620.2685545339903
2019-04-02,11.26360403696703,145.5888362284163,15.52964207245592,1621.0127098671521
2019-04-03,4.887786884954407,146.0376314500193,14.153381802440554,1621.9543029856343
2019-04-04,11.662171985017231,145.27403874740583,14.041323329969732,1623.3215795109445
2019-04-05,2.034868357777656,144.59470962617578,15.307909974605671,1624.121450374819
2019-04-06,0.2336080265487901,145.67777404834965,16.243357477675648,1624.8349819947027
2019-04-07,3.1919002429299295,144.7894397106208,13.971493923212185,1626.12743304588
2019-04-08,1.7498467162143188,144.59736716586963,15.232547150384434,1626.745218512319
2019-04-09,2.6827028694414734,144.8422175137739,20.847933917108264,1627.4786046691775
2019-04-10,520.7444548708551,144.62913266041318,17.10798576001152,1632.1613476270945
2019-04-11,16.08491936618753,145.31963029941454,16.79349449283823,1636.9051066198476
2019-04-12,2.0308457235634743,145.48960991966885,16.823782157954202,1641.495231834752
2019-04-13,0.40421709985264265,144.3792538046694,19.189154533266922,1645.873111319976
2019-04-14,0.14827313824047314,144.86566611826552,18.77200530238496,1649.632307504763
2019-04-15,3.087540793539748,145.392050268001,19.96946074365328,1652.9115132135428
2019-04-16,1.818973967426469,144.93220072744577,17.970609002508276,1655.9673108428087
2019-04-17,11.103981645712745,145.7061994218092,19.122140834369706,1658.738572361616
2019-04-18,2.2042313669687164,145.21214618483046,17.645164083205767,1661.6910332333632
2019-04-19,1.6329343560523577,144.98828282001057,17.902630048287758,1664.5326343237064
2019-04-20,2.9382368197633335,145.14745719584468,19.462857300579305,1666.9800225213125
2019-04-21,0.7638527097750916,145.43091060282865,20.786998648589005,1669.354876051325
2019-04-22,3.4088494168154315,145.14301881124447,19.020560995462223,1671.846561908237
2019-04-23,6.513500467663063,144.68591691142836,20.424013043061624,1674.2815674147043
2019-04-24,1.1188894746840823,144.96357315101423,18.712625772442014,1676.3552989370583
2019-04-25,2.5450526378450027,145.03791559749732,17.733266297082167,1678.127968512105
2019-04-26,4.592729458135733,145.93150686477122,17.054457070324343,1680.0049605446911
2019-04-27,10.4060897212906,145.0809677552093,18.242334596167847,1682.0370800839462
2019-04-28,3.2137523591632458,144.83154717795338,22.87545072532783,1683.66697078095
2019-04-29,9.472997100617205,145.49728344896923,21.794463237450813,1685.3101944717077
2019-04-30,19.574757597032935,145.49217744330895,24.79187708311771,1686.680486714288
2019-05-01,0.4762218941958987,145.46085256078598,19.13567718045864,1687.9414830909222
2019-05-02,12.92715105706622,145.75015049317958,21.254065868137722,1689.3693162094748
2019-05-03,2.363757586718657,145.58743988752983,22.671573056281414,1690.8748217839852
2019-05-04,0.41518193772668965,145.72657232507032,22.21565604220285,1692.3331301777807
2019-05-05,3.7500376869883256,146.20312252929864,20.788931294846623,1693.4274075974965
2019-05-06,5.389660885509,146.56398915217764,20.888201789326775,1694.6091110171483
2019-05-07,2.6598595648084022,146.1650025307418,20.417967943209337,1695.979043728755
2019-05-08,4.7643002168913995,146.13785624772115,24.095469709802185,1697.0067785772255
2019-05-09,0.5148538122491296,146.23106216512676,25.217243414149454,1697.8870669747605
2019-05-10,19.597113033544858,146.1036971016703,20.077938606184425,1698.7304840409631
2019-05-11,10.202643110587951,146.34570938552525,21.23580779400006,1699.4898697001313
2019-05-12,0.037476967775599425,146.02735669769095,23.480630276295333,1700.5038515130075
2019-05-13,18.08823030790456,146.756388934465,22.95911866674867,1701.57419316046
2019-05-14,3.0426093944603165,146.78792282708457,24.088062332140364,1702.4773122688362
2019-05-15,7.422449822509627,147.44009062625733,21.23390040293151,1703.9016019066125
2019-05-16,6.0586927345345964,146.2810891772084,20.499267724970238,1704.8844191490339
2019-05-17,10.847240734721513,147.86745453223787,20.20268635792487,1705.9076093644558
2019-05-18,7.936598443129196,147.55894662780156,25.383020787138975,1707.1149379228082
2019-05-19,6.068321591548556,147.6429402990932,23.00272332993846,1708.0808882324973
2019-05-20,2.3745391536782368,147.52584506606146,23.670431158914372,1709.0530418850092
2019-05-21,10.753404827896713,147.47044926154953,26.572326479082562,1709.9619097489517
2019-05-22,21.50261421877356,147.31063686575084,25.820084934250026,1711.1018384327258
2019-05-23,10.6490925402039,148.2142986354028,26.245241871382586,1712.0581657769567
2019-05-24,8.977163456575507,147.6560106124172,22.35838615674334,1713.1413431876588
2019-05-25,14.207655107985255,149.3059467524112,21.478995796361293,1714.3837489261953
2019-05-26,1.0803422404797567,148.8142709143716,22.911868098429686,1715.8839435445584
2019-05-27,5.580815185912324,148.28952175116,23.473358674950557,1716.9773821004028
2019-05-28,18.828696729689128,149.0507725024004,24.550297945124477,1718.212815414907
2019-05-29,11.819867854066075,148.81255619332808,23.67410871568833,1719.3128200902104
2019-05-30,14.466486616470089,148.86566471799856,25.10020949642777,1720.5973001225743
2019-05-31,0.5042551948103923,149.44954460814176,26.77609878646554,1721.5763567885335
2019-06-01,38.22322671102925,149.06723346331376,22.15999548366402,1722.8697503390936
2019-06-02,6.979946976454611,150.0048281464199,25.166889000130226,1724.3083937904162
2019-06-03,8.420631942060433,150.50881771402385,26.89387566077618,1725.5562960300952
2019-06-04,7.684804806863031,150.48692225406202,25.799519258701757,1727.0210366451504
2019-06-05,13.678356463303446,150.13188705636236,24.88562555818133,1728.2713780644551
2019-06-06,17.194728460006733,150.4364424427193,26.935360781696588,1729.703983709666
2019-06-07,4.563009361358252,150.8865491777094,25.95368138913755,1731.0706296883468
2019-06-08,11.391927707207635,151.22657470242683,25.11057291159134,1732.5810557957157
2019-06-09,0.558777962614526,151.57149592029631,25.698945854701282,1733.7669895718168
2019-06-10,7.11043389329327,151.7867094554834,25.466434659991435,1734.9949789773389
2019-06-11,5.967304212048416,151.62445186905083,26.415700285537675,1736.531122219202
2019-06-12,3.0907165392250158,151.85081390759936,27.100700513256434,1737.549940465434
2019-06-13,17.736027270347297,152.5162935976929,24.879081751752132,1738.4826273083136
2019-06-14,11.035474255760494,151.99089994144214,27.632984084452048,1739.6970130227903
2019-06-15,15.622868837235742,152.3881849178028,23.80716764946224,1740.8688430976963
2019-06-16,9.203401569159983,152.3933766170543,24.290444170031755,1741.9845495148486
2019-06-17,91.96763152035736,152.53818959117962,28.239789696875643,1743.8327522024692
2019-06-18,18.133858854409763,153.19419865055414,26.392375655480564,1745.7973824950786
2019-06-19,9.184012579030377,153.38725748929332,27.323332060608813,1747.4789311938557
2019-06-20,3.185546722188545,153.24258396191655,26.49785530689585,1749.0565199471753
2019-06-21,1.4870317976164673,154.3336495991854,26.1657375137787,1750.4323862242609
2019-06-22,6.316049375663755,153.95022151139375,24.180600845808055,1752.182980611822
2019-06-23,1.377298596984976,154.15510597232344,27.701369306729326,1753.856479752028
2019-06-24,3.518756577198295,154.42106478337215,27.317570788743396,1754.990410229271
2019-06-25,4.838771649216657,154.53802540046885,24.669981861333014,1755.799182339483
2019-06-26,3.896646143038152,154.90707751029453,25.563899237329807,1756.891328696982
2019-06-27,2.7014970841760357,155.68475537003366,25.618317108340005,1758.0584700672052
2019-06-28,7.55286334920254,156.1035966126171,26.549694044042514,1759.2547858981673
2019-06-29,0.22638979235415568,156.304676990942,25.795283231628552,1760.470095483442
2019-06-30,268.6188471582395,156.37807970193597,25.994551218176454,1763.4178841243536
2019-07-01,0.8729316851190381,156.48447966106167,22.662454264917866,1766.177601559241
2019-07-02,11.932279106157916,156.70814040073282,27.498158162860236,1768.767400077663
2019-07-03,9.909239933799983,157.1728958780812,29.024673592843474,1771.4204709348562
2019-07-04,7.788071406561629,157.20780119750646,24.25084722273906,1773.9741010216167
2019-07-05,28.556885750971155,157.60055123908742,30.114996275105547,1776.7368071424178
2019-07-06,14.854433365726182,157.59400116664645,27.384463068122326,1779.3092895454831
2019-07-07,10.698670085966425,157.8236582343167,27.82745115250815,1781.6890792330855
2019-07-08,9.378499642298815,158.40392768076964,24.838172132259988,1784.0073640355786
2019-07-09,36.722542249651404,158.11771307521107,25.716422771371096,1786.3828850181194
2019-07-10,3.6394961748416628,159.47801994169313,27.121654745173245,1788.668739798721
2019-07-11,19.210028015484692,158.0506902668323,24.97558399735087,1791.1415407753968
2019-07-12,1.5506266509785558,158.2818097018878,27.614018080857996,1793.2613821854366
2019-07-13,13.317813313595893,159.08125517052125,27.10515088190491,1795.2303453097957
2019-07-14,23.856099658024345,159.86243997561857,27.33464835198667,1797.431213935414
2019-07-15,13.457937306332854,159.48752099697506,25.42355482177412,1799.6151139522476
2019-07-16,1.318128607401789,160.6371430903081,27.988959601572816,1801.3177096611923
2019-07-17,5.691657981496628,160.57996615471114,27.357737891112397,1802.832106289449
2019-07-18,10.252817990947532,160.600947403708,27.969841041274677,1804.6134271447627
2019-07-19,6.914982535311509,160.38756032716233,27.088599502671958,1806.2046392679024
2019-07-20,0.8318181621604376,161.8909582633448,29.485848025739386,1807.6456921601255
2019-07-21,20.09156840977249,161.83007924391987,28.63006325789488,1809.3006677017706
2019-07-22,13.822305402357621,161.64343760348913,24.294171242863843,1810.7983695270482
2019-07-23,4.098552371000664,162.49940372160188,26.335550475428466,1812.4761546471384
2019-07-24,0.7255957192130509,161.9468321279626,23.669851447180168,1813.8688287505156
2019-07-25,5.678499003146679,162.287140751226,26.77384392724101,1815.156835336182
2019-07-26,3.221504683082386,162.4986736059934,27.39356306044491,1816.30179625476
2019-07-27,2.0386793252609006,163.6226356853532,28.093152114534668,1817.542677217695
2019-07-28,7.742215206206945,163.84587778331883,27.343841289950568,1818.6501173425063
2019-07-29,12.25657491023246,163.3595809824059,25.934732613013065,1819.7589205173117
2019-07-30,24.31277383153982,163.9729923002066,24.05578095624415,1821.095443683563
2019-07-31,0.1406749745134803,164.27790974836174,28.243101217625252,1822.1013442615376
2019-08-01,3.8587085331499957,164.0672806605139,28.528591437440824,1823.1674638591849
2019-08-02,1.907406810029773,164.57676808641034,27.84004932563613,1824.1660135816826
2019-08-03,14.276006368855596,165.13242193244758,26.11266973697702,1825.1808379113447
2019-08-04,9.19840810924914,164.714610885542,27.781037156889155,1826.0459696311082
2019-08-05,18.820415245521463,165.41771820746982,24.919108363334274,1827.1459568826497
2019-08-06,97.91815302991671,165.04447585642444,23.81561062398565,1829.1302120585929
2019-08-07,0.41496327748026357,165.5710286315061,25.530112255012142,1831.05581913067
2019-08-08,3.0058298312342857,166.22831502965528,24.88093495289095,1832.8228655666642
2019-08-09,10.966044025163157,165.8293065279147,24.693403181418695,1834.5102249732251
2019-08-10,16.0934043566606,166.7535340841899,25.37098311356775,1836.1150678911454
2019-08-11,5.93336595441021,166.74334662973476,24.47065747283338,1837.4687426262258
2019-08-12,4.342137540840647,166.7670321731627,25.53294140954495,1839.0684912031213
2019-08-13,54.66017873008182,166.93946515100993,24.34134750867163,1840.6906630514911
2019-08-14,5.024728287010457,167.58073381110026,23.345523332947177,1842.3035568848975
2019-08-15,8.652853567815642,167.9753927308774,24.161970490364467,1843.9233050925263
2019-08-16,14.866155260079513,167.99565741824878,28.269282761079545,1845.4910700717153
2019-08-17,26.856417470353602,167.77877107978668,24.714018066716868,1847.1779679379588
2019-08-18,3.2443436598616717,168.2813879066938,26.434101864664942,1848.9761965114005
2019-08-19,31.972310873014788,169.31219580784034,21.553728437012047,1850.6383332263622
2019-08-20,16.579597083684693,168.29118319512332,26.305306733554307,1852.5924688923824
2019-08-21,4.837366826319116,168.8519833344234,26.467283884722267,1854.2581548456226
2019-08-22,0.1131860565873358,169.68934683859115,25.484554469035366,1856.0064273430778
2019-08-23,7.952342142822453,168.99905885420014,23.39677175934156,1858.1042446525987
2019-08-24,10.575912835878748,168.51223328078078,24.287379713860386,1859.5124173318118
2019-08-25,0.8693649472429092,169.60085231286627,22.72292643629929,1861.0136091706709
2019-08-26,11.952227555325225,170.03961620509457,23.638410381752703,1862.4609400865038
2019-08-27,1.7702818743995958,170.16621344422157,22.398567647413188,1863.5989013418834
2019-08-28,0.13159995173449116,170.02579907389332,23.64177402061649,1864.648968504104
2019-08-29,48.47028142586807,170.38951545025856,24.49926460210536,1865.979045381516
2019-08-30,6.175791511395978,170.97159896852673,24.513012311502038,1867.2520303525891
2019-08-31,3.2846223052652914,170.7910378581294,24.699045321450864,1868.7774279227413
2019-09-01,4.1520418451145815,170.96847476239566,23.271136358410935,1870.070134935621
2019-09-02,3.7015100535196095,170.9915785374166,25.07683809292173,1871.262837173339
2019-09-03,15.16293530555843,171.44382350099607,23.66559449409899,1872.5228710186977
2019-09-04,11.10546205805929,171.6850275855386,23.847878814849548,1873.7492918020039
2019-09-05,16.10987127367374,171.56240106347133,22.078334669277798,1875.1356029717176
2019-09-06,5.35934489030466,171.46623953305536,22.009234056626,1876.4986045130418
2019-09-07,394.9570064415242,171.90749308717483,20.940885621680625,1881.105693397833
2019-09-08,13.98516318409263,171.71740990271115,21.97934265405789,1885.1946575200457
2019-09-09,2.676654128271449,172.46357084773845,20.414434993847248,1888.9208376272682
2019-09-10,21.128574927501123,172.62391366461108,21.281642631092268,1892.2741307120566
2019-09-11,15.769431908619406,172.40281652113183,25.42610704684189,1895.8052762673603
2019-09-12,8.99688969455669,172.75180732263874,23.549657341970757,1898.9755103269758
2019-09-13,29.99718878583021,172.61522740913244,20.129103030158063,1902.6061797492966
2019-09-14,3.85987574020339,172.44359378996643,20.046283154455782,1905.780174730262
2019-09-15,5.591901368219948,173.20415739936558,20.20829558737458,1908.6926564276762
2019-09-16,4.487337866377445,174.1502830310643,21.750212495616026,1911.468936562056
2019-09-17,1.4577390789633717,172.90762511687572,19.64367620161937,1914.369929061363
2019-09-18,1.6795699728456555,173.48993856992809,22.84812402406784,1916.6084624311081
2019-09-19,35.99778381302997,173.96496310914193,20.776223632160608,1919.0790602311954
2019-09-20,1.09996799353882,173.71950985872368,19.984854955520387,1921.1489490455685
2019-09-21,5.201972122508396,174.7835642643149,18.897225402522146,1923.4095804706824
2019-09-22,9.722142242557075,174.1767159911439,19.881352302716575,1925.9238661033362
2019-09-23,16.32128543787394,173.8291609072713,19.25085818733292,1928.0252814371038
2019-09-24,1.2982936633568063,175.16564125834657,19.113964918201166,1929.6354358632852
2019-09-25,3.335465998506709,174.01424233312363,17.788035628303916,1931.854788247651
2019-09-26,10.630816934169305,174.03659158054322,19.76190063940402,1933.6474588217775
2019-09-27,22.887657082557595,174.8135789809598,20.05484451340192,1935.0257698549226
2019-09-28,14.031523183439935,174.6730498794368,19.530534565032816,1936.865689694777
2019-09-29,0.7415534077650494,174.68094858078533,17.527271730678585,1938.5802224677948
2019-09-30,11.271498335534988,174.22327029643785,21.06250793050982,1940.1044720141456
2019-10-01,4.419092020450979,175.0472838888357,18.05630750787154,1941.5786100775722
2019-10-02,14.573437316777442,174.58555988182567,16.39917119055588,1943.1145098959657
2019-10-03,13.079912379624595,175.1003249606427,16.28873692513043,1944.5991560700654
2019-10-04,0.699298070645554,174.55640375312834,17.56647727375035,1946.2561667348382
2019-10-05,12.122759441792267,174.63279631252556,18.259267835713302,1947.759908413924
2019-10-06,3.303620952098252,175.15884877652385,18.472028987737453,1948.924871204571
2019-10-07,1.0233200316999413,174.95287375514965,16.928572900937905,1950.0415481552698
2019-10-08,2.33919299359545,174.93717780677778,17.90498618380267,1951.180640212167
2019-10-09,5.7919740804605295,174.95868044128073,18.57970178158539,1952.224953788671
2019-10-10,3.13524757010127,174.73563426269953,17.712796039584145,1953.1748638495299
2019-10-11,13.302267502426993,174.99266099807505,17.571161212919858,1954.0320351407877
2019-10-12,9.425387471168694,175.53744882190077,14.057099384049115,1955.277198291981
2019-10-13,4.277908129671909,175.60112745715216,14.186867177745421,1956.6287843260554
2019-10-14,21.49416625139024,175.23249250379686,14.3921947911359,1958.0912600622105
2019-10-15,2.283341378190413,174.96226737011906,15.355107732327761,1959.5699225481242
2019-10-16,0.483582287825906,175.02526828358896,16.31542605258371,1960.7294650578624
2019-10-17,1.831977539393262,174.7243231737673,15.313017563878619,1961.5198220404968
2019-10-18,3.926358547206319,175.27769464592546,15.7662470133453,1962.674558560668
2019-10-19,6.419858044380303,175.29280611310446,15.887275233114106,1963.5630847085868
2019-10-20,10.702137788566334,175.36975622180495,13.724839499793019,1964.6357341154041
2019-10-21,7.614159765103184,175.08671914316872,17.44462610315233,1965.75463730196
2019-10-22,0.72324113820132,175.10378771596626,18.094188626628092,1966.5508389222953
2019-10-23,0.14321958194836548,174.76865780277123,16.25439954379768,1967.360111997125
2019-10-24,4.588027267593564,175.47425542276102,16.054300063313224,1968.0619188654264
2019-10-25,177.0930661290528,174.61917142560822,12.651497264152969,1970.104385766893
2019-10-26,7.380146552566321,175.36497327730322,12.971838803772036,1972.3252039269557
2019-10-27,12.95558118151563,174.0572734685861,15.302375439621288,1974.6470521109618
2019-10-28,3.284570614389279,174.34962047896758,15.803449783327356,1976.3146099799867
2019-10-29,3.402258507907841,174.7662995132949,14.74729481164816,1977.854795928967
2019-10-30,0.38555510458456854,174.91826241923283,15.815114162874146,1979.6015848811855
2019-10-31,80.939723931756,174.6491830007403,12.83817723709078,1981.912179078342
2019-11-01,145.01105052113897,174.31217184765669,15.576298176405444,1985.2814653868943
2019-11-02,1.258166536664893,174.0951296601288,12.146563984300485,1988.2540185408584
2019-11-03,7.164528694134965,173.9271591883884,11.354176181785913,1991.0123164799288
2019-11-04,144.53408817316432,173.98019881301929,14.001651569455937,1994.8344461144916
2019-11-05,0.5178621232402675,174.06885024763943,12.57455981658361,1998.3145579393072
2019-11-06,1.8856615835404429,173.66135266642362,11.431939733118957,2001.640453018939
2019-11-07,1.7275410850952986,173.53065303926834,10.76759047439754,2004.591786529923
2019-11-08,0.45468937385937247,173.50214452132695,13.51655364460625,2007.1774299121512
2019-11-09,0.3748922742581385,173.83085347033392,11.215892934098527,2009.6378427274938
2019-11-10,11.218696265836194,173.50115971916557,12.598521352701091,2012.5665010910384
2019-11-11,0.2885775734687761,172.792946676634,11.552939318392916,2015.3755455949504
2019-11-12,1.716688849704465,172.48303932759282,10.085350093236249,2017.4901044281464
2019-11-13,0.3514418662517642,172.43907269006024,11.861106539144735,2019.4354777725453
2019-11-14,0.05491087900235132,173.30640886600057,11.239860272765931,2021.1627834494418
2019-11-15,0.9357636497385567,172.43510434830375,10.443618293123611,2023.5149123216443
2019-11-16,4.69235223975441,172.52265669180645,11.996051167888448,2024.8878107773012
2019-11-17,1.6097423334398997,172.35764279737214,10.14512463437316,2026.5512894134647
2019-11-18,4.151701516728589,173.1717109000655,11.916962861359067,2027.8858590435168
2019-11-19,0.10099734946418062,172.2651730906759,11.010764040800133,2029.5509704872127
2019-11-20,2.4461707328457925,171.50940539877104,8.796179783318252,2030.791854105918
2019-11-21,0.7868399144856292,171.59652454635193,12.265424068339575,2031.6429281731687
2019-11-22,5.492558317409585,171.60484736594435,10.25614604261742,2032.576644014674
2019-11-23,0.5015438191515508,171.4445327261348,10.830946508737766,2033.8055963857284
2019-11-24,1.9705607983134017,171.90797019230646,12.489623276806594,2034.964967627159
2019-11-25,2.876974890376394,171.7927743868078,9.32995659416186,2036.4774548629443
2019-11-26,2.205556218289376,170.96162429113588,8.102336113370466,2037.557745408169
2019-11-27,1.0785876871821976,170.79993533174874,9.09825841465747,2038.620837900595
2019-11-28,4.609524690304081,170.3313753862001,8.473207275003016,2039.3181101322161
2019-11-29,0.4653566317885564,171.11660017136256,8.698811594049147,2040.1707062191656
2019-11-30,7.3265656706080255,170.7737838742281,11.16598466951025,2041.2453627311147
2019-12-01,0.22596094949151857,170.23774081227708,10.714894725589561,2042.5290268938638
2019-12-02,2.212696625488708,169.5266771240672,9.869046667498585,2043.58050550904
2019-12-03,0.9232156379991184,169.6989638160735,5.286823197026303,2044.5956205541027
2019-12-04,0.48970805594906297,168.54331945769528,7.942734276212545,2045.0142478824298
2019-12-05,2.3041183076096474,169.52078793676463,11.727423850409696,2045.8091902756446
2019-12-06,5.290622682141058,169.51034082954652,9.102315798990725,2046.068617766422
2019-12-07,1.095852452513852,169.43846053090135,10.903891665365505,2046.8124825252448
2019-12-08,1.4507588047902227,168.91758707377932,10.661922229981013,2047.4038196667298
2019-12-09,0.13564286534781736,169.08247471572153,7.157646071615332,2047.9489255562808
2019-12-10,0.880112077540496,169.02784177746472,8.992864579590252,2049.385737571831
2019-12-11,1.4679712857499048,167.54603092712208,10.253644503500354,2050.0948672312516
2019-12-12,0.9896053318697837,168.34707461678357,9.549740486044012,2050.7749760999363
2019-12-13,1.2248127338848096,168.5131448560621,10.823239491377027,2051.900049883182
2019-12-14,0.28664352684924266,166.76319351009775,5.944029652118581,2052.814880246724
2019-12-15,2.466002981773975,167.95718371011796,8.21588883259505,2053.4863327276175
2019-12-16,0.4980489496765771,166.54516209393066,9.130122612357368,2054.455485866775
2019-12-17,0.8612158789213524,166.62596704425292,10.768027511391121,2054.997396818735
2019-12-18,0.11058931317229169,166.26171399486034,6.955144389155968,2055.648756211508
2019-12-19,0.11291615095775771,165.7166651463891,7.015109817662056,2055.8246255869512
2019-12-20,0.17455523398952322,165.94908007817938,5.689530122417269,2056.387293816207
2019-12-21,1.6241356826690634,166.20320441964748,5.786568071206926,2056.695663960906
2019-12-22,0.8346474278310231,166.2544991103287,7.59917762381875,2057.708096980671
2019-12-23,0.047508760862720614,165.07356738396282,9.637927103793901,2058.069703252508
2019-12-24,0.29319957291747456,166.14083245160342,6.009846746273098,2058.576548913905
2019-12-25,0.1890595995775099,165.2938358792859,10.847366281270425,2059.471761876186
2019-12-26,0.11036655451582991,164.97365402016771,7.607674605947807,2060.19186310453
2019-12-27,0.24138812882108054,164.21759108085413,9.729146205042044,2060.797366597929
2019-12-28,0.15042132411724649,163.95173198997756,6.5696414705713515,2061.229226227965
2019-12-29,0.07272309733745445,163.5364093579966,6.247369816138991,2061.6490764502037
2019-12-30,0.2500864306018114,163.57170995165689,5.61863974380381,2062.0790585324175
2019-12-31,0.20313645382214424,163.10528242535466,9.90484450648363,2062.7663427292014
2020-01-01,0.07927581486571575,162.36830625322006,6.002011838433477,2062.955463849267
2020-01-02,0.23293836619567684,163.23853519241445,6.246128006912838,2063.31552849456
2020-01-03,0.014645525635010107,162.7489894029461,8.690319269718913,2063.777968353753
2020-01-04,0.04428133812773526,162.41264297743612,5.359730118056137,2063.9797197897383
2020-01-05,0.11294516526267229,162.24764313924663,8.060601182887451,2064.176573164049
2020-01-06,0.0180016615508134,162.037558548644,9.542256684374962,2064.859673068389
2020-01-07,0.017764485193157688,161.40865413621884,7.709992683908368,2065.2385373262036
2020-01-08,0.21298630138175176,162.06206222318127,7.606353168419325,2065.2385373262036
2020-01-09,0.02581653781494202,161.45089918301858,5.393629665298249,2065.496255004817
2020-01-10,0.0258942266605468,161.0042020138807,8.733051511428716,2065.9362685045403
2020-01-11,0.006823044386499902,160.64531257460348,6.218542544398575,2066.5854216631437
2020-01-12,0.002201987360007462,159.96819607962033,8.044181420293903,2066.879249137004
2020-01-13,0.002150504886799295,160.30694226030948,9.86905382628998,2066.9623902098306
2020-01-14,0.003401159055100954,160.35963733948563,8.059140155331091,2067.1699545906354
2020-01-15,0.004622222803077735,160.30838967666762,7.837973963238396,2067.8018058689304
2020-01-16,0.0006399667042023373,159.40716367111213,7.298168519474695,2068.41546374762
2020-01-17,8.366801028412464e-05,159.54484488726064,8.415619616415125,2068.9691194177576
2020-01-18,0.0002497468682305333,158.60956432595646,6.4881183740668265,2069.2735257870145
2020-01-19,164.13170316817002,158.5025820510546,4.771964145113475,2070.836647104692
2020-01-20,0.0036453110578104847,158.23720593341938,8.408349678948685,2072.005870041778
2020-01-21,0.010232182989951535,158.45573681442153,8.806609020290084,2073.3490065376313
2020-01-22,0.009631831476994824,158.30949315288248,8.078148620595929,2074.861104278638
2020-01-23,0.10761719134943024,157.50738182149635,6.762776665753305,2076.30578993762
2020-01-24,0.012326818936990254,157.34955248373862,8.943100149625588,2077.2973712984294
2020-01-25,0.00040602641573303944,158.02211980577658,5.187520041471975,2078.506527894613
2020-01-26,0.1013469415657738,156.64502002988718,6.991860985499528,2080.2980432913555
2020-01-27,0.07386821392315632,156.0611382869114,10.555886738715873,2081.1235338262045
2020-01-28,0.009361311196744725,156.35006661353273,9.264258647323139,2081.79126169368
2020-01-29,0.018987464279663947,155.98772071791117,8.253301290988874,2082.2300537839087
2020-01-30,0.16615878125353414,156.03027180055756,7.791857049729386,2082.8178357466086
2020-01-31,0.05845320029144043,155.78548023114155,8.920577537342496,2083.7233952524984
2020-02-01,0.14739981627765192,155.2879698444315,10.213187658345184,2084.541183457835
2020-02-02,0.40129988343770345,155.27485989287894,9.383901678106763,2085.014260956762
2020-02-03,0.10446563983941314,155.1078744904798,4.4013727805523635,2085.91598502081
2020-02-04,0.09833980096043442,154.4509464568891,9.394563143922767,2087.116553931262
2020-02-05,0.0286320999767502,153.90822224583675,7.669545464156962,2088.0641443364407
2020-02-06,0.2642080457175488,153.73003419590384,9.77764442821634,2088.5203578591745
2020-02-07,0.34296066767852085,154.59200836788395,8.972096328890661,2088.879733372613
2020-02-08,0.2555754650848714,154.51730973739404,9.044427192655615,2089.600508749972
2020-02-09,0.5594897521402583,153.65415613019894,8.026809973546639,2090.1336675938524
2020-02-10,0.8259860402651288,153.90050718945213,7.076113913852782,2090.9455857401513
2020-02-11,0.5464880722376748,152.73989637797695,9.293536745169053,2091.7746436796165
2020-02-12,0.0728144573028407,152.54628144330007,10.379590715457892,2091.9699277528093
2020-02-13,2.0937942742174314,152.8102898994725,7.361473657471485,2092.487956996432
2020-02-14,0.10800913096953516,152.12698062265713,8.24604239923967,2093.03991386674
2020-02-15,0.28118013248362356,151.78269230759219,11.188538850390954,2093.559277930602
2020-02-16,0.5483768393553464,151.55763662207244,8.795486965502063,2093.9752935665483
2020-02-17,1.254587713662525,151.48650736704118,7.630700795393103,2094.3414258194716
2020-02-18,0.5246599608457648,151.26445144370464,8.542346118477486,2094.4303818944745
2020-02-19,1.8535414349281554,151.6016839680353,9.824164419692412,2095.117188390695
2020-02-20,0.32207271824524353,150.283777684719,11.86255028929997,2096.1253094083363
2020-02-21,0.6725547592968499,150.3123855797598,7.632924380539574,2096.694694331961
2020-02-22,0.40838360644636257,149.403255720051,13.568044253027358,2096.7003285538344
2020-02-23,0.662686701883134,150.28096144927127,9.559814522435943,2096.91794381744
2020-02-24,219.05948653246452,149.99657352351397,9.681902090232791,2099.0134158776777
2020-02-25,0.6348201274589608,150.14369142774385,8.925964761663995,2100.782391337216
2020-02-26,2.0910108916265893,149.77378254286094,10.146694152792428,2102.6818913852826
2020-02-27,3.615153150619629,149.91628110605473,10.795580780718526,2104.3962843673103
2020-02-28,0.811643743162088,149.374221761581,11.568541620670308,2106.4320133585293
2020-02-29,0.7829702789673834,148.91899142892856,9.927908427627175,2107.929472269919
2020-03-01,1.3225658884822078,148.96660681982658,9.86837301958725,2109.0394543628577
2020-03-02,2.729626494136737,149.15290373409687,11.302332171964794,2110.1957463895824
2020-03-03,0.5901458638101291,149.13719122513237,10.692679440812151,2112.0105961953445
2020-03-04,0.8664492530930858,147.68893122257867,7.614435089172325,2113.530693528908
2020-03-05,1.8478393567495135,148.03881266915786,9.429624778425548,2114.500678609791
2020-03-06,2.13437029994352,148.47166395521674,11.279020125173314,2115.315011623469
2020-03-07,0.5547236092007839,148.3648775025991,10.966061793054632,2116.4972101096323
2020-03-08,0.49743395299885584,147.96386352305984,9.131772885852946,2117.752802898318
2020-03-09,1.0911306403006404,147.68271052367132,14.638249398126856,2118.418528467363
2020-03-10,1.3833353407626103,147.89850483006333,13.44791184913294,2119.280701298444
2020-03-11,1.2661802804388391,147.35667735928408,13.48814165214927,2120.2952257324546
2020-03-12,0.037842456362421284,147.1153706511665,11.372421042612837,2120.8084848800445
2020-03-13,0.22875895389909148,147.3201753982066,14.066809725565138,2121.4138759262146
2020-03-14,2.8163661415317947,147.6288489617289,12.371211350849038,2121.9358080937295
2020-03-15,2.61921639443191,147.5764389787366,13.366621101633447,2122.7915338566936
2020-03-16,6.0166123794137265,147.41955910049126,12.664885666575046,2123.8386439683463
2020-03-17,0.6477756082482862,146.84321113643128,14.76154062592354,2125.183757536184
2020-03-18,2.16808083642093,145.74871334004808,14.280544337462322,2125.7587254015466
2020-03-19,0.9996119317792482,146.50275995077425,13.639276377620616,2126.4285327749285
2020-03-20,2.1415261762767765,146.58956461295367,13.928118429907293,2127.4913941165746
2020-03-21,3.74132227521941,145.68211362241618,13.367179422032455,2128.258097956732
2020-03-22,3.8502931662428352,145.71975236177664,13.428573828010773,2128.702947496205
2020-03-23,0.08127168841638081,146.575313269334,14.658453095907639,2129.2315496025763
2020-03-24,2.4260845560661743,145.8038782413833,13.444068632957364,2129.8936273734007
2020-03-25,2.210307573139724,146.14281167218874,13.149720319305242,2130.3598012651664
2020-03-26,1.7427931005811474,146.1954907345239,15.510779194669006,2130.9114218229142
2020-03-27,7.6499697793643255,145.62632966403325,14.494491250201161,2131.337922810352
2020-03-28,5.856916426021957,146.17697810925878,15.162401465425278,2132.027342938862
2020-03-29,1.8203824427277935,145.37597700772034,12.314666512779986,2132.998980264869
2020-03-30,0.022376701486156524,145.2939905770304,15.138173521846623,2133.554471016906
2020-03-31,2.5795016427305386,144.9655232953059,16.300168765604298,2134.2748380663206
2020-04-01,1.2946093580998674,145.3121962292491,12.505874633593175,2134.400682867052
2020-04-02,7.325666240134346,145.2286697640951,18.5269790749118,2135.054306014871
2020-04-03,6.919647104081418,145.2229902043249,17.77607385686177,2135.4880685252047
2020-04-04,2.7867168856242137,145.3591968439269,15.60193991796834,2136.0527693528998
2020-04-05,6.726049474819856,145.02471813286462,19.05847501672857,2136.5402861694256
2020-04-06,1.1321376371235568,145.50465979820285,16.898752930380862,2136.810866043279
2020-04-07,3.042279853909943,144.92325409630155,15.117364631176008,2137.9220253687663
2020-04-08,3.7380561186857237,144.42157952672213,16.330141062089258,2138.6619981908584
2020-04-09,4.031810807858381,145.46752692158395,17.766113357819485,2139.3843374504095
2020-04-10,0.35113855774624686,145.35120660770016,18.02368746141176,2140.183502959512
2020-04-11,0.3602961614150006,144.4566142136388,16.06209052826674,2141.094516889059
2020-04-12,0.3338945593964679,144.4926234703716,15.654500353753836,2141.6379549235635
2020-04-13,6.158634624571949,145.5821679495529,16.261657413787407,2141.686577796452
2020-04-14,4.411968117719118,145.02649893983678,21.193283010109887,2142.4583222224646
2020-04-15,7.3845710636737625,144.68690753030958,20.065535102849864,2143.2201400046565
2020-04-16,0.5310461441043102,144.4425720282332,18.009829669278094,2143.7669149087315
2020-04-17,2.1343457107531516,145.01784188316677,18.09243107155283,2144.259589591305
2020-04-18,1.9223470375994989,144.91371860548813,17.457417561231956,2144.6544954423784
2020-04-19,10.428581932065486,145.33614136805417,20.056717263509135,2145.0794755357924
2020-04-20,4.8961115232956605,145.00854864879383,16.865021173355448,2145.432291572903
2020-04-21,27.03559851629292,144.97941886372186,20.69115559531289,2146.307042085859
2020-04-22,24.31375522646908,144.56668977725434,20.063784899350768,2147.2809001052115
2020-04-23,0.31075300041679627,144.45655306393365,18.856701059382267,2148.5448171695666
2020-04-24,0.04693502906948949,145.386715345977,19.163277901636093,2149.230394619953
2020-04-25,0.8251391638656543,145.12951752338415,20.04846386381459,2149.9352622260963
2020-04-26,0.24491935542135876,145.92264611029643,19.765668220191788,2150.735217735867
2020-04-27,10.414187056675834,145.3643820302608,23.102268332838396,2151.814072856287
2020-04-28,0.15793419193561556,144.80535281427794,20.6178861439264,2152.430613713922
2020-04-29,0.14436781234537827,145.04141404414338,25.41313701769192,2153.174166671111
2020-04-30,13.875512846453416,145.80663750302472,17.87672115164189,2153.7091664413906
2020-05-01,1.815708394268222,145.21580671101614,18.105351768375304,2154.522174967088
2020-05-02,3.2007889440947888,145.6706344214196,21.12993706893039,2155.2137433746134
2020-05-03,3.758441989052828,145.68224058662452,20.653972781449152,2156.0033180139244
2020-05-04,19.913894415682172,146.2878774782743,21.316232961492386,2156.538191787104
2020-05-05,0.7960608422421455,145.73097275350887,21.001032966072763,2157.595410598717
2020-05-06,18.101737319831802,145.9737571605084,20.517777583200235,2158.3253074916383
2020-05-07,2.7547096438887864,145.5541061206182,22.042312780279268,2159.1512400527145
2020-05-08,3.4548170211651428,146.2480552117587,25.10092870467909,2159.547508161475
2020-05-09,1.8086274334445778,146.62035191124104,24.472934233515126,2160.4469497455866
2020-05-10,19.421228578358857,146.41509879882597,22.289934160538724,2161.405970337129
2020-05-11,0.2971635889133419,146.49884452483474,21.26196091135732,2162.1388800158193
2020-05-12,1.2515861057208673,146.56931045153064,22.321159210056326,2162.444219054322
2020-05-13,64.75181816567509,147.06674569144943,18.573784410856458,2163.7286391987104
2020-05-14,1.101192487330544,146.71061419637476,23.48338738210377,2165.097293283666
2020-05-15,3.8173737110798744,146.57082004850488,22.49477564302037,2166.3416094990184
2020-05-16,5.082404553337455,146.35809347796518,19.8137338650823,2167.39928081696
2020-05-17,14.309856170399634,146.97229420385779,24.279158490875453,2168.321908720334
2020-05-18,7.76858332631665,146.85610183071762,22.1586738421626,2169.1809518353275
2020-05-19,56.38453281350982,147.9001839141976,22.504026238226036,2170.8700754119477
2020-05-20,23.445684060717518,147.24905836764353,24.97009942617694,2172.5684603131826
2020-05-21,6.28164920886871,147.7592996781154,24.1265117414965,2173.946232455305
2020-05-22,2.1128126086673045,148.19176367590782,24.369160215064717,2175.2890937410257
2020-05-23,4.7135717483118516,147.94899800073296,25.294949939380917,2176.6681328273157
2020-05-24,0.2221339969911424,148.53459584655096,22.829612904434136,2177.6763037664928
2020-05-25,2.961831732170618,148.6271161297395,22.57900011656886,2179.355877938898
2020-05-26,12.51499609588663,148.7049695638846,23.984470886284026,2180.5254849347953
2020-05-27,19.069670279490293,148.71354826175747,26.378636458099095,2181.783614168486
2020-05-28,46.24993172314668,148.60423393220884,23.83264215311923,2183.3116390982213
2020-05-29,2.193166593414691,148.2647022962919,25.904918554426914,2184.7892774480288
2020-05-30,13.743814284052299,149.06136135117734,24.7993280457303,2186.182174202347
2020-05-31,4.92035722698045,149.7915115906671,24.580854664643574,2187.410282851067
2020-06-01,31.80230579305824,149.06083048348432,24.34388318566419,2188.9526787216228
2020-06-02,5.143692392406036,149.7999863826035,23.29367525642894,2190.3282520238236
2020-06-03,3.2667121122994254,150.09955742638078,24.90873476035191,2191.4462393724248
2020-06-04,0.0408327924195885,150.4048754312341,23.65893725710285,2192.826501611422
2020-06-05,2.3993780514463148,150.58137056829264,25.378368882244704,2194.2544605790554
2020-06-06,11.445902893238411,150.96842858865998,27.839487314209087,2195.246476175359
2020-06-07,6.612666561841698,150.49751568297907,28.422883001477366,2196.3236066874892
2020-06-08,1.0590413420951015,151.80101354085934,25.891594165854293,2197.292089242547
2020-06-09,12.926930187772887,151.9122284296149,26.292619846877926,2198.0640983100766
2020-06-10,2.023910758705761,152.06930101841039,27.44875919435496,2199.023204294189
2020-06-11,4.783683698739295,151.96049512886324,24.236929093030433,2200.0409032530324
2020-06-12,29.440101453281994,152.21801528122782,24.92488428623722,2201.412515042985
2020-06-13,0.8060411434414326,151.55156634099436,24.451780777574236,2202.5058215278145
2020-06-14,0.23474957924775586,152.18350802126895,25.124543805143343,2203.6809958419076
2020-06-15,15.275234766096402,152.03198197433179,23.9116351683287,2204.522799580493
2020-06-16,4.909306544732757,152.987327152116,24.61683390319516,2205.3393263265198
2020-06-17,0.2222689966766536,152.8713648658034,25.390588605122417,2206.6146544790886
2020-06-18,18.61654513827072,153.25047762261585,27.51075424163915,2207.688253886064
2020-06-19,23.68501625846593,154.0721257195673,24.007093089669898,2208.707430082319
2020-06-20,3.550728728191512,153.8330467812484,24.69476649490036,2209.6665237935777
2020-06-21,3.1733273415550562,154.40132486980838,25.07832436515769,2210.8649911295247
2020-06-22,25.83987035654534,154.23587680490795,26.632916661572033,2212.218612901646
2020-06-23,20.227650831419595,155.22201480955982,27.55907786539047,2213.414326895911
2020-06-24,12.792463006407663,154.6908118961432,27.186546547358905,2214.664058608963
2020-06-25,35.17603011271181,154.87362116398748,28.537678116331605,2216.413931575736
2020-06-26,14.810513462514827,155.01395507270192,28.21138466759231,2217.7368672563985
2020-06-27,16.34423518717271,155.82696153043256,20.74374544372106,2219.17805716328
2020-06-28,3.9299833953426724,156.0896070326636,25.765810069582315,2220.460654096988
2020-06-29,14.441745427646431,156.66471881510793,24.697186943428086,2222.0070140235575
2020-06-30,20.593682562359493,155.81583857401517,25.398845320770434,2223.6369088254473
2020-07-01,7.790830939544358,156.575616347158,26.737346040524226,2225.0338047842865
2020-07-02,5.658483330756875,156.60642833351136,28.210007684036263,2226.4966548898865
2020-07-03,0.38947100186944256,157.4528951939368,25.83569945291206,2227.4522236171524
2020-07-04,0.8526362124813801,157.59984600571937,25.94232053595042,2228.542058635492
2020-07-05,1.230615597550049,157.28621800022847,29.295791896062504,2229.734237809284
2020-07-06,206.54910561609114,157.95927421369694,28.56155894966741,2232.3796927478334
2020-07-07,50.46941104388703,157.96158097468353,24.4538879131857,2235.3543727165115
2020-07-08,23.6055424016817,157.7569579443263,26.610968483363152,2238.009176751889
2020-07-09,0.6365728025558631,158.7353278737294,26.743131792538012,2240.8845969165104
2020-07-10,16.21442155468124,158.42596053080794,26.98756173430062,2243.3452268857577
2020-07-11,11.428454705448928,159.63960234650625,29.373541775321513,2246.0434714066973
2020-07-12,5.108089555680856,159.78673330977685,26.29032394819706,2248.1653242230627
2020-07-13,5.183941287044123,159.6986441849039,26.59069268492593,2250.1146177271517
2020-07-14,13.308589931616837,159.9120581030296,27.03177526114096,2252.3143662264383
2020-07-15,5.195446580271654,160.59697346250277,26.956975488874676,2254.222024110641
2020-07-16,3.3386249537478156,160.63845897449772,27.6381976102839,2256.1783392921084
2020-07-17,5.64655782144456,160.31568089631497,25.14223810509415,2258.1212595334505
2020-07-18,23.74546479572422,160.82154231207443,27.235901816436588,2259.7395850867424
2020-07-19,3.8960192179326083,161.29517674522822,26.91791923969699,2261.740679473887
2020-07-20,2.377333751419983,161.2971182853004,27.88983285162719,2263.399520180803
2020-07-21,0.41279449114074745,161.82682730316301,25.602465008032205,2264.8435036950136
2020-07-22,70.27403961787901,161.8943047219611,26.0451711211415,2266.5823517517942
2020-07-23,0.43236395853038645,162.49371422429056,25.246849526187184,2268.215878023134
2020-07-24,2.946446734519246,162.92961807490474,25.665947714016855,2269.9977799412773
2020-07-25,0.955581455529366,162.49962255753113,27.033129336564727,2271.6835762267406
2020-07-26,24.22494025272563,163.26481156760383,26.69089391277086,2273.2881098988423
2020-07-27,4.041076211645464,162.90105926984512,27.987850115767834,2275.0280010031083
2020-07-28,11.359773610276553,163.80137721490073,25.169206198529643,2276.565603348337
2020-07-29,27.521193359378987,163.42174067906785,25.580754013144194,2278.128605663201
2020-07-30,11.521916970729105,164.1555374884685,24.33793803223683,2279.596284843553
2020-07-31,11.565884201153194,163.97426819595867,24.396135953017343,2281.492207134319
2020-08-01,8.025627871407403,164.104876426365,26.882977523181943,2282.900605877154
2020-08-02,3.1601729442901285,164.91429523612408,25.05128455852781,2284.082133321392
2020-08-03,5.534277094300098,164.90980614445238,26.11132752943902,2285.2234740781337
2020-08-04,2.281760573225896,165.66392400504506,23.936515857682192,2286.69540647527
2020-08-05,22.614869281424273,164.83265941682617,28.045921125694917,2288.4034696412973
2020-08-06,43.01742521590158,165.47830138682446,24.026434977416283,2290.0675495179485
2020-08-07,141.7173916478452,165.69456196117383,25.300308523631017,2292.5656009419044
2020-08-08,65.30913534856145,166.3225229343731,26.227879110090306,2295.449525793158
2020-08-09,1.7907024406094836,165.57170255827415,25.596038167282572,2298.200957217659
2020-08-10,4.989096343026749,166.5240888532012,25.285822590035604,2300.7677325960053
2020-08-11,10.59075924676912,167.43957548660038,25.685789989221917,2302.737747960034
2020-08-12,29.701986821711674,167.07535306134596,25.588128456327954,2305.2088636541953
2020-08-13,2.044904011283151,167.2939328151258,25.11518842806899,2307.4346886728213
2020-08-14,2.4135747955976647,167.61300987737934,27.050306721275234,2309.4005823770276
2020-08-15,24.389566977692017,167.72252618934743,23.11453256084426,2311.609030969758
2020-08-16,12.88252659093309,168.20286158727797,25.886549147206583,2313.6075481408066
2020-08-17,8.163430931969003,167.69695475305366,24.682366446545632,2315.4321669714195
2020-08-18,11.6933093505284,168.19821850074285,20.55404103975126,2317.527692515588
2020-08-19,1.2101121329272237,168.73495352822397,26.82442052189204,2319.4455775870438
2020-08-20,117.62227870980189,168.7479589910184,24.746052218352595,2321.907600013129
2020-08-21,1.122418484214087,168.4906767633471,25.293163160792282,2324.3772566457446
2020-08-22,17.639759793630624,170.01720608695524,23.463168402381548,2326.9181851700287
2020-08-23,0.4668775661432288,169.81897756517296,23.25196492479899,2329.401169447639
2020-08-24,2.429019916394225,169.56684529069062,25.246981938722275,2331.3526105063743
2020-08-25,3.5394276256973143,170.1469078392378,22.19056895905135,2333.2882511852545
2020-08-26,15.275505484899492,169.83684640702242,26.36584108125674,2335.073210298804
2020-08-27,14.006286120326207,170.78365471787936,23.51319054807244,2336.9559394450134
2020-08-28,3.549124951644398,170.1386143670191,22.975410902049706,2338.8954340060263
2020-08-29,36.005746727829944,170.30449995610866,23.20202085666289,2340.602035442746
2020-08-30,0.8382344470228443,170.09389471238438,25.729633620992058,2342.27775212896
2020-08-31,0.20899991942604207,171.27857741687143,20.137521561481833,2344.054569947299
2020-09-01,20.3379626356016,171.32399019357564,21.27225036875447,2345.6297824481376
2020-09-02,7.3311724725936,171.58817823791688,25.426708905991013,2347.192299239643
2020-09-03,16.707841217148967,171.28279893213653,24.382350487167002,2348.8527744906237
2020-09-04,1.2287607346680545,171.12246678628867,22.18251828686827,2350.0529853072435
2020-09-05,2.54120386930683,172.58335724999546,19.79910180735511,2351.2681099263395
2020-09-06,6.5369062136953575,171.96504872474517,24.344169959937453,2352.9550606047515
2020-09-07,11.153932887369988,171.9163668103357,22.15016061533539,2354.504201571206
2020-09-08,0.3522716851178168,172.52671268351307,24.319702901764934,2355.806417263951
2020-09-09,1.285579159828465,172.37539842974365,21.51961999709265,2356.950767715026
2020-09-10,9.913975241595757,172.40478554134927,22.06736338915604,2358.106983809129
2020-09-11,2.168036695634672,172.20976889526202,20.924183491209302,2359.1012937774785
2020-09-12,1.5381914795113458,173.47391387831587,21.71713813846292,2359.9583484533423
2020-09-13,1.5312848362407818,173.36066571928632,21.506334267646572,2360.9713559825022
2020-09-14,5.135848984636263,173.5277630222577,17.974991143541693,2362.085328341914
2020-09-15,14.529901415499769,172.87516598118532,21.190512897683327,2362.910280526395
2020-09-16,15.329437189970427,173.36007655243432,19.17955298360009,2364.003477195194
2020-09-17,10.071543164941545,173.54082799802256,20.614300726865736,2365.3037820129152
2020-09-18,5.835718026471608,173.05831094379204,20.52875356021953,2366.309295151703
2020-09-19,16.455815643131174,174.17498257747152,20.92314976406414,2367.1793760358096
2020-09-20,3.326342676388187,174.27033834249852,18.17496081080542,2368.4488383968187
2020-09-21,4.017459480675306,173.90908673749348,23.34646409283334,2369.310863792952
2020-09-22,1.2263275405652347,174.1124061451928,20.521015563120393,2370.2569919913262
2020-09-23,1.1519611760470556,173.594968402523,19.559331602899665,2371.2948029485115
2020-09-24,0.26711958158091037,173.45098662750726,19.102447241039027,2371.9224030546366
2020-09-25,0.25108745588010506,174.64325914386697,18.533803778261305,2372.4952490100454
2020-09-26,3.523717180407092,174.68522587841775,19.16710920390327,2373.221576574585
2020-09-27,1.2857430808095063,174.2538663831644,17.972835204620893,2373.822965002169
2020-09-28,2.9086709537919404,174.2200092117474,18.219212037843054,2374.4220616129473
2020-09-29,2.0622512808584985,174.79407932590473,18.266361530977534,2375.0109176900783
2020-09-30,6.239758239843381,174.3988342604481,20.052632253138103,2376.018321815302
2020-10-01,5.137709551469441,174.28923483684815,18.98619199331393,2376.7148197948795
2020-10-02,14.716377721692876,174.15854436351046,18.921267154953153,2377.2933511952083
2020-10-03,101.71238432432135,175.08181356125775,18.43287674951994,2378.7923427274695
2020-10-04,2.0555728405945497,174.59275636924443,16.023664417794574,2380.314721015124
2020-10-05,2.596268742518037,174.6320466643794,12.682361646978068,2381.3181194545505
2020-10-06,3.314481628964667,174.74778704779968,18.26797595451713,2382.7287594048867
2020-10-07,0.0006968379772638551,173.99738057431782,14.788143462319482,2384.381197462581
2020-10-08,3.0741542738212613,173.8694634901152,16.749813006552564,2385.3511459038764
2020-10-09,2.3387098242585016,175.14182658220156,17.929497744632627,2386.4856503022447
2020-10-10,5.680778871591773,175.05439206269017,14.806237619617772,2387.4374167458827
2020-10-11,0.8183728809842022,175.47694151088768,16.858389370311606,2388.2338031907934
2020-10-12,2.845036855402829,175.75435725608966,17.881391725077933,2389.405749686544
2020-10-13,0.9643649229696268,175.33667413459202,16.349554945266974,2390.5557816181745
2020-10-14,2.0402180744949776,174.73234899689146,16.077655473167887,2391.38307247965
2020-10-15,6.137758537258364,175.07351442084826,17.083640094352738,2392.330224783788
2020-10-16,6.215007047174457,175.23581570208333,14.686579341938737,2392.8691267930776
2020-10-17,37.7999440739931,175.5654599793763,14.691124648551478,2393.799696926475
2020-10-18,0.1467800330126113,175.24974491455987,16.30665079483847,2395.0431801773266
2020-10-19,4.522550581257527,175.0510839707973,16.29041122164832,2396.0307166706225
2020-10-20,2.799072209836043,174.85884758058756,13.717679233691221,2397.1443488285904
2020-10-21,0.2988638299119458,174.92153032574757,14.893893352902142,2397.728673900728
2020-10-22,3.6866060781839263,175.12121658196008,13.765578900344144,2398.3933245477997
2020-10-23,1.9630666691578431,174.80559448918413,15.776538353161143,2399.1999206051382
2020-10-24,3.7831502687945933,174.9618066732689,14.717538182802153,2399.925113551343
2020-10-25,0.9049989138577516,174.82346765733365,17.986741597530617,2400.5520835088587
2020-10-26,1.496654500948273,174.93969354873875,11.28513573779314,2401.062185571512
2020-10-27,2.4617625791533237,174.8561211215043,12.959560991758412,2401.8657237946177
2020-10-28,5.237933810261086,174.43564955390755,13.372691633573506,2402.518764926202
2020-10-29,69.1957490581863,174.22952036771974,12.664209673585006,2403.676206347156
2020-10-30,1.3842282434945063,174.51416794154449,12.902513119368113,2404.53974664885
2020-10-31,6.143247900110895,174.72968987271776,14.563004067889644,2405.5598659796333
2020-11-01,4.090835204421709,174.25682634201905,8.907117886342165,2406.2608288462625
2020-11-02,0.9388956471378799,174.77362895246105,12.29718420269818,2407.3856635071584
2020-11-03,4.224598664526192,174.39283676963714,15.133578455995547,2408.230171248044
2020-11-04,2.6502565384315426,174.63150114039433,11.793418494694382,2409.280401699445
2020-11-05,1.515835524557211,174.287897888242,8.880262966583526,2410.3959019929816
2020-11-06,2.6004489906387747,173.60014024715073,12.023498993167939,2411.8125655405806
2020-11-07,3.9206859378865064,173.08850719796996,10.895400347532997,2412.8488188444053
2020-11-08,2.251191238349231,173.8495038880694,11.185313560529403,2413.6437432410867
2020-11-09,4.28881370536331,174.0475163268681,13.236838929725593,2414.8988147766077
2020-11-10,4.547000694036374,172.92505125516755,10.74339277009794,2416.2759297618863
2020-11-11,83.7808628552434,172.47497906914646,11.95056154548618,2417.4625075799077
2020-11-12,0.7366832192721902,173.48050350800344,12.048301400384046,2418.6875397220665
2020-11-13,8.309520549351559,172.33352203820408,12.598485027669646,2419.6285649358115
2020-11-14,3.698184302945123,173.31475420334866,9.913655085360896,2420.582033021326
2020-11-15,2.755068828637426,172.82926800536194,10.806468689069332,2421.9716593932026
2020-11-16,1.2383435034609294,172.44289520870254,10.720664256524723,2422.8185538788457
2020-11-17,1.900230126559397,172.05683952445779,9.324633034472846,2423.7795866168203
2020-11-18,0.5943240704502186,172.501203981627,9.518793771527323,2424.707513697621
2020-11-19,4.443869353948886,171.98443626846145,9.323872658025051,2425.266978698839
2020-11-20,0.17534292426905546,172.9935499724701,9.825143994491844,2426.126549612404
2020-11-21,3.635580576071091,172.37791753494534,9.58256439838286,2427.517287670577
2020-11-22,2.3449814229108323,171.3601700448704,13.528469856162342,2428.8633450346324
2020-11-23,0.45431138304410945,170.98320008872832,9.213952906813054,2429.5216291721304
2020-11-24,1.082106030503305,171.02315736655046,7.63687360949501,2430.312115417747
2020-11-25,7.965533433199421,171.56712804271245,9.866029134161005,2431.0580828406587
2020-11-26,1.6111779458064919,171.31565644401297,10.130606147262224,2431.80744470222
2020-11-27,122.61561289242485,170.9033288597178,8.724351852780023,2433.51909528197
2020-11-28,4.475126137868557,170.91386637528078,11.52555372170001,2435.223254883648
2020-11-29,1.58759955243651,170.3088913305689,10.860567128679726,2436.9847571666455
2020-11-30,0.12564986474743495,170.26194013272976,5.658558079406215,2438.2953609268775
2020-12-01,2.3625909581869626,170.57694090653345,11.134062527026433,2439.5295607488197
2020-12-02,2.6491168933338805,170.46337243866174,7.751649696326596,2441.415024677281
2020-12-03,2.3078730489722243,168.99078693592605,7.698180915246142,2443.3696423570727
2020-12-04,2.4647602829001576,168.90685296503855,6.990227031794605,2444.328394481094
2020-12-05,1.9760803248916947,168.79660243191208,8.91217517422114,2445.2258895783198
2020-12-06,5.2402178429845785,168.96652802934886,8.917821433740388,2446.2255873165673
2020-12-07,0.6111287400667128,168.88306863641486,6.8407897110436195,2447.086617886535
2020-12-08,1.4929980749575977,169.24380100654957,8.412097843357884,2448.0567415689748
2020-12-09,2.151689829474552,169.09171643619203,7.983941540387502,2449.475842378853
2020-12-10,1.4227093574004592,168.49073926694024,6.138351983030868,2450.2132918238103
2020-12-11,1.4563673588959816,168.3524504265405,7.810847082827701,2450.789798715817
2020-12-12,56.85752225282679,168.19142777265174,10.099455451279937,2452.418422770741
2020-12-13,0.491696877388697,167.072504075007,10.259666545078883,2453.847074266732
2020-12-14,0.1843129163197868,167.52934648501096,8.679210026276497,2454.5860310467865
2020-12-15,1.2651149638372834,167.16142699638058,7.793256685718872,2455.4559942044543
2020-12-16,0.8479215740727943,167.5092818359763,7.760483402144723,2456.1781860010233
2020-12-17,0.3943266397700498,167.27779118953404,6.7113091813954515,2457.638586928482
2020-12-18,0.034329997494536815,165.94988602523037,8.302144091840935,2458.715912406615
2020-12-19,0.6389610462713241,166.26844632762746,7.383862022803348,2459.471847298574
2020-12-20,1.2241587980010828,165.72123812600975,8.48211776059963,2460.467091306731
2020-12-21,0.12712238882672303,165.730820389242,8.264417607772955,2461.0810877050676
2020-12-22,0.02430534085593579,165.50062423595332,5.2696141100891,2461.4781206139874
2020-12-23,0.3833644166534381,165.31256468884638,6.708542477343063,2462.4488140012822
2020-12-24,0.03340774541032991,164.60591656610805,6.02561972136161,2462.7545055160235
2020-12-25,1.3228044510185382,165.07067192419623,7.6278346696485135,2463.5277142078894
2020-12-26,0.3278406590450481,164.91006963740287,7.971352993893415,2463.8620242898833
2020-12-27,0.09365876024870119,165.0252054182554,8.171271873587504,2464.521011739193
2020-12-28,0.2126317922101397,164.02105144540263,8.815152282580213,2465.20833348531
2020-12-29,0.1048711772998279,163.9692658314849,6.868544339027097,2466.0272612520157
2020-12-30,0.17481700960698063,162.83828490221703,7.028270833347751,2466.362726630197
2020-12-31,0.4066047706808998,163.60121356580578,7.453364321161875,2466.783702167767
2021-01-01,0.45168118126377277,163.58741102366542,7.517816084802888,2467.4695579753234
2021-01-02,0.28425912268350273,162.28803701020058,6.842421590759819,2467.949645653472
2021-01-03,0.11025008845471235,162.95253312366995,6.2384595969787355,2468.3543818131457
2021-01-04,0.06679959657808666,162.94418498825365,8.591131131428982,2468.919637219458
2021-01-05,66.5920245931109,162.12863818768736,3.9969712898697183,2470.4341515961296
2021-01-06,0.010751364693748591,161.7497878956169,4.882804716513446,2471.4964726380153
2021-01-07,0.41413046753860006,161.5658719371246,6.042739537555643,2472.300501435455
2021-01-08,0.002472504594239653,161.47009710528332,7.491065307183375,2473.0674102325474
2021-01-09,0.08118523336202599,160.55291988898898,6.443439038855252,2473.5726876427993
2021-01-10,0.001190010265273428,161.58603575808036,9.71104107792169,2474.1397876843803
2021-01-11,0.04905600641387206,161.29728462829618,7.425410248270451,2474.9226212722506
2021-01-12,0.003251959987311191,160.76972175233828,6.864253033204662,2475.972169588457
2021-01-13,0.001670741041176662,159.8668895242603,6.295928381816869,2476.471379227763
2021-01-14,0.0022243827853116213,160.65016881179687,9.191475329044955,2477.0643562294395
2021-01-15,0.002761290177225103,159.85492566395862,6.886831019712377,2477.6875113538376
2021-01-16,0.0020299867931249807,159.70404922174544,4.724919175290425,2477.9412854567213
2021-01-17,0.00012505706867826233,159.77041904674394,6.763647621880193,2478.6517010720686
2021-01-18,27.674612055508636,159.04816088757994,7.568212142045328,2479.344703697907
2021-01-19,0.0003103779982888063,158.95490044492013,7.420523017146868,2479.9494252720683
2021-01-20,0.00046046058808716284,158.48507348539243,7.446879473577487,2480.6383805793484
2021-01-21,0.0016560748132167333,158.44697342110192,7.134818995277102,2481.655485683951
2021-01-22,0.0003347335723863065,157.3805445364232,4.720149320796569,2482.3824758208025
2021-01-23,0.029160049827902896,157.32869929473975,7.814334383446866,2482.9764347996065
2021-01-24,0.004298395043712438,157.9050141353414,7.621626685317344,2483.1112775175884
2021-01-25,0.06105200033720426,157.91723585533296,7.104765428039821,2483.7798917150885
2021-01-26,0.002628588512396576,156.62141333515544,5.772430215375831,2484.7451187867578
2021-01-27,0.2047236620842098,156.86796218159142,9.290233717001946,2485.160695352348
2021-01-28,0.034538530319234234,156.7778847951798,6.89151687821486,2485.7998000527114
2021-01-29,0.08688908643445316,155.82321686368945,6.591501083895981,2486.575712768652
2021-01-30,0.21905752368037407,155.5942225742365,8.81450142574033,2486.7039672287515
2021-01-31,0.0795979104091199,155.71609527516026,6.966558300051631,2487.448773044354
2021-02-01,0.14601606883181456,154.83309693147424,7.912897902788616,2488.1791829659196
2021-02-02,0.032335094986496456,154.37531349983547,7.8860199716344646,2488.2530732872074
2021-02-03,0.07657844408270631,154.8628340987873,8.384357124669819,2488.582533931204
2021-02-04,0.4810730036364535,155.06514095878967,11.441547763706968,2489.262148307487
2021-02-05,0.07281176035639242,154.01583583784983,7.625895251428582,2489.963240152489
2021-02-06,0.9170516020264984,154.05758540710977,9.827080308404986,2490.5512646571806
2021-02-07,0.10163571728255115,152.66012600848333,7.981602694881283,2491.0986719017674
2021-02-08,1.319598996532606,153.21254612665962,5.323127856078977,2491.1383579161115
2021-02-09,0.3742987125183447,153.33266192150978,9.12195730051429,2491.208350004671
2021-02-10,0.4033110720926575,153.58183076589873,6.817457842681783,2491.7949720381353
2021-02-11,0.24567337919829113,152.22258029115858,9.118024536731317,2492.2125672760603
2021-02-12,0.05426871328662947,153.01241316734655,7.667723199806892,2492.4668403515648
2021-02-13,1.1374691799484233,152.79803932340738,7.824013639467195,2492.821734574482
2021-02-14,1.5428772188207096,152.73995410290505,5.7800735049631715,2493.5853041634223
2021-02-15,0.3641641930778699,151.4785941732758,9.20261460863584,2494.3594116106715
2021-02-16,3.048037455004157,151.81946456023965,9.946379415993041,2494.3829786571223
2021-02-17,0.6467272523340926,152.06519694054154,9.006188668322519,2494.639346251133
2021-02-18,0.3205054201016544,151.52047954826264,10.911325927248594,2495.0158736600674
2021-02-19,0.03750214190762225,151.24457427748476,7.286994949979224,2495.4546932959743
2021-02-20,0.035754161521095264,151.07437394436118,10.837161724681573,2495.5583332729134
2021-02-21,0.3732075422688129,150.85681514616837,11.830416531848183,2495.803152237572
2021-02-22,0.652151368155898,150.41569270840077,9.384453877761793,2495.9788558114956
2021-02-23,2.308168029662554,149.72389092344773,11.76196287857746,2496.4159775685075
2021-02-24,1.420087280714141,149.810098130425,11.806517368268787,2496.4370870065777
2021-02-25,0.0188183607813069,150.09474654795753,10.612602943508575,2496.698529357673
2021-02-26,0.9205676306646529,149.5308201457253,10.518622987003585,2497.4727724159097
2021-02-27,0.2296994720588588,148.74330499425972,10.817750924253101,2497.7395778077625
2021-02-28,0.9113088122863684,149.81869404493779,9.250724822335728,2498.0460309242035
2021-03-01,3.0144373971369838,148.9463969443072,11.127055391787247,2498.368643114466
2021-03-02,0.8220271136061391,149.7340940341098,10.242481569285571,2498.4375129189752
2021-03-03,0.03398190561829667,149.31579172475566,11.972581046874144,2498.9512745348547
2021-03-04,2.4593197892323193,148.61121130588685,9.158679048921526,2499.83137791701
2021-03-05,2.636026246242995,148.16161153713355,13.18969381643932,2500.369597369947
2021-03-06,4.362146066629326,147.95720858001565,7.046741866816777,2500.6127867483597
2021-03-07,0.6230687049662795,148.72317433608384,11.791936625957472,2500.8739091334096
2021-03-08,2.5826688277739556,148.23069424927488,9.917169284337241,2501.3635937695294
2021-03-09,1.113203884304044,147.78738829312334,12.12657133146069,2501.6303457905815
2021-03-10,1.3650672676915503,148.7113309009482,11.059262946049264,2502.0225659471653
2021-03-11,0.31848836639308825,147.25735643954297,11.515287724945448,2502.750820242279
2021-03-12,1.9369196725021616,146.76222752850887,12.526015418465722,2502.8828239007976
2021-03-13,1.1539290331527943,147.7398901956227,12.047579450654785,2503.2512672460066
2021-03-14,0.5357357454823922,147.13180033572002,12.575998370761363,2503.7637141778478
2021-03-15,2.9763939115769844,147.560712628628,13.517733214845592,2504.2160993319653
2021-03-16,2.036929684307276,146.88578564702237,13.873761616339522,2504.3220643897193
2021-03-17,7.293026342957013,147.755007602431,14.28914661272977,2504.6159327054943
2021-03-18,4.684660369957821,146.59210364423504,14.128783448431657,2505.367539359559
2021-03-19,0.04035199036524525,146.67646930699019,12.366027798729949,2505.583130621146
2021-03-20,1.0591882964509598,146.8209030815765,11.763422948463093,2505.9688799665
2021-03-21,5.750627301547029,146.75916818050288,14.100044576842336,2506.3224935280136
2021-03-22,5.562074180970219,146.4693577844156,13.935386585607993,2507.0156425371033
2021-03-23,2.3924891579446403,145.70160268870262,14.835314603586204,2507.218519458936
2021-03-24,1.3074046376790256,146.34253050624295,15.067297117941363,2507.554443560068
2021-03-25,5.362413127754095,145.5785758311292,10.376895027721517,2507.7721436776596
2021-03-26,2.4889268654438053,146.16405692273432,16.256431886223922,2508.031553549806
2021-03-27,0.4958456431011368,145.47226195506687,14.990787048659547,2508.305315640193
2021-03-28,3.888292280101035,145.66821564150877,16.348250924723704,2508.8350658670174
2021-03-29,1.4071419256209483,145.2570228033859,14.009840384867818,2509.2033021143347
2021-03-30,143.83938948521194,145.10607696956302,17.41202958060908,2510.6103976655836
2021-03-31,5.524011579190649,146.0075489866712,13.397220250822539,2511.722989201878
2021-04-01,1.4938743560084633,145.07040636224156,15.984592189813092,2513.440087747007
2021-04-02,10.454399443653378,145.47522074888937,15.477298035210937,2514.740658187532
2021-04-03,116.83285941862536,144.6756398162809,14.23031025759107,2516.6226569890237
2021-04-04,0.5080342104342923,145.3775023208124,15.116302420510419,2518.444870680623
2021-04-05,1.1212596625654334,145.52535745105448,17.87178496642705,2520.34622711926
2021-04-06,0.0025457449872414426,145.01479441546613,17.46335804796116,2522.5659985959533
2021-04-07,20.621898534605904,144.9891182968504,15.494374981555852,2524.135789402331
2021-04-08,0.8677484005855107,145.40770306350896,16.551347124117925,2525.9074411740166
2021-04-09,6.989768138973893,145.0754982781288,18.616485777496408,2527.4454760013114
2021-04-10,2.4755073657261204,145.32778897843505,18.841132547171476,2529.0509755106987
2021-04-11,8.847259720541684,144.67780300017657,14.033346388861446,2530.480856388237
2021-04-12,3.3336657133538106,145.4282947750842,15.807295899500222,2531.9593320554964
2021-04-13,0.16275063990185104,144.8692536935673,14.6834119633419,2533.412144099182
2021-04-14,2.0353072203548463,144.99751671054247,17.609118296121114,2534.268303611488
2021-04-15,1.8487418027791882,145.03352120426396,20.020485634394504,2535.376053822264
2021-04-16,3.569992375810716,144.87075283784745,17.843569182205467,2536.2854825462337
2021-04-17,7.265971817186889,144.89687011926148,17.66044883859329,2537.451192047605
2021-04-18,5.485209542643435,145.2651605702041,18.935805286613412,2538.5172657567914
2021-04-19,1.3679524229384454,144.38394044583615,18.59130481683333,2539.4534254188034
2021-04-20,0.2281144665225701,145.24748778294799,17.82177719845207,2540.2930638813973
2021-04-21,2.0424177767101455,144.59023414436916,17.763038765147847,2540.9574957207524
2021-04-22,3.680728253883792,145.2652302765465,18.0360852515185,2541.5896322338817
2021-04-23,16.86150781827471,145.57378829837327,21.329762941921135,2542.5910020223355
2021-04-24,0.7302203877064506,145.35614422591019,16.94307981171961,2543.454712178892
2021-04-25,3.7349705707927856,145.06862727847036,20.497036999406795,2544.4768067956657
2021-04-26,5.529177001840808,145.12927872751342,22.216290119759762,2545.398146707078
2021-04-27,12.251525444569166,145.10638732473544,19.72304701098052,2546.098932817781
2021-04-28,16.32411946429395,145.28747453033245,18.872672653794382,2546.962846915922
2021-04-29,11.464121892704547,145.17840433316283,21.321294922919577,2547.8840987442627
2021-04-30,3.9678922752051866,145.20685459168888,19.036923493788805,2548.5847580478203
2021-05-01,143.39573421663098,145.7872412351825,22.71369541246989,2550.2766152453337
2021-05-02,16.202080041109376,145.38102917899343,18.81256231847421,2552.6412651196383
2021-05-03,8.484519801896418,144.91845612653998,21.807258288159755,2554.386998501308
2021-05-04,12.219056685593218,146.44649615911584,21.83713226002581,2556.2133564659753
2021-05-05,7.248264194867621,146.2316635591118,20.898464606566435,2558.1138442017136
2021-05-06,1.1017437291858012,146.50322414187656,21.159610729440633,2559.5821913335926
2021-05-07,0.0010927733513280181,146.24585774985823,20.307205981668083,2561.232464407816
2021-05-08,2.6185060562062903,145.92957592053673,21.171777540264692,2562.5564948409788
2021-05-09,18.655718749907415,146.0907740397383,18.624339243428487,2563.9552669399923
2021-05-10,7.233193480106008,146.17866134926086,20.815307129649238,2565.446312639953
2021-05-11,8.002191808122557,146.53368547211807,23.062870173972875,2566.93414967346
2021-05-12,1.3670857694487655,146.74683630650387,22.33792771994149,2568.2638024784596
2021-05-13,14.36979151356264,146.89144447728043,23.62800043429966,2569.389563146979
2021-05-14,10.606078470761437,147.1005581280438,25.51830109684444,2570.877449626118
2021-05-15,0.626681577388651,146.51923932023226,23.17597884897718,2572.1818138328567
2021-05-16,6.877242931535501,147.21535646903217,23.00580817576134,2573.6959125186336
2021-05-17,2.8988529241908005,147.15834012022916,24.234103424896308,2574.8979176498983
2021-05-18,2.824417630279974,147.63503324337123,24.71705179728953,2576.26257979594
2021-05-19,8.527172129075698,146.46608397250864,24.039653412946755,2577.379913897748
2021-05-20,2.3391634065919296,148.05691920275862,21.35946758882692,2578.3512786063334
2021-05-21,26.866750840309475,147.49403995372,22.73154746580029,2579.4852656368375
2021-05-22,25.02468902709691,148.0968763355804,24.1875647250381,2580.523770775156
2021-05-23,2.2483386020858926,147.5755980797778,23.139622301323342,2581.5793472244545
2021-05-24,22.298343372769345,148.62069876096197,24.450378028783504,2582.5998407460675
2021-05-25,2.609149154467081,149.17026766704146,22.85615370118297,2583.629098508191
2021-05-26,5.5300680683236765,148.67407521086332,24.513106979737916,2584.8067237096793
2021-05-27,0.5154106041419045,149.03663279441645,24.146146558941656,2585.744245965321
2021-05-28,1.0302922991016359,148.53084663612222,25.073255488542642,2586.7417575219215
2021-05-29,5.260300409602319,149.26059808278973,25.110985775878348,2587.6931952565524
2021-05-30,11.265429382465815,149.6242150652714,26.49088552888402,2588.444084620576
2021-05-31,7.663549311995815,149.5389116439984,24.618384381326415,2589.4125007188127
2021-06-01,2.3248619017970147,149.5936442671004,24.27670474618252,2590.2272819154064
2021-06-02,3.0403838941168004,149.46734079195005,26.334442671510324,2590.985281354666
2021-06-03,2.1240855284006326,150.05688937674233,24.161734164411573,2592.011696801207
2021-06-04,10.703079824388574,150.4180169183048,26.39703861237958,2592.890773434508
2021-06-05,20.457566058183893,150.78563499712394,26.494222449059833,2593.8991532593154
2021-06-06,2.4695568640111527,150.05929838136203,26.487977416523098,2594.7202162033136
2021-06-07,0.1712229922619627,150.60272204915287,26.35266257773701,2595.347878266349
2021-06-08,4.531468835264409,151.11855396532846,28.620811796969246,2595.918991897055
2021-06-09,0.7913559027869056,151.33263132563806,24.901576716717337,2596.5240894598237
2021-06-10,0.42525754176369623,152.2654365107426,26.045318209660657,2597.2791326251663
2021-06-11,3.245199073871398,151.9485068240892,28.259461131615854,2597.9293752919134
2021-06-12,0.603246726666672,152.30654088544264,24.700503179324443,2598.532658562789
2021-06-13,13.435725148392255,153.07169923307197,24.73461777595989,2599.4395869703962
2021-06-14,12.635352745108332,152.00051734769588,25.202714313613342,2600.2544890098707
2021-06-15,13.235377216291015,152.48921787070424,26.550631448641127,2601.055338779321
2021-06-16,8.794047504935607,152.64805161299836,25.245575155903555,2601.6533207927578
2021-06-17,8.871554450843023,153.47997637079627,25.09996807505908,2602.233066894267
2021-06-18,0.4130020147916496,153.0553654259329,27.66875773510258,2602.697188556885
2021-06-19,6.824229163490706,154.04447819324892,23.85614515136669,2603.5336764601693
2021-06-20,1.2339439093469116,153.50359208500808,27.12885014235222,2604.241130829776
2021-06-21,12.9540950338391,153.73932188301555,27.483204619187962,2604.8530673061864
2021-06-22,4.119168477537958,153.95422061556204,26.576958003076072,2605.3509307483873
2021-06-23,2.2040035706494057,154.62440230204163,26.19021005523734,2605.8251695719014
2021-06-24,13.743454191248537,155.18154241333758,26.672023448861683,2606.4781170924043
2021-06-25,8.481785469480366,154.67712239927442,28.89152072973407,2607.1989331327673
2021-06-26,14.40773150152948,155.52782798620248,29.73349363200466,2608.0236648677114
2021-06-27,2.3597612439505355,155.47966960479621,24.67379869869685,2608.674513041016
2021-06-28,1.2105656967209166,155.76429117220016,26.031694515223478,2609.3581371648447
2021-06-29,14.4997385397766,156.33477757850622,24.80460332738721,2610.4176526797937
2021-06-30,16.274976268731052,155.45435017262255,26.46900910792716,2611.390513622625
2021-07-01,1.8645053533079399,156.4211668296418,26.663980632052663,2612.304231099288
2021-07-02,18.518099178242853,155.85290560062091,27.92147136815099,2612.990333636927
2021-07-03,6.797564167565067,157.23557855515216,27.469106257487066,2613.8258523950685
2021-07-04,0.8964447085086449,156.50728250687163,27.50605402109634,2614.4715001198515
2021-07-05,15.299502135092247,157.23907927170313,28.447504100132765,2614.8932735276594
2021-07-06,5.07072329515707,157.11463187583644,29.090192375634746,2615.5645322643613
2021-07-07,38.31949865799366,158.22108363543055,26.62773905096849,2616.6479652084563
2021-07-08,36.40729777930926,158.55870316241348,27.314828801174162,2618.0003946380953
2021-07-09,0.4224942884285668,157.6293041060325,24.456388557749843,2619.12876060388
2021-07-10,0.882972333572963,158.89748593982978,29.267875083817895,2620.2203389278616
2021-07-11,63.789674492867434,158.3992494929722,26.413243553743726,2621.7018783643375
2021-07-12,41.29886056627068,158.63926615707086,27.45738730784571,2623.483133709996
2021-07-13,26.41184474172215,159.73299393573456,27.88225440323168,2625.2256381977577
2021-07-14,12.889675496282534,159.66185263047058,26.227940377743376,2626.899170079299
2021-07-15,11.226933341690748,160.05140861017432,27.12049054823637,2628.9212124569685
2021-07-16,7.9206168941513875,161.00194494458282,27.78018756522807,2630.392856456318
2021-07-17,1.0662072528312116,160.35216582860176,26.827698127983624,2632.192134899042
2021-07-18,21.736157874109395,161.0173061667241,24.389875519757716,2633.7249867194887
2021-07-19,1.517363172932522,160.27824823533862,27.425588872965815,2635.5540902555585
2021-07-20,8.783571551215108,160.94616873789843,27.402240304549338,2637.077184612372
2021-07-21,14.234173684071639,161.6877067670612,28.511171045179374,2638.3074663428947
2021-07-22,8.665887599937703,160.98078711450134,25.36967169653729,2639.7806640265044
2021-07-23,57.25348743324701,162.09050051356928,25.31737250595379,2641.6459845213603
2021-07-24,26.957744718758033,162.2018671193709,27.29106270270006,2643.3947204049077
2021-07-25,7.659967978910166,162.24154263055303,28.502246309554298,2645.139520024707
2021-07-26,18.128907788466986,162.33380631945062,29.55514786625778,2646.6586614438975
2021-07-27,13.03712579438091,163.20343009521068,28.418528796581228,2648.152129898515
2021-07-28,0.802861172137204,163.44417456792,27.100007881478184,2649.949031030446
2021-07-29,12.191305842930685,164.03145224126078,25.452551286179197,2651.7120285085684
2021-07-30,9.636186983510541,163.37462701433608,27.232854053954252,2653.376505668291
2021-07-31,4.06590983903027,164.77276426469044,26.42628957865552,2654.637746507451
2021-08-01,1.104363717205999,164.69928685608087,26.58840487827155,2656.355215107782
2021-08-02,3.2746834694608915,164.3896860566959,25.95476662617717,2657.762309105106
2021-08-03,5.298536329796497,164.50983106380212,27.148765810364377,2659.3070878560193
2021-08-04,33.794560615703475,164.33527885077132,25.231285772740367,2660.854479385948
2021-08-05,0.8314445046998641,165.55547339102773,27.138455981306365,2662.4065350514497
2021-08-06,8.175121690587,165.94662086703053,25.725380322618065,2663.569589918427
2021-08-07,3.898636535407777,165.4074142368011,24.100978086029727,2664.5807666478204
2021-08-08,11.403936185569998,165.92854876658794,27.473948896266805,2665.7323887352773
2021-08-09,8.83185835253131,165.71429297648476,24.732658513565823,2666.918746925348
2021-08-10,1.6584665684029516,166.52121189997672,27.324882806347507,2667.851080816923
2021-08-11,21.963074281064195,166.60813322467487,26.002795960538013,2668.9948125570554
2021-08-12,6.908843136808453,166.8460346114203,25.19232867756626,2669.9446341245607
2021-08-13,4.546383998151908,167.62846288152824,27.825429994459114,2671.0802709769473
2021-08-14,171.44773537910558,166.66349454659036,23.69719370377883,2673.294444892303
2021-08-15,6.84973308320242,167.7000688855966,25.138017371502546,2675.6311876429054
2021-08-16,8.69880896182626,167.01716660684778,21.768781722813834,2677.978614691393
2021-08-17,21.796868911980063,167.81383947063793,23.95346450208009,2680.0923616936752
2021-08-18,2.413560781965808,167.5818223759011,24.884777689838273,2681.8159112422645
2021-08-19,13.636836894873461,168.5100159554938,22.040387638060324,2683.5764063610604
2021-08-20,28.35487348398828,168.14823501262217,25.91590685061103,2685.523928670069
2021-08-21,4.141142073867684,168.43904934505005,26.79554863963895,2687.238454788812
2021-08-22,1.0888307422503962,170.04171039841407,24.88977727340194,2689.0540873960495
2021-08-23,6.343312437110098,169.6896316674258,24.0141091497489,2691.3450054274854
2021-08-24,5.4777352667909796,168.9264875350062,27.384537188971258,2693.368803554879
2021-08-25,20.86219680785588,168.97632202148515,23.587491285808298,2695.048465426921
2021-08-26,1.8123653132064863,169.67005711872818,26.315079866697197,2696.3874977116407
2021-08-27,8.548586805129299,169.7431792016818,22.931996633469797,2697.9011581484806
2021-08-28,1.5963323349706153,170.96449438293635,26.2999376956651,2699.1941219177074
2021-08-29,0.7206212152048612,170.25753737925245,22.640597901660467,2700.634223095595
2021-08-30,12.114806960864776,171.17776050924127,25.061879659636777,2701.9644798236054
2021-08-31,16.441490482343728,170.61775969281138,24.24729811187765,2703.5133637831213
2021-09-01,24.62778102540368,170.88072096973812,22.024842137367177,2705.1087192841474
2021-09-02,5.150400030326007,171.24305692400162,21.27099698971472,2706.4154939450573
2021-09-03,40.92478212165835,170.86518567028645,22.664182295676735,2708.1804369787974
2021-09-04,2.2976520088932615,171.36256162810685,24.351285480612596,2709.373331913846
2021-09-05,0.42302137743085666,171.74348649655954,21.261996646467708,2710.775048479875
2021-09-06,0.8013551949955081,171.4368095979089,22.51834659288862,2711.972520538574
2021-09-07,0.5101015851007289,171.6814002494385,20.968742968485778,2713.160710543637
2021-09-08,1.9151654521339814,172.1883959574666,21.40654916606868,2714.3089127342078
2021-09-09,3.741232399027398,172.2986521774989,21.953936919217302,2715.091822795845
2021-09-10,6.254894736364075,172.2831280750897,23.30666670537547,2716.2171536358805
2021-09-11,21.377312974788445,172.59012677548972,19.56543975454327,2717.338098362695
2021-09-12,8.616815364993982,172.33838735666234,20.764584734942893,2718.38569898162
2021-09-13,0.7872721494412277,172.37637083126128,21.70305791368474,2719.4425453365534
2021-09-14,11.168936663347846,172.41605276684484,17.786573563766897,2720.4962324285493
2021-09-15,0.19760170603067273,172.5797446432751,22.405041283720507,2721.7136819805287
2021-09-16,0.0040715446661156425,172.84334516947857,21.20469177650386,2722.6278428032397
2021-09-17,1.746825418152323,173.01214450760736,17.71699475254995,2723.466724337784
2021-09-18,5.4011559002624985,173.39282245804569,20.925085445477702,2724.2916330657918
2021-09-19,2.667548803642568,173.63201112268928,18.444845685124793,2725.251874862241
2021-09-20,9.35857446826829,173.51037229623384,20.27882281800854,2725.739192559425
2021-09-21,15.434896610353597,174.24082774807675,22.012404651651703,2726.4736436179646
2021-09-22,2.894895754762605,173.9800724579343,19.449296501704836,2727.3355032149902
2021-09-23,15.891642703125026,174.3437215906649,19.830929952085295,2728.1100183209214
2021-09-24,11.376344324985585,174.55765079077318,19.498064129231484,2728.8992350595986
2021-09-25,5.418751033843482,174.05832140729854,17.991438222267856,2730.2867304374863
2021-09-26,0.572845336466203,174.04660863435717,16.931578034598317,2731.072185474717
2021-09-27,3.6782202782613753,174.3134999916194,16.548396517153638,2731.91449805935
2021-09-28,8.36426676093261,173.97440174416528,19.26336378253915,2732.6215982825547
2021-09-29,0.9677386593751454,174.77544389069521,18.314014323739507,2733.490610615939
2021-09-30,4.79115595659679,174.39086523024287,17.691424668249347,2734.342986374272
2021-10-01,14.914545092642099,174.0949755296533,16.950078696313255,2735.0770710315646
2021-10-02,1.4403183995295676,174.1725884549229,18.391061712483918,2735.869100145746
2021-10-03,1.1332074508370733,174.80558663845844,16.971137789300737,2736.8298693965085
2021-10-04,3.949512246849072,174.6648866288887,17.949988507535046,2737.761008654549
2021-10-05,17.513157189420564,175.14939235186287,16.814680197930468,2738.535909826847
2021-10-06,13.216014912365424,175.1367406825772,19.510776614646826,2739.477402870461
2021-10-07,2.5690566428502697,175.47342708469716,16.835557368000664,2740.1307345635078
2021-10-08,4.895386375741875,174.8038553919744,15.475642592604554,2740.9020201542053
2021-10-09,4.372540044476787,175.29670945425295,16.986832513872496,2741.7566758247253
2021-10-10,3.0050322885831315,174.6826843070336,15.091522621292706,2742.6425117133267
2021-10-11,7.363937869681086,175.16702975752003,16.481886631700583,2743.2148788727372
2021-10-12,0.0134172987567181,174.65461988611392,14.326512873821502,2743.8378958436915
2021-10-13,4.888736504607619,175.4167116272776,16.29223121957812,2744.5712117111207
2021-10-14,10.30108365112089,174.91379296816788,15.58280556575674,2745.518000885526
2021-10-15,2.8252841361926935,175.1513485222803,14.581946648987598,2746.3952008112765
2021-10-16,9.715543347090184,174.7400113767702,15.23703099319647,2747.0468131229004
2021-10-17,0.2765074407785141,175.45695735340115,17.89429020716781,2747.7035286978044
2021-10-18,2.8908137513684005,174.8636279225774,12.937960178553954,2748.275405997174
2021-10-19,4.2954895311360275,174.92905780639433,13.762478032949652,2749.046286210537
2021-10-20,5.326908244541355,174.49533666662893,13.161904947205104,2749.815808213909
2021-10-21,8.877137133396214,174.54421628163652,16.320583518364103,2750.4721290973125
2021-10-22,3.26317521778415,174.3388678968311,13.577495986165893,2751.155291277895
2021-10-23,16.728052481657873,175.09837863980007,13.461762213226848,2751.745943157793
2021-10-24,1.739295802000424,174.46729531863437,16.18230935827084,2752.7669482435786
2021-10-25,6.405505202429898,174.55711501287124,13.153798365202885,2753.6100059290325
2021-10-26,12.964374815531823,175.02453242968733,16.29661177144713,2754.29973348626
2021-10-27,9.289318581573943,174.25657062685374,13.541959928326367,2755.341993697097
2021-10-28,3.431759160909358,174.28475227185768,14.368936457352394,2755.982824264923
2021-10-29,5.363279009806494,174.4239510715455,14.95442532446273,2756.318290451308
2021-10-30,5.275796953590995,175.0534777010763,14.324446250266393,2756.9435823566505
2021-10-31,1.0074554620008074,174.42960839561817,13.705330861074335,2757.8042328703964
2021-11-01,8.002648199600804,174.48931604593923,9.63788120382467,2758.7859451827853
2021-11-02,3.418288771927336,174.0896872556088,13.336282816797016,2759.350899949523
2021-11-03,3.152418243747336,174.52815433236984,12.51505985908412,2760.2569385830493
2021-11-04,3.0238041467211376,173.69126228622514,13.934397018654709,2761.021653649268
2021-11-05,6.059274010504297,174.02760041340719,13.843324807204779,2761.814586788374
2021-11-06,0.0027709130502702305,174.09891217648112,9.305467549800802,2762.4286006324787
2021-11-07,4.18957361040489,173.70491796044013,10.75565217287567,2762.839297752552
2021-11-08,0.5352641890697415,174.0347884560682,12.412702565858247,2763.0661862912543
2021-11-09,124.41849165281552,173.64899802982353,14.386618294544718,2764.6321865054315
2021-11-10,9.386430135331304,173.7609627358144,10.3876209378273,2766.342772484666
2021-11-11,3.9737751058266766,173.18599279201666,11.666914823554032,2767.8870908314493
2021-11-12,4.150611204874293,173.58632178379688,9.396925338117004,2769.0400166882305
2021-11-13,0.006315618425446002,173.21884413066198,11.21628956284492,2770.4767111598458
2021-11-14,3.393563666927407,173.37002170446038,11.018272680663078,2771.4305414787755
2021-11-15,11.295381068893212,173.14779552668284,11.117072420454912,2773.0025155846774
2021-11-16,0.7822799031580384,172.47938116592022,10.215519516634725,2774.6331888737855
2021-11-17,4.5986271973889465,172.19533454872692,11.520139833977211,2775.402668483696
2021-11-18,0.642845743692089,172.7763853772478,9.543208487850823,2776.3658058989226
2021-11-19,0.9989015388983142,172.12015669767462,12.558652288322065,2777.310791520265
2021-11-20,12.38070998381594,172.59273777817512,12.058751491911856,2778.0873330509307
2021-11-21,0.6794521253835845,171.99148790513905,12.220044842197684,2779.1523262880023
2021-11-22,4.1205900799300235,172.11278763645657,10.552531574563703,2780.18065293243
2021-11-23,3.29101611462928,171.42066842932388,9.215597183366906,2781.8553615910155
2021-11-24,0.7926779505226267,170.44690127268717,7.701288612884879,2782.7557241629825
2021-11-25,5.2337650877214825,171.29890106519517,9.331344488956082,2783.5021856357994
2021-11-26,7.557263567717801,170.8109405928944,7.4868234343770705,2784.4898941737397
2021-11-27,6.140314059142551,170.50491745309265,7.842315143616155,2785.25072290818
2021-11-28,1.8515372080827015,170.37101707236,12.727166433530353,2785.922425400299
2021-11-29,0.537604770721084,170.53092287816784,9.233294908923892,2786.5140677524696
2021-11-30,61.27692069134777,171.27243896594578,8.399270006844286,2788.22547005134
2021-12-01,4.99394878824729,169.01629544881257,8.497818716248755,2789.6375011879045
2021-12-02,2.217064856623268,169.94947945990467,7.483501278668669,2790.62991660747
2021-12-03,0.17213588158978224,170.767725594504,10.228723088701708,2791.594618762321
2021-12-04,0.1480414713304954,169.27654799918867,9.212343612679291,2792.7624421732176
2021-12-05,0.12843746760392222,169.84435491623674,7.398443448686773,2793.9830240154038
2021-12-06,4.0531455680818596,168.52415124324023,9.451974318065663,2795.2496776457842
2021-12-07,0.3026082533347231,169.04701837764318,10.029269882054898,2796.0771624657164
2021-12-08,85.18695859923277,168.6385480778705,9.419203920172976,2797.576685384288
2021-12-09,1.1226477499537322,168.76676162158967,7.711151904686254,2798.6952005119597
2021-12-10,2.725033456043701,168.66305157389957,8.565807369331479,2799.883646792638
2021-12-11,0.8065470542913384,169.09192638958328,9.301807823279388,2801.07686467447
2021-12-12,0.2711770109501619,168.01079830066914,9.158198924100251,2802.7636450635678
2021-12-13,4.086268688331105,167.51584292437158,7.809664293168573,2803.6608799617616
2021-12-14,0.13733096027330807,167.69958175303933,9.027812711057086,2804.565201557944
2021-12-15,0.7803629688436033,167.34628529291587,6.622058085010886,2805.3650583694125
2021-12-16,2.8282283238200825,167.3409507056745,8.676700891316514,2806.5017070669787
2021-12-17,0.19183042345753995,166.46683111338305,6.556810400160771,2807.680618723842
2021-12-18,3.8583357736386943,166.58232094598287,8.443103687275821,2808.4602819350675
2021-12-19,0.5437076747397527,166.50135709020483,10.83051159255366,2809.461071693231
2021-12-20,0.11724625033062852,165.9057671500981,6.8274700343020935,2810.0922495342043
2021-12-21,0.7651505831926899,165.87888025416146,9.879123869337635,2810.745094354779
2021-12-22,0.21606302899191138,165.99589995436034,4.69626567987694,2811.4267329145137
2021-12-23,0.02393638406728117,164.95870873446765,7.909861261059677,2812.0927126382408
2021-12-24,0.10238269918364278,165.36112389680966,7.152055091749462,2812.584124807216
2021-12-25,0.7578675305814452,165.59676620812533,7.666692557610735,2812.7785150461896
2021-12-26,0.2768578058323676,165.5311367613833,8.310527039667463,2813.592339369109
2021-12-27,0.4381003491057062,164.40298173604205,9.644987900037158,2814.5736325282237
2021-12-28,0.6390258260126547,164.2225803448632,7.247155228830376,2815.3163107966025
2021-12-29,0.648914489566446,163.65613820680628,7.655564929766038,2816.045484688344
