100.0, 0.0, -1.61149323397e-43
0.0, 0.0, -5.8971964313e-40
-20.0, 0.0, 0.0
-20.0, -20.0, 200.0
100.0, -20.0, 200.0
100.0, 20.0, -200.0
23.7999992, 20.0, -108.473182678
98.9247284, 0.0, 0.00597262522206
97.8494644, 0.0, 0.0117165744305
96.7741928, 0.0, 0.0172252748162
95.6989212, 0.0, 0.0224723089486
94.6236572, 0.0, 0.0274273604155
93.5483856, 0.0, 0.0320635549724
92.4731216, 0.0, 0.0363614447415
91.39785, 0.0, 0.0403112322092
90.3225784, 0.0, 0.0439127385616
89.2473145, 0.0, 0.0471744537354
88.1720428, 0.0, 0.0501118525863
87.0967712, 0.0, 0.0527452416718
86.0215073, 0.0, 0.0550978854299
84.9462357, 0.0, 0.0571943186224
83.8709641, 0.0, 0.0590589381754
82.7957001, 0.0, 0.0607151724398
81.7204285, 0.0, 0.0621850341558
80.6451645, 0.0, 0.0634887814522
79.5698929, 0.0, 0.0646449625492
78.4946213, 0.0, 0.0656703561544
77.4193573, 0.0, 0.0665800645947
76.3440857, 0.0, 0.0673876553774
75.2688141, 0.0, 0.0681053176522
74.1935501, 0.0, 0.0687440037727
73.1182785, 0.0, 0.0693136304617
72.0430145, 0.0, 0.0698230862617
70.9677429, 0.0, 0.0702803507447
69.8924713, 0.0, 0.0706925243139
68.8172073, 0.0, 0.0710658282042
67.7419357, 0.0, 0.0714057758451
66.6666641, 0.0, 0.0717172175646
65.5914001, 0.0, 0.0720044448972
64.5161285, 0.0, 0.0722712725401
63.4408607, 0.0, 0.072521135211
62.365593, 0.0, 0.0727571696043
61.2903214, 0.0, 0.0729822814465
60.2150536, 0.0, 0.0731991678476
59.1397858, 0.0, 0.0734103322029
58.064518, 0.0, 0.0736181214452
56.9892464, 0.0, 0.0738247856498
55.9139786, 0.0, 0.074032522738
54.8387108, 0.0, 0.074243478477
53.7634392, 0.0, 0.0744598209858
52.6881714, 0.0, 0.0746837332845
51.6129036, 0.0, 0.0749174579978
50.5376358, 0.0, 0.0751633271575
49.4623642, 0.0, 0.075423784554
48.3870964, 0.0, 0.0757014080882
47.3118286, 0.0, 0.075998917222
46.2365608, 0.0, 0.0763191878796
45.1612892, 0.0, 0.0766653642058
44.0860214, 0.0, 0.0770409032702
43.0107536, 0.0, 0.0774496048689
41.935482, 0.0, 0.0778956413269
40.8602142, 0.0, 0.0783835276961
39.7849464, 0.0, 0.0789182335138
38.7096786, 0.0, 0.0795052275062
37.634407, 0.0, 0.0801504775882
36.5591393, 0.0, 0.0808605104685
35.4838715, 0.0, 0.0816424563527
34.4086037, 0.0, 0.0825041085482
33.3333321, 0.0, 0.083453990519
32.2580643, 0.0, 0.0845014452934
31.1827965, 0.0, 0.0856567844748
30.1075268, 0.0, 0.0869315192103
29.032259, 0.0, 0.0883386805654
27.9569893, 0.0, 0.0898932591081
26.8817196, 0.0, 0.0916128158569
25.8064518, 0.0, 0.0935183763504
24.7311821, 0.0, 0.0956357270479
23.6559143, 0.0, 0.097997225821
22.5806446, 0.0, 0.100644394755
21.5053768, 0.0, 0.103631474078
20.4301071, 0.0, 0.107030577958
19.3548393, 0.0, 0.110938899219
18.2795696, 0.0, 0.115489631891
17.2043018, 0.0, 0.120868332684
16.1290321, 0.0, 0.127338603139
15.0537634, 0.0, 0.135282859206
13.9784946, 0.0, 0.145269632339
12.9032259, 0.0, 0.158168554306
11.8279572, 0.0, 0.175354555249
10.7526884, 0.0, 0.19908438623
9.67741966, 0.0, 0.233210653067
8.60215092, 0.0, 0.284544944763
7.52688169, 0.0, 0.365364134312
6.45161295, 0.0, 0.497484892607
5.3763442, 0.0, 0.717065393925
4.30107546, 0.0, 1.07517254353
3.22580647, 0.0, 1.62038803101
2.15053773, 0.0, 2.32147121429
1.07526886, 0.0, 2.75670051575
-1.05263162, 0.0, -2.17964969633e-40
-2.10526323, 0.0, -2.1471956239e-40
-3.15789485, 0.0, -2.13117878245e-40
-4.21052647, 0.0, -2.12202830348e-40
-5.26315784, 0.0, -2.11619890187e-40
-6.3157897, 0.0, -2.11221921423e-40
-7.36842108, 0.0, -2.10933253939e-40
-8.42105293, 0.0, -2.10716052677e-40
-9.47368431, 0.0, -2.10543692966e-40
-10.5263157, 0.0, -2.10404964418e-40
-11.5789471, 0.0, -2.10288656646e-40
-12.6315794, 0.0, -2.10187763156e-40
-13.6842108, 0.0, -2.10099481353e-40
-14.7368422, 0.0, -2.10019607341e-40
-15.7894735, 0.0, -2.09945338522e-40
-16.8421059, 0.0, -2.098738723e-40
-17.8947372, 0.0, -2.09803807377e-40
-18.9473686, 0.0, -2.09732341155e-40
-20.0, -1.0, 10.0
-20.0, -2.0, 20.0
-20.0, -3.0, 30.0
-20.0, -4.0, 40.0
-20.0, -5.0, 50.0
-20.0, -6.0, 60.0
-20.0, -7.0, 70.0
-20.0, -8.0, 80.0
-20.0, -9.0, 90.0
-20.0, -10.0, 100.0
-20.0, -11.0, 110.0
-20.0, -12.0, 120.0
-20.0, -13.0, 130.0
-20.0, -14.0, 140.0
-20.0, -15.0, 150.0
-20.0, -16.0, 160.0
-20.0, -17.0, 170.0
-20.0, -18.0, 180.0
-20.0, -19.0, 190.0
-18.9285717, -20.0, 200.016647339
-17.8571434, -20.0, 200.033233643
-16.7857151, -20.0, 200.049819946
-15.7142859, -20.0, 200.066421509
-14.6428576, -20.0, 200.083084106
-13.5714283, -20.0, 200.099838257
-12.5, -20.0, 200.11668396
-11.4285717, -20.0, 200.133605957
-10.3571424, -20.0, 200.15057373
-9.28571415, -20.0, 200.167541504
-8.21428585, -20.0, 200.184417725
-7.14285707, -20.0, 200.201095581
-6.07142878, -20.0, 200.217437744
-5.0, -20.0, 200.233291626
-3.92857146, -20.0, 200.24848938
-2.85714293, -20.0, 200.262802124
-1.78571427, -20.0, 200.276062012
-0.714285731, -20.0, 200.288070679
0.357142866, -20.0, 200.29864502
1.42857146, -20.0, 200.307632446
2.5, -20.0, 200.314941406
3.57142854, -20.0, 200.320510864
4.64285707, -20.0, 200.324295044
5.71428585, -20.0, 200.326339722
6.78571415, -20.0, 200.32673645
7.85714293, -20.0, 200.325576782
8.9285717, -20.0, 200.323013306
10.0, -20.0, 200.319213867
11.0714283, -20.0, 200.314346313
12.1428576, -20.0, 200.308624268
13.2142859, -20.0, 200.302185059
14.2857141, -20.0, 200.29524231
15.3571424, -20.0, 200.287902832
16.4285717, -20.0, 200.280334473
17.5, -20.0, 200.272644043
18.5714283, -20.0, 200.264923096
19.6428566, -20.0, 200.257278442
20.7142849, -20.0, 200.249755859
21.7857151, -20.0, 200.242416382
22.8571434, -20.0, 200.235290527
23.9285717, -20.0, 200.228408813
25.0, -20.0, 200.221817017
26.0714283, -20.0, 200.215484619
27.1428566, -20.0, 200.209442139
28.2142849, -20.0, 200.203704834
29.2857151, -20.0, 200.198242188
30.3571434, -20.0, 200.193069458
31.4285717, -20.0, 200.188171387
32.5, -20.0, 200.183532715
33.5714302, -20.0, 200.179153442
34.6428566, -20.0, 200.175018311
35.7142868, -20.0, 200.171112061
36.7857132, -20.0, 200.167449951
37.8571434, -20.0, 200.163970947
38.9285698, -20.0, 200.160705566
40.0, -20.0, 200.157623291
41.0714302, -20.0, 200.154724121
42.1428566, -20.0, 200.151977539
43.2142868, -20.0, 200.149383545
44.2857132, -20.0, 200.146942139
45.3571434, -20.0, 200.144622803
46.4285698, -20.0, 200.142425537
47.5, -20.0, 200.140319824
48.5714302, -20.0, 200.138336182
49.6428566, -20.0, 200.136428833
50.7142868, -20.0, 200.134613037
51.7857132, -20.0, 200.132858276
52.8571434, -20.0, 200.131164551
53.9285698, -20.0, 200.12953186
55.0, -20.0, 200.127929688
56.0714302, -20.0, 200.126373291
57.1428566, -20.0, 200.124847412
58.2142868, -20.0, 200.123336792
59.2857132, -20.0, 200.121841431
60.3571434, -20.0, 200.120346069
61.4285698, -20.0, 200.118850708
62.5, -20.0, 200.117340088
63.5714302, -20.0, 200.115814209
64.6428604, -20.0, 200.114257812
65.7142868, -20.0, 200.112670898
66.7857132, -20.0, 200.111053467
67.8571396, -20.0, 200.109375
68.9285736, -20.0, 200.107650757
70.0, -20.0, 200.10585022
71.0714264, -20.0, 200.103988647
72.1428604, -20.0, 200.102035522
73.2142868, -20.0, 200.100006104
74.2857132, -20.0, 200.097885132
75.3571396, -20.0, 200.095657349
76.4285736, -20.0, 200.093322754
77.5, -20.0, 200.090881348
78.5714264, -20.0, 200.088302612
79.6428604, -20.0, 200.085601807
80.7142868, -20.0, 200.082763672
81.7857132, -20.0, 200.079772949
82.8571396, -20.0, 200.076629639
83.9285736, -20.0, 200.07333374
85.0, -20.0, 200.069869995
86.0714264, -20.0, 200.066223145
87.1428604, -20.0, 200.062408447
88.2142868, -20.0, 200.058395386
89.2857132, -20.0, 200.05418396
90.3571396, -20.0, 200.049789429
91.4285736, -20.0, 200.045166016
92.5, -20.0, 200.040344238
93.5714264, -20.0, 200.035293579
94.6428604, -20.0, 200.030014038
95.7142868, -20.0, 200.024505615
96.7857132, -20.0, 200.018753052
97.8571396, -20.0, 200.012756348
98.9285736, -20.0, 200.006500244
100.0, -19.0, 190.0
100.0, -18.0, 180.0
100.0, -17.0, 170.0
100.0, -16.0, 160.0
100.0, -15.0, 150.0
100.0, -14.0, 140.0
100.0, -13.0, 130.0
100.0, -12.0, 120.0
100.0, -11.0, 110.0
100.0, -10.0, 100.0
100.0, -9.0, 90.0
100.0, -8.0, 80.0
100.0, -7.0, 70.0
100.0, -6.0, 60.0
100.0, -5.0, 50.0
100.0, -4.0, 40.0
100.0, -3.0, 30.0
100.0, -2.0, 20.0
100.0, -1.0, 10.0
100.0, 0.800000012, -8.0
100.0, 1.60000002, -16.0
100.0, 2.4000001, -24.0
100.0, 3.20000005, -32.0
100.0, 4.0, -40.0
100.0, 4.80000019, -48.0
100.0, 5.5999999, -56.0
100.0, 6.4000001, -64.0
100.0, 7.19999981, -72.0
100.0, 8.0, -80.0
100.0, 8.80000019, -88.0
100.0, 9.60000038, -96.0
100.0, 10.3999996, -104.0
100.0, 11.1999998, -112.0
100.0, 12.0, -120.0
100.0, 12.8000002, -128.0
100.0, 13.6000004, -136.0
100.0, 14.3999996, -144.0
100.0, 15.1999998, -152.0
100.0, 16.0, -160.0
100.0, 16.7999992, -168.0
100.0, 17.6000004, -176.0
100.0, 18.3999996, -184.0
100.0, 19.2000008, -192.0
99.1806488, 20.0, -182.924194336
98.36129, 20.0, -172.853012085
97.5419388, 20.0, -165.051574707
96.72258, 20.0, -158.726623535
95.9032288, 20.0, -153.461730957
95.0838699, 20.0, -149.00328064
94.2645187, 20.0, -145.175643921
93.4451599, 20.0, -141.852493286
92.6258087, 20.0, -138.956512451
91.8064499, 20.0, -136.416000366
90.9870987, 20.0, -134.183181763
90.1677399, 20.0, -132.214889526
89.3483887, 20.0, -130.476806641
88.5290298, 20.0, -128.940292358
87.7096786, 20.0, -127.581222534
86.8903198, 20.0, -126.378715515
86.0709686, 20.0, -125.314750671
85.2516098, 20.0, -124.372840881
84.4322586, 20.0, -123.538673401
83.6128998, 20.0, -122.801101685
82.7935486, 20.0, -122.151115417
81.9741898, 20.0, -121.577026367
81.1548386, 20.0, -121.062446594
80.3354874, 20.0, -120.602859497
79.5161285, 20.0, -120.195663452
78.6967773, 20.0, -119.846176147
77.8774185, 20.0, -119.528022766
77.0580673, 20.0, -119.243041992
76.2387085, 20.0, -118.988929749
75.4193573, 20.0, -118.762626648
74.5999985, 20.0, -118.560462952
73.7806473, 20.0, -118.379867554
72.9612885, 20.0, -118.218833923
72.1419373, 20.0, -118.075332642
71.3225784, 20.0, -117.947410583
70.5032272, 20.0, -117.833335876
69.6838684, 20.0, -117.731521606
68.8645172, 20.0, -117.640602112
68.0451584, 20.0, -117.559318542
67.2258072, 20.0, -117.486579895
66.4064484, 20.0, -117.421394348
65.5870972, 20.0, -117.362892151
64.7677383, 20.0, -117.310279846
63.9483871, 20.0, -117.26285553
63.1290321, 20.0, -117.219985962
62.3096771, 20.0, -117.181098938
61.4903221, 20.0, -117.145675659
60.6709671, 20.0, -117.113250732
59.8516121, 20.0, -117.083381653
59.0322571, 20.0, -117.055679321
58.2129021, 20.0, -117.029785156
57.3935471, 20.0, -117.005348206
56.574192, 20.0, -116.982048035
55.754837, 20.0, -116.959587097
54.935482, 20.0, -116.937660217
54.1161308, 20.0, -116.915992737
53.2967758, 20.0, -116.894302368
52.4774208, 20.0, -116.872306824
51.6580658, 20.0, -116.849731445
50.8387108, 20.0, -116.826286316
50.0193558, 20.0, -116.801673889
49.2000008, 20.0, -116.77557373
48.3806458, 20.0, -116.747642517
47.5612907, 20.0, -116.717498779
46.7419357, 20.0, -116.684715271
45.9225807, 20.0, -116.648834229
45.1032257, 20.0, -116.609329224
44.2838707, 20.0, -116.565643311
43.4645157, 20.0, -116.51714325
42.6451607, 20.0, -116.463142395
41.8258057, 20.0, -116.402839661
41.0064507, 20.0, -116.335357666
40.1870956, 20.0, -116.259674072
39.3677406, 20.0, -116.1746521
38.5483856, 20.0, -116.078987122
37.7290306, 20.0, -115.971199036
36.9096756, 20.0, -115.849632263
36.0903244, 20.0, -115.712417603
35.2709694, 20.0, -115.557418823
34.4516144, 20.0, -115.382209778
33.6322594, 20.0, -115.183990479
32.8129044, 20.0, -114.959503174
31.9935474, 20.0, -114.704917908
31.1741943, 20.0, -114.415733337
30.3548393, 20.0, -114.086517334
29.5354843, 20.0, -113.710662842
28.7161293, 20.0, -113.279884338
27.8967743, 20.0, -112.783615112
27.0774193, 20.0, -112.207962036
26.2580643, 20.0, -111.533676147
25.4387093, 20.0, -110.731216431
24.6193542, 20.0, -109.747955322
22.8479996, 19.2000008, -104.722602844
21.8959999, 18.3999996, -101.365524292
20.9440002, 17.6000004, -98.1814575195
19.9920006, 16.7999992, -94.9791870117
19.0400009, 16.0, -91.7148742676
18.0879993, 15.1999998, -88.4263076782
17.1359997, 14.3999996, -85.1445617676
16.184, 13.6000004, -81.9193954468
15.2320004, 12.8000002, -78.7494888306
14.2799997, 12.0, -75.4255371094
13.3280001, 11.1999998, -71.8378295898
12.3760004, 10.3999996, -68.0755767822
11.4239998, 9.60000038, -64.3060913086
10.4720001, 8.80000019, -60.6315765381
9.52000046, 8.0, -56.9661827087
8.56799984, 7.19999981, -52.5525398254
7.61600018, 6.4000001, -47.6974411011
6.66400003, 5.5999999, -42.8950996399
5.71199989, 4.80000019, -38.6095619202
4.76000023, 4.0, -32.7844696045
3.80800009, 3.20000005, -25.4986801147
2.85599995, 2.4000001, -17.8747596741
1.90400004, 1.60000002, -9.98905944824
0.952000022, 0.800000012, -2.54167675972
98.9249268, -1.0, 10.0060110092
97.8498459, -1.0, 10.0117721558
96.7747726, -1.0, 10.0172805786
95.6996918, -1.0, 10.02252388
94.6246185, -1.0, 10.0274820328
93.5495377, -1.0, 10.0321378708
92.4744644, -1.0, 10.03647995
91.3993835, -1.0, 10.0404996872
90.3243103, -1.0, 10.0441989899
89.2492294, -1.0, 10.0475845337
88.1741562, -1.0, 10.0506658554
87.0990753, -1.0, 10.0534620285
86.0240021, -1.0, 10.0559902191
84.9489212, -1.0, 10.0582714081
83.873848, -1.0, 10.0603265762
82.7987747, -1.0, 10.0621757507
81.7236938, -1.0, 10.0638389587
80.6486206, -1.0, 10.0653333664
79.5735397, -1.0, 10.0666780472
78.4984665, -1.0, 10.0678873062
77.4233856, -1.0, 10.0689764023
76.3483124, -1.0, 10.0699577332
75.2732315, -1.0, 10.0708436966
74.1981583, -1.0, 10.0716457367
73.1230774, -1.0, 10.0723724365
72.0480042, -1.0, 10.0730333328
70.9729233, -1.0, 10.0736370087
69.89785, -1.0, 10.0741901398
68.8227692, -1.0, 10.0746994019
67.7476959, -1.0, 10.075170517
66.6726227, -1.0, 10.0756092072
65.5975418, -1.0, 10.0760202408
64.5224686, -1.0, 10.0764074326
63.4473877, -1.0, 10.0767755508
62.3723106, -1.0, 10.0771274567
61.2972336, -1.0, 10.0774669647
60.2221565, -1.0, 10.077796936
59.1470833, -1.0, 10.078122139
58.0720062, -1.0, 10.0784425735
56.9969292, -1.0, 10.0787639618
55.9218521, -1.0, 10.0790872574
54.8467751, -1.0, 10.079416275
53.771698, -1.0, 10.0797529221
52.6966209, -1.0, 10.0801010132
51.6215439, -1.0, 10.0804624557
50.5464668, -1.0, 10.0808410645
49.4713898, -1.0, 10.0812397003
48.3963127, -1.0, 10.081662178
47.3212357, -1.0, 10.082110405
46.2461586, -1.0, 10.0825901031
45.1710815, -1.0, 10.0831041336
44.0960045, -1.0, 10.083656311
43.0209312, -1.0, 10.0842523575
41.9458542, -1.0, 10.0848970413
40.8707771, -1.0, 10.0855960846
39.7957001, -1.0, 10.0863542557
38.720623, -1.0, 10.0871801376
37.645546, -1.0, 10.0880794525
36.5704689, -1.0, 10.0890598297
35.4953918, -1.0, 10.0901317596
34.4203148, -1.0, 10.0913038254
33.3452377, -1.0, 10.0925855637
32.2701607, -1.0, 10.0939903259
31.1950836, -1.0, 10.0955314636
30.1200085, -1.0, 10.0972232819
29.0449314, -1.0, 10.0990839005
27.9698544, -1.0, 10.1011333466
26.8947773, -1.0, 10.1033973694
25.8197002, -1.0, 10.1059045792
24.7446232, -1.0, 10.1086921692
23.6695461, -1.0, 10.1118068695
22.594471, -1.0, 10.1153087616
21.5193939, -1.0, 10.1192731857
20.4443169, -1.0, 10.1238021851
19.3692398, -1.0, 10.1290311813
18.2941628, -1.0, 10.13514328
17.2190857, -1.0, 10.1423892975
16.1440086, -1.0, 10.1511192322
15.0689325, -1.0, 10.1618309021
13.9938555, -1.0, 10.175245285
12.9187784, -1.0, 10.1924314499
11.8437023, -1.0, 10.2150068283
10.7686253, -1.0, 10.2454786301
9.6935482, -1.0, 10.2878036499
8.61847115, -1.0, 10.3482656479
7.54339457, -1.0, 10.4366636276
6.46831799, -1.0, 10.5672988892
5.39324141, -1.0, 10.7578287125
4.31816435, -1.0, 11.0209875107
3.24308753, -1.0, 11.3373670578
2.16801071, -1.0, 11.585360527
1.09293389, -1.0, 11.3330450058
0.0178571437, -1.0, 10.8068475723
-1.03571427, -1.0, 10.2980632782
-2.08928561, -1.0, 10.1686611176
-3.14285707, -1.0, 10.1094493866
-4.19642878, -1.0, 10.0776166916
-5.25, -1.0, 10.0582380295
-6.30357122, -1.0, 10.0454263687
-7.35714293, -1.0, 10.0364112854
-8.41071415, -1.0, 10.0297451019
-9.46428585, -1.0, 10.0246095657
-10.5178576, -1.0, 10.0205097198
-11.5714283, -1.0, 10.0171327591
-12.625, -1.0, 10.0142688751
-13.6785717, -1.0, 10.0117740631
-14.7321424, -1.0, 10.0095443726
-15.7857141, -1.0, 10.0075016022
-16.8392849, -1.0, 10.0055818558
-17.8928566, -1.0, 10.0037317276
-18.9464283, -1.0, 10.0018978119
98.9251175, -2.0, 20.0060443878
97.8502274, -2.0, 20.0118312836
96.7753448, -2.0, 20.0173568726
95.7004623, -2.0, 20.022611618
94.6255798, -2.0, 20.027589798
93.5506897, -2.0, 20.0322780609
92.4758072, -2.0, 20.0366706848
91.4009247, -2.0, 20.0407600403
90.3260345, -2.0, 20.044549942
89.251152, -2.0, 20.0480461121
88.1762695, -2.0, 20.0512580872
87.1013794, -2.0, 20.0541973114
86.0264969, -2.0, 20.0568809509
84.9516144, -2.0, 20.0593280792
83.8767319, -2.0, 20.0615539551
82.8018417, -2.0, 20.063577652
81.7269592, -2.0, 20.0654144287
80.6520767, -2.0, 20.0670852661
79.5771866, -2.0, 20.0686016083
78.5023041, -2.0, 20.0699806213
77.4274216, -2.0, 20.0712356567
76.3525314, -2.0, 20.0723800659
75.2776489, -2.0, 20.0734233856
74.2027664, -2.0, 20.0743789673
73.1278839, -2.0, 20.075252533
72.0529938, -2.0, 20.0760574341
70.9781113, -2.0, 20.0767993927
69.9032288, -2.0, 20.0774860382
68.8283386, -2.0, 20.078125
67.7534561, -2.0, 20.0787220001
66.6785736, -2.0, 20.0792827606
65.6036835, -2.0, 20.0798130035
64.528801, -2.0, 20.0803165436
63.4539185, -2.0, 20.0807991028
62.3790321, -2.0, 20.0812625885
61.3041458, -2.0, 20.0817146301
60.2292633, -2.0, 20.0821552277
59.154377, -2.0, 20.0825881958
58.0794945, -2.0, 20.0830211639
57.0046082, -2.0, 20.0834522247
55.9297218, -2.0, 20.0838890076
54.8548393, -2.0, 20.0843334198
53.779953, -2.0, 20.0847873688
52.7050705, -2.0, 20.0852565765
51.6301842, -2.0, 20.0857429504
50.5552979, -2.0, 20.0862503052
49.4804153, -2.0, 20.0867843628
48.405529, -2.0, 20.0873470306
47.3306465, -2.0, 20.0879421234
46.2557602, -2.0, 20.0885772705
45.1808739, -2.0, 20.0892524719
44.1059914, -2.0, 20.0899772644
43.031105, -2.0, 20.0907535553
41.9562225, -2.0, 20.0915908813
40.8813362, -2.0, 20.0924930573
39.8064499, -2.0, 20.0934677124
38.7315674, -2.0, 20.0945224762
37.6566811, -2.0, 20.0956668854
36.5817986, -2.0, 20.096906662
35.5069122, -2.0, 20.0982570648
34.4320259, -2.0, 20.0997257233
33.3571434, -2.0, 20.1013240814
32.2822571, -2.0, 20.1030712128
31.2073727, -2.0, 20.1049766541
30.1324883, -2.0, 20.1070652008
29.0576038, -2.0, 20.1093540192
27.9827194, -2.0, 20.111869812
26.907835, -2.0, 20.1146430969
25.8329487, -2.0, 20.1177101135
24.7580643, -2.0, 20.1211185455
23.6831799, -2.0, 20.1249256134
22.6082954, -2.0, 20.1292037964
21.533411, -2.0, 20.1340484619
20.4585247, -2.0, 20.1395797729
19.3836403, -2.0, 20.1459617615
18.3087559, -2.0, 20.1534080505
17.2338715, -2.0, 20.1622123718
16.158987, -2.0, 20.1727714539
15.0841017, -2.0, 20.1856365204
14.0092163, -2.0, 20.2015857697
12.9343319, -2.0, 20.2217216492
11.8594475, -2.0, 20.247636795
10.7845621, -2.0, 20.2816448212
9.7096777, -2.0, 20.3270816803
8.63479233, -2.0, 20.3886508942
7.55990791, -2.0, 20.472530365
6.48502302, -2.0, 20.5855522156
5.41013813, -2.0, 20.7318496704
4.33525324, -2.0, 20.9039440155
3.26036859, -2.0, 21.0646400452
2.18548393, -2.0, 21.1179924011
1.11059904, -2.0, 20.9981040955
0.0357142873, -2.0, 20.7329082489
-1.01879704, -2.0, 20.4725475311
-2.07330823, -2.0, 20.2927036285
-3.12781954, -2.0, 20.2004909515
-4.18233061, -2.0, 20.1461200714
-5.23684216, -2.0, 20.111448288
-6.29135323, -2.0, 20.0878314972
-7.34586477, -2.0, 20.0708789825
-8.40037632, -2.0, 20.0581684113
-9.45488739, -2.0, 20.0482769012
-10.5093985, -2.0, 20.0403194427
-11.5639095, -2.0, 20.0337257385
-12.6184206, -2.0, 20.0281085968
-13.6729326, -2.0, 20.0231990814
-14.7274437, -2.0, 20.0188007355
-15.7819548, -2.0, 20.0147609711
-16.8364658, -2.0, 20.0109615326
-17.8909779, -2.0, 20.0073013306
-18.945488, -2.0, 20.0036811829
98.9253082, -3.0, 30.0060806274
97.8506165, -3.0, 30.0118961334
96.7759247, -3.0, 30.0174465179
95.7012253, -3.0, 30.0227298737
94.6265335, -3.0, 30.0277385712
93.5518417, -3.0, 30.0324668884
92.47715, -3.0, 30.0369110107
91.4024582, -3.0, 30.0410690308
90.3277664, -3.0, 30.0449447632
89.2530746, -3.0, 30.0485420227
88.1783829, -3.0, 30.0518703461
87.1036835, -3.0, 30.05493927
86.0289917, -3.0, 30.0577640533
84.9542999, -3.0, 30.0603580475
83.8796082, -3.0, 30.0627365112
82.8049164, -3.0, 30.0649185181
81.7302246, -3.0, 30.0669155121
80.6555328, -3.0, 30.0687446594
79.5808334, -3.0, 30.0704193115
78.5061417, -3.0, 30.0719566345
77.4314499, -3.0, 30.0733642578
76.3567581, -3.0, 30.0746593475
75.2820663, -3.0, 30.0758495331
74.2073746, -3.0, 30.0769481659
73.1326828, -3.0, 30.077960968
72.057991, -3.0, 30.0789012909
70.9832916, -3.0, 30.0797729492
69.9085999, -3.0, 30.0805873871
68.8339081, -3.0, 30.0813503265
67.7592163, -3.0, 30.0820674896
66.6845245, -3.0, 30.0827445984
65.6098328, -3.0, 30.0833892822
64.535141, -3.0, 30.0840034485
63.4604454, -3.0, 30.0845966339
62.3857536, -3.0, 30.0851688385
61.311058, -3.0, 30.0857257843
60.2363663, -3.0, 30.0862731934
59.1616745, -3.0, 30.0868148804
58.0869827, -3.0, 30.0873527527
57.0122871, -3.0, 30.0878925323
55.9375954, -3.0, 30.0884399414
54.8629036, -3.0, 30.0889949799
53.7882118, -3.0, 30.0895633698
52.7135162, -3.0, 30.0901489258
51.6388245, -3.0, 30.0907554626
50.5641327, -3.0, 30.0913887024
49.4894409, -3.0, 30.0920524597
48.4147453, -3.0, 30.0927505493
47.3400536, -3.0, 30.0934886932
46.2653618, -3.0, 30.0942726135
45.19067, -3.0, 30.0951061249
44.1159744, -3.0, 30.0959949493
43.0412827, -3.0, 30.0969467163
41.9665909, -3.0, 30.0979690552
40.8918953, -3.0, 30.0990657806
39.8172035, -3.0, 30.1002483368
38.7425117, -3.0, 30.1015224457
37.66782, -3.0, 30.1028995514
36.5931244, -3.0, 30.1043891907
35.5184326, -3.0, 30.1060028076
34.4437408, -3.0, 30.1077518463
33.3690491, -3.0, 30.1096515656
32.2943535, -3.0, 30.1117191315
31.2196617, -3.0, 30.1139717102
30.1449699, -3.0, 30.1164283752
29.0702763, -3.0, 30.1191177368
27.9955845, -3.0, 30.1220664978
26.9208908, -3.0, 30.1253089905
25.846199, -3.0, 30.1288909912
24.7715054, -3.0, 30.1328620911
23.6968117, -3.0, 30.1372871399
22.6221199, -3.0, 30.1422519684
21.5474262, -3.0, 30.1478614807
20.4727345, -3.0, 30.1542472839
19.3980408, -3.0, 30.1615886688
18.323349, -3.0, 30.1701145172
17.2486553, -3.0, 30.1801319122
16.1739635, -3.0, 30.1920490265
15.0992708, -3.0, 30.206413269
14.0245771, -3.0, 30.2239704132
12.9498844, -3.0, 30.2457351685
11.8751917, -3.0, 30.2730846405
10.800499, -3.0, 30.3078708649
9.72580624, -3.0, 30.3525009155
8.65111351, -3.0, 30.4098834991
7.57642078, -3.0, 30.4829750061
6.50172806, -3.0, 30.5734043121
5.42703533, -3.0, 30.678352356
4.35234261, -3.0, 30.7850246429
3.27764988, -3.0, 30.8639125824
2.20295691, -3.0, 30.8768005371
1.12826419, -3.0, 30.8008937836
0.0535714291, -3.0, 30.6558418274
-1.00187969, -3.0, 30.4944400787
-2.05733085, -3.0, 30.3588504791
-3.112782, -3.0, 30.2628707886
-4.16823292, -3.0, 30.1993656158
-5.22368431, -3.0, 30.1558113098
-6.27913523, -3.0, 30.1247653961
-7.33458662, -3.0, 30.1017780304
-8.39003754, -3.0, 30.0841598511
-9.44548893, -3.0, 30.0702209473
-10.5009403, -3.0, 30.0588703156
-11.5563908, -3.0, 30.0493736267
-12.6118422, -3.0, 30.0412254333
-13.6672935, -3.0, 30.0340614319
-14.722744, -3.0, 30.0276126862
-15.7781954, -3.0, 30.0216732025
-16.8336468, -3.0, 30.016078949
-17.8890972, -3.0, 30.010684967
-18.9445496, -3.0, 30.0053672791
98.925499, -4.0, 40.0061187744
97.8509979, -4.0, 40.0119667053
96.7764969, -4.0, 40.0175514221
95.7019958, -4.0, 40.0228691101
94.6274948, -4.0, 40.0279121399
93.5529938, -4.0, 40.0326881409
92.4784927, -4.0, 40.0371856689
91.4039917, -4.0, 40.0414123535
90.3294907, -4.0, 40.0453681946
89.2549896, -4.0, 40.0490608215
88.1804886, -4.0, 40.0524940491
87.1059875, -4.0, 40.0556793213
86.0314865, -4.0, 40.0586280823
84.9569855, -4.0, 40.0613555908
83.8824921, -4.0, 40.063873291
82.807991, -4.0, 40.0661964417
81.73349, -4.0, 40.0683403015
80.658989, -4.0, 40.0703125
79.5844879, -4.0, 40.0721359253
78.5099869, -4.0, 40.0738143921
77.4354858, -4.0, 40.0753669739
76.3609848, -4.0, 40.0768013
75.2864838, -4.0, 40.0781288147
74.2119827, -4.0, 40.0793571472
73.1374817, -4.0, 40.0805015564
72.0629807, -4.0, 40.0815696716
70.9884796, -4.0, 40.0825653076
69.9139786, -4.0, 40.0834999084
68.8394775, -4.0, 40.0843772888
67.7649765, -4.0, 40.0852088928
66.6904755, -4.0, 40.0859985352
65.6159744, -4.0, 40.0867500305
64.5414734, -4.0, 40.0874710083
63.4669724, -4.0, 40.0881690979
62.3924713, -4.0, 40.0888442993
61.3179741, -4.0, 40.0895042419
60.2434731, -4.0, 40.0901565552
59.168972, -4.0, 40.0907974243
58.094471, -4.0, 40.0914421082
57.0199699, -4.0, 40.0920829773
55.9454689, -4.0, 40.0927352905
54.8709679, -4.0, 40.0933990479
53.7964668, -4.0, 40.094078064
52.7219658, -4.0, 40.0947761536
51.6474648, -4.0, 40.095500946
50.5729637, -4.0, 40.0962524414
49.4984627, -4.0, 40.0970420837
48.4239616, -4.0, 40.0978736877
47.3494606, -4.0, 40.0987472534
46.2749634, -4.0, 40.0996742249
45.2004623, -4.0, 40.1006584167
44.1259613, -4.0, 40.1017036438
43.0514603, -4.0, 40.1028251648
41.9769592, -4.0, 40.1040229797
40.9024582, -4.0, 40.105304718
39.8279572, -4.0, 40.1066856384
38.7534561, -4.0, 40.1081695557
37.6789551, -4.0, 40.1097679138
36.604454, -4.0, 40.111492157
35.529953, -4.0, 40.1133537292
34.455452, -4.0, 40.1153678894
33.3809509, -4.0, 40.1175498962
32.3064499, -4.0, 40.1199188232
31.2319508, -4.0, 40.1224937439
30.1574497, -4.0, 40.1252937317
29.0829487, -4.0, 40.1283493042
28.0084476, -4.0, 40.1316947937
26.9339485, -4.0, 40.1353645325
25.8594475, -4.0, 40.1394042969
24.7849464, -4.0, 40.1438751221
23.7104454, -4.0, 40.1488418579
22.6359444, -4.0, 40.1543960571
21.5614433, -4.0, 40.1606445312
20.4869423, -4.0, 40.1677284241
19.4124432, -4.0, 40.1758270264
18.3379421, -4.0, 40.1851654053
17.2634411, -4.0, 40.1960449219
16.18894, -4.0, 40.2088546753
15.114439, -4.0, 40.2240905762
14.0399389, -4.0, 40.2424087524
12.9654379, -4.0, 40.2646522522
11.8909369, -4.0, 40.2918930054
10.8164358, -4.0, 40.3254318237
9.74193573, -4.0, 40.3667526245
8.66743469, -4.0, 40.4172668457
7.59293413, -4.0, 40.4777107239
6.51843309, -4.0, 40.546962738
5.44393253, -4.0, 40.6200447083
4.3694315, -4.0, 40.6858634949
3.29493093, -4.0, 40.727268219
2.22043014, -4.0, 40.7266044617
1.14592934, -4.0, 40.6763076782
0.0714285746, -4.0, 40.5859489441
-0.984962404, -4.0, 40.4803276062
-2.04135346, -4.0, 40.3802757263
-3.09774446, -4.0, 40.2983016968
-4.15413523, -4.0, 40.2360534668
-5.21052647, -4.0, 40.1897659302
-6.26691723, -4.0, 40.1549072266
-7.32330847, -4.0, 40.1280899048
-8.37969971, -4.0, 40.1069450378
-9.43609047, -4.0, 40.0898666382
-10.4924812, -4.0, 40.0757293701
-11.548872, -4.0, 40.0637512207
-12.6052628, -4.0, 40.0533714294
-13.6616545, -4.0, 40.0441741943
-14.7180452, -4.0, 40.0358505249
-15.774436, -4.0, 40.0281486511
-16.8308277, -4.0, 40.0208740234
-17.8872185, -4.0, 40.0138587952
-18.9436092, -4.0, 40.0069465637
98.9256897, -5.0, 50.0061569214
97.8513794, -5.0, 50.0120429993
96.7770767, -5.0, 50.017665863
95.7027664, -5.0, 50.0230178833
94.6284561, -5.0, 50.0281066895
93.5541458, -5.0, 50.0329284668
92.4798355, -5.0, 50.0374832153
91.4055328, -5.0, 50.0417747498
90.3312225, -5.0, 50.0458068848
89.2569122, -5.0, 50.0495834351
88.1826019, -5.0, 50.05311203
87.1082916, -5.0, 50.0564041138
86.033989, -5.0, 50.0594711304
84.9596786, -5.0, 50.0623168945
83.8853683, -5.0, 50.0649604797
82.811058, -5.0, 50.0674133301
81.7367477, -5.0, 50.0696868896
80.6624451, -5.0, 50.0717926025
79.5881348, -5.0, 50.0737495422
78.5138245, -5.0, 50.0755615234
77.4395142, -5.0, 50.0772438049
76.3652039, -5.0, 50.0788040161
75.2909012, -5.0, 50.0802574158
74.2165909, -5.0, 50.081615448
73.1422806, -5.0, 50.0828781128
72.0679703, -5.0, 50.0840644836
70.99366, -5.0, 50.0851783752
69.9193573, -5.0, 50.0862236023
68.845047, -5.0, 50.0872116089
67.7707367, -5.0, 50.0881500244
66.6964264, -5.0, 50.0890464783
65.6221161, -5.0, 50.0899009705
64.5478134, -5.0, 50.0907249451
63.4735031, -5.0, 50.0915222168
62.3991928, -5.0, 50.0922966003
61.3248863, -5.0, 50.0930557251
60.250576, -5.0, 50.0938034058
59.1762657, -5.0, 50.094543457
58.1019592, -5.0, 50.0952835083
57.0276489, -5.0, 50.0960273743
55.9533424, -5.0, 50.0967788696
54.8790321, -5.0, 50.0975456238
53.8047218, -5.0, 50.0983276367
52.7304153, -5.0, 50.0991363525
51.656105, -5.0, 50.0999717712
50.5817986, -5.0, 50.1008415222
49.5074883, -5.0, 50.1017494202
48.4331779, -5.0, 50.1027030945
47.3588715, -5.0, 50.1037101746
46.2845612, -5.0, 50.1047744751
45.2102547, -5.0, 50.1058998108
44.1359444, -5.0, 50.1070976257
43.0616341, -5.0, 50.1083755493
41.9873276, -5.0, 50.1097412109
40.9130173, -5.0, 50.11120224
39.8387108, -5.0, 50.1127700806
38.7644005, -5.0, 50.1144485474
37.690094, -5.0, 50.1162567139
36.6157837, -5.0, 50.1182022095
35.5414734, -5.0, 50.1202964783
34.4671669, -5.0, 50.1225624084
33.3928566, -5.0, 50.1250076294
32.3185501, -5.0, 50.1276550293
31.2442398, -5.0, 50.1305236816
30.1699314, -5.0, 50.1336402893
29.095623, -5.0, 50.1370315552
28.0213127, -5.0, 50.1407318115
26.9470043, -5.0, 50.14478302
25.8726959, -5.0, 50.1492271423
24.7983875, -5.0, 50.1541290283
23.7240791, -5.0, 50.1595573425
22.6497688, -5.0, 50.1655960083
21.5754604, -5.0, 50.1723594666
20.501152, -5.0, 50.1799850464
19.4268436, -5.0, 50.1886367798
18.3525352, -5.0, 50.1985359192
17.2782249, -5.0, 50.2099494934
16.2039165, -5.0, 50.2232208252
15.1296082, -5.0, 50.2387771606
14.0552998, -5.0, 50.2571487427
12.9809904, -5.0, 50.2789764404
11.906682, -5.0, 50.3050041199
10.8323736, -5.0, 50.3360328674
9.75806427, -5.0, 50.372795105
8.68375587, -5.0, 50.4156570435
7.609447, -5.0, 50.4641304016
6.53513813, -5.0, 50.5160636902
5.46082926, -5.0, 50.5666923523
4.38652086, -5.0, 50.6081771851
3.31221199, -5.0, 50.6306419373
2.23790312, -5.0, 50.6255111694
1.16359448, -5.0, 50.5898780823
0.0892857164, -5.0, 50.5290145874
-0.968045115, -5.0, 50.455696106
-2.02537584, -5.0, 50.3812713623
-3.08270669, -5.0, 50.3143768311
-4.14003754, -5.0, 50.2586097717
-5.19736862, -5.0, 50.2137908936
-6.25469923, -5.0, 50.1780853271
-7.31202984, -5.0, 50.1494483948
-8.36936092, -5.0, 50.1261520386
-9.42669201, -5.0, 50.1068725586
-10.4840221, -5.0, 50.0906143188
-11.5413532, -5.0, 50.0766334534
-12.5986843, -5.0, 50.0643730164
-13.6560154, -5.0, 50.0534095764
-14.7133455, -5.0, 50.0434112549
-15.7706766, -5.0, 50.0341148376
-16.8280067, -5.0, 50.0253067017
-17.8853378, -5.0, 50.0167922974
-18.9426689, -5.0, 50.0084075928
98.9258804, -6.0, 60.0061988831
97.8517685, -6.0, 60.0121231079
96.7776489, -6.0, 60.0177841187
95.7035294, -6.0, 60.0231781006
94.6294174, -6.0, 60.0283088684
93.5552979, -6.0, 60.0331802368
92.4811859, -6.0, 60.0377883911
91.4070663, -6.0, 60.0421447754
90.3329468, -6.0, 60.0462493896
89.2588348, -6.0, 60.0501060486
88.1847153, -6.0, 60.0537261963
87.1105957, -6.0, 60.0571136475
86.0364838, -6.0, 60.0602798462
84.9623642, -6.0, 60.0632362366
83.8882523, -6.0, 60.0659942627
82.8141327, -6.0, 60.0685653687
81.7400131, -6.0, 60.0709571838
80.6659012, -6.0, 60.073184967
79.5917816, -6.0, 60.0752601624
78.517662, -6.0, 60.0771942139
77.4435501, -6.0, 60.078994751
76.3694305, -6.0, 60.0806770325
75.2953186, -6.0, 60.0822486877
74.221199, -6.0, 60.0837173462
73.1470795, -6.0, 60.0850982666
72.0729675, -6.0, 60.086391449
70.998848, -6.0, 60.0876121521
69.9247284, -6.0, 60.0887641907
68.8506165, -6.0, 60.0898590088
67.7764969, -6.0, 60.0908966064
66.7023773, -6.0, 60.0918884277
65.6282654, -6.0, 60.0928421021
64.5541458, -6.0, 60.0937614441
63.4800301, -6.0, 60.0946540833
62.4059143, -6.0, 60.0955238342
61.3317986, -6.0, 60.0963745117
60.257679, -6.0, 60.0972137451
59.1835632, -6.0, 60.0980491638
58.1094475, -6.0, 60.0988845825
57.0353317, -6.0, 60.0997200012
55.9612122, -6.0, 60.1005706787
54.8870964, -6.0, 60.1014328003
53.8129807, -6.0, 60.1023178101
52.7388649, -6.0, 60.103225708
51.6647453, -6.0, 60.1041679382
50.5906296, -6.0, 60.1051483154
49.5165138, -6.0, 60.1061706543
48.4423981, -6.0, 60.1072463989
47.3682785, -6.0, 60.1083755493
46.2941628, -6.0, 60.1095657349
45.220047, -6.0, 60.1108283997
44.1459312, -6.0, 60.1121711731
43.0718117, -6.0, 60.1135978699
41.9976959, -6.0, 60.1151237488
40.9235802, -6.0, 60.1167488098
39.8494606, -6.0, 60.1184921265
38.7753448, -6.0, 60.1203575134
37.7012291, -6.0, 60.1223602295
36.6271133, -6.0, 60.1245117188
35.5529938, -6.0, 60.1268234253
34.478878, -6.0, 60.1293182373
33.4047623, -6.0, 60.1320075989
32.3306465, -6.0, 60.1349105835
31.2565289, -6.0, 60.1380500793
30.1824112, -6.0, 60.1414489746
29.1082954, -6.0, 60.1451416016
28.0341778, -6.0, 60.1491622925
26.960062, -6.0, 60.1535453796
25.8859444, -6.0, 60.1583404541
24.8118286, -6.0, 60.1636047363
23.737711, -6.0, 60.1694107056
22.6635952, -6.0, 60.1758422852
21.5894775, -6.0, 60.1829986572
20.5153618, -6.0, 60.1910095215
19.4412441, -6.0, 60.2000312805
18.3671284, -6.0, 60.2102546692
17.2930107, -6.0, 60.221912384
16.218895, -6.0, 60.2352867126
15.1447773, -6.0, 60.2507209778
14.0706606, -6.0, 60.2686080933
12.9965439, -6.0, 60.289390564
11.9224272, -6.0, 60.3135261536
10.8483105, -6.0, 60.3414154053
9.77419376, -6.0, 60.3732528687
8.70007706, -6.0, 60.4088058472
7.62595987, -6.0, 60.4470481873
6.55184317, -6.0, 60.4857292175
5.47772646, -6.0, 60.5210380554
4.40360975, -6.0, 60.5477104187
3.32949305, -6.0, 60.5599784851
2.25537634, -6.0, 60.5533905029
1.18125963, -6.0, 60.5267791748
0.107142858, -6.0, 60.4831848145
-0.951127827, -6.0, 60.4298057556
-2.00939846, -6.0, 60.3731651306
-3.06766915, -6.0, 60.3190422058
-4.12593985, -6.0, 60.2708053589
-5.1842103, -6.0, 60.2295608521
-6.24248123, -6.0, 60.1949615479
-7.30075169, -6.0, 60.166053772
-8.35902214, -6.0, 60.1417732239
-9.41729355, -6.0, 60.1211547852
-10.475564, -6.0, 60.1034088135
-11.5338345, -6.0, 60.0879020691
-12.5921049, -6.0, 60.0741233826
-13.6503763, -6.0, 60.0616722107
-14.7086468, -6.0, 60.0502281189
-15.7669172, -6.0, 60.0395240784
-16.8251877, -6.0, 60.029335022
-17.8834591, -6.0, 60.0194625854
-18.9417286, -6.0, 60.0097427368
98.9260788, -7.0, 70.0062408447
97.85215, -7.0, 70.0122070312
96.7782288, -7.0, 70.017906189
95.7042999, -7.0, 70.0233383179
94.6303787, -7.0, 70.0285186768
93.5564499, -7.0, 70.0334320068
92.4825287, -7.0, 70.0381011963
91.4085999, -7.0, 70.0425109863
90.3346786, -7.0, 70.0466842651
89.2607498, -7.0, 70.0506134033
88.1868286, -7.0, 70.0543136597
87.1128998, -7.0, 70.0577926636
86.0389786, -7.0, 70.0610580444
84.9650574, -7.0, 70.0641098022
83.8911285, -7.0, 70.0669708252
82.8172073, -7.0, 70.0696487427
81.7432785, -7.0, 70.0721435547
80.6693573, -7.0, 70.0744857788
79.5954285, -7.0, 70.0766677856
78.5215073, -7.0, 70.0787124634
77.4475784, -7.0, 70.0806274414
76.3736572, -7.0, 70.0824203491
75.2997284, -7.0, 70.0840988159
74.2258072, -7.0, 70.0856781006
73.1518784, -7.0, 70.0871582031
72.0779572, -7.0, 70.0885543823
71.0040359, -7.0, 70.0898742676
69.9301071, -7.0, 70.0911254883
68.8561859, -7.0, 70.0923156738
67.7822571, -7.0, 70.0934524536
66.7083359, -7.0, 70.0945358276
65.634407, -7.0, 70.0955810547
64.5604858, -7.0, 70.0965881348
63.4865608, -7.0, 70.0975646973
62.4126358, -7.0, 70.098526001
61.3387108, -7.0, 70.0994644165
60.2647858, -7.0, 70.1003952026
59.1908607, -7.0, 70.1013183594
58.1169357, -7.0, 70.1022415161
57.0430107, -7.0, 70.1031646729
55.9690857, -7.0, 70.1041030884
54.8951607, -7.0, 70.1050643921
53.8212357, -7.0, 70.1060409546
52.7473106, -7.0, 70.1070480347
51.6733856, -7.0, 70.1080856323
50.5994606, -7.0, 70.1091690063
49.5255394, -7.0, 70.1103057861
48.4516144, -7.0, 70.1114883423
47.3776894, -7.0, 70.1127319336
46.3037643, -7.0, 70.1140518188
45.2298393, -7.0, 70.1154403687
44.1559143, -7.0, 70.1169128418
43.0819893, -7.0, 70.1184844971
42.0080643, -7.0, 70.1201553345
40.9341393, -7.0, 70.1219406128
39.8602142, -7.0, 70.123840332
38.7862892, -7.0, 70.1258850098
37.7123642, -7.0, 70.1280670166
36.6384392, -7.0, 70.1304092407
35.564518, -7.0, 70.1329269409
34.490593, -7.0, 70.1356277466
33.4166679, -7.0, 70.1385345459
32.3427429, -7.0, 70.1416702271
31.2688179, -7.0, 70.1450576782
30.1948929, -7.0, 70.1487121582
29.1209679, -7.0, 70.152671814
28.0470428, -7.0, 70.1569671631
26.9731178, -7.0, 70.1616363525
25.8991928, -7.0, 70.1667327881
24.8252697, -7.0, 70.1722946167
23.7513447, -7.0, 70.1784057617
22.6774197, -7.0, 70.1851272583
21.6034946, -7.0, 70.192565918
20.5295696, -7.0, 70.2008361816
19.4556446, -7.0, 70.2100601196
18.3817196, -7.0, 70.2204055786
17.3077965, -7.0, 70.2320632935
16.2338715, -7.0, 70.245262146
15.1599464, -7.0, 70.2602386475
14.0860214, -7.0, 70.2772674561
13.0120964, -7.0, 70.2966308594
11.9381723, -7.0, 70.3185348511
10.8642473, -7.0, 70.3431015015
9.7903223, -7.0, 70.3702087402
8.71639824, -7.0, 70.3993148804
7.64247322, -7.0, 70.4292678833
6.5685482, -7.0, 70.4580993652
5.49462366, -7.0, 70.4829483032
4.42069912, -7.0, 70.5003204346
3.3467741, -7.0, 70.5067596436
2.27284956, -7.0, 70.4998245239
1.19892478, -7.0, 70.4790267944
0.125, -7.0, 70.4462127686
-0.934210539, -7.0, 70.4057312012
-1.99342108, -7.0, 70.3614959717
-3.05263162, -7.0, 70.3173980713
-4.11184216, -7.0, 70.2761306763
-5.17105246, -7.0, 70.2390899658
-6.23026323, -7.0, 70.2066192627
-7.28947353, -7.0, 70.1784591675
-8.34868431, -7.0, 70.1540603638
-9.40789509, -7.0, 70.1328125
-10.4671049, -7.0, 70.1141357422
-11.5263157, -7.0, 70.0975418091
-12.5855265, -7.0, 70.0825881958
-13.6447372, -7.0, 70.0689315796
-14.7039471, -7.0, 70.0562667847
-15.7631578, -7.0, 70.044342041
-16.8223686, -7.0, 70.0329360962
-17.8815784, -7.0, 70.0218658447
-18.9407902, -7.0, 70.0109405518
98.9262695, -8.0, 80.0062789917
97.8525314, -8.0, 80.0122833252
96.778801, -8.0, 80.0180206299
95.7050705, -8.0, 80.0234985352
94.63134, -8.0, 80.028717041
93.5576019, -8.0, 80.0336837769
92.4838715, -8.0, 80.0383987427
91.410141, -8.0, 80.0428771973
90.3364029, -8.0, 80.0471115112
89.2626724, -8.0, 80.051109314
88.188942, -8.0, 80.0548858643
87.1152039, -8.0, 80.0584411621
86.0414734, -8.0, 80.0617904663
84.9677429, -8.0, 80.0649337769
83.8940125, -8.0, 80.0678863525
82.8202744, -8.0, 80.0706558228
81.7465439, -8.0, 80.0732574463
80.6728134, -8.0, 80.0756988525
79.5990753, -8.0, 80.0779800415
78.5253448, -8.0, 80.0801239014
77.4516144, -8.0, 80.0821380615
76.3778839, -8.0, 80.0840301514
75.3041458, -8.0, 80.0858078003
74.2304153, -8.0, 80.0874862671
73.1566849, -8.0, 80.0890579224
72.0829468, -8.0, 80.0905532837
71.0092163, -8.0, 80.0919647217
69.9354858, -8.0, 80.0933074951
68.8617477, -8.0, 80.0945892334
67.7880173, -8.0, 80.0958099365
66.7142868, -8.0, 80.0969772339
65.6405563, -8.0, 80.0981063843
64.5668182, -8.0, 80.0992050171
63.4930878, -8.0, 80.1002655029
62.4193535, -8.0, 80.1013031006
61.345623, -8.0, 80.1023254395
60.2718887, -8.0, 80.1033401489
59.1981583, -8.0, 80.1043395996
58.124424, -8.0, 80.1053466797
57.0506897, -8.0, 80.1063613892
55.9769592, -8.0, 80.107383728
54.9032249, -8.0, 80.1084289551
53.8294945, -8.0, 80.1094970703
52.7557602, -8.0, 80.1105957031
51.6820259, -8.0, 80.1117324829
50.6082954, -8.0, 80.1129074097
49.5345612, -8.0, 80.1141433716
48.4608307, -8.0, 80.1154327393
47.3870964, -8.0, 80.1167907715
46.3133659, -8.0, 80.1182174683
45.2396317, -8.0, 80.1197280884
44.1658974, -8.0, 80.1213302612
43.0921669, -8.0, 80.1230316162
42.0184326, -8.0, 80.1248397827
40.9447021, -8.0, 80.1267623901
39.8709679, -8.0, 80.1288223267
38.7972336, -8.0, 80.1310195923
37.7235031, -8.0, 80.1333694458
36.6497688, -8.0, 80.135887146
35.5760384, -8.0, 80.1385879517
34.5023041, -8.0, 80.1414794922
33.4285698, -8.0, 80.1445922852
32.3548393, -8.0, 80.1479415894
31.281105, -8.0, 80.1515426636
30.2073727, -8.0, 80.1554260254
29.1336403, -8.0, 80.1596221924
28.0599079, -8.0, 80.1641540527
26.9861755, -8.0, 80.1690673828
25.9124432, -8.0, 80.1744003296
24.8387089, -8.0, 80.1802062988
23.7649765, -8.0, 80.1865463257
22.6912441, -8.0, 80.1934814453
21.6175117, -8.0, 80.2011032104
20.5437794, -8.0, 80.2095031738
19.470047, -8.0, 80.2187957764
18.3963127, -8.0, 80.2291030884
17.3225803, -8.0, 80.2405853271
16.248848, -8.0, 80.2533874512
15.1751156, -8.0, 80.2676849365
14.1013823, -8.0, 80.2836380005
13.0276499, -8.0, 80.3013763428
11.9539175, -8.0, 80.3209762573
10.8801842, -8.0, 80.342338562
9.8064518, -8.0, 80.3651733398
8.73271847, -8.0, 80.3888473511
7.65898609, -8.0, 80.4122619629
6.58525324, -8.0, 80.4338302612
5.51152086, -8.0, 80.4514465332
4.43778801, -8.0, 80.4627990723
3.3640554, -8.0, 80.4657287598
2.29032254, -8.0, 80.4588470459
1.21658981, -8.0, 80.441947937
0.142857149, -8.0, 80.4162063599
-0.917293251, -8.0, 80.3843765259
-1.97744358, -8.0, 80.3489303589
-3.03759408, -8.0, 80.3125
-4.09774446, -8.0, 80.2771453857
-5.15789461, -8.0, 80.2441864014
-6.21804523, -8.0, 80.214225769
-7.27819538, -8.0, 80.1873703003
-8.33834553, -8.0, 80.1634292603
-9.39849663, -8.0, 80.142074585
-10.4586468, -8.0, 80.1229248047
-11.5187969, -8.0, 80.1056137085
-12.5789471, -8.0, 80.089805603
-13.6390982, -8.0, 80.0751953125
-14.6992483, -8.0, 80.0615234375
-15.7593985, -8.0, 80.0485687256
-16.8195496, -8.0, 80.0361175537
-17.8796997, -8.0, 80.0239868164
-18.9398499, -8.0, 80.0120010376
98.9264603, -9.0, 90.0063171387
97.8529205, -9.0, 90.0123596191
96.7793808, -9.0, 90.0181350708
95.7058334, -9.0, 90.0236587524
94.6322937, -9.0, 90.0289154053
93.558754, -9.0, 90.0339279175
92.4852142, -9.0, 90.0386962891
91.4116745, -9.0, 90.04322052
90.3381348, -9.0, 90.0475158691
89.264595, -9.0, 90.051574707
88.1910553, -9.0, 90.0554199219
87.1175079, -9.0, 90.0590515137
86.0439682, -9.0, 90.0624771118
84.9704285, -9.0, 90.0657043457
83.8968887, -9.0, 90.0687408447
82.823349, -9.0, 90.0715942383
81.7498093, -9.0, 90.0742874146
80.6762695, -9.0, 90.0768127441
79.6027298, -9.0, 90.0791931152
78.5291824, -9.0, 90.0814285278
77.4556427, -9.0, 90.0835342407
76.382103, -9.0, 90.0855102539
75.3085632, -9.0, 90.0873794556
74.2350235, -9.0, 90.0891418457
73.1614838, -9.0, 90.0908126831
72.087944, -9.0, 90.0923919678
71.0144043, -9.0, 90.0938873291
69.9408569, -9.0, 90.0953140259
68.8673172, -9.0, 90.0966720581
67.7937775, -9.0, 90.0979766846
66.7202377, -9.0, 90.0992279053
65.646698, -9.0, 90.100440979
64.5731583, -9.0, 90.1016082764
63.4996147, -9.0, 90.1027450562
62.426075, -9.0, 90.1038665771
61.3525352, -9.0, 90.10496521
60.2789955, -9.0, 90.106048584
59.205452, -9.0, 90.107131958
58.1319122, -9.0, 90.108215332
57.0583725, -9.0, 90.1093063354
55.9848328, -9.0, 90.1104049683
54.9112892, -9.0, 90.1115341187
53.8377495, -9.0, 90.1126785278
52.7642097, -9.0, 90.113861084
51.69067, -9.0, 90.1150894165
50.6171265, -9.0, 90.116355896
49.5435867, -9.0, 90.1176834106
48.470047, -9.0, 90.1190719604
47.3965073, -9.0, 90.1205291748
46.3229637, -9.0, 90.1220626831
45.249424, -9.0, 90.1236877441
44.1758842, -9.0, 90.1254043579
43.1023407, -9.0, 90.1272201538
42.028801, -9.0, 90.12915802
40.9552612, -9.0, 90.1312179565
39.8817215, -9.0, 90.1334152222
38.8081779, -9.0, 90.1357574463
37.7346382, -9.0, 90.1382598877
36.6610985, -9.0, 90.1409378052
35.5875587, -9.0, 90.1438064575
34.5140152, -9.0, 90.1468734741
33.4404755, -9.0, 90.1501693726
32.3669357, -9.0, 90.1537017822
31.2933941, -9.0, 90.1574935913
30.2198544, -9.0, 90.1615753174
29.1463127, -9.0, 90.1659698486
28.072773, -9.0, 90.1707077026
26.9992313, -9.0, 90.175819397
25.9256916, -9.0, 90.181350708
24.85215, -9.0, 90.1873474121
23.7786102, -9.0, 90.1938476562
22.7050686, -9.0, 90.2009277344
21.6315289, -9.0, 90.2086486816
20.5579872, -9.0, 90.217086792
19.4844475, -9.0, 90.2263336182
18.4109058, -9.0, 90.2364883423
17.3373661, -9.0, 90.2476425171
16.2638245, -9.0, 90.2599182129
15.1902838, -9.0, 90.273399353
14.1167431, -9.0, 90.2881698608
13.0432024, -9.0, 90.3042602539
11.9696617, -9.0, 90.3216171265
10.896121, -9.0, 90.3400497437
9.82258034, -9.0, 90.3591842651
8.74903965, -9.0, 90.3783950806
7.67549944, -9.0, 90.3967208862
6.60195875, -9.0, 90.4129180908
5.52841759, -9.0, 90.4254684448
4.4548769, -9.0, 90.4327850342
3.38133645, -9.0, 90.4335250854
2.30779576, -9.0, 90.4268188477
1.23425496, -9.0, 90.412612915
0.160714284, -9.0, 90.3916854858
-0.900375962, -9.0, 90.365852356
-1.96146619, -9.0, 90.3367233276
-3.0225563, -9.0, 90.3061218262
-4.08364677, -9.0, 90.275604248
-5.14473677, -9.0, 90.2462844849
-6.20582724, -9.0, 90.2188262939
-7.26691723, -9.0, 90.1935195923
-8.3280077, -9.0, 90.1703720093
-9.38909817, -9.0, 90.1492614746
-10.4501877, -9.0, 90.1299667358
-11.5112782, -9.0, 90.1122436523
-12.5723686, -9.0, 90.0958328247
-13.6334591, -9.0, 90.0805053711
-14.6945486, -9.0, 90.0660324097
-15.7556391, -9.0, 90.0522155762
-16.8167286, -9.0, 90.0388793945
-17.8778191, -9.0, 90.0258331299
-18.9389095, -9.0, 90.0129241943
98.926651, -10.0, 100.006355286
97.853302, -10.0, 100.012435913
96.779953, -10.0, 100.018249512
95.706604, -10.0, 100.023803711
94.633255, -10.0, 100.02910614
93.559906, -10.0, 100.034156799
92.486557, -10.0, 100.038970947
91.413208, -10.0, 100.043548584
90.339859, -10.0, 100.047897339
89.26651, -10.0, 100.052017212
88.193161, -10.0, 100.055923462
87.119812, -10.0, 100.059616089
86.0464706, -10.0, 100.063110352
84.9731216, -10.0, 100.066413879
83.8997726, -10.0, 100.069526672
82.8264236, -10.0, 100.072463989
81.7530746, -10.0, 100.07522583
80.6797256, -10.0, 100.077842712
79.6063766, -10.0, 100.080299377
78.5330276, -10.0, 100.082618713
77.4596786, -10.0, 100.08480835
76.3863297, -10.0, 100.086868286
75.3129807, -10.0, 100.088821411
74.2396317, -10.0, 100.090660095
73.1662827, -10.0, 100.092407227
72.0929337, -10.0, 100.094062805
71.0195847, -10.0, 100.09564209
69.9462357, -10.0, 100.097145081
68.8728867, -10.0, 100.098579407
67.7995377, -10.0, 100.099960327
66.7261887, -10.0, 100.101280212
65.6528397, -10.0, 100.102561951
64.5794907, -10.0, 100.103805542
63.5061455, -10.0, 100.105018616
62.4327965, -10.0, 100.106201172
61.3594475, -10.0, 100.107368469
60.2860985, -10.0, 100.108528137
59.2127495, -10.0, 100.109680176
58.1394005, -10.0, 100.110832214
57.0660515, -10.0, 100.111991882
55.9927025, -10.0, 100.113174438
54.9193535, -10.0, 100.114372253
53.8460045, -10.0, 100.115592957
52.7726593, -10.0, 100.116859436
51.6993103, -10.0, 100.118164062
50.6259613, -10.0, 100.119514465
49.5526123, -10.0, 100.120925903
48.4792633, -10.0, 100.122406006
47.4059143, -10.0, 100.123954773
46.3325653, -10.0, 100.125587463
45.2592163, -10.0, 100.127311707
44.1858673, -10.0, 100.129135132
43.1125183, -10.0, 100.131065369
42.0391693, -10.0, 100.133117676
40.9658203, -10.0, 100.135299683
39.8924713, -10.0, 100.137619019
38.8191261, -10.0, 100.140098572
37.7457771, -10.0, 100.142738342
36.6724281, -10.0, 100.145561218
35.5990791, -10.0, 100.148574829
34.5257301, -10.0, 100.151802063
33.4523811, -10.0, 100.155258179
32.3790321, -10.0, 100.158950806
31.3056831, -10.0, 100.162918091
30.2323341, -10.0, 100.167167664
29.158987, -10.0, 100.171737671
28.085638, -10.0, 100.176643372
27.012289, -10.0, 100.181922913
25.93894, -10.0, 100.187606812
24.865591, -10.0, 100.193733215
23.7922421, -10.0, 100.20035553
22.718895, -10.0, 100.207511902
21.645546, -10.0, 100.215263367
20.572197, -10.0, 100.22366333
19.498848, -10.0, 100.232788086
18.425499, -10.0, 100.24269104
17.35215, -10.0, 100.253440857
16.278801, -10.0, 100.265106201
15.2054529, -10.0, 100.27771759
14.1321049, -10.0, 100.291290283
13.0587559, -10.0, 100.305786133
11.9854069, -10.0, 100.321075439
10.9120588, -10.0, 100.336921692
9.83870983, -10.0, 100.352928162
8.76536083, -10.0, 100.368522644
7.69201231, -10.0, 100.382904053
6.61866379, -10.0, 100.395111084
5.54531479, -10.0, 100.404037476
4.47196627, -10.0, 100.408592224
3.39861751, -10.0, 100.40789032
2.32526875, -10.0, 100.401397705
1.2519201, -10.0, 100.38910675
0.178571433, -10.0, 100.371551514
-0.883458674, -10.0, 100.349967957
-1.94548869, -10.0, 100.325454712
-3.00751877, -10.0, 100.299293518
-4.06954908, -10.0, 100.272651672
-5.13157892, -10.0, 100.246444702
-6.19360924, -10.0, 100.221290588
-7.25563908, -10.0, 100.197547913
-8.31766891, -10.0, 100.175354004
-9.37969971, -10.0, 100.154708862
-10.4417295, -10.0, 100.135498047
-11.5037594, -10.0, 100.117584229
-12.5657892, -10.0, 100.100784302
-13.62782, -10.0, 100.08493042
-14.6898499, -10.0, 100.069831848
-15.7518797, -10.0, 100.05532074
-16.8139095, -10.0, 100.041236877
-17.8759403, -10.0, 100.027420044
-18.9379692, -10.0, 100.013725281
98.9268417, -11.0, 110.006385803
97.8536835, -11.0, 110.012496948
96.7805328, -11.0, 110.018348694
95.7073746, -11.0, 110.02394104
94.6342163, -11.0, 110.029281616
93.561058, -11.0, 110.034378052
92.4878998, -11.0, 110.039230347
91.4147491, -11.0, 110.04385376
90.3415909, -11.0, 110.048248291
89.2684326, -11.0, 110.05242157
88.1952744, -11.0, 110.056388855
87.1221161, -11.0, 110.060142517
86.0489655, -11.0, 110.063697815
84.9758072, -11.0, 110.067062378
83.9026489, -11.0, 110.070243835
82.8294907, -11.0, 110.073249817
81.75634, -11.0, 110.076087952
80.6831818, -11.0, 110.078773499
79.6100235, -11.0, 110.081306458
78.5368652, -11.0, 110.083694458
77.463707, -11.0, 110.085960388
76.3905563, -11.0, 110.088096619
75.3173981, -11.0, 110.090118408
74.2442398, -11.0, 110.092033386
73.1710815, -11.0, 110.093856812
72.0979233, -11.0, 110.095581055
71.0247726, -11.0, 110.097229004
69.9516144, -11.0, 110.098800659
68.8784561, -11.0, 110.10030365
67.8052979, -11.0, 110.101745605
66.7321396, -11.0, 110.103141785
65.658989, -11.0, 110.104484558
64.5858307, -11.0, 110.105789185
63.5126724, -11.0, 110.107070923
62.439518, -11.0, 110.108314514
61.3663597, -11.0, 110.109550476
60.2932014, -11.0, 110.110771179
59.220047, -11.0, 110.111984253
58.1468887, -11.0, 110.113204956
57.0737343, -11.0, 110.114433289
56.000576, -11.0, 110.11567688
54.9274178, -11.0, 110.116943359
53.8542633, -11.0, 110.118240356
52.781105, -11.0, 110.1195755
51.7079506, -11.0, 110.120948792
50.6347923, -11.0, 110.122383118
49.5616341, -11.0, 110.12387085
48.4884796, -11.0, 110.125427246
47.4153214, -11.0, 110.127059937
46.3421669, -11.0, 110.12878418
45.2690086, -11.0, 110.130599976
44.1958542, -11.0, 110.132514954
43.1226959, -11.0, 110.134544373
42.0495377, -11.0, 110.136703491
40.9763832, -11.0, 110.13899231
39.9032249, -11.0, 110.141433716
38.8300705, -11.0, 110.14402771
37.7569122, -11.0, 110.14679718
36.683754, -11.0, 110.149742126
35.6105995, -11.0, 110.152893066
34.5374413, -11.0, 110.156257629
33.4642868, -11.0, 110.159851074
32.3911285, -11.0, 110.163696289
31.3179722, -11.0, 110.167800903
30.2448158, -11.0, 110.172203064
29.1716595, -11.0, 110.1769104
28.0985031, -11.0, 110.18196106
27.0253448, -11.0, 110.1873703
25.9521885, -11.0, 110.19316864
24.8790321, -11.0, 110.199394226
23.8058758, -11.0, 110.206085205
22.7327194, -11.0, 110.213272095
21.6595631, -11.0, 110.221000671
20.5864048, -11.0, 110.229316711
19.5132484, -11.0, 110.238250732
18.4400921, -11.0, 110.24785614
17.3669357, -11.0, 110.258155823
16.2937794, -11.0, 110.269180298
15.2206221, -11.0, 110.280921936
14.1474657, -11.0, 110.29334259
13.0743084, -11.0, 110.306358337
12.001152, -11.0, 110.319801331
10.9279957, -11.0, 110.3334198
9.85483837, -11.0, 110.346824646
8.78168201, -11.0, 110.359519958
7.70852518, -11.0, 110.370857239
6.63536882, -11.0, 110.380073547
5.56221199, -11.0, 110.386367798
4.48905516, -11.0, 110.38898468
3.41589856, -11.0, 110.387306213
2.34274197, -11.0, 110.381011963
1.26958525, -11.0, 110.370101929
0.196428567, -11.0, 110.354957581
-0.866541326, -11.0, 110.336463928
-1.92951131, -11.0, 110.315361023
-2.99248123, -11.0, 110.29258728
-4.05545092, -11.0, 110.26902771
-5.11842108, -11.0, 110.245407104
-6.18139076, -11.0, 110.22228241
-7.24436092, -11.0, 110.200019836
-8.30733109, -11.0, 110.17881012
-9.37030029, -11.0, 110.158729553
-10.4332705, -11.0, 110.139755249
-11.4962406, -11.0, 110.121810913
-12.5592108, -11.0, 110.104789734
-13.62218, -11.0, 110.088554382
-14.6851501, -11.0, 110.072975159
-15.7481203, -11.0, 110.057914734
-16.8110905, -11.0, 110.043212891
-17.8740597, -11.0, 110.028755188
-18.9370308, -11.0, 110.014396667
98.9270325, -12.0, 120.006416321
97.8540726, -12.0, 120.012557983
96.781105, -12.0, 120.018440247
95.7081375, -12.0, 120.02406311
94.6351776, -12.0, 120.029441833
93.5622101, -12.0, 120.034568787
92.4892502, -12.0, 120.039466858
91.4162827, -12.0, 120.044128418
90.3433151, -12.0, 120.048568726
89.2703552, -12.0, 120.05279541
88.1973877, -12.0, 120.056808472
87.1244202, -12.0, 120.06061554
86.0514603, -12.0, 120.064224243
84.9784927, -12.0, 120.067649841
83.9055328, -12.0, 120.070892334
82.8325653, -12.0, 120.073959351
81.7595978, -12.0, 120.076858521
80.6866379, -12.0, 120.079605103
79.6136703, -12.0, 120.082206726
78.5407028, -12.0, 120.084663391
77.4677429, -12.0, 120.086990356
76.3947754, -12.0, 120.089195251
75.3218155, -12.0, 120.091285706
74.248848, -12.0, 120.093261719
73.1758804, -12.0, 120.095146179
72.1029205, -12.0, 120.096939087
71.029953, -12.0, 120.098648071
69.9569855, -12.0, 120.100280762
68.8840256, -12.0, 120.101844788
67.811058, -12.0, 120.103347778
66.7380981, -12.0, 120.104797363
65.6651306, -12.0, 120.106208801
64.5921631, -12.0, 120.107574463
63.5191994, -12.0, 120.108901978
62.4462357, -12.0, 120.110214233
61.3732719, -12.0, 120.111503601
60.3003082, -12.0, 120.11277771
59.2273407, -12.0, 120.114051819
58.154377, -12.0, 120.115333557
57.0814133, -12.0, 120.116615295
56.0084496, -12.0, 120.117919922
54.935482, -12.0, 120.119247437
53.8625183, -12.0, 120.120605469
52.7895546, -12.0, 120.122001648
51.7165909, -12.0, 120.123451233
50.6436234, -12.0, 120.124946594
49.5706596, -12.0, 120.12651062
48.4976959, -12.0, 120.128135681
47.4247322, -12.0, 120.129852295
46.3517647, -12.0, 120.131645203
45.278801, -12.0, 120.133544922
44.2058372, -12.0, 120.135551453
43.1328735, -12.0, 120.137672424
42.059906, -12.0, 120.139923096
40.9869423, -12.0, 120.142311096
39.9139786, -12.0, 120.144851685
38.8410149, -12.0, 120.14755249
37.7680473, -12.0, 120.150421143
36.6950836, -12.0, 120.153488159
35.6221199, -12.0, 120.15675354
34.5491562, -12.0, 120.160240173
33.4761887, -12.0, 120.163955688
32.4032249, -12.0, 120.167922974
31.3302612, -12.0, 120.172157288
30.2572956, -12.0, 120.176681519
29.1843319, -12.0, 120.181510925
28.1113663, -12.0, 120.186668396
27.0384026, -12.0, 120.192176819
25.9654369, -12.0, 120.198066711
24.8924732, -12.0, 120.204360962
23.8195076, -12.0, 120.211082458
22.7465439, -12.0, 120.218261719
21.6735783, -12.0, 120.22592926
20.6006145, -12.0, 120.234115601
19.5276489, -12.0, 120.242835999
18.4546852, -12.0, 120.252113342
17.3817196, -12.0, 120.261955261
16.3087559, -12.0, 120.272346497
15.2357912, -12.0, 120.283256531
14.1628265, -12.0, 120.294616699
13.0898619, -12.0, 120.306304932
12.0168972, -12.0, 120.318138123
10.9439325, -12.0, 120.329872131
9.87096786, -12.0, 120.341148376
8.7980032, -12.0, 120.351531982
7.72503853, -12.0, 120.360496521
6.65207386, -12.0, 120.367462158
5.57910919, -12.0, 120.371826172
4.50614452, -12.0, 120.373039246
3.43317962, -12.0, 120.370697021
2.36021495, -12.0, 120.364570618
1.2872504, -12.0, 120.354682922
0.214285716, -12.0, 120.341293335
-0.849624038, -12.0, 120.325065613
-1.91353381, -12.0, 120.306518555
-2.9774437, -12.0, 120.286338806
-4.04135323, -12.0, 120.265205383
-5.10526323, -12.0, 120.24370575
-6.16917276, -12.0, 120.222320557
-7.23308277, -12.0, 120.201385498
-8.2969923, -12.0, 120.181114197
-9.36090183, -12.0, 120.161628723
-10.4248123, -12.0, 120.142967224
-11.4887218, -12.0, 120.125099182
-12.5526314, -12.0, 120.107971191
-13.6165409, -12.0, 120.091491699
-14.6804514, -12.0, 120.075553894
-15.7443609, -12.0, 120.060043335
-16.8082714, -12.0, 120.04486084
-17.8721809, -12.0, 120.02986908
-18.9360905, -12.0, 120.014953613
98.9272308, -13.0, 130.006439209
97.854454, -13.0, 130.012619019
96.7816849, -13.0, 130.01852417
95.7089081, -13.0, 130.024169922
94.6361389, -13.0, 130.029586792
93.5633621, -13.0, 130.034744263
92.490593, -13.0, 130.039672852
91.4178162, -13.0, 130.044372559
90.345047, -13.0, 130.048858643
89.2722702, -13.0, 130.053115845
88.199501, -13.0, 130.057174683
87.1267319, -13.0, 130.061035156
86.0539551, -13.0, 130.064697266
84.9811859, -13.0, 130.06817627
83.9084091, -13.0, 130.071456909
82.83564, -13.0, 130.074584961
81.7628632, -13.0, 130.077545166
80.690094, -13.0, 130.080352783
79.6173172, -13.0, 130.083007812
78.544548, -13.0, 130.085525513
77.4717712, -13.0, 130.087905884
76.3990021, -13.0, 130.090164185
75.3262253, -13.0, 130.092315674
74.2534561, -13.0, 130.094345093
73.180687, -13.0, 130.096282959
72.1079102, -13.0, 130.098129272
71.035141, -13.0, 130.099899292
69.9623642, -13.0, 130.101593018
68.889595, -13.0, 130.103210449
67.8168182, -13.0, 130.104766846
66.7440491, -13.0, 130.106262207
65.6712723, -13.0, 130.107727051
64.5985031, -13.0, 130.109146118
63.5257301, -13.0, 130.110519409
62.4529572, -13.0, 130.1118927
61.3801842, -13.0, 130.113220215
60.3074112, -13.0, 130.114562988
59.2346382, -13.0, 130.115875244
58.1618652, -13.0, 130.117202759
57.0890923, -13.0, 130.118545532
56.0163193, -13.0, 130.119903564
54.9435501, -13.0, 130.121292114
53.8707771, -13.0, 130.122695923
52.7980042, -13.0, 130.124160767
51.7252312, -13.0, 130.125656128
50.6524582, -13.0, 130.127212524
49.5796852, -13.0, 130.128845215
48.5069122, -13.0, 130.13053894
47.4341393, -13.0, 130.13230896
46.3613663, -13.0, 130.134185791
45.2885933, -13.0, 130.136154175
44.2158203, -13.0, 130.13822937
43.1430473, -13.0, 130.140426636
42.0702782, -13.0, 130.14276123
40.9975052, -13.0, 130.145233154
39.9247322, -13.0, 130.147857666
38.8519592, -13.0, 130.150650024
37.7791862, -13.0, 130.153625488
36.7064133, -13.0, 130.156799316
35.6336403, -13.0, 130.16015625
34.5608673, -13.0, 130.163742065
33.4880943, -13.0, 130.167572021
32.4153214, -13.0, 130.171646118
31.3425503, -13.0, 130.175979614
30.2697773, -13.0, 130.180603027
29.1970043, -13.0, 130.185531616
28.1242313, -13.0, 130.19078064
27.0514584, -13.0, 130.196365356
25.9786873, -13.0, 130.202316284
24.9059143, -13.0, 130.208648682
23.8331413, -13.0, 130.215377808
22.7603683, -13.0, 130.22253418
21.6875954, -13.0, 130.230117798
20.6148243, -13.0, 130.23815918
19.5420513, -13.0, 130.246643066
18.4692783, -13.0, 130.255599976
17.3965054, -13.0, 130.264984131
16.3237324, -13.0, 130.274780273
15.2509604, -13.0, 130.284927368
14.1781874, -13.0, 130.295333862
13.1054144, -13.0, 130.305862427
12.0326424, -13.0, 130.316329956
10.9598694, -13.0, 130.32649231
9.88709641, -13.0, 130.336029053
8.81432438, -13.0, 130.344589233
7.7415514, -13.0, 130.351715088
6.6687789, -13.0, 130.35697937
5.59600592, -13.0, 130.359909058
4.52323341, -13.0, 130.360107422
3.45046091, -13.0, 130.357299805
2.37768817, -13.0, 130.351303101
1.30491555, -13.0, 130.342163086
0.232142851, -13.0, 130.330078125
-0.832706749, -13.0, 130.315536499
-1.89755642, -13.0, 130.298904419
-2.96240592, -13.0, 130.280715942
-4.02725554, -13.0, 130.261489868
-5.09210539, -13.0, 130.241714478
-6.15695477, -13.0, 130.22177124
-7.22180462, -13.0, 130.201980591
-8.28665447, -13.0, 130.182571411
-9.35150337, -13.0, 130.163665771
-10.4163532, -13.0, 130.145339966
-11.4812031, -13.0, 130.127609253
-12.5460529, -13.0, 130.110458374
-13.6109018, -13.0, 130.093811035
-14.6757517, -13.0, 130.07762146
-15.7406015, -13.0, 130.061782837
-16.8054504, -13.0, 130.046203613
-17.8703003, -13.0, 130.030776978
-18.9351501, -13.0, 130.015411377
98.9274216, -14.0, 140.006469727
97.8548355, -14.0, 140.012664795
96.7822571, -14.0, 140.018585205
95.7096786, -14.0, 140.024276733
94.6371002, -14.0, 140.029708862
93.5645142, -14.0, 140.034896851
92.4919357, -14.0, 140.039855957
91.4193573, -14.0, 140.044586182
90.3467712, -14.0, 140.049102783
89.2741928, -14.0, 140.053405762
88.2016144, -14.0, 140.057510376
87.1290359, -14.0, 140.061401367
86.0564499, -14.0, 140.065109253
84.9838715, -14.0, 140.068618774
83.911293, -14.0, 140.071960449
82.838707, -14.0, 140.075134277
81.7661285, -14.0, 140.078140259
80.6935501, -14.0, 140.080993652
79.6209641, -14.0, 140.083694458
78.5483856, -14.0, 140.086257935
77.4758072, -14.0, 140.088699341
76.4032288, -14.0, 140.091003418
75.3306427, -14.0, 140.093200684
74.2580643, -14.0, 140.095291138
73.1854858, -14.0, 140.09727478
72.1128998, -14.0, 140.09916687
71.0403214, -14.0, 140.100982666
69.9677429, -14.0, 140.102722168
68.8951645, -14.0, 140.104385376
67.8225784, -14.0, 140.105987549
66.75, -14.0, 140.107543945
65.6774216, -14.0, 140.109039307
64.6048355, -14.0, 140.11050415
63.5322571, -14.0, 140.111938477
62.4596786, -14.0, 140.113342285
61.3870964, -14.0, 140.114715576
60.314518, -14.0, 140.116088867
59.2419357, -14.0, 140.117462158
58.1693535, -14.0, 140.118835449
57.0967751, -14.0, 140.120223999
56.0241928, -14.0, 140.121627808
54.9516144, -14.0, 140.123046875
53.8790321, -14.0, 140.124511719
52.8064499, -14.0, 140.126022339
51.7338715, -14.0, 140.127578735
50.6612892, -14.0, 140.129180908
49.5887108, -14.0, 140.130859375
48.5161285, -14.0, 140.132614136
47.4435501, -14.0, 140.13444519
46.3709679, -14.0, 140.136383057
45.2983856, -14.0, 140.138412476
44.2258072, -14.0, 140.140548706
43.1532249, -14.0, 140.142822266
42.0806465, -14.0, 140.145233154
41.0080643, -14.0, 140.147766113
39.935482, -14.0, 140.150482178
38.8629036, -14.0, 140.15335083
37.7903214, -14.0, 140.156402588
36.7177429, -14.0, 140.15965271
35.6451607, -14.0, 140.163101196
34.5725822, -14.0, 140.166778564
33.5, -14.0, 140.170684814
32.4274178, -14.0, 140.174850464
31.3548393, -14.0, 140.179275513
30.282259, -14.0, 140.183990479
29.2096767, -14.0, 140.188995361
28.1370964, -14.0, 140.19430542
27.0645161, -14.0, 140.199951172
25.9919357, -14.0, 140.205947876
24.9193554, -14.0, 140.212295532
23.8467751, -14.0, 140.219009399
22.7741928, -14.0, 140.226119995
21.7016125, -14.0, 140.233612061
20.6290321, -14.0, 140.241500854
19.5564518, -14.0, 140.249755859
18.4838715, -14.0, 140.258392334
17.4112911, -14.0, 140.267364502
16.3387089, -14.0, 140.276626587
15.2661295, -14.0, 140.286102295
14.1935482, -14.0, 140.295669556
13.1209679, -14.0, 140.305206299
12.0483875, -14.0, 140.314544678
10.9758062, -14.0, 140.323410034
9.9032259, -14.0, 140.331573486
8.83064556, -14.0, 140.338684082
7.75806475, -14.0, 140.344406128
6.68548393, -14.0, 140.348358154
5.61290312, -14.0, 140.350219727
4.54032278, -14.0, 140.349685669
3.46774197, -14.0, 140.3465271
2.39516139, -14.0, 140.340652466
1.3225807, -14.0, 140.332077026
0.25, -14.0, 140.320953369
-0.815789461, -14.0, 140.307662964
-1.88157892, -14.0, 140.292480469
-2.94736838, -14.0, 140.275817871
-4.01315784, -14.0, 140.258087158
-5.07894754, -14.0, 140.2396698
-6.14473677, -14.0, 140.220916748
-7.21052647, -14.0, 140.202102661
-8.27631569, -14.0, 140.183425903
-9.34210491, -14.0, 140.165054321
-10.4078951, -14.0, 140.147064209
-11.4736843, -14.0, 140.129501343
-12.5394735, -14.0, 140.112365723
-13.6052628, -14.0, 140.095626831
-14.6710529, -14.0, 140.07925415
-15.7368422, -14.0, 140.063156128
-16.8026314, -14.0, 140.047271729
-17.8684216, -14.0, 140.031509399
-18.9342098, -14.0, 140.015777588
98.9276123, -15.0, 150.006484985
97.8552246, -15.0, 150.012695312
96.7828369, -15.0, 150.01864624
95.7104492, -15.0, 150.024353027
94.6380539, -15.0, 150.029800415
93.5656662, -15.0, 150.035018921
92.4932785, -15.0, 150.040008545
91.4208908, -15.0, 150.044769287
90.3485031, -15.0, 150.049316406
89.2761154, -15.0, 150.053649902
88.2037277, -15.0, 150.057785034
87.13134, -15.0, 150.061706543
86.0589447, -15.0, 150.065460205
84.986557, -15.0, 150.069015503
83.9141693, -15.0, 150.072387695
82.8417816, -15.0, 150.075592041
81.7693939, -15.0, 150.078643799
80.6970062, -15.0, 150.081542969
79.6246185, -15.0, 150.084289551
78.5522308, -15.0, 150.086883545
77.4798355, -15.0, 150.089370728
76.4074478, -15.0, 150.091720581
75.3350601, -15.0, 150.093963623
74.2626724, -15.0, 150.096084595
73.1902847, -15.0, 150.098114014
72.117897, -15.0, 150.10005188
71.0455093, -15.0, 150.101898193
69.9731216, -15.0, 150.103683472
68.9007263, -15.0, 150.105392456
67.8283386, -15.0, 150.107025146
66.7559509, -15.0, 150.108612061
65.6835632, -15.0, 150.110153198
64.6111755, -15.0, 150.111663818
63.5387878, -15.0, 150.113128662
62.4663963, -15.0, 150.114562988
61.3940086, -15.0, 150.115982056
60.3216209, -15.0, 150.117401123
59.2492332, -15.0, 150.118804932
58.1768417, -15.0, 150.120223999
57.104454, -15.0, 150.121643066
56.0320663, -15.0, 150.123077393
54.9596786, -15.0, 150.124557495
53.8872871, -15.0, 150.126052856
52.8148994, -15.0, 150.127593994
51.7425117, -15.0, 150.129196167
50.6701241, -15.0, 150.130844116
49.5977325, -15.0, 150.132568359
48.5253448, -15.0, 150.134368896
47.4529572, -15.0, 150.136260986
46.3805695, -15.0, 150.13822937
45.3081779, -15.0, 150.140319824
44.2357903, -15.0, 150.14251709
43.1634026, -15.0, 150.144851685
42.0910149, -15.0, 150.14730835
41.0186234, -15.0, 150.149917603
39.9462357, -15.0, 150.152679443
38.873848, -15.0, 150.15562439
37.8014603, -15.0, 150.158752441
36.7290688, -15.0, 150.162063599
35.6566811, -15.0, 150.165588379
34.5842934, -15.0, 150.169342041
33.5119057, -15.0, 150.173324585
32.439518, -15.0, 150.17755127
31.3671284, -15.0, 150.182052612
30.2947388, -15.0, 150.186828613
29.2223511, -15.0, 150.191879272
28.1499615, -15.0, 150.197250366
27.0775738, -15.0, 150.202941895
26.0051842, -15.0, 150.208953857
24.9327965, -15.0, 150.215316772
23.8604069, -15.0, 150.222015381
22.7880192, -15.0, 150.229064941
21.7156296, -15.0, 150.236465454
20.6432419, -15.0, 150.24420166
19.5708523, -15.0, 150.252258301
18.4984646, -15.0, 150.260620117
17.426075, -15.0, 150.269210815
16.3536873, -15.0, 150.277999878
15.2812977, -15.0, 150.286895752
14.208909, -15.0, 150.295776367
13.1365204, -15.0, 150.304489136
12.0641317, -15.0, 150.31288147
10.9917431, -15.0, 150.320739746
9.91935444, -15.0, 150.327789307
8.84696579, -15.0, 150.333786011
7.77457762, -15.0, 150.338424683
6.70218897, -15.0, 150.341415405
5.62980032, -15.0, 150.342483521
4.55741167, -15.0, 150.341384888
3.48502302, -15.0, 150.337982178
2.41263437, -15.0, 150.332199097
1.34024572, -15.0, 150.324035645
0.267857134, -15.0, 150.313644409
-0.798872173, -15.0, 150.30128479
-1.86560154, -15.0, 150.287185669
-2.93233085, -15.0, 150.271682739
-3.99906015, -15.0, 150.255096436
-5.0657897, -15.0, 150.237762451
-6.13251877, -15.0, 150.219955444
-7.19924831, -15.0, 150.201919556
-8.26597786, -15.0, 150.183883667
-9.33270645, -15.0, 150.165969849
-10.399436, -15.0, 150.148300171
-11.4661655, -15.0, 150.130889893
-12.5328951, -15.0, 150.113815308
-13.5996237, -15.0, 150.09703064
-14.6663532, -15.0, 150.080505371
-15.7330828, -15.0, 150.064224243
-16.7998123, -15.0, 150.048095703
-17.8665409, -15.0, 150.032073975
-18.9332714, -15.0, 150.016067505
98.927803, -16.0, 160.006500244
97.8556061, -16.0, 160.01272583
96.7834091, -16.0, 160.018692017
95.7112122, -16.0, 160.024414062
94.6390152, -16.0, 160.029891968
93.5668182, -16.0, 160.035125732
92.4946213, -16.0, 160.040130615
91.4224243, -16.0, 160.044921875
90.3502274, -16.0, 160.049499512
89.2780304, -16.0, 160.053848267
88.2058334, -16.0, 160.058013916
87.1336441, -16.0, 160.061965942
86.0614471, -16.0, 160.065734863
84.9892502, -16.0, 160.069320679
83.9170532, -16.0, 160.072738647
82.8448563, -16.0, 160.075973511
81.7726593, -16.0, 160.079055786
80.7004623, -16.0, 160.081985474
79.6282654, -16.0, 160.084762573
78.5560684, -16.0, 160.087402344
77.4838715, -16.0, 160.089920044
76.4116745, -16.0, 160.092300415
75.3394775, -16.0, 160.094573975
74.2672806, -16.0, 160.096740723
73.1950836, -16.0, 160.098800659
72.1228867, -16.0, 160.100769043
71.0506897, -16.0, 160.102661133
69.9784927, -16.0, 160.10446167
68.9062958, -16.0, 160.106201172
67.8340988, -16.0, 160.107879639
66.7619019, -16.0, 160.10949707
65.6897049, -16.0, 160.111068726
64.6175079, -16.0, 160.112594604
63.5453148, -16.0, 160.114105225
62.4731178, -16.0, 160.115570068
61.4009209, -16.0, 160.117019653
60.3287239, -16.0, 160.118469238
59.2565269, -16.0, 160.119903564
58.18433, -16.0, 160.121353149
57.1121368, -16.0, 160.122802734
56.0399399, -16.0, 160.124282837
54.9677429, -16.0, 160.125778198
53.895546, -16.0, 160.127304077
52.823349, -16.0, 160.128890991
51.751152, -16.0, 160.130523682
50.6789551, -16.0, 160.132217407
49.6067581, -16.0, 160.133972168
48.5345612, -16.0, 160.135803223
47.4623642, -16.0, 160.137741089
46.3901672, -16.0, 160.139755249
45.3179741, -16.0, 160.141891479
44.2457771, -16.0, 160.144134521
43.1735802, -16.0, 160.146499634
42.1013832, -16.0, 160.149017334
41.0291862, -16.0, 160.151672363
39.9569893, -16.0, 160.154495239
38.8847923, -16.0, 160.157485962
37.8125954, -16.0, 160.16065979
36.7403984, -16.0, 160.164031982
35.6682014, -16.0, 160.167617798
34.5960045, -16.0, 160.171417236
33.5238113, -16.0, 160.175460815
32.4516144, -16.0, 160.179748535
31.3794155, -16.0, 160.184295654
30.3072205, -16.0, 160.189117432
29.2350235, -16.0, 160.194229126
28.1628265, -16.0, 160.199645996
27.0906296, -16.0, 160.205352783
26.0184326, -16.0, 160.211395264
24.9462357, -16.0, 160.21774292
23.8740406, -16.0, 160.22442627
22.8018436, -16.0, 160.231414795
21.7296467, -16.0, 160.238723755
20.6574497, -16.0, 160.246337891
19.5852528, -16.0, 160.254211426
18.5130577, -16.0, 160.262313843
17.4408607, -16.0, 160.270599365
16.3686638, -16.0, 160.279006958
15.2964668, -16.0, 160.287414551
14.2242708, -16.0, 160.295730591
13.1520739, -16.0, 160.30380249
12.0798769, -16.0, 160.311447144
11.0076809, -16.0, 160.318496704
9.93548393, -16.0, 160.32472229
8.86328697, -16.0, 160.329864502
7.79109049, -16.0, 160.333694458
6.718894, -16.0, 160.335952759
5.64669752, -16.0, 160.336425781
4.57450056, -16.0, 160.334945679
3.50230408, -16.0, 160.331359863
2.43010759, -16.0, 160.325637817
1.35791087, -16.0, 160.3177948
0.285714298, -16.0, 160.307922363
-0.781954885, -16.0, 160.29624939
-1.84962404, -16.0, 160.282974243
-2.91729331, -16.0, 160.268325806
-3.98496246, -16.0, 160.252609253
-5.05263138, -16.0, 160.236099243
-6.12030077, -16.0, 160.219024658
-7.18797016, -16.0, 160.201629639
-8.25563908, -16.0, 160.18409729
-9.32330799, -16.0, 160.166564941
-10.3909779, -16.0, 160.149154663
-11.4586468, -16.0, 160.131896973
-12.5263157, -16.0, 160.114868164
-13.5939846, -16.0, 160.098068237
-14.6616545, -16.0, 160.081466675
-15.7293234, -16.0, 160.065032959
-16.7969933, -16.0, 160.048736572
-17.8646622, -16.0, 160.032516479
-18.9323311, -16.0, 160.016281128
98.9279938, -17.0, 170.006500244
97.8559875, -17.0, 170.012741089
96.783989, -17.0, 170.018722534
95.7119827, -17.0, 170.024459839
94.6399765, -17.0, 170.029953003
93.5679703, -17.0, 170.035202026
92.4959641, -17.0, 170.040237427
91.4239655, -17.0, 170.045043945
90.3519592, -17.0, 170.049621582
89.279953, -17.0, 170.054000854
88.2079468, -17.0, 170.058181763
87.1359482, -17.0, 170.062164307
86.063942, -17.0, 170.065963745
84.9919357, -17.0, 170.069564819
83.9199295, -17.0, 170.072998047
82.8479233, -17.0, 170.076263428
81.7759247, -17.0, 170.079376221
80.7039185, -17.0, 170.082336426
79.6319122, -17.0, 170.085128784
78.559906, -17.0, 170.087799072
77.4878998, -17.0, 170.09034729
76.4159012, -17.0, 170.092758179
75.343895, -17.0, 170.095046997
74.2718887, -17.0, 170.097244263
73.1998825, -17.0, 170.099334717
72.1278839, -17.0, 170.101333618
71.0558777, -17.0, 170.103240967
69.9838715, -17.0, 170.105072021
68.9118652, -17.0, 170.106842041
67.839859, -17.0, 170.108535767
66.7678604, -17.0, 170.110183716
65.6958542, -17.0, 170.11177063
64.623848, -17.0, 170.113327026
63.5518417, -17.0, 170.114852905
62.4798393, -17.0, 170.116348267
61.4078331, -17.0, 170.117828369
60.3358307, -17.0, 170.119293213
59.2638245, -17.0, 170.120758057
58.1918221, -17.0, 170.1222229
57.1198158, -17.0, 170.123703003
56.0478096, -17.0, 170.125198364
54.9758072, -17.0, 170.126724243
53.903801, -17.0, 170.128295898
52.8317986, -17.0, 170.129898071
51.7597923, -17.0, 170.131546021
50.6877899, -17.0, 170.133270264
49.6157837, -17.0, 170.135055542
48.5437775, -17.0, 170.136932373
47.4717751, -17.0, 170.138885498
46.3997688, -17.0, 170.140930176
45.3277664, -17.0, 170.143096924
44.2557602, -17.0, 170.145370483
43.183754, -17.0, 170.147781372
42.1117516, -17.0, 170.15032959
41.0397453, -17.0, 170.153030396
39.9677429, -17.0, 170.155883789
38.8957367, -17.0, 170.158920288
37.8237343, -17.0, 170.162139893
36.7517281, -17.0, 170.165557861
35.6797218, -17.0, 170.169174194
34.6077194, -17.0, 170.173034668
33.5357132, -17.0, 170.177108765
32.4637108, -17.0, 170.181442261
31.3917046, -17.0, 170.186035156
30.3197002, -17.0, 170.19090271
29.2476959, -17.0, 170.196044922
28.1756916, -17.0, 170.201477051
27.1036873, -17.0, 170.207214355
26.031683, -17.0, 170.213241577
24.9596767, -17.0, 170.219589233
23.8876724, -17.0, 170.226242065
22.8156681, -17.0, 170.233200073
21.7436638, -17.0, 170.240432739
20.6716595, -17.0, 170.247924805
19.5996552, -17.0, 170.255645752
18.5276489, -17.0, 170.263565063
17.4556446, -17.0, 170.271606445
16.3836403, -17.0, 170.279693604
15.311636, -17.0, 170.287734985
14.2396317, -17.0, 170.295608521
13.1676264, -17.0, 170.30317688
12.0956221, -17.0, 170.310287476
11.0236177, -17.0, 170.316741943
9.95161247, -17.0, 170.32232666
8.87960815, -17.0, 170.326858521
7.80760384, -17.0, 170.330093384
6.73559904, -17.0, 170.331832886
5.66359425, -17.0, 170.33190918
4.59158993, -17.0, 170.33013916
3.51958537, -17.0, 170.326446533
2.44758058, -17.0, 170.320770264
1.37557602, -17.0, 170.313156128
0.303571433, -17.0, 170.303665161
-0.765037596, -17.0, 170.292480469
-1.83364666, -17.0, 170.279785156
-2.90225554, -17.0, 170.265762329
-3.97086477, -17.0, 170.250686646
-5.03947353, -17.0, 170.234771729
-6.10808277, -17.0, 170.21824646
-7.17669153, -17.0, 170.201324463
-8.24530029, -17.0, 170.184188843
-9.31390953, -17.0, 170.166946411
-10.3825188, -17.0, 170.149734497
-11.451128, -17.0, 170.132614136
-12.5197372, -17.0, 170.115631104
-13.5883455, -17.0, 170.098815918
-14.6569548, -17.0, 170.08215332
-15.725564, -17.0, 170.065628052
-16.7941723, -17.0, 170.049209595
-17.8627815, -17.0, 170.032821655
-18.9313908, -17.0, 170.016448975
98.9281845, -18.0, 180.006500244
97.8563766, -18.0, 180.012756348
96.7845612, -18.0, 180.018737793
95.7127533, -18.0, 180.024490356
94.6409378, -18.0, 180.029983521
93.5691223, -18.0, 180.035263062
92.4973145, -18.0, 180.040298462
91.425499, -18.0, 180.045120239
90.3536835, -18.0, 180.049713135
89.2818756, -18.0, 180.054107666
88.2100601, -18.0, 180.058303833
87.1382523, -18.0, 180.062301636
86.0664368, -18.0, 180.066116333
84.9946213, -18.0, 180.069747925
83.9228134, -18.0, 180.073196411
82.8509979, -18.0, 180.076477051
81.7791824, -18.0, 180.079605103
80.7073746, -18.0, 180.082580566
79.6355591, -18.0, 180.085403442
78.5637512, -18.0, 180.088088989
77.4919357, -18.0, 180.090652466
76.4201202, -18.0, 180.093078613
75.3483124, -18.0, 180.095397949
74.2764969, -18.0, 180.097610474
73.2046814, -18.0, 180.099716187
72.1328735, -18.0, 180.101730347
71.061058, -18.0, 180.103652954
69.9892502, -18.0, 180.105514526
68.9174347, -18.0, 180.107284546
67.8456192, -18.0, 180.109008789
66.7738113, -18.0, 180.110671997
65.7019958, -18.0, 180.112289429
64.630188, -18.0, 180.113861084
63.5583725, -18.0, 180.115402222
62.4865608, -18.0, 180.116912842
61.4147453, -18.0, 180.118408203
60.3429337, -18.0, 180.119888306
59.271122, -18.0, 180.121368408
58.1993103, -18.0, 180.122848511
57.1274948, -18.0, 180.124343872
56.0556831, -18.0, 180.125854492
54.9838715, -18.0, 180.127410889
53.9120598, -18.0, 180.128982544
52.8402443, -18.0, 180.130615234
51.7684326, -18.0, 180.132278442
50.6966209, -18.0, 180.134017944
49.6248093, -18.0, 180.13583374
48.5529938, -18.0, 180.13772583
47.4811821, -18.0, 180.139694214
46.4093704, -18.0, 180.141769409
45.3375587, -18.0, 180.143951416
44.2657433, -18.0, 180.146255493
43.1939316, -18.0, 180.148696899
42.1221199, -18.0, 180.151260376
41.0503082, -18.0, 180.153991699
39.9784927, -18.0, 180.15687561
38.9066811, -18.0, 180.159942627
37.8348694, -18.0, 180.16317749
36.7630577, -18.0, 180.166625977
35.691246, -18.0, 180.170288086
34.6194305, -18.0, 180.174163818
33.5476189, -18.0, 180.178283691
32.4758072, -18.0, 180.182632446
31.4039936, -18.0, 180.187255859
30.3321819, -18.0, 180.192138672
29.2603683, -18.0, 180.197311401
28.1885567, -18.0, 180.202758789
27.1167431, -18.0, 180.208496094
26.0449314, -18.0, 180.214538574
24.9731178, -18.0, 180.22088623
23.9013062, -18.0, 180.227508545
22.8294926, -18.0, 180.234420776
21.7576809, -18.0, 180.241592407
20.6858673, -18.0, 180.249008179
19.6140556, -18.0, 180.256622314
18.5422421, -18.0, 180.264404297
17.4704304, -18.0, 180.272262573
16.3986168, -18.0, 180.28012085
15.3268051, -18.0, 180.287902832
14.2549925, -18.0, 180.295471191
13.1831799, -18.0, 180.302703857
12.1113672, -18.0, 180.309417725
11.0395546, -18.0, 180.315460205
9.96774197, -18.0, 180.320632935
8.89592934, -18.0, 180.324737549
7.82411671, -18.0, 180.327575684
6.75230408, -18.0, 180.328979492
5.68049145, -18.0, 180.328765869
4.60867882, -18.0, 180.326828003
3.53686643, -18.0, 180.323059082
2.4650538, -18.0, 180.317428589
1.39324117, -18.0, 180.309967041
0.321428567, -18.0, 180.300735474
-0.748120308, -18.0, 180.289901733
-1.81766915, -18.0, 180.277587891
-2.887218, -18.0, 180.26399231
-3.95676684, -18.0, 180.249343872
-5.02631569, -18.0, 180.233840942
-6.09586477, -18.0, 180.217697144
-7.16541338, -18.0, 180.20111084
-8.23496246, -18.0, 180.18421936
-9.30451107, -18.0, 180.167190552
-10.3740597, -18.0, 180.150131226
-11.4436092, -18.0, 180.133102417
-12.5131578, -18.0, 180.116165161
-13.5827065, -18.0, 180.099349976
-14.652256, -18.0, 180.082641602
-15.7218046, -18.0, 180.066040039
-16.7913532, -18.0, 180.049530029
-17.8609028, -18.0, 180.033050537
-18.9304504, -18.0, 180.016555786
98.9283829, -19.0, 190.006500244
97.8567581, -19.0, 190.012756348
96.785141, -19.0, 190.018753052
95.7135162, -19.0, 190.024505615
94.6418991, -19.0, 190.030014038
93.5702744, -19.0, 190.035293579
92.4986572, -19.0, 190.040328979
91.4270325, -19.0, 190.045166016
90.3554153, -19.0, 190.04977417
89.2837906, -19.0, 190.054168701
88.2121735, -19.0, 190.058380127
87.1405563, -19.0, 190.06237793
86.0689316, -19.0, 190.066207886
84.9973145, -19.0, 190.069839478
83.9256897, -19.0, 190.073303223
82.8540726, -19.0, 190.076599121
81.7824478, -19.0, 190.079742432
80.7108307, -19.0, 190.082717896
79.6392059, -19.0, 190.08555603
78.5675888, -19.0, 190.088256836
77.4959641, -19.0, 190.090820312
76.4243469, -19.0, 190.093261719
75.3527298, -19.0, 190.095596313
74.281105, -19.0, 190.097824097
73.2094879, -19.0, 190.099945068
72.1378632, -19.0, 190.101959229
71.066246, -19.0, 190.103912354
69.9946213, -19.0, 190.105773926
68.9230042, -19.0, 190.107559204
67.8513794, -19.0, 190.109283447
66.7797623, -19.0, 190.110961914
65.7081375, -19.0, 190.112579346
64.6365204, -19.0, 190.11416626
63.5648994, -19.0, 190.115722656
62.4932785, -19.0, 190.117233276
61.4216576, -19.0, 190.118743896
60.3500366, -19.0, 190.120239258
59.2784195, -19.0, 190.121734619
58.2067986, -19.0, 190.123214722
57.1351776, -19.0, 190.124725342
56.0635567, -19.0, 190.126251221
54.9919357, -19.0, 190.127807617
53.9203148, -19.0, 190.129394531
52.8486938, -19.0, 190.131027222
51.7770729, -19.0, 190.132720947
50.705452, -19.0, 190.134475708
49.633831, -19.0, 190.136291504
48.5622101, -19.0, 190.138183594
47.490593, -19.0, 190.140182495
46.418972, -19.0, 190.142272949
45.3473511, -19.0, 190.144470215
44.2757301, -19.0, 190.146774292
43.2041092, -19.0, 190.149230957
42.1324883, -19.0, 190.151809692
41.0608673, -19.0, 190.154556274
39.9892464, -19.0, 190.157455444
38.9176254, -19.0, 190.16053772
37.8460045, -19.0, 190.163803101
36.7743874, -19.0, 190.167251587
35.7027664, -19.0, 190.170928955
34.6311455, -19.0, 190.174819946
33.5595245, -19.0, 190.178955078
32.4879036, -19.0, 190.183334351
31.4162827, -19.0, 190.187957764
30.3446617, -19.0, 190.192871094
29.2730408, -19.0, 190.198043823
28.2014217, -19.0, 190.20350647
27.1298008, -19.0, 190.209243774
26.0581799, -19.0, 190.215286255
24.9865589, -19.0, 190.221618652
23.914938, -19.0, 190.228225708
22.843317, -19.0, 190.235122681
21.771698, -19.0, 190.242263794
20.7000771, -19.0, 190.24961853
19.6284561, -19.0, 190.257171631
18.5568352, -19.0, 190.264846802
17.4852142, -19.0, 190.272598267
16.4135952, -19.0, 190.280334473
15.3419743, -19.0, 190.287963867
14.2703533, -19.0, 190.295349121
13.1987324, -19.0, 190.302368164
12.1271124, -19.0, 190.308868408
11.0554914, -19.0, 190.314666748
9.98387051, -19.0, 190.319595337
8.91225052, -19.0, 190.323455811
7.84062958, -19.0, 190.326080322
6.76900911, -19.0, 190.327301025
5.69738865, -19.0, 190.326934814
4.62576818, -19.0, 190.324905396
3.55414748, -19.0, 190.321105957
2.48252678, -19.0, 190.315505981
1.41090631, -19.0, 190.308151245
0.339285702, -19.0, 190.299072266
-0.73120302, -19.0, 190.28843689
-1.80169177, -19.0, 190.276351929
-2.87218046, -19.0, 190.263000488
-3.94266915, -19.0, 190.248596191
-5.01315784, -19.0, 190.233337402
-6.08364677, -19.0, 190.217422485
-7.15413523, -19.0, 190.201004028
-8.22462368, -19.0, 190.184280396
-9.29511261, -19.0, 190.167373657
-10.3656015, -19.0, 190.150390625
-11.4360905, -19.0, 190.133422852
-12.5065794, -19.0, 190.116500854
-13.5770674, -19.0, 190.09967041
-14.6475563, -19.0, 190.082946777
-15.7180452, -19.0, 190.066299438
-16.7885342, -19.0, 190.049728394
-17.8590221, -19.0, 190.033172607
-18.929512, -19.0, 190.016616821
2.01703215, 0.800000012, -4.65623617172
3.08206463, 0.800000012, -6.06613874435
4.14709663, 0.800000012, -6.88988351822
5.21212912, 0.800000012, -7.34388256073
6.27716112, 0.800000012, -7.58332443237
7.3421936, 0.800000012, -7.70871925354
8.40722561, 0.800000012, -7.77694416046
9.47225761, 0.800000012, -7.8167090416
10.5372906, 0.800000012, -7.84171962738
11.6023226, 0.800000012, -7.85856151581
12.6673546, 0.800000012, -7.8705573082
13.7323875, 0.800000012, -7.87950086594
14.7974195, 0.800000012, -7.88642311096
15.8624516, 0.800000012, -7.89195156097
16.9274845, 0.800000012, -7.89648580551
17.9925156, 0.800000012, -7.90028858185
19.0575485, 0.800000012, -7.90353679657
20.1225815, 0.800000012, -7.90635490417
21.1876125, 0.800000012, -7.90882921219
22.2526455, 0.800000012, -7.91102266312
23.3176765, 0.800000012, -7.912981987
24.3827095, 0.800000012, -7.91474103928
25.4477425, 0.800000012, -7.91632604599
26.5127735, 0.800000012, -7.91775751114
27.5778065, 0.800000012, -7.91905069351
28.6428394, 0.800000012, -7.92021942139
29.7078705, 0.800000012, -7.92127561569
30.7729034, 0.800000012, -7.92222881317
31.8379364, 0.800000012, -7.92308807373
32.9029694, 0.800000012, -7.92386198044
33.9679985, 0.800000012, -7.92455816269
35.0330315, 0.800000012, -7.9251832962
36.0980644, 0.800000012, -7.92574501038
37.1630974, 0.800000012, -7.92624855042
38.2281303, 0.800000012, -7.92670059204
39.2931595, 0.800000012, -7.92710590363
40.3581924, 0.800000012, -7.92746973038
41.4232254, 0.800000012, -7.92779684067
42.4882584, 0.800000012, -7.92809104919
43.5532913, 0.800000012, -7.92835617065
44.6183243, 0.800000012, -7.92859554291
45.6833534, 0.800000012, -7.92881250381
46.7483864, 0.800000012, -7.9290099144
47.8134193, 0.800000012, -7.92919015884
48.8784523, 0.800000012, -7.9293551445
49.9434853, 0.800000012, -7.92950773239
51.0085144, 0.800000012, -7.92964887619
52.0735474, 0.800000012, -7.92978096008
53.1385803, 0.800000012, -7.92990589142
54.2036133, 0.800000012, -7.93002510071
55.2686462, 0.800000012, -7.93014001846
56.3336792, 0.800000012, -7.93025302887
57.3987083, 0.800000012, -7.93036460876
58.4637413, 0.800000012, -7.93047714233
59.5287743, 0.800000012, -7.93059206009
60.5938072, 0.800000012, -7.93071126938
61.6588402, 0.800000012, -7.93083620071
62.7238693, 0.800000012, -7.93096876144
63.7889023, 0.800000012, -7.93111181259
64.8539352, 0.800000012, -7.93126773834
65.9189682, 0.800000012, -7.93143844604
66.9840012, 0.800000012, -7.9316277504
68.0490341, 0.800000012, -7.93183851242
69.1140671, 0.800000012, -7.93207502365
70.1791, 0.800000012, -7.93234157562
71.2441254, 0.800000012, -7.93264293671
72.3091583, 0.800000012, -7.93298578262
73.3741913, 0.800000012, -7.93337631226
74.4392242, 0.800000012, -7.93382310867
75.5042572, 0.800000012, -7.93433475494
76.5692902, 0.800000012, -7.93492126465
77.6343231, 0.800000012, -7.93559265137
78.6993561, 0.800000012, -7.93636226654
79.764389, 0.800000012, -7.93724298477
80.829422, 0.800000012, -7.93825101852
81.894455, 0.800000012, -7.93940353394
82.9594803, 0.800000012, -7.94071960449
84.0245132, 0.800000012, -7.9422211647
85.0895462, 0.800000012, -7.94393157959
86.1545792, 0.800000012, -7.9458770752
87.2196121, 0.800000012, -7.9480843544
88.2846451, 0.800000012, -7.95058107376
89.349678, 0.800000012, -7.95339488983
90.414711, 0.800000012, -7.9565486908
91.479744, 0.800000012, -7.96006155014
92.5447769, 0.800000012, -7.96394300461
93.6098099, 0.800000012, -7.9681930542
94.6748352, 0.800000012, -7.97279834747
95.7398682, 0.800000012, -7.9777340889
96.8049011, 0.800000012, -7.98296308517
97.8699341, 0.800000012, -7.98844242096
98.934967, 0.800000012, -7.99413061142
2.95879579, 1.60000002, -12.6881122589
4.01359129, 1.60000002, -14.1703672409
5.06838703, 1.60000002, -14.9585838318
6.12318277, 1.60000002, -15.3530817032
7.17797852, 1.60000002, -15.5468473434
8.23277378, 1.60000002, -15.6464443207
9.28757, 1.60000002, -15.7023391724
10.3423653, 1.60000002, -15.7368001938
11.3971615, 1.60000002, -15.7598190308
12.4519567, 1.60000002, -15.7762060165
13.506753, 1.60000002, -15.7884759903
14.5615482, 1.60000002, -15.7980461121
15.6163445, 1.60000002, -15.8057670593
16.6711407, 1.60000002, -15.8121728897
17.725935, 1.60000002, -15.817612648
18.7807312, 1.60000002, -15.8223180771
19.8355274, 1.60000002, -15.8264493942
20.8903217, 1.60000002, -15.830116272
21.945118, 1.60000002, -15.833398819
22.9999142, 1.60000002, -15.8363542557
24.0547104, 1.60000002, -15.8390254974
25.1095047, 1.60000002, -15.8414430618
26.1643009, 1.60000002, -15.8436336517
27.2190971, 1.60000002, -15.8456163406
28.2738934, 1.60000002, -15.847407341
29.3286877, 1.60000002, -15.8490228653
30.3834839, 1.60000002, -15.850476265
31.4382801, 1.60000002, -15.8517799377
32.4930763, 1.60000002, -15.8529462814
33.5478706, 1.60000002, -15.8539867401
34.6026649, 1.60000002, -15.8549127579
35.6574631, 1.60000002, -15.8557329178
36.7122574, 1.60000002, -15.8564596176
37.7670555, 1.60000002, -15.8571023941
38.8218498, 1.60000002, -15.8576688766
39.8766441, 1.60000002, -15.8581695557
40.9314423, 1.60000002, -15.8586111069
41.9862366, 1.60000002, -15.8590011597
43.0410309, 1.60000002, -15.8593454361
44.095829, 1.60000002, -15.8596496582
45.1506233, 1.60000002, -15.8599205017
46.2054176, 1.60000002, -15.8601617813
47.2602158, 1.60000002, -15.8603773117
48.3150101, 1.60000002, -15.8605709076
49.3698082, 1.60000002, -15.8607473373
50.4246025, 1.60000002, -15.8609075546
51.4793968, 1.60000002, -15.8610563278
52.5341949, 1.60000002, -15.8611955643
53.5889893, 1.60000002, -15.8613271713
54.6437836, 1.60000002, -15.8614549637
55.6985817, 1.60000002, -15.8615808487
56.753376, 1.60000002, -15.8617076874
57.8081703, 1.60000002, -15.8618373871
58.8629684, 1.60000002, -15.8619718552
59.9177628, 1.60000002, -15.8621149063
60.9725609, 1.60000002, -15.8622684479
62.0273552, 1.60000002, -15.8624362946
63.0821495, 1.60000002, -15.862622261
64.1369476, 1.60000002, -15.8628292084
65.1917419, 1.60000002, -15.8630619049
66.2465363, 1.60000002, -15.8633260727
67.3013306, 1.60000002, -15.8636264801
68.3561325, 1.60000002, -15.8639698029
69.4109268, 1.60000002, -15.8643636703
70.4657211, 1.60000002, -15.8648166656
71.5205154, 1.60000002, -15.8653383255
72.5753098, 1.60000002, -15.8659420013
73.6301041, 1.60000002, -15.8666400909
74.684906, 1.60000002, -15.8674488068
75.7397003, 1.60000002, -15.8683853149
76.7944946, 1.60000002, -15.869468689
77.8492889, 1.60000002, -15.8707227707
78.9040833, 1.60000002, -15.8721704483
79.9588852, 1.60000002, -15.8738412857
81.0136795, 1.60000002, -15.8757658005
82.0684738, 1.60000002, -15.8779802322
83.1232681, 1.60000002, -15.8805246353
84.1780624, 1.60000002, -15.8834428787
85.2328568, 1.60000002, -15.8867864609
86.2876587, 1.60000002, -15.8906078339
87.342453, 1.60000002, -15.8949651718
88.3972473, 1.60000002, -15.8999195099
89.4520416, 1.60000002, -15.9055299759
90.5068359, 1.60000002, -15.9118518829
91.5616379, 1.60000002, -15.9189281464
92.6164322, 1.60000002, -15.9267854691
93.6712265, 1.60000002, -15.9354257584
94.7260208, 1.60000002, -15.9448184967
95.7808151, 1.60000002, -15.9549007416
96.8356094, 1.60000002, -15.9655790329
97.8904114, 1.60000002, -15.9767379761
98.9452057, 1.60000002, -15.9882516861
3.90055919, 2.4000001, -20.4646186829
4.94511843, 2.4000001, -21.9190578461
5.98967743, 2.4000001, -22.6545677185
7.03423643, 2.4000001, -23.0172405243
8.07879543, 2.4000001, -23.207988739
9.12335491, 2.4000001, -23.3190307617
10.1679144, 2.4000001, -23.389705658
11.2124729, 2.4000001, -23.4379005432
12.2570324, 2.4000001, -23.4726314545
13.3015919, 2.4000001, -23.4988422394
14.3461504, 2.4000001, -23.5194072723
15.3907099, 2.4000001, -23.5360832214
16.4352684, 2.4000001, -23.5499839783
17.4798279, 2.4000001, -23.5618457794
18.5243874, 2.4000001, -23.5721569061
19.5689468, 2.4000001, -23.5812492371
20.6135063, 2.4000001, -23.5893573761
21.6580639, 2.4000001, -23.5966415405
22.7026234, 2.4000001, -23.6032218933
23.7471828, 2.4000001, -23.6091861725
24.7917423, 2.4000001, -23.6145992279
25.8363018, 2.4000001, -23.6195144653
26.8808594, 2.4000001, -23.6239719391
27.9254189, 2.4000001, -23.6280078888
28.9699783, 2.4000001, -23.631652832
30.0145378, 2.4000001, -23.6349372864
31.0590973, 2.4000001, -23.6378879547
32.1036568, 2.4000001, -23.6405315399
33.1482162, 2.4000001, -23.6428890228
34.1927757, 2.4000001, -23.644985199
35.2373352, 2.4000001, -23.6468410492
36.2818909, 2.4000001, -23.648481369
37.3264503, 2.4000001, -23.6499252319
38.3710098, 2.4000001, -23.6511955261
39.4155693, 2.4000001, -23.6523113251
40.4601288, 2.4000001, -23.6532917023
41.5046883, 2.4000001, -23.6541519165
42.5492477, 2.4000001, -23.6549053192
43.5938072, 2.4000001, -23.6555709839
44.6383667, 2.4000001, -23.6561565399
45.6829262, 2.4000001, -23.6566734314
46.7274857, 2.4000001, -23.6571331024
47.7720413, 2.4000001, -23.6575431824
48.8166008, 2.4000001, -23.657913208
49.8611603, 2.4000001, -23.6582489014
50.9057198, 2.4000001, -23.6585578918
51.9502792, 2.4000001, -23.6588459015
52.9948387, 2.4000001, -23.6591186523
54.0393982, 2.4000001, -23.6593799591
55.0839577, 2.4000001, -23.6596393585
56.1285172, 2.4000001, -23.6598987579
57.1730766, 2.4000001, -23.6601638794
58.2176361, 2.4000001, -23.6604423523
59.2621918, 2.4000001, -23.6607379913
60.3067513, 2.4000001, -23.6610565186
61.3513107, 2.4000001, -23.6614074707
62.3958702, 2.4000001, -23.6617965698
63.4404297, 2.4000001, -23.6622314453
64.484993, 2.4000001, -23.6627235413
65.5295486, 2.4000001, -23.6632823944
66.5741043, 2.4000001, -23.6639175415
67.6186676, 2.4000001, -23.664648056
68.6632233, 2.4000001, -23.6654853821
69.7077866, 2.4000001, -23.6664485931
70.7523422, 2.4000001, -23.66755867
71.7969055, 2.4000001, -23.668844223
72.8414612, 2.4000001, -23.6703281403
73.8860245, 2.4000001, -23.6720466614
74.9305801, 2.4000001, -23.674036026
75.9751434, 2.4000001, -23.6763381958
77.0196991, 2.4000001, -23.6790027618
78.0642548, 2.4000001, -23.6820812225
79.1088181, 2.4000001, -23.6856365204
80.1533737, 2.4000001, -23.6897354126
81.197937, 2.4000001, -23.6944541931
82.2424927, 2.4000001, -23.6998844147
83.287056, 2.4000001, -23.7061195374
84.3316116, 2.4000001, -23.7132701874
85.3761749, 2.4000001, -23.7214565277
86.4207306, 2.4000001, -23.7308082581
87.4652939, 2.4000001, -23.7414665222
88.5098495, 2.4000001, -23.7535820007
89.5544052, 2.4000001, -23.7672996521
90.5989685, 2.4000001, -23.7827644348
91.6435242, 2.4000001, -23.8000965118
92.6880875, 2.4000001, -23.8193836212
93.7326431, 2.4000001, -23.8406467438
94.7772064, 2.4000001, -23.863822937
95.8217621, 2.4000001, -23.8887424469
96.8663254, 2.4000001, -23.9151515961
97.910881, 2.4000001, -23.942735672
98.9554443, 2.4000001, -23.9711418152
4.84232235, 3.20000005, -28.0148429871
5.87664509, 3.20000005, -29.2792854309
6.91096783, 3.20000005, -29.9061946869
7.94529009, 3.20000005, -30.2549381256
8.9796133, 3.20000005, -30.4734363556
10.0139351, 3.20000005, -30.6199054718
11.0482578, 3.20000005, -30.7226638794
12.0825806, 3.20000005, -30.7977771759
13.1169033, 3.20000005, -30.8548927307
14.151226, 3.20000005, -30.8999080658
15.1855488, 3.20000005, -30.9365139008
16.2198715, 3.20000005, -30.9670944214
17.2541943, 3.20000005, -30.993227005
18.288517, 3.20000005, -31.0159816742
19.3228378, 3.20000005, -31.0360851288
20.3571606, 3.20000005, -31.0540370941
21.3914833, 3.20000005, -31.070192337
22.425806, 3.20000005, -31.0848121643
23.4601288, 3.20000005, -31.0980834961
24.4944515, 3.20000005, -31.1101531982
25.5287743, 3.20000005, -31.1211299896
26.563097, 3.20000005, -31.1311092377
27.5974197, 3.20000005, -31.1401634216
28.6317425, 3.20000005, -31.1483650208
29.6660652, 3.20000005, -31.1557807922
30.700388, 3.20000005, -31.1624736786
31.7347088, 3.20000005, -31.1684951782
32.7690315, 3.20000005, -31.1738891602
33.8033562, 3.20000005, -31.1787014008
34.837677, 3.20000005, -31.1829738617
35.8720016, 3.20000005, -31.1867542267
36.9063225, 3.20000005, -31.1900901794
37.9406433, 3.20000005, -31.1930274963
38.974968, 3.20000005, -31.1956100464
40.0092888, 3.20000005, -31.1978778839
41.0436134, 3.20000005, -31.1998691559
42.0779343, 3.20000005, -31.2016181946
43.1122589, 3.20000005, -31.2031555176
44.1465797, 3.20000005, -31.2045097351
45.1809044, 3.20000005, -31.2057056427
46.2152252, 3.20000005, -31.2067661285
47.2495499, 3.20000005, -31.2077121735
48.2838707, 3.20000005, -31.2085609436
49.3181953, 3.20000005, -31.2093296051
50.3525162, 3.20000005, -31.2100315094
51.386837, 3.20000005, -31.2106838226
52.4211617, 3.20000005, -31.2112979889
53.4554825, 3.20000005, -31.2118854523
54.4898071, 3.20000005, -31.2124595642
55.524128, 3.20000005, -31.2130317688
56.5584526, 3.20000005, -31.2136135101
57.5927734, 3.20000005, -31.2142181396
58.6270981, 3.20000005, -31.2148551941
59.6614189, 3.20000005, -31.2155399323
60.6957436, 3.20000005, -31.2162857056
61.7300644, 3.20000005, -31.2171096802
62.7643852, 3.20000005, -31.2180290222
63.7987099, 3.20000005, -31.2190608978
64.8330307, 3.20000005, -31.2202281952
65.8673553, 3.20000005, -31.2215557098
66.90168, 3.20000005, -31.2230701447
67.935997, 3.20000005, -31.2248058319
68.9703217, 3.20000005, -31.2267990112
70.0046463, 3.20000005, -31.2290916443
71.0389709, 3.20000005, -31.2317333221
72.073288, 3.20000005, -31.2347793579
73.1076126, 3.20000005, -31.2382946014
74.1419373, 3.20000005, -31.242351532
75.1762543, 3.20000005, -31.2470359802
76.2105789, 3.20000005, -31.2524414062
77.2449036, 3.20000005, -31.2586765289
78.2792282, 3.20000005, -31.2658691406
79.3135452, 3.20000005, -31.2741584778
80.3478699, 3.20000005, -31.283700943
81.3821945, 3.20000005, -31.2946739197
82.4165192, 3.20000005, -31.3072757721
83.4508362, 3.20000005, -31.3217277527
84.4851608, 3.20000005, -31.3382720947
85.5194855, 3.20000005, -31.3571815491
86.5538101, 3.20000005, -31.3787498474
87.5881271, 3.20000005, -31.4032840729
88.6224518, 3.20000005, -31.4311084747
89.6567764, 3.20000005, -31.4625511169
90.6910934, 3.20000005, -31.4979476929
91.7254181, 3.20000005, -31.5376224518
92.7597427, 3.20000005, -31.5818462372
93.7940674, 3.20000005, -31.6307582855
94.8283844, 3.20000005, -31.6842556
95.862709, 3.20000005, -31.7419509888
96.8970337, 3.20000005, -31.8032016754
97.9313583, 3.20000005, -31.8672161102
98.9656754, 3.20000005, -31.9331169128
5.78408623, 4.0, -34.7661361694
6.80817223, 4.0, -35.7196960449
7.83225822, 4.0, -36.3030815125
8.85634422, 4.0, -36.7136116028
9.88043022, 4.0, -37.0066337585
10.9045162, 4.0, -37.2182540894
11.9286022, 4.0, -37.3749656677
12.9526882, 4.0, -37.4949188232
13.9767742, 4.0, -37.589881897
15.0008602, 4.0, -37.6673583984
16.0249462, 4.0, -37.7321968079
17.0490322, 4.0, -37.7876358032
18.0731182, 4.0, -37.8358879089
19.0972042, 4.0, -37.8785133362
20.1212902, 4.0, -37.916595459
21.1453762, 4.0, -37.9508934021
22.1694622, 4.0, -37.9819602966
23.1935482, 4.0, -38.0102005005
24.2176342, 4.0, -38.0359153748
25.2417202, 4.0, -38.0593452454
26.2658062, 4.0, -38.0806808472
27.2898922, 4.0, -38.1000938416
28.3139782, 4.0, -38.117729187
29.3380642, 4.0, -38.1337471008
30.3621502, 4.0, -38.1482887268
31.3862362, 4.0, -38.1614685059
32.4103241, 4.0, -38.1733627319
33.4344101, 4.0, -38.1840324402
34.4584961, 4.0, -38.1935424805
35.4825821, 4.0, -38.2019882202
36.5066681, 4.0, -38.2094573975
37.5307541, 4.0, -38.2160491943
38.5548401, 4.0, -38.2218551636
39.5789261, 4.0, -38.2269630432
40.6030121, 4.0, -38.2314529419
41.6270981, 4.0, -38.2353973389
42.6511841, 4.0, -38.2388725281
43.6752701, 4.0, -38.2419319153
44.6993561, 4.0, -38.2446327209
45.7234421, 4.0, -38.2470283508
46.7475281, 4.0, -38.2491607666
47.7716141, 4.0, -38.2510719299
48.7957001, 4.0, -38.2527999878
49.8197861, 4.0, -38.2543716431
50.8438721, 4.0, -38.2558250427
51.8679581, 4.0, -38.257183075
52.8920441, 4.0, -38.2584762573
53.9161301, 4.0, -38.2597312927
54.9402161, 4.0, -38.2609672546
55.9643021, 4.0, -38.2622146606
56.9883881, 4.0, -38.2634963989
58.0124741, 4.0, -38.2648353577
59.0365601, 4.0, -38.2662620544
60.0606461, 4.0, -38.2678070068
61.0847321, 4.0, -38.2695007324
62.1088181, 4.0, -38.2713775635
63.1329041, 4.0, -38.2734718323
64.1569901, 4.0, -38.2758331299
65.181076, 4.0, -38.278503418
66.205162, 4.0, -38.2815437317
67.229248, 4.0, -38.2850112915
68.253334, 4.0, -38.2889823914
69.27742, 4.0, -38.2935409546
70.301506, 4.0, -38.2987747192
71.325592, 4.0, -38.3047943115
72.349678, 4.0, -38.3117218018
73.373764, 4.0, -38.3196983337
74.39785, 4.0, -38.3288764954
75.421936, 4.0, -38.3394432068
76.446022, 4.0, -38.3515968323
77.470108, 4.0, -38.3655891418
78.494194, 4.0, -38.3816986084
79.51828, 4.0, -38.4002304077
80.542366, 4.0, -38.4215316772
81.566452, 4.0, -38.4459877014
82.590538, 4.0, -38.4740257263
83.614624, 4.0, -38.5061187744
84.63871, 4.0, -38.5427970886
85.662796, 4.0, -38.5846366882
86.686882, 4.0, -38.6322555542
87.710968, 4.0, -38.6862754822
88.735054, 4.0, -38.7472991943
89.75914, 4.0, -38.8159713745
90.783226, 4.0, -38.8929977417
91.807312, 4.0, -38.9791641235
92.831398, 4.0, -39.0752906799
93.855484, 4.0, -39.1820678711
94.87957, 4.0, -39.2996025085
95.903656, 4.0, -39.4270744324
96.927742, 4.0, -39.5628623962
97.951828, 4.0, -39.7049865723
98.975914, 4.0, -39.851398468
6.72584963, 4.80000019, -39.7309188843
7.73969889, 4.80000019, -40.5486030579
8.75354862, 4.80000019, -41.280166626
9.76739788, 4.80000019, -41.8408966064
10.7812471, 4.80000019, -42.2566375732
11.7950964, 4.80000019, -42.5675697327
12.8089466, 4.80000019, -42.8068122864
13.8227959, 4.80000019, -42.9971923828
14.8366451, 4.80000019, -43.1532669067
15.8504944, 4.80000019, -43.2841644287
16.8643436, 4.80000019, -43.3958435059
17.8781929, 4.80000019, -43.4925117493
18.8920422, 4.80000019, -43.5774230957
19.9058933, 4.80000019, -43.6530036926
20.9197426, 4.80000019, -43.7209663391
21.9335918, 4.80000019, -43.7824897766
22.9474411, 4.80000019, -43.838432312
23.9612904, 4.80000019, -43.8894081116
24.9751396, 4.80000019, -43.9359054565
25.9889889, 4.80000019, -43.9783058167
27.0028381, 4.80000019, -44.016960144
28.0166874, 4.80000019, -44.052192688
29.0305386, 4.80000019, -44.0843544006
30.0443878, 4.80000019, -44.1138114929
31.0582371, 4.80000019, -44.1408500671
32.0720863, 4.80000019, -44.1655769348
33.0859337, 4.80000019, -44.1879692078
34.0997849, 4.80000019, -44.2080688477
35.113636, 4.80000019, -44.2259902954
36.1274834, 4.80000019, -44.241897583
37.1413345, 4.80000019, -44.2559661865
38.1551819, 4.80000019, -44.2683830261
39.1690331, 4.80000019, -44.2793197632
40.1828804, 4.80000019, -44.2889442444
41.1967316, 4.80000019, -44.297416687
42.2105789, 4.80000019, -44.3048706055
43.2244301, 4.80000019, -44.3114433289
44.2382813, 4.80000019, -44.3172492981
45.2521286, 4.80000019, -44.32239151
46.2659798, 4.80000019, -44.3269691467
47.2798271, 4.80000019, -44.3310623169
48.2936783, 4.80000019, -44.3347473145
49.3075256, 4.80000019, -44.3381004333
50.3213768, 4.80000019, -44.3411827087
51.3352242, 4.80000019, -44.3440513611
52.3490753, 4.80000019, -44.3467597961
53.3629265, 4.80000019, -44.3493652344
54.3767738, 4.80000019, -44.3519172668
55.390625, 4.80000019, -44.3544654846
56.4044724, 4.80000019, -44.3570632935
57.4183235, 4.80000019, -44.359752655
58.4321709, 4.80000019, -44.3625984192
59.446022, 4.80000019, -44.3656463623
60.4598694, 4.80000019, -44.3689651489
61.4737206, 4.80000019, -44.3726158142
62.4875717, 4.80000019, -44.3766784668
63.5014191, 4.80000019, -44.3812255859
64.5152664, 4.80000019, -44.3863563538
65.5291214, 4.80000019, -44.3921661377
66.5429688, 4.80000019, -44.3987808228
67.5568161, 4.80000019, -44.4063301086
68.5706635, 4.80000019, -44.4149665833
69.5845184, 4.80000019, -44.424861908
70.5983658, 4.80000019, -44.4362220764
71.6122131, 4.80000019, -44.4492683411
72.6260681, 4.80000019, -44.4642601013
73.6399155, 4.80000019, -44.4814872742
74.6537628, 4.80000019, -44.5012817383
75.6676102, 4.80000019, -44.5240249634
76.6814651, 4.80000019, -44.5501708984
77.6953125, 4.80000019, -44.5802345276
78.7091599, 4.80000019, -44.6148109436
79.7230072, 4.80000019, -44.6545524597
80.7368622, 4.80000019, -44.7001609802
81.7507095, 4.80000019, -44.7524337769
82.7645569, 4.80000019, -44.8122406006
83.7784119, 4.80000019, -44.8805465698
84.7922592, 4.80000019, -44.9584236145
85.8061066, 4.80000019, -45.0470733643
86.8199539, 4.80000019, -45.1477966309
87.8338089, 4.80000019, -45.2616157532
88.8476563, 4.80000019, -45.3894882202
89.8615036, 4.80000019, -45.532409668
90.8753586, 4.80000019, -45.6915092468
91.8892059, 4.80000019, -45.8679580688
92.9030533, 4.80000019, -46.0636863708
93.9169006, 4.80000019, -46.2819328308
94.9307556, 4.80000019, -46.5251083374
95.944603, 4.80000019, -46.7917747498
96.9584503, 4.80000019, -47.0774307251
97.9722977, 4.80000019, -47.3770904541
98.9861526, 4.80000019, -47.6861610413
7.66761303, 5.5999999, -44.353099823
8.67122555, 5.5999999, -45.487613678
9.67483902, 5.5999999, -46.3383789062
10.6784515, 5.5999999, -46.965385437
11.6820641, 5.5999999, -47.4346046448
12.6856775, 5.5999999, -47.7977142334
13.68929, 5.5999999, -48.0892715454
14.6929035, 5.5999999, -48.3304748535
15.696516, 5.5999999, -48.5339546204
16.7001286, 5.5999999, -48.7076873779
17.7037411, 5.5999999, -48.857421875
18.7073555, 5.5999999, -48.9882850647
19.710968, 5.5999999, -49.1044616699
20.7145805, 5.5999999, -49.2088356018
21.7181931, 5.5999999, -49.3033409119
22.7218056, 5.5999999, -49.3893165588
23.72542, 5.5999999, -49.4677352905
24.7290325, 5.5999999, -49.5393295288
25.732645, 5.5999999, -49.6046943665
26.7362576, 5.5999999, -49.6643371582
27.7398701, 5.5999999, -49.7187614441
28.7434845, 5.5999999, -49.7685317993
29.747097, 5.5999999, -49.814289093
30.7507095, 5.5999999, -49.856678009
31.7543221, 5.5999999, -49.8959350586
32.7579346, 5.5999999, -49.9318237305
33.7615471, 5.5999999, -49.9642066956
34.7651596, 5.5999999, -49.993183136
35.7687759, 5.5999999, -50.0189628601
36.7723885, 5.5999999, -50.0418128967
37.776001, 5.5999999, -50.0620079041
38.7796135, 5.5999999, -50.0798187256
39.783226, 5.5999999, -50.0955162048
40.7868385, 5.5999999, -50.1093406677
41.790451, 5.5999999, -50.1215171814
42.7940636, 5.5999999, -50.1322555542
43.7976761, 5.5999999, -50.1417388916
44.8012886, 5.5999999, -50.1501350403
45.8049049, 5.5999999, -50.1576004028
46.8085175, 5.5999999, -50.164264679
47.81213, 5.5999999, -50.1702537537
48.8157425, 5.5999999, -50.1756820679
49.819355, 5.5999999, -50.1806488037
50.8229675, 5.5999999, -50.1852493286
51.82658, 5.5999999, -50.1895675659
52.8301926, 5.5999999, -50.1936836243
53.8338051, 5.5999999, -50.1976852417
54.8374176, 5.5999999, -50.2016372681
55.8410339, 5.5999999, -50.2056274414
56.8446465, 5.5999999, -50.2097244263
57.848259, 5.5999999, -50.2140083313
58.8518715, 5.5999999, -50.2185668945
59.855484, 5.5999999, -50.2234840393
60.8590965, 5.5999999, -50.2288589478
61.862709, 5.5999999, -50.2347946167
62.8663216, 5.5999999, -50.2414093018
63.8699341, 5.5999999, -50.2488365173
64.8735504, 5.5999999, -50.2572174072
65.8771591, 5.5999999, -50.2667198181
66.8807755, 5.5999999, -50.2775306702
67.8843842, 5.5999999, -50.2898674011
68.8880005, 5.5999999, -50.3039703369
69.8916092, 5.5999999, -50.3201217651
70.8952255, 5.5999999, -50.3386383057
71.8988419, 5.5999999, -50.3598861694
72.9024506, 5.5999999, -50.3842773438
73.9060669, 5.5999999, -50.4122772217
74.9096756, 5.5999999, -50.4444236755
75.9132919, 5.5999999, -50.4813346863
76.9169006, 5.5999999, -50.5237426758
77.920517, 5.5999999, -50.5724945068
78.9241257, 5.5999999, -50.6285171509
79.927742, 5.5999999, -50.6928329468
80.9313583, 5.5999999, -50.7665481567
81.934967, 5.5999999, -50.8508834839
82.9385834, 5.5999999, -50.9471893311
83.9421921, 5.5999999, -51.056968689
84.9458084, 5.5999999, -51.1818962097
85.9494171, 5.5999999, -51.3237876892
86.9530334, 5.5999999, -51.4845619202
87.9566422, 5.5999999, -51.6659622192
88.9602585, 5.5999999, -51.8692474365
89.9638672, 5.5999999, -52.0956459045
90.9674835, 5.5999999, -52.3469161987
91.9710999, 5.5999999, -52.6233863831
92.9747086, 5.5999999, -52.9260215759
93.9783249, 5.5999999, -53.2642936707
94.9819336, 5.5999999, -53.647605896
95.9855499, 5.5999999, -54.0724029541
96.9891586, 5.5999999, -54.5275382996
97.992775, 5.5999999, -55.0054244995
98.9963837, 5.5999999, -55.4986801147
8.60937595, 6.4000001, -49.2723960876
9.60275269, 6.4000001, -50.420173645
10.5961294, 6.4000001, -51.2513008118
11.5895052, 6.4000001, -51.8714179993
12.5828819, 6.4000001, -52.3560142517
13.5762577, 6.4000001, -52.7513809204
14.5696344, 6.4000001, -53.0838394165
15.5630112, 6.4000001, -53.3672065735
16.5563869, 6.4000001, -53.6097145081
17.5497627, 6.4000001, -53.8168678284
18.5431404, 6.4000001, -53.996131897
19.5365162, 6.4000001, -54.1546363831
20.529892, 6.4000001, -54.2968864441
21.5232697, 6.4000001, -54.4257202148
22.5166454, 6.4000001, -54.5430221558
23.5100212, 6.4000001, -54.6501159668
24.503397, 6.4000001, -54.7479858398
25.4967747, 6.4000001, -54.8374137878
26.4901505, 6.4000001, -54.9190673828
27.4835262, 6.4000001, -54.9936065674
28.4769039, 6.4000001, -55.0617752075
29.4702797, 6.4000001, -55.124458313
30.4636555, 6.4000001, -55.1826057434
31.4570332, 6.4000001, -55.2372779846
32.4504089, 6.4000001, -55.2885971069
33.4437866, 6.4000001, -55.3352394104
34.4371605, 6.4000001, -55.377117157
35.4305382, 6.4000001, -55.4144668579
36.4239159, 6.4000001, -55.4476280212
37.4172897, 6.4000001, -55.4769821167
38.4106674, 6.4000001, -55.5029067993
39.4040413, 6.4000001, -55.52576828
40.397419, 6.4000001, -55.5459213257
41.3907967, 6.4000001, -55.5636825562
42.3841705, 6.4000001, -55.5793495178
43.3775482, 6.4000001, -55.5931854248
44.3709259, 6.4000001, -55.6054344177
45.3642998, 6.4000001, -55.6163101196
46.3576775, 6.4000001, -55.6260108948
47.3510551, 6.4000001, -55.6347122192
48.344429, 6.4000001, -55.6425704956
49.3378067, 6.4000001, -55.6497344971
50.3311844, 6.4000001, -55.656337738
51.3245583, 6.4000001, -55.6624984741
52.3179359, 6.4000001, -55.6683349609
53.3113136, 6.4000001, -55.6739501953
54.3046875, 6.4000001, -55.6794586182
55.2980652, 6.4000001, -55.6849594116
56.2914391, 6.4000001, -55.6905555725
57.2848167, 6.4000001, -55.6963539124
58.2781944, 6.4000001, -55.7024612427
59.2715683, 6.4000001, -55.7090034485
60.264946, 6.4000001, -55.7160987854
61.2583237, 6.4000001, -55.7238845825
62.2516975, 6.4000001, -55.732509613
63.2450752, 6.4000001, -55.7421455383
64.2384491, 6.4000001, -55.7529716492
65.2318268, 6.4000001, -55.7652015686
66.2252045, 6.4000001, -55.7790756226
67.2185822, 6.4000001, -55.7948532104
68.2119598, 6.4000001, -55.8128509521
69.2053299, 6.4000001, -55.8334159851
70.1987076, 6.4000001, -55.8569488525
71.1920853, 6.4000001, -55.8839111328
72.185463, 6.4000001, -55.9148254395
73.1788406, 6.4000001, -55.9502983093
74.1722183, 6.4000001, -55.9910087585
75.1655884, 6.4000001, -56.0377540588
76.1589661, 6.4000001, -56.0914382935
77.1523438, 6.4000001, -56.1531562805
78.1457214, 6.4000001, -56.2241134644
79.1390991, 6.4000001, -56.3056259155
80.1324768, 6.4000001, -56.3991127014
81.1258469, 6.4000001, -56.5061149597
82.1192245, 6.4000001, -56.6283149719
83.1126022, 6.4000001, -56.7675857544
84.1059799, 6.4000001, -56.92603302
85.0993576, 6.4000001, -57.1060447693
86.0927277, 6.4000001, -57.310256958
87.0861053, 6.4000001, -57.5413818359
88.079483, 6.4000001, -57.8021888733
89.0728607, 6.4000001, -58.0947532654
90.0662384, 6.4000001, -58.419670105
91.0596161, 6.4000001, -58.7803573608
92.0529861, 6.4000001, -59.1779670715
93.0463638, 6.4000001, -59.5946655273
94.0397415, 6.4000001, -60.0478782654
95.0331192, 6.4000001, -60.6051063538
96.0264969, 6.4000001, -61.2176399231
97.0198746, 6.4000001, -61.874130249
98.0132446, 6.4000001, -62.5636863708
99.0066223, 6.4000001, -63.2759017944
9.55113983, 7.19999981, -53.9849052429
10.5342798, 7.19999981, -54.9955749512
11.5174198, 7.19999981, -55.7495765686
12.5005589, 7.19999981, -56.3465881348
13.4836988, 7.19999981, -56.845703125
14.4668388, 7.19999981, -57.2784080505
15.4499788, 7.19999981, -57.6528549194
16.4331188, 7.19999981, -57.9753761292
17.4162579, 7.19999981, -58.2463226318
18.3993969, 7.19999981, -58.4763374329
19.3825378, 7.19999981, -58.6786384583
20.3656769, 7.19999981, -58.8599891663
21.3488178, 7.19999981, -59.0242805481
22.3319569, 7.19999981, -59.1739883423
23.3150959, 7.19999981, -59.3108024597
24.2982368, 7.19999981, -59.4359397888
25.2813759, 7.19999981, -59.5503387451
26.2645168, 7.19999981, -59.6548042297
27.2476559, 7.19999981, -59.7501220703
28.2307949, 7.19999981, -59.8371887207
29.2139359, 7.19999981, -59.9170303345
30.1970749, 7.19999981, -59.9861793518
31.1802158, 7.19999981, -60.037689209
32.163353, 7.19999981, -60.1052742004
33.1464958, 7.19999981, -60.1685905457
34.1296349, 7.19999981, -60.2257614136
35.1127739, 7.19999981, -60.2768783569
36.0959129, 7.19999981, -60.3223495483
37.079052, 7.19999981, -60.362651825
38.0621948, 7.19999981, -60.3982849121
39.0453339, 7.19999981, -60.4297409058
40.0284729, 7.19999981, -60.4574813843
41.0116119, 7.19999981, -60.4819450378
41.994751, 7.19999981, -60.503528595
42.9778938, 7.19999981, -60.5225868225
43.9610329, 7.19999981, -60.5394554138
44.9441719, 7.19999981, -60.5544281006
45.9273109, 7.19999981, -60.5677642822
46.91045, 7.19999981, -60.5797080994
47.8935928, 7.19999981, -60.5904693604
48.8767319, 7.19999981, -60.6002464294
49.8598709, 7.19999981, -60.6092185974
50.8430099, 7.19999981, -60.6175460815
51.826149, 7.19999981, -60.6253852844
52.8092918, 7.19999981, -60.6328773499
53.7924309, 7.19999981, -60.6401596069
54.7755699, 7.19999981, -60.6473693848
55.758709, 7.19999981, -60.6546363831
56.741848, 7.19999981, -60.6620979309
57.7249908, 7.19999981, -60.6698913574
58.7081299, 7.19999981, -60.6781654358
59.6912689, 7.19999981, -60.6870727539
60.674408, 7.19999981, -60.6967811584
61.657547, 7.19999981, -60.7074775696
62.6406898, 7.19999981, -60.7193565369
63.6238289, 7.19999981, -60.7326507568
64.6069641, 7.19999981, -60.7476081848
65.5901108, 7.19999981, -60.7645149231
66.5732498, 7.19999981, -60.7836875916
67.5563889, 7.19999981, -60.8055000305
68.5395279, 7.19999981, -60.830368042
69.5226669, 7.19999981, -60.8587646484
70.505806, 7.19999981, -60.891242981
71.488945, 7.19999981, -60.9284286499
72.472084, 7.19999981, -60.9710578918
73.4552231, 7.19999981, -61.0199623108
74.4383621, 7.19999981, -61.0761260986
75.4215088, 7.19999981, -61.1406822205
76.4046478, 7.19999981, -61.2149467468
77.3877869, 7.19999981, -61.3004150391
78.3709259, 7.19999981, -61.3987350464
79.3540649, 7.19999981, -61.5116615295
80.337204, 7.19999981, -61.6410713196
81.320343, 7.19999981, -61.7889442444
82.3034821, 7.19999981, -61.9574394226
83.2866211, 7.19999981, -62.1489601135
84.2697601, 7.19999981, -62.3662796021
85.2529068, 7.19999981, -62.6127052307
86.2360458, 7.19999981, -62.8921012878
87.2191849, 7.19999981, -63.2087173462
88.2023239, 7.19999981, -63.5666732788
89.185463, 7.19999981, -63.9693565369
90.168602, 7.19999981, -64.4197921753
91.151741, 7.19999981, -64.9205093384
92.1348801, 7.19999981, -65.4709243774
93.1180191, 7.19999981, -66.0733566284
94.1011581, 7.19999981, -66.7418518066
95.0843048, 7.19999981, -67.4870910645
96.0674438, 7.19999981, -68.3033905029
97.0505829, 7.19999981, -69.1760482788
98.0337219, 7.19999981, -70.0920639038
99.016861, 7.19999981, -71.0380630493
10.4929028, 8.0, -58.0909843445
11.465806, 8.0, -58.9509239197
12.4387093, 8.0, -59.6563720703
13.4116125, 8.0, -60.238986969
14.3845158, 8.0, -60.7942848206
15.357419, 8.0, -61.2848320007
16.3303223, 8.0, -61.7120933533
17.3032265, 8.0, -62.0823135376
18.2761288, 8.0, -62.4051094055
19.249033, 8.0, -62.691204071
20.2219353, 8.0, -62.9485092163
21.1948395, 8.0, -63.182144165
22.1677418, 8.0, -63.3954544067
23.140646, 8.0, -63.590713501
24.1135483, 8.0, -63.7695426941
25.0864525, 8.0, -63.9331550598
26.0593548, 8.0, -64.082572937
27.032259, 8.0, -64.2188186646
28.0051613, 8.0, -64.3430328369
28.9780636, 8.0, -64.4564285278
29.9509678, 8.0, -64.5598220825
30.9238701, 8.0, -64.6538009644
31.8967743, 8.0, -64.7421875
32.8696785, 8.0, -64.8237915039
33.8425789, 8.0, -64.8974609375
34.8154831, 8.0, -64.9634094238
35.7883873, 8.0, -65.0221328735
36.7612915, 8.0, -65.0742340088
37.7341919, 8.0, -65.1203384399
38.7070961, 8.0, -65.1610565186
39.6800003, 8.0, -65.1969985962
40.6529045, 8.0, -65.2286987305
41.6258049, 8.0, -65.2566757202
42.5987091, 8.0, -65.2813873291
43.5716133, 8.0, -65.3032608032
44.5445175, 8.0, -65.3226547241
45.5174179, 8.0, -65.3399200439
46.4903221, 8.0, -65.3553619385
47.4632263, 8.0, -65.3692474365
48.4361305, 8.0, -65.3818283081
49.4090309, 8.0, -65.3933258057
50.3819351, 8.0, -65.4039535522
51.3548393, 8.0, -65.4138946533
52.3277435, 8.0, -65.4233322144
53.3006439, 8.0, -65.4324417114
54.2735481, 8.0, -65.4413757324
55.2464523, 8.0, -65.450302124
56.2193565, 8.0, -65.4593887329
57.1922569, 8.0, -65.468788147
58.1651611, 8.0, -65.4786834717
59.1380653, 8.0, -65.4892578125
60.1109695, 8.0, -65.5006942749
61.0838699, 8.0, -65.5132217407
62.0567741, 8.0, -65.527053833
63.0296783, 8.0, -65.5424575806
64.0025787, 8.0, -65.559715271
64.9754868, 8.0, -65.5791473389
65.9483871, 8.0, -65.6011199951
66.9212875, 8.0, -65.6260452271
67.8941956, 8.0, -65.6543807983
68.8670959, 8.0, -65.686668396
69.8399963, 8.0, -65.7235183716
70.8129044, 8.0, -65.765625
71.7858047, 8.0, -65.8138122559
72.7587128, 8.0, -65.8690109253
73.7316132, 8.0, -65.9323348999
74.7045135, 8.0, -66.0050582886
75.6774216, 8.0, -66.0886993408
76.650322, 8.0, -66.1849822998
77.6232224, 8.0, -66.2958602905
78.5961304, 8.0, -66.4234542847
79.5690308, 8.0, -66.569984436
80.5419388, 8.0, -66.7377471924
81.5148392, 8.0, -66.9291305542
82.4877396, 8.0, -67.1467056274
83.4606476, 8.0, -67.3932800293
84.433548, 8.0, -67.6722717285
85.4064484, 8.0, -67.9879989624
86.3793564, 8.0, -68.345703125
87.3522568, 8.0, -68.7517089844
88.3251648, 8.0, -69.211769104
89.2980652, 8.0, -69.7310638428
90.2709656, 8.0, -70.3138504028
91.2438736, 8.0, -70.9627990723
92.216774, 8.0, -71.6797943115
93.1896744, 8.0, -72.4681472778
94.1625824, 8.0, -73.334602356
95.1354828, 8.0, -74.2849502563
96.1083908, 8.0, -75.3180999756
97.0812912, 8.0, -76.4220352173
98.0541916, 8.0, -77.581161499
99.0270996, 8.0, -78.7793502808
11.4346666, 8.80000019, -61.7049713135
12.3973331, 8.80000019, -62.6275215149
13.3599997, 8.80000019, -63.423374176
14.3226671, 8.80000019, -64.1231002808
15.2853336, 8.80000019, -64.736000061
16.2479992, 8.80000019, -65.2708892822
17.2106667, 8.80000019, -65.7392349243
18.1733341, 8.80000019, -66.1525497437
19.1359997, 8.80000019, -66.5217132568
20.0986671, 8.80000019, -66.8553390503
21.0613327, 8.80000019, -67.1593551636
22.0240002, 8.80000019, -67.4377059937
22.9866657, 8.80000019, -67.6930465698
23.9493332, 8.80000019, -67.9272994995
24.9120007, 8.80000019, -68.1418304443
25.8746662, 8.80000019, -68.3377532959
26.8373337, 8.80000019, -68.5162200928
27.7999992, 8.80000019, -68.6787338257
28.7626667, 8.80000019, -68.8266906738
29.7253342, 8.80000019, -68.9613952637
30.6879997, 8.80000019, -69.0840377808
31.6506672, 8.80000019, -69.1957931519
32.6133347, 8.80000019, -69.2970504761
33.5760002, 8.80000019, -69.3880844116
34.5386658, 8.80000019, -69.4695281982
35.5013351, 8.80000019, -69.5421142578
36.4640007, 8.80000019, -69.6065597534
37.4266663, 8.80000019, -69.6636047363
38.3893318, 8.80000019, -69.7140274048
39.3520012, 8.80000019, -69.7585372925
40.3146667, 8.80000019, -69.7978210449
41.2773323, 8.80000019, -69.8324966431
42.2400017, 8.80000019, -69.8631286621
43.2026672, 8.80000019, -69.8902359009
44.1653328, 8.80000019, -69.9142684937
45.1279984, 8.80000019, -69.9356536865
46.0906677, 8.80000019, -69.954750061
47.0533333, 8.80000019, -69.9719009399
48.0159988, 8.80000019, -69.9873962402
48.9786682, 8.80000019, -70.0015258789
49.9413338, 8.80000019, -70.0145263672
50.9039993, 8.80000019, -70.0266265869
51.8666649, 8.80000019, -70.0380401611
52.8293343, 8.80000019, -70.0489730835
53.7919998, 8.80000019, -70.0596237183
54.7546654, 8.80000019, -70.0701751709
55.7173347, 8.80000019, -70.0808105469
56.6800003, 8.80000019, -70.0917282104
57.6426659, 8.80000019, -70.1031188965
58.6053352, 8.80000019, -70.1151885986
59.5680008, 8.80000019, -70.1281509399
60.5306664, 8.80000019, -70.142250061
61.4933319, 8.80000019, -70.1577377319
62.4560013, 8.80000019, -70.1748886108
63.4186668, 8.80000019, -70.1940155029
64.3813324, 8.80000019, -70.2154769897
65.3440018, 8.80000019, -70.239654541
66.3066635, 8.80000019, -70.266998291
67.2693329, 8.80000019, -70.297996521
68.2320023, 8.80000019, -70.3332290649
69.194664, 8.80000019, -70.3733444214
70.1573334, 8.80000019, -70.4190826416
71.1200027, 8.80000019, -70.4713134766
72.0826645, 8.80000019, -70.5310287476
73.0453339, 8.80000019, -70.5994110107
74.0080032, 8.80000019, -70.6778106689
74.970665, 8.80000019, -70.7678604126
75.9333344, 8.80000019, -70.871421814
76.8960037, 8.80000019, -70.9906387329
77.8586655, 8.80000019, -71.1279373169
78.8213348, 8.80000019, -71.2860488892
79.7839966, 8.80000019, -71.4678039551
80.746666, 8.80000019, -71.6758575439
81.7093353, 8.80000019, -71.9128570557
82.6719971, 8.80000019, -72.1816558838
83.6346664, 8.80000019, -72.4852371216
84.5973358, 8.80000019, -72.827507019
85.5599976, 8.80000019, -73.2140808105
86.5226669, 8.80000019, -73.6517181396
87.4853363, 8.80000019, -74.1471557617
88.447998, 8.80000019, -74.7092056274
89.4106674, 8.80000019, -75.3461990356
90.3733368, 8.80000019, -76.0651092529
91.3359985, 8.80000019, -76.8674163818
92.2986679, 8.80000019, -77.7560882568
93.2613297, 8.80000019, -78.7330627441
94.223999, 8.80000019, -79.7977828979
95.1866684, 8.80000019, -80.9617233276
96.1493301, 8.80000019, -82.2341003418
97.1119995, 8.80000019, -83.5919265747
98.0746689, 8.80000019, -85.0187225342
99.0373306, 8.80000019, -86.4952774048
12.3764305, 9.60000038, -65.4416427612
13.3288603, 9.60000038, -66.4217758179
14.2812901, 9.60000038, -67.2670211792
15.2337208, 9.60000038, -67.999382019
16.1861496, 9.60000038, -68.6381912231
17.1385803, 9.60000038, -69.1999893188
18.091011, 9.60000038, -69.6988143921
19.0434418, 9.60000038, -70.1470565796
19.9958706, 9.60000038, -70.5544586182
20.9483013, 9.60000038, -70.927520752
21.900732, 9.60000038, -71.2703704834
22.8531609, 9.60000038, -71.5857315063
23.8055916, 9.60000038, -71.8756256104
24.7580223, 9.60000038, -72.1414794922
25.7104511, 9.60000038, -72.3841629028
26.6628819, 9.60000038, -72.6046676636
27.6153126, 9.60000038, -72.8053359985
28.5677414, 9.60000038, -72.9879684448
29.5201721, 9.60000038, -73.1537628174
30.4726028, 9.60000038, -73.3039169312
31.4250317, 9.60000038, -73.4395523071
32.3774605, 9.60000038, -73.5615615845
33.3298912, 9.60000038, -73.6708145142
34.2823219, 9.60000038, -73.7681884766
35.2347527, 9.60000038, -73.8546981812
36.1871834, 9.60000038, -73.9314651489
37.1396141, 9.60000038, -73.999458313
38.0920448, 9.60000038, -74.0595550537
39.0444717, 9.60000038, -74.1126327515
39.9969025, 9.60000038, -74.1594848633
40.9493332, 9.60000038, -74.2008514404
41.9017639, 9.60000038, -74.2374038696
42.8541946, 9.60000038, -74.269744873
43.8066254, 9.60000038, -74.2984237671
44.7590523, 9.60000038, -74.3239135742
45.711483, 9.60000038, -74.3466644287
46.6639137, 9.60000038, -74.3670654297
47.6163445, 9.60000038, -74.3854675293
48.5687752, 9.60000038, -74.4021987915
49.5212059, 9.60000038, -74.4175338745
50.4736328, 9.60000038, -74.4317550659
51.4260635, 9.60000038, -74.445098877
52.3784943, 9.60000038, -74.4577941895
53.330925, 9.60000038, -74.4700622559
54.2833557, 9.60000038, -74.4821243286
55.2357864, 9.60000038, -74.4941864014
56.1882133, 9.60000038, -74.5064620972
57.1406441, 9.60000038, -74.5191574097
58.0930748, 9.60000038, -74.5325012207
59.0455055, 9.60000038, -74.5467376709
59.9979362, 9.60000038, -74.5621032715
60.950367, 9.60000038, -74.5788726807
61.9027939, 9.60000038, -74.5973587036
62.8552246, 9.60000038, -74.6178741455
63.8076553, 9.60000038, -74.6407928467
64.7600861, 9.60000038, -74.666519165
65.7125168, 9.60000038, -74.6955184937
66.6649475, 9.60000038, -74.7283096313
67.6173782, 9.60000038, -74.7654724121
68.569809, 9.60000038, -74.8076858521
69.5222397, 9.60000038, -74.8557052612
70.4746704, 9.60000038, -74.9104156494
71.4270935, 9.60000038, -74.9728240967
72.3795242, 9.60000038, -75.044128418
73.331955, 9.60000038, -75.1257095337
74.2843857, 9.60000038, -75.2192153931
75.2368164, 9.60000038, -75.3265762329
76.1892471, 9.60000038, -75.4500427246
77.1416779, 9.60000038, -75.5915145874
78.0941086, 9.60000038, -75.7536087036
79.0465393, 9.60000038, -75.9409484863
79.99897, 9.60000038, -76.1585922241
80.9514008, 9.60000038, -76.4075469971
81.9038315, 9.60000038, -76.6908340454
82.8562546, 9.60000038, -77.0117874146
83.8086853, 9.60000038, -77.3730163574
84.761116, 9.60000038, -77.7784347534
85.7135468, 9.60000038, -78.2366714478
86.6659775, 9.60000038, -78.7554626465
87.6184082, 9.60000038, -79.3426971436
88.5708389, 9.60000038, -79.9920501709
89.5232697, 9.60000038, -80.7552642822
90.4757004, 9.60000038, -81.6186218262
91.4281311, 9.60000038, -82.5838928223
92.3805618, 9.60000038, -83.6550140381
93.3329926, 9.60000038, -84.835609436
94.2854156, 9.60000038, -86.1307067871
95.2378464, 9.60000038, -87.5444335938
96.1902771, 9.60000038, -89.0722579956
97.1427078, 9.60000038, -90.702507019
98.0951385, 9.60000038, -92.4164352417
99.0475693, 9.60000038, -94.1908798218
13.3181934, 10.3999996, -69.2283630371
14.2603874, 10.3999996, -70.2091217041
15.2025805, 10.3999996, -71.0528259277
16.1447735, 10.3999996, -71.7887573242
17.0869675, 10.3999996, -72.4383773804
18.0291615, 10.3999996, -73.0175323486
18.9713554, 10.3999996, -73.5393066406
19.9135475, 10.3999996, -74.0143356323
20.8557415, 10.3999996, -74.4518508911
21.7979355, 10.3999996, -74.8560256958
22.7401295, 10.3999996, -75.2290420532
23.6823235, 10.3999996, -75.5727844238
24.6245155, 10.3999996, -75.8886108398
25.5667095, 10.3999996, -76.1766815186
26.5089035, 10.3999996, -76.4359588623
27.4510975, 10.3999996, -76.6721954346
28.3932896, 10.3999996, -76.8887176514
29.3354836, 10.3999996, -77.0853652954
30.2776775, 10.3999996, -77.2629852295
31.2198715, 10.3999996, -77.4227905273
32.1620636, 10.3999996, -77.5660400391
33.1042595, 10.3999996, -77.6939926147
34.0464516, 10.3999996, -77.8078689575
34.9886436, 10.3999996, -77.9089126587
35.9308395, 10.3999996, -77.9983062744
36.8730316, 10.3999996, -78.077293396
37.8152275, 10.3999996, -78.1470947266
38.7574196, 10.3999996, -78.208732605
39.6996117, 10.3999996, -78.263168335
40.6418076, 10.3999996, -78.3112411499
41.5839996, 10.3999996, -78.353729248
42.5261917, 10.3999996, -78.3913192749
43.4683876, 10.3999996, -78.4246444702
44.4105797, 10.3999996, -78.4542617798
45.3527756, 10.3999996, -78.4806747437
46.2949677, 10.3999996, -78.5043334961
47.2371597, 10.3999996, -78.525642395
48.1793556, 10.3999996, -78.544960022
49.1215477, 10.3999996, -78.5626296997
50.0637436, 10.3999996, -78.5789489746
51.0059357, 10.3999996, -78.5941925049
51.9481277, 10.3999996, -78.6086120605
52.8903236, 10.3999996, -78.622467041
53.8325157, 10.3999996, -78.6359786987
54.7747078, 10.3999996, -78.6493911743
55.7169037, 10.3999996, -78.6629257202
56.6590958, 10.3999996, -78.6768112183
57.6012917, 10.3999996, -78.6912994385
58.5434837, 10.3999996, -78.7066192627
59.4856758, 10.3999996, -78.7230606079
60.4278717, 10.3999996, -78.7408905029
61.3700638, 10.3999996, -78.7604293823
62.3122597, 10.3999996, -78.7820053101
63.2544518, 10.3999996, -78.8060073853
64.1966476, 10.3999996, -78.8328552246
65.1388397, 10.3999996, -78.8630065918
66.0810318, 10.3999996, -78.8969955444
67.0232239, 10.3999996, -78.9354248047
67.965416, 10.3999996, -78.9789581299
68.9076157, 10.3999996, -79.0283660889
69.8498077, 10.3999996, -79.0845184326
70.7919998, 10.3999996, -79.1484222412
71.7341919, 10.3999996, -79.2212524414
72.676384, 10.3999996, -79.3043823242
73.6185837, 10.3999996, -79.3994140625
74.5607758, 10.3999996, -79.5082626343
75.5029678, 10.3999996, -79.6331634521
76.4451599, 10.3999996, -79.7766342163
77.387352, 10.3999996, -79.9409790039
78.3295517, 10.3999996, -80.1045303345
79.2717438, 10.3999996, -80.3250045776
80.2139359, 10.3999996, -80.5804443359
81.1561279, 10.3999996, -80.8725814819
82.09832, 10.3999996, -81.204826355
83.0405197, 10.3999996, -81.5811843872
83.9827118, 10.3999996, -82.0062789917
84.9249039, 10.3999996, -82.4864959717
85.8670959, 10.3999996, -83.0298843384
86.809288, 10.3999996, -83.6455001831
87.7514801, 10.3999996, -84.3418045044
88.6936798, 10.3999996, -85.1327667236
89.6358719, 10.3999996, -86.0317687988
90.578064, 10.3999996, -87.0461425781
91.520256, 10.3999996, -88.1806869507
92.4624481, 10.3999996, -89.4410018921
93.4046478, 10.3999996, -90.833480835
94.3468399, 10.3999996, -92.3632659912
95.289032, 10.3999996, -94.0301895142
96.2312241, 10.3999996, -95.8270950317
97.1734161, 10.3999996, -97.7438201904
98.1156158, 10.3999996, -99.7632751465
99.0578079, 10.3999996, -101.858573914
14.2599573, 11.1999998, -72.936958313
15.1919136, 11.1999998, -73.8719024658
16.1238708, 11.1999998, -74.6883773804
17.0558281, 11.1999998, -75.4141464233
17.9877853, 11.1999998, -76.0651321411
18.9197426, 11.1999998, -76.6546630859
19.8516998, 11.1999998, -77.1916351318
20.7836552, 11.1999998, -77.6913299561
21.7156124, 11.1999998, -78.1549453735
22.6475697, 11.1999998, -78.5843811035
23.5795269, 11.1999998, -78.9812088013
24.5114841, 11.1999998, -79.3466186523
25.4434414, 11.1999998, -79.6802215576
26.3753986, 11.1999998, -79.9694519043
27.307354, 11.1999998, -80.2348632812
28.2393112, 11.1999998, -80.4893035889
29.1712685, 11.1999998, -80.7220535278
30.1032257, 11.1999998, -80.932220459
31.035183, 11.1999998, -81.1209182739
31.9671402, 11.1999998, -81.2896881104
32.8990974, 11.1999998, -81.4401473999
33.8310547, 11.1999998, -81.5739059448
34.7630119, 11.1999998, -81.692527771
35.6949692, 11.1999998, -81.7975158691
36.6269264, 11.1999998, -81.8903121948
37.5588799, 11.1999998, -81.9722976685
38.4908371, 11.1999998, -82.0447158813
39.4227943, 11.1999998, -82.1086807251
40.3547516, 11.1999998, -82.165184021
41.2867088, 11.1999998, -82.215133667
42.2186661, 11.1999998, -82.2593307495
43.1506233, 11.1999998, -82.2985076904
44.0825806, 11.1999998, -82.3333129883
45.0145378, 11.1999998, -82.3643264771
45.9464951, 11.1999998, -82.3920822144
46.8784523, 11.1999998, -82.4170303345
47.8104095, 11.1999998, -82.4396133423
48.7423668, 11.1999998, -82.4602127075
49.674324, 11.1999998, -82.4791793823
50.6062813, 11.1999998, -82.4968338013
51.5382347, 11.1999998, -82.5134658813
52.470192, 11.1999998, -82.5293502808
53.4021492, 11.1999998, -82.5447463989
54.3341064, 11.1999998, -82.5599212646
55.2660637, 11.1999998, -82.5751113892
56.1980209, 11.1999998, -82.5905838013
57.1299782, 11.1999998, -82.606590271
58.0619354, 11.1999998, -82.6234054565
58.9938927, 11.1999998, -82.6413116455
59.9258499, 11.1999998, -82.6606140137
60.8578072, 11.1999998, -82.681640625
61.7897644, 11.1999998, -82.7047424316
62.7217216, 11.1999998, -82.7303314209
63.6536789, 11.1999998, -82.7588348389
64.5856323, 11.1999998, -82.7907333374
65.5175934, 11.1999998, -82.8265838623
66.4495468, 11.1999998, -82.8669967651
67.3815079, 11.1999998, -82.9126586914
68.3134613, 11.1999998, -82.9643554688
69.2454224, 11.1999998, -83.0229797363
70.1773758, 11.1999998, -83.0895309448
71.1093369, 11.1999998, -83.165184021
72.0412903, 11.1999998, -83.2512893677
72.9732437, 11.1999998, -83.3494567871
73.9052048, 11.1999998, -83.4615707397
74.8371582, 11.1999998, -83.5898284912
75.7691193, 11.1999998, -83.7367782593
76.7010727, 11.1999998, -83.905128479
77.6330338, 11.1999998, -84.0955200195
78.5649872, 11.1999998, -84.31590271
79.4969482, 11.1999998, -84.5720596313
80.4289017, 11.1999998, -84.8673858643
81.3608627, 11.1999998, -85.2044677734
82.2928162, 11.1999998, -85.587638855
83.2247772, 11.1999998, -86.022026062
84.1567307, 11.1999998, -86.5136871338
85.0886917, 11.1999998, -87.0701141357
86.0206451, 11.1999998, -87.700378418
86.9525986, 11.1999998, -88.4147186279
87.8845596, 11.1999998, -89.2244873047
88.8165131, 11.1999998, -90.1414718628
89.7484741, 11.1999998, -91.1770935059
90.6804276, 11.1999998, -92.3435745239
91.6123886, 11.1999998, -93.6484069824
92.544342, 11.1999998, -95.0992889404
93.4763031, 11.1999998, -96.7029876709
94.4082565, 11.1999998, -98.467086792
95.3402176, 11.1999998, -100.387077332
96.272171, 11.1999998, -102.473464966
97.2041321, 11.1999998, -104.701339722
98.1360855, 11.1999998, -107.052070618
99.0680466, 11.1999998, -109.497383118
15.2017202, 12.0, -76.4302215576
16.1234417, 12.0, -77.3143539429
17.0451622, 12.0, -78.1057510376
17.9668808, 12.0, -78.8295593262
18.8886013, 12.0, -79.4918670654
19.8103218, 12.0, -80.0764541626
20.7320423, 12.0, -80.6493453979
21.6537628, 12.0, -81.187828064
22.5754833, 12.0, -81.6891326904
23.4972038, 12.0, -82.1537094116
24.4189243, 12.0, -82.5823516846
25.3406448, 12.0, -82.9753799438
26.2623653, 12.0, -83.3317642212
27.1840858, 12.0, -83.6567993164
28.1058064, 12.0, -83.955406189
29.0275269, 12.0, -84.2268066406
29.9492474, 12.0, -84.4712219238
30.8709679, 12.0, -84.6901779175
31.7926884, 12.0, -84.8856201172
32.7144089, 12.0, -85.0595779419
33.6361275, 12.0, -85.2140350342
34.5578499, 12.0, -85.3509140015
35.4795685, 12.0, -85.4720230103
36.4012909, 12.0, -85.5790710449
37.3230095, 12.0, -85.6736373901
38.2447319, 12.0, -85.7571792603
39.1664505, 12.0, -85.8309860229
40.0881729, 12.0, -85.8962097168
41.0098915, 12.0, -85.9538803101
41.9316139, 12.0, -86.0049133301
42.8533325, 12.0, -86.0501556396
43.7750549, 12.0, -86.0903320312
44.6967735, 12.0, -86.1261138916
45.6184959, 12.0, -86.1580810547
46.5402145, 12.0, -86.1867752075
47.461937, 12.0, -86.212677002
48.3836555, 12.0, -86.2362518311
49.305378, 12.0, -86.2579040527
50.2270966, 12.0, -86.2780075073
51.148819, 12.0, -86.2968902588
52.0705376, 12.0, -86.3148422241
52.9922562, 12.0, -86.3321456909
53.9139786, 12.0, -86.3490753174
54.8356972, 12.0, -86.3659133911
55.7574196, 12.0, -86.3829269409
56.6791382, 12.0, -86.4004058838
57.6008606, 12.0, -86.4186248779
58.5225792, 12.0, -86.4378890991
59.4443016, 12.0, -86.4585266113
60.3660202, 12.0, -86.4808654785
61.2877426, 12.0, -86.5052947998
62.2094612, 12.0, -86.5322113037
63.1311836, 12.0, -86.5620651245
64.0529022, 12.0, -86.5953674316
64.9746246, 12.0, -86.6326599121
65.896347, 12.0, -86.6745758057
66.8180618, 12.0, -86.7218170166
67.7397842, 12.0, -86.7751693726
68.6615067, 12.0, -86.8355178833
69.5832291, 12.0, -86.9038772583
70.5049438, 12.0, -86.9813919067
71.4266663, 12.0, -87.0693664551
72.3483887, 12.0, -87.1693496704
73.2701111, 12.0, -87.2831802368
74.1918259, 12.0, -87.4130172729
75.1135483, 12.0, -87.561340332
76.0352707, 12.0, -87.7309646606
76.9569855, 12.0, -87.9248352051
77.8787079, 12.0, -88.1469116211
78.8004303, 12.0, -88.4018630981
79.7221527, 12.0, -88.6944046021
80.6438675, 12.0, -89.0290222168
81.5655899, 12.0, -89.4104003906
82.4873123, 12.0, -89.8438720703
83.4090347, 12.0, -90.3355178833
84.3307495, 12.0, -90.8922424316
85.2524719, 12.0, -91.5222320557
86.1741943, 12.0, -92.2362213135
87.0959167, 12.0, -93.0464019775
88.0176315, 12.0, -93.9646911621
88.9393539, 12.0, -95.0024871826
89.8610764, 12.0, -96.1699066162
90.7827988, 12.0, -97.480758667
91.7045135, 12.0, -98.9508666992
92.626236, 12.0, -100.582252502
93.5479584, 12.0, -102.406166077
94.4696808, 12.0, -104.415283203
95.3913956, 12.0, -106.616111755
96.313118, 12.0, -109.005264282
97.2348404, 12.0, -111.566864014
98.1565628, 12.0, -114.277587891
99.0782776, 12.0, -117.101516724
16.1434841, 12.8000002, -79.7043457031
17.0549679, 12.8000002, -80.553604126
17.9664516, 12.8000002, -81.3673248291
18.8779354, 12.8000002, -82.1254577637
19.7894192, 12.8000002, -82.8261032104
20.7009029, 12.8000002, -83.4853439331
21.6123867, 12.8000002, -84.1042861938
22.5238705, 12.8000002, -84.6814575195
23.4353542, 12.8000002, -85.2173843384
24.346838, 12.8000002, -85.712677002
25.2583218, 12.8000002, -86.1678237915
26.1698055, 12.8000002, -86.5834579468
27.0812912, 12.8000002, -86.9617004395
27.992775, 12.8000002, -87.30493927
28.9042587, 12.8000002, -87.6146469116
29.8157425, 12.8000002, -87.8925476074
30.7272263, 12.8000002, -88.1408920288
31.63871, 12.8000002, -88.3621368408
32.5501938, 12.8000002, -88.5587387085
33.4616776, 12.8000002, -88.7330856323
34.3731613, 12.8000002, -88.8874511719
35.2846451, 12.8000002, -89.0239562988
36.1961288, 12.8000002, -89.144569397
37.1076126, 12.8000002, -89.2511138916
38.0190964, 12.8000002, -89.3452377319
38.9305801, 12.8000002, -89.4284210205
39.8420639, 12.8000002, -89.5019760132
40.7535477, 12.8000002, -89.5670318604
41.6650314, 12.8000002, -89.6246185303
42.5765152, 12.8000002, -89.6756591797
43.487999, 12.8000002, -89.7209854126
44.3994827, 12.8000002, -89.7613220215
45.3109665, 12.8000002, -89.7972946167
46.2224503, 12.8000002, -89.8294754028
47.133934, 12.8000002, -89.8584136963
48.0454178, 12.8000002, -89.8846664429
48.9569016, 12.8000002, -89.9087295532
49.8683853, 12.8000002, -89.9310531616
50.7798691, 12.8000002, -89.9519958496
51.6913567, 12.8000002, -89.9718704224
52.6028404, 12.8000002, -89.9909439087
53.5143242, 12.8000002, -90.0094985962
54.425808, 12.8000002, -90.0278320312
55.3372917, 12.8000002, -90.0462341309
56.2487755, 12.8000002, -90.0649871826
57.1602592, 12.8000002, -90.0844039917
58.071743, 12.8000002, -90.1047973633
58.9832268, 12.8000002, -90.1264877319
59.8947105, 12.8000002, -90.1498413086
60.8061943, 12.8000002, -90.1752243042
61.7176781, 12.8000002, -90.2030639648
62.6291618, 12.8000002, -90.2338104248
63.5406456, 12.8000002, -90.2679672241
64.4521255, 12.8000002, -90.306098938
65.3636093, 12.8000002, -90.348815918
66.2750931, 12.8000002, -90.3968276978
67.1865768, 12.8000002, -90.450920105
68.0980682, 12.8000002, -90.51197052
69.009552, 12.8000002, -90.5809783936
69.9210358, 12.8000002, -90.6590423584
70.8325195, 12.8000002, -90.747428894
71.7440033, 12.8000002, -90.8475723267
72.6554871, 12.8000002, -90.9612045288
73.5669708, 12.8000002, -91.0904083252
74.4784546, 12.8000002, -91.2375717163
75.3899384, 12.8000002, -91.4054031372
76.3014221, 12.8000002, -91.5969772339
77.2129059, 12.8000002, -91.8157958984
78.1243896, 12.8000002, -92.065788269
79.0358734, 12.8000002, -92.3513183594
79.9473572, 12.8000002, -92.6777267456
80.8588409, 12.8000002, -93.050239563
81.7703247, 12.8000002, -93.4746551514
82.6818085, 12.8000002, -93.9572677612
83.5932922, 12.8000002, -94.5046844482
84.504776, 12.8000002, -95.1244125366
85.4162598, 12.8000002, -95.8240890503
86.3277435, 12.8000002, -96.6138153076
87.2392273, 12.8000002, -97.5096893311
88.1507111, 12.8000002, -98.5265197754
89.0621948, 12.8000002, -99.6766586304
89.9736786, 12.8000002, -100.961746216
90.8851624, 12.8000002, -102.422149658
91.7966461, 12.8000002, -104.061408997
92.7081299, 12.8000002, -105.897109985
93.6196136, 12.8000002, -107.943664551
94.5310974, 12.8000002, -110.209350586
95.4425812, 12.8000002, -112.698005676
96.3540649, 12.8000002, -115.408935547
97.2655487, 12.8000002, -118.324760437
98.1770325, 12.8000002, -121.421394348
99.0885162, 12.8000002, -124.665328979
17.085247, 13.6000004, -82.8935699463
17.9864941, 13.6000004, -83.811706543
18.8877411, 13.6000004, -84.6696929932
19.78899, 13.6000004, -85.46824646
20.690237, 13.6000004, -86.2144546509
21.5914841, 13.6000004, -86.9125671387
22.4927311, 13.6000004, -87.5643081665
23.3939781, 13.6000004, -88.1705932617
24.2952251, 13.6000004, -88.7316741943
25.1964722, 13.6000004, -89.2476119995
26.0977211, 13.6000004, -89.7189102173
26.9989681, 13.6000004, -90.1469039917
27.9002151, 13.6000004, -90.5332489014
28.8014622, 13.6000004, -90.879989624
29.7027092, 13.6000004, -91.1899032593
30.6039562, 13.6000004, -91.466178894
31.5052052, 13.6000004, -91.7118377686
32.4064522, 13.6000004, -91.9297790527
33.3076973, 13.6000004, -92.1228103638
34.2089462, 13.6000004, -92.293548584
35.1101952, 13.6000004, -92.4444198608
36.0114403, 13.6000004, -92.5776596069
36.9126892, 13.6000004, -92.6952972412
37.8139343, 13.6000004, -92.7992019653
38.7151833, 13.6000004, -92.8910827637
39.6164284, 13.6000004, -92.9723968506
40.5176773, 13.6000004, -93.0443572998
41.4189262, 13.6000004, -93.1080703735
42.3201714, 13.6000004, -93.1645431519
43.2214203, 13.6000004, -93.2146911621
44.1226654, 13.6000004, -93.2592773438
45.0239143, 13.6000004, -93.2989425659
45.9251595, 13.6000004, -93.3341903687
46.8264084, 13.6000004, -93.3655700684
47.7276573, 13.6000004, -93.3938446045
48.6289024, 13.6000004, -93.419708252
49.5301514, 13.6000004, -93.4437408447
50.4313965, 13.6000004, -93.4663925171
51.3326454, 13.6000004, -93.487953186
52.2338943, 13.6000004, -93.5086212158
53.1351395, 13.6000004, -93.5286483765
54.0363884, 13.6000004, -93.548324585
54.9376335, 13.6000004, -93.5679397583
55.8388824, 13.6000004, -93.5877990723
56.7401276, 13.6000004, -93.608215332
57.6413765, 13.6000004, -93.6295089722
58.5426254, 13.6000004, -93.6520233154
59.4438705, 13.6000004, -93.6761016846
60.3451195, 13.6000004, -93.7021408081
61.2463646, 13.6000004, -93.7305526733
62.1476135, 13.6000004, -93.7617950439
63.0488586, 13.6000004, -93.7963562012
63.9501076, 13.6000004, -93.8348007202
64.8513565, 13.6000004, -93.8777389526
65.7526016, 13.6000004, -93.9258575439
66.6538467, 13.6000004, -93.9799346924
67.5550995, 13.6000004, -94.0408325195
68.4563446, 13.6000004, -94.1095123291
69.3575897, 13.6000004, -94.1870651245
70.2588425, 13.6000004, -94.2747116089
71.1600876, 13.6000004, -94.3738098145
72.0613327, 13.6000004, -94.4858474731
72.9625778, 13.6000004, -94.6128540039
73.8638306, 13.6000004, -94.7571029663
74.7650757, 13.6000004, -94.9211578369
75.6663208, 13.6000004, -95.1079406738
76.5675735, 13.6000004, -95.3207397461
77.4688187, 13.6000004, -95.5632324219
78.3700638, 13.6000004, -95.8393478394
79.2713089, 13.6000004, -96.1523971558
80.1725616, 13.6000004, -96.5072631836
81.0738068, 13.6000004, -96.9113235474
81.9750519, 13.6000004, -97.374168396
82.8763046, 13.6000004, -97.9004974365
83.7775497, 13.6000004, -98.4975204468
84.6787949, 13.6000004, -99.1734390259
85.58004, 13.6000004, -99.9343414307
86.4812927, 13.6000004, -100.788566589
87.3825378, 13.6000004, -101.771278381
88.283783, 13.6000004, -102.886154175
89.1850357, 13.6000004, -104.147117615
90.0862808, 13.6000004, -105.573951721
90.9875259, 13.6000004, -107.184402466
91.8887711, 13.6000004, -108.997077942
92.7900238, 13.6000004, -111.029800415
93.6912689, 13.6000004, -113.299827576
94.592514, 13.6000004, -115.823829651
95.4937668, 13.6000004, -118.606208801
96.3950119, 13.6000004, -121.649291992
97.296257, 13.6000004, -124.949951172
98.1975021, 13.6000004, -128.473480225
99.0987549, 13.6000004, -132.178085327
18.02701, 14.3999996, -86.166229248
18.9180222, 14.3999996, -87.1184844971
19.8090324, 14.3999996, -88.0049362183
20.7000427, 14.3999996, -88.8324584961
21.591053, 14.3999996, -89.6069717407
22.4820652, 14.3999996, -90.3316421509
23.3730755, 14.3999996, -91.0075302124
24.2640858, 14.3999996, -91.6338806152
25.1550961, 14.3999996, -92.2096939087
26.0461082, 14.3999996, -92.734916687
26.9371185, 14.3999996, -93.2108535767
27.8281288, 14.3999996, -93.6387176514
28.7191391, 14.3999996, -94.0205917358
29.6101513, 14.3999996, -94.3603591919
30.5011616, 14.3999996, -94.662727356
31.3921719, 14.3999996, -94.9312057495
32.2831841, 14.3999996, -95.1690750122
33.1741943, 14.3999996, -95.3794784546
34.0652046, 14.3999996, -95.5653991699
34.9562149, 14.3999996, -95.7295532227
35.8472252, 14.3999996, -95.8744354248
36.7382355, 14.3999996, -96.0022659302
37.6292458, 14.3999996, -96.1150360107
38.5202599, 14.3999996, -96.214515686
39.4112701, 14.3999996, -96.3023452759
40.3022804, 14.3999996, -96.3800430298
41.1932907, 14.3999996, -96.4488754272
42.084301, 14.3999996, -96.5098800659
42.9753113, 14.3999996, -96.5640487671
43.8663216, 14.3999996, -96.6121902466
44.7573318, 14.3999996, -96.6549072266
45.6483459, 14.3999996, -96.6923980713
46.5393562, 14.3999996, -96.7247695923
47.4303665, 14.3999996, -96.7533035278
48.3213768, 14.3999996, -96.7792358398
49.2123871, 14.3999996, -96.8034896851
50.1033974, 14.3999996, -96.8268356323
50.9944077, 14.3999996, -96.8495254517
51.8854179, 14.3999996, -96.871383667
52.7764282, 14.3999996, -96.8925323486
53.6674423, 14.3999996, -96.9132156372
54.5584526, 14.3999996, -96.9337158203
55.4494629, 14.3999996, -96.9543457031
56.3404732, 14.3999996, -96.9754104614
57.2314835, 14.3999996, -96.9972381592
58.1224937, 14.3999996, -97.0201644897
59.013504, 14.3999996, -97.0445404053
59.9045143, 14.3999996, -97.0707550049
60.7955284, 14.3999996, -97.0992126465
61.6865387, 14.3999996, -97.1303482056
62.577549, 14.3999996, -97.1646652222
63.4685593, 14.3999996, -97.2026901245
64.3595734, 14.3999996, -97.2450256348
65.2505798, 14.3999996, -97.2923278809
66.1415939, 14.3999996, -97.3453445435
67.0326004, 14.3999996, -97.4049072266
67.9236145, 14.3999996, -97.4719390869
68.814621, 14.3999996, -97.5475006104
69.7056351, 14.3999996, -97.6327438354
70.5966415, 14.3999996, -97.7290039062
71.4876556, 14.3999996, -97.8377456665
72.3786697, 14.3999996, -97.9607467651
73.2696762, 14.3999996, -98.1000900269
74.1606903, 14.3999996, -98.2581787109
75.0516968, 14.3999996, -98.4377288818
75.9427109, 14.3999996, -98.6417922974
76.8337173, 14.3999996, -98.8738098145
77.7247314, 14.3999996, -99.1375808716
78.6157455, 14.3999996, -99.4370040894
79.506752, 14.3999996, -99.7754821777
80.3977661, 14.3999996, -100.140441895
81.2887726, 14.3999996, -100.578552246
82.1797867, 14.3999996, -101.079521179
83.0707932, 14.3999996, -101.649147034
83.9618073, 14.3999996, -102.295211792
84.8528137, 14.3999996, -103.026771545
85.7438278, 14.3999996, -103.854873657
86.6348419, 14.3999996, -104.796318054
87.5258484, 14.3999996, -105.865570068
88.4168625, 14.3999996, -107.078231812
89.307869, 14.3999996, -108.451126099
90.1988831, 14.3999996, -110.003746033
91.0898895, 14.3999996, -111.756767273
91.9809036, 14.3999996, -113.731910706
92.8719177, 14.3999996, -115.954521179
93.7629242, 14.3999996, -118.441825867
94.6539383, 14.3999996, -121.215461731
95.5449448, 14.3999996, -124.303253174
96.4359589, 14.3999996, -127.703613281
97.3269653, 14.3999996, -131.413925171
98.2179794, 14.3999996, -135.404785156
99.1089859, 14.3999996, -139.626831055
18.9687748, 15.1999998, -89.4668655396
19.8495483, 15.1999998, -90.4339447021
20.7303219, 15.1999998, -91.3371582031
21.6110973, 15.1999998, -92.1851119995
22.4918709, 15.1999998, -92.9817352295
23.3726444, 15.1999998, -93.7280883789
24.2534199, 15.1999998, -94.420715332
25.1341934, 15.1999998, -95.0564346313
26.014967, 15.1999998, -95.6347122192
26.8957424, 15.1999998, -96.1551055908
27.776516, 15.1999998, -96.6196594238
28.6572895, 15.1999998, -97.0310440063
29.538065, 15.1999998, -97.3942489624
30.4188385, 15.1999998, -97.7182388306
31.299612, 15.1999998, -98.0060424805
32.1803856, 15.1999998, -98.2608413696
33.061161, 15.1999998, -98.486000061
33.9419365, 15.1999998, -98.6847610474
34.8227081, 15.1999998, -98.8601379395
35.7034836, 15.1999998, -99.0148468018
36.584259, 15.1999998, -99.1512985229
37.4650307, 15.1999998, -99.2716445923
38.3458061, 15.1999998, -99.3777770996
39.2265816, 15.1999998, -99.4713745117
40.1073532, 15.1999998, -99.5539474487
40.9881287, 15.1999998, -99.626914978
41.8689041, 15.1999998, -99.6915740967
42.7496758, 15.1999998, -99.7489852905
43.6304512, 15.1999998, -99.8000183105
44.5112267, 15.1999998, -99.8453292847
45.3919983, 15.1999998, -99.8848800659
46.2727737, 15.1999998, -99.9153137207
47.1535492, 15.1999998, -99.939994812
48.0343208, 15.1999998, -99.9619445801
48.9150963, 15.1999998, -99.9826049805
49.7958717, 15.1999998, -100.004226685
50.6766434, 15.1999998, -100.027442932
51.5574188, 15.1999998, -100.050216675
52.4381943, 15.1999998, -100.072303772
53.3189659, 15.1999998, -100.093864441
54.1997414, 15.1999998, -100.115135193
55.0805168, 15.1999998, -100.136428833
55.9612885, 15.1999998, -100.158035278
56.8420639, 15.1999998, -100.180290222
57.7228394, 15.1999998, -100.203514099
58.6036148, 15.1999998, -100.22807312
59.4843864, 15.1999998, -100.254333496
60.3651619, 15.1999998, -100.282699585
61.2459373, 15.1999998, -100.313591003
62.126709, 15.1999998, -100.347496033
63.0074844, 15.1999998, -100.384918213
63.8882599, 15.1999998, -100.426445007
64.7690353, 15.1999998, -100.472702026
65.6498032, 15.1999998, -100.524414062
66.5305786, 15.1999998, -100.582359314
67.4113541, 15.1999998, -100.647438049
68.2921295, 15.1999998, -100.72063446
69.172905, 15.1999998, -100.803092957
70.0536804, 15.1999998, -100.896057129
70.9344482, 15.1999998, -101.000961304
71.8152237, 15.1999998, -101.11945343
72.6959991, 15.1999998, -101.253448486
73.5767746, 15.1999998, -101.405143738
74.45755, 15.1999998, -101.577033997
75.3383255, 15.1999998, -101.771972656
76.2190933, 15.1999998, -101.993133545
77.0998688, 15.1999998, -102.244094849
77.9806442, 15.1999998, -102.528755188
78.8614197, 15.1999998, -102.851203918
79.7421951, 15.1999998, -103.214248657
80.6229706, 15.1999998, -103.628219604
81.5037384, 15.1999998, -104.101715088
82.3845139, 15.1999998, -104.641769409
83.2652893, 15.1999998, -105.254981995
84.1460648, 15.1999998, -105.950172424
85.0268402, 15.1999998, -106.737838745
85.9076157, 15.1999998, -107.630767822
86.7883835, 15.1999998, -108.643333435
87.6691589, 15.1999998, -109.791229248
88.5499344, 15.1999998, -111.091766357
89.4307098, 15.1999998, -112.564025879
90.3114853, 15.1999998, -114.229270935
91.1922607, 15.1999998, -116.113502502
92.0730286, 15.1999998, -118.237579346
92.953804, 15.1999998, -120.628242493
93.8345795, 15.1999998, -123.32951355
94.7153549, 15.1999998, -126.360374451
95.5961304, 15.1999998, -129.752716064
96.4769058, 15.1999998, -133.523666382
97.3576736, 15.1999998, -137.675506592
98.2384491, 15.1999998, -142.182006836
99.1192245, 15.1999998, -146.987487793
19.9105377, 16.0, -92.7559967041
20.7810745, 16.0, -93.7295150757
21.6516132, 16.0, -94.6492614746
22.52215, 16.0, -95.518737793
23.3926888, 16.0, -96.335144043
24.2632256, 16.0, -97.0919265747
25.1337643, 16.0, -97.7827835083
26.0043011, 16.0, -98.4105911255
26.8748379, 16.0, -98.9737701416
27.7453766, 16.0, -99.4730606079
28.6159134, 16.0, -99.9073181152
29.4864521, 16.0, -100.280990601
30.3569889, 16.0, -100.6223526
31.2275276, 16.0, -100.92678833
32.0980644, 16.0, -101.196327209
32.9686012, 16.0, -101.434333801
33.839138, 16.0, -101.644287109
34.7096786, 16.0, -101.829452515
35.5802155, 16.0, -101.992736816
36.4507523, 16.0, -102.136741638
37.3212891, 16.0, -102.263763428
38.1918297, 16.0, -102.375816345
39.0623665, 16.0, -102.474716187
39.9329033, 16.0, -102.562065125
40.8034401, 16.0, -102.639328003
41.6739769, 16.0, -102.707801819
42.5445175, 16.0, -102.768592834
43.4150543, 16.0, -102.822654724
44.2855911, 16.0, -102.870727539
45.1561279, 16.0, -102.91318512
46.0266685, 16.0, -102.949783325
46.8972054, 16.0, -102.981521606
47.7677422, 16.0, -103.009803772
48.638279, 16.0, -103.035835266
49.5088158, 16.0, -103.060714722
50.3793564, 16.0, -103.085105896
51.2498932, 16.0, -103.108863831
52.12043, 16.0, -103.131881714
52.9909668, 16.0, -103.154289246
53.8615036, 16.0, -103.176315308
54.7320442, 16.0, -103.198234558
55.602581, 16.0, -103.220359802
56.4731178, 16.0, -103.243011475
57.3436546, 16.0, -103.26651001
58.2141953, 16.0, -103.291213989
59.0847321, 16.0, -103.317489624
59.9552689, 16.0, -103.345718384
60.8258057, 16.0, -103.376327515
61.6963425, 16.0, -103.409767151
62.5668831, 16.0, -103.446540833
63.4374199, 16.0, -103.487205505
64.3079605, 16.0, -103.532363892
65.1784973, 16.0, -103.582695007
66.0490341, 16.0, -103.638954163
66.9195709, 16.0, -103.70198822
67.7901077, 16.0, -103.772750854
68.6606445, 16.0, -103.852302551
69.5311813, 16.0, -103.941841125
70.4017181, 16.0, -104.042732239
71.2722549, 16.0, -104.156517029
72.1427994, 16.0, -104.284973145
73.0133362, 16.0, -104.430114746
73.883873, 16.0, -104.594261169
74.7544098, 16.0, -104.780021667
75.6249466, 16.0, -104.990364075
76.4954834, 16.0, -105.228599548
77.3660202, 16.0, -105.498443604
78.236557, 16.0, -105.804023743
79.1070938, 16.0, -106.149841309
79.9776306, 16.0, -106.541923523
80.848175, 16.0, -106.987342834
81.7187119, 16.0, -107.493621826
82.5892487, 16.0, -108.068382263
83.4597855, 16.0, -108.720039368
84.3303223, 16.0, -109.458297729
85.2008591, 16.0, -110.294502258
86.0713959, 16.0, -111.241737366
86.9419327, 16.0, -112.314857483
87.8124695, 16.0, -113.530128479
88.6830139, 16.0, -114.905586243
89.5535507, 16.0, -116.465286255
90.4240875, 16.0, -118.227432251
91.2946243, 16.0, -120.2161026
92.1651611, 16.0, -122.478492737
93.0356979, 16.0, -125.036979675
93.9062347, 16.0, -127.934463501
94.7767715, 16.0, -131.20980835
95.6473083, 16.0, -134.902999878
96.5178528, 16.0, -139.050643921
97.3883896, 16.0, -143.670501709
98.2589264, 16.0, -148.754104614
99.1294632, 16.0, -154.237945557
20.8523006, 16.7999992, -96.0128555298
21.7126026, 16.7999992, -96.9977874756
22.5729027, 16.7999992, -97.937538147
23.4332047, 16.7999992, -98.8303909302
24.2935047, 16.7999992, -99.6580810547
25.1538067, 16.7999992, -100.394203186
26.0141068, 16.7999992, -101.069869995
26.8744087, 16.7999992, -101.673652649
27.7347088, 16.7999992, -102.206703186
28.5950108, 16.7999992, -102.673500061
29.4553127, 16.7999992, -103.081863403
30.3156128, 16.7999992, -103.444274902
31.1759148, 16.7999992, -103.765266418
32.0362167, 16.7999992, -104.04863739
32.8965149, 16.7999992, -104.298484802
33.7568169, 16.7999992, -104.518692017
34.6171188, 16.7999992, -104.712799072
35.4774208, 16.7999992, -104.88394165
36.337719, 16.7999992, -105.034881592
37.1980209, 16.7999992, -105.168045044
38.0583229, 16.7999992, -105.285575867
38.9186249, 16.7999992, -105.389373779
39.778923, 16.7999992, -105.481124878
40.639225, 16.7999992, -105.562332153
41.499527, 16.7999992, -105.634346008
42.3598289, 16.7999992, -105.698310852
43.2201309, 16.7999992, -105.755249023
44.0804291, 16.7999992, -105.805976868
44.940731, 16.7999992, -105.851158142
45.801033, 16.7999992, -105.89125061
46.661335, 16.7999992, -105.926925659
47.5216331, 16.7999992, -105.959030151
48.3819351, 16.7999992, -105.988380432
49.2422371, 16.7999992, -106.015731812
50.1025391, 16.7999992, -106.041633606
50.9628372, 16.7999992, -106.066398621
51.8231392, 16.7999992, -106.090194702
52.6834412, 16.7999992, -106.113243103
53.5437431, 16.7999992, -106.135803223
54.4040413, 16.7999992, -106.15814209
55.2643433, 16.7999992, -106.18056488
56.1246452, 16.7999992, -106.203392029
56.9849472, 16.7999992, -106.226951599
57.8452492, 16.7999992, -106.251571655
58.7055473, 16.7999992, -106.277610779
59.5658493, 16.7999992, -106.305458069
60.4261513, 16.7999992, -106.335502625
61.2864532, 16.7999992, -106.368186951
62.1467514, 16.7999992, -106.403991699
63.0070534, 16.7999992, -106.443435669
63.8673553, 16.7999992, -106.487098694
64.7276535, 16.7999992, -106.535629272
65.5879593, 16.7999992, -106.589729309
66.4482574, 16.7999992, -106.650192261
67.3085556, 16.7999992, -106.717926025
68.1688614, 16.7999992, -106.793914795
69.0291595, 16.7999992, -106.879295349
69.8894653, 16.7999992, -106.975326538
70.7497635, 16.7999992, -107.083442688
71.6100616, 16.7999992, -107.205291748
72.4703674, 16.7999992, -107.342727661
73.3306656, 16.7999992, -107.497871399
74.1909714, 16.7999992, -107.673110962
75.0512695, 16.7999992, -107.871162415
75.9115677, 16.7999992, -108.095069885
76.7718735, 16.7999992, -108.348251343
77.6321716, 16.7999992, -108.634544373
78.4924698, 16.7999992, -108.958297729
79.3527756, 16.7999992, -109.324684143
80.2130737, 16.7999992, -109.739707947
81.0733795, 16.7999992, -110.210166931
81.9336777, 16.7999992, -110.743377686
82.7939758, 16.7999992, -111.347351074
83.6542816, 16.7999992, -112.031173706
84.5145798, 16.7999992, -112.805282593
85.3748779, 16.7999992, -113.681365967
86.2351837, 16.7999992, -114.672813416
87.0954819, 16.7999992, -115.79511261
87.9557877, 16.7999992, -117.066398621
88.8160858, 16.7999992, -118.502250671
89.676384, 16.7999992, -120.121437073
90.5366898, 16.7999992, -121.968788147
91.3969879, 16.7999992, -124.061889648
92.2572937, 16.7999992, -126.440795898
93.1175919, 16.7999992, -129.143737793
93.97789, 16.7999992, -132.21585083
94.8381958, 16.7999992, -135.71005249
95.698494, 16.7999992, -139.685531616
96.5587921, 16.7999992, -144.202148438
97.4190979, 16.7999992, -149.317169189
98.2793961, 16.7999992, -155.046234131
99.1397018, 16.7999992, -161.330764771
21.7940636, 17.6000004, -99.2352828979
22.6441288, 17.6000004, -100.243530273
23.494194, 17.6000004, -101.225143433
24.3442574, 17.6000004, -102.137947083
25.1943226, 17.6000004, -102.958862305
26.0443878, 17.6000004, -103.690917969
26.8944511, 17.6000004, -104.336402893
27.7445164, 17.6000004, -104.901344299
28.5945797, 17.6000004, -105.394424438
29.4446449, 17.6000004, -105.825233459
30.2947102, 17.6000004, -106.20350647
31.1447735, 17.6000004, -106.536262512
31.9948387, 17.6000004, -106.829086304
32.844902, 17.6000004, -107.086845398
33.6949692, 17.6000004, -107.313858032
34.5450325, 17.6000004, -107.513908386
35.3950958, 17.6000004, -107.690292358
36.245163, 17.6000004, -107.845901489
37.0952263, 17.6000004, -107.98323822
37.9452896, 17.6000004, -108.104507446
38.7953529, 17.6000004, -108.211677551
39.6454201, 17.6000004, -108.306488037
40.4954834, 17.6000004, -108.390464783
41.3455467, 17.6000004, -108.464988708
42.1956139, 17.6000004, -108.531234741
43.0456772, 17.6000004, -108.590248108
43.8957405, 17.6000004, -108.642921448
44.7458076, 17.6000004, -108.6900177
45.595871, 17.6000004, -108.732192993
46.4459343, 17.6000004, -108.770095825
47.2960014, 17.6000004, -108.804382324
48.1460648, 17.6000004, -108.835700989
48.9961281, 17.6000004, -108.864639282
49.8461952, 17.6000004, -108.891700745
50.6962585, 17.6000004, -108.917266846
51.5463219, 17.6000004, -108.941650391
52.3963852, 17.6000004, -108.965133667
53.2464523, 17.6000004, -108.987998962
54.0965157, 17.6000004, -109.010543823
54.946579, 17.6000004, -109.033058167
55.7966461, 17.6000004, -109.055862427
56.6467094, 17.6000004, -109.07925415
57.4967728, 17.6000004, -109.10358429
58.3468399, 17.6000004, -109.129180908
59.1969032, 17.6000004, -109.156402588
60.0469666, 17.6000004, -109.185646057
60.8970337, 17.6000004, -109.217323303
61.747097, 17.6000004, -109.25188446
62.5971603, 17.6000004, -109.289825439
63.4472275, 17.6000004, -109.331687927
64.297287, 17.6000004, -109.378067017
65.1473541, 17.6000004, -109.429634094
65.9974213, 17.6000004, -109.487136841
66.8474808, 17.6000004, -109.551383972
67.6975479, 17.6000004, -109.623321533
68.5476151, 17.6000004, -109.703979492
69.3976746, 17.6000004, -109.794540405
70.2477417, 17.6000004, -109.896316528
71.0978088, 17.6000004, -110.010810852
71.9478683, 17.6000004, -110.139724731
72.7979355, 17.6000004, -110.284965515
73.6480026, 17.6000004, -110.448738098
74.4980621, 17.6000004, -110.633483887
75.3481293, 17.6000004, -110.842002869
76.1981964, 17.6000004, -111.077377319
77.0482559, 17.6000004, -111.343070984
77.8983231, 17.6000004, -111.642974854
78.7483902, 17.6000004, -111.98160553
79.5984497, 17.6000004, -112.364326477
80.4485168, 17.6000004, -112.797332764
81.298584, 17.6000004, -113.28742218
82.1486435, 17.6000004, -113.841911316
82.9987106, 17.6000004, -114.468742371
83.8487778, 17.6000004, -115.177391052
84.6988373, 17.6000004, -115.979484558
85.5489044, 17.6000004, -116.887634277
86.3989639, 17.6000004, -117.912063599
87.2490311, 17.6000004, -119.069389343
88.0990982, 17.6000004, -120.370887756
88.9491577, 17.6000004, -121.856773376
89.7992249, 17.6000004, -123.539497375
90.649292, 17.6000004, -125.452392578
91.4993515, 17.6000004, -127.626213074
92.3494186, 17.6000004, -130.097900391
93.1994858, 17.6000004, -132.912612915
94.0495453, 17.6000004, -136.124282837
94.8996124, 17.6000004, -139.799530029
95.7496796, 17.6000004, -144.017181396
96.5997391, 17.6000004, -148.879379272
97.4498062, 17.6000004, -154.489181519
98.2998734, 17.6000004, -160.927520752
99.1499329, 17.6000004, -168.166976929
22.7358284, 18.3999996, -102.497207642
23.575655, 18.3999996, -103.601593018
24.4154835, 18.3999996, -104.620094299
25.255312, 18.3999996, -105.519241333
26.0951405, 18.3999996, -106.300895691
26.934967, 18.3999996, -106.977394104
27.7747955, 18.3999996, -107.562820435
28.614624, 18.3999996, -108.070526123
29.4544525, 18.3999996, -108.512329102
30.2942791, 18.3999996, -108.898361206
31.1341076, 18.3999996, -109.236679077
31.9739361, 18.3999996, -109.533760071
32.8137627, 18.3999996, -109.794998169
33.6535912, 18.3999996, -110.025001526
34.4934196, 18.3999996, -110.227706909
35.3332481, 18.3999996, -110.40650177
36.1730766, 18.3999996, -110.564323425
37.0129051, 18.3999996, -110.703704834
37.8527298, 18.3999996, -110.826873779
38.6925583, 18.3999996, -110.935798645
39.5323868, 18.3999996, -111.032241821
40.3722153, 18.3999996, -111.117752075
41.2120438, 18.3999996, -111.193695068
42.0518723, 18.3999996, -111.261260986
42.8917007, 18.3999996, -111.321510315
43.7315254, 18.3999996, -111.375358582
44.5713539, 18.3999996, -111.423599243
45.4111824, 18.3999996, -111.466941833
46.2510109, 18.3999996, -111.50604248
47.0908394, 18.3999996, -111.541511536
47.9306679, 18.3999996, -111.573898315
48.7704964, 18.3999996, -111.603736877
49.610321, 18.3999996, -111.631492615
50.4501495, 18.3999996, -111.657554626
51.289978, 18.3999996, -111.682266235
52.1298065, 18.3999996, -111.705955505
52.969635, 18.3999996, -111.728927612
53.8094635, 18.3999996, -111.751464844
54.649292, 18.3999996, -111.773872375
55.4891167, 18.3999996, -111.796447754
56.3289452, 18.3999996, -111.819496155
57.1687737, 18.3999996, -111.843338013
58.0086021, 18.3999996, -111.868301392
58.8484306, 18.3999996, -111.894721985
59.6882591, 18.3999996, -111.922973633
60.5280876, 18.3999996, -111.953445435
61.3679123, 18.3999996, -111.986557007
62.2077408, 18.3999996, -112.022773743
63.0475693, 18.3999996, -112.062599182
63.8873978, 18.3999996, -112.106590271
64.7272263, 18.3999996, -112.15537262
65.5670547, 18.3999996, -112.209617615
66.4068832, 18.3999996, -112.270088196
67.2467117, 18.3999996, -112.337646484
68.0865402, 18.3999996, -112.413238525
68.9263687, 18.3999996, -112.497947693
69.7661972, 18.3999996, -112.592971802
70.6060181, 18.3999996, -112.699668884
71.4458466, 18.3999996, -112.819587708
72.285675, 18.3999996, -112.954444885
73.1255035, 18.3999996, -113.106216431
73.965332, 18.3999996, -113.277122498
74.8051605, 18.3999996, -113.469680786
75.644989, 18.3999996, -113.686721802
76.4848175, 18.3999996, -113.931335449
77.324646, 18.3999996, -114.206924438
78.1644745, 18.3999996, -114.517364502
79.004303, 18.3999996, -114.867210388
79.8441315, 18.3999996, -115.262016296
80.68396, 18.3999996, -115.708229065
81.5237885, 18.3999996, -116.213317871
82.3636093, 18.3999996, -116.783561707
83.2034378, 18.3999996, -117.426322937
84.0432663, 18.3999996, -118.15083313
84.8830948, 18.3999996, -118.970489502
85.7229233, 18.3999996, -119.893836975
86.5627518, 18.3999996, -120.934333801
87.4025803, 18.3999996, -122.117523193
88.2424088, 18.3999996, -123.457244873
89.0822372, 18.3999996, -124.977996826
89.9220657, 18.3999996, -126.703567505
90.7618942, 18.3999996, -128.661895752
91.6017227, 18.3999996, -130.886947632
92.4415512, 18.3999996, -133.419006348
93.2813797, 18.3999996, -136.306884766
94.1212006, 18.3999996, -139.612182617
94.9610291, 18.3999996, -143.411804199
95.8008575, 18.3999996, -147.815551758
96.640686, 18.3999996, -152.950637817
97.4805145, 18.3999996, -158.99458313
98.320343, 18.3999996, -166.159835815
99.1601715, 18.3999996, -174.577148438
23.6775913, 19.2000008, -105.997901917
24.5071831, 19.2000008, -107.1381073
25.3367748, 19.2000008, -108.100868225
26.1663647, 19.2000008, -108.911880493
26.9959564, 19.2000008, -109.600784302
27.8255482, 19.2000008, -110.19090271
28.6551399, 19.2000008, -110.699966431
29.4847317, 19.2000008, -111.141670227
30.3143234, 19.2000008, -111.526809692
31.1439133, 19.2000008, -111.863868713
31.973505, 19.2000008, -112.159660339
32.8030968, 19.2000008, -112.419769287
33.6326866, 19.2000008, -112.648849487
34.4622803, 19.2000008, -112.850868225
35.2918701, 19.2000008, -113.029205322
36.1214638, 19.2000008, -113.186759949
36.9510536, 19.2000008, -113.326057434
37.7806435, 19.2000008, -113.449287415
38.6102371, 19.2000008, -113.558403015
39.439827, 19.2000008, -113.65512085
40.2694206, 19.2000008, -113.740966797
41.0990105, 19.2000008, -113.81729126
41.9286003, 19.2000008, -113.885261536
42.758194, 19.2000008, -113.945930481
43.5877838, 19.2000008, -114.000205994
44.4173775, 19.2000008, -114.048904419
45.2469673, 19.2000008, -114.092727661
46.076561, 19.2000008, -114.132316589
46.9061508, 19.2000008, -114.168266296
47.7357407, 19.2000008, -114.20110321
48.5653343, 19.2000008, -114.231323242
49.3949242, 19.2000008, -114.259346008
50.2245178, 19.2000008, -114.285583496
51.0541077, 19.2000008, -114.310379028
51.8836975, 19.2000008, -114.33405304
52.7132912, 19.2000008, -114.356925964
53.542881, 19.2000008, -114.379272461
54.3724747, 19.2000008, -114.401405334
55.2020645, 19.2000008, -114.423599243
56.0316544, 19.2000008, -114.446151733
56.861248, 19.2000008, -114.469367981
57.6908379, 19.2000008, -114.493553162
58.5204315, 19.2000008, -114.519035339
59.3500214, 19.2000008, -114.546157837
60.1796112, 19.2000008, -114.575294495
61.0092049, 19.2000008, -114.606826782
61.8387947, 19.2000008, -114.641189575
62.6683884, 19.2000008, -114.678855896
63.4979782, 19.2000008, -114.720329285
64.3275681, 19.2000008, -114.766181946
65.1571579, 19.2000008, -114.81703949
65.9867554, 19.2000008, -114.873603821
66.8163452, 19.2000008, -114.936645508
67.6459351, 19.2000008, -115.007041931
68.4755249, 19.2000008, -115.085762024
69.3051147, 19.2000008, -115.173904419
70.1347122, 19.2000008, -115.272689819
70.9643021, 19.2000008, -115.383506775
71.7938919, 19.2000008, -115.507904053
72.6234818, 19.2000008, -115.647636414
73.4530716, 19.2000008, -115.804672241
74.2826691, 19.2000008, -115.98122406
75.1122589, 19.2000008, -116.17993927
75.9418488, 19.2000008, -116.4037323
76.7714386, 19.2000008, -116.655448914
77.6010361, 19.2000008, -116.938407898
78.4306259, 19.2000008, -117.255935669
79.2602158, 19.2000008, -117.612487793
80.0898056, 19.2000008, -118.014221191
80.9193954, 19.2000008, -118.469032288
81.7489929, 19.2000008, -118.981338501
82.5785828, 19.2000008, -119.557449341
83.4081726, 19.2000008, -120.195861816
84.2377625, 19.2000008, -120.930610657
85.0673523, 19.2000008, -121.760597229
85.8969498, 19.2000008, -122.696617126
86.7265396, 19.2000008, -123.757141113
87.5561295, 19.2000008, -124.957672119
88.3857193, 19.2000008, -126.316940308
89.2153091, 19.2000008, -127.856086731
90.0449066, 19.2000008, -129.599884033
90.8744965, 19.2000008, -131.577209473
91.7040863, 19.2000008, -133.822738647
92.5336761, 19.2000008, -136.378189087
93.363266, 19.2000008, -139.295089722
94.1928635, 19.2000008, -142.6355896
95.0224533, 19.2000008, -146.496368408
95.8520432, 19.2000008, -150.988082886
96.681633, 19.2000008, -156.276031494
97.5112228, 19.2000008, -162.585601807
98.3408203, 19.2000008, -170.279846191
99.1704102, 19.2000008, -180.140228271
