100, 0, -3.92509
0, 0, 4.1763
-20, 0, -1.26117e-44
-20, -20, 200
100, -20, 202.2643
100, 20, -198.4216
23.8, 20, -166.8637
98.9247, 0, -3.91272
97.8495, 0, -3.79657
96.7742, 0, -3.70836
95.6989, 0, -3.61417
94.6237, 0, -3.47737
93.5484, 0, -3.313
92.4731, 0, -3.194
91.3979, 0, -3.3615
90.3226, 0, -3.85288
89.2473, 0, -3.48984
88.172, 0, -2.69942
87.0968, 0, -2.23711
86.0215, 0, -1.98847
84.9462, 0, -1.76087
83.871, 0, -1.5164
82.7957, 0, -1.2988
81.7204, 0, -1.39995
80.6452, 0, -2.03277
79.5699, 0, -2.02535
78.4946, 0, -1.09203
77.4194, 0, -0.778284
76.3441, 0, -0.876846
75.2688, 0, -1.0049
74.1936, 0, -1.05201
73.1183, 0, -0.982494
72.043, 0, -0.82528
70.9677, 0, -0.474362
69.8925, 0, -0.0384263
68.8172, 0, -0.788247
67.7419, 0, -1.42492
66.6667, 0, -1.91503
65.5914, 0, -2.26455
64.5161, 0, -2.4933
63.4409, 0, -2.64077
62.3656, 0, -2.7467
61.2903, 0, -2.8276
60.2151, 0, -2.90194
59.1398, 0, -3.02155
58.0645, 0, -3.05348
56.9892, 0, -2.96501
55.914, 0, -2.82905
54.8387, 0, -2.67278
53.7634, 0, -2.51967
52.6882, 0, -2.40072
51.6129, 0, -2.38483
50.5376, 0, -2.5805
49.4624, 0, -2.50759
48.3871, 0, -2.09712
47.3118, 0, -1.86612
46.2366, 0, -1.75129
45.1613, 0, -1.67915
44.086, 0, -1.61809
43.0108, 0, -1.55823
41.9355, 0, -1.54695
40.8602, 0, -1.64443
39.7849, 0, -1.60772
38.7097, 0, -1.20239
37.6344, 0, -0.933039
36.5591, 0, -0.780443
35.4839, 0, -0.631465
34.4086, 0, -0.451367
33.3333, 0, -0.227442
32.2581, 0, 0.0609462
31.1828, 0, 0.496442
30.1075, 0, 1.06798
29.0323, 0, 1.05567
27.957, 0, 1.01005
26.8817, 0, 1.16305
25.8065, 0, 1.40144
24.7312, 0, 1.68173
23.6559, 0, 1.98017
22.5806, 0, 2.27943
21.5054, 0, 2.57889
20.4301, 0, 3.07548
19.3548, 0, 2.96862
18.2796, 0, 2.66919
17.2043, 0, 2.51951
16.129, 0, 2.3667
15.0538, 0, 2.20796
13.9785, 0, 2.04851
12.9032, 0, 1.89445
11.828, 0, 1.74316
10.7527, 0, 1.56615
9.6774, 0, 2.1868
8.6022, 0, 1.3938
7.5269, 0, 1.2307
6.4516, 0, 1.2248
5.3763, 0, 1.8555
4.3011, 0, -0.15898
3.2258, 0, 1.4967
2.1505, 0, -0.013049
1.0753, 0, 0.99756
-1.0526, 0, 4.858
-2.1053, 0, 4.705
-3.1579, 0, 4.3277
-4.2105, 0, 3.8038
-5.2632, 0, 3.1989
-6.3158, 0, 2.5512
-7.3684, 0, 1.8707
-8.4211, 0, 1.157
-9.4737, 0, 0.40117
-10.5263, 0, 0.0617576
-11.5789, 0, 0.146592
-12.6316, 0, 0.194731
-13.6842, 0, 0.216195
-14.7368, 0, 0.216796
-15.7895, 0, 0.200258
-16.8421, 0, 0.16908
-17.8947, 0, 0.124921
-18.9474, 0, 0.0687838
-20, -1, 9.5
-20, -2, 19
-20, -3, 28.5
-20, -4, 38
-20, -5, 47.5
-20, -6, 57
-20, -7, 66.5
-20, -8, 76
-20, -9, 85.5
-20, -10, 100
-20, -11, 114.5
-20, -12, 124
-20, -13, 133.5
-20, -14, 143
-20, -15, 152.5
-20, -16, 162
-20, -17, 171.5
-20, -18, 181
-20, -19, 190.5
-18.92857, -20, 200.0209
-17.85714, -20, 200.0419
-16.78572, -20, 200.0628
-15.71429, -20, 200.0838
-14.64286, -20, 200.1047
-13.57143, -20, 200.1256
-12.5, -20, 200.1466
-11.42857, -20, 200.1675
-10.35714, -20, 200.1884
-9.285714, -20, 200.2106
-8.214286, -20, 200.2333
-7.142857, -20, 200.256
-6.071429, -20, 200.2787
-5, -20, 200.3014
-3.928571, -20, 200.3242
-2.857143, -20, 200.3469
-1.785714, -20, 200.3696
-0.7142857, -20, 200.3923
0.3571429, -20, 200.4704
1.428571, -20, 200.5059
2.5, -20, 200.2938
3.571429, -20, 200.296
4.642857, -20, 200.6008
5.714286, -20, 200.7061
6.785714, -20, 200.6793
7.857143, -20, 200.6524
8.928572, -20, 200.6256
10, -20, 200.5988
11.07143, -20, 200.6014
12.14286, -20, 200.6041
13.21429, -20, 200.6067
14.28571, -20, 200.6093
15.35714, -20, 200.6119
16.42857, -20, 200.6146
17.5, -20, 200.6172
18.57143, -20, 200.6198
19.64286, -20, 200.6225
20.71428, -20, 200.6813
21.78572, -20, 200.7682
22.85714, -20, 200.8551
23.92857, -20, 200.942
25, -20, 201.0289
26.07143, -20, 201.1158
27.14286, -20, 201.2027
28.21428, -20, 201.2896
29.28572, -20, 201.3765
30.35714, -20, 201.4429
31.42857, -20, 201.4683
32.5, -20, 201.4938
33.57143, -20, 201.5192
34.64286, -20, 201.5447
35.71429, -20, 201.5701
36.78571, -20, 201.5956
37.85714, -20, 201.621
38.92857, -20, 201.6465
40, -20, 201.672
41.07143, -20, 201.6938
42.14286, -20, 201.7157
43.21429, -20, 201.7375
44.28571, -20, 201.7594
45.35714, -20, 201.7812
46.42857, -20, 201.8031
47.5, -20, 201.8249
48.57143, -20, 201.8468
49.64286, -20, 201.8686
50.71429, -20, 201.8802
51.78571, -20, 201.8867
52.85714, -20, 201.8932
53.92857, -20, 201.8997
55, -20, 201.9062
56.07143, -20, 201.9127
57.14286, -20, 201.9192
58.21429, -20, 201.9257
59.28571, -20, 201.9322
60.35714, -20, 201.9381
61.42857, -20, 201.9429
62.5, -20, 201.9477
63.57143, -20, 201.9525
64.64286, -20, 201.9573
65.71429, -20, 201.962
66.78571, -20, 201.9668
67.85714, -20, 201.9716
68.92857, -20, 201.9764
70, -20, 201.9812
71.07143, -20, 202.0303
72.14286, -20, 202.0793
73.21429, -20, 202.1284
74.28571, -20, 202.1775
75.35714, -20, 202.2265
76.42857, -20, 202.2756
77.5, -20, 202.3247
78.57143, -20, 202.3737
79.64286, -20, 202.4228
80.71429, -20, 202.4231
81.78571, -20, 202.399
82.85714, -20, 202.3749
83.92857, -20, 202.3509
85, -20, 202.3268
86.07143, -20, 202.3027
87.14286, -20, 202.2786
88.21429, -20, 202.2546
89.28571, -20, 202.2305
90.35714, -20, 202.2162
91.42857, -20, 202.2216
92.5, -20, 202.2269
93.57143, -20, 202.2323
94.64286, -20, 202.2376
95.71429, -20, 202.243
96.78571, -20, 202.2483
97.85714, -20, 202.2536
98.92857, -20, 202.259
100, -19, 193.0533
100, -18, 183.8422
100, -17, 173.5271
100, -16, 163.0822
100, -15, 153.818
100, -14, 144.8687
100, -13, 136.2947
100, -12, 127.894
100, -11, 114.6684
100, -10, 97.9338
100, -9, 84.0394
100, -8, 73.3009
100, -7, 63.8864
100, -6, 56.7413
100, -5, 49.0914
100, -4, 40.0283
100, -3, 30.7789
100, -2, 20.536
100, -1, 10.0944
100, 0.8, -15.1407
100, 1.6, -24.451
100, 2.4, -32.882
100, 3.2, -41.3982
100, 4, -51.4468
100, 4.8, -61.4954
100, 5.6, -68.0408
100, 6.4, -69.7692
100, 7.2, -71.4976
100, 8, -81.4806
100, 8.8, -93.6648
100, 9.6, -104.118
100, 10.4, -105.3387
100, 11.2, -106.5594
100, 12, -113.7286
100, 12.8, -126.2516
100, 13.6, -138.7746
100, 14.4, -142.2885
100, 15.2, -144.7427
100, 16, -150.1771
100, 16.8, -163.9566
100, 17.6, -177.7361
100, 18.4, -186.5588
100, 19.2, -192.4902
99.18065, 20, -198.5619
98.36129, 20, -198.7023
97.54194, 20, -198.8427
96.72258, 20, -198.983
95.90323, 20, -199.1234
95.08387, 20, -199.2637
94.26452, 20, -199.4041
93.44516, 20, -199.5444
92.62581, 20, -199.6848
91.80645, 20, -199.8251
90.9871, 20, -199.9655
90.16774, 20, -200.1058
89.34839, 20, -198.6876
88.52903, 20, -196.8682
87.70968, 20, -195.0488
86.89032, 20, -193.2293
86.07097, 20, -191.4099
85.25161, 20, -189.5905
84.43226, 20, -187.771
83.6129, 20, -185.9516
82.79355, 20, -184.1322
81.97419, 20, -182.3127
81.15484, 20, -180.4933
80.33549, 20, -178.6739
79.51613, 20, -177.5997
78.69678, 20, -177.0423
77.87742, 20, -176.4848
77.05807, 20, -175.9274
76.23871, 20, -175.3699
75.41936, 20, -174.8125
74.6, 20, -174.255
73.78065, 20, -173.6976
72.96129, 20, -173.1401
72.14194, 20, -172.5827
71.32258, 20, -172.0252
70.50323, 20, -171.4678
69.68387, 20, -171.3995
68.86452, 20, -172.1099
68.04516, 20, -172.8202
67.22581, 20, -173.5306
66.40645, 20, -174.241
65.5871, 20, -174.9514
64.76774, 20, -175.6617
63.94839, 20, -176.3721
63.12903, 20, -177.0825
62.30968, 20, -177.7929
61.49032, 20, -178.5032
60.67097, 20, -179.2136
59.85161, 20, -179.7577
59.03226, 20, -179.5501
58.2129, 20, -179.3425
57.39355, 20, -179.1349
56.57419, 20, -178.9273
55.75484, 20, -178.7197
54.93548, 20, -178.5121
54.11613, 20, -178.3045
53.29678, 20, -178.0969
52.47742, 20, -177.8893
51.65807, 20, -177.6817
50.83871, 20, -177.4741
50.01936, 20, -177.2665
49.2, 20, -176.7761
48.38065, 20, -176.279
47.56129, 20, -175.7818
46.74194, 20, -175.2846
45.92258, 20, -174.7875
45.10323, 20, -174.2903
44.28387, 20, -173.7931
43.46452, 20, -173.296
42.64516, 20, -172.7988
41.82581, 20, -172.3016
41.00645, 20, -171.8045
40.1871, 20, -171.3073
39.36774, 20, -171.5962
38.54839, 20, -172.1177
37.72903, 20, -172.6393
36.90968, 20, -173.1608
36.09032, 20, -173.6823
35.27097, 20, -174.2038
34.45161, 20, -174.7253
33.63226, 20, -175.2469
32.8129, 20, -175.7684
31.99355, 20, -176.2899
31.17419, 20, -176.8114
30.35484, 20, -177.3329
29.53548, 20, -177.0006
28.71613, 20, -175.92
27.89677, 20, -174.7169
27.07742, 20, -173.3913
26.25806, 20, -171.9432
25.43871, 20, -170.3725
24.61935, 20, -168.6794
22.848, 19.2, -159.5105
21.896, 18.4, -152.7769
20.944, 17.6, -146.7696
19.992, 16.8, -142.232
19.04, 16, -134.4539
18.088, 15.2, -126.9192
17.136, 14.4, -119.8616
16.184, 13.6, -113.0333
15.232, 12.8, -106.3442
14.28, 12, -99.7739
13.328, 11.2, -93.2916
12.376, 10.4, -86.9106
11.424, 9.6, -80.7375
10.472, 8.8, -75.9442
9.52, 8, -70.65
8.568, 7.2, -62.3075
7.616, 6.4, -54.5951
6.664, 5.6, -47.2005
5.712, 4.8, -40.4132
4.76, 4, -34.9478
3.808, 3.2, -27.6794
2.856, 2.4, -19.4046
1.904, 1.6, -11.6863
0.952, 0.8, -3.8978
98.9249, -1, 8.08087
97.8498, -1, 7.66831
96.7748, -1, 7.49772
95.6997, -1, 7.45343
94.6246, -1, 7.49717
93.5495, -1, 7.61197
92.4745, -1, 7.77652
91.3994, -1, 7.84129
90.3243, -1, 6.33062
89.2492, -1, 7.33603
88.1742, -1, 8.04037
87.0991, -1, 8.18221
86.024, -1, 8.35014
84.9489, -1, 8.52968
83.8738, -1, 8.66454
82.7988, -1, 8.6882
81.7237, -1, 8.55489
80.6486, -1, 8.91283
79.5735, -1, 9.39552
78.4985, -1, 8.74504
77.4234, -1, 8.92995
76.3483, -1, 8.96979
75.2732, -1, 8.90204
74.1982, -1, 8.81743
73.1231, -1, 8.81308
72.048, -1, 9.0105
70.9729, -1, 9.50128
69.8979, -1, 10.1138
68.8228, -1, 9.22338
67.7477, -1, 8.56052
66.6726, -1, 8.07913
65.5975, -1, 7.76975
64.5225, -1, 7.59246
63.4474, -1, 7.52402
62.3723, -1, 7.53951
61.2972, -1, 7.46725
60.2222, -1, 5.69322
59.1471, -1, 6.82223
58.072, -1, 7.14435
56.9969, -1, 7.08872
55.9219, -1, 7.09799
54.8468, -1, 7.15108
53.7717, -1, 7.19781
52.6966, -1, 7.17279
51.6215, -1, 6.96365
50.5465, -1, 6.21377
49.4714, -1, 6.3144
48.3963, -1, 7.14182
47.3212, -1, 7.50517
46.2462, -1, 7.71305
45.1711, -1, 7.84002
44.096, -1, 7.92347
43.0209, -1, 7.99014
41.9459, -1, 8.07487
40.8708, -1, 8.32881
39.7957, -1, 9.00297
38.7206, -1, 8.60021
37.6455, -1, 8.70544
36.5705, -1, 8.85209
35.4954, -1, 9.00958
34.4203, -1, 9.18144
33.3452, -1, 9.37707
32.2702, -1, 9.60795
31.1951, -1, 9.85404
30.12, -1, 9.68385
29.0449, -1, 10.3068
27.9699, -1, 10.5828
26.8948, -1, 10.8259
25.8197, -1, 11.1095
24.7446, -1, 11.4192
23.6695, -1, 11.7435
22.5945, -1, 12.0808
21.5194, -1, 12.4522
20.4443, -1, 12.8242
19.3692, -1, 12.805
18.2942, -1, 12.526
17.2191, -1, 12.2844
16.144, -1, 12.0812
15.0689, -1, 11.8822
13.9939, -1, 11.6762
12.9188, -1, 11.4592
11.8437, -1, 11.234
10.7686, -1, 10.7791
9.6935, -1, 9.2945
8.61847, -1, 10.4153
7.54339, -1, 10.5823
6.46832, -1, 10.5539
5.39324, -1, 10.1988
4.3182, -1, 9.6873
3.24309, -1, 10.2488
2.16801, -1, 10.6415
1.0929, -1, 8.8719
0.0178571, -1, 13.1562
-1.03571, -1, 13.018
-2.08929, -1, 12.9156
-3.14286, -1, 12.6471
-4.19643, -1, 12.2831
-5.25, -1, 11.8514
-6.30357, -1, 11.3657
-7.35714, -1, 10.838
-8.41071, -1, 10.279
-9.4643, -1, 9.7282
-10.5179, -1, 9.51777
-11.5714, -1, 9.51655
-12.625, -1, 9.51463
-13.6786, -1, 9.51254
-14.7321, -1, 9.51045
-15.7857, -1, 9.50836
-16.8393, -1, 9.50627
-17.8929, -1, 9.50417
-18.9464, -1, 9.50204
98.9251, -2, 19.5741
97.8502, -2, 18.7506
96.7753, -2, 18.3585
95.7005, -2, 18.1777
94.6256, -2, 18.1432
93.5507, -2, 18.2158
92.4758, -2, 18.3804
91.4009, -2, 18.6554
90.326, -2, 18.7203
89.2512, -2, 18.8122
88.1763, -2, 18.5695
87.1014, -2, 18.5009
86.0265, -2, 18.5675
84.9516, -2, 18.6878
83.8767, -2, 18.8201
82.8018, -2, 18.9443
81.727, -2, 19.1262
80.6521, -2, 19.5037
79.5772, -2, 19.6558
78.5023, -2, 19.187
77.4274, -2, 18.9212
76.3525, -2, 18.7498
75.2776, -2, 18.5778
74.2028, -2, 18.4252
73.1279, -2, 18.3423
72.053, -2, 18.4402
70.9781, -2, 18.872
69.9032, -2, 19.223
68.8283, -2, 18.4821
67.7535, -2, 17.9156
66.6786, -2, 17.5968
65.6037, -2, 17.4164
64.5288, -2, 17.3198
63.4539, -2, 17.2897
62.379, -2, 17.3034
61.3041, -2, 17.2233
60.2293, -2, 16.7881
59.1544, -2, 16.8814
58.0795, -2, 16.9558
57.0046, -2, 16.945
55.9297, -2, 16.9294
54.8548, -2, 16.9294
53.78, -2, 16.9131
52.7051, -2, 16.8233
51.6302, -2, 16.5325
50.5553, -2, 15.8596
49.4804, -2, 15.919
48.4055, -2, 16.6973
47.3306, -2, 17.0685
46.2558, -2, 17.2695
45.1809, -2, 17.3993
44.106, -2, 17.4979
43.0311, -2, 17.598
41.9562, -2, 17.777
40.8813, -2, 18.21
39.8064, -2, 18.6688
38.7316, -2, 18.3824
37.6567, -2, 18.318
36.5818, -2, 18.419
35.5069, -2, 18.5633
34.432, -2, 18.721
33.3571, -2, 18.884
32.2823, -2, 19.0316
31.2074, -2, 19.0553
30.1325, -2, 18.9248
29.0576, -2, 19.4369
27.9827, -2, 20.0036
26.9078, -2, 20.406
25.8329, -2, 20.765
24.7581, -2, 21.1234
23.6832, -2, 21.4884
22.6083, -2, 21.8617
21.5334, -2, 22.2321
20.4585, -2, 22.507
19.3836, -2, 22.53
18.3088, -2, 22.3391
17.2339, -2, 22.0903
16.159, -2, 21.8567
15.0841, -2, 21.627
14.0092, -2, 21.3765
12.9343, -2, 21.0858
11.8594, -2, 20.7116
10.7846, -2, 20.1271
9.70968, -2, 19.3456
8.63479, -2, 19.8708
7.55991, -2, 20.1143
6.48502, -2, 20.1153
5.41014, -2, 19.7094
4.33525, -2, 21.9979
3.26037, -2, 19.1196
2.18548, -2, 22.1068
1.1106, -2, 18.663
0.0357143, -2, 21.883
-1.0188, -2, 21.6213
-2.07331, -2, 21.4208
-3.12782, -2, 21.2387
-4.18233, -2, 20.9841
-5.23684, -2, 20.6667
-6.29135, -2, 20.3035
-7.34586, -2, 19.9134
-8.40038, -2, 19.5268
-9.45489, -2, 19.1996
-10.5094, -2, 19.0383
-11.5639, -2, 19.0338
-12.6184, -2, 19.0295
-13.6729, -2, 19.0253
-14.7274, -2, 19.021
-15.782, -2, 19.0168
-16.8365, -2, 19.0126
-17.891, -2, 19.0084
-18.9455, -2, 19.0042
98.9253, -3, 30.0794
97.8506, -3, 29.2562
96.7759, -3, 28.7434
95.7012, -3, 28.503
94.6265, -3, 28.4395
93.5518, -3, 28.4944
92.4771, -3, 28.6475
91.4025, -3, 29.0117
90.3278, -3, 31.112
89.2531, -3, 29.7841
88.1784, -3, 28.8646
87.1037, -3, 28.7594
86.029, -3, 28.7894
84.9543, -3, 28.8923
83.8796, -3, 29.0708
82.8049, -3, 29.3462
81.7302, -3, 29.7234
80.6555, -3, 29.7256
79.5808, -3, 29.3877
78.5061, -3, 29.547
77.4314, -3, 29.0437
76.3568, -3, 28.6213
75.2821, -3, 28.2922
74.2074, -3, 28.0239
73.1327, -3, 27.7897
72.058, -3, 27.5812
70.9833, -3, 27.5383
69.9086, -3, 28.083
68.8339, -3, 27.1466
67.7592, -3, 26.9104
66.6845, -3, 26.8525
65.6098, -3, 26.825
64.5351, -3, 26.8017
63.4604, -3, 26.7758
62.3858, -3, 26.7579
61.3111, -3, 26.8633
60.2364, -3, 28.2765
59.1617, -3, 27.0774
58.087, -3, 26.6508
57.0123, -3, 26.6362
55.9376, -3, 26.6483
54.8629, -3, 26.645
53.7882, -3, 26.6127
52.7135, -3, 26.5384
51.6388, -3, 26.4037
50.5641, -3, 26.3068
49.4894, -3, 26.3221
48.4147, -3, 26.5583
47.3401, -3, 26.7913
46.2654, -3, 26.9453
45.1907, -3, 27.0608
44.116, -3, 27.1671
43.0413, -3, 27.2912
41.9666, -3, 27.4678
40.8919, -3, 27.7412
39.8172, -3, 27.969
38.7425, -3, 27.9163
37.6678, -3, 27.9105
36.5931, -3, 27.9902
35.5184, -3, 28.1093
34.4437, -3, 28.2376
33.369, -3, 28.3491
32.2944, -3, 28.4138
31.2197, -3, 28.3981
30.145, -3, 28.3156
29.0703, -3, 28.8187
27.9956, -3, 29.3936
26.9209, -3, 29.9121
25.8462, -3, 30.3697
24.7715, -3, 30.7923
23.6968, -3, 31.1947
22.6221, -3, 31.5826
21.5474, -3, 31.9529
20.4727, -3, 32.3422
19.398, -3, 32.3655
18.3233, -3, 32.1155
17.2487, -3, 31.9227
16.174, -3, 31.7202
15.0993, -3, 31.4933
14.0246, -3, 31.2175
12.9499, -3, 30.8563
11.8752, -3, 30.3555
10.8005, -3, 29.8026
9.72581, -3, 30.5821
8.65111, -3, 29.9224
7.57642, -3, 29.9592
6.50173, -3, 30.2155
5.42704, -3, 30.6957
4.35234, -3, 30.7415
3.27765, -3, 30.8643
2.20296, -3, 31.6574
1.12826, -3, 28.8199
0.0535714, -3, 30.5999
-1.00188, -3, 30.4193
-2.05733, -3, 30.245
-3.11278, -3, 30.0942
-4.16823, -3, 29.91
-5.22368, -3, 29.6808
-6.27914, -3, 29.4199
-7.33459, -3, 29.1476
-8.39004, -3, 28.8978
-9.44549, -3, 28.6781
-10.5009, -3, 28.56
-11.5564, -3, 28.5511
-12.6118, -3, 28.5443
-13.6673, -3, 28.5376
-14.7227, -3, 28.5312
-15.7782, -3, 28.525
-16.8336, -3, 28.5189
-17.8891, -3, 28.5127
-18.9445, -3, 28.5064
98.9255, -4, 39.5359
97.851, -4, 38.965
96.7765, -4, 38.5973
95.702, -4, 38.4351
94.6275, -4, 38.4058
93.553, -4, 38.4724
92.4785, -4, 38.6425
91.404, -4, 39.0527
90.3295, -4, 40.3019
89.255, -4, 39.6277
88.1805, -4, 38.9969
87.106, -4, 38.8702
86.0315, -4, 38.8995
84.957, -4, 39.0054
83.8825, -4, 39.1904
82.808, -4, 39.4708
81.7335, -4, 39.82
80.659, -4, 40.1295
79.5845, -4, 39.8775
78.51, -4, 39.4035
77.4355, -4, 38.8628
76.361, -4, 38.3643
75.2865, -4, 37.941
74.212, -4, 37.5527
73.1375, -4, 37.1455
72.063, -4, 36.6494
70.9885, -4, 35.9066
69.914, -4, 35.4495
68.8395, -4, 35.6578
67.765, -4, 35.9629
66.6905, -4, 36.1045
65.616, -4, 36.197
64.5415, -4, 36.2449
63.467, -4, 36.2622
62.3925, -4, 36.3086
61.318, -4, 36.579
60.2435, -4, 37.4591
59.169, -4, 36.9624
58.0945, -4, 36.5186
57.02, -4, 36.4111
55.9455, -4, 36.4138
54.871, -4, 36.4156
53.7965, -4, 36.4028
52.722, -4, 36.3983
51.6475, -4, 36.5055
50.573, -4, 36.7804
49.4985, -4, 36.7864
48.424, -4, 36.6097
47.3495, -4, 36.6129
46.275, -4, 36.7069
45.2005, -4, 36.8045
44.126, -4, 36.8935
43.0515, -4, 36.9786
41.977, -4, 37.0712
40.9025, -4, 37.097
39.828, -4, 37.1349
38.7535, -4, 37.2805
37.679, -4, 37.4373
36.6045, -4, 37.5564
35.53, -4, 37.6755
34.4555, -4, 37.7784
33.381, -4, 37.8544
32.3064, -4, 37.9003
31.232, -4, 37.9213
30.1574, -4, 37.9198
29.0829, -4, 38.4024
28.0084, -4, 38.9506
26.9339, -4, 39.4863
25.8594, -4, 39.9945
24.7849, -4, 40.4696
23.7104, -4, 40.9171
22.6359, -4, 41.3429
21.5614, -4, 41.7568
20.4869, -4, 42.2291
19.4124, -4, 42.2863
18.3379, -4, 42.0236
17.2634, -4, 41.8608
16.1889, -4, 41.6824
15.1144, -4, 41.4701
14.0399, -4, 41.2135
12.9654, -4, 40.8849
11.8909, -4, 40.422
10.8164, -4, 40.0018
9.74194, -4, 39.4236
8.66743, -4, 39.9111
7.59293, -4, 40.0031
6.51843, -4, 40.124
5.44393, -4, 40.7058
4.36943, -4, 39.6353
3.29493, -4, 42.0417
2.22043, -4, 40.1795
1.14593, -4, 40.1646
0.0714286, -4, 39.2386
-0.984962, -4, 39.3012
-2.04135, -4, 39.2918
-3.09774, -4, 39.2442
-4.15414, -4, 39.1389
-5.21053, -4, 38.9617
-6.26692, -4, 38.7405
-7.32331, -4, 38.5114
-8.3797, -4, 38.3185
-9.43609, -4, 38.1507
-10.4925, -4, 38.077
-11.5489, -4, 38.0678
-12.6053, -4, 38.0578
-13.6617, -4, 38.0489
-14.718, -4, 38.0406
-15.7744, -4, 38.0325
-16.8308, -4, 38.0246
-17.8872, -4, 38.0167
-18.9436, -4, 38.0086
98.9257, -5, 48.297
97.8514, -5, 48.0749
96.7771, -5, 48.0493
95.7028, -5, 48.0723
94.6285, -5, 48.1328
93.5541, -5, 48.2402
92.4798, -5, 48.4079
91.4055, -5, 48.608
90.3312, -5, 47.6919
89.2569, -5, 48.542
88.1826, -5, 48.8502
87.1083, -5, 48.8018
86.034, -5, 48.8055
84.9597, -5, 48.8732
83.8854, -5, 49.006
82.8111, -5, 49.2145
81.7367, -5, 49.5404
80.6624, -5, 50.2516
79.5881, -5, 50.463
78.5138, -5, 49.0219
77.4395, -5, 48.3556
76.3652, -5, 47.8674
75.2909, -5, 47.4368
74.2166, -5, 46.9973
73.1423, -5, 46.4795
72.068, -5, 45.7886
70.9937, -5, 44.7294
69.9194, -5, 42.4618
68.845, -5, 44.5169
67.7707, -5, 45.2027
66.6964, -5, 45.5873
65.6221, -5, 45.8113
64.5478, -5, 45.9417
63.4735, -5, 46.0164
62.3992, -5, 46.0645
61.3249, -5, 46.119
60.2506, -5, 45.6442
59.1763, -5, 46.3289
58.102, -5, 46.4343
57.0276, -5, 46.4388
55.9533, -5, 46.4255
54.879, -5, 46.4121
53.8047, -5, 46.4098
52.7304, -5, 46.4444
51.6561, -5, 46.5561
50.5818, -5, 46.8634
49.5075, -5, 46.9296
48.4332, -5, 46.61
47.3589, -5, 46.55
46.2846, -5, 46.5823
45.2103, -5, 46.6462
44.1359, -5, 46.7051
43.0616, -5, 46.728
41.9873, -5, 46.678
40.913, -5, 46.5495
39.8387, -5, 46.2851
38.7644, -5, 46.7163
37.6901, -5, 46.9932
36.6158, -5, 47.1985
35.5415, -5, 47.3375
34.4672, -5, 47.43
33.3929, -5, 47.4883
32.3186, -5, 47.5206
31.2442, -5, 47.5436
30.1699, -5, 47.6027
29.0956, -5, 48.0866
28.0213, -5, 48.658
26.947, -5, 49.2084
25.8727, -5, 49.7326
24.7984, -5, 50.2381
23.7241, -5, 50.7287
22.6498, -5, 51.2068
21.5755, -5, 51.6714
20.5012, -5, 52.0947
19.4268, -5, 52.1995
18.3525, -5, 52.1075
17.2782, -5, 51.9217
16.2039, -5, 51.719
15.1296, -5, 51.5126
14.0553, -5, 51.2976
12.981, -5, 51.0864
11.9067, -5, 50.9003
10.8324, -5, 50.3414
9.75806, -5, 49.2584
8.68376, -5, 49.8645
7.60945, -5, 50.0839
6.53514, -5, 50.048
5.46083, -5, 49.4946
4.38652, -5, 49.6024
3.31221, -5, 51.8742
2.2379, -5, 48.5807
1.16359, -5, 51.8118
0.0892857, -5, 48.239
-0.968045, -5, 48.3655
-2.02538, -5, 48.6719
-3.08271, -5, 48.79
-4.14004, -5, 48.7139
-5.19737, -5, 48.5314
-6.2547, -5, 48.291
-7.31203, -5, 48.0284
-8.36936, -5, 47.7837
-9.42669, -5, 47.6402
-10.484, -5, 47.5948
-11.5414, -5, 47.5817
-12.5987, -5, 47.5702
-13.656, -5, 47.5598
-14.7133, -5, 47.5499
-15.7707, -5, 47.5398
-16.828, -5, 47.53
-17.8853, -5, 47.5202
-18.9427, -5, 47.5103
98.9259, -6, 56.6889
97.8518, -6, 57.0787
96.7776, -6, 57.3403
95.7035, -6, 57.5839
94.6294, -6, 57.7554
93.5553, -6, 57.8652
92.4812, -6, 57.9449
91.4071, -6, 57.7553
90.3329, -6, 56.7946
89.2588, -6, 57.5375
88.1847, -6, 58.339
87.1106, -6, 58.4935
86.0365, -6, 58.5471
84.9624, -6, 58.583
83.8883, -6, 58.6117
82.8141, -6, 58.6882
81.74, -6, 58.9586
80.6659, -6, 59.7013
79.5918, -6, 59.8771
78.5177, -6, 58.4734
77.4436, -6, 57.7536
76.3694, -6, 57.3126
75.2953, -6, 56.9407
74.2212, -6, 56.515
73.1471, -6, 55.9774
72.073, -6, 55.2812
70.9988, -6, 54.1421
69.9247, -6, 52.582
68.8506, -6, 53.9358
67.7765, -6, 54.8351
66.7024, -6, 55.3636
65.6283, -6, 55.717
64.5541, -6, 55.9241
63.48, -6, 56.0105
62.4059, -6, 55.9963
61.3318, -6, 55.7121
60.2577, -6, 55.0459
59.1836, -6, 55.6677
58.1094, -6, 56.3534
57.0353, -6, 56.5465
55.9612, -6, 56.6035
54.8871, -6, 56.59
53.813, -6, 56.5314
52.7389, -6, 56.4721
51.6647, -6, 56.4672
50.5906, -6, 56.6077
49.5165, -6, 56.6889
48.4424, -6, 56.5031
47.3683, -6, 56.4883
46.2942, -6, 56.548
45.22, -6, 56.6191
44.1459, -6, 56.6441
43.0718, -6, 56.599
41.9977, -6, 56.4834
40.9236, -6, 56.1843
39.8495, -6, 55.9283
38.7753, -6, 56.4029
37.7012, -6, 56.7635
36.6271, -6, 57.0009
35.553, -6, 57.1739
34.4789, -6, 57.2612
33.4048, -6, 57.2748
32.3306, -6, 57.2761
31.2565, -6, 57.2956
30.1824, -6, 57.3583
29.1083, -6, 57.8619
28.0342, -6, 58.452
26.9601, -6, 59.0225
25.8859, -6, 59.5937
24.8118, -6, 60.1238
23.7377, -6, 60.6234
22.6636, -6, 61.1234
21.5895, -6, 61.6356
20.5154, -6, 62.0726
19.4412, -6, 62.256
18.3671, -6, 62.1791
17.293, -6, 62.0213
16.2189, -6, 61.8547
15.1448, -6, 61.6866
14.0707, -6, 61.5213
12.9965, -6, 61.3604
11.9224, -6, 61.2064
10.8483, -6, 61.0566
9.77419, -6, 60.5889
8.70008, -6, 60.6879
7.62596, -6, 60.6054
6.55184, -6, 60.3954
5.47773, -6, 59.9514
4.40361, -6, 62.1567
3.32949, -6, 60.5514
2.25538, -6, 60.2357
1.18126, -6, 61.776
0.107143, -6, 58.1206
-0.951128, -6, 58.051
-2.0094, -6, 58.5855
-3.06767, -6, 58.6837
-4.12594, -6, 58.6065
-5.18421, -6, 58.4155
-6.24248, -6, 58.1221
-7.30075, -6, 57.7363
-8.35902, -6, 57.3792
-9.41729, -6, 57.1476
-10.4756, -6, 57.1081
-11.5338, -6, 57.0936
-12.5921, -6, 57.1413
-13.6504, -6, 57.2752
-14.7086, -6, 57.3381
-15.7669, -6, 57.3045
-16.8252, -6, 57.1794
-17.8835, -6, 57.0291
-18.9417, -6, 57.0118
98.9261, -7, 65.4402
97.8521, -7, 66.313
96.7782, -7, 67.0567
95.7043, -7, 67.5185
94.6304, -7, 67.7445
93.5564, -7, 67.7659
92.4825, -7, 67.5654
91.4086, -7, 67.2107
90.3347, -7, 67.3404
89.2607, -7, 67.4093
88.1868, -7, 67.8127
87.1129, -7, 68.2423
86.039, -7, 68.4497
84.9651, -7, 68.4855
83.8911, -7, 68.4119
82.8172, -7, 68.2645
81.7433, -7, 68.1452
80.6694, -7, 68.349
79.5954, -7, 68.1774
78.5215, -7, 67.6547
77.4476, -7, 67.362
76.3737, -7, 67.1574
75.2997, -7, 66.8976
74.2258, -7, 66.5288
73.1519, -7, 66.0016
72.078, -7, 65.2509
71.004, -7, 64.3312
69.9301, -7, 63.8381
68.8562, -7, 64.1856
67.7823, -7, 65.0194
66.7083, -7, 65.6878
65.6344, -7, 66.1289
64.5605, -7, 66.3747
63.4866, -7, 66.4338
62.4126, -7, 66.2767
61.3387, -7, 65.898
60.2648, -7, 65.444
59.1909, -7, 65.889
58.1169, -7, 66.4955
57.043, -7, 66.8829
55.9691, -7, 67.0307
54.8952, -7, 67.0088
53.8212, -7, 66.8706
52.7473, -7, 66.6394
51.6734, -7, 66.3718
50.5995, -7, 66.2261
49.5255, -7, 66.208
48.4516, -7, 66.3664
47.3777, -7, 66.5922
46.3038, -7, 66.7899
45.2298, -7, 66.9089
44.1559, -7, 66.9325
43.082, -7, 66.8343
42.0081, -7, 66.5795
40.9341, -7, 66.2257
39.8602, -7, 65.8363
38.7863, -7, 66.4354
37.7124, -7, 66.9031
36.6384, -7, 67.2606
35.5645, -7, 67.4699
34.4906, -7, 67.5493
33.4167, -7, 67.5057
32.3427, -7, 67.3424
31.2688, -7, 67.1637
30.1949, -7, 67.1637
29.121, -7, 67.7123
28.047, -7, 68.3992
26.9731, -7, 69.1191
25.8992, -7, 69.714
24.8253, -7, 70.2213
23.7513, -7, 70.6817
22.6774, -7, 71.1325
21.6035, -7, 71.6093
20.5296, -7, 72.1712
19.4556, -7, 72.4166
18.3817, -7, 72.2416
17.3078, -7, 72.1058
16.2339, -7, 71.9723
15.1599, -7, 71.8414
14.086, -7, 71.7218
13.0121, -7, 71.6089
11.9382, -7, 71.486
10.8642, -7, 71.6744
9.79032, -7, 72.7045
8.7164, -7, 71.6851
7.64247, -7, 71.1786
6.56855, -7, 71.0097
5.49462, -7, 71.2584
4.4207, -7, 70.929
3.34677, -7, 68.7718
2.27285, -7, 72.1139
1.19892, -7, 70.8206
0.125, -7, 67.5981
-0.934211, -7, 68.7232
-1.99342, -7, 68.957
-3.05263, -7, 68.9559
-4.11184, -7, 68.849
-5.17105, -7, 68.66
-6.23026, -7, 68.3734
-7.28947, -7, 67.9448
-8.34868, -7, 67.2921
-9.4079, -7, 66.7389
-10.4671, -7, 66.6176
-11.5263, -7, 66.8069
-12.5855, -7, 67.265
-13.6447, -7, 67.5131
-14.7039, -7, 67.6043
-15.7632, -7, 67.5624
-16.8224, -7, 67.3809
-17.8816, -7, 67.0174
-18.9408, -7, 66.5233
98.9263, -8, 75.0593
97.8525, -8, 76.6594
96.7788, -8, 77.5485
95.7051, -8, 78.0145
94.6313, -8, 78.228
93.5576, -8, 78.2367
92.4839, -8, 78.0236
91.4101, -8, 77.6944
90.3364, -8, 77.7486
89.2627, -8, 77.7596
88.1889, -8, 78.1385
87.1152, -8, 78.5121
86.0415, -8, 78.6773
84.9677, -8, 78.6701
83.894, -8, 78.5294
82.8203, -8, 78.2446
81.7465, -8, 77.7194
80.6728, -8, 76.7372
79.5991, -8, 76.5077
78.5253, -8, 77.0972
77.4516, -8, 77.4219
76.3779, -8, 77.4463
75.3041, -8, 77.3119
74.2304, -8, 77.0511
73.1567, -8, 76.6384
72.0829, -8, 76.0197
71.0092, -8, 75.3292
69.9355, -8, 75.0428
68.8617, -8, 75.4237
67.788, -8, 76.0801
66.7143, -8, 76.6841
65.6406, -8, 77.0894
64.5668, -8, 77.3365
63.4931, -8, 77.433
62.4194, -8, 77.3286
61.3456, -8, 77.0517
60.2719, -8, 76.5959
59.1982, -8, 76.9019
58.1244, -8, 77.4186
57.0507, -8, 77.726
55.977, -8, 77.799
54.9032, -8, 77.7169
53.8295, -8, 77.5221
52.7558, -8, 77.2023
51.682, -8, 76.7119
50.6083, -8, 75.986
49.5346, -8, 75.9167
48.4608, -8, 76.59
47.3871, -8, 77.0707
46.3134, -8, 77.3615
45.2396, -8, 77.5267
44.1659, -8, 77.5899
43.0922, -8, 77.5266
42.0184, -8, 77.2641
40.9447, -8, 76.7619
39.871, -8, 76.4407
38.7972, -8, 77.0587
37.7235, -8, 77.6493
36.6498, -8, 78.0289
35.576, -8, 78.2221
34.5023, -8, 78.2893
33.4286, -8, 78.2337
32.3548, -8, 77.9948
31.2811, -8, 77.514
30.2074, -8, 77.1069
29.1336, -8, 77.7487
28.0599, -8, 78.8173
26.9862, -8, 79.5536
25.9124, -8, 80.0821
24.8387, -8, 80.5088
23.765, -8, 80.8891
22.6912, -8, 81.256
21.6175, -8, 81.6639
20.5438, -8, 82.2426
19.47, -8, 82.5139
18.3963, -8, 82.3127
17.3226, -8, 82.1434
16.2488, -8, 81.9871
15.1751, -8, 81.8584
14.1014, -8, 81.7691
13.0276, -8, 81.7484
11.9539, -8, 81.8535
10.8802, -8, 82.0115
9.80645, -8, 82.7989
8.73272, -8, 81.7388
7.65899, -8, 81.3774
6.58525, -8, 81.0748
5.51152, -8, 80.9484
4.43779, -8, 79.8203
3.36406, -8, 79.5168
2.29032, -8, 82.2875
1.21659, -8, 79.6173
0.142857, -8, 79.6367
-0.917293, -8, 79.9256
-1.97744, -8, 79.642
-3.03759, -8, 79.4649
-4.09774, -8, 79.3127
-5.15789, -8, 79.1414
-6.21805, -8, 78.9128
-7.2782, -8, 78.5641
-8.33835, -8, 77.9422
-9.3985, -8, 76.5761
-10.4586, -8, 76.1647
-11.5188, -8, 77.3786
-12.5789, -8, 77.9173
-13.6391, -8, 78.1512
-14.6992, -8, 78.2302
-15.7594, -8, 78.1911
-16.8195, -8, 78.0249
-17.8797, -8, 77.6598
-18.9398, -8, 76.8436
98.9265, -9, 86.5524
97.8529, -9, 88.0502
96.7794, -9, 88.6744
95.7058, -9, 89.0169
94.6323, -9, 89.2084
93.5588, -9, 89.2877
92.4852, -9, 89.2831
91.4117, -9, 89.078
90.3381, -9, 88.263
89.2646, -9, 88.7452
88.1911, -9, 89.2481
87.1175, -9, 89.3328
86.044, -9, 89.2992
84.9704, -9, 89.1811
83.8969, -9, 88.9582
82.8233, -9, 88.583
81.7498, -9, 87.8982
80.6763, -9, 86.3937
79.6027, -9, 85.6634
78.5292, -9, 87.2908
77.4556, -9, 87.8597
76.3821, -9, 88.0278
75.3086, -9, 88.0211
74.235, -9, 87.9128
73.1615, -9, 87.7339
72.0879, -9, 87.493
71.0144, -9, 86.9984
69.9409, -9, 86.2139
68.8673, -9, 87.3264
67.7938, -9, 87.8943
66.7202, -9, 88.1954
65.6467, -9, 88.4533
64.5732, -9, 88.6758
63.4996, -9, 88.8638
62.4261, -9, 89.0269
61.3525, -9, 88.9784
60.279, -9, 88.4808
59.2055, -9, 88.7249
58.1319, -9, 89.0417
57.0584, -9, 88.9762
55.9848, -9, 88.8344
54.9113, -9, 88.6542
53.8377, -9, 88.4176
52.7642, -9, 88.0959
51.6907, -9, 87.5798
50.6171, -9, 86.572
49.5436, -9, 86.3216
48.47, -9, 87.3552
47.3965, -9, 87.8672
46.323, -9, 88.1608
45.2494, -9, 88.3542
44.1759, -9, 88.4772
43.1023, -9, 88.5344
42.0288, -9, 88.4902
40.9553, -9, 88.0963
39.8817, -9, 87.4892
38.8082, -9, 88.4319
37.7346, -9, 88.9133
36.6611, -9, 89.1043
35.5876, -9, 89.2105
34.514, -9, 89.2561
33.4405, -9, 89.238
32.3669, -9, 89.1211
31.2934, -9, 88.6701
30.2199, -9, 87.2809
29.1463, -9, 88.6304
28.0728, -9, 89.6948
26.9992, -9, 90.2034
25.9257, -9, 90.5683
24.8522, -9, 90.8795
23.7786, -9, 91.1687
22.7051, -9, 91.4596
21.6315, -9, 91.7807
20.558, -9, 92.2186
19.4844, -9, 92.4518
18.4109, -9, 92.2668
17.3374, -9, 92.0889
16.2638, -9, 91.9564
15.1903, -9, 91.8528
14.1167, -9, 91.7803
13.0432, -9, 91.7583
11.9697, -9, 91.8569
10.8961, -9, 92.1461
9.82258, -9, 90.7224
8.74904, -9, 91.6844
7.6755, -9, 91.6492
6.60196, -9, 91.3508
5.52842, -9, 90.3104
4.45488, -9, 90.2967
3.38134, -9, 93.3386
2.3078, -9, 91.2401
1.23425, -9, 87.9078
0.160714, -9, 92.5554
-0.900376, -9, 91.0958
-1.96147, -9, 90.3763
-3.02256, -9, 90.0437
-4.08365, -9, 89.8616
-5.14474, -9, 89.7311
-6.20583, -9, 89.6005
-7.26692, -9, 89.415
-8.32801, -9, 89.0548
-9.3891, -9, 87.9681
-10.4502, -9, 87.3431
-11.5113, -9, 88.5896
-12.5724, -9, 88.9261
-13.6335, -9, 89.0575
-14.6945, -9, 89.096
-15.7556, -9, 89.0668
-16.8167, -9, 88.9638
-17.8778, -9, 88.7377
-18.9389, -9, 88.1773
98.9267, -10, 99.6224
97.8533, -10, 99.8867
96.77995, -10, 100.1837
95.7066, -10, 100.4016
94.63326, -10, 100.5703
93.55991, -10, 100.7112
92.48656, -10, 100.81
91.41321, -10, 100.8665
90.33986, -10, 100.2547
89.26651, -10, 100.5842
88.19316, -10, 100.6068
87.11981, -10, 100.4403
86.04647, -10, 100.2296
84.9731, -10, 99.9747
83.8998, -10, 99.6595
82.8264, -10, 99.2347
81.7531, -10, 98.6405
80.6797, -10, 97.6127
79.6064, -10, 96.8872
78.533, -10, 98.192
77.4597, -10, 98.617
76.3863, -10, 98.8558
75.313, -10, 98.9735
74.2396, -10, 99.0332
73.1663, -10, 99.0728
72.0929, -10, 99.1135
71.0196, -10, 99.1815
69.9462, -10, 98.7193
68.8729, -10, 99.5958
67.7995, -10, 99.7581
66.7262, -10, 99.9113
65.65284, -10, 100.0658
64.57949, -10, 100.2489
63.50615, -10, 100.4729
62.4328, -10, 100.7407
61.35945, -10, 101.1413
60.2861, -10, 101.2003
59.21275, -10, 101.2767
58.1394, -10, 100.7228
57.06605, -10, 100.336
55.9927, -10, 100.0313
54.9194, -10, 99.7535
53.846, -10, 99.4755
52.7727, -10, 99.1554
51.6993, -10, 98.7612
50.626, -10, 98.1146
49.5526, -10, 97.802
48.4793, -10, 98.5271
47.4059, -10, 98.8646
46.3326, -10, 99.1342
45.2592, -10, 99.3476
44.1859, -10, 99.5342
43.1125, -10, 99.7061
42.0392, -10, 99.8773
40.96582, -10, 100.1075
39.8925, -10, 99.7623
38.81913, -10, 100.3243
37.74578, -10, 100.3057
36.67243, -10, 100.3349
35.59908, -10, 100.3567
34.52573, -10, 100.3745
33.45238, -10, 100.3842
32.37903, -10, 100.3675
31.30568, -10, 100.3259
30.2323, -10, 99.37
29.15899, -10, 100.373
28.08564, -10, 100.7156
27.01229, -10, 100.9328
25.93894, -10, 101.1202
24.86559, -10, 101.2973
23.79224, -10, 101.4775
22.71889, -10, 101.6686
21.64555, -10, 101.8828
20.5722, -10, 102.0998
19.49885, -10, 102.2022
18.4255, -10, 102.0792
17.35215, -10, 101.9739
16.2788, -10, 101.8842
15.20545, -10, 101.8034
14.1321, -10, 101.7454
13.05876, -10, 101.7042
11.98541, -10, 101.6424
10.91206, -10, 101.5845
9.83871, -10, 102.0751
8.765361, -10, 101.6973
7.692012, -10, 101.6468
6.618664, -10, 101.6866
5.545315, -10, 101.8447
4.471966, -10, 103.57
3.398618, -10, 102.3363
2.32527, -10, 99.0882
1.25192, -10, 99.5372
0.1785714, -10, 102.5573
-0.8834587, -10, 101.7586
-1.945489, -10, 100.8825
-3.007519, -10, 100.5226
-4.069549, -10, 100.3638
-5.131579, -10, 100.3049
-6.193609, -10, 100.2996
-7.255639, -10, 100.3172
-8.317669, -10, 100.3307
-9.3797, -10, 100.2835
-10.44173, -10, 100.1476
-11.50376, -10, 100.1308
-12.56579, -10, 100.1139
-13.62782, -10, 100.0974
-14.68985, -10, 100.0811
-15.75188, -10, 100.0649
-16.81391, -10, 100.0487
-17.87594, -10, 100.0326
-18.93797, -10, 100.0163
98.92684, -11, 112.5315
97.85368, -11, 111.9917
96.78053, -11, 111.7942
95.70737, -11, 111.8032
94.63422, -11, 111.9192
93.56106, -11, 112.1154
92.4879, -11, 112.4019
91.41475, -11, 112.7168
90.34159, -11, 113.4946
89.26843, -11, 112.7367
88.19527, -11, 112.1043
87.12212, -11, 111.6266
86.04897, -11, 111.2278
84.97581, -11, 110.8781
83.90265, -11, 110.5347
82.82949, -11, 110.1781
81.75634, -11, 109.7934
80.68318, -11, 109.5658
79.61002, -11, 109.8172
78.53687, -11, 109.4717
77.46371, -11, 109.6813
76.39056, -11, 109.853
75.3174, -11, 110.0145
74.24424, -11, 110.1857
73.17108, -11, 110.415
72.09792, -11, 110.7646
71.02477, -11, 111.2736
69.95161, -11, 112.4258
68.87846, -11, 111.6851
67.8053, -11, 111.5149
66.73214, -11, 111.4353
65.65899, -11, 111.4733
64.58583, -11, 111.6165
63.51267, -11, 111.8738
62.43952, -11, 112.295
61.36636, -11, 112.9537
60.2932, -11, 114.4821
59.22005, -11, 113.3963
58.14689, -11, 112.2906
57.07373, -11, 111.6142
56.00058, -11, 111.1507
54.92742, -11, 110.8076
53.85426, -11, 110.5286
52.7811, -11, 110.296
51.70795, -11, 110.0874
50.63479, -11, 109.9846
49.56163, -11, 110.0303
48.48848, -11, 109.8721
47.41532, -11, 110.0117
46.34217, -11, 110.1731
45.26901, -11, 110.3723
44.19585, -11, 110.6066
43.1227, -11, 110.9042
42.04954, -11, 111.3219
40.97638, -11, 111.9394
39.90322, -11, 113.1353
38.83007, -11, 112.0773
37.75691, -11, 111.7308
36.68375, -11, 111.5408
35.6106, -11, 111.4635
34.53744, -11, 111.4558
33.46429, -11, 111.5093
32.39113, -11, 111.6503
31.31797, -11, 111.9123
30.24482, -11, 113.1206
29.17166, -11, 112.1514
28.0985, -11, 111.7721
27.02534, -11, 111.6617
25.95219, -11, 111.6522
24.87903, -11, 111.6927
23.80588, -11, 111.7602
22.73272, -11, 111.8435
21.65956, -11, 111.9228
20.5864, -11, 111.9718
19.51325, -11, 111.9022
18.44009, -11, 111.8255
17.36694, -11, 111.7642
16.29378, -11, 111.6741
15.22062, -11, 111.5852
14.14747, -11, 111.5142
13.07431, -11, 111.4641
12.00115, -11, 111.3788
10.928, -11, 111.1029
9.854838, -11, 112.3175
8.781682, -11, 111.4402
7.708525, -11, 111.4377
6.635369, -11, 111.7573
5.562212, -11, 112.9397
4.489055, -11, 112.749
3.415899, -11, 110.4458
2.342742, -11, 107.6522
1.269585, -11, 111.9778
0.1964286, -11, 111.8728
-0.8665413, -11, 111.3724
-1.929511, -11, 111.0047
-2.992481, -11, 110.7531
-4.055451, -11, 110.6866
-5.118421, -11, 110.7371
-6.181391, -11, 110.8774
-7.244361, -11, 111.1105
-8.307331, -11, 111.504
-9.3703, -11, 112.4749
-10.43327, -11, 113.0032
-11.49624, -11, 111.6782
-12.55921, -11, 111.3039
-13.62218, -11, 111.1381
-14.68515, -11, 111.0663
-15.74812, -11, 111.0626
-16.81109, -11, 111.1329
-17.87406, -11, 111.3261
-18.93703, -11, 111.8536
98.92703, -12, 124.8744
97.85407, -12, 123.6577
96.7811, -12, 123.2252
95.70814, -12, 123.0965
94.63518, -12, 123.1475
93.56221, -12, 123.3401
92.48925, -12, 123.689
91.41628, -12, 124.3252
90.34332, -12, 125.5751
89.27036, -12, 124.7152
88.19739, -12, 123.4114
87.12442, -12, 122.702
86.05146, -12, 122.2164
84.97849, -12, 121.8342
83.90553, -12, 121.5112
82.83257, -12, 121.2295
81.7596, -12, 121.0492
80.68664, -12, 121.4434
79.61367, -12, 121.7553
78.5407, -12, 120.8753
77.46774, -12, 120.822
76.39478, -12, 120.9321
75.32182, -12, 121.0873
74.24885, -12, 121.3029
73.17588, -12, 121.6203
72.10292, -12, 122.1307
71.02995, -12, 123.1026
69.95699, -12, 124.6428
68.88403, -12, 123.4259
67.81106, -12, 122.8436
66.7381, -12, 122.6273
65.66513, -12, 122.5927
64.59216, -12, 122.6987
63.5192, -12, 122.9493
62.44624, -12, 123.39
61.37327, -12, 124.162
60.30031, -12, 125.8607
59.22734, -12, 124.7072
58.15438, -12, 123.373
57.08141, -12, 122.6149
56.00845, -12, 122.1117
54.93548, -12, 121.7541
53.86252, -12, 121.4956
52.78955, -12, 121.3158
51.71659, -12, 121.2488
50.64362, -12, 121.5455
49.57066, -12, 121.6401
48.4977, -12, 121.1207
47.42473, -12, 121.0815
46.35176, -12, 121.191
45.2788, -12, 121.3716
44.20584, -12, 121.6272
43.13287, -12, 121.9798
42.05991, -12, 122.495
40.98694, -12, 123.4088
39.91398, -12, 124.9363
38.84101, -12, 123.5014
37.76805, -12, 122.8847
36.69508, -12, 122.6005
35.62212, -12, 122.4659
34.54916, -12, 122.4385
33.47619, -12, 122.5132
32.40322, -12, 122.7188
31.33026, -12, 123.2423
30.2573, -12, 124.8652
29.18433, -12, 123.611
28.11137, -12, 122.6483
27.0384, -12, 122.2942
25.96544, -12, 122.1219
24.89247, -12, 122.0326
23.81951, -12, 121.9869
22.74654, -12, 121.9563
21.67358, -12, 121.9151
20.60061, -12, 121.8177
19.52765, -12, 121.6125
18.45469, -12, 121.5688
17.38172, -12, 121.4602
16.30876, -12, 121.3675
15.23579, -12, 121.2742
14.16283, -12, 121.1676
13.08986, -12, 121.0485
12.0169, -12, 120.979
10.94393, -12, 121.0694
9.870968, -12, 119.1083
8.798003, -12, 120.8332
7.725039, -12, 121.1501
6.652074, -12, 121.2202
5.579109, -12, 121.2072
4.506145, -12, 120.5937
3.43318, -12, 118.479
2.360215, -12, 118.4118
1.28725, -12, 122.0658
0.2142857, -12, 120.6136
-0.849624, -12, 120.3659
-1.913534, -12, 120.5734
-2.977444, -12, 120.7175
-4.041353, -12, 120.8782
-5.105263, -12, 121.0654
-6.169173, -12, 121.3123
-7.233083, -12, 121.6789
-8.296992, -12, 122.317
-9.360902, -12, 123.668
-10.42481, -12, 124.1502
-11.48872, -12, 122.9039
-12.55263, -12, 122.318
-13.61654, -12, 122.0458
-14.68045, -12, 121.9315
-15.74436, -12, 121.9367
-16.80827, -12, 122.0695
-17.87218, -12, 122.4013
-18.93609, -12, 123.1844
98.92723, -13, 135.788
97.85445, -13, 134.7368
96.78168, -13, 134.2375
95.70891, -13, 134.055
94.63614, -13, 134.0644
93.56336, -13, 134.2322
92.49059, -13, 134.5945
91.41782, -13, 135.2523
90.34505, -13, 136.1073
89.27227, -13, 135.5722
88.1995, -13, 134.3705
87.12673, -13, 133.5897
86.05396, -13, 133.0661
84.98119, -13, 132.6892
83.90841, -13, 132.4127
82.83564, -13, 132.2503
81.76286, -13, 132.2599
80.69009, -13, 132.3694
79.61732, -13, 132.1599
78.54455, -13, 132.1081
77.47177, -13, 131.9249
76.399, -13, 131.905
75.32623, -13, 132.0158
74.25346, -13, 132.2292
73.18069, -13, 132.5759
72.10791, -13, 133.1383
71.03514, -13, 134.0444
69.96236, -13, 134.8113
68.88959, -13, 134.2901
67.81682, -13, 133.6832
66.74405, -13, 133.4054
65.67127, -13, 133.3266
64.5985, -13, 133.3933
63.52573, -13, 133.5983
62.45296, -13, 133.9663
61.38018, -13, 134.5847
60.30741, -13, 135.1614
59.23464, -13, 134.8773
58.16187, -13, 133.8949
57.08909, -13, 133.2274
56.01632, -13, 132.7635
54.94355, -13, 132.4356
53.87078, -13, 132.2145
52.798, -13, 132.1025
51.72523, -13, 132.1358
50.65246, -13, 132.3049
49.57969, -13, 132.2382
48.50691, -13, 132.0826
47.43414, -13, 131.9689
46.36137, -13, 132.0016
45.28859, -13, 132.1504
44.21582, -13, 132.4007
43.14305, -13, 132.7739
42.07028, -13, 133.3247
40.99751, -13, 134.1134
39.92473, -13, 134.5775
38.85196, -13, 134.2403
37.77919, -13, 133.6841
36.70641, -13, 133.3428
35.63364, -13, 133.1728
34.56087, -13, 133.1351
33.48809, -13, 133.227
32.41532, -13, 133.492
31.34255, -13, 133.995
30.26978, -13, 134.3708
29.197, -13, 134.0995
28.12423, -13, 133.2641
27.05146, -13, 132.7471
25.97869, -13, 132.4499
24.90591, -13, 132.2626
23.83314, -13, 132.1275
22.76037, -13, 132.0061
21.6876, -13, 131.8648
20.61482, -13, 131.6117
19.54205, -13, 131.374
18.46928, -13, 131.3088
17.39651, -13, 131.2308
16.32373, -13, 131.1423
15.25096, -13, 131.0379
14.17819, -13, 130.9237
13.10541, -13, 130.7986
12.03264, -13, 130.654
10.95987, -13, 130.5208
9.887096, -13, 130.4626
8.814324, -13, 130.515
7.741551, -13, 130.7196
6.668779, -13, 130.7669
5.596006, -13, 129.9813
4.523233, -13, 127.8361
3.450461, -13, 128.2719
2.377688, -13, 132.1843
1.304916, -13, 131.5829
0.2321429, -13, 129.2338
-0.8327067, -13, 129.2577
-1.897556, -13, 130.0243
-2.962406, -13, 130.6176
-4.027256, -13, 130.9981
-5.092105, -13, 131.2965
-6.156955, -13, 131.6062
-7.221805, -13, 132.0163
-8.286654, -13, 132.6604
-9.351503, -13, 133.3631
-10.41635, -13, 133.6707
-11.4812, -13, 133.4726
-12.54605, -13, 132.9722
-13.6109, -13, 132.6834
-14.67575, -13, 132.5553
-15.7406, -13, 132.5626
-16.80545, -13, 132.7107
-17.8703, -13, 133.0418
-18.93515, -13, 133.5076
98.92742, -14, 145.1513
97.85484, -14, 145.0617
96.78226, -14, 144.7846
95.70968, -14, 144.6405
94.6371, -14, 144.6335
93.56451, -14, 144.7535
92.49194, -14, 144.9938
91.41936, -14, 145.3022
90.34677, -14, 145.706
89.27419, -14, 145.2765
88.20161, -14, 144.7178
87.12904, -14, 144.1586
86.05645, -14, 143.7176
84.98387, -14, 143.3887
83.91129, -14, 143.1617
82.83871, -14, 143.0289
81.76613, -14, 142.9596
80.69355, -14, 142.6251
79.62096, -14, 142.3664
78.54839, -14, 142.7465
77.47581, -14, 142.7023
76.40323, -14, 142.6765
75.33064, -14, 142.7431
74.25806, -14, 142.9111
73.18549, -14, 143.1915
72.1129, -14, 143.599
71.04032, -14, 144.0208
69.96774, -14, 144.6299
68.89516, -14, 144.1921
67.82258, -14, 143.9548
66.75, -14, 143.7446
65.67742, -14, 143.6609
64.60484, -14, 143.6888
63.53226, -14, 143.8167
62.45968, -14, 144.0359
61.3871, -14, 144.2489
60.31452, -14, 144.1481
59.24194, -14, 144.0488
58.16935, -14, 143.8474
57.09678, -14, 143.4311
56.02419, -14, 143.0824
54.95161, -14, 142.8227
53.87903, -14, 142.6482
52.80645, -14, 142.5604
51.73387, -14, 142.5453
50.66129, -14, 142.4227
49.58871, -14, 142.3896
48.51613, -14, 142.5256
47.44355, -14, 142.5056
46.37097, -14, 142.5376
45.29839, -14, 142.6599
44.22581, -14, 142.8762
43.15322, -14, 143.1972
42.08065, -14, 143.6325
41.00806, -14, 144.0289
39.93548, -14, 144.2247
38.8629, -14, 144.1863
37.79032, -14, 143.9438
36.71774, -14, 143.6812
35.64516, -14, 143.5317
34.57258, -14, 143.4946
33.5, -14, 143.5701
32.42742, -14, 143.7618
31.35484, -14, 143.976
30.28226, -14, 143.7862
29.20968, -14, 143.6858
28.1371, -14, 143.3802
27.06452, -14, 142.9367
25.99194, -14, 142.6073
24.91936, -14, 142.3675
23.84678, -14, 142.1749
22.77419, -14, 141.9863
21.70161, -14, 141.7461
20.62903, -14, 141.417
19.55645, -14, 141.1983
18.48387, -14, 141.1049
17.41129, -14, 141.0484
16.33871, -14, 140.9367
15.26613, -14, 140.8042
14.19355, -14, 140.6742
13.12097, -14, 140.5543
12.04839, -14, 140.3929
10.97581, -14, 140.0257
9.903226, -14, 141.8978
8.830646, -14, 140.4454
7.758065, -14, 140.5411
6.685484, -14, 140.8409
5.612903, -14, 141.2197
4.540323, -14, 140.1566
3.467742, -14, 141.3074
2.395161, -14, 141.9583
1.322581, -14, 139.9208
0.25, -14, 138.073
-0.8157895, -14, 138.5728
-1.881579, -14, 139.9142
-2.947368, -14, 140.6136
-4.013158, -14, 141.0443
-5.078948, -14, 141.3851
-6.144737, -14, 141.7217
-7.210526, -14, 142.1042
-8.276316, -14, 142.473
-9.342105, -14, 142.8444
-10.4079, -14, 143.1788
-11.47368, -14, 143.1573
-12.53947, -14, 143.0844
-13.60526, -14, 142.9168
-14.67105, -14, 142.8185
-15.73684, -14, 142.818
-16.80263, -14, 142.9109
-17.86842, -14, 143.0324
-18.93421, -14, 143.0199
98.92761, -15, 154.2875
97.85522, -15, 154.6231
96.78284, -15, 154.7158
95.71045, -15, 154.6903
94.63805, -15, 154.6957
93.56567, -15, 154.7517
92.49328, -15, 154.8062
91.42089, -15, 154.813
90.3485, -15, 154.7381
89.27612, -15, 154.723
88.20373, -15, 154.5072
87.13134, -15, 154.252
86.05894, -15, 153.9599
84.98656, -15, 153.7077
83.91417, -15, 153.514
82.84178, -15, 153.3553
81.76939, -15, 153.154
80.69701, -15, 152.9509
79.62462, -15, 152.9035
78.55223, -15, 152.918
77.47984, -15, 152.9997
76.40745, -15, 153.0393
75.33506, -15, 153.0926
74.26267, -15, 153.2
73.19028, -15, 153.3547
72.1179, -15, 153.4947
71.04551, -15, 153.6371
69.97312, -15, 153.6782
68.90073, -15, 153.6993
67.82834, -15, 153.6629
66.75595, -15, 153.6421
65.68356, -15, 153.6074
64.61118, -15, 153.6087
63.53879, -15, 153.6382
62.4664, -15, 153.6287
61.39401, -15, 153.5096
60.32162, -15, 153.258
59.24923, -15, 153.2711
58.17684, -15, 153.3117
57.10445, -15, 153.2358
56.03207, -15, 153.0637
54.95968, -15, 152.8921
53.88729, -15, 152.7526
52.8149, -15, 152.6371
51.74251, -15, 152.5124
50.67012, -15, 152.4575
49.59773, -15, 152.484
48.52534, -15, 152.5268
47.45296, -15, 152.6233
46.38057, -15, 152.7191
45.30818, -15, 152.8358
44.23579, -15, 153.0006
43.1634, -15, 153.2082
42.09101, -15, 153.4074
41.01862, -15, 153.6388
39.94624, -15, 153.88
38.87385, -15, 153.7303
37.80146, -15, 153.6357
36.72907, -15, 153.5701
35.65668, -15, 153.4945
34.58429, -15, 153.4615
33.51191, -15, 153.4727
32.43952, -15, 153.4757
31.36713, -15, 153.4416
30.29474, -15, 153.4573
29.22235, -15, 153.2209
28.14996, -15, 152.9936
27.07757, -15, 152.7781
26.00518, -15, 152.5283
24.9328, -15, 152.2966
23.86041, -15, 152.0817
22.78802, -15, 151.8564
21.71563, -15, 151.5926
20.64324, -15, 151.2801
19.57085, -15, 151.0496
18.49846, -15, 151.0013
17.42608, -15, 150.8432
16.35369, -15, 150.6848
15.2813, -15, 150.5235
14.20891, -15, 150.3486
13.13652, -15, 150.1613
12.06413, -15, 150.0271
10.99174, -15, 150.1013
9.919354, -15, 148.3906
8.846966, -15, 150.2261
7.774578, -15, 150.6031
6.702189, -15, 151.0052
5.6298, -15, 152.1612
4.557412, -15, 152.9286
3.485023, -15, 151.5473
2.412634, -15, 150.1749
1.340246, -15, 148.4971
0.2678571, -15, 146.9645
-0.7988722, -15, 149.1378
-1.865602, -15, 150.1473
-2.932331, -15, 150.6668
-3.99906, -15, 151.0382
-5.06579, -15, 151.3462
-6.132519, -15, 151.6219
-7.199248, -15, 151.8822
-8.265978, -15, 152.1402
-9.332706, -15, 152.4203
-10.39944, -15, 152.6857
-11.46617, -15, 152.6632
-12.5329, -15, 152.6421
-13.59962, -15, 152.6212
-14.66635, -15, 152.6007
-15.73308, -15, 152.5806
-16.79981, -15, 152.5607
-17.86654, -15, 152.5407
-18.93327, -15, 152.5204
98.9278, -16, 163.8018
97.85561, -16, 164.0315
96.78341, -16, 164.1535
95.71121, -16, 164.2177
94.63902, -16, 164.2526
93.56682, -16, 164.2764
92.49462, -16, 164.3003
91.42242, -16, 164.3069
90.35023, -16, 164.008
89.27803, -16, 164.1524
88.20583, -16, 164.1512
87.13364, -16, 163.9735
86.06145, -16, 163.7901
84.98925, -16, 163.6181
83.91705, -16, 163.4619
82.84486, -16, 163.3275
81.77266, -16, 163.2329
80.70046, -16, 163.2602
79.62827, -16, 163.2995
78.55607, -16, 163.0536
77.48387, -16, 163.0075
76.41167, -16, 163.0185
75.33948, -16, 163.054
74.26728, -16, 163.1021
73.19508, -16, 163.1548
72.12289, -16, 163.1999
71.05069, -16, 163.1761
69.97849, -16, 162.8754
68.9063, -16, 163.1508
67.8341, -16, 163.2044
66.7619, -16, 163.2128
65.6897, -16, 163.2119
64.61751, -16, 163.1967
63.54531, -16, 163.1558
62.47312, -16, 163.0705
61.40092, -16, 162.9138
60.32872, -16, 162.643
59.25653, -16, 162.7203
58.18433, -16, 162.8083
57.11214, -16, 162.8122
56.03994, -16, 162.7566
54.96774, -16, 162.6687
53.89555, -16, 162.568
52.82335, -16, 162.4716
51.75115, -16, 162.4001
50.67896, -16, 162.3887
49.60676, -16, 162.4406
48.53456, -16, 162.4419
47.46236, -16, 162.5047
46.39017, -16, 162.5921
45.31797, -16, 162.6937
44.24578, -16, 162.803
43.17358, -16, 162.9156
42.10138, -16, 163.0289
41.02919, -16, 163.1535
39.95699, -16, 163.4409
38.88479, -16, 163.2031
37.8126, -16, 163.1547
36.7404, -16, 163.1267
35.6682, -16, 163.0998
34.596, -16, 163.0683
33.52381, -16, 163.0285
32.45161, -16, 162.9771
31.37942, -16, 162.9238
30.30722, -16, 163.0191
29.23502, -16, 162.7787
28.16283, -16, 162.5653
27.09063, -16, 162.4023
26.01843, -16, 162.2281
24.94624, -16, 162.0432
23.87404, -16, 161.8522
22.80184, -16, 161.6593
21.72965, -16, 161.468
20.65745, -16, 161.2499
19.58525, -16, 161.0309
18.51306, -16, 160.9084
17.44086, -16, 160.7131
16.36866, -16, 160.5214
15.29647, -16, 160.3369
14.22427, -16, 160.1427
13.15207, -16, 159.9374
12.07988, -16, 159.7532
11.00768, -16, 159.6346
9.935484, -16, 159.1185
8.863287, -16, 159.7703
7.79109, -16, 160.1537
6.718894, -16, 160.4883
5.646698, -16, 160.7499
4.574501, -16, 160.6001
3.502304, -16, 159.5206
2.430108, -16, 158.172
1.357911, -16, 156.8826
0.2857143, -16, 158.8007
-0.7819549, -16, 160.407
-1.849624, -16, 160.6027
-2.917293, -16, 160.8081
-3.984962, -16, 161.0198
-5.052631, -16, 161.2297
-6.120301, -16, 161.4368
-7.18797, -16, 161.6447
-8.255639, -16, 161.855
-9.323308, -16, 162.0657
-10.39098, -16, 162.1891
-11.45865, -16, 162.1668
-12.52632, -16, 162.1461
-13.59398, -16, 162.1248
-14.66165, -16, 162.1038
-15.72932, -16, 162.083
-16.79699, -16, 162.0625
-17.86466, -16, 162.0418
-18.93233, -16, 162.0208
98.92799, -17, 173.4939
97.85599, -17, 173.563
96.78399, -17, 173.6302
95.71198, -17, 173.6844
94.63998, -17, 173.7236
93.56797, -17, 173.7546
92.49596, -17, 173.7777
91.42397, -17, 173.7731
90.35196, -17, 173.7979
89.27995, -17, 173.7492
88.20795, -17, 173.7088
87.13595, -17, 173.6192
86.06394, -17, 173.5037
84.99194, -17, 173.3923
83.91993, -17, 173.2962
82.84792, -17, 173.2282
81.77592, -17, 173.2233
80.70392, -17, 173.3552
79.63191, -17, 173.3603
78.55991, -17, 173.0927
77.4879, -17, 172.962
76.4159, -17, 172.9162
75.3439, -17, 172.9043
74.27189, -17, 172.9056
73.19988, -17, 172.9056
72.12788, -17, 172.8761
71.05588, -17, 172.7662
69.98387, -17, 172.6202
68.91187, -17, 172.683
67.83986, -17, 172.7696
66.76786, -17, 172.7954
65.69585, -17, 172.7903
64.62385, -17, 172.7654
63.55184, -17, 172.7158
62.47984, -17, 172.6316
61.40783, -17, 172.4997
60.33583, -17, 172.3222
59.26382, -17, 172.3478
58.19182, -17, 172.4512
57.11982, -17, 172.4729
56.04781, -17, 172.4557
54.97581, -17, 172.4135
53.9038, -17, 172.3601
52.8318, -17, 172.3083
51.75979, -17, 172.2694
50.68779, -17, 172.2593
49.61578, -17, 172.2685
48.54378, -17, 172.3034
47.47178, -17, 172.35
46.39977, -17, 172.4062
45.32777, -17, 172.4688
44.25576, -17, 172.5345
43.18375, -17, 172.5979
42.11175, -17, 172.6491
41.03975, -17, 172.6703
39.96774, -17, 172.6379
38.89574, -17, 172.6908
37.82373, -17, 172.6985
36.75173, -17, 172.6829
35.67972, -17, 172.6579
34.60772, -17, 172.6252
33.53571, -17, 172.5839
32.46371, -17, 172.5335
31.3917, -17, 172.4748
30.3197, -17, 172.3661
29.2477, -17, 172.3098
28.17569, -17, 172.2004
27.10369, -17, 172.0636
26.03168, -17, 171.9211
24.95968, -17, 171.7725
23.88767, -17, 171.6216
22.81567, -17, 171.4753
21.74366, -17, 171.3463
20.67166, -17, 171.255
19.59966, -17, 171.1177
18.52765, -17, 170.8018
17.45564, -17, 170.6184
16.38364, -17, 170.4487
15.31164, -17, 170.2751
14.23963, -17, 170.0876
13.16763, -17, 169.8665
12.09562, -17, 169.5483
11.02362, -17, 169.0243
9.951612, -17, 171.1855
8.879608, -17, 169.3637
7.807604, -17, 169.6016
6.735599, -17, 169.9318
5.663594, -17, 169.5933
4.59159, -17, 168.2147
3.519585, -17, 167.4856
2.447581, -17, 169.0973
1.375576, -17, 170.2733
0.3035714, -17, 172.9144
-0.7650376, -17, 171.6954
-1.833647, -17, 171.0753
-2.902256, -17, 170.9868
-3.970865, -17, 171.0412
-5.039474, -17, 171.1466
-6.108083, -17, 171.2752
-7.176692, -17, 171.418
-8.2453, -17, 171.5703
-9.31391, -17, 171.709
-10.38252, -17, 171.6907
-11.45113, -17, 171.6708
-12.51974, -17, 171.6478
-13.58835, -17, 171.6264
-14.65695, -17, 171.6053
-15.72556, -17, 171.5842
-16.79417, -17, 171.5632
-17.86278, -17, 171.5423
-18.93139, -17, 171.5215
98.92818, -18, 183.2456
97.85638, -18, 183.1654
96.78456, -18, 183.177
95.71275, -18, 183.2002
94.64094, -18, 183.2237
93.56912, -18, 183.2446
92.49731, -18, 183.264
91.4255, -18, 183.304
90.35368, -18, 183.5627
89.28188, -18, 183.4159
88.21006, -18, 183.2641
87.13825, -18, 183.2086
86.06644, -18, 183.1543
84.99462, -18, 183.1027
83.92281, -18, 183.0631
82.851, -18, 183.0497
81.77918, -18, 183.0842
80.70737, -18, 183.159
79.63556, -18, 183.1554
78.56375, -18, 182.9774
77.49194, -18, 182.8439
76.42012, -18, 182.7651
75.34831, -18, 182.7164
74.2765, -18, 182.6785
73.20468, -18, 182.636
72.13287, -18, 182.5714
71.06106, -18, 182.4755
69.98925, -18, 182.3698
68.91743, -18, 182.3765
67.84562, -18, 182.4092
66.77381, -18, 182.4305
65.702, -18, 182.4289
64.63019, -18, 182.4084
63.55837, -18, 182.3694
62.48656, -18, 182.3084
61.41475, -18, 182.2232
60.34293, -18, 182.1564
59.27112, -18, 182.1611
58.19931, -18, 182.1978
57.12749, -18, 182.2239
56.05568, -18, 182.2223
54.98387, -18, 182.2047
53.91206, -18, 182.1799
52.84024, -18, 182.1541
51.76843, -18, 182.1331
50.69662, -18, 182.1018
49.62481, -18, 182.0775
48.55299, -18, 182.1414
47.48118, -18, 182.1694
46.40937, -18, 182.1981
45.33756, -18, 182.2283
44.26574, -18, 182.2567
43.19393, -18, 182.2787
42.12212, -18, 182.2838
41.05031, -18, 182.2304
39.97849, -18, 181.9085
38.90668, -18, 182.2221
37.83487, -18, 182.2719
36.76306, -18, 182.2691
35.69125, -18, 182.2492
34.61943, -18, 182.2198
33.54762, -18, 182.1823
32.47581, -18, 182.1337
31.40399, -18, 182.0566
30.33218, -18, 181.8332
29.26037, -18, 181.8729
28.18856, -18, 181.8574
27.11674, -18, 181.7595
26.04493, -18, 181.6446
24.97312, -18, 181.5248
23.90131, -18, 181.406
22.82949, -18, 181.2943
21.75768, -18, 181.2023
20.68587, -18, 181.1864
19.61406, -18, 181.102
18.54224, -18, 180.7378
17.47043, -18, 180.5409
16.39862, -18, 180.3945
15.32681, -18, 180.2493
14.25499, -18, 180.0765
13.18318, -18, 179.8441
12.11137, -18, 179.5127
11.03955, -18, 179.1178
9.967742, -18, 177.4925
8.895929, -18, 179.0623
7.824117, -18, 179.6543
6.752304, -18, 180.0859
5.680491, -18, 180.4716
4.608679, -18, 180.5503
3.536866, -18, 179.5452
2.465054, -18, 181.901
1.393241, -18, 183.9429
0.3214286, -18, 183.1451
-0.7481203, -18, 182.306
-1.817669, -18, 181.3768
-2.887218, -18, 181.1005
-3.956767, -18, 181.0298
-5.026316, -18, 181.0407
-6.095865, -18, 181.0912
-7.165413, -18, 181.1634
-8.234962, -18, 181.2435
-9.304511, -18, 181.29
-10.37406, -18, 181.1948
-11.44361, -18, 181.1717
-12.51316, -18, 181.1495
-13.58271, -18, 181.1274
-14.65226, -18, 181.1059
-15.7218, -18, 181.0848
-16.79135, -18, 181.0638
-17.8609, -18, 181.0428
-18.93045, -18, 181.0215
98.92838, -19, 192.9017
97.85676, -19, 192.7791
96.78514, -19, 192.7441
95.71352, -19, 192.7403
94.6419, -19, 192.7457
93.57027, -19, 192.7566
92.49866, -19, 192.7806
91.42703, -19, 192.8507
90.35542, -19, 192.9875
89.28379, -19, 192.9314
88.21217, -19, 192.8175
87.14056, -19, 192.777
86.06893, -19, 192.7612
84.99731, -19, 192.7532
83.92569, -19, 192.7541
82.85407, -19, 192.7683
81.78245, -19, 192.7939
80.71083, -19, 192.8406
79.63921, -19, 192.8265
78.56759, -19, 192.7101
77.49596, -19, 192.6262
76.42435, -19, 192.5527
75.35273, -19, 192.4911
74.2811, -19, 192.4353
73.20949, -19, 192.3781
72.13786, -19, 192.3157
71.06625, -19, 192.2502
69.99462, -19, 192.1769
68.923, -19, 192.1681
67.85138, -19, 192.1606
66.77976, -19, 192.1575
65.70814, -19, 192.1526
64.63652, -19, 192.1396
63.5649, -19, 192.1183
62.49328, -19, 192.0909
61.42166, -19, 192.0673
60.35004, -19, 192.0351
59.27842, -19, 192.0312
58.2068, -19, 192.0399
57.13518, -19, 192.0426
56.06356, -19, 192.0426
54.99194, -19, 192.036
53.92031, -19, 192.0254
52.84869, -19, 192.0133
51.77707, -19, 191.9986
50.70545, -19, 191.9714
49.63383, -19, 191.9524
48.56221, -19, 191.9717
47.49059, -19, 191.9847
46.41897, -19, 191.9892
45.34735, -19, 191.9909
44.27573, -19, 191.9894
43.20411, -19, 191.9811
42.13249, -19, 191.9554
41.06087, -19, 191.8834
39.98925, -19, 191.7901
38.91763, -19, 191.8488
37.846, -19, 191.8934
36.77439, -19, 191.8941
35.70277, -19, 191.8771
34.63115, -19, 191.8511
33.55952, -19, 191.8172
32.4879, -19, 191.7713
31.41628, -19, 191.6959
30.34466, -19, 191.568
29.27304, -19, 191.5496
28.20142, -19, 191.538
27.1298, -19, 191.4665
26.05818, -19, 191.3753
24.98656, -19, 191.2787
23.91494, -19, 191.1824
22.84332, -19, 191.0918
21.7717, -19, 191.0184
20.70008, -19, 191.0037
19.62846, -19, 190.8976
18.55684, -19, 190.6924
17.48521, -19, 190.5524
16.4136, -19, 190.4399
15.34197, -19, 190.3359
14.27035, -19, 190.2192
13.19873, -19, 190.0745
12.12711, -19, 189.8939
11.05549, -19, 189.4912
9.983871, -19, 187.5786
8.912251, -19, 189.1323
7.84063, -19, 189.9016
6.769009, -19, 190.4248
5.697389, -19, 191.4546
4.625768, -19, 192.9525
3.554147, -19, 192.5626
2.482527, -19, 192.4387
1.410906, -19, 192.3107
0.3392857, -19, 191.8125
-0.731203, -19, 191.5543
-1.801692, -19, 191.232
-2.87218, -19, 190.9679
-3.942669, -19, 190.8542
-5.013158, -19, 190.8095
-6.083647, -19, 190.7998
-7.154135, -19, 190.8076
-8.224624, -19, 190.8157
-9.295113, -19, 190.7667
-10.3656, -19, 190.6986
-11.43609, -19, 190.6704
-12.50658, -19, 190.6487
-13.57707, -19, 190.6273
-14.64756, -19, 190.606
-15.71805, -19, 190.5849
-16.78853, -19, 190.5637
-17.85902, -19, 190.5425
-18.92951, -19, 190.5214
2.017, 0.8, -7.0607
3.0821, 0.8, -6.4538
4.1471, 0.8, -6.3794
5.2121, 0.8, -6.174
6.2772, 0.8, -6.4795
7.3422, 0.8, -6.3671
8.4072, 0.8, -5.9454
9.4723, 0.8, -5.0933
10.5373, 0.8, -5.39871
11.6023, 0.8, -5.88437
12.6674, 0.8, -5.79267
13.7324, 0.8, -5.66509
14.7974, 0.8, -5.53558
15.8625, 0.8, -5.40929
16.9275, 0.8, -5.29448
17.9925, 0.8, -5.19808
19.0575, 0.8, -5.08803
20.1226, 0.8, -4.82313
21.1876, 0.8, -5.23277
22.2526, 0.8, -5.48377
23.3177, 0.8, -5.76139
24.3827, 0.8, -6.04892
25.4477, 0.8, -6.32733
26.5128, 0.8, -6.57114
27.5778, 0.8, -6.73776
28.6428, 0.8, -6.73311
29.7079, 0.8, -6.06113
30.7729, 0.8, -6.88604
31.8379, 0.8, -7.54579
32.903, 0.8, -7.91893
33.968, 0.8, -8.18891
35.033, 0.8, -8.39795
36.0981, 0.8, -8.56345
37.1631, 0.8, -8.69879
38.2281, 0.8, -8.84593
39.2932, 0.8, -9.37124
40.3582, 0.8, -9.9219
41.4232, 0.8, -9.26236
42.4883, 0.8, -9.25502
43.5533, 0.8, -9.30185
44.6183, 0.8, -9.33319
45.6834, 0.8, -9.3464
46.7484, 0.8, -9.34621
47.8134, 0.8, -9.34045
48.8785, 0.8, -9.35782
49.9435, 0.8, -8.82716
51.0085, 0.8, -9.55824
52.0735, 0.8, -9.87317
53.1386, 0.8, -10.1466
54.2036, 0.8, -10.4003
55.2686, 0.8, -10.6505
56.3337, 0.8, -10.906
57.3987, 0.8, -11.165
58.4637, 0.8, -11.3356
59.5288, 0.8, -10.402
60.5938, 0.8, -10.6167
61.6588, 0.8, -11.2775
62.7239, 0.8, -11.1446
63.7889, 0.8, -10.9652
64.8539, 0.8, -10.7728
65.919, 0.8, -10.5299
66.984, 0.8, -10.1875
68.049, 0.8, -9.66674
69.1141, 0.8, -8.93067
70.1791, 0.8, -8.38072
71.2441, 0.8, -8.84424
72.3092, 0.8, -9.14413
73.3742, 0.8, -9.3485
74.4392, 0.8, -9.41812
75.5043, 0.8, -9.35272
76.5693, 0.8, -9.14671
77.6343, 0.8, -8.81918
78.6994, 0.8, -8.74479
79.7644, 0.8, -11.3308
80.8294, 0.8, -9.62431
81.8945, 0.8, -9.19023
82.9595, 0.8, -9.65726
84.0245, 0.8, -10.0492
85.0895, 0.8, -10.3424
86.1546, 0.8, -10.5922
87.2196, 0.8, -10.8729
88.2846, 0.8, -11.2664
89.3497, 0.8, -11.5358
90.4147, 0.8, -11.5297
91.4797, 0.8, -12.1093
92.5448, 0.8, -12.1782
93.6098, 0.8, -12.3157
94.6748, 0.8, -12.5086
95.7399, 0.8, -12.7251
96.8049, 0.8, -12.9473
97.8699, 0.8, -13.1669
98.935, 0.8, -13.5108
2.9588, 1.6, -15.2007
4.01359, 1.6, -15.4172
5.06839, 1.6, -15.7368
6.12318, 1.6, -14.8865
7.17798, 1.6, -14.3048
8.23277, 1.6, -13.8258
9.28757, 1.6, -13.3164
10.3424, 1.6, -12.9487
11.3972, 1.6, -13.35
12.452, 1.6, -13.4415
13.5068, 1.6, -13.3632
14.5615, 1.6, -13.2587
15.6163, 1.6, -13.1557
16.6711, 1.6, -13.0631
17.7259, 1.6, -12.9857
18.7807, 1.6, -12.9474
19.8355, 1.6, -13.246
20.8903, 1.6, -13.1017
21.9451, 1.6, -13.2597
22.9999, 1.6, -13.5175
24.0547, 1.6, -13.7994
25.1095, 1.6, -14.0821
26.1643, 1.6, -14.3514
27.2191, 1.6, -14.5672
28.2739, 1.6, -14.6647
29.3287, 1.6, -14.4498
30.3835, 1.6, -14.382
31.4383, 1.6, -15.2708
32.4931, 1.6, -15.706
33.5479, 1.6, -16.0129
34.6027, 1.6, -16.2405
35.6575, 1.6, -16.4348
36.7123, 1.6, -16.6006
37.7671, 1.6, -16.7201
38.8218, 1.6, -16.8765
39.8766, 1.6, -17.7293
40.9314, 1.6, -17.0882
41.9862, 1.6, -17.0484
43.041, 1.6, -17.0835
44.0958, 1.6, -17.0821
45.1506, 1.6, -17.0514
46.2054, 1.6, -16.987
47.2602, 1.6, -16.8735
48.315, 1.6, -16.6513
49.3698, 1.6, -16.1162
50.4246, 1.6, -16.0567
51.4794, 1.6, -16.9983
52.5342, 1.6, -17.5877
53.589, 1.6, -18.0013
54.6438, 1.6, -18.3652
55.6986, 1.6, -18.7049
56.7534, 1.6, -19.0399
57.8082, 1.6, -19.3616
58.863, 1.6, -19.4545
59.9178, 1.6, -18.3329
60.9726, 1.6, -19.537
62.0274, 1.6, -19.6695
63.0821, 1.6, -19.5478
64.1369, 1.6, -19.3962
65.1917, 1.6, -19.2257
66.2465, 1.6, -19.0177
67.3013, 1.6, -18.695
68.3561, 1.6, -18.1798
69.4109, 1.6, -17.4586
70.4657, 1.6, -17.2807
71.5205, 1.6, -17.603
72.5753, 1.6, -17.9203
73.6301, 1.6, -18.1046
74.6849, 1.6, -18.1214
75.7397, 1.6, -18.0344
76.7945, 1.6, -17.7997
77.8493, 1.6, -17.2802
78.9041, 1.6, -16.607
79.9589, 1.6, -18.1216
81.0137, 1.6, -16.8222
82.0685, 1.6, -17.722
83.1233, 1.6, -18.4254
84.1781, 1.6, -18.8266
85.2329, 1.6, -19.105
86.2877, 1.6, -19.3578
87.3425, 1.6, -19.5695
88.3972, 1.6, -19.7102
89.452, 1.6, -19.5152
90.5068, 1.6, -19.8459
91.5616, 1.6, -20.7316
92.6164, 1.6, -21.0998
93.6712, 1.6, -21.3609
94.726, 1.6, -21.6099
95.7808, 1.6, -21.9175
96.8356, 1.6, -22.2627
97.8904, 1.6, -22.5827
98.9452, 1.6, -23.1111
3.90056, 2.4, -22.941
4.94512, 2.4, -24.6439
5.98968, 2.4, -23.1552
7.03424, 2.4, -22.2524
8.0788, 2.4, -21.8222
9.12335, 2.4, -21.5413
10.1679, 2.4, -21.109
11.2125, 2.4, -20.9225
12.257, 2.4, -20.9982
13.3016, 2.4, -20.9973
14.3462, 2.4, -20.9309
15.3907, 2.4, -20.85
16.4353, 2.4, -20.7746
17.4798, 2.4, -20.7113
18.5244, 2.4, -20.7152
19.5689, 2.4, -21.0516
20.6135, 2.4, -21.0531
21.6581, 2.4, -21.0493
22.7026, 2.4, -21.2676
23.7472, 2.4, -21.523
24.7917, 2.4, -21.7967
25.8363, 2.4, -22.0851
26.8809, 2.4, -22.3771
27.9254, 2.4, -22.6412
28.97, 2.4, -22.7437
30.0145, 2.4, -22.9988
31.0591, 2.4, -23.1979
32.1037, 2.4, -23.6089
33.1482, 2.4, -23.8417
34.1928, 2.4, -24.041
35.2373, 2.4, -24.2431
36.2819, 2.4, -24.4569
37.3265, 2.4, -24.6805
38.371, 2.4, -24.8418
39.4156, 2.4, -24.7254
40.4601, 2.4, -24.65
41.5047, 2.4, -24.9492
42.5492, 2.4, -24.9473
43.5938, 2.4, -24.8971
44.6384, 2.4, -24.8429
45.6829, 2.4, -24.7602
46.7275, 2.4, -24.6073
47.772, 2.4, -24.3069
48.8166, 2.4, -23.7865
49.8612, 2.4, -23.1065
50.9057, 2.4, -23.8906
51.9503, 2.4, -24.7933
52.9948, 2.4, -25.4828
54.0394, 2.4, -26.0018
55.084, 2.4, -26.43
56.1285, 2.4, -26.814
57.1731, 2.4, -27.1715
58.2176, 2.4, -27.5039
59.2622, 2.4, -27.987
60.3068, 2.4, -28.7638
61.3513, 2.4, -28.088
62.3959, 2.4, -28.0256
63.4404, 2.4, -27.9085
64.485, 2.4, -27.7689
65.5295, 2.4, -27.6374
66.5741, 2.4, -27.5172
67.6187, 2.4, -27.3899
68.6632, 2.4, -27.0497
69.7078, 2.4, -26.4232
70.7523, 2.4, -26.3835
71.7969, 2.4, -26.8249
72.8415, 2.4, -26.8761
73.886, 2.4, -26.8076
74.9306, 2.4, -26.7335
75.9751, 2.4, -26.6612
77.0197, 2.4, -26.5584
78.0643, 2.4, -26.2113
79.1088, 2.4, -24.6836
80.1534, 2.4, -22.2088
81.1979, 2.4, -25.5096
82.2425, 2.4, -26.7527
83.2871, 2.4, -27.1372
84.3316, 2.4, -27.371
85.3762, 2.4, -27.6044
86.4207, 2.4, -27.8736
87.4653, 2.4, -28.1335
88.5098, 2.4, -28.1513
89.5544, 2.4, -28.0402
90.599, 2.4, -28.5713
91.6435, 2.4, -29.3654
92.6881, 2.4, -29.7927
93.7326, 2.4, -30.0135
94.7772, 2.4, -30.2831
95.8218, 2.4, -30.684
96.8663, 2.4, -31.2542
97.9109, 2.4, -31.9863
98.9554, 2.4, -32.5836
4.84232, 3.2, -31.2463
5.87665, 3.2, -30.1898
6.91097, 3.2, -29.4946
7.94529, 3.2, -29.2868
8.97961, 3.2, -29.2696
10.0139, 3.2, -29.1928
11.0483, 3.2, -28.7979
12.0826, 3.2, -28.6311
13.1169, 3.2, -28.5757
14.1512, 3.2, -28.5095
15.1855, 3.2, -28.4412
16.2199, 3.2, -28.3929
17.2542, 3.2, -28.3886
18.2885, 3.2, -28.4411
19.3228, 3.2, -28.6137
20.3572, 3.2, -28.7829
21.3915, 3.2, -28.831
22.4258, 3.2, -28.9837
23.4601, 3.2, -29.1795
24.4945, 3.2, -29.428
25.5288, 3.2, -29.7249
26.5631, 3.2, -30.0654
27.5974, 3.2, -30.4511
28.6317, 3.2, -30.9072
29.6661, 3.2, -31.5637
30.7004, 3.2, -31.5757
31.7347, 3.2, -31.5626
32.769, 3.2, -31.6517
33.8034, 3.2, -31.7949
34.8377, 3.2, -31.9789
35.872, 3.2, -32.2012
36.9063, 3.2, -32.4628
37.9406, 3.2, -32.7509
38.975, 3.2, -32.8593
40.0093, 3.2, -31.3832
41.0436, 3.2, -32.8462
42.0779, 3.2, -32.8497
43.1123, 3.2, -32.7507
44.1466, 3.2, -32.6811
45.1809, 3.2, -32.6076
46.2152, 3.2, -32.4815
47.2495, 3.2, -32.2398
48.2839, 3.2, -31.7965
49.3182, 3.2, -31.1628
50.3525, 3.2, -31.0924
51.3868, 3.2, -32.0918
52.4212, 3.2, -32.9398
53.4555, 3.2, -33.5981
54.4898, 3.2, -34.1214
55.5241, 3.2, -34.5618
56.5585, 3.2, -34.9605
57.5928, 3.2, -35.3697
58.6271, 3.2, -35.9541
59.6614, 3.2, -37.823
60.6957, 3.2, -37.251
61.7301, 3.2, -36.4983
62.7644, 3.2, -36.3119
63.7987, 3.2, -36.1784
64.833, 3.2, -36.0692
65.8674, 3.2, -36.0016
66.9017, 3.2, -36.0064
67.936, 3.2, -36.122
68.9703, 3.2, -36.2855
70.0046, 3.2, -35.5878
71.039, 3.2, -35.991
72.0733, 3.2, -35.7859
73.1076, 3.2, -35.5072
74.1419, 3.2, -35.3069
75.1763, 3.2, -35.1898
76.2106, 3.2, -35.1509
77.2449, 3.2, -35.1661
78.2792, 3.2, -35.064
79.3135, 3.2, -32.9236
80.3479, 3.2, -30.7605
81.3822, 3.2, -34.9801
82.4165, 3.2, -35.3834
83.4508, 3.2, -35.4704
84.4852, 3.2, -35.5879
85.5195, 3.2, -35.7752
86.5538, 3.2, -36.0359
87.5881, 3.2, -36.3702
88.6225, 3.2, -36.7552
89.6568, 3.2, -37.0082
90.6911, 3.2, -37.555
91.7254, 3.2, -37.8624
92.7597, 3.2, -37.9877
93.7941, 3.2, -38.1718
94.8284, 3.2, -38.473
95.8627, 3.2, -38.9461
96.897, 3.2, -39.6662
97.9314, 3.2, -40.7233
98.9657, 3.2, -41.8867
5.78409, 4, -35.8078
6.80817, 4, -35.8061
7.83226, 4, -36.0701
8.85634, 4, -36.4413
9.88043, 4, -36.7816
10.9045, 4, -36.5897
11.9286, 4, -36.37
12.9527, 4, -36.1827
13.9768, 4, -36.0568
15.0009, 4, -35.9656
16.0249, 4, -35.9236
17.049, 4, -35.9429
18.0731, 4, -36.0545
19.0972, 4, -36.1596
20.1213, 4, -35.9957
21.1454, 4, -36.4963
22.1695, 4, -36.5846
23.1935, 4, -36.725
24.2176, 4, -36.9626
25.2417, 4, -37.2674
26.2658, 4, -37.6273
27.2899, 4, -38.0636
28.314, 4, -38.6878
29.3381, 4, -39.6524
30.3622, 4, -40.0829
31.3862, 4, -39.6065
32.4103, 4, -39.429
33.4344, 4, -39.4955
34.4585, 4, -39.6528
35.4826, 4, -39.8567
36.5067, 4, -40.1034
37.5308, 4, -40.4001
38.5548, 4, -40.7138
39.5789, 4, -40.7576
40.603, 4, -40.7947
41.6271, 4, -40.7157
42.6512, 4, -40.6116
43.6753, 4, -40.5467
44.6994, 4, -40.5015
45.7234, 4, -40.4366
46.7475, 4, -40.3057
47.7716, 4, -40.0449
48.7957, 4, -39.5893
49.8198, 4, -38.9299
50.8439, 4, -39.7335
51.868, 4, -40.6561
52.892, 4, -41.3436
53.9161, 4, -41.8917
54.9402, 4, -42.3595
55.9643, 4, -42.8
56.9884, 4, -43.2642
58.0125, 4, -43.84
59.0366, 4, -44.8419
60.0606, 4, -46.1656
61.0847, 4, -45.3427
62.1088, 4, -44.78
63.1329, 4, -44.5245
64.157, 4, -44.3702
65.1811, 4, -44.2927
66.2052, 4, -44.3027
67.2292, 4, -44.4429
68.2533, 4, -44.8479
69.2774, 4, -45.6864
70.3015, 4, -45.667
71.3256, 4, -44.9045
72.3497, 4, -44.1957
73.3738, 4, -43.7993
74.3979, 4, -43.5718
75.4219, 4, -43.4492
76.446, 4, -43.4149
77.4701, 4, -43.482
78.4942, 4, -43.6045
79.5183, 4, -42.9713
80.5424, 4, -43.1657
81.5665, 4, -43.6314
82.5905, 4, -43.5266
83.6146, 4, -43.5217
84.6387, 4, -43.6228
85.6628, 4, -43.7812
86.6869, 4, -43.9952
87.711, 4, -44.377
88.7351, 4, -45.1406
89.7591, 4, -46.044
90.7832, 4, -46.2901
91.8073, 4, -45.858
92.8314, 4, -45.8016
93.8555, 4, -46.0361
94.8796, 4, -46.3898
95.9037, 4, -46.854
96.9277, 4, -47.5181
97.9518, 4, -48.6265
98.9759, 4, -50.3194
6.72585, 4.8, -41.5337
7.7397, 4.8, -42.4602
8.75355, 4.8, -43.2806
9.7674, 4.8, -44.1169
10.7812, 4.8, -44.2335
11.7951, 4.8, -43.9897
12.8089, 4.8, -43.7093
13.8228, 4.8, -43.4647
14.8366, 4.8, -43.3271
15.8505, 4.8, -43.2866
16.8643, 4.8, -43.3287
17.8782, 4.8, -43.4346
18.892, 4.8, -43.5567
19.9059, 4.8, -43.4604
20.9197, 4.8, -43.8728
21.9336, 4.8, -43.9898
22.9474, 4.8, -44.1579
23.9613, 4.8, -44.4137
24.9751, 4.8, -44.7422
25.989, 4.8, -45.131
27.0028, 4.8, -45.5879
28.0167, 4.8, -46.1571
29.0305, 4.8, -47.0369
30.0444, 4.8, -48.2227
31.0582, 4.8, -47.4976
32.0721, 4.8, -47.1881
33.0859, 4.8, -47.1894
34.0998, 4.8, -47.304
35.1136, 4.8, -47.4753
36.1275, 4.8, -47.6859
37.1413, 4.8, -47.9338
38.1552, 4.8, -48.2414
39.169, 4.8, -48.8002
40.1829, 4.8, -49.8585
41.1967, 4.8, -48.6102
42.2106, 4.8, -48.4274
43.2244, 4.8, -48.3961
44.2383, 4.8, -48.4003
45.2521, 4.8, -48.4081
46.266, 4.8, -48.3928
47.2798, 4.8, -48.3293
48.2937, 4.8, -48.1585
49.3075, 4.8, -47.7332
50.3214, 4.8, -47.6335
51.3352, 4.8, -48.6602
52.3491, 4.8, -49.3397
53.3629, 4.8, -49.815
54.3768, 4.8, -50.2365
55.3906, 4.8, -50.6532
56.4045, 4.8, -51.1142
57.4183, 4.8, -51.6977
58.4322, 4.8, -52.4386
59.446, 4.8, -53.0406
60.4599, 4.8, -53.3808
61.4737, 4.8, -53.3006
62.4876, 4.8, -52.8719
63.5014, 4.8, -52.581
64.5153, 4.8, -52.4409
65.5291, 4.8, -52.4171
66.543, 4.8, -52.5152
67.5568, 4.8, -52.7867
68.5707, 4.8, -53.3815
69.5845, 4.8, -55.0351
70.5984, 4.8, -54.6003
71.6122, 4.8, -52.9592
72.6261, 4.8, -52.2623
73.6399, 4.8, -51.894
74.6538, 4.8, -51.6779
75.6676, 4.8, -51.5568
76.6815, 4.8, -51.5118
77.6953, 4.8, -51.5737
78.7092, 4.8, -52.1238
79.723, 4.8, -56.3841
80.7369, 4.8, -53.3247
81.7507, 4.8, -51.6705
82.7646, 4.8, -51.4945
83.7784, 4.8, -51.5679
84.7923, 4.8, -51.7034
85.8061, 4.8, -51.8625
86.82, 4.8, -52.037
87.8338, 4.8, -52.2915
88.8477, 4.8, -53.0676
89.8615, 4.8, -55.0104
90.8754, 4.8, -53.9687
91.8892, 4.8, -53.4382
92.9031, 4.8, -53.6386
93.9169, 4.8, -53.9758
94.9308, 4.8, -54.3409
95.9446, 4.8, -54.7372
96.9585, 4.8, -55.2032
97.9723, 4.8, -55.8924
98.9862, 4.8, -57.6402
7.66761, 5.6, -48.7679
8.67123, 5.6, -50.0725
9.67484, 5.6, -51.3672
10.6785, 5.6, -51.7122
11.6821, 5.6, -51.3348
12.6857, 5.6, -50.8631
13.6893, 5.6, -50.5714
14.6929, 5.6, -50.424
15.6965, 5.6, -50.3872
16.7001, 5.6, -50.4346
17.7037, 5.6, -50.5381
18.7074, 5.6, -50.6943
19.711, 5.6, -51.074
20.7146, 5.6, -51.0599
21.7182, 5.6, -51.146
22.7218, 5.6, -51.4059
23.7254, 5.6, -51.7259
24.729, 5.6, -52.1033
25.7326, 5.6, -52.5339
26.7363, 5.6, -53.0117
27.7399, 5.6, -53.534
28.7435, 5.6, -54.0959
29.7471, 5.6, -55.2146
30.7507, 5.6, -54.9368
31.7543, 5.6, -54.8145
32.7579, 5.6, -54.8431
33.7615, 5.6, -54.9338
34.7652, 5.6, -55.0673
35.7688, 5.6, -55.2371
36.7724, 5.6, -55.4409
37.776, 5.6, -55.7015
38.7796, 5.6, -56.1631
39.7832, 5.6, -57.6543
40.7868, 5.6, -56.7208
41.7905, 5.6, -56.2427
42.7941, 5.6, -56.2081
43.7977, 5.6, -56.2713
44.8013, 5.6, -56.3598
45.8049, 5.6, -56.4551
46.8085, 5.6, -56.5359
47.8121, 5.6, -56.5852
48.8157, 5.6, -56.62
49.8194, 5.6, -56.2813
50.823, 5.6, -56.9579
51.8266, 5.6, -57.4721
52.8302, 5.6, -57.8813
53.8338, 5.6, -58.232
54.8374, 5.6, -58.5651
55.841, 5.6, -58.9425
56.8446, 5.6, -59.3939
57.8483, 5.6, -59.9572
58.8519, 5.6, -60.5242
59.8555, 5.6, -60.4581
60.8591, 5.6, -61.0594
61.8627, 5.6, -60.9383
62.8663, 5.6, -60.6398
63.8699, 5.6, -60.4491
64.8736, 5.6, -60.3718
65.8772, 5.6, -60.4102
66.8808, 5.6, -60.5635
67.8844, 5.6, -60.8696
68.888, 5.6, -61.4743
69.8916, 5.6, -63.9151
70.8952, 5.6, -61.765
71.8988, 5.6, -60.7
72.9025, 5.6, -60.1635
73.9061, 5.6, -59.8436
74.9097, 5.6, -59.6493
75.9133, 5.6, -59.5363
76.9169, 5.6, -59.5166
77.9205, 5.6, -59.7074
78.9241, 5.6, -60.9504
79.9277, 5.6, -67.2197
80.9314, 5.6, -61.2662
81.935, 5.6, -59.6967
82.9386, 5.6, -59.5557
83.9422, 5.6, -59.6748
84.9458, 5.6, -59.8583
85.9494, 5.6, -60.0437
86.953, 5.6, -60.2063
87.9566, 5.6, -60.3304
88.9603, 5.6, -60.5115
89.9639, 5.6, -62.194
90.9675, 5.6, -60.8561
91.9711, 5.6, -61.2127
92.9747, 5.6, -61.6397
93.9783, 5.6, -62.0081
94.9819, 5.6, -62.3237
95.9855, 5.6, -62.6244
96.9892, 5.6, -62.9082
97.9928, 5.6, -63.2286
98.9964, 5.6, -63.9412
8.60938, 6.4, -56.7844
9.60275, 6.4, -58.6095
10.5961, 6.4, -59.0884
11.5895, 6.4, -58.1952
12.5829, 6.4, -57.6344
13.5763, 6.4, -57.3429
14.5696, 6.4, -57.2208
15.563, 6.4, -57.21
16.5564, 6.4, -57.2772
17.5498, 6.4, -57.4017
18.5431, 6.4, -57.5874
19.5365, 6.4, -57.9897
20.5299, 6.4, -58.0795
21.5233, 6.4, -58.1217
22.5166, 6.4, -58.4471
23.51, 6.4, -58.8388
24.5034, 6.4, -59.2693
25.4968, 6.4, -59.7433
26.4902, 6.4, -60.2618
27.4835, 6.4, -60.8035
28.4769, 6.4, -61.2708
29.4703, 6.4, -61.5975
30.4637, 6.4, -61.8974
31.457, 6.4, -62.2227
32.4504, 6.4, -62.3818
33.4438, 6.4, -62.4722
34.4372, 6.4, -62.5895
35.4305, 6.4, -62.7437
36.4239, 6.4, -62.9269
37.4173, 6.4, -63.1452
38.4107, 6.4, -63.4764
39.404, 6.4, -64.0105
40.3974, 6.4, -64.2369
41.3908, 6.4, -64.0526
42.3842, 6.4, -63.9967
43.3775, 6.4, -64.0693
44.3709, 6.4, -64.1895
45.3643, 6.4, -64.3476
46.3577, 6.4, -64.5593
47.3511, 6.4, -64.8411
48.3444, 6.4, -65.1438
49.3378, 6.4, -65.449
50.3312, 6.4, -65.7183
51.3246, 6.4, -65.8318
52.3179, 6.4, -66.0143
53.3113, 6.4, -66.1267
54.3047, 6.4, -66.2818
55.2981, 6.4, -66.527
56.2914, 6.4, -66.8821
57.2848, 6.4, -67.3392
58.2782, 6.4, -67.7702
59.2716, 6.4, -68.241
60.2649, 6.4, -68.6045
61.2583, 6.4, -68.3956
62.2517, 6.4, -68.265
63.2451, 6.4, -68.0842
64.2384, 6.4, -67.9717
65.2318, 6.4, -67.9775
66.2252, 6.4, -68.0947
67.2186, 6.4, -68.3055
68.212, 6.4, -68.5734
69.2053, 6.4, -68.9951
70.1987, 6.4, -69.0873
71.1921, 6.4, -68.8252
72.1855, 6.4, -68.3171
73.1788, 6.4, -67.965
74.1722, 6.4, -67.7586
75.1656, 6.4, -67.6389
76.159, 6.4, -67.5724
77.1523, 6.4, -67.5884
78.1457, 6.4, -67.9634
79.1391, 6.4, -68.9985
80.1325, 6.4, -69.2652
81.1258, 6.4, -68.5677
82.1192, 6.4, -67.8452
83.1126, 6.4, -67.7892
84.106, 6.4, -67.9657
85.0994, 6.4, -68.1662
86.0927, 6.4, -68.3498
87.0861, 6.4, -68.4949
88.0795, 6.4, -68.4981
89.0729, 6.4, -67.9886
90.0662, 6.4, -67.1004
91.0596, 6.4, -68.3154
92.053, 6.4, -69.2453
93.0464, 6.4, -69.6966
94.0397, 6.4, -69.9356
95.0331, 6.4, -70.1302
96.0265, 6.4, -70.3408
97.0199, 6.4, -70.5743
98.0132, 6.4, -70.6781
99.0066, 6.4, -70.373
9.55114, 7.2, -65.6298
10.5343, 7.2, -65.8433
11.5174, 7.2, -64.5452
12.5006, 7.2, -64.0132
13.4837, 7.2, -63.7919
14.4668, 7.2, -63.7273
15.45, 7.2, -63.7664
16.4331, 7.2, -63.883
17.4163, 7.2, -64.0607
18.3994, 7.2, -64.2763
19.3825, 7.2, -64.5518
20.3657, 7.2, -64.7207
21.3488, 7.2, -64.9549
22.332, 7.2, -65.3307
23.3151, 7.2, -65.7451
24.2982, 7.2, -66.2094
25.2814, 7.2, -66.7218
26.2645, 7.2, -67.2761
27.2477, 7.2, -67.863
28.2308, 7.2, -68.4441
29.2139, 7.2, -68.6854
30.1971, 7.2, -68.2906
31.1802, 7.2, -69.5018
32.1634, 7.2, -69.7303
33.1465, 7.2, -69.854
34.1296, 7.2, -69.9989
35.1128, 7.2, -70.1713
36.0959, 7.2, -70.3662
37.0791, 7.2, -70.5765
38.0622, 7.2, -70.7891
39.0453, 7.2, -70.9227
40.0285, 7.2, -70.3767
41.0116, 7.2, -71.4392
41.9948, 7.2, -71.6682
42.9779, 7.2, -71.7901
43.961, 7.2, -71.9114
44.9442, 7.2, -72.0733
45.9273, 7.2, -72.312
46.9104, 7.2, -72.6719
47.8936, 7.2, -73.2088
48.8767, 7.2, -73.8896
49.8599, 7.2, -74.8632
50.843, 7.2, -74.4587
51.8261, 7.2, -74.1517
52.8093, 7.2, -73.8727
53.7924, 7.2, -73.7736
54.7756, 7.2, -73.8277
55.7587, 7.2, -74.012
56.7418, 7.2, -74.3205
57.725, 7.2, -74.7621
58.7081, 7.2, -75.3304
59.6913, 7.2, -76.2038
60.6744, 7.2, -75.8287
61.6575, 7.2, -75.44
62.6407, 7.2, -75.195
63.6238, 7.2, -75.0994
64.607, 7.2, -75.1203
65.5901, 7.2, -75.2323
66.5732, 7.2, -75.4207
67.5564, 7.2, -75.6713
68.5395, 7.2, -75.9078
69.5227, 7.2, -75.2861
70.5058, 7.2, -75.234
71.4889, 7.2, -75.9494
72.4721, 7.2, -75.8577
73.4552, 7.2, -75.767
74.4384, 7.2, -75.7273
75.4215, 7.2, -75.732
76.4046, 7.2, -75.768
77.3878, 7.2, -75.8128
78.3709, 7.2, -75.7833
79.3541, 7.2, -74.6096
80.3372, 7.2, -73.2562
81.3203, 7.2, -75.779
82.3035, 7.2, -76.1037
83.2866, 7.2, -76.2903
84.2698, 7.2, -76.4624
85.2529, 7.2, -76.6266
86.236, 7.2, -76.7666
87.2192, 7.2, -76.8418
88.2023, 7.2, -76.7233
89.1855, 7.2, -75.6028
90.1686, 7.2, -72.8207
91.1517, 7.2, -76.4991
92.1349, 7.2, -77.315
93.118, 7.2, -77.5335
94.1012, 7.2, -77.6072
95.0843, 7.2, -77.651
96.0674, 7.2, -77.7201
97.0506, 7.2, -77.8419
98.0337, 7.2, -77.9557
99.0169, 7.2, -77.1648
10.4929, 8, -71.4992
11.4658, 8, -70.3311
12.4387, 8, -69.9949
13.4116, 8, -69.9265
14.3845, 8, -69.9751
15.3574, 8, -70.0828
16.3303, 8, -70.2447
17.3032, 8, -70.476
18.2761, 8, -70.7573
19.249, 8, -70.9541
20.2219, 8, -70.8776
21.1948, 8, -71.6135
22.1677, 8, -72.0306
23.1406, 8, -72.4695
24.1135, 8, -72.9653
25.0865, 8, -73.5123
26.0594, 8, -74.1047
27.0323, 8, -74.7375
28.0052, 8, -75.3903
28.9781, 8, -75.9384
29.951, 8, -75.8907
30.9239, 8, -76.6374
31.8968, 8, -76.9119
32.8697, 8, -77.0905
33.8426, 8, -77.2754
34.8155, 8, -77.4824
35.7884, 8, -77.7121
36.7613, 8, -77.9473
37.7342, 8, -78.1267
38.7071, 8, -78.0795
39.68, 8, -77.6661
40.6529, 8, -78.2735
41.6258, 8, -79.0286
42.5987, 8, -79.3319
43.5716, 8, -79.485
44.5445, 8, -79.6314
45.5174, 8, -79.8389
46.4903, 8, -80.156
47.4632, 8, -80.6541
48.4361, 8, -81.4781
49.409, 8, -82.82
50.3819, 8, -83.2626
51.3548, 8, -82.2455
52.3277, 8, -81.4887
53.3006, 8, -81.0977
54.2735, 8, -80.9463
55.2465, 8, -80.9484
56.2194, 8, -81.0707
57.1923, 8, -81.3404
58.1652, 8, -81.8378
59.1381, 8, -82.6834
60.111, 8, -83.2809
61.0839, 8, -82.4696
62.0568, 8, -81.9876
63.0297, 8, -81.8418
64.0026, 8, -81.8744
64.9755, 8, -82.0058
65.9484, 8, -82.2196
66.9213, 8, -82.5004
67.8942, 8, -82.7547
68.8671, 8, -82.6877
69.84, 8, -81.7386
70.8129, 8, -82.4049
71.7858, 8, -83.0853
72.7587, 8, -83.3688
73.7316, 8, -83.488
74.7045, 8, -83.5756
75.6774, 8, -83.7258
76.6503, 8, -83.8974
77.6232, 8, -83.7996
78.5961, 8, -82.8259
79.569, 8, -80.128
80.5419, 8, -80.6144
81.5148, 8, -83.3639
82.4877, 8, -84.4413
83.4606, 8, -84.7784
84.4335, 8, -84.8891
85.4064, 8, -85.0098
86.3794, 8, -85.1423
87.3523, 8, -85.1567
88.3252, 8, -84.9156
89.2981, 8, -84.0353
90.271, 8, -82.8466
91.2439, 8, -84.8903
92.2168, 8, -85.232
93.1897, 8, -85.1963
94.1626, 8, -85.0667
95.1355, 8, -84.937
96.1084, 8, -84.8261
97.0813, 8, -84.7579
98.0542, 8, -84.7343
99.0271, 8, -84.241
11.4347, 8.8, -75.5913
12.3973, 8.8, -75.7318
13.36, 8.8, -75.9453
14.3227, 8.8, -76.1575
15.2853, 8.8, -76.352
16.248, 8.8, -76.5295
17.2107, 8.8, -76.7113
18.1733, 8.8, -76.9872
19.136, 8.8, -77.2368
20.0987, 8.8, -77.2601
21.0613, 8.8, -78.0324
22.024, 8.8, -78.5259
22.9867, 8.8, -79.0245
23.9493, 8.8, -79.5879
24.912, 8.8, -80.1817
25.8747, 8.8, -80.8
26.8373, 8.8, -81.4483
27.8, 8.8, -82.1304
28.7627, 8.8, -82.8784
29.7253, 8.8, -84.1489
30.688, 8.8, -83.9843
31.6507, 8.8, -83.9526
32.6133, 8.8, -84.1507
33.576, 8.8, -84.3801
34.5387, 8.8, -84.6207
35.5013, 8.8, -84.8807
36.464, 8.8, -85.1499
37.4267, 8.8, -85.3814
38.3893, 8.8, -85.4734
39.352, 8.8, -85.2806
40.3147, 8.8, -85.4404
41.2773, 8.8, -86.2081
42.24, 8.8, -86.6265
43.2027, 8.8, -86.8182
44.1653, 8.8, -86.9548
45.128, 8.8, -87.1251
46.0907, 8.8, -87.3772
47.0533, 8.8, -87.7616
48.016, 8.8, -88.388
48.9787, 8.8, -89.5931
49.9413, 8.8, -91.3928
50.904, 8.8, -90.1023
51.8667, 8.8, -88.8818
52.8293, 8.8, -88.2919
53.792, 8.8, -88.0012
54.7547, 8.8, -87.8717
55.7173, 8.8, -87.8441
56.68, 8.8, -87.8928
57.6427, 8.8, -88.0387
58.6053, 8.8, -88.4946
59.568, 8.8, -89.3747
60.5307, 8.8, -89.23
61.4933, 8.8, -88.4739
62.456, 8.8, -88.2972
63.4187, 8.8, -88.3659
64.3813, 8.8, -88.493
65.344, 8.8, -88.6758
66.3067, 8.8, -88.9308
67.2693, 8.8, -89.2452
68.232, 8.8, -89.5292
69.1947, 8.8, -89.5866
70.1573, 8.8, -89.8798
71.12, 8.8, -89.7604
72.0827, 8.8, -90.234
73.0453, 8.8, -90.4166
74.008, 8.8, -90.5031
74.9707, 8.8, -90.648
75.9333, 8.8, -90.9067
76.896, 8.8, -91.2271
77.8587, 8.8, -91.3026
78.8213, 8.8, -90.2661
79.784, 8.8, -88.7196
80.7467, 8.8, -89.7065
81.7093, 8.8, -91.7204
82.672, 8.8, -92.3426
83.6347, 8.8, -92.4536
84.5973, 8.8, -92.5334
85.56, 8.8, -92.711
86.5227, 8.8, -92.9669
87.4853, 8.8, -93.2073
88.448, 8.8, -93.2864
89.4107, 8.8, -93.6927
90.3733, 8.8, -94.4559
91.336, 8.8, -93.2816
92.2987, 8.8, -92.9663
93.2613, 8.8, -92.6573
94.224, 8.8, -92.3817
95.1867, 8.8, -92.1289
96.1493, 8.8, -91.8617
97.112, 8.8, -91.5234
98.0747, 8.8, -91.1262
99.0373, 8.8, -91.308
12.3764, 9.6, -81.4102
13.3289, 9.6, -81.9128
14.2813, 9.6, -82.3089
15.2337, 9.6, -82.628
16.1861, 9.6, -82.8784
17.1386, 9.6, -83.0336
18.091, 9.6, -83.1083
19.0434, 9.6, -83.3642
19.9959, 9.6, -83.908
20.9483, 9.6, -84.3273
21.9007, 9.6, -84.8592
22.8532, 9.6, -85.5315
23.8056, 9.6, -86.1847
24.758, 9.6, -86.8197
25.7105, 9.6, -87.4503
26.6629, 9.6, -88.0939
27.6153, 9.6, -88.782
28.5677, 9.6, -89.6186
29.5202, 9.6, -91.0866
30.4726, 9.6, -91.5444
31.425, 9.6, -91.02
32.3775, 9.6, -91.1128
33.3299, 9.6, -91.3313
34.2823, 9.6, -91.5946
35.2348, 9.6, -91.8803
36.1872, 9.6, -92.1797
37.1396, 9.6, -92.4881
38.092, 9.6, -92.8025
39.0445, 9.6, -93.1082
39.9969, 9.6, -92.9162
40.9493, 9.6, -93.6487
41.9018, 9.6, -93.8266
42.8542, 9.6, -93.9423
43.8066, 9.6, -94.0526
44.7591, 9.6, -94.1876
45.7115, 9.6, -94.3762
46.6639, 9.6, -94.6561
47.6163, 9.6, -95.086
48.5688, 9.6, -95.7711
49.5212, 9.6, -97.1825
50.4736, 9.6, -97.2624
51.4261, 9.6, -95.883
52.3785, 9.6, -95.2705
53.3309, 9.6, -94.9214
54.2834, 9.6, -94.7235
55.2358, 9.6, -94.6132
56.1882, 9.6, -94.549
57.1406, 9.6, -94.4984
58.0931, 9.6, -94.4349
59.0455, 9.6, -94.4021
59.9979, 9.6, -95.3703
60.9504, 9.6, -94.4443
61.9028, 9.6, -94.5361
62.8552, 9.6, -94.6628
63.8077, 9.6, -94.7771
64.7601, 9.6, -94.9027
65.7125, 9.6, -95.0689
66.6649, 9.6, -95.3135
67.6174, 9.6, -95.6937
68.5698, 9.6, -96.3094
69.5222, 9.6, -97.1889
70.4747, 9.6, -97.4167
71.4271, 9.6, -97.0704
72.3795, 9.6, -96.7835
73.332, 9.6, -96.673
74.2844, 9.6, -96.7057
75.2368, 9.6, -96.8766
76.1892, 9.6, -97.2035
77.1417, 9.6, -97.7282
78.0941, 9.6, -98.5172
79.0465, 9.6, -99.492
79.999, 9.6, -98.4953
80.9514, 9.6, -100.065
81.9038, 9.6, -99.5599
82.8563, 9.6, -99.259
83.8087, 9.6, -99.2311
84.7611, 9.6, -99.4061
85.7135, 9.6, -99.7423
86.66598, 9.6, -100.228
87.61841, 9.6, -100.8916
88.57084, 9.6, -101.886
89.52327, 9.6, -103.9359
90.4757, 9.6, -103.9752
91.42813, 9.6, -101.5568
92.38056, 9.6, -100.5278
93.333, 9.6, -99.9674
94.2854, 9.6, -99.5864
95.2378, 9.6, -99.2587
96.1903, 9.6, -98.9023
97.1427, 9.6, -98.4591
98.0951, 9.6, -97.9581
99.0476, 9.6, -98.3538
13.3182, 10.4, -87.6951
14.2604, 10.4, -88.3317
15.2026, 10.4, -88.852
16.1448, 10.4, -89.2286
17.087, 10.4, -89.4632
18.0292, 10.4, -89.5226
18.9714, 10.4, -89.4672
19.9135, 10.4, -90.3699
20.8557, 10.4, -90.5465
21.7979, 10.4, -91.3017
22.7401, 10.4, -92.1014
23.6823, 10.4, -92.8238
24.6245, 10.4, -93.4926
25.5667, 10.4, -94.1333
26.5089, 10.4, -94.7708
27.4511, 10.4, -95.448
28.3933, 10.4, -96.2764
29.3355, 10.4, -97.4451
30.2777, 10.4, -98.3137
31.2199, 10.4, -98.0612
32.1621, 10.4, -98.0632
33.1043, 10.4, -98.2538
34.0465, 10.4, -98.523
34.9886, 10.4, -98.8256
35.9308, 10.4, -99.155
36.873, 10.4, -99.5206
37.8152, 10.4, -99.9571
38.75742, 10.4, -100.5506
39.69961, 10.4, -101.1485
40.64181, 10.4, -101.3038
41.584, 10.4, -101.0772
42.52619, 10.4, -101.0124
43.46839, 10.4, -101.0443
44.41058, 10.4, -101.1244
45.35278, 10.4, -101.249
46.29497, 10.4, -101.4269
47.23716, 10.4, -101.6734
48.17936, 10.4, -101.9921
49.12155, 10.4, -102.4092
50.06374, 10.4, -102.9127
51.00594, 10.4, -102.2059
51.94813, 10.4, -101.8616
52.89032, 10.4, -101.6206
53.83252, 10.4, -101.4234
54.77471, 10.4, -101.274
55.7169, 10.4, -101.159
56.6591, 10.4, -101.0503
57.60129, 10.4, -100.8633
58.54348, 10.4, -100.3766
59.4857, 10.4, -99.5841
60.4279, 10.4, -99.6315
61.37006, 10.4, -100.4194
62.31226, 10.4, -100.8511
63.25445, 10.4, -101.003
64.19665, 10.4, -101.0989
65.13884, 10.4, -101.2026
66.08103, 10.4, -101.3338
67.02322, 10.4, -101.5386
67.96542, 10.4, -102.0149
68.90762, 10.4, -103.1135
69.84981, 10.4, -104.5163
70.792, 10.4, -104.4102
71.73419, 10.4, -103.3151
72.67638, 10.4, -102.7302
73.61858, 10.4, -102.6614
74.56078, 10.4, -102.7854
75.50297, 10.4, -102.9963
76.44516, 10.4, -103.3167
77.38735, 10.4, -103.9701
78.32955, 10.4, -105.7173
79.27174, 10.4, -109.008
80.21394, 10.4, -110.2407
81.15613, 10.4, -108.1808
82.09832, 10.4, -106.2226
83.04052, 10.4, -105.6754
83.98271, 10.4, -105.7979
84.9249, 10.4, -106.1307
85.8671, 10.4, -106.6041
86.80929, 10.4, -107.279
87.75148, 10.4, -108.3604
88.69368, 10.4, -110.2076
89.63587, 10.4, -112.7221
90.57806, 10.4, -111.9205
91.52026, 10.4, -109.3725
92.46245, 10.4, -107.9791
93.40465, 10.4, -107.2412
94.34684, 10.4, -106.7563
95.28903, 10.4, -106.39
96.23122, 10.4, -106.0747
97.17342, 10.4, -105.7585
98.11562, 10.4, -105.4198
99.05781, 10.4, -105.1785
14.26, 11.2, -94.1323
15.1919, 11.2, -94.8624
16.1239, 11.2, -95.4903
17.0558, 11.2, -95.9547
17.9878, 11.2, -96.1712
18.9197, 11.2, -96.0598
19.8517, 11.2, -95.996
20.7837, 11.2, -96.8445
21.7156, 11.2, -97.9541
22.6476, 11.2, -98.814
23.5795, 11.2, -99.5396
24.51148, 11.2, -100.2131
25.44344, 11.2, -100.8659
26.3754, 11.2, -101.5159
27.30735, 11.2, -102.1824
28.23931, 11.2, -102.8951
29.17127, 11.2, -103.6718
30.10323, 11.2, -104.0598
31.03518, 11.2, -104.7662
31.96714, 11.2, -104.9501
32.8991, 11.2, -105.1828
33.83105, 11.2, -105.454
34.76301, 11.2, -105.7625
35.69497, 11.2, -106.1068
36.62693, 11.2, -106.5031
37.55888, 11.2, -106.9813
38.49084, 11.2, -107.5983
39.42279, 11.2, -108.5814
40.35475, 11.2, -109.0968
41.28671, 11.2, -108.2986
42.21867, 11.2, -108.0504
43.15062, 11.2, -107.9744
44.08258, 11.2, -107.9857
45.01454, 11.2, -108.0445
45.9465, 11.2, -108.1314
46.87845, 11.2, -108.2244
47.81041, 11.2, -108.2998
48.74237, 11.2, -108.3175
49.67432, 11.2, -107.5069
50.60628, 11.2, -107.7497
51.53823, 11.2, -108.0516
52.47019, 11.2, -107.9928
53.40215, 11.2, -107.888
54.33411, 11.2, -107.7539
55.26606, 11.2, -107.6064
56.19802, 11.2, -107.4489
57.12998, 11.2, -107.2505
58.06194, 11.2, -106.9435
58.99389, 11.2, -106.1231
59.92585, 11.2, -103.5936
60.85781, 11.2, -105.9935
61.78976, 11.2, -106.8746
62.72172, 11.2, -107.1325
63.65368, 11.2, -107.2765
64.58563, 11.2, -107.391
65.51759, 11.2, -107.5009
66.44955, 11.2, -107.6174
67.38151, 11.2, -107.7762
68.31346, 11.2, -108.1282
69.24542, 11.2, -109.3746
70.17738, 11.2, -111.33
71.10934, 11.2, -109.6321
72.04129, 11.2, -108.9454
72.97324, 11.2, -108.9369
73.9052, 11.2, -109.0916
74.83716, 11.2, -109.3167
75.76912, 11.2, -109.5773
76.70107, 11.2, -109.9212
77.63303, 11.2, -110.5113
78.56499, 11.2, -112.066
79.49695, 11.2, -117.2939
80.4289, 11.2, -118.3869
81.36086, 11.2, -113.5104
82.29282, 11.2, -112.4734
83.22478, 11.2, -112.4542
84.15673, 11.2, -112.6998
85.08869, 11.2, -113.0901
86.02065, 11.2, -113.6201
86.9526, 11.2, -114.3879
87.88456, 11.2, -115.5332
88.81651, 11.2, -117.3326
89.74847, 11.2, -119.2937
90.68043, 11.2, -118.0381
91.61239, 11.2, -116.3715
92.54434, 11.2, -115.1719
93.4763, 11.2, -114.3546
94.40826, 11.2, -113.8073
95.34022, 11.2, -113.4425
96.27217, 11.2, -113.2116
97.20413, 11.2, -113.1054
98.13609, 11.2, -112.9746
99.06805, 11.2, -111.8695
15.20172, 12, -100.6896
16.12344, 12, -101.5339
17.04516, 12, -102.3036
17.96688, 12, -102.8775
18.8886, 12, -103.0585
19.81032, 12, -101.8752
20.73204, 12, -103.4937
21.65376, 12, -104.7811
22.57548, 12, -105.5892
23.4972, 12, -106.292
24.41892, 12, -106.9629
25.34064, 12, -107.6218
26.26237, 12, -108.2798
27.18409, 12, -108.9292
28.10581, 12, -109.5388
29.02753, 12, -109.9378
29.94925, 12, -110.2102
30.87097, 12, -111.0575
31.79269, 12, -111.6665
32.71441, 12, -112.0307
33.63613, 12, -112.3486
34.55785, 12, -112.6682
35.47957, 12, -113.0161
36.40129, 12, -113.406
37.32301, 12, -113.8575
38.24473, 12, -114.418
39.16645, 12, -115.2374
40.08817, 12, -116.5449
41.00989, 12, -115.3697
41.93161, 12, -114.9989
42.85333, 12, -114.8433
43.77505, 12, -114.7854
44.69677, 12, -114.7782
45.6185, 12, -114.7918
46.54021, 12, -114.7995
47.46194, 12, -114.7571
48.38366, 12, -114.5462
49.30538, 12, -113.7653
50.2271, 12, -112.7985
51.14882, 12, -113.9182
52.07054, 12, -114.233
52.99226, 12, -114.209
53.91398, 12, -114.0909
54.8357, 12, -113.9367
55.75742, 12, -113.7533
56.67914, 12, -113.5485
57.60086, 12, -113.3239
58.52258, 12, -112.997
59.4443, 12, -111.8772
60.36602, 12, -111.3737
61.28774, 12, -112.8709
62.20946, 12, -113.1935
63.13118, 12, -113.3854
64.0529, 12, -113.554
64.97462, 12, -113.7049
65.89635, 12, -113.8312
66.81806, 12, -113.9279
67.73978, 12, -113.9693
68.66151, 12, -113.9022
69.58323, 12, -114.7331
70.50494, 12, -114.9731
71.42667, 12, -114.6491
72.34839, 12, -115.1236
73.27011, 12, -115.5366
74.19183, 12, -115.8885
75.11355, 12, -116.2051
76.03527, 12, -116.5215
76.95699, 12, -116.7995
77.87871, 12, -117.055
78.80043, 12, -117.5362
79.72215, 12, -122.9398
80.64387, 12, -120.0307
81.56559, 12, -118.7081
82.48731, 12, -119.0605
83.40903, 12, -119.4185
84.33075, 12, -119.7454
85.25247, 12, -120.1205
86.17419, 12, -120.5961
87.09592, 12, -121.2155
88.01763, 12, -122.0511
88.93935, 12, -122.9924
89.86108, 12, -124.6973
90.7828, 12, -123.2753
91.70451, 12, -122.544
92.62624, 12, -121.7494
93.54796, 12, -121.1036
94.46968, 12, -120.6505
95.3914, 12, -120.3298
96.31312, 12, -120.1093
97.23484, 12, -119.9926
98.15656, 12, -119.8102
99.07828, 12, -118.6015
16.14348, 12.8, -107.3798
17.05497, 12.8, -108.4033
17.96645, 12.8, -109.405
18.87794, 12.8, -110.0553
19.78942, 12.8, -109.4255
20.7009, 12.8, -110.6652
21.61239, 12.8, -111.6337
22.52387, 12.8, -112.3585
23.43535, 12.8, -113.0134
24.34684, 12.8, -113.641
25.25832, 12.8, -114.2842
26.16981, 12.8, -114.9477
27.08129, 12.8, -115.607
27.99278, 12.8, -116.1752
28.90426, 12.8, -116.5327
29.81574, 12.8, -116.7982
30.72723, 12.8, -117.4943
31.63871, 12.8, -118.2348
32.55019, 12.8, -118.7299
33.46168, 12.8, -119.0818
34.37316, 12.8, -119.4199
35.28465, 12.8, -119.7815
36.19613, 12.8, -120.1751
37.10761, 12.8, -120.6047
38.0191, 12.8, -121.0853
38.93058, 12.8, -121.7129
39.84206, 12.8, -122.3306
40.75355, 12.8, -122.1906
41.66503, 12.8, -121.8005
42.57652, 12.8, -121.6236
43.488, 12.8, -121.5365
44.39948, 12.8, -121.4833
45.31097, 12.8, -121.4418
46.22245, 12.8, -121.3884
47.13393, 12.8, -121.2804
48.04542, 12.8, -121.0049
48.9569, 12.8, -120.4089
49.86839, 12.8, -119.7534
50.77987, 12.8, -119.9156
51.69136, 12.8, -120.3742
52.60284, 12.8, -120.5163
53.51432, 12.8, -120.483
54.42581, 12.8, -120.3699
55.33729, 12.8, -120.2013
56.24878, 12.8, -119.9746
57.16026, 12.8, -119.6864
58.07174, 12.8, -119.3906
58.98323, 12.8, -119.2862
59.89471, 12.8, -119.781
60.80619, 12.8, -119.2409
61.71768, 12.8, -119.2578
62.62916, 12.8, -119.502
63.54065, 12.8, -119.7676
64.45213, 12.8, -119.9697
65.36361, 12.8, -120.113
66.27509, 12.8, -120.2037
67.18658, 12.8, -120.2195
68.09807, 12.8, -120.0288
69.00955, 12.8, -119.3394
69.92104, 12.8, -117.964
70.83252, 12.8, -119.388
71.744, 12.8, -120.8214
72.65549, 12.8, -121.661
73.56697, 12.8, -122.1192
74.47845, 12.8, -122.4638
75.38994, 12.8, -122.7985
76.30142, 12.8, -123.1584
77.21291, 12.8, -123.495
78.12439, 12.8, -123.4553
79.03587, 12.8, -122.3871
79.94736, 12.8, -119.7107
80.85884, 12.8, -122.977
81.77032, 12.8, -124.887
82.68181, 12.8, -125.6765
83.59329, 12.8, -126.0243
84.50478, 12.8, -126.3447
85.41626, 12.8, -126.7156
86.32774, 12.8, -127.1278
87.23923, 12.8, -127.5252
88.15071, 12.8, -127.8069
89.06219, 12.8, -128.1603
89.97368, 12.8, -128.5651
90.88516, 12.8, -128.4364
91.79665, 12.8, -128.0491
92.70813, 12.8, -127.8179
93.61961, 12.8, -127.5922
94.5311, 12.8, -127.357
95.44258, 12.8, -127.1086
96.35406, 12.8, -126.8186
97.26555, 12.8, -126.4367
98.17703, 12.8, -125.9618
99.08852, 12.8, -125.6608
17.08525, 13.6, -114.2706
17.98649, 13.6, -115.5797
18.88774, 13.6, -116.919
19.78899, 13.6, -118.1578
20.69024, 13.6, -118.0724
21.59148, 13.6, -118.5204
22.49273, 13.6, -119.0122
23.39398, 13.6, -119.5248
24.29523, 13.6, -120.0974
25.19647, 13.6, -120.7221
26.09772, 13.6, -121.3857
26.99897, 13.6, -122.0725
27.90022, 13.6, -122.7573
28.80146, 13.6, -123.3639
29.70271, 13.6, -123.6729
30.60396, 13.6, -124.276
31.50521, 13.6, -124.8688
32.40645, 13.6, -125.2498
33.3077, 13.6, -125.6138
34.20895, 13.6, -125.9902
35.1102, 13.6, -126.383
36.01144, 13.6, -126.7936
36.91269, 13.6, -127.2234
37.81393, 13.6, -127.6725
38.71518, 13.6, -128.1203
39.61643, 13.6, -128.3219
40.51768, 13.6, -128.4716
41.41893, 13.6, -128.4668
42.32017, 13.6, -128.3318
43.22142, 13.6, -128.2295
44.12267, 13.6, -128.1477
45.02391, 13.6, -128.0667
45.92516, 13.6, -127.9665
46.82641, 13.6, -127.8237
47.72766, 13.6, -127.6077
48.6289, 13.6, -127.2832
49.53015, 13.6, -126.961
50.4314, 13.6, -126.8884
51.33265, 13.6, -126.8494
52.23389, 13.6, -126.9179
53.13514, 13.6, -126.9391
54.03639, 13.6, -126.8972
54.93763, 13.6, -126.7902
55.83888, 13.6, -126.6132
56.74013, 13.6, -126.3589
57.64138, 13.6, -126.0326
58.54263, 13.6, -125.7621
59.44387, 13.6, -126.7746
60.34512, 13.6, -127.3069
61.24636, 13.6, -125.6415
62.14761, 13.6, -125.8125
63.04886, 13.6, -126.1187
63.95011, 13.6, -126.3499
64.85136, 13.6, -126.4979
65.7526, 13.6, -126.572
66.65385, 13.6, -126.5728
67.5551, 13.6, -126.4729
68.45634, 13.6, -126.1276
69.35759, 13.6, -124.4466
70.25884, 13.6, -122.1981
71.16009, 13.6, -126.1438
72.06133, 13.6, -127.3795
72.96258, 13.6, -127.9424
73.86383, 13.6, -128.3072
74.76508, 13.6, -128.6071
75.66632, 13.6, -128.9051
76.56757, 13.6, -129.2318
77.46882, 13.6, -129.5565
78.37006, 13.6, -129.543
79.27131, 13.6, -126.1345
80.17256, 13.6, -118.5394
81.07381, 13.6, -129.2814
81.97505, 13.6, -131.1603
82.8763, 13.6, -131.6437
83.77755, 13.6, -132.0173
84.67879, 13.6, -132.4126
85.58004, 13.6, -132.8142
86.48129, 13.6, -133.1708
87.38254, 13.6, -133.4071
88.28378, 13.6, -133.4142
89.18504, 13.6, -133.0617
90.08628, 13.6, -132.6772
90.98753, 13.6, -133.6079
91.88877, 13.6, -133.7802
92.79002, 13.6, -133.9696
93.69127, 13.6, -134.0607
94.59251, 13.6, -134.0362
95.49377, 13.6, -133.8801
96.39501, 13.6, -133.5702
97.29626, 13.6, -133.0886
98.1975, 13.6, -132.5127
99.09875, 13.6, -132.9942
18.02701, 14.4, -121.4152
18.91802, 14.4, -123.2987
19.80903, 14.4, -125.8619
20.70004, 14.4, -125.4363
21.59105, 14.4, -125.2204
22.48207, 14.4, -125.4233
23.37308, 14.4, -125.8364
24.26409, 14.4, -126.3818
25.1551, 14.4, -127.0041
26.04611, 14.4, -127.6745
26.93712, 14.4, -128.3888
27.82813, 14.4, -129.179
28.71914, 14.4, -130.0832
29.61015, 14.4, -130.8626
30.50116, 14.4, -131.3026
31.39217, 14.4, -131.4708
32.28318, 14.4, -131.7036
33.17419, 14.4, -132.0499
34.0652, 14.4, -132.4376
34.95621, 14.4, -132.8474
35.84723, 14.4, -133.2858
36.73824, 14.4, -133.7531
37.62925, 14.4, -134.2004
38.52026, 14.4, -134.5291
39.41127, 14.4, -134.6347
40.30228, 14.4, -134.7394
41.19329, 14.4, -134.9556
42.0843, 14.4, -135.0036
42.97531, 14.4, -134.9197
43.86632, 14.4, -134.7834
44.75733, 14.4, -134.6581
45.64835, 14.4, -134.5493
46.53936, 14.4, -134.4376
47.43037, 14.4, -134.2927
48.32138, 14.4, -134.1607
49.21239, 14.4, -134.1648
50.1034, 14.4, -134.0771
50.99441, 14.4, -133.917
51.88542, 14.4, -133.6688
52.77643, 14.4, -133.6089
53.66744, 14.4, -133.5688
54.55845, 14.4, -133.5014
55.44946, 14.4, -133.403
56.34047, 14.4, -133.2647
57.23148, 14.4, -133.0644
58.12249, 14.4, -132.8125
59.0135, 14.4, -132.7368
59.90451, 14.4, -133.6579
60.79553, 14.4, -132.6023
61.68654, 14.4, -132.5687
62.57755, 14.4, -132.7825
63.46856, 14.4, -132.9541
64.35957, 14.4, -133.0401
65.25058, 14.4, -133.0778
66.14159, 14.4, -133.0783
67.0326, 14.4, -133.023
67.92361, 14.4, -132.8372
68.81462, 14.4, -132.3512
69.70564, 14.4, -130.3729
70.59664, 14.4, -131.4644
71.48766, 14.4, -132.9866
72.37867, 14.4, -133.6443
73.26968, 14.4, -133.9751
74.16069, 14.4, -134.2093
75.0517, 14.4, -134.4208
75.94271, 14.4, -134.632
76.83372, 14.4, -134.8531
77.72473, 14.4, -135.0735
78.61575, 14.4, -134.8139
79.50675, 14.4, -132.0399
80.39777, 14.4, -131.4175
81.28877, 14.4, -135.6308
82.17979, 14.4, -136.6975
83.07079, 14.4, -137.2223
83.96181, 14.4, -137.7555
84.85281, 14.4, -138.2809
85.74383, 14.4, -138.7508
86.63484, 14.4, -139.1163
87.52585, 14.4, -139.3182
88.41686, 14.4, -139.124
89.30787, 14.4, -138.2821
90.19888, 14.4, -138.2594
91.08989, 14.4, -139.3292
91.9809, 14.4, -140.1794
92.87192, 14.4, -140.6384
93.76292, 14.4, -140.901
94.65394, 14.4, -141.0045
95.54494, 14.4, -140.9642
96.43596, 14.4, -140.7845
97.32697, 14.4, -140.4593
98.21798, 14.4, -140.0883
99.10899, 14.4, -140.2104
18.96877, 15.2, -129.1809
19.84955, 15.2, -132.1049
20.73032, 15.2, -132.0852
21.6111, 15.2, -131.5277
22.49187, 15.2, -131.6096
23.37264, 15.2, -132.0259
24.25342, 15.2, -132.598
25.13419, 15.2, -133.2525
26.01497, 15.2, -133.9534
26.89574, 15.2, -134.6896
27.77652, 15.2, -135.4832
28.65729, 15.2, -136.4601
29.53806, 15.2, -137.8371
30.41884, 15.2, -138.3079
31.29961, 15.2, -137.9318
32.18039, 15.2, -138.097
33.06116, 15.2, -138.4221
33.94194, 15.2, -138.7829
34.82271, 15.2, -139.1652
35.70348, 15.2, -139.5811
36.58426, 15.2, -140.044
37.46503, 15.2, -140.5455
38.34581, 15.2, -141.0136
39.22658, 15.2, -141.2107
40.10735, 15.2, -141.307
40.98813, 15.2, -141.5218
41.8689, 15.2, -141.5994
42.74968, 15.2, -141.4177
43.63045, 15.2, -141.2229
44.51123, 15.2, -141.076
45.392, 15.2, -140.9817
46.27277, 15.2, -140.9306
47.15355, 15.2, -140.9251
48.03432, 15.2, -140.9712
48.9151, 15.2, -141.0479
49.79587, 15.2, -141.41
50.67664, 15.2, -140.9936
51.55742, 15.2, -140.7045
52.43819, 15.2, -140.5081
53.31897, 15.2, -140.355
54.19974, 15.2, -140.2682
55.08052, 15.2, -140.2111
55.96129, 15.2, -140.1692
56.84206, 15.2, -140.1465
57.72284, 15.2, -140.1411
58.60361, 15.2, -139.9421
59.48439, 15.2, -138.7885
60.36516, 15.2, -138.2508
61.24594, 15.2, -139.6421
62.12671, 15.2, -139.8241
63.00748, 15.2, -139.7579
63.88826, 15.2, -139.6845
64.76904, 15.2, -139.6215
65.6498, 15.2, -139.5663
66.53058, 15.2, -139.5201
67.41135, 15.2, -139.4732
68.29213, 15.2, -139.3764
69.17291, 15.2, -139.3272
70.05368, 15.2, -140.9289
70.93445, 15.2, -139.4483
71.81522, 15.2, -139.4639
72.696, 15.2, -139.6186
73.57677, 15.2, -139.7948
74.45755, 15.2, -139.9488
75.33833, 15.2, -140.0837
76.21909, 15.2, -140.1803
77.09987, 15.2, -140.1825
77.98064, 15.2, -140.1112
78.86142, 15.2, -140.6132
79.7422, 15.2, -146.1831
80.62297, 15.2, -142.7388
81.50374, 15.2, -141.2922
82.38451, 15.2, -141.9802
83.26529, 15.2, -142.9076
84.14606, 15.2, -143.7107
85.02684, 15.2, -144.3981
85.90762, 15.2, -144.9572
86.78838, 15.2, -145.3377
87.66916, 15.2, -145.4634
88.54993, 15.2, -145.315
89.43071, 15.2, -144.6948
90.31149, 15.2, -144.3365
91.19226, 15.2, -146.1111
92.07303, 15.2, -147.2247
92.9538, 15.2, -147.8801
93.83458, 15.2, -148.2533
94.71535, 15.2, -148.452
95.59613, 15.2, -148.5258
96.47691, 15.2, -148.517
97.35767, 15.2, -148.4935
98.23845, 15.2, -148.3968
99.11922, 15.2, -147.6789
19.91054, 16, -137.6428
20.78107, 16, -137.5903
21.65161, 16, -137.362
22.52215, 16, -137.5993
23.39269, 16, -138.1034
24.26323, 16, -138.7519
25.13376, 16, -139.4737
26.0043, 16, -140.2321
26.87484, 16, -141.008
27.74538, 16, -141.7917
28.61591, 16, -142.6113
29.48645, 16, -143.9202
30.35699, 16, -144.673
31.22753, 16, -144.2204
32.09806, 16, -144.4553
32.9686, 16, -144.7451
33.83914, 16, -145.0427
34.70968, 16, -145.3563
35.58022, 16, -145.7033
36.45075, 16, -146.1069
37.32129, 16, -146.599
38.19183, 16, -147.2209
39.06237, 16, -147.9423
39.9329, 16, -148.0303
40.80344, 16, -148.32
41.67398, 16, -147.9898
42.54452, 16, -147.64
43.41505, 16, -147.411
44.28559, 16, -147.279
45.15613, 16, -147.2241
46.02667, 16, -147.2361
46.89721, 16, -147.3132
47.76774, 16, -147.4624
48.63828, 16, -147.7
49.50882, 16, -148.0408
50.37936, 16, -147.9919
51.24989, 16, -147.5639
52.12043, 16, -147.3205
52.99097, 16, -147.1614
53.8615, 16, -147.0686
54.73204, 16, -147.0286
55.60258, 16, -147.0336
56.47312, 16, -147.0775
57.34365, 16, -147.145
58.2142, 16, -147.1625
59.08473, 16, -146.5834
59.95527, 16, -143.2536
60.82581, 16, -146.3506
61.69634, 16, -146.8724
62.56688, 16, -146.6862
63.43742, 16, -146.4504
64.30796, 16, -146.242
65.1785, 16, -146.0724
66.04903, 16, -145.9465
66.91957, 16, -145.8782
67.79011, 16, -145.918
68.66064, 16, -146.298
69.53118, 16, -147.9948
70.40172, 16, -148.5737
71.27225, 16, -146.3409
72.1428, 16, -145.6411
73.01334, 16, -145.4932
73.88387, 16, -145.5148
74.75441, 16, -145.5873
75.62495, 16, -145.6515
76.49548, 16, -145.6765
77.36602, 16, -145.6802
78.23656, 16, -145.9075
79.10709, 16, -148.3203
79.97763, 16, -158.8498
80.84817, 16, -149.096
81.71871, 16, -147.309
82.58925, 16, -148.0329
83.45979, 16, -149.0364
84.33032, 16, -149.9955
85.20086, 16, -150.8388
86.0714, 16, -151.5372
86.94193, 16, -152.0625
87.81247, 16, -152.3761
88.68301, 16, -152.4703
89.55355, 16, -152.1414
90.42409, 16, -152.1295
91.29462, 16, -153.7942
92.16516, 16, -154.907
93.0357, 16, -155.6261
93.90623, 16, -156.0735
94.77677, 16, -156.3502
95.64731, 16, -156.5255
96.51785, 16, -156.6462
97.38839, 16, -156.729
98.25893, 16, -156.6791
99.12946, 16, -155.5405
20.8523, 16.8, -142.2629
21.7126, 16.8, -142.7361
22.5729, 16.8, -143.3149
23.4332, 16.8, -144.0226
24.2935, 16.8, -144.8091
25.15381, 16.8, -145.6349
26.01411, 16.8, -146.4725
26.87441, 16.8, -147.2983
27.73471, 16.8, -148.0861
28.59501, 16.8, -148.7952
29.45531, 16.8, -149.4289
30.31561, 16.8, -150.0652
31.17591, 16.8, -150.4686
32.03622, 16.8, -150.7839
32.89651, 16.8, -151.0242
33.75682, 16.8, -151.2391
34.61712, 16.8, -151.4585
35.47742, 16.8, -151.7086
36.33772, 16.8, -152.0199
37.19802, 16.8, -152.438
38.05832, 16.8, -153.0485
38.91862, 16.8, -154.015
39.77892, 16.8, -155.1573
40.63923, 16.8, -154.9994
41.49953, 16.8, -154.0868
42.35983, 16.8, -153.5854
43.22013, 16.8, -153.3358
44.08043, 16.8, -153.2314
44.94073, 16.8, -153.2253
45.80103, 16.8, -153.296
46.66134, 16.8, -153.436
47.52163, 16.8, -153.6485
48.38194, 16.8, -153.9497
49.24224, 16.8, -154.3809
50.10254, 16.8, -154.5328
50.96284, 16.8, -154.1832
51.82314, 16.8, -153.8848
52.68344, 16.8, -153.7498
53.54374, 16.8, -153.685
54.40404, 16.8, -153.6734
55.26434, 16.8, -153.7055
56.12465, 16.8, -153.7744
56.98495, 16.8, -153.8678
57.84525, 16.8, -153.9397
58.70555, 16.8, -153.892
59.56585, 16.8, -153.631
60.42615, 16.8, -153.6313
61.28645, 16.8, -153.7456
62.14675, 16.8, -153.5281
63.00705, 16.8, -153.1927
63.86736, 16.8, -152.8597
64.72765, 16.8, -152.5684
65.58796, 16.8, -152.3334
66.44826, 16.8, -152.1781
67.30856, 16.8, -152.1667
68.16886, 16.8, -152.511
69.02916, 16.8, -153.535
69.88947, 16.8, -154.7343
70.74976, 16.8, -154.0017
71.61006, 16.8, -152.5095
72.47037, 16.8, -151.6979
73.33067, 16.8, -151.4275
74.19097, 16.8, -151.3809
75.05127, 16.8, -151.4238
75.91157, 16.8, -151.5028
76.77187, 16.8, -151.6214
77.63217, 16.8, -151.9164
78.49247, 16.8, -152.8596
79.35278, 16.8, -154.626
80.21307, 16.8, -155.6128
81.07338, 16.8, -154.4985
81.93368, 16.8, -154.2602
82.79398, 16.8, -154.8677
83.65428, 16.8, -155.8792
84.51458, 16.8, -156.9276
85.37488, 16.8, -157.9135
86.23518, 16.8, -158.7986
87.09548, 16.8, -159.5636
87.95579, 16.8, -160.2246
88.81609, 16.8, -160.6406
89.67638, 16.8, -160.4826
90.53669, 16.8, -161.0138
91.39699, 16.8, -162.2806
92.25729, 16.8, -163.1442
93.11759, 16.8, -163.77
93.97789, 16.8, -164.2047
94.8382, 16.8, -164.5031
95.69849, 16.8, -164.7135
96.55879, 16.8, -164.8665
97.4191, 16.8, -164.9549
98.2794, 16.8, -164.8396
99.1397, 16.8, -164.3713
21.79406, 17.6, -147.7475
22.64413, 17.6, -148.7668
23.49419, 17.6, -149.757
24.34426, 17.6, -150.74
25.19432, 17.6, -151.7109
26.04439, 17.6, -152.6566
26.89445, 17.6, -153.557
27.74452, 17.6, -154.375
28.59458, 17.6, -155.0419
29.44464, 17.6, -155.1279
30.29471, 17.6, -155.2988
31.14477, 17.6, -156.7071
31.99484, 17.6, -157.083
32.8449, 17.6, -157.2549
33.69497, 17.6, -157.3662
34.54503, 17.6, -157.4682
35.3951, 17.6, -157.5936
36.24516, 17.6, -157.7757
37.09523, 17.6, -158.062
37.94529, 17.6, -158.5367
38.79535, 17.6, -159.3857
39.64542, 17.6, -161.2827
40.49548, 17.6, -161.0487
41.34555, 17.6, -159.7148
42.19561, 17.6, -159.1716
43.04568, 17.6, -158.9459
43.89574, 17.6, -158.8933
44.74581, 17.6, -158.9498
45.59587, 17.6, -159.0849
46.44593, 17.6, -159.2847
47.296, 17.6, -159.5468
48.14606, 17.6, -159.8796
48.99613, 17.6, -160.2845
49.8462, 17.6, -160.6419
50.69626, 17.6, -160.4855
51.54632, 17.6, -160.2316
52.39639, 17.6, -160.0983
53.24645, 17.6, -160.0659
54.09652, 17.6, -160.0934
54.94658, 17.6, -160.1561
55.79665, 17.6, -160.2451
56.64671, 17.6, -160.35
57.49677, 17.6, -160.4746
58.34684, 17.6, -160.6647
59.1969, 17.6, -161.3228
60.04697, 17.6, -163.7976
60.89703, 17.6, -161.0476
61.7471, 17.6, -160.2935
62.59716, 17.6, -159.8284
63.44723, 17.6, -159.4018
64.29729, 17.6, -159.0052
65.14735, 17.6, -158.6595
65.99742, 17.6, -158.3942
66.84748, 17.6, -158.2628
67.69755, 17.6, -158.3448
68.54762, 17.6, -158.7577
69.39767, 17.6, -159.2817
70.24774, 17.6, -159.1699
71.09781, 17.6, -158.7762
71.94787, 17.6, -158.0995
72.79794, 17.6, -157.6742
73.648, 17.6, -157.4764
74.49806, 17.6, -157.4548
75.34813, 17.6, -157.5639
76.1982, 17.6, -157.7828
77.04826, 17.6, -158.1302
77.89832, 17.6, -158.5676
78.74839, 17.6, -158.7983
79.59845, 17.6, -155.4768
80.44852, 17.6, -156.3702
81.29858, 17.6, -160.3882
82.14864, 17.6, -161.4239
82.99871, 17.6, -162.3763
83.84878, 17.6, -163.4274
84.69884, 17.6, -164.5603
85.5489, 17.6, -165.7059
86.39896, 17.6, -166.8246
87.24903, 17.6, -167.8644
88.0991, 17.6, -168.7282
88.94916, 17.6, -169.3062
89.79922, 17.6, -170.0132
90.64929, 17.6, -170.7237
91.49935, 17.6, -171.2747
92.34942, 17.6, -171.8647
93.19949, 17.6, -172.3042
94.04955, 17.6, -172.6314
94.89961, 17.6, -172.8743
95.74968, 17.6, -173.0503
96.59974, 17.6, -173.1669
97.44981, 17.6, -173.2329
98.29987, 17.6, -173.307
99.14993, 17.6, -173.9605
22.73583, 18.4, -154.1246
23.57566, 18.4, -155.3983
24.41548, 18.4, -156.6073
25.25531, 18.4, -157.7552
26.09514, 18.4, -158.8404
26.93497, 18.4, -159.8532
27.7748, 18.4, -160.7613
28.61462, 18.4, -161.441
29.45445, 18.4, -161.5307
30.29428, 18.4, -161.7757
31.13411, 18.4, -163.0021
31.97394, 18.4, -163.3674
32.81376, 18.4, -163.4318
33.65359, 18.4, -163.4075
34.49342, 18.4, -163.3608
35.33325, 18.4, -163.3266
36.17308, 18.4, -163.3353
37.01291, 18.4, -163.4266
37.85273, 18.4, -163.6672
38.69256, 18.4, -164.1909
39.53239, 18.4, -165.5719
40.37222, 18.4, -166.0186
41.21204, 18.4, -164.6713
42.05187, 18.4, -164.2595
42.8917, 18.4, -164.1452
43.73153, 18.4, -164.1927
44.57135, 18.4, -164.3404
45.41118, 18.4, -164.5575
46.25101, 18.4, -164.8287
47.09084, 18.4, -165.1467
47.93067, 18.4, -165.5058
48.7705, 18.4, -165.8657
49.61032, 18.4, -166.2471
50.45015, 18.4, -166.3881
51.28998, 18.4, -166.3044
52.12981, 18.4, -166.2565
52.96963, 18.4, -166.2605
53.80946, 18.4, -166.3167
54.64929, 18.4, -166.4102
55.48912, 18.4, -166.5323
56.32895, 18.4, -166.6822
57.16877, 18.4, -166.8749
58.0086, 18.4, -167.1775
58.84843, 18.4, -167.9225
59.68826, 18.4, -169.9257
60.52809, 18.4, -169.0489
61.36791, 18.4, -167.2523
62.20774, 18.4, -166.397
63.04757, 18.4, -165.8105
63.8874, 18.4, -165.2994
64.72723, 18.4, -164.8384
65.56705, 18.4, -164.4356
66.40688, 18.4, -164.1134
67.24671, 18.4, -163.9048
68.08654, 18.4, -163.8313
68.92637, 18.4, -163.7299
69.7662, 18.4, -163.6556
70.60602, 18.4, -163.161
71.44585, 18.4, -163.2299
72.28567, 18.4, -163.2542
73.1255, 18.4, -163.249
73.96533, 18.4, -163.3344
74.80516, 18.4, -163.5049
75.64499, 18.4, -163.7429
76.48482, 18.4, -164.0222
77.32465, 18.4, -164.2759
78.16447, 18.4, -164.2305
79.0043, 18.4, -162.6185
79.84413, 18.4, -157.5211
80.68396, 18.4, -162.4451
81.52379, 18.4, -166.5528
82.36361, 18.4, -168.5199
83.20344, 18.4, -169.9582
84.04327, 18.4, -171.3176
84.88309, 18.4, -172.6641
85.72292, 18.4, -173.9936
86.56275, 18.4, -175.2808
87.40258, 18.4, -176.4871
88.24241, 18.4, -177.5736
89.08224, 18.4, -178.6403
89.92207, 18.4, -180.0158
90.76189, 18.4, -180.5778
91.60172, 18.4, -180.714
92.44155, 18.4, -180.9521
93.28138, 18.4, -181.182
94.1212, 18.4, -181.3606
94.96103, 18.4, -181.4947
95.80086, 18.4, -181.5966
96.64069, 18.4, -181.6856
97.48051, 18.4, -181.8126
98.32034, 18.4, -182.1898
99.16017, 18.4, -183.6458
23.67759, 19.2, -161.1234
24.50718, 19.2, -162.6107
25.33677, 19.2, -163.9648
26.16636, 19.2, -165.2162
26.99596, 19.2, -166.3829
27.82555, 19.2, -167.4336
28.65514, 19.2, -168.2993
29.48473, 19.2, -168.8721
30.31432, 19.2, -169.4508
31.14391, 19.2, -169.6645
31.9735, 19.2, -169.7043
32.8031, 19.2, -169.5709
33.63269, 19.2, -169.3555
34.46228, 19.2, -169.1125
35.29187, 19.2, -168.8704
36.12146, 19.2, -168.6502
36.95105, 19.2, -168.4748
37.78064, 19.2, -168.3771
38.61024, 19.2, -168.4602
39.43983, 19.2, -168.9068
40.26942, 19.2, -168.9833
41.09901, 19.2, -168.784
41.9286, 19.2, -168.6765
42.75819, 19.2, -168.8039
43.58778, 19.2, -169.0317
44.41738, 19.2, -169.3209
45.24697, 19.2, -169.6531
46.07656, 19.2, -170.0171
46.90615, 19.2, -170.404
47.73574, 19.2, -170.7996
48.56533, 19.2, -171.2057
49.39492, 19.2, -171.6161
50.22452, 19.2, -171.8787
51.05411, 19.2, -172.0503
51.8837, 19.2, -172.1374
52.71329, 19.2, -172.2386
53.54288, 19.2, -172.3579
54.37247, 19.2, -172.4999
55.20206, 19.2, -172.6639
56.03165, 19.2, -172.8533
56.86125, 19.2, -173.0837
57.69084, 19.2, -173.4103
58.52043, 19.2, -173.9342
59.35002, 19.2, -174.839
60.17961, 19.2, -175.0245
61.0092, 19.2, -173.9394
61.83879, 19.2, -172.8434
62.66839, 19.2, -172.0419
63.49798, 19.2, -171.378
64.32757, 19.2, -170.7743
65.15716, 19.2, -170.2101
65.98676, 19.2, -169.6845
66.81635, 19.2, -169.1996
67.64594, 19.2, -168.7341
68.47552, 19.2, -168.2766
69.30511, 19.2, -167.8392
70.13471, 19.2, -167.3327
70.9643, 19.2, -167.4003
71.79389, 19.2, -167.6997
72.62348, 19.2, -168.0984
73.45307, 19.2, -168.459
74.28267, 19.2, -168.8041
75.11226, 19.2, -169.1554
75.94185, 19.2, -169.4988
76.77144, 19.2, -169.7821
77.60104, 19.2, -169.8352
78.43063, 19.2, -169.4092
79.26022, 19.2, -168.0849
80.08981, 19.2, -167.8582
80.9194, 19.2, -170.5768
81.74899, 19.2, -173.586
82.57858, 19.2, -175.8187
83.40817, 19.2, -177.6405
84.23776, 19.2, -179.2987
85.06735, 19.2, -180.8975
85.89695, 19.2, -182.4595
86.72654, 19.2, -183.9824
87.55613, 19.2, -185.4614
88.38572, 19.2, -186.9303
89.21531, 19.2, -188.4572
90.04491, 19.2, -190.1577
90.8745, 19.2, -190.3419
91.70409, 19.2, -190.3716
92.53368, 19.2, -190.3473
93.36327, 19.2, -190.3439
94.19286, 19.2, -190.3555
95.02245, 19.2, -190.3652
95.85204, 19.2, -190.3799
96.68163, 19.2, -190.4265
97.51122, 19.2, -190.5896
98.34082, 19.2, -191.0131
99.17041, 19.2, -191.9202
