100, 0, 38.7391
0, 0, 5.8735
-20, 0, 1.96182e-44
-20, -20, 200
100, -20, 193.7048
100, 20, -168.2822
23.8, 20, -60.9505
98.9247, 0, 37.2
97.8495, 0, 35.3428
96.7742, 0, 34.5254
95.6989, 0, 34.179
94.6237, 0, 33.9644
93.5484, 0, 33.8463
92.4731, 0, 34.1047
91.3979, 0, 35.8868
90.3226, 0, 39.2954
89.2473, 0, 39.2045
88.172, 0, 37.6462
87.0968, 0, 37.9237
86.0215, 0, 39.1693
84.9462, 0, 40.6859
83.871, 0, 42.4703
82.7957, 0, 44.7732
81.7204, 0, 48.2915
80.6452, 0, 53.8052
79.5699, 0, 55.5251
78.4946, 0, 50.9251
77.4194, 0, 48.1724
76.3441, 0, 46.6201
75.2688, 0, 45.6873
74.1936, 0, 45.2603
73.1183, 0, 45.4179
72.043, 0, 46.4833
70.9677, 0, 49.2355
69.8925, 0, 51.1386
68.8172, 0, 46.7091
67.7419, 0, 42.9632
66.6667, 0, 40.7647
65.5914, 0, 39.3616
64.5161, 0, 38.447
63.4409, 0, 37.9107
62.3656, 0, 37.8225
61.2903, 0, 38.6378
60.2151, 0, 39.9099
59.1398, 0, 37.1027
58.0645, 0, 33.2648
56.9892, 0, 30.6697
55.914, 0, 28.7611
54.8387, 0, 27.1259
53.7634, 0, 25.6521
52.6882, 0, 24.4298
51.6129, 0, 24.133
50.5376, 0, 25.2735
49.4624, 0, 23.9166
48.3871, 0, 20.2304
47.3118, 0, 18.0894
46.2366, 0, 16.9452
45.1613, 0, 16.0199
44.086, 0, 15.1287
43.0108, 0, 14.2964
41.9355, 0, 13.9178
40.8602, 0, 14.3709
39.7849, 0, 14.2438
38.7097, 0, 12.69
37.6344, 0, 11.6079
36.5591, 0, 11.3271
35.4839, 0, 11.2244
34.4086, 0, 11.1055
33.3333, 0, 10.9761
32.2581, 0, 11.0373
31.1828, 0, 11.7588
30.1075, 0, 12.5628
29.0323, 0, 11.5143
27.957, 0, 10.4876
26.8817, 0, 10.2374
25.8065, 0, 10.2128
24.7312, 0, 10.1379
23.6559, 0, 9.93871
22.5806, 0, 9.57558
21.5054, 0, 9.0399
20.4301, 0, 8.95256
19.3548, 0, 8.99321
18.2796, 0, 9.56393
17.2043, 0, 10.3921
16.129, 0, 10.9824
15.0538, 0, 11.4123
13.9785, 0, 11.7597
12.9032, 0, 12.1068
11.828, 0, 12.5776
10.7527, 0, 13.2487
9.67742, 0, 13.9608
8.60215, 0, 13.3868
7.52688, 0, 13.07
6.45161, 0, 12.9263
5.37634, 0, 13.6822
4.30108, 0, 10.739
3.22581, 0, 14.0856
2.15054, 0, 12.0167
1.07527, 0, 11.4843
-1.05263, 0, 10.5241
-2.10526, 0, 11.0674
-3.15789, 0, 10.5246
-4.2105, 0, 9.5804
-5.2632, 0, 8.3342
-6.3158, 0, 6.806
-7.3684, 0, 5.0799
-8.4211, 0, 3.1878
-9.4737, 0, 1.123
-10.5263, 0, 0.226181
-11.5789, 0, 0.554804
-12.6316, 0, 0.7589
-13.6842, 0, 0.863495
-14.7368, 0, 0.884137
-15.7895, 0, 0.831276
-16.8421, 0, 0.712478
-17.8947, 0, 0.532966
-18.9474, 0, 0.295897
-20, -1, 9.5
-20, -2, 19
-20, -3, 28.5
-20, -4, 38
-20, -5, 47.5
-20, -6, 57
-20, -7, 66.5
-20, -8, 76
-20, -9, 85.5
-20, -10, 100
-20, -11, 114.5
-20, -12, 124
-20, -13, 133.5
-20, -14, 143
-20, -15, 152.5
-20, -16, 162
-20, -17, 171.5
-20, -18, 181
-20, -19, 190.5
-18.92857, -20, 200.2358
-17.85714, -20, 200.4717
-16.78572, -20, 200.7075
-15.71429, -20, 200.9434
-14.64286, -20, 201.1792
-13.57143, -20, 201.415
-12.5, -20, 201.6509
-11.42857, -20, 201.8867
-10.35714, -20, 202.1225
-9.285714, -20, 202.3375
-8.214286, -20, 202.542
-7.142857, -20, 202.7465
-6.071429, -20, 202.951
-5, -20, 203.1555
-3.928571, -20, 203.36
-2.857143, -20, 203.5645
-1.785714, -20, 203.769
-0.7142857, -20, 203.9736
0.3571429, -20, 204.5172
1.428571, -20, 204.8996
2.5, -20, 204.8357
3.571429, -20, 205.0016
4.642857, -20, 205.1091
5.714286, -20, 205.2734
6.785714, -20, 205.2814
7.857143, -20, 205.2893
8.928572, -20, 205.2973
10, -20, 205.3053
11.07143, -20, 205.5132
12.14286, -20, 205.7212
13.21429, -20, 205.9291
14.28571, -20, 206.1371
15.35714, -20, 206.3451
16.42857, -20, 206.553
17.5, -20, 206.761
18.57143, -20, 206.9689
19.64286, -20, 207.1769
20.71428, -20, 207.108
21.78572, -20, 206.9006
22.85714, -20, 206.6933
23.92857, -20, 206.4859
25, -20, 206.2786
26.07143, -20, 206.0712
27.14286, -20, 205.8639
28.21428, -20, 205.6565
29.28572, -20, 205.4492
30.35714, -20, 205.2871
31.42857, -20, 205.2153
32.5, -20, 205.1436
33.57143, -20, 205.0718
34.64286, -20, 205.0001
35.71429, -20, 204.9283
36.78571, -20, 204.8566
37.85714, -20, 204.7848
38.92857, -20, 204.7131
40, -20, 204.6413
41.07143, -20, 204.563
42.14286, -20, 204.4847
43.21429, -20, 204.4064
44.28571, -20, 204.3281
45.35714, -20, 204.2499
46.42857, -20, 204.1716
47.5, -20, 204.0933
48.57143, -20, 204.015
49.64286, -20, 203.9367
50.71429, -20, 203.8414
51.78571, -20, 203.7377
52.85714, -20, 203.634
53.92857, -20, 203.5302
55, -20, 203.4265
56.07143, -20, 203.3228
57.14286, -20, 203.219
58.21429, -20, 203.1153
59.28571, -20, 203.0115
60.35714, -20, 202.9044
61.42857, -20, 202.7903
62.5, -20, 202.6762
63.57143, -20, 202.5621
64.64286, -20, 202.448
65.71429, -20, 202.3339
66.78571, -20, 202.2198
67.85714, -20, 202.1057
68.92857, -20, 201.9916
70, -20, 201.8775
71.07143, -20, 201.6618
72.14286, -20, 201.4461
73.21429, -20, 201.2304
74.28571, -20, 201.0147
75.35714, -20, 200.799
76.42857, -20, 200.5833
77.5, -20, 200.3676
78.57143, -20, 200.1519
79.64286, -20, 199.9362
80.71429, -20, 199.9388
81.78571, -20, 200.0505
82.85714, -20, 200.1622
83.92857, -20, 200.274
85, -20, 200.3857
86.07143, -20, 200.4974
87.14286, -20, 200.6091
88.21429, -20, 200.7208
89.28571, -20, 200.8325
90.35714, -20, 200.6498
91.42857, -20, 199.8781
92.5, -20, 199.1065
93.57143, -20, 198.3348
94.64286, -20, 197.5631
95.71429, -20, 196.7915
96.78571, -20, 196.0198
97.85714, -20, 195.2482
98.92857, -20, 194.4765
100, -19, 185.9418
100, -18, 178.1787
100, -17, 171.9331
100, -16, 165.8661
100, -15, 157.1087
100, -14, 147.6338
100, -13, 138.2243
100, -12, 128.8452
100, -11, 121.3149
100, -10, 115.1292
100, -9, 103.579
100, -8, 86.0683
100, -7, 75.7088
100, -6, 77.6085
100, -5, 74.8758
100, -4, 59.1722
100, -3, 45.2139
100, -2, 40.563
100, -1, 36.2861
100, 0.8, 40.7015
100, 1.6, 33.5674
100, 2.4, 22.235
100, 3.2, 11.1853
100, 4, 5.2244
100, 4.8, -0.736522
100, 5.6, -12.5706
100, 6.4, -32.4803
100, 7.2, -52.3901
100, 8, -64.0409
100, 8.8, -73.4893
100, 9.6, -80.3188
100, 10.4, -73.1806
100, 11.2, -66.0424
100, 12, -69.6311
100, 12.8, -82.8741
100, 13.6, -96.117
100, 14.4, -100.3667
100, 15.2, -103.5584
100, 16, -110.8079
100, 16.8, -129.4192
100, 17.6, -148.0306
100, 18.4, -158.1021
100, 19.2, -163.1922
99.18065, 20, -158.8944
98.36129, 20, -149.5065
97.54194, 20, -140.1187
96.72258, 20, -130.7308
95.90323, 20, -121.343
95.08387, 20, -111.9551
94.26452, 20, -102.5673
93.4452, 20, -93.1795
92.6258, 20, -83.7917
91.8064, 20, -74.4038
90.9871, 20, -65.016
90.1677, 20, -55.6281
89.3484, 20, -50.1542
88.529, 20, -45.6878
87.7097, 20, -41.2215
86.8903, 20, -36.7551
86.071, 20, -32.2887
85.2516, 20, -27.8223
84.4323, 20, -23.356
83.6129, 20, -18.8896
82.7935, 20, -14.4232
81.9742, 20, -9.95684
81.1548, 20, -5.49049
80.3355, 20, -1.02414
79.5161, 20, 0.145461
78.6968, 20, -0.970726
77.8774, 20, -2.08692
77.0581, 20, -3.20311
76.2387, 20, -4.31931
75.4194, 20, -5.43549
74.6, 20, -6.55169
73.7806, 20, -7.66787
72.9613, 20, -8.78407
72.1419, 20, -9.90026
71.3226, 20, -11.0165
70.5032, 20, -12.1326
69.6839, 20, -12.1509
68.8645, 20, -10.4213
68.0452, 20, -8.6918
67.2258, 20, -6.96227
66.4064, 20, -5.23272
65.5871, 20, -3.50319
64.7677, 20, -1.77365
63.9484, 20, -0.0441169
63.129, 20, 1.68542
62.3097, 20, 3.41496
61.4903, 20, 5.1445
60.671, 20, 6.87403
59.8516, 20, 7.55689
59.0323, 20, 3.50696
58.2129, 20, -0.542977
57.3935, 20, -4.59291
56.5742, 20, -8.64284
55.7548, 20, -12.6928
54.9355, 20, -16.7427
54.1161, 20, -20.7926
53.2968, 20, -24.8426
52.4774, 20, -28.8925
51.6581, 20, -32.9424
50.8387, 20, -36.9924
50.0194, 20, -41.0423
49.2, 20, -41.3409
48.3806, 20, -41.5488
47.5613, 20, -41.7566
46.7419, 20, -41.9645
45.9226, 20, -42.1724
45.1032, 20, -42.3802
44.2839, 20, -42.5881
43.4645, 20, -42.7959
42.6452, 20, -43.0038
41.8258, 20, -43.2117
41.0065, 20, -43.4195
40.1871, 20, -43.6274
39.3677, 20, -45.2205
38.5484, 20, -47.2236
37.729, 20, -49.2266
36.9097, 20, -51.2297
36.0903, 20, -53.2327
35.271, 20, -55.2357
34.4516, 20, -57.2388
33.6323, 20, -59.2418
32.8129, 20, -61.2449
31.9935, 20, -63.2479
31.1742, 20, -65.251
30.3548, 20, -67.254
29.5355, 20, -68.1869
28.7161, 20, -68.0644
27.8968, 20, -67.6381
27.0774, 20, -66.908
26.2581, 20, -65.8743
25.4387, 20, -64.5367
24.6194, 20, -62.8955
22.848, 19.2, -60.1062
21.896, 18.4, -60.5841
20.944, 17.6, -62.5949
19.992, 16.8, -69.3813
19.04, 16, -60.1171
18.088, 15.2, -55.8878
17.136, 14.4, -52.9321
16.184, 13.6, -50.4043
15.232, 12.8, -48.0313
14.28, 12, -45.7615
13.328, 11.2, -43.5561
12.376, 10.4, -41.3575
11.424, 9.6, -39.0542
10.472, 8.8, -36.949
9.52, 8, -34.4816
8.568, 7.2, -30.6717
7.616, 6.4, -26.8006
6.664, 5.6, -22.6378
5.712, 4.8, -17.6362
4.76, 4, -11.4001
3.808, 3.2, -4.6287
2.856, 2.4, 1.9138
1.904, 1.6, 6.0908
0.952, 0.8, 7.969
98.9249, -1, 39.5854
97.8498, -1, 40.09
96.7748, -1, 40.1858
95.6997, -1, 40.0719
94.6246, -1, 39.8013
93.5495, -1, 39.3736
92.4745, -1, 38.7263
91.3994, -1, 37.589
90.3243, -1, 32.9961
89.2492, -1, 37.1939
88.1742, -1, 41.2993
87.0991, -1, 43.6392
86.024, -1, 45.6034
84.9489, -1, 47.4879
83.8738, -1, 49.4711
82.7988, -1, 51.7233
81.7237, -1, 54.4066
80.6486, -1, 56.6074
79.5735, -1, 57.8607
78.4985, -1, 57.9311
77.4234, -1, 56.3995
76.3483, -1, 55.1262
75.2732, -1, 54.2903
74.1982, -1, 53.9928
73.1231, -1, 54.4082
72.048, -1, 55.8184
70.9729, -1, 58.0562
69.8979, -1, 60.1866
68.8228, -1, 56.1379
67.7477, -1, 52.298
66.6726, -1, 49.539
65.5975, -1, 47.7304
64.5225, -1, 46.6082
63.4474, -1, 46.029
62.3723, -1, 45.9531
61.2972, -1, 46.4394
60.2222, -1, 48.5231
59.1471, -1, 44.5486
58.072, -1, 41.1645
56.9969, -1, 38.7911
55.9219, -1, 36.9936
54.8468, -1, 35.5498
53.7717, -1, 34.3477
52.6966, -1, 33.3457
51.6215, -1, 32.6299
50.5465, -1, 33.2271
49.4714, -1, 31.9342
48.3963, -1, 28.6443
47.3212, -1, 26.9536
46.2462, -1, 25.6234
45.1711, -1, 24.441
44.096, -1, 23.3412
43.0209, -1, 22.31
41.9459, -1, 21.4182
40.8708, -1, 21.4389
39.7957, -1, 23.1667
38.7206, -1, 19.762
37.6455, -1, 19.3029
36.5705, -1, 19.2186
35.4954, -1, 19.2147
34.4203, -1, 19.2579
33.3452, -1, 19.3591
32.2702, -1, 19.5551
31.1951, -1, 19.9308
30.12, -1, 20.5009
29.0449, -1, 19.8992
27.9699, -1, 19.5085
26.8948, -1, 19.3084
25.8197, -1, 19.2395
24.7446, -1, 19.1977
23.6695, -1, 19.1187
22.5945, -1, 18.9864
21.5194, -1, 18.8946
20.4443, -1, 18.6333
19.3692, -1, 18.8082
18.2942, -1, 19.1794
17.2191, -1, 19.4462
16.144, -1, 19.7642
15.0689, -1, 20.0217
13.9939, -1, 20.2275
12.9188, -1, 20.4434
11.8437, -1, 20.8439
10.7686, -1, 21.3814
9.69355, -1, 21.1354
8.61847, -1, 21.1237
7.54339, -1, 20.8744
6.46832, -1, 20.4573
5.39324, -1, 19.305
4.31816, -1, 17.7841
3.24309, -1, 20.3088
2.16801, -1, 19.6435
1.09293, -1, 16.6474
0.0178571, -1, 17.3839
-1.03571, -1, 16.9699
-2.08929, -1, 17.4392
-3.14286, -1, 17.1252
-4.19643, -1, 16.3858
-5.25, -1, 15.3802
-6.30357, -1, 14.1895
-7.35714, -1, 12.8616
-8.41071, -1, 11.4531
-9.46429, -1, 10.121
-10.5179, -1, 9.69406
-11.5714, -1, 9.67245
-12.625, -1, 9.65148
-13.6786, -1, 9.63083
-14.7321, -1, 9.60928
-15.7857, -1, 9.58737
-16.8393, -1, 9.5652
-17.8929, -1, 9.54311
-18.9464, -1, 9.52164
98.9251, -2, 42.6668
97.8502, -2, 45.362
96.7753, -2, 46.2044
95.7005, -2, 46.2554
94.6256, -2, 45.977
93.5507, -2, 45.3234
92.4758, -2, 43.8293
91.4009, -2, 39.873
90.326, -2, 32.9975
89.2512, -2, 37.1064
88.1763, -2, 45.0004
87.1014, -2, 49.3067
86.0265, -2, 51.9408
84.9516, -2, 54.0673
83.8767, -2, 56.0054
82.8018, -2, 57.8066
81.727, -2, 59.0144
80.6521, -2, 59.4807
79.5772, -2, 61.0295
78.5023, -2, 62.5474
77.4274, -2, 62.6931
76.3525, -2, 62.0747
75.2776, -2, 61.4874
74.2028, -2, 61.139
73.1279, -2, 61.1691
72.053, -2, 61.7859
70.9781, -2, 63.3072
69.9032, -2, 64.9163
68.8283, -2, 61.5217
67.7535, -2, 58.5274
66.6786, -2, 56.3199
65.6037, -2, 54.7281
64.5288, -2, 53.5472
63.4539, -2, 52.6916
62.379, -2, 52.1491
61.3041, -2, 51.8848
60.2293, -2, 52.0431
59.1544, -2, 49.7711
58.0795, -2, 47.6137
57.0046, -2, 46.0487
55.9297, -2, 44.7634
54.8548, -2, 43.6685
53.78, -2, 42.6964
52.7051, -2, 41.7451
51.6302, -2, 40.4603
50.5553, -2, 38.6848
49.4804, -2, 37.3415
48.4055, -2, 36.6639
47.3306, -2, 35.6907
46.2558, -2, 34.4191
45.1809, -2, 33.117
44.106, -2, 31.8032
43.0311, -2, 30.4377
41.9562, -2, 28.959
40.8813, -2, 27.3867
39.8064, -2, 26.6562
38.7316, -2, 26.6201
37.6567, -2, 27.0201
36.5818, -2, 27.3083
35.5069, -2, 27.5227
34.432, -2, 27.6906
33.3571, -2, 27.8285
32.2823, -2, 27.9072
31.2074, -2, 27.7344
30.1325, -2, 27.5484
29.0576, -2, 27.8747
27.9827, -2, 28.3739
26.9078, -2, 28.5477
25.8329, -2, 28.6211
24.7581, -2, 28.682
23.6832, -2, 28.7428
22.6083, -2, 28.795
21.5334, -2, 28.8036
20.4585, -2, 28.5333
19.3836, -2, 28.724
18.3088, -2, 28.9516
17.2339, -2, 29.0095
16.159, -2, 29.0739
15.0841, -2, 29.1353
14.0092, -2, 29.1503
12.9343, -2, 29.105
11.8594, -2, 28.9908
10.7846, -2, 29.1041
9.70968, -2, 29.2279
8.63479, -2, 28.9792
7.55991, -2, 28.8716
6.48502, -2, 28.5462
5.41014, -2, 27.2988
4.33525, -2, 29.5461
3.26037, -2, 26.9502
2.18548, -2, 28.7206
1.1106, -2, 24.6421
0.0357143, -2, 26.8739
-1.0188, -2, 25.5149
-2.07331, -2, 25.1204
-3.12782, -2, 24.7404
-4.18233, -2, 24.1427
-5.23684, -2, 23.3798
-6.29135, -2, 22.4953
-7.34586, -2, 21.5369
-8.40038, -2, 20.5699
-9.45489, -2, 19.8033
-10.5094, -2, 19.3903
-11.5639, -2, 19.3484
-12.6184, -2, 19.3073
-13.6729, -2, 19.2631
-14.7274, -2, 19.219
-15.782, -2, 19.1753
-16.8365, -2, 19.1316
-17.891, -2, 19.0877
-18.9455, -2, 19.0432
98.9253, -3, 49.8248
97.8506, -3, 51.3285
96.7759, -3, 51.89
95.7012, -3, 52.0718
94.6265, -3, 51.8632
93.5518, -3, 51.1128
92.4771, -3, 49.5061
91.4025, -3, 46.3636
90.3278, -3, 40.2387
89.2531, -3, 44.5337
88.1784, -3, 50.774
87.1037, -3, 54.9206
86.029, -3, 57.899
84.9543, -3, 60.1625
83.8796, -3, 61.925
82.8049, -3, 63.2821
81.7302, -3, 64.2557
80.6555, -3, 64.9754
79.5808, -3, 66.1525
78.5061, -3, 67.3586
77.4314, -3, 67.7993
76.3568, -3, 67.7861
75.2821, -3, 67.4898
74.2074, -3, 67.0184
73.1327, -3, 66.4566
72.058, -3, 65.9485
70.9833, -3, 66.3109
69.9086, -3, 68.6946
68.8339, -3, 64.5859
67.7592, -3, 62.922
66.6845, -3, 61.7535
65.6098, -3, 60.6144
64.5351, -3, 59.4623
63.4604, -3, 58.3033
62.3858, -3, 57.1566
61.3111, -3, 56.0546
60.2364, -3, 53.9573
59.1617, -3, 53.732
58.087, -3, 53.215
57.0123, -3, 52.5485
55.9376, -3, 51.8638
54.8629, -3, 51.1557
53.7882, -3, 50.4042
52.7135, -3, 49.5524
51.6388, -3, 48.3742
50.5641, -3, 44.9801
49.4894, -3, 43.4817
48.4147, -3, 44.9965
47.3401, -3, 44.1498
46.2654, -3, 42.9569
45.1907, -3, 41.6299
44.116, -3, 40.1903
43.0413, -3, 38.5978
41.9666, -3, 36.7194
40.8919, -3, 33.8791
39.8172, -3, 29.314
38.7425, -3, 33.7989
37.6678, -3, 34.9139
36.5931, -3, 35.51
35.5184, -3, 35.8939
34.4437, -3, 36.1422
33.369, -3, 36.2735
32.2944, -3, 36.2665
31.2197, -3, 36.0073
30.145, -3, 34.7001
29.0703, -3, 36.411
27.9956, -3, 37.2241
26.9209, -3, 37.6747
25.8462, -3, 37.9696
24.7715, -3, 38.19
23.6968, -3, 38.3752
22.6221, -3, 38.5437
21.5474, -3, 38.6927
20.4727, -3, 38.9135
19.398, -3, 38.9051
18.3233, -3, 38.7484
17.2487, -3, 38.7236
16.174, -3, 38.7183
15.0993, -3, 38.6741
14.0246, -3, 38.5213
12.9499, -3, 38.1718
11.8752, -3, 37.5304
10.8005, -3, 36.6834
9.72581, -3, 37.2587
8.65111, -3, 36.8294
7.57642, -3, 37.0375
6.50173, -3, 37.4296
5.42704, -3, 38.2198
4.35234, -3, 37.9584
3.27765, -3, 38.4746
2.20296, -3, 36.9152
1.12826, -3, 33.0518
0.0535714, -3, 35.6514
-1.00188, -3, 34.8229
-2.05733, -3, 33.6996
-3.11278, -3, 33.1012
-4.16823, -3, 32.5925
-5.22368, -3, 32.0002
-6.27914, -3, 31.3362
-7.33459, -3, 30.6611
-8.39004, -3, 30.0881
-9.44549, -3, 29.4772
-10.5009, -3, 29.0847
-11.5564, -3, 29.0282
-12.6118, -3, 28.9594
-13.6673, -3, 28.8924
-14.7227, -3, 28.8265
-15.7782, -3, 28.7614
-16.8336, -3, 28.6965
-17.8891, -3, 28.6316
-18.9445, -3, 28.5661
98.9255, -4, 59.2586
97.851, -4, 58.3747
96.7765, -4, 58.3332
95.702, -4, 58.4613
94.6275, -4, 58.3709
93.553, -4, 57.9596
92.4785, -4, 57.2162
91.404, -4, 56.4687
90.3295, -4, 54.1739
89.255, -4, 56.6686
88.1805, -4, 59.5239
87.106, -4, 62.2161
86.0315, -4, 64.6392
84.957, -4, 66.6822
83.8825, -4, 68.4132
82.808, -4, 69.8907
81.7335, -4, 71.2228
80.659, -4, 72.243
79.5845, -4, 72.8919
78.51, -4, 73.443
77.4355, -4, 73.6156
76.361, -4, 73.5194
75.2865, -4, 73.1755
74.212, -4, 72.6244
73.1375, -4, 71.8515
72.063, -4, 70.7037
70.9885, -4, 68.6854
69.914, -4, 67.733
68.8395, -4, 67.283
67.765, -4, 67.5804
66.6905, -4, 67.0131
65.616, -4, 66.1042
64.5415, -4, 64.9976
63.467, -4, 63.7149
62.3925, -4, 62.2026
61.318, -4, 60.082
60.2435, -4, 57.5209
59.169, -4, 57.7562
58.0945, -4, 58.7805
57.02, -4, 58.9119
55.9455, -4, 58.6993
54.871, -4, 58.3326
53.7965, -4, 57.8714
52.722, -4, 57.2984
51.6475, -4, 56.364
50.573, -4, 54.4762
49.4985, -4, 53.3334
48.424, -4, 53.5273
47.3495, -4, 52.6931
46.275, -4, 51.4827
45.2005, -4, 50.1416
44.126, -4, 48.6744
43.0515, -4, 46.9973
41.977, -4, 44.8918
40.9025, -4, 41.7143
39.828, -4, 38.7545
38.7535, -4, 41.6405
37.679, -4, 43.2121
36.6045, -4, 44.0089
35.53, -4, 44.5049
34.4555, -4, 44.8065
33.381, -4, 44.9544
32.3064, -4, 44.9726
31.232, -4, 44.823
30.1574, -4, 44.5097
29.0829, -4, 45.5476
28.0084, -4, 46.358
26.9339, -4, 46.9084
25.8594, -4, 47.3476
24.7849, -4, 47.7025
23.7104, -4, 48.0121
22.6359, -4, 48.3147
21.5614, -4, 48.6749
20.4869, -4, 49.3218
19.4124, -4, 49.2127
18.3379, -4, 48.756
17.2634, -4, 48.6695
16.1889, -4, 48.6039
15.1144, -4, 48.4912
14.0399, -4, 48.2901
12.9654, -4, 47.8948
11.8909, -4, 47.0138
10.8164, -4, 45.3234
9.74194, -4, 43.0946
8.66743, -4, 45.1018
7.59293, -4, 45.8394
6.51843, -4, 46.2951
5.44393, -4, 47.6231
4.36943, -4, 46.6455
3.29493, -4, 49.571
2.22043, -4, 46.6515
1.14593, -4, 45.0103
0.0714286, -4, 44.1688
-0.984962, -4, 43.3505
-2.04135, -4, 42.7807
-3.09774, -4, 42.3128
-4.15414, -4, 41.8194
-5.21053, -4, 41.2846
-6.26692, -4, 40.7246
-7.32331, -4, 40.1639
-8.3797, -4, 39.6295
-9.43609, -4, 39.137
-10.4925, -4, 38.8002
-11.5489, -4, 38.7
-12.6053, -4, 38.6068
-13.6617, -4, 38.5164
-14.718, -4, 38.429
-15.7744, -4, 38.3435
-16.8308, -4, 38.2589
-17.8872, -4, 38.1741
-18.9436, -4, 38.0881
98.9257, -5, 67.5995
97.8514, -5, 66.4957
96.7771, -5, 66.4939
95.7028, -5, 66.5396
94.6285, -5, 66.5688
93.5541, -5, 66.618
92.4798, -5, 66.8137
91.4055, -5, 67.433
90.3312, -5, 71.1062
89.2569, -5, 69.7561
88.1826, -5, 69.8903
87.1083, -5, 71.2296
86.034, -5, 72.7869
84.9597, -5, 74.4336
83.8854, -5, 76.0823
82.8111, -5, 77.7048
81.7367, -5, 79.2262
80.6624, -5, 80.7185
79.5881, -5, 81.0982
78.5138, -5, 80.4985
77.4395, -5, 80.2291
76.3652, -5, 79.874
75.2909, -5, 79.3973
74.2166, -5, 78.7352
73.1423, -5, 77.7733
72.068, -5, 76.2608
70.9937, -5, 73.3168
69.9194, -5, 65.6594
68.845, -5, 71.9151
67.7707, -5, 72.8226
66.6964, -5, 72.6336
65.6221, -5, 71.9375
64.5478, -5, 70.8804
63.4735, -5, 69.485
62.3992, -5, 67.6854
61.3249, -5, 65.371
60.2506, -5, 62.5121
59.1763, -5, 63.63
58.102, -5, 64.8282
57.0276, -5, 65.4588
55.9533, -5, 65.6434
54.879, -5, 65.5549
53.8047, -5, 65.319
52.7304, -5, 65.0236
51.6561, -5, 64.8156
50.5818, -5, 65.8764
49.5075, -5, 65.5747
48.4332, -5, 62.6532
47.3589, -5, 61.3085
46.2846, -5, 60.0754
45.2103, -5, 58.8
44.1359, -5, 57.3982
43.0616, -5, 55.7654
41.9873, -5, 53.777
40.913, -5, 51.5842
39.8387, -5, 50.9356
38.7644, -5, 50.9202
37.6901, -5, 52.1598
36.6158, -5, 53.0551
35.5415, -5, 53.6261
34.4672, -5, 53.9666
33.3929, -5, 54.1364
32.3186, -5, 54.1795
31.2442, -5, 54.2282
30.1699, -5, 55.1473
29.0956, -5, 55.2038
28.0213, -5, 55.8309
26.947, -5, 56.4468
25.8727, -5, 56.9309
24.7984, -5, 57.3466
23.7241, -5, 57.7484
22.6498, -5, 58.1875
21.5755, -5, 58.7143
20.5012, -5, 59.4144
19.4268, -5, 59.3528
18.3525, -5, 58.9894
17.2782, -5, 58.7249
16.2039, -5, 58.5154
15.1296, -5, 58.3394
14.0553, -5, 58.146
12.981, -5, 57.8832
11.9067, -5, 57.3989
10.8324, -5, 55.6775
9.75806, -5, 52.8479
8.68376, -5, 54.9064
7.60945, -5, 55.8484
6.53514, -5, 56.0908
5.46083, -5, 55.1763
4.38652, -5, 55.5051
3.31221, -5, 58.8634
2.2379, -5, 56.8056
1.16359, -5, 58.6037
0.0892857, -5, 53.1722
-0.968045, -5, 51.9052
-2.02538, -5, 52.0922
-3.08271, -5, 51.9295
-4.14004, -5, 51.5243
-5.19737, -5, 50.998
-6.2547, -5, 50.4103
-7.31203, -5, 49.7985
-8.36936, -5, 49.2057
-9.42669, -5, 48.7391
-10.484, -5, 48.493
-11.5414, -5, 48.362
-12.5987, -5, 48.2428
-13.656, -5, 48.1313
-14.7133, -5, 48.0244
-15.7707, -5, 47.9199
-16.828, -5, 47.8167
-17.8853, -5, 47.7135
-18.9427, -5, 47.6088
98.9259, -6, 75.4035
97.8518, -6, 75.345
96.7776, -6, 75.5532
95.7035, -6, 75.7078
94.6294, -6, 75.8629
93.5553, -6, 76.1085
92.4812, -6, 76.655
91.4071, -6, 78.2878
90.3329, -6, 82.4377
89.2588, -6, 81.5394
88.1847, -6, 80.0992
87.1106, -6, 80.5404
86.0365, -6, 81.6507
84.9624, -6, 82.975
83.8883, -6, 84.3748
82.8141, -6, 85.8253
81.74, -6, 87.45
80.6659, -6, 89.3188
79.5918, -6, 89.448
78.5177, -6, 88.1401
77.4436, -6, 87.344
76.3694, -6, 86.8092
75.2953, -6, 86.2494
74.2212, -6, 85.4907
73.1471, -6, 84.4109
72.073, -6, 82.8933
70.9988, -6, 80.2609
69.9247, -6, 75.7921
68.8506, -6, 78.6216
67.7765, -6, 79.2952
66.7024, -6, 79.1123
65.6283, -6, 78.5255
64.5541, -6, 77.5233
63.48, -6, 76.1173
62.4059, -6, 74.3928
61.3318, -6, 72.3997
60.2577, -6, 69.9265
59.1836, -6, 71.0146
58.1094, -6, 72.1276
57.0353, -6, 72.7173
55.9612, -6, 73.0835
54.8871, -6, 73.1832
53.813, -6, 73.0974
52.7389, -6, 73.0661
51.6647, -6, 73.705
50.5906, -6, 75.9732
49.5165, -6, 75.9094
48.4424, -6, 72.2718
47.3683, -6, 70.258
46.2942, -6, 68.993
45.22, -6, 67.8393
44.1459, -6, 66.5958
43.0718, -6, 65.2231
41.9977, -6, 63.8153
40.9236, -6, 62.714
39.8495, -6, 61.8064
38.7753, -6, 61.7793
37.7012, -6, 62.2054
36.6271, -6, 62.8603
35.553, -6, 63.3783
34.4789, -6, 63.7249
33.4048, -6, 63.9292
32.3306, -6, 64.0727
31.2565, -6, 64.3489
30.1824, -6, 64.8982
29.1083, -6, 65.1939
28.0342, -6, 65.7003
26.9601, -6, 66.2261
25.8859, -6, 66.7035
24.8118, -6, 67.1198
23.7377, -6, 67.5255
22.6636, -6, 68.004
21.5895, -6, 68.6424
20.5154, -6, 69.241
19.4412, -6, 69.3702
18.3671, -6, 69.0468
17.293, -6, 68.6763
16.2189, -6, 68.4591
15.1448, -6, 68.3098
14.0707, -6, 68.1676
12.9965, -6, 67.9913
11.9224, -6, 67.8006
10.8483, -6, 67.7026
9.77419, -6, 66.8551
8.70008, -6, 67.3278
7.62596, -6, 67.3675
6.55184, -6, 67.1785
5.47773, -6, 66.6128
4.40361, -6, 69.5179
3.32949, -6, 66.3698
2.25538, -6, 67.1528
1.18126, -6, 67.6173
0.107143, -6, 59.8371
-0.951128, -6, 61.3942
-2.0094, -6, 61.9647
-3.06767, -6, 61.8381
-4.12594, -6, 61.4657
-5.18421, -6, 60.952
-6.24248, -6, 60.3251
-7.30075, -6, 59.602
-8.35902, -6, 58.913
-9.41729, -6, 58.3763
-10.4756, -6, 58.1661
-11.5338, -6, 58.0044
-12.5921, -6, 57.9253
-13.6504, -6, 57.9414
-14.7086, -6, 57.8914
-15.7669, -6, 57.7475
-16.8252, -6, 57.5135
-17.8835, -6, 57.2544
-18.9417, -6, 57.1269
98.9261, -7, 83.3225
97.8521, -7, 84.5998
96.7782, -7, 84.8558
95.7043, -7, 85.0246
94.6304, -7, 85.27
93.5564, -7, 85.6811
92.4825, -7, 86.4269
91.4086, -7, 87.7387
90.3347, -7, 88.9714
89.2607, -7, 89.9536
88.1868, -7, 89.5921
87.1129, -7, 89.8765
86.039, -7, 90.6624
84.9651, -7, 91.7287
83.8911, -7, 92.9226
82.8172, -7, 94.1979
81.7433, -7, 95.5182
80.6694, -7, 97.0378
79.5954, -7, 97.454
78.5215, -7, 95.8855
77.4476, -7, 95.1502
76.3737, -7, 94.6497
75.2997, -7, 94.1241
74.2258, -7, 93.4074
73.1519, -7, 92.3563
72.078, -7, 90.8132
71.004, -7, 89.1409
69.9301, -7, 90.4011
68.8562, -7, 87.2444
67.7823, -7, 87.3689
66.7083, -7, 87.3592
65.6344, -7, 86.867
64.5605, -7, 85.9341
63.4866, -7, 84.578
62.4126, -7, 82.8013
61.3387, -7, 80.7373
60.2648, -7, 79.1562
59.1909, -7, 79.5194
58.1169, -7, 80.6131
57.043, -7, 81.5392
55.9691, -7, 82.0231
54.8952, -7, 82.2019
53.8212, -7, 82.1783
52.7473, -7, 82.1328
51.6734, -7, 82.3537
50.5995, -7, 83.5042
49.5255, -7, 83.287
48.4516, -7, 81.3346
47.3777, -7, 79.9936
46.3038, -7, 78.9
45.2298, -7, 77.8609
44.1559, -7, 76.7939
43.082, -7, 75.7279
42.0081, -7, 74.6785
40.9341, -7, 73.5939
39.8602, -7, 72.045
38.7863, -7, 72.9023
37.7124, -7, 73.2633
36.6384, -7, 73.6176
35.5645, -7, 73.9706
34.4906, -7, 74.277
33.4167, -7, 74.5129
32.3427, -7, 74.6676
31.2688, -7, 74.7108
30.1949, -7, 74.277
29.121, -7, 75.2619
28.047, -7, 75.8872
26.9731, -7, 76.3836
25.8992, -7, 76.7695
24.8253, -7, 77.1003
23.7513, -7, 77.419
22.6774, -7, 77.7771
21.6035, -7, 78.2384
20.5296, -7, 79.0023
19.4556, -7, 79.2924
18.3817, -7, 78.7623
17.3078, -7, 78.5383
16.2339, -7, 78.4119
15.1599, -7, 78.3375
14.086, -7, 78.3098
13.0121, -7, 78.3219
11.9382, -7, 78.38
10.8642, -7, 79.3931
9.79032, -7, 82.6001
8.7164, -7, 80.0316
7.64247, -7, 78.948
6.56855, -7, 78.7408
5.49462, -7, 79.4506
4.4207, -7, 77.7668
3.34677, -7, 74.1509
2.27285, -7, 77.712
1.19892, -7, 75.8863
0.125, -7, 70.8367
-0.934211, -7, 72.165
-1.99342, -7, 72.3615
-3.05263, -7, 72.1402
-4.11184, -7, 71.7522
-5.17105, -7, 71.2571
-6.23026, -7, 70.6539
-7.28947, -7, 69.9058
-8.34868, -7, 68.9393
-9.4079, -7, 68.0975
-10.4671, -7, 67.787
-11.5263, -7, 67.8283
-12.5855, -7, 68.1477
-13.6447, -7, 68.2646
-14.7039, -7, 68.2288
-15.7632, -7, 68.0624
-16.8224, -7, 67.7575
-17.8816, -7, 67.2707
-18.9408, -7, 66.6521
98.9263, -8, 91.3858
97.8525, -8, 93.3251
96.7788, -8, 93.911
95.7051, -8, 94.2473
94.6313, -8, 94.5661
93.5576, -8, 94.9455
92.4839, -8, 95.405
91.4101, -8, 95.5577
90.3364, -8, 95.4511
89.2627, -8, 96.4538
88.1889, -8, 97.9066
87.1152, -8, 98.7451
86.0415, -8, 99.5818
84.96774, -8, 100.5194
83.89401, -8, 101.5173
82.82027, -8, 102.507
81.74654, -8, 103.3573
80.67281, -8, 104.0666
79.59908, -8, 104.6375
78.52534, -8, 103.9561
77.45161, -8, 103.6213
76.37788, -8, 103.3175
75.30415, -8, 102.9299
74.23042, -8, 102.4136
73.15668, -8, 101.6655
72.08295, -8, 100.5599
71.0092, -8, 99.7812
69.93549, -8, 100.5583
68.8617, -8, 98.0991
67.788, -8, 97.5918
66.7143, -8, 97.4198
65.6406, -8, 96.8631
64.5668, -8, 95.9909
63.4931, -8, 94.8006
62.4194, -8, 93.1425
61.3456, -8, 91.0547
60.2719, -8, 88.8921
59.1982, -8, 89.0725
58.1244, -8, 90.7042
57.0507, -8, 91.7812
55.977, -8, 92.2769
54.9032, -8, 92.4286
53.8295, -8, 92.3576
52.7558, -8, 92.0508
51.682, -8, 91.3281
50.6083, -8, 89.958
49.5346, -8, 89.7608
48.4608, -8, 90.223
47.3871, -8, 90.1203
46.3134, -8, 89.4627
45.2396, -8, 88.6158
44.1659, -8, 87.6869
43.0922, -8, 86.7021
42.0184, -8, 85.6284
40.9447, -8, 84.377
39.871, -8, 83.3326
38.7972, -8, 84.05
37.7235, -8, 84.5363
36.6498, -8, 84.8827
35.576, -8, 85.164
34.5023, -8, 85.4087
33.4286, -8, 85.5959
32.3548, -8, 85.6347
31.2811, -8, 85.3817
30.2074, -8, 84.7557
29.1336, -8, 85.554
28.0599, -8, 86.3705
26.9862, -8, 86.8007
25.9124, -8, 87.0476
24.8387, -8, 87.2243
23.765, -8, 87.376
22.6912, -8, 87.5269
21.6175, -8, 87.7273
20.5438, -8, 88.2726
19.47, -8, 88.5791
18.3963, -8, 88.3375
17.3226, -8, 88.2526
16.2488, -8, 88.1989
15.1751, -8, 88.2048
14.1014, -8, 88.2937
13.0276, -8, 88.5388
11.9539, -8, 89.1149
10.8802, -8, 90.0333
9.80645, -8, 92.6951
8.73272, -8, 90.0442
7.65899, -8, 89.2504
6.58525, -8, 88.7662
5.51152, -8, 88.6418
4.43779, -8, 86.317
3.36406, -8, 84.8697
2.29032, -8, 87.6919
1.21659, -8, 85.0898
0.142857, -8, 85.0288
-0.917293, -8, 83.7285
-1.97744, -8, 83.1564
-3.03759, -8, 82.7119
-4.09774, -8, 82.2741
-5.15789, -8, 81.8057
-6.21805, -8, 81.275
-7.2782, -8, 80.6257
-8.33835, -8, 79.7093
-9.3985, -8, 78.0654
-10.4586, -8, 77.4249
-11.5188, -8, 78.4933
-12.5789, -8, 78.8864
-13.6391, -8, 78.9772
-14.6992, -8, 78.9168
-15.7594, -8, 78.7408
-16.8195, -8, 78.4388
-17.8797, -8, 77.9375
-18.9398, -8, 76.983
98.92646, -9, 100.8316
97.85292, -9, 101.6951
96.77938, -9, 102.5038
95.70583, -9, 103.0345
94.63229, -9, 103.3903
93.55875, -9, 103.6142
92.48521, -9, 103.5931
91.41167, -9, 103.3141
90.33813, -9, 102.5086
89.26459, -9, 103.7829
88.19106, -9, 105.6095
87.11751, -9, 106.9686
86.04397, -9, 108.0395
84.97043, -9, 108.9491
83.89689, -9, 109.7948
82.82335, -9, 110.5574
81.74981, -9, 111.216
80.67627, -9, 111.4453
79.60273, -9, 111.5221
78.52918, -9, 112.4551
77.45564, -9, 112.4961
76.3821, -9, 112.2936
75.30856, -9, 112.0718
74.23502, -9, 111.8648
73.16148, -9, 111.7313
72.08794, -9, 111.7062
71.0144, -9, 111.0571
69.94086, -9, 108.1167
68.86732, -9, 109.9766
67.79378, -9, 109.4863
66.72024, -9, 108.4809
65.6467, -9, 107.594
64.57316, -9, 106.7495
63.49961, -9, 105.8753
62.42607, -9, 104.9085
61.35254, -9, 103.2279
60.279, -9, 99.5117
59.20545, -9, 100.6997
58.13191, -9, 102.3342
57.05837, -9, 102.7889
55.98483, -9, 102.9776
54.91129, -9, 103.0147
53.83775, -9, 102.87
52.76421, -9, 102.4138
51.69067, -9, 101.3082
50.6171, -9, 98.4931
49.5436, -9, 97.5419
48.47, -9, 99.99
47.39651, -9, 100.3725
46.32296, -9, 100.0426
45.2494, -9, 99.3755
44.1759, -9, 98.5574
43.1023, -9, 97.6502
42.0288, -9, 96.6906
40.9553, -9, 95.6879
39.8817, -9, 95.2867
38.8082, -9, 95.5072
37.7346, -9, 95.861
36.6611, -9, 96.0991
35.5876, -9, 96.3043
34.514, -9, 96.4975
33.4405, -9, 96.6734
32.3669, -9, 96.7934
31.2934, -9, 96.6639
30.2199, -9, 96.1041
29.1463, -9, 96.6335
28.0728, -9, 97.1562
26.9992, -9, 97.2858
25.9257, -9, 97.3324
24.8522, -9, 97.3479
23.7786, -9, 97.3403
22.7051, -9, 97.3048
21.6315, -9, 97.2507
20.558, -9, 97.1947
19.4844, -9, 97.3669
18.4109, -9, 97.6841
17.3374, -9, 97.8092
16.2638, -9, 97.9159
15.1903, -9, 98.0331
14.1167, -9, 98.2067
13.0432, -9, 98.5058
11.9697, -9, 99.0684
10.8961, -9, 99.9284
9.82258, -9, 96.7489
8.74904, -9, 99.1687
7.6755, -9, 99.0332
6.60196, -9, 98.3879
5.52842, -9, 96.7294
4.45488, -9, 96.168
3.38134, -9, 99.1892
2.3078, -9, 96.3496
1.23425, -9, 92.3241
0.160714, -9, 97.3254
-0.900376, -9, 95.4718
-1.96147, -9, 94.0743
-3.02256, -9, 93.3976
-4.08365, -9, 92.9113
-5.14474, -9, 92.4826
-6.20583, -9, 92.0573
-7.26692, -9, 91.5819
-8.32801, -9, 90.9433
-9.3891, -9, 89.5895
-10.4502, -9, 88.6861
-11.5113, -9, 89.7819
-12.5724, -9, 89.966
-13.6335, -9, 89.9461
-14.6945, -9, 89.8353
-15.7556, -9, 89.6584
-16.8167, -9, 89.4086
-17.8778, -9, 89.0351
-18.9389, -9, 88.3267
98.92665, -10, 111.6732
97.8533, -10, 110.8917
96.77995, -10, 111.2527
95.7066, -10, 111.6713
94.63326, -10, 111.9954
93.55991, -10, 112.1912
92.48656, -10, 112.2093
91.41321, -10, 112.0089
90.33986, -10, 111.0264
89.26651, -10, 112.1524
88.19316, -10, 113.9513
87.11981, -10, 115.2537
86.04647, -10, 116.2783
84.97312, -10, 117.1428
83.89977, -10, 117.9182
82.82642, -10, 118.6316
81.75307, -10, 119.2889
80.67973, -10, 119.6541
79.60638, -10, 119.8816
78.53303, -10, 120.9894
77.45968, -10, 121.221
76.38633, -10, 121.2786
75.31298, -10, 121.3201
74.23963, -10, 121.4366
73.16628, -10, 121.7023
72.09293, -10, 122.1646
71.01958, -10, 122.5246
69.94624, -10, 120.4526
68.87289, -10, 121.8946
67.79954, -10, 120.7637
66.72619, -10, 119.5956
65.65284, -10, 118.6256
64.57949, -10, 117.8252
63.50615, -10, 117.1474
62.4328, -10, 116.533
61.35945, -10, 115.9726
60.2861, -10, 113.6951
59.21275, -10, 114.5077
58.1394, -10, 114.2637
57.06605, -10, 114.0745
55.9927, -10, 113.9723
54.91935, -10, 113.8585
53.846, -10, 113.6714
52.77266, -10, 113.2599
51.69931, -10, 112.417
50.62596, -10, 110.2972
49.55261, -10, 109.1408
48.47926, -10, 111.0125
47.40591, -10, 111.1261
46.33257, -10, 110.7772
45.25922, -10, 110.1664
44.18587, -10, 109.4505
43.11252, -10, 108.6911
42.03917, -10, 107.9555
40.96582, -10, 107.4599
39.89247, -10, 107.1901
38.81913, -10, 107.2041
37.74578, -10, 107.1574
36.67243, -10, 107.2396
35.59908, -10, 107.3556
34.52573, -10, 107.5031
33.45238, -10, 107.6832
32.37903, -10, 107.9073
31.30568, -10, 108.2792
30.23233, -10, 108.2532
29.15899, -10, 108.3992
28.08564, -10, 107.9943
27.01229, -10, 107.777
25.93894, -10, 107.6271
24.86559, -10, 107.494
23.79224, -10, 107.3493
22.71889, -10, 107.1619
21.64555, -10, 106.8719
20.5722, -10, 106.2544
19.49885, -10, 106.1835
18.4255, -10, 106.9178
17.35215, -10, 107.3061
16.2788, -10, 107.5633
15.20545, -10, 107.7615
14.1321, -10, 107.9655
13.05876, -10, 108.1956
11.98541, -10, 108.4217
10.91206, -10, 108.4774
9.83871, -10, 109.1878
8.765361, -10, 108.4546
7.692012, -10, 108.2648
6.618664, -10, 108.0609
5.545315, -10, 107.8862
4.471966, -10, 109.6295
3.398618, -10, 108.2123
2.325269, -10, 105.6804
1.25192, -10, 104.9899
0.1785714, -10, 107.3051
-0.8834587, -10, 106.1751
-1.945489, -10, 104.8394
-3.007519, -10, 104.0247
-4.069549, -10, 103.5216
-5.131579, -10, 103.1547
-6.193609, -10, 102.8592
-7.255639, -10, 102.5983
-8.317669, -10, 102.343
-9.3797, -10, 101.9723
-10.44173, -10, 101.573
-11.50376, -10, 101.3943
-12.56579, -10, 101.2141
-13.62782, -10, 101.0389
-14.68985, -10, 100.8654
-15.75188, -10, 100.6924
-16.81391, -10, 100.5197
-17.87594, -10, 100.3475
-18.93797, -10, 100.1745
98.92684, -11, 121.597
97.85368, -11, 120.9026
96.78053, -11, 120.7013
95.70737, -11, 120.839
94.63422, -11, 121.067
93.56106, -11, 121.2964
92.4879, -11, 121.5057
91.41475, -11, 121.4396
90.34159, -11, 120.9659
89.26843, -11, 121.6059
88.19527, -11, 122.9515
87.12212, -11, 123.9116
86.04897, -11, 124.7274
84.97581, -11, 125.478
83.90265, -11, 126.1865
82.82949, -11, 126.8713
81.75634, -11, 127.5458
80.68318, -11, 128.4303
79.61002, -11, 129.5737
78.53687, -11, 129.4272
77.46371, -11, 129.6882
76.39056, -11, 129.9256
75.3174, -11, 130.1694
74.24424, -11, 130.4976
73.17108, -11, 130.9841
72.09792, -11, 131.7293
71.02477, -11, 133.1935
69.95161, -11, 137.0889
68.87846, -11, 132.8512
67.8053, -11, 131.1102
66.73214, -11, 129.9369
65.65899, -11, 129.0269
64.58583, -11, 128.3413
63.51267, -11, 127.8744
62.43952, -11, 127.6922
61.36636, -11, 128.0081
60.2932, -11, 130.7068
59.22005, -11, 127.9524
58.14689, -11, 126.1384
57.07373, -11, 125.3218
56.00058, -11, 124.8803
54.92742, -11, 124.6423
53.85426, -11, 124.511
52.7811, -11, 124.4496
51.70795, -11, 124.3272
50.63479, -11, 124.1542
49.56163, -11, 124.0821
48.48848, -11, 122.9433
47.41532, -11, 122.3545
46.34217, -11, 121.6384
45.26901, -11, 120.9609
44.19585, -11, 120.3293
43.1227, -11, 119.7758
42.04954, -11, 119.345
40.97638, -11, 119.0414
39.90322, -11, 119.0454
38.83007, -11, 118.6208
37.75691, -11, 118.3805
36.68375, -11, 118.2649
35.6106, -11, 118.2808
34.53744, -11, 118.3919
33.46429, -11, 118.5953
32.39113, -11, 118.9398
31.31797, -11, 119.5275
30.24482, -11, 121.0316
29.17166, -11, 119.7526
28.0985, -11, 118.7765
27.02534, -11, 118.2716
25.95219, -11, 117.9509
24.87903, -11, 117.6942
23.80588, -11, 117.4363
22.73272, -11, 117.1226
21.65956, -11, 116.6586
20.5864, -11, 115.8161
19.51325, -11, 115.5889
18.44009, -11, 116.3163
17.36694, -11, 116.8015
16.29378, -11, 117.0861
15.22062, -11, 117.2775
14.14747, -11, 117.4343
13.07431, -11, 117.5724
12.00115, -11, 117.5777
10.928, -11, 117.3485
9.854838, -11, 120.0649
8.781682, -11, 117.9951
7.708525, -11, 117.6407
6.635369, -11, 117.8113
5.562212, -11, 119.0045
4.489055, -11, 118.0215
3.415899, -11, 116.0967
2.342742, -11, 113.6746
1.269585, -11, 117.603
0.1964286, -11, 116.5966
-0.8665413, -11, 115.6207
-1.929511, -11, 114.9729
-2.992481, -11, 114.3412
-4.055451, -11, 113.9037
-5.118421, -11, 113.6414
-6.181391, -11, 113.5081
-7.244361, -11, 113.4755
-8.307331, -11, 113.5666
-9.3703, -11, 114.2253
-10.43327, -11, 114.5087
-11.49624, -11, 113.0028
-12.55921, -11, 112.4642
-13.62218, -11, 112.1319
-14.68515, -11, 111.8938
-15.74812, -11, 111.7248
-16.81109, -11, 111.63
-17.87406, -11, 111.6575
-18.93703, -11, 112.0194
98.92703, -12, 130.1484
97.85407, -12, 130.4421
96.7811, -12, 130.3626
95.70814, -12, 130.3795
94.63518, -12, 130.4982
93.56221, -12, 130.6768
92.48925, -12, 130.8671
91.41628, -12, 131.0968
90.34332, -12, 131.3343
89.27036, -12, 131.9004
88.19739, -12, 132.1959
87.12442, -12, 132.7362
86.05146, -12, 133.3391
84.97849, -12, 133.9527
83.90553, -12, 134.5708
82.83257, -12, 135.2081
81.7596, -12, 135.9377
80.68664, -12, 137.1557
79.61367, -12, 138.2918
78.5407, -12, 137.8546
77.46774, -12, 137.9984
76.39478, -12, 138.2758
75.32182, -12, 138.6183
74.24885, -12, 139.0601
73.17588, -12, 139.687
72.10292, -12, 140.7021
71.02995, -12, 142.9016
69.95699, -12, 148.1012
68.88403, -12, 142.8359
67.81106, -12, 140.675
66.7381, -12, 139.5177
65.66513, -12, 138.7375
64.59216, -12, 138.2185
63.5192, -12, 137.9678
62.44624, -12, 138.0909
61.37327, -12, 139.0135
60.30031, -12, 142.6726
59.22734, -12, 139.8917
58.15438, -12, 137.2403
57.08141, -12, 136.1083
56.00845, -12, 135.5166
54.93548, -12, 135.2231
53.86252, -12, 135.1603
52.78955, -12, 135.3411
51.71659, -12, 135.9895
50.64362, -12, 137.9709
49.57066, -12, 138.0067
48.4977, -12, 134.9165
47.42473, -12, 133.359
46.35176, -12, 132.3895
45.2788, -12, 131.6511
44.20584, -12, 131.0672
43.13287, -12, 130.6228
42.05991, -12, 130.3443
40.98694, -12, 130.2815
39.91398, -12, 130.1699
38.84101, -12, 129.576
37.76805, -12, 129.216
36.69508, -12, 129.0502
35.62212, -12, 129.0247
34.54916, -12, 129.1132
33.47619, -12, 129.3139
32.40322, -12, 129.6502
31.33026, -12, 130.235
30.2573, -12, 131.8361
29.18433, -12, 130.4247
28.11137, -12, 129.3045
27.0384, -12, 128.7046
25.96544, -12, 128.2854
24.89247, -12, 127.9399
23.81951, -12, 127.6043
22.74654, -12, 127.2108
21.67358, -12, 126.6817
20.60061, -12, 126.0308
19.52765, -12, 125.7235
18.45469, -12, 126.1147
17.38172, -12, 126.4082
16.30876, -12, 126.625
15.23579, -12, 126.7604
14.16283, -12, 126.8129
13.08986, -12, 126.7907
12.0169, -12, 126.7955
10.94393, -12, 127.1556
9.870968, -12, 124.5813
8.798003, -12, 126.8663
7.725039, -12, 127.0278
6.652074, -12, 126.8964
5.579109, -12, 126.6872
4.506145, -12, 125.9269
3.43318, -12, 123.2063
2.360215, -12, 123.0275
1.28725, -12, 126.9703
0.2142857, -12, 124.9341
-0.849624, -12, 124.4906
-1.913534, -12, 124.276
-2.977444, -12, 124.0886
-4.041353, -12, 123.9767
-5.105263, -12, 123.9002
-6.169173, -12, 123.8858
-7.233083, -12, 123.9966
-8.296992, -12, 124.3922
-9.360902, -12, 125.4748
-10.42481, -12, 125.713
-11.48872, -12, 124.295
-12.55263, -12, 123.532
-13.61654, -12, 123.0847
-14.68045, -12, 122.7966
-15.74436, -12, 122.6289
-16.80827, -12, 122.5892
-17.87218, -12, 122.7485
-18.93609, -12, 123.3582
98.92723, -13, 138.7675
97.85445, -13, 139.2731
96.78168, -13, 139.4361
95.70891, -13, 139.5016
94.63614, -13, 139.6179
93.56336, -13, 139.8002
92.49059, -13, 140.0667
91.41782, -13, 140.5563
90.34505, -13, 141.7409
89.27227, -13, 141.6982
88.1995, -13, 141.4723
87.12673, -13, 141.6518
86.05396, -13, 142.0383
84.98119, -13, 142.5158
83.90841, -13, 143.0418
82.83564, -13, 143.6336
81.76286, -13, 144.3504
80.69009, -13, 145.1671
79.61732, -13, 145.618
78.54455, -13, 146.0481
77.47177, -13, 146.2181
76.399, -13, 146.4877
75.32623, -13, 146.8611
74.25346, -13, 147.3513
73.18069, -13, 148.041
72.10791, -13, 149.1199
71.03514, -13, 150.8337
69.96236, -13, 151.3661
68.88959, -13, 151.0509
67.81682, -13, 149.4906
66.74405, -13, 148.4667
65.67127, -13, 147.8207
64.5985, -13, 147.4485
63.52573, -13, 147.3585
62.45296, -13, 147.6581
61.38018, -13, 148.53
60.30741, -13, 149.0091
59.23464, -13, 149.0197
58.16187, -13, 147.3362
57.08909, -13, 146.1947
56.01632, -13, 145.5577
54.94355, -13, 145.2741
53.87078, -13, 145.2947
52.798, -13, 145.7108
51.72523, -13, 146.8091
50.65246, -13, 149.0097
49.57969, -13, 149.0967
48.50691, -13, 145.9393
47.43414, -13, 143.9599
46.36137, -13, 142.7711
45.28859, -13, 141.993
44.21582, -13, 141.4427
43.14305, -13, 141.0668
42.07028, -13, 140.848
40.99751, -13, 140.7422
39.92473, -13, 140.2965
38.85196, -13, 139.9278
37.77919, -13, 139.598
36.70641, -13, 139.4491
35.63364, -13, 139.4163
34.56087, -13, 139.4894
33.48809, -13, 139.6673
32.41532, -13, 139.9598
31.34255, -13, 140.3952
30.26978, -13, 140.5195
29.197, -13, 140.3337
28.12423, -13, 139.5582
27.05146, -13, 138.9592
25.97869, -13, 138.5064
24.90591, -13, 138.1292
23.83314, -13, 137.7772
22.76037, -13, 137.4055
21.6876, -13, 136.9921
20.61482, -13, 136.4318
19.54205, -13, 136.1222
18.46928, -13, 136.3065
17.39651, -13, 136.4024
16.32373, -13, 136.4658
15.25096, -13, 136.4935
14.17819, -13, 136.4881
13.10541, -13, 136.4612
12.03264, -13, 136.4227
10.95987, -13, 136.2595
9.887096, -13, 135.8407
8.814324, -13, 135.927
7.741551, -13, 136.0793
6.668779, -13, 135.9424
5.596006, -13, 134.8624
4.523233, -13, 132.2382
3.450461, -13, 132.1576
2.377688, -13, 137.2062
1.304916, -13, 136.8431
0.2321429, -13, 133.8364
-0.8327067, -13, 133.0486
-1.897556, -13, 133.4075
-2.962406, -13, 133.7835
-4.027256, -13, 133.9477
-5.092105, -13, 134.023
-6.156955, -13, 134.1058
-7.221805, -13, 134.2901
-8.286654, -13, 134.7169
-9.351503, -13, 135.2191
-10.41635, -13, 135.2939
-11.4812, -13, 134.9218
-12.54605, -13, 134.2351
-13.6109, -13, 133.7629
-14.67575, -13, 133.4539
-15.7406, -13, 133.2816
-16.80545, -13, 133.251
-17.8703, -13, 133.4031
-18.93515, -13, 133.689
98.92742, -14, 147.8712
97.85484, -14, 147.8517
96.78226, -14, 147.9749
95.70968, -14, 148.1413
94.6371, -14, 148.3516
93.56451, -14, 148.6279
92.49194, -14, 149.0143
91.41936, -14, 149.6042
90.34677, -14, 150.8882
89.27419, -14, 150.6225
88.20161, -14, 150.3799
87.12904, -14, 150.5024
86.05645, -14, 150.7719
84.98387, -14, 151.1317
83.91129, -14, 151.5543
82.83871, -14, 152.0196
81.76613, -14, 152.4827
80.69355, -14, 152.6861
79.62096, -14, 152.8671
78.54839, -14, 153.7159
77.47581, -14, 154.1688
76.40323, -14, 154.5172
75.33064, -14, 154.8972
74.25806, -14, 155.3625
73.18549, -14, 155.9562
72.1129, -14, 156.6755
71.04032, -14, 156.9386
69.96774, -14, 155.8607
68.89516, -14, 157.2933
67.82258, -14, 157.2317
66.75, -14, 156.6769
65.67742, -14, 156.2449
64.60484, -14, 155.9988
63.53226, -14, 155.9581
62.45968, -14, 156.1325
61.3871, -14, 156.2726
60.31452, -14, 155.2521
59.24194, -14, 155.794
58.16935, -14, 155.9375
57.09678, -14, 155.3327
56.02419, -14, 154.8875
54.95161, -14, 154.6966
53.87903, -14, 154.7774
52.80645, -14, 155.1795
51.73387, -14, 155.9451
50.66129, -14, 156.988
49.58871, -14, 157.3197
48.51613, -14, 155.197
47.44355, -14, 153.7224
46.37097, -14, 152.656
45.29839, -14, 151.9142
44.22581, -14, 151.3922
43.15322, -14, 151.0194
42.08065, -14, 150.7332
41.00806, -14, 150.3851
39.93548, -14, 150.0931
38.8629, -14, 149.7025
37.79032, -14, 149.5561
36.71774, -14, 149.4528
35.64516, -14, 149.4355
34.57258, -14, 149.4975
33.5, -14, 149.6361
32.42742, -14, 149.8442
31.35484, -14, 150.0132
30.28226, -14, 149.5511
29.20968, -14, 149.6525
28.1371, -14, 149.4529
27.06452, -14, 148.9912
25.99194, -14, 148.5828
24.91936, -14, 148.2335
23.84678, -14, 147.9248
22.77419, -14, 147.6344
21.70161, -14, 147.3375
20.62903, -14, 146.9934
19.55645, -14, 146.7589
18.48387, -14, 146.6233
17.41129, -14, 146.5653
16.33871, -14, 146.4822
15.26613, -14, 146.3973
14.19355, -14, 146.3271
13.12097, -14, 146.2648
12.04839, -14, 146.1007
10.97581, -14, 145.5551
9.903226, -14, 147.6504
8.830646, -14, 145.7712
7.758065, -14, 145.6837
6.685484, -14, 145.8064
5.612903, -14, 145.9298
4.540323, -14, 144.4345
3.467742, -14, 145.8968
2.395161, -14, 147.2067
1.322581, -14, 144.8903
0.25, -14, 142.2629
-0.8157895, -14, 141.7948
-1.881579, -14, 143.0662
-2.947368, -14, 143.6279
-4.013158, -14, 143.8871
-5.078948, -14, 144.0364
-6.144737, -14, 144.1712
-7.210526, -14, 144.3501
-8.276316, -14, 144.5201
-9.342105, -14, 144.7124
-10.4079, -14, 144.878
-11.47368, -14, 144.6531
-12.53947, -14, 144.3883
-13.60526, -14, 144.0313
-14.67105, -14, 143.7459
-15.73684, -14, 143.5603
-16.80263, -14, 143.4687
-17.86842, -14, 143.4054
-18.93421, -14, 143.2073
98.92761, -15, 156.5834
97.85522, -15, 156.3314
96.78284, -15, 156.396
95.71045, -15, 156.6108
94.63805, -15, 156.9017
93.56567, -15, 157.2603
92.49328, -15, 157.6981
91.42089, -15, 158.2373
90.3485, -15, 158.6292
89.27612, -15, 158.8992
88.20373, -15, 158.9129
87.13134, -15, 159.0699
86.05894, -15, 159.2939
84.98656, -15, 159.5659
83.91417, -15, 159.871
82.84178, -15, 160.1739
81.76939, -15, 160.3825
80.69701, -15, 160.4086
79.62462, -15, 160.5642
78.55223, -15, 161.1513
77.47984, -15, 161.7207
76.40745, -15, 162.1714
75.33506, -15, 162.5553
74.26267, -15, 162.9294
73.19028, -15, 163.2659
72.1179, -15, 163.3612
71.04551, -15, 163.1065
69.97312, -15, 162.9902
68.90073, -15, 163.369
67.82834, -15, 163.8643
66.75595, -15, 164.0235
65.68356, -15, 163.9245
64.61118, -15, 163.7985
63.53879, -15, 163.684
62.4664, -15, 163.4563
61.39401, -15, 163.0243
60.32162, -15, 162.6691
59.24923, -15, 162.7859
58.17684, -15, 163.164
57.10445, -15, 163.344
56.03207, -15, 163.2964
54.95968, -15, 163.2573
53.88729, -15, 163.3121
52.8149, -15, 163.4426
51.74251, -15, 163.5765
50.67012, -15, 163.8946
49.59773, -15, 163.6567
48.52534, -15, 163.0816
47.45296, -15, 162.3919
46.38057, -15, 161.7603
45.30818, -15, 161.2036
44.23579, -15, 160.754
43.1634, -15, 160.3788
42.09101, -15, 160.0034
41.01862, -15, 159.6406
39.94624, -15, 159.1754
38.87385, -15, 159.1622
37.80146, -15, 159.1208
36.72907, -15, 159.1071
35.65668, -15, 159.11
34.58429, -15, 159.1601
33.51191, -15, 159.2506
32.43952, -15, 159.3247
31.36713, -15, 159.3059
30.29474, -15, 159.3302
29.22235, -15, 159.1241
28.14996, -15, 158.9746
27.07757, -15, 158.7472
26.00518, -15, 158.4634
24.9328, -15, 158.1967
23.86041, -15, 157.9588
22.78802, -15, 157.7438
21.71563, -15, 157.5676
20.64324, -15, 157.5344
19.57085, -15, 157.3796
18.49846, -15, 156.9551
17.42608, -15, 156.6324
16.35369, -15, 156.4155
15.2813, -15, 156.2331
14.20891, -15, 156.0473
13.13652, -15, 155.8411
12.06413, -15, 155.6716
10.99174, -15, 155.7749
9.919354, -15, 153.8209
8.846966, -15, 155.6257
7.774578, -15, 155.821
6.702189, -15, 156.0227
5.6298, -15, 156.9774
4.557412, -15, 157.6451
3.485023, -15, 156.677
2.412634, -15, 155.4487
1.340246, -15, 153.512
0.2678571, -15, 149.7775
-0.7988722, -15, 152.0227
-1.865602, -15, 153.1459
-2.932331, -15, 153.5918
-3.99906, -15, 153.8218
-5.06579, -15, 153.9578
-6.132519, -15, 154.0472
-7.199248, -15, 154.1161
-8.265978, -15, 154.1879
-9.332706, -15, 154.3065
-10.39944, -15, 154.4391
-11.46617, -15, 154.1978
-12.5329, -15, 153.9766
-13.59962, -15, 153.7611
-14.66635, -15, 153.5496
-15.73308, -15, 153.3399
-16.79981, -15, 153.1312
-17.86654, -15, 152.9228
-18.93327, -15, 152.7128
98.9278, -16, 164.6225
97.85561, -16, 164.536
96.78341, -16, 164.6842
95.71121, -16, 164.9565
94.63902, -16, 165.3067
93.56682, -16, 165.7097
92.49462, -16, 166.1424
91.42242, -16, 166.5216
90.35023, -16, 166.3733
89.27803, -16, 166.8064
88.20583, -16, 167.2387
87.13364, -16, 167.414
86.06145, -16, 167.5916
84.98925, -16, 167.7841
83.91705, -16, 167.9799
82.84486, -16, 168.163
81.77266, -16, 168.3146
80.70046, -16, 168.4258
79.62827, -16, 168.5711
78.55607, -16, 168.8547
77.48387, -16, 169.1885
76.41167, -16, 169.5426
75.33948, -16, 169.864
74.26728, -16, 170.1157
73.19508, -16, 170.254
72.12289, -16, 170.2262
71.05069, -16, 170.1131
69.97849, -16, 170.1755
68.9063, -16, 170.2864
67.8341, -16, 170.616
66.7619, -16, 170.8833
65.6897, -16, 170.9875
64.61751, -16, 170.9572
63.54531, -16, 170.8107
62.47312, -16, 170.5558
61.40092, -16, 170.2428
60.32872, -16, 170.2833
59.25653, -16, 170.2288
58.18433, -16, 170.4627
57.11214, -16, 170.758
56.03994, -16, 170.9319
54.96774, -16, 171.0183
53.89555, -16, 171.0486
52.82335, -16, 171.0383
51.75115, -16, 170.9548
50.67896, -16, 170.4241
49.60676, -16, 170.0199
48.53456, -16, 170.6309
47.46236, -16, 170.4892
46.39017, -16, 170.197
45.31797, -16, 169.8766
44.24578, -16, 169.5583
43.17358, -16, 169.2581
42.10138, -16, 168.986
41.02919, -16, 168.6963
39.95699, -16, 168.3212
38.88479, -16, 168.4974
37.8126, -16, 168.4604
36.7404, -16, 168.4391
35.6682, -16, 168.4546
34.596, -16, 168.4933
33.52381, -16, 168.5435
32.45161, -16, 168.5986
31.37942, -16, 168.6811
30.30722, -16, 168.991
29.23502, -16, 168.7525
28.16283, -16, 168.4575
27.09063, -16, 168.282
26.01843, -16, 168.1193
24.94624, -16, 167.9644
23.87404, -16, 167.8267
22.80184, -16, 167.7242
21.72965, -16, 167.6909
20.65745, -16, 167.7984
19.58525, -16, 167.7133
18.51306, -16, 167.1466
17.44086, -16, 166.7376
16.36866, -16, 166.4091
15.29647, -16, 166.1358
14.22427, -16, 165.8758
13.15207, -16, 165.6233
12.07988, -16, 165.4323
11.00768, -16, 165.3358
9.935484, -16, 164.7379
8.863287, -16, 165.2462
7.79109, -16, 165.4545
6.718894, -16, 165.6293
5.646698, -16, 165.7179
4.574501, -16, 165.3888
3.502304, -16, 164.4504
2.430108, -16, 162.8429
1.357911, -16, 160.6867
0.2857143, -16, 161.1666
-0.7819549, -16, 163.191
-1.849624, -16, 163.563
-2.917293, -16, 163.7005
-3.984962, -16, 163.7792
-5.052631, -16, 163.8281
-6.120301, -16, 163.8597
-7.18797, -16, 163.8863
-8.255639, -16, 163.918
-9.323308, -16, 163.9738
-10.39098, -16, 163.9602
-11.45865, -16, 163.7276
-12.52632, -16, 163.5044
-13.59398, -16, 163.2877
-14.66165, -16, 163.0726
-15.72932, -16, 162.8581
-16.79699, -16, 162.6441
-17.86466, -16, 162.4303
-18.93233, -16, 162.2169
98.92799, -17, 172.2068
97.85599, -17, 172.4015
96.78399, -17, 172.7225
95.71198, -17, 173.0996
94.63998, -17, 173.5205
93.56797, -17, 173.9611
92.49596, -17, 174.3678
91.42397, -17, 174.6268
90.35196, -17, 174.7191
89.27995, -17, 175.014
88.20795, -17, 175.4251
87.13595, -17, 175.6624
86.06394, -17, 175.8049
84.99194, -17, 175.928
83.91993, -17, 176.0456
82.84792, -17, 176.1597
81.77592, -17, 176.2913
80.70392, -17, 176.5059
79.63191, -17, 176.7181
78.55991, -17, 176.7438
77.4879, -17, 176.8871
76.4159, -17, 177.0993
75.3439, -17, 177.3195
74.27189, -17, 177.5013
73.19988, -17, 177.6169
72.12788, -17, 177.6815
71.05588, -17, 177.6519
69.98387, -17, 177.5425
68.91187, -17, 177.8067
67.83986, -17, 178.0351
66.76786, -17, 178.1916
65.69585, -17, 178.299
64.62385, -17, 178.3209
63.55184, -17, 178.2636
62.47984, -17, 178.1537
61.40783, -17, 178.0159
60.33583, -17, 177.7222
59.26382, -17, 177.8619
58.19182, -17, 178.1841
57.11982, -17, 178.4323
56.04781, -17, 178.6188
54.97581, -17, 178.7302
53.9038, -17, 178.7712
52.8318, -17, 178.7168
51.75979, -17, 178.4308
50.68779, -17, 177.709
49.61578, -17, 177.499
48.54378, -17, 178.2185
47.47178, -17, 178.5139
46.39977, -17, 178.4941
45.32777, -17, 178.359
44.25576, -17, 178.1883
43.18375, -17, 178.0089
42.11175, -17, 177.8217
41.03975, -17, 177.6874
39.96774, -17, 177.7363
38.89574, -17, 177.7007
37.82373, -17, 177.6774
36.75173, -17, 177.6723
35.67972, -17, 177.6877
34.60772, -17, 177.7243
33.53571, -17, 177.7796
32.46371, -17, 177.8653
31.3917, -17, 178.0292
30.3197, -17, 178.2747
29.2477, -17, 178.1897
28.17569, -17, 177.9476
27.10369, -17, 177.8037
26.03168, -17, 177.7186
24.95968, -17, 177.6597
23.88767, -17, 177.6246
22.81567, -17, 177.6248
21.74366, -17, 177.6742
20.67166, -17, 177.7964
19.59966, -17, 177.698
18.52765, -17, 177.1498
17.45564, -17, 176.7876
16.38364, -17, 176.4639
15.31164, -17, 176.1634
14.23963, -17, 175.8723
13.16763, -17, 175.5685
12.09562, -17, 175.1841
11.02362, -17, 174.6142
9.951612, -17, 177.1212
8.879608, -17, 174.8266
7.807604, -17, 174.8736
6.735599, -17, 175.0841
5.663594, -17, 174.6891
4.59159, -17, 173.0652
3.519585, -17, 171.4752
2.447581, -17, 173.0649
1.375576, -17, 173.9025
0.3035714, -17, 176.5525
-0.7650376, -17, 174.7686
-1.833647, -17, 174.0814
-2.902256, -17, 173.8988
-3.970865, -17, 173.817
-5.039474, -17, 173.7642
-6.108083, -17, 173.723
-7.176692, -17, 173.69
-8.2453, -17, 173.666
-9.31391, -17, 173.6414
-10.38252, -17, 173.4656
-11.45113, -17, 173.2495
-12.51974, -17, 173.0322
-13.58835, -17, 172.8138
-14.65695, -17, 172.595
-15.72556, -17, 172.376
-16.79417, -17, 172.1569
-17.86278, -17, 171.9377
-18.93139, -17, 171.7185
98.92818, -18, 179.5004
97.85638, -18, 180.0496
96.78456, -18, 180.5268
95.71275, -18, 181.0284
94.64094, -18, 181.5399
93.56912, -18, 182.0407
92.49731, -18, 182.5047
91.4255, -18, 182.9046
90.35368, -18, 183.3505
89.28188, -18, 183.5963
88.21006, -18, 183.7292
87.13825, -18, 183.877
86.06644, -18, 183.9754
84.99462, -18, 184.045
83.92281, -18, 184.1037
82.851, -18, 184.1686
81.77918, -18, 184.2684
80.70737, -18, 184.4982
79.63556, -18, 184.7092
78.56375, -18, 184.6177
77.49194, -18, 184.7277
76.42012, -18, 184.8857
75.34831, -18, 185.0558
74.2765, -18, 185.2199
73.20468, -18, 185.3605
72.13287, -18, 185.4497
71.06106, -18, 185.4338
69.98925, -18, 185.0234
68.91743, -18, 185.5961
67.84562, -18, 185.8368
66.77381, -18, 185.9835
65.702, -18, 186.0753
64.63019, -18, 186.1289
63.55837, -18, 186.147
62.48656, -18, 186.119
61.41475, -18, 186.0042
60.34293, -18, 185.5743
59.27112, -18, 185.8543
58.19931, -18, 186.1943
57.12749, -18, 186.4013
56.05568, -18, 186.5494
54.98387, -18, 186.6435
53.91206, -18, 186.6702
52.84024, -18, 186.5969
51.76843, -18, 186.3674
50.69662, -18, 186.037
49.62481, -18, 185.9331
48.55299, -18, 186.3585
47.48118, -18, 186.6571
46.40937, -18, 186.7819
45.33756, -18, 186.7996
44.26574, -18, 186.7603
43.19393, -18, 186.6995
42.12212, -18, 186.6547
41.05031, -18, 186.7072
39.97849, -18, 187.0843
38.90668, -18, 186.8255
37.83487, -18, 186.8024
36.76306, -18, 186.8191
35.69125, -18, 186.8537
34.61943, -18, 186.9043
33.54762, -18, 186.975
32.47581, -18, 187.0753
31.40399, -18, 187.2159
30.33218, -18, 187.3541
29.26037, -18, 187.3531
28.18856, -18, 187.3131
27.11674, -18, 187.2772
26.04493, -18, 187.2773
24.97312, -18, 187.3036
23.90131, -18, 187.3511
22.82949, -18, 187.4199
21.75768, -18, 187.5123
20.68587, -18, 187.5666
19.61406, -18, 187.417
18.54224, -18, 187.0936
17.47043, -18, 186.7391
16.39862, -18, 186.4353
15.32681, -18, 186.1422
14.25499, -18, 185.83
13.18318, -18, 185.4668
12.11137, -18, 185.0177
11.03955, -18, 184.5426
9.967742, -18, 182.7921
8.895929, -18, 184.3237
7.824117, -18, 184.7967
6.752304, -18, 185.1377
5.680491, -18, 185.4713
4.608679, -18, 185.3595
3.536866, -18, 183.4328
2.465054, -18, 185.876
1.393241, -18, 188.2395
0.3214286, -18, 186.9647
-0.7481203, -18, 185.8872
-1.817669, -18, 184.5437
-2.887218, -18, 184.093
-3.956767, -18, 183.8646
-5.026316, -18, 183.7114
-6.095865, -18, 183.592
-7.165413, -18, 183.4913
-8.234962, -18, 183.3996
-9.304511, -18, 183.2747
-10.37406, -18, 182.969
-11.44361, -18, 182.7728
-12.51316, -18, 182.5614
-13.58271, -18, 182.341
-14.65226, -18, 182.1182
-15.7218, -18, 181.8945
-16.79135, -18, 181.6702
-17.8609, -18, 181.4455
-18.93045, -18, 181.2207
98.92838, -19, 186.7982
97.85676, -19, 187.5894
96.78514, -19, 188.2567
95.71352, -19, 188.8926
94.6419, -19, 189.523
93.57027, -19, 190.1444
92.49866, -19, 190.7514
91.42703, -19, 191.3603
90.35542, -19, 191.996
89.28379, -19, 192.2255
88.21217, -19, 192.2142
87.14056, -19, 192.2074
86.06893, -19, 192.2065
84.99731, -19, 192.1978
83.92569, -19, 192.1868
82.85407, -19, 192.185
81.78245, -19, 192.2153
80.71083, -19, 192.3199
79.63921, -19, 192.4105
78.56759, -19, 192.4402
77.49596, -19, 192.5647
76.42435, -19, 192.7287
75.35273, -19, 192.9043
74.2811, -19, 193.0778
73.20949, -19, 193.2379
72.13786, -19, 193.3716
71.06625, -19, 193.4396
69.99462, -19, 193.4495
68.923, -19, 193.6543
67.85138, -19, 193.8503
66.77976, -19, 193.9889
65.70814, -19, 194.0981
64.63652, -19, 194.1827
63.5649, -19, 194.2432
62.49328, -19, 194.2716
61.42166, -19, 194.2373
60.35004, -19, 194.0643
59.27842, -19, 194.2221
58.2068, -19, 194.4987
57.13518, -19, 194.6518
56.06356, -19, 194.7697
54.99194, -19, 194.8557
53.92031, -19, 194.9039
52.84869, -19, 194.9062
51.77707, -19, 194.8813
50.70545, -19, 194.7755
49.63383, -19, 194.7984
48.56221, -19, 195.0663
47.49059, -19, 195.2113
46.41897, -19, 195.3295
45.34735, -19, 195.4077
44.27573, -19, 195.4587
43.20411, -19, 195.5023
42.13249, -19, 195.5681
41.06087, -19, 195.6914
39.98925, -19, 195.8616
38.91763, -19, 195.8439
37.846, -19, 195.8463
36.77439, -19, 195.886
35.70277, -19, 195.9391
34.63115, -19, 196.0026
33.55952, -19, 196.0769
32.4879, -19, 196.1621
31.41628, -19, 196.2486
30.34466, -19, 196.3442
29.27304, -19, 196.4248
28.20142, -19, 196.5194
27.1298, -19, 196.6234
26.05818, -19, 196.7275
24.98656, -19, 196.8421
23.91494, -19, 196.9667
22.84332, -19, 197.0988
21.7717, -19, 197.2221
20.70008, -19, 197.3138
19.62846, -19, 197.2189
18.55684, -19, 196.9932
17.48521, -19, 196.7236
16.4136, -19, 196.4409
15.34197, -19, 196.1634
14.27035, -19, 195.8758
13.19873, -19, 195.5645
12.12711, -19, 195.2247
11.05549, -19, 194.6644
9.983871, -19, 192.4863
8.912251, -19, 194.0457
7.84063, -19, 194.7849
6.769009, -19, 195.251
5.697389, -19, 196.2011
4.625768, -19, 197.7184
3.554147, -19, 197.0865
2.482527, -19, 196.6337
1.410906, -19, 196.4914
0.3392857, -19, 195.9346
-0.731203, -19, 195.244
-1.801692, -19, 194.6174
-2.87218, -19, 194.1022
-3.942669, -19, 193.7974
-5.013158, -19, 193.5737
-6.083647, -19, 193.3879
-7.154135, -19, 193.221
-8.224624, -19, 193.0574
-9.295113, -19, 192.8042
-10.3656, -19, 192.5084
-11.43609, -19, 192.3149
-12.50658, -19, 192.0962
-13.57707, -19, 191.8717
-14.64756, -19, 191.6442
-15.71805, -19, 191.4152
-16.78853, -19, 191.1854
-17.85902, -19, 190.9554
-18.92951, -19, 190.7262
2.017, 0.8, 8.1067
3.0821, 0.8, 9.1081
4.1471, 0.8, 7.8275
5.2121, 0.8, 7.4548
6.2772, 0.8, 6.6407
7.3422, 0.8, 6.5947
8.4072, 0.8, 6.9159
9.4723, 0.8, 7.4484
10.5373, 0.8, 6.89448
11.6023, 0.8, 5.98877
12.6674, 0.8, 5.65605
13.7324, 0.8, 5.32559
14.7974, 0.8, 4.92664
15.8625, 0.8, 4.43303
16.9275, 0.8, 3.77587
17.9925, 0.8, 2.80449
19.0575, 0.8, 1.44772
20.1226, 0.8, 0.895382
21.1876, 0.8, 1.47039
22.2526, 0.8, 2.38755
23.3177, 0.8, 2.96828
24.3827, 0.8, 3.28974
25.4477, 0.8, 3.45093
26.5128, 0.8, 3.49125
27.5778, 0.8, 3.45178
28.6428, 0.8, 3.63982
29.7079, 0.8, 5.37935
30.7729, 0.8, 4.78069
31.8379, 0.8, 4.34512
32.903, 0.8, 4.6739
33.968, 0.8, 5.01788
35.033, 0.8, 5.30405
36.0981, 0.8, 5.52954
37.1631, 0.8, 5.72351
38.2281, 0.8, 5.96073
39.2932, 0.8, 6.41839
40.3582, 0.8, 6.59313
41.4232, 0.8, 7.52518
42.4883, 0.8, 8.12886
43.5533, 0.8, 8.82004
44.6183, 0.8, 9.51135
45.6834, 0.8, 10.2102
46.7484, 0.8, 10.9656
47.8134, 0.8, 11.8909
48.8785, 0.8, 13.5316
49.9435, 0.8, 16.2491
51.0085, 0.8, 16.171
52.0735, 0.8, 16.7167
53.1386, 0.8, 18.0524
54.2036, 0.8, 19.5845
55.2686, 0.8, 21.2197
56.3337, 0.8, 22.9487
57.3987, 0.8, 24.8246
58.4637, 0.8, 27.0631
59.5288, 0.8, 30.0561
60.5938, 0.8, 31.1744
61.6588, 0.8, 30.5167
62.7239, 0.8, 30.5721
63.7889, 0.8, 30.9405
64.8539, 0.8, 31.4739
65.919, 0.8, 32.1801
66.984, 0.8, 33.1288
68.049, 0.8, 34.5882
69.1141, 0.8, 37.8734
70.1791, 0.8, 42.9549
71.2441, 0.8, 38.3129
72.3092, 0.8, 37.1734
73.3742, 0.8, 37.1034
74.4392, 0.8, 37.4455
75.5043, 0.8, 38.123
76.5693, 0.8, 39.2062
77.6343, 0.8, 40.9299
78.6994, 0.8, 44.0778
79.7644, 0.8, 52.5811
80.8294, 0.8, 46.4234
81.8945, 0.8, 41.2103
82.9595, 0.8, 38.4434
84.0245, 0.8, 36.5509
85.0895, 0.8, 35.1697
86.1546, 0.8, 34.1752
87.2196, 0.8, 33.6363
88.2846, 0.8, 33.993
89.3497, 0.8, 38.5587
90.4147, 0.8, 40.7575
91.4797, 0.8, 32.6027
92.5448, 0.8, 30.7476
93.6098, 0.8, 30.0694
94.6748, 0.8, 29.8694
95.7399, 0.8, 29.9931
96.8049, 0.8, 30.4746
97.8699, 0.8, 31.4881
98.935, 0.8, 33.771
2.9588, 1.6, 3.2308
4.0136, 1.6, 2.2876
5.0684, 1.6, -1.0701
6.1232, 1.6, -0.46663
7.178, 1.6, -0.1031
8.2328, 1.6, 0.062545
9.2876, 1.6, 0.30987
10.3424, 1.6, 0.222678
11.3972, 1.6, -0.378543
12.452, 1.6, -0.641144
13.5068, 1.6, -0.966509
14.5615, 1.6, -1.38625
15.6163, 1.6, -1.91596
16.6711, 1.6, -2.57335
17.7259, 1.6, -3.40391
18.7807, 1.6, -4.75165
19.8355, 1.6, -7.60568
20.8903, 1.6, -5.75604
21.9451, 1.6, -4.36473
22.9999, 1.6, -3.71946
24.0547, 1.6, -3.30206
25.1095, 1.6, -3.03458
26.1643, 1.6, -2.91143
27.2191, 1.6, -2.95154
28.2739, 1.6, -3.25406
29.3287, 1.6, -3.66641
30.3835, 1.6, -2.9489
31.4383, 1.6, -2.63276
32.4931, 1.6, -1.58897
33.5479, 1.6, -0.869074
34.6027, 1.6, -0.342045
35.6575, 1.6, 0.0329277
36.7123, 1.6, 0.251047
37.7671, 1.6, 0.221627
38.8218, 1.6, -0.54274
39.8766, 1.6, -1.41856
40.9314, 1.6, -0.0815428
41.9862, 1.6, 1.86136
43.041, 1.6, 2.85468
44.0958, 1.6, 3.54261
45.1506, 1.6, 4.08284
46.2054, 1.6, 4.49343
47.2602, 1.6, 4.79847
48.315, 1.6, 4.83867
49.3698, 1.6, 4.5312
50.4246, 1.6, 5.89424
51.4794, 1.6, 7.91456
52.5342, 1.6, 10.1565
53.589, 1.6, 11.9999
54.6438, 1.6, 13.7495
55.6986, 1.6, 15.4224
56.7534, 1.6, 17.0457
57.8082, 1.6, 18.569
58.863, 1.6, 19.5338
59.9178, 1.6, 21.5546
60.9726, 1.6, 21.6671
62.0274, 1.6, 22.791
63.0821, 1.6, 23.2672
64.1369, 1.6, 23.6284
65.1917, 1.6, 23.9767
66.2465, 1.6, 24.3061
67.3013, 1.6, 24.6904
68.3561, 1.6, 25.0769
69.4109, 1.6, 26.2549
70.4657, 1.6, 27.7963
71.5205, 1.6, 27.2307
72.5753, 1.6, 27.8566
73.6301, 1.6, 28.4342
74.6849, 1.6, 29.1819
75.7397, 1.6, 30.0295
76.7945, 1.6, 31.1228
77.8493, 1.6, 32.8246
78.9041, 1.6, 35.5617
79.9589, 1.6, 42.7071
81.0137, 1.6, 36.3646
82.0685, 1.6, 33.4239
83.1233, 1.6, 31.6423
84.1781, 1.6, 30.5106
85.2329, 1.6, 29.7164
86.2877, 1.6, 29.1771
87.3425, 1.6, 29.0492
88.3972, 1.6, 29.7129
89.452, 1.6, 34.1212
90.5068, 1.6, 34.1357
91.5616, 1.6, 28.501
92.6164, 1.6, 26.9565
93.6712, 1.6, 26.2299
94.726, 1.6, 25.8584
95.7808, 1.6, 25.814
96.8356, 1.6, 26.1491
97.8904, 1.6, 26.9503
98.9452, 1.6, 28.9186
3.9006, 2.4, -1.6981
4.9451, 2.4, -8.6157
5.9897, 2.4, -7.1183
7.0342, 2.4, -6.3204
8.0788, 2.4, -6.355
9.1234, 2.4, -6.7676
10.1679, 2.4, -6.81654
11.2125, 2.4, -6.56948
12.257, 2.4, -6.6696
13.3016, 2.4, -6.9877
14.3462, 2.4, -7.43726
15.3907, 2.4, -7.9953
16.4353, 2.4, -8.6623
17.4798, 2.4, -9.43361
18.5244, 2.4, -10.4267
19.5689, 2.4, -12.7675
20.6135, 2.4, -12.3764
21.6581, 2.4, -10.8179
22.7026, 2.4, -10.1344
23.7472, 2.4, -9.63052
24.7917, 2.4, -9.25416
25.8363, 2.4, -9.02872
26.8809, 2.4, -8.99628
27.9254, 2.4, -9.30327
28.97, 2.4, -10.3505
30.0145, 2.4, -12.4559
31.0591, 2.4, -9.7139
32.1037, 2.4, -7.87844
33.1482, 2.4, -6.69736
34.1928, 2.4, -5.88377
35.2373, 2.4, -5.31162
36.2819, 2.4, -4.96825
37.3265, 2.4, -4.96566
38.371, 2.4, -5.62406
39.4156, 2.4, -7.5304
40.4601, 2.4, -7.54886
41.5047, 2.4, -4.7041
42.5492, 2.4, -3.08595
43.5938, 2.4, -2.11453
44.6384, 2.4, -1.54035
45.6829, 2.4, -1.2628
46.7275, 2.4, -1.3393
47.772, 2.4, -1.98926
48.8166, 2.4, -3.31381
49.8612, 2.4, -6.0577
50.9057, 2.4, -2.12176
51.9503, 2.4, 1.48553
52.9948, 2.4, 4.25698
54.0394, 2.4, 6.38284
55.084, 2.4, 8.13724
56.1285, 2.4, 9.64954
57.1731, 2.4, 10.9029
58.2176, 2.4, 11.6771
59.2622, 2.4, 11.5011
60.3068, 2.4, 11.2717
61.3513, 2.4, 14.1066
62.3959, 2.4, 15.3435
63.4404, 2.4, 16.0278
64.485, 2.4, 16.383
65.5295, 2.4, 16.5053
66.5741, 2.4, 16.3183
67.6187, 2.4, 15.6113
68.6632, 2.4, 14.4453
69.7078, 2.4, 10.9251
70.7523, 2.4, 14.2751
71.7969, 2.4, 16.9954
72.8415, 2.4, 18.9149
73.886, 2.4, 20.3594
74.9306, 2.4, 21.4339
75.9751, 2.4, 22.2647
77.0197, 2.4, 22.9375
78.0643, 2.4, 23.7026
79.1088, 2.4, 25.3864
80.1534, 2.4, 25.0913
81.1979, 2.4, 26.1061
82.2425, 2.4, 25.2473
83.2871, 2.4, 24.9944
84.3316, 2.4, 24.7414
85.3762, 2.4, 24.4631
86.4207, 2.4, 24.2192
87.4653, 2.4, 24.1427
88.5098, 2.4, 24.5761
89.5544, 2.4, 23.6168
90.599, 2.4, 24.2765
91.6435, 2.4, 23.7596
92.6881, 2.4, 22.6577
93.7326, 2.4, 21.7645
94.7772, 2.4, 21.0864
95.8218, 2.4, 20.7328
96.8663, 2.4, 20.8661
97.9109, 2.4, 21.6184
98.9554, 2.4, 22.6587
4.84232, 3.2, -12.5044
5.87665, 3.2, -11.7077
6.91097, 3.2, -11.4951
7.94529, 3.2, -11.7968
8.97961, 3.2, -12.5187
10.0139, 3.2, -14.1231
11.0483, 3.2, -12.52
12.0826, 3.2, -12.4419
13.1169, 3.2, -12.674
14.1512, 3.2, -13.0607
15.1855, 3.2, -13.6097
16.2199, 3.2, -14.3308
17.2542, 3.2, -15.219
18.2885, 3.2, -16.1088
19.3228, 3.2, -16.9617
20.3572, 3.2, -17.5017
21.3915, 3.2, -16.8737
22.4258, 3.2, -16.2676
23.4601, 3.2, -15.5929
24.4945, 3.2, -15.0819
25.5288, 3.2, -14.7731
26.5631, 3.2, -14.6819
27.5974, 3.2, -14.865
28.6317, 3.2, -15.5877
29.6661, 3.2, -18.8547
30.7004, 3.2, -16.6178
31.7347, 3.2, -13.8429
32.769, 3.2, -12.359
33.8034, 3.2, -11.2983
34.8377, 3.2, -10.5165
35.872, 3.2, -9.99016
36.9063, 3.2, -9.76154
37.9406, 3.2, -9.95366
38.975, 3.2, -10.8547
40.0093, 3.2, -14.682
41.0436, 3.2, -10.2427
42.0779, 3.2, -8.56719
43.1123, 3.2, -7.4628
44.1466, 3.2, -6.76766
45.1809, 3.2, -6.4445
46.2152, 3.2, -6.53794
47.2495, 3.2, -7.18474
48.2839, 3.2, -8.67522
49.3182, 3.2, -11.6442
50.3525, 3.2, -12.9841
51.3868, 3.2, -7.03827
52.4212, 3.2, -3.44187
53.4555, 3.2, -0.864855
54.4898, 3.2, 1.08985
55.5241, 3.2, 2.6221
56.5585, 3.2, 3.82592
57.5928, 3.2, 4.71238
58.6271, 3.2, 5.11704
59.6614, 3.2, 3.34748
60.6957, 3.2, 5.42307
61.7301, 3.2, 7.50244
62.7644, 3.2, 8.46611
63.7987, 3.2, 9.0477
64.833, 3.2, 9.29692
65.8674, 3.2, 9.14531
66.9017, 3.2, 8.42588
67.936, 3.2, 6.79699
68.9703, 3.2, 3.43427
70.0046, 3.2, -6.63331
71.039, 3.2, 4.3147
72.0733, 3.2, 8.65448
73.1076, 3.2, 11.333
74.1419, 3.2, 13.1067
75.1763, 3.2, 14.2707
76.2106, 3.2, 14.9428
77.2449, 3.2, 15.1217
78.2792, 3.2, 14.6377
79.3135, 3.2, 12.6857
80.3479, 3.2, 11.5791
81.3822, 3.2, 16.223
82.4165, 3.2, 18.0897
83.4508, 3.2, 18.9624
84.4852, 3.2, 19.3466
85.5195, 3.2, 19.4592
86.5538, 3.2, 19.4095
87.5881, 3.2, 19.2028
88.6225, 3.2, 18.3674
89.6568, 3.2, 12.3196
90.6911, 3.2, 15.5468
91.7254, 3.2, 18.3711
92.7597, 3.2, 17.7194
93.7941, 3.2, 16.5867
94.8284, 3.2, 15.4828
95.8627, 3.2, 14.645
96.897, 3.2, 14.2868
97.9314, 3.2, 14.614
98.9657, 3.2, 14.9513
5.78409, 4, -14.8758
6.80817, 4, -15.6562
7.83226, 4, -16.3204
8.85634, 4, -17.2142
9.88043, 4, -18.4419
10.9045, 4, -17.944
11.9286, 4, -17.7947
12.9527, 4, -17.8903
13.9768, 4, -18.2119
15.0009, 4, -18.7202
16.0249, 4, -19.4229
17.049, 4, -20.3262
18.0731, 4, -21.4233
19.0972, 4, -22.0695
20.1213, 4, -20.1866
21.1454, 4, -22.4828
22.1695, 4, -21.7918
23.1935, 4, -20.9834
24.2176, 4, -20.3663
25.2417, 4, -19.9721
26.2658, 4, -19.8196
27.2899, 4, -19.9282
28.314, 4, -20.356
29.3381, 4, -21.5994
30.3622, 4, -22.1594
31.3862, 4, -19.221
32.4103, 4, -17.566
33.4344, 4, -16.3088
34.4585, 4, -15.3201
35.4826, 4, -14.5935
36.5067, 4, -14.1233
37.5308, 4, -13.9036
38.5548, 4, -13.9075
39.5789, 4, -14.6737
40.603, 4, -14.1202
41.6271, 4, -12.8467
42.6512, 4, -11.9566
43.6753, 4, -11.294
44.6994, 4, -10.9369
45.7234, 4, -10.9081
46.7475, 4, -11.2879
47.7716, 4, -12.3289
48.7957, 4, -14.5787
49.8198, 4, -18.309
50.8439, 4, -14.6828
51.868, 4, -10.2309
52.892, 4, -7.36658
53.9161, 4, -5.31053
54.9402, 4, -3.72055
55.9643, 4, -2.48519
56.9884, 4, -1.56708
58.0125, 4, -0.908735
59.0366, 4, -0.632367
60.0606, 4, -0.7129
61.0847, 4, 0.492788
62.1088, 4, 1.53626
63.1329, 4, 2.26281
64.157, 4, 2.67357
65.1811, 4, 2.721
66.2052, 4, 2.33912
67.2292, 4, 1.2953
68.2533, 4, -1.18274
69.2774, 4, -6.59079
70.3015, 4, -9.38486
71.3256, 4, -2.25671
72.3497, 4, 2.39244
73.3738, 4, 5.07355
74.3979, 4, 6.78754
75.4219, 4, 7.88902
76.446, 4, 8.38521
77.4701, 4, 8.03156
78.4942, 4, 5.91239
79.5183, 4, 1.05942
80.5424, 4, 2.26206
81.5665, 4, 8.64696
82.5905, 4, 12.0245
83.6146, 4, 13.5713
84.6387, 4, 14.3303
85.6628, 4, 14.6651
86.6869, 4, 14.6932
87.711, 4, 14.146
88.7351, 4, 11.7547
89.7591, 4, 7.11347
90.7832, 4, 9.85974
91.8073, 4, 12.4335
92.8314, 4, 12.0602
93.8555, 4, 10.5605
94.8796, 4, 8.92832
95.9037, 4, 7.47261
96.9277, 4, 6.36672
97.9518, 4, 5.73035
98.9759, 4, 5.58378
6.72585, 4.8, -19.2188
7.7397, 4.8, -20.2316
8.75355, 4.8, -21.1731
9.7674, 4.8, -22.0642
10.7812, 4.8, -22.7015
11.7951, 4.8, -22.5567
12.8089, 4.8, -22.591
13.8228, 4.8, -22.8271
14.8366, 4.8, -23.2833
15.8505, 4.8, -23.9447
16.8643, 4.8, -24.8134
17.8782, 4.8, -25.8955
18.892, 4.8, -26.9442
19.9059, 4.8, -26.0899
20.9197, 4.8, -27.2981
21.9336, 4.8, -26.6074
22.9474, 4.8, -25.702
23.9613, 4.8, -24.9999
24.9751, 4.8, -24.5192
25.989, 4.8, -24.2702
27.0028, 4.8, -24.284
28.0167, 4.8, -24.5927
29.0305, 4.8, -24.9103
30.0444, 4.8, -23.4383
31.0582, 4.8, -23.6407
32.0721, 4.8, -22.0906
33.0859, 4.8, -20.6529
34.0998, 4.8, -19.5073
35.1136, 4.8, -18.6033
36.1275, 4.8, -17.9105
37.1413, 4.8, -17.3803
38.1552, 4.8, -16.9739
39.169, 4.8, -16.3962
40.1829, 4.8, -14.7571
41.1967, 4.8, -15.8691
42.2106, 4.8, -15.3671
43.2244, 4.8, -14.9543
44.2383, 4.8, -14.7002
45.2521, 4.8, -14.6393
46.266, 4.8, -14.8175
47.2798, 4.8, -15.3007
48.2937, 4.8, -16.3775
49.3075, 4.8, -18.6008
50.3214, 4.8, -18.8003
51.3352, 4.8, -15.5238
52.3491, 4.8, -12.7806
53.3629, 4.8, -10.8284
54.3768, 4.8, -9.25
55.3906, 4.8, -7.96498
56.4045, 4.8, -6.96254
57.4183, 4.8, -6.24815
58.4322, 4.8, -5.76958
59.446, 4.8, -4.28015
60.4599, 4.8, -3.58653
61.4737, 4.8, -4.37201
62.4876, 4.8, -3.70359
63.5014, 4.8, -3.23907
64.5153, 4.8, -3.09823
65.5291, 4.8, -3.28921
66.543, 4.8, -3.86476
67.5568, 4.8, -5.02097
68.5707, 4.8, -7.44083
69.5845, 4.8, -11.5448
70.5984, 4.8, -10.8479
71.6122, 4.8, -5.93212
72.6261, 4.8, -2.65948
73.6399, 4.8, -0.39556
74.6538, 4.8, 1.2309
75.6676, 4.8, 2.2888
76.6815, 4.8, 2.63023
77.6953, 4.8, 1.86041
78.7092, 4.8, -0.710863
79.723, 4.8, -5.58802
80.7369, 4.8, -1.7639
81.7507, 4.8, 3.7229
82.7646, 4.8, 6.92267
83.7784, 4.8, 8.70147
84.7923, 4.8, 9.5747
85.8061, 4.8, 9.91696
86.82, 4.8, 9.79957
87.8338, 4.8, 9.11619
88.8477, 4.8, 7.51534
89.8615, 4.8, 7.62958
90.8754, 4.8, 6.65081
91.8892, 4.8, 6.70323
92.9031, 4.8, 5.42439
93.9169, 4.8, 3.51897
94.9308, 4.8, 1.34162
95.9446, 4.8, -0.816123
96.9585, 4.8, -2.87524
97.9723, 4.8, -4.58883
98.9862, 4.8, -4.81947
7.66761, 5.6, -23.7051
8.67123, 5.6, -24.797
9.67484, 5.6, -26.0043
10.6785, 5.6, -26.6297
11.6821, 5.6, -26.6365
12.6857, 5.6, -26.647
13.6893, 5.6, -26.8925
14.6929, 5.6, -27.3328
15.6965, 5.6, -27.9536
16.7001, 5.6, -28.7409
17.7037, 5.6, -29.6623
18.7074, 5.6, -30.8397
19.711, 5.6, -33.5539
20.7146, 5.6, -31.9915
21.7182, 5.6, -30.5827
22.7218, 5.6, -29.7524
23.7254, 5.6, -29.0464
24.729, 5.6, -28.495
25.7326, 5.6, -28.1276
26.7363, 5.6, -27.9662
27.7399, 5.6, -28.0196
28.7435, 5.6, -28.0344
29.7471, 5.6, -26.3969
30.7507, 5.6, -26.4391
31.7543, 5.6, -25.7214
32.7579, 5.6, -24.3094
33.7615, 5.6, -23.0643
34.7652, 5.6, -22.0307
35.7688, 5.6, -21.1659
36.7724, 5.6, -20.4308
37.776, 5.6, -19.7585
38.7796, 5.6, -18.7793
39.7832, 5.6, -16.4056
40.7868, 5.6, -17.3269
41.7905, 5.6, -17.8926
42.7941, 5.6, -17.807
43.7977, 5.6, -17.718
44.8013, 5.6, -17.7288
45.8049, 5.6, -17.8506
46.8085, 5.6, -18.1051
47.8121, 5.6, -18.4776
48.8157, 5.6, -18.601
49.8194, 5.6, -19.542
50.823, 5.6, -17.804
51.8266, 5.6, -16.831
52.8302, 5.6, -15.3597
53.8338, 5.6, -13.938
54.8374, 5.6, -12.6642
55.841, 5.6, -11.5991
56.8446, 5.6, -10.7558
57.8483, 5.6, -10.1333
58.8519, 5.6, -9.30917
59.8555, 5.6, -6.26854
60.8591, 5.6, -8.14855
61.8627, 5.6, -8.49585
62.8663, 5.6, -8.23033
63.8699, 5.6, -8.14427
64.8736, 5.6, -8.2652
65.8772, 5.6, -8.68728
66.8808, 5.6, -9.32834
67.8844, 5.6, -10.1335
68.888, 5.6, -10.5406
69.8916, 5.6, -13.3448
70.8952, 5.6, -10.1977
71.8988, 5.6, -8.8926
72.9025, 5.6, -6.89622
73.9061, 5.6, -5.00865
74.9097, 5.6, -3.42616
75.9133, 5.6, -2.34263
76.9169, 5.6, -1.87681
77.9205, 5.6, -2.28051
78.9241, 5.6, -3.53138
79.9277, 5.6, -8.51549
80.9314, 5.6, -2.12133
81.935, 5.6, 0.977937
82.9386, 5.6, 3.19736
83.9422, 5.6, 4.50897
84.9458, 5.6, 5.17428
85.9494, 5.6, 5.40994
86.953, 5.6, 5.37541
87.9566, 5.6, 5.32908
88.9603, 5.6, 6.37065
89.9639, 5.6, 7.97844
90.9675, 5.6, 4.97872
91.9711, 5.6, 1.35815
92.9747, 5.6, -1.42195
93.9783, 5.6, -4.22005
94.9819, 5.6, -7.06685
95.9855, 5.6, -9.93824
96.9892, 5.6, -12.6821
97.9928, 5.6, -15.0754
98.9964, 5.6, -16.2903
8.60938, 6.4, -28.214
9.60275, 6.4, -29.6867
10.5961, 6.4, -30.1916
11.5895, 6.4, -30.0373
12.5829, 6.4, -30.1242
13.5763, 6.4, -30.4041
14.5696, 6.4, -30.858
15.563, 6.4, -31.4561
16.5564, 6.4, -32.1788
17.5498, 6.4, -33.0337
18.5431, 6.4, -34.1847
19.5365, 6.4, -37.1591
20.5299, 6.4, -36.817
21.5233, 6.4, -34.1828
22.5166, 6.4, -33.2144
23.51, 6.4, -32.4985
24.5034, 6.4, -31.8923
25.4968, 6.4, -31.4097
26.4902, 6.4, -31.0684
27.4835, 6.4, -30.8368
28.4769, 6.4, -30.5667
29.4703, 6.4, -30.4451
30.4637, 6.4, -29.6039
31.457, 6.4, -28.2735
32.4504, 6.4, -27.1936
33.4438, 6.4, -26.0715
34.4372, 6.4, -25.0292
35.4305, 6.4, -24.0854
36.4239, 6.4, -23.1889
37.4173, 6.4, -22.2411
38.4107, 6.4, -21.0906
39.404, 6.4, -19.7646
40.3974, 6.4, -19.0715
41.3908, 6.4, -19.4956
42.3842, 6.4, -19.965
43.3775, 6.4, -20.2657
44.3709, 6.4, -20.4619
45.3643, 6.4, -20.6232
46.3577, 6.4, -20.7483
47.3511, 6.4, -20.7413
48.3444, 6.4, -20.2594
49.3378, 6.4, -19.0069
50.3312, 6.4, -18.1812
51.3246, 6.4, -18.9149
52.3179, 6.4, -18.684
53.3113, 6.4, -17.6862
54.3047, 6.4, -16.4282
55.2981, 6.4, -15.2477
56.2914, 6.4, -14.3093
57.2848, 6.4, -13.6584
58.2782, 6.4, -12.9337
59.2716, 6.4, -12.394
60.2649, 6.4, -12.2285
61.2583, 6.4, -11.7296
62.2517, 6.4, -11.9043
63.2451, 6.4, -11.6461
64.2384, 6.4, -11.4606
65.2318, 6.4, -11.6904
66.2252, 6.4, -12.3929
67.2186, 6.4, -13.3774
68.212, 6.4, -13.4531
69.2053, 6.4, -11.8591
70.1987, 6.4, -10.2729
71.1921, 6.4, -11.6031
72.1855, 6.4, -11.4527
73.1788, 6.4, -9.6879
74.1722, 6.4, -7.72364
75.1656, 6.4, -6.17535
76.159, 6.4, -5.0952
77.1523, 6.4, -4.38285
78.1457, 6.4, -3.71843
79.1391, 6.4, -3.75855
80.1325, 6.4, -3.4715
81.1258, 6.4, -1.56188
82.1192, 6.4, -0.0636135
83.1126, 6.4, 0.787585
84.106, 6.4, 1.37525
85.0994, 6.4, 1.67658
86.0927, 6.4, 1.82297
87.0861, 6.4, 2.05749
88.0795, 6.4, 2.99968
89.0729, 6.4, 5.27212
90.0662, 6.4, 7.50863
91.0596, 6.4, 1.69133
92.053, 6.4, -3.74267
93.0464, 6.4, -7.93386
94.0397, 6.4, -11.4919
95.0331, 6.4, -14.9584
96.0265, 6.4, -18.5147
97.0199, 6.4, -22.1986
98.0132, 6.4, -25.6921
99.0066, 6.4, -28.6312
9.55114, 7.2, -32.6476
10.5343, 7.2, -33.1959
11.5174, 7.2, -32.9337
12.5006, 7.2, -33.0993
13.4837, 7.2, -33.4438
14.4668, 7.2, -33.9084
15.45, 7.2, -34.5041
16.4331, 7.2, -35.2379
17.4163, 7.2, -36.131
18.3994, 7.2, -37.2825
19.3825, 7.2, -39.082
20.3657, 7.2, -39.7439
21.3488, 7.2, -37.6391
22.332, 7.2, -36.3942
23.3151, 7.2, -35.4883
24.2982, 7.2, -34.7613
25.2814, 7.2, -34.158
26.2645, 7.2, -33.6479
27.2477, 7.2, -33.2195
28.2308, 7.2, -32.8993
29.2139, 7.2, -33.0505
30.1971, 7.2, -33.7889
31.1802, 7.2, -30.8076
32.1634, 7.2, -29.4774
33.1465, 7.2, -28.4643
34.1296, 7.2, -27.5477
35.1128, 7.2, -26.6466
36.0959, 7.2, -25.7064
37.0791, 7.2, -24.6759
38.0622, 7.2, -23.5142
39.0453, 7.2, -22.4386
40.0285, 7.2, -22.2993
41.0116, 7.2, -21.3903
41.9948, 7.2, -21.838
42.9779, 7.2, -22.4188
43.961, 7.2, -22.8706
44.9442, 7.2, -23.1688
45.9273, 7.2, -23.2916
46.9104, 7.2, -23.1873
47.8936, 7.2, -22.7431
48.8767, 7.2, -21.6617
49.8599, 7.2, -17.7458
50.843, 7.2, -20.5689
51.8261, 7.2, -21.092
52.8093, 7.2, -20.408
53.7924, 7.2, -19.2479
54.7756, 7.2, -17.9316
55.7587, 7.2, -16.6817
56.7418, 7.2, -15.7119
57.725, 7.2, -15.2761
58.7081, 7.2, -15.5692
59.6913, 7.2, -17.1758
60.6744, 7.2, -15.6392
61.6575, 7.2, -14.3712
62.6407, 7.2, -13.2392
63.6238, 7.2, -12.6183
64.607, 7.2, -12.4991
65.5901, 7.2, -12.8501
66.5732, 7.2, -13.6746
67.5564, 7.2, -14.9512
68.5395, 7.2, -16.1206
69.5227, 7.2, -12.5496
70.5058, 7.2, -11.9705
71.4889, 7.2, -14.1542
72.4721, 7.2, -11.9904
73.4552, 7.2, -9.85697
74.4384, 7.2, -8.15044
75.4215, 7.2, -6.79001
76.4046, 7.2, -5.66276
77.3878, 7.2, -4.65269
78.3709, 7.2, -3.58017
79.3541, 7.2, -1.48936
80.3372, 7.2, 0.295384
81.3203, 7.2, -0.761626
82.3035, 7.2, -0.650447
83.2866, 7.2, -0.707619
84.2698, 7.2, -0.84327
85.2529, 7.2, -0.939858
86.236, 7.2, -0.871696
87.2192, 7.2, -0.469718
88.2023, 7.2, 0.549696
89.1855, 7.2, 2.82146
90.1686, 7.2, 5.57348
91.1517, 7.2, -3.37578
92.1349, 7.2, -9.18186
93.118, 7.2, -13.8594
94.1012, 7.2, -18.028
95.0843, 7.2, -22.0348
96.0674, 7.2, -26.1463
97.0506, 7.2, -30.6336
98.0337, 7.2, -35.8194
99.0169, 7.2, -41.7789
10.4929, 8, -35.385
11.4658, 8, -35.3847
12.4387, 8, -35.6387
13.4116, 8, -36.0296
14.3845, 8, -36.5322
15.3574, 8, -37.1456
16.3303, 8, -37.8915
17.3032, 8, -38.8209
18.2761, 8, -39.9629
19.249, 8, -40.7969
20.2219, 8, -39.9281
21.1948, 8, -40.5317
22.1677, 8, -39.2863
23.1406, 8, -38.1943
24.1135, 8, -37.3422
25.0865, 8, -36.6343
26.0594, 8, -35.9937
27.0323, 8, -35.4275
28.0052, 8, -35.0373
28.9781, 8, -35.0065
29.951, 8, -35.6596
30.9239, 8, -33.4062
31.8968, 8, -31.7907
32.8697, 8, -30.7269
33.8426, 8, -29.8881
34.8155, 8, -29.0826
35.7884, 8, -28.2204
36.7613, 8, -27.2816
37.7342, 8, -26.2677
38.7071, 8, -25.2066
39.68, 8, -24.4548
40.6529, 8, -23.827
41.6258, 8, -24.2133
42.5987, 8, -24.8177
43.5716, 8, -25.3395
44.5445, 8, -25.7067
45.5174, 8, -25.9399
46.4903, 8, -26.021
47.4632, 8, -25.8212
48.4361, 8, -25.1494
49.409, 8, -23.3555
50.3819, 8, -22.4223
51.3548, 8, -23.7872
52.3277, 8, -23.1286
53.3006, 8, -21.7804
54.2735, 8, -20.1749
55.2465, 8, -18.5794
56.2194, 8, -17.1752
57.1923, 8, -16.2355
58.1652, 8, -16.2798
59.1381, 8, -18.2
60.111, 8, -19.8682
61.0839, 8, -16.8553
62.0568, 8, -14.0334
63.0297, 8, -12.5258
64.0026, 8, -11.9491
64.9755, 8, -11.9354
65.9484, 8, -12.3288
66.9213, 8, -13.2518
67.8942, 8, -15.1288
68.8671, 8, -17.8283
69.84, 8, -15.7741
70.8129, 8, -16.9884
71.7858, 8, -13.436
72.7587, 8, -10.5548
73.7316, 8, -8.67022
74.7045, 8, -7.35455
75.6774, 8, -6.19701
76.6503, 8, -5.07166
77.6232, 8, -3.99746
78.5961, 8, -2.18961
79.569, 8, 1.33664
80.5419, 8, 1.78497
81.5148, 8, -0.401743
82.4877, 8, -1.5424
83.4606, 8, -2.27565
84.4335, 8, -2.90231
85.4064, 8, -3.34252
86.3794, 8, -3.57174
87.3523, 8, -3.50087
88.3252, 8, -2.9045
89.2981, 8, -1.36239
90.271, 8, -1.60209
91.2439, 8, -9.6823
92.2168, 8, -15.1103
93.1897, 8, -19.8317
94.1626, 8, -24.2167
95.1355, 8, -28.576
96.1084, 8, -33.1455
97.0813, 8, -38.2744
98.0542, 8, -44.7101
99.0271, 8, -54.0621
11.4347, 8.8, -37.3056
12.3973, 8.8, -37.7653
13.36, 8.8, -38.2734
14.3227, 8.8, -38.8306
15.2853, 8.8, -39.4668
16.248, 8.8, -40.2008
17.2107, 8.8, -41.0544
18.1733, 8.8, -42.0086
19.136, 8.8, -42.4856
20.0987, 8.8, -41.6359
21.0613, 8.8, -42.394
22.024, 8.8, -41.6566
22.9867, 8.8, -40.7135
23.9493, 8.8, -39.9216
24.912, 8.8, -39.2219
25.8747, 8.8, -38.5376
26.8373, 8.8, -37.8132
27.8, 8.8, -37.0646
28.7627, 8.8, -36.5874
29.7253, 8.8, -35.9528
30.688, 8.8, -35.2636
31.6507, 8.8, -34.02
32.6133, 8.8, -33.2328
33.576, 8.8, -32.5942
34.5387, 8.8, -31.901
35.5013, 8.8, -31.1109
36.464, 8.8, -30.2291
37.4267, 8.8, -29.2902
38.3893, 8.8, -28.2946
39.352, 8.8, -26.9344
40.3147, 8.8, -25.9021
41.2773, 8.8, -27.0424
42.24, 8.8, -27.6716
43.2027, 8.8, -28.0849
44.1653, 8.8, -28.4081
45.128, 8.8, -28.6592
46.0907, 8.8, -28.8578
47.0533, 8.8, -29.0092
48.016, 8.8, -29.0117
48.9787, 8.8, -28.3589
49.9413, 8.8, -28.4074
50.904, 8.8, -27.3286
51.8667, 8.8, -26.3123
52.8293, 8.8, -24.487
53.792, 8.8, -22.4937
54.7547, 8.8, -20.5321
55.7173, 8.8, -18.6939
56.68, 8.8, -17.0953
57.6427, 8.8, -15.9925
58.6053, 8.8, -16.2696
59.568, 8.8, -19.217
60.5307, 8.8, -18.5265
61.4933, 8.8, -14.0282
62.456, 8.8, -11.915
63.4187, 8.8, -11.2601
64.3813, 8.8, -11.1379
65.344, 8.8, -11.2857
66.3067, 8.8, -11.6188
67.2693, 8.8, -12.2088
68.232, 8.8, -13.8045
69.1947, 8.8, -19.1939
70.1573, 8.8, -26.6363
71.12, 8.8, -14.9562
72.0827, 8.8, -10.4635
73.0453, 8.8, -9.03073
74.008, 8.8, -8.16356
74.9707, 8.8, -7.30281
75.9333, 8.8, -6.24642
76.896, 8.8, -4.81468
77.8587, 8.8, -2.81232
78.8213, 8.8, -0.632949
79.784, 8.8, 2.48542
80.7467, 8.8, 1.53911
81.7093, 8.8, -0.977833
82.672, 8.8, -3.15529
83.6347, 8.8, -4.6909
84.5973, 8.8, -5.69133
85.56, 8.8, -6.36838
86.5227, 8.8, -6.85087
87.4853, 8.8, -7.23921
88.448, 8.8, -7.47721
89.4107, 8.8, -7.57379
90.3733, 8.8, -10.8436
91.336, 8.8, -16.3483
92.2987, 8.8, -21.3306
93.2613, 8.8, -25.8067
94.224, 8.8, -30.3162
95.1867, 8.8, -34.9629
96.1493, 8.8, -39.8876
97.112, 8.8, -45.3853
98.0747, 8.8, -52.1655
99.0373, 8.8, -62.0537
12.3764, 9.6, -39.8102
13.3289, 9.6, -40.4853
14.2813, 9.6, -41.0731
15.2337, 9.6, -41.6248
16.1861, 9.6, -42.2078
17.1386, 9.6, -42.9002
18.091, 9.6, -43.5398
19.0434, 9.6, -44.1695
19.9959, 9.6, -45.3504
20.9483, 9.6, -44.0535
21.9007, 9.6, -43.4842
22.8532, 9.6, -42.9933
23.8056, 9.6, -42.4271
24.758, 9.6, -41.8527
25.7105, 9.6, -41.2401
26.6629, 9.6, -40.5148
27.6153, 9.6, -39.5557
28.5677, 9.6, -38.2325
29.5202, 9.6, -36.858
30.4726, 9.6, -36.0909
31.425, 9.6, -36.1098
32.3775, 9.6, -36.0719
33.3299, 9.6, -35.7094
34.2823, 9.6, -35.1309
35.2348, 9.6, -34.4042
36.1872, 9.6, -33.5675
37.1396, 9.6, -32.638
38.092, 9.6, -31.6037
39.0445, 9.6, -30.3156
39.9969, 9.6, -27.7405
40.9493, 9.6, -30.0341
41.9018, 9.6, -30.7493
42.8542, 9.6, -31.0945
43.8066, 9.6, -31.318
44.7591, 9.6, -31.4978
45.7115, 9.6, -31.682
46.6639, 9.6, -31.917
47.6163, 9.6, -32.2694
48.5688, 9.6, -32.8863
49.5212, 9.6, -33.8977
50.4736, 9.6, -33.1941
51.4261, 9.6, -30.1658
52.3785, 9.6, -27.4339
53.3309, 9.6, -24.9301
54.2834, 9.6, -22.5643
55.2358, 9.6, -20.3216
56.1882, 9.6, -18.2185
57.1406, 9.6, -16.3047
58.0931, 9.6, -14.6969
59.0455, 9.6, -13.8175
59.9979, 9.6, -18.0778
60.9504, 9.6, -11.986
61.9028, 9.6, -10.6007
62.8552, 9.6, -10.2344
63.8077, 9.6, -10.2544
64.7601, 9.6, -10.444
65.7125, 9.6, -10.6807
66.6649, 9.6, -10.8927
67.6174, 9.6, -11.1108
68.5698, 9.6, -11.9956
69.5222, 9.6, -20.7621
70.4747, 9.6, -20.0646
71.4271, 9.6, -10.4168
72.3795, 9.6, -9.26171
73.332, 9.6, -9.003
74.2844, 9.6, -8.71172
75.2368, 9.6, -8.14614
76.1892, 9.6, -7.14948
77.1417, 9.6, -5.53805
78.0941, 9.6, -3.0887
79.0465, 9.6, -0.169139
79.999, 9.6, 3.11223
80.9514, 9.6, -0.275636
81.9038, 9.6, -3.68126
82.8563, 9.6, -6.32955
83.8087, 9.6, -8.05968
84.7611, 9.6, -9.19969
85.7135, 9.6, -10.0117
86.666, 9.6, -10.716
87.6184, 9.6, -11.5523
88.5708, 9.6, -12.9107
89.5233, 9.6, -15.3664
90.4757, 9.6, -18.9941
91.4281, 9.6, -22.8589
92.3806, 9.6, -27.1123
93.333, 9.6, -31.606
94.2854, 9.6, -36.2832
95.2378, 9.6, -41.1716
96.1903, 9.6, -46.3421
97.1427, 9.6, -51.9245
98.0951, 9.6, -58.1587
99.0476, 9.6, -65.6016
13.3182, 10.4, -42.2948
14.2604, 10.4, -43.1393
15.2026, 10.4, -43.8625
16.1448, 10.4, -44.3375
17.087, 10.4, -44.6431
18.0292, 10.4, -45.0925
18.9714, 10.4, -45.8699
19.9135, 10.4, -48.3825
20.8557, 10.4, -46.0561
21.7979, 10.4, -45.3337
22.7401, 10.4, -45.0427
23.6823, 10.4, -44.7201
24.6245, 10.4, -44.3334
25.5667, 10.4, -43.8707
26.5089, 10.4, -43.294
27.4511, 10.4, -42.4633
28.3933, 10.4, -40.9636
29.3355, 10.4, -38.3673
30.2777, 10.4, -37.1192
31.2199, 10.4, -38.4278
32.1621, 10.4, -39.1816
33.1043, 10.4, -39.0339
34.0465, 10.4, -38.4451
34.9886, 10.4, -37.7126
35.9308, 10.4, -36.9372
36.873, 10.4, -36.1391
37.8152, 10.4, -35.1957
38.7574, 10.4, -34.0121
39.6996, 10.4, -32.7236
40.6418, 10.4, -33.2767
41.584, 10.4, -33.9957
42.5262, 10.4, -34.2218
43.4684, 10.4, -34.182
44.4106, 10.4, -34.1386
45.3528, 10.4, -34.2186
46.295, 10.4, -34.4893
47.2372, 10.4, -35.0224
48.1794, 10.4, -35.9991
49.1215, 10.4, -38.0694
50.0637, 10.4, -39.4786
51.0059, 10.4, -35.0493
51.9481, 10.4, -30.7453
52.8903, 10.4, -27.4697
53.8325, 10.4, -24.6433
54.7747, 10.4, -22.0561
55.7169, 10.4, -19.5743
56.6591, 10.4, -17.0876
57.6013, 10.4, -14.499
58.5435, 10.4, -11.5393
59.4857, 10.4, -8.14813
60.4279, 10.4, -6.75938
61.3701, 10.4, -7.52756
62.3123, 10.4, -8.50582
63.2545, 10.4, -9.08459
64.1966, 10.4, -9.47349
65.1388, 10.4, -9.77261
66.081, 10.4, -10.0493
67.0232, 10.4, -10.2909
67.9654, 10.4, -10.1906
68.9076, 10.4, -9.72879
69.8498, 10.4, -11.6859
70.792, 10.4, -9.25596
71.7342, 10.4, -9.60393
72.6764, 10.4, -10.0696
73.6186, 10.4, -10.0389
74.5608, 10.4, -9.84492
75.503, 10.4, -9.55068
76.4452, 10.4, -9.03474
77.3874, 10.4, -7.94985
78.3296, 10.4, -5.58239
79.2717, 10.4, -1.46652
80.2139, 10.4, 0.00503045
81.1561, 10.4, -4.90879
82.0983, 10.4, -8.62412
83.0405, 10.4, -10.7861
83.9827, 10.4, -12.083
84.9249, 10.4, -13.0824
85.8671, 10.4, -14.0108
86.8093, 10.4, -15.0243
87.7515, 10.4, -16.3453
88.6937, 10.4, -18.719
89.6359, 10.4, -22.6569
90.5781, 10.4, -25.9778
91.5203, 10.4, -28.4635
92.4624, 10.4, -32.3407
93.4046, 10.4, -36.8875
94.3468, 10.4, -41.7276
95.289, 10.4, -46.7947
96.2312, 10.4, -52.0795
97.1734, 10.4, -57.541
98.1156, 10.4, -62.8497
99.0578, 10.4, -67.6141
14.26, 11.2, -44.6659
15.1919, 11.2, -45.6647
16.1239, 11.2, -46.506
17.0558, 11.2, -46.9873
17.9878, 11.2, -47.0403
18.9197, 11.2, -47.6294
19.8517, 11.2, -48.8442
20.7837, 11.2, -48.0808
21.7156, 11.2, -47.467
22.6476, 11.2, -47.1993
23.5795, 11.2, -47.0451
24.5115, 11.2, -46.8165
25.4434, 11.2, -46.4858
26.3754, 11.2, -46.0458
27.3074, 11.2, -45.4543
28.2393, 11.2, -44.5362
29.1713, 11.2, -42.3153
30.1032, 11.2, -38.4501
31.0352, 11.2, -41.78
31.9671, 11.2, -42.5715
32.8991, 11.2, -42.213
33.8311, 11.2, -41.5251
34.763, 11.2, -40.7255
35.695, 11.2, -39.9242
36.6269, 11.2, -39.1858
37.5589, 11.2, -38.5575
38.4908, 11.2, -37.972
39.4228, 11.2, -37.2898
40.3548, 11.2, -37.4441
41.2867, 11.2, -37.4085
42.2187, 11.2, -37.1214
43.1506, 11.2, -36.6393
44.0826, 11.2, -36.2943
45.0145, 11.2, -36.1712
45.9465, 11.2, -36.3299
46.8785, 11.2, -36.8865
47.8104, 11.2, -38.0083
48.7424, 11.2, -39.857
49.6743, 11.2, -43.2861
50.6063, 11.2, -39.675
51.5382, 11.2, -34.1856
52.4702, 11.2, -30.0039
53.4021, 11.2, -26.6711
54.3341, 11.2, -23.8109
55.2661, 11.2, -21.1314
56.198, 11.2, -18.398
57.13, 11.2, -15.3322
58.0619, 11.2, -11.5901
58.9939, 11.2, -6.6576
59.9258, 11.2, 3.935
60.8578, 11.2, -2.52457
61.7898, 11.2, -5.7264
62.7217, 11.2, -7.3783
63.6537, 11.2, -8.20945
64.5856, 11.2, -8.59013
65.5176, 11.2, -8.79401
66.4495, 11.2, -8.9879
67.3815, 11.2, -9.23842
68.3135, 11.2, -9.11163
69.2454, 11.2, -4.32927
70.1774, 11.2, 8.03031
71.1093, 11.2, -8.00291
72.0413, 11.2, -10.5297
72.9732, 11.2, -10.6286
73.9052, 11.2, -10.5771
74.8372, 11.2, -10.6645
75.7691, 11.2, -10.8634
76.7011, 11.2, -11.1105
77.633, 11.2, -11.1964
78.565, 11.2, -10.1476
79.4969, 11.2, -5.34218
80.4289, 11.2, -6.03273
81.3609, 11.2, -12.0814
82.2928, 11.2, -14.1814
83.2248, 11.2, -15.1241
84.1567, 11.2, -15.9466
85.0887, 11.2, -16.8566
86.0206, 11.2, -17.9268
86.9526, 11.2, -19.2904
87.8846, 11.2, -21.1001
88.8165, 11.2, -23.6693
89.7485, 11.2, -28.477
90.6804, 11.2, -30.2436
91.6124, 11.2, -32.9446
92.5443, 11.2, -36.908
93.4763, 11.2, -41.5221
94.4083, 11.2, -46.4907
95.3402, 11.2, -51.6565
96.2722, 11.2, -56.915
97.2041, 11.2, -62.0867
98.1361, 11.2, -66.8852
99.068, 11.2, -69.9993
15.2017, 12, -47.0592
16.1234, 12, -48.2532
17.0452, 12, -49.2792
17.9669, 12, -49.7357
18.8886, 12, -49.4157
19.8103, 12, -49.2792
20.732, 12, -49.8031
21.6538, 12, -49.7716
22.5755, 12, -49.7875
23.4972, 12, -49.716
24.4189, 12, -49.5451
25.3406, 12, -49.2876
26.2624, 12, -48.9709
27.1841, 12, -48.59
28.1058, 12, -48.1513
29.0275, 12, -47.5491
29.9492, 12, -44.0637
30.871, 12, -46.6071
31.7927, 12, -46.2067
32.7144, 12, -45.3795
33.6361, 12, -44.4535
34.5578, 12, -43.5111
35.4796, 12, -42.6177
36.4013, 12, -41.8305
37.323, 12, -41.266
38.2447, 12, -41.0992
39.1665, 12, -41.5806
40.0882, 12, -41.6559
41.0099, 12, -40.9063
41.9316, 12, -39.5089
42.8533, 12, -38.5568
43.7751, 12, -37.917
44.6968, 12, -37.5577
45.6185, 12, -37.4833
46.5402, 12, -37.7815
47.4619, 12, -38.5935
48.3837, 12, -40.1161
49.3054, 12, -42.5877
50.2271, 12, -43.6711
51.1488, 12, -36.6758
52.0705, 12, -32.0563
52.9923, 12, -28.4348
53.914, 12, -25.4038
54.8357, 12, -22.6322
55.7574, 12, -19.9171
56.6791, 12, -16.9596
57.6009, 12, -13.318
58.5226, 12, -8.24615
59.4443, 12, 0.0569762
60.366, 12, 4.3316
61.2877, 12, -2.45589
62.2095, 12, -5.58579
63.1312, 12, -6.88202
64.0529, 12, -7.35331
64.9746, 12, -7.44882
65.8963, 12, -7.38778
66.8181, 12, -7.33394
67.7398, 12, -7.32515
68.6615, 12, -6.28341
69.5832, 12, 3.36659
70.5049, 12, 0.58079
71.4267, 12, -8.60206
72.3484, 12, -9.84534
73.2701, 12, -10.1663
74.1918, 12, -10.5997
75.1135, 12, -11.2239
76.0353, 12, -12.0467
76.957, 12, -13.1022
77.8787, 12, -14.3747
78.8004, 12, -15.7993
79.7222, 12, -12.8632
80.6439, 12, -17.107
81.5656, 12, -18.3627
82.4873, 12, -18.4369
83.409, 12, -18.8294
84.3307, 12, -19.4638
85.2525, 12, -20.36
86.1742, 12, -21.5302
87.0959, 12, -22.9937
88.0176, 12, -24.8485
88.9394, 12, -27.1479
89.8611, 12, -31.548
90.7828, 12, -32.7227
91.7045, 12, -36.3799
92.6262, 12, -40.7594
93.548, 12, -45.5611
94.4697, 12, -50.6609
95.3914, 12, -55.8833
96.3131, 12, -61.0917
97.2348, 12, -66.1808
98.1566, 12, -70.7405
99.0783, 12, -73.1367
16.1435, 12.8, -49.5697
17.055, 12.8, -51.0351
17.9665, 12.8, -52.2499
18.8779, 12.8, -51.9717
19.7894, 12.8, -50.7166
20.7009, 12.8, -51.4481
21.6124, 12.8, -52.4153
22.5239, 12.8, -52.711
23.4354, 12.8, -52.6088
24.3468, 12.8, -52.345
25.2583, 12.8, -52.0797
26.1698, 12.8, -51.8735
27.0813, 12.8, -51.7622
27.9928, 12.8, -51.8006
28.9043, 12.8, -52.0791
29.8157, 12.8, -53.5765
30.7272, 12.8, -51.9141
31.6387, 12.8, -50.0908
32.5502, 12.8, -48.5814
33.4617, 12.8, -47.2908
34.3732, 12.8, -46.1876
35.2846, 12.8, -45.213
36.1961, 12.8, -44.3483
37.1076, 12.8, -43.6372
38.0191, 12.8, -43.3271
38.9306, 12.8, -44.0003
39.8421, 12.8, -45.3483
40.7535, 12.8, -43.7039
41.665, 12.8, -41.3007
42.5765, 12.8, -39.9258
43.488, 12.8, -39.0893
44.3995, 12.8, -38.4626
45.311, 12.8, -38.0415
46.2225, 12.8, -37.906
47.1339, 12.8, -38.1731
48.0454, 12.8, -38.9678
48.9569, 12.8, -40.6174
49.8684, 12.8, -42.1025
50.7799, 12.8, -37.8928
51.6914, 12.8, -33.0061
52.6028, 12.8, -29.4034
53.5143, 12.8, -26.2409
54.4258, 12.8, -23.4065
55.3373, 12.8, -20.7763
56.2488, 12.8, -18.1826
57.1603, 12.8, -15.3418
58.0717, 12.8, -11.5079
58.9832, 12.8, -5.375
59.8947, 12.8, 1.13967
60.8062, 12.8, -0.590456
61.7177, 12.8, -4.28953
62.6292, 12.8, -5.89067
63.5406, 12.8, -6.3827
64.4521, 12.8, -6.46462
65.3636, 12.8, -6.29839
66.2751, 12.8, -5.87917
67.1866, 12.8, -5.12187
68.0981, 12.8, -4.01639
69.0096, 12.8, -3.61309
69.921, 12.8, -7.22012
70.8325, 12.8, -5.76064
71.744, 12.8, -6.76678
72.6555, 12.8, -8.23448
73.567, 12.8, -9.47338
74.4785, 12.8, -10.4916
75.3899, 12.8, -11.5325
76.3014, 12.8, -12.8332
77.2129, 12.8, -14.6788
78.1244, 12.8, -17.4762
79.0359, 12.8, -22.0107
79.9474, 12.8, -28.5639
80.8588, 12.8, -24.9683
81.7703, 12.8, -22.3497
82.6818, 12.8, -21.4121
83.5933, 12.8, -21.3539
84.5048, 12.8, -21.9216
85.4163, 12.8, -22.9286
86.3277, 12.8, -24.2513
87.2392, 12.8, -25.7871
88.1507, 12.8, -27.4271
89.0622, 12.8, -29.2524
89.9737, 12.8, -30.0464
90.8852, 12.8, -34.5367
91.7966, 12.8, -38.9844
92.7081, 12.8, -44.0861
93.6196, 12.8, -49.4574
94.5311, 12.8, -54.9092
95.4426, 12.8, -60.3082
96.3541, 12.8, -65.5009
97.2655, 12.8, -70.2914
98.177, 12.8, -74.5046
99.0885, 12.8, -78.0776
17.0852, 13.6, -52.2486
17.9865, 13.6, -54.0317
18.8877, 13.6, -55.1812
19.789, 13.6, -52.9726
20.6902, 13.6, -54.1502
21.5915, 13.6, -55.4459
22.4927, 13.6, -55.5097
23.394, 13.6, -55.1463
24.2952, 13.6, -54.7671
25.1965, 13.6, -54.4847
26.0977, 13.6, -54.3594
26.999, 13.6, -54.4614
27.9002, 13.6, -54.914
28.8015, 13.6, -56.0247
29.7027, 13.6, -60.0705
30.604, 13.6, -57.4516
31.5052, 13.6, -53.6805
32.4065, 13.6, -51.5283
33.3077, 13.6, -49.9695
34.2089, 13.6, -48.745
35.1102, 13.6, -47.7262
36.0114, 13.6, -46.8387
36.9127, 13.6, -46.0417
37.8139, 13.6, -45.344
38.7152, 13.6, -44.9985
39.6164, 13.6, -46.6493
40.5177, 13.6, -45.0796
41.4189, 13.6, -42.2876
42.3202, 13.6, -41.0202
43.2214, 13.6, -39.9797
44.1227, 13.6, -39.0232
45.0239, 13.6, -38.1754
45.9252, 13.6, -37.5006
46.8264, 13.6, -37.0942
47.7277, 13.6, -37.093
48.6289, 13.6, -37.635
49.5302, 13.6, -38.1986
50.4314, 13.6, -36.4681
51.3326, 13.6, -32.7546
52.2339, 13.6, -29.0997
53.1351, 13.6, -25.9398
54.0364, 13.6, -23.1679
54.9376, 13.6, -20.6516
55.8389, 13.6, -18.2893
56.7401, 13.6, -15.9909
57.6414, 13.6, -13.6387
58.5426, 13.6, -10.9407
59.4439, 13.6, -7.06134
60.3451, 13.6, -5.09649
61.2464, 13.6, -5.75404
62.1476, 13.6, -5.74757
63.0489, 13.6, -5.74709
63.9501, 13.6, -5.75386
64.8514, 13.6, -5.63778
65.7526, 13.6, -5.25729
66.6538, 13.6, -4.46871
67.5551, 13.6, -3.1906
68.4563, 13.6, -1.9579
69.3576, 13.6, -7.65436
70.2588, 13.6, -17.0283
71.1601, 13.6, -4.82108
72.0613, 13.6, -5.65018
72.9626, 13.6, -7.58273
73.8638, 13.6, -9.08166
74.7651, 13.6, -10.2838
75.6663, 13.6, -11.5039
76.5676, 13.6, -13.1268
77.4688, 13.6, -15.6815
78.3701, 13.6, -20.0622
79.2713, 13.6, -28.6374
80.1726, 13.6, -40.4265
81.0738, 13.6, -27.4521
81.9751, 13.6, -23.8032
82.8763, 13.6, -22.5223
83.7775, 13.6, -22.5167
84.6788, 13.6, -23.28
85.58, 13.6, -24.5164
86.4813, 13.6, -26.0221
87.3825, 13.6, -27.6213
88.2838, 13.6, -29.099
89.185, 13.6, -29.8874
90.0863, 13.6, -28.8703
90.9875, 13.6, -36.029
91.8888, 13.6, -41.703
92.79, 13.6, -47.5722
93.6913, 13.6, -53.5259
94.5925, 13.6, -59.4217
95.4938, 13.6, -65.1259
96.395, 13.6, -70.494
97.2963, 13.6, -75.3639
98.1975, 13.6, -79.656
99.0988, 13.6, -84.8509
18.027, 14.4, -55.237
18.918, 14.4, -57.6893
19.809, 14.4, -56.8684
20.7, 14.4, -58.2011
21.5911, 14.4, -58.3493
22.4821, 14.4, -57.7197
23.3731, 14.4, -57.1476
24.2641, 14.4, -56.7248
25.1551, 14.4, -56.4473
26.0461, 14.4, -56.338
26.9371, 14.4, -56.4874
27.8281, 14.4, -57.1467
28.7191, 14.4, -58.8166
29.6102, 14.4, -62.312
30.5012, 14.4, -61.1052
31.3922, 14.4, -56.5409
32.2832, 14.4, -53.9074
33.1742, 14.4, -52.24
34.0652, 14.4, -51.0046
34.9562, 14.4, -49.9833
35.8472, 14.4, -49.0994
36.7382, 14.4, -48.2961
37.6292, 14.4, -47.4328
38.5203, 14.4, -46.3021
39.4113, 14.4, -45.1604
40.3023, 14.4, -44.7164
41.1933, 14.4, -42.6674
42.0843, 14.4, -41.8712
42.9753, 14.4, -40.6991
43.8663, 14.4, -39.4024
44.7573, 14.4, -38.1351
45.6483, 14.4, -36.9232
46.5394, 14.4, -35.7879
47.4304, 14.4, -34.8579
48.3214, 14.4, -34.163
49.2124, 14.4, -33.6242
50.1034, 14.4, -33.0952
50.9944, 14.4, -30.4571
51.8854, 14.4, -27.5662
52.7764, 14.4, -24.6668
53.6674, 14.4, -22.1556
54.5585, 14.4, -19.8752
55.4495, 14.4, -17.7147
56.3405, 14.4, -15.6984
57.2315, 14.4, -13.9817
58.1225, 14.4, -12.9706
59.0135, 14.4, -13.5355
59.9045, 14.4, -12.3822
60.7955, 14.4, -11.4858
61.6865, 14.4, -7.9061
62.5775, 14.4, -6.30603
63.4686, 14.4, -5.8029
64.3596, 14.4, -5.58856
65.2506, 14.4, -5.38755
66.1416, 14.4, -5.04225
67.0326, 14.4, -4.42131
67.9236, 14.4, -3.53582
68.8146, 14.4, -3.71045
69.7056, 14.4, -10.0028
70.5966, 14.4, -6.95316
71.4877, 14.4, -5.55749
72.3787, 14.4, -6.60411
73.2697, 14.4, -7.9781
74.1607, 14.4, -9.0713
75.0517, 14.4, -10.075
75.9427, 14.4, -11.2372
76.8337, 14.4, -12.9242
77.7247, 14.4, -15.8657
78.6157, 14.4, -21.3694
79.5068, 14.4, -31.6779
80.3978, 14.4, -34.0163
81.2888, 14.4, -25.834
82.1798, 14.4, -22.7055
83.0708, 14.4, -21.9854
83.9618, 14.4, -22.5678
84.8528, 14.4, -23.7863
85.7438, 14.4, -25.3346
86.6348, 14.4, -27.0393
87.5258, 14.4, -28.7496
88.4169, 14.4, -29.9877
89.3079, 14.4, -29.9394
90.1989, 14.4, -30.5995
91.0899, 14.4, -38.0161
91.9809, 14.4, -45.0712
92.8719, 14.4, -51.6933
93.7629, 14.4, -58.1716
94.6539, 14.4, -64.5119
95.5449, 14.4, -70.6596
96.436, 14.4, -76.5269
97.327, 14.4, -81.9877
98.218, 14.4, -87.0953
99.109, 14.4, -92.5701
18.9688, 15.2, -59.3984
19.8495, 15.2, -62.7374
20.7303, 15.2, -62.2055
21.6111, 15.2, -60.5196
22.4919, 15.2, -59.4331
23.3726, 15.2, -58.7962
24.2534, 15.2, -58.3935
25.1342, 15.2, -58.1536
26.015, 15.2, -58.0647
26.8957, 15.2, -58.1747
27.7765, 15.2, -58.6444
28.6573, 15.2, -59.9622
29.5381, 15.2, -61.8186
30.4188, 15.2, -61.005
31.2996, 15.2, -58.0033
32.1804, 15.2, -55.6499
33.0612, 15.2, -54.1012
33.9419, 15.2, -52.8771
34.8227, 15.2, -51.8276
35.7035, 15.2, -50.9012
36.5843, 15.2, -50.0664
37.465, 15.2, -49.2397
38.3458, 15.2, -48.1164
39.2266, 15.2, -45.5229
40.1074, 15.2, -40.7469
40.9881, 15.2, -43.1
41.8689, 15.2, -42.5505
42.7497, 15.2, -41.173
43.6305, 15.2, -39.6882
44.5112, 15.2, -38.1671
45.392, 15.2, -36.6037
46.2728, 15.2, -34.9263
47.1535, 15.2, -33.0074
48.0343, 15.2, -30.8502
48.9151, 15.2, -29.2086
49.7959, 15.2, -27.84
50.6766, 15.2, -26.7075
51.5574, 15.2, -24.5042
52.4382, 15.2, -22.7554
53.319, 15.2, -21.046
54.1997, 15.2, -19.1562
55.0805, 15.2, -17.2054
55.9613, 15.2, -15.326
56.8421, 15.2, -13.7359
57.7228, 15.2, -12.8882
58.6036, 15.2, -13.6398
59.4844, 15.2, -17.9594
60.3652, 15.2, -18.2864
61.2459, 15.2, -11.2178
62.1267, 15.2, -8.29839
63.0075, 15.2, -6.85411
63.8883, 15.2, -6.23006
64.769, 15.2, -6.02668
65.6498, 15.2, -5.9926
66.5306, 15.2, -6.0598
67.4114, 15.2, -6.3262
68.2921, 15.2, -6.28938
69.1729, 15.2, -3.55824
70.0537, 15.2, 7.37346
70.9344, 15.2, -5.0111
71.8152, 15.2, -7.7542
72.696, 15.2, -8.30486
73.5768, 15.2, -8.69769
74.4575, 15.2, -9.2595
75.3383, 15.2, -9.94759
76.2191, 15.2, -10.8746
77.0999, 15.2, -12.2889
77.9806, 15.2, -14.6049
78.8614, 15.2, -19.0315
79.7422, 15.2, -23.0839
80.623, 15.2, -24.0774
81.5037, 15.2, -20.9664
82.3845, 15.2, -20.1037
83.2653, 15.2, -20.8824
84.1461, 15.2, -22.3017
85.0268, 15.2, -24.0322
85.9076, 15.2, -25.8982
86.7884, 15.2, -27.7458
87.6692, 15.2, -29.377
88.5499, 15.2, -30.608
89.4307, 15.2, -30.8002
90.3115, 15.2, -33.1389
91.1923, 15.2, -41.3375
92.073, 15.2, -49.1355
92.9538, 15.2, -56.4282
93.8346, 15.2, -63.4315
94.7154, 15.2, -70.2697
95.5961, 15.2, -76.9639
96.4769, 15.2, -83.5202
97.3577, 15.2, -90.0035
98.2384, 15.2, -96.2418
99.11922, 15.2, -101.2787
19.9105, 16, -69.1768
20.7811, 16, -64.1582
21.6516, 16, -61.7909
22.5221, 16, -60.7178
23.3927, 16, -60.1274
24.2632, 16, -59.7991
25.1338, 16, -59.6263
26.0043, 16, -59.5682
26.8748, 16, -59.6155
27.7454, 16, -59.7525
28.6159, 16, -59.8414
29.4865, 16, -59.9327
30.357, 16, -59.2323
31.2275, 16, -57.8249
32.0981, 16, -56.7563
32.9686, 16, -55.5304
33.8391, 16, -54.3597
34.7097, 16, -53.2687
35.5802, 16, -52.2591
36.4508, 16, -51.3274
37.3213, 16, -50.453
38.1918, 16, -49.515
39.0624, 16, -47.5653
39.9329, 16, -40.0574
40.8034, 16, -43.8825
41.674, 16, -43.2879
42.5445, 16, -41.5855
43.4151, 16, -39.8847
44.2856, 16, -38.2052
45.1561, 16, -36.4578
46.0267, 16, -34.5257
46.8972, 16, -32.2584
47.7677, 16, -29.4509
48.6383, 16, -25.8749
49.5088, 16, -22.761
50.3794, 16, -21.5556
51.2499, 16, -20.8769
52.1204, 16, -20.811
52.991, 16, -19.942
53.8615, 16, -18.524
54.732, 16, -16.8203
55.6026, 16, -15.0486
56.4731, 16, -13.4231
57.3437, 16, -12.2137
58.2142, 16, -11.873
59.0847, 16, -13.6746
59.9553, 16, -24.1893
60.8258, 16, -12.5959
61.6963, 16, -9.28142
62.5669, 16, -7.88914
63.4374, 16, -7.23235
64.308, 16, -7.02429
65.1785, 16, -7.12972
66.049, 16, -7.46324
66.9196, 16, -7.92761
67.7901, 16, -8.26697
68.6606, 16, -7.21365
69.5312, 16, 2.84174
70.4017, 16, 4.72613
71.2723, 16, -6.96944
72.1428, 16, -8.90212
73.0133, 16, -9.16989
73.8839, 16, -9.24056
74.7544, 16, -9.37191
75.6249, 16, -9.62511
76.4955, 16, -10.0114
77.366, 16, -10.5015
78.2366, 16, -10.8986
79.1071, 16, -10.0612
79.9776, 16, -11.2927
80.8482, 16, -12.7334
81.7187, 16, -15.6087
82.5892, 16, -17.6298
83.4598, 16, -19.6868
84.3303, 16, -21.8615
85.2009, 16, -24.095
86.0714, 16, -26.3052
86.9419, 16, -28.3943
87.8125, 16, -30.2377
88.683, 16, -31.6998
89.5536, 16, -32.8156
90.4241, 16, -37.2525
91.2946, 16, -45.7715
92.1652, 16, -53.8937
93.0357, 16, -61.6962
93.9062, 16, -69.2581
94.7768, 16, -76.666
95.6473, 16, -83.9811
96.5179, 16, -91.2428
97.3884, 16, -98.4561
98.25893, 16, -105.4913
99.12946, 16, -111.1407
20.8523, 16.8, -64.1906
21.7126, 16.8, -62.1456
22.5729, 16.8, -61.387
23.4332, 16.8, -61.0334
24.2935, 16.8, -60.8638
25.1538, 16.8, -60.7903
26.0141, 16.8, -60.7563
26.8744, 16.8, -60.6909
27.7347, 16.8, -60.4138
28.595, 16.8, -59.4923
29.4553, 16.8, -57.7073
30.3156, 16.8, -56.7624
31.1759, 16.8, -57.2306
32.0362, 16.8, -57.2057
32.8965, 16.8, -56.4777
33.7568, 16.8, -55.4316
34.6171, 16.8, -54.3216
35.4774, 16.8, -53.2253
36.3377, 16.8, -52.1743
37.198, 16.8, -51.1767
38.0583, 16.8, -50.1806
38.9186, 16.8, -49.2607
39.7789, 16.8, -48.3147
40.6392, 16.8, -46.2646
41.4995, 16.8, -43.974
42.3598, 16.8, -42.0626
43.2201, 16.8, -40.2698
44.0804, 16.8, -38.5288
44.9407, 16.8, -36.7408
45.801, 16.8, -34.7807
46.6613, 16.8, -32.4836
47.5216, 16.8, -29.593
48.3819, 16.8, -25.6318
49.2422, 16.8, -19.7945
50.1025, 16.8, -15.6875
50.9628, 16.8, -17.6195
51.8231, 16.8, -19.259
52.6834, 16.8, -19.1486
53.5437, 16.8, -18.0881
54.404, 16.8, -16.5347
55.2643, 16.8, -14.7596
56.1246, 16.8, -12.9674
56.9849, 16.8, -11.3518
57.8452, 16.8, -10.1244
58.7055, 16.8, -9.64618
59.5658, 16.8, -10.8753
60.4262, 16.8, -10.3967
61.2865, 16.8, -8.03408
62.1468, 16.8, -7.21588
63.0071, 16.8, -6.96435
63.8674, 16.8, -7.01023
64.7277, 16.8, -7.30068
65.588, 16.8, -7.7704
66.4483, 16.8, -8.33257
67.3086, 16.8, -8.79113
68.1689, 16.8, -8.48316
69.0292, 16.8, -6.7268
69.8895, 16.8, -3.80005
70.7498, 16.8, -5.18278
71.6101, 16.8, -7.58853
72.4704, 16.8, -8.77802
73.3307, 16.8, -8.91686
74.191, 16.8, -8.75711
75.0513, 16.8, -8.52111
75.9116, 16.8, -8.22708
76.7719, 16.8, -7.76411
77.6322, 16.8, -6.733
78.4925, 16.8, -4.05962
79.3528, 16.8, 0.574205
80.2131, 16.8, 1.30422
81.0734, 16.8, -5.31689
81.9337, 16.8, -11.29
82.794, 16.8, -15.4047
83.6543, 16.8, -18.5817
84.5146, 16.8, -21.4787
85.3749, 16.8, -24.2391
86.2352, 16.8, -26.8712
87.0955, 16.8, -29.3331
87.9558, 16.8, -31.5727
88.8161, 16.8, -33.704
89.6764, 16.8, -36.1037
90.5367, 16.8, -42.4513
91.397, 16.8, -50.9796
92.2573, 16.8, -59.2604
93.1176, 16.8, -67.4246
93.9779, 16.8, -75.4593
94.8382, 16.8, -83.3923
95.6985, 16.8, -91.2633
96.5588, 16.8, -99.1041
97.4191, 16.8, -106.9216
98.2794, 16.8, -114.6255
99.1397, 16.8, -122.096
21.7941, 17.6, -61.6898
22.6441, 17.6, -61.4473
23.4942, 17.6, -61.4376
24.3443, 17.6, -61.5119
25.1943, 17.6, -61.5856
26.0444, 17.6, -61.5902
26.8945, 17.6, -61.4264
27.7445, 17.6, -60.9388
28.5946, 17.6, -59.8239
29.4446, 17.6, -57.1307
30.2947, 17.6, -55.1613
31.1448, 17.6, -57.5272
31.9948, 17.6, -57.6241
32.8449, 17.6, -57.0277
33.695, 17.6, -56.1008
34.545, 17.6, -54.9932
35.3951, 17.6, -53.8067
36.2452, 17.6, -52.6085
37.0952, 17.6, -51.4616
37.9453, 17.6, -50.5128
38.7954, 17.6, -50.2149
39.6454, 17.6, -53.5725
40.4955, 17.6, -50.4319
41.3455, 17.6, -45.0189
42.1956, 17.6, -42.6123
43.0457, 17.6, -40.7955
43.8957, 17.6, -39.1385
44.7458, 17.6, -37.4638
45.5959, 17.6, -35.648
46.4459, 17.6, -33.5437
47.296, 17.6, -30.931
48.1461, 17.6, -27.4067
48.9961, 17.6, -22.0782
49.8462, 17.6, -11.3331
50.6963, 17.6, -15.9579
51.5463, 17.6, -18.8476
52.3964, 17.6, -19.1221
53.2465, 17.6, -18.1788
54.0965, 17.6, -16.5962
54.9466, 17.6, -14.6707
55.7966, 17.6, -12.5941
56.6467, 17.6, -10.5044
57.4968, 17.6, -8.53237
58.3468, 17.6, -6.76231
59.1969, 17.6, -4.30744
60.047, 17.6, 2.22198
60.897, 17.6, -4.16019
61.7471, 17.6, -4.81002
62.5972, 17.6, -5.07255
63.4472, 17.6, -5.5577
64.2973, 17.6, -6.19418
65.1474, 17.6, -6.89427
65.9974, 17.6, -7.60289
66.8475, 17.6, -8.2077
67.6975, 17.6, -8.67048
68.5476, 17.6, -9.20178
69.3977, 17.6, -13.539
70.2477, 17.6, -19.2051
71.0978, 17.6, -8.93192
71.9479, 17.6, -7.95507
72.7979, 17.6, -7.85336
73.648, 17.6, -7.67675
74.4981, 17.6, -7.26466
75.3481, 17.6, -6.59211
76.1982, 17.6, -5.59315
77.0483, 17.6, -4.06513
77.8983, 17.6, -1.73484
78.7484, 17.6, 2.0601
79.5984, 17.6, 9.6147
80.4485, 17.6, 7.80872
81.2986, 17.6, -2.29082
82.1486, 17.6, -8.70875
82.9987, 17.6, -13.6144
83.8488, 17.6, -17.7133
84.6988, 17.6, -21.3202
85.5489, 17.6, -24.6394
86.399, 17.6, -27.7596
87.249, 17.6, -30.7462
88.0991, 17.6, -33.6784
88.9492, 17.6, -36.7177
89.7992, 17.6, -40.6681
90.6493, 17.6, -48.2168
91.4994, 17.6, -56.6021
92.3494, 17.6, -65.1283
93.1995, 17.6, -73.5909
94.0495, 17.6, -82.0002
94.8996, 17.6, -90.3723
95.7497, 17.6, -98.7194
96.59974, 17.6, -107.0588
97.44981, 17.6, -115.4247
98.29987, 17.6, -123.948
99.14993, 17.6, -133.5324
22.7358, 18.4, -61.1373
23.5757, 18.4, -61.6001
24.4155, 18.4, -61.9856
25.2553, 18.4, -62.2787
26.0951, 18.4, -62.4433
26.935, 18.4, -62.4119
27.7748, 18.4, -62.0538
28.6146, 18.4, -61.0813
29.4545, 18.4, -58.5031
30.2943, 18.4, -56.8661
31.1341, 18.4, -58.9066
31.9739, 18.4, -58.718
32.8138, 18.4, -57.8972
33.6536, 18.4, -56.7864
34.4934, 18.4, -55.5277
35.3332, 18.4, -54.204
36.1731, 18.4, -52.8835
37.0129, 18.4, -51.6538
37.8527, 18.4, -50.6999
38.6926, 18.4, -50.6702
39.5324, 18.4, -53.3705
40.3722, 18.4, -52.5634
41.212, 18.4, -46.3624
42.0519, 18.4, -43.4038
42.8917, 18.4, -41.5915
43.7315, 18.4, -40.1005
44.5714, 18.4, -38.6753
45.4112, 18.4, -37.1782
46.251, 18.4, -35.4848
47.0908, 18.4, -33.4305
47.9307, 18.4, -30.7448
48.7705, 18.4, -26.9322
49.6103, 18.4, -19.4678
50.4501, 18.4, -17.6243
51.29, 18.4, -20.6975
52.1298, 18.4, -20.6624
52.9696, 18.4, -19.4111
53.8095, 18.4, -17.4902
54.6493, 18.4, -15.1925
55.4891, 18.4, -12.6866
56.3289, 18.4, -10.0784
57.1688, 18.4, -7.42443
58.0086, 18.4, -4.64328
58.8484, 18.4, -0.84522
59.6883, 18.4, 5.63245
60.5281, 18.4, 3.47499
61.3679, 18.4, -0.61783
62.2077, 18.4, -2.16888
63.0476, 18.4, -3.1361
63.8874, 18.4, -4.09641
64.7272, 18.4, -5.10173
65.5671, 18.4, -6.1366
66.4069, 18.4, -7.19055
67.2467, 18.4, -8.31418
68.0865, 18.4, -9.85608
68.9264, 18.4, -13.8116
69.7662, 18.4, -24.4707
70.606, 18.4, -18.0375
71.4458, 18.4, -10.8696
72.2857, 18.4, -8.4255
73.1255, 18.4, -7.36076
73.9653, 18.4, -6.49851
74.8052, 18.4, -5.56989
75.645, 18.4, -4.45762
76.4848, 18.4, -3.0535
77.3246, 18.4, -1.19596
78.1645, 18.4, 1.4024
79.0043, 18.4, 5.4828
79.8441, 18.4, 15.142
80.684, 18.4, 6.25707
81.5238, 18.4, -2.27376
82.3636, 18.4, -8.33635
83.2034, 18.4, -13.3779
84.0433, 18.4, -17.8298
84.8831, 18.4, -21.9206
85.7229, 18.4, -25.7802
86.5628, 18.4, -29.4927
87.4026, 18.4, -33.1285
88.2424, 18.4, -36.7947
89.0822, 18.4, -40.7641
89.9221, 18.4, -45.4475
90.7619, 18.4, -54.003
91.6017, 18.4, -62.5775
92.4416, 18.4, -71.298
93.2814, 18.4, -80.0619
94.1212, 18.4, -88.8198
94.961, 18.4, -97.5732
95.80086, 18.4, -106.3363
96.64069, 18.4, -115.1413
97.48051, 18.4, -124.0753
98.32034, 18.4, -133.4637
99.16017, 18.4, -144.5541
23.6776, 19.2, -61.5166
24.5072, 19.2, -62.6156
25.3368, 19.2, -63.364
26.1664, 19.2, -63.8439
26.996, 19.2, -64.1288
27.8255, 19.2, -64.1363
28.6551, 19.2, -63.635
29.4847, 19.2, -62.337
30.3143, 19.2, -61.7808
31.1439, 19.2, -61.4371
31.9735, 19.2, -60.6102
32.8031, 19.2, -59.3195
33.6327, 19.2, -57.8557
34.4623, 19.2, -56.3105
35.2919, 19.2, -54.7357
36.1215, 19.2, -53.1815
36.9511, 19.2, -51.723
37.7806, 19.2, -50.5278
38.6102, 19.2, -49.882
39.4398, 19.2, -50.2803
40.2694, 19.2, -49.0924
41.099, 19.2, -46.2785
41.9286, 19.2, -44.046
42.7582, 19.2, -42.5625
43.5878, 19.2, -41.4427
44.4174, 19.2, -40.449
45.247, 19.2, -39.456
46.0766, 19.2, -38.3793
46.9062, 19.2, -37.1326
47.7357, 19.2, -35.6089
48.5653, 19.2, -33.4366
49.3949, 19.2, -29.8644
50.2245, 19.2, -27.5438
51.0541, 19.2, -26.1957
51.8837, 19.2, -24.8517
52.7133, 19.2, -22.6053
53.5429, 19.2, -19.915
54.3725, 19.2, -16.9494
55.2021, 19.2, -13.8092
56.0317, 19.2, -10.5512
56.8612, 19.2, -7.18083
57.6908, 19.2, -3.57404
58.5204, 19.2, 0.476495
59.35, 19.2, 5.26491
60.1796, 19.2, 7.39565
61.0092, 19.2, 4.37095
61.8388, 19.2, 1.80032
62.6684, 19.2, 0.00105334
63.498, 19.2, -1.47658
64.3276, 19.2, -2.88377
65.1572, 19.2, -4.29976
65.9868, 19.2, -5.76149
66.8163, 19.2, -7.34661
67.6459, 19.2, -9.33217
68.4755, 19.2, -12.2311
69.3051, 19.2, -16.9805
70.1347, 19.2, -19.1722
70.9643, 19.2, -15.1966
71.7939, 19.2, -11.3313
72.6235, 19.2, -8.99209
73.4531, 19.2, -7.45193
74.2827, 19.2, -6.19452
75.1123, 19.2, -4.96869
75.9418, 19.2, -3.66516
76.7714, 19.2, -2.20362
77.601, 19.2, -0.503667
78.4306, 19.2, 1.79886
79.2602, 19.2, 5.63926
80.0898, 19.2, 7.80898
80.9194, 19.2, 1.68104
81.749, 19.2, -4.8787
82.5786, 19.2, -10.2386
83.4082, 19.2, -15.0885
84.2378, 19.2, -19.6543
85.0674, 19.2, -24.0318
85.8969, 19.2, -28.2884
86.7265, 19.2, -32.4776
87.5561, 19.2, -36.6652
88.3857, 19.2, -40.9081
89.2153, 19.2, -45.3046
90.0449, 19.2, -50.3728
90.8745, 19.2, -59.6293
91.7041, 19.2, -68.6605
92.5337, 19.2, -77.6616
93.3633, 19.2, -86.7027
94.1929, 19.2, -95.7807
95.02245, 19.2, -104.882
95.85204, 19.2, -114.0183
96.68163, 19.2, -123.2303
97.51122, 19.2, -132.6388
98.34082, 19.2, -142.4718
99.17041, 19.2, -153.1325
