100.0, 0.0, -3.03616535668e-40
0.0, 0.0, -8.58271207065e-39
-20.0, 0.0, 0.0
-20.0, -20.0, 200.0
100.0, -20.0, 200.0
100.0, 20.0, -200.0
23.7999992, 20.0, -77.7922515869
98.9247284, 0.0, 0.64846765995
97.8494644, 0.0, 1.28665685654
96.7741928, 0.0, 1.90474927425
95.6989212, 0.0, 2.49404883385
94.6236572, 0.0, 3.04792141914
93.5483856, 0.0, 3.562281847
92.4731216, 0.0, 4.03514575958
91.39785, 0.0, 4.46591615677
90.3225784, 0.0, 4.85495901108
89.2473145, 0.0, 5.20351886749
88.1720428, 0.0, 5.51362466812
87.0967712, 0.0, 5.78788137436
86.0215073, 0.0, 6.02925300598
84.9462357, 0.0, 6.24086999893
83.8709641, 0.0, 6.42587423325
82.7957001, 0.0, 6.58731651306
81.7204285, 0.0, 6.72807788849
80.6451645, 0.0, 6.85080242157
79.5698929, 0.0, 6.95787811279
78.4946213, 0.0, 7.05142498016
77.4193573, 0.0, 7.13330411911
76.3440857, 0.0, 7.20514154434
75.2688141, 0.0, 7.26834821701
74.1935501, 0.0, 7.32414245605
73.1182785, 0.0, 7.37357187271
72.0430145, 0.0, 7.4175286293
70.9677429, 0.0, 7.45677375793
69.8924713, 0.0, 7.49195575714
68.8172073, 0.0, 7.52362823486
67.7419357, 0.0, 7.55226707458
66.6666641, 0.0, 7.57828044891
65.5914001, 0.0, 7.60202121735
64.5161285, 0.0, 7.62379407883
63.4408607, 0.0, 7.64386558533
62.365593, 0.0, 7.66246843338
61.2903214, 0.0, 7.67980957031
60.2150536, 0.0, 7.69607162476
59.1397858, 0.0, 7.71142053604
58.064518, 0.0, 7.72600793839
56.9892464, 0.0, 7.73997497559
55.9139786, 0.0, 7.75345468521
54.8387108, 0.0, 7.76657342911
53.7634392, 0.0, 7.77945566177
52.6881714, 0.0, 7.79222345352
51.6129036, 0.0, 7.80500221252
50.5376358, 0.0, 7.817923069
49.4623642, 0.0, 7.8311252594
48.3870964, 0.0, 7.84476327896
47.3118286, 0.0, 7.85901212692
46.2365608, 0.0, 7.87407970428
45.1612892, 0.0, 7.89022016525
44.0860214, 0.0, 7.90776157379
43.0107536, 0.0, 7.92715740204
41.935482, 0.0, 7.94909143448
40.8602142, 0.0, 7.97472572327
39.7849464, 0.0, 8.00644397736
38.7096786, 0.0, 8.05035400391
37.634407, 0.0, 8.13342761993
36.5591393, 0.0, 8.24181365967
35.4838715, 0.0, 8.3824005127
34.4086037, 0.0, 8.560754776
33.3333321, 0.0, 8.73592090607
32.2580643, 0.0, 8.87679195404
31.1827965, 0.0, 8.98774623871
30.1075268, 0.0, 9.0892791748
29.032259, 0.0, 9.19142723083
27.9569893, 0.0, 9.29888820648
26.8817196, 0.0, 9.41403102875
25.8064518, 0.0, 9.53829193115
24.7311821, 0.0, 9.67345714569
23.6559143, 0.0, 9.82200336456
22.5806446, 0.0, 9.98671340942
21.5053768, 0.0, 10.170832634
20.4301071, 0.0, 10.3787183762
19.3548393, 0.0, 10.6162157059
18.2795696, 0.0, 10.8910303116
17.2043018, 0.0, 11.2132806778
16.1290321, 0.0, 11.5961351395
15.0537634, 0.0, 12.0562849045
13.9784946, 0.0, 12.6144294739
12.9032259, 0.0, 13.2958164215
11.8279572, 0.0, 14.1288614273
10.7526884, 0.0, 15.126955986
9.67741966, 0.0, 16.1709766388
8.60215092, 0.0, 17.1171188354
7.52688169, 0.0, 17.8457336426
6.45161295, 0.0, 18.2120666504
5.3763442, 0.0, 18.0633220673
4.30107546, 0.0, 17.26795578
3.22580647, 0.0, 15.7072982788
2.15053773, 0.0, 13.1924200058
1.07526886, 0.0, 9.16806221008
-1.05263162, 0.0, -1.93884075914e-39
-2.10526323, 0.0, -1.61714747328e-39
-3.15789485, 0.0, -1.43406502632e-39
-4.21052647, 0.0, -1.31555721519e-39
-5.26315784, 0.0, -1.23198657737e-39
-6.3157897, 0.0, -1.16946344249e-39
-7.36842108, 0.0, -1.12055532349e-39
-8.42105293, 0.0, -1.08092380032e-39
-9.47368431, 0.0, -1.04785876176e-39
-10.5263157, 0.0, -1.01958055875e-39
-11.5789471, 0.0, -9.94865857732e-40
-12.6315794, 0.0, -9.72837445873e-40
-13.6842108, 0.0, -9.52852127175e-40
-14.7368422, 0.0, -9.3441524328e-40
-15.7894735, 0.0, -9.17135831916e-40
-16.8421059, 0.0, -9.00690193139e-40
-17.8947372, 0.0, -8.84800869852e-40
-18.9473686, 0.0, -8.69207220541e-40
-20.0, -1.0, 10.0
-20.0, -2.0, 20.0
-20.0, -3.0, 30.0
-20.0, -4.0, 40.0
-20.0, -5.0, 50.0
-20.0, -6.0, 60.0
-20.0, -7.0, 70.0
-20.0, -8.0, 80.0
-20.0, -9.0, 90.0
-20.0, -10.0, 100.0
-20.0, -11.0, 110.0
-20.0, -12.0, 120.0
-20.0, -13.0, 130.0
-20.0, -14.0, 140.0
-20.0, -15.0, 150.0
-20.0, -16.0, 160.0
-20.0, -17.0, 170.0
-20.0, -18.0, 180.0
-20.0, -19.0, 190.0
-18.9285717, -20.0, 200.271240234
-17.8571434, -20.0, 200.543777466
-16.7857151, -20.0, 200.818878174
-15.7142859, -20.0, 201.097793579
-14.6428576, -20.0, 201.38168335
-13.5714283, -20.0, 201.671569824
-12.5, -20.0, 201.968414307
-11.4285717, -20.0, 202.27293396
-10.3571424, -20.0, 202.585662842
-9.28571415, -20.0, 202.906906128
-8.21428585, -20.0, 203.236618042
-7.14285707, -20.0, 203.574417114
-6.07142878, -20.0, 203.919586182
-5.0, -20.0, 204.270965576
-3.92857146, -20.0, 204.626983643
-2.85714293, -20.0, 204.985641479
-1.78571427, -20.0, 205.344619751
-0.714285731, -20.0, 205.701202393
0.357142866, -20.0, 206.052474976
1.42857146, -20.0, 206.395370483
2.5, -20.0, 206.726821899
3.57142854, -20.0, 207.043823242
4.64285707, -20.0, 207.343612671
5.71428585, -20.0, 207.623748779
6.78571415, -20.0, 207.882217407
7.85714293, -20.0, 208.117507935
8.9285717, -20.0, 208.328582764
10.0, -20.0, 208.514968872
11.0714283, -20.0, 208.676681519
12.1428576, -20.0, 208.814193726
13.2142859, -20.0, 208.928344727
14.2857141, -20.0, 209.020339966
15.3571424, -20.0, 209.091598511
16.4285717, -20.0, 209.143692017
17.5, -20.0, 209.178344727
18.5714283, -20.0, 209.197265625
19.6428566, -20.0, 209.202178955
20.7142849, -20.0, 209.194732666
21.7857151, -20.0, 209.176528931
22.8571434, -20.0, 209.149032593
23.9285717, -20.0, 209.113616943
25.0, -20.0, 209.071502686
26.0714283, -20.0, 209.023849487
27.1428566, -20.0, 208.971633911
28.2142849, -20.0, 208.915771484
29.2857151, -20.0, 208.857040405
30.3571434, -20.0, 208.796142578
31.4285717, -20.0, 208.733703613
32.5, -20.0, 208.670227051
33.5714302, -20.0, 208.606185913
34.6428566, -20.0, 208.541946411
35.7142868, -20.0, 208.477844238
36.7857132, -20.0, 208.414154053
37.8571434, -20.0, 208.35105896
38.9285698, -20.0, 208.288742065
40.0, -20.0, 208.227279663
41.0714302, -20.0, 208.166732788
42.1428566, -20.0, 208.107131958
43.2142868, -20.0, 208.048446655
44.2857132, -20.0, 207.990615845
45.3571434, -20.0, 207.933532715
46.4285698, -20.0, 207.877090454
47.5, -20.0, 207.821136475
48.5714302, -20.0, 207.765472412
49.6428566, -20.0, 207.709915161
50.7142868, -20.0, 207.654266357
51.7857132, -20.0, 207.59828186
52.8571434, -20.0, 207.541732788
53.9285698, -20.0, 207.484344482
55.0, -20.0, 207.425857544
56.0714302, -20.0, 207.365997314
57.1428566, -20.0, 207.304458618
58.2142868, -20.0, 207.240966797
59.2857132, -20.0, 207.175186157
60.3571434, -20.0, 207.106826782
61.4285698, -20.0, 207.03553772
62.5, -20.0, 206.960983276
63.5714302, -20.0, 206.882827759
64.6428604, -20.0, 206.800704956
65.7142868, -20.0, 206.714248657
66.7857132, -20.0, 206.623077393
67.8571396, -20.0, 206.52684021
68.9285736, -20.0, 206.425109863
70.0, -20.0, 206.317520142
71.0714264, -20.0, 206.203659058
72.1428604, -20.0, 206.083145142
73.2142868, -20.0, 205.955581665
74.2857132, -20.0, 205.820587158
75.3571396, -20.0, 205.677764893
76.4285736, -20.0, 205.526763916
77.5, -20.0, 205.367248535
78.5714264, -20.0, 205.198898315
79.6428604, -20.0, 205.021438599
80.7142868, -20.0, 204.834609985
81.7857132, -20.0, 204.638214111
82.8571396, -20.0, 204.432128906
83.9285736, -20.0, 204.216247559
85.0, -20.0, 203.990585327
86.0714264, -20.0, 203.755172729
87.1428604, -20.0, 203.510162354
88.2142868, -20.0, 203.25579834
89.2857132, -20.0, 202.992401123
90.3571396, -20.0, 202.720397949
91.4285736, -20.0, 202.440307617
92.5, -20.0, 202.15272522
93.5714264, -20.0, 201.858383179
94.6428604, -20.0, 201.558074951
95.7142868, -20.0, 201.252670288
96.7857132, -20.0, 200.943115234
97.8571396, -20.0, 200.630447388
98.9285736, -20.0, 200.315704346
100.0, -19.0, 190.0
100.0, -18.0, 180.0
100.0, -17.0, 170.0
100.0, -16.0, 160.0
100.0, -15.0, 150.0
100.0, -14.0, 140.0
100.0, -13.0, 130.0
100.0, -12.0, 120.0
100.0, -11.0, 110.0
100.0, -10.0, 100.0
100.0, -9.0, 90.0
100.0, -8.0, 80.0
100.0, -7.0, 70.0
100.0, -6.0, 60.0
100.0, -5.0, 50.0
100.0, -4.0, 40.0
100.0, -3.0, 30.0
100.0, -2.0, 20.0
100.0, -1.0, 10.0
100.0, 0.800000012, -8.0
100.0, 1.60000002, -16.0
100.0, 2.4000001, -24.0
100.0, 3.20000005, -32.0
100.0, 4.0, -40.0
100.0, 4.80000019, -48.0
100.0, 5.5999999, -56.0
100.0, 6.4000001, -64.0
100.0, 7.19999981, -72.0
100.0, 8.0, -80.0
100.0, 8.80000019, -88.0
100.0, 9.60000038, -96.0
100.0, 10.3999996, -104.0
100.0, 11.1999998, -112.0
100.0, 12.0, -120.0
100.0, 12.8000002, -128.0
100.0, 13.6000004, -136.0
100.0, 14.3999996, -144.0
100.0, 15.1999998, -152.0
100.0, 16.0, -160.0
100.0, 16.7999992, -168.0
100.0, 17.6000004, -176.0
100.0, 18.3999996, -184.0
100.0, 19.2000008, -192.0
99.1806488, 20.0, -192.998718262
98.36129, 20.0, -187.75453186
97.5419388, 20.0, -183.101852417
96.72258, 20.0, -178.850509644
95.9032288, 20.0, -174.895019531
95.0838699, 20.0, -171.160461426
94.2645187, 20.0, -167.596878052
93.4451599, 20.0, -164.171051025
92.6258087, 20.0, -160.854049683
91.8064499, 20.0, -157.635955811
90.9870987, 20.0, -154.502456665
90.1677399, 20.0, -151.437728882
89.3483887, 20.0, -148.430847168
88.5290298, 20.0, -145.47454834
87.7096786, 20.0, -142.56463623
86.8903198, 20.0, -139.697509766
86.0709686, 20.0, -136.880020142
85.2516098, 20.0, -134.107925415
84.4322586, 20.0, -131.379379272
83.6128998, 20.0, -128.697814941
82.7935486, 20.0, -126.071426392
81.9741898, 20.0, -123.501159668
81.1548386, 20.0, -120.995796204
80.3354874, 20.0, -118.578193665
79.5161285, 20.0, -116.250572205
78.6967773, 20.0, -114.01335144
77.8774185, 20.0, -111.873634338
77.0580673, 20.0, -109.83896637
76.2387085, 20.0, -107.919677734
75.4193573, 20.0, -106.1354599
74.5999985, 20.0, -104.489074707
73.7806473, 20.0, -102.968475342
72.9612885, 20.0, -101.583068848
72.1419373, 20.0, -100.3358078
71.3225784, 20.0, -99.2365722656
70.5032272, 20.0, -98.271987915
69.6838684, 20.0, -97.423828125
68.8645172, 20.0, -96.6769866943
68.0451584, 20.0, -96.0191726685
67.2258072, 20.0, -95.4422988892
66.4064484, 20.0, -94.941696167
65.5870972, 20.0, -94.5112609863
64.7677383, 20.0, -94.1436767578
63.9483871, 20.0, -93.8313598633
63.1290321, 20.0, -93.5670623779
62.3096771, 20.0, -93.3442993164
61.4903221, 20.0, -93.1573791504
60.6709671, 20.0, -93.0012130737
59.8516121, 20.0, -92.8708114624
59.0322571, 20.0, -92.7610244751
58.2129021, 20.0, -92.667137146
57.3935471, 20.0, -92.5853500366
56.574192, 20.0, -92.5126113892
55.754837, 20.0, -92.4464263916
54.935482, 20.0, -92.3846664429
54.1161308, 20.0, -92.3254699707
53.2967758, 20.0, -92.2671661377
52.4774208, 20.0, -92.2081604004
51.6580658, 20.0, -92.1469192505
50.8387108, 20.0, -92.0818939209
50.0193558, 20.0, -92.0114746094
49.2000008, 20.0, -91.9339523315
48.3806458, 20.0, -91.8474655151
47.5612907, 20.0, -91.7499847412
46.7419357, 20.0, -91.6392822266
45.9225807, 20.0, -91.5129623413
45.1032257, 20.0, -91.3685684204
44.2838707, 20.0, -91.2035980225
43.4645157, 20.0, -91.0154953003
42.6451607, 20.0, -90.8015060425
41.8258057, 20.0, -90.5583343506
41.0064507, 20.0, -90.2816925049
40.1870956, 20.0, -89.9657592773
39.3677406, 20.0, -89.6040725708
38.5483856, 20.0, -89.1982498169
37.7290306, 20.0, -88.7505264282
36.9096756, 20.0, -88.2619476318
36.0903244, 20.0, -87.7333602905
35.2709694, 20.0, -87.167098999
34.4516144, 20.0, -86.568977356
33.6322594, 20.0, -85.9452819824
32.8129044, 20.0, -85.2866516113
31.9935474, 20.0, -84.5888671875
31.1741943, 20.0, -83.8524246216
30.3548393, 20.0, -83.0739364624
29.5354843, 20.0, -82.2453918457
28.7161293, 20.0, -81.3967590332
27.8967743, 20.0, -80.5527877808
27.0774193, 20.0, -79.7552719116
26.2580643, 20.0, -79.0531921387
25.4387093, 20.0, -78.4733123779
24.6193542, 20.0, -78.0458679199
22.8479996, 19.2000008, -71.2416687012
21.8959999, 18.3999996, -65.5416030884
20.9440002, 17.6000004, -60.9049034119
19.9920006, 16.7999992, -57.6505050659
19.0400009, 16.0, -55.0893287659
18.0879993, 15.1999998, -52.8343582153
17.1359997, 14.3999996, -50.7776603699
16.184, 13.6000004, -48.8924407959
15.2320004, 12.8000002, -47.1215667725
14.2799997, 12.0, -45.3707046509
13.3280001, 11.1999998, -43.5001869202
12.3760004, 10.3999996, -41.5882797241
11.4239998, 9.60000038, -39.1513442993
10.4720001, 8.80000019, -36.8957290649
9.52000046, 8.0, -34.0044212341
8.56799984, 7.19999981, -30.2899055481
7.61600018, 6.4000001, -25.5811462402
6.66400003, 5.5999999, -19.7977523804
5.71199989, 4.80000019, -13.5398645401
4.76000023, 4.0, -7.65735960007
3.80800009, 3.20000005, -3.31604480743
2.85599995, 2.4000001, -0.496473222971
1.90400004, 1.60000002, 1.99060440063
0.952000022, 0.800000012, 3.80442380905
98.9249268, -1.0, 10.5986070633
97.8498459, -1.0, 11.188826561
96.7747726, -1.0, 11.7626991272
95.6996918, -1.0, 12.3132381439
94.6246185, -1.0, 12.834862709
93.5495377, -1.0, 13.3236589432
92.4744644, -1.0, 13.7772541046
91.3993835, -1.0, 14.1945505142
90.3243103, -1.0, 14.5754308701
89.2492294, -1.0, 14.9206075668
88.1741562, -1.0, 15.2314624786
87.0990753, -1.0, 15.5099115372
86.0240021, -1.0, 15.758228302
84.9489212, -1.0, 15.9789028168
83.873848, -1.0, 16.1745014191
82.7987747, -1.0, 16.347574234
81.7236938, -1.0, 16.5005779266
80.6486206, -1.0, 16.6358165741
79.5735397, -1.0, 16.7554111481
78.4984665, -1.0, 16.8612823486
77.4233856, -1.0, 16.9551525116
76.3483124, -1.0, 17.0385475159
75.2732315, -1.0, 17.1128139496
74.1981583, -1.0, 17.1791286469
73.1230774, -1.0, 17.2385215759
72.0480042, -1.0, 17.2918872833
70.9729233, -1.0, 17.3399982452
69.89785, -1.0, 17.3835258484
68.8227692, -1.0, 17.4230499268
67.7476959, -1.0, 17.4590740204
66.6726227, -1.0, 17.4920425415
65.5975418, -1.0, 17.5223350525
64.5224686, -1.0, 17.5502948761
63.4473877, -1.0, 17.576215744
62.3723106, -1.0, 17.6003646851
61.2972336, -1.0, 17.6229801178
60.2221565, -1.0, 17.6442756653
59.1470833, -1.0, 17.6644477844
58.0720062, -1.0, 17.683675766
56.9969292, -1.0, 17.7021312714
55.9218521, -1.0, 17.7199745178
54.8467751, -1.0, 17.7373638153
53.771698, -1.0, 17.7544498444
52.6966209, -1.0, 17.7713928223
51.6215439, -1.0, 17.7883491516
50.5464668, -1.0, 17.8054904938
49.4713898, -1.0, 17.8230018616
48.3963127, -1.0, 17.8410892487
47.3212357, -1.0, 17.8599967957
46.2461586, -1.0, 17.8800144196
45.1710815, -1.0, 17.9015102386
44.0960045, -1.0, 17.9249763489
43.0209312, -1.0, 17.9510936737
41.9458542, -1.0, 17.9809036255
40.8707771, -1.0, 18.0161151886
39.7957001, -1.0, 18.0598392487
38.720623, -1.0, 18.1186180115
37.645546, -1.0, 18.1975460052
36.5704689, -1.0, 18.2995586395
35.4953918, -1.0, 18.4236431122
34.4203148, -1.0, 18.5633430481
33.3452377, -1.0, 18.705083847
32.2701607, -1.0, 18.8358802795
31.1950836, -1.0, 18.9533367157
30.1200085, -1.0, 19.0631141663
29.0449314, -1.0, 19.1719512939
27.9698544, -1.0, 19.2842082977
26.8947773, -1.0, 19.402633667
25.8197002, -1.0, 19.5292568207
24.7446232, -1.0, 19.6660575867
23.6695461, -1.0, 19.8153018951
22.594471, -1.0, 19.9796447754
21.5193939, -1.0, 20.1622657776
20.4443169, -1.0, 20.3671264648
19.3692398, -1.0, 20.5992527008
18.2941628, -1.0, 20.8649749756
17.2190857, -1.0, 21.1721572876
16.1440086, -1.0, 21.5303077698
15.0689325, -1.0, 21.9504203796
13.9938555, -1.0, 22.4442806244
12.9187784, -1.0, 23.0222625732
11.8437023, -1.0, 23.6864490509
10.7686253, -1.0, 24.4094715118
9.6935482, -1.0, 25.1253471375
8.61847115, -1.0, 25.7388038635
7.54339457, -1.0, 26.1444282532
6.46831799, -1.0, 26.2324199677
5.39324141, -1.0, 25.8918857574
4.31816435, -1.0, 25.0174770355
3.24308753, -1.0, 23.5000705719
2.16801071, -1.0, 21.1875762939
1.09293389, -1.0, 17.7148361206
0.0178571437, -1.0, 14.4000768661
-1.03571427, -1.0, 12.1679620743
-2.08928561, -1.0, 11.4399051666
-3.14285707, -1.0, 11.0553665161
-4.19642878, -1.0, 10.8196983337
-5.25, -1.0, 10.6596393585
-6.30357122, -1.0, 10.5432472229
-7.35714293, -1.0, 10.4542140961
-8.41071415, -1.0, 10.3833713531
-9.46428585, -1.0, 10.3251647949
-10.5178576, -1.0, 10.2760334015
-11.5714283, -1.0, 10.233581543
-12.625, -1.0, 10.1961345673
-13.6785717, -1.0, 10.1624765396
-14.7321424, -1.0, 10.13169384
-15.7857141, -1.0, 10.1030769348
-16.8392849, -1.0, 10.0760555267
-17.8928566, -1.0, 10.0501489639
-18.9464283, -1.0, 10.0249357224
98.9251175, -2.0, 20.5562038422
97.8502274, -2.0, 21.1055278778
96.7753448, -2.0, 21.6414470673
95.7004623, -2.0, 22.1581707001
94.6255798, -2.0, 22.650932312
93.5506897, -2.0, 23.1161441803
92.4758072, -2.0, 23.5513820648
91.4009247, -2.0, 23.955286026
90.3260345, -2.0, 24.3273868561
89.251152, -2.0, 24.6679496765
88.1762695, -2.0, 24.9778652191
87.1013794, -2.0, 25.2585048676
86.0264969, -2.0, 25.5115909576
84.9516144, -2.0, 25.7390804291
83.8767319, -2.0, 25.9430522919
82.8018417, -2.0, 26.1256256104
81.7269592, -2.0, 26.2888736725
80.6520767, -2.0, 26.4347934723
79.5771866, -2.0, 26.5652503967
78.5023041, -2.0, 26.681968689
77.4274216, -2.0, 26.7865180969
76.3525314, -2.0, 26.880317688
75.2776489, -2.0, 26.9646320343
74.2027664, -2.0, 27.0405883789
73.1278839, -2.0, 27.1091861725
72.0529938, -2.0, 27.1713027954
70.9781113, -2.0, 27.2277126312
69.9032288, -2.0, 27.2790927887
68.8283386, -2.0, 27.3260402679
67.7534561, -2.0, 27.3690795898
66.6785736, -2.0, 27.4086761475
65.6036835, -2.0, 27.4452400208
64.528801, -2.0, 27.4791316986
63.4539185, -2.0, 27.5106811523
62.3790321, -2.0, 27.540178299
61.3041458, -2.0, 27.5678901672
60.2292633, -2.0, 27.5940551758
59.154377, -2.0, 27.6188964844
58.0794945, -2.0, 27.6426239014
57.0046082, -2.0, 27.6654319763
55.9297218, -2.0, 27.6875076294
54.8548393, -2.0, 27.7090377808
53.779953, -2.0, 27.7301998138
52.7050705, -2.0, 27.7511825562
51.6301842, -2.0, 27.7721767426
50.5552979, -2.0, 27.793384552
49.4804153, -2.0, 27.8150310516
48.405529, -2.0, 27.8373680115
47.3306465, -2.0, 27.8606910706
46.2557602, -2.0, 27.8853569031
45.1808739, -2.0, 27.911813736
44.1059914, -2.0, 27.9406528473
43.031105, -2.0, 27.9726810455
41.9562225, -2.0, 28.0090656281
40.8813362, -2.0, 28.0515556335
39.8064499, -2.0, 28.1028575897
38.7315674, -2.0, 28.166261673
37.6566811, -2.0, 28.2447052002
36.5817986, -2.0, 28.3394107819
35.5069122, -2.0, 28.4489917755
34.4320259, -2.0, 28.5688285828
33.3571434, -2.0, 28.6920795441
32.2822571, -2.0, 28.8126964569
31.2073727, -2.0, 28.9282855988
30.1324883, -2.0, 29.0403327942
29.0576038, -2.0, 29.1520576477
27.9827194, -2.0, 29.2665729523
26.907835, -2.0, 29.3863372803
25.8329487, -2.0, 29.5133800507
24.7580643, -2.0, 29.6496448517
23.6831799, -2.0, 29.7972164154
22.6082954, -2.0, 29.9584770203
21.533411, -2.0, 30.136220932
20.4585247, -2.0, 30.3337860107
19.3836403, -2.0, 30.5551834106
18.3087559, -2.0, 30.8051738739
17.2338715, -2.0, 31.0892448425
16.158987, -2.0, 31.4133663177
15.0841017, -2.0, 31.7833766937
14.0092163, -2.0, 32.2035560608
12.9343319, -2.0, 32.6736106873
11.8594475, -2.0, 33.1824989319
10.7845621, -2.0, 33.7011642456
9.7096777, -2.0, 34.1788902283
8.63479233, -2.0, 34.5469284058
7.55990791, -2.0, 34.7259254456
6.48502302, -2.0, 34.6330070496
5.41013813, -2.0, 34.1872329712
4.33525324, -2.0, 33.3136672974
3.26036859, -2.0, 31.9459781647
2.18548393, -2.0, 30.0313014984
1.11059904, -2.0, 27.7414112091
0.0357142873, -2.0, 25.480047226
-1.01879704, -2.0, 23.7639350891
-2.07330823, -2.0, 22.6550540924
-3.12781954, -2.0, 22.007610321
-4.18233061, -2.0, 21.5839538574
-5.23684216, -2.0, 21.2864589691
-6.29135323, -2.0, 21.0656223297
-7.34586477, -2.0, 20.8944225311
-8.40037632, -2.0, 20.7569446564
-9.45488739, -2.0, 20.6432495117
-10.5093985, -2.0, 20.5468196869
-11.5639095, -2.0, 20.4632034302
-12.6184206, -2.0, 20.3892421722
-13.6729326, -2.0, 20.3226261139
-14.7274437, -2.0, 20.2616043091
-15.7819548, -2.0, 20.2048072815
-16.8364658, -2.0, 20.1511306763
-17.8909779, -2.0, 20.0996417999
-18.945488, -2.0, 20.0495185852
98.9253082, -3.0, 30.5199241638
97.8506165, -3.0, 31.0341529846
96.7759247, -3.0, 31.5372714996
95.7012253, -3.0, 32.0244102478
94.6265335, -3.0, 32.4914512634
93.5518417, -3.0, 32.9351615906
92.47715, -3.0, 33.3532066345
91.4024582, -3.0, 33.7441177368
90.3277664, -3.0, 34.1071853638
89.2530746, -3.0, 34.4423522949
88.1783829, -3.0, 34.7501220703
87.1036835, -3.0, 35.0314369202
86.0289917, -3.0, 35.2875785828
84.9542999, -3.0, 35.5200691223
83.8796082, -3.0, 35.7305755615
82.8049164, -3.0, 35.9208374023
81.7302246, -3.0, 36.0926055908
80.6555328, -3.0, 36.2475891113
79.5808334, -3.0, 36.387424469
78.5061417, -3.0, 36.5136375427
77.4314499, -3.0, 36.6276512146
76.3567581, -3.0, 36.7307662964
75.2820663, -3.0, 36.8241615295
74.2073746, -3.0, 36.908908844
73.1326828, -3.0, 36.9859619141
72.057991, -3.0, 37.0561714172
70.9832916, -3.0, 37.120300293
69.9085999, -3.0, 37.1790275574
68.8339081, -3.0, 37.2329521179
67.7592163, -3.0, 37.2826156616
66.6845245, -3.0, 37.3284950256
65.6098328, -3.0, 37.3710174561
64.535141, -3.0, 37.410572052
63.4604454, -3.0, 37.4475059509
62.3857536, -3.0, 37.4821281433
61.311058, -3.0, 37.5147323608
60.2363663, -3.0, 37.5455780029
59.1616745, -3.0, 37.5749168396
58.0869827, -3.0, 37.6029777527
57.0122871, -3.0, 37.6299819946
55.9375954, -3.0, 37.6561393738
54.8629036, -3.0, 37.6816596985
53.7882118, -3.0, 37.7067451477
52.7135162, -3.0, 37.7316093445
51.6388245, -3.0, 37.7564697266
50.5641327, -3.0, 37.7815589905
49.4894409, -3.0, 37.8071327209
48.4147453, -3.0, 37.8334770203
47.3400536, -3.0, 37.8609275818
46.2653618, -3.0, 37.8898773193
45.19067, -3.0, 37.9208221436
44.1159744, -3.0, 37.9543914795
43.0412827, -3.0, 37.9914093018
41.9665909, -3.0, 38.032989502
40.8918953, -3.0, 38.0806312561
39.8172035, -3.0, 38.1362037659
38.7425117, -3.0, 38.2016944885
37.66782, -3.0, 38.2786483765
36.5931244, -3.0, 38.3674926758
35.5184326, -3.0, 38.4670333862
34.4437408, -3.0, 38.5744400024
33.3690491, -3.0, 38.6859588623
32.2943535, -3.0, 38.7982788086
31.2196617, -3.0, 38.9097328186
30.1449699, -3.0, 39.0205421448
29.0702763, -3.0, 39.1322174072
27.9955845, -3.0, 39.2467002869
26.9208908, -3.0, 39.3658714294
25.846199, -3.0, 39.4914932251
24.7715054, -3.0, 39.6252784729
23.6968117, -3.0, 39.7690391541
22.6221199, -3.0, 39.9247817993
21.5474262, -3.0, 40.094783783
20.4727345, -3.0, 40.281627655
19.3980408, -3.0, 40.4882507324
18.323349, -3.0, 40.7178535461
17.2486553, -3.0, 40.9737167358
16.1739635, -3.0, 41.2587852478
15.0992708, -3.0, 41.5748023987
14.0245771, -3.0, 41.9208183289
12.9498844, -3.0, 42.2906455994
11.8751917, -3.0, 42.6693496704
10.800499, -3.0, 43.0299797058
9.72580624, -3.0, 43.3323440552
8.65111351, -3.0, 43.5249061584
7.57642078, -3.0, 43.5491447449
6.50172806, -3.0, 43.3449440002
5.42703533, -3.0, 42.8561897278
4.35234261, -3.0, 42.0371704102
3.27764988, -3.0, 40.8629493713
2.20295691, -3.0, 39.3659744263
1.12826419, -3.0, 37.6745529175
0.0535714291, -3.0, 36.0107307434
-1.00187969, -3.0, 34.6115150452
-2.05733085, -3.0, 33.5470352173
-3.112782, -3.0, 32.7880897522
-4.16823292, -3.0, 32.2494735718
-5.22368431, -3.0, 31.852098465
-6.27913523, -3.0, 31.5478954315
-7.33458662, -3.0, 31.3071479797
-8.39003754, -3.0, 31.1110095978
-9.44548893, -3.0, 30.947095871
-10.5009403, -3.0, 30.8069896698
-11.5563908, -3.0, 30.6847820282
-12.6118422, -3.0, 30.5762004852
-13.6672935, -3.0, 30.4780597687
-14.722744, -3.0, 30.3879203796
-15.7781954, -3.0, 30.3038539886
-16.8336468, -3.0, 30.2242889404
-17.8890972, -3.0, 30.1478919983
-18.9445496, -3.0, 30.0734882355
98.925499, -4.0, 40.4887161255
97.8509979, -4.0, 40.9726715088
96.7764969, -4.0, 41.4473152161
95.7019958, -4.0, 41.9085044861
94.6274948, -4.0, 42.3526725769
93.5529938, -4.0, 42.7769203186
92.4784927, -4.0, 43.179058075
91.4039917, -4.0, 43.5575866699
90.3294907, -4.0, 43.9116592407
89.2549896, -4.0, 44.2409896851
88.1804886, -4.0, 44.5457839966
87.1059875, -4.0, 44.8266487122
86.0314865, -4.0, 45.0845184326
84.9569855, -4.0, 45.3205490112
83.8824921, -4.0, 45.5360717773
82.807991, -4.0, 45.732509613
81.73349, -4.0, 45.911315918
80.658989, -4.0, 46.0739517212
79.5844879, -4.0, 46.2218360901
78.5099869, -4.0, 46.3563194275
77.4354858, -4.0, 46.478679657
76.3609848, -4.0, 46.59009552
75.2864838, -4.0, 46.6916656494
74.2119827, -4.0, 46.7843818665
73.1374817, -4.0, 46.8691558838
72.0629807, -4.0, 46.946811676
70.9884796, -4.0, 47.0180854797
69.9139786, -4.0, 47.0836448669
68.8394775, -4.0, 47.1440963745
67.7649765, -4.0, 47.1999740601
66.6904755, -4.0, 47.2517738342
65.6159744, -4.0, 47.2999343872
64.5414734, -4.0, 47.3448562622
63.4669724, -4.0, 47.3869056702
62.3924713, -4.0, 47.4264144897
61.3179741, -4.0, 47.4636878967
60.2434731, -4.0, 47.4990119934
59.168972, -4.0, 47.5326538086
58.094471, -4.0, 47.564868927
57.0199699, -4.0, 47.5958900452
55.9454689, -4.0, 47.625957489
54.8709679, -4.0, 47.655292511
53.7964668, -4.0, 47.6841278076
52.7219658, -4.0, 47.7126922607
51.6474648, -4.0, 47.741230011
50.5729637, -4.0, 47.7699928284
49.4984627, -4.0, 47.7992591858
48.4239616, -4.0, 47.8293418884
47.3494606, -4.0, 47.8605918884
46.2749634, -4.0, 47.8934326172
45.2004623, -4.0, 47.9283599854
44.1259613, -4.0, 47.9659996033
43.0514603, -4.0, 48.0071182251
41.9769592, -4.0, 48.0526885986
40.9024582, -4.0, 48.1038703918
39.8279572, -4.0, 48.1619682312
38.7534561, -4.0, 48.2282066345
37.6789551, -4.0, 48.3034210205
36.604454, -4.0, 48.3876991272
35.529953, -4.0, 48.4801864624
34.455452, -4.0, 48.5791435242
33.3809509, -4.0, 48.6823921204
32.3064499, -4.0, 48.7879867554
31.2319508, -4.0, 48.8947906494
30.1574497, -4.0, 49.0026817322
29.0829487, -4.0, 49.1123580933
28.0084476, -4.0, 49.22498703
26.9339485, -4.0, 49.3419075012
25.8594475, -4.0, 49.4644851685
24.7849464, -4.0, 49.5941123962
23.7104454, -4.0, 49.732257843
22.6359444, -4.0, 49.8804855347
21.5614433, -4.0, 50.0404968262
20.4869423, -4.0, 50.2141151428
19.4124432, -4.0, 50.4032211304
18.3379421, -4.0, 50.6096229553
17.2634411, -4.0, 50.8347549438
16.18894, -4.0, 51.0791854858
15.114439, -4.0, 51.3418083191
14.0399389, -4.0, 51.6185569763
12.9654379, -4.0, 51.900680542
11.8909369, -4.0, 52.1727905273
10.8164358, -4.0, 52.4113540649
9.74193573, -4.0, 52.5844612122
8.66743469, -4.0, 52.6532821655
7.59293413, -4.0, 52.5752029419
6.51843309, -4.0, 52.3080787659
5.44393253, -4.0, 51.8155441284
4.3694315, -4.0, 51.0739631653
3.29493093, -4.0, 50.0841369629
2.22043014, -4.0, 48.8868980408
1.14592934, -4.0, 47.5729866028
0.0714285746, -4.0, 46.2681808472
-0.984962404, -4.0, 45.1110420227
-2.04135346, -4.0, 44.1472892761
-3.09774446, -4.0, 43.3866195679
-4.15413523, -4.0, 42.7984008789
-5.21052647, -4.0, 42.3406867981
-6.26691723, -4.0, 41.9774284363
-7.32330847, -4.0, 41.6826248169
-8.37969971, -4.0, 41.4380569458
-9.43609047, -4.0, 41.2309074402
-10.4924812, -4.0, 41.0520439148
-11.548872, -4.0, 40.8948135376
-12.6052628, -4.0, 40.7542724609
-13.6616545, -4.0, 40.6266555786
-14.7180452, -4.0, 40.5090179443
-15.774436, -4.0, 40.3990058899
-16.8308277, -4.0, 40.294670105
-17.8872185, -4.0, 40.194355011
-18.9436092, -4.0, 40.0965805054
98.9256897, -5.0, 50.4617538452
97.8513794, -5.0, 50.9194869995
96.7770767, -5.0, 51.3693275452
95.7027664, -5.0, 51.8077316284
94.6284561, -5.0, 52.2315864563
93.5541458, -5.0, 52.6382980347
92.4798355, -5.0, 53.0258369446
91.4055328, -5.0, 53.3927268982
90.3312225, -5.0, 53.7380523682
89.2569122, -5.0, 54.0613632202
88.1826019, -5.0, 54.3626480103
87.1082916, -5.0, 54.6422538757
86.033989, -5.0, 54.9008331299
84.9596786, -5.0, 55.1392555237
83.8853683, -5.0, 55.3585586548
82.811058, -5.0, 55.5598983765
81.7367477, -5.0, 55.7444839478
80.6624451, -5.0, 55.9135437012
79.5881348, -5.0, 56.0683097839
78.5138245, -5.0, 56.2099685669
77.4395142, -5.0, 56.3396530151
76.3652039, -5.0, 56.4584350586
75.2909012, -5.0, 56.5673179626
74.2165909, -5.0, 56.6672286987
73.1422806, -5.0, 56.7590255737
72.0679703, -5.0, 56.8434867859
70.99366, -5.0, 56.9213371277
69.9193573, -5.0, 56.9932174683
68.845047, -5.0, 57.0597343445
67.7707367, -5.0, 57.1214179993
66.6964264, -5.0, 57.1787643433
65.6221161, -5.0, 57.2322235107
64.5478134, -5.0, 57.2822036743
63.4735031, -5.0, 57.3290901184
62.3991928, -5.0, 57.3732223511
61.3248863, -5.0, 57.4149284363
60.250576, -5.0, 57.4545059204
59.1762657, -5.0, 57.4922447205
58.1019592, -5.0, 57.5284080505
57.0276489, -5.0, 57.5632553101
55.9533424, -5.0, 57.597038269
54.8790321, -5.0, 57.6300048828
53.8047218, -5.0, 57.6623954773
52.7304153, -5.0, 57.6944656372
51.656105, -5.0, 57.7264671326
50.5817986, -5.0, 57.7586784363
49.5074883, -5.0, 57.7913856506
48.4331779, -5.0, 57.8249206543
47.3588715, -5.0, 57.8596382141
46.2845612, -5.0, 57.8959617615
45.2102547, -5.0, 57.9343757629
44.1359444, -5.0, 57.9754676819
43.0616341, -5.0, 58.0199127197
41.9873276, -5.0, 58.0685119629
40.9130173, -5.0, 58.1221580505
39.8387108, -5.0, 58.1817550659
38.7644005, -5.0, 58.2480812073
37.690094, -5.0, 58.3216094971
36.6157837, -5.0, 58.4023208618
35.5414734, -5.0, 58.4896202087
34.4671669, -5.0, 58.5824279785
33.3928566, -5.0, 58.6794204712
32.3185501, -5.0, 58.7793960571
31.2442398, -5.0, 58.8815727234
30.1699314, -5.0, 58.9857444763
29.095623, -5.0, 59.0922241211
28.0213127, -5.0, 59.2016983032
26.9470043, -5.0, 59.3150520325
25.8726959, -5.0, 59.4332695007
24.7983875, -5.0, 59.5573921204
23.7240791, -5.0, 59.688495636
22.6497688, -5.0, 59.8276977539
21.5754604, -5.0, 59.9761276245
20.501152, -5.0, 60.1348838806
19.4268436, -5.0, 60.3049278259
18.3525352, -5.0, 60.4868888855
17.2782249, -5.0, 60.6807670593
16.2039165, -5.0, 60.8854560852
15.1296082, -5.0, 61.0980606079
14.0552998, -5.0, 61.3129425049
12.9809904, -5.0, 61.5206451416
11.906682, -5.0, 61.7068214417
10.8323736, -5.0, 61.8516197205
9.75806427, -5.0, 61.9299087524
8.68375587, -5.0, 61.9125938416
7.609447, -5.0, 61.7690696716
6.53513813, -5.0, 61.4706993103
5.46082926, -5.0, 60.9953117371
4.38652086, -5.0, 60.3330307007
3.31221199, -5.0, 59.4934463501
2.23790312, -5.0, 58.5120811462
1.16359448, -5.0, 57.4508514404
0.0892857164, -5.0, 56.3876571655
-0.968045115, -5.0, 55.411151886
-2.02537584, -5.0, 54.5524330139
-3.08270669, -5.0, 53.8293266296
-4.14003754, -5.0, 53.2347564697
-5.19736862, -5.0, 52.7487182617
-6.25469923, -5.0, 52.3487815857
-7.31202984, -5.0, 52.015422821
-8.36936092, -5.0, 51.7332687378
-9.42669201, -5.0, 51.4906196594
-10.4840221, -5.0, 51.278629303
-11.5413532, -5.0, 51.0905685425
-12.5986843, -5.0, 50.9212646484
-13.6560154, -5.0, 50.766658783
-14.7133455, -5.0, 50.6235275269
-15.7706766, -5.0, 50.4892234802
-16.8280067, -5.0, 50.3615341187
-17.8853378, -5.0, 50.2385520935
-18.9426689, -5.0, 50.1185646057
98.9258804, -6.0, 60.4383773804
97.8517685, -6.0, 60.8733215332
96.7776489, -6.0, 61.301525116
95.7035294, -6.0, 61.719909668
94.6294174, -6.0, 62.125743866
93.5552979, -6.0, 62.5167121887
92.4811859, -6.0, 62.8909378052
91.4070663, -6.0, 63.2470169067
90.3329468, -6.0, 63.583984375
89.2588348, -6.0, 63.9012832642
88.1847153, -6.0, 64.1987533569
87.1105957, -6.0, 64.4765472412
86.0364838, -6.0, 64.7350692749
84.9623642, -6.0, 64.9749755859
83.8882523, -6.0, 65.1970596313
82.8141327, -6.0, 65.4022521973
81.7400131, -6.0, 65.591545105
80.6659012, -6.0, 65.7659759521
79.5917816, -6.0, 65.9266052246
78.517662, -6.0, 66.0744552612
77.4435501, -6.0, 66.2105407715
76.3694305, -6.0, 66.3358230591
75.2953186, -6.0, 66.4512252808
74.221199, -6.0, 66.5575942993
73.1470795, -6.0, 66.65574646
72.0729675, -6.0, 66.7464065552
70.998848, -6.0, 66.8302764893
69.9247284, -6.0, 66.9079742432
68.8506165, -6.0, 66.9800949097
67.7764969, -6.0, 67.047164917
66.7023773, -6.0, 67.1096725464
65.6282654, -6.0, 67.1680831909
64.5541458, -6.0, 67.2228088379
63.4800301, -6.0, 67.2742385864
62.4059143, -6.0, 67.3227233887
61.3317986, -6.0, 67.3686065674
60.257679, -6.0, 67.4122009277
59.1835632, -6.0, 67.4538116455
58.1094475, -6.0, 67.4937057495
57.0353317, -6.0, 67.5321731567
55.9612122, -6.0, 67.5694732666
54.8870964, -6.0, 67.6058654785
53.8129807, -6.0, 67.6416091919
52.7388649, -6.0, 67.6769714355
51.6647453, -6.0, 67.7122192383
50.5906296, -6.0, 67.7476348877
49.5165138, -6.0, 67.7835235596
48.4423981, -6.0, 67.8202133179
47.3682785, -6.0, 67.8580627441
46.2941628, -6.0, 67.8974761963
45.220047, -6.0, 67.9389190674
44.1459312, -6.0, 67.9829101562
43.0718117, -6.0, 68.0300369263
41.9976959, -6.0, 68.0809555054
40.9235802, -6.0, 68.1363296509
39.8494606, -6.0, 68.1968078613
38.7753448, -6.0, 68.2629089355
37.7012291, -6.0, 68.3349075317
36.6271133, -6.0, 68.4127578735
35.5529938, -6.0, 68.4960632324
34.478878, -6.0, 68.5841293335
33.4047623, -6.0, 68.6761169434
32.3306465, -6.0, 68.7712478638
31.2565289, -6.0, 68.8689727783
30.1824112, -6.0, 68.9690628052
29.1082954, -6.0, 69.0716400146
28.0341778, -6.0, 69.1770706177
26.960062, -6.0, 69.2859039307
25.8859444, -6.0, 69.3987808228
24.8118286, -6.0, 69.5163879395
23.737711, -6.0, 69.6394348145
22.6635952, -6.0, 69.7685928345
21.5894775, -6.0, 69.9044647217
20.5153618, -6.0, 70.0475234985
19.4412441, -6.0, 70.1979446411
18.3671284, -6.0, 70.3554534912
17.2930107, -6.0, 70.5190048218
16.218895, -6.0, 70.686416626
15.1447773, -6.0, 70.8538131714
14.0706606, -6.0, 71.0149841309
12.9965439, -6.0, 71.1607589722
11.9224272, -6.0, 71.278427124
10.8483105, -6.0, 71.3516387939
9.77419376, -6.0, 71.3608016968
8.70007706, -6.0, 71.2842941284
7.62595987, -6.0, 71.100440979
6.55184317, -6.0, 70.7902679443
5.47772646, -6.0, 70.3409576416
4.40360975, -6.0, 69.7498779297
3.32949305, -6.0, 69.0285263062
2.25537634, -6.0, 68.2048873901
1.18125963, -6.0, 67.3218612671
0.107142858, -6.0, 66.4305114746
-0.951127827, -6.0, 65.591545105
-2.00939846, -6.0, 64.8264389038
-3.06766915, -6.0, 64.1531677246
-4.12593985, -6.0, 63.5741577148
-5.1842103, -6.0, 63.0814628601
-6.24248123, -6.0, 62.66248703
-7.30075169, -6.0, 62.3040771484
-8.35902214, -6.0, 61.9944915771
-9.41729355, -6.0, 61.7239646912
-10.475564, -6.0, 61.4846229553
-11.5338345, -6.0, 61.2701721191
-12.5921049, -6.0, 61.0755691528
-13.6503763, -6.0, 60.8967514038
-14.7086468, -6.0, 60.7303848267
-15.7669172, -6.0, 60.5736846924
-16.8251877, -6.0, 60.4242782593
-17.8834591, -6.0, 60.280090332
-18.9417286, -6.0, 60.1392478943
98.9260788, -7.0, 70.4180603027
97.85215, -7.0, 70.8331756592
96.7782288, -7.0, 71.2424621582
95.7042999, -7.0, 71.6432571411
94.6303787, -7.0, 72.0331344604
93.5564499, -7.0, 72.4100189209
92.4825287, -7.0, 72.7721862793
91.4085999, -7.0, 73.1183013916
90.3346786, -7.0, 73.4473876953
89.2607498, -7.0, 73.7588424683
88.1868286, -7.0, 74.0523757935
87.1128998, -7.0, 74.3279800415
86.0389786, -7.0, 74.585899353
84.9650574, -7.0, 74.8265914917
83.8911285, -7.0, 75.0506668091
82.8172073, -7.0, 75.2588424683
81.7432785, -7.0, 75.4519424438
80.6693573, -7.0, 75.6308364868
79.5954285, -7.0, 75.7964248657
78.5215073, -7.0, 75.9496002197
77.4475784, -7.0, 76.091255188
76.3736572, -7.0, 76.2222595215
75.2997284, -7.0, 76.3434448242
74.2258072, -7.0, 76.4555892944
73.1518784, -7.0, 76.5594558716
72.0779572, -7.0, 76.6557312012
71.0040359, -7.0, 76.7450790405
69.9301071, -7.0, 76.8281021118
68.8561859, -7.0, 76.9053649902
67.7822571, -7.0, 76.9774017334
66.7083359, -7.0, 77.0447006226
65.634407, -7.0, 77.107711792
64.5604858, -7.0, 77.166847229
63.4865608, -7.0, 77.2225112915
62.4126358, -7.0, 77.2750701904
61.3387108, -7.0, 77.3248672485
60.2647858, -7.0, 77.3722305298
59.1908607, -7.0, 77.4174728394
58.1169357, -7.0, 77.4608764648
57.0430107, -7.0, 77.5027389526
55.9690857, -7.0, 77.5433349609
54.8951607, -7.0, 77.5829391479
53.8212357, -7.0, 77.6218185425
52.7473106, -7.0, 77.6602554321
51.6733856, -7.0, 77.6985092163
50.5994606, -7.0, 77.7368927002
49.5255394, -7.0, 77.7756958008
48.4516144, -7.0, 77.8152542114
47.3776894, -7.0, 77.8559112549
46.3037643, -7.0, 77.8980484009
45.2298393, -7.0, 77.9421005249
44.1559143, -7.0, 77.9885253906
43.0819893, -7.0, 78.0378265381
42.0080643, -7.0, 78.0905227661
40.9341393, -7.0, 78.1471252441
39.8602142, -7.0, 78.208114624
38.7862892, -7.0, 78.2738342285
37.7123642, -7.0, 78.3444671631
36.6384392, -7.0, 78.4199676514
35.564518, -7.0, 78.5000610352
34.490593, -7.0, 78.5842819214
33.4166679, -7.0, 78.6720809937
32.3427429, -7.0, 78.7629241943
31.2688179, -7.0, 78.8563995361
30.1948929, -7.0, 78.9522857666
29.1209679, -7.0, 79.0505752563
28.0470428, -7.0, 79.1514129639
26.9731178, -7.0, 79.2550888062
25.8991928, -7.0, 79.3619613647
24.8252697, -7.0, 79.4723892212
23.7513447, -7.0, 79.5867385864
22.6774197, -7.0, 79.705291748
21.6034946, -7.0, 79.8281860352
20.5295696, -7.0, 79.9553604126
19.4556446, -7.0, 80.0863876343
18.3817196, -7.0, 80.2203216553
17.3077965, -7.0, 80.3554229736
16.2338715, -7.0, 80.4888916016
15.1599464, -7.0, 80.6164321899
14.0860214, -7.0, 80.7318649292
13.0120964, -7.0, 80.8267822266
11.9381723, -7.0, 80.8903045654
10.8642473, -7.0, 80.9091567993
9.7903223, -7.0, 80.8682327271
8.71639824, -7.0, 80.7515792847
7.64247322, -7.0, 80.5440216064
6.5685482, -7.0, 80.2332229614
5.49462366, -7.0, 79.8121871948
4.42069912, -7.0, 79.2817840576
3.3467741, -7.0, 78.6528396606
2.27284956, -7.0, 77.9468154907
1.19892478, -7.0, 77.1940917969
0.125, -7.0, 76.4296798706
-0.934210539, -7.0, 75.6971130371
-1.99342108, -7.0, 75.0115737915
-3.05263162, -7.0, 74.3889160156
-4.11184216, -7.0, 73.835144043
-5.17105246, -7.0, 73.3485794067
-6.23026323, -7.0, 72.9229736328
-7.28947353, -7.0, 72.5501480103
-8.34868431, -7.0, 72.221786499
-9.40789509, -7.0, 71.9302825928
-10.4671049, -7.0, 71.6690673828
-11.5263157, -7.0, 71.4325866699
-12.5855265, -7.0, 71.2162017822
-13.6447372, -7.0, 71.0160446167
-14.7039471, -7.0, 70.8288345337
-15.7631578, -7.0, 70.6517868042
-16.8223686, -7.0, 70.4824523926
-17.8815784, -7.0, 70.3186798096
-18.9407902, -7.0, 70.1584777832
98.9262695, -8.0, 80.4003982544
97.8525314, -8.0, 80.7982330322
96.778801, -8.0, 81.1909942627
95.7050705, -8.0, 81.5763320923
94.63134, -8.0, 81.9521026611
93.5576019, -8.0, 82.3164291382
92.4838715, -8.0, 82.6677322388
91.410141, -8.0, 83.0047454834
90.3364029, -8.0, 83.3265075684
89.2626724, -8.0, 83.6323699951
88.188942, -8.0, 83.9219665527
87.1152039, -8.0, 84.1951828003
86.0414734, -8.0, 84.4521102905
84.9677429, -8.0, 84.693069458
83.8940125, -8.0, 84.9184875488
82.8202744, -8.0, 85.1289520264
81.7465439, -8.0, 85.3251113892
80.6728134, -8.0, 85.5076980591
79.5990753, -8.0, 85.6774673462
78.5253448, -8.0, 85.8351974487
77.4516144, -8.0, 85.9816818237
76.3778839, -8.0, 86.11769104
75.3041458, -8.0, 86.2439804077
74.2304153, -8.0, 86.3612670898
73.1566849, -8.0, 86.4702453613
72.0829468, -8.0, 86.5715789795
71.0092163, -8.0, 86.6658782959
69.9354858, -8.0, 86.7537460327
68.8617477, -8.0, 86.8357162476
67.7880173, -8.0, 86.9123077393
66.7142868, -8.0, 86.9840011597
65.6405563, -8.0, 87.0512466431
64.5668182, -8.0, 87.1144714355
63.4930878, -8.0, 87.1740646362
62.4193535, -8.0, 87.2304077148
61.345623, -8.0, 87.2838439941
60.2718887, -8.0, 87.3347167969
59.1981583, -8.0, 87.3833389282
58.124424, -8.0, 87.430015564
57.0506897, -8.0, 87.4750442505
55.9769592, -8.0, 87.5187149048
54.9032249, -8.0, 87.5613098145
53.8294945, -8.0, 87.6030960083
52.7557602, -8.0, 87.6443710327
51.6820259, -8.0, 87.6854095459
50.6082954, -8.0, 87.7265090942
49.5345612, -8.0, 87.7679672241
48.4608307, -8.0, 87.8101043701
47.3870964, -8.0, 87.8532562256
46.3133659, -8.0, 87.8977890015
45.2396317, -8.0, 87.9440917969
44.1658974, -8.0, 87.9925537109
43.0921669, -8.0, 88.0436096191
42.0184326, -8.0, 88.0976867676
40.9447021, -8.0, 88.1551818848
39.8709679, -8.0, 88.2164382935
38.7972336, -8.0, 88.2817153931
37.7235031, -8.0, 88.3511276245
36.6497688, -8.0, 88.4246368408
35.5760384, -8.0, 88.5020446777
34.5023041, -8.0, 88.5830307007
33.4285698, -8.0, 88.6672134399
32.3548393, -8.0, 88.7541885376
31.281105, -8.0, 88.8436279297
30.2073727, -8.0, 88.9353179932
29.1336403, -8.0, 89.0291366577
28.0599079, -8.0, 89.1250915527
26.9861755, -8.0, 89.2232513428
25.9124432, -8.0, 89.3237304688
24.8387089, -8.0, 89.4266357422
23.7649765, -8.0, 89.5320053101
22.6912441, -8.0, 89.6397857666
21.6175117, -8.0, 89.7497406006
20.5437794, -8.0, 89.8613739014
19.470047, -8.0, 89.973815918
18.3963127, -8.0, 90.0856552124
17.3225803, -8.0, 90.1947402954
16.248848, -8.0, 90.2979660034
15.1751156, -8.0, 90.3909912109
14.1013823, -8.0, 90.4680175781
13.0276499, -8.0, 90.5215911865
11.9539175, -8.0, 90.5425643921
10.8801842, -8.0, 90.5203323364
9.8064518, -8.0, 90.4433059692
8.73271847, -8.0, 90.2997970581
7.65898609, -8.0, 90.0792617798
6.58525324, -8.0, 89.7738342285
5.51152086, -8.0, 89.379989624
4.43778801, -8.0, 88.9001464844
3.3640554, -8.0, 88.3436889648
2.29032254, -8.0, 87.7270278931
1.21658981, -8.0, 87.0721817017
0.142857149, -8.0, 86.4040527344
-0.917293251, -8.0, 85.7549362183
-1.97744358, -8.0, 85.1357727051
-3.03759408, -8.0, 84.5599594116
-4.09774446, -8.0, 84.0344924927
-5.15789461, -8.0, 83.560836792
-6.21804523, -8.0, 83.1365737915
-7.27819538, -8.0, 82.7570800781
-8.33834553, -8.0, 82.4168243408
-9.39849663, -8.0, 82.1101913452
-10.4586468, -8.0, 81.8319854736
-11.5187969, -8.0, 81.5775299072
-12.5789471, -8.0, 81.3427429199
-13.6390982, -8.0, 81.1240768433
-14.6992483, -8.0, 80.9184494019
-15.7593985, -8.0, 80.7231521606
-16.8195496, -8.0, 80.5357589722
-17.8796997, -8.0, 80.3541030884
-18.9398499, -8.0, 80.1761550903
98.9264603, -9.0, 90.3850402832
97.8529205, -9.0, 90.767829895
96.7793808, -9.0, 91.1461639404
95.7058334, -9.0, 91.5179519653
94.6322937, -9.0, 91.8812866211
93.558754, -9.0, 92.2344665527
92.4852142, -9.0, 92.5760345459
91.4116745, -9.0, 92.9047927856
90.3381348, -9.0, 93.2198104858
89.264595, -9.0, 93.5204238892
88.1910553, -9.0, 93.8061904907
87.1175079, -9.0, 94.0769271851
86.0439682, -9.0, 94.3326187134
84.9704285, -9.0, 94.5734481812
83.8968887, -9.0, 94.7997360229
82.823349, -9.0, 95.0119094849
81.7498093, -9.0, 95.2105026245
80.6762695, -9.0, 95.3961181641
79.6027298, -9.0, 95.5694046021
78.5291824, -9.0, 95.7310256958
77.4556427, -9.0, 95.8816757202
76.382103, -9.0, 96.0220413208
75.3085632, -9.0, 96.1528091431
74.2350235, -9.0, 96.2746353149
73.1614838, -9.0, 96.388168335
72.087944, -9.0, 96.4940261841
71.0144043, -9.0, 96.5927963257
69.9408569, -9.0, 96.6850280762
68.8673172, -9.0, 96.771270752
67.7937775, -9.0, 96.8520050049
66.7202377, -9.0, 96.9277191162
65.646698, -9.0, 96.9988479614
64.5731583, -9.0, 97.0658187866
63.4996147, -9.0, 97.1290283203
62.426075, -9.0, 97.1888504028
61.3525352, -9.0, 97.2456512451
60.2789955, -9.0, 97.2997665405
59.205452, -9.0, 97.3515167236
58.1319122, -9.0, 97.401222229
57.0583725, -9.0, 97.449180603
55.9848328, -9.0, 97.4956893921
54.9112892, -9.0, 97.5410308838
53.8377495, -9.0, 97.5855026245
52.7642097, -9.0, 97.6293869019
51.69067, -9.0, 97.6729660034
50.6171265, -9.0, 97.7165374756
49.5435867, -9.0, 97.7603912354
48.470047, -9.0, 97.8048400879
47.3965073, -9.0, 97.8502120972
46.3229637, -9.0, 97.8968276978
45.249424, -9.0, 97.9450531006
44.1758842, -9.0, 97.9952316284
43.1023407, -9.0, 98.0477218628
42.028801, -9.0, 98.1028823853
40.9552612, -9.0, 98.1610183716
39.8817215, -9.0, 98.2223968506
38.8081779, -9.0, 98.2872009277
37.7346382, -9.0, 98.355506897
36.6610985, -9.0, 98.4272918701
35.5875587, -9.0, 98.5023956299
34.5140152, -9.0, 98.5805892944
33.4404755, -9.0, 98.661567688
32.3669357, -9.0, 98.7450180054
31.2933941, -9.0, 98.8306503296
30.2198544, -9.0, 98.91822052
29.1463127, -9.0, 99.00756073
28.072773, -9.0, 99.0985336304
26.9992313, -9.0, 99.1910476685
25.9256916, -9.0, 99.2850189209
24.85215, -9.0, 99.3803100586
23.7786102, -9.0, 99.4767150879
22.7050686, -9.0, 99.573890686
21.6315289, -9.0, 99.6713104248
20.5579872, -9.0, 99.7681503296
19.4844475, -9.0, 99.8632125854
18.4109058, -9.0, 99.9548034668
17.3373661, -9.0, 100.040550232
16.2638245, -9.0, 100.117286682
15.1902838, -9.0, 100.180847168
14.1167431, -9.0, 100.225952148
13.0432024, -9.0, 100.246147156
11.9696617, -9.0, 100.23387146
10.896121, -9.0, 100.180686951
9.82258034, -9.0, 100.077758789
8.74903965, -9.0, 99.9165725708
7.67549944, -9.0, 99.6898498535
6.60195875, -9.0, 99.3926467896
5.52841759, -9.0, 99.0235137939
4.4548769, -9.0, 98.585395813
3.38133645, -9.0, 98.0861816406
2.30779576, -9.0, 97.5385131836
1.23425496, -9.0, 96.9587173462
0.160714284, -9.0, 96.3650283813
-0.900375962, -9.0, 95.7820510864
-1.96146619, -9.0, 95.2178573608
-3.0225563, -9.0, 94.6835708618
-4.08364677, -9.0, 94.186088562
-5.14473677, -9.0, 93.7283325195
-6.20582724, -9.0, 93.3101425171
-7.26691723, -9.0, 92.9292526245
-8.3280077, -9.0, 92.582244873
-9.38909817, -9.0, 92.2651977539
-10.4501877, -9.0, 91.9741439819
-11.5112782, -9.0, 91.7053070068
-12.5723686, -9.0, 91.4552230835
-13.6334591, -9.0, 91.2207489014
-14.6945486, -9.0, 90.9990615845
-15.7556391, -9.0, 90.7876052856
-16.8167286, -9.0, 90.5840530396
-17.8778191, -9.0, 90.3862609863
-18.9389095, -9.0, 90.1922149658
98.926651, -10.0, 100.371704102
97.853302, -10.0, 100.741416931
96.779953, -10.0, 101.107185364
95.706604, -10.0, 101.467140198
94.633255, -10.0, 101.81955719
93.559906, -10.0, 102.162887573
92.486557, -10.0, 102.495780945
91.413208, -10.0, 102.817123413
90.339859, -10.0, 103.125999451
89.26651, -10.0, 103.421737671
88.193161, -10.0, 103.703872681
87.119812, -10.0, 103.972137451
86.0464706, -10.0, 104.226448059
84.9731216, -10.0, 104.466880798
83.8997726, -10.0, 104.693656921
82.8264236, -10.0, 104.907089233
81.7530746, -10.0, 105.10761261
80.6797256, -10.0, 105.295700073
79.6063766, -10.0, 105.471916199
78.5330276, -10.0, 105.636833191
77.4596786, -10.0, 105.791053772
76.3863297, -10.0, 105.935203552
75.3129807, -10.0, 106.069877625
74.2396317, -10.0, 106.195701599
73.1662827, -10.0, 106.313262939
72.0929337, -10.0, 106.423141479
71.0195847, -10.0, 106.525894165
69.9462357, -10.0, 106.622055054
68.8728867, -10.0, 106.712127686
67.7995377, -10.0, 106.796615601
66.7261887, -10.0, 106.875961304
65.6528397, -10.0, 106.950622559
64.5794907, -10.0, 107.021003723
63.5061455, -10.0, 107.087516785
62.4327965, -10.0, 107.150520325
61.3594475, -10.0, 107.210395813
60.2860985, -10.0, 107.267478943
59.2127495, -10.0, 107.322097778
58.1394005, -10.0, 107.374572754
57.0660515, -10.0, 107.425216675
55.9927025, -10.0, 107.474319458
54.9193535, -10.0, 107.522193909
53.8460045, -10.0, 107.569114685
52.7726593, -10.0, 107.615371704
51.6993103, -10.0, 107.661254883
50.6259613, -10.0, 107.707046509
49.5526123, -10.0, 107.753051758
48.4792633, -10.0, 107.799560547
47.4059143, -10.0, 107.846878052
46.3325653, -10.0, 107.895317078
45.2592163, -10.0, 107.9451828
44.1858673, -10.0, 107.996795654
43.1125183, -10.0, 108.050468445
42.0391693, -10.0, 108.10647583
40.9658203, -10.0, 108.165077209
39.8924713, -10.0, 108.226470947
38.8191261, -10.0, 108.290802002
37.7457771, -10.0, 108.35811615
36.6724281, -10.0, 108.428382874
35.5990791, -10.0, 108.501472473
34.5257301, -10.0, 108.577201843
33.4523811, -10.0, 108.655311584
32.3790321, -10.0, 108.735534668
31.3056831, -10.0, 108.817588806
30.2323341, -10.0, 108.90120697
29.158987, -10.0, 108.986160278
28.085638, -10.0, 109.072212219
27.012289, -10.0, 109.159141541
25.93894, -10.0, 109.246673584
24.865591, -10.0, 109.334510803
23.7922421, -10.0, 109.422218323
22.718895, -10.0, 109.509239197
21.645546, -10.0, 109.594810486
20.572197, -10.0, 109.677871704
19.498848, -10.0, 109.757019043
18.425499, -10.0, 109.830383301
17.35215, -10.0, 109.895545959
16.278801, -10.0, 109.949401855
15.2054529, -10.0, 109.988075256
14.1321049, -10.0, 110.006866455
13.0587559, -10.0, 110.000282288
11.9854069, -10.0, 109.962104797
10.9120588, -10.0, 109.885673523
9.83870983, -10.0, 109.764259338
8.76536083, -10.0, 109.591674805
7.69201231, -10.0, 109.362922668
6.61866379, -10.0, 109.074996948
5.54531479, -10.0, 108.727622986
4.47196627, -10.0, 108.323814392
3.39861751, -10.0, 107.870124817
2.32526875, -10.0, 107.376403809
1.2519201, -10.0, 106.855041504
0.178571433, -10.0, 106.319717407
-0.883458674, -10.0, 105.789604187
-1.94548869, -10.0, 105.270759583
-3.00751877, -10.0, 104.772422791
-4.06954908, -10.0, 104.300949097
-5.13157892, -10.0, 103.859832764
-6.19360924, -10.0, 103.450180054
-7.25563908, -10.0, 103.071266174
-8.31766891, -10.0, 102.721183777
-9.37969971, -10.0, 102.397338867
-10.4417295, -10.0, 102.096824646
-11.5037594, -10.0, 101.816688538
-12.5657892, -10.0, 101.554077148
-13.62782, -10.0, 101.306266785
-14.6898499, -10.0, 101.070739746
-15.7518797, -10.0, 100.845146179
-16.8139095, -10.0, 100.627288818
-17.8759403, -10.0, 100.415115356
-18.9379692, -10.0, 100.20664978
98.9268417, -11.0, 110.360168457
97.8536835, -11.0, 110.718566895
96.7805328, -11.0, 111.073432922
95.7073746, -11.0, 111.423088074
94.6342163, -11.0, 111.765968323
93.561058, -11.0, 112.100646973
92.4878998, -11.0, 112.425880432
91.4147491, -11.0, 112.740608215
90.3415909, -11.0, 113.043952942
89.2684326, -11.0, 113.335243225
88.1952744, -11.0, 113.613983154
87.1221161, -11.0, 113.879867554
86.0489655, -11.0, 114.132736206
84.9758072, -11.0, 114.37260437
83.9026489, -11.0, 114.599586487
82.8294907, -11.0, 114.813926697
81.75634, -11.0, 115.015945435
80.6831818, -11.0, 115.206047058
79.6100235, -11.0, 115.38469696
78.5368652, -11.0, 115.552391052
77.463707, -11.0, 115.709663391
76.3905563, -11.0, 115.857055664
75.3173981, -11.0, 115.995124817
74.2442398, -11.0, 116.124435425
73.1710815, -11.0, 116.245536804
72.0979233, -11.0, 116.358963013
71.0247726, -11.0, 116.465240479
69.9516144, -11.0, 116.564888
68.8784561, -11.0, 116.65839386
67.8052979, -11.0, 116.74622345
66.7321396, -11.0, 116.828842163
65.658989, -11.0, 116.906677246
64.5858307, -11.0, 116.980133057
63.5126724, -11.0, 117.049621582
62.439518, -11.0, 117.115516663
61.3663597, -11.0, 117.17816925
60.2932014, -11.0, 117.237945557
59.220047, -11.0, 117.295166016
58.1468887, -11.0, 117.350158691
57.0737343, -11.0, 117.403236389
56.000576, -11.0, 117.454696655
54.9274178, -11.0, 117.504852295
53.8542633, -11.0, 117.553985596
52.781105, -11.0, 117.602378845
51.7079506, -11.0, 117.65032959
50.6347923, -11.0, 117.698120117
49.5616341, -11.0, 117.746032715
48.4884796, -11.0, 117.7943573
47.4153214, -11.0, 117.84337616
46.3421669, -11.0, 117.893386841
45.2690086, -11.0, 117.944664001
44.1958542, -11.0, 117.9974823
43.1226959, -11.0, 118.052116394
42.0495377, -11.0, 118.108795166
40.9763832, -11.0, 118.167732239
39.9032249, -11.0, 118.2290802
38.8300705, -11.0, 118.292945862
37.7569122, -11.0, 118.359352112
36.683754, -11.0, 118.428276062
35.6105995, -11.0, 118.499588013
34.5374413, -11.0, 118.573120117
33.4642868, -11.0, 118.648651123
32.3911285, -11.0, 118.725921631
31.3179722, -11.0, 118.804649353
30.2448158, -11.0, 118.884544373
29.1716595, -11.0, 118.965309143
28.0985031, -11.0, 119.046630859
27.0253448, -11.0, 119.128166199
25.9521885, -11.0, 119.209526062
24.8790321, -11.0, 119.290237427
23.8058758, -11.0, 119.369720459
22.7327194, -11.0, 119.447235107
21.6595631, -11.0, 119.521835327
20.5864048, -11.0, 119.592323303
19.5132484, -11.0, 119.657157898
18.4400921, -11.0, 119.714401245
17.3669357, -11.0, 119.761665344
16.2937794, -11.0, 119.795982361
15.2206221, -11.0, 119.813850403
14.1474657, -11.0, 119.811126709
13.0743084, -11.0, 119.783157349
12.001152, -11.0, 119.724876404
10.9279957, -11.0, 119.631011963
9.85483837, -11.0, 119.49647522
8.78168201, -11.0, 119.316749573
7.70852518, -11.0, 119.088439941
6.63536882, -11.0, 118.809799194
5.56221199, -11.0, 118.481216431
4.48905516, -11.0, 118.105567932
3.41589856, -11.0, 117.688285828
2.34274197, -11.0, 117.237167358
1.26958525, -11.0, 116.761795044
0.196428567, -11.0, 116.272697449
-0.866541326, -11.0, 115.785041809
-1.92951131, -11.0, 115.303535461
-2.99248123, -11.0, 114.835853577
-4.05545092, -11.0, 114.387680054
-5.11842108, -11.0, 113.962638855
-6.18139076, -11.0, 113.562507629
-7.24436092, -11.0, 113.187538147
-8.30733109, -11.0, 112.836860657
-9.37030029, -11.0, 112.508895874
-10.4332705, -11.0, 112.201599121
-11.4962406, -11.0, 111.912727356
-12.5592108, -11.0, 111.639976501
-13.62218, -11.0, 111.38105011
-14.6851501, -11.0, 111.133743286
-15.7481203, -11.0, 110.8959198
-16.8110905, -11.0, 110.665557861
-17.8740597, -11.0, 110.440704346
-18.9370308, -11.0, 110.219459534
98.9270325, -12.0, 120.350250244
97.8540726, -12.0, 120.698905945
96.781105, -12.0, 121.044380188
95.7081375, -12.0, 121.385139465
94.6351776, -12.0, 121.719741821
93.5622101, -12.0, 122.046890259
92.4892502, -12.0, 122.365409851
91.4162827, -12.0, 122.674308777
90.3433151, -12.0, 122.972732544
89.2703552, -12.0, 123.260009766
88.1973877, -12.0, 123.535644531
87.1244202, -12.0, 123.799285889
86.0514603, -12.0, 124.050727844
84.9784927, -12.0, 124.289924622
83.9055328, -12.0, 124.516921997
82.8325653, -12.0, 124.731887817
81.7595978, -12.0, 124.935066223
80.6866379, -12.0, 125.126792908
79.6136703, -12.0, 125.307449341
78.5407028, -12.0, 125.477470398
77.4677429, -12.0, 125.637313843
76.3947754, -12.0, 125.787483215
75.3218155, -12.0, 125.928474426
74.248848, -12.0, 126.060798645
73.1758804, -12.0, 126.184967041
72.1029205, -12.0, 126.301490784
71.029953, -12.0, 126.410873413
69.9569855, -12.0, 126.513587952
68.8840256, -12.0, 126.610122681
67.811058, -12.0, 126.700920105
66.7380981, -12.0, 126.786437988
65.6651306, -12.0, 126.867095947
64.5921631, -12.0, 126.94329834
63.5191994, -12.0, 127.015449524
62.4462357, -12.0, 127.08391571
61.3732719, -12.0, 127.14906311
60.3003082, -12.0, 127.211250305
59.2273407, -12.0, 127.270797729
58.154377, -12.0, 127.328048706
57.0814133, -12.0, 127.383308411
56.0084496, -12.0, 127.436889648
54.935482, -12.0, 127.489082336
53.8625183, -12.0, 127.540184021
52.7895546, -12.0, 127.590492249
51.7165909, -12.0, 127.640281677
50.6436234, -12.0, 127.689834595
49.5706596, -12.0, 127.739425659
48.4976959, -12.0, 127.789337158
47.4247322, -12.0, 127.839836121
46.3517647, -12.0, 127.891189575
45.278801, -12.0, 127.943656921
44.2058372, -12.0, 127.997489929
43.1328735, -12.0, 128.052902222
42.059906, -12.0, 128.110122681
40.9869423, -12.0, 128.169296265
39.9139786, -12.0, 128.230560303
38.8410149, -12.0, 128.29397583
37.7680473, -12.0, 128.359573364
36.6950836, -12.0, 128.42729187
35.6221199, -12.0, 128.497024536
34.5491562, -12.0, 128.568618774
33.4761887, -12.0, 128.641830444
32.4032249, -12.0, 128.716415405
31.3302612, -12.0, 128.792098999
30.2572956, -12.0, 128.868530273
29.1843319, -12.0, 128.945373535
28.1113663, -12.0, 129.022262573
27.0384026, -12.0, 129.098739624
25.9654369, -12.0, 129.174301147
24.8924732, -12.0, 129.248397827
23.8195076, -12.0, 129.320266724
22.7465439, -12.0, 129.389068604
21.6735783, -12.0, 129.453735352
20.6006145, -12.0, 129.512969971
19.5276489, -12.0, 129.565155029
18.4546852, -12.0, 129.608352661
17.3817196, -12.0, 129.64024353
16.3087559, -12.0, 129.658096313
15.2357912, -12.0, 129.658721924
14.1628265, -12.0, 129.638534546
13.0898619, -12.0, 129.593582153
12.0168972, -12.0, 129.519744873
10.9439325, -12.0, 129.412872314
9.87096786, -12.0, 129.269073486
8.7980032, -12.0, 129.08505249
7.72503853, -12.0, 128.858566284
6.65207386, -12.0, 128.588653564
5.57910919, -12.0, 128.276077271
4.50614452, -12.0, 127.923477173
3.43317962, -12.0, 127.53540802
2.36021495, -12.0, 127.118133545
1.2872504, -12.0, 126.679214478
0.214285716, -12.0, 126.22694397
-0.849624038, -12.0, 125.773490906
-1.91353381, -12.0, 125.322616577
-2.9774437, -12.0, 124.880760193
-4.04135323, -12.0, 124.452949524
-5.10526323, -12.0, 124.04271698
-6.16917276, -12.0, 123.652145386
-7.23308277, -12.0, 123.282073975
-8.2969923, -12.0, 122.932373047
-9.36090183, -12.0, 122.60218811
-10.4248123, -12.0, 122.290153503
-11.4887218, -12.0, 121.994621277
-12.5526314, -12.0, 121.713760376
-13.6165409, -12.0, 121.445671082
-14.6804514, -12.0, 121.188446045
-15.7443609, -12.0, 120.940177917
-16.8082714, -12.0, 120.699005127
-17.8721809, -12.0, 120.463111877
-18.9360905, -12.0, 120.230697632
98.9272308, -13.0, 130.341781616
97.854454, -13.0, 130.682144165
96.7816849, -13.0, 131.019592285
95.7089081, -13.0, 131.352722168
94.6361389, -13.0, 131.680236816
93.5633621, -13.0, 132.00088501
92.490593, -13.0, 132.313598633
91.4178162, -13.0, 132.617416382
90.345047, -13.0, 132.911529541
89.2722702, -13.0, 133.195251465
88.199501, -13.0, 133.468093872
87.1267319, -13.0, 133.729675293
86.0539551, -13.0, 133.979766846
84.9811859, -13.0, 134.21824646
83.9084091, -13.0, 134.445129395
82.83564, -13.0, 134.660507202
81.7628632, -13.0, 134.864578247
80.690094, -13.0, 135.057601929
79.6173172, -13.0, 135.239898682
78.544548, -13.0, 135.411834717
77.4717712, -13.0, 135.573852539
76.3990021, -13.0, 135.726364136
75.3262253, -13.0, 135.869842529
74.2534561, -13.0, 136.004745483
73.180687, -13.0, 136.131546021
72.1079102, -13.0, 136.250747681
71.035141, -13.0, 136.362808228
69.9623642, -13.0, 136.468200684
68.889595, -13.0, 136.567367554
67.8168182, -13.0, 136.660766602
66.7440491, -13.0, 136.748825073
65.6712723, -13.0, 136.831954956
64.5985031, -13.0, 136.910568237
63.5257301, -13.0, 136.985061646
62.4529572, -13.0, 137.055801392
61.3801842, -13.0, 137.123153687
60.3074112, -13.0, 137.187454224
59.2346382, -13.0, 137.249069214
58.1618652, -13.0, 137.308319092
57.0890923, -13.0, 137.365509033
56.0163193, -13.0, 137.420944214
54.9435501, -13.0, 137.474945068
53.8707771, -13.0, 137.527786255
52.7980042, -13.0, 137.579772949
51.7252312, -13.0, 137.631164551
50.6524582, -13.0, 137.682250977
49.5796852, -13.0, 137.733306885
48.5069122, -13.0, 137.784591675
47.4341393, -13.0, 137.836349487
46.3613663, -13.0, 137.88885498
45.2885933, -13.0, 137.942337036
44.2158203, -13.0, 137.996994019
43.1430473, -13.0, 138.053070068
42.0702782, -13.0, 138.110702515
40.9975052, -13.0, 138.170043945
39.9247322, -13.0, 138.231185913
38.8519592, -13.0, 138.294189453
37.7791862, -13.0, 138.359054565
36.7064133, -13.0, 138.425720215
35.6336403, -13.0, 138.494064331
34.5608673, -13.0, 138.563919067
33.4880943, -13.0, 138.63508606
32.4153214, -13.0, 138.707275391
31.3425503, -13.0, 138.780181885
30.2697773, -13.0, 138.853469849
29.1970043, -13.0, 138.926742554
28.1242313, -13.0, 138.999557495
27.0514584, -13.0, 139.071395874
25.9786873, -13.0, 139.141693115
24.9059143, -13.0, 139.209747314
23.8331413, -13.0, 139.274749756
22.7603683, -13.0, 139.335754395
21.6875954, -13.0, 139.391616821
20.6148243, -13.0, 139.440948486
19.5420513, -13.0, 139.482147217
18.4692783, -13.0, 139.513320923
17.3965054, -13.0, 139.532226562
16.3237324, -13.0, 139.536361694
15.2509604, -13.0, 139.522857666
14.1781874, -13.0, 139.488586426
13.1054144, -13.0, 139.430252075
12.0326424, -13.0, 139.344451904
10.9598694, -13.0, 139.227874756
9.88709641, -13.0, 139.077590942
8.81432438, -13.0, 138.891189575
7.7415514, -13.0, 138.667175293
6.6687789, -13.0, 138.405136108
5.59600592, -13.0, 138.106018066
4.52323341, -13.0, 137.772232056
3.45046091, -13.0, 137.407608032
2.37768817, -13.0, 137.017272949
1.30491555, -13.0, 136.607345581
0.232142851, -13.0, 136.184448242
-0.832706749, -13.0, 135.758514404
-1.89755642, -13.0, 135.332641602
-2.96240592, -13.0, 134.91229248
-4.02725554, -13.0, 134.501922607
-5.09210539, -13.0, 134.10484314
-6.15695477, -13.0, 133.723266602
-7.22180462, -13.0, 133.358383179
-8.28665447, -13.0, 133.010543823
-9.35150337, -13.0, 132.679428101
-10.4163532, -13.0, 132.364181519
-11.4812031, -13.0, 132.06362915
-12.5460529, -13.0, 131.776351929
-13.6109018, -13.0, 131.500793457
-14.6757517, -13.0, 131.235305786
-15.7406015, -13.0, 130.978225708
-16.8054504, -13.0, 130.727828979
-17.8703003, -13.0, 130.482452393
-18.9351501, -13.0, 130.240402222
98.9274216, -14.0, 140.334671021
97.8548355, -14.0, 140.668014526
96.7822571, -14.0, 140.998703003
95.7096786, -14.0, 141.325408936
94.6371002, -14.0, 141.646911621
93.5645142, -14.0, 141.962051392
92.4919357, -14.0, 142.269821167
91.4193573, -14.0, 142.569290161
90.3467712, -14.0, 142.859664917
89.2741928, -14.0, 143.140304565
88.2016144, -14.0, 143.410705566
87.1290359, -14.0, 143.670440674
86.0564499, -14.0, 143.919281006
84.9838715, -14.0, 144.157073975
83.911293, -14.0, 144.383743286
82.838707, -14.0, 144.599395752
81.7661285, -14.0, 144.804122925
80.6935501, -14.0, 144.998168945
79.6209641, -14.0, 145.181793213
78.5483856, -14.0, 145.355316162
77.4758072, -14.0, 145.519104004
76.4032288, -14.0, 145.673568726
75.3306427, -14.0, 145.819122314
74.2580643, -14.0, 145.956207275
73.1854858, -14.0, 146.085250854
72.1128998, -14.0, 146.206726074
71.0403214, -14.0, 146.321075439
69.9677429, -14.0, 146.428741455
68.8951645, -14.0, 146.530166626
67.8225784, -14.0, 146.625793457
66.75, -14.0, 146.716033936
65.6774216, -14.0, 146.801315308
64.6048355, -14.0, 146.882019043
63.5322571, -14.0, 146.958526611
62.4596786, -14.0, 147.031234741
61.3870964, -14.0, 147.100494385
60.314518, -14.0, 147.166656494
59.2419357, -14.0, 147.230056763
58.1693535, -14.0, 147.291015625
57.0967751, -14.0, 147.349884033
56.0241928, -14.0, 147.406936646
54.9516144, -14.0, 147.462493896
53.8790321, -14.0, 147.516845703
52.8064499, -14.0, 147.570266724
51.7338715, -14.0, 147.623046875
50.6612892, -14.0, 147.675460815
49.5887108, -14.0, 147.727752686
48.5161285, -14.0, 147.780197144
47.4435501, -14.0, 147.83303833
46.3709679, -14.0, 147.886505127
45.2983856, -14.0, 147.940826416
44.2258072, -14.0, 147.996185303
43.1532249, -14.0, 148.052764893
42.0806465, -14.0, 148.110733032
41.0080643, -14.0, 148.170181274
39.935482, -14.0, 148.231216431
38.8629036, -14.0, 148.293838501
37.7903214, -14.0, 148.358062744
36.7177429, -14.0, 148.423797607
35.6451607, -14.0, 148.490936279
34.5725822, -14.0, 148.559295654
33.5, -14.0, 148.628646851
32.4274178, -14.0, 148.69871521
31.3548393, -14.0, 148.769195557
30.282259, -14.0, 148.839691162
29.2096767, -14.0, 148.909759521
28.1370964, -14.0, 148.978942871
27.0645161, -14.0, 149.046661377
25.9919357, -14.0, 149.112243652
24.9193554, -14.0, 149.174957275
23.8467751, -14.0, 149.233932495
22.7741928, -14.0, 149.288116455
21.7016125, -14.0, 149.33631897
20.6290321, -14.0, 149.377166748
19.5564518, -14.0, 149.4090271
18.4838715, -14.0, 149.430053711
17.4112911, -14.0, 149.438186646
16.3387089, -14.0, 149.431045532
15.2661295, -14.0, 149.406112671
14.1935482, -14.0, 149.360656738
13.1209679, -14.0, 149.291854858
12.0483875, -14.0, 149.196899414
10.9758062, -14.0, 149.073181152
9.9032259, -14.0, 148.918411255
8.83064556, -14.0, 148.730834961
7.75806475, -14.0, 148.509506226
6.68548393, -14.0, 148.254348755
5.61290312, -14.0, 147.966400146
4.54032278, -14.0, 147.647842407
3.46774197, -14.0, 147.301971436
2.39516139, -14.0, 146.933029175
1.3225807, -14.0, 146.546081543
0.25, -14.0, 146.146560669
-0.815789461, -14.0, 145.742614746
-1.88157892, -14.0, 145.336975098
-2.94736838, -14.0, 144.934295654
-4.01315784, -14.0, 144.53855896
-5.07894754, -14.0, 144.152816772
-6.14473677, -14.0, 143.779327393
-7.21052647, -14.0, 143.419464111
-8.27631569, -14.0, 143.073867798
-9.34210491, -14.0, 142.742614746
-10.4078951, -14.0, 142.425247192
-11.4736843, -14.0, 142.120956421
-12.5394735, -14.0, 141.828659058
-13.6052628, -14.0, 141.547088623
-14.6710529, -14.0, 141.27482605
-15.7368422, -14.0, 141.010406494
-16.8026314, -14.0, 140.75227356
-17.8684216, -14.0, 140.498886108
-18.9342098, -14.0, 140.248657227
98.9276123, -15.0, 150.328781128
97.8552246, -15.0, 150.656356812
96.7828369, -15.0, 150.981445312
95.7104492, -15.0, 151.302825928
94.6380539, -15.0, 151.619338989
93.5656662, -15.0, 151.929901123
92.4932785, -15.0, 152.233535767
91.4208908, -15.0, 152.52935791
90.3485031, -15.0, 152.816604614
89.2761154, -15.0, 153.094619751
88.2037277, -15.0, 153.362915039
87.13134, -15.0, 153.621078491
86.0589447, -15.0, 153.868804932
84.986557, -15.0, 154.105926514
83.9141693, -15.0, 154.332382202
82.8417816, -15.0, 154.548171997
81.7693939, -15.0, 154.75340271
80.6970062, -15.0, 154.948226929
79.6246185, -15.0, 155.132904053
78.5522308, -15.0, 155.30770874
77.4798355, -15.0, 155.472946167
76.4074478, -15.0, 155.629013062
75.3350601, -15.0, 155.776275635
74.2626724, -15.0, 155.915145874
73.1902847, -15.0, 156.046051025
72.117897, -15.0, 156.169418335
71.0455093, -15.0, 156.285675049
69.9731216, -15.0, 156.395248413
68.9007263, -15.0, 156.498565674
67.8283386, -15.0, 156.596069336
66.7559509, -15.0, 156.688156128
65.6835632, -15.0, 156.775222778
64.6111755, -15.0, 156.857681274
63.5387878, -15.0, 156.935913086
62.4663963, -15.0, 157.010269165
61.3940086, -15.0, 157.08114624
60.3216209, -15.0, 157.148864746
59.2492332, -15.0, 157.213775635
58.1768417, -15.0, 157.2762146
57.104454, -15.0, 157.336486816
56.0320663, -15.0, 157.39491272
54.9596786, -15.0, 157.451782227
53.8872871, -15.0, 157.507400513
52.8148994, -15.0, 157.562042236
51.7425117, -15.0, 157.615997314
50.6701241, -15.0, 157.669509888
49.5977325, -15.0, 157.722854614
48.5253448, -15.0, 157.776275635
47.4529572, -15.0, 157.830001831
46.3805695, -15.0, 157.884262085
45.3081779, -15.0, 157.939254761
44.2357903, -15.0, 157.995162964
43.1634026, -15.0, 158.0521698
42.0910149, -15.0, 158.11038208
41.0186234, -15.0, 158.169921875
39.9462357, -15.0, 158.230819702
38.873848, -15.0, 158.293121338
37.8014603, -15.0, 158.356781006
36.7290688, -15.0, 158.421737671
35.6566811, -15.0, 158.487838745
34.5842934, -15.0, 158.554916382
33.5119057, -15.0, 158.62272644
32.439518, -15.0, 158.690994263
31.3671284, -15.0, 158.759353638
30.2947388, -15.0, 158.827438354
29.2223511, -15.0, 158.894760132
28.1499615, -15.0, 158.960800171
27.0775738, -15.0, 159.024932861
26.0051842, -15.0, 159.086471558
24.9327965, -15.0, 159.144607544
23.8604069, -15.0, 159.198410034
22.7880192, -15.0, 159.246795654
21.7156296, -15.0, 159.28855896
20.6432419, -15.0, 159.322296143
19.5708523, -15.0, 159.346405029
18.4984646, -15.0, 159.359115601
17.426075, -15.0, 159.358459473
16.3536873, -15.0, 159.342269897
15.2812977, -15.0, 159.308258057
14.208909, -15.0, 159.25402832
13.1365204, -15.0, 159.1771698
12.0641317, -15.0, 159.075317383
10.9917431, -15.0, 158.946380615
9.91935444, -15.0, 158.78855896
8.84696579, -15.0, 158.600601196
7.77457762, -15.0, 158.381866455
6.70218897, -15.0, 158.132553101
5.62980032, -15.0, 157.853729248
4.55741167, -15.0, 157.547348022
3.48502302, -15.0, 157.216293335
2.41263437, -15.0, 156.864196777
1.34024572, -15.0, 156.495300293
0.267857134, -15.0, 156.114196777
-0.798872173, -15.0, 155.727630615
-1.86560154, -15.0, 155.338104248
-2.93233085, -15.0, 154.949676514
-3.99906015, -15.0, 154.56590271
-5.0657897, -15.0, 154.189666748
-6.13251877, -15.0, 153.823120117
-7.19924831, -15.0, 153.467773438
-8.26597786, -15.0, 153.124481201
-9.33270645, -15.0, 152.793548584
-10.399436, -15.0, 152.474822998
-11.4661655, -15.0, 152.167770386
-12.5328951, -15.0, 151.871582031
-13.5996237, -15.0, 151.585220337
-14.6663532, -15.0, 151.307495117
-15.7330828, -15.0, 151.037078857
-16.7998123, -15.0, 150.772583008
-17.8665409, -15.0, 150.512557983
-18.9332714, -15.0, 150.255523682
98.927803, -16.0, 160.324050903
97.8556061, -16.0, 160.646972656
96.7834091, -16.0, 160.967575073
95.7112122, -16.0, 161.284667969
94.6390152, -16.0, 161.597167969
93.5668182, -16.0, 161.904037476
92.4946213, -16.0, 162.204315186
91.4224243, -16.0, 162.497177124
90.3502274, -16.0, 162.781860352
89.2780304, -16.0, 163.057754517
88.2058334, -16.0, 163.324310303
87.1336441, -16.0, 163.581130981
86.0614471, -16.0, 163.827926636
84.9892502, -16.0, 164.064483643
83.9170532, -16.0, 164.29069519
82.8448563, -16.0, 164.506561279
81.7726593, -16.0, 164.712142944
80.7004623, -16.0, 164.907577515
79.6282654, -16.0, 165.093063354
78.5560684, -16.0, 165.268859863
77.4838715, -16.0, 165.435256958
76.4116745, -16.0, 165.592575073
75.3394775, -16.0, 165.741210938
74.2672806, -16.0, 165.881530762
73.1950836, -16.0, 166.013916016
72.1228867, -16.0, 166.138809204
71.0506897, -16.0, 166.256607056
69.9784927, -16.0, 166.367721558
68.9062958, -16.0, 166.472595215
67.8340988, -16.0, 166.571609497
66.7619019, -16.0, 166.66519165
65.6897049, -16.0, 166.753723145
64.6175079, -16.0, 166.837615967
63.5453148, -16.0, 166.917251587
62.4731178, -16.0, 166.992980957
61.4009209, -16.0, 167.065170288
60.3287239, -16.0, 167.134170532
59.2565269, -16.0, 167.200317383
58.18433, -16.0, 167.263946533
57.1121368, -16.0, 167.325378418
56.0399399, -16.0, 167.384918213
54.9677429, -16.0, 167.442871094
53.895546, -16.0, 167.499526978
52.823349, -16.0, 167.555160522
51.751152, -16.0, 167.610061646
50.6789551, -16.0, 167.664474487
49.6067581, -16.0, 167.718658447
48.5345612, -16.0, 167.772857666
47.4623642, -16.0, 167.827301025
46.3901672, -16.0, 167.88218689
45.3179741, -16.0, 167.937728882
44.2457771, -16.0, 167.99407959
43.1735802, -16.0, 168.05140686
42.1013832, -16.0, 168.109817505
41.0291862, -16.0, 168.169403076
39.9569893, -16.0, 168.230194092
38.8847923, -16.0, 168.292205811
37.8125954, -16.0, 168.355407715
36.7403984, -16.0, 168.419708252
35.6682014, -16.0, 168.484954834
34.5960045, -16.0, 168.550979614
33.5238113, -16.0, 168.617507935
32.4516144, -16.0, 168.684280396
31.3794155, -16.0, 168.750900269
30.3072205, -16.0, 168.816970825
29.2350235, -16.0, 168.882003784
28.1628265, -16.0, 168.945419312
27.0906296, -16.0, 169.006591797
26.0184326, -16.0, 169.06477356
24.9462357, -16.0, 169.119125366
23.8740406, -16.0, 169.168670654
22.8018436, -16.0, 169.21232605
21.7296467, -16.0, 169.248855591
20.6574497, -16.0, 169.27684021
19.5852528, -16.0, 169.29473877
18.5130577, -16.0, 169.300842285
17.4408607, -16.0, 169.293258667
16.3686638, -16.0, 169.270004272
15.2964668, -16.0, 169.228973389
14.2242708, -16.0, 169.168060303
13.1520739, -16.0, 169.085128784
12.0798769, -16.0, 168.978210449
11.0076809, -16.0, 168.845550537
9.93548393, -16.0, 168.68572998
8.86328697, -16.0, 168.497817993
7.79109049, -16.0, 168.281448364
6.718894, -16.0, 168.03692627
5.64669752, -16.0, 167.765335083
4.57450056, -16.0, 167.468490601
3.50230408, -16.0, 167.14894104
2.43010759, -16.0, 166.809844971
1.35791087, -16.0, 166.454879761
0.285714298, -16.0, 166.087997437
-0.781954885, -16.0, 165.714859009
-1.84962404, -16.0, 165.337844849
-2.91729331, -16.0, 164.960586548
-3.98496246, -16.0, 164.58631897
-5.05263138, -16.0, 164.217697144
-6.12030077, -16.0, 163.8568573
-7.18797016, -16.0, 163.505340576
-8.25563908, -16.0, 163.164123535
-9.32330799, -16.0, 162.833694458
-10.3909779, -16.0, 162.514099121
-11.4586468, -16.0, 162.205047607
-12.5263157, -16.0, 161.905899048
-13.5939846, -16.0, 161.615814209
-14.6616545, -16.0, 161.333755493
-15.7293234, -16.0, 161.058563232
-16.7969933, -16.0, 160.788955688
-17.8646622, -16.0, 160.523605347
-18.9323311, -16.0, 160.26109314
98.9279938, -17.0, 170.320419312
97.8559875, -17.0, 170.639770508
96.783989, -17.0, 170.95690918
95.7119827, -17.0, 171.270721436
94.6399765, -17.0, 171.580123901
93.5679703, -17.0, 171.884140015
92.4959641, -17.0, 172.181838989
91.4239655, -17.0, 172.472412109
90.3519592, -17.0, 172.755111694
89.279953, -17.0, 173.029327393
88.2079468, -17.0, 173.294525146
87.1359482, -17.0, 173.550292969
86.063942, -17.0, 173.796325684
84.9919357, -17.0, 174.032409668
83.9199295, -17.0, 174.258422852
82.8479233, -17.0, 174.474304199
81.7759247, -17.0, 174.680130005
80.7039185, -17.0, 174.87600708
79.6319122, -17.0, 175.062103271
78.559906, -17.0, 175.238632202
77.4878998, -17.0, 175.405899048
76.4159012, -17.0, 175.564193726
75.343895, -17.0, 175.713867188
74.2718887, -17.0, 175.855285645
73.1998825, -17.0, 175.988830566
72.1278839, -17.0, 176.114883423
71.0558777, -17.0, 176.23387146
69.9838715, -17.0, 176.346176147
68.9118652, -17.0, 176.45223999
67.839859, -17.0, 176.552429199
66.7678604, -17.0, 176.647171021
65.6958542, -17.0, 176.736862183
64.623848, -17.0, 176.821868896
63.5518417, -17.0, 176.902587891
62.4798393, -17.0, 176.979370117
61.4078331, -17.0, 177.052581787
60.3358307, -17.0, 177.122573853
59.2638245, -17.0, 177.189697266
58.1918221, -17.0, 177.254257202
57.1198158, -17.0, 177.316589355
56.0478096, -17.0, 177.376998901
54.9758072, -17.0, 177.435791016
53.903801, -17.0, 177.493255615
52.8317986, -17.0, 177.5496521
51.7597923, -17.0, 177.605285645
50.6877899, -17.0, 177.660385132
49.6157837, -17.0, 177.71522522
48.5437775, -17.0, 177.770019531
47.4717751, -17.0, 177.825012207
46.3997688, -17.0, 177.880386353
45.3277664, -17.0, 177.936340332
44.2557602, -17.0, 177.993026733
43.183754, -17.0, 178.050582886
42.1117516, -17.0, 178.109130859
41.0397453, -17.0, 178.168746948
39.9677429, -17.0, 178.229446411
38.8957367, -17.0, 178.291229248
37.8237343, -17.0, 178.354064941
36.7517281, -17.0, 178.41784668
35.6797218, -17.0, 178.482421875
34.6077194, -17.0, 178.547607422
33.5357132, -17.0, 178.61315918
32.4637108, -17.0, 178.678741455
31.3917046, -17.0, 178.744003296
30.3197002, -17.0, 178.808486938
29.2476959, -17.0, 178.871704102
28.1756916, -17.0, 178.933074951
27.1036873, -17.0, 178.991912842
26.031683, -17.0, 179.047470093
24.9596767, -17.0, 179.098861694
23.8876724, -17.0, 179.145111084
22.8156681, -17.0, 179.18510437
21.7436638, -17.0, 179.217575073
20.6716595, -17.0, 179.241165161
19.5996552, -17.0, 179.254333496
18.5276489, -17.0, 179.25541687
17.4556446, -17.0, 179.242645264
16.3836403, -17.0, 179.214126587
15.311636, -17.0, 179.167938232
14.2396317, -17.0, 179.102142334
13.1676264, -17.0, 179.014846802
12.0956221, -17.0, 178.90435791
11.0236177, -17.0, 178.76914978
9.95161247, -17.0, 178.608093262
8.87960815, -17.0, 178.420471191
7.80760384, -17.0, 178.206085205
6.73559904, -17.0, 177.96534729
5.66359425, -17.0, 177.699310303
4.59158993, -17.0, 177.40965271
3.51958537, -17.0, 177.098709106
2.44758058, -17.0, 176.769317627
1.37557602, -17.0, 176.424713135
0.303571433, -17.0, 176.06842041
-0.765037596, -17.0, 175.705230713
-1.83364666, -17.0, 175.337539673
-2.90225554, -17.0, 174.968643188
-3.97086477, -17.0, 174.601531982
-5.03947353, -17.0, 174.238723755
-6.10808277, -17.0, 173.882278442
-7.17669153, -17.0, 173.5337677
-8.24530029, -17.0, 173.194229126
-9.31390953, -17.0, 172.86428833
-10.3825188, -17.0, 172.544143677
-11.451128, -17.0, 172.233627319
-12.5197372, -17.0, 171.932281494
-13.5883455, -17.0, 171.639373779
-14.6569548, -17.0, 171.354034424
-15.725564, -17.0, 171.075180054
-16.7941723, -17.0, 170.801635742
-17.8627815, -17.0, 170.532150269
-18.9313908, -17.0, 170.265396118
98.9281845, -18.0, 180.317840576
97.8563766, -18.0, 180.634643555
96.7845612, -18.0, 180.94934082
95.7127533, -18.0, 181.260803223
94.6409378, -18.0, 181.568008423
93.5691223, -18.0, 181.869995117
92.4973145, -18.0, 182.165863037
91.425499, -18.0, 182.454788208
90.3536835, -18.0, 182.736068726
89.2818756, -18.0, 183.009063721
88.2100601, -18.0, 183.273284912
87.1382523, -18.0, 183.528289795
86.0664368, -18.0, 183.773773193
84.9946213, -18.0, 184.009506226
83.9228134, -18.0, 184.235336304
82.8509979, -18.0, 184.45123291
81.7791824, -18.0, 184.657226562
80.7073746, -18.0, 184.853378296
79.6355591, -18.0, 185.039886475
78.5637512, -18.0, 185.216949463
77.4919357, -18.0, 185.38482666
76.4201202, -18.0, 185.543792725
75.3483124, -18.0, 185.694198608
74.2764969, -18.0, 185.836395264
73.2046814, -18.0, 185.970748901
72.1328735, -18.0, 186.097640991
71.061058, -18.0, 186.217468262
69.9892502, -18.0, 186.330627441
68.9174347, -18.0, 186.437530518
67.8456192, -18.0, 186.538574219
66.7738113, -18.0, 186.634140015
65.7019958, -18.0, 186.724639893
64.630188, -18.0, 186.810455322
63.5583725, -18.0, 186.891937256
62.4865608, -18.0, 186.969482422
61.4147453, -18.0, 187.043426514
60.3429337, -18.0, 187.114151001
59.271122, -18.0, 187.181945801
58.1993103, -18.0, 187.247177124
57.1274948, -18.0, 187.310165405
56.0556831, -18.0, 187.371200562
54.9838715, -18.0, 187.430587769
53.9120598, -18.0, 187.488616943
52.8402443, -18.0, 187.545562744
51.7684326, -18.0, 187.601715088
50.6966209, -18.0, 187.657318115
49.6248093, -18.0, 187.712600708
48.5529938, -18.0, 187.767822266
47.4811821, -18.0, 187.823196411
46.4093704, -18.0, 187.87890625
45.3375587, -18.0, 187.935150146
44.2657433, -18.0, 187.99206543
43.1939316, -18.0, 188.049789429
42.1221199, -18.0, 188.108428955
41.0503082, -18.0, 188.168045044
39.9784927, -18.0, 188.228668213
38.9066811, -18.0, 188.290283203
37.8348694, -18.0, 188.352844238
36.7630577, -18.0, 188.416259766
35.691246, -18.0, 188.480361938
34.6194305, -18.0, 188.544952393
33.5476189, -18.0, 188.609771729
32.4758072, -18.0, 188.674514771
31.4039936, -18.0, 188.73878479
30.3321819, -18.0, 188.802139282
29.2603683, -18.0, 188.864059448
28.1885567, -18.0, 188.923950195
27.1167431, -18.0, 188.981124878
26.0449314, -18.0, 189.034790039
24.9731178, -18.0, 189.084075928
23.9013062, -18.0, 189.127975464
22.8294926, -18.0, 189.165374756
21.7576809, -18.0, 189.195007324
20.6858673, -18.0, 189.215515137
19.6140556, -18.0, 189.225387573
18.5422421, -18.0, 189.223007202
17.4704304, -18.0, 189.20664978
16.3986168, -18.0, 189.174530029
15.3268051, -18.0, 189.124847412
14.2549925, -18.0, 189.055770874
13.1831799, -18.0, 188.965606689
12.1113672, -18.0, 188.852798462
11.0395546, -18.0, 188.716033936
9.96774197, -18.0, 188.554321289
8.89592934, -18.0, 188.367080688
7.82411671, -18.0, 188.154266357
6.75230408, -18.0, 187.916290283
5.68049145, -18.0, 187.65423584
4.60867882, -18.0, 187.369674683
3.53686643, -18.0, 187.064758301
2.4650538, -18.0, 186.742126465
1.39324117, -18.0, 186.40473938
0.321428567, -18.0, 186.05581665
-0.748120308, -18.0, 185.699447632
-1.81766915, -18.0, 185.338150024
-2.887218, -18.0, 184.975021362
-3.95676684, -18.0, 184.612838745
-5.02631569, -18.0, 184.254058838
-6.09586477, -18.0, 183.900665283
-7.16541338, -18.0, 183.554244995
-8.23496246, -18.0, 183.215881348
-9.30451107, -18.0, 182.886291504
-10.3740597, -18.0, 182.565734863
-11.4436092, -18.0, 182.254180908
-12.5131578, -18.0, 181.951248169
-13.5827065, -18.0, 181.656341553
-14.652256, -18.0, 181.368637085
-15.7218046, -18.0, 181.087142944
-16.7913532, -18.0, 180.810775757
-17.8609028, -18.0, 180.538314819
-18.9304504, -18.0, 180.268493652
98.9283829, -19.0, 190.316268921
97.8567581, -19.0, 190.631546021
96.785141, -19.0, 190.944747925
95.7135162, -19.0, 191.254806519
94.6418991, -19.0, 191.560684204
93.5702744, -19.0, 191.861450195
92.4986572, -19.0, 192.156188965
91.4270325, -19.0, 192.444122314
90.3554153, -19.0, 192.724533081
89.2837906, -19.0, 192.996810913
88.2121735, -19.0, 193.260421753
87.1405563, -19.0, 193.514953613
86.0689316, -19.0, 193.76008606
84.9973145, -19.0, 193.99559021
83.9256897, -19.0, 194.221313477
82.8540726, -19.0, 194.437194824
81.7824478, -19.0, 194.643264771
80.7108307, -19.0, 194.839599609
79.6392059, -19.0, 195.026351929
78.5675888, -19.0, 195.203720093
77.4959641, -19.0, 195.371948242
76.4243469, -19.0, 195.531326294
75.3527298, -19.0, 195.682174683
74.281105, -19.0, 195.824829102
73.2094879, -19.0, 195.959671021
72.1378632, -19.0, 196.08706665
71.066246, -19.0, 196.207397461
69.9946213, -19.0, 196.321075439
68.9230042, -19.0, 196.428497314
67.8513794, -19.0, 196.530044556
66.7797623, -19.0, 196.626113892
65.7081375, -19.0, 196.717102051
64.6365204, -19.0, 196.803390503
63.5648994, -19.0, 196.885345459
62.4932785, -19.0, 196.963348389
61.4216576, -19.0, 197.037750244
60.3500366, -19.0, 197.108886719
59.2784195, -19.0, 197.177108765
58.2067986, -19.0, 197.242736816
57.1351776, -19.0, 197.306106567
56.0635567, -19.0, 197.367523193
54.9919357, -19.0, 197.427261353
53.9203148, -19.0, 197.485641479
52.8486938, -19.0, 197.542922974
51.7770729, -19.0, 197.599380493
50.705452, -19.0, 197.655258179
49.633831, -19.0, 197.710830688
48.5622101, -19.0, 197.766296387
47.490593, -19.0, 197.821899414
46.418972, -19.0, 197.877807617
45.3473511, -19.0, 197.934204102
44.2757301, -19.0, 197.991241455
43.2041092, -19.0, 198.049072266
42.1324883, -19.0, 198.10774231
41.0608673, -19.0, 198.167358398
39.9892464, -19.0, 198.227935791
38.9176254, -19.0, 198.28944397
37.8460045, -19.0, 198.351837158
36.7743874, -19.0, 198.415023804
35.7027664, -19.0, 198.478820801
34.6311455, -19.0, 198.543045044
33.5595245, -19.0, 198.607437134
32.4879036, -19.0, 198.671661377
31.4162827, -19.0, 198.735336304
30.3446617, -19.0, 198.79800415
29.2730408, -19.0, 198.859146118
28.2014217, -19.0, 198.918167114
27.1298008, -19.0, 198.974334717
26.0581799, -19.0, 199.026901245
24.9865589, -19.0, 199.074935913
23.914938, -19.0, 199.117462158
22.843317, -19.0, 199.153320312
21.771698, -19.0, 199.181304932
20.7000771, -19.0, 199.200012207
19.6284561, -19.0, 199.207992554
18.5568352, -19.0, 199.203613281
17.4852142, -19.0, 199.18522644
16.4135952, -19.0, 199.151092529
15.3419743, -19.0, 199.099456787
14.2703533, -19.0, 199.028594971
13.1987324, -19.0, 198.936889648
12.1271124, -19.0, 198.822875977
11.0554914, -19.0, 198.68536377
9.98387051, -19.0, 198.523452759
8.91225052, -19.0, 198.336654663
7.84062958, -19.0, 198.124923706
6.76900911, -19.0, 197.888778687
5.69738865, -19.0, 197.629211426
4.62576818, -19.0, 197.34777832
3.55414748, -19.0, 197.046554565
2.48252678, -19.0, 196.727996826
1.41090631, -19.0, 196.394943237
0.339285702, -19.0, 196.050430298
-0.73120302, -19.0, 195.697998047
-1.80169177, -19.0, 195.340362549
-2.87218046, -19.0, 194.980514526
-3.94266915, -19.0, 194.621139526
-5.01315784, -19.0, 194.26461792
-6.08364677, -19.0, 193.912918091
-7.15413523, -19.0, 193.567626953
-8.22462368, -19.0, 193.229858398
-9.29511261, -19.0, 192.900360107
-10.3656015, -19.0, 192.579467773
-11.4360905, -19.0, 192.267181396
-12.5065794, -19.0, 191.963226318
-13.5770674, -19.0, 191.667007446
-14.6475563, -19.0, 191.377807617
-15.7180452, -19.0, 191.094650269
-16.7885342, -19.0, 190.816497803
-17.8590221, -19.0, 190.542175293
-18.929512, -19.0, 190.270431519
2.01703215, 0.800000012, 7.32810688019
3.08206463, 0.800000012, 9.7902097702
4.14709663, 0.800000012, 11.3737955093
5.21212912, 0.800000012, 12.1403903961
6.27716112, 0.800000012, 12.1637983322
7.3421936, 0.800000012, 11.5757484436
8.40722561, 0.800000012, 10.5635604858
9.47225761, 0.800000012, 9.32369041443
10.5372906, 0.800000012, 7.96100997925
11.6023226, 0.800000012, 6.62983417511
12.6673546, 0.800000012, 5.61750936508
13.7323875, 0.800000012, 4.83295345306
14.7974195, 0.800000012, 4.21100759506
15.8624516, 0.800000012, 3.71036291122
16.9274845, 0.800000012, 3.3017373085
17.9925156, 0.800000012, 2.96306490898
19.0575485, 0.800000012, 2.67761516571
20.1225815, 0.800000012, 2.43309783936
21.1876125, 0.800000012, 2.22052145004
22.2526455, 0.800000012, 2.03321886063
23.3176765, 0.800000012, 1.86629402637
24.3827095, 0.800000012, 1.71662259102
25.4477425, 0.800000012, 1.58165132999
26.5127735, 0.800000012, 1.45847034454
27.5778065, 0.800000012, 1.3450460434
28.6428394, 0.800000012, 1.24104011059
29.7078705, 0.800000012, 1.14559948444
30.7729034, 0.800000012, 1.05607032776
31.8379364, 0.800000012, 0.96647799015
32.9029694, 0.800000012, 0.860675692558
33.9679985, 0.800000012, 0.688092768192
35.0330315, 0.800000012, 0.476846396923
36.0980644, 0.800000012, 0.291742473841
37.1630974, 0.800000012, 0.125465989113
38.2281303, 0.800000012, -0.00523220468313
39.2931595, 0.800000012, -0.0331733077765
40.3581924, 0.800000012, -0.0533952564001
41.4232254, 0.800000012, -0.0707739517093
42.4882584, 0.800000012, -0.0862644314766
43.5532913, 0.800000012, -0.100303031504
44.6183243, 0.800000012, -0.113178573549
45.6833534, 0.800000012, -0.125110775232
46.7483864, 0.800000012, -0.136278361082
47.8134193, 0.800000012, -0.146833434701
48.8784523, 0.800000012, -0.156908467412
49.9434853, 0.800000012, -0.166621893644
51.0085144, 0.800000012, -0.176081508398
52.0735474, 0.800000012, -0.185387894511
53.1385803, 0.800000012, -0.194637194276
54.2036133, 0.800000012, -0.203922301531
55.2686462, 0.800000012, -0.213334843516
56.3336792, 0.800000012, -0.222968026996
57.3987083, 0.800000012, -0.232918038964
58.4637413, 0.800000012, -0.243285909295
59.5287743, 0.800000012, -0.25418010354
60.5938072, 0.800000012, -0.265716701746
61.6588402, 0.800000012, -0.278022110462
62.7238693, 0.800000012, -0.291236400604
63.7889023, 0.800000012, -0.305518060923
64.8539352, 0.800000012, -0.321048378944
65.9189682, 0.800000012, -0.338034749031
66.9840012, 0.800000012, -0.35671749711
68.0490341, 0.800000012, -0.377375841141
69.1140671, 0.800000012, -0.400336146355
70.1791, 0.800000012, -0.425982564688
71.2441254, 0.800000012, -0.454765170813
72.3091583, 0.800000012, -0.487215727568
73.3741913, 0.800000012, -0.523963928223
74.4392242, 0.800000012, -0.565756559372
75.5042572, 0.800000012, -0.613484978676
76.5692902, 0.800000012, -0.668209373951
77.6343231, 0.800000012, -0.731175541878
78.6993561, 0.800000012, -0.803836643696
79.764389, 0.800000012, -0.887881815434
80.829422, 0.800000012, -0.985272824764
81.894455, 0.800000012, -1.09827339649
82.9594803, 0.800000012, -1.22946429253
84.0245132, 0.800000012, -1.38175201416
85.0895462, 0.800000012, -1.55833625793
86.1545792, 0.800000012, -1.76264941692
87.2196121, 0.800000012, -1.99826955795
88.2846451, 0.800000012, -2.26881551743
89.349678, 0.800000012, -2.5778002739
90.414711, 0.800000012, -2.92839360237
91.479744, 0.800000012, -3.32311534882
92.5447769, 0.800000012, -3.76357603073
93.6098099, 0.800000012, -4.25044345856
94.6748352, 0.800000012, -4.78366756439
95.7398682, 0.800000012, -5.36213445663
96.8049011, 0.800000012, -5.98196601868
97.8699341, 0.800000012, -6.63536882401
98.934967, 0.800000012, -7.31183099747
2.95879579, 1.60000002, 4.39226388931
4.01359129, 1.60000002, 5.96876001358
5.06838703, 1.60000002, 6.68617248535
6.12318277, 1.60000002, 6.53786897659
7.17797852, 1.60000002, 5.64972925186
8.23277378, 1.60000002, 4.24153709412
9.28757, 1.60000002, 2.63332796097
10.3423653, 1.60000002, 0.954862654209
11.3971615, 1.60000002, -0.988675892353
12.4519567, 1.60000002, -2.15980505943
13.506753, 1.60000002, -3.02510690689
14.5615482, 1.60000002, -3.69558262825
15.6163445, 1.60000002, -4.22502851486
16.6711407, 1.60000002, -4.6498131752
17.725935, 1.60000002, -4.99685573578
18.7807312, 1.60000002, -5.28659296036
19.8355274, 1.60000002, -5.53321075439
20.8903217, 1.60000002, -5.74673318863
21.945118, 1.60000002, -5.93413877487
22.9999142, 1.60000002, -6.10136175156
24.0547104, 1.60000002, -6.251121521
25.1095047, 1.60000002, -6.38458442688
26.1643009, 1.60000002, -6.50508165359
27.2190971, 1.60000002, -6.61679840088
28.2738934, 1.60000002, -6.71815729141
29.3286877, 1.60000002, -6.80777025223
30.3834839, 1.60000002, -6.88655233383
31.4382801, 1.60000002, -6.95596885681
32.4930763, 1.60000002, -7.01928663254
33.5478706, 1.60000002, -7.07939815521
34.6026649, 1.60000002, -7.13426685333
35.6574631, 1.60000002, -7.18189287186
36.7122574, 1.60000002, -7.22334909439
37.7670555, 1.60000002, -7.25853538513
38.8218498, 1.60000002, -7.28279733658
39.8766441, 1.60000002, -7.30001735687
40.9314423, 1.60000002, -7.31465244293
41.9862366, 1.60000002, -7.32769680023
43.0410309, 1.60000002, -7.3394613266
44.095829, 1.60000002, -7.35016202927
45.1506233, 1.60000002, -7.35997486115
46.2054176, 1.60000002, -7.36905145645
47.2602158, 1.60000002, -7.37752342224
48.3150101, 1.60000002, -7.38550710678
49.3698082, 1.60000002, -7.39310598373
50.4246025, 1.60000002, -7.40041542053
51.4793968, 1.60000002, -7.4075217247
52.5341949, 1.60000002, -7.41450834274
53.5889893, 1.60000002, -7.42145395279
54.6437836, 1.60000002, -7.4284362793
55.6985817, 1.60000002, -7.43553209305
56.753376, 1.60000002, -7.44282150269
57.8081703, 1.60000002, -7.45038843155
58.8629684, 1.60000002, -7.4583234787
59.9177628, 1.60000002, -7.46672344208
60.9725609, 1.60000002, -7.47569227219
62.0273552, 1.60000002, -7.48534440994
63.0821495, 1.60000002, -7.49580955505
64.1369476, 1.60000002, -7.50723695755
65.1917419, 1.60000002, -7.51980066299
66.2465363, 1.60000002, -7.53370285034
67.3013306, 1.60000002, -7.54918146133
68.3561325, 1.60000002, -7.56651687622
69.4109268, 1.60000002, -7.58604240417
70.4657211, 1.60000002, -7.60815286636
71.5205154, 1.60000002, -7.63331890106
72.5753098, 1.60000002, -7.66210174561
73.6301041, 1.60000002, -7.69517326355
74.684906, 1.60000002, -7.73334932327
75.7397003, 1.60000002, -7.77763462067
76.7944946, 1.60000002, -7.82925796509
77.8492889, 1.60000002, -7.88966560364
78.9040833, 1.60000002, -7.96051836014
79.9588852, 1.60000002, -8.04374599457
81.0136795, 1.60000002, -8.1416053772
82.0684738, 1.60000002, -8.25673103333
83.1232681, 1.60000002, -8.39217853546
84.1780624, 1.60000002, -8.55142974854
85.2328568, 1.60000002, -8.73836803436
86.2876587, 1.60000002, -8.9571723938
87.342453, 1.60000002, -9.21216487885
88.3972473, 1.60000002, -9.50770759583
89.4520416, 1.60000002, -9.84808254242
90.5068359, 1.60000002, -10.2372121811
91.5616379, 1.60000002, -10.6781768799
92.6164322, 1.60000002, -11.1728076935
93.6712265, 1.60000002, -11.721570015
94.7260208, 1.60000002, -12.3236570358
95.7808151, 1.60000002, -12.9792194366
96.8356094, 1.60000002, -13.6861696243
97.8904114, 1.60000002, -14.4346961975
98.9452057, 1.60000002, -15.2104320526
3.90055919, 2.4000001, 1.07957315445
4.94511843, 2.4000001, 1.78325128555
5.98967743, 2.4000001, 1.41447734833
7.03423643, 2.4000001, 0.160724028945
8.07879543, 2.4000001, -1.84456241131
9.12335491, 2.4000001, -3.92507791519
10.1679144, 2.4000001, -5.87822675705
11.2124729, 2.4000001, -7.55113554001
12.2570324, 2.4000001, -8.8118429184
13.3015919, 2.4000001, -9.74692630768
14.3461504, 2.4000001, -10.4633779526
15.3907099, 2.4000001, -11.0185909271
16.4352684, 2.4000001, -11.4536209106
17.4798279, 2.4000001, -11.7998056412
18.5243874, 2.4000001, -12.0809621811
19.5689468, 2.4000001, -12.3142471313
20.6135063, 2.4000001, -12.5115556717
21.6580639, 2.4000001, -12.6812591553
22.7026234, 2.4000001, -12.8293619156
23.7471828, 2.4000001, -12.959690094
24.7917423, 2.4000001, -13.0746450424
25.8363018, 2.4000001, -13.1763782501
26.8808594, 2.4000001, -13.2667264938
27.9254189, 2.4000001, -13.3466148376
28.9699783, 2.4000001, -13.4167423248
30.0145378, 2.4000001, -13.4781723022
31.0590973, 2.4000001, -13.531917572
32.1036568, 2.4000001, -13.5790309906
33.1482162, 2.4000001, -13.620259285
34.1927757, 2.4000001, -13.6556711197
35.2373352, 2.4000001, -13.6857433319
36.2818909, 2.4000001, -13.711517334
37.3264503, 2.4000001, -13.7337779999
38.3710098, 2.4000001, -13.7526807785
39.4155693, 2.4000001, -13.7686538696
40.4601288, 2.4000001, -13.7824440002
41.5046883, 2.4000001, -13.7945756912
42.5492477, 2.4000001, -13.805352211
43.5938072, 2.4000001, -13.814994812
44.6383667, 2.4000001, -13.8236846924
45.6829262, 2.4000001, -13.8315792084
46.7274857, 2.4000001, -13.8388166428
47.7720413, 2.4000001, -13.8455152512
48.8166008, 2.4000001, -13.8517799377
49.8611603, 2.4000001, -13.8577051163
50.9057198, 2.4000001, -13.8633756638
51.9502792, 2.4000001, -13.8688688278
52.9948387, 2.4000001, -13.8742599487
54.0393982, 2.4000001, -13.8796195984
55.0839577, 2.4000001, -13.8850164413
56.1285172, 2.4000001, -13.8905229568
57.1730766, 2.4000001, -13.8962116241
58.2176361, 2.4000001, -13.9021625519
59.2621918, 2.4000001, -13.9084558487
60.3067513, 2.4000001, -13.9151830673
61.3513107, 2.4000001, -13.9224481583
62.3958702, 2.4000001, -13.9303655624
63.4404297, 2.4000001, -13.9390659332
64.484993, 2.4000001, -13.9487018585
65.5295486, 2.4000001, -13.9594545364
66.5741043, 2.4000001, -13.9715366364
67.6186676, 2.4000001, -13.985203743
68.6632233, 2.4000001, -14.0007619858
69.7077866, 2.4000001, -14.018576622
70.7523422, 2.4000001, -14.0390882492
71.7969055, 2.4000001, -14.0628271103
72.8414612, 2.4000001, -14.090426445
73.8860245, 2.4000001, -14.1226606369
74.9305801, 2.4000001, -14.1604814529
75.9751434, 2.4000001, -14.2051305771
77.0196991, 2.4000001, -14.258187294
78.0642548, 2.4000001, -14.3216190338
79.1088181, 2.4000001, -14.3977203369
80.1533737, 2.4000001, -14.4888429642
81.197937, 2.4000001, -14.5974731445
82.2424927, 2.4000001, -14.7269058228
83.287056, 2.4000001, -14.8809566498
84.3316116, 2.4000001, -15.0640335083
85.3761749, 2.4000001, -15.2811450958
86.4207306, 2.4000001, -15.5376625061
87.4652939, 2.4000001, -15.8389892578
88.5098495, 2.4000001, -16.1903972626
89.5544052, 2.4000001, -16.5970687866
90.5989685, 2.4000001, -17.0638332367
91.6435242, 2.4000001, -17.5943546295
92.6880875, 2.4000001, -18.1904163361
93.7326431, 2.4000001, -18.8520374298
94.7772064, 2.4000001, -19.5775508881
95.8217621, 2.4000001, -20.3561038971
96.8663254, 2.4000001, -21.2111263275
97.910881, 2.4000001, -22.1138954163
98.9554443, 2.4000001, -23.0487918854
4.84232235, 3.20000005, -2.42695569992
5.87664509, 3.20000005, -3.09218192101
6.91096783, 3.20000005, -4.79119968414
7.94529009, 3.20000005, -7.02244234085
8.9796133, 3.20000005, -9.29800128937
10.0139351, 3.20000005, -11.3422613144
11.0482578, 3.20000005, -13.0336523056
12.0825806, 3.20000005, -14.3475637436
13.1169033, 3.20000005, -15.3463306427
14.151226, 3.20000005, -16.1176376343
15.1855488, 3.20000005, -16.713432312
16.2198715, 3.20000005, -17.1737594604
17.2541943, 3.20000005, -17.5328712463
18.288517, 3.20000005, -17.8179855347
19.3228378, 3.20000005, -18.0495262146
20.3571606, 3.20000005, -18.2420692444
21.3914833, 3.20000005, -18.4058914185
22.425806, 3.20000005, -18.5478382111
23.4601288, 3.20000005, -18.6725597382
24.4944515, 3.20000005, -18.783115387
25.5287743, 3.20000005, -18.8813972473
26.563097, 3.20000005, -18.9684944153
27.5974197, 3.20000005, -19.0457515717
28.6317425, 3.20000005, -19.1140842438
29.6660652, 3.20000005, -19.1743507385
30.700388, 3.20000005, -19.2273273468
31.7347088, 3.20000005, -19.2734222412
32.7690315, 3.20000005, -19.313419342
33.8033562, 3.20000005, -19.3480396271
34.837677, 3.20000005, -19.3778247833
35.8720016, 3.20000005, -19.4034290314
36.9063225, 3.20000005, -19.4254837036
37.9406433, 3.20000005, -19.444486618
38.974968, 3.20000005, -19.4608631134
40.0092888, 3.20000005, -19.4750175476
41.0436134, 3.20000005, -19.4873142242
42.0779343, 3.20000005, -19.4980506897
43.1122589, 3.20000005, -19.5074748993
44.1465797, 3.20000005, -19.5157985687
45.1809044, 3.20000005, -19.5232048035
46.2152252, 3.20000005, -19.5298500061
47.2495499, 3.20000005, -19.5358695984
48.2838707, 3.20000005, -19.5413818359
49.3181953, 3.20000005, -19.5464878082
50.3525162, 3.20000005, -19.551279068
51.386837, 3.20000005, -19.5558376312
52.4211617, 3.20000005, -19.5602378845
53.4554825, 3.20000005, -19.5645503998
54.4898071, 3.20000005, -19.5688438416
55.524128, 3.20000005, -19.573184967
56.5584526, 3.20000005, -19.5776424408
57.5927734, 3.20000005, -19.5822906494
58.6270981, 3.20000005, -19.5872097015
59.6614189, 3.20000005, -19.5923881531
60.6957436, 3.20000005, -19.597951889
61.7300644, 3.20000005, -19.604057312
62.7643852, 3.20000005, -19.6108226776
63.7987099, 3.20000005, -19.6183891296
64.8330307, 3.20000005, -19.6269168854
65.8673553, 3.20000005, -19.6366062164
66.90168, 3.20000005, -19.6476955414
67.935997, 3.20000005, -19.6604690552
68.9703217, 3.20000005, -19.6752796173
70.0046463, 3.20000005, -19.6925506592
71.0389709, 3.20000005, -19.7127952576
72.073288, 3.20000005, -19.7366333008
73.1076126, 3.20000005, -19.7648086548
74.1419373, 3.20000005, -19.798242569
75.1762543, 3.20000005, -19.8380870819
76.2105789, 3.20000005, -19.8858547211
77.2449036, 3.20000005, -19.9404220581
78.2792282, 3.20000005, -20.0065040588
79.3135452, 3.20000005, -20.0961952209
80.3478699, 3.20000005, -20.2046413422
81.3821945, 3.20000005, -20.3354701996
82.4165192, 3.20000005, -20.4929294586
83.4508362, 3.20000005, -20.6818504333
84.4851608, 3.20000005, -20.9079170227
85.5194855, 3.20000005, -21.1777954102
86.5538101, 3.20000005, -21.4987373352
87.5881271, 3.20000005, -21.8775119781
88.6224518, 3.20000005, -22.3202419281
89.6567764, 3.20000005, -22.8329410553
90.6910934, 3.20000005, -23.4212627411
91.7254181, 3.20000005, -24.0891170502
92.7597427, 3.20000005, -24.837720871
93.7940674, 3.20000005, -25.6661643982
94.8283844, 3.20000005, -26.5715637207
95.862709, 3.20000005, -27.5516834259
96.8970337, 3.20000005, -28.6002616882
97.9313583, 3.20000005, -29.7030220032
98.9656754, 3.20000005, -30.8418941498
5.78408623, 4.0, -7.88884067535
6.80817223, 4.0, -9.40709018707
7.83225822, 4.0, -11.5363311768
8.85634422, 4.0, -13.7609872818
9.88043022, 4.0, -15.7816762924
10.9045162, 4.0, -17.4797229767
11.9286022, 4.0, -18.8401679993
12.9526882, 4.0, -19.8810939789
13.9767742, 4.0, -20.7087612152
15.0008602, 4.0, -21.3682193756
16.0249462, 4.0, -21.8796443939
17.0490322, 4.0, -22.2763938904
18.0731182, 4.0, -22.5880851746
19.0972042, 4.0, -22.8381233215
20.1212902, 4.0, -23.0439605713
21.1453762, 4.0, -23.218132019
22.1694622, 4.0, -23.3691616058
23.1935482, 4.0, -23.5026435852
24.2176342, 4.0, -23.6221179962
25.2417202, 4.0, -23.7296714783
26.2658062, 4.0, -23.8264579773
27.2898922, 4.0, -23.9133853912
28.3139782, 4.0, -23.9911746979
29.3380642, 4.0, -24.0604476929
30.3621502, 4.0, -24.1218166351
31.3862362, 4.0, -24.1758213043
32.4103241, 4.0, -24.2230567932
33.4344101, 4.0, -24.2641620636
34.4584961, 4.0, -24.2997303009
35.4825821, 4.0, -24.3303718567
36.5066681, 4.0, -24.3566970825
37.5307541, 4.0, -24.3792762756
38.5548401, 4.0, -24.3986244202
39.5789261, 4.0, -24.4152107239
40.6030121, 4.0, -24.4294490814
41.6270981, 4.0, -24.441701889
42.6511841, 4.0, -24.4522781372
43.6752701, 4.0, -24.4614505768
44.6993561, 4.0, -24.4694480896
45.7234421, 4.0, -24.4764690399
46.7475281, 4.0, -24.4826908112
47.7716141, 4.0, -24.4882602692
48.7957001, 4.0, -24.4933052063
49.8197861, 4.0, -24.4979381561
50.8438721, 4.0, -24.5022544861
51.8679581, 4.0, -24.5063400269
52.8920441, 4.0, -24.5102767944
53.9161301, 4.0, -24.5141372681
54.9402161, 4.0, -24.5179958344
55.9643021, 4.0, -24.5219249725
56.9883881, 4.0, -24.5260009766
58.0124741, 4.0, -24.5303077698
59.0365601, 4.0, -24.5349254608
60.0606461, 4.0, -24.5399551392
61.0847321, 4.0, -24.5455093384
62.1088181, 4.0, -24.5517177582
63.1329041, 4.0, -24.5587253571
64.1569901, 4.0, -24.5667076111
65.181076, 4.0, -24.5758743286
66.205162, 4.0, -24.5864772797
67.229248, 4.0, -24.5988273621
68.253334, 4.0, -24.6133117676
69.27742, 4.0, -24.6303977966
70.301506, 4.0, -24.6506652832
71.325592, 4.0, -24.6748142242
72.349678, 4.0, -24.7036876678
73.373764, 4.0, -24.7383098602
74.39785, 4.0, -24.7799224854
75.421936, 4.0, -24.8300876617
76.446022, 4.0, -24.8908500671
77.470108, 4.0, -24.9647006989
78.494194, 4.0, -25.0550403595
79.51828, 4.0, -25.1656780243
80.542366, 4.0, -25.3008842468
81.566452, 4.0, -25.465669632
82.590538, 4.0, -25.6655521393
83.614624, 4.0, -25.9064826965
84.63871, 4.0, -26.1956043243
85.662796, 4.0, -26.5417556763
86.686882, 4.0, -26.9545192719
87.710968, 4.0, -27.4421443939
88.735054, 4.0, -28.0113945007
89.75914, 4.0, -28.6692848206
90.783226, 4.0, -29.4221878052
91.807312, 4.0, -30.2723960876
92.831398, 4.0, -31.2182712555
93.855484, 4.0, -32.2605781555
94.87957, 4.0, -33.3962097168
95.903656, 4.0, -34.6119499207
96.927742, 4.0, -35.8938179016
97.951828, 4.0, -37.2301330566
98.975914, 4.0, -38.6045684814
6.72584963, 4.80000019, -14.1982746124
7.73969889, 4.80000019, -15.7622146606
8.75354862, 4.80000019, -17.6311149597
9.76739788, 4.80000019, -19.4476985931
10.7812471, 4.80000019, -21.0417709351
11.7950964, 4.80000019, -22.418466568
12.8089466, 4.80000019, -23.552570343
13.8227959, 4.80000019, -24.4745521545
14.8366451, 4.80000019, -25.2120552063
15.8504944, 4.80000019, -25.7911338806
16.8643436, 4.80000019, -26.2426013947
17.8781929, 4.80000019, -26.596321106
18.8920422, 4.80000019, -26.8779315948
19.9058933, 4.80000019, -27.1077747345
20.9197426, 4.80000019, -27.3009128571
21.9335918, 4.80000019, -27.4679775238
22.9474411, 4.80000019, -27.6160488129
23.9612904, 4.80000019, -27.7495231628
24.9751396, 4.80000019, -27.8709106445
25.9889889, 4.80000019, -27.9815330505
27.0028381, 4.80000019, -28.0821170807
28.0166874, 4.80000019, -28.1731338501
29.0305386, 4.80000019, -28.2549972534
30.0443878, 4.80000019, -28.3281517029
31.0582371, 4.80000019, -28.3930912018
32.0720863, 4.80000019, -28.4503307343
33.0859337, 4.80000019, -28.5004177094
34.0997849, 4.80000019, -28.543920517
35.113636, 4.80000019, -28.5814590454
36.1274834, 4.80000019, -28.61369133
37.1413345, 4.80000019, -28.6412734985
38.1551819, 4.80000019, -28.6648197174
39.1690331, 4.80000019, -28.684885025
40.1828804, 4.80000019, -28.7019767761
41.1967316, 4.80000019, -28.7165431976
42.2105789, 4.80000019, -28.728975296
43.2244301, 4.80000019, -28.7396068573
44.2382813, 4.80000019, -28.7487316132
45.2521286, 4.80000019, -28.7566013336
46.2659798, 4.80000019, -28.7634353638
47.2798271, 4.80000019, -28.7694282532
48.2936783, 4.80000019, -28.7747421265
49.3075256, 4.80000019, -28.7795162201
50.3213768, 4.80000019, -28.783870697
51.3352242, 4.80000019, -28.7879085541
52.3490753, 4.80000019, -28.7917251587
53.3629265, 4.80000019, -28.7954063416
54.3767738, 4.80000019, -28.799030304
55.390625, 4.80000019, -28.8026790619
56.4044724, 4.80000019, -28.806432724
57.4183235, 4.80000019, -28.810377121
58.4321709, 4.80000019, -28.8146076202
59.446022, 4.80000019, -28.8192272186
60.4598694, 4.80000019, -28.8243560791
61.4737206, 4.80000019, -28.8301277161
62.4875717, 4.80000019, -28.8366947174
63.5014191, 4.80000019, -28.8442382812
64.5152664, 4.80000019, -28.852973938
65.5291214, 4.80000019, -28.8631649017
66.5429688, 4.80000019, -28.8751373291
67.5568161, 4.80000019, -28.8892936707
68.5706635, 4.80000019, -28.9061431885
69.5845184, 4.80000019, -28.9263191223
70.5983658, 4.80000019, -28.9506111145
71.6122131, 4.80000019, -28.9799804688
72.6260681, 4.80000019, -29.0155906677
73.6399155, 4.80000019, -29.0588283539
74.6537628, 4.80000019, -29.1113376617
75.6676102, 4.80000019, -29.1751270294
76.6814651, 4.80000019, -29.2526741028
77.6953125, 4.80000019, -29.3470668793
78.7091599, 4.80000019, -29.4622898102
79.7230072, 4.80000019, -29.6036052704
80.7368622, 4.80000019, -29.7777500153
81.7507095, 4.80000019, -29.9922599792
82.7645569, 4.80000019, -30.2543125153
83.7784119, 4.80000019, -30.5707473755
84.7922592, 4.80000019, -30.9503097534
85.8061066, 4.80000019, -31.4052143097
86.8199539, 4.80000019, -31.9480266571
87.8338089, 4.80000019, -32.5870666504
88.8476563, 4.80000019, -33.3273010254
89.8615036, 4.80000019, -34.1819076538
90.8753586, 4.80000019, -35.1585540771
91.8892059, 4.80000019, -36.2471084595
92.9030533, 4.80000019, -37.43567276
93.9169006, 4.80000019, -38.7278518677
94.9307556, 4.80000019, -40.1752319336
95.944603, 4.80000019, -41.6487731934
96.9584503, 4.80000019, -43.1794929504
97.9722977, 4.80000019, -44.7573928833
98.9861526, 4.80000019, -46.3694076538
7.66761303, 5.5999999, -20.2420845032
8.67122555, 5.5999999, -21.3434753418
9.67483902, 5.5999999, -22.6881752014
10.6784515, 5.5999999, -24.0636024475
11.6820641, 5.5999999, -25.358253479
12.6856775, 5.5999999, -26.5069828033
13.68929, 5.5999999, -27.4858512878
14.6929035, 5.5999999, -28.2947559357
15.696516, 5.5999999, -28.946023941
16.7001286, 5.5999999, -29.4619483948
17.7037411, 5.5999999, -29.8686733246
18.7073555, 5.5999999, -30.1914806366
19.710968, 5.5999999, -30.4523258209
20.7145805, 5.5999999, -30.6690349579
21.7181931, 5.5999999, -30.8549232483
22.7218056, 5.5999999, -31.0191764832
23.72542, 5.5999999, -31.1676273346
24.7290325, 5.5999999, -31.3036022186
25.732645, 5.5999999, -31.428768158
26.7362576, 5.5999999, -31.5438404083
27.7398701, 5.5999999, -31.6490936279
28.7434845, 5.5999999, -31.7447319031
29.747097, 5.5999999, -31.8310565948
30.7507095, 5.5999999, -31.9084644318
31.7543221, 5.5999999, -31.9773731232
32.7579346, 5.5999999, -32.0381813049
33.7615471, 5.5999999, -32.0913124084
34.7651596, 5.5999999, -32.1373062134
35.7687759, 5.5999999, -32.1768531799
36.7723885, 5.5999999, -32.2107086182
37.776001, 5.5999999, -32.2395935059
38.7796135, 5.5999999, -32.2641563416
39.783226, 5.5999999, -32.2849845886
40.7868385, 5.5999999, -32.3026313782
41.790451, 5.5999999, -32.3175849915
42.7940636, 5.5999999, -32.3302688599
43.7976761, 5.5999999, -32.3410339355
44.8012886, 5.5999999, -32.3501930237
45.8049049, 5.5999999, -32.3580245972
46.8085175, 5.5999999, -32.3647689819
47.81213, 5.5999999, -32.3706321716
48.8157425, 5.5999999, -32.3758010864
49.819355, 5.5999999, -32.3804130554
50.8229675, 5.5999999, -32.3846092224
51.82658, 5.5999999, -32.3884887695
52.8301926, 5.5999999, -32.392162323
53.8338051, 5.5999999, -32.3957176208
54.8374176, 5.5999999, -32.3992462158
55.8410339, 5.5999999, -32.4028358459
56.8446465, 5.5999999, -32.406578064
57.848259, 5.5999999, -32.410572052
58.8518715, 5.5999999, -32.4149246216
59.855484, 5.5999999, -32.4197616577
60.8590965, 5.5999999, -32.4252243042
61.862709, 5.5999999, -32.4314727783
62.8663216, 5.5999999, -32.4387016296
63.8699341, 5.5999999, -32.4471282959
64.8735504, 5.5999999, -32.45703125
65.8771591, 5.5999999, -32.4687385559
66.8807755, 5.5999999, -32.4826698303
67.8843842, 5.5999999, -32.4993591309
68.8880005, 5.5999999, -32.5194854736
69.8916092, 5.5999999, -32.5439186096
70.8952255, 5.5999999, -32.5737724304
71.8988419, 5.5999999, -32.6104774475
72.9024506, 5.5999999, -32.6557769775
73.9060669, 5.5999999, -32.7116699219
74.9096756, 5.5999999, -32.7803192139
75.9132919, 5.5999999, -32.8641738892
76.9169006, 5.5999999, -32.9662322998
77.920517, 5.5999999, -33.0903778076
78.9241257, 5.5999999, -33.2418632507
79.927742, 5.5999999, -33.4283256531
80.9313583, 5.5999999, -33.6604003906
81.934967, 5.5999999, -33.9497413635
82.9385834, 5.5999999, -34.3052787781
83.9421921, 5.5999999, -34.7334709167
84.9458084, 5.5999999, -35.2462539673
85.9494171, 5.5999999, -35.8639526367
86.9530334, 5.5999999, -36.5994720459
87.9566422, 5.5999999, -37.4522094727
88.9602585, 5.5999999, -38.4225158691
89.9638672, 5.5999999, -39.5225067139
90.9674835, 5.5999999, -40.8704147339
91.9710999, 5.5999999, -42.2454986572
92.9747086, 5.5999999, -43.7190361023
93.9783249, 5.5999999, -45.2956848145
94.9819336, 5.5999999, -46.9637298584
95.9855499, 5.5999999, -48.6961708069
96.9891586, 5.5999999, -50.4731292725
97.992775, 5.5999999, -52.2900810242
98.9963837, 5.5999999, -54.1365356445
8.60937595, 6.4000001, -25.4003009796
9.60275269, 6.4000001, -25.9145393372
10.5961294, 6.4000001, -26.7958984375
11.5895052, 6.4000001, -27.8294239044
12.5828819, 6.4000001, -28.8735256195
13.5762577, 6.4000001, -29.8407154083
14.5696344, 6.4000001, -30.6860656738
15.5630112, 6.4000001, -31.3954963684
16.5563869, 6.4000001, -31.9739761353
17.5497627, 6.4000001, -32.4375419617
18.5431404, 6.4000001, -32.8070755005
19.5365162, 6.4000001, -33.1039810181
20.529892, 6.4000001, -33.3475990295
21.5232697, 6.4000001, -33.5537757874
22.5166454, 6.4000001, -33.7343406677
23.5100212, 6.4000001, -33.8972206116
24.503397, 6.4000001, -34.0470848083
25.4967747, 6.4000001, -34.1862716675
26.4901505, 6.4000001, -34.3156509399
27.4835262, 6.4000001, -34.4352798462
28.4769039, 6.4000001, -34.5450515747
29.4702797, 6.4000001, -34.6451225281
30.4636555, 6.4000001, -34.7359352112
31.4570332, 6.4000001, -34.8179893494
32.4504089, 6.4000001, -34.8915214539
33.4437866, 6.4000001, -34.9565658569
34.4371605, 6.4000001, -35.013256073
35.4305382, 6.4000001, -35.0621490479
36.4239159, 6.4000001, -35.1040992737
37.4172897, 6.4000001, -35.1399726868
38.4106674, 6.4000001, -35.1704978943
39.4040413, 6.4000001, -35.1963195801
40.397419, 6.4000001, -35.2180862427
41.3907967, 6.4000001, -35.23645401
42.3841705, 6.4000001, -35.2519607544
43.3775482, 6.4000001, -35.2650489807
44.3709259, 6.4000001, -35.276096344
45.3642998, 6.4000001, -35.2854423523
46.3576775, 6.4000001, -35.2933807373
47.3510551, 6.4000001, -35.3001861572
48.344429, 6.4000001, -35.3060722351
49.3378067, 6.4000001, -35.3112373352
50.3311844, 6.4000001, -35.3158340454
51.3245583, 6.4000001, -35.3200073242
52.3179359, 6.4000001, -35.3238754272
53.3113136, 6.4000001, -35.3275527954
54.3046875, 6.4000001, -35.3311386108
55.2980652, 6.4000001, -35.3347358704
56.2914391, 6.4000001, -35.3384399414
57.2848167, 6.4000001, -35.3423652649
58.2781944, 6.4000001, -35.3466262817
59.2715683, 6.4000001, -35.351348877
60.264946, 6.4000001, -35.3566856384
61.2583237, 6.4000001, -35.3627929688
62.2516975, 6.4000001, -35.3698692322
63.2450752, 6.4000001, -35.3781547546
64.2384491, 6.4000001, -35.3879394531
65.2318268, 6.4000001, -35.3995704651
66.2252045, 6.4000001, -35.413482666
67.2185822, 6.4000001, -35.430229187
68.2119598, 6.4000001, -35.4505195618
69.2053299, 6.4000001, -35.4752655029
70.1987076, 6.4000001, -35.5056343079
71.1920853, 6.4000001, -35.5432624817
72.185463, 6.4000001, -35.5905532837
73.1788406, 6.4000001, -35.6507339478
74.1722183, 6.4000001, -35.7270927429
75.1655884, 6.4000001, -35.8223381042
76.1589661, 6.4000001, -35.9391403198
77.1523438, 6.4000001, -36.0812339783
78.1457214, 6.4000001, -36.2536582947
79.1390991, 6.4000001, -36.4633026123
80.1324768, 6.4000001, -36.7220726013
81.1258469, 6.4000001, -37.0485305786
82.1192245, 6.4000001, -37.4595947266
83.1126022, 6.4000001, -37.9624061584
84.1059799, 6.4000001, -38.56092453
85.0993576, 6.4000001, -39.268081665
86.0927277, 6.4000001, -40.1919898987
87.0861053, 6.4000001, -41.2196960449
88.079483, 6.4000001, -42.364906311
89.0728607, 6.4000001, -43.6400756836
90.0662384, 6.4000001, -45.062625885
91.0596161, 6.4000001, -46.6236076355
92.0529861, 6.4000001, -48.2931518555
93.0463638, 6.4000001, -50.0502471924
94.0397415, 6.4000001, -51.8962860107
95.0331192, 6.4000001, -53.8192253113
96.0264969, 6.4000001, -55.7940101624
97.0198746, 6.4000001, -57.8022460938
98.0132446, 6.4000001, -59.8455810547
99.0066223, 6.4000001, -61.9258651733
9.55113983, 7.19999981, -29.52384758
10.5342798, 7.19999981, -29.5637111664
11.5174198, 7.19999981, -30.0813083649
12.5005589, 7.19999981, -30.839548111
13.4836988, 7.19999981, -31.6766624451
14.4668388, 7.19999981, -32.4899673462
15.4499788, 7.19999981, -33.2221717834
16.4331188, 7.19999981, -33.8484687805
17.4162579, 7.19999981, -34.3658180237
18.3993969, 7.19999981, -34.7843360901
19.3825378, 7.19999981, -35.1207923889
20.3656769, 7.19999981, -35.3939743042
21.3488178, 7.19999981, -35.6215744019
22.3319569, 7.19999981, -35.8182487488
23.3150959, 7.19999981, -35.9946250916
24.2982368, 7.19999981, -36.1572532654
25.2813759, 7.19999981, -36.309551239
26.2645168, 7.19999981, -36.4529075623
27.2476559, 7.19999981, -36.5871086121
28.2307949, 7.19999981, -36.7112312317
29.2139359, 7.19999981, -36.8249969482
30.1970749, 7.19999981, -36.9290542603
31.1802158, 7.19999981, -37.0247421265
32.163353, 7.19999981, -37.1130142212
33.1464958, 7.19999981, -37.1933250427
34.1296349, 7.19999981, -37.2644348145
35.1127739, 7.19999981, -37.3262062073
36.0959129, 7.19999981, -37.3794670105
37.079052, 7.19999981, -37.4252243042
38.0621948, 7.19999981, -37.4643249512
39.0453339, 7.19999981, -37.4974098206
40.0284729, 7.19999981, -37.5251350403
41.0116119, 7.19999981, -37.5484428406
41.994751, 7.19999981, -37.5680885315
42.9778938, 7.19999981, -37.5846481323
43.9610329, 7.19999981, -37.5985908508
44.9441719, 7.19999981, -37.610332489
45.9273109, 7.19999981, -37.6202430725
46.91045, 7.19999981, -37.6286468506
47.8935928, 7.19999981, -37.6358299255
48.8767319, 7.19999981, -37.642036438
49.8598709, 7.19999981, -37.6474761963
50.8430099, 7.19999981, -37.6523170471
51.826149, 7.19999981, -37.6567192078
52.8092918, 7.19999981, -37.6608200073
53.7924309, 7.19999981, -37.6647453308
54.7755699, 7.19999981, -37.6686172485
55.758709, 7.19999981, -37.6725540161
56.741848, 7.19999981, -37.6766777039
57.7249908, 7.19999981, -37.6811180115
58.7081299, 7.19999981, -37.6860275269
59.6912689, 7.19999981, -37.6915588379
60.674408, 7.19999981, -37.6978797913
61.657547, 7.19999981, -37.7051467896
62.6406898, 7.19999981, -37.7135925293
63.6238289, 7.19999981, -37.7235908508
64.6069641, 7.19999981, -37.7355270386
65.5901108, 7.19999981, -37.7498779297
66.5732498, 7.19999981, -37.7672348022
67.5563889, 7.19999981, -37.7883491516
68.5395279, 7.19999981, -37.814201355
69.5226669, 7.19999981, -37.8459281921
70.505806, 7.19999981, -37.8848304749
71.488945, 7.19999981, -37.9330062866
72.472084, 7.19999981, -37.9952354431
73.4552231, 7.19999981, -38.0790557861
74.4383621, 7.19999981, -38.1913299561
75.4215088, 7.19999981, -38.3335266113
76.4046478, 7.19999981, -38.5079803467
77.3877869, 7.19999981, -38.7198104858
78.3709259, 7.19999981, -38.9761314392
79.3540649, 7.19999981, -39.2862701416
80.337204, 7.19999981, -39.6654396057
81.320343, 7.19999981, -40.1884994507
82.3034821, 7.19999981, -40.8127098083
83.2866211, 7.19999981, -41.5530052185
84.2697601, 7.19999981, -42.4174690247
85.2529068, 7.19999981, -43.4277000427
86.2360458, 7.19999981, -44.5940437317
87.2191849, 7.19999981, -45.9079284668
88.2023239, 7.19999981, -47.3596572876
89.185463, 7.19999981, -48.9484786987
90.168602, 7.19999981, -50.6688270569
91.151741, 7.19999981, -52.5141029358
92.1348801, 7.19999981, -54.4662590027
93.1180191, 7.19999981, -56.4965133667
94.1011581, 7.19999981, -58.5882339478
95.0843048, 7.19999981, -60.8019676208
96.0674438, 7.19999981, -62.9897956848
97.0505829, 7.19999981, -65.2056045532
98.0337219, 7.19999981, -67.450592041
99.016861, 7.19999981, -69.7188720703
10.4929028, 8.0, -32.7669677734
11.465806, 8.0, -32.4329032898
12.4387093, 8.0, -32.6599960327
13.4116125, 8.0, -33.1942863464
14.3845158, 8.0, -33.8615226746
15.357419, 8.0, -34.5474700928
16.3303223, 8.0, -35.1843795776
17.3032265, 8.0, -35.7389450073
18.2761288, 8.0, -36.2017440796
19.249033, 8.0, -36.5786247253
20.2219353, 8.0, -36.8838920593
21.1948395, 8.0, -37.1351318359
22.1677418, 8.0, -37.349281311
23.140646, 8.0, -37.5399436951
24.1135483, 8.0, -37.7158660889
25.0864525, 8.0, -37.8816299438
26.0593548, 8.0, -38.0400505066
27.032259, 8.0, -38.1913566589
28.0051613, 8.0, -38.3324775696
28.9780636, 8.0, -38.461353302
29.9509678, 8.0, -38.5778083801
30.9238701, 8.0, -38.6843070984
31.8967743, 8.0, -38.7863731384
32.8696785, 8.0, -38.8863334656
33.8425789, 8.0, -38.9780426025
34.8154831, 8.0, -39.0592002869
35.7883873, 8.0, -39.1300048828
36.7612915, 8.0, -39.1913833618
37.7341919, 8.0, -39.2442741394
38.7070961, 8.0, -39.289390564
39.6800003, 8.0, -39.3272361755
40.6529045, 8.0, -39.3590621948
41.6258049, 8.0, -39.385925293
42.5987091, 8.0, -39.4086112976
43.5716133, 8.0, -39.4277534485
44.5445175, 8.0, -39.4438934326
45.5174179, 8.0, -39.4575080872
46.4903221, 8.0, -39.4690246582
47.4632263, 8.0, -39.4788093567
48.4361305, 8.0, -39.4871940613
49.4090309, 8.0, -39.4944534302
50.3819351, 8.0, -39.500831604
51.3548393, 8.0, -39.5065345764
52.3277435, 8.0, -39.5117530823
53.3006439, 8.0, -39.5166625977
54.2735481, 8.0, -39.5214157104
55.2464523, 8.0, -39.5261726379
56.2193565, 8.0, -39.5310935974
57.1922569, 8.0, -39.5363426208
58.1651611, 8.0, -39.542098999
59.1380653, 8.0, -39.5485687256
60.1109695, 8.0, -39.5559616089
61.0838699, 8.0, -39.5644645691
62.0567741, 8.0, -39.5741424561
63.0296783, 8.0, -39.5855522156
64.0025787, 8.0, -39.5992126465
64.9754868, 8.0, -39.6157035828
65.9483871, 8.0, -39.6357383728
66.9212875, 8.0, -39.6602096558
67.8941956, 8.0, -39.6902732849
68.8670959, 8.0, -39.7273674011
69.8399963, 8.0, -39.7731132507
70.8129044, 8.0, -39.8272666931
71.7858047, 8.0, -39.8942642212
72.7587128, 8.0, -39.975944519
73.7316132, 8.0, -40.1011695862
74.7045135, 8.0, -40.2841911316
75.6774216, 8.0, -40.5140190125
76.650322, 8.0, -40.7951622009
77.6232224, 8.0, -41.13539505
78.5961304, 8.0, -41.5449867249
79.5690308, 8.0, -42.0376243591
80.5419388, 8.0, -42.6378059387
81.5148392, 8.0, -43.3639678955
82.4877396, 8.0, -44.2255363464
83.4606476, 8.0, -45.2275733948
84.433548, 8.0, -46.3780860901
85.4064484, 8.0, -47.6864814758
86.3793564, 8.0, -49.1561889648
87.3522568, 8.0, -50.7774505615
88.3251648, 8.0, -52.5393638611
89.2980652, 8.0, -54.4410514832
90.2709656, 8.0, -56.4653129578
91.2438736, 8.0, -58.5862808228
92.216774, 8.0, -60.8883171082
93.1896744, 8.0, -63.148399353
94.1625824, 8.0, -65.4595947266
95.1354828, 8.0, -67.8203353882
96.1083908, 8.0, -70.2142715454
97.0812912, 8.0, -72.6294631958
98.0541916, 8.0, -75.066078186
99.0270996, 8.0, -77.5226821899
11.4346666, 8.80000019, -35.2919197083
12.3973331, 8.80000019, -34.6723213196
13.3599997, 8.80000019, -34.6607398987
14.3226671, 8.80000019, -35.0090751648
15.2853336, 8.80000019, -35.5338363647
16.2479992, 8.80000019, -36.1112518311
17.2106667, 8.80000019, -36.6650276184
18.1733341, 8.80000019, -37.1552047729
19.1359997, 8.80000019, -37.5680351257
20.0986671, 8.80000019, -37.9073181152
21.0613327, 8.80000019, -38.1869125366
22.0240002, 8.80000019, -38.4241485596
22.9866657, 8.80000019, -38.6349983215
23.9493332, 8.80000019, -38.8303565979
24.9120007, 8.80000019, -39.0140762329
25.8746662, 8.80000019, -39.1912384033
26.8373337, 8.80000019, -39.3675804138
27.7999992, 8.80000019, -39.5356254578
28.7626667, 8.80000019, -39.6894760132
29.7253342, 8.80000019, -39.8252410889
30.6879997, 8.80000019, -39.9397621155
31.6506672, 8.80000019, -40.0357322693
32.6133347, 8.80000019, -40.1586303711
33.5760002, 8.80000019, -40.2792320251
34.5386658, 8.80000019, -40.3899841309
35.5013351, 8.80000019, -40.488948822
36.4640007, 8.80000019, -40.5761489868
37.4266663, 8.80000019, -40.652256012
38.3893318, 8.80000019, -40.7180976868
39.3520012, 8.80000019, -40.7745285034
40.3146667, 8.80000019, -40.8226356506
41.2773323, 8.80000019, -40.8635635376
42.2400017, 8.80000019, -40.8983383179
43.2026672, 8.80000019, -40.9278488159
44.1653328, 8.80000019, -40.9528617859
45.1279984, 8.80000019, -40.9740600586
46.0906677, 8.80000019, -40.9920463562
47.0533333, 8.80000019, -41.007358551
48.0159988, 8.80000019, -41.0204620361
48.9786682, 8.80000019, -41.0317649841
49.9413338, 8.80000019, -41.0416297913
50.9039993, 8.80000019, -41.0503730774
51.8666649, 8.80000019, -41.0582771301
52.8293343, 8.80000019, -41.0656013489
53.7919998, 8.80000019, -41.072593689
54.7546654, 8.80000019, -41.0794830322
55.7173347, 8.80000019, -41.0865097046
56.6800003, 8.80000019, -41.093914032
57.6426659, 8.80000019, -41.1019554138
58.6053352, 8.80000019, -41.1109199524
59.5680008, 8.80000019, -41.1211204529
60.5306664, 8.80000019, -41.1329078674
61.4933319, 8.80000019, -41.1466369629
62.4560013, 8.80000019, -41.1628494263
63.4186668, 8.80000019, -41.1822471619
64.3813324, 8.80000019, -41.2056884766
65.3440018, 8.80000019, -41.2342185974
66.3066635, 8.80000019, -41.2691345215
67.2693329, 8.80000019, -41.3120536804
68.2320023, 8.80000019, -41.3650054932
69.194664, 8.80000019, -41.4304275513
70.1573334, 8.80000019, -41.5109291077
71.1200027, 8.80000019, -41.6105155945
72.0826645, 8.80000019, -41.7348937988
73.0453339, 8.80000019, -41.8962211609
74.0080032, 8.80000019, -42.1079216003
74.970665, 8.80000019, -42.3776626587
75.9333344, 8.80000019, -42.7109870911
76.8960037, 8.80000019, -43.1158218384
77.8586655, 8.80000019, -43.6031074524
78.8213348, 8.80000019, -44.1861343384
79.7839966, 8.80000019, -44.8815193176
80.746666, 8.80000019, -45.7073554993
81.7093353, 8.80000019, -46.678894043
82.6719971, 8.80000019, -47.8066062927
83.6346664, 8.80000019, -49.0990066528
84.5973358, 8.80000019, -50.5578536987
85.5599976, 8.80000019, -52.1827049255
86.5226669, 8.80000019, -53.9793357849
87.4853363, 8.80000019, -55.9330482483
88.447998, 8.80000019, -58.009311676
89.4106674, 8.80000019, -60.2278938293
90.3733368, 8.80000019, -62.6127319336
91.3359985, 8.80000019, -64.9716796875
92.2986679, 8.80000019, -67.3931503296
93.2613297, 8.80000019, -69.8617630005
94.223999, 8.80000019, -72.3670578003
95.1866684, 8.80000019, -74.9087677002
96.1493301, 8.80000019, -77.4807357788
97.1119995, 8.80000019, -80.0837478638
98.0746689, 8.80000019, -82.7108688354
99.0373306, 8.80000019, -85.3462600708
12.3764305, 9.60000038, -37.3412017822
13.3288603, 9.60000038, -36.4385871887
14.2812901, 9.60000038, -36.2169723511
15.2337208, 9.60000038, -36.4001426697
16.1861496, 9.60000038, -36.7991600037
17.1385803, 9.60000038, -37.2799987793
18.091011, 9.60000038, -37.7593002319
19.0434418, 9.60000038, -38.1925697327
19.9958706, 9.60000038, -38.5651245117
20.9483013, 9.60000038, -38.8821029663
21.900732, 9.60000038, -39.1571655273
22.8531609, 9.60000038, -39.4048042297
23.8055916, 9.60000038, -39.638961792
24.7580223, 9.60000038, -39.8567504883
25.7104511, 9.60000038, -40.0598754883
26.6628819, 9.60000038, -40.2769966125
27.6153126, 9.60000038, -40.4915466309
28.5677414, 9.60000038, -40.6957855225
29.5201721, 9.60000038, -40.8854942322
30.4726028, 9.60000038, -41.0592651367
31.4250317, 9.60000038, -41.2206459045
32.3774605, 9.60000038, -41.380355835
33.3298912, 9.60000038, -41.534740448
34.2823219, 9.60000038, -41.6779594421
35.2347527, 9.60000038, -41.8075218201
36.1871834, 9.60000038, -41.9229240417
37.1396141, 9.60000038, -42.0245895386
38.0920448, 9.60000038, -42.113368988
39.0444717, 9.60000038, -42.190284729
39.9969025, 9.60000038, -42.2565040588
40.9493332, 9.60000038, -42.3132629395
41.9017639, 9.60000038, -42.3617668152
42.8541946, 9.60000038, -42.4031219482
43.8066254, 9.60000038, -42.4383277893
44.7590523, 9.60000038, -42.4682769775
45.711483, 9.60000038, -42.4937667847
46.6639137, 9.60000038, -42.5155105591
47.6163445, 9.60000038, -42.5341262817
48.5687752, 9.60000038, -42.550163269
49.5212059, 9.60000038, -42.5641098022
50.4736328, 9.60000038, -42.5763893127
51.4260635, 9.60000038, -42.5873985291
52.3784943, 9.60000038, -42.5974807739
53.330925, 9.60000038, -42.6069717407
54.2833557, 9.60000038, -42.6161880493
55.2357864, 9.60000038, -42.6254386902
56.1882133, 9.60000038, -42.6350440979
57.1406441, 9.60000038, -42.6453399658
58.0930748, 9.60000038, -42.6566925049
59.0455055, 9.60000038, -42.6695098877
59.9979362, 9.60000038, -42.6842460632
60.950367, 9.60000038, -42.7014350891
61.9027939, 9.60000038, -42.7217292786
62.8552246, 9.60000038, -42.7459564209
63.8076553, 9.60000038, -42.7751541138
64.7600861, 9.60000038, -42.8106040955
65.7125168, 9.60000038, -42.8539009094
66.6649475, 9.60000038, -42.9070281982
67.6173782, 9.60000038, -42.9724617004
68.569809, 9.60000038, -43.0532417297
69.5222397, 9.60000038, -43.1530723572
70.4746704, 9.60000038, -43.276676178
71.4270935, 9.60000038, -43.430305481
72.3795242, 9.60000038, -43.6228561401
73.331955, 9.60000038, -43.8653068542
74.2843857, 9.60000038, -44.1686820984
75.2368164, 9.60000038, -44.5432472229
76.1892471, 9.60000038, -44.9996261597
77.1416779, 9.60000038, -45.5500679016
78.0941086, 9.60000038, -46.2087745667
79.0465393, 9.60000038, -46.9914932251
79.99897, 9.60000038, -47.9148788452
80.9514008, 9.60000038, -48.9976730347
81.9038315, 9.60000038, -50.251033783
82.8562546, 9.60000038, -51.68019104
83.8086853, 9.60000038, -53.2865982056
84.761116, 9.60000038, -55.080581665
85.7135468, 9.60000038, -57.0510749817
86.6659775, 9.60000038, -59.175037384
87.6184082, 9.60000038, -61.6016349792
88.5708389, 9.60000038, -63.9417800903
89.5232697, 9.60000038, -66.364364624
90.4757004, 9.60000038, -68.866607666
91.4281311, 9.60000038, -71.4258804321
92.3805618, 9.60000038, -74.0256271362
93.3329926, 9.60000038, -76.6640090942
94.2854156, 9.60000038, -79.340675354
95.2378464, 9.60000038, -82.0779266357
96.1902771, 9.60000038, -84.8127670288
97.1427078, 9.60000038, -87.5744857788
98.0951385, 9.60000038, -90.3626174927
99.0475693, 9.60000038, -93.1724700928
13.3181934, 10.3999996, -39.081287384
14.2603874, 10.3999996, -37.9285240173
15.2025805, 10.3999996, -37.4655303955
16.1447735, 10.3999996, -37.4877929688
17.0869675, 10.3999996, -37.7653083801
18.0291615, 10.3999996, -38.1581573486
18.9713554, 10.3999996, -38.5749282837
19.9135475, 10.3999996, -38.9729614258
20.8557415, 10.3999996, -39.3446235657
21.7979355, 10.3999996, -39.6944351196
22.7401295, 10.3999996, -40.0170707703
23.6823235, 10.3999996, -40.3391990662
24.6245155, 10.3999996, -40.6260490417
25.5667095, 10.3999996, -40.8976593018
26.5089035, 10.3999996, -41.1674690247
27.4510975, 10.3999996, -41.4342308044
28.3932896, 10.3999996, -41.6923027039
29.3354836, 10.3999996, -41.9376335144
30.2776775, 10.3999996, -42.1683540344
31.2198715, 10.3999996, -42.3852348328
32.1620636, 10.3999996, -42.5907707214
33.1042595, 10.3999996, -42.7842788696
34.0464516, 10.3999996, -42.9632377625
34.9886436, 10.3999996, -43.1258964539
35.9308395, 10.3999996, -43.2717475891
36.8730316, 10.3999996, -43.4011383057
37.8152275, 10.3999996, -43.5149269104
38.7574196, 10.3999996, -43.6142501831
39.6996117, 10.3999996, -43.7003974915
40.6418076, 10.3999996, -43.7747268677
41.5839996, 10.3999996, -43.8386001587
42.5261917, 10.3999996, -43.893321991
43.4683876, 10.3999996, -43.9401054382
44.4105797, 10.3999996, -43.9800605774
45.3527756, 10.3999996, -44.0141792297
46.2949677, 10.3999996, -44.0433502197
47.2371597, 10.3999996, -44.0683708191
48.1793556, 10.3999996, -44.089931488
49.1215477, 10.3999996, -44.1086502075
50.0637436, 10.3999996, -44.1250724792
51.0059357, 10.3999996, -44.1396942139
51.9481277, 10.3999996, -44.152973175
52.8903236, 10.3999996, -44.1653251648
53.8325157, 10.3999996, -44.177154541
54.7747078, 10.3999996, -44.1888504028
55.7169037, 10.3999996, -44.2008132935
56.6590958, 10.3999996, -44.2134552002
57.6012917, 10.3999996, -44.2272186279
58.5434837, 10.3999996, -44.2425918579
59.4856758, 10.3999996, -44.2601318359
60.4278717, 10.3999996, -44.2804870605
61.3700638, 10.3999996, -44.3044281006
62.3122597, 10.3999996, -44.332901001
63.2544518, 10.3999996, -44.3670883179
64.1966476, 10.3999996, -44.4084434509
65.1388397, 10.3999996, -44.4587860107
66.0810318, 10.3999996, -44.5203895569
67.0232239, 10.3999996, -44.5960769653
67.965416, 10.3999996, -44.6893348694
68.9076157, 10.3999996, -44.8044509888
69.8498077, 10.3999996, -44.9467315674
70.7919998, 10.3999996, -45.122833252
71.7341919, 10.3999996, -45.3411750793
72.676384, 10.3999996, -45.6120147705
73.6185837, 10.3999996, -45.9469833374
74.5607758, 10.3999996, -46.3586425781
75.5029678, 10.3999996, -46.8604125977
76.4451599, 10.3999996, -47.4666213989
77.387352, 10.3999996, -48.1928443909
78.3295517, 10.3999996, -49.0576782227
79.2717438, 10.3999996, -50.0778465271
80.2139359, 10.3999996, -51.2685165405
81.1561279, 10.3999996, -52.6438941956
82.09832, 10.3999996, -54.2199783325
83.0405197, 10.3999996, -55.997505188
83.9827118, 10.3999996, -57.9546356201
84.9249039, 10.3999996, -60.0843086243
85.8670959, 10.3999996, -62.5688896179
86.809288, 10.3999996, -64.9708938599
87.7514801, 10.3999996, -67.4534912109
88.6936798, 10.3999996, -70.0040130615
89.6358719, 10.3999996, -72.6125564575
90.578064, 10.3999996, -75.2808837891
91.520256, 10.3999996, -77.9998550415
92.4624481, 10.3999996, -80.794631958
93.4046478, 10.3999996, -83.5900344849
94.3468399, 10.3999996, -86.4131469727
95.289032, 10.3999996, -89.2722091675
96.2312241, 10.3999996, -92.164276123
97.1734161, 10.3999996, -95.0816879272
98.1156158, 10.3999996, -98.0263061523
99.0578079, 10.3999996, -101.002998352
14.2599573, 11.1999998, -41.1958885193
15.1919136, 11.1999998, -39.2894210815
16.1238708, 11.1999998, -38.5897789001
17.0558281, 11.1999998, -38.4031562805
17.9877853, 11.1999998, -38.5655860901
18.9197426, 11.1999998, -38.8881607056
19.8516998, 11.1999998, -39.2901573181
20.7836552, 11.1999998, -39.7531394958
21.7156124, 11.1999998, -40.2929039001
22.6475697, 11.1999998, -40.7114715576
23.5795269, 11.1999998, -41.0832633972
24.5114841, 11.1999998, -41.4288902283
25.4434414, 11.1999998, -41.7605819702
26.3753986, 11.1999998, -42.086681366
27.307354, 11.1999998, -42.4079475403
28.2393112, 11.1999998, -42.7209663391
29.1712685, 11.1999998, -43.0218925476
30.1032257, 11.1999998, -43.3080062866
31.035183, 11.1999998, -43.5781097412
31.9671402, 11.1999998, -43.8319015503
32.8990974, 11.1999998, -44.0685768127
33.8310547, 11.1999998, -44.2868118286
34.7630119, 11.1999998, -44.4855880737
35.6949692, 11.1999998, -44.6646308899
36.6269264, 11.1999998, -44.8243370056
37.5588799, 11.1999998, -44.9656219482
38.4908371, 11.1999998, -45.089717865
39.4227943, 11.1999998, -45.1980323792
40.3547516, 11.1999998, -45.2920646667
41.2867088, 11.1999998, -45.3733215332
42.2186661, 11.1999998, -45.4432830811
43.1506233, 11.1999998, -45.5033721924
44.0825806, 11.1999998, -45.5548973083
45.0145378, 11.1999998, -45.5990600586
45.9464951, 11.1999998, -45.6369400024
46.8784523, 11.1999998, -45.669506073
47.8104095, 11.1999998, -45.6976051331
48.7423668, 11.1999998, -45.7219963074
49.674324, 11.1999998, -45.7433586121
50.6062813, 11.1999998, -45.762298584
51.5382347, 11.1999998, -45.7793731689
52.470192, 11.1999998, -45.7951087952
53.4021492, 11.1999998, -45.8099975586
54.3341064, 11.1999998, -45.8245162964
55.2660637, 11.1999998, -45.8391532898
56.1980209, 11.1999998, -45.8543968201
57.1299782, 11.1999998, -45.8707771301
58.0619354, 11.1999998, -45.8888587952
58.9938927, 11.1999998, -45.9092903137
59.9258499, 11.1999998, -45.9328155518
60.8578072, 11.1999998, -45.960319519
61.7897644, 11.1999998, -45.9928665161
62.7217216, 11.1999998, -46.0317573547
63.6536789, 11.1999998, -46.0786018372
64.5856323, 11.1999998, -46.1354141235
65.5175934, 11.1999998, -46.2047119141
66.4495468, 11.1999998, -46.289642334
67.3815079, 11.1999998, -46.3940811157
68.3134613, 11.1999998, -46.5227622986
69.2454224, 11.1999998, -46.6814498901
70.1773758, 11.1999998, -46.8772163391
71.1093369, 11.1999998, -47.1187705994
72.0412903, 11.1999998, -47.4165725708
72.9732437, 11.1999998, -47.7828216553
73.9052048, 11.1999998, -48.2312088013
74.8371582, 11.1999998, -48.777431488
75.7691193, 11.1999998, -49.4390220642
76.7010727, 11.1999998, -50.2329292297
77.6330338, 11.1999998, -51.1765975952
78.5649872, 11.1999998, -52.2887878418
79.4969482, 11.1999998, -53.5873184204
80.4289017, 11.1999998, -55.0988235474
81.3608627, 11.1999998, -56.8289833069
82.2928162, 11.1999998, -58.7666168213
83.2247772, 11.1999998, -61.052482605
84.1567307, 11.1999998, -63.3988800049
85.0886917, 11.1999998, -65.7989044189
86.0206451, 11.1999998, -68.3061065674
86.9525986, 11.1999998, -70.8924407959
87.8845596, 11.1999998, -73.5391693115
88.8165131, 11.1999998, -76.2485961914
89.7484741, 11.1999998, -79.0186843872
90.6804276, 11.1999998, -81.8892364502
91.6123886, 11.1999998, -84.7421951294
92.544342, 11.1999998, -87.6304397583
93.4763031, 11.1999998, -90.5555648804
94.4082565, 11.1999998, -93.5152282715
95.3402176, 11.1999998, -96.5065307617
96.272171, 11.1999998, -99.5363006592
97.2041321, 11.1999998, -102.61239624
98.1360855, 11.1999998, -105.710281372
99.0680466, 11.1999998, -108.840164185
15.2017202, 12.0, -42.9829177856
16.1234417, 12.0, -41.1864738464
17.0451622, 12.0, -39.7443351746
17.9668808, 12.0, -39.4065437317
18.8886013, 12.0, -39.4810218811
19.8103218, 12.0, -39.8209915161
20.7320423, 12.0, -40.5332832336
21.6537628, 12.0, -41.0812301636
22.5754833, 12.0, -41.5353126526
23.4972038, 12.0, -41.9425506592
24.4189243, 12.0, -42.3304023743
25.3406448, 12.0, -42.7109603882
26.2623653, 12.0, -43.0888900757
27.1840858, 12.0, -43.4635505676
28.1058064, 12.0, -43.8312644958
29.0275269, 12.0, -44.1876373291
29.9492474, 12.0, -44.5289306641
30.8709679, 12.0, -44.8525009155
31.7926884, 12.0, -45.1565856934
32.7144089, 12.0, -45.4398231506
33.6361275, 12.0, -45.7010574341
34.5578499, 12.0, -45.9395751953
35.4795685, 12.0, -46.1552581787
36.4012909, 12.0, -46.3485794067
37.3230095, 12.0, -46.5205307007
38.2447319, 12.0, -46.6724624634
39.1664505, 12.0, -46.8059272766
40.0881729, 12.0, -46.9225387573
41.0098915, 12.0, -47.0239105225
41.9316139, 12.0, -47.1116676331
42.8533325, 12.0, -47.187412262
43.7750549, 12.0, -47.2526741028
44.6967735, 12.0, -47.3088340759
45.6184959, 12.0, -47.357170105
46.5402145, 12.0, -47.3988342285
47.461937, 12.0, -47.4348602295
48.3836555, 12.0, -47.4661560059
49.305378, 12.0, -47.4935417175
50.2270966, 12.0, -47.5177574158
51.148819, 12.0, -47.539478302
52.0705376, 12.0, -47.5593414307
52.9922562, 12.0, -47.5779457092
53.9139786, 12.0, -47.595867157
54.8356972, 12.0, -47.6136856079
55.7574196, 12.0, -47.6319885254
56.6791382, 12.0, -47.6513900757
57.6008606, 12.0, -47.6725502014
58.5225792, 12.0, -47.6962051392
59.4443016, 12.0, -47.7232055664
60.3660202, 12.0, -47.754535675
61.2877426, 12.0, -47.7913818359
62.2094612, 12.0, -47.8351669312
63.1311836, 12.0, -47.8876571655
64.0529022, 12.0, -47.9510383606
64.9746246, 12.0, -48.0280761719
65.896347, 12.0, -48.1222648621
66.8180618, 12.0, -48.2379646301
67.7397842, 12.0, -48.3804550171
68.6615067, 12.0, -48.5559463501
69.5832291, 12.0, -48.7717857361
70.5049438, 12.0, -49.0372619629
71.4266663, 12.0, -49.3632698059
72.3483887, 12.0, -49.7630615234
73.2701111, 12.0, -50.251865387
74.1918259, 12.0, -50.8460159302
75.1135483, 12.0, -51.5632896423
76.0352707, 12.0, -52.424571991
76.9569855, 12.0, -53.4511413574
77.8787079, 12.0, -54.6651039124
78.8004303, 12.0, -56.089756012
79.7221527, 12.0, -57.7353553772
80.6438675, 12.0, -59.598865509
81.5655899, 12.0, -61.9756622314
82.4873123, 12.0, -64.229850769
83.4090347, 12.0, -66.6079101562
84.3307495, 12.0, -69.09034729
85.2524719, 12.0, -71.6615447998
86.1741943, 12.0, -74.3157653809
87.0959167, 12.0, -77.0426864624
88.0176315, 12.0, -79.8358612061
88.9393539, 12.0, -82.7499923706
89.8610764, 12.0, -85.6391448975
90.7827988, 12.0, -88.5673904419
91.7045135, 12.0, -91.53465271
92.626236, 12.0, -94.5348587036
93.5479584, 12.0, -97.5706939697
94.4696808, 12.0, -100.65827179
95.3913956, 12.0, -103.782943726
96.313118, 12.0, -106.942878723
97.2348404, 12.0, -110.148292542
98.1565628, 12.0, -113.395591736
99.0782776, 12.0, -116.678993225
16.1434841, 12.8000002, -44.773891449
17.0549679, 12.8000002, -42.9823875427
17.9664516, 12.8000002, -41.9128265381
18.8779354, 12.8000002, -41.4448127747
19.7894192, 12.8000002, -41.4428634644
20.7009029, 12.8000002, -41.7817268372
21.6123867, 12.8000002, -42.1936683655
22.5238705, 12.8000002, -42.5987167358
23.4353542, 12.8000002, -42.9994697571
24.346838, 12.8000002, -43.4050788879
25.2583218, 12.8000002, -43.8192253113
26.1698055, 12.8000002, -44.2406692505
27.0812912, 12.8000002, -44.6649436951
27.992775, 12.8000002, -45.0860214233
28.9042587, 12.8000002, -45.4978218079
29.8157425, 12.8000002, -45.8951301575
30.7272263, 12.8000002, -46.2739524841
31.63871, 12.8000002, -46.6313514709
32.5501938, 12.8000002, -46.9652061462
33.4616776, 12.8000002, -47.2740478516
34.3731613, 12.8000002, -47.5569725037
35.2846451, 12.8000002, -47.8138389587
36.1961288, 12.8000002, -48.0451431274
37.1076126, 12.8000002, -48.2519874573
38.0190964, 12.8000002, -48.4359169006
38.9305801, 12.8000002, -48.5987129211
39.8420639, 12.8000002, -48.7421035767
40.7535477, 12.8000002, -48.8676681519
41.6650314, 12.8000002, -48.9770393372
42.5765152, 12.8000002, -49.0720024109
43.487999, 12.8000002, -49.1542778015
44.3994827, 12.8000002, -49.2253875732
45.3109665, 12.8000002, -49.286781311
46.2224503, 12.8000002, -49.3398170471
47.133934, 12.8000002, -49.3857345581
48.0454178, 12.8000002, -49.4256591797
48.9569016, 12.8000002, -49.4605865479
49.8683853, 12.8000002, -49.4914207458
50.7798691, 12.8000002, -49.5189743042
51.6913567, 12.8000002, -49.5440177917
52.6028404, 12.8000002, -49.5672721863
53.5143242, 12.8000002, -49.5894393921
54.425808, 12.8000002, -49.6111946106
55.3372917, 12.8000002, -49.6332511902
56.2487755, 12.8000002, -49.6563186646
57.1602592, 12.8000002, -49.6811714172
58.071743, 12.8000002, -49.7086448669
58.9832268, 12.8000002, -49.7397041321
59.8947105, 12.8000002, -49.7754554749
60.8061943, 12.8000002, -49.8172149658
61.7176781, 12.8000002, -49.8665542603
62.6291618, 12.8000002, -49.9253845215
63.5406456, 12.8000002, -49.9960746765
64.4521255, 12.8000002, -50.0816268921
65.3636093, 12.8000002, -50.1859207153
66.2750931, 12.8000002, -50.3139839172
67.1865768, 12.8000002, -50.4720802307
68.0980682, 12.8000002, -50.6674461365
69.009552, 12.8000002, -50.9078063965
69.9210358, 12.8000002, -51.2013206482
70.8325195, 12.8000002, -51.55809021
71.7440033, 12.8000002, -51.9922447205
72.6554871, 12.8000002, -52.5225524902
73.5669708, 12.8000002, -53.1703453064
74.4784546, 12.8000002, -53.953754425
75.3899384, 12.8000002, -54.8919029236
76.3014221, 12.8000002, -56.0176696777
77.2129059, 12.8000002, -57.3555450439
78.1243896, 12.8000002, -58.9037513733
79.0358734, 12.8000002, -60.7810020447
79.9473572, 12.8000002, -62.9691047668
80.8588409, 12.8000002, -65.1565246582
81.7703247, 12.8000002, -67.4828109741
82.6818085, 12.8000002, -69.9191665649
83.5932922, 12.8000002, -72.4496002197
84.504776, 12.8000002, -75.0766448975
85.4162598, 12.8000002, -77.7897949219
86.3277435, 12.8000002, -80.6010665894
87.2392273, 12.8000002, -83.5039215088
88.1507111, 12.8000002, -86.4001617432
89.0621948, 12.8000002, -89.3410186768
89.9736786, 12.8000002, -92.3240661621
90.8851624, 12.8000002, -95.33934021
91.7966461, 12.8000002, -98.3935775757
92.7081299, 12.8000002, -101.510139465
93.6196136, 12.8000002, -104.647865295
94.5310974, 12.8000002, -107.830253601
95.4425812, 12.8000002, -111.064735413
96.3540649, 12.8000002, -114.3516922
97.2655487, 12.8000002, -117.689491272
98.1770325, 12.8000002, -121.081893921
99.0885162, 12.8000002, -124.520469666
17.085247, 13.6000004, -46.6279449463
17.9864941, 13.6000004, -45.0166816711
18.8877411, 13.6000004, -44.0234832764
19.78899, 13.6000004, -43.5791320801
20.690237, 13.6000004, -43.5385169983
21.5914841, 13.6000004, -43.7147331238
22.4927311, 13.6000004, -43.997177124
23.3939781, 13.6000004, -44.3439788818
24.2952251, 13.6000004, -44.7380332947
25.1964722, 13.6000004, -45.1678771973
26.0977211, 13.6000004, -45.6227607727
26.9989681, 13.6000004, -46.0918731689
27.9002151, 13.6000004, -46.5648994446
28.8014622, 13.6000004, -47.0328559875
29.7027092, 13.6000004, -47.4884185791
30.6039562, 13.6000004, -47.9260787964
31.5052052, 13.6000004, -48.3417434692
32.4064522, 13.6000004, -48.7321853638
33.3076973, 13.6000004, -49.0953178406
34.2089462, 13.6000004, -49.429271698
35.1101952, 13.6000004, -49.7336044312
36.0114403, 13.6000004, -50.0087852478
36.9126892, 13.6000004, -50.2561645508
37.8139343, 13.6000004, -50.4777526855
38.7151833, 13.6000004, -50.6759223938
39.6164284, 13.6000004, -50.8526191711
40.5176773, 13.6000004, -51.0089912415
41.4189262, 13.6000004, -51.1462669373
42.3201714, 13.6000004, -51.2659721375
43.2214203, 13.6000004, -51.3699073792
44.1226654, 13.6000004, -51.4599990845
45.0239143, 13.6000004, -51.5379447937
45.9251595, 13.6000004, -51.6052436829
46.8264084, 13.6000004, -51.6634178162
47.7276573, 13.6000004, -51.7139549255
48.6289024, 13.6000004, -51.7581253052
49.5301514, 13.6000004, -51.7970542908
50.4313965, 13.6000004, -51.8317337036
51.3326454, 13.6000004, -51.8631019592
52.2338943, 13.6000004, -51.8920211792
53.1351395, 13.6000004, -51.9193229675
54.0363884, 13.6000004, -51.9458274841
54.9376335, 13.6000004, -51.9723358154
55.8388824, 13.6000004, -51.9996948242
56.7401276, 13.6000004, -52.0287895203
57.6413765, 13.6000004, -52.0605926514
58.5426254, 13.6000004, -52.0961914062
59.4438705, 13.6000004, -52.1368331909
60.3451195, 13.6000004, -52.183971405
61.2463646, 13.6000004, -52.2393341064
62.1476135, 13.6000004, -52.3049964905
63.0488586, 13.6000004, -52.3834915161
63.9501076, 13.6000004, -52.478012085
64.8513565, 13.6000004, -52.592716217
65.7526016, 13.6000004, -52.7332878113
66.6538467, 13.6000004, -52.9075775146
67.5550995, 13.6000004, -53.1254386902
68.4563446, 13.6000004, -53.396812439
69.3575897, 13.6000004, -53.7295875549
70.2588425, 13.6000004, -54.1301231384
71.1600876, 13.6000004, -54.6079978943
72.0613327, 13.6000004, -55.182258606
72.9625778, 13.6000004, -55.8891105652
73.8638306, 13.6000004, -56.7644844055
74.7650757, 13.6000004, -57.8178939819
75.6663208, 13.6000004, -59.031703949
76.5675735, 13.6000004, -60.5344963074
77.4688187, 13.6000004, -62.4731216431
78.3700638, 13.6000004, -64.3287124634
79.2713089, 13.6000004, -66.3741836548
80.1725616, 13.6000004, -68.5801696777
81.0738068, 13.6000004, -70.9172363281
81.9750519, 13.6000004, -73.372795105
82.8763046, 13.6000004, -75.9397659302
83.7775497, 13.6000004, -78.60987854
84.6787949, 13.6000004, -81.4165649414
85.58004, 13.6000004, -84.2744674683
86.4812927, 13.6000004, -87.1495437622
87.3825378, 13.6000004, -90.073348999
88.283783, 13.6000004, -93.042640686
89.1850357, 13.6000004, -96.0467834473
90.0862808, 13.6000004, -99.0937652588
90.9875259, 13.6000004, -102.208587646
91.8887711, 13.6000004, -105.337089539
92.7900238, 13.6000004, -108.510055542
93.6912689, 13.6000004, -111.734375
94.592514, 13.6000004, -115.014144897
95.4937668, 13.6000004, -118.352981567
96.3950119, 13.6000004, -121.761886597
97.296257, 13.6000004, -125.232765198
98.1975021, 13.6000004, -128.765853882
99.0987549, 13.6000004, -132.358230591
18.02701, 14.3999996, -48.6463775635
18.9180222, 14.3999996, -47.1538276672
19.8090324, 14.3999996, -46.2461051941
20.7000427, 14.3999996, -45.8123207092
21.591053, 14.3999996, -45.7071647644
22.4820652, 14.3999996, -45.8161354065
23.3730755, 14.3999996, -46.069568634
24.2640858, 14.3999996, -46.4253158569
25.1550961, 14.3999996, -46.8542671204
26.0461082, 14.3999996, -47.3337135315
26.9371185, 14.3999996, -47.8443527222
27.8281288, 14.3999996, -48.3695449829
28.7191391, 14.3999996, -48.8964080811
29.6101513, 14.3999996, -49.4146881104
30.5011616, 14.3999996, -49.9174003601
31.3921719, 14.3999996, -50.3996124268
32.2831841, 14.3999996, -50.8564987183
33.1741943, 14.3999996, -51.2822151184
34.0652046, 14.3999996, -51.67370224
34.9562149, 14.3999996, -52.0309181213
35.8472252, 14.3999996, -52.3546867371
36.7382355, 14.3999996, -52.6470909119
37.6292458, 14.3999996, -52.9112014771
38.5202599, 14.3999996, -53.1511230469
39.4112701, 14.3999996, -53.3699874878
40.3022804, 14.3999996, -53.5670814514
41.1932907, 14.3999996, -53.742099762
42.084301, 14.3999996, -53.8959503174
42.9753113, 14.3999996, -54.0302581787
43.8663216, 14.3999996, -54.1468238831
44.7573318, 14.3999996, -54.2474136353
45.6483459, 14.3999996, -54.3336677551
46.5393562, 14.3999996, -54.4074325562
47.4303665, 14.3999996, -54.4711112976
48.3213768, 14.3999996, -54.5265846252
49.2123871, 14.3999996, -54.5753440857
50.1033974, 14.3999996, -54.6186561584
50.9944077, 14.3999996, -54.6576652527
51.8854179, 14.3999996, -54.6934127808
52.7764282, 14.3999996, -54.7269058228
53.6674423, 14.3999996, -54.7591056824
54.5584526, 14.3999996, -54.7909622192
55.4494629, 14.3999996, -54.8234443665
56.3404732, 14.3999996, -54.8575744629
57.2314835, 14.3999996, -54.8944664001
58.1224937, 14.3999996, -54.9353637695
59.013504, 14.3999996, -54.981678009
59.9045143, 14.3999996, -55.0350456238
60.7955284, 14.3999996, -55.0973815918
61.6865387, 14.3999996, -55.1709632874
62.577549, 14.3999996, -55.2585296631
63.4685593, 14.3999996, -55.3634529114
64.3595734, 14.3999996, -55.4900398254
65.2505798, 14.3999996, -55.6441688538
66.1415939, 14.3999996, -55.834854126
67.0326004, 14.3999996, -56.0769729614
67.9236145, 14.3999996, -56.3892936707
68.814621, 14.3999996, -56.7858009338
69.7056351, 14.3999996, -57.263256073
70.5966415, 14.3999996, -57.8195419312
71.4876556, 14.3999996, -58.4582366943
72.3786697, 14.3999996, -59.2083435059
73.2696762, 14.3999996, -60.1524963379
74.1606903, 14.3999996, -61.4980316162
75.0516968, 14.3999996, -62.9618873596
75.9427109, 14.3999996, -64.4530944824
76.8337173, 14.3999996, -66.1608276367
77.7247314, 14.3999996, -68.0452651978
78.6157455, 14.3999996, -70.0774917603
79.506752, 14.3999996, -72.255569458
80.3977661, 14.3999996, -74.5822601318
81.2887726, 14.3999996, -77.0419464111
82.1797867, 14.3999996, -79.6223373413
83.0707932, 14.3999996, -82.3953170776
83.9618073, 14.3999996, -85.1714706421
84.8528137, 14.3999996, -87.9957046509
85.7438278, 14.3999996, -90.8756408691
86.6348419, 14.3999996, -93.8035354614
87.5258484, 14.3999996, -96.7713470459
88.4168625, 14.3999996, -99.7864303589
89.307869, 14.3999996, -102.875282288
90.1988831, 14.3999996, -105.970825195
91.0898895, 14.3999996, -109.109855652
91.9809036, 14.3999996, -112.296966553
92.8719177, 14.3999996, -115.53578949
93.7629242, 14.3999996, -118.832672119
94.6539383, 14.3999996, -122.20464325
95.5449448, 14.3999996, -125.644012451
96.4359589, 14.3999996, -129.160751343
97.3269653, 14.3999996, -132.760025024
98.2179794, 14.3999996, -136.438323975
99.1089859, 14.3999996, -140.190368652
18.9687748, 15.1999998, -50.8344230652
19.8495483, 15.1999998, -49.4627227783
20.7303219, 15.1999998, -48.6342277527
21.6110973, 15.1999998, -48.2309684753
22.4918709, 15.1999998, -48.1411132812
23.3726444, 15.1999998, -48.2776527405
24.2534199, 15.1999998, -48.5778808594
25.1341934, 15.1999998, -48.9956970215
26.014967, 15.1999998, -49.4961891174
26.8957424, 15.1999998, -50.0501937866
27.776516, 15.1999998, -50.6321716309
28.6572895, 15.1999998, -51.221157074
29.538065, 15.1999998, -51.8045005798
30.4188385, 15.1999998, -52.3763885498
31.299612, 15.1999998, -52.933681488
32.1803856, 15.1999998, -53.4709243774
33.061161, 15.1999998, -53.9751319885
33.9419365, 15.1999998, -54.4367027283
34.8227081, 15.1999998, -54.8546867371
35.7034836, 15.1999998, -55.2329177856
36.584259, 15.1999998, -55.5752944946
37.4650307, 15.1999998, -55.8870773315
38.3458061, 15.1999998, -56.1768455505
39.2265816, 15.1999998, -56.45495224
40.1073532, 15.1999998, -56.713054657
40.9881287, 15.1999998, -56.9459037781
41.8689041, 15.1999998, -57.1525230408
42.7496758, 15.1999998, -57.3340606689
43.6304512, 15.1999998, -57.4923324585
44.5112267, 15.1999998, -57.628818512
45.3919983, 15.1999998, -57.7439918518
46.2727737, 15.1999998, -57.8388938904
47.1535492, 15.1999998, -57.9193496704
48.0343208, 15.1999998, -57.9888305664
48.9150963, 15.1999998, -58.0496025085
49.7958717, 15.1999998, -58.1033859253
50.6766434, 15.1999998, -58.1516189575
51.5574188, 15.1999998, -58.195602417
52.4381943, 15.1999998, -58.236530304
53.3189659, 15.1999998, -58.2755584717
54.1997414, 15.1999998, -58.3138122559
55.0805168, 15.1999998, -58.3524208069
55.9612885, 15.1999998, -58.3925743103
56.8420639, 15.1999998, -58.435546875
57.7228394, 15.1999998, -58.4827651978
58.6036148, 15.1999998, -58.5358467102
59.4843864, 15.1999998, -58.5966644287
60.3651619, 15.1999998, -58.6674041748
61.2459373, 15.1999998, -58.7506332397
62.126709, 15.1999998, -58.8493843079
63.0074844, 15.1999998, -58.9672927856
63.8882599, 15.1999998, -59.1088485718
64.7690353, 15.1999998, -59.2798995972
65.6498032, 15.1999998, -59.4887657166
66.5305786, 15.1999998, -59.7493591309
67.4113541, 15.1999998, -60.0981788635
68.2921295, 15.1999998, -60.6090965271
69.172905, 15.1999998, -61.2407798767
70.0536804, 15.1999998, -61.9823532104
70.9344482, 15.1999998, -62.7741966248
71.8152237, 15.1999998, -63.5934486389
72.6959991, 15.1999998, -64.5481491089
73.5767746, 15.1999998, -65.7083969116
74.45755, 15.1999998, -67.0641403198
75.3383255, 15.1999998, -68.575088501
76.2190933, 15.1999998, -70.2378768921
77.0998688, 15.1999998, -72.0679550171
77.9806442, 15.1999998, -74.0654449463
78.8614197, 15.1999998, -76.2216415405
79.7421951, 15.1999998, -78.5293273926
80.6229706, 15.1999998, -81.0073928833
81.5037384, 15.1999998, -83.6504974365
82.3845139, 15.1999998, -86.3082885742
83.2652893, 15.1999998, -89.0453338623
84.1460648, 15.1999998, -91.8500823975
85.0268402, 15.1999998, -94.7081451416
85.9076157, 15.1999998, -97.6163406372
86.7883835, 15.1999998, -100.583183289
87.6691589, 15.1999998, -103.61466217
88.5499344, 15.1999998, -106.657142639
89.4307098, 15.1999998, -109.742576599
90.3114853, 15.1999998, -112.872756958
91.1922607, 15.1999998, -116.048614502
92.0730286, 15.1999998, -119.278236389
92.953804, 15.1999998, -122.579734802
93.8345795, 15.1999998, -125.941017151
94.7153549, 15.1999998, -129.380065918
95.5961304, 15.1999998, -132.909179688
96.4769058, 15.1999998, -136.534622192
97.3576736, 15.1999998, -140.263366699
98.2384491, 15.1999998, -144.091186523
99.1192245, 15.1999998, -148.007614136
19.9105377, 16.0, -53.2582855225
20.7810745, 16.0, -52.0506973267
21.6516132, 16.0, -51.3582038879
22.52215, 16.0, -51.0712623596
23.3926888, 16.0, -51.0886154175
24.2632256, 16.0, -51.3285217285
25.1337643, 16.0, -51.7315979004
26.0043011, 16.0, -52.2548484802
26.8748379, 16.0, -52.8596611023
27.7453766, 16.0, -53.5079498291
28.6159134, 16.0, -54.1679573059
29.4864521, 16.0, -54.82371521
30.3569889, 16.0, -55.4717903137
31.2275276, 16.0, -56.1202507019
32.0980644, 16.0, -56.7707977295
32.9686012, 16.0, -57.3865203857
33.839138, 16.0, -57.9377708435
34.7096786, 16.0, -58.4272613525
35.5802155, 16.0, -58.8673591614
36.4507523, 16.0, -59.2660636902
37.3212891, 16.0, -59.6308898926
38.1918297, 16.0, -59.9768600464
39.0623665, 16.0, -60.3566856384
39.9329033, 16.0, -60.7257881165
40.8034401, 16.0, -61.0644454956
41.6739769, 16.0, -61.3676071167
42.5445175, 16.0, -61.6354751587
43.4150543, 16.0, -61.8700180054
44.2855911, 16.0, -62.072883606
45.1561279, 16.0, -62.2415275574
46.0266685, 16.0, -62.3652572632
46.8972054, 16.0, -62.4662971497
47.7677422, 16.0, -62.5521125793
48.638279, 16.0, -62.6265182495
49.5088158, 16.0, -62.6920013428
50.3793564, 16.0, -62.7504768372
51.2498932, 16.0, -62.8035507202
52.12043, 16.0, -62.8526725769
52.9909668, 16.0, -62.8991966248
53.8615036, 16.0, -62.9444389343
54.7320442, 16.0, -62.9897117615
55.602581, 16.0, -63.0363807678
56.4731178, 16.0, -63.0859146118
57.3436546, 16.0, -63.1399345398
58.2141953, 16.0, -63.2003097534
59.0847321, 16.0, -63.2692222595
59.9552689, 16.0, -63.3492431641
60.8258057, 16.0, -63.4433708191
61.6963425, 16.0, -63.5550994873
62.5668831, 16.0, -63.688457489
63.4374199, 16.0, -63.8482093811
64.3079605, 16.0, -64.0402908325
65.1784973, 16.0, -64.2725982666
66.0490341, 16.0, -64.5565261841
66.9195709, 16.0, -64.9108963013
67.7901077, 16.0, -65.3631973267
68.6606445, 16.0, -65.9228591919
69.5311813, 16.0, -66.5891189575
70.4017181, 16.0, -67.3509063721
71.2722549, 16.0, -68.203742981
72.1427994, 16.0, -69.170539856
73.0133362, 16.0, -70.2860488892
73.883873, 16.0, -71.5704956055
74.7544098, 16.0, -73.0247192383
75.6249466, 16.0, -74.6473464966
76.4954834, 16.0, -76.4410629272
77.3660202, 16.0, -78.396484375
78.236557, 16.0, -80.52734375
79.1070938, 16.0, -82.8787536621
79.9776306, 16.0, -85.297164917
80.848175, 16.0, -87.8064193726
81.7187119, 16.0, -90.4115982056
82.5892487, 16.0, -93.0995101929
83.4597855, 16.0, -95.8535919189
84.3303223, 16.0, -98.6739578247
85.2008591, 16.0, -101.57233429
86.0713959, 16.0, -104.51966095
86.9419327, 16.0, -107.489814758
87.8124695, 16.0, -110.503242493
88.6830139, 16.0, -113.559860229
89.5535507, 16.0, -116.658096313
90.4240875, 16.0, -119.805847168
91.2946243, 16.0, -123.020385742
92.1651611, 16.0, -126.281761169
93.0356979, 16.0, -129.611907959
93.9062347, 16.0, -133.023406982
94.7767715, 16.0, -136.526916504
95.6473083, 16.0, -140.138519287
96.5178528, 16.0, -143.869537354
97.3883896, 16.0, -147.72366333
98.2589264, 16.0, -151.707550049
99.1294632, 16.0, -155.807403564
20.8523006, 16.7999992, -56.1012802124
21.7126026, 16.7999992, -55.1603736877
22.5729027, 16.7999992, -54.7144584656
23.4332047, 16.7999992, -54.6365432739
24.2935047, 16.7999992, -54.8306694031
25.1538067, 16.7999992, -55.2308921814
26.0141068, 16.7999992, -55.7973480225
26.8744087, 16.7999992, -56.486164093
27.7347088, 16.7999992, -57.23387146
28.5950108, 16.7999992, -57.9802818298
29.4553127, 16.7999992, -58.7122688293
30.3156128, 16.7999992, -59.4405021667
31.1759148, 16.7999992, -60.209022522
32.0362167, 16.7999992, -61.0692100525
32.8965149, 16.7999992, -61.893787384
33.7568169, 16.7999992, -62.5760612488
34.6171188, 16.7999992, -63.1441459656
35.4774208, 16.7999992, -63.6471786499
36.337719, 16.7999992, -64.1025848389
37.1980209, 16.7999992, -64.5199050903
38.0583229, 16.7999992, -64.909538269
38.9186249, 16.7999992, -65.2865447998
39.778923, 16.7999992, -65.6439743042
40.639225, 16.7999992, -65.9725952148
41.499527, 16.7999992, -66.2683486938
42.3598289, 16.7999992, -66.5310516357
43.2201309, 16.7999992, -66.7621994019
44.0804291, 16.7999992, -66.963432312
44.940731, 16.7999992, -67.1352310181
45.801033, 16.7999992, -67.2770080566
46.661335, 16.7999992, -67.3949508667
47.5216331, 16.7999992, -67.495010376
48.3819351, 16.7999992, -67.5814819336
49.2422371, 16.7999992, -67.6573257446
50.1025391, 16.7999992, -67.7248077393
50.9628372, 16.7999992, -67.7857971191
51.8231392, 16.7999992, -67.8419570923
52.6834412, 16.7999992, -67.8948059082
53.5437431, 16.7999992, -67.9457931519
54.4040413, 16.7999992, -67.996383667
55.2643433, 16.7999992, -68.0480499268
56.1246452, 16.7999992, -68.1023788452
56.9849472, 16.7999992, -68.1611251831
57.8452492, 16.7999992, -68.226272583
58.7055473, 16.7999992, -68.3001861572
59.5658493, 16.7999992, -68.3857803345
60.4261513, 16.7999992, -68.4864120483
61.2864532, 16.7999992, -68.6060180664
62.1467514, 16.7999992, -68.7490310669
63.0070534, 16.7999992, -68.9203033447
63.8673553, 16.7999992, -69.1254730225
64.7276535, 16.7999992, -69.3716506958
65.5879593, 16.7999992, -69.6680908203
66.4482574, 16.7999992, -70.0270385742
67.3085556, 16.7999992, -70.4634780884
68.1688614, 16.7999992, -70.989440918
69.0291595, 16.7999992, -71.6121063232
69.8894653, 16.7999992, -72.3349609375
70.7497635, 16.7999992, -73.1642227173
71.6100616, 16.7999992, -74.1150665283
72.4703674, 16.7999992, -75.2094955444
73.3306656, 16.7999992, -76.4602050781
74.1909714, 16.7999992, -77.8655853271
75.0512695, 16.7999992, -79.4300384521
75.9115677, 16.7999992, -81.2092208862
76.7718735, 16.7999992, -83.1814804077
77.6321716, 16.7999992, -85.252571106
78.4924698, 16.7999992, -87.4436721802
79.3527756, 16.7999992, -89.7629470825
80.2130737, 16.7999992, -92.1948013306
81.0733795, 16.7999992, -94.7226257324
81.9336777, 16.7999992, -97.3373413086
82.7939758, 16.7999992, -100.035041809
83.6542816, 16.7999992, -102.836128235
84.5145798, 16.7999992, -105.670707703
85.3748779, 16.7999992, -108.546951294
86.2351837, 16.7999992, -111.469993591
87.0954819, 16.7999992, -114.437561035
87.9557877, 16.7999992, -117.446472168
88.8160858, 16.7999992, -120.504104614
89.676384, 16.7999992, -123.620254517
90.5366898, 16.7999992, -126.774383545
91.3969879, 16.7999992, -129.98677063
92.2572937, 16.7999992, -133.266433716
93.1175919, 16.7999992, -136.622970581
93.97789, 16.7999992, -140.072982788
94.8381958, 16.7999992, -143.632797241
95.698494, 16.7999992, -147.311859131
96.5587921, 16.7999992, -151.136062622
97.4190979, 16.7999992, -155.11907959
98.2793961, 16.7999992, -159.270751953
99.1397018, 16.7999992, -163.578323364
21.7940636, 17.6000004, -59.781791687
22.6441288, 17.6000004, -59.2608261108
23.494194, 17.6000004, -59.1432380676
24.3442574, 17.6000004, -59.3222503662
25.1943226, 17.6000004, -59.7401428223
26.0443878, 17.6000004, -60.4041786194
26.8944511, 17.6000004, -61.2761917114
27.7445164, 17.6000004, -62.2255554199
28.5945797, 17.6000004, -63.0897140503
29.4446449, 17.6000004, -63.8898048401
30.2947102, 17.6000004, -64.6688537598
31.1447735, 17.6000004, -65.4490661621
31.9948387, 17.6000004, -66.2379684448
32.844902, 17.6000004, -66.9938430786
33.6949692, 17.6000004, -67.6743087769
34.5450325, 17.6000004, -68.279510498
35.3950958, 17.6000004, -68.8267745972
36.245163, 17.6000004, -69.3268051147
37.0952263, 17.6000004, -69.785949707
37.9452896, 17.6000004, -70.2099838257
38.7953529, 17.6000004, -70.6044387817
39.6454201, 17.6000004, -70.9688644409
40.4954834, 17.6000004, -71.3003234863
41.3455467, 17.6000004, -71.5973815918
42.1956139, 17.6000004, -71.8612136841
43.0456772, 17.6000004, -72.0939712524
43.8957405, 17.6000004, -72.2978668213
44.7458076, 17.6000004, -72.4747085571
45.595871, 17.6000004, -72.6261901855
46.4459343, 17.6000004, -72.7555465698
47.2960014, 17.6000004, -72.8666229248
48.1460648, 17.6000004, -72.9629364014
48.9961281, 17.6000004, -73.0474014282
49.8461952, 17.6000004, -73.1224060059
50.6962585, 17.6000004, -73.1899795532
51.5463219, 17.6000004, -73.2519226074
52.3963852, 17.6000004, -73.3098678589
53.2464523, 17.6000004, -73.3653869629
54.0965157, 17.6000004, -73.4200057983
54.946579, 17.6000004, -73.4752960205
55.7966461, 17.6000004, -73.5328903198
56.6467094, 17.6000004, -73.5945968628
57.4967728, 17.6000004, -73.6624679565
58.3468399, 17.6000004, -73.7388916016
59.1969032, 17.6000004, -73.8267211914
60.0469666, 17.6000004, -73.929649353
60.8970337, 17.6000004, -74.0522994995
61.747097, 17.6000004, -74.1999816895
62.5971603, 17.6000004, -74.377784729
63.4472275, 17.6000004, -74.590637207
64.297287, 17.6000004, -74.844909668
65.1473541, 17.6000004, -75.1485595703
65.9974213, 17.6000004, -75.5111541748
66.8474808, 17.6000004, -75.9435348511
67.6975479, 17.6000004, -76.4559631348
68.5476151, 17.6000004, -77.0558853149
69.3976746, 17.6000004, -77.748298645
70.2477417, 17.6000004, -78.5399856567
71.0978088, 17.6000004, -79.4497451782
71.9478683, 17.6000004, -80.5190811157
72.7979355, 17.6000004, -81.7694244385
73.6480026, 17.6000004, -83.1770324707
74.4980621, 17.6000004, -84.7086486816
75.3481293, 17.6000004, -86.3650512695
76.1981964, 17.6000004, -88.1825180054
77.0482559, 17.6000004, -90.1464996338
77.8983231, 17.6000004, -92.2436828613
78.7483902, 17.6000004, -94.4644393921
79.5984497, 17.6000004, -96.7994766235
80.4485168, 17.6000004, -99.2417755127
81.298584, 17.6000004, -101.802116394
82.1486435, 17.6000004, -104.449638367
82.9987106, 17.6000004, -107.141448975
83.8487778, 17.6000004, -109.897377014
84.6988373, 17.6000004, -112.709602356
85.5489044, 17.6000004, -115.570899963
86.3989639, 17.6000004, -118.477355957
87.2490311, 17.6000004, -121.436584473
88.0990982, 17.6000004, -124.445960999
88.9491577, 17.6000004, -127.489738464
89.7992249, 17.6000004, -130.583526611
90.649292, 17.6000004, -133.73236084
91.4993515, 17.6000004, -136.943359375
92.3494186, 17.6000004, -140.22958374
93.1994858, 17.6000004, -143.604797363
94.0495453, 17.6000004, -147.075119019
94.8996124, 17.6000004, -150.667373657
95.7496796, 17.6000004, -154.402267456
96.5997391, 17.6000004, -158.308380127
97.4498062, 17.6000004, -162.417526245
98.2998734, 17.6000004, -166.743026733
99.1499329, 17.6000004, -171.285614014
22.7358284, 18.3999996, -65.1309509277
23.575655, 18.3999996, -65.0513381958
24.4154835, 18.3999996, -65.2388153076
25.255312, 18.3999996, -65.6501998901
26.0951405, 18.3999996, -66.2579116821
26.934967, 18.3999996, -67.0175170898
27.7747955, 18.3999996, -67.8551864624
28.614624, 18.3999996, -68.6936416626
29.4544525, 18.3999996, -69.5111846924
30.2942791, 18.3999996, -70.3100967407
31.1341076, 18.3999996, -71.0922012329
31.9739361, 18.3999996, -71.8546676636
32.8137627, 18.3999996, -72.5813827515
33.6535912, 18.3999996, -73.2561798096
34.4934196, 18.3999996, -73.8776321411
35.3332481, 18.3999996, -74.4556274414
36.1730766, 18.3999996, -74.9922409058
37.0129051, 18.3999996, -75.4879608154
37.8527298, 18.3999996, -75.9445037842
38.6925583, 18.3999996, -76.3637619019
39.5323868, 18.3999996, -76.7456970215
40.3722153, 18.3999996, -77.0887527466
41.2120438, 18.3999996, -77.3923416138
42.0518723, 18.3999996, -77.6604919434
42.8917007, 18.3999996, -77.8968887329
43.7315254, 18.3999996, -78.1046142578
44.5713539, 18.3999996, -78.286239624
45.4111824, 18.3999996, -78.4441223145
46.2510109, 18.3999996, -78.5809326172
47.0908394, 18.3999996, -78.6996078491
47.9306679, 18.3999996, -78.8030548096
48.7704964, 18.3999996, -78.8939285278
49.610321, 18.3999996, -78.974571228
50.4501495, 18.3999996, -79.0470733643
51.289978, 18.3999996, -79.11328125
52.1298065, 18.3999996, -79.174911499
52.969635, 18.3999996, -79.233581543
53.8094635, 18.3999996, -79.2908554077
54.649292, 18.3999996, -79.3483276367
55.4891167, 18.3999996, -79.4076690674
56.3289452, 18.3999996, -79.4706802368
57.1687737, 18.3999996, -79.5393829346
58.0086021, 18.3999996, -79.6161422729
58.8484306, 18.3999996, -79.7037963867
59.6882591, 18.3999996, -79.8058929443
60.5280876, 18.3999996, -79.9271850586
61.3679123, 18.3999996, -80.0759429932
62.2077408, 18.3999996, -80.2589645386
63.0475693, 18.3999996, -80.4786605835
63.8873978, 18.3999996, -80.7407531738
64.7272263, 18.3999996, -81.0524978638
65.5670547, 18.3999996, -81.4223861694
66.4068832, 18.3999996, -81.8598098755
67.2467117, 18.3999996, -82.3741912842
68.0865402, 18.3999996, -82.9735794067
68.9263687, 18.3999996, -83.6623687744
69.7661972, 18.3999996, -84.4268875122
70.6060181, 18.3999996, -85.2893066406
71.4458466, 18.3999996, -86.2789001465
72.285675, 18.3999996, -87.4148864746
73.1255035, 18.3999996, -88.7011871338
73.965332, 18.3999996, -90.1307525635
74.8051605, 18.3999996, -91.6990661621
75.644989, 18.3999996, -93.4114303589
76.4848175, 18.3999996, -95.2673110962
77.324646, 18.3999996, -97.2597503662
78.1644745, 18.3999996, -99.3814544678
79.004303, 18.3999996, -101.641647339
79.8441315, 18.3999996, -104.016464233
80.68396, 18.3999996, -106.465820312
81.5237885, 18.3999996, -108.997215271
82.3636093, 18.3999996, -111.6040802
83.2034378, 18.3999996, -114.278945923
84.0432663, 18.3999996, -117.012321472
84.8830948, 18.3999996, -119.801475525
85.7229233, 18.3999996, -122.65348053
86.5627518, 18.3999996, -125.545631409
87.4025803, 18.3999996, -128.474853516
88.2424088, 18.3999996, -131.450042725
89.0822372, 18.3999996, -134.472351074
89.9220657, 18.3999996, -137.546569824
90.7618942, 18.3999996, -140.681213379
91.6017227, 18.3999996, -143.885070801
92.4415512, 18.3999996, -147.16078186
93.2813797, 18.3999996, -150.529052734
94.1212006, 18.3999996, -154.005783081
94.9610291, 18.3999996, -157.613739014
95.8008575, 18.3999996, -161.384887695
96.640686, 18.3999996, -165.349182129
97.4805145, 18.3999996, -169.553344727
98.320343, 18.3999996, -174.060699463
99.1601715, 18.3999996, -178.900360107
23.6775913, 19.2000008, -71.2432937622
24.5071831, 19.2000008, -71.4632034302
25.3367748, 19.2000008, -71.8778305054
26.1663647, 19.2000008, -72.4596786499
26.9959564, 19.2000008, -73.170753479
27.8255482, 19.2000008, -73.9635467529
28.6551399, 19.2000008, -74.7880783081
29.4847317, 19.2000008, -75.6130065918
30.3143234, 19.2000008, -76.4214477539
31.1439133, 19.2000008, -77.2012557983
31.973505, 19.2000008, -77.9490356445
32.8030968, 19.2000008, -78.6593856812
33.6326866, 19.2000008, -79.3276138306
34.4622803, 19.2000008, -79.9580230713
35.2918701, 19.2000008, -80.5701675415
36.1214638, 19.2000008, -81.1481933594
36.9510536, 19.2000008, -81.6859893799
37.7806435, 19.2000008, -82.1820297241
38.6102371, 19.2000008, -82.6361541748
39.439827, 19.2000008, -83.0474700928
40.2694206, 19.2000008, -83.4125518799
41.0990105, 19.2000008, -83.7261962891
41.9286003, 19.2000008, -84.0004730225
42.758194, 19.2000008, -84.2415313721
43.5877838, 19.2000008, -84.4534606934
44.4173775, 19.2000008, -84.6393585205
45.2469673, 19.2000008, -84.8019256592
46.076561, 19.2000008, -84.9437561035
46.9061508, 19.2000008, -85.0674819946
47.7357407, 19.2000008, -85.1757125854
48.5653343, 19.2000008, -85.2709274292
49.3949242, 19.2000008, -85.3554229736
50.2245178, 19.2000008, -85.4312667847
51.0541077, 19.2000008, -85.500328064
51.8836975, 19.2000008, -85.5643386841
52.7132912, 19.2000008, -85.6249313354
53.542881, 19.2000008, -85.6836929321
54.3724747, 19.2000008, -85.7422027588
55.2020645, 19.2000008, -85.8021087646
56.0316544, 19.2000008, -85.8651809692
56.861248, 19.2000008, -85.9333953857
57.6908379, 19.2000008, -86.0090179443
58.5204315, 19.2000008, -86.0947952271
59.3500214, 19.2000008, -86.1940689087
60.1796112, 19.2000008, -86.3111038208
61.0092049, 19.2000008, -86.451461792
61.8387947, 19.2000008, -86.6209030151
62.6683884, 19.2000008, -86.8243103027
63.4979782, 19.2000008, -87.0669250488
64.3275681, 19.2000008, -87.3549575806
65.1571579, 19.2000008, -87.6956634521
65.9867554, 19.2000008, -88.0970306396
66.8163452, 19.2000008, -88.5672225952
67.6459351, 19.2000008, -89.1137771606
68.4755249, 19.2000008, -89.7429199219
69.3051147, 19.2000008, -90.4576187134
70.1347122, 19.2000008, -91.2675628662
70.9643021, 19.2000008, -92.1889190674
71.7938919, 19.2000008, -93.2387161255
72.6234818, 19.2000008, -94.4278564453
73.4530716, 19.2000008, -95.758354187
74.2826691, 19.2000008, -97.2272033691
75.1122589, 19.2000008, -98.8366394043
75.9418488, 19.2000008, -100.595802307
76.7714386, 19.2000008, -102.509803772
77.6010361, 19.2000008, -104.552062988
78.4306259, 19.2000008, -106.691757202
79.2602158, 19.2000008, -108.937187195
80.0898056, 19.2000008, -111.279846191
80.9193954, 19.2000008, -113.711853027
81.7489929, 19.2000008, -116.224411011
82.5785828, 19.2000008, -118.809150696
83.4081726, 19.2000008, -121.467338562
84.2377625, 19.2000008, -124.190818787
85.0673523, 19.2000008, -126.954483032
85.8969498, 19.2000008, -129.763565063
86.7265396, 19.2000008, -132.617523193
87.5561295, 19.2000008, -135.515182495
88.3857193, 19.2000008, -138.460296631
89.2153091, 19.2000008, -141.456634521
90.0449066, 19.2000008, -144.506561279
90.8744965, 19.2000008, -147.611312866
91.7040863, 19.2000008, -150.784637451
92.5336761, 19.2000008, -154.03805542
93.363266, 19.2000008, -157.386505127
94.1928635, 19.2000008, -160.851669312
95.0224533, 19.2000008, -164.45475769
95.8520432, 19.2000008, -168.222869873
96.681633, 19.2000008, -172.207275391
97.5112228, 19.2000008, -176.470794678
98.3408203, 19.2000008, -181.109420776
99.1704102, 19.2000008, -186.30607605
