100, 0, 38.2017
0, 0, 5.9311
-20, 0, 2.10195e-44
-20, -20, 200
100, -20, 193.1922
100, 20, -173.3615
23.8, 20, -60.351
98.9247, 0, 36.618
97.8495, 0, 34.6463
96.7742, 0, 33.7653
95.6989, 0, 33.384
94.6237, 0, 33.1389
93.5484, 0, 32.9972
92.4731, 0, 33.2812
91.3979, 0, 35.3011
90.3226, 0, 39.1989
89.2473, 0, 38.8443
88.172, 0, 36.7642
87.0968, 0, 36.8101
86.0215, 0, 37.9701
84.9462, 0, 39.4221
83.871, 0, 41.1361
82.7957, 0, 43.3674
81.7204, 0, 46.877
80.6452, 0, 52.4339
79.5699, 0, 54.2025
78.4946, 0, 49.6474
77.4194, 0, 46.9475
76.3441, 0, 45.5178
75.2688, 0, 44.7168
74.1936, 0, 44.4293
73.1183, 0, 44.7663
72.043, 0, 46.1637
70.9677, 0, 49.6088
69.8925, 0, 52.1134
68.8172, 0, 46.8881
67.7419, 0, 42.5116
66.6667, 0, 40.0086
65.5914, 0, 38.4166
64.5161, 0, 37.3448
63.4409, 0, 36.6592
62.3656, 0, 36.4429
61.2903, 0, 37.2152
60.2151, 0, 38.4098
59.1398, 0, 35.6245
58.0645, 0, 31.8265
56.9892, 0, 29.3588
55.914, 0, 27.622
54.8387, 0, 26.1534
53.7634, 0, 24.8409
52.6882, 0, 23.7986
51.6129, 0, 23.7896
50.5376, 0, 25.3774
49.4624, 0, 24.1153
48.3871, 0, 20.1816
47.3118, 0, 17.9536
46.2366, 0, 16.816
45.1613, 0, 15.9161
44.086, 0, 15.0569
43.0108, 0, 14.2674
41.9355, 0, 13.9618
40.8602, 0, 14.5242
39.7849, 0, 14.4454
38.7097, 0, 12.8422
37.6344, 0, 11.75
36.5591, 0, 11.4887
35.4839, 0, 11.4163
34.4086, 0, 11.334
33.3333, 0, 11.2456
32.2581, 0, 11.3444
31.1828, 0, 12.0747
30.1075, 0, 12.8616
29.0323, 0, 11.8392
27.957, 0, 10.8512
26.8817, 0, 10.6144
25.8065, 0, 10.5929
24.7312, 0, 10.5192
23.6559, 0, 10.3169
22.5806, 0, 9.93731
21.5054, 0, 9.35764
20.4301, 0, 9.18805
19.3548, 0, 9.26606
18.2796, 0, 9.91266
17.2043, 0, 10.775
16.129, 0, 11.3801
15.0538, 0, 11.8159
13.9785, 0, 12.1677
12.9032, 0, 12.5236
11.828, 0, 13.0233
10.7527, 0, 13.8048
9.67742, 0, 14.7031
8.60215, 0, 13.9717
7.52688, 0, 13.6133
6.45161, 0, 13.4476
5.37634, 0, 14.1066
4.30108, 0, 11.1998
3.22581, 0, 14.5183
2.15054, 0, 12.5096
1.07527, 0, 11.9615
-1.05263, 0, 10.6887
-2.10526, 0, 11.2459
-3.15789, 0, 10.6948
-4.2105, 0, 9.7346
-5.2632, 0, 8.4667
-6.3158, 0, 6.9127
-7.3684, 0, 5.1593
-8.4211, 0, 3.2377
-9.4737, 0, 1.1404
-10.5263, 0, 0.229973
-11.5789, 0, 0.562981
-12.6316, 0, 0.768731
-13.6842, 0, 0.87338
-14.7368, 0, 0.893146
-15.7895, 0, 0.83885
-16.8421, 0, 0.718305
-17.8947, 0, 0.536897
-18.9474, 0, 0.29789
-20, -1, 9.5
-20, -2, 19
-20, -3, 28.5
-20, -4, 38
-20, -5, 47.5
-20, -6, 57
-20, -7, 66.5
-20, -8, 76
-20, -9, 85.5
-20, -10, 100
-20, -11, 114.5
-20, -12, 124
-20, -13, 133.5
-20, -14, 143
-20, -15, 152.5
-20, -16, 162
-20, -17, 171.5
-20, -18, 181
-20, -19, 190.5
-18.92857, -20, 200.2524
-17.85714, -20, 200.5048
-16.78572, -20, 200.7572
-15.71429, -20, 201.0096
-14.64286, -20, 201.262
-13.57143, -20, 201.5144
-12.5, -20, 201.7668
-11.42857, -20, 202.0192
-10.35714, -20, 202.2716
-9.285714, -20, 202.4946
-8.214286, -20, 202.703
-7.142857, -20, 202.9113
-6.071429, -20, 203.1197
-5, -20, 203.328
-3.928571, -20, 203.5364
-2.857143, -20, 203.7447
-1.785714, -20, 203.9531
-0.7142857, -20, 204.1614
0.3571429, -20, 204.7089
1.428571, -20, 205.0921
2.5, -20, 205.0215
3.571429, -20, 205.2391
4.642857, -20, 205.3229
5.714286, -20, 205.472
6.785714, -20, 205.5124
7.857143, -20, 205.5527
8.928572, -20, 205.5931
10, -20, 205.6335
11.07143, -20, 205.8406
12.14286, -20, 206.0478
13.21429, -20, 206.255
14.28571, -20, 206.4622
15.35714, -20, 206.6694
16.42857, -20, 206.8766
17.5, -20, 207.0837
18.57143, -20, 207.2909
19.64286, -20, 207.4981
20.71428, -20, 207.4303
21.78572, -20, 207.2251
22.85714, -20, 207.0198
23.92857, -20, 206.8146
25, -20, 206.6093
26.07143, -20, 206.4041
27.14286, -20, 206.1988
28.21428, -20, 205.9936
29.28572, -20, 205.7883
30.35714, -20, 205.625
31.42857, -20, 205.5457
32.5, -20, 205.4663
33.57143, -20, 205.387
34.64286, -20, 205.3077
35.71429, -20, 205.2283
36.78571, -20, 205.149
37.85714, -20, 205.0696
38.92857, -20, 204.9903
40, -20, 204.9109
41.07143, -20, 204.8227
42.14286, -20, 204.7345
43.21429, -20, 204.6463
44.28571, -20, 204.5581
45.35714, -20, 204.4699
46.42857, -20, 204.3816
47.5, -20, 204.2934
48.57143, -20, 204.2052
49.64286, -20, 204.117
50.71429, -20, 204.0127
51.78571, -20, 203.9004
52.85714, -20, 203.7881
53.92857, -20, 203.6758
55, -20, 203.5634
56.07143, -20, 203.4511
57.14286, -20, 203.3388
58.21429, -20, 203.2265
59.28571, -20, 203.1142
60.35714, -20, 203.0076
61.42857, -20, 202.9124
62.5, -20, 202.8171
63.57143, -20, 202.7219
64.64286, -20, 202.6267
65.71429, -20, 202.5315
66.78571, -20, 202.4363
67.85714, -20, 202.341
68.92857, -20, 202.2458
70, -20, 202.1506
71.07143, -20, 201.901
72.14286, -20, 201.6515
73.21429, -20, 201.4019
74.28571, -20, 201.1524
75.35714, -20, 200.9028
76.42857, -20, 200.6533
77.5, -20, 200.4037
78.57143, -20, 200.1542
79.64286, -20, 199.9046
80.71429, -20, 199.8967
81.78571, -20, 200.0095
82.85714, -20, 200.1223
83.92857, -20, 200.2351
85, -20, 200.3479
86.07143, -20, 200.4607
87.14286, -20, 200.5735
88.21429, -20, 200.6863
89.28571, -20, 200.7991
90.35714, -20, 200.5999
91.42857, -20, 199.7768
92.5, -20, 198.9537
93.57143, -20, 198.1307
94.64286, -20, 197.3076
95.71429, -20, 196.4845
96.78571, -20, 195.6614
97.85714, -20, 194.8383
98.92857, -20, 194.0152
100, -19, 185.3678
100, -18, 177.5434
100, -17, 171.3515
100, -16, 165.3517
100, -15, 156.3586
100, -14, 146.5673
100, -13, 136.9316
100, -12, 127.3676
100, -11, 120.145
100, -10, 114.6251
100, -9, 103.4133
100, -8, 85.8772
100, -7, 75.1692
100, -6, 76.1663
100, -5, 72.5096
100, -4, 55.8224
100, -3, 41.1483
100, -2, 37.2104
100, -1, 33.7158
100, 0.8, 41.7903
100, 1.6, 35.3436
100, 2.4, 24.2652
100, 3.2, 13.4496
100, 4, 7.36396
100, 4.8, 1.27832
100, 5.6, -10.5386
100, 6.4, -30.2361
100, 7.2, -49.9335
100, 8, -64.1258
100, 8.8, -76.8501
100, 9.6, -86.348
100, 10.4, -78.6382
100, 11.2, -70.9284
100, 12, -74.1886
100, 12.8, -87.3217
100, 13.6, -100.4548
100, 14.4, -103.1646
100, 15.2, -104.6481
100, 16, -110.7593
100, 16.8, -129.8279
100, 17.6, -148.8965
100, 18.4, -160.1073
100, 19.2, -166.7344
99.18065, 20, -163.7888
98.36129, 20, -154.216
97.54194, 20, -144.6432
96.72258, 20, -135.0704
95.90323, 20, -125.4977
95.08387, 20, -115.9249
94.26452, 20, -106.3522
93.4452, 20, -96.7794
92.6258, 20, -87.2067
91.8064, 20, -77.6339
90.9871, 20, -68.0612
90.1677, 20, -58.4884
89.3484, 20, -52.5402
88.529, 20, -47.525
87.7097, 20, -42.5098
86.8903, 20, -37.4946
86.071, 20, -32.4794
85.2516, 20, -27.4642
84.4323, 20, -22.449
83.6129, 20, -17.4338
82.7935, 20, -12.4186
81.9742, 20, -7.4034
81.1548, 20, -2.38823
80.3355, 20, 2.62694
79.5161, 20, 3.93341
78.6968, 20, 2.66848
77.8774, 20, 1.40354
77.0581, 20, 0.138607
76.2387, 20, -1.12634
75.4194, 20, -2.39127
74.6, 20, -3.65621
73.7806, 20, -4.92114
72.9613, 20, -6.18609
72.1419, 20, -7.45102
71.3226, 20, -8.71596
70.5032, 20, -9.98089
69.6839, 20, -10.0985
68.8645, 20, -8.38985
68.0452, 20, -6.68116
67.2258, 20, -4.97249
66.4064, 20, -3.2638
65.5871, 20, -1.55513
64.7677, 20, 0.153562
63.9484, 20, 1.86224
63.129, 20, 3.57092
62.3097, 20, 5.2796
61.4903, 20, 6.98828
60.671, 20, 8.69696
59.8516, 20, 9.35131
59.0323, 20, 5.23826
58.2129, 20, 1.12521
57.3935, 20, -2.98783
56.5742, 20, -7.10088
55.7548, 20, -11.2139
54.9355, 20, -15.327
54.1161, 20, -19.44
53.2968, 20, -23.553
52.4774, 20, -27.6661
51.6581, 20, -31.7791
50.8387, 20, -35.8922
50.0194, 20, -40.0052
49.2, 20, -40.2392
48.3806, 20, -40.3793
47.5613, 20, -40.5195
46.7419, 20, -40.6596
45.9226, 20, -40.7997
45.1032, 20, -40.9398
44.2839, 20, -41.08
43.4645, 20, -41.2201
42.6452, 20, -41.3602
41.8258, 20, -41.5003
41.0065, 20, -41.6404
40.1871, 20, -41.7806
39.3677, 20, -43.4725
38.5484, 20, -45.6236
37.729, 20, -47.7747
36.9097, 20, -49.9258
36.0903, 20, -52.0769
35.271, 20, -54.228
34.4516, 20, -56.3791
33.6323, 20, -58.5302
32.8129, 20, -60.6813
31.9935, 20, -62.8324
31.1742, 20, -64.9835
30.3548, 20, -67.1346
29.5355, 20, -68.1219
28.7161, 20, -67.9699
27.8968, 20, -67.4985
27.0774, 20, -66.7078
26.2581, 20, -65.5977
25.4387, 20, -64.1682
24.6194, 20, -62.4193
22.848, 19.2, -59.3809
21.896, 18.4, -59.8075
20.944, 17.6, -61.8537
19.992, 16.8, -68.8902
19.04, 16, -59.4558
18.088, 15.2, -55.291
17.136, 14.4, -52.3728
16.184, 13.6, -49.8728
15.232, 12.8, -47.5323
14.28, 12, -45.2987
13.328, 11.2, -43.1315
12.376, 10.4, -40.9686
11.424, 9.6, -38.6899
10.472, 8.8, -36.5757
9.52, 8, -34.0811
8.568, 7.2, -30.2215
7.616, 6.4, -26.3348
6.664, 5.6, -22.1303
5.712, 4.8, -17.0606
4.76, 4, -10.7071
3.808, 3.2, -3.9593
2.856, 2.4, 2.3988
1.904, 1.6, 6.4686
0.952, 0.8, 8.2784
98.9249, -1, 37.8278
97.8498, -1, 38.6197
96.7748, -1, 38.873
95.6997, -1, 38.845
94.6246, -1, 38.6296
93.5495, -1, 38.2567
92.4745, -1, 37.6949
91.3994, -1, 36.7105
90.3243, -1, 32.2878
89.2492, -1, 36.4384
88.1742, -1, 40.3523
87.0991, -1, 42.5666
86.024, -1, 44.4616
84.9489, -1, 46.295
83.8738, -1, 48.2136
82.7988, -1, 50.3562
81.7237, -1, 52.8564
80.6486, -1, 54.9374
79.5735, -1, 56.2483
78.4985, -1, 56.4685
77.4234, -1, 55.2022
76.3483, -1, 54.1196
75.2732, -1, 53.4264
74.1982, -1, 53.2606
73.1231, -1, 53.8364
72.048, -1, 55.4895
70.9729, -1, 58.159
69.8979, -1, 60.9921
68.8228, -1, 56.1205
67.7477, -1, 51.8495
66.6726, -1, 48.7941
65.5975, -1, 46.7602
64.5225, -1, 45.4533
63.4474, -1, 44.7119
62.3723, -1, 44.4822
61.2972, -1, 44.8077
60.2222, -1, 46.6668
59.1471, -1, 42.8259
58.072, -1, 39.6133
56.9969, -1, 37.4094
55.9219, -1, 35.7866
54.8468, -1, 34.5265
53.7717, -1, 33.5233
52.6966, -1, 32.7474
51.6215, -1, 32.3181
50.5465, -1, 33.459
49.4714, -1, 32.2871
48.3963, -1, 28.6547
47.3212, -1, 26.8706
46.2462, -1, 25.5039
45.1711, -1, 24.3159
44.096, -1, 23.2361
43.0209, -1, 22.2522
41.9459, -1, 21.4408
40.8708, -1, 21.5471
39.7957, -1, 23.2745
38.7206, -1, 19.8829
37.6455, -1, 19.3945
36.5705, -1, 19.3124
35.4954, -1, 19.338
34.4203, -1, 19.4275
33.3452, -1, 19.5831
32.2702, -1, 19.8327
31.1951, -1, 20.2413
30.12, -1, 20.7443
29.0449, -1, 20.2166
27.9699, -1, 19.8501
26.8948, -1, 19.6558
25.8197, -1, 19.5884
24.7446, -1, 19.5452
23.6695, -1, 19.461
22.5945, -1, 19.3133
21.5194, -1, 19.1706
20.4443, -1, 18.7765
19.3692, -1, 18.9943
18.2942, -1, 19.4959
17.2191, -1, 19.8133
16.144, -1, 20.1521
15.0689, -1, 20.4237
13.9939, -1, 20.6449
12.9188, -1, 20.8817
11.8437, -1, 21.3088
10.7686, -1, 21.9015
9.69355, -1, 21.694
8.61847, -1, 21.6649
7.54339, -1, 21.3884
6.46832, -1, 20.9482
5.39324, -1, 19.7711
4.31816, -1, 18.215
3.24309, -1, 20.8661
2.16801, -1, 20.1877
1.09293, -1, 17.0447
0.0178571, -1, 17.5314
-1.03571, -1, 17.0931
-2.08929, -1, 17.5663
-3.14286, -1, 17.2493
-4.19643, -1, 16.4998
-5.25, -1, 15.4789
-6.30357, -1, 14.2693
-7.35714, -1, 12.9202
-8.41071, -1, 11.49
-9.46429, -1, 10.1375
-10.5179, -1, 9.70339
-11.5714, -1, 9.68048
-12.625, -1, 9.65819
-13.6786, -1, 9.63652
-14.7321, -1, 9.61399
-15.7857, -1, 9.59115
-16.8393, -1, 9.56806
-17.8929, -1, 9.54505
-18.9464, -1, 9.52269
98.9251, -2, 39.9663
97.8502, -2, 43.2719
96.7753, -2, 44.4379
95.7005, -2, 44.679
94.6256, -2, 44.5237
93.5507, -2, 43.9633
92.4758, -2, 42.542
91.4009, -2, 38.5693
90.326, -2, 31.6549
89.2512, -2, 35.8357
88.1763, -2, 43.9017
87.1014, -2, 48.2687
86.0265, -2, 50.8957
84.9516, -2, 53.0034
83.8767, -2, 54.9064
82.8018, -2, 56.6193
81.727, -2, 57.5705
80.6521, -2, 57.5125
79.5772, -2, 58.9977
78.5023, -2, 61.1365
77.4274, -2, 61.6649
76.3525, -2, 61.23
75.2776, -2, 60.7599
74.2028, -2, 60.5115
73.1279, -2, 60.6393
72.053, -2, 61.3263
70.9781, -2, 62.8404
69.9032, -2, 64.5673
68.8283, -2, 61.0101
67.7535, -2, 57.9082
66.6786, -2, 55.5019
65.6037, -2, 53.7025
64.5288, -2, 52.326
63.4539, -2, 51.281
62.379, -2, 50.5318
61.3041, -2, 49.9868
60.2293, -2, 49.8392
59.1544, -2, 47.7636
58.0795, -2, 45.9206
57.0046, -2, 44.5925
55.9297, -2, 43.5166
54.8548, -2, 42.6304
53.78, -2, 41.871
52.7051, -2, 41.1398
51.6302, -2, 40.0953
50.5553, -2, 38.6377
49.4804, -2, 37.4252
48.4055, -2, 36.6262
47.3306, -2, 35.594
46.2558, -2, 34.2941
45.1809, -2, 32.9767
44.106, -2, 31.6534
43.0311, -2, 30.2866
41.9562, -2, 28.8391
40.8813, -2, 27.3478
39.8064, -2, 26.6642
38.7316, -2, 26.5882
37.6567, -2, 26.9729
36.5818, -2, 27.2947
35.5069, -2, 27.5612
34.432, -2, 27.7847
33.3571, -2, 27.9804
32.2823, -2, 28.1245
31.2074, -2, 28.0273
30.1325, -2, 27.8942
29.0576, -2, 28.2151
27.9827, -2, 28.6938
26.9078, -2, 28.86
25.8329, -2, 28.9305
24.7581, -2, 28.9884
23.6832, -2, 29.044
22.6083, -2, 29.0881
21.5334, -2, 29.0821
20.4585, -2, 28.7446
19.3836, -2, 28.9631
18.3088, -2, 29.2618
17.2339, -2, 29.3495
16.159, -2, 29.4346
15.0841, -2, 29.5147
14.0092, -2, 29.5507
12.9343, -2, 29.533
11.8594, -2, 29.4534
10.7846, -2, 29.5488
9.70968, -2, 29.6099
8.63479, -2, 29.4286
7.55991, -2, 29.3526
6.48502, -2, 29.0389
5.41014, -2, 27.8136
4.33525, -2, 29.8341
3.26037, -2, 27.3029
2.18548, -2, 28.9234
1.1106, -2, 24.9551
0.0357143, -2, 27.0579
-1.0188, -2, 25.6247
-2.07331, -2, 25.2242
-3.12782, -2, 24.8412
-4.18233, -2, 24.2354
-5.23684, -2, 23.4604
-6.29135, -2, 22.5614
-7.34586, -2, 21.5873
-8.40038, -2, 20.605
-9.45489, -2, 19.8298
-10.5094, -2, 19.4092
-11.5639, -2, 19.3635
-12.6184, -2, 19.3201
-13.6729, -2, 19.2737
-14.7274, -2, 19.2277
-15.782, -2, 19.1823
-16.8365, -2, 19.137
-17.891, -2, 19.0914
-18.9455, -2, 19.0451
98.9253, -3, 46.7756
97.8506, -3, 48.877
96.7759, -3, 49.8163
95.7012, -3, 50.2322
94.6265, -3, 50.1684
93.5518, -3, 49.5057
92.4771, -3, 47.9484
91.4025, -3, 44.8144
90.3278, -3, 38.4891
89.2531, -3, 43.0594
88.1784, -3, 49.5694
87.1037, -3, 53.8204
86.029, -3, 56.8539
84.9543, -3, 59.1479
83.8796, -3, 60.923
82.8049, -3, 62.2691
81.7302, -3, 63.1624
80.6555, -3, 63.3608
79.5808, -3, 64.2799
78.5061, -3, 66.3184
77.4314, -3, 66.9576
76.3568, -3, 67.0436
75.2821, -3, 66.8175
74.2074, -3, 66.396
73.1327, -3, 65.857
72.058, -3, 65.3198
70.9833, -3, 65.4844
69.9086, -3, 67.0865
68.8339, -3, 63.6996
67.7592, -3, 62.0247
66.6845, -3, 60.7248
65.6098, -3, 59.413
64.5351, -3, 58.067
63.4604, -3, 56.701
62.3858, -3, 55.3358
61.3111, -3, 53.9865
60.2364, -3, 51.4937
59.1617, -3, 51.5696
58.087, -3, 51.3826
57.0123, -3, 50.9782
55.9376, -3, 50.5422
54.8629, -3, 50.0752
53.7882, -3, 49.5552
52.7135, -3, 48.9196
51.6388, -3, 47.9252
50.5641, -3, 44.5397
49.4894, -3, 43.1362
48.4147, -3, 44.8558
47.3401, -3, 44.0345
46.2654, -3, 42.841
45.1907, -3, 41.4964
44.116, -3, 40.0219
43.0413, -3, 38.3743
41.9666, -3, 36.4216
40.8919, -3, 33.5689
39.8172, -3, 29.1662
38.7425, -3, 33.5244
37.6678, -3, 34.7258
36.5931, -3, 35.4162
35.5184, -3, 35.8753
34.4437, -3, 36.1852
33.369, -3, 36.3717
32.2944, -3, 36.423
31.2197, -3, 36.2492
30.145, -3, 35.154
29.0703, -3, 36.7514
27.9956, -3, 37.5234
26.9209, -3, 37.9619
25.8462, -3, 38.2511
24.7715, -3, 38.4671
23.6968, -3, 38.6481
22.6221, -3, 38.8149
21.5474, -3, 38.9804
20.4727, -3, 39.2703
19.398, -3, 39.2501
18.3233, -3, 39.0541
17.2487, -3, 39.0347
16.174, -3, 39.0478
15.0993, -3, 39.0234
14.0246, -3, 38.8911
12.9499, -3, 38.5637
11.8752, -3, 37.9423
10.8005, -3, 37.1038
9.72581, -3, 37.5937
8.65111, -3, 37.2885
7.57642, -3, 37.5368
6.50173, -3, 37.9601
5.42704, -3, 38.7773
4.35234, -3, 38.1755
3.27765, -3, 38.7127
2.20296, -3, 36.7942
1.12826, -3, 33.2423
0.0535714, -3, 35.8044
-1.00188, -3, 34.9392
-2.05733, -3, 33.803
-3.11278, -3, 33.1965
-4.16823, -3, 32.6795
-5.22368, -3, 32.0764
-6.27914, -3, 31.3999
-7.33459, -3, 30.7121
-8.39004, -3, 30.1293
-9.44549, -3, 29.509
-10.5009, -3, 29.11
-11.5564, -3, 29.0495
-12.6118, -3, 28.977
-13.6673, -3, 28.9072
-14.7227, -3, 28.8387
-15.7782, -3, 28.7711
-16.8336, -3, 28.7039
-17.8891, -3, 28.6367
-18.9445, -3, 28.5688
98.9255, -4, 56.4329
97.851, -4, 55.9527
96.7765, -4, 56.1989
95.702, -4, 56.5201
94.6275, -4, 56.5545
93.553, -4, 56.22
92.4785, -4, 55.5292
91.404, -4, 54.8487
90.3295, -4, 52.5477
89.255, -4, 55.2706
88.1805, -4, 58.2728
87.106, -4, 61.0627
86.0315, -4, 63.5747
84.957, -4, 65.692
83.8825, -4, 67.4912
82.808, -4, 69.0458
81.7335, -4, 70.4905
80.659, -4, 71.6219
79.5845, -4, 72.1907
78.51, -4, 72.8239
77.4355, -4, 72.9601
76.361, -4, 72.8659
75.2865, -4, 72.533
74.212, -4, 71.9839
73.1375, -4, 71.187
72.063, -4, 69.9654
70.9885, -4, 67.7296
69.914, -4, 66.4054
68.8395, -4, 66.166
67.765, -4, 66.4594
66.6905, -4, 65.7747
65.616, -4, 64.7085
64.5415, -4, 63.4131
63.467, -4, 61.918
62.3925, -4, 60.1909
61.318, -4, 57.8848
60.2435, -4, 55.124
59.169, -4, 55.5425
58.0945, -4, 56.8198
57.02, -4, 57.2312
55.9455, -4, 57.304
54.871, -4, 57.2083
53.7965, -4, 57.0028
52.722, -4, 56.6615
51.6475, -4, 55.8708
50.573, -4, 53.9172
49.4985, -4, 52.8481
48.424, -4, 53.3385
47.3495, -4, 52.6123
46.275, -4, 51.408
45.2005, -4, 50.0402
44.126, -4, 48.5263
43.0515, -4, 46.7737
41.977, -4, 44.5327
40.9025, -4, 41.1313
39.828, -4, 38.1338
38.7535, -4, 41.2017
37.679, -4, 42.9733
36.6045, -4, 43.8891
35.53, -4, 44.4654
34.4555, -4, 44.8291
33.381, -4, 45.03
32.3064, -4, 45.0993
31.232, -4, 45.0172
30.1574, -4, 44.8403
29.0829, -4, 45.8559
28.0084, -4, 46.641
26.9339, -4, 47.1813
25.8594, -4, 47.6151
24.7849, -4, 47.966
23.7104, -4, 48.2737
22.6359, -4, 48.5796
21.5614, -4, 48.9582
20.4869, -4, 49.7209
19.4124, -4, 49.595
18.3379, -4, 49.0507
17.2634, -4, 48.9624
16.1889, -4, 48.9092
15.1144, -4, 48.8126
14.0399, -4, 48.6269
12.9654, -4, 48.244
11.8909, -4, 47.3718
10.8164, -4, 45.7138
9.74194, -4, 43.6408
8.66743, -4, 45.5791
7.59293, -4, 46.3402
6.51843, -4, 46.8481
5.44393, -4, 48.2427
4.36943, -4, 46.9881
3.29493, -4, 49.8568
2.22043, -4, 46.8059
1.14593, -4, 45.2052
0.0714286, -4, 44.1986
-0.984962, -4, 43.4659
-2.04135, -4, 42.8968
-3.09774, -4, 42.4195
-4.15414, -4, 41.9142
-5.21053, -4, 41.3675
-6.26692, -4, 40.7959
-7.32331, -4, 40.2233
-8.3797, -4, 39.6765
-9.43609, -4, 39.1742
-10.4925, -4, 38.8315
-11.5489, -4, 38.7256
-12.6053, -4, 38.6287
-13.6617, -4, 38.535
-14.718, -4, 38.4444
-15.7744, -4, 38.3559
-16.8308, -4, 38.2683
-17.8872, -4, 38.1804
-18.9436, -4, 38.0913
98.9257, -5, 65.3257
97.8514, -5, 64.422
96.7771, -5, 64.564
95.7028, -5, 64.7208
94.6285, -5, 64.8353
93.5541, -5, 64.9442
92.4798, -5, 65.1755
91.4055, -5, 65.8317
90.3312, -5, 69.8528
89.2569, -5, 68.4922
88.1826, -5, 68.6407
87.1083, -5, 70.1063
86.034, -5, 71.7734
84.9597, -5, 73.5202
83.8854, -5, 75.276
82.8111, -5, 77.0404
81.7367, -5, 78.8006
80.6624, -5, 81.006
79.5881, -5, 81.8126
78.5138, -5, 80.2417
77.4395, -5, 79.7674
76.3652, -5, 79.3392
75.2909, -5, 78.83
74.2166, -5, 78.1387
73.1423, -5, 77.1242
72.068, -5, 75.5104
70.9937, -5, 72.4543
69.9194, -5, 64.9904
68.845, -5, 70.7674
67.7707, -5, 71.596
66.6964, -5, 71.3136
65.6221, -5, 70.4754
64.5478, -5, 69.2352
63.4735, -5, 67.6224
62.3992, -5, 65.5784
61.3249, -5, 63.0423
60.2506, -5, 60.2731
59.1763, -5, 61.3529
58.102, -5, 62.7807
57.0276, -5, 63.7395
55.9533, -5, 64.2298
54.879, -5, 64.4218
53.8047, -5, 64.4467
52.7304, -5, 64.3932
51.6561, -5, 64.3974
50.5818, -5, 65.6079
49.5075, -5, 65.3939
48.4332, -5, 62.5775
47.3589, -5, 61.2678
46.2846, -5, 60.0279
45.2103, -5, 58.7244
44.1359, -5, 57.2768
43.0616, -5, 55.5739
41.9873, -5, 53.4694
40.913, -5, 51.0014
39.8387, -5, 49.7929
38.7644, -5, 50.4939
37.6901, -5, 51.9452
36.6158, -5, 52.9498
35.5415, -5, 53.5958
34.4672, -5, 53.9947
33.3929, -5, 54.2141
32.3186, -5, 54.3023
31.2442, -5, 54.3908
30.1699, -5, 55.2916
29.0956, -5, 55.4568
28.0213, -5, 56.097
26.947, -5, 56.7116
25.8727, -5, 57.1934
24.7984, -5, 57.6068
23.7241, -5, 58.0069
22.6498, -5, 58.4469
21.5755, -5, 58.9851
20.5012, -5, 59.7068
19.4268, -5, 59.6542
18.3525, -5, 59.2723
17.2782, -5, 59.0053
16.2039, -5, 58.8044
15.1296, -5, 58.6395
14.0553, -5, 58.4565
12.981, -5, 58.2029
11.9067, -5, 57.7293
10.8324, -5, 56.03
9.75806, -5, 53.3062
8.68376, -5, 55.3286
7.60945, -5, 56.2949
6.53514, -5, 56.5809
5.46083, -5, 55.7681
4.38652, -5, 55.8914
3.31221, -5, 59.1719
2.2379, -5, 57.1901
1.16359, -5, 58.835
0.0892857, -5, 53.3346
-0.968045, -5, 52.0316
-2.02538, -5, 52.2191
-3.08271, -5, 52.0468
-4.14004, -5, 51.6302
-5.19737, -5, 51.0914
-6.2547, -5, 50.4905
-7.31203, -5, 49.8653
-8.36936, -5, 49.259
-9.42669, -5, 48.7786
-10.484, -5, 48.5256
-11.5414, -5, 48.3916
-12.5987, -5, 48.2688
-13.656, -5, 48.1538
-14.7133, -5, 48.0432
-15.7707, -5, 47.9349
-16.828, -5, 47.8279
-17.8853, -5, 47.7209
-18.9427, -5, 47.6124
98.9259, -6, 73.8806
97.8518, -6, 73.7364
96.7776, -6, 73.9704
95.7035, -6, 74.16
94.6294, -6, 74.353
93.5553, -6, 74.6339
92.4812, -6, 75.1984
91.4071, -6, 76.851
90.3329, -6, 81.1425
89.2588, -6, 80.2944
88.1847, -6, 78.9545
87.1106, -6, 79.5175
86.0365, -6, 80.7357
84.9624, -6, 82.1692
83.8883, -6, 83.697
82.8141, -6, 85.3219
81.74, -6, 87.2599
80.6659, -6, 89.8661
79.5918, -6, 90.3584
78.5177, -6, 88.1737
77.4436, -6, 87.0655
76.3694, -6, 86.4144
75.2953, -6, 85.7974
74.2212, -6, 84.9989
73.1471, -6, 83.8751
72.073, -6, 82.2976
70.9988, -6, 79.65
69.9247, -6, 75.184
68.8506, -6, 77.6765
67.7765, -6, 78.1749
66.7024, -6, 77.8677
65.6283, -6, 77.1308
64.5541, -6, 75.9498
63.48, -6, 74.3334
62.4059, -6, 72.3607
61.3318, -6, 70.088
60.2577, -6, 67.4418
59.1836, -6, 68.6444
58.1094, -6, 70.1368
57.0353, -6, 71.0608
55.9612, -6, 71.7217
54.8871, -6, 72.0901
53.813, -6, 72.2611
52.7389, -6, 72.4918
51.6647, -6, 73.4441
50.5906, -6, 76.1398
49.5165, -6, 76.2047
48.4424, -6, 72.3946
47.3683, -6, 70.2856
46.2942, -6, 68.979
45.22, -6, 67.7921
44.1459, -6, 66.5149
43.0718, -6, 65.0997
41.9977, -6, 63.6227
40.9236, -6, 62.3758
39.8495, -6, 61.1433
38.7753, -6, 61.4957
37.7012, -6, 62.0622
36.6271, -6, 62.8024
35.553, -6, 63.3821
34.4789, -6, 63.7797
33.4048, -6, 64.0275
32.3306, -6, 64.2057
31.2565, -6, 64.4962
30.1824, -6, 65.0302
29.1083, -6, 65.3931
28.0342, -6, 65.9464
26.9601, -6, 66.485
25.8859, -6, 66.966
24.8118, -6, 67.3819
23.7377, -6, 67.7855
22.6636, -6, 68.2597
21.5895, -6, 68.8857
20.5154, -6, 69.4056
19.4412, -6, 69.5479
18.3671, -6, 69.306
17.293, -6, 68.9514
16.2189, -6, 68.7436
15.1448, -6, 68.6026
14.0707, -6, 68.468
12.9965, -6, 68.2977
11.9224, -6, 68.1123
10.8483, -6, 68.0122
9.77419, -6, 67.0213
8.70008, -6, 67.6585
7.62596, -6, 67.7532
6.55184, -6, 67.5893
5.47773, -6, 67.0036
4.40361, -6, 69.7616
3.32949, -6, 66.4263
2.25538, -6, 67.3728
1.18126, -6, 67.9103
0.107143, -6, 60.0136
-0.951128, -6, 61.5477
-2.0094, -6, 62.1041
-3.06767, -6, 61.9668
-4.12594, -6, 61.5819
-5.18421, -6, 61.055
-6.24248, -6, 60.4145
-7.30075, -6, 59.6772
-8.35902, -6, 58.9733
-9.41729, -6, 58.4221
-10.4756, -6, 58.2021
-11.5338, -6, 58.0381
-12.5921, -6, 57.9559
-13.6504, -6, 57.9681
-14.7086, -6, 57.9138
-15.7669, -6, 57.7654
-16.8252, -6, 57.5268
-17.8835, -6, 57.2631
-18.9417, -6, 57.131
98.9261, -7, 82.3996
97.8521, -7, 83.4825
96.7782, -7, 83.6138
95.7043, -7, 83.7271
94.6304, -7, 83.9645
93.5564, -7, 84.4001
92.4825, -7, 85.1951
91.4086, -7, 86.5238
90.3347, -7, 87.4151
89.2607, -7, 88.6874
88.1868, -7, 88.5895
87.1129, -7, 88.9546
86.039, -7, 89.8247
84.9651, -7, 91.0034
83.8911, -7, 92.3423
82.8172, -7, 93.8134
81.7433, -7, 95.399
80.6694, -7, 97.1307
79.5954, -7, 97.4946
78.5215, -7, 95.9633
77.4476, -7, 95.0264
76.3737, -7, 94.3998
75.2997, -7, 93.8051
74.2258, -7, 93.0537
73.1519, -7, 91.9962
72.078, -7, 90.4648
71.004, -7, 88.738
69.9301, -7, 89.6352
68.8562, -7, 86.5559
67.7823, -7, 86.511
66.7083, -7, 86.3117
65.6344, -7, 85.6463
64.5605, -7, 84.5417
63.4866, -7, 82.9981
62.4126, -7, 80.9968
61.3387, -7, 78.6079
60.2648, -7, 76.2806
59.1909, -7, 77.2114
58.1169, -7, 78.8061
57.043, -7, 80.0484
55.9691, -7, 80.791
54.8952, -7, 81.21
53.8212, -7, 81.4293
52.7473, -7, 81.6591
51.6734, -7, 82.227
50.5995, -7, 83.9148
49.5255, -7, 83.9301
48.4516, -7, 81.6027
47.3777, -7, 80.1025
46.3038, -7, 78.9255
45.2298, -7, 77.8451
44.1559, -7, 76.7584
43.082, -7, 75.6863
42.0081, -7, 74.6381
40.9341, -7, 73.5773
39.8602, -7, 72.3494
38.7863, -7, 72.8445
37.7124, -7, 73.2257
36.6384, -7, 73.6195
35.5645, -7, 74.0168
34.4906, -7, 74.3668
33.4167, -7, 74.6419
32.3427, -7, 74.826
31.2688, -7, 74.8857
30.1949, -7, 74.4876
29.121, -7, 75.4636
28.047, -7, 76.1202
26.9731, -7, 76.6381
25.8992, -7, 77.0307
24.8253, -7, 77.3604
23.7513, -7, 77.6744
22.6774, -7, 78.0229
21.6035, -7, 78.4525
20.5296, -7, 79.1434
19.4556, -7, 79.4367
18.3817, -7, 78.9901
17.3078, -7, 78.8016
16.2339, -7, 78.6867
15.1599, -7, 78.6204
14.086, -7, 78.6002
13.0121, -7, 78.6184
11.9382, -7, 78.6745
10.8642, -7, 79.651
9.79032, -7, 82.847
8.7164, -7, 80.3106
7.64247, -7, 79.2696
6.56855, -7, 79.0898
5.49462, -7, 79.8016
4.4207, -7, 78.0823
3.34677, -7, 74.5169
2.27285, -7, 78.0105
1.19892, -7, 76.2199
0.125, -7, 71.0744
-0.934211, -7, 72.3484
-1.99342, -7, 72.5194
-3.05263, -7, 72.2805
-4.11184, -7, 71.8777
-5.17105, -7, 71.3688
-6.23026, -7, 70.7522
-7.28947, -7, 69.9905
-8.34868, -7, 69.0098
-9.4079, -7, 68.1506
-10.4671, -7, 67.8276
-11.5263, -7, 67.868
-12.5855, -7, 68.1838
-13.6447, -7, 68.2959
-14.7039, -7, 68.255
-15.7632, -7, 68.0834
-16.8224, -7, 67.7731
-17.8816, -7, 67.2809
-18.9408, -7, 66.657
98.9263, -8, 90.823
97.8525, -8, 92.474
96.7788, -8, 92.8874
95.7051, -8, 93.1333
94.6313, -8, 93.4097
93.5576, -8, 93.7774
92.4839, -8, 94.2572
91.4101, -8, 94.4326
90.3364, -8, 94.1025
89.2627, -8, 95.2804
88.1889, -8, 96.8847
87.1152, -8, 97.8147
86.0415, -8, 98.7599
84.9677, -8, 99.8234
83.89401, -8, 100.9605
82.82027, -8, 102.1023
81.74654, -8, 103.0583
80.67281, -8, 103.5815
79.59908, -8, 104.0937
78.52534, -8, 103.7811
77.45161, -8, 103.5003
76.37788, -8, 103.1477
75.30415, -8, 102.7174
74.23042, -8, 102.1761
73.15668, -8, 101.4221
72.08295, -8, 100.3238
71.0092, -8, 99.5231
69.93549, -8, 100.1402
68.8617, -8, 97.6342
67.788, -8, 96.9445
66.7143, -8, 96.5951
65.6406, -8, 95.8756
64.5668, -8, 94.8474
63.4931, -8, 93.494
62.4194, -8, 91.6318
61.3456, -8, 89.2353
60.2719, -8, 86.4219
59.1982, -8, 87.0625
58.1244, -8, 89.1521
57.0507, -8, 90.5094
55.977, -8, 91.2215
54.9032, -8, 91.5733
53.8295, -8, 91.7086
52.7558, -8, 91.6349
51.682, -8, 91.2109
50.6083, -8, 90.3118
49.5346, -8, 90.3448
48.4608, -8, 90.4826
47.3871, -8, 90.2283
46.3134, -8, 89.4966
45.2396, -8, 88.6191
44.1659, -8, 87.6835
43.0922, -8, 86.7146
42.0184, -8, 85.7037
40.9447, -8, 84.6617
39.871, -8, 83.9019
38.7972, -8, 84.2532
37.7235, -8, 84.6096
36.6498, -8, 84.9519
35.576, -8, 85.2619
34.5023, -8, 85.5437
33.4286, -8, 85.7696
32.3548, -8, 85.8453
31.2811, -8, 85.6313
30.2074, -8, 85.0222
29.1336, -8, 85.8074
28.0599, -8, 86.6253
26.9862, -8, 87.0606
25.9124, -8, 87.3056
24.8387, -8, 87.4752
23.765, -8, 87.6161
22.6912, -8, 87.7535
21.6175, -8, 87.9409
20.5438, -8, 88.4836
19.47, -8, 88.7916
18.3963, -8, 88.554
17.3226, -8, 88.4855
16.2488, -8, 88.4466
15.1751, -8, 88.4647
14.1014, -8, 88.5634
13.0276, -8, 88.8149
11.9539, -8, 89.3878
10.8802, -8, 90.299
9.80645, -8, 93.0201
8.73272, -8, 90.3407
7.65899, -8, 89.546
6.58525, -8, 89.074
5.51152, -8, 89.0297
4.43779, -8, 86.7757
3.36406, -8, 85.2727
2.29032, -8, 88.0481
1.21659, -8, 85.1506
0.142857, -8, 85.215
-0.917293, -8, 83.9271
-1.97744, -8, 83.3297
-3.03759, -8, 82.864
-4.09774, -8, 82.4096
-5.15789, -8, 81.9265
-6.21805, -8, 81.3823
-7.2782, -8, 80.7201
-8.33835, -8, 79.7904
-9.3985, -8, 78.1289
-10.4586, -8, 77.4761
-11.5188, -8, 78.5409
-12.5789, -8, 78.9283
-13.6391, -8, 79.013
-14.6992, -8, 78.9466
-15.7594, -8, 78.7646
-16.8195, -8, 78.4567
-17.8797, -8, 77.9495
-18.9398, -8, 76.9888
98.92646, -9, 100.3094
97.85292, -9, 100.8933
96.77938, -9, 101.5693
95.70583, -9, 102.0227
94.63229, -9, 102.3256
93.55875, -9, 102.5028
92.48521, -9, 102.426
91.41167, -9, 102.1293
90.33813, -9, 101.6694
89.26459, -9, 102.698
88.19106, -9, 104.4517
87.11751, -9, 105.9639
86.04397, -9, 107.194
84.97043, -9, 108.236
83.89689, -9, 109.1879
82.82335, -9, 110.0056
81.74981, -9, 110.6425
80.67627, -9, 110.7726
79.60273, -9, 110.8785
78.52918, -9, 112.028
77.45564, -9, 112.2228
76.3821, -9, 112.0815
75.30856, -9, 111.8623
74.23502, -9, 111.6411
73.16148, -9, 111.4899
72.08794, -9, 111.4615
71.0144, -9, 110.8986
69.94086, -9, 108.3418
68.86732, -9, 109.6817
67.79378, -9, 108.9801
66.72024, -9, 107.8159
65.6467, -9, 106.7853
64.57316, -9, 105.8074
63.49961, -9, 104.8062
62.42607, -9, 103.7098
61.35254, -9, 101.8604
60.279, -9, 98.0805
59.2055, -9, 99.2437
58.13191, -9, 101.1038
57.05837, -9, 101.7248
55.98483, -9, 102.0682
54.91129, -9, 102.2622
53.83775, -9, 102.2808
52.76421, -9, 101.9971
51.69067, -9, 101.0878
50.6171, -9, 98.5099
49.5436, -9, 97.6573
48.47005, -9, 100.0747
47.39651, -9, 100.4052
46.32296, -9, 100.0557
45.2494, -9, 99.3858
44.1759, -9, 98.5798
43.1023, -9, 97.707
42.0288, -9, 96.8261
40.9553, -9, 95.9958
39.8817, -9, 95.6735
38.8082, -9, 95.7972
37.7346, -9, 96.0451
36.6611, -9, 96.2577
35.5876, -9, 96.475
34.514, -9, 96.6969
33.4405, -9, 96.9108
32.3669, -9, 97.0769
31.2934, -9, 96.9856
30.2199, -9, 96.4104
29.1463, -9, 96.9505
28.0728, -9, 97.4622
26.9992, -9, 97.569
25.9257, -9, 97.5979
24.8522, -9, 97.5982
23.7786, -9, 97.5757
22.7051, -9, 97.5272
21.6315, -9, 97.477
20.558, -9, 97.4664
19.4844, -9, 97.6413
18.4109, -9, 97.9054
17.3374, -9, 98.0211
16.2638, -9, 98.1392
15.1903, -9, 98.2695
14.1167, -9, 98.4544
13.0432, -9, 98.7634
11.9697, -9, 99.3398
10.89612, -9, 100.2329
9.82258, -9, 97.0469
8.74904, -9, 99.4739
7.6755, -9, 99.3302
6.60196, -9, 98.6765
5.52842, -9, 96.9788
4.45488, -9, 96.4364
3.38134, -9, 99.4948
2.3078, -9, 96.5932
1.23425, -9, 92.5591
0.160714, -9, 97.5464
-0.900376, -9, 95.6724
-1.96147, -9, 94.252
-3.02256, -9, 93.5577
-4.08365, -9, 93.0549
-5.14474, -9, 92.6114
-6.20583, -9, 92.1722
-7.26692, -9, 91.6834
-8.32801, -9, 91.0314
-9.3891, -9, 89.6665
-10.4502, -9, 88.751
-11.5113, -9, 89.8368
-12.5724, -9, 90.013
-13.6335, -9, 89.9862
-14.6945, -9, 89.8687
-15.7556, -9, 89.6851
-16.8167, -9, 89.4287
-17.8778, -9, 89.0487
-18.9389, -9, 88.3337
98.92665, -10, 110.924
97.8533, -10, 110.0537
96.77995, -10, 110.3404
95.7066, -10, 110.7075
94.63326, -10, 110.9884
93.55991, -10, 111.1362
92.48656, -10, 111.0828
91.41321, -10, 110.7966
90.33986, -10, 110.0601
89.26651, -10, 110.9778
88.19316, -10, 112.8093
87.11981, -10, 114.2696
86.04647, -10, 115.4351
84.97312, -10, 116.4107
83.89977, -10, 117.267
82.82642, -10, 118.0188
81.75307, -10, 118.6726
80.67973, -10, 119.0497
79.60638, -10, 119.3185
78.53303, -10, 120.546
77.45968, -10, 120.8735
76.38633, -10, 120.9893
75.31298, -10, 121.0497
74.23963, -10, 121.1665
73.16628, -10, 121.4319
72.09293, -10, 121.9208
71.01958, -10, 122.4179
69.94624, -10, 120.72
68.87289, -10, 121.7209
67.79954, -10, 120.3585
66.72619, -10, 119.0372
65.65284, -10, 117.9433
64.57949, -10, 117.0362
63.50615, -10, 116.2698
62.4328, -10, 115.6054
61.35945, -10, 115.1091
60.2861, -10, 113.0494
59.21275, -10, 113.7384
58.1394, -10, 113.3384
57.06605, -10, 113.1844
55.9927, -10, 113.177
54.91935, -10, 113.1778
53.846, -10, 113.1097
52.77266, -10, 112.8142
51.69931, -10, 112.0547
50.62596, -10, 109.8872
49.55261, -10, 108.7589
48.47926, -10, 110.8368
47.40591, -10, 111.0513
46.33257, -10, 110.7476
45.25922, -10, 110.1706
44.18587, -10, 109.4886
43.11252, -10, 108.7681
42.03917, -10, 108.0716
40.96582, -10, 107.5583
39.89247, -10, 107.3442
38.81913, -10, 107.3915
37.74578, -10, 107.392
36.67243, -10, 107.4792
35.59908, -10, 107.6059
34.52573, -10, 107.7733
33.45238, -10, 107.9804
32.37903, -10, 108.2367
31.30568, -10, 108.6412
30.23233, -10, 108.6333
29.15899, -10, 108.7832
28.08564, -10, 108.3376
27.01229, -10, 108.0877
25.93894, -10, 107.9128
24.86559, -10, 107.7595
23.79224, -10, 107.5979
22.71889, -10, 107.3966
21.64555, -10, 107.0975
20.5722, -10, 106.5067
19.49885, -10, 106.4382
18.4255, -10, 107.1315
17.35215, -10, 107.5216
16.2788, -10, 107.7855
15.20545, -10, 107.9935
14.1321, -10, 108.21
13.05876, -10, 108.4568
11.98541, -10, 108.705
10.91206, -10, 108.7852
9.83871, -10, 109.5073
8.765361, -10, 108.7454
7.692012, -10, 108.5385
6.618664, -10, 108.3075
5.545315, -10, 108.0697
4.471966, -10, 109.871
3.398618, -10, 108.569
2.325269, -10, 105.9868
1.25192, -10, 105.3253
0.1785714, -10, 107.5702
-0.8834587, -10, 106.3668
-1.945489, -10, 105.0162
-3.007519, -10, 104.1857
-4.069549, -10, 103.6682
-5.131579, -10, 103.2872
-6.193609, -10, 102.9783
-7.255639, -10, 102.7042
-8.317669, -10, 102.4368
-9.3797, -10, 102.0566
-10.44173, -10, 101.6477
-11.50376, -10, 101.4556
-12.56579, -10, 101.2664
-13.62782, -10, 101.0833
-14.68985, -10, 100.9023
-15.75188, -10, 100.7219
-16.81391, -10, 100.5419
-17.87594, -10, 100.3626
-18.93797, -10, 100.1823
98.92684, -11, 120.6156
97.85368, -11, 119.9713
96.78053, -11, 119.7797
95.70737, -11, 119.9019
94.63422, -11, 120.1057
93.56106, -11, 120.3059
92.4879, -11, 120.4785
91.41475, -11, 120.3185
90.34159, -11, 119.3317
89.26843, -11, 120.3297
88.19527, -11, 121.9883
87.12212, -11, 123.0575
86.04897, -11, 123.9593
84.97581, -11, 124.7947
83.90265, -11, 125.5826
82.82949, -11, 126.3455
81.75634, -11, 127.0883
80.68318, -11, 127.9827
79.61002, -11, 129.191
78.53687, -11, 129.1199
77.46371, -11, 129.4
76.39056, -11, 129.6367
75.3174, -11, 129.8838
74.24424, -11, 130.2164
73.17108, -11, 130.7172
72.09792, -11, 131.5012
71.02477, -11, 133.0309
69.95161, -11, 136.8584
68.87846, -11, 132.6617
67.8053, -11, 130.7707
66.73214, -11, 129.4749
65.65899, -11, 128.471
64.58583, -11, 127.7114
63.51267, -11, 127.1935
62.43952, -11, 127.0111
61.36636, -11, 127.4525
60.2932, -11, 130.5216
59.22005, -11, 127.5316
58.14689, -11, 125.456
57.07373, -11, 124.6096
56.00058, -11, 124.2179
54.92742, -11, 124.0517
53.85426, -11, 123.9898
52.7811, -11, 123.9738
51.70795, -11, 123.8352
50.63479, -11, 123.5015
49.56163, -11, 123.3817
48.48848, -11, 122.5541
47.41532, -11, 122.1472
46.34217, -11, 121.5412
45.26901, -11, 120.9303
44.19585, -11, 120.3454
43.1227, -11, 119.8204
42.04954, -11, 119.3854
40.97638, -11, 119.0259
39.90322, -11, 118.9209
38.83007, -11, 118.7351
37.75691, -11, 118.5976
36.68375, -11, 118.5301
35.6106, -11, 118.569
34.53744, -11, 118.6975
33.46429, -11, 118.9182
32.39113, -11, 119.2805
31.31797, -11, 119.9033
30.24482, -11, 121.5118
29.17166, -11, 120.1725
28.0985, -11, 119.1367
27.02534, -11, 118.5989
25.95219, -11, 118.2531
24.87903, -11, 117.9749
23.80588, -11, 117.6973
22.73272, -11, 117.3642
21.65956, -11, 116.8765
20.5864, -11, 115.9946
19.51325, -11, 115.754
18.44009, -11, 116.5148
17.36694, -11, 117.0163
16.29378, -11, 117.3111
15.22062, -11, 117.5121
14.14747, -11, 117.6804
13.07431, -11, 117.8329
12.00115, -11, 117.8549
10.928, -11, 117.6451
9.854838, -11, 120.3958
8.781682, -11, 118.2852
7.708525, -11, 117.8966
6.635369, -11, 118.0451
5.562212, -11, 119.2441
4.489055, -11, 118.1524
3.415899, -11, 116.2173
2.342742, -11, 113.9151
1.269585, -11, 117.9102
0.1964286, -11, 116.7777
-0.8665413, -11, 115.8034
-1.929511, -11, 115.1451
-2.992481, -11, 114.498
-4.055451, -11, 114.045
-5.118421, -11, 113.7702
-6.181391, -11, 113.6264
-7.244361, -11, 113.5841
-8.307331, -11, 113.6641
-9.3703, -11, 114.3119
-10.43327, -11, 114.5858
-11.49624, -11, 113.0691
-12.55921, -11, 112.5215
-13.62218, -11, 112.1804
-14.68515, -11, 111.934
-15.74812, -11, 111.757
-16.81109, -11, 111.6544
-17.87406, -11, 111.6739
-18.93703, -11, 112.0278
98.92703, -12, 128.9918
97.85407, -12, 129.4451
96.7811, -12, 129.4197
95.70814, -12, 129.4521
94.63518, -12, 129.5693
93.56221, -12, 129.7388
92.48925, -12, 129.9151
91.41628, -12, 130.081
90.34332, -12, 129.7759
89.27036, -12, 130.7577
88.19739, -12, 131.3757
87.12442, -12, 132.0055
86.05146, -12, 132.6777
84.97849, -12, 133.365
83.90553, -12, 134.0627
82.83257, -12, 134.7902
81.7596, -12, 135.6254
80.68664, -12, 136.9635
79.61367, -12, 138.1542
78.5407, -12, 137.6777
77.46774, -12, 137.7743
76.39478, -12, 138.0249
75.32182, -12, 138.3537
74.24885, -12, 138.79
73.17588, -12, 139.4189
72.10292, -12, 140.4378
71.02995, -12, 142.5789
69.95699, -12, 147.5813
68.88403, -12, 142.4835
67.81106, -12, 140.3342
66.7381, -12, 139.1302
65.66513, -12, 138.3043
64.59216, -12, 137.7501
63.5192, -12, 137.4802
62.44624, -12, 137.6024
61.37327, -12, 138.5377
60.30031, -12, 142.4447
59.22734, -12, 139.4385
58.15438, -12, 136.721
57.08141, -12, 135.5842
56.00845, -12, 135.0125
54.93548, -12, 134.7478
53.86252, -12, 134.7085
52.78955, -12, 134.8854
51.71659, -12, 135.4781
50.64362, -12, 137.3139
49.57066, -12, 137.2964
48.4977, -12, 134.4804
47.42473, -12, 133.087
46.35176, -12, 132.2324
45.2788, -12, 131.5728
44.20584, -12, 131.0437
43.13287, -12, 130.6342
42.05991, -12, 130.3697
40.98694, -12, 130.2886
39.91398, -12, 130.0368
38.84101, -12, 129.7074
37.76805, -12, 129.4331
36.69508, -12, 129.3143
35.62212, -12, 129.3167
34.54916, -12, 129.4247
33.47619, -12, 129.6423
32.40322, -12, 129.9975
31.33026, -12, 130.6139
30.2573, -12, 132.317
29.18433, -12, 130.8398
28.11137, -12, 129.6696
27.0384, -12, 129.0398
25.96544, -12, 128.5961
24.89247, -12, 128.2284
23.81951, -12, 127.8711
22.74654, -12, 127.4536
21.67358, -12, 126.8924
20.60061, -12, 126.1585
19.52765, -12, 125.822
18.45469, -12, 126.2995
17.38172, -12, 126.6142
16.30876, -12, 126.8433
15.23579, -12, 126.9883
14.16283, -12, 127.0493
13.08986, -12, 127.0358
12.0169, -12, 127.0525
10.94393, -12, 127.4341
9.870968, -12, 124.8772
8.798003, -12, 127.1328
7.725039, -12, 127.2624
6.652074, -12, 127.1027
5.579109, -12, 126.8866
4.506145, -12, 126.0856
3.43318, -12, 123.3819
2.360215, -12, 123.2964
1.28725, -12, 127.2285
0.2142857, -12, 125.1454
-0.849624, -12, 124.6662
-1.913534, -12, 124.4303
-2.977444, -12, 124.2269
-4.041353, -12, 124.1056
-5.105263, -12, 124.0203
-6.169173, -12, 123.9971
-7.233083, -12, 124.1
-8.296992, -12, 124.4901
-9.360902, -12, 125.5621
-10.42481, -12, 125.7888
-11.48872, -12, 124.3649
-12.55263, -12, 123.592
-13.61654, -12, 123.1355
-14.68045, -12, 122.8388
-15.74436, -12, 122.6627
-16.80827, -12, 122.6147
-17.87218, -12, 122.7658
-18.93609, -12, 123.3669
98.92723, -13, 137.6069
97.85445, -13, 138.2587
96.78168, -13, 138.4967
95.70891, -13, 138.5987
94.63614, -13, 138.7307
93.56336, -13, 138.9137
92.49059, -13, 139.1614
91.41782, -13, 139.6329
90.34505, -13, 141.0906
89.27227, -13, 140.9294
88.1995, -13, 140.7304
87.12673, -13, 141.004
86.05396, -13, 141.4709
84.98119, -13, 142.021
83.90841, -13, 142.6199
82.83564, -13, 143.2934
81.76286, -13, 144.1269
80.69009, -13, 145.1703
79.61732, -13, 145.7311
78.54455, -13, 145.9371
77.47177, -13, 146.0238
76.399, -13, 146.2602
75.32623, -13, 146.612
74.25346, -13, 147.0814
73.18069, -13, 147.7424
72.10791, -13, 148.766
71.03514, -13, 150.3922
69.96236, -13, 150.8457
68.88959, -13, 150.5666
67.81682, -13, 149.081
66.74405, -13, 148.0935
65.67127, -13, 147.4503
64.5985, -13, 147.0731
63.52573, -13, 146.9803
62.45296, -13, 147.2703
61.38018, -13, 148.0929
60.30741, -13, 148.286
59.23464, -13, 148.496
58.16187, -13, 146.9347
57.08909, -13, 145.8133
56.01632, -13, 145.1774
54.94355, -13, 144.8974
53.87078, -13, 144.9206
52.798, -13, 145.3283
51.72523, -13, 146.3917
50.65246, -13, 148.5141
49.57969, -13, 148.6464
48.50691, -13, 145.5983
47.43414, -13, 143.7264
46.36137, -13, 142.6174
45.28859, -13, 141.9085
44.21582, -13, 141.4184
43.14305, -13, 141.0975
42.07028, -13, 140.9307
40.99751, -13, 140.8585
39.92473, -13, 140.5271
38.85196, -13, 140.139
37.77919, -13, 139.8518
36.70641, -13, 139.7242
35.63364, -13, 139.7093
34.56087, -13, 139.8002
33.48809, -13, 139.9982
32.41532, -13, 140.3147
31.34255, -13, 140.7741
30.26978, -13, 140.8972
29.197, -13, 140.7193
28.12423, -13, 139.9191
27.05146, -13, 139.2935
25.97869, -13, 138.8185
24.90591, -13, 138.4212
23.83314, -13, 138.0481
22.76037, -13, 137.6499
21.6876, -13, 137.1978
20.61482, -13, 136.576
19.54205, -13, 136.2505
18.46928, -13, 136.4809
17.39651, -13, 136.6038
16.32373, -13, 136.6826
15.25096, -13, 136.7191
14.17819, -13, 136.7184
13.10541, -13, 136.6941
12.03264, -13, 136.6578
10.95987, -13, 136.5027
9.887096, -13, 136.1008
8.814324, -13, 136.1546
7.741551, -13, 136.2803
6.668779, -13, 136.1138
5.596006, -13, 134.9706
4.523233, -13, 132.4375
3.450461, -13, 132.5623
2.377688, -13, 137.4213
1.304916, -13, 137.0533
0.2321429, -13, 134.0176
-0.8327067, -13, 133.1989
-1.897556, -13, 133.538
-2.962406, -13, 133.9106
-4.027256, -13, 134.0689
-5.092105, -13, 134.1374
-6.156955, -13, 134.213
-7.221805, -13, 134.3899
-8.286654, -13, 134.8095
-9.351503, -13, 135.3079
-10.41635, -13, 135.3733
-11.4812, -13, 134.9923
-12.54605, -13, 134.2965
-13.6109, -13, 133.8154
-14.67575, -13, 133.4975
-15.7406, -13, 133.3165
-16.80545, -13, 133.2772
-17.8703, -13, 133.4207
-18.93515, -13, 133.6978
98.92742, -14, 146.895
97.85484, -14, 146.9054
96.78226, -14, 147.082
95.70968, -14, 147.2899
94.6371, -14, 147.5277
93.56451, -14, 147.8194
92.49194, -14, 148.2166
91.41936, -14, 148.8728
90.34677, -14, 150.7019
89.27419, -14, 150.2115
88.20161, -14, 149.7818
87.12904, -14, 149.9612
86.05645, -14, 150.3033
84.98387, -14, 150.7313
83.91129, -14, 151.2216
82.83871, -14, 151.7613
81.76613, -14, 152.3219
80.69355, -14, 152.7125
79.62096, -14, 152.9931
78.54839, -14, 153.6182
77.47581, -14, 154.0046
76.40323, -14, 154.3143
75.33064, -14, 154.6626
74.25806, -14, 155.0928
73.18549, -14, 155.6378
72.1129, -14, 156.2848
71.04032, -14, 156.4619
69.96774, -14, 155.3323
68.89516, -14, 156.7778
67.82258, -14, 156.7911
66.75, -14, 156.2879
65.67742, -14, 155.8818
64.60484, -14, 155.6469
63.53226, -14, 155.6113
62.45968, -14, 155.7882
61.3871, -14, 155.901
60.31452, -14, 154.4924
59.24194, -14, 155.3194
58.16935, -14, 155.626
57.09678, -14, 155.0288
56.02419, -14, 154.5808
54.95161, -14, 154.3894
53.87903, -14, 154.4718
52.80645, -14, 154.8778
51.73387, -14, 155.6554
50.66129, -14, 156.7599
49.58871, -14, 157.1619
48.51613, -14, 155.009
47.44355, -14, 153.5647
46.37097, -14, 152.5481
45.29839, -14, 151.8613
44.22581, -14, 151.3976
43.15322, -14, 151.0894
42.08065, -14, 150.8828
41.00806, -14, 150.6699
39.93548, -14, 150.5773
38.8629, -14, 150.036
37.79032, -14, 149.8423
36.71774, -14, 149.7338
35.64516, -14, 149.7234
34.57258, -14, 149.7988
33.5, -14, 149.9559
32.42742, -14, 150.1879
31.35484, -14, 150.3802
30.28226, -14, 149.8782
29.20968, -14, 150.0011
28.1371, -14, 149.7952
27.06452, -14, 149.3142
25.99194, -14, 148.8906
24.91936, -14, 148.5277
23.84678, -14, 148.2031
22.77419, -14, 147.8901
21.70161, -14, 147.5597
20.62903, -14, 147.2003
19.55645, -14, 146.9675
18.48387, -14, 146.8154
17.41129, -14, 146.7804
16.33871, -14, 146.7107
15.26613, -14, 146.631
14.19355, -14, 146.5606
13.12097, -14, 146.4945
12.04839, -14, 146.3234
10.97581, -14, 145.7665
9.903226, -14, 147.8713
8.830646, -14, 145.9565
7.758065, -14, 145.8556
6.685484, -14, 145.9573
5.612903, -14, 146.0412
4.540323, -14, 144.7392
3.467742, -14, 146.21
2.395161, -14, 147.4145
1.322581, -14, 145.0751
0.25, -14, 142.4476
-0.8157895, -14, 141.9033
-1.881579, -14, 143.184
-2.947368, -14, 143.747
-4.013158, -14, 144.0033
-5.078948, -14, 144.1473
-6.144737, -14, 144.2755
-7.210526, -14, 144.4472
-8.276316, -14, 144.6102
-9.342105, -14, 144.7982
-10.4079, -14, 144.9615
-11.47368, -14, 144.7238
-12.53947, -14, 144.4503
-13.60526, -14, 144.0845
-14.67105, -14, 143.7902
-15.73684, -14, 143.5957
-16.80263, -14, 143.4953
-17.86842, -14, 143.4231
-18.93421, -14, 143.2161
98.92761, -15, 155.8044
97.85522, -15, 155.5436
96.78284, -15, 155.6205
95.71045, -15, 155.8671
94.63805, -15, 156.1943
93.56567, -15, 156.5953
92.49328, -15, 157.1024
91.42089, -15, 157.7592
90.3485, -15, 158.1778
89.27612, -15, 158.557
88.20373, -15, 158.5393
87.13134, -15, 158.6892
86.05894, -15, 158.9485
84.98656, -15, 159.271
83.91417, -15, 159.6341
82.84178, -15, 160.003
81.76939, -15, 160.2799
80.69701, -15, 160.3375
79.62462, -15, 160.4498
78.55223, -15, 161.0588
77.47984, -15, 161.5909
76.40745, -15, 162.0036
75.33506, -15, 162.352
74.26267, -15, 162.6878
73.19028, -15, 162.9767
72.1179, -15, 163.0122
71.04551, -15, 162.6679
69.97312, -15, 162.4387
68.90073, -15, 162.9073
67.82834, -15, 163.4635
66.75595, -15, 163.6624
65.68356, -15, 163.5901
64.61118, -15, 163.4793
63.53879, -15, 163.3719
62.4664, -15, 163.1429
61.39401, -15, 162.7048
60.32162, -15, 162.4835
59.24923, -15, 162.5202
58.17684, -15, 162.899
57.10445, -15, 163.0936
56.03207, -15, 163.0514
54.95968, -15, 163.0159
53.88729, -15, 163.0762
52.8149, -15, 163.2212
51.74251, -15, 163.4053
50.67012, -15, 163.855
49.59773, -15, 163.6888
48.52534, -15, 163.03
47.45296, -15, 162.3201
46.38057, -15, 161.7144
45.30818, -15, 161.2014
44.23579, -15, 160.8041
43.1634, -15, 160.4924
42.09101, -15, 160.2099
41.01862, -15, 160.0002
39.94624, -15, 159.6715
38.87385, -15, 159.549
37.80146, -15, 159.4252
36.72907, -15, 159.3892
35.65668, -15, 159.3928
34.58429, -15, 159.4508
33.51191, -15, 159.5521
32.43952, -15, 159.6382
31.36713, -15, 159.6344
30.29474, -15, 159.6835
29.22235, -15, 159.4468
28.14996, -15, 159.2848
27.07757, -15, 159.0547
26.00518, -15, 158.7669
24.9328, -15, 158.4946
23.86041, -15, 158.2498
22.78802, -15, 158.0265
21.71563, -15, 157.8416
20.64324, -15, 157.7953
19.57085, -15, 157.6291
18.49846, -15, 157.2099
17.42608, -15, 156.8864
16.35369, -15, 156.668
15.2813, -15, 156.4827
14.20891, -15, 156.2917
13.13652, -15, 156.0774
12.06413, -15, 155.896
10.99174, -15, 155.9781
9.919354, -15, 153.9547
8.846966, -15, 155.7987
7.774578, -15, 155.9937
6.702189, -15, 156.1903
5.6298, -15, 157.1607
4.557412, -15, 157.8212
3.485023, -15, 156.8201
2.412634, -15, 155.6719
1.340246, -15, 153.8112
0.2678571, -15, 149.8604
-0.7988722, -15, 152.1163
-1.865602, -15, 153.2611
-2.932331, -15, 153.7091
-3.99906, -15, 153.9362
-5.06579, -15, 154.0673
-6.132519, -15, 154.1504
-7.199248, -15, 154.2125
-8.265978, -15, 154.2782
-9.332706, -15, 154.3915
-10.39944, -15, 154.52
-11.46617, -15, 154.2696
-12.5329, -15, 154.0388
-13.59962, -15, 153.8144
-14.66635, -15, 153.5941
-15.73308, -15, 153.3756
-16.79981, -15, 153.1578
-17.86654, -15, 152.9406
-18.93327, -15, 152.7218
98.9278, -16, 163.9751
97.85561, -16, 163.8944
96.78341, -16, 164.0635
95.71121, -16, 164.3673
94.63902, -16, 164.7616
93.56682, -16, 165.2243
92.49462, -16, 165.7332
91.42242, -16, 166.1735
90.35023, -16, 165.7668
89.27803, -16, 166.3951
88.20583, -16, 167.0024
87.13364, -16, 167.1864
86.06145, -16, 167.3776
84.98925, -16, 167.5983
83.91705, -16, 167.8325
82.84486, -16, 168.0566
81.77266, -16, 168.2345
80.70046, -16, 168.2612
79.62827, -16, 168.3285
78.55607, -16, 168.7606
77.48387, -16, 169.086
76.41167, -16, 169.4149
75.33948, -16, 169.7086
74.26728, -16, 169.9299
73.19508, -16, 170.032
72.12289, -16, 169.956
71.05069, -16, 169.767
69.97849, -16, 169.6634
68.9063, -16, 169.9374
67.8341, -16, 170.3052
66.7619, -16, 170.5975
65.6897, -16, 170.7183
64.61751, -16, 170.6976
63.54531, -16, 170.5547
62.47312, -16, 170.3019
61.40092, -16, 170.0259
60.32872, -16, 170.4378
59.25653, -16, 170.1911
58.18433, -16, 170.2698
57.11214, -16, 170.5664
56.03994, -16, 170.7515
54.96774, -16, 170.8487
53.89555, -16, 170.8922
52.82335, -16, 170.904
51.75115, -16, 170.8619
50.67896, -16, 170.4197
49.60676, -16, 170.0743
48.53456, -16, 170.6315
47.46236, -16, 170.4978
46.39017, -16, 170.2284
45.31797, -16, 169.9421
44.24578, -16, 169.6678
43.17358, -16, 169.4211
42.10138, -16, 169.2138
41.02919, -16, 168.9963
39.95699, -16, 168.7734
38.88479, -16, 168.8269
37.8126, -16, 168.7613
36.7404, -16, 168.7255
35.6682, -16, 168.7375
34.596, -16, 168.7779
33.52381, -16, 168.8306
32.45161, -16, 168.8851
31.37942, -16, 168.9634
30.30722, -16, 169.3207
29.23502, -16, 169.0461
28.16283, -16, 168.7453
27.09063, -16, 168.5794
26.01843, -16, 168.422
24.94624, -16, 168.2698
23.87404, -16, 168.1353
22.80184, -16, 168.0398
21.72965, -16, 168.0205
20.65745, -16, 168.1233
19.58525, -16, 168.0172
18.51306, -16, 167.4696
17.44086, -16, 167.0389
16.36866, -16, 166.6942
15.29647, -16, 166.4094
14.22427, -16, 166.1396
13.15207, -16, 165.8761
12.07988, -16, 165.6696
11.00768, -16, 165.5466
9.935484, -16, 164.9067
8.863287, -16, 165.4339
7.79109, -16, 165.6473
6.718894, -16, 165.825
5.646698, -16, 165.9196
4.574501, -16, 165.5962
3.502304, -16, 164.6958
2.430108, -16, 163.0689
1.357911, -16, 160.9565
0.2857143, -16, 161.272
-0.7819549, -16, 163.2922
-1.849624, -16, 163.6818
-2.917293, -16, 163.8214
-3.984962, -16, 163.8976
-5.052631, -16, 163.9416
-6.120301, -16, 163.9668
-7.18797, -16, 163.9859
-8.255639, -16, 164.0095
-9.323308, -16, 164.0584
-10.39098, -16, 164.0388
-11.45865, -16, 163.7995
-12.52632, -16, 163.5682
-13.59398, -16, 163.3432
-14.66165, -16, 163.1192
-15.72932, -16, 162.8954
-16.79699, -16, 162.6717
-17.86466, -16, 162.4484
-18.93233, -16, 162.2259
98.92799, -17, 171.6381
97.85599, -17, 171.8502
96.78399, -17, 172.209
95.71198, -17, 172.6284
94.63998, -17, 173.0979
93.56797, -17, 173.5925
92.49596, -17, 174.0456
91.42397, -17, 174.3056
90.35196, -17, 174.3948
89.27995, -17, 174.7026
88.20795, -17, 175.2094
87.13595, -17, 175.5034
86.06394, -17, 175.6674
84.99194, -17, 175.8086
83.91993, -17, 175.9451
82.84792, -17, 176.0719
81.77592, -17, 176.1909
80.70392, -17, 176.374
79.63191, -17, 176.6017
78.55991, -17, 176.6425
77.4879, -17, 176.8024
76.4159, -17, 177.0095
75.3439, -17, 177.2166
74.27189, -17, 177.3811
73.19988, -17, 177.4743
72.12788, -17, 177.5086
71.05588, -17, 177.4404
69.98387, -17, 177.3167
68.91187, -17, 177.6043
67.83986, -17, 177.8515
66.76786, -17, 178.0151
65.69585, -17, 178.1283
64.62385, -17, 178.154
63.55184, -17, 178.1013
62.47984, -17, 178.0098
61.40783, -17, 177.9375
60.33583, -17, 177.7113
59.26382, -17, 177.8646
58.19182, -17, 178.1074
57.11982, -17, 178.3265
56.04781, -17, 178.5164
54.97581, -17, 178.639
53.9038, -17, 178.6947
52.8318, -17, 178.659
51.75979, -17, 178.3908
50.68779, -17, 177.6646
49.61578, -17, 177.4408
48.54378, -17, 178.2272
47.47178, -17, 178.5637
46.39977, -17, 178.5758
45.32777, -17, 178.4717
44.25576, -17, 178.3346
43.18375, -17, 178.1897
42.11175, -17, 178.0285
41.03975, -17, 177.9012
39.96774, -17, 177.9322
38.89574, -17, 177.9466
37.82373, -17, 177.9466
36.75173, -17, 177.9481
35.67972, -17, 177.9642
34.60772, -17, 178.0009
33.53571, -17, 178.0542
32.46371, -17, 178.133
31.3917, -17, 178.2836
30.3197, -17, 178.4947
29.2477, -17, 178.4433
28.17569, -17, 178.2299
27.10369, -17, 178.1008
26.03168, -17, 178.0263
24.95968, -17, 177.9759
23.88767, -17, 177.9505
22.81567, -17, 177.9648
21.74366, -17, 178.0365
20.67166, -17, 178.1978
19.59966, -17, 178.1137
18.52765, -17, 177.5141
17.45564, -17, 177.1225
16.38364, -17, 176.7784
15.31164, -17, 176.4627
14.23963, -17, 176.1588
13.16763, -17, 175.8416
12.09562, -17, 175.4399
11.02362, -17, 174.8466
9.951612, -17, 177.3727
8.879608, -17, 175.0383
7.807604, -17, 175.0744
6.735599, -17, 175.2797
5.663594, -17, 174.8858
4.59159, -17, 173.2839
3.519585, -17, 171.6601
2.447581, -17, 173.202
1.375576, -17, 174.1297
0.3035714, -17, 176.7859
-0.7650376, -17, 174.9004
-1.833647, -17, 174.212
-2.902256, -17, 174.0282
-3.970865, -17, 173.9432
-5.039474, -17, 173.8855
-6.108083, -17, 173.838
-7.176692, -17, 173.7974
-8.2453, -17, 173.7636
-9.31391, -17, 173.7274
-10.38252, -17, 173.546
-11.45113, -17, 173.3236
-12.51974, -17, 173.1011
-13.58835, -17, 172.8745
-14.65695, -17, 172.6461
-15.72556, -17, 172.4167
-16.79417, -17, 172.187
-17.86278, -17, 171.957
-18.93139, -17, 171.7275
98.92818, -18, 178.9732
97.85638, -18, 179.5582
96.78456, -18, 180.0742
95.71275, -18, 180.6208
94.64094, -18, 181.1791
93.56912, -18, 181.7237
92.49731, -18, 182.2255
91.4255, -18, 182.668
90.35368, -18, 183.323
89.28188, -18, 183.5015
88.21006, -18, 183.5645
87.13825, -18, 183.7357
86.06644, -18, 183.8563
84.99462, -18, 183.941
83.92281, -18, 184.0082
82.851, -18, 184.0764
81.77918, -18, 184.1799
80.70737, -18, 184.4741
79.63556, -18, 184.7401
78.56375, -18, 184.5543
77.49194, -18, 184.6685
76.42012, -18, 184.8347
75.34831, -18, 185.0088
74.2765, -18, 185.1729
73.20468, -18, 185.3106
72.13287, -18, 185.3958
71.06106, -18, 185.3906
69.98925, -18, 185.0654
68.91743, -18, 185.5539
67.84562, -18, 185.7946
66.77381, -18, 185.9422
65.702, -18, 186.0325
64.63019, -18, 186.0859
63.55837, -18, 186.1088
62.48656, -18, 186.0937
61.41475, -18, 185.9877
60.34293, -18, 185.3848
59.27112, -18, 185.7642
58.19931, -18, 186.1886
57.12749, -18, 186.3897
56.05568, -18, 186.5362
54.98387, -18, 186.6355
53.91206, -18, 186.6706
52.84024, -18, 186.6039
51.76843, -18, 186.3679
50.69662, -18, 185.9634
49.62481, -18, 185.8141
48.55299, -18, 186.3805
47.48118, -18, 186.7284
46.40937, -18, 186.8866
45.33756, -18, 186.932
44.26574, -18, 186.9163
43.19393, -18, 186.8736
42.12212, -18, 186.8364
41.05031, -18, 186.863
39.97849, -18, 187.0663
38.90668, -18, 187.0131
37.83487, -18, 187.0391
36.76306, -18, 187.0742
35.69125, -18, 187.1174
34.61943, -18, 187.1714
33.54762, -18, 187.2412
32.47581, -18, 187.3354
31.40399, -18, 187.4576
30.33218, -18, 187.5176
29.26037, -18, 187.5828
28.18856, -18, 187.597
27.11674, -18, 187.5808
26.04493, -18, 187.5929
24.97312, -18, 187.6292
23.90131, -18, 187.6874
22.82949, -18, 187.7707
21.75768, -18, 187.888
20.68587, -18, 188.0077
19.61406, -18, 187.9051
18.54224, -18, 187.4801
17.47043, -18, 187.091
16.39862, -18, 186.7673
15.32681, -18, 186.4599
14.25499, -18, 186.1354
13.18318, -18, 185.76
12.11137, -18, 185.2976
11.03955, -18, 184.811
9.967742, -18, 183.0327
8.895929, -18, 184.5564
7.824117, -18, 185.0125
6.752304, -18, 185.3354
5.680491, -18, 185.6459
4.608679, -18, 185.5446
3.536866, -18, 183.5806
2.465054, -18, 186.0331
1.393241, -18, 188.4503
0.3214286, -18, 187.1561
-0.7481203, -18, 186.0709
-1.817669, -18, 184.6938
-2.887218, -18, 184.2368
-3.956767, -18, 184.0037
-5.026316, -18, 183.8454
-6.095865, -18, 183.7199
-7.165413, -18, 183.6118
-8.234962, -18, 183.5104
-9.304511, -18, 183.3725
-10.37406, -18, 183.0518
-11.44361, -18, 182.8564
-12.51316, -18, 182.639
-13.58271, -18, 182.4096
-14.65226, -18, 182.176
-15.7218, -18, 181.9406
-16.79135, -18, 181.7042
-17.8609, -18, 181.4673
-18.93045, -18, 181.2308
98.92838, -19, 186.2975
97.85676, -19, 187.1436
96.78514, -19, 187.8562
95.71352, -19, 188.5381
94.6419, -19, 189.2156
93.57027, -19, 189.8852
92.49866, -19, 190.5461
91.42703, -19, 191.2407
90.35542, -19, 192.0263
89.28379, -19, 192.2434
88.21217, -19, 192.1525
87.14056, -19, 192.1235
86.06893, -19, 192.1246
84.99731, -19, 192.1212
83.92569, -19, 192.1158
82.85407, -19, 192.1222
81.78245, -19, 192.177
80.71083, -19, 192.3374
79.63921, -19, 192.4515
78.56759, -19, 192.441
77.49596, -19, 192.5591
76.42435, -19, 192.7366
75.35273, -19, 192.9296
74.2811, -19, 193.1206
73.20949, -19, 193.2989
72.13786, -19, 193.4562
71.06625, -19, 193.5615
69.99462, -19, 193.6062
68.923, -19, 193.7712
67.85138, -19, 193.9474
66.77976, -19, 194.0775
65.70814, -19, 194.1785
64.63652, -19, 194.255
63.5649, -19, 194.3072
62.49328, -19, 194.3219
61.42166, -19, 194.2394
60.35004, -19, 193.9512
59.27842, -19, 194.1419
58.2068, -19, 194.5112
57.13518, -19, 194.6979
56.06356, -19, 194.8255
54.99194, -19, 194.9176
53.92031, -19, 194.9699
52.84869, -19, 194.9708
51.77707, -19, 194.9267
50.70545, -19, 194.7662
49.63383, -19, 194.7785
48.56221, -19, 195.1299
47.49059, -19, 195.3219
46.41897, -19, 195.4677
45.34735, -19, 195.5661
44.27573, -19, 195.6328
43.20411, -19, 195.6869
42.13249, -19, 195.7523
41.06087, -19, 195.849
39.98925, -19, 195.9873
38.91763, -19, 196.0276
37.846, -19, 196.0776
36.77439, -19, 196.1389
35.70277, -19, 196.2037
34.63115, -19, 196.2738
33.55952, -19, 196.3509
32.4879, -19, 196.4334
31.41628, -19, 196.5049
30.34466, -19, 196.565
29.27304, -19, 196.6783
28.20142, -19, 196.8156
27.1298, -19, 196.937
26.05818, -19, 197.0504
24.98656, -19, 197.1722
23.91494, -19, 197.3044
22.84332, -19, 197.4471
21.7717, -19, 197.5905
20.70008, -19, 197.7335
19.62846, -19, 197.667
18.55684, -19, 197.375
17.48521, -19, 197.0766
16.4136, -19, 196.7789
15.34197, -19, 196.4914
14.27035, -19, 196.196
13.19873, -19, 195.878
12.12711, -19, 195.5324
11.05549, -19, 194.9648
9.983871, -19, 192.7547
8.912251, -19, 194.2979
7.84063, -19, 195.0156
6.769009, -19, 195.4551
5.697389, -19, 196.3702
4.625768, -19, 197.8808
3.554147, -19, 197.2927
2.482527, -19, 196.8313
1.410906, -19, 196.7499
0.3392857, -19, 196.1749
-0.731203, -19, 195.4337
-1.801692, -19, 194.7938
-2.87218, -19, 194.2658
-3.942669, -19, 193.9545
-5.013158, -19, 193.7254
-6.083647, -19, 193.5341
-7.154135, -19, 193.3612
-8.224624, -19, 193.1905
-9.295113, -19, 192.9222
-10.3656, -19, 192.6082
-11.43609, -19, 192.4172
-12.50658, -19, 192.1889
-13.57707, -19, 191.9525
-14.64756, -19, 191.7119
-15.71805, -19, 191.4693
-16.78853, -19, 191.2256
-17.85902, -19, 190.9817
-18.92951, -19, 190.7387
2.017, 0.8, 8.2203
3.0821, 0.8, 9.3917
4.1471, 0.8, 8.3097
5.2121, 0.8, 7.9747
6.2772, 0.8, 7.1597
7.3422, 0.8, 7.1052
8.4072, 0.8, 7.4439
9.4723, 0.8, 8.0543
10.5373, 0.8, 7.43114
11.6023, 0.8, 6.4236
12.6674, 0.8, 6.05614
13.7324, 0.8, 5.71698
14.7974, 0.8, 5.31933
15.8625, 0.8, 4.83088
16.9275, 0.8, 4.17952
17.9925, 0.8, 3.2072
19.0575, 0.8, 1.85076
20.1226, 0.8, 1.25018
21.1876, 0.8, 1.8623
22.2526, 0.8, 2.78375
23.3177, 0.8, 3.3661
24.3827, 0.8, 3.68227
25.4477, 0.8, 3.83793
26.5128, 0.8, 3.87459
27.5778, 0.8, 3.83353
28.6428, 0.8, 4.01887
29.7079, 0.8, 5.74255
30.7729, 0.8, 5.12957
31.8379, 0.8, 4.66963
32.903, 0.8, 4.96659
33.968, 0.8, 5.28355
35.033, 0.8, 5.54403
36.0981, 0.8, 5.7415
37.1631, 0.8, 5.90085
38.2281, 0.8, 6.10002
39.2932, 0.8, 6.58566
40.3582, 0.8, 6.78372
41.4232, 0.8, 7.57106
42.4883, 0.8, 8.14081
43.5533, 0.8, 8.81088
44.6183, 0.8, 9.47404
45.6834, 0.8, 10.1359
46.7484, 0.8, 10.8455
47.8134, 0.8, 11.7213
48.8785, 0.8, 13.3557
49.9435, 0.8, 15.9604
51.0085, 0.8, 15.8314
52.0735, 0.8, 16.1933
53.1386, 0.8, 17.4102
54.2036, 0.8, 18.8229
55.2686, 0.8, 20.3257
56.3337, 0.8, 21.9024
57.3987, 0.8, 23.603
58.4637, 0.8, 25.6663
59.5288, 0.8, 28.6832
60.5938, 0.8, 29.8245
61.6588, 0.8, 29.1662
62.7239, 0.8, 29.3689
63.7889, 0.8, 29.8755
64.8539, 0.8, 30.5336
65.919, 0.8, 31.3666
66.984, 0.8, 32.4707
68.049, 0.8, 34.1703
69.1141, 0.8, 38.0125
70.1791, 0.8, 43.8334
71.2441, 0.8, 38.2253
72.3092, 0.8, 36.6861
73.3742, 0.8, 36.394
74.4392, 0.8, 36.5735
75.5043, 0.8, 37.123
76.5693, 0.8, 38.1067
77.6343, 0.8, 39.7632
78.6994, 0.8, 42.8817
79.7644, 0.8, 51.3386
80.8294, 0.8, 45.1499
81.8945, 0.8, 39.8951
82.9595, 0.8, 37.1378
84.0245, 0.8, 35.2938
85.0895, 0.8, 33.982
86.1546, 0.8, 33.0641
87.2196, 0.8, 32.6097
88.2846, 0.8, 33.096
89.3497, 0.8, 38.1721
90.4147, 0.8, 40.6899
91.4797, 0.8, 32.0093
92.5448, 0.8, 30.1456
93.6098, 0.8, 29.5308
94.6748, 0.8, 29.4074
95.7399, 0.8, 29.6236
96.8049, 0.8, 30.2329
97.8699, 0.8, 31.4407
98.935, 0.8, 34.0432
2.9588, 1.6, 3.4173
4.0136, 1.6, 2.862
5.0684, 1.6, -0.34278
6.1232, 1.6, 0.01499
7.178, 1.6, 0.34624
8.2328, 1.6, 0.49078
9.2876, 1.6, 0.70437
10.3424, 1.6, 0.601281
11.3972, 1.6, 0.00819591
12.452, 1.6, -0.2672
13.5068, 1.6, -0.592762
14.5615, 1.6, -1.00618
15.6163, 1.6, -1.52485
16.6711, 1.6, -2.16394
17.7259, 1.6, -2.96125
18.7807, 1.6, -4.26575
19.8355, 1.6, -7.04057
20.8903, 1.6, -5.25154
21.9451, 1.6, -3.90474
22.9999, 1.6, -3.30022
24.0547, 1.6, -2.9069
25.1095, 1.6, -2.6533
26.1643, 1.6, -2.53686
27.2191, 1.6, -2.57398
28.2739, 1.6, -2.85737
29.3287, 1.6, -3.22809
30.3835, 1.6, -2.52995
31.4383, 1.6, -2.28248
32.4931, 1.6, -1.28387
33.5479, 1.6, -0.585644
34.6027, 1.6, -0.0767638
35.6575, 1.6, 0.283551
36.7123, 1.6, 0.486169
37.7671, 1.6, 0.417879
38.8218, 1.6, -0.417653
39.8766, 1.6, -1.269
40.9314, 1.6, -0.066777
41.9862, 1.6, 1.91135
43.041, 1.6, 2.91833
44.0958, 1.6, 3.58447
45.1506, 1.6, 4.08858
46.2054, 1.6, 4.45708
47.2602, 1.6, 4.68466
48.315, 1.6, 4.56423
49.3698, 1.6, 3.9404
50.4246, 1.6, 5.2054
51.4794, 1.6, 7.36478
52.5342, 1.6, 9.65993
53.589, 1.6, 11.4596
54.6438, 1.6, 13.1153
55.6986, 1.6, 14.6801
56.7534, 1.6, 16.1728
57.8082, 1.6, 17.4967
58.863, 1.6, 18.1872
59.9178, 1.6, 20.2055
60.9726, 1.6, 20.2913
62.0274, 1.6, 21.667
63.0821, 1.6, 22.315
64.1369, 1.6, 22.78
65.1917, 1.6, 23.2122
66.2465, 1.6, 23.6254
67.3013, 1.6, 24.0875
68.3561, 1.6, 24.5371
69.4109, 1.6, 25.881
70.4657, 1.6, 27.5347
71.5205, 1.6, 26.7013
72.5753, 1.6, 27.2248
73.6301, 1.6, 27.6704
74.6849, 1.6, 28.2917
75.7397, 1.6, 29.0297
76.7945, 1.6, 30.0338
77.8493, 1.6, 31.665
78.9041, 1.6, 34.3485
79.9589, 1.6, 41.4783
81.0137, 1.6, 35.1011
82.0685, 1.6, 32.1742
83.1233, 1.6, 30.4435
84.1781, 1.6, 29.3782
85.2329, 1.6, 28.6632
86.2877, 1.6, 28.2095
87.3425, 1.6, 28.14
88.3972, 1.6, 28.802
89.452, 1.6, 33.3468
90.5068, 1.6, 33.538
91.5616, 1.6, 27.9564
92.6164, 1.6, 26.6185
93.6712, 1.6, 26.0387
94.726, 1.6, 25.793
95.7808, 1.6, 25.8927
96.8356, 1.6, 26.4105
97.8904, 1.6, 27.4722
98.9452, 1.6, 29.9192
3.9006, 2.4, -1.0309
4.9451, 2.4, -8.1595
5.9897, 2.4, -6.665
7.0342, 2.4, -5.9187
8.0788, 2.4, -6.0209
9.1234, 2.4, -6.5308
10.1679, 2.4, -6.66026
11.2125, 2.4, -6.27738
12.257, 2.4, -6.33768
13.3016, 2.4, -6.63435
14.3462, 2.4, -7.0707
15.3907, 2.4, -7.61467
16.4353, 2.4, -8.25992
17.4798, 2.4, -8.99168
18.5244, 2.4, -9.91075
19.5689, 2.4, -12.1255
20.6135, 2.4, -11.7466
21.6581, 2.4, -10.303
22.7026, 2.4, -9.69357
23.7472, 2.4, -9.23145
24.7917, 2.4, -8.87786
25.8363, 2.4, -8.66454
26.8809, 2.4, -8.63516
27.9254, 2.4, -8.92964
28.97, 2.4, -9.92429
30.0145, 2.4, -11.9546
31.0591, 2.4, -9.34002
32.1037, 2.4, -7.56682
33.1482, 2.4, -6.42082
34.1928, 2.4, -5.6353
35.2373, 2.4, -5.0813
36.2819, 2.4, -4.73962
37.3265, 2.4, -4.72168
38.371, 2.4, -5.39927
39.4156, 2.4, -7.47761
40.4601, 2.4, -7.60047
41.5047, 2.4, -4.61142
42.5492, 2.4, -2.98354
43.5938, 2.4, -2.06962
44.6384, 2.4, -1.5473
45.6829, 2.4, -1.30663
46.7275, 2.4, -1.4168
47.772, 2.4, -2.1516
48.8166, 2.4, -3.77751
49.8612, 2.4, -7.05583
50.9057, 2.4, -2.83915
51.9503, 2.4, 1.04703
52.9948, 2.4, 3.82678
54.0394, 2.4, 5.87345
55.084, 2.4, 7.54312
56.1285, 2.4, 8.9855
57.1731, 2.4, 10.1773
58.2176, 2.4, 10.8175
59.2622, 2.4, 10.228
60.3068, 2.4, 9.68127
61.3513, 2.4, 13.069
62.3959, 2.4, 14.5058
63.4404, 2.4, 15.2405
64.485, 2.4, 15.6383
65.5295, 2.4, 15.8122
66.5741, 2.4, 15.6705
67.6187, 2.4, 14.9518
68.6632, 2.4, 13.6191
69.7078, 2.4, 9.476
70.7523, 2.4, 13.2256
71.7969, 2.4, 16.2002
72.8415, 2.4, 18.1335
73.886, 2.4, 19.4957
74.9306, 2.4, 20.4643
75.9751, 2.4, 21.1942
77.0197, 2.4, 21.7825
78.0643, 2.4, 22.4785
79.1088, 2.4, 24.12
80.1534, 2.4, 23.8299
81.1979, 2.4, 24.8345
82.2425, 2.4, 24.0311
83.2871, 2.4, 23.8294
84.3316, 2.4, 23.6421
85.3762, 2.4, 23.4521
86.4207, 2.4, 23.3124
87.4653, 2.4, 23.3245
88.5098, 2.4, 23.6913
89.5544, 2.4, 22.1474
90.599, 2.4, 23.1735
91.6435, 2.4, 23.3834
92.6881, 2.4, 22.5652
93.7326, 2.4, 21.8375
94.7772, 2.4, 21.3254
95.8218, 2.4, 21.1676
96.8663, 2.4, 21.5442
97.9109, 2.4, 22.6193
98.9554, 2.4, 24.146
4.84232, 3.2, -12.1029
5.87665, 3.2, -11.269
6.91097, 3.2, -11.1211
7.94529, 3.2, -11.5209
8.97961, 3.2, -12.3587
10.0139, 3.2, -14.0741
11.0483, 3.2, -12.3429
12.0826, 3.2, -12.159
13.1169, 3.2, -12.3491
14.1512, 3.2, -12.7125
15.1855, 3.2, -13.2434
16.2199, 3.2, -13.9447
17.2542, 3.2, -14.803
18.2885, 3.2, -15.628
19.3228, 3.2, -16.3269
20.3572, 3.2, -16.7885
21.3915, 3.2, -16.3373
22.4258, 3.2, -15.8244
23.4601, 3.2, -15.1926
24.4945, 3.2, -14.7071
25.5288, 3.2, -14.4157
26.5631, 3.2, -14.3358
27.5974, 3.2, -14.523
28.6317, 3.2, -15.234
29.6661, 3.2, -18.3975
30.7004, 3.2, -16.2553
31.7347, 3.2, -13.5496
32.769, 3.2, -12.1142
33.8034, 3.2, -11.1007
34.8377, 3.2, -10.3564
35.872, 3.2, -9.84747
36.9063, 3.2, -9.60364
37.9406, 3.2, -9.73661
38.975, 3.2, -10.5991
40.0093, 3.2, -14.9359
41.0436, 3.2, -10.0634
42.0779, 3.2, -8.4826
43.1123, 3.2, -7.50084
44.1466, 3.2, -6.88761
45.1809, 3.2, -6.6131
46.2152, 3.2, -6.73211
47.2495, 3.2, -7.39286
48.2839, 3.2, -8.91482
49.3182, 3.2, -12.1719
50.3525, 3.2, -13.8197
51.3868, 3.2, -7.43529
52.4212, 3.2, -3.8748
53.4555, 3.2, -1.38539
54.4898, 3.2, 0.487576
55.5241, 3.2, 1.96254
56.5585, 3.2, 3.14776
57.5928, 3.2, 4.06565
58.6271, 3.2, 4.50924
59.6614, 3.2, 2.12031
60.6957, 3.2, 4.48676
61.7301, 3.2, 6.79614
62.7644, 3.2, 7.69888
63.7987, 3.2, 8.26396
64.833, 3.2, 8.53432
65.8674, 3.2, 8.41436
66.9017, 3.2, 7.70333
67.936, 3.2, 6.00195
68.9703, 3.2, 2.28816
70.0046, 3.2, -9.4891
71.039, 3.2, 3.10601
72.0733, 3.2, 7.70281
73.1076, 3.2, 10.3856
74.1419, 3.2, 12.0878
75.1763, 3.2, 13.1521
76.2106, 3.2, 13.7227
77.2449, 3.2, 13.8203
78.2792, 3.2, 13.2988
79.3135, 3.2, 11.3292
80.3479, 3.2, 10.2397
81.3822, 3.2, 14.9243
82.4165, 3.2, 16.8031
83.4508, 3.2, 17.7169
84.4852, 3.2, 18.1732
85.5195, 3.2, 18.3838
86.5538, 3.2, 18.4527
87.5881, 3.2, 18.3699
88.6225, 3.2, 17.5636
89.6568, 3.2, 10.5011
90.6911, 3.2, 14.5405
91.7254, 3.2, 18.1627
92.7597, 3.2, 17.7476
93.7941, 3.2, 16.8124
94.8284, 3.2, 15.9226
95.8627, 3.2, 15.3314
96.897, 3.2, 15.2647
97.9314, 3.2, 15.9435
98.9657, 3.2, 16.672
5.78409, 4, -14.3903
6.80817, 4, -15.2765
7.83226, 4, -16.0431
8.85634, 4, -17.0669
9.88043, 4, -18.4322
10.9045, 4, -17.816
11.9286, 4, -17.557
12.9527, 4, -17.5952
13.9768, 4, -17.8838
15.0009, 4, -18.3695
16.0249, 4, -19.0526
17.049, 4, -19.9345
18.0731, 4, -20.9981
19.0972, 4, -21.551
20.1213, 4, -19.4897
21.1454, 4, -21.9822
22.1695, 4, -21.3624
23.1935, 4, -20.5881
24.2176, 4, -19.9954
25.2417, 4, -19.6213
26.2658, 4, -19.4867
27.2899, 4, -19.6123
28.314, 4, -20.0588
29.3381, 4, -21.3187
30.3622, 4, -21.8738
31.3862, 4, -18.9794
32.4103, 4, -17.3787
33.4344, 4, -16.1847
34.4585, 4, -15.252
35.4826, 4, -14.57
36.5067, 4, -14.1235
37.5308, 4, -13.8775
38.5548, 4, -13.7503
39.5789, 4, -14.3365
40.603, 4, -13.7988
41.6271, 4, -12.8217
42.6512, 4, -12.1383
43.6753, 4, -11.578
44.6994, 4, -11.275
45.7234, 4, -11.2785
46.7475, 4, -11.6716
47.7716, 4, -12.6755
48.7957, 4, -14.7942
49.8198, 4, -18.5739
50.8439, 4, -14.8904
51.868, 4, -10.6713
52.892, 4, -7.9647
53.9161, 4, -5.99727
54.9402, 4, -4.46748
55.9643, 4, -3.26369
56.9884, 4, -2.32454
58.0125, 4, -1.52872
59.0366, 4, -0.955069
60.0606, 4, -1.07629
61.0847, 4, 0.0197639
62.1088, 4, 0.788834
63.1329, 4, 1.4108
64.157, 4, 1.80531
65.1811, 4, 1.87138
66.2052, 4, 1.51642
67.2292, 4, 0.474448
68.2533, 4, -2.11758
69.2774, 4, -7.94802
70.3015, 4, -11.1569
71.3256, 4, -3.45659
72.3497, 4, 1.32761
73.3738, 4, 3.97391
74.3979, 4, 5.5978
75.4219, 4, 6.59415
76.446, 4, 6.98463
77.4701, 4, 6.54298
78.4942, 4, 4.39158
79.5183, 4, -0.382923
80.5424, 4, 0.854602
81.5665, 4, 7.18186
82.5905, 4, 10.5678
83.6146, 4, 12.1748
84.6387, 4, 13.021
85.6628, 4, 13.4595
86.6869, 4, 13.6097
87.711, 4, 13.2084
88.7351, 4, 10.943
89.7591, 4, 6.01707
90.7832, 4, 9.33538
91.8073, 4, 12.2329
92.8314, 4, 12.0986
93.8555, 4, 10.8172
94.8796, 4, 9.42545
95.9037, 4, 8.2604
96.9277, 4, 7.50647
97.9518, 4, 7.22589
98.9759, 4, 7.38101
6.72585, 4.8, -18.771
7.7397, 4.8, -19.884
8.75355, 4.8, -20.941
9.7674, 4.8, -22.0455
10.7812, 4.8, -22.5466
11.7951, 4.8, -22.3302
12.8089, 4.8, -22.3163
13.8228, 4.8, -22.5171
14.8366, 4.8, -22.9473
15.8505, 4.8, -23.5886
16.8643, 4.8, -24.4403
17.8782, 4.8, -25.5072
18.892, 4.8, -26.5524
19.9059, 4.8, -25.6022
20.9197, 4.8, -26.9033
21.9336, 4.8, -26.2103
22.9474, 4.8, -25.3204
23.9613, 4.8, -24.6374
24.9751, 4.8, -24.1772
25.989, 4.8, -23.9504
27.0028, 4.8, -23.9896
28.0167, 4.8, -24.3313
29.0305, 4.8, -24.71
30.0444, 4.8, -23.4083
31.0582, 4.8, -23.4762
32.0721, 4.8, -21.9763
33.0859, 4.8, -20.6037
34.0998, 4.8, -19.5248
35.1136, 4.8, -18.6858
36.1275, 4.8, -18.0512
37.1413, 4.8, -17.5626
38.1552, 4.8, -17.1388
39.169, 4.8, -16.2574
40.1829, 4.8, -13.9404
41.1967, 4.8, -15.9608
42.2106, 4.8, -15.7256
43.2244, 4.8, -15.3989
44.2383, 4.8, -15.1889
45.2521, 4.8, -15.1557
46.266, 4.8, -15.3511
47.2798, 4.8, -15.8303
48.2937, 4.8, -16.8271
49.3075, 4.8, -18.5974
50.3214, 4.8, -18.3394
51.3352, 4.8, -15.9387
52.3491, 4.8, -13.4379
53.3629, 4.8, -11.5889
54.3768, 4.8, -10.0786
55.3906, 4.8, -8.84179
56.4045, 4.8, -7.85945
57.4183, 4.8, -7.10853
58.4322, 4.8, -6.43045
59.446, 4.8, -4.0553
60.4599, 4.8, -3.24251
61.4737, 4.8, -5.07891
62.4876, 4.8, -4.64168
63.5014, 4.8, -4.23368
64.5153, 4.8, -4.0969
65.5291, 4.8, -4.2685
66.543, 4.8, -4.81667
67.5568, 4.8, -5.9564
68.5707, 4.8, -8.40943
69.5845, 4.8, -12.4025
70.5984, 4.8, -11.9074
71.6122, 4.8, -7.07731
72.6261, 4.8, -3.85103
73.6399, 4.8, -1.66994
74.6538, 4.8, -0.141374
75.6676, 4.8, 0.81163
76.6815, 4.8, 1.04175
77.6953, 4.8, 0.158629
78.7092, 4.8, -2.46596
79.723, 4.8, -7.1796
80.7369, 4.8, -3.41282
81.7507, 4.8, 1.99977
82.7646, 4.8, 5.27229
83.7784, 4.8, 7.14675
84.7923, 4.8, 8.11531
85.8061, 4.8, 8.55724
86.82, 4.8, 8.54993
87.8338, 4.8, 8.00829
88.8477, 4.8, 6.71108
89.8615, 4.8, 8.27403
90.8754, 4.8, 6.37039
91.8892, 4.8, 6.40743
92.9031, 4.8, 5.31455
93.9169, 4.8, 3.62037
94.9308, 4.8, 1.68196
95.9446, 4.8, -0.179623
96.9585, 4.8, -1.86576
97.9723, 4.8, -3.11997
98.9862, 4.8, -2.95834
7.66761, 5.6, -23.2782
8.67123, 5.6, -24.4516
9.67484, 5.6, -25.7649
10.6785, 5.6, -26.4019
11.6821, 5.6, -26.3879
12.6857, 5.6, -26.3684
13.6893, 5.6, -26.5849
14.6929, 5.6, -27.0001
15.6965, 5.6, -27.601
16.7001, 5.6, -28.375
17.7037, 5.6, -29.2962
18.7074, 5.6, -30.5034
19.711, 5.6, -33.3603
20.7146, 5.6, -31.7153
21.7182, 5.6, -30.2371
22.7218, 5.6, -29.3916
23.7254, 5.6, -28.6939
24.729, 5.6, -28.1612
25.7326, 5.6, -27.8185
26.7363, 5.6, -27.6879
27.7399, 5.6, -27.7823
28.7435, 5.6, -27.8647
29.7471, 5.6, -26.4159
30.7507, 5.6, -26.3785
31.7543, 5.6, -25.6753
32.7579, 5.6, -24.3294
33.7615, 5.6, -23.1611
34.7652, 5.6, -22.2076
35.7688, 5.6, -21.4247
36.7724, 5.6, -20.7694
37.776, 5.6, -20.1637
38.7796, 5.6, -19.1759
39.7832, 5.6, -16.0497
40.7868, 5.6, -17.6216
41.7905, 5.6, -18.4565
42.7941, 5.6, -18.4215
43.7977, 5.6, -18.3518
44.8013, 5.6, -18.3738
45.8049, 5.6, -18.5033
46.8085, 5.6, -18.7603
47.8121, 5.6, -19.1157
48.8157, 5.6, -19.1042
49.8194, 5.6, -19.0029
50.823, 5.6, -18.1444
51.8266, 5.6, -17.5332
52.8302, 5.6, -16.1761
53.8338, 5.6, -14.8326
54.8374, 5.6, -13.6234
55.841, 5.6, -12.6082
56.8446, 5.6, -11.788
57.8483, 5.6, -11.1262
58.8519, 5.6, -10.0397
59.8555, 5.6, -5.36618
60.8591, 5.6, -8.68271
61.8627, 5.6, -9.51071
62.8663, 5.6, -9.36373
63.8699, 5.6, -9.31156
64.8736, 5.6, -9.4281
65.8772, 5.6, -9.8273
66.8808, 5.6, -10.4222
67.8844, 5.6, -11.1357
68.888, 5.6, -11.2618
69.8916, 5.6, -13.4747
70.8952, 5.6, -10.9561
71.8988, 5.6, -10.0712
72.9025, 5.6, -8.24152
73.9061, 5.6, -6.46581
74.9097, 5.6, -4.97959
75.9133, 5.6, -3.99741
76.9169, 5.6, -3.64135
77.9205, 5.6, -4.1716
78.9241, 5.6, -5.56446
79.9277, 5.6, -10.4554
80.9314, 5.6, -4.15611
81.935, 5.6, -0.941393
82.9386, 5.6, 1.39193
83.9422, 5.6, 2.80161
84.9458, 5.6, 3.55941
85.9494, 5.6, 3.88211
86.953, 5.6, 3.95395
87.9566, 5.6, 4.08012
88.9603, 5.6, 5.61618
89.9639, 5.6, 8.98821
90.9675, 5.6, 4.71072
91.9711, 5.6, 0.885168
92.9747, 5.6, -1.80205
93.9783, 5.6, -4.44343
94.9819, 5.6, -7.08291
95.9855, 5.6, -9.68877
96.9892, 5.6, -12.0623
97.9928, 5.6, -13.927
98.9964, 5.6, -14.4407
8.60938, 6.4, -27.7956
9.60275, 6.4, -29.239
10.5961, 6.4, -29.8703
11.5895, 6.4, -29.7495
12.5829, 6.4, -29.8239
13.5763, 6.4, -30.0821
14.5696, 6.4, -30.5156
15.563, 6.4, -31.0962
16.5564, 6.4, -31.8083
17.5498, 6.4, -32.6687
18.5431, 6.4, -33.8565
19.5365, 6.4, -36.9919
20.5299, 6.4, -36.6423
21.5233, 6.4, -33.8722
22.5166, 6.4, -32.8727
23.51, 6.4, -32.1557
24.5034, 6.4, -31.5644
25.4968, 6.4, -31.1065
26.4902, 6.4, -30.7985
27.4835, 6.4, -30.611
28.4769, 6.4, -30.4036
29.4703, 6.4, -30.3671
30.4637, 6.4, -29.5813
31.457, 6.4, -28.2882
32.4504, 6.4, -27.2705
33.4438, 6.4, -26.2259
34.4372, 6.4, -25.2703
35.4305, 6.4, -24.4224
36.4239, 6.4, -23.6332
37.4173, 6.4, -22.8053
38.4107, 6.4, -21.7804
39.404, 6.4, -20.6226
40.3974, 6.4, -20.0358
41.3908, 6.4, -20.3268
42.3842, 6.4, -20.7657
43.3775, 6.4, -21.0476
44.3709, 6.4, -21.2361
45.3643, 6.4, -21.3955
46.3577, 6.4, -21.5165
47.3511, 6.4, -21.495
48.3444, 6.4, -20.9873
49.3378, 6.4, -19.7235
50.3312, 6.4, -18.9776
51.3246, 6.4, -19.6833
52.3179, 6.4, -19.5487
53.3113, 6.4, -18.6393
54.3047, 6.4, -17.4518
55.2981, 6.4, -16.3325
56.2914, 6.4, -15.4508
57.2848, 6.4, -14.8475
58.2782, 6.4, -14.1166
59.2716, 6.4, -13.497
60.2649, 6.4, -13.3987
61.2583, 6.4, -12.8765
62.2517, 6.4, -13.1731
63.2451, 6.4, -12.943
64.2384, 6.4, -12.7476
65.2318, 6.4, -12.9595
66.2252, 6.4, -13.637
67.2186, 6.4, -14.5611
68.212, 6.4, -14.4173
69.2053, 6.4, -12.3236
70.1987, 6.4, -10.4822
71.1921, 6.4, -12.4524
72.1855, 6.4, -12.7406
73.1788, 6.4, -11.1522
74.1722, 6.4, -9.27615
75.1656, 6.4, -7.81126
76.159, 6.4, -6.8359
77.1523, 6.4, -6.26199
78.1457, 6.4, -5.76708
79.1391, 6.4, -6.08737
80.1325, 6.4, -6.11515
81.1258, 6.4, -3.82259
82.1192, 6.4, -2.10275
83.1126, 6.4, -1.08558
84.106, 6.4, -0.361952
85.0994, 6.4, 0.0368085
86.0927, 6.4, 0.247245
87.0861, 6.4, 0.537608
88.0795, 6.4, 1.6468
89.0729, 6.4, 4.34252
90.0662, 6.4, 6.91132
91.0596, 6.4, 1.11288
92.053, 6.4, -4.48096
93.0464, 6.4, -8.61658
94.0397, 6.4, -12.0318
95.0331, 6.4, -15.3386
96.0265, 6.4, -18.7068
97.0199, 6.4, -22.1287
98.0132, 6.4, -25.173
99.0066, 6.4, -27.2751
9.55114, 7.2, -32.1885
10.5343, 7.2, -32.7955
11.5174, 7.2, -32.5986
12.5006, 7.2, -32.7687
13.4837, 7.2, -33.1091
14.4668, 7.2, -33.5646
15.45, 7.2, -34.1475
16.4331, 7.2, -34.8667
17.4163, 7.2, -35.7502
18.3994, 7.2, -36.9268
19.3825, 7.2, -38.8229
20.3657, 7.2, -39.5335
21.3488, 7.2, -37.3277
22.332, 7.2, -36.0501
23.3151, 7.2, -35.1524
24.2982, 7.2, -34.4442
25.2814, 7.2, -33.8637
26.2645, 7.2, -33.3814
27.2477, 7.2, -32.9894
28.2308, 7.2, -32.719
29.2139, 7.2, -32.9025
30.1971, 7.2, -33.6461
31.1802, 7.2, -30.8417
32.1634, 7.2, -29.587
33.1465, 7.2, -28.6511
34.1296, 7.2, -27.8225
35.1128, 7.2, -27.0225
36.0959, 7.2, -26.201
37.0791, 7.2, -25.3162
38.0622, 7.2, -24.3521
39.0453, 7.2, -23.6478
40.0285, 7.2, -24.8403
41.0116, 7.2, -22.6761
41.9948, 7.2, -22.856
42.9779, 7.2, -23.3504
43.961, 7.2, -23.7716
44.9442, 7.2, -24.0617
45.9273, 7.2, -24.1819
46.9104, 7.2, -24.0707
47.8936, 7.2, -23.618
48.8767, 7.2, -22.6348
49.8599, 7.2, -19.8033
50.843, 7.2, -21.735
51.8261, 7.2, -22.0636
52.8093, 7.2, -21.4328
53.7924, 7.2, -20.3338
54.7756, 7.2, -19.0725
55.7587, 7.2, -17.8786
56.7418, 7.2, -16.9795
57.725, 7.2, -16.6549
58.7081, 7.2, -17.1808
59.6913, 7.2, -19.8913
60.6744, 7.2, -17.6892
61.6575, 7.2, -15.891
62.6407, 7.2, -14.636
63.6238, 7.2, -13.9594
64.607, 7.2, -13.8085
65.5901, 7.2, -14.1334
66.5732, 7.2, -14.9226
67.5564, 7.2, -16.1343
68.5395, 7.2, -17.1554
69.5227, 7.2, -13.1819
70.5058, 7.2, -12.6465
71.4889, 7.2, -15.309
72.4721, 7.2, -13.3367
73.4552, 7.2, -11.2998
74.4384, 7.2, -9.66272
75.4215, 7.2, -8.37731
76.4046, 7.2, -7.35767
77.3878, 7.2, -6.52035
78.3709, 7.2, -5.7318
79.3541, 7.2, -4.12554
80.3372, 7.2, -2.69106
81.3203, 7.2, -3.0916
82.3035, 7.2, -2.62782
83.2866, 7.2, -2.44733
84.2698, 7.2, -2.42695
85.2529, 7.2, -2.42653
86.236, 7.2, -2.30858
87.2192, 7.2, -1.89922
88.2023, 7.2, -0.911959
89.1855, 7.2, 1.26786
90.1686, 7.2, 3.57134
91.1517, 7.2, -4.53216
92.1349, 7.2, -10.1698
93.118, 7.2, -14.7208
94.1012, 7.2, -18.7984
95.0843, 7.2, -22.7297
96.0674, 7.2, -26.7609
97.0506, 7.2, -31.1345
98.0337, 7.2, -36.1085
99.0169, 7.2, -41.4513
10.4929, 8, -34.9787
11.4658, 8, -35.0118
12.4387, 8, -35.2932
13.4116, 8, -35.6937
14.3845, 8, -36.1973
15.3574, 8, -36.8068
16.3303, 8, -37.5422
17.3032, 8, -38.4507
18.2761, 8, -39.5689
19.249, 8, -40.4042
20.2219, 8, -39.4904
21.1948, 8, -40.1587
22.1677, 8, -38.9361
23.1406, 8, -37.8723
24.1135, 8, -37.0428
25.0865, 8, -36.3543
26.0594, 8, -35.7333
27.0323, 8, -35.1891
28.0052, 8, -34.8221
28.9781, 8, -34.7995
29.951, 8, -35.4261
30.9239, 8, -33.3912
31.8968, 8, -31.8934
32.8697, 8, -30.9157
33.8426, 8, -30.1642
34.8155, 8, -29.4577
35.7884, 8, -28.7171
36.7613, 8, -27.9354
37.7342, 8, -27.1394
38.7071, 8, -26.4814
39.68, 8, -26.6203
40.6529, 8, -25.7038
41.6258, 8, -25.5193
42.5987, 8, -25.9168
43.5716, 8, -26.3684
44.5445, 8, -26.7161
45.5174, 8, -26.9558
46.4903, 8, -27.0543
47.4632, 8, -26.8794
48.4361, 8, -26.3018
49.409, 8, -24.8968
50.3819, 8, -24.2131
51.3548, 8, -25.0809
52.3277, 8, -24.3167
53.3006, 8, -22.9751
54.2735, 8, -21.3982
55.2465, 8, -19.8405
56.2194, 8, -18.4923
57.1923, 8, -17.6647
58.1652, 8, -17.9872
59.1381, 8, -20.6628
60.111, 8, -23.233
61.0839, 8, -19.0891
62.0568, 8, -15.6674
63.0297, 8, -13.9458
64.0026, 8, -13.2843
64.9755, 8, -13.2293
65.9484, 8, -13.595
66.9213, 8, -14.5001
67.8942, 8, -16.3881
68.8671, 8, -19.1736
69.84, 8, -16.8372
70.8129, 8, -18.3409
71.7858, 8, -14.7555
72.7587, 8, -11.8755
73.7316, 8, -10.0201
74.7045, 8, -8.74922
75.6774, 8, -7.65089
76.6503, 8, -6.62178
77.6232, 8, -5.74323
78.5961, 8, -4.30418
79.569, 8, -1.4223
80.5419, 8, -0.951803
81.5148, 8, -2.51117
82.4877, 8, -3.24045
83.4606, 8, -3.72553
84.4335, 8, -4.21245
85.4064, 8, -4.56395
86.3794, 8, -4.74932
87.3523, 8, -4.73608
88.3252, 8, -4.4228
89.2981, 8, -3.63057
90.271, 8, -4.12236
91.2439, 8, -11.3175
92.2168, 8, -16.2385
93.1897, 8, -20.8131
94.1626, 8, -25.1863
95.1355, 8, -29.5734
96.1084, 8, -34.1841
97.0813, 8, -39.3616
98.0542, 8, -45.8378
99.0271, 8, -55.1366
11.4347, 8.8, -36.9321
12.3973, 8.8, -37.4088
13.36, 8.8, -37.927
14.3227, 8.8, -38.4901
15.2853, 8.8, -39.131
16.248, 8.8, -39.8681
17.2107, 8.8, -40.7164
18.1733, 8.8, -41.6244
19.136, 8.8, -41.9715
20.0987, 8.8, -41.0306
21.0613, 8.8, -41.9251
22.024, 8.8, -41.3039
22.9867, 8.8, -40.4089
23.9493, 8.8, -39.6378
24.912, 8.8, -38.951
25.8747, 8.8, -38.278
26.8373, 8.8, -37.5625
27.8, 8.8, -36.8147
28.7627, 8.8, -36.3302
29.7253, 8.8, -35.7184
30.688, 8.8, -35.1668
31.6507, 8.8, -34.0688
32.6133, 8.8, -33.38
33.576, 8.8, -32.8222
34.5387, 8.8, -32.2176
35.5013, 8.8, -31.5398
36.464, 8.8, -30.8124
37.4267, 8.8, -30.1038
38.3893, 8.8, -29.4541
39.352, 8.8, -28.5563
40.3147, 8.8, -27.612
41.2773, 8.8, -28.5633
42.24, 8.8, -28.9397
43.2027, 8.8, -29.2182
44.1653, 8.8, -29.5058
45.128, 8.8, -29.7755
46.0907, 8.8, -30.0239
47.0533, 8.8, -30.2511
48.016, 8.8, -30.3637
48.9787, 8.8, -29.8081
49.9413, 8.8, -29.5395
50.904, 8.8, -28.8569
51.8667, 8.8, -27.7935
52.8293, 8.8, -25.9014
53.792, 8.8, -23.8873
54.7547, 8.8, -21.935
55.7173, 8.8, -20.1278
56.68, 8.8, -18.6014
57.6427, 8.8, -17.68
58.6053, 8.8, -18.3662
59.568, 8.8, -21.9023
60.5307, 8.8, -21.2117
61.4933, 8.8, -16.0631
62.456, 8.8, -13.5525
63.4187, 8.8, -12.7204
64.3813, 8.8, -12.5227
65.344, 8.8, -12.6323
66.3067, 8.8, -12.948
67.2693, 8.8, -13.5556
68.232, 8.8, -15.2434
69.1947, 8.8, -20.8927
70.1573, 8.8, -28.7236
71.12, 8.8, -16.4905
72.0827, 8.8, -11.7987
73.0453, 8.8, -10.3187
74.008, 8.8, -9.46036
74.9707, 8.8, -8.62346
75.9333, 8.8, -7.59837
76.896, 8.8, -6.21563
77.8587, 8.8, -4.32026
78.8213, 8.8, -2.46792
79.784, 8.8, 0.20682
80.7467, 8.8, -0.561042
81.7093, 8.8, -2.56822
82.672, 8.8, -4.49405
83.6347, 8.8, -5.89914
84.5973, 8.8, -6.80978
85.56, 8.8, -7.41574
86.5227, 8.8, -7.853
87.4853, 8.8, -8.28479
88.448, 8.8, -8.85469
89.4107, 8.8, -9.84679
90.3733, 8.8, -13.3801
91.336, 8.8, -17.946
92.2987, 8.8, -22.5458
93.2613, 8.8, -26.986
94.224, 8.8, -31.5731
95.1867, 8.8, -36.3348
96.1493, 8.8, -41.4021
97.112, 8.8, -47.0891
98.0747, 8.8, -54.1406
99.0373, 8.8, -64.4302
12.3764, 9.6, -39.4444
13.3289, 9.6, -40.1263
14.2813, 9.6, -40.72
15.2337, 9.6, -41.2767
16.1861, 9.6, -41.8655
17.1386, 9.6, -42.5649
18.091, 9.6, -43.1882
19.0434, 9.6, -43.6869
19.9959, 9.6, -44.6577
20.9483, 9.6, -43.5627
21.9007, 9.6, -43.1371
22.8532, 9.6, -42.6891
23.8056, 9.6, -42.1354
24.758, 9.6, -41.5675
25.7105, 9.6, -40.9602
26.6629, 9.6, -40.2382
27.6153, 9.6, -39.2773
28.5677, 9.6, -37.9483
29.5202, 9.6, -36.5946
30.4726, 9.6, -35.9167
31.425, 9.6, -36.0638
32.3775, 9.6, -36.1235
33.3299, 9.6, -35.8368
34.2823, 9.6, -35.3339
35.2348, 9.6, -34.7008
36.1872, 9.6, -33.9942
37.1396, 9.6, -33.2527
38.092, 9.6, -32.4844
39.0445, 9.6, -31.4451
39.9969, 9.6, -28.8565
40.9493, 9.6, -31.3234
41.9018, 9.6, -31.986
42.8542, 9.6, -32.2416
43.8066, 9.6, -32.4479
44.7591, 9.6, -32.6692
45.7115, 9.6, -32.9361
46.6639, 9.6, -33.279
47.6163, 9.6, -33.7428
48.5688, 9.6, -34.4059
49.5212, 9.6, -35.0252
50.4736, 9.6, -34.3541
51.4261, 9.6, -31.7816
52.3785, 9.6, -29.0895
53.3309, 9.6, -26.5679
54.2834, 9.6, -24.1871
55.2358, 9.6, -21.9468
56.1882, 9.6, -19.8723
57.1406, 9.6, -18.0222
58.0931, 9.6, -16.5174
59.0455, 9.6, -15.7044
59.9979, 9.6, -20.1949
60.9504, 9.6, -13.8977
61.9028, 9.6, -12.3884
62.8552, 9.6, -11.8821
63.8077, 9.6, -11.8093
64.7601, 9.6, -11.9441
65.7125, 9.6, -12.1537
66.6649, 9.6, -12.3601
67.6174, 9.6, -12.5961
68.5698, 9.6, -13.5593
69.5222, 9.6, -22.8409
70.4747, 9.6, -22.1108
71.4271, 9.6, -11.8668
72.3795, 9.6, -10.5993
73.332, 9.6, -10.3085
74.2844, 9.6, -10.0074
75.2368, 9.6, -9.43693
76.1892, 9.6, -8.43055
77.1417, 9.6, -6.79609
78.0941, 9.6, -4.30148
79.0465, 9.6, -1.32983
79.999, 9.6, 1.63143
80.9514, 9.6, -1.37217
81.9038, 9.6, -4.78103
82.8563, 9.6, -7.42614
83.8087, 9.6, -9.12998
84.7611, 9.6, -10.229
85.7135, 9.6, -10.9929
86.666, 9.6, -11.6495
87.6184, 9.6, -12.4512
88.5708, 9.6, -13.8265
89.5233, 9.6, -16.828
90.4757, 9.6, -20.6174
91.4281, 9.6, -24.0994
92.3806, 9.6, -28.4474
93.333, 9.6, -33.0796
94.2854, 9.6, -37.9162
95.2378, 9.6, -42.9878
96.1903, 9.6, -48.3778
97.1427, 9.6, -54.2415
98.0951, 9.6, -60.8844
99.0476, 9.6, -69.1614
13.3182, 10.4, -41.913
14.2604, 10.4, -42.7671
15.2026, 10.4, -43.4999
16.1448, 10.4, -43.98
17.087, 10.4, -44.2888
18.0292, 10.4, -44.7489
18.9714, 10.4, -45.5221
19.9135, 10.4, -47.7107
20.8557, 10.4, -45.6709
21.7979, 10.4, -45.0013
22.7401, 10.4, -44.7189
23.6823, 10.4, -44.3999
24.6245, 10.4, -44.0158
25.5667, 10.4, -43.5556
26.5089, 10.4, -42.9815
27.4511, 10.4, -42.1541
28.3933, 10.4, -40.6617
29.3355, 10.4, -38.0795
30.2777, 10.4, -36.8768
31.2199, 10.4, -38.262
32.1621, 10.4, -39.09
33.1043, 10.4, -39.0078
34.0465, 10.4, -38.4849
34.9886, 10.4, -37.825
35.9308, 10.4, -37.1363
36.873, 10.4, -36.4473
37.8152, 10.4, -35.6456
38.7574, 10.4, -34.602
39.6996, 10.4, -33.4456
40.6418, 10.4, -34.0744
41.584, 10.4, -34.847
42.5262, 10.4, -35.1509
43.4684, 10.4, -35.185
44.4106, 10.4, -35.2372
45.3528, 10.4, -35.4349
46.295, 10.4, -35.8415
47.2372, 10.4, -36.5107
48.1794, 10.4, -37.5419
49.1215, 10.4, -39.4963
50.0637, 10.4, -40.7456
51.0059, 10.4, -36.5675
51.9481, 10.4, -32.4773
52.8903, 10.4, -29.2563
53.8325, 10.4, -26.3943
54.7747, 10.4, -23.7702
55.7169, 10.4, -21.2779
56.6591, 10.4, -18.8092
57.6013, 10.4, -16.2165
58.5435, 10.4, -13.0686
59.4857, 10.4, -9.34453
60.4279, 10.4, -7.96367
61.3701, 10.4, -9.02591
62.3123, 10.4, -10.1508
63.2545, 10.4, -10.6894
64.1966, 10.4, -11.0101
65.1388, 10.4, -11.2751
66.081, 10.4, -11.5575
67.0232, 10.4, -11.8316
67.9654, 10.4, -11.751
68.9076, 10.4, -11.3433
69.8498, 10.4, -13.554
70.792, 10.4, -10.8416
71.7342, 10.4, -11.0207
72.6764, 10.4, -11.4259
73.6186, 10.4, -11.3536
74.5608, 10.4, -11.1355
75.503, 10.4, -10.817
76.4452, 10.4, -10.2495
77.3874, 10.4, -9.04784
78.3296, 10.4, -6.42235
79.2717, 10.4, -1.79646
80.2139, 10.4, -0.11211
81.1561, 10.4, -5.34515
82.0983, 10.4, -9.41865
83.0405, 10.4, -11.7428
83.9827, 10.4, -13.1093
84.9249, 10.4, -14.1155
85.8671, 10.4, -14.9985
86.8093, 10.4, -15.9132
87.7515, 10.4, -17.0591
88.6937, 10.4, -19.0722
89.6359, 10.4, -22.6696
90.5781, 10.4, -26.248
91.5203, 10.4, -29.4676
92.4624, 10.4, -33.8065
93.4046, 10.4, -38.6418
94.3468, 10.4, -43.7152
95.289, 10.4, -49.0136
96.2312, 10.4, -54.5695
97.1734, 10.4, -60.3888
98.1156, 10.4, -66.2224
99.0578, 10.4, -71.9245
14.26, 11.2, -44.2586
15.1919, 11.2, -45.2747
16.1239, 11.2, -46.1326
17.0558, 11.2, -46.6265
17.9878, 11.2, -46.6944
18.9197, 11.2, -47.3595
19.8517, 11.2, -48.6256
20.7837, 11.2, -47.8453
21.7156, 11.2, -47.1565
22.6476, 11.2, -46.858
23.5795, 11.2, -46.6965
24.5115, 11.2, -46.4659
25.4434, 11.2, -46.1352
26.3754, 11.2, -45.6974
27.3074, 11.2, -45.1123
28.2393, 11.2, -44.2079
29.1713, 11.2, -42.0005
30.1032, 11.2, -38.1369
31.0352, 11.2, -41.5021
31.9671, 11.2, -42.3192
32.8991, 11.2, -42.0079
33.8311, 11.2, -41.3758
34.763, 11.2, -40.6294
35.695, 11.2, -39.8761
36.6269, 11.2, -39.1723
37.5589, 11.2, -38.5566
38.4908, 11.2, -37.9879
39.4228, 11.2, -37.4754
40.3548, 11.2, -37.7917
41.2867, 11.2, -37.7258
42.2187, 11.2, -37.6163
43.1506, 11.2, -37.3373
44.0826, 11.2, -37.1727
45.0145, 11.2, -37.2112
45.9465, 11.2, -37.5283
46.8785, 11.2, -38.2374
47.8104, 11.2, -39.5074
48.7424, 11.2, -41.4768
49.6743, 11.2, -45.1405
50.6063, 11.2, -41.4497
51.5382, 11.2, -35.9577
52.4702, 11.2, -31.7503
53.4021, 11.2, -28.3517
54.3341, 11.2, -25.4159
55.2661, 11.2, -22.6697
56.198, 11.2, -19.8907
57.13, 11.2, -16.7881
58.0619, 11.2, -12.9945
58.9939, 11.2, -7.78024
59.9258, 11.2, 3.67127
60.8578, 11.2, -3.5378
61.7898, 11.2, -7.06369
62.7217, 11.2, -8.71512
63.6537, 11.2, -9.50862
64.5856, 11.2, -9.86563
65.5176, 11.2, -10.0825
66.4495, 11.2, -10.3312
67.3815, 11.2, -10.678
68.3135, 11.2, -10.6674
69.2454, 11.2, -5.78216
70.1774, 11.2, 7.07478
71.1093, 11.2, -9.44221
72.0413, 11.2, -11.9146
72.9732, 11.2, -11.934
73.9052, 11.2, -11.8528
74.8372, 11.2, -11.9313
75.7691, 11.2, -12.1072
76.7011, 11.2, -12.2722
77.633, 11.2, -12.1539
78.565, 11.2, -10.6802
79.4969, 11.2, -4.92492
80.4289, 11.2, -5.37464
81.3609, 11.2, -12.3616
82.2928, 11.2, -14.9099
83.2248, 11.2, -16.1167
84.1567, 11.2, -17.0715
85.0887, 11.2, -18.0102
86.0206, 11.2, -19.0181
86.9526, 11.2, -20.208
87.8846, 11.2, -21.6928
88.8165, 11.2, -23.6682
89.7485, 11.2, -26.6635
90.6804, 11.2, -29.9359
91.6124, 11.2, -33.9512
92.5443, 11.2, -38.5371
93.4763, 11.2, -43.5307
94.4083, 11.2, -48.7707
95.3402, 11.2, -54.1837
96.2722, 11.2, -59.7294
97.2041, 11.2, -65.2973
98.1361, 11.2, -70.6779
99.068, 11.2, -74.5234
15.2017, 12, -46.6244
16.1234, 12, -47.8474
17.0452, 12, -48.9055
17.9669, 12, -49.3975
18.8886, 12, -49.1488
19.8103, 12, -49.4567
20.732, 12, -49.6652
21.6538, 12, -49.4708
22.5755, 12, -49.4421
23.4972, 12, -49.3516
24.4189, 12, -49.1717
25.3406, 12, -48.9097
26.2624, 12, -48.5918
27.1841, 12, -48.2141
28.1058, 12, -47.7833
29.0275, 12, -47.1923
29.9492, 12, -43.6959
30.871, 12, -46.222
31.7927, 12, -45.8214
32.7144, 12, -45.014
33.6361, 12, -44.1163
34.5578, 12, -43.201
35.4796, 12, -42.3253
36.4013, 12, -41.5369
37.323, 12, -40.9403
38.2447, 12, -40.698
39.1665, 12, -41.0952
40.0882, 12, -41.3909
41.0099, 12, -40.688
41.9316, 12, -39.5852
42.8533, 12, -38.8971
43.7751, 12, -38.4827
44.6968, 12, -38.3259
45.6185, 12, -38.4406
46.5402, 12, -38.9282
47.4619, 12, -39.9549
48.3837, 12, -41.7639
49.3054, 12, -44.6986
50.2271, 12, -46.0409
51.1488, 12, -38.7027
52.0705, 12, -33.7819
52.9923, 12, -29.9616
53.914, 12, -26.7683
54.8357, 12, -23.8601
55.7574, 12, -21.0327
56.6791, 12, -17.9982
57.6009, 12, -14.3287
58.5226, 12, -9.28406
59.4443, 12, -0.744268
60.366, 12, 3.78766
61.2877, 12, -3.41051
62.2095, 12, -6.45878
63.1312, 12, -7.69526
64.0529, 12, -8.15227
64.9746, 12, -8.2784
65.8963, 12, -8.28866
66.8181, 12, -8.3539
67.7398, 12, -8.51638
68.6615, 12, -7.63572
69.5832, 12, 2.29588
70.5049, 12, -0.50855
71.4267, 12, -9.89499
72.3484, 12, -11.0745
73.2701, 12, -11.3714
74.1918, 12, -11.8257
75.1135, 12, -12.4795
76.0353, 12, -13.3066
76.957, 12, -14.2918
77.8787, 12, -15.3453
78.8004, 12, -16.2705
79.7222, 12, -12.1215
80.6439, 12, -16.8754
81.5656, 12, -18.9322
82.4873, 12, -19.446
83.409, 12, -20.0937
84.3307, 12, -20.8514
85.2525, 12, -21.7722
86.1742, 12, -22.8713
87.0959, 12, -24.1391
88.0176, 12, -25.6146
88.9394, 12, -27.1397
89.8611, 12, -29.4948
90.7828, 12, -32.6851
91.7045, 12, -37.6385
92.6262, 12, -42.6479
93.548, 12, -47.8178
94.4697, 12, -53.1744
95.3914, 12, -58.6214
96.3131, 12, -64.0825
97.2348, 12, -69.5155
98.1566, 12, -74.5487
99.0783, 12, -77.3937
16.1435, 12.8, -49.1126
17.055, 12.8, -50.6252
17.9665, 12.8, -51.8973
18.8779, 12.8, -51.6946
19.7894, 12.8, -50.7945
20.7009, 12.8, -51.2975
21.6124, 12.8, -52.1127
22.5239, 12.8, -52.3604
23.4354, 12.8, -52.2324
24.3468, 12.8, -51.9513
25.2583, 12.8, -51.6748
26.1698, 12.8, -51.4621
27.0813, 12.8, -51.3476
27.9928, 12.8, -51.385
28.9043, 12.8, -51.6655
29.8157, 12.8, -53.1623
30.7272, 12.8, -51.4377
31.6387, 12.8, -49.5947
32.5502, 12.8, -48.0867
33.4617, 12.8, -46.8036
34.3732, 12.8, -45.7071
35.2846, 12.8, -44.7303
36.1961, 12.8, -43.8456
37.1076, 12.8, -43.0841
38.0191, 12.8, -42.672
38.9306, 12.8, -43.1345
39.8421, 12.8, -44.1138
40.7535, 12.8, -42.9391
41.665, 12.8, -41.0186
42.5765, 12.8, -39.9649
43.488, 12.8, -39.3974
44.3995, 12.8, -39.0114
45.311, 12.8, -38.8118
46.2225, 12.8, -38.8891
47.1339, 12.8, -39.3819
48.0454, 12.8, -40.4847
48.9569, 12.8, -42.6373
49.8684, 12.8, -44.7612
50.7799, 12.8, -40.2372
51.6914, 12.8, -34.8047
52.6028, 12.8, -30.8343
53.5143, 12.8, -27.4119
54.4258, 12.8, -24.3526
55.3373, 12.8, -21.5224
56.2488, 12.8, -18.7642
57.1603, 12.8, -15.8192
58.0717, 12.8, -11.989
58.9832, 12.8, -6.05233
59.8947, 12.8, 0.0262594
60.8062, 12.8, -1.25431
61.7177, 12.8, -4.59093
62.6292, 12.8, -6.07267
63.5406, 12.8, -6.56185
64.4521, 12.8, -6.70302
65.3636, 12.8, -6.63478
66.2751, 12.8, -6.33818
67.1866, 12.8, -5.71852
68.0981, 12.8, -4.77379
69.0096, 12.8, -4.64093
69.921, 12.8, -8.63641
70.8325, 12.8, -6.85945
71.744, 12.8, -7.75249
72.6555, 12.8, -9.27388
73.567, 12.8, -10.5967
74.4785, 12.8, -11.697
75.3899, 12.8, -12.811
76.3014, 12.8, -14.165
77.2129, 12.8, -16.0204
78.1244, 12.8, -18.7046
79.0359, 12.8, -22.8328
79.9474, 12.8, -29.0533
80.8588, 12.8, -25.6714
81.7703, 12.8, -23.6014
82.6818, 12.8, -22.9573
83.5933, 12.8, -23.0514
84.5048, 12.8, -23.7085
85.4163, 12.8, -24.7477
86.3277, 12.8, -26.0298
87.2392, 12.8, -27.4156
88.1507, 12.8, -28.71
89.0622, 12.8, -29.8733
89.9737, 12.8, -30.3493
90.8852, 12.8, -35.4145
91.7966, 12.8, -40.715
92.7081, 12.8, -46.3225
93.6196, 12.8, -51.9927
94.5311, 12.8, -57.6404
95.4426, 12.8, -63.1936
96.3541, 12.8, -68.5403
97.2655, 12.8, -73.5094
98.177, 12.8, -77.938
99.0885, 12.8, -81.9179
17.0852, 13.6, -51.7764
17.9865, 13.6, -53.6317
18.8877, 13.6, -54.8641
19.789, 13.6, -52.5954
20.6902, 13.6, -53.8796
21.5915, 13.6, -55.126
22.4927, 13.6, -55.1397
23.394, 13.6, -54.7412
24.2952, 13.6, -54.3381
25.1965, 13.6, -54.0392
26.0977, 13.6, -53.9025
26.999, 13.6, -53.9965
27.9002, 13.6, -54.443
28.8015, 13.6, -55.5467
29.7027, 13.6, -59.5856
30.604, 13.6, -56.8963
31.5052, 13.6, -53.0934
32.4065, 13.6, -50.9284
33.3077, 13.6, -49.3638
34.2089, 13.6, -48.133
35.1102, 13.6, -47.1006
36.0114, 13.6, -46.1847
36.9127, 13.6, -45.3334
37.8139, 13.6, -44.5347
38.7152, 13.6, -43.9857
39.6164, 13.6, -45.041
40.5177, 13.6, -43.7692
41.4189, 13.6, -41.6934
42.3202, 13.6, -40.8285
43.2214, 13.6, -40.1049
44.1227, 13.6, -39.4247
45.0239, 13.6, -38.8311
45.9252, 13.6, -38.3991
46.8264, 13.6, -38.2341
47.7277, 13.6, -38.4881
48.6289, 13.6, -39.347
49.5302, 13.6, -40.5246
50.4314, 13.6, -38.9312
51.3326, 13.6, -34.5609
52.2339, 13.6, -30.5076
53.1351, 13.6, -27.0005
54.0364, 13.6, -23.9008
54.9376, 13.6, -21.0779
55.8389, 13.6, -18.4406
56.7401, 13.6, -15.9172
57.6414, 13.6, -13.4259
58.5426, 13.6, -10.7665
59.4439, 13.6, -7.55925
60.3451, 13.6, -5.95617
61.2464, 13.6, -5.43615
62.1476, 13.6, -5.17858
63.0489, 13.6, -5.16887
63.9501, 13.6, -5.26925
64.8514, 13.6, -5.29704
65.7526, 13.6, -5.08086
66.6538, 13.6, -4.45627
67.5551, 13.6, -3.32926
68.4563, 13.6, -2.26287
69.3576, 13.6, -8.54034
70.2588, 13.6, -18.522
71.1601, 13.6, -5.53612
72.0613, 13.6, -6.42893
72.9626, 13.6, -8.52275
73.8638, 13.6, -10.1688
74.7651, 13.6, -11.5002
75.6663, 13.6, -12.8398
76.5676, 13.6, -14.583
77.4688, 13.6, -17.2692
78.3701, 13.6, -21.7987
79.2713, 13.6, -30.5195
80.1726, 13.6, -42.4494
81.0738, 13.6, -29.4309
81.9751, 13.6, -25.8458
82.8763, 13.6, -24.638
83.7775, 13.6, -24.7236
84.6788, 13.6, -25.5768
85.58, 13.6, -26.8814
86.4813, 13.6, -28.4102
87.3825, 13.6, -29.9603
88.2838, 13.6, -31.2935
89.185, 13.6, -32.0267
90.0863, 13.6, -31.5119
90.9875, 13.6, -38.2592
91.8888, 13.6, -44.1612
92.79, 13.6, -50.2688
93.6913, 13.6, -56.3748
94.5925, 13.6, -62.3558
95.4938, 13.6, -68.0994
96.395, 13.6, -73.4795
97.2963, 13.6, -78.3543
98.1975, 13.6, -82.6846
99.0988, 13.6, -88.145
18.027, 14.4, -54.7542
18.918, 14.4, -57.2725
19.809, 14.4, -56.2316
20.7, 14.4, -57.7539
21.5911, 14.4, -57.9678
22.4821, 14.4, -57.3004
23.3731, 14.4, -56.6936
24.2641, 14.4, -56.2464
25.1551, 14.4, -55.9505
26.0461, 14.4, -55.8251
26.9371, 14.4, -55.9595
27.8281, 14.4, -56.6071
28.7191, 14.4, -58.2633
29.6102, 14.4, -61.7416
30.5012, 14.4, -60.485
31.3922, 14.4, -55.8764
32.2832, 14.4, -53.2215
33.1742, 14.4, -51.5413
34.0652, 14.4, -50.2936
34.9562, 14.4, -49.2528
35.8472, 14.4, -48.3375
36.7382, 14.4, -47.4837
37.6292, 14.4, -46.534
38.5203, 14.4, -45.2475
39.4113, 14.4, -43.7653
40.3023, 14.4, -43.1823
41.1933, 14.4, -41.8476
42.0843, 14.4, -41.498
42.9753, 14.4, -40.683
43.8663, 14.4, -39.6875
44.7573, 14.4, -38.6959
45.6483, 14.4, -37.7523
46.5394, 14.4, -36.8839
47.4304, 14.4, -36.2042
48.3214, 14.4, -35.7172
49.2124, 14.4, -35.3619
50.1034, 14.4, -35.2585
50.9944, 14.4, -32.1361
51.8854, 14.4, -28.9304
52.7764, 14.4, -25.6436
53.6674, 14.4, -22.7203
54.5585, 14.4, -20.0379
55.4495, 14.4, -17.4904
56.3405, 14.4, -15.1052
57.2315, 14.4, -13.069
58.1225, 14.4, -11.8745
59.0135, 14.4, -12.5341
59.9045, 14.4, -12.0097
60.7955, 14.4, -10.4332
61.6865, 14.4, -6.47661
62.5775, 14.4, -4.85373
63.4686, 14.4, -4.49637
64.3596, 14.4, -4.49596
65.2506, 14.4, -4.52127
66.1416, 14.4, -4.40018
67.0326, 14.4, -3.99609
67.9236, 14.4, -3.30899
68.8146, 14.4, -3.67852
69.7056, 14.4, -10.5173
70.5966, 14.4, -7.40076
71.4877, 14.4, -6.12095
72.3787, 14.4, -7.3627
73.2697, 14.4, -8.92002
74.1607, 14.4, -10.1664
75.0517, 14.4, -11.3233
75.9427, 14.4, -12.6609
76.8337, 14.4, -14.5671
77.7247, 14.4, -17.8066
78.6157, 14.4, -23.8613
79.5068, 14.4, -34.9724
80.3978, 14.4, -37.4977
81.2888, 14.4, -28.8729
82.1798, 14.4, -25.4235
83.0708, 14.4, -24.6777
83.9618, 14.4, -25.3221
84.8528, 14.4, -26.6514
85.7438, 14.4, -28.3416
86.6348, 14.4, -30.2013
87.5258, 14.4, -32.0515
88.4169, 14.4, -33.5198
89.3079, 14.4, -33.9147
90.1989, 14.4, -34.7889
91.0899, 14.4, -41.7171
91.9809, 14.4, -48.4674
92.8719, 14.4, -55.0152
93.7629, 14.4, -61.4287
94.6539, 14.4, -67.6931
95.5449, 14.4, -73.7513
96.436, 14.4, -79.5086
97.327, 14.4, -84.8404
98.218, 14.4, -89.8259
99.109, 14.4, -95.2066
18.9688, 15.2, -58.8465
19.8495, 15.2, -62.1356
20.7303, 15.2, -61.6555
21.6111, 15.2, -60.0196
22.4919, 15.2, -58.9322
23.3726, 15.2, -58.2796
24.2534, 15.2, -57.8623
25.1342, 15.2, -57.6084
26.015, 15.2, -57.503
26.8957, 15.2, -57.5909
27.7765, 15.2, -58.0303
28.6573, 15.2, -59.3198
29.5381, 15.2, -61.1593
30.4188, 15.2, -60.3246
31.2996, 15.2, -57.2744
32.1804, 15.2, -54.9009
33.0612, 15.2, -53.3408
33.9419, 15.2, -52.0989
34.8227, 15.2, -51.0232
35.7035, 15.2, -50.0616
36.5843, 15.2, -49.1813
37.465, 15.2, -48.2954
38.3458, 15.2, -47.0859
39.2266, 15.2, -44.3832
40.1074, 15.2, -39.7716
40.9881, 15.2, -42.2328
41.8689, 15.2, -42.0697
42.7497, 15.2, -41.0162
43.6305, 15.2, -39.8198
44.5112, 15.2, -38.5727
45.392, 15.2, -37.2827
46.2728, 15.2, -35.8862
47.1535, 15.2, -34.2542
48.0343, 15.2, -32.3635
48.9151, 15.2, -30.8283
49.7959, 15.2, -29.0875
50.6766, 15.2, -28.1509
51.5574, 15.2, -25.8001
52.4382, 15.2, -23.6297
53.319, 15.2, -21.4585
54.1997, 15.2, -19.1126
55.0805, 15.2, -16.7111
55.9613, 15.2, -14.3747
56.8421, 15.2, -12.3099
57.7228, 15.2, -10.9779
58.6036, 15.2, -11.3578
59.4844, 15.2, -15.299
60.3652, 15.2, -15.373
61.2459, 15.2, -8.63824
62.1267, 15.2, -5.86995
63.0075, 15.2, -4.73277
63.8883, 15.2, -4.41865
64.769, 15.2, -4.50586
65.6498, 15.2, -4.74426
66.5306, 15.2, -5.07411
67.4114, 15.2, -5.6034
68.2921, 15.2, -5.80217
69.1729, 15.2, -3.0739
70.0537, 15.2, 8.42768
70.9344, 15.2, -5.17578
71.8152, 15.2, -8.35811
72.696, 15.2, -9.08443
73.5768, 15.2, -9.60309
74.4575, 15.2, -10.3069
75.3383, 15.2, -11.1725
76.2191, 15.2, -12.3396
77.0999, 15.2, -14.1067
77.9806, 15.2, -16.9575
78.8614, 15.2, -22.1832
79.7422, 15.2, -27.705
80.623, 15.2, -28.3328
81.5037, 15.2, -24.5288
82.3845, 15.2, -23.3587
83.2653, 15.2, -24.0188
84.1461, 15.2, -25.4857
85.0268, 15.2, -27.3759
85.9076, 15.2, -29.492
86.7884, 15.2, -31.691
87.6692, 15.2, -33.8116
88.5499, 15.2, -35.5806
89.4307, 15.2, -36.2658
90.3115, 15.2, -38.6083
91.1923, 15.2, -46.2522
92.073, 15.2, -53.5478
92.9538, 15.2, -60.4063
93.8346, 15.2, -67.1148
94.7154, 15.2, -73.738
95.5961, 15.2, -80.241
96.4769, 15.2, -86.5961
97.3577, 15.2, -92.8397
98.2384, 15.2, -98.7497
99.11922, 15.2, -103.314
19.9105, 16, -68.7336
20.7811, 16, -63.548
21.6516, 16, -61.1721
22.5221, 16, -60.1166
23.3927, 16, -59.5382
24.2632, 16, -59.2125
25.1338, 16, -59.0361
26.0043, 16, -58.9667
26.8748, 16, -58.9913
27.7454, 16, -59.0906
28.6159, 16, -59.1267
29.4865, 16, -59.1867
30.357, 16, -58.4782
31.2275, 16, -57.0536
32.0981, 16, -55.9827
32.9686, 16, -54.7428
33.8391, 16, -53.5464
34.7097, 16, -52.421
35.5802, 16, -51.3712
36.4508, 16, -50.3963
37.3213, 16, -49.4812
38.1918, 16, -48.5225
39.0624, 16, -46.6687
39.9329, 16, -39.5392
40.8034, 16, -43.2287
41.674, 16, -42.7627
42.5445, 16, -41.2926
43.4151, 16, -39.8382
44.2856, 16, -38.4094
45.1561, 16, -36.9204
46.0267, 16, -35.26
46.8972, 16, -33.2846
47.7677, 16, -30.7914
48.6383, 16, -27.5139
49.5088, 16, -24.2264
50.3794, 16, -22.7461
51.2499, 16, -22.0988
52.1204, 16, -21.5552
52.991, 16, -20.1872
53.8615, 16, -18.2896
54.732, 16, -16.112
55.6026, 16, -13.8516
56.4731, 16, -11.6963
57.3437, 16, -9.87759
58.2142, 16, -8.77601
59.0847, 16, -9.49323
59.9553, 16, -18.7411
60.8258, 16, -8.10234
61.6963, 16, -5.71802
62.5669, 16, -4.94258
63.4374, 16, -4.74071
64.308, 16, -4.90033
65.1785, 16, -5.32336
66.049, 16, -5.94697
66.9196, 16, -6.68809
67.7901, 16, -7.29204
68.6606, 16, -6.42391
69.5312, 16, 4.06099
70.4017, 16, 5.65232
71.2723, 16, -7.18766
72.1428, 16, -9.4104
73.0133, 16, -9.81678
73.8839, 16, -10.0097
74.7544, 16, -10.2891
75.6249, 16, -10.7449
76.4955, 16, -11.4201
77.366, 16, -12.3306
78.2366, 16, -13.3494
79.1071, 16, -13.4373
79.9776, 16, -16.6926
80.8482, 16, -16.7808
81.7187, 16, -19.1881
82.5892, 16, -20.9965
83.4598, 16, -23.0301
84.3303, 16, -25.3272
85.2009, 16, -27.8076
86.0714, 16, -30.3854
86.9419, 16, -32.9738
87.8125, 16, -35.4711
88.683, 16, -37.7381
89.5536, 16, -39.4742
90.4241, 16, -43.7608
91.2946, 16, -51.568
92.1652, 16, -58.9293
93.0357, 16, -66.1768
93.9062, 16, -73.342
94.7768, 16, -80.446
95.6473, 16, -87.4961
96.5179, 16, -94.4813
97.38839, 16, -101.3474
98.25893, 16, -107.8731
99.12946, 16, -112.6591
20.8523, 16.8, -63.534
21.7126, 16.8, -61.4482
22.5729, 16.8, -60.7089
23.4332, 16.8, -60.3789
24.2935, 16.8, -60.2276
25.1538, 16.8, -60.1643
26.0141, 16.8, -60.1305
26.8744, 16.8, -60.0525
27.7347, 16.8, -59.7452
28.595, 16.8, -58.7676
29.4553, 16.8, -56.8842
30.3156, 16.8, -55.921
31.1759, 16.8, -56.4626
32.0362, 16.8, -56.4496
32.8965, 16.8, -55.6971
33.7568, 16.8, -54.6134
34.6171, 16.8, -53.4585
35.4774, 16.8, -52.3148
36.3377, 16.8, -51.2202
37.198, 16.8, -50.1954
38.0583, 16.8, -49.2276
38.9186, 16.8, -48.4483
39.7789, 16.8, -47.7202
40.6392, 16.8, -45.7668
41.4995, 16.8, -43.465
42.3598, 16.8, -41.6552
43.2201, 16.8, -40.0415
44.0804, 16.8, -38.5101
44.9407, 16.8, -36.9502
45.801, 16.8, -35.2378
46.6613, 16.8, -33.2145
47.5216, 16.8, -30.6331
48.3819, 16.8, -27.0239
49.2422, 16.8, -21.5941
50.1025, 16.8, -17.6333
50.9628, 16.8, -18.8122
51.8231, 16.8, -19.8265
52.6834, 16.8, -19.2055
53.5437, 16.8, -17.666
54.404, 16.8, -15.6443
55.2643, 16.8, -13.3863
56.1246, 16.8, -11.0648
56.9849, 16.8, -8.82283
57.8452, 16.8, -6.76396
58.7055, 16.8, -5.03088
59.5658, 16.8, -4.42629
60.4262, 16.8, -3.81831
61.2865, 16.8, -3.09883
62.1468, 16.8, -3.3795
63.0071, 16.8, -3.80653
63.8674, 16.8, -4.32168
64.7277, 16.8, -4.97788
65.588, 16.8, -5.75634
66.4483, 16.8, -6.59508
67.3086, 16.8, -7.30908
68.1689, 16.8, -7.22001
69.0292, 16.8, -5.67187
69.8895, 16.8, -3.05913
70.7498, 16.8, -4.90064
71.6101, 16.8, -7.61513
72.4704, 16.8, -8.99302
73.3307, 16.8, -9.25227
74.191, 16.8, -9.2098
75.0513, 16.8, -9.12126
75.9116, 16.8, -9.03039
76.7719, 16.8, -8.85474
77.6322, 16.8, -8.22993
78.4925, 16.8, -6.13399
79.3528, 16.8, -2.44291
80.2131, 16.8, -2.31737
81.0734, 16.8, -8.62708
81.9337, 16.8, -14.3773
82.794, 16.8, -18.4815
83.6543, 16.8, -21.776
84.5146, 16.8, -24.9083
85.3749, 16.8, -28.0137
86.2352, 16.8, -31.1035
87.0955, 16.8, -34.1498
87.9558, 16.8, -37.1223
88.8161, 16.8, -40.2179
89.6764, 16.8, -43.7897
90.5367, 16.8, -49.7711
91.397, 16.8, -57.0417
92.2573, 16.8, -64.5332
93.1176, 16.8, -72.1484
93.9779, 16.8, -79.7769
94.8382, 16.8, -87.386
95.6985, 16.8, -94.9634
96.55879, 16.8, -102.4898
97.4191, 16.8, -109.9069
98.2794, 16.8, -117.013
99.1397, 16.8, -123.516
21.7941, 17.6, -60.9502
22.6441, 17.6, -60.7319
23.4942, 17.6, -60.7558
24.3443, 17.6, -60.8613
25.1943, 17.6, -60.959
26.0444, 17.6, -60.9779
26.8945, 17.6, -60.8158
27.7445, 17.6, -60.3125
28.5946, 17.6, -59.1497
29.4446, 17.6, -56.3368
30.2947, 17.6, -54.2936
31.1448, 17.6, -56.801
31.9948, 17.6, -56.915
32.8449, 17.6, -56.2874
33.695, 17.6, -55.3079
34.545, 17.6, -54.1408
35.3951, 17.6, -52.8968
36.2452, 17.6, -51.6517
37.0952, 17.6, -50.4817
37.9453, 17.6, -49.5509
38.7954, 17.6, -49.3382
39.6454, 17.6, -52.8283
40.4955, 17.6, -49.8141
41.3455, 17.6, -44.4293
42.1956, 17.6, -42.0796
43.0457, 17.6, -40.3774
43.8957, 17.6, -38.8752
44.7458, 17.6, -37.3852
45.5959, 17.6, -35.7793
46.4459, 17.6, -33.9126
47.296, 17.6, -31.575
48.1461, 17.6, -28.3921
48.9961, 17.6, -23.5888
49.8462, 17.6, -14.3065
50.6963, 17.6, -17.405
51.5463, 17.6, -19.2725
52.3964, 17.6, -18.9625
53.2465, 17.6, -17.5524
54.0965, 17.6, -15.5371
54.9466, 17.6, -13.1681
55.7966, 17.6, -10.604
56.6467, 17.6, -7.93516
57.4968, 17.6, -5.22322
58.3468, 17.6, -2.42763
59.1969, 17.6, 1.56513
60.047, 17.6, 10.4702
60.897, 17.6, 1.72223
61.7471, 17.6, -0.229348
62.5972, 17.6, -1.32562
63.4472, 17.6, -2.3812
64.2973, 17.6, -3.43356
65.1474, 17.6, -4.45518
65.9974, 17.6, -5.4302
66.8475, 17.6, -6.26914
67.6975, 17.6, -6.9657
68.5476, 17.6, -7.79845
69.3977, 17.6, -12.9102
70.2477, 17.6, -19.5607
71.0978, 17.6, -8.57519
71.9479, 17.6, -7.61507
72.7979, 17.6, -7.59201
73.648, 17.6, -7.50101
74.4981, 17.6, -7.18421
75.3481, 17.6, -6.63109
76.1982, 17.6, -5.79407
77.0483, 17.6, -4.49266
77.8983, 17.6, -2.495
78.7484, 17.6, 0.817884
79.5984, 17.6, 8.02389
80.4485, 17.6, 5.87315
81.2986, 17.6, -4.4717
82.1486, 17.6, -10.9413
82.9987, 17.6, -16.0158
83.8488, 17.6, -20.3854
84.6988, 17.6, -24.3438
85.5489, 17.6, -28.0942
86.399, 17.6, -31.7314
87.249, 17.6, -35.3443
88.0991, 17.6, -39.0708
88.9492, 17.6, -43.1954
89.7992, 17.6, -48.9754
90.6493, 17.6, -55.3438
91.4994, 17.6, -62.5079
92.3494, 17.6, -70.3146
93.1995, 17.6, -78.3071
94.0495, 17.6, -86.3733
94.8996, 17.6, -94.4613
95.74968, 17.6, -102.5403
96.59974, 17.6, -110.5834
97.44981, 17.6, -118.574
98.29987, 17.6, -126.5669
99.14993, 17.6, -135.3865
22.7358, 18.4, -60.4193
23.5757, 18.4, -60.9343
24.4155, 18.4, -61.3659
25.2553, 18.4, -61.6982
26.0951, 18.4, -61.8933
26.935, 18.4, -61.8801
27.7748, 18.4, -61.522
28.6146, 18.4, -60.5196
29.4545, 18.4, -57.8402
30.2943, 18.4, -56.1353
31.1341, 18.4, -58.2715
31.9739, 18.4, -58.0744
32.8138, 18.4, -57.2051
33.6536, 18.4, -56.0267
34.4934, 18.4, -54.6929
35.3332, 18.4, -53.2948
36.1731, 18.4, -51.9072
37.0129, 18.4, -50.6257
37.8527, 18.4, -49.6441
38.6926, 18.4, -49.6061
39.5324, 18.4, -52.3483
40.3722, 18.4, -51.6607
41.212, 18.4, -45.5155
42.0519, 18.4, -42.631
42.8917, 18.4, -40.9071
43.7315, 18.4, -39.5327
44.5714, 18.4, -38.2486
45.4112, 18.4, -36.9154
46.251, 18.4, -35.4116
47.0908, 18.4, -33.5835
47.9307, 18.4, -31.1921
48.7705, 18.4, -27.8608
49.6103, 18.4, -21.4413
50.4501, 18.4, -19.2421
51.29, 18.4, -21.0425
52.1298, 18.4, -20.3313
52.9696, 18.4, -18.6222
53.8095, 18.4, -16.312
54.6493, 18.4, -13.6377
55.4891, 18.4, -10.7331
56.3289, 18.4, -7.67034
57.1688, 18.4, -4.4617
58.0086, 18.4, -0.959788
58.8484, 18.4, 3.80842
59.6883, 18.4, 12.1262
60.5281, 18.4, 9.44022
61.3679, 18.4, 4.01626
62.2077, 18.4, 1.72247
63.0476, 18.4, 0.22235
63.8874, 18.4, -1.12535
64.7272, 18.4, -2.42689
65.5671, 18.4, -3.70256
66.4069, 18.4, -4.96916
67.2467, 18.4, -6.30766
68.0865, 18.4, -8.12845
68.9264, 18.4, -12.6405
69.7662, 18.4, -24.5574
70.606, 18.4, -17.7868
71.4458, 18.4, -10.1176
72.2857, 18.4, -7.55782
73.1255, 18.4, -6.47783
73.9653, 18.4, -5.62793
74.8052, 18.4, -4.73136
75.645, 18.4, -3.67602
76.4848, 18.4, -2.36437
77.3246, 18.4, -0.648595
78.1645, 18.4, 1.75849
79.0043, 18.4, 5.7131
79.8441, 18.4, 15.3435
80.684, 18.4, 5.98327
81.5238, 18.4, -3.02346
82.3636, 18.4, -9.41956
83.2034, 18.4, -14.7948
84.0433, 18.4, -19.6327
84.8831, 18.4, -24.1652
85.7229, 18.4, -28.525
86.5628, 18.4, -32.8068
87.4026, 18.4, -37.1037
88.2424, 18.4, -41.5631
89.0822, 18.4, -46.5563
89.9221, 18.4, -52.9519
90.7619, 18.4, -60.2467
91.6017, 18.4, -67.951
92.4416, 18.4, -76.1601
93.2814, 18.4, -84.5883
94.1212, 18.4, -93.1078
94.96103, 18.4, -101.67
95.80086, 18.4, -110.2537
96.64069, 18.4, -118.8595
97.48051, 18.4, -127.5403
98.32034, 18.4, -136.5912
99.16017, 18.4, -147.2632
23.6776, 19.2, -60.8873
24.5072, 19.2, -62.0663
25.3368, 19.2, -62.8774
26.1664, 19.2, -63.4066
26.996, 19.2, -63.7298
27.8255, 19.2, -63.7614
28.6551, 19.2, -63.2599
29.4847, 19.2, -61.9237
30.3143, 19.2, -61.3432
31.1439, 19.2, -60.9524
31.9735, 19.2, -60.0599
32.8031, 19.2, -58.682
33.6327, 19.2, -57.1199
34.4623, 19.2, -55.4712
35.2919, 19.2, -53.7921
36.1215, 19.2, -52.1363
36.9511, 19.2, -50.5816
37.7806, 19.2, -49.2945
38.6102, 19.2, -48.5691
39.4398, 19.2, -48.9165
40.2694, 19.2, -47.7316
41.099, 19.2, -45.0319
41.9286, 19.2, -42.8769
42.7582, 19.2, -41.4795
43.5878, 19.2, -40.4526
44.4174, 19.2, -39.5633
45.247, 19.2, -38.6887
46.0766, 19.2, -37.7475
46.9062, 19.2, -36.6621
47.7357, 19.2, -35.3485
48.5653, 19.2, -33.4876
49.3949, 19.2, -30.4215
50.2245, 19.2, -28.1493
51.0541, 19.2, -26.1738
51.8837, 19.2, -24.2993
52.7133, 19.2, -21.6819
53.5429, 19.2, -18.6989
54.3725, 19.2, -15.4697
55.2021, 19.2, -12.0658
56.0317, 19.2, -8.52355
56.8612, 19.2, -4.82863
57.6908, 19.2, -0.839816
58.5204, 19.2, 3.72283
59.35, 19.2, 9.3216
60.1796, 19.2, 11.7977
61.0092, 19.2, 8.1873
61.8388, 19.2, 5.07636
62.6684, 19.2, 2.95823
63.498, 19.2, 1.24217
64.3276, 19.2, -0.353192
65.1572, 19.2, -1.92295
65.9868, 19.2, -3.5212
66.8163, 19.2, -5.24659
67.6459, 19.2, -7.41655
68.4755, 19.2, -10.5948
69.3051, 19.2, -15.8196
70.1347, 19.2, -18.3041
70.9643, 19.2, -14.0563
71.7939, 19.2, -9.8948
72.6235, 19.2, -7.39742
73.4531, 19.2, -5.7629
74.2827, 19.2, -4.43774
75.1123, 19.2, -3.16043
75.9418, 19.2, -1.82091
76.7714, 19.2, -0.33884
77.601, 19.2, 1.37868
78.4306, 19.2, 3.71046
79.2602, 19.2, 7.59915
80.0898, 19.2, 9.78673
80.9194, 19.2, 3.07605
81.749, 19.2, -4.00826
82.5786, 19.2, -9.87536
83.4082, 19.2, -15.2115
84.2378, 19.2, -20.2682
85.0674, 19.2, -25.1593
85.8969, 19.2, -29.9591
86.7265, 19.2, -34.7279
87.5561, 19.2, -39.5373
88.3857, 19.2, -44.486
89.2153, 19.2, -49.7968
90.0449, 19.2, -55.5517
90.8745, 19.2, -64.5029
91.7041, 19.2, -73.1365
92.5337, 19.2, -81.939
93.3633, 19.2, -90.8686
94.1929, 19.2, -99.8836
95.02245, 19.2, -108.9481
95.85204, 19.2, -118.0558
96.68163, 19.2, -127.2326
97.51122, 19.2, -136.5911
98.34082, 19.2, -146.348
99.17041, 19.2, -156.8495
