100.0, 0.0, -1.02294787896e-43
0.0, 0.0, -1.35427929565e-39
-20.0, 0.0, 0.0
-20.0, -20.0, 200.0
100.0, -20.0, 200.0
100.0, 20.0, -200.0
23.7999992, 20.0, -143.391571045
98.9247284, 0.0, 0.00103019422386
97.8494644, 0.0, 0.00195182976313
96.7741928, 0.0, 0.00279603688978
95.6989212, 0.0, 0.0035753461998
94.6236572, 0.0, 0.00429517542943
93.5483856, 0.0, 0.00495804147795
92.4731216, 0.0, 0.00556554226205
91.39785, 0.0, 0.00611928477883
90.3225784, 0.0, 0.00662121456116
89.2473145, 0.0, 0.00707372371107
88.1720428, 0.0, 0.00747962389141
87.0967712, 0.0, 0.0078420303762
86.0215073, 0.0, 0.00816425587982
84.9462357, 0.0, 0.00844971928746
83.8709641, 0.0, 0.00870182737708
82.7957001, 0.0, 0.00892389286309
81.7204285, 0.0, 0.00911907013506
80.6451645, 0.0, 0.00929029099643
79.5698929, 0.0, 0.0094402693212
78.4946213, 0.0, 0.00957150198519
77.4193573, 0.0, 0.00968626607209
76.3440857, 0.0, 0.00978660676628
75.2688141, 0.0, 0.00987435411662
74.1935501, 0.0, 0.00995117332786
73.1182785, 0.0, 0.010018594563
72.0430145, 0.0, 0.0100780166686
70.9677429, 0.0, 0.0101307118312
69.8924713, 0.0, 0.0101778227836
68.8172073, 0.0, 0.0102203674614
67.7419357, 0.0, 0.0102592604235
66.6666641, 0.0, 0.0102953230962
65.5914001, 0.0, 0.0103292930871
64.5161285, 0.0, 0.0103618260473
63.4408607, 0.0, 0.0103934910148
62.365593, 0.0, 0.0104248635471
61.2903214, 0.0, 0.010456636548
60.2150536, 0.0, 0.0104895280674
59.1397858, 0.0, 0.0105241267011
58.064518, 0.0, 0.010560952127
56.9892464, 0.0, 0.0106005361304
55.9139786, 0.0, 0.0106434253976
54.8387108, 0.0, 0.0106901833788
53.7634392, 0.0, 0.0107413856313
52.6881714, 0.0, 0.0107976272702
51.6129036, 0.0, 0.0108595248312
50.5376358, 0.0, 0.0109277293086
49.4623642, 0.0, 0.0110029382631
48.3870964, 0.0, 0.0110858967528
47.3118286, 0.0, 0.0111773060635
46.2365608, 0.0, 0.0112777464092
45.1612892, 0.0, 0.0113879069686
44.0860214, 0.0, 0.0115087274462
43.0107536, 0.0, 0.0116412537172
41.935482, 0.0, 0.0117865530774
40.8602142, 0.0, 0.0119457347319
39.7849464, 0.0, 0.012119980529
38.7096786, 0.0, 0.012310564518
37.634407, 0.0, 0.0125188603997
36.5591393, 0.0, 0.0127463415265
35.4838715, 0.0, 0.0129945985973
34.4086037, 0.0, 0.0132653284818
33.3333321, 0.0, 0.0135603900999
32.2580643, 0.0, 0.01388188079
31.1827965, 0.0, 0.0142321558669
30.1075268, 0.0, 0.0146138276905
29.032259, 0.0, 0.0150298485532
27.9569893, 0.0, 0.0154836280271
26.8817196, 0.0, 0.0159791707993
25.8064518, 0.0, 0.0165212973952
24.7311821, 0.0, 0.0171159636229
23.6559143, 0.0, 0.0177706945688
22.5806446, 0.0, 0.0184952411801
21.5053768, 0.0, 0.0193024557084
20.4301071, 0.0, 0.020209569484
19.3548393, 0.0, 0.0212399810553
18.2795696, 0.0, 0.0224259067327
17.2043018, 0.0, 0.0238123759627
16.1290321, 0.0, 0.0254635121673
15.0537634, 0.0, 0.0274726841599
13.9784946, 0.0, 0.0299796015024
12.9032259, 0.0, 0.0331999510527
11.8279572, 0.0, 0.0374789312482
10.7526884, 0.0, 0.0433932989836
9.67741966, 0.0, 0.0519576184452
8.60215092, 0.0, 0.0650605782866
7.52688169, 0.0, 0.0863998532295
6.45161295, 0.0, 0.123404860497
5.3763442, 0.0, 0.190707743168
4.30107546, 0.0, 0.314675092697
3.22580647, 0.0, 0.533962070942
2.15053773, 0.0, 0.873332321644
1.07526886, 0.0, 1.19063222408
-1.05263162, 0.0, -5.22095781838e-40
-2.10526323, 0.0, -5.16685368467e-40
-3.15789485, 0.0, -5.1405513125e-40
-4.21052647, 0.0, -5.12568353579e-40
-5.26315784, 0.0, -5.11630884907e-40
-6.3157897, 0.0, -5.10993294105e-40
-7.36842108, 0.0, -5.10533668209e-40
-8.42105293, 0.0, -5.1018614619e-40
-9.47368431, 0.0, -5.09911491691e-40
-10.5263157, 0.0, -5.09688685235e-40
-11.5789471, 0.0, -5.09500911241e-40
-12.6315794, 0.0, -5.0933695932e-40
-13.6842108, 0.0, -5.0919122428e-40
-14.7368422, 0.0, -5.09056699628e-40
-15.7894735, 0.0, -5.08931984064e-40
-16.8421059, 0.0, -5.08807268501e-40
-17.8947372, 0.0, -5.08685355535e-40
-18.9473686, 0.0, -5.08555034777e-40
-20.0, -1.0, 10.0
-20.0, -2.0, 20.0
-20.0, -3.0, 30.0
-20.0, -4.0, 40.0
-20.0, -5.0, 50.0
-20.0, -6.0, 60.0
-20.0, -7.0, 70.0
-20.0, -8.0, 80.0
-20.0, -9.0, 90.0
-20.0, -10.0, 100.0
-20.0, -11.0, 110.0
-20.0, -12.0, 120.0
-20.0, -13.0, 130.0
-20.0, -14.0, 140.0
-20.0, -15.0, 150.0
-20.0, -16.0, 160.0
-20.0, -17.0, 170.0
-20.0, -18.0, 180.0
-20.0, -19.0, 190.0
-18.9285717, -20.0, 200.006958008
-17.8571434, -20.0, 200.01385498
-16.7857151, -20.0, 200.020675659
-15.7142859, -20.0, 200.02746582
-14.6428576, -20.0, 200.034210205
-13.5714283, -20.0, 200.040939331
-12.5, -20.0, 200.047637939
-11.4285717, -20.0, 200.054321289
-10.3571424, -20.0, 200.060974121
-9.28571415, -20.0, 200.067565918
-8.21428585, -20.0, 200.074050903
-7.14285707, -20.0, 200.080413818
-6.07142878, -20.0, 200.086608887
-5.0, -20.0, 200.092544556
-3.92857146, -20.0, 200.09815979
-2.85714293, -20.0, 200.103408813
-1.78571427, -20.0, 200.108200073
-0.714285731, -20.0, 200.112472534
0.357142866, -20.0, 200.116165161
1.42857146, -20.0, 200.119216919
2.5, -20.0, 200.121612549
3.57142854, -20.0, 200.123321533
4.64285707, -20.0, 200.124343872
5.71428585, -20.0, 200.124710083
6.78571415, -20.0, 200.124435425
7.85714293, -20.0, 200.123580933
8.9285717, -20.0, 200.122207642
10.0, -20.0, 200.120376587
11.0714283, -20.0, 200.118164062
12.1428576, -20.0, 200.115615845
13.2142859, -20.0, 200.112808228
14.2857141, -20.0, 200.109817505
15.3571424, -20.0, 200.106689453
16.4285717, -20.0, 200.10345459
17.5, -20.0, 200.100189209
18.5714283, -20.0, 200.096908569
19.6428566, -20.0, 200.093643188
20.7142849, -20.0, 200.090423584
21.7857151, -20.0, 200.087280273
22.8571434, -20.0, 200.084197998
23.9285717, -20.0, 200.081207275
25.0, -20.0, 200.078323364
26.0714283, -20.0, 200.075546265
27.1428566, -20.0, 200.072875977
28.2142849, -20.0, 200.070327759
29.2857151, -20.0, 200.067871094
30.3571434, -20.0, 200.065551758
31.4285717, -20.0, 200.063323975
32.5, -20.0, 200.061218262
33.5714302, -20.0, 200.059234619
34.6428566, -20.0, 200.057342529
35.7142868, -20.0, 200.055557251
36.7857132, -20.0, 200.053878784
37.8571434, -20.0, 200.05229187
38.9285698, -20.0, 200.050796509
40.0, -20.0, 200.049407959
41.0714302, -20.0, 200.048095703
42.1428566, -20.0, 200.046859741
43.2142868, -20.0, 200.045715332
44.2857132, -20.0, 200.044631958
45.3571434, -20.0, 200.043640137
46.4285698, -20.0, 200.042694092
47.5, -20.0, 200.041824341
48.5714302, -20.0, 200.041015625
49.6428566, -20.0, 200.040252686
50.7142868, -20.0, 200.039550781
51.7857132, -20.0, 200.038894653
52.8571434, -20.0, 200.038284302
53.9285698, -20.0, 200.037704468
55.0, -20.0, 200.03717041
56.0714302, -20.0, 200.03666687
57.1428566, -20.0, 200.036193848
58.2142868, -20.0, 200.035751343
59.2857132, -20.0, 200.035324097
60.3571434, -20.0, 200.034927368
61.4285698, -20.0, 200.03453064
62.5, -20.0, 200.034164429
63.5714302, -20.0, 200.033798218
64.6428604, -20.0, 200.033432007
65.7142868, -20.0, 200.033081055
66.7857132, -20.0, 200.032714844
67.8571396, -20.0, 200.032348633
68.9285736, -20.0, 200.031982422
70.0, -20.0, 200.031600952
71.0714264, -20.0, 200.031219482
72.1428604, -20.0, 200.030807495
73.2142868, -20.0, 200.03036499
74.2857132, -20.0, 200.029922485
75.3571396, -20.0, 200.029434204
76.4285736, -20.0, 200.028915405
77.5, -20.0, 200.028366089
78.5714264, -20.0, 200.027770996
79.6428604, -20.0, 200.027145386
80.7142868, -20.0, 200.02645874
81.7857132, -20.0, 200.025726318
82.8571396, -20.0, 200.024932861
83.9285736, -20.0, 200.024078369
85.0, -20.0, 200.023147583
86.0714264, -20.0, 200.022155762
87.1428604, -20.0, 200.021087646
88.2142868, -20.0, 200.019943237
89.2857132, -20.0, 200.018707275
90.3571396, -20.0, 200.017364502
91.4285736, -20.0, 200.015930176
92.5, -20.0, 200.014389038
93.5714264, -20.0, 200.012741089
94.6428604, -20.0, 200.010955811
95.7142868, -20.0, 200.009048462
96.7857132, -20.0, 200.007003784
97.8571396, -20.0, 200.004821777
98.9285736, -20.0, 200.002487183
100.0, -19.0, 190.0
100.0, -18.0, 180.0
100.0, -17.0, 170.0
100.0, -16.0, 160.0
100.0, -15.0, 150.0
100.0, -14.0, 140.0
100.0, -13.0, 130.0
100.0, -12.0, 120.0
100.0, -11.0, 110.0
100.0, -10.0, 100.0
100.0, -9.0, 90.0
100.0, -8.0, 80.0
100.0, -7.0, 70.0
100.0, -6.0, 60.0
100.0, -5.0, 50.0
100.0, -4.0, 40.0
100.0, -3.0, 30.0
100.0, -2.0, 20.0
100.0, -1.0, 10.0
100.0, 0.800000012, -8.0
100.0, 1.60000002, -16.0
100.0, 2.4000001, -24.0
100.0, 3.20000005, -32.0
100.0, 4.0, -40.0
100.0, 4.80000019, -48.0
100.0, 5.5999999, -56.0
100.0, 6.4000001, -64.0
100.0, 7.19999981, -72.0
100.0, 8.0, -80.0
100.0, 8.80000019, -88.0
100.0, 9.60000038, -96.0
100.0, 10.3999996, -104.0
100.0, 11.1999998, -112.0
100.0, 12.0, -120.0
100.0, 12.8000002, -128.0
100.0, 13.6000004, -136.0
100.0, 14.3999996, -144.0
100.0, 15.1999998, -152.0
100.0, 16.0, -160.0
100.0, 16.7999992, -168.0
100.0, 17.6000004, -176.0
100.0, 18.3999996, -184.0
100.0, 19.2000008, -192.0
99.1806488, 20.0, -190.000335693
98.36129, 20.0, -183.989105225
97.5419388, 20.0, -179.284240723
96.72258, 20.0, -175.463745117
95.9032288, 20.0, -172.265777588
95.0838699, 20.0, -169.535858154
94.2645187, 20.0, -167.178268433
93.4451599, 20.0, -165.125961304
92.6258087, 20.0, -163.330978394
91.8064499, 20.0, -161.754943848
90.9870987, 20.0, -160.365264893
90.1677399, 20.0, -159.141357422
89.3483887, 20.0, -158.054397583
88.5290298, 20.0, -157.088577271
87.7096786, 20.0, -156.2293396
86.8903198, 20.0, -155.464202881
86.0709686, 20.0, -154.782592773
85.2516098, 20.0, -154.17527771
84.4322586, 20.0, -153.634140015
83.6128998, 20.0, -153.151687622
82.7935486, 20.0, -152.721115112
81.9741898, 20.0, -152.336288452
81.1548386, 20.0, -151.991958618
80.3354874, 20.0, -151.683624268
79.5161285, 20.0, -151.407394409
78.6967773, 20.0, -151.159820557
77.8774185, 20.0, -150.93788147
77.0580673, 20.0, -150.738983154
76.2387085, 20.0, -150.560760498
75.4193573, 20.0, -150.401092529
74.5999985, 20.0, -150.258041382
73.7806473, 20.0, -150.129898071
72.9612885, 20.0, -150.015075684
72.1419373, 20.0, -149.912200928
71.3225784, 20.0, -149.819976807
70.5032272, 20.0, -149.737304688
69.6838684, 20.0, -149.663146973
68.8645172, 20.0, -149.596572876
68.0451584, 20.0, -149.53678894
67.2258072, 20.0, -149.483016968
66.4064484, 20.0, -149.434616089
65.5870972, 20.0, -149.390975952
64.7677383, 20.0, -149.351547241
63.9483871, 20.0, -149.315841675
63.1290321, 20.0, -149.283416748
62.3096771, 20.0, -149.253860474
61.4903221, 20.0, -149.226806641
60.6709671, 20.0, -149.201919556
59.8516121, 20.0, -149.178894043
59.0322571, 20.0, -149.157440186
58.2129021, 20.0, -149.137298584
57.3935471, 20.0, -149.118225098
56.574192, 20.0, -149.100006104
55.754837, 20.0, -149.082427979
54.935482, 20.0, -149.065292358
54.1161308, 20.0, -149.048416138
53.2967758, 20.0, -149.031616211
52.4774208, 20.0, -149.014678955
51.6580658, 20.0, -148.997390747
50.8387108, 20.0, -148.979492188
50.0193558, 20.0, -148.960739136
49.2000008, 20.0, -148.940887451
48.3806458, 20.0, -148.919662476
47.5612907, 20.0, -148.896820068
46.7419357, 20.0, -148.872070312
45.9225807, 20.0, -148.845077515
45.1032257, 20.0, -148.81552124
44.2838707, 20.0, -148.783035278
43.4645157, 20.0, -148.747207642
42.6451607, 20.0, -148.707595825
41.8258057, 20.0, -148.66368103
41.0064507, 20.0, -148.614898682
40.1870956, 20.0, -148.56060791
39.3677406, 20.0, -148.500061035
38.5483856, 20.0, -148.432434082
37.7290306, 20.0, -148.356704712
36.9096756, 20.0, -148.271743774
36.0903244, 20.0, -148.176177979
35.2709694, 20.0, -148.068435669
34.4516144, 20.0, -147.946777344
33.6322594, 20.0, -147.809417725
32.8129044, 20.0, -147.654327393
31.9935474, 20.0, -147.479064941
31.1741943, 20.0, -147.280776978
30.3548393, 20.0, -147.056030273
29.5354843, 20.0, -146.800582886
28.7161293, 20.0, -146.509536743
27.8967743, 20.0, -146.176849365
27.0774193, 20.0, -145.794677734
26.2580643, 20.0, -145.351959229
25.4387093, 20.0, -144.831604004
24.6193542, 20.0, -144.201934814
22.8479996, 19.2000008, -138.149612427
21.8959999, 18.3999996, -133.12789917
20.9440002, 17.6000004, -128.18800354
19.9920006, 16.7999992, -123.296569824
19.0400009, 16.0, -118.418296814
18.0879993, 15.1999998, -113.48474884
17.1359997, 14.3999996, -108.534286499
16.184, 13.6000004, -103.585472107
15.2320004, 12.8000002, -98.6142501831
14.2799997, 12.0, -93.5224609375
13.3280001, 11.1999998, -88.3562164307
12.3760004, 10.3999996, -83.1748580933
11.4239998, 9.60000038, -77.9449920654
10.4720001, 8.80000019, -72.4896240234
9.52000046, 8.0, -66.8928604126
8.56799984, 7.19999981, -61.2807159424
7.61600018, 6.4000001, -55.5766639709
6.66400003, 5.5999999, -49.3522911072
5.71199989, 4.80000019, -43.0993766785
4.76000023, 4.0, -36.8288383484
3.80800009, 3.20000005, -29.150144577
2.85599995, 2.4000001, -21.24766922
1.90400004, 1.60000002, -13.3665885925
0.952000022, 0.800000012, -5.50055599213
98.9249268, -1.0, 10.0012311935
97.8498459, -1.0, 10.0023345947
96.7747726, -1.0, 10.0033349991
95.6996918, -1.0, 10.0042514801
94.6246185, -1.0, 10.0050916672
93.5495377, -1.0, 10.0058631897
92.4744644, -1.0, 10.0065698624
91.3993835, -1.0, 10.0072154999
90.3243103, -1.0, 10.0078029633
89.2492294, -1.0, 10.0083351135
88.1741562, -1.0, 10.0088167191
87.0990753, -1.0, 10.0092506409
86.0240021, -1.0, 10.00963974
84.9489212, -1.0, 10.0099887848
83.873848, -1.0, 10.0103006363
82.7987747, -1.0, 10.0105791092
81.7236938, -1.0, 10.0108270645
80.6486206, -1.0, 10.0110473633
79.5735397, -1.0, 10.0112438202
78.4984665, -1.0, 10.0114183426
77.4233856, -1.0, 10.0115737915
76.3483124, -1.0, 10.011713028
75.2732315, -1.0, 10.0118360519
74.1981583, -1.0, 10.0119466782
73.1230774, -1.0, 10.0120458603
72.0480042, -1.0, 10.0121355057
70.9729233, -1.0, 10.0122175217
69.89785, -1.0, 10.0122919083
68.8227692, -1.0, 10.0123615265
67.7476959, -1.0, 10.0124263763
66.6726227, -1.0, 10.0124874115
65.5975418, -1.0, 10.012547493
64.5224686, -1.0, 10.0126047134
63.4473877, -1.0, 10.0126619339
62.3723106, -1.0, 10.012720108
61.2972336, -1.0, 10.0127792358
60.2221565, -1.0, 10.012840271
59.1470833, -1.0, 10.0129041672
58.0720062, -1.0, 10.0129718781
56.9969292, -1.0, 10.0130443573
55.9218521, -1.0, 10.0131225586
54.8467751, -1.0, 10.0132074356
53.771698, -1.0, 10.0132989883
52.6966209, -1.0, 10.0133981705
51.6215439, -1.0, 10.0135068893
50.5464668, -1.0, 10.013625145
49.4713898, -1.0, 10.0137548447
48.3963127, -1.0, 10.0138969421
47.3212357, -1.0, 10.0140514374
46.2461586, -1.0, 10.0142202377
45.1710815, -1.0, 10.0144042969
44.0960045, -1.0, 10.0146045685
43.0209312, -1.0, 10.0148239136
41.9458542, -1.0, 10.0150613785
40.8707771, -1.0, 10.0153207779
39.7957001, -1.0, 10.0156021118
38.720623, -1.0, 10.0159082413
37.645546, -1.0, 10.0162410736
36.5704689, -1.0, 10.0166015625
35.4953918, -1.0, 10.016992569
34.4203148, -1.0, 10.017416954
33.3452377, -1.0, 10.0178766251
32.2701607, -1.0, 10.0183753967
31.1950836, -1.0, 10.0189151764
30.1200085, -1.0, 10.0195016861
29.0449314, -1.0, 10.0201377869
27.9698544, -1.0, 10.0208292007
26.8947773, -1.0, 10.0215826035
25.8197002, -1.0, 10.0224046707
24.7446232, -1.0, 10.0233058929
23.6695461, -1.0, 10.0242986679
22.594471, -1.0, 10.0253973007
21.5193939, -1.0, 10.0266227722
20.4443169, -1.0, 10.0280017853
19.3692398, -1.0, 10.0295724869
18.2941628, -1.0, 10.0313825607
17.2190857, -1.0, 10.0335016251
16.1440086, -1.0, 10.036026001
15.0689325, -1.0, 10.0390949249
13.9938555, -1.0, 10.0429105759
12.9187784, -1.0, 10.0477790833
11.8437023, -1.0, 10.0541706085
10.7686253, -1.0, 10.0628347397
9.6935482, -1.0, 10.075003624
8.61847115, -1.0, 10.0927553177
7.54339457, -1.0, 10.1196365356
6.46831799, -1.0, 10.1615695953
5.39324141, -1.0, 10.2276000977
4.31816435, -1.0, 10.3285102844
3.24308753, -1.0, 10.4668455124
2.16801071, -1.0, 10.602432251
1.09293389, -1.0, 10.5304784775
0.0178571437, -1.0, 10.330786705
-1.03571427, -1.0, 10.118598938
-2.08928561, -1.0, 10.06635952
-3.14285707, -1.0, 10.0428209305
-4.19642878, -1.0, 10.0303382874
-5.25, -1.0, 10.0228118896
-6.30357122, -1.0, 10.017870903
-7.35714293, -1.0, 10.0144090652
-8.41071415, -1.0, 10.0118541718
-9.46428585, -1.0, 10.0098838806
-10.5178576, -1.0, 10.008307457
-11.5714283, -1.0, 10.0070028305
-12.625, -1.0, 10.0058870316
-13.6785717, -1.0, 10.0049066544
-14.7321424, -1.0, 10.0040197372
-15.7857141, -1.0, 10.0031957626
-16.8392849, -1.0, 10.0024080276
-17.8928566, -1.0, 10.0016336441
-18.9464283, -1.0, 10.0008459091
98.9251175, -2.0, 20.0013999939
97.8502274, -2.0, 20.0026626587
96.7753448, -2.0, 20.0038070679
95.7004623, -2.0, 20.0048522949
94.6255798, -2.0, 20.0058078766
93.5506897, -2.0, 20.006685257
92.4758072, -2.0, 20.0074882507
91.4009247, -2.0, 20.00822258
90.3260345, -2.0, 20.0088939667
89.251152, -2.0, 20.0095043182
88.1762695, -2.0, 20.0100593567
87.1013794, -2.0, 20.0105609894
86.0264969, -2.0, 20.0110149384
84.9516144, -2.0, 20.0114250183
83.8767319, -2.0, 20.0117950439
82.8018417, -2.0, 20.0121269226
81.7269592, -2.0, 20.0124263763
80.6520767, -2.0, 20.0126953125
79.5771866, -2.0, 20.0129375458
78.5023041, -2.0, 20.0131530762
77.4274216, -2.0, 20.0133495331
76.3525314, -2.0, 20.0135250092
75.2776489, -2.0, 20.0136833191
74.2027664, -2.0, 20.0138263702
73.1278839, -2.0, 20.0139579773
72.0529938, -2.0, 20.0140781403
70.9781113, -2.0, 20.0141868591
69.9032288, -2.0, 20.014289856
68.8283386, -2.0, 20.0143852234
67.7534561, -2.0, 20.0144767761
66.6785736, -2.0, 20.0145626068
65.6036835, -2.0, 20.0146484375
64.528801, -2.0, 20.0147304535
63.4539185, -2.0, 20.0148143768
62.3790321, -2.0, 20.0148983002
61.3041458, -2.0, 20.0149841309
60.2292633, -2.0, 20.0150737762
59.154377, -2.0, 20.0151672363
58.0794945, -2.0, 20.0152664185
57.0046082, -2.0, 20.0153713226
55.9297218, -2.0, 20.0154838562
54.8548393, -2.0, 20.0156059265
53.779953, -2.0, 20.0157375336
52.7050705, -2.0, 20.0158805847
51.6301842, -2.0, 20.01603508
50.5552979, -2.0, 20.0162029266
49.4804153, -2.0, 20.0163860321
48.405529, -2.0, 20.0165843964
47.3306465, -2.0, 20.0168018341
46.2557602, -2.0, 20.0170383453
45.1808739, -2.0, 20.0172939301
44.1059914, -2.0, 20.017572403
43.031105, -2.0, 20.017873764
41.9562225, -2.0, 20.018201828
40.8813362, -2.0, 20.0185585022
39.8064499, -2.0, 20.0189437866
38.7315674, -2.0, 20.019361496
37.6566811, -2.0, 20.0198135376
36.5817986, -2.0, 20.0203018188
35.5069122, -2.0, 20.0208282471
34.4320259, -2.0, 20.0214004517
33.3571434, -2.0, 20.0220165253
32.2822571, -2.0, 20.0226821899
31.2073727, -2.0, 20.0234031677
30.1324883, -2.0, 20.024181366
29.0576038, -2.0, 20.0250244141
27.9827194, -2.0, 20.0259399414
26.907835, -2.0, 20.02693367
25.8329487, -2.0, 20.0280170441
24.7580643, -2.0, 20.0292034149
23.6831799, -2.0, 20.030506134
22.6082954, -2.0, 20.0319480896
21.533411, -2.0, 20.0335540771
20.4585247, -2.0, 20.0353603363
19.3836403, -2.0, 20.0374107361
18.3087559, -2.0, 20.0397701263
17.2338715, -2.0, 20.0425243378
16.158987, -2.0, 20.0457878113
15.0841017, -2.0, 20.0497303009
14.0092163, -2.0, 20.0545864105
12.9343319, -2.0, 20.0607013702
11.8594475, -2.0, 20.0685844421
10.7845621, -2.0, 20.079000473
9.7096777, -2.0, 20.0931167603
8.63479233, -2.0, 20.1126995087
7.55990791, -2.0, 20.1403484344
6.48502302, -2.0, 20.1795444489
5.41013813, -2.0, 20.2338695526
4.33525324, -2.0, 20.3037662506
3.26036859, -2.0, 20.377986908
2.18548393, -2.0, 20.4160671234
1.11059904, -2.0, 20.3846855164
0.0357142873, -2.0, 20.2876586914
-1.01879704, -2.0, 20.1862316132
-2.07330823, -2.0, 20.1144390106
-3.12781954, -2.0, 20.078163147
-4.18233061, -2.0, 20.0569782257
-5.23684216, -2.0, 20.0435752869
-6.29135323, -2.0, 20.0344982147
-7.34586477, -2.0, 20.0280036926
-8.40037632, -2.0, 20.0231399536
-9.45488739, -2.0, 20.0193519592
-10.5093985, -2.0, 20.0162944794
-11.5639095, -2.0, 20.0137481689
-12.6184206, -2.0, 20.0115604401
-13.6729326, -2.0, 20.0096321106
-14.7274437, -2.0, 20.0078811646
-15.7819548, -2.0, 20.0062522888
-16.8364658, -2.0, 20.004693985
-17.8909779, -2.0, 20.0031642914
-18.945488, -2.0, 20.0016174316
98.9253082, -3.0, 30.0015468597
97.8506165, -3.0, 30.002948761
96.7759247, -3.0, 30.0042247772
95.7012253, -3.0, 30.0053901672
94.6265335, -3.0, 30.0064563751
93.5518417, -3.0, 30.0074329376
92.47715, -3.0, 30.0083293915
91.4024582, -3.0, 30.0091495514
90.3277664, -3.0, 30.0098991394
89.2530746, -3.0, 30.0105857849
88.1783829, -3.0, 30.0112094879
87.1036835, -3.0, 30.0117778778
86.0289917, -3.0, 30.0122947693
84.9542999, -3.0, 30.0127639771
83.8796082, -3.0, 30.0131893158
82.8049164, -3.0, 30.0135746002
81.7302246, -3.0, 30.0139217377
80.6555328, -3.0, 30.0142364502
79.5808334, -3.0, 30.0145225525
78.5061417, -3.0, 30.0147800446
77.4314499, -3.0, 30.0150127411
76.3567581, -3.0, 30.0152263641
75.2820663, -3.0, 30.0154190063
74.2073746, -3.0, 30.0155944824
73.1326828, -3.0, 30.0157566071
72.057991, -3.0, 30.0159053802
70.9832916, -3.0, 30.0160427094
69.9085999, -3.0, 30.0161724091
68.8339081, -3.0, 30.0162944794
67.7592163, -3.0, 30.0164108276
66.6845245, -3.0, 30.0165233612
65.6098328, -3.0, 30.0166320801
64.535141, -3.0, 30.016740799
63.4604454, -3.0, 30.0168495178
62.3857536, -3.0, 30.016960144
61.311058, -3.0, 30.0170726776
60.2363663, -3.0, 30.0171909332
59.1616745, -3.0, 30.0173130035
58.0869827, -3.0, 30.0174427032
57.0122871, -3.0, 30.0175800323
55.9375954, -3.0, 30.0177268982
54.8629036, -3.0, 30.0178852081
53.7882118, -3.0, 30.0180568695
52.7135162, -3.0, 30.0182418823
51.6388245, -3.0, 30.0184402466
50.5641327, -3.0, 30.0186576843
49.4894409, -3.0, 30.0188922882
48.4147453, -3.0, 30.0191478729
47.3400536, -3.0, 30.0194244385
46.2653618, -3.0, 30.0197257996
45.19067, -3.0, 30.0200519562
44.1159744, -3.0, 30.0204048157
43.0412827, -3.0, 30.0207881927
41.9665909, -3.0, 30.0212039948
40.8918953, -3.0, 30.0216522217
39.8172035, -3.0, 30.0221366882
38.7425117, -3.0, 30.0226612091
37.66782, -3.0, 30.0232257843
36.5931244, -3.0, 30.0238361359
35.5184326, -3.0, 30.0244941711
34.4437408, -3.0, 30.0252037048
33.3690491, -3.0, 30.0259685516
32.2943535, -3.0, 30.0267925262
31.2196617, -3.0, 30.0276813507
30.1449699, -3.0, 30.0286426544
29.0702763, -3.0, 30.0296783447
27.9955845, -3.0, 30.0308017731
26.9208908, -3.0, 30.0320186615
25.846199, -3.0, 30.0333423615
24.7715054, -3.0, 30.0347862244
23.6968117, -3.0, 30.0363731384
22.6221199, -3.0, 30.0381221771
21.5474262, -3.0, 30.0400657654
20.4727345, -3.0, 30.0422439575
19.3980408, -3.0, 30.044708252
18.323349, -3.0, 30.0475311279
17.2486553, -3.0, 30.0508041382
16.1739635, -3.0, 30.0546550751
15.0992708, -3.0, 30.0592594147
14.0245771, -3.0, 30.0648574829
12.9498844, -3.0, 30.0717887878
11.8751917, -3.0, 30.0805263519
10.800499, -3.0, 30.0917396545
9.72580624, -3.0, 30.1063556671
8.65111351, -3.0, 30.1256122589
7.57642078, -3.0, 30.1510105133
6.50172806, -3.0, 30.1839561462
5.42703533, -3.0, 30.2246379852
4.35234261, -3.0, 30.2695846558
3.27764988, -3.0, 30.3077926636
2.20295691, -3.0, 30.3227920532
1.12826419, -3.0, 30.3023929596
0.0535714291, -3.0, 30.2517795563
-1.00187969, -3.0, 30.1913318634
-2.05733085, -3.0, 30.1391849518
-3.112782, -3.0, 30.1020069122
-4.16823292, -3.0, 30.0775241852
-5.22368431, -3.0, 30.0608081818
-6.27913523, -3.0, 30.0489330292
-7.33458662, -3.0, 30.0401592255
-8.39003754, -3.0, 30.0334339142
-9.44548893, -3.0, 30.0281047821
-10.5009403, -3.0, 30.0237483978
-11.5563908, -3.0, 30.0200824738
-12.6118422, -3.0, 30.0169124603
-13.6672935, -3.0, 30.0140972137
-14.722744, -3.0, 30.0115318298
-15.7781954, -3.0, 30.0091381073
-16.8336468, -3.0, 30.0068454742
-17.8890972, -3.0, 30.0045967102
-18.9445496, -3.0, 30.0023345947
98.925499, -4.0, 40.0016746521
97.8509979, -4.0, 40.003200531
96.7764969, -4.0, 40.0045967102
95.7019958, -4.0, 40.0058708191
94.6274948, -4.0, 40.0070419312
93.5529938, -4.0, 40.0081138611
92.4784927, -4.0, 40.009098053
91.4039917, -4.0, 40.0099983215
90.3294907, -4.0, 40.0108261108
89.2549896, -4.0, 40.0115814209
88.1804886, -4.0, 40.0122756958
87.1059875, -4.0, 40.0129089355
86.0314865, -4.0, 40.0134849548
84.9569855, -4.0, 40.0140075684
83.8824921, -4.0, 40.0144882202
82.807991, -4.0, 40.0149230957
81.73349, -4.0, 40.0153160095
80.658989, -4.0, 40.0156745911
79.5844879, -4.0, 40.016002655
78.5099869, -4.0, 40.0163002014
77.4354858, -4.0, 40.0165710449
76.3609848, -4.0, 40.0168190002
75.2864838, -4.0, 40.0170440674
74.2119827, -4.0, 40.017250061
73.1374817, -4.0, 40.0174446106
72.0629807, -4.0, 40.0176200867
70.9884796, -4.0, 40.0177879333
69.9139786, -4.0, 40.0179405212
68.8394775, -4.0, 40.0180892944
67.7649765, -4.0, 40.0182304382
66.6904755, -4.0, 40.0183677673
65.6159744, -4.0, 40.0185050964
64.5414734, -4.0, 40.0186347961
63.4669724, -4.0, 40.0187721252
62.3924713, -4.0, 40.0189056396
61.3179741, -4.0, 40.0190467834
60.2434731, -4.0, 40.0191917419
59.168972, -4.0, 40.0193405151
58.094471, -4.0, 40.0195007324
57.0199699, -4.0, 40.0196723938
55.9454689, -4.0, 40.0198516846
54.8709679, -4.0, 40.0200462341
53.7964668, -4.0, 40.0202560425
52.7219658, -4.0, 40.0204811096
51.6474648, -4.0, 40.0207252502
50.5729637, -4.0, 40.0209884644
49.4984627, -4.0, 40.0212745667
48.4239616, -4.0, 40.0215835571
47.3494606, -4.0, 40.0219192505
46.2749634, -4.0, 40.0222816467
45.2004623, -4.0, 40.0226745605
44.1259613, -4.0, 40.0231018066
43.0514603, -4.0, 40.0235595703
41.9769592, -4.0, 40.0240592957
40.9024582, -4.0, 40.0245933533
39.8279572, -4.0, 40.0251731873
38.7534561, -4.0, 40.0257987976
37.6789551, -4.0, 40.026473999
36.604454, -4.0, 40.0271987915
35.529953, -4.0, 40.0279808044
34.455452, -4.0, 40.0288200378
33.3809509, -4.0, 40.0297241211
32.3064499, -4.0, 40.0306968689
31.2319508, -4.0, 40.0317420959
30.1574497, -4.0, 40.0328712463
29.0829487, -4.0, 40.0340881348
28.0084476, -4.0, 40.0354003906
26.9339485, -4.0, 40.036819458
25.8594475, -4.0, 40.0383605957
24.7849464, -4.0, 40.0400390625
23.7104454, -4.0, 40.0418739319
22.6359444, -4.0, 40.0438957214
21.5614433, -4.0, 40.046131134
20.4869423, -4.0, 40.048625946
19.4124432, -4.0, 40.0514335632
18.3379421, -4.0, 40.0546264648
17.2634411, -4.0, 40.0583000183
16.18894, -4.0, 40.0625801086
15.114439, -4.0, 40.0676307678
14.0399389, -4.0, 40.0736808777
12.9654379, -4.0, 40.0810279846
11.8909369, -4.0, 40.0900611877
10.8164358, -4.0, 40.1012954712
9.74193573, -4.0, 40.1153678894
8.66743469, -4.0, 40.1329879761
7.59293413, -4.0, 40.1547927856
6.51843309, -4.0, 40.1808929443
5.44393253, -4.0, 40.2100791931
4.3694315, -4.0, 40.2386207581
3.29493093, -4.0, 40.2598304749
2.22043014, -4.0, 40.2659187317
1.14592934, -4.0, 40.2524604797
0.0714285746, -4.0, 40.2219581604
-0.984962404, -4.0, 40.1836929321
-2.04135346, -4.0, 40.1462898254
-3.09774446, -4.0, 40.1152229309
-4.15413523, -4.0, 40.0915374756
-5.21052647, -4.0, 40.0739326477
-6.26691723, -4.0, 40.0606842041
-7.32330847, -4.0, 40.050491333
-8.37969971, -4.0, 40.0424461365
-9.43609047, -4.0, 40.0359268188
-10.4924812, -4.0, 40.0305099487
-11.548872, -4.0, 40.0258865356
-12.6052628, -4.0, 40.0218505859
-13.6616545, -4.0, 40.0182380676
-14.7180452, -4.0, 40.0149269104
-15.774436, -4.0, 40.0118217468
-16.8308277, -4.0, 40.008846283
-17.8872185, -4.0, 40.0059280396
-18.9436092, -4.0, 40.0029983521
98.9256897, -5.0, 50.001789093
97.8513794, -5.0, 50.0034294128
96.7770767, -5.0, 50.0049285889
95.7027664, -5.0, 50.0063056946
94.6284561, -5.0, 50.0075683594
93.5541458, -5.0, 50.008731842
92.4798355, -5.0, 50.0097961426
91.4055328, -5.0, 50.0107765198
90.3312225, -5.0, 50.0116767883
89.2569122, -5.0, 50.0125007629
88.1826019, -5.0, 50.013256073
87.1082916, -5.0, 50.0139503479
86.033989, -5.0, 50.0145835876
84.9596786, -5.0, 50.0151634216
83.8853683, -5.0, 50.0156898499
82.811058, -5.0, 50.0161743164
81.7367477, -5.0, 50.0166130066
80.6624451, -5.0, 50.0170173645
79.5881348, -5.0, 50.0173835754
78.5138245, -5.0, 50.0177192688
77.4395142, -5.0, 50.0180244446
76.3652039, -5.0, 50.0183067322
75.2909012, -5.0, 50.0185623169
74.2165909, -5.0, 50.0188026428
73.1422806, -5.0, 50.0190200806
72.0679703, -5.0, 50.0192260742
70.99366, -5.0, 50.0194206238
69.9193573, -5.0, 50.0195999146
68.845047, -5.0, 50.0197715759
67.7707367, -5.0, 50.0199394226
66.6964264, -5.0, 50.0200996399
65.6221161, -5.0, 50.0202598572
64.5478134, -5.0, 50.0204162598
63.4735031, -5.0, 50.0205764771
62.3991928, -5.0, 50.0207366943
61.3248863, -5.0, 50.0209007263
60.250576, -5.0, 50.0210723877
59.1762657, -5.0, 50.0212516785
58.1019592, -5.0, 50.0214424133
57.0276489, -5.0, 50.0216407776
55.9533424, -5.0, 50.0218544006
54.8790321, -5.0, 50.0220832825
53.8047218, -5.0, 50.0223312378
52.7304153, -5.0, 50.0225944519
51.656105, -5.0, 50.0228805542
50.5817986, -5.0, 50.0231895447
49.5074883, -5.0, 50.023525238
48.4331779, -5.0, 50.0238838196
47.3588715, -5.0, 50.0242767334
46.2845612, -5.0, 50.0247001648
45.2102547, -5.0, 50.0251579285
44.1359444, -5.0, 50.0256500244
43.0616341, -5.0, 50.026184082
41.9873276, -5.0, 50.0267601013
40.9130173, -5.0, 50.027381897
39.8387108, -5.0, 50.0280532837
38.7644005, -5.0, 50.0287742615
37.690094, -5.0, 50.029548645
36.6157837, -5.0, 50.0303840637
35.5414734, -5.0, 50.0312767029
34.4671669, -5.0, 50.0322418213
33.3928566, -5.0, 50.0332756042
32.3185501, -5.0, 50.0343856812
31.2442398, -5.0, 50.0355758667
30.1699314, -5.0, 50.036857605
29.095623, -5.0, 50.0382385254
28.0213127, -5.0, 50.0397262573
26.9470043, -5.0, 50.0413284302
25.8726959, -5.0, 50.0430641174
24.7983875, -5.0, 50.0449485779
23.7240791, -5.0, 50.0470046997
22.6497688, -5.0, 50.0492553711
21.5754604, -5.0, 50.0517349243
20.501152, -5.0, 50.054485321
19.4268436, -5.0, 50.0575637817
18.3525352, -5.0, 50.0610389709
17.2782249, -5.0, 50.064994812
16.2039165, -5.0, 50.0695533752
15.1296082, -5.0, 50.0748596191
14.0552998, -5.0, 50.0811080933
12.9809904, -5.0, 50.0885314941
11.906682, -5.0, 50.0974273682
10.8323736, -5.0, 50.1081428528
9.75806427, -5.0, 50.1210479736
8.68375587, -5.0, 50.1364555359
7.609447, -5.0, 50.1544342041
6.53513813, -5.0, 50.1745185852
5.46082926, -5.0, 50.195224762
4.38652086, -5.0, 50.2137413025
3.31221199, -5.0, 50.2261047363
2.23790312, -5.0, 50.2284660339
1.16359448, -5.0, 50.2189369202
0.0892857164, -5.0, 50.1989097595
-0.968045115, -5.0, 50.1730308533
-2.02537584, -5.0, 50.1458511353
-3.08270669, -5.0, 50.1209793091
-4.14003754, -5.0, 50.1000671387
-5.19736862, -5.0, 50.0831871033
-6.25469923, -5.0, 50.0697097778
-7.31202984, -5.0, 50.0588798523
-8.36936092, -5.0, 50.0500411987
-9.42669201, -5.0, 50.0426979065
-10.4840221, -5.0, 50.0364723206
-11.5413532, -5.0, 50.0310821533
-12.5986843, -5.0, 50.0263137817
-13.6560154, -5.0, 50.0220031738
-14.7133455, -5.0, 50.0180282593
-15.7706766, -5.0, 50.0142822266
-16.8280067, -5.0, 50.0106811523
-17.8853378, -5.0, 50.0071487427
-18.9426689, -5.0, 50.0036087036
98.9258804, -6.0, 60.0018920898
97.8517685, -6.0, 60.0036315918
96.7776489, -6.0, 60.0052261353
95.7035294, -6.0, 60.0066986084
94.6294174, -6.0, 60.0080490112
93.5552979, -6.0, 60.0092926025
92.4811859, -6.0, 60.0104370117
91.4070663, -6.0, 60.0114898682
90.3329468, -6.0, 60.0124549866
89.2588348, -6.0, 60.013343811
88.1847153, -6.0, 60.0141639709
87.1105957, -6.0, 60.0149116516
86.0364838, -6.0, 60.0155982971
84.9623642, -6.0, 60.0162277222
83.8882523, -6.0, 60.0168075562
82.8141327, -6.0, 60.0173339844
81.7400131, -6.0, 60.0178184509
80.6659012, -6.0, 60.0182609558
79.5917816, -6.0, 60.0186653137
78.517662, -6.0, 60.0190353394
77.4435501, -6.0, 60.0193748474
76.3694305, -6.0, 60.0196876526
75.2953186, -6.0, 60.0199775696
74.221199, -6.0, 60.0202445984
73.1470795, -6.0, 60.0204925537
72.0729675, -6.0, 60.0207252502
70.998848, -6.0, 60.020942688
69.9247284, -6.0, 60.0211486816
68.8506165, -6.0, 60.0213470459
67.7764969, -6.0, 60.0215377808
66.7023773, -6.0, 60.0217208862
65.6282654, -6.0, 60.0219039917
64.5541458, -6.0, 60.0220832825
63.4800301, -6.0, 60.0222663879
62.4059143, -6.0, 60.0224494934
61.3317986, -6.0, 60.0226402283
60.257679, -6.0, 60.0228385925
59.1835632, -6.0, 60.0230445862
58.1094475, -6.0, 60.0232620239
57.0353317, -6.0, 60.0234909058
55.9612122, -6.0, 60.0237350464
54.8870964, -6.0, 60.0239982605
53.8129807, -6.0, 60.0242805481
52.7388649, -6.0, 60.0245819092
51.6647453, -6.0, 60.0249099731
50.5906296, -6.0, 60.0252609253
49.5165138, -6.0, 60.025642395
48.4423981, -6.0, 60.0260543823
47.3682785, -6.0, 60.0264968872
46.2941628, -6.0, 60.0269775391
45.220047, -6.0, 60.0274963379
44.1459312, -6.0, 60.0280570984
43.0718117, -6.0, 60.0286598206
41.9976959, -6.0, 60.0293083191
40.9235802, -6.0, 60.0300102234
39.8494606, -6.0, 60.0307655334
38.7753448, -6.0, 60.0315742493
37.7012291, -6.0, 60.0324440002
36.6271133, -6.0, 60.0333786011
35.5529938, -6.0, 60.0343818665
34.478878, -6.0, 60.0354576111
33.4047623, -6.0, 60.0366134644
32.3306465, -6.0, 60.0378494263
31.2565289, -6.0, 60.0391769409
30.1824112, -6.0, 60.040599823
29.1082954, -6.0, 60.0421257019
28.0341778, -6.0, 60.0437698364
26.960062, -6.0, 60.0455360413
25.8859444, -6.0, 60.0474433899
24.8118286, -6.0, 60.0495071411
23.737711, -6.0, 60.0517463684
22.6635952, -6.0, 60.0541915894
21.5894775, -6.0, 60.0568695068
20.5153618, -6.0, 60.0598258972
19.4412441, -6.0, 60.0631065369
18.3671284, -6.0, 60.0667724609
17.2930107, -6.0, 60.0709114075
16.218895, -6.0, 60.0756149292
15.1447773, -6.0, 60.0810089111
14.0706606, -6.0, 60.0872421265
12.9965439, -6.0, 60.094493866
11.9224272, -6.0, 60.1029586792
10.8483105, -6.0, 60.1128387451
9.77419376, -6.0, 60.1242980957
8.70007706, -6.0, 60.1373901367
7.62595987, -6.0, 60.1519012451
6.55184317, -6.0, 60.1671829224
5.47772646, -6.0, 60.1819458008
4.40360975, -6.0, 60.1942367554
3.32949305, -6.0, 60.2016983032
2.25537634, -6.0, 60.2022972107
1.18125963, -6.0, 60.1951522827
0.107142858, -6.0, 60.1810722351
-0.951127827, -6.0, 60.1626052856
-2.00939846, -6.0, 60.1423072815
-3.06766915, -6.0, 60.122505188
-4.12593985, -6.0, 60.1046485901
-5.1842103, -6.0, 60.089263916
-6.24248123, -6.0, 60.0762939453
-7.30075169, -6.0, 60.065410614
-8.35902214, -6.0, 60.0562286377
-9.41729355, -6.0, 60.0483894348
-10.475564, -6.0, 60.0416030884
-11.5338345, -6.0, 60.0356216431
-12.5921049, -6.0, 60.0302619934
-13.6503763, -6.0, 60.0253677368
-14.7086468, -6.0, 60.020816803
-15.7669172, -6.0, 60.0165061951
-16.8251877, -6.0, 60.0123443604
-17.8834591, -6.0, 60.0082550049
-18.9417286, -6.0, 60.0041618347
98.9260788, -7.0, 70.0019836426
97.85215, -7.0, 70.0038146973
96.7782288, -7.0, 70.0054931641
95.7042999, -7.0, 70.0070495605
94.6303787, -7.0, 70.0084838867
93.5564499, -7.0, 70.009803772
92.4825287, -7.0, 70.0110168457
91.4085999, -7.0, 70.0121383667
90.3346786, -7.0, 70.013168335
89.2607498, -7.0, 70.0141220093
88.1868286, -7.0, 70.0149917603
87.1128998, -7.0, 70.0157928467
86.0389786, -7.0, 70.0165328979
84.9650574, -7.0, 70.0172119141
83.8911285, -7.0, 70.017829895
82.8172073, -7.0, 70.0184020996
81.7432785, -7.0, 70.0189285278
80.6693573, -7.0, 70.0194091797
79.5954285, -7.0, 70.0198516846
78.5215073, -7.0, 70.0202560425
77.4475784, -7.0, 70.0206298828
76.3736572, -7.0, 70.0209732056
75.2997284, -7.0, 70.0212860107
74.2258072, -7.0, 70.0215835571
73.1518784, -7.0, 70.0218582153
72.0779572, -7.0, 70.0221176147
71.0040359, -7.0, 70.0223617554
69.9301071, -7.0, 70.0225906372
68.8561859, -7.0, 70.0228118896
67.7822571, -7.0, 70.0230178833
66.7083359, -7.0, 70.0232315063
65.634407, -7.0, 70.0234298706
64.5604858, -7.0, 70.0236358643
63.4865608, -7.0, 70.0238418579
62.4126358, -7.0, 70.0240478516
61.3387108, -7.0, 70.0242614746
60.2647858, -7.0, 70.0244827271
59.1908607, -7.0, 70.0247192383
58.1169357, -7.0, 70.0249633789
57.0430107, -7.0, 70.0252227783
55.9690857, -7.0, 70.0254974365
54.8951607, -7.0, 70.0257873535
53.8212357, -7.0, 70.0261077881
52.7473106, -7.0, 70.0264434814
51.6733856, -7.0, 70.0268096924
50.5994606, -7.0, 70.0271987915
49.5255394, -7.0, 70.0276260376
48.4516144, -7.0, 70.0280838013
47.3776894, -7.0, 70.0285797119
46.3037643, -7.0, 70.0291137695
45.2298393, -7.0, 70.0296859741
44.1559143, -7.0, 70.0303115845
43.0819893, -7.0, 70.0309753418
42.0080643, -7.0, 70.0317001343
40.9341393, -7.0, 70.0324707031
39.8602142, -7.0, 70.0333023071
38.7862892, -7.0, 70.0341949463
37.7123642, -7.0, 70.03515625
36.6384392, -7.0, 70.0361862183
35.564518, -7.0, 70.0372848511
34.490593, -7.0, 70.0384674072
33.4166679, -7.0, 70.0397338867
32.3427429, -7.0, 70.0410842896
31.2688179, -7.0, 70.0425338745
30.1948929, -7.0, 70.0440826416
29.1209679, -7.0, 70.0457458496
28.0470428, -7.0, 70.0475234985
26.9731178, -7.0, 70.0494384766
25.8991928, -7.0, 70.0514907837
24.8252697, -7.0, 70.0537109375
23.7513447, -7.0, 70.0561065674
22.6774197, -7.0, 70.0587081909
21.6034946, -7.0, 70.0615463257
20.5295696, -7.0, 70.0646514893
19.4556446, -7.0, 70.068069458
18.3817196, -7.0, 70.0718536377
17.3077965, -7.0, 70.0760803223
16.2338715, -7.0, 70.0808258057
15.1599464, -7.0, 70.0861740112
14.0860214, -7.0, 70.0922393799
13.0120964, -7.0, 70.0991439819
11.9381723, -7.0, 70.1070022583
10.8642473, -7.0, 70.1159057617
9.7903223, -7.0, 70.1258773804
8.71639824, -7.0, 70.1368179321
7.64247322, -7.0, 70.1484069824
6.5685482, -7.0, 70.1600265503
5.49462366, -7.0, 70.1706542969
4.42069912, -7.0, 70.1789703369
3.3467741, -7.0, 70.1835479736
2.27284956, -7.0, 70.1832351685
1.19892478, -7.0, 70.1776046753
0.125, -7.0, 70.167137146
-0.934210539, -7.0, 70.1533432007
-1.99342108, -7.0, 70.1377182007
-3.05263162, -7.0, 70.1217880249
-4.11184216, -7.0, 70.1066741943
-5.17105246, -7.0, 70.0929718018
-6.23026323, -7.0, 70.080871582
-7.28947353, -7.0, 70.0703201294
-8.34868431, -7.0, 70.0611114502
-9.40789509, -7.0, 70.0530471802
-10.4671049, -7.0, 70.0459136963
-11.5263157, -7.0, 70.0395126343
-12.5855265, -7.0, 70.0336914062
-13.6447372, -7.0, 70.0283203125
-14.7039471, -7.0, 70.0232849121
-15.7631578, -7.0, 70.0184783936
-16.8223686, -7.0, 70.0138244629
-17.8815784, -7.0, 70.0092468262
-18.9407902, -7.0, 70.0046615601
98.9262695, -8.0, 80.0020675659
97.8525314, -8.0, 80.0039749146
96.778801, -8.0, 80.0057373047
95.7050705, -8.0, 80.0073699951
94.63134, -8.0, 80.0088729858
93.5576019, -8.0, 80.0102615356
92.4838715, -8.0, 80.0115432739
91.410141, -8.0, 80.0127258301
90.3364029, -8.0, 80.0138168335
89.2626724, -8.0, 80.0148239136
88.188942, -8.0, 80.0157470703
87.1152039, -8.0, 80.0166015625
86.0414734, -8.0, 80.0173873901
84.9677429, -8.0, 80.0181121826
83.8940125, -8.0, 80.0187759399
82.8202744, -8.0, 80.0193862915
81.7465439, -8.0, 80.0199508667
80.6728134, -8.0, 80.0204620361
79.5990753, -8.0, 80.020942688
78.5253448, -8.0, 80.0213775635
77.4516144, -8.0, 80.0217819214
76.3778839, -8.0, 80.0221557617
75.3041458, -8.0, 80.0224990845
74.2304153, -8.0, 80.022819519
73.1566849, -8.0, 80.0231170654
72.0829468, -8.0, 80.023399353
71.0092163, -8.0, 80.0236663818
69.9354858, -8.0, 80.0239181519
68.8617477, -8.0, 80.0241622925
67.7880173, -8.0, 80.0243988037
66.7142868, -8.0, 80.0246276855
65.6405563, -8.0, 80.024848938
64.5668182, -8.0, 80.0250778198
63.4930878, -8.0, 80.0252990723
62.4193535, -8.0, 80.0255355835
61.345623, -8.0, 80.0257720947
60.2718887, -8.0, 80.0260162354
59.1981583, -8.0, 80.0262680054
58.124424, -8.0, 80.0265426636
57.0506897, -8.0, 80.0268249512
55.9769592, -8.0, 80.027130127
54.9032249, -8.0, 80.0274505615
53.8294945, -8.0, 80.0278015137
52.7557602, -8.0, 80.028175354
51.6820259, -8.0, 80.0285720825
50.6082954, -8.0, 80.029006958
49.5345612, -8.0, 80.0294723511
48.4608307, -8.0, 80.0299758911
47.3870964, -8.0, 80.0305175781
46.3133659, -8.0, 80.0310974121
45.2396317, -8.0, 80.0317306519
44.1658974, -8.0, 80.032409668
43.0921669, -8.0, 80.0331344604
42.0184326, -8.0, 80.0339202881
40.9447021, -8.0, 80.0347671509
39.8709679, -8.0, 80.0356674194
38.7972336, -8.0, 80.0366439819
37.7235031, -8.0, 80.0376815796
36.6497688, -8.0, 80.0387954712
35.5760384, -8.0, 80.0399932861
34.5023041, -8.0, 80.041267395
33.4285698, -8.0, 80.0426330566
32.3548393, -8.0, 80.044090271
31.281105, -8.0, 80.0456466675
30.2073727, -8.0, 80.0473098755
29.1336403, -8.0, 80.0490875244
28.0599079, -8.0, 80.0509872437
26.9861755, -8.0, 80.053024292
25.9124432, -8.0, 80.0552062988
24.8387089, -8.0, 80.0575561523
23.7649765, -8.0, 80.0600814819
22.6912441, -8.0, 80.0628051758
21.6175117, -8.0, 80.0657577515
20.5437794, -8.0, 80.0689697266
19.470047, -8.0, 80.0724716187
18.3963127, -8.0, 80.0763244629
17.3225803, -8.0, 80.0805587769
16.248848, -8.0, 80.0852508545
15.1751156, -8.0, 80.090461731
14.1013823, -8.0, 80.0962677002
13.0276499, -8.0, 80.1027297974
11.9539175, -8.0, 80.1099014282
10.8801842, -8.0, 80.1177978516
9.8064518, -8.0, 80.1263580322
8.73271847, -8.0, 80.1354293823
7.65898609, -8.0, 80.1446609497
6.58525324, -8.0, 80.1535263062
5.51152086, -8.0, 80.1612548828
4.43778801, -8.0, 80.1669616699
3.3640554, -8.0, 80.1697387695
2.29032254, -8.0, 80.1689300537
1.21658981, -8.0, 80.1642837524
0.142857149, -8.0, 80.1561355591
-0.917293251, -8.0, 80.1453933716
-1.97744358, -8.0, 80.1330032349
-3.03759408, -8.0, 80.1199798584
-4.09774446, -8.0, 80.107131958
-5.15789461, -8.0, 80.0950241089
-6.21804523, -8.0, 80.0839157104
-7.27819538, -8.0, 80.0738830566
-8.33834553, -8.0, 80.0648727417
-9.39849663, -8.0, 80.0567703247
-10.4586468, -8.0, 80.0494537354
-11.5187969, -8.0, 80.0427780151
-12.5789471, -8.0, 80.0366210938
-13.6390982, -8.0, 80.0308685303
-14.6992483, -8.0, 80.025428772
-15.7593985, -8.0, 80.0202102661
-16.8195496, -8.0, 80.0151290894
-17.8796997, -8.0, 80.0101165771
-18.9398499, -8.0, 80.0050964355
98.9264603, -9.0, 90.0021362305
97.8529205, -9.0, 90.004119873
96.7793808, -9.0, 90.0059585571
95.7058334, -9.0, 90.0076522827
94.6322937, -9.0, 90.009223938
93.558754, -9.0, 90.0106735229
92.4852142, -9.0, 90.0120162964
91.4116745, -9.0, 90.0132598877
90.3381348, -9.0, 90.0144042969
89.264595, -9.0, 90.0154647827
88.1910553, -9.0, 90.0164413452
87.1175079, -9.0, 90.0173416138
86.0439682, -9.0, 90.0181655884
84.9704285, -9.0, 90.0189361572
83.8968887, -9.0, 90.0196380615
82.823349, -9.0, 90.0202865601
81.7498093, -9.0, 90.0208816528
80.6762695, -9.0, 90.0214309692
79.6027298, -9.0, 90.0219421387
78.5291824, -9.0, 90.0224075317
77.4556427, -9.0, 90.0228347778
76.382103, -9.0, 90.0232391357
75.3085632, -9.0, 90.0236129761
74.2350235, -9.0, 90.0239562988
73.1614838, -9.0, 90.0242767334
72.087944, -9.0, 90.0245819092
71.0144043, -9.0, 90.0248718262
69.9408569, -9.0, 90.0251464844
68.8673172, -9.0, 90.0254058838
67.7937775, -9.0, 90.0256652832
66.7202377, -9.0, 90.0259094238
65.646698, -9.0, 90.0261535645
64.5731583, -9.0, 90.0264053345
63.4996147, -9.0, 90.0266494751
62.426075, -9.0, 90.0269012451
61.3525352, -9.0, 90.0271606445
60.2789955, -9.0, 90.0274276733
59.205452, -9.0, 90.0277023315
58.1319122, -9.0, 90.0279998779
57.0583725, -9.0, 90.0283126831
55.9848328, -9.0, 90.0286407471
54.9112892, -9.0, 90.0289916992
53.8377495, -9.0, 90.0293655396
52.7642097, -9.0, 90.0297698975
51.69067, -9.0, 90.0302047729
50.6171265, -9.0, 90.0306777954
49.5435867, -9.0, 90.0311813354
48.470047, -9.0, 90.0317230225
47.3965073, -9.0, 90.0323104858
46.3229637, -9.0, 90.0329360962
45.249424, -9.0, 90.0336151123
44.1758842, -9.0, 90.0343475342
43.1023407, -9.0, 90.0351333618
42.028801, -9.0, 90.0359802246
40.9552612, -9.0, 90.0368804932
39.8817215, -9.0, 90.0378570557
38.8081779, -9.0, 90.0388946533
37.7346382, -9.0, 90.0400161743
36.6610985, -9.0, 90.0412063599
35.5875587, -9.0, 90.0424804688
34.5140152, -9.0, 90.0438461304
33.4404755, -9.0, 90.0453033447
32.3669357, -9.0, 90.0468521118
31.2933941, -9.0, 90.0485076904
30.2198544, -9.0, 90.0502700806
29.1463127, -9.0, 90.052154541
28.072773, -9.0, 90.0541610718
26.9992313, -9.0, 90.0563049316
25.9256916, -9.0, 90.0586013794
24.85215, -9.0, 90.061050415
23.7786102, -9.0, 90.0636749268
22.7050686, -9.0, 90.0664978027
21.6315289, -9.0, 90.0695343018
20.5579872, -9.0, 90.072807312
19.4844475, -9.0, 90.0763549805
18.4109058, -9.0, 90.0802078247
17.3373661, -9.0, 90.0844039917
16.2638245, -9.0, 90.0889892578
15.1902838, -9.0, 90.09400177
14.1167431, -9.0, 90.0994720459
13.0432024, -9.0, 90.1054458618
11.9696617, -9.0, 90.1119232178
10.896121, -9.0, 90.1188659668
9.82258034, -9.0, 90.1261749268
8.74903965, -9.0, 90.1336669922
7.67549944, -9.0, 90.1410369873
6.60195875, -9.0, 90.1478347778
5.52841759, -9.0, 90.153503418
4.4548769, -9.0, 90.1574401855
3.38133645, -9.0, 90.1590576172
2.30779576, -9.0, 90.1579437256
1.23425496, -9.0, 90.1539764404
0.160714284, -9.0, 90.147354126
-0.900375962, -9.0, 90.1386947632
-1.96146619, -9.0, 90.128578186
-3.0225563, -9.0, 90.1177139282
-4.08364677, -9.0, 90.1066894531
-5.14473677, -9.0, 90.0959701538
-6.20582724, -9.0, 90.0858230591
-7.26691723, -9.0, 90.076385498
-8.3280077, -9.0, 90.0676879883
-9.38909817, -9.0, 90.0596847534
-10.4501877, -9.0, 90.0523071289
-11.5112782, -9.0, 90.045463562
-12.5723686, -9.0, 90.0390701294
-13.6334591, -9.0, 90.0330352783
-14.6945486, -9.0, 90.0272674561
-15.7556391, -9.0, 90.0217056274
-16.8167286, -9.0, 90.0162582397
-17.8778191, -9.0, 90.0108718872
-18.9389095, -9.0, 90.0054779053
98.926651, -10.0, 100.002204895
97.853302, -10.0, 100.004249573
96.779953, -10.0, 100.006149292
95.706604, -10.0, 100.007904053
94.633255, -10.0, 100.009536743
93.559906, -10.0, 100.011047363
92.486557, -10.0, 100.012443542
91.413208, -10.0, 100.01374054
90.339859, -10.0, 100.014930725
89.26651, -10.0, 100.016036987
88.193161, -10.0, 100.017059326
87.119812, -10.0, 100.018005371
86.0464706, -10.0, 100.018875122
84.9731216, -10.0, 100.019676208
83.8997726, -10.0, 100.02041626
82.8264236, -10.0, 100.021102905
81.7530746, -10.0, 100.021728516
80.6797256, -10.0, 100.02230835
79.6063766, -10.0, 100.022850037
78.5330276, -10.0, 100.023338318
77.4596786, -10.0, 100.023803711
76.3863297, -10.0, 100.024223328
75.3129807, -10.0, 100.024620056
74.2396317, -10.0, 100.024986267
73.1662827, -10.0, 100.025337219
72.0929337, -10.0, 100.025657654
71.0195847, -10.0, 100.025970459
69.9462357, -10.0, 100.026260376
68.8728867, -10.0, 100.026542664
67.7995377, -10.0, 100.026817322
66.7261887, -10.0, 100.027084351
65.6528397, -10.0, 100.027351379
64.5794907, -10.0, 100.027618408
63.5061455, -10.0, 100.027877808
62.4327965, -10.0, 100.028152466
61.3594475, -10.0, 100.028427124
60.2860985, -10.0, 100.028717041
59.2127495, -10.0, 100.029014587
58.1394005, -10.0, 100.029335022
57.0660515, -10.0, 100.029670715
55.9927025, -10.0, 100.030021667
54.9193535, -10.0, 100.030403137
53.8460045, -10.0, 100.030807495
52.7726593, -10.0, 100.031234741
51.6993103, -10.0, 100.031700134
50.6259613, -10.0, 100.032203674
49.5526123, -10.0, 100.032745361
48.4792633, -10.0, 100.033325195
47.4059143, -10.0, 100.033950806
46.3325653, -10.0, 100.034622192
45.2592163, -10.0, 100.035346985
44.1858673, -10.0, 100.036125183
43.1125183, -10.0, 100.036964417
42.0391693, -10.0, 100.037864685
40.9658203, -10.0, 100.038825989
39.8924713, -10.0, 100.039855957
38.8191261, -10.0, 100.040962219
37.7457771, -10.0, 100.042144775
36.6724281, -10.0, 100.043411255
35.5990791, -10.0, 100.044761658
34.5257301, -10.0, 100.046203613
33.4523811, -10.0, 100.047737122
32.3790321, -10.0, 100.049377441
31.3056831, -10.0, 100.051116943
30.2323341, -10.0, 100.052970886
29.158987, -10.0, 100.054946899
28.085638, -10.0, 100.057044983
27.012289, -10.0, 100.059280396
25.93894, -10.0, 100.061660767
24.865591, -10.0, 100.064193726
23.7922421, -10.0, 100.066902161
22.718895, -10.0, 100.069786072
21.645546, -10.0, 100.072883606
20.572197, -10.0, 100.076194763
19.498848, -10.0, 100.079750061
18.425499, -10.0, 100.083572388
17.35215, -10.0, 100.087684631
16.278801, -10.0, 100.09211731
15.2054529, -10.0, 100.096893311
14.1321049, -10.0, 100.102020264
13.0587559, -10.0, 100.107498169
11.9854069, -10.0, 100.113304138
10.9120588, -10.0, 100.119384766
9.83870983, -10.0, 100.125610352
8.76536083, -10.0, 100.13180542
7.69201231, -10.0, 100.137702942
6.61866379, -10.0, 100.142951965
5.54531479, -10.0, 100.147140503
4.47196627, -10.0, 100.149841309
3.39861751, -10.0, 100.150672913
2.32526875, -10.0, 100.149368286
1.2519201, -10.0, 100.145866394
0.178571433, -10.0, 100.140296936
-0.883458674, -10.0, 100.133079529
-1.94548869, -10.0, 100.124603271
-3.00751877, -10.0, 100.115341187
-4.06954908, -10.0, 100.105758667
-5.13157892, -10.0, 100.096199036
-6.19360924, -10.0, 100.086921692
-7.25563908, -10.0, 100.078079224
-8.31766891, -10.0, 100.069740295
-9.37969971, -10.0, 100.061912537
-10.4417295, -10.0, 100.05456543
-11.5037594, -10.0, 100.047645569
-12.5657892, -10.0, 100.041091919
-13.62782, -10.0, 100.034835815
-14.6898499, -10.0, 100.028816223
-15.7518797, -10.0, 100.022972107
-16.8139095, -10.0, 100.017227173
-17.8759403, -10.0, 100.011520386
-18.9379692, -10.0, 100.00579834
98.9268417, -11.0, 110.00226593
97.8536835, -11.0, 110.004364014
96.7805328, -11.0, 110.006317139
95.7073746, -11.0, 110.008132935
94.6342163, -11.0, 110.009819031
93.561058, -11.0, 110.011375427
92.4878998, -11.0, 110.012825012
91.4147491, -11.0, 110.014167786
90.3415909, -11.0, 110.015403748
89.2684326, -11.0, 110.016555786
88.1952744, -11.0, 110.017616272
87.1221161, -11.0, 110.018600464
86.0489655, -11.0, 110.019508362
84.9758072, -11.0, 110.020347595
83.9026489, -11.0, 110.021118164
82.8294907, -11.0, 110.021835327
81.75634, -11.0, 110.022491455
80.6831818, -11.0, 110.023101807
79.6100235, -11.0, 110.023666382
78.5368652, -11.0, 110.024185181
77.463707, -11.0, 110.024665833
76.3905563, -11.0, 110.025115967
75.3173981, -11.0, 110.025535583
74.2442398, -11.0, 110.025924683
73.1710815, -11.0, 110.026290894
72.0979233, -11.0, 110.026634216
71.0247726, -11.0, 110.02696228
69.9516144, -11.0, 110.027275085
68.8784561, -11.0, 110.027572632
67.8052979, -11.0, 110.027862549
66.7321396, -11.0, 110.028152466
65.658989, -11.0, 110.028434753
64.5858307, -11.0, 110.028717041
63.5126724, -11.0, 110.028999329
62.439518, -11.0, 110.029289246
61.3663597, -11.0, 110.029579163
60.2932014, -11.0, 110.029891968
59.220047, -11.0, 110.030212402
58.1468887, -11.0, 110.030548096
57.0737343, -11.0, 110.030899048
56.000576, -11.0, 110.031280518
54.9274178, -11.0, 110.031677246
53.8542633, -11.0, 110.032112122
52.781105, -11.0, 110.032569885
51.7079506, -11.0, 110.033065796
50.6347923, -11.0, 110.033592224
49.5616341, -11.0, 110.034164429
48.4884796, -11.0, 110.03478241
47.4153214, -11.0, 110.035438538
46.3421669, -11.0, 110.036155701
45.2690086, -11.0, 110.03691864
44.1958542, -11.0, 110.037742615
43.1226959, -11.0, 110.038619995
42.0495377, -11.0, 110.039573669
40.9763832, -11.0, 110.040588379
39.9032249, -11.0, 110.041679382
38.8300705, -11.0, 110.04283905
37.7569122, -11.0, 110.044082642
36.683754, -11.0, 110.045410156
35.6105995, -11.0, 110.046829224
34.5374413, -11.0, 110.048339844
33.4642868, -11.0, 110.049949646
32.3911285, -11.0, 110.05165863
31.3179722, -11.0, 110.053474426
30.2448158, -11.0, 110.055404663
29.1716595, -11.0, 110.05745697
28.0985031, -11.0, 110.059631348
27.0253448, -11.0, 110.061943054
25.9521885, -11.0, 110.064399719
24.8790321, -11.0, 110.067001343
23.8058758, -11.0, 110.069763184
22.7327194, -11.0, 110.0727005
21.6595631, -11.0, 110.075828552
20.5864048, -11.0, 110.079147339
19.5132484, -11.0, 110.082687378
18.4400921, -11.0, 110.086448669
17.3669357, -11.0, 110.090461731
16.2937794, -11.0, 110.094718933
15.2206221, -11.0, 110.099243164
14.1474657, -11.0, 110.104019165
13.0743084, -11.0, 110.109031677
12.001152, -11.0, 110.114234924
10.9279957, -11.0, 110.119552612
9.85483837, -11.0, 110.124862671
8.78168201, -11.0, 110.130004883
7.70852518, -11.0, 110.134750366
6.63536882, -11.0, 110.138824463
5.56221199, -11.0, 110.141929626
4.48905516, -11.0, 110.143745422
3.41589856, -11.0, 110.144035339
2.34274197, -11.0, 110.142608643
1.26958525, -11.0, 110.139434814
0.196428567, -11.0, 110.134597778
-0.866541326, -11.0, 110.12840271
-1.92951131, -11.0, 110.121116638
-2.99248123, -11.0, 110.113067627
-4.05545092, -11.0, 110.104598999
-5.11842108, -11.0, 110.095993042
-6.18139076, -11.0, 110.087478638
-7.24436092, -11.0, 110.079185486
-8.30733109, -11.0, 110.071212769
-9.37030029, -11.0, 110.063591003
-10.4332705, -11.0, 110.05632019
-11.4962406, -11.0, 110.049377441
-12.5592108, -11.0, 110.042732239
-13.62218, -11.0, 110.036323547
-14.6851501, -11.0, 110.030105591
-15.7481203, -11.0, 110.024024963
-16.8110905, -11.0, 110.018035889
-17.8740597, -11.0, 110.012069702
-18.9370308, -11.0, 110.006072998
98.9270325, -12.0, 120.002311707
97.8540726, -12.0, 120.004470825
96.781105, -12.0, 120.006469727
95.7081375, -12.0, 120.008331299
94.6351776, -12.0, 120.010063171
93.5622101, -12.0, 120.011672974
92.4892502, -12.0, 120.013160706
91.4162827, -12.0, 120.014541626
90.3433151, -12.0, 120.015823364
89.2703552, -12.0, 120.01701355
88.1973877, -12.0, 120.018112183
87.1244202, -12.0, 120.019126892
86.0514603, -12.0, 120.020072937
84.9784927, -12.0, 120.020942688
83.9055328, -12.0, 120.021743774
82.8325653, -12.0, 120.022483826
81.7595978, -12.0, 120.023170471
80.6866379, -12.0, 120.02381134
79.6136703, -12.0, 120.024398804
78.5407028, -12.0, 120.024940491
77.4677429, -12.0, 120.025444031
76.3947754, -12.0, 120.025917053
75.3218155, -12.0, 120.026351929
74.248848, -12.0, 120.026763916
73.1758804, -12.0, 120.027145386
72.1029205, -12.0, 120.027503967
71.029953, -12.0, 120.027854919
69.9569855, -12.0, 120.028182983
68.8840256, -12.0, 120.028495789
67.811058, -12.0, 120.028800964
66.7380981, -12.0, 120.02910614
65.6651306, -12.0, 120.029403687
64.5921631, -12.0, 120.029701233
63.5191994, -12.0, 120.029998779
62.4462357, -12.0, 120.030303955
61.3732719, -12.0, 120.03061676
60.3003082, -12.0, 120.030937195
59.2273407, -12.0, 120.031280518
58.154377, -12.0, 120.03163147
57.0814133, -12.0, 120.03200531
56.0084496, -12.0, 120.032402039
54.935482, -12.0, 120.032829285
53.8625183, -12.0, 120.033279419
52.7895546, -12.0, 120.033760071
51.7165909, -12.0, 120.034286499
50.6436234, -12.0, 120.034843445
49.5706596, -12.0, 120.035438538
48.4976959, -12.0, 120.036087036
47.4247322, -12.0, 120.036781311
46.3517647, -12.0, 120.037528992
45.278801, -12.0, 120.038330078
44.2058372, -12.0, 120.0391922
43.1328735, -12.0, 120.040115356
42.059906, -12.0, 120.041107178
40.9869423, -12.0, 120.042167664
39.9139786, -12.0, 120.043304443
38.8410149, -12.0, 120.044517517
37.7680473, -12.0, 120.045814514
36.6950836, -12.0, 120.047203064
35.6221199, -12.0, 120.048675537
34.5491562, -12.0, 120.050247192
33.4761887, -12.0, 120.05191803
32.4032249, -12.0, 120.053695679
31.3302612, -12.0, 120.055580139
30.2572956, -12.0, 120.057571411
29.1843319, -12.0, 120.059692383
28.1113663, -12.0, 120.061935425
27.0384026, -12.0, 120.064308167
25.9654369, -12.0, 120.066818237
24.8924732, -12.0, 120.069473267
23.8195076, -12.0, 120.072280884
22.7465439, -12.0, 120.075248718
21.6735783, -12.0, 120.078392029
20.6006145, -12.0, 120.081703186
19.5276489, -12.0, 120.085205078
18.4546852, -12.0, 120.088897705
17.3817196, -12.0, 120.092788696
16.3087559, -12.0, 120.096870422
15.2357912, -12.0, 120.101142883
14.1628265, -12.0, 120.105583191
13.0898619, -12.0, 120.110168457
12.0168972, -12.0, 120.114830017
10.9439325, -12.0, 120.119499207
9.87096786, -12.0, 120.124053955
8.7980032, -12.0, 120.128341675
7.72503853, -12.0, 120.132194519
6.65207386, -12.0, 120.135375977
5.57910919, -12.0, 120.137672424
4.50614452, -12.0, 120.13885498
3.43317962, -12.0, 120.138748169
2.36021495, -12.0, 120.137237549
1.2872504, -12.0, 120.134292603
0.214285716, -12.0, 120.129989624
-0.849624038, -12.0, 120.124534607
-1.91353381, -12.0, 120.118110657
-2.9774437, -12.0, 120.110977173
-4.04135323, -12.0, 120.103385925
-5.10526323, -12.0, 120.095550537
-6.16917276, -12.0, 120.087661743
-7.23308277, -12.0, 120.079856873
-8.2969923, -12.0, 120.072227478
-9.36090183, -12.0, 120.064826965
-10.4248123, -12.0, 120.057662964
-11.4887218, -12.0, 120.050743103
-12.5526314, -12.0, 120.044036865
-13.6165409, -12.0, 120.037521362
-14.6804514, -12.0, 120.031158447
-15.7443609, -12.0, 120.024902344
-16.8082714, -12.0, 120.018699646
-17.8721809, -12.0, 120.012519836
-18.9360905, -12.0, 120.00630188
98.9272308, -13.0, 130.002349854
97.854454, -13.0, 130.004562378
96.7816849, -13.0, 130.006607056
95.7089081, -13.0, 130.008499146
94.6361389, -13.0, 130.010284424
93.5633621, -13.0, 130.011932373
92.490593, -13.0, 130.013458252
91.4178162, -13.0, 130.014877319
90.345047, -13.0, 130.016189575
89.2722702, -13.0, 130.017410278
88.199501, -13.0, 130.018539429
87.1267319, -13.0, 130.019592285
86.0539551, -13.0, 130.020568848
84.9811859, -13.0, 130.021469116
83.9084091, -13.0, 130.022293091
82.83564, -13.0, 130.02305603
81.7628632, -13.0, 130.023773193
80.690094, -13.0, 130.024429321
79.6173172, -13.0, 130.025039673
78.544548, -13.0, 130.025604248
77.4717712, -13.0, 130.026123047
76.3990021, -13.0, 130.026611328
75.3262253, -13.0, 130.027069092
74.2534561, -13.0, 130.027496338
73.180687, -13.0, 130.027893066
72.1079102, -13.0, 130.028274536
71.035141, -13.0, 130.028640747
69.9623642, -13.0, 130.02897644
68.889595, -13.0, 130.029312134
67.8168182, -13.0, 130.029632568
66.7440491, -13.0, 130.029953003
65.6712723, -13.0, 130.030258179
64.5985031, -13.0, 130.030563354
63.5257301, -13.0, 130.030883789
62.4529572, -13.0, 130.031204224
61.3801842, -13.0, 130.031524658
60.3074112, -13.0, 130.03187561
59.2346382, -13.0, 130.032226562
58.1618652, -13.0, 130.032592773
57.0890923, -13.0, 130.032989502
56.0163193, -13.0, 130.033401489
54.9435501, -13.0, 130.033843994
53.8707771, -13.0, 130.034317017
52.7980042, -13.0, 130.034820557
51.7252312, -13.0, 130.035369873
50.6524582, -13.0, 130.035949707
49.5796852, -13.0, 130.036575317
48.5069122, -13.0, 130.037246704
47.4341393, -13.0, 130.037963867
46.3613663, -13.0, 130.038742065
45.2885933, -13.0, 130.039581299
44.2158203, -13.0, 130.040466309
43.1430473, -13.0, 130.041427612
42.0702782, -13.0, 130.04246521
40.9975052, -13.0, 130.043563843
39.9247322, -13.0, 130.04473877
38.8519592, -13.0, 130.046005249
37.7791862, -13.0, 130.047348022
36.7064133, -13.0, 130.048782349
35.6336403, -13.0, 130.050308228
34.5608673, -13.0, 130.051925659
33.4880943, -13.0, 130.053649902
32.4153214, -13.0, 130.055480957
31.3425503, -13.0, 130.057418823
30.2697773, -13.0, 130.05947876
29.1970043, -13.0, 130.061645508
28.1242313, -13.0, 130.063949585
27.0514584, -13.0, 130.066375732
25.9786873, -13.0, 130.06892395
24.9059143, -13.0, 130.071624756
23.8331413, -13.0, 130.074462891
22.7603683, -13.0, 130.077453613
21.6875954, -13.0, 130.080596924
20.6148243, -13.0, 130.083892822
19.5420513, -13.0, 130.087341309
18.4692783, -13.0, 130.090957642
17.3965054, -13.0, 130.094726562
16.3237324, -13.0, 130.098632812
15.2509604, -13.0, 130.102676392
14.1781874, -13.0, 130.106811523
13.1054144, -13.0, 130.11100769
12.0326424, -13.0, 130.115203857
10.9598694, -13.0, 130.11932373
9.88709641, -13.0, 130.123260498
8.81432438, -13.0, 130.126876831
7.7415514, -13.0, 130.130020142
6.6687789, -13.0, 130.132522583
5.59600592, -13.0, 130.134216309
4.52323341, -13.0, 130.134933472
3.45046091, -13.0, 130.134536743
2.37768817, -13.0, 130.132965088
1.30491555, -13.0, 130.130187988
0.232142851, -13.0, 130.126266479
-0.832706749, -13.0, 130.121353149
-1.89755642, -13.0, 130.115570068
-2.96240592, -13.0, 130.109130859
-4.02725554, -13.0, 130.102203369
-5.09210539, -13.0, 130.094985962
-6.15695477, -13.0, 130.087615967
-7.22180462, -13.0, 130.080230713
-8.28665447, -13.0, 130.072906494
-9.35150337, -13.0, 130.065719604
-10.4163532, -13.0, 130.058670044
-11.4812031, -13.0, 130.05178833
-12.5460529, -13.0, 130.045059204
-13.6109018, -13.0, 130.038482666
-14.6757517, -13.0, 130.031997681
-15.7406015, -13.0, 130.025604248
-16.8054504, -13.0, 130.019241333
-17.8703003, -13.0, 130.012893677
-18.9351501, -13.0, 130.006484985
98.9274216, -14.0, 140.00239563
97.8548355, -14.0, 140.004623413
96.7822571, -14.0, 140.006713867
95.7096786, -14.0, 140.008651733
94.6371002, -14.0, 140.010467529
93.5645142, -14.0, 140.012145996
92.4919357, -14.0, 140.013702393
91.4193573, -14.0, 140.015167236
90.3467712, -14.0, 140.01651001
89.2741928, -14.0, 140.01776123
88.2016144, -14.0, 140.018920898
87.1290359, -14.0, 140.019989014
86.0564499, -14.0, 140.020996094
84.9838715, -14.0, 140.021911621
83.911293, -14.0, 140.022766113
82.838707, -14.0, 140.02355957
81.7661285, -14.0, 140.024291992
80.6935501, -14.0, 140.024963379
79.6209641, -14.0, 140.025604248
78.5483856, -14.0, 140.026184082
77.4758072, -14.0, 140.02671814
76.4032288, -14.0, 140.02722168
75.3306427, -14.0, 140.027694702
74.2580643, -14.0, 140.028137207
73.1854858, -14.0, 140.028549194
72.1128998, -14.0, 140.028945923
71.0403214, -14.0, 140.029312134
69.9677429, -14.0, 140.029678345
68.8951645, -14.0, 140.030014038
67.8225784, -14.0, 140.030349731
66.75, -14.0, 140.030685425
65.6774216, -14.0, 140.031005859
64.6048355, -14.0, 140.031326294
63.5322571, -14.0, 140.031646729
62.4596786, -14.0, 140.031982422
61.3870964, -14.0, 140.032318115
60.314518, -14.0, 140.032684326
59.2419357, -14.0, 140.033050537
58.1693535, -14.0, 140.033432007
57.0967751, -14.0, 140.033828735
56.0241928, -14.0, 140.03427124
54.9516144, -14.0, 140.034729004
53.8790321, -14.0, 140.035217285
52.8064499, -14.0, 140.035736084
51.7338715, -14.0, 140.036300659
50.6612892, -14.0, 140.036895752
49.5887108, -14.0, 140.03755188
48.5161285, -14.0, 140.038238525
47.4435501, -14.0, 140.038986206
46.3709679, -14.0, 140.039794922
45.2983856, -14.0, 140.040664673
44.2258072, -14.0, 140.0415802
43.1532249, -14.0, 140.042572021
42.0806465, -14.0, 140.043640137
41.0080643, -14.0, 140.044769287
39.935482, -14.0, 140.04598999
38.8629036, -14.0, 140.047286987
37.7903214, -14.0, 140.048675537
36.7177429, -14.0, 140.05015564
35.6451607, -14.0, 140.051727295
34.5725822, -14.0, 140.053390503
33.5, -14.0, 140.055160522
32.4274178, -14.0, 140.057037354
31.3548393, -14.0, 140.059020996
30.282259, -14.0, 140.061126709
29.2096767, -14.0, 140.063339233
28.1370964, -14.0, 140.065673828
27.0645161, -14.0, 140.068145752
25.9919357, -14.0, 140.070739746
24.9193554, -14.0, 140.073471069
23.8467751, -14.0, 140.076324463
22.7741928, -14.0, 140.079315186
21.7016125, -14.0, 140.082458496
20.6290321, -14.0, 140.085723877
19.5564518, -14.0, 140.089126587
18.4838715, -14.0, 140.092651367
17.4112911, -14.0, 140.096313477
16.3387089, -14.0, 140.10005188
15.2661295, -14.0, 140.103881836
14.1935482, -14.0, 140.107757568
13.1209679, -14.0, 140.111633301
12.0483875, -14.0, 140.115432739
10.9758062, -14.0, 140.119094849
9.9032259, -14.0, 140.122528076
8.83064556, -14.0, 140.125610352
7.75806475, -14.0, 140.128204346
6.68548393, -14.0, 140.130187988
5.61290312, -14.0, 140.13142395
4.54032278, -14.0, 140.131790161
3.46774197, -14.0, 140.131195068
2.39516139, -14.0, 140.129577637
1.3225807, -14.0, 140.126922607
0.25, -14.0, 140.123275757
-0.815789461, -14.0, 140.118759155
-1.88157892, -14.0, 140.113464355
-2.94736838, -14.0, 140.107528687
-4.01315784, -14.0, 140.101135254
-5.07894754, -14.0, 140.094390869
-6.14473677, -14.0, 140.08744812
-7.21052647, -14.0, 140.080413818
-8.27631569, -14.0, 140.073348999
-9.34210491, -14.0, 140.066345215
-10.4078951, -14.0, 140.059417725
-11.4736843, -14.0, 140.052581787
-12.5394735, -14.0, 140.045852661
-13.6052628, -14.0, 140.039230347
-14.6710529, -14.0, 140.032669067
-15.7368422, -14.0, 140.026168823
-16.8026314, -14.0, 140.019683838
-17.8684216, -14.0, 140.013183594
-18.9342098, -14.0, 140.006637573
98.9276123, -15.0, 150.002426147
97.8552246, -15.0, 150.004699707
96.7828369, -15.0, 150.00680542
95.7104492, -15.0, 150.008773804
94.6380539, -15.0, 150.010620117
93.5656662, -15.0, 150.012329102
92.4932785, -15.0, 150.013916016
91.4208908, -15.0, 150.015396118
90.3485031, -15.0, 150.016769409
89.2761154, -15.0, 150.018051147
88.2037277, -15.0, 150.019241333
87.13134, -15.0, 150.020339966
86.0589447, -15.0, 150.021347046
84.986557, -15.0, 150.022293091
83.9141693, -15.0, 150.023162842
82.8417816, -15.0, 150.023971558
81.7693939, -15.0, 150.024734497
80.6970062, -15.0, 150.025421143
79.6246185, -15.0, 150.026062012
78.5522308, -15.0, 150.026672363
77.4798355, -15.0, 150.02722168
76.4074478, -15.0, 150.027740479
75.3350601, -15.0, 150.02822876
74.2626724, -15.0, 150.028686523
73.1902847, -15.0, 150.02911377
72.117897, -15.0, 150.029510498
71.0455093, -15.0, 150.029891968
69.9731216, -15.0, 150.030258179
68.9007263, -15.0, 150.03062439
67.8283386, -15.0, 150.030960083
66.7559509, -15.0, 150.031295776
65.6835632, -15.0, 150.03163147
64.6111755, -15.0, 150.031967163
63.5387878, -15.0, 150.032302856
62.4663963, -15.0, 150.032653809
61.3940086, -15.0, 150.033004761
60.3216209, -15.0, 150.033355713
59.2492332, -15.0, 150.033737183
58.1768417, -15.0, 150.034133911
57.104454, -15.0, 150.034561157
56.0320663, -15.0, 150.035003662
54.9596786, -15.0, 150.035476685
53.8872871, -15.0, 150.035980225
52.8148994, -15.0, 150.036514282
51.7425117, -15.0, 150.037094116
50.6701241, -15.0, 150.037719727
49.5977325, -15.0, 150.038375854
48.5253448, -15.0, 150.039093018
47.4529572, -15.0, 150.039855957
46.3805695, -15.0, 150.04069519
45.3081779, -15.0, 150.0415802
44.2357903, -15.0, 150.042526245
43.1634026, -15.0, 150.043548584
42.0910149, -15.0, 150.044631958
41.0186234, -15.0, 150.045791626
39.9462357, -15.0, 150.047042847
38.873848, -15.0, 150.048370361
37.8014603, -15.0, 150.049789429
36.7290688, -15.0, 150.051300049
35.6566811, -15.0, 150.05291748
34.5842934, -15.0, 150.054611206
33.5119057, -15.0, 150.056427002
32.439518, -15.0, 150.058334351
31.3671284, -15.0, 150.06036377
30.2947388, -15.0, 150.0625
29.2223511, -15.0, 150.064758301
28.1499615, -15.0, 150.067138672
27.0775738, -15.0, 150.069625854
26.0051842, -15.0, 150.072250366
24.9327965, -15.0, 150.074996948
23.8604069, -15.0, 150.077865601
22.7880192, -15.0, 150.080871582
21.7156296, -15.0, 150.083984375
20.6432419, -15.0, 150.087234497
19.5708523, -15.0, 150.090591431
18.4984646, -15.0, 150.094039917
17.426075, -15.0, 150.097579956
16.3536873, -15.0, 150.101196289
15.2812977, -15.0, 150.10484314
14.208909, -15.0, 150.108474731
13.1365204, -15.0, 150.112075806
12.0641317, -15.0, 150.11555481
10.9917431, -15.0, 150.118865967
9.91935444, -15.0, 150.121887207
8.84696579, -15.0, 150.124557495
7.77457762, -15.0, 150.126739502
6.70218897, -15.0, 150.128326416
5.62980032, -15.0, 150.129226685
4.55741167, -15.0, 150.129333496
3.48502302, -15.0, 150.128570557
2.41263437, -15.0, 150.126922607
1.34024572, -15.0, 150.124343872
0.267857134, -15.0, 150.120910645
-0.798872173, -15.0, 150.116668701
-1.86560154, -15.0, 150.111740112
-2.93233085, -15.0, 150.106201172
-3.99906015, -15.0, 150.100189209
-5.0657897, -15.0, 150.093826294
-6.13251877, -15.0, 150.087219238
-7.19924831, -15.0, 150.080459595
-8.26597786, -15.0, 150.073623657
-9.33270645, -15.0, 150.066772461
-10.399436, -15.0, 150.059951782
-11.4661655, -15.0, 150.05317688
-12.5328951, -15.0, 150.046463013
-13.5996237, -15.0, 150.039794922
-14.6663532, -15.0, 150.033187866
-15.7330828, -15.0, 150.026596069
-16.7998123, -15.0, 150.020019531
-17.8665409, -15.0, 150.013412476
-18.9332714, -15.0, 150.006744385
98.927803, -16.0, 160.002456665
97.8556061, -16.0, 160.004745483
96.7834091, -16.0, 160.006881714
95.7112122, -16.0, 160.008880615
94.6390152, -16.0, 160.010742188
93.5668182, -16.0, 160.012481689
92.4946213, -16.0, 160.014083862
91.4224243, -16.0, 160.015594482
90.3502274, -16.0, 160.016983032
89.2780304, -16.0, 160.018280029
88.2058334, -16.0, 160.019485474
87.1336441, -16.0, 160.020614624
86.0614471, -16.0, 160.021652222
84.9892502, -16.0, 160.022598267
83.9170532, -16.0, 160.023498535
82.8448563, -16.0, 160.02432251
81.7726593, -16.0, 160.025085449
80.7004623, -16.0, 160.025802612
79.6282654, -16.0, 160.02645874
78.5560684, -16.0, 160.027069092
77.4838715, -16.0, 160.027633667
76.4116745, -16.0, 160.028167725
75.3394775, -16.0, 160.028656006
74.2672806, -16.0, 160.029129028
73.1950836, -16.0, 160.029556274
72.1228867, -16.0, 160.029983521
71.0506897, -16.0, 160.03036499
69.9784927, -16.0, 160.03074646
68.9062958, -16.0, 160.031112671
67.8340988, -16.0, 160.031463623
66.7619019, -16.0, 160.031814575
65.6897049, -16.0, 160.032150269
64.6175079, -16.0, 160.032501221
63.5453148, -16.0, 160.032836914
62.4731178, -16.0, 160.033187866
61.4009209, -16.0, 160.033554077
60.3287239, -16.0, 160.033920288
59.2565269, -16.0, 160.034317017
58.18433, -16.0, 160.034713745
57.1121368, -16.0, 160.03515625
56.0399399, -16.0, 160.035598755
54.9677429, -16.0, 160.036087036
53.895546, -16.0, 160.036605835
52.823349, -16.0, 160.037155151
51.751152, -16.0, 160.037750244
50.6789551, -16.0, 160.038375854
49.6067581, -16.0, 160.0390625
48.5345612, -16.0, 160.039794922
47.4623642, -16.0, 160.04057312
46.3901672, -16.0, 160.041412354
45.3179741, -16.0, 160.042327881
44.2457771, -16.0, 160.043289185
43.1735802, -16.0, 160.044326782
42.1013832, -16.0, 160.045440674
41.0291862, -16.0, 160.046630859
39.9569893, -16.0, 160.047912598
38.8847923, -16.0, 160.049255371
37.8125954, -16.0, 160.050704956
36.7403984, -16.0, 160.052246094
35.6682014, -16.0, 160.053878784
34.5960045, -16.0, 160.055618286
33.5238113, -16.0, 160.057449341
32.4516144, -16.0, 160.059402466
31.3794155, -16.0, 160.061462402
30.3072205, -16.0, 160.06362915
29.2350235, -16.0, 160.06590271
28.1628265, -16.0, 160.068313599
27.0906296, -16.0, 160.070831299
26.0184326, -16.0, 160.073471069
24.9462357, -16.0, 160.07623291
23.8740406, -16.0, 160.079116821
22.8018436, -16.0, 160.082107544
21.7296467, -16.0, 160.085220337
20.6574497, -16.0, 160.088439941
19.5852528, -16.0, 160.091751099
18.5130577, -16.0, 160.09513855
17.4408607, -16.0, 160.098587036
16.3686638, -16.0, 160.10206604
15.2964668, -16.0, 160.105560303
14.2242708, -16.0, 160.109024048
13.1520739, -16.0, 160.11239624
12.0798769, -16.0, 160.115631104
11.0076809, -16.0, 160.118637085
9.93548393, -16.0, 160.121368408
8.86328697, -16.0, 160.123703003
7.79109049, -16.0, 160.125564575
6.718894, -16.0, 160.126876831
5.64669752, -16.0, 160.1275177
4.57450056, -16.0, 160.127426147
3.50230408, -16.0, 160.126571655
2.43010759, -16.0, 160.12487793
1.35791087, -16.0, 160.122375488
0.285714298, -16.0, 160.11907959
-0.781954885, -16.0, 160.115066528
-1.84962404, -16.0, 160.11038208
-2.91729331, -16.0, 160.105133057
-3.98496246, -16.0, 160.09942627
-5.05263138, -16.0, 160.093338013
-6.12030077, -16.0, 160.086990356
-7.18797016, -16.0, 160.080444336
-8.25563908, -16.0, 160.073791504
-9.32330799, -16.0, 160.067077637
-10.3909779, -16.0, 160.060333252
-11.4586468, -16.0, 160.053604126
-12.5263157, -16.0, 160.046905518
-13.5939846, -16.0, 160.040222168
-14.6616545, -16.0, 160.033569336
-15.7293234, -16.0, 160.026916504
-16.7969933, -16.0, 160.020263672
-17.8646622, -16.0, 160.013580322
-18.9323311, -16.0, 160.006835938
98.9279938, -17.0, 170.002471924
97.8559875, -17.0, 170.004776001
96.783989, -17.0, 170.006942749
95.7119827, -17.0, 170.008956909
94.6399765, -17.0, 170.01083374
93.5679703, -17.0, 170.012588501
92.4959641, -17.0, 170.014221191
91.4239655, -17.0, 170.01574707
90.3519592, -17.0, 170.017150879
89.279953, -17.0, 170.018463135
88.2079468, -17.0, 170.019683838
87.1359482, -17.0, 170.020828247
86.063942, -17.0, 170.021865845
84.9919357, -17.0, 170.022842407
83.9199295, -17.0, 170.023757935
82.8479233, -17.0, 170.024581909
81.7759247, -17.0, 170.025360107
80.7039185, -17.0, 170.026092529
79.6319122, -17.0, 170.026748657
78.559906, -17.0, 170.027374268
77.4878998, -17.0, 170.027954102
76.4159012, -17.0, 170.028488159
75.343895, -17.0, 170.028991699
74.2718887, -17.0, 170.029464722
73.1998825, -17.0, 170.029922485
72.1278839, -17.0, 170.030334473
71.0558777, -17.0, 170.03074646
69.9838715, -17.0, 170.03112793
68.9118652, -17.0, 170.031494141
67.839859, -17.0, 170.031860352
66.7678604, -17.0, 170.032211304
65.6958542, -17.0, 170.032562256
64.623848, -17.0, 170.032913208
63.5518417, -17.0, 170.03326416
62.4798393, -17.0, 170.033615112
61.4078331, -17.0, 170.033981323
60.3358307, -17.0, 170.034362793
59.2638245, -17.0, 170.034759521
58.1918221, -17.0, 170.035171509
57.1198158, -17.0, 170.035614014
56.0478096, -17.0, 170.036071777
54.9758072, -17.0, 170.036560059
53.903801, -17.0, 170.037094116
52.8317986, -17.0, 170.037643433
51.7597923, -17.0, 170.038253784
50.6877899, -17.0, 170.038894653
49.6157837, -17.0, 170.039581299
48.5437775, -17.0, 170.040328979
47.4717751, -17.0, 170.041122437
46.3997688, -17.0, 170.041976929
45.3277664, -17.0, 170.042907715
44.2557602, -17.0, 170.043884277
43.183754, -17.0, 170.044937134
42.1117516, -17.0, 170.046066284
41.0397453, -17.0, 170.047286987
39.9677429, -17.0, 170.048568726
38.8957367, -17.0, 170.049942017
37.8237343, -17.0, 170.05140686
36.7517281, -17.0, 170.052978516
35.6797218, -17.0, 170.054626465
34.6077194, -17.0, 170.056381226
33.5357132, -17.0, 170.058242798
32.4637108, -17.0, 170.060211182
31.3917046, -17.0, 170.062301636
30.3197002, -17.0, 170.064483643
29.2476959, -17.0, 170.06678772
28.1756916, -17.0, 170.069213867
27.1036873, -17.0, 170.071746826
26.031683, -17.0, 170.074417114
24.9596767, -17.0, 170.077178955
23.8876724, -17.0, 170.080062866
22.8156681, -17.0, 170.083053589
21.7436638, -17.0, 170.086151123
20.6716595, -17.0, 170.08934021
19.5996552, -17.0, 170.09262085
18.5276489, -17.0, 170.095947266
17.4556446, -17.0, 170.099334717
16.3836403, -17.0, 170.102722168
15.311636, -17.0, 170.10609436
14.2396317, -17.0, 170.109405518
13.1676264, -17.0, 170.112625122
12.0956221, -17.0, 170.115661621
11.0236177, -17.0, 170.118453979
9.95161247, -17.0, 170.120956421
8.87960815, -17.0, 170.123062134
7.80760384, -17.0, 170.124694824
6.73559904, -17.0, 170.125778198
5.66359425, -17.0, 170.126251221
4.59158993, -17.0, 170.126037598
3.51958537, -17.0, 170.125091553
2.44758058, -17.0, 170.123382568
1.37557602, -17.0, 170.120925903
0.303571433, -17.0, 170.117721558
-0.765037596, -17.0, 170.113861084
-1.83364666, -17.0, 170.109359741
-2.90225554, -17.0, 170.104324341
-3.97086477, -17.0, 170.098831177
-5.03947353, -17.0, 170.092956543
-6.10808277, -17.0, 170.086791992
-7.17669153, -17.0, 170.080413818
-8.24530029, -17.0, 170.073883057
-9.31390953, -17.0, 170.067276001
-10.3825188, -17.0, 170.06060791
-11.451128, -17.0, 170.053909302
-12.5197372, -17.0, 170.047225952
-13.5883455, -17.0, 170.040527344
-14.6569548, -17.0, 170.033843994
-15.725564, -17.0, 170.027160645
-16.7941723, -17.0, 170.020446777
-17.8627815, -17.0, 170.013702393
-18.9313908, -17.0, 170.006896973
98.9281845, -18.0, 180.002487183
97.8563766, -18.0, 180.004806519
96.7845612, -18.0, 180.006973267
95.7127533, -18.0, 180.009017944
94.6409378, -18.0, 180.010910034
93.5691223, -18.0, 180.012664795
92.4973145, -18.0, 180.014312744
91.425499, -18.0, 180.015853882
90.3536835, -18.0, 180.017272949
89.2818756, -18.0, 180.018600464
88.2100601, -18.0, 180.019836426
87.1382523, -18.0, 180.020980835
86.0664368, -18.0, 180.022033691
84.9946213, -18.0, 180.023025513
83.9228134, -18.0, 180.023925781
82.8509979, -18.0, 180.024780273
81.7791824, -18.0, 180.025558472
80.7073746, -18.0, 180.026290894
79.6355591, -18.0, 180.02696228
78.5637512, -18.0, 180.027603149
77.4919357, -18.0, 180.028182983
76.4201202, -18.0, 180.0287323
75.3483124, -18.0, 180.02923584
74.2764969, -18.0, 180.029724121
73.2046814, -18.0, 180.030166626
72.1328735, -18.0, 180.030593872
71.061058, -18.0, 180.031005859
69.9892502, -18.0, 180.031387329
68.9174347, -18.0, 180.031768799
67.8456192, -18.0, 180.03213501
66.7738113, -18.0, 180.032485962
65.7019958, -18.0, 180.032852173
64.630188, -18.0, 180.033203125
63.5583725, -18.0, 180.033554077
62.4865608, -18.0, 180.033920288
61.4147453, -18.0, 180.034286499
60.3429337, -18.0, 180.034667969
59.271122, -18.0, 180.035079956
58.1993103, -18.0, 180.035491943
57.1274948, -18.0, 180.035934448
56.0556831, -18.0, 180.036407471
54.9838715, -18.0, 180.036911011
53.9120598, -18.0, 180.03742981
52.8402443, -18.0, 180.038009644
51.7684326, -18.0, 180.038604736
50.6966209, -18.0, 180.039260864
49.6248093, -18.0, 180.039962769
48.5529938, -18.0, 180.040710449
47.4811821, -18.0, 180.041519165
46.4093704, -18.0, 180.042388916
45.3375587, -18.0, 180.043319702
44.2657433, -18.0, 180.044311523
43.1939316, -18.0, 180.045379639
42.1221199, -18.0, 180.046524048
41.0503082, -18.0, 180.047744751
39.9784927, -18.0, 180.049041748
38.9066811, -18.0, 180.050430298
37.8348694, -18.0, 180.0519104
36.7630577, -18.0, 180.053482056
35.691246, -18.0, 180.055160522
34.6194305, -18.0, 180.056930542
33.5476189, -18.0, 180.058807373
32.4758072, -18.0, 180.060791016
31.4039936, -18.0, 180.06288147
30.3321819, -18.0, 180.065093994
29.2603683, -18.0, 180.06741333
28.1885567, -18.0, 180.069854736
27.1167431, -18.0, 180.072402954
26.0449314, -18.0, 180.075073242
24.9731178, -18.0, 180.077850342
23.9013062, -18.0, 180.080734253
22.8294926, -18.0, 180.083724976
21.7576809, -18.0, 180.086807251
20.6858673, -18.0, 180.089981079
19.6140556, -18.0, 180.093215942
18.5422421, -18.0, 180.096511841
17.4704304, -18.0, 180.099838257
16.3986168, -18.0, 180.103164673
15.3268051, -18.0, 180.106460571
14.2549925, -18.0, 180.109664917
13.1831799, -18.0, 180.112762451
12.1113672, -18.0, 180.115661621
11.0395546, -18.0, 180.11831665
9.96774197, -18.0, 180.120651245
8.89592934, -18.0, 180.12260437
7.82411671, -18.0, 180.124084473
6.75230408, -18.0, 180.125030518
5.68049145, -18.0, 180.12538147
4.60867882, -18.0, 180.125076294
3.53686643, -18.0, 180.124069214
2.4650538, -18.0, 180.122360229
1.39324117, -18.0, 180.119934082
0.321428567, -18.0, 180.11680603
-0.748120308, -18.0, 180.113037109
-1.81766915, -18.0, 180.108673096
-2.887218, -18.0, 180.103775024
-3.95676684, -18.0, 180.098419189
-5.02631569, -18.0, 180.092681885
-6.09586477, -18.0, 180.086639404
-7.16541338, -18.0, 180.080383301
-8.23496246, -18.0, 180.073944092
-9.30451107, -18.0, 180.067398071
-10.3740597, -18.0, 180.060775757
-11.4436092, -18.0, 180.054122925
-12.5131578, -18.0, 180.047439575
-13.5827065, -18.0, 180.040740967
-14.652256, -18.0, 180.034042358
-15.7218046, -18.0, 180.027313232
-16.7913532, -18.0, 180.020568848
-17.8609028, -18.0, 180.013778687
-18.9304504, -18.0, 180.00692749
98.9283829, -19.0, 190.002487183
97.8567581, -19.0, 190.004821777
96.785141, -19.0, 190.007003784
95.7135162, -19.0, 190.009048462
94.6418991, -19.0, 190.010940552
93.5702744, -19.0, 190.01272583
92.4986572, -19.0, 190.014373779
91.4270325, -19.0, 190.015914917
90.3554153, -19.0, 190.017349243
89.2837906, -19.0, 190.018676758
88.2121735, -19.0, 190.01991272
87.1405563, -19.0, 190.021072388
86.0689316, -19.0, 190.022125244
84.9973145, -19.0, 190.023117065
83.9256897, -19.0, 190.024047852
82.8540726, -19.0, 190.024887085
81.7824478, -19.0, 190.025680542
80.7108307, -19.0, 190.026412964
79.6392059, -19.0, 190.027099609
78.5675888, -19.0, 190.02772522
77.4959641, -19.0, 190.028320312
76.4243469, -19.0, 190.028869629
75.3527298, -19.0, 190.029388428
74.281105, -19.0, 190.02986145
73.2094879, -19.0, 190.030319214
72.1378632, -19.0, 190.03074646
71.066246, -19.0, 190.031158447
69.9946213, -19.0, 190.031555176
68.9230042, -19.0, 190.031936646
67.8513794, -19.0, 190.032302856
66.7797623, -19.0, 190.032653809
65.7081375, -19.0, 190.03302002
64.6365204, -19.0, 190.033370972
63.5648994, -19.0, 190.033737183
62.4932785, -19.0, 190.034103394
61.4216576, -19.0, 190.034469604
60.3500366, -19.0, 190.034866333
59.2784195, -19.0, 190.035263062
58.2067986, -19.0, 190.035690308
57.1351776, -19.0, 190.036132812
56.0635567, -19.0, 190.036605835
54.9919357, -19.0, 190.037109375
53.9203148, -19.0, 190.037643433
52.8486938, -19.0, 190.038208008
51.7770729, -19.0, 190.038833618
50.705452, -19.0, 190.039489746
49.633831, -19.0, 190.04019165
48.5622101, -19.0, 190.040939331
47.490593, -19.0, 190.041748047
46.418972, -19.0, 190.042617798
45.3473511, -19.0, 190.043563843
44.2757301, -19.0, 190.044555664
43.2041092, -19.0, 190.045639038
42.1324883, -19.0, 190.046783447
41.0608673, -19.0, 190.04800415
39.9892464, -19.0, 190.049316406
38.9176254, -19.0, 190.050720215
37.8460045, -19.0, 190.052200317
36.7743874, -19.0, 190.053787231
35.7027664, -19.0, 190.055465698
34.6311455, -19.0, 190.057250977
33.5595245, -19.0, 190.059143066
32.4879036, -19.0, 190.061126709
31.4162827, -19.0, 190.063232422
30.3446617, -19.0, 190.065444946
29.2730408, -19.0, 190.067779541
28.2014217, -19.0, 190.070220947
27.1298008, -19.0, 190.072769165
26.0581799, -19.0, 190.075439453
24.9865589, -19.0, 190.078231812
23.914938, -19.0, 190.081115723
22.843317, -19.0, 190.084106445
21.771698, -19.0, 190.087173462
20.7000771, -19.0, 190.090332031
19.6284561, -19.0, 190.093566895
18.5568352, -19.0, 190.096832275
17.4852142, -19.0, 190.100128174
16.4135952, -19.0, 190.103408813
15.3419743, -19.0, 190.106643677
14.2703533, -19.0, 190.109802246
13.1987324, -19.0, 190.112823486
12.1271124, -19.0, 190.115646362
11.0554914, -19.0, 190.118209839
9.98387051, -19.0, 190.12046814
8.91225052, -19.0, 190.122314453
7.84062958, -19.0, 190.123718262
6.76900911, -19.0, 190.124588013
5.69738865, -19.0, 190.12487793
4.62576818, -19.0, 190.124526978
3.55414748, -19.0, 190.12348938
2.48252678, -19.0, 190.121780396
1.41090631, -19.0, 190.119369507
0.339285702, -19.0, 190.11630249
-0.73120302, -19.0, 190.112579346
-1.80169177, -19.0, 190.108291626
-2.87218046, -19.0, 190.103469849
-3.94266915, -19.0, 190.098190308
-5.01315784, -19.0, 190.092544556
-6.08364677, -19.0, 190.086578369
-7.15413523, -19.0, 190.080383301
-8.22462368, -19.0, 190.074005127
-9.29511261, -19.0, 190.067489624
-10.3656015, -19.0, 190.060897827
-11.4360905, -19.0, 190.054260254
-12.5065794, -19.0, 190.047576904
-13.5770674, -19.0, 190.040878296
-14.6475563, -19.0, 190.03414917
-15.7180452, -19.0, 190.027420044
-16.7885342, -19.0, 190.020645142
-17.8590221, -19.0, 190.013824463
-18.929512, -19.0, 190.006958008
2.01703215, 0.800000012, -6.74887561798
3.08206463, 0.800000012, -7.40669250488
4.14709663, 0.800000012, -7.71782064438
5.21212912, 0.800000012, -7.8579993248
6.27716112, 0.800000012, -7.91961956024
7.3421936, 0.800000012, -7.94751262665
8.40722561, 0.800000012, -7.96130180359
9.47225761, 0.800000012, -7.96896076202
10.5372906, 0.800000012, -7.97370004654
11.6023226, 0.800000012, -7.97688674927
12.6673546, 0.800000012, -7.97916793823
13.7323875, 0.800000012, -7.98088121414
14.7974195, 0.800000012, -7.98221921921
15.8624516, 0.800000012, -7.98329973221
16.9274845, 0.800000012, -7.98419475555
17.9925156, 0.800000012, -7.98495388031
19.0575485, 0.800000012, -7.98560857773
20.1225815, 0.800000012, -7.9861831665
21.1876125, 0.800000012, -7.98669242859
22.2526455, 0.800000012, -7.98714923859
23.3176765, 0.800000012, -7.98756170273
24.3827095, 0.800000012, -7.9879360199
25.4477425, 0.800000012, -7.98827648163
26.5127735, 0.800000012, -7.98858737946
27.5778065, 0.800000012, -7.9888715744
28.6428394, 0.800000012, -7.98913049698
29.7078705, 0.800000012, -7.98936700821
30.7729034, 0.800000012, -7.9895825386
31.8379364, 0.800000012, -7.98977851868
32.9029694, 0.800000012, -7.98995733261
33.9679985, 0.800000012, -7.99011945724
35.0330315, 0.800000012, -7.99026727676
36.0980644, 0.800000012, -7.99040079117
37.1630974, 0.800000012, -7.99052190781
38.2281303, 0.800000012, -7.99063158035
39.2931595, 0.800000012, -7.99073028564
40.3581924, 0.800000012, -7.99081945419
41.4232254, 0.800000012, -7.99089956284
42.4882584, 0.800000012, -7.99097156525
43.5532913, 0.800000012, -7.99103593826
44.6183243, 0.800000012, -7.9910941124
45.6833534, 0.800000012, -7.99114608765
46.7483864, 0.800000012, -7.99119281769
47.8134193, 0.800000012, -7.99123477936
48.8784523, 0.800000012, -7.99127244949
49.9434853, 0.800000012, -7.99130535126
51.0085144, 0.800000012, -7.99133443832
52.0735474, 0.800000012, -7.99136018753
53.1385803, 0.800000012, -7.99138307571
54.2036133, 0.800000012, -7.99140262604
55.2686462, 0.800000012, -7.99142074585
56.3336792, 0.800000012, -7.99143600464
57.3987083, 0.800000012, -7.99145030975
58.4637413, 0.800000012, -7.99146270752
59.5287743, 0.800000012, -7.99147415161
60.5938072, 0.800000012, -7.99148511887
61.6588402, 0.800000012, -7.99149513245
62.7238693, 0.800000012, -7.99150514603
63.7889023, 0.800000012, -7.99151563644
64.8539352, 0.800000012, -7.99152708054
65.9189682, 0.800000012, -7.9915394783
66.9840012, 0.800000012, -7.99155378342
68.0490341, 0.800000012, -7.99156999588
69.1140671, 0.800000012, -7.99158859253
70.1791, 0.800000012, -7.99161052704
71.2441254, 0.800000012, -7.99163627625
72.3091583, 0.800000012, -7.99166679382
73.3741913, 0.800000012, -7.99170303345
74.4392242, 0.800000012, -7.99174594879
75.5042572, 0.800000012, -7.99179697037
76.5692902, 0.800000012, -7.99185705185
77.6343231, 0.800000012, -7.99192810059
78.6993561, 0.800000012, -7.99201154709
79.764389, 0.800000012, -7.99210882187
80.829422, 0.800000012, -7.99222278595
81.894455, 0.800000012, -7.99235534668
82.9594803, 0.800000012, -7.99250936508
84.0245132, 0.800000012, -7.9926867485
85.0895462, 0.800000012, -7.99289178848
86.1545792, 0.800000012, -7.99312639236
87.2196121, 0.800000012, -7.99339485168
88.2846451, 0.800000012, -7.99369955063
89.349678, 0.800000012, -7.99404430389
90.414711, 0.800000012, -7.99443149567
91.479744, 0.800000012, -7.99486303329
92.5447769, 0.800000012, -7.99534082413
93.6098099, 0.800000012, -7.99586582184
94.6748352, 0.800000012, -7.99643754959
95.7398682, 0.800000012, -7.99705457687
96.8049011, 0.800000012, -7.99771642685
97.8699341, 0.800000012, -7.99842262268
98.934967, 0.800000012, -7.9991774559
2.95879579, 1.60000002, -14.7962636948
4.01359129, 1.60000002, -15.4595346451
5.06838703, 1.60000002, -15.7486181259
6.12318277, 1.60000002, -15.8666496277
7.17797852, 1.60000002, -15.9149522781
8.23277378, 1.60000002, -15.9366168976
9.28757, 1.60000002, -15.9478521347
10.3423653, 1.60000002, -15.9545545578
11.3971615, 1.60000002, -15.9589939117
12.4519567, 1.60000002, -15.9621562958
13.506753, 1.60000002, -15.9645328522
14.5615482, 1.60000002, -15.9663963318
15.6163445, 1.60000002, -15.9679088593
16.6711407, 1.60000002, -15.969168663
17.725935, 1.60000002, -15.9702396393
18.7807312, 1.60000002, -15.9711675644
19.8355274, 1.60000002, -15.9719820023
20.8903217, 1.60000002, -15.9727048874
21.945118, 1.60000002, -15.9733524323
22.9999142, 1.60000002, -15.9739360809
24.0547104, 1.60000002, -15.9744644165
25.1095047, 1.60000002, -15.974943161
26.1643009, 1.60000002, -15.9753761292
27.2190971, 1.60000002, -15.975769043
28.2738934, 1.60000002, -15.9761238098
29.3286877, 1.60000002, -15.9764432907
30.3834839, 1.60000002, -15.976729393
31.4382801, 1.60000002, -15.9769859314
32.4930763, 1.60000002, -15.9772148132
33.5478706, 1.60000002, -15.9774179459
34.6026649, 1.60000002, -15.977599144
35.6574631, 1.60000002, -15.9777593613
36.7122574, 1.60000002, -15.9779005051
37.7670555, 1.60000002, -15.9780254364
38.8218498, 1.60000002, -15.9781351089
39.8766441, 1.60000002, -15.9782314301
40.9314423, 1.60000002, -15.9783163071
41.9862366, 1.60000002, -15.9783906937
43.0410309, 1.60000002, -15.9784564972
44.095829, 1.60000002, -15.9785146713
45.1506233, 1.60000002, -15.9785652161
46.2054176, 1.60000002, -15.9786100388
47.2602158, 1.60000002, -15.9786491394
48.3150101, 1.60000002, -15.9786844254
49.3698082, 1.60000002, -15.9787149429
50.4246025, 1.60000002, -15.9787425995
51.4793968, 1.60000002, -15.9787664413
52.5341949, 1.60000002, -15.9787883759
53.5889893, 1.60000002, -15.9788093567
54.6437836, 1.60000002, -15.9788274765
55.6985817, 1.60000002, -15.9788455963
56.753376, 1.60000002, -15.9788627625
57.8081703, 1.60000002, -15.9788799286
58.8629684, 1.60000002, -15.9788970947
59.9177628, 1.60000002, -15.9789152145
60.9725609, 1.60000002, -15.978934288
62.0273552, 1.60000002, -15.9789552689
63.0821495, 1.60000002, -15.9789772034
64.1369476, 1.60000002, -15.9790029526
65.1917419, 1.60000002, -15.9790325165
66.2465363, 1.60000002, -15.9790668488
67.3013306, 1.60000002, -15.9791049957
68.3561325, 1.60000002, -15.9791507721
69.4109268, 1.60000002, -15.9792032242
70.4657211, 1.60000002, -15.9792642593
71.5205154, 1.60000002, -15.9793367386
72.5753098, 1.60000002, -15.9794206619
73.6301041, 1.60000002, -15.9795198441
74.684906, 1.60000002, -15.9796361923
75.7397003, 1.60000002, -15.9797744751
76.7944946, 1.60000002, -15.9799356461
77.8492889, 1.60000002, -15.9801244736
78.9040833, 1.60000002, -15.9803447723
79.9588852, 1.60000002, -15.9806003571
81.0136795, 1.60000002, -15.9808979034
82.0684738, 1.60000002, -15.9812412262
83.1232681, 1.60000002, -15.9816379547
84.1780624, 1.60000002, -15.9820957184
85.2328568, 1.60000002, -15.9826211929
86.2876587, 1.60000002, -15.9832229614
87.342453, 1.60000002, -15.9839076996
88.3972473, 1.60000002, -15.9846858978
89.4520416, 1.60000002, -15.9855623245
90.5068359, 1.60000002, -15.9865446091
91.5616379, 1.60000002, -15.9876365662
92.6164322, 1.60000002, -15.9888420105
93.6712265, 1.60000002, -15.9901590347
94.7260208, 1.60000002, -15.9915847778
95.7808151, 1.60000002, -15.9931116104
96.8356094, 1.60000002, -15.9947280884
97.8904114, 1.60000002, -15.996421814
98.9452057, 1.60000002, -15.9981794357
3.90055919, 2.4000001, -22.697851181
4.94511843, 2.4000001, -23.3693885803
5.98967743, 2.4000001, -23.6486148834
7.03423643, 2.4000001, -23.7650413513
8.07879543, 2.4000001, -23.8190422058
9.12335491, 2.4000001, -23.84806633
10.1679144, 2.4000001, -23.8658237457
11.2124729, 2.4000001, -23.8777542114
12.2570324, 2.4000001, -23.8863201141
13.3015919, 2.4000001, -23.8927879333
14.3461504, 2.4000001, -23.8978729248
15.3907099, 2.4000001, -23.9020080566
16.4352684, 2.4000001, -23.9054584503
17.4798279, 2.4000001, -23.9083976746
18.5243874, 2.4000001, -23.9109401703
19.5689468, 2.4000001, -23.9131736755
20.6135063, 2.4000001, -23.9151554108
21.6580639, 2.4000001, -23.916929245
22.7026234, 2.4000001, -23.9185295105
23.7471828, 2.4000001, -23.9199752808
24.7917423, 2.4000001, -23.9212856293
25.8363018, 2.4000001, -23.9224739075
26.8808594, 2.4000001, -23.9235477448
27.9254189, 2.4000001, -23.9245147705
28.9699783, 2.4000001, -23.9253845215
30.0145378, 2.4000001, -23.9261627197
31.0590973, 2.4000001, -23.9268569946
32.1036568, 2.4000001, -23.9274730682
33.1482162, 2.4000001, -23.9280185699
34.1927757, 2.4000001, -23.9285011292
35.2373352, 2.4000001, -23.9289245605
36.2818909, 2.4000001, -23.9292984009
37.3264503, 2.4000001, -23.9296245575
38.3710098, 2.4000001, -23.9299087524
39.4155693, 2.4000001, -23.9301586151
40.4601288, 2.4000001, -23.9303760529
41.5046883, 2.4000001, -23.9305667877
42.5492477, 2.4000001, -23.9307327271
43.5938072, 2.4000001, -23.9308776855
44.6383667, 2.4000001, -23.9310035706
45.6829262, 2.4000001, -23.9311161041
46.7274857, 2.4000001, -23.9312133789
47.7720413, 2.4000001, -23.9313011169
48.8166008, 2.4000001, -23.9313774109
49.8611603, 2.4000001, -23.9314460754
50.9057198, 2.4000001, -23.9315090179
51.9502792, 2.4000001, -23.9315662384
52.9948387, 2.4000001, -23.9316215515
54.0393982, 2.4000001, -23.9316730499
55.0839577, 2.4000001, -23.931722641
56.1285172, 2.4000001, -23.9317722321
57.1730766, 2.4000001, -23.9318218231
58.2176361, 2.4000001, -23.9318733215
59.2621918, 2.4000001, -23.9319286346
60.3067513, 2.4000001, -23.9319877625
61.3513107, 2.4000001, -23.9320526123
62.3958702, 2.4000001, -23.9321250916
63.4404297, 2.4000001, -23.9322052002
64.484993, 2.4000001, -23.9322967529
65.5295486, 2.4000001, -23.9324016571
66.5741043, 2.4000001, -23.9325199127
67.6186676, 2.4000001, -23.9326591492
68.6632233, 2.4000001, -23.9328174591
69.7077866, 2.4000001, -23.9330005646
70.7523422, 2.4000001, -23.9332122803
71.7969055, 2.4000001, -23.9334602356
72.8414612, 2.4000001, -23.9337482452
73.8860245, 2.4000001, -23.9340877533
74.9305801, 2.4000001, -23.9344844818
75.9751434, 2.4000001, -23.9349517822
77.0196991, 2.4000001, -23.9354972839
78.0642548, 2.4000001, -23.9361343384
79.1088181, 2.4000001, -23.9368724823
80.1533737, 2.4000001, -23.9377269745
81.197937, 2.4000001, -23.9387149811
82.2424927, 2.4000001, -23.9398517609
83.287056, 2.4000001, -23.9411621094
84.3316116, 2.4000001, -23.9426670074
85.3761749, 2.4000001, -23.9443912506
86.4207306, 2.4000001, -23.9463596344
87.4652939, 2.4000001, -23.9485969543
88.5098495, 2.4000001, -23.951128006
89.5544052, 2.4000001, -23.9539756775
90.5989685, 2.4000001, -23.957157135
91.6435242, 2.4000001, -23.9606876373
92.6880875, 2.4000001, -23.9645729065
93.7326431, 2.4000001, -23.9688091278
94.7772064, 2.4000001, -23.9733848572
95.8217621, 2.4000001, -23.9782714844
96.8663254, 2.4000001, -23.9834308624
97.910881, 2.4000001, -23.9888114929
98.9554443, 2.4000001, -23.9943523407
4.84232235, 3.20000005, -30.534992218
5.87664509, 3.20000005, -31.1138648987
6.91096783, 3.20000005, -31.3673286438
7.94529009, 3.20000005, -31.4949016571
8.9796133, 3.20000005, -31.5683670044
10.0139351, 3.20000005, -31.6152038574
11.0482578, 3.20000005, -31.6473655701
12.0825806, 3.20000005, -31.6707305908
13.1169033, 3.20000005, -31.6884822845
14.151226, 3.20000005, -31.7024917603
15.1855488, 3.20000005, -31.7139034271
16.2198715, 3.20000005, -31.723443985
17.2541943, 3.20000005, -31.731584549
18.288517, 3.20000005, -31.7386436462
19.3228378, 3.20000005, -31.7448501587
20.3571606, 3.20000005, -31.7503681183
21.3914833, 3.20000005, -31.755317688
22.425806, 3.20000005, -31.7597846985
23.4601288, 3.20000005, -31.7638320923
24.4944515, 3.20000005, -31.7675056458
25.5287743, 3.20000005, -31.7708415985
26.563097, 3.20000005, -31.7738647461
27.5974197, 3.20000005, -31.7765979767
28.6317425, 3.20000005, -31.7790603638
29.6660652, 3.20000005, -31.7812690735
30.700388, 3.20000005, -31.7832431793
31.7347088, 3.20000005, -31.7850017548
32.7690315, 3.20000005, -31.7865638733
33.8033562, 3.20000005, -31.7879447937
34.837677, 3.20000005, -31.7891616821
35.8720016, 3.20000005, -31.7902336121
36.9063225, 3.20000005, -31.7911739349
37.9406433, 3.20000005, -31.7919979095
38.974968, 3.20000005, -31.7927188873
40.0092888, 3.20000005, -31.7933502197
41.0436134, 3.20000005, -31.7939014435
42.0779343, 3.20000005, -31.7943840027
43.1122589, 3.20000005, -31.7948055267
44.1465797, 3.20000005, -31.7951755524
45.1809044, 3.20000005, -31.795501709
46.2152252, 3.20000005, -31.7957878113
47.2495499, 3.20000005, -31.7960414886
48.2838707, 3.20000005, -31.7962665558
49.3181953, 3.20000005, -31.7964706421
50.3525162, 3.20000005, -31.7966537476
51.386837, 3.20000005, -31.7968215942
52.4211617, 3.20000005, -31.7969799042
53.4554825, 3.20000005, -31.7971286774
54.4898071, 3.20000005, -31.7972736359
55.524128, 3.20000005, -31.7974147797
56.5584526, 3.20000005, -31.7975578308
57.5927734, 3.20000005, -31.797706604
58.6270981, 3.20000005, -31.7978610992
59.6614189, 3.20000005, -31.7980270386
60.6957436, 3.20000005, -31.7982082367
61.7300644, 3.20000005, -31.798406601
62.7643852, 3.20000005, -31.7986278534
63.7987099, 3.20000005, -31.7988758087
64.8330307, 3.20000005, -31.799156189
65.8673553, 3.20000005, -31.7994766235
66.90168, 3.20000005, -31.7998428345
67.935997, 3.20000005, -31.8002643585
68.9703217, 3.20000005, -31.8007488251
70.0046463, 3.20000005, -31.8013076782
71.0389709, 3.20000005, -31.8019542694
72.073288, 3.20000005, -31.8027038574
73.1076126, 3.20000005, -31.8035812378
74.1419373, 3.20000005, -31.8046112061
75.1762543, 3.20000005, -31.8058223724
76.2105789, 3.20000005, -31.8072452545
77.2449036, 3.20000005, -31.8089103699
78.2792282, 3.20000005, -31.8108482361
79.3135452, 3.20000005, -31.8130912781
80.3478699, 3.20000005, -31.8156795502
81.3821945, 3.20000005, -31.8186626434
82.4165192, 3.20000005, -31.822095871
83.4508362, 3.20000005, -31.8260402679
84.4851608, 3.20000005, -31.8305644989
85.5194855, 3.20000005, -31.835735321
86.5538101, 3.20000005, -31.8416309357
87.5881271, 3.20000005, -31.8483181
88.6224518, 3.20000005, -31.8558692932
89.6567764, 3.20000005, -31.8643455505
90.6910934, 3.20000005, -31.8737983704
91.7254181, 3.20000005, -31.884267807
92.7597427, 3.20000005, -31.8957691193
93.7940674, 3.20000005, -31.9082946777
94.8283844, 3.20000005, -31.9217987061
95.862709, 3.20000005, -31.9362068176
96.8970337, 3.20000005, -31.9513988495
97.9313583, 3.20000005, -31.9672203064
98.9656754, 3.20000005, -31.9834880829
5.78408623, 4.0, -37.864402771
6.80817223, 4.0, -38.3643531799
7.83225822, 4.0, -38.6489715576
8.85634422, 4.0, -38.825958252
9.88043022, 4.0, -38.9433364868
10.9045162, 4.0, -39.0256767273
11.9286022, 4.0, -39.0862541199
12.9526882, 4.0, -39.1326179504
13.9767742, 4.0, -39.1693000793
15.0008602, 4.0, -39.1991882324
16.0249462, 4.0, -39.224193573
17.0490322, 4.0, -39.2455673218
18.0731182, 4.0, -39.2641525269
19.0972042, 4.0, -39.2805366516
20.1212902, 4.0, -39.2951393127
21.1453762, 4.0, -39.308265686
22.1694622, 4.0, -39.3201408386
23.1935482, 4.0, -39.3309211731
24.2176342, 4.0, -39.3407363892
25.2417202, 4.0, -39.3496665955
26.2658062, 4.0, -39.3577804565
27.2898922, 4.0, -39.3651390076
28.3139782, 4.0, -39.3717918396
29.3380642, 4.0, -39.3777770996
30.3621502, 4.0, -39.3831481934
31.3862362, 4.0, -39.3879508972
32.4103241, 4.0, -39.3922233582
33.4344101, 4.0, -39.3960189819
34.4584961, 4.0, -39.3993759155
35.4825821, 4.0, -39.4023399353
36.5066681, 4.0, -39.4049530029
37.5307541, 4.0, -39.407245636
38.5548401, 4.0, -39.4092597961
39.5789261, 4.0, -39.4110298157
40.6030121, 4.0, -39.4125785828
41.6270981, 4.0, -39.413936615
42.6511841, 4.0, -39.4151268005
43.6752701, 4.0, -39.4161720276
44.6993561, 4.0, -39.4170913696
45.7234421, 4.0, -39.4179039001
46.7475281, 4.0, -39.4186248779
47.7716141, 4.0, -39.4192657471
48.7957001, 4.0, -39.4198417664
49.8197861, 4.0, -39.4203643799
50.8438721, 4.0, -39.420841217
51.8679581, 4.0, -39.4212837219
52.8920441, 4.0, -39.4217033386
53.9161301, 4.0, -39.4221038818
54.9402161, 4.0, -39.422492981
55.9643021, 4.0, -39.4228858948
56.9883881, 4.0, -39.4232826233
58.0124741, 4.0, -39.4236984253
59.0365601, 4.0, -39.4241371155
60.0606461, 4.0, -39.4246101379
61.0847321, 4.0, -39.4251251221
62.1088181, 4.0, -39.4256973267
63.1329041, 4.0, -39.4263343811
64.1569901, 4.0, -39.4270477295
65.181076, 4.0, -39.42786026
66.205162, 4.0, -39.4287834167
67.229248, 4.0, -39.4298362732
68.253334, 4.0, -39.4310417175
69.27742, 4.0, -39.4324302673
70.301506, 4.0, -39.4340324402
71.325592, 4.0, -39.4358825684
72.349678, 4.0, -39.4380302429
73.373764, 4.0, -39.4405441284
74.39785, 4.0, -39.4435081482
75.421936, 4.0, -39.4470100403
76.446022, 4.0, -39.4511413574
77.470108, 4.0, -39.4559783936
78.494194, 4.0, -39.4616012573
79.51828, 4.0, -39.4681053162
80.542366, 4.0, -39.4756088257
81.566452, 4.0, -39.4842453003
82.590538, 4.0, -39.4941711426
83.614624, 4.0, -39.5055541992
84.63871, 4.0, -39.5185928345
85.662796, 4.0, -39.5334854126
86.686882, 4.0, -39.5504341125
87.710968, 4.0, -39.5696334839
88.735054, 4.0, -39.5912704468
89.75914, 4.0, -39.6155128479
90.783226, 4.0, -39.6424980164
91.807312, 4.0, -39.6723251343
92.831398, 4.0, -39.7050361633
93.855484, 4.0, -39.7406005859
94.87957, 4.0, -39.7788963318
95.903656, 4.0, -39.8197021484
96.927742, 4.0, -39.8626899719
97.951828, 4.0, -39.9074249268
98.975914, 4.0, -39.9533920288
6.72584963, 4.80000019, -43.9994621277
7.73969889, 4.80000019, -44.6029663086
8.75354862, 4.80000019, -45.0034484863
9.76739788, 4.80000019, -45.2776260376
10.7812471, 4.80000019, -45.4738960266
11.7950964, 4.80000019, -45.6202926636
12.8089466, 4.80000019, -45.733165741
13.8227959, 4.80000019, -45.82239151
14.8366451, 4.80000019, -45.8945388794
15.8504944, 4.80000019, -45.9545974731
16.8643436, 4.80000019, -46.0058937073
17.8781929, 4.80000019, -46.0505905151
18.8920422, 4.80000019, -46.0901107788
19.9058933, 4.80000019, -46.1254425049
20.9197426, 4.80000019, -46.157283783
21.9335918, 4.80000019, -46.1861457825
22.9474411, 4.80000019, -46.2123985291
23.9612904, 4.80000019, -46.2363243103
24.9751396, 4.80000019, -46.258140564
25.9889889, 4.80000019, -46.278011322
27.0028381, 4.80000019, -46.296081543
28.0166874, 4.80000019, -46.3124580383
29.0305386, 4.80000019, -46.3272590637
30.0443878, 4.80000019, -46.3405799866
31.0582371, 4.80000019, -46.3525276184
32.0720863, 4.80000019, -46.3632087708
33.0859337, 4.80000019, -46.3727264404
34.0997849, 4.80000019, -46.3811798096
35.113636, 4.80000019, -46.3886680603
36.1274834, 4.80000019, -46.3952903748
37.1413345, 4.80000019, -46.401134491
38.1551819, 4.80000019, -46.4062805176
39.1690331, 4.80000019, -46.4108123779
40.1828804, 4.80000019, -46.4147949219
41.1967316, 4.80000019, -46.418296814
42.2105789, 4.80000019, -46.4213790894
43.2244301, 4.80000019, -46.4240913391
44.2382813, 4.80000019, -46.4264831543
45.2521286, 4.80000019, -46.4285964966
46.2659798, 4.80000019, -46.4304733276
47.2798271, 4.80000019, -46.4321479797
48.2936783, 4.80000019, -46.4336509705
49.3075256, 4.80000019, -46.4350090027
50.3213768, 4.80000019, -46.436252594
51.3352242, 4.80000019, -46.4374008179
52.3490753, 4.80000019, -46.4384765625
53.3629265, 4.80000019, -46.4395065308
54.3767738, 4.80000019, -46.4405059814
55.390625, 4.80000019, -46.441493988
56.4044724, 4.80000019, -46.4424934387
57.4183235, 4.80000019, -46.443523407
58.4321709, 4.80000019, -46.4446029663
59.446022, 4.80000019, -46.4457511902
60.4598694, 4.80000019, -46.4469985962
61.4737206, 4.80000019, -46.4483642578
62.4875717, 4.80000019, -46.4498786926
63.5014191, 4.80000019, -46.4515724182
64.5152664, 4.80000019, -46.4534797668
65.5291214, 4.80000019, -46.4556350708
66.5429688, 4.80000019, -46.4580879211
67.5568161, 4.80000019, -46.4608840942
68.5706635, 4.80000019, -46.4640846252
69.5845184, 4.80000019, -46.4677619934
70.5983658, 4.80000019, -46.4719963074
71.6122131, 4.80000019, -46.4768943787
72.6260681, 4.80000019, -46.4825897217
73.6399155, 4.80000019, -46.4892616272
74.6537628, 4.80000019, -46.4971160889
75.6676102, 4.80000019, -46.5063781738
76.6814651, 4.80000019, -46.5172576904
77.6953125, 4.80000019, -46.5300102234
78.7091599, 4.80000019, -46.5449752808
79.7230072, 4.80000019, -46.5625419617
80.7368622, 4.80000019, -46.583026886
81.7507095, 4.80000019, -46.6066894531
82.7645569, 4.80000019, -46.6338615417
83.7784119, 4.80000019, -46.6650085449
84.7922592, 4.80000019, -46.7006492615
85.8061066, 4.80000019, -46.7413330078
86.8199539, 4.80000019, -46.7876052856
87.8338089, 4.80000019, -46.8399734497
88.8476563, 4.80000019, -46.8989067078
89.8615036, 4.80000019, -46.9648132324
90.8753586, 4.80000019, -47.0380325317
91.8892059, 4.80000019, -47.1187973022
92.9030533, 4.80000019, -47.207195282
93.9169006, 4.80000019, -47.3031311035
94.9307556, 4.80000019, -47.4062690735
95.944603, 4.80000019, -47.5160217285
96.9584503, 4.80000019, -47.631526947
97.9722977, 4.80000019, -47.7516365051
98.9861526, 4.80000019, -47.8749809265
7.66761303, 5.5999999, -50.2847633362
8.67122555, 5.5999999, -50.9054527283
9.67483902, 5.5999999, -51.3368186951
10.6784515, 5.5999999, -51.6520500183
11.6820641, 5.5999999, -51.8913269043
12.6856775, 5.5999999, -52.0779800415
13.68929, 5.5999999, -52.2262229919
14.6929035, 5.5999999, -52.3455085754
15.696516, 5.5999999, -52.4446678162
16.7001286, 5.5999999, -52.529499054
17.7037411, 5.5999999, -52.6036109924
18.7073555, 5.5999999, -52.6693344116
19.710968, 5.5999999, -52.7282524109
20.7145805, 5.5999999, -52.7814750671
21.7181931, 5.5999999, -52.8297920227
22.7218056, 5.5999999, -52.8737983704
23.72542, 5.5999999, -52.9139480591
24.7290325, 5.5999999, -52.9506034851
25.732645, 5.5999999, -52.9840545654
26.7362576, 5.5999999, -53.0145225525
27.7398701, 5.5999999, -53.0422019958
28.7434845, 5.5999999, -53.0672683716
29.747097, 5.5999999, -53.0898857117
30.7507095, 5.5999999, -53.1102218628
31.7543221, 5.5999999, -53.1284446716
32.7579346, 5.5999999, -53.1447219849
33.7615471, 5.5999999, -53.1592140198
34.7651596, 5.5999999, -53.172088623
35.7687759, 5.5999999, -53.1834983826
36.7723885, 5.5999999, -53.1935882568
37.776001, 5.5999999, -53.2024993896
38.7796135, 5.5999999, -53.2103614807
39.783226, 5.5999999, -53.2172889709
40.7868385, 5.5999999, -53.2233924866
41.790451, 5.5999999, -53.2287712097
42.7940636, 5.5999999, -53.2335090637
43.7976761, 5.5999999, -53.2376937866
44.8012886, 5.5999999, -53.2413978577
45.8049049, 5.5999999, -53.2446861267
46.8085175, 5.5999999, -53.2476158142
47.81213, 5.5999999, -53.2502403259
48.8157425, 5.5999999, -53.2526130676
49.819355, 5.5999999, -53.254776001
50.8229675, 5.5999999, -53.2567672729
51.82658, 5.5999999, -53.2586250305
52.8301926, 5.5999999, -53.2603874207
53.8338051, 5.5999999, -53.2620849609
54.8374176, 5.5999999, -53.2637481689
55.8410339, 5.5999999, -53.2654151917
56.8446465, 5.5999999, -53.2671165466
57.848259, 5.5999999, -53.2688827515
58.8518715, 5.5999999, -53.2707481384
59.855484, 5.5999999, -53.2727508545
60.8590965, 5.5999999, -53.2749290466
61.862709, 5.5999999, -53.2773246765
62.8663216, 5.5999999, -53.2799873352
63.8699341, 5.5999999, -53.2829627991
64.8735504, 5.5999999, -53.2863197327
65.8771591, 5.5999999, -53.2901153564
66.8807755, 5.5999999, -53.2944335938
67.8843842, 5.5999999, -53.2993545532
68.8880005, 5.5999999, -53.3049850464
69.8916092, 5.5999999, -53.3114395142
70.8952255, 5.5999999, -53.3188667297
71.8988419, 5.5999999, -53.3274536133
72.9024506, 5.5999999, -53.3374290466
73.9060669, 5.5999999, -53.3490600586
74.9096756, 5.5999999, -53.3624420166
75.9132919, 5.5999999, -53.377571106
76.9169006, 5.5999999, -53.3948364258
77.920517, 5.5999999, -53.4151687622
78.9241257, 5.5999999, -53.4398231506
79.927742, 5.5999999, -53.4702072144
80.9313583, 5.5999999, -53.5065765381
81.934967, 5.5999999, -53.5485191345
82.9385834, 5.5999999, -53.5966300964
83.9421921, 5.5999999, -53.6517219543
84.9458084, 5.5999999, -53.7147140503
85.9494171, 5.5999999, -53.7865867615
86.9530334, 5.5999999, -53.8683128357
87.9566422, 5.5999999, -53.9607925415
88.9602585, 5.5999999, -54.0648078918
89.9638672, 5.5999999, -54.1810302734
90.9674835, 5.5999999, -54.3100280762
91.9710999, 5.5999999, -54.4521865845
92.9747086, 5.5999999, -54.6076545715
93.9783249, 5.5999999, -54.7762565613
94.9819336, 5.5999999, -54.9574241638
95.9855499, 5.5999999, -55.1501502991
96.9891586, 5.5999999, -55.352935791
97.992775, 5.5999999, -55.5638198853
98.9963837, 5.5999999, -55.7804069519
8.60937595, 6.4000001, -56.3890190125
9.60275269, 6.4000001, -56.9700431824
10.5961294, 6.4000001, -57.4095497131
11.5895052, 6.4000001, -57.7507781982
12.5828819, 6.4000001, -58.0211982727
13.5762577, 6.4000001, -58.2383422852
14.5696344, 6.4000001, -58.4121551514
15.5630112, 6.4000001, -58.5569343567
16.5563869, 6.4000001, -58.6813812256
17.5497627, 6.4000001, -58.7906646729
18.5431404, 6.4000001, -58.8880310059
19.5365162, 6.4000001, -58.9756584167
20.529892, 6.4000001, -59.0550575256
21.5232697, 6.4000001, -59.1273002625
22.5166454, 6.4000001, -59.1931838989
23.5100212, 6.4000001, -59.2533493042
24.503397, 6.4000001, -59.3083381653
25.4967747, 6.4000001, -59.358581543
26.4901505, 6.4000001, -59.40442276
27.4835262, 6.4000001, -59.446144104
28.4769039, 6.4000001, -59.483997345
29.4702797, 6.4000001, -59.5182189941
30.4636555, 6.4000001, -59.5490531921
31.4570332, 6.4000001, -59.5767326355
32.4504089, 6.4000001, -59.6015014648
33.4437866, 6.4000001, -59.6236076355
34.4371605, 6.4000001, -59.6432800293
35.4305382, 6.4000001, -59.6607513428
36.4239159, 6.4000001, -59.676235199
37.4172897, 6.4000001, -59.6899414062
38.4106674, 6.4000001, -59.7020568848
39.4040413, 6.4000001, -59.7127571106
40.397419, 6.4000001, -59.722202301
41.3907967, 6.4000001, -59.7305374146
42.3841705, 6.4000001, -59.7378997803
43.3775482, 6.4000001, -59.7444038391
44.3709259, 6.4000001, -59.7501602173
45.3642998, 6.4000001, -59.7552719116
46.3576775, 6.4000001, -59.7598304749
47.3510551, 6.4000001, -59.7639122009
48.344429, 6.4000001, -59.7675933838
49.3378067, 6.4000001, -59.7709388733
50.3311844, 6.4000001, -59.7740097046
51.3245583, 6.4000001, -59.7768669128
52.3179359, 6.4000001, -59.7795562744
53.3113136, 6.4000001, -59.7821273804
54.3046875, 6.4000001, -59.7846336365
55.2980652, 6.4000001, -59.7871208191
56.2914391, 6.4000001, -59.7896308899
57.2848167, 6.4000001, -59.7922172546
58.2781944, 6.4000001, -59.794921875
59.2715683, 6.4000001, -59.7977981567
60.264946, 6.4000001, -59.8009033203
61.2583237, 6.4000001, -59.8042984009
62.2516975, 6.4000001, -59.8080406189
63.2450752, 6.4000001, -59.8122024536
64.2384491, 6.4000001, -59.8168716431
65.2318268, 6.4000001, -59.8221282959
66.2252045, 6.4000001, -59.8280792236
67.2185822, 6.4000001, -59.8348426819
68.2119598, 6.4000001, -59.8425445557
69.2053299, 6.4000001, -59.851348877
70.1987076, 6.4000001, -59.8614349365
71.1920853, 6.4000001, -59.8730278015
72.185463, 6.4000001, -59.8864021301
73.1788406, 6.4000001, -59.9019012451
74.1722183, 6.4000001, -59.9198722839
75.1655884, 6.4000001, -59.9386520386
76.1589661, 6.4000001, -59.9518356323
77.1523438, 6.4000001, -59.9668235779
78.1457214, 6.4000001, -59.9845695496
79.1390991, 6.4000001, -60.0113601685
80.1324768, 6.4000001, -60.0592651367
81.1258469, 6.4000001, -60.1160774231
82.1192245, 6.4000001, -60.1816368103
83.1126022, 6.4000001, -60.2567176819
84.1059799, 6.4000001, -60.3424911499
85.0993576, 6.4000001, -60.4403648376
86.0927277, 6.4000001, -60.5519981384
87.0861053, 6.4000001, -60.679145813
88.079483, 6.4000001, -60.8232955933
89.0728607, 6.4000001, -60.9855728149
90.0662384, 6.4000001, -61.1668891907
91.0596161, 6.4000001, -61.3680343628
92.0529861, 6.4000001, -61.5895957947
93.0463638, 6.4000001, -61.8317871094
94.0397415, 6.4000001, -62.0943450928
95.0331192, 6.4000001, -62.3764038086
96.0264969, 6.4000001, -62.6764221191
97.0198746, 6.4000001, -62.9921302795
98.0132446, 6.4000001, -63.320514679
99.0066223, 6.4000001, -63.6578903198
9.55113983, 7.19999981, -61.9988288879
10.5342798, 7.19999981, -62.5763206482
11.5174198, 7.19999981, -63.037311554
12.5005589, 7.19999981, -63.4086647034
13.4836988, 7.19999981, -63.7120895386
14.4668388, 7.19999981, -63.9630622864
15.4499788, 7.19999981, -64.1752624512
16.4331188, 7.19999981, -64.3594741821
17.4162579, 7.19999981, -64.5226211548
18.3993969, 7.19999981, -64.6689758301
19.3825378, 7.19999981, -64.8013916016
20.3656769, 7.19999981, -64.9218597412
21.3488178, 7.19999981, -65.0318145752
22.3319569, 7.19999981, -65.1323013306
23.3150959, 7.19999981, -65.2241897583
24.2982368, 7.19999981, -65.3082962036
25.2813759, 7.19999981, -65.3852539062
26.2645168, 7.19999981, -65.455581665
27.2476559, 7.19999981, -65.5196838379
28.2307949, 7.19999981, -65.5779342651
29.2139359, 7.19999981, -65.6306762695
30.1970749, 7.19999981, -65.6782608032
31.1802158, 7.19999981, -65.7210388184
32.163353, 7.19999981, -65.7593536377
33.1464958, 7.19999981, -65.793586731
34.1296349, 7.19999981, -65.8240814209
35.1127739, 7.19999981, -65.8511886597
36.0959129, 7.19999981, -65.8752593994
37.079052, 7.19999981, -65.8965911865
38.0621948, 7.19999981, -65.9154968262
39.0453339, 7.19999981, -65.932220459
40.0284729, 7.19999981, -65.9470214844
41.0116119, 7.19999981, -65.9601135254
41.994751, 7.19999981, -65.9716873169
42.9778938, 7.19999981, -65.9819335938
43.9610329, 7.19999981, -65.9910125732
44.9441719, 7.19999981, -65.9990768433
45.9273109, 7.19999981, -66.0062561035
46.91045, 7.19999981, -66.0126876831
47.8935928, 7.19999981, -66.0184783936
48.8767319, 7.19999981, -66.0237350464
49.8598709, 7.19999981, -66.0285415649
50.8430099, 7.19999981, -66.032989502
51.826149, 7.19999981, -66.0371627808
52.8092918, 7.19999981, -66.0411224365
53.7924309, 7.19999981, -66.044960022
54.7755699, 7.19999981, -66.0487213135
55.758709, 7.19999981, -66.0524978638
56.741848, 7.19999981, -66.0563430786
57.7249908, 7.19999981, -66.0603408813
58.7081299, 7.19999981, -66.0645523071
59.6912689, 7.19999981, -66.0690536499
60.674408, 7.19999981, -66.0739440918
61.657547, 7.19999981, -66.0792999268
62.6406898, 7.19999981, -66.0852203369
63.6238289, 7.19999981, -66.0918197632
64.6069641, 7.19999981, -66.0992279053
65.5901108, 7.19999981, -66.1075744629
66.5732498, 7.19999981, -66.1170196533
67.5563889, 7.19999981, -66.1277389526
68.5395279, 7.19999981, -66.1399459839
69.5226669, 7.19999981, -66.1538848877
70.505806, 7.19999981, -66.1698379517
71.488945, 7.19999981, -66.1881332397
72.472084, 7.19999981, -66.2091751099
73.4552231, 7.19999981, -66.2334213257
74.4383621, 7.19999981, -66.2610473633
75.4215088, 7.19999981, -66.2914733887
76.4046478, 7.19999981, -66.3252487183
77.3877869, 7.19999981, -66.363822937
78.3709259, 7.19999981, -66.4094467163
79.3540649, 7.19999981, -66.4655532837
80.337204, 7.19999981, -66.5335083008
81.320343, 7.19999981, -66.6130447388
82.3034821, 7.19999981, -66.7043533325
83.2866211, 7.19999981, -66.8086166382
84.2697601, 7.19999981, -66.9272384644
85.2529068, 7.19999981, -67.0620498657
86.2360458, 7.19999981, -67.2157516479
87.2191849, 7.19999981, -67.3914871216
88.2023239, 7.19999981, -67.5914611816
89.185463, 7.19999981, -67.8167800903
90.168602, 7.19999981, -68.0684432983
91.151741, 7.19999981, -68.3475494385
92.1348801, 7.19999981, -68.6549072266
93.1180191, 7.19999981, -68.990852356
94.1011581, 7.19999981, -69.3550186157
95.0843048, 7.19999981, -69.7462539673
96.0674438, 7.19999981, -70.1624603271
97.0505829, 7.19999981, -70.6005477905
98.0337219, 7.19999981, -71.0563735962
99.016861, 7.19999981, -71.5248336792
10.4929028, 8.0, -67.6065292358
11.465806, 8.0, -68.1803817749
12.4387093, 8.0, -68.6467208862
13.4116125, 8.0, -69.0326461792
14.3845158, 8.0, -69.3566589355
15.357419, 8.0, -69.6333007812
16.3303223, 8.0, -69.8761520386
17.3032265, 8.0, -70.0937423706
18.2761288, 8.0, -70.2905731201
19.249033, 8.0, -70.4697189331
20.2219353, 8.0, -70.6334609985
21.1948395, 8.0, -70.783454895
22.1677418, 8.0, -70.9208831787
23.140646, 8.0, -71.0467758179
24.1135483, 8.0, -71.1622009277
25.0864525, 8.0, -71.2680130005
26.0593548, 8.0, -71.3648681641
27.032259, 8.0, -71.4532928467
28.0051613, 8.0, -71.5337524414
28.9780636, 8.0, -71.6066970825
29.9509678, 8.0, -71.6725845337
30.9238701, 8.0, -71.7318572998
31.8967743, 8.0, -71.7849960327
32.8696785, 8.0, -71.8324813843
33.8425789, 8.0, -71.8747940063
34.8154831, 8.0, -71.9124298096
35.7883873, 8.0, -71.9458694458
36.7612915, 8.0, -71.9755477905
37.7341919, 8.0, -72.0018768311
38.7070961, 8.0, -72.0252380371
39.6800003, 8.0, -72.0459518433
40.6529045, 8.0, -72.0643081665
41.6258049, 8.0, -72.0805740356
42.5987091, 8.0, -72.0949859619
43.5716133, 8.0, -72.1077651978
44.5445175, 8.0, -72.1191177368
45.5174179, 8.0, -72.1292419434
46.4903221, 8.0, -72.1382980347
47.4632263, 8.0, -72.1464385986
48.4361305, 8.0, -72.1538085938
49.4090309, 8.0, -72.1605377197
50.3819351, 8.0, -72.1667404175
51.3548393, 8.0, -72.1725234985
52.3277435, 8.0, -72.177986145
53.3006439, 8.0, -72.1832351685
54.2735481, 8.0, -72.1883544922
55.2464523, 8.0, -72.1934356689
56.2193565, 8.0, -72.1985702515
57.1922569, 8.0, -72.2038574219
58.1651611, 8.0, -72.2093734741
59.1380653, 8.0, -72.2152404785
60.1109695, 8.0, -72.2215423584
61.0838699, 8.0, -72.2284088135
62.0567741, 8.0, -72.2359542847
63.0296783, 8.0, -72.2443161011
64.0025787, 8.0, -72.25365448
64.9754868, 8.0, -72.2641296387
65.9483871, 8.0, -72.2759475708
66.9212875, 8.0, -72.2893066406
67.8941956, 8.0, -72.304473877
68.8670959, 8.0, -72.321723938
69.8399963, 8.0, -72.3413925171
70.8129044, 8.0, -72.363861084
71.7858047, 8.0, -72.3895950317
72.7587128, 8.0, -72.4191055298
73.7316132, 8.0, -72.4529571533
74.7045135, 8.0, -72.4916305542
75.6774216, 8.0, -72.5357284546
76.650322, 8.0, -72.586151123
77.6232224, 8.0, -72.6441726685
78.5961304, 8.0, -72.7115097046
79.5690308, 8.0, -72.7898712158
80.5419388, 8.0, -72.8806304932
81.5148392, 8.0, -72.9849472046
82.4877396, 8.0, -73.1041793823
83.4606476, 8.0, -73.2399215698
84.433548, 8.0, -73.3930740356
85.4064484, 8.0, -73.5649719238
86.3793564, 8.0, -73.7606124878
87.3522568, 8.0, -73.9870223999
88.3251648, 8.0, -74.2467651367
89.2980652, 8.0, -74.5393753052
90.2709656, 8.0, -74.8662567139
91.2438736, 8.0, -75.2289505005
92.216774, 8.0, -75.6286392212
93.1896744, 8.0, -76.0658569336
94.1625824, 8.0, -76.5402450562
95.1354828, 8.0, -77.0503768921
96.1083908, 8.0, -77.5936584473
97.0812912, 8.0, -78.1662063599
98.0541916, 8.0, -78.7627487183
99.0270996, 8.0, -79.3765716553
11.4346666, 8.80000019, -73.1650390625
12.3973331, 8.80000019, -73.7141418457
13.3599997, 8.80000019, -74.1732025146
14.3226671, 8.80000019, -74.5619659424
15.2853336, 8.80000019, -74.8925323486
16.2479992, 8.80000019, -75.1868972778
17.2106667, 8.80000019, -75.4560699463
18.1733341, 8.80000019, -75.7024993896
19.1359997, 8.80000019, -75.9284973145
20.0986671, 8.80000019, -76.1362762451
21.0613327, 8.80000019, -76.3275527954
22.0240002, 8.80000019, -76.5035324097
22.9866657, 8.80000019, -76.6651992798
23.9493332, 8.80000019, -76.813835144
24.9120007, 8.80000019, -76.9504394531
25.8746662, 8.80000019, -77.0757446289
26.8373337, 8.80000019, -77.1903381348
27.7999992, 8.80000019, -77.2947540283
28.7626667, 8.80000019, -77.3895339966
29.7253342, 8.80000019, -77.4751968384
30.6879997, 8.80000019, -77.5522994995
31.6506672, 8.80000019, -77.621421814
32.6133347, 8.80000019, -77.6831512451
33.5760002, 8.80000019, -77.7380981445
34.5386658, 8.80000019, -77.7869338989
35.5013351, 8.80000019, -77.8302993774
36.4640007, 8.80000019, -77.8688201904
37.4266663, 8.80000019, -77.9030456543
38.3893318, 8.80000019, -77.9334716797
39.3520012, 8.80000019, -77.9605407715
40.3146667, 8.80000019, -77.9846038818
41.2773323, 8.80000019, -78.0059814453
42.2400017, 8.80000019, -78.0249557495
43.2026672, 8.80000019, -78.041809082
44.1653328, 8.80000019, -78.0568008423
45.1279984, 8.80000019, -78.0701522827
46.0906677, 8.80000019, -78.0820999146
47.0533333, 8.80000019, -78.0928344727
48.0159988, 8.80000019, -78.1025390625
48.9786682, 8.80000019, -78.1113739014
49.9413338, 8.80000019, -78.1194839478
50.9039993, 8.80000019, -78.1270217896
51.8666649, 8.80000019, -78.1341094971
52.8293343, 8.80000019, -78.1408691406
53.7919998, 8.80000019, -78.1474151611
54.7546654, 8.80000019, -78.1538619995
55.7173347, 8.80000019, -78.1603240967
56.6800003, 8.80000019, -78.1669158936
57.6426659, 8.80000019, -78.1737365723
58.6053352, 8.80000019, -78.1809310913
59.5680008, 8.80000019, -78.1885986328
60.5306664, 8.80000019, -78.1968994141
61.4933319, 8.80000019, -78.2059631348
62.4560013, 8.80000019, -78.2159500122
63.4186668, 8.80000019, -78.2270431519
64.3813324, 8.80000019, -78.239440918
65.3440018, 8.80000019, -78.2533569336
66.3066635, 8.80000019, -78.2690429688
67.2693329, 8.80000019, -78.2867889404
68.2320023, 8.80000019, -78.3069076538
69.194664, 8.80000019, -78.3297729492
70.1573334, 8.80000019, -78.3558044434
71.1200027, 8.80000019, -78.3855056763
72.0826645, 8.80000019, -78.4194412231
73.0453339, 8.80000019, -78.4582519531
74.0080032, 8.80000019, -78.5026626587
74.970665, 8.80000019, -78.5534744263
75.9333344, 8.80000019, -78.611618042
76.8960037, 8.80000019, -78.6782073975
77.8586655, 8.80000019, -78.7545776367
78.8213348, 8.80000019, -78.8422470093
79.7839966, 8.80000019, -78.9428253174
80.746666, 8.80000019, -79.0579910278
81.7093353, 8.80000019, -79.1894989014
82.6719971, 8.80000019, -79.339302063
83.6346664, 8.80000019, -79.5093002319
84.5973358, 8.80000019, -79.7008590698
85.5599976, 8.80000019, -79.9017868042
86.5226669, 8.80000019, -80.1311416626
87.4853363, 8.80000019, -80.4161071777
88.447998, 8.80000019, -80.7413101196
89.4106674, 8.80000019, -81.1076126099
90.3733368, 8.80000019, -81.5170135498
91.3359985, 8.80000019, -81.9717941284
92.2986679, 8.80000019, -82.4736709595
93.2613297, 8.80000019, -83.0234603882
94.223999, 8.80000019, -83.6208343506
95.1866684, 8.80000019, -84.2640686035
96.1493301, 8.80000019, -84.9500045776
97.1119995, 8.80000019, -85.6740112305
98.0746689, 8.80000019, -86.4296646118
99.0373306, 8.80000019, -87.2084503174
12.3764305, 9.60000038, -78.5614013672
13.3288603, 9.60000038, -79.0849533081
14.2812901, 9.60000038, -79.5323486328
15.2337208, 9.60000038, -79.8932113647
16.1861496, 9.60000038, -80.2245025635
17.1385803, 9.60000038, -80.5425643921
18.091011, 9.60000038, -80.8383789062
19.0434418, 9.60000038, -81.1121063232
19.9958706, 9.60000038, -81.365524292
20.9483013, 9.60000038, -81.6003265381
21.900732, 9.60000038, -81.8177871704
22.8531609, 9.60000038, -82.0189361572
23.8055916, 9.60000038, -82.2047653198
24.7580223, 9.60000038, -82.3761138916
25.7104511, 9.60000038, -82.5336761475
26.6628819, 9.60000038, -82.6780319214
27.6153126, 9.60000038, -82.8097381592
28.5677414, 9.60000038, -82.9293746948
29.5201721, 9.60000038, -83.0375442505
30.4726028, 9.60000038, -83.1348876953
31.4250317, 9.60000038, -83.2220458984
32.3774605, 9.60000038, -83.2996902466
33.3298912, 9.60000038, -83.368560791
34.2823219, 9.60000038, -83.4295272827
35.2347527, 9.60000038, -83.483543396
36.1871834, 9.60000038, -83.5314865112
37.1396141, 9.60000038, -83.5741271973
38.0920448, 9.60000038, -83.612159729
39.0444717, 9.60000038, -83.6461410522
39.9969025, 9.60000038, -83.6765289307
40.9493332, 9.60000038, -83.7036361694
41.9017639, 9.60000038, -83.7277908325
42.8541946, 9.60000038, -83.7492828369
43.8066254, 9.60000038, -83.7684249878
44.7590523, 9.60000038, -83.7854919434
45.711483, 9.60000038, -83.8007659912
46.6639137, 9.60000038, -83.8144836426
47.6163445, 9.60000038, -83.8268661499
48.5687752, 9.60000038, -83.8381271362
49.5212059, 9.60000038, -83.8484420776
50.4736328, 9.60000038, -83.8579864502
51.4260635, 9.60000038, -83.8669128418
52.3784943, 9.60000038, -83.8753890991
53.330925, 9.60000038, -83.8835449219
54.2833557, 9.60000038, -83.8915176392
55.2357864, 9.60000038, -83.8994445801
56.1882133, 9.60000038, -83.9074630737
57.1406441, 9.60000038, -83.9157028198
58.0930748, 9.60000038, -83.9243164062
59.0455055, 9.60000038, -83.9334335327
59.9979362, 9.60000038, -83.9432220459
60.950367, 9.60000038, -83.9538497925
61.9027939, 9.60000038, -83.9654998779
62.8552246, 9.60000038, -83.9783706665
63.8076553, 9.60000038, -83.9926834106
64.7600861, 9.60000038, -84.0086898804
65.7125168, 9.60000038, -84.0266647339
66.6649475, 9.60000038, -84.0469207764
67.6173782, 9.60000038, -84.0698242188
68.569809, 9.60000038, -84.0957717896
69.5222397, 9.60000038, -84.1252212524
70.4746704, 9.60000038, -84.158706665
71.4270935, 9.60000038, -84.1968383789
72.3795242, 9.60000038, -84.2403106689
73.331955, 9.60000038, -84.2899017334
74.2843857, 9.60000038, -84.346496582
75.2368164, 9.60000038, -84.4111175537
76.1892471, 9.60000038, -84.4849014282
77.1416779, 9.60000038, -84.5691757202
78.0941086, 9.60000038, -84.665473938
79.0465393, 9.60000038, -84.7754898071
79.99897, 9.60000038, -84.9010925293
80.9514008, 9.60000038, -85.0442886353
81.9038315, 9.60000038, -85.2072677612
82.8562546, 9.60000038, -85.3923873901
83.8086853, 9.60000038, -85.6019897461
84.761116, 9.60000038, -85.8368225098
85.7135468, 9.60000038, -86.1006698608
86.6659775, 9.60000038, -86.4028015137
87.6184082, 9.60000038, -86.749961853
88.5708389, 9.60000038, -87.1442947388
89.5232697, 9.60000038, -87.5873641968
90.4757004, 9.60000038, -88.082824707
91.4281311, 9.60000038, -88.6341094971
92.3805618, 9.60000038, -89.2434234619
93.3329926, 9.60000038, -89.9120025635
94.2854156, 9.60000038, -90.6395797729
95.2378464, 9.60000038, -91.4240875244
96.1902771, 9.60000038, -92.2615127563
97.1427078, 9.60000038, -93.1466217041
98.0951385, 9.60000038, -94.0722351074
99.0475693, 9.60000038, -95.0279922485
13.3181934, 10.3999996, -83.7594909668
14.2603874, 10.3999996, -84.2760620117
15.2025805, 10.3999996, -84.7258529663
16.1447735, 10.3999996, -85.1299591064
17.0869675, 10.3999996, -85.5032348633
18.0291615, 10.3999996, -85.8494567871
18.9713554, 10.3999996, -86.1711883545
19.9135475, 10.3999996, -86.4708251953
20.8557415, 10.3999996, -86.7501068115
21.7979355, 10.3999996, -87.0102615356
22.7401295, 10.3999996, -87.252204895
23.6823235, 10.3999996, -87.4767150879
24.6245155, 10.3999996, -87.6844177246
25.5667095, 10.3999996, -87.8758621216
26.5089035, 10.3999996, -88.0515518188
27.4510975, 10.3999996, -88.212020874
28.3932896, 10.3999996, -88.3578643799
29.3354836, 10.3999996, -88.4897689819
30.2776775, 10.3999996, -88.6084365845
31.2198715, 10.3999996, -88.7145767212
32.1620636, 10.3999996, -88.8088607788
33.1042595, 10.3999996, -88.8920516968
34.0464516, 10.3999996, -88.9652252197
34.9886436, 10.3999996, -89.0298156738
35.9308395, 10.3999996, -89.0870437622
36.8730316, 10.3999996, -89.1379547119
37.8152275, 10.3999996, -89.1834640503
38.7574196, 10.3999996, -89.2243652344
39.6996117, 10.3999996, -89.26121521
40.6418076, 10.3999996, -89.2942810059
41.5839996, 10.3999996, -89.3238372803
42.5261917, 10.3999996, -89.3502044678
43.4683876, 10.3999996, -89.3737182617
44.4105797, 10.3999996, -89.3947067261
45.3527756, 10.3999996, -89.4134979248
46.2949677, 10.3999996, -89.4303665161
47.2371597, 10.3999996, -89.4455795288
48.1793556, 10.3999996, -89.4593963623
49.1215477, 10.3999996, -89.4720230103
50.0637436, 10.3999996, -89.4836730957
51.0059357, 10.3999996, -89.4945373535
51.9481277, 10.3999996, -89.5047836304
52.8903236, 10.3999996, -89.5145874023
53.8325157, 10.3999996, -89.5241165161
54.7747078, 10.3999996, -89.5335235596
55.7169037, 10.3999996, -89.5429534912
56.6590958, 10.3999996, -89.5525817871
57.6012917, 10.3999996, -89.5625534058
58.5434837, 10.3999996, -89.5730361938
59.4856758, 10.3999996, -89.5842132568
60.4278717, 10.3999996, -89.5962753296
61.3700638, 10.3999996, -89.6094055176
62.3122597, 10.3999996, -89.623840332
63.2544518, 10.3999996, -89.6398162842
64.1966476, 10.3999996, -89.6576080322
65.1388397, 10.3999996, -89.6775131226
66.0810318, 10.3999996, -89.6998672485
67.0232239, 10.3999996, -89.7250595093
67.965416, 10.3999996, -89.7535095215
68.9076157, 10.3999996, -89.7857208252
69.8498077, 10.3999996, -89.8222351074
70.7919998, 10.3999996, -89.8636932373
71.7341919, 10.3999996, -89.9108123779
72.676384, 10.3999996, -89.9644165039
73.6185837, 10.3999996, -90.025428772
74.5607758, 10.3999996, -90.0949020386
75.5029678, 10.3999996, -90.1740264893
76.4451599, 10.3999996, -90.2641601562
77.387352, 10.3999996, -90.3668212891
78.3295517, 10.3999996, -90.4837493896
79.2717438, 10.3999996, -90.6169967651
80.2139359, 10.3999996, -90.7687072754
81.1561279, 10.3999996, -90.9411773682
82.09832, 10.3999996, -91.1369934082
83.0405197, 10.3999996, -91.3589935303
83.9827118, 10.3999996, -91.6100692749
84.9249039, 10.3999996, -91.893699646
85.8670959, 10.3999996, -92.2148666382
86.809288, 10.3999996, -92.5794448853
87.7514801, 10.3999996, -92.9925308228
88.6936798, 10.3999996, -93.4569778442
89.6358719, 10.3999996, -93.9771957397
90.578064, 10.3999996, -94.5598220825
91.520256, 10.3999996, -95.2111282349
92.4624481, 10.3999996, -95.9317398071
93.4046478, 10.3999996, -96.7231063843
94.3468399, 10.3999996, -97.5858306885
95.289032, 10.3999996, -98.5182647705
96.2312241, 10.3999996, -99.5165634155
97.1734161, 10.3999996, -100.570396423
98.1156158, 10.3999996, -101.681533813
99.0578079, 10.3999996, -102.830230713
14.2599573, 11.1999998, -88.9430770874
15.1919136, 11.1999998, -89.4626922607
16.1238708, 11.1999998, -89.9288635254
17.0558281, 11.1999998, -90.3543777466
17.9877853, 11.1999998, -90.7480392456
18.9197426, 11.1999998, -91.1157836914
19.8516998, 11.1999998, -91.4606552124
20.7836552, 11.1999998, -91.7840805054
21.7156124, 11.1999998, -92.0870437622
22.6475697, 11.1999998, -92.3701858521
23.5795269, 11.1999998, -92.6339950562
24.5114841, 11.1999998, -92.8788375854
25.4434414, 11.1999998, -93.1050186157
26.3753986, 11.1999998, -93.3128967285
27.307354, 11.1999998, -93.5029220581
28.2393112, 11.1999998, -93.6756896973
29.1712685, 11.1999998, -93.8319168091
30.1032257, 11.1999998, -93.9724121094
31.035183, 11.1999998, -94.0979537964
31.9671402, 11.1999998, -94.2091293335
32.8990974, 11.1999998, -94.306388855
33.8310547, 11.1999998, -94.3908309937
34.7630119, 11.1999998, -94.464881897
35.6949692, 11.1999998, -94.5303192139
36.6269264, 11.1999998, -94.5885009766
37.5588799, 11.1999998, -94.6405944824
38.4908371, 11.1999998, -94.6877288818
39.4227943, 11.1999998, -94.7308273315
40.3547516, 11.1999998, -94.7698059082
41.2867088, 11.1999998, -94.8048019409
42.2186661, 11.1999998, -94.8361053467
43.1506233, 11.1999998, -94.8640670776
44.0825806, 11.1999998, -94.8890533447
45.0145378, 11.1999998, -94.9114303589
45.9464951, 11.1999998, -94.9315338135
46.8784523, 11.1999998, -94.9496536255
47.8104095, 11.1999998, -94.9660797119
48.7423668, 11.1999998, -94.9810791016
49.674324, 11.1999998, -94.9948730469
50.6062813, 11.1999998, -95.0076904297
51.5382347, 11.1999998, -95.0197372437
52.470192, 11.1999998, -95.0312042236
53.4021492, 11.1999998, -95.0422821045
54.3341064, 11.1999998, -95.0531387329
55.2660637, 11.1999998, -95.063949585
56.1980209, 11.1999998, -95.0748977661
57.1299782, 11.1999998, -95.0861587524
58.0619354, 11.1999998, -95.0979156494
58.9938927, 11.1999998, -95.1103591919
59.9258499, 11.1999998, -95.1236877441
60.8578072, 11.1999998, -95.138130188
61.7897644, 11.1999998, -95.1539077759
62.7217216, 11.1999998, -95.171295166
63.6536789, 11.1999998, -95.1905670166
64.5856323, 11.1999998, -95.2120437622
65.5175934, 11.1999998, -95.2360839844
66.4495468, 11.1999998, -95.2630844116
67.3815079, 11.1999998, -95.2934875488
68.3134613, 11.1999998, -95.3278045654
69.2454224, 11.1999998, -95.366607666
70.1773758, 11.1999998, -95.4105453491
71.1093369, 11.1999998, -95.4603500366
72.0412903, 11.1999998, -95.5168685913
72.9732437, 11.1999998, -95.5810317993
73.9052048, 11.1999998, -95.6539154053
74.8371582, 11.1999998, -95.7367248535
75.7691193, 11.1999998, -95.8308105469
76.7010727, 11.1999998, -95.937713623
77.6330338, 11.1999998, -96.0591583252
78.5649872, 11.1999998, -96.1970596313
79.4969482, 11.1999998, -96.3536071777
80.4289017, 11.1999998, -96.5312805176
81.3608627, 11.1999998, -96.7328033447
82.2928162, 11.1999998, -96.9611587524
83.2247772, 11.1999998, -97.2197113037
84.1567307, 11.1999998, -97.5122299194
85.0886917, 11.1999998, -97.843208313
86.0206451, 11.1999998, -98.2178268433
86.9525986, 11.1999998, -98.6415710449
87.8845596, 11.1999998, -99.1194534302
88.8165131, 11.1999998, -99.6558151245
89.7484741, 11.1999998, -100.242134094
90.6804276, 11.1999998, -100.917945862
91.6123886, 11.1999998, -101.673225403
92.544342, 11.1999998, -102.510498047
93.4763031, 11.1999998, -103.431625366
94.4082565, 11.1999998, -104.438026428
95.3402176, 11.1999998, -105.529220581
96.272171, 11.1999998, -106.701263428
97.2041321, 11.1999998, -107.947944641
98.1360855, 11.1999998, -109.258071899
99.0680466, 11.1999998, -110.615478516
15.2017202, 12.0, -94.1001358032
16.1234417, 12.0, -94.6179351807
17.0451622, 12.0, -95.0883407593
17.9668808, 12.0, -95.5239562988
18.8886013, 12.0, -95.9348754883
19.8103218, 12.0, -96.3224487305
20.7320423, 12.0, -96.6879196167
21.6537628, 12.0, -97.0322723389
22.5754833, 12.0, -97.3556289673
23.4972038, 12.0, -97.6581344604
24.4189243, 12.0, -97.9397735596
25.3406448, 12.0, -98.2005157471
26.2623653, 12.0, -98.4404678345
27.1840858, 12.0, -98.6599273682
28.1058064, 12.0, -98.8594512939
29.0275269, 12.0, -99.0398101807
29.9492474, 12.0, -99.2018737793
30.8709679, 12.0, -99.3465499878
31.7926884, 12.0, -99.4744873047
32.7144089, 12.0, -99.5851287842
33.6361275, 12.0, -99.6780776978
34.5578499, 12.0, -99.7588729858
35.4795685, 12.0, -99.8300476074
36.4012909, 12.0, -99.8932418823
37.3230095, 12.0, -99.9498138428
38.2447319, 12.0, -100.001274109
39.1664505, 12.0, -100.050270081
40.0881729, 12.0, -100.09500885
41.0098915, 12.0, -100.135368347
41.9316139, 12.0, -100.171585083
42.8533325, 12.0, -100.20401001
43.7750549, 12.0, -100.233024597
44.6967735, 12.0, -100.259033203
45.6184959, 12.0, -100.282402039
46.5402145, 12.0, -100.303466797
47.461937, 12.0, -100.322555542
48.3836555, 12.0, -100.339950562
49.305378, 12.0, -100.355926514
50.2270966, 12.0, -100.370727539
51.148819, 12.0, -100.38458252
52.0705376, 12.0, -100.397720337
52.9922562, 12.0, -100.410331726
53.9139786, 12.0, -100.422622681
54.8356972, 12.0, -100.434791565
55.7574196, 12.0, -100.447029114
56.6791382, 12.0, -100.459526062
57.6008606, 12.0, -100.472473145
58.5225792, 12.0, -100.486091614
59.4443016, 12.0, -100.500579834
60.3660202, 12.0, -100.516181946
61.2877426, 12.0, -100.533149719
62.2094612, 12.0, -100.551734924
63.1311836, 12.0, -100.572257996
64.0529022, 12.0, -100.595031738
64.9746246, 12.0, -100.620437622
65.896347, 12.0, -100.648864746
66.8180618, 12.0, -100.680793762
67.7397842, 12.0, -100.716720581
68.6615067, 12.0, -100.757240295
69.5832291, 12.0, -100.803009033
70.5049438, 12.0, -100.854759216
71.4266663, 12.0, -100.913345337
72.3483887, 12.0, -100.979698181
73.2701111, 12.0, -101.054893494
74.1918259, 12.0, -101.140144348
75.1135483, 12.0, -101.236801147
76.0352707, 12.0, -101.346389771
76.9569855, 12.0, -101.470626831
77.8787079, 12.0, -101.611434937
78.8004303, 12.0, -101.770950317
79.7221527, 12.0, -101.951461792
80.6438675, 12.0, -102.155723572
81.5655899, 12.0, -102.386909485
82.4873123, 12.0, -102.648429871
83.4090347, 12.0, -102.944114685
84.3307495, 12.0, -103.278427124
85.2524719, 12.0, -103.656547546
86.1741943, 12.0, -104.084197998
87.0959167, 12.0, -104.567276001
88.0176315, 12.0, -105.111495972
88.9393539, 12.0, -105.721282959
89.8610764, 12.0, -106.406410217
90.7827988, 12.0, -107.176208496
91.7045135, 12.0, -108.037315369
92.626236, 12.0, -108.993591309
93.5479584, 12.0, -110.04901123
94.4696808, 12.0, -111.206069946
95.3913956, 12.0, -112.464904785
96.313118, 12.0, -113.82244873
97.2348404, 12.0, -115.270874023
98.1565628, 12.0, -116.797111511
99.0782776, 12.0, -118.380661011
16.1434841, 12.8000002, -99.1716690063
17.0549679, 12.8000002, -99.6742324829
17.9664516, 12.8000002, -100.141571045
18.8779354, 12.8000002, -100.594955444
19.7894192, 12.8000002, -101.026756287
20.7009029, 12.8000002, -101.435829163
21.6123867, 12.8000002, -101.822319031
22.5238705, 12.8000002, -102.186813354
23.4353542, 12.8000002, -102.529159546
24.346838, 12.8000002, -102.848861694
25.2583218, 12.8000002, -103.145393372
26.1698055, 12.8000002, -103.418487549
27.0812912, 12.8000002, -103.668251038
27.992775, 12.8000002, -103.895179749
28.9042587, 12.8000002, -104.100082397
29.8157425, 12.8000002, -104.283935547
30.7272263, 12.8000002, -104.447822571
31.63871, 12.8000002, -104.592834473
32.5501938, 12.8000002, -104.719932556
33.4616776, 12.8000002, -104.830375671
34.3731613, 12.8000002, -104.926948547
35.2846451, 12.8000002, -105.012138367
36.1961288, 12.8000002, -105.087791443
37.1076126, 12.8000002, -105.15536499
38.0190964, 12.8000002, -105.21622467
38.9305801, 12.8000002, -105.271774292
39.8420639, 12.8000002, -105.322303772
40.7535477, 12.8000002, -105.367904663
41.6650314, 12.8000002, -105.408874512
42.5765152, 12.8000002, -105.445594788
43.487999, 12.8000002, -105.478507996
44.3994827, 12.8000002, -105.508018494
45.3109665, 12.8000002, -105.534553528
46.2224503, 12.8000002, -105.55847168
47.133934, 12.8000002, -105.580123901
48.0454178, 12.8000002, -105.599845886
48.9569016, 12.8000002, -105.617927551
49.8683853, 12.8000002, -105.634635925
50.7798691, 12.8000002, -105.650230408
51.6913567, 12.8000002, -105.664955139
52.6028404, 12.8000002, -105.679031372
53.5143242, 12.8000002, -105.692672729
54.425808, 12.8000002, -105.706100464
55.3372917, 12.8000002, -105.719512939
56.2487755, 12.8000002, -105.73311615
57.1602592, 12.8000002, -105.747131348
58.071743, 12.8000002, -105.761756897
58.9832268, 12.8000002, -105.777236938
59.8947105, 12.8000002, -105.793792725
60.8061943, 12.8000002, -105.811698914
61.7176781, 12.8000002, -105.831230164
62.6291618, 12.8000002, -105.852684021
63.5406456, 12.8000002, -105.876396179
64.4521255, 12.8000002, -105.902748108
65.3636093, 12.8000002, -105.932144165
66.2750931, 12.8000002, -105.965057373
67.1865768, 12.8000002, -106.001991272
68.0980682, 12.8000002, -106.043533325
69.009552, 12.8000002, -106.090332031
69.9210358, 12.8000002, -106.143135071
70.8325195, 12.8000002, -106.202766418
71.7440033, 12.8000002, -106.27015686
72.6554871, 12.8000002, -106.346374512
73.5669708, 12.8000002, -106.432601929
74.4784546, 12.8000002, -106.530174255
75.3899384, 12.8000002, -106.640602112
76.3014221, 12.8000002, -106.765563965
77.2129059, 12.8000002, -106.906959534
78.1243896, 12.8000002, -107.06690979
79.0358734, 12.8000002, -107.247779846
79.9473572, 12.8000002, -107.452232361
80.8588409, 12.8000002, -107.683296204
81.7703247, 12.8000002, -107.944366455
82.6818085, 12.8000002, -108.239173889
83.5932922, 12.8000002, -108.571922302
84.504776, 12.8000002, -108.947601318
85.4162598, 12.8000002, -109.372314453
86.3277435, 12.8000002, -109.852676392
87.2392273, 12.8000002, -110.395294189
88.1507111, 12.8000002, -111.006523132
89.0621948, 12.8000002, -111.693748474
89.9736786, 12.8000002, -112.465538025
90.8851624, 12.8000002, -113.330886841
91.7966461, 12.8000002, -114.29776001
92.7081299, 12.8000002, -115.373725891
93.6196136, 12.8000002, -116.566184998
94.5310974, 12.8000002, -117.877998352
95.4425812, 12.8000002, -119.310844421
96.3540649, 12.8000002, -120.860221863
97.2655487, 12.8000002, -122.525909424
98.1770325, 12.8000002, -124.287406921
99.0885162, 12.8000002, -126.121757507
17.085247, 13.6000004, -104.139457703
17.9864941, 13.6000004, -104.663032532
18.8877411, 13.6000004, -105.162811279
19.78899, 13.6000004, -105.639175415
20.690237, 13.6000004, -106.092033386
21.5914841, 13.6000004, -106.522087097
22.4927311, 13.6000004, -106.929634094
23.3939781, 13.6000004, -107.313980103
24.2952251, 13.6000004, -107.673873901
25.1964722, 13.6000004, -108.008110046
26.0977211, 13.6000004, -108.315925598
26.9989681, 13.6000004, -108.597190857
27.9002151, 13.6000004, -108.852409363
28.8014622, 13.6000004, -109.082481384
29.7027092, 13.6000004, -109.288528442
30.6039562, 13.6000004, -109.471817017
31.5052052, 13.6000004, -109.633789062
32.4064522, 13.6000004, -109.776290894
33.3076973, 13.6000004, -109.901397705
34.2089462, 13.6000004, -110.011535645
35.1101952, 13.6000004, -110.109039307
36.0114403, 13.6000004, -110.195800781
36.9126892, 13.6000004, -110.273254395
37.8139343, 13.6000004, -110.342658997
38.7151833, 13.6000004, -110.405151367
39.6164284, 13.6000004, -110.461471558
40.5176773, 13.6000004, -110.512145996
41.4189262, 13.6000004, -110.557640076
42.3201714, 13.6000004, -110.598434448
43.2214203, 13.6000004, -110.635009766
44.1226654, 13.6000004, -110.667831421
45.0239143, 13.6000004, -110.697341919
45.9251595, 13.6000004, -110.723945618
46.8264084, 13.6000004, -110.748039246
47.7276573, 13.6000004, -110.769950867
48.6289024, 13.6000004, -110.790016174
49.5301514, 13.6000004, -110.808525085
50.4313965, 13.6000004, -110.825752258
51.3326454, 13.6000004, -110.841957092
52.2338943, 13.6000004, -110.857391357
53.1351395, 13.6000004, -110.872283936
54.0363884, 13.6000004, -110.886863708
54.9376335, 13.6000004, -110.90133667
55.8388824, 13.6000004, -110.915931702
56.7401276, 13.6000004, -110.930870056
57.6413765, 13.6000004, -110.946365356
58.5426254, 13.6000004, -110.962661743
59.4438705, 13.6000004, -110.979995728
60.3451195, 13.6000004, -110.998634338
61.2463646, 13.6000004, -111.018859863
62.1476135, 13.6000004, -111.040977478
63.0488586, 13.6000004, -111.065322876
63.9501076, 13.6000004, -111.092277527
64.8513565, 13.6000004, -111.122238159
65.7526016, 13.6000004, -111.155677795
66.6538467, 13.6000004, -111.193092346
67.5550995, 13.6000004, -111.235076904
68.4563446, 13.6000004, -111.282249451
69.3575897, 13.6000004, -111.335350037
70.2588425, 13.6000004, -111.395187378
71.1600876, 13.6000004, -111.462677002
72.0613327, 13.6000004, -111.538841248
72.9625778, 13.6000004, -111.624832153
73.8638306, 13.6000004, -111.721969604
74.7650757, 13.6000004, -111.831695557
75.6663208, 13.6000004, -111.955665588
76.5675735, 13.6000004, -112.095718384
77.4688187, 13.6000004, -112.253913879
78.3700638, 13.6000004, -112.432571411
79.2713089, 13.6000004, -112.634277344
80.1725616, 13.6000004, -112.861946106
81.0738068, 13.6000004, -113.11882019
81.9750519, 13.6000004, -113.408630371
82.8763046, 13.6000004, -113.735473633
83.7775497, 13.6000004, -114.103126526
84.6787949, 13.6000004, -114.517410278
85.58004, 13.6000004, -114.985733032
86.4812927, 13.6000004, -115.516914368
87.3825378, 13.6000004, -116.11706543
88.283783, 13.6000004, -116.793479919
89.1850357, 13.6000004, -117.554405212
90.0862808, 13.6000004, -118.408546448
90.9875259, 13.6000004, -119.365653992
91.8887711, 13.6000004, -120.429893494
92.7900238, 13.6000004, -121.627182007
93.6912689, 13.6000004, -122.958503723
94.592514, 13.6000004, -124.430221558
95.4937668, 13.6000004, -126.045631409
96.3950119, 13.6000004, -127.805587769
97.296257, 13.6000004, -129.703491211
98.1975021, 13.6000004, -131.721954346
99.0987549, 13.6000004, -133.832885742
18.02701, 14.3999996, -109.110168457
18.9180222, 14.3999996, -109.656997681
19.8090324, 14.3999996, -110.176963806
20.7000427, 14.3999996, -110.672401428
21.591053, 14.3999996, -111.145217896
22.4820652, 14.3999996, -111.595939636
23.3730755, 14.3999996, -112.022949219
24.2640858, 14.3999996, -112.423828125
25.1550961, 14.3999996, -112.796325684
26.0461082, 14.3999996, -113.139030457
26.9371185, 14.3999996, -113.451530457
27.8281288, 14.3999996, -113.734458923
28.7191391, 14.3999996, -113.988990784
29.6101513, 14.3999996, -114.216407776
30.5011616, 14.3999996, -114.418037415
31.3921719, 14.3999996, -114.595352173
32.2831841, 14.3999996, -114.751098633
33.1741943, 14.3999996, -114.888160706
34.0652046, 14.3999996, -115.009246826
34.9562149, 14.3999996, -115.116836548
35.8472252, 14.3999996, -115.213027954
36.7382355, 14.3999996, -115.298995972
37.6292458, 14.3999996, -115.375892639
38.5202599, 14.3999996, -115.444770813
39.4112701, 14.3999996, -115.506546021
40.3022804, 14.3999996, -115.561950684
41.1932907, 14.3999996, -115.611625671
42.084301, 14.3999996, -115.656150818
42.9753113, 14.3999996, -115.696083069
43.8663216, 14.3999996, -115.731925964
44.7573318, 14.3999996, -115.764167786
45.6483459, 14.3999996, -115.793243408
46.5393562, 14.3999996, -115.81955719
47.4303665, 14.3999996, -115.843482971
48.3213768, 14.3999996, -115.865364075
49.2123871, 14.3999996, -115.885520935
50.1033974, 14.3999996, -115.904243469
50.9944077, 14.3999996, -115.921806335
51.8854179, 14.3999996, -115.938468933
52.7764282, 14.3999996, -115.954483032
53.6674423, 14.3999996, -115.970085144
54.5584526, 14.3999996, -115.98550415
55.4494629, 14.3999996, -116.000961304
56.3404732, 14.3999996, -116.016685486
57.2314835, 14.3999996, -116.032913208
58.1224937, 14.3999996, -116.049873352
59.013504, 14.3999996, -116.067810059
59.9045143, 14.3999996, -116.086997986
60.7955284, 14.3999996, -116.107704163
61.6865387, 14.3999996, -116.130256653
62.577549, 14.3999996, -116.154968262
63.4685593, 14.3999996, -116.182220459
64.3595734, 14.3999996, -116.212417603
65.2505798, 14.3999996, -116.246002197
66.1415939, 14.3999996, -116.283485413
67.0326004, 14.3999996, -116.325416565
67.9236145, 14.3999996, -116.372428894
68.814621, 14.3999996, -116.425224304
69.7056351, 14.3999996, -116.484580994
70.5966415, 14.3999996, -116.551383972
71.4876556, 14.3999996, -116.626625061
72.3786697, 14.3999996, -116.711425781
73.2696762, 14.3999996, -116.807022095
74.1606903, 14.3999996, -116.914840698
75.0516968, 14.3999996, -117.036437988
75.9427109, 14.3999996, -117.173591614
76.8337173, 14.3999996, -117.328292847
77.7247314, 14.3999996, -117.502761841
78.6157455, 14.3999996, -117.699478149
79.506752, 14.3999996, -117.921226501
80.3977661, 14.3999996, -118.171104431
81.2887726, 14.3999996, -118.452484131
82.1797867, 14.3999996, -118.769065857
83.0707932, 14.3999996, -119.124977112
83.9618073, 14.3999996, -119.523445129
84.8528137, 14.3999996, -119.966178894
85.7438278, 14.3999996, -120.476997375
86.6348419, 14.3999996, -121.056671143
87.5258484, 14.3999996, -121.711593628
88.4168625, 14.3999996, -122.44985199
89.307869, 14.3999996, -123.280609131
90.1988831, 14.3999996, -124.21395874
91.0898895, 14.3999996, -125.260055542
91.9809036, 14.3999996, -126.433799744
92.8719177, 14.3999996, -127.749397278
93.7629242, 14.3999996, -129.218673706
94.6539383, 14.3999996, -130.851669312
95.5449448, 14.3999996, -132.656341553
96.4359589, 14.3999996, -134.635513306
97.3269653, 14.3999996, -136.784362793
98.2179794, 14.3999996, -139.086074829
99.1089859, 14.3999996, -141.506195068
18.9687748, 15.1999998, -114.076148987
19.8495483, 15.1999998, -114.637107849
20.7303219, 15.1999998, -115.172920227
21.6110973, 15.1999998, -115.687446594
22.4918709, 15.1999998, -116.182182312
23.3726444, 15.1999998, -116.6534729
24.2534199, 15.1999998, -117.096870422
25.1341934, 15.1999998, -117.508628845
26.014967, 15.1999998, -117.88646698
26.8957424, 15.1999998, -118.229721069
27.776516, 15.1999998, -118.538948059
28.6572895, 15.1999998, -118.815696716
29.538065, 15.1999998, -119.062141418
30.4188385, 15.1999998, -119.279953003
31.299612, 15.1999998, -119.469169617
32.1803856, 15.1999998, -119.634391785
33.061161, 15.1999998, -119.779685974
33.9419365, 15.1999998, -119.908233643
34.8227081, 15.1999998, -120.023155212
35.7034836, 15.1999998, -120.127166748
36.584259, 15.1999998, -120.220291138
37.4650307, 15.1999998, -120.303512573
38.3458061, 15.1999998, -120.37789917
39.2265816, 15.1999998, -120.444442749
40.1073532, 15.1999998, -120.503997803
40.9881287, 15.1999998, -120.5573349
41.8689041, 15.1999998, -120.605125427
42.7496758, 15.1999998, -120.647979736
43.6304512, 15.1999998, -120.686462402
44.5112267, 15.1999998, -120.721084595
45.3919983, 15.1999998, -120.752311707
46.2727737, 15.1999998, -120.780570984
47.1535492, 15.1999998, -120.806259155
48.0343208, 15.1999998, -120.829734802
48.9150963, 15.1999998, -120.851325989
49.7958717, 15.1999998, -120.871353149
50.6766434, 15.1999998, -120.890098572
51.5574188, 15.1999998, -120.907829285
52.4381943, 15.1999998, -120.924804688
53.3189659, 15.1999998, -120.94128418
54.1997414, 15.1999998, -120.957489014
55.0805168, 15.1999998, -120.973670959
55.9612885, 15.1999998, -120.99004364
56.8420639, 15.1999998, -121.006851196
57.7228394, 15.1999998, -121.02432251
58.6036148, 15.1999998, -121.042701721
59.4843864, 15.1999998, -121.062255859
60.3651619, 15.1999998, -121.083267212
61.2459373, 15.1999998, -121.106033325
62.126709, 15.1999998, -121.130882263
63.0074844, 15.1999998, -121.158172607
63.8882599, 15.1999998, -121.188308716
64.7690353, 15.1999998, -121.221717834
65.6498032, 15.1999998, -121.258895874
66.5305786, 15.1999998, -121.300369263
67.4113541, 15.1999998, -121.346755981
68.2921295, 15.1999998, -121.398719788
69.172905, 15.1999998, -121.457023621
70.0536804, 15.1999998, -121.522506714
70.9344482, 15.1999998, -121.596107483
71.8152237, 15.1999998, -121.678901672
72.6959991, 15.1999998, -121.772079468
73.5767746, 15.1999998, -121.876976013
74.45755, 15.1999998, -121.99508667
75.3383255, 15.1999998, -122.128089905
76.2190933, 15.1999998, -122.277885437
77.0998688, 15.1999998, -122.44657135
77.9806442, 15.1999998, -122.636520386
78.8614197, 15.1999998, -122.850364685
79.7421951, 15.1999998, -123.091056824
80.6229706, 15.1999998, -123.361824036
81.5037384, 15.1999998, -123.666221619
82.3845139, 15.1999998, -124.008033752
83.2652893, 15.1999998, -124.391365051
84.1460648, 15.1999998, -124.821556091
85.0268402, 15.1999998, -125.307670593
85.9076157, 15.1999998, -125.859077454
86.7883835, 15.1999998, -126.483612061
87.6691589, 15.1999998, -127.188835144
88.5499344, 15.1999998, -127.98374176
89.4307098, 15.1999998, -128.878662109
90.3114853, 15.1999998, -129.885360718
91.1922607, 15.1999998, -131.017730713
92.0730286, 15.1999998, -132.291290283
92.953804, 15.1999998, -133.721832275
93.8345795, 15.1999998, -135.325042725
94.7153549, 15.1999998, -137.117752075
95.5961304, 15.1999998, -139.115188599
96.4769058, 15.1999998, -141.322387695
97.3576736, 15.1999998, -143.742477417
98.2384491, 15.1999998, -146.35723877
99.1192245, 15.1999998, -149.12928772
19.9105377, 16.0, -119.012054443
20.7810745, 16.0, -119.58152771
21.6516132, 16.0, -120.134872437
22.52215, 16.0, -120.675933838
23.3926888, 16.0, -121.194450378
24.2632256, 16.0, -121.682807922
25.1337643, 16.0, -122.135131836
26.0043011, 16.0, -122.548233032
26.8748379, 16.0, -122.921470642
27.7453766, 16.0, -123.255996704
28.6159134, 16.0, -123.554016113
29.4864521, 16.0, -123.818138123
30.3569889, 16.0, -124.051086426
31.2275276, 16.0, -124.255500793
32.0980644, 16.0, -124.434913635
32.9686012, 16.0, -124.59287262
33.839138, 16.0, -124.732505798
34.7096786, 16.0, -124.856613159
35.5802155, 16.0, -124.967536926
36.4507523, 16.0, -125.066650391
37.3212891, 16.0, -125.155082703
38.1918297, 16.0, -125.233985901
39.0623665, 16.0, -125.304443359
39.9329033, 16.0, -125.367416382
40.8034401, 16.0, -125.42375946
41.6739769, 16.0, -125.474220276
42.5445175, 16.0, -125.519470215
43.4150543, 16.0, -125.560112
44.2855911, 16.0, -125.596672058
45.1561279, 16.0, -125.62966156
46.0266685, 16.0, -125.659515381
46.8972054, 16.0, -125.686645508
47.7677422, 16.0, -125.711425781
48.638279, 16.0, -125.734199524
49.5088158, 16.0, -125.75528717
50.3793564, 16.0, -125.774978638
51.2498932, 16.0, -125.793571472
52.12043, 16.0, -125.811317444
52.9909668, 16.0, -125.828475952
53.8615036, 16.0, -125.845291138
54.7320442, 16.0, -125.862014771
55.602581, 16.0, -125.878868103
56.4731178, 16.0, -125.896072388
57.3436546, 16.0, -125.913879395
58.2141953, 16.0, -125.932510376
59.0847321, 16.0, -125.95223999
59.9552689, 16.0, -125.973327637
60.8258057, 16.0, -125.996078491
61.6963425, 16.0, -126.020805359
62.5668831, 16.0, -126.047866821
63.4374199, 16.0, -126.077629089
64.3079605, 16.0, -126.110519409
65.1784973, 16.0, -126.147010803
66.0490341, 16.0, -126.18762207
66.9195709, 16.0, -126.232910156
67.7901077, 16.0, -126.283531189
68.6606445, 16.0, -126.340202332
69.5311813, 16.0, -126.403717041
70.4017181, 16.0, -126.474975586
71.2722549, 16.0, -126.554977417
72.1427994, 16.0, -126.644844055
73.0133362, 16.0, -126.74584198
73.883873, 16.0, -126.859375
74.7544098, 16.0, -126.9870224
75.6249466, 16.0, -127.130561829
76.4954834, 16.0, -127.291969299
77.3660202, 16.0, -127.473464966
78.236557, 16.0, -127.67754364
79.1070938, 16.0, -127.906974792
79.9776306, 16.0, -128.164840698
80.848175, 16.0, -128.454544067
81.7187119, 16.0, -128.779800415
82.5892487, 16.0, -129.144805908
83.4597855, 16.0, -129.554580688
84.3303223, 16.0, -130.01574707
85.2008591, 16.0, -130.536300659
86.0713959, 16.0, -131.124771118
86.9419327, 16.0, -131.789703369
87.8124695, 16.0, -132.540023804
88.6830139, 16.0, -133.3855896
89.5535507, 16.0, -134.337814331
90.4240875, 16.0, -135.410171509
91.2946243, 16.0, -136.619140625
92.1651611, 16.0, -137.983428955
93.0356979, 16.0, -139.521591187
93.9062347, 16.0, -141.25012207
94.7767715, 16.0, -143.19883728
95.6473083, 16.0, -145.386795044
96.5178528, 16.0, -147.832870483
97.3883896, 16.0, -150.544113159
98.2589264, 16.0, -153.509384155
99.1294632, 16.0, -156.686279297
20.8523006, 16.7999992, -123.915138245
21.7126026, 16.7999992, -124.521858215
22.5729027, 16.7999992, -125.114830017
23.4332047, 16.7999992, -125.685325623
24.2935047, 16.7999992, -126.221748352
25.1538067, 16.7999992, -126.715538025
26.0141068, 16.7999992, -127.162857056
26.8744087, 16.7999992, -127.56375885
27.7347088, 16.7999992, -127.920623779
28.5950108, 16.7999992, -128.236923218
29.4553127, 16.7999992, -128.516433716
30.3156128, 16.7999992, -128.762832642
31.1759148, 16.7999992, -128.979644775
32.0362167, 16.7999992, -129.170425415
32.8965149, 16.7999992, -129.338546753
33.7568169, 16.7999992, -129.487075806
34.6171188, 16.7999992, -129.618667603
35.4774208, 16.7999992, -129.735534668
36.337719, 16.7999992, -129.839416504
37.1980209, 16.7999992, -129.93182373
38.0583229, 16.7999992, -130.01411438
38.9186249, 16.7999992, -130.087493896
39.778923, 16.7999992, -130.153015137
40.639225, 16.7999992, -130.211593628
41.499527, 16.7999992, -130.264053345
42.3598289, 16.7999992, -130.311080933
43.2201309, 16.7999992, -130.353317261
44.0804291, 16.7999992, -130.391342163
44.940731, 16.7999992, -130.425643921
45.801033, 16.7999992, -130.456695557
46.661335, 16.7999992, -130.484909058
47.5216331, 16.7999992, -130.510681152
48.3819351, 16.7999992, -130.534332275
49.2422371, 16.7999992, -130.556213379
50.1025391, 16.7999992, -130.57661438
50.9628372, 16.7999992, -130.595825195
51.8231392, 16.7999992, -130.614120483
52.6834412, 16.7999992, -130.631759644
53.5437431, 16.7999992, -130.649002075
54.4040413, 16.7999992, -130.66607666
55.2643433, 16.7999992, -130.683227539
56.1246452, 16.7999992, -130.700683594
56.9849472, 16.7999992, -130.718643188
57.8452492, 16.7999992, -130.737365723
58.7055473, 16.7999992, -130.757095337
59.5658493, 16.7999992, -130.778076172
60.4261513, 16.7999992, -130.800628662
61.2864532, 16.7999992, -130.825027466
62.1467514, 16.7999992, -130.851608276
63.0070534, 16.7999992, -130.880752563
63.8673553, 16.7999992, -130.912872314
64.7276535, 16.7999992, -130.948379517
65.5879593, 16.7999992, -130.98777771
66.4482574, 16.7999992, -131.031616211
67.3085556, 16.7999992, -131.080505371
68.1688614, 16.7999992, -131.135101318
69.0291595, 16.7999992, -131.196182251
69.8894653, 16.7999992, -131.264556885
70.7497635, 16.7999992, -131.341171265
71.6100616, 16.7999992, -131.427108765
72.4703674, 16.7999992, -131.523498535
73.3306656, 16.7999992, -131.63168335
74.1909714, 16.7999992, -131.753112793
75.0512695, 16.7999992, -131.889450073
75.9115677, 16.7999992, -132.042526245
76.7718735, 16.7999992, -132.214416504
77.6321716, 16.7999992, -132.407409668
78.4924698, 16.7999992, -132.62411499
79.3527756, 16.7999992, -132.867431641
80.2130737, 16.7999992, -133.140594482
81.0733795, 16.7999992, -133.44708252
81.9336777, 16.7999992, -133.790847778
82.7939758, 16.7999992, -134.176177979
83.6542816, 16.7999992, -134.608444214
84.5145798, 16.7999992, -135.094711304
85.3748779, 16.7999992, -135.6434021
86.2351837, 16.7999992, -136.263397217
87.0954819, 16.7999992, -136.963058472
87.9557877, 16.7999992, -137.752334595
88.8160858, 16.7999992, -138.641860962
89.676384, 16.7999992, -139.642105103
90.5366898, 16.7999992, -140.770523071
91.3969879, 16.7999992, -142.047943115
92.2572937, 16.7999992, -143.491592407
93.1175919, 16.7999992, -145.124237061
93.97789, 16.7999992, -146.972610474
94.8381958, 16.7999992, -149.065444946
95.698494, 16.7999992, -151.435546875
96.5587921, 16.7999992, -154.116638184
97.4190979, 16.7999992, -157.133895874
98.2793961, 16.7999992, -160.492401123
99.1397018, 16.7999992, -164.149749756
21.7940636, 17.6000004, -128.852249146
22.6441288, 17.6000004, -129.505218506
23.494194, 17.6000004, -130.135681152
24.3442574, 17.6000004, -130.725280762
25.1943226, 17.6000004, -131.261520386
26.0443878, 17.6000004, -131.740997314
26.8944511, 17.6000004, -132.165847778
27.7445164, 17.6000004, -132.540756226
28.5945797, 17.6000004, -132.871032715
29.4446449, 17.6000004, -133.161834717
30.2947102, 17.6000004, -133.417816162
31.1447735, 17.6000004, -133.643127441
31.9948387, 17.6000004, -133.841567993
32.844902, 17.6000004, -134.016540527
33.6949692, 17.6000004, -134.171096802
34.5450325, 17.6000004, -134.307785034
35.3950958, 17.6000004, -134.428756714
36.245163, 17.6000004, -134.535797119
37.0952263, 17.6000004, -134.630706787
37.9452896, 17.6000004, -134.715042114
38.7953529, 17.6000004, -134.790176392
39.6454201, 17.6000004, -134.857208252
40.4954834, 17.6000004, -134.917129517
41.3455467, 17.6000004, -134.97076416
42.1956139, 17.6000004, -135.018859863
43.0456772, 17.6000004, -135.062088013
43.8957405, 17.6000004, -135.100997925
44.7458076, 17.6000004, -135.136108398
45.595871, 17.6000004, -135.167907715
46.4459343, 17.6000004, -135.196807861
47.2960014, 17.6000004, -135.223175049
48.1460648, 17.6000004, -135.247390747
48.9961281, 17.6000004, -135.269744873
49.8461952, 17.6000004, -135.29057312
50.6962585, 17.6000004, -135.310150146
51.5463219, 17.6000004, -135.32875061
52.3963852, 17.6000004, -135.346633911
53.2464523, 17.6000004, -135.364074707
54.0965157, 17.6000004, -135.38130188
54.946579, 17.6000004, -135.398590088
55.7966461, 17.6000004, -135.416107178
56.6467094, 17.6000004, -135.434082031
57.4967728, 17.6000004, -135.452728271
58.3468399, 17.6000004, -135.472290039
59.1969032, 17.6000004, -135.493011475
60.0469666, 17.6000004, -135.515167236
60.8970337, 17.6000004, -135.5390625
61.747097, 17.6000004, -135.564987183
62.5971603, 17.6000004, -135.593307495
63.4472275, 17.6000004, -135.624404907
64.297287, 17.6000004, -135.658691406
65.1473541, 17.6000004, -135.696624756
65.9974213, 17.6000004, -135.738723755
66.8474808, 17.6000004, -135.785552979
67.6975479, 17.6000004, -135.837753296
68.5476151, 17.6000004, -135.895996094
69.3976746, 17.6000004, -135.961090088
70.2477417, 17.6000004, -136.033905029
71.0978088, 17.6000004, -136.115402222
71.9478683, 17.6000004, -136.206665039
72.7979355, 17.6000004, -136.308929443
73.6480026, 17.6000004, -136.423522949
74.4980621, 17.6000004, -136.551986694
75.3481293, 17.6000004, -136.696014404
76.1981964, 17.6000004, -136.85748291
77.0482559, 17.6000004, -137.038513184
77.8983231, 17.6000004, -137.241470337
78.7483902, 17.6000004, -137.469039917
79.5984497, 17.6000004, -137.724380493
80.4485168, 17.6000004, -138.010665894
81.298584, 17.6000004, -138.331512451
82.1486435, 17.6000004, -138.690979004
82.9987106, 17.6000004, -139.093536377
83.8487778, 17.6000004, -139.542144775
84.6988373, 17.6000004, -140.046539307
85.5489044, 17.6000004, -140.620040894
86.3989639, 17.6000004, -141.26713562
87.2490311, 17.6000004, -141.996276855
88.0990982, 17.6000004, -142.817550659
88.9491577, 17.6000004, -143.74269104
89.7992249, 17.6000004, -144.785766602
90.649292, 17.6000004, -145.964157104
91.4993515, 17.6000004, -147.296707153
92.3494186, 17.6000004, -148.80456543
93.1994858, 17.6000004, -150.514404297
94.0495453, 17.6000004, -152.457809448
94.8996124, 17.6000004, -154.672851562
95.7496796, 17.6000004, -157.203582764
96.5997391, 17.6000004, -160.104293823
97.4498062, 17.6000004, -163.434890747
98.2998734, 17.6000004, -167.227783203
99.1499329, 17.6000004, -171.460769653
22.7358284, 18.3999996, -133.849716187
23.575655, 18.3999996, -134.553848267
24.4154835, 18.3999996, -135.203948975
25.255312, 18.3999996, -135.781997681
26.0951405, 18.3999996, -136.28868103
26.934967, 18.3999996, -136.73109436
27.7747955, 18.3999996, -137.117630005
28.614624, 18.3999996, -137.456054688
29.4544525, 18.3999996, -137.75302124
30.2942791, 18.3999996, -138.014007568
31.1341076, 18.3999996, -138.243667603
31.9739361, 18.3999996, -138.446014404
32.8137627, 18.3999996, -138.624526978
33.6535912, 18.3999996, -138.782211304
34.4934196, 18.3999996, -138.921585083
35.3332481, 18.3999996, -139.044723511
36.1730766, 18.3999996, -139.152893066
37.0129051, 18.3999996, -139.248519897
37.8527298, 18.3999996, -139.333374023
38.6925583, 18.3999996, -139.408905029
39.5323868, 18.3999996, -139.476287842
40.3722153, 18.3999996, -139.536514282
41.2120438, 18.3999996, -139.590423584
42.0518723, 18.3999996, -139.638809204
42.8917007, 18.3999996, -139.682281494
43.7315254, 18.3999996, -139.721450806
44.5713539, 18.3999996, -139.75680542
45.4111824, 18.3999996, -139.788833618
46.2510109, 18.3999996, -139.817947388
47.0908394, 18.3999996, -139.844528198
47.9306679, 18.3999996, -139.868896484
48.7704964, 18.3999996, -139.891418457
49.610321, 18.3999996, -139.912353516
50.4501495, 18.3999996, -139.932006836
51.289978, 18.3999996, -139.950622559
52.1298065, 18.3999996, -139.968505859
52.969635, 18.3999996, -139.985870361
53.8094635, 18.3999996, -140.003051758
54.649292, 18.3999996, -140.020324707
55.4891167, 18.3999996, -140.037796021
56.3289452, 18.3999996, -140.055664062
57.1687737, 18.3999996, -140.074142456
58.0086021, 18.3999996, -140.093429565
58.8484306, 18.3999996, -140.11378479
59.6882591, 18.3999996, -140.135452271
60.5280876, 18.3999996, -140.158706665
61.3679123, 18.3999996, -140.183868408
62.2077408, 18.3999996, -140.211257935
63.0475693, 18.3999996, -140.241226196
63.8873978, 18.3999996, -140.274169922
64.7272263, 18.3999996, -140.310516357
65.5670547, 18.3999996, -140.350738525
66.4068832, 18.3999996, -140.395385742
67.2467117, 18.3999996, -140.445022583
68.0865402, 18.3999996, -140.500305176
68.9263687, 18.3999996, -140.561965942
69.7661972, 18.3999996, -140.63079834
70.6060181, 18.3999996, -140.707702637
71.4458466, 18.3999996, -140.793685913
72.285675, 18.3999996, -140.889862061
73.1255035, 18.3999996, -140.997467041
73.965332, 18.3999996, -141.117904663
74.8051605, 18.3999996, -141.252716064
75.644989, 18.3999996, -141.403625488
76.4848175, 18.3999996, -141.572555542
77.324646, 18.3999996, -141.761657715
78.1644745, 18.3999996, -141.973342896
79.004303, 18.3999996, -142.210205078
79.8441315, 18.3999996, -142.475341797
80.68396, 18.3999996, -142.772171021
81.5237885, 18.3999996, -143.104415894
82.3636093, 18.3999996, -143.476333618
83.2034378, 18.3999996, -143.892501831
84.0432663, 18.3999996, -144.359130859
84.8830948, 18.3999996, -144.884399414
85.7229233, 18.3999996, -145.47668457
86.5627518, 18.3999996, -146.143951416
87.4025803, 18.3999996, -146.894836426
88.2424088, 18.3999996, -147.739379883
89.0822372, 18.3999996, -148.690170288
89.9220657, 18.3999996, -149.762176514
90.7618942, 18.3999996, -150.972732544
91.6017227, 18.3999996, -152.342132568
92.4415512, 18.3999996, -153.894332886
93.2813797, 18.3999996, -155.658477783
94.1212006, 18.3999996, -157.670059204
94.9610291, 18.3999996, -159.974639893
95.8008575, 18.3999996, -162.634170532
96.640686, 18.3999996, -165.718658447
97.4805145, 18.3999996, -169.325363159
98.320343, 18.3999996, -173.577438354
99.1601715, 18.3999996, -178.527069092
23.6775913, 19.2000008, -138.956710815
24.5071831, 19.2000008, -139.677444458
25.3367748, 19.2000008, -140.291534424
26.1663647, 19.2000008, -140.815734863
26.9959564, 19.2000008, -141.266113281
27.8255482, 19.2000008, -141.656112671
28.6551399, 19.2000008, -141.995788574
29.4847317, 19.2000008, -142.292892456
30.3143234, 19.2000008, -142.55368042
31.1439133, 19.2000008, -142.783203125
31.973505, 19.2000008, -142.985534668
32.8030968, 19.2000008, -143.164154053
33.6326866, 19.2000008, -143.322021484
34.4622803, 19.2000008, -143.461654663
35.2918701, 19.2000008, -143.585144043
36.1214638, 19.2000008, -143.694244385
36.9510536, 19.2000008, -143.790863037
37.7806435, 19.2000008, -143.876647949
38.6102371, 19.2000008, -143.953018188
39.439827, 19.2000008, -144.02116394
40.2694206, 19.2000008, -144.082107544
41.0990105, 19.2000008, -144.136703491
41.9286003, 19.2000008, -144.185714722
42.758194, 19.2000008, -144.229782104
43.5877838, 19.2000008, -144.269515991
44.4173775, 19.2000008, -144.305419922
45.2469673, 19.2000008, -144.33795166
46.076561, 19.2000008, -144.367523193
46.9061508, 19.2000008, -144.39453125
47.7357407, 19.2000008, -144.419296265
48.5653343, 19.2000008, -144.442153931
49.3949242, 19.2000008, -144.463394165
50.2245178, 19.2000008, -144.483306885
51.0541077, 19.2000008, -144.50213623
51.8836975, 19.2000008, -144.52015686
52.7132912, 19.2000008, -144.537628174
53.542881, 19.2000008, -144.554794312
54.3724747, 19.2000008, -144.571914673
55.2020645, 19.2000008, -144.589187622
56.0316544, 19.2000008, -144.606796265
56.861248, 19.2000008, -144.624908447
57.6908379, 19.2000008, -144.643768311
58.5204315, 19.2000008, -144.663574219
59.3500214, 19.2000008, -144.684585571
60.1796112, 19.2000008, -144.707046509
61.0092049, 19.2000008, -144.731246948
61.8387947, 19.2000008, -144.757507324
62.6683884, 19.2000008, -144.786132812
63.4979782, 19.2000008, -144.817504883
64.3275681, 19.2000008, -144.852035522
65.1571579, 19.2000008, -144.890136719
65.9867554, 19.2000008, -144.932327271
66.8163452, 19.2000008, -144.979125977
67.6459351, 19.2000008, -145.031143188
68.4755249, 19.2000008, -145.089035034
69.3051147, 19.2000008, -145.153549194
70.1347122, 19.2000008, -145.225494385
70.9643021, 19.2000008, -145.305786133
71.7938919, 19.2000008, -145.395446777
72.6234818, 19.2000008, -145.495620728
73.4530716, 19.2000008, -145.607543945
74.2826691, 19.2000008, -145.732650757
75.1122589, 19.2000008, -145.872467041
75.9418488, 19.2000008, -146.028778076
76.7714386, 19.2000008, -146.203491211
77.6010361, 19.2000008, -146.398773193
78.4306259, 19.2000008, -146.616989136
79.2602158, 19.2000008, -146.860778809
80.0898056, 19.2000008, -147.133010864
80.9193954, 19.2000008, -147.437240601
81.7489929, 19.2000008, -147.777420044
82.5785828, 19.2000008, -148.157897949
83.4081726, 19.2000008, -148.583908081
84.2377625, 19.2000008, -149.061706543
85.0673523, 19.2000008, -149.598464966
85.8969498, 19.2000008, -150.201889038
86.7265396, 19.2000008, -150.880249023
87.5561295, 19.2000008, -151.642715454
88.3857193, 19.2000008, -152.499938965
89.2153091, 19.2000008, -153.464538574
90.0449066, 19.2000008, -154.551269531
90.8744965, 19.2000008, -155.777908325
91.7040863, 19.2000008, -157.165374756
92.5336761, 19.2000008, -158.740127563
93.363266, 19.2000008, -160.530548096
94.1928635, 19.2000008, -162.581573486
95.0224533, 19.2000008, -164.940002441
95.8520432, 19.2000008, -167.67149353
96.681633, 19.2000008, -170.867004395
97.5112228, 19.2000008, -174.660736084
98.3408203, 19.2000008, -179.259918213
99.1704102, 19.2000008, -185.088439941
