100, 0, 8.3607
0, 0, 4.8669
-20, 0, 9.80909e-45
-20, -20, 200
100, -20, 199.9691
100, 20, -205.3347
23.8, 20, -96.2224
98.9247, 0, 5.52995
97.8495, 0, 3.28074
96.7742, 0, 2.50836
95.6989, 0, 2.22291
94.6237, 0, 2.05184
93.5484, 0, 1.8907
92.4731, 0, 1.64211
91.3979, 0, 0.957611
90.3226, 0, -0.730795
89.2473, 0, 0.0824356
88.172, 0, 1.92603
87.0968, 0, 3.05759
86.0215, 0, 3.8696
84.9462, 0, 4.58195
83.871, 0, 5.24601
82.7957, 0, 5.87982
81.7204, 0, 6.5242
80.6452, 0, 7.32431
79.5699, 0, 7.85889
78.4946, 0, 7.7385
77.4194, 0, 7.74391
76.3441, 0, 7.78951
75.2688, 0, 7.82399
74.1936, 0, 7.83674
73.1183, 0, 7.81286
72.043, 0, 7.68204
70.9677, 0, 7.26805
69.8925, 0, 6.88921
68.8172, 0, 7.53859
67.7419, 0, 7.96398
66.6667, 0, 8.10536
65.5914, 0, 8.15993
64.5161, 0, 8.21807
63.4409, 0, 8.32705
62.3656, 0, 8.52375
61.2903, 0, 8.86736
60.2151, 0, 9.47324
59.1398, 0, 8.52607
58.0645, 0, 7.39833
56.9892, 0, 6.54481
55.914, 0, 5.80569
54.8387, 0, 5.10848
53.7634, 0, 4.37378
52.6882, 0, 3.50482
51.6129, 0, 2.34079
50.5376, 0, 0.569513
49.4624, 0, 0.426739
48.3871, 0, 1.77253
47.3118, 0, 2.45361
46.2366, 0, 2.89287
45.1613, 0, 3.21213
44.086, 0, 3.4821
43.0108, 0, 3.7958
41.9355, 0, 4.41921
40.8602, 0, 5.81979
39.7849, 0, 6.98683
38.7097, 0, 5.79582
37.6344, 0, 5.01937
36.5591, 0, 4.83925
35.4839, 0, 4.85648
34.4086, 0, 4.93225
33.3333, 0, 5.04823
32.2581, 0, 5.30943
31.1828, 0, 6.00722
30.1075, 0, 6.7387
29.0323, 0, 6.12961
27.957, 0, 5.52749
26.8817, 0, 5.45543
25.8065, 0, 5.554
24.7312, 0, 5.6476
23.6559, 0, 5.69115
22.5806, 0, 5.66228
21.5054, 0, 5.54872
20.4301, 0, 5.52755
19.3548, 0, 5.53144
18.2796, 0, 5.76053
17.2043, 0, 6.0653
16.129, 0, 6.25375
15.0538, 0, 6.36028
13.9785, 0, 6.41536
12.9032, 0, 6.44801
11.828, 0, 6.49757
10.7527, 0, 6.47153
9.6774, 0, 7.4236
8.6022, 0, 6.425
7.5269, 0, 6.1894
6.4516, 0, 6.148
5.3763, 0, 7.0003
4.3011, 0, 3.815
3.2258, 0, 6.5137
2.1505, 0, 4.4074
1.0753, 0, 4.8274
-1.0526, 0, 7.4637
-2.1053, 0, 7.6997
-3.1579, 0, 7.2814
-4.2105, 0, 6.5491
-5.2632, 0, 5.6194
-6.3158, 0, 4.5443
-7.3684, 0, 3.3659
-8.4211, 0, 2.0994
-9.4737, 0, 0.73644
-10.5263, 0, 0.141578
-11.5789, 0, 0.354625
-12.6316, 0, 0.49312
-13.6842, 0, 0.568799
-14.7368, 0, 0.589192
-15.7895, 0, 0.559553
-16.8421, 0, 0.483796
-17.8947, 0, 0.364637
-18.9474, 0, 0.20362
-20, -1, 9.5
-20, -2, 19
-20, -3, 28.5
-20, -4, 38
-20, -5, 47.5
-20, -6, 57
-20, -7, 66.5
-20, -8, 76
-20, -9, 85.5
-20, -10, 100
-20, -11, 114.5
-20, -12, 124
-20, -13, 133.5
-20, -14, 143
-20, -15, 152.5
-20, -16, 162
-20, -17, 171.5
-20, -18, 181
-20, -19, 190.5
-18.92857, -20, 200.0698
-17.85714, -20, 200.1396
-16.78572, -20, 200.2093
-15.71429, -20, 200.2791
-14.64286, -20, 200.3489
-13.57143, -20, 200.4187
-12.5, -20, 200.4885
-11.42857, -20, 200.5582
-10.35714, -20, 200.628
-9.285714, -20, 200.7272
-8.214286, -20, 200.8411
-7.142857, -20, 200.9549
-6.071429, -20, 201.0688
-5, -20, 201.1826
-3.928571, -20, 201.2965
-2.857143, -20, 201.4104
-1.785714, -20, 201.5242
-0.7142857, -20, 201.6381
0.3571429, -20, 201.8058
1.428571, -20, 201.8824
2.5, -20, 202.008
3.571429, -20, 202.0929
4.642857, -20, 202.0022
5.714286, -20, 202.0269
6.785714, -20, 202.0403
7.857143, -20, 202.0537
8.928572, -20, 202.0671
10, -20, 202.0805
11.07143, -20, 202.1715
12.14286, -20, 202.2626
13.21429, -20, 202.3536
14.28571, -20, 202.4447
15.35714, -20, 202.5358
16.42857, -20, 202.6268
17.5, -20, 202.7179
18.57143, -20, 202.809
19.64286, -20, 202.9
20.71428, -20, 202.8546
21.78572, -20, 202.7409
22.85714, -20, 202.6271
23.92857, -20, 202.5134
25, -20, 202.3997
26.07143, -20, 202.286
27.14286, -20, 202.1723
28.21428, -20, 202.0586
29.28572, -20, 201.9449
30.35714, -20, 201.8767
31.42857, -20, 201.8996
32.5, -20, 201.9226
33.57143, -20, 201.9455
34.64286, -20, 201.9684
35.71429, -20, 201.9913
36.78571, -20, 202.0143
37.85714, -20, 202.0372
38.92857, -20, 202.0601
40, -20, 202.083
41.07143, -20, 202.1363
42.14286, -20, 202.1896
43.21429, -20, 202.2429
44.28571, -20, 202.2962
45.35714, -20, 202.3495
46.42857, -20, 202.4028
47.5, -20, 202.4561
48.57143, -20, 202.5094
49.64286, -20, 202.5627
50.71429, -20, 202.4915
51.78571, -20, 202.3582
52.85714, -20, 202.2249
53.92857, -20, 202.0915
55, -20, 201.9582
56.07143, -20, 201.8248
57.14286, -20, 201.6915
58.21429, -20, 201.5582
59.28571, -20, 201.4248
60.35714, -20, 201.3037
61.42857, -20, 201.207
62.5, -20, 201.1102
63.57143, -20, 201.0135
64.64286, -20, 200.9168
65.71429, -20, 200.8201
66.78571, -20, 200.7233
67.85714, -20, 200.6266
68.92857, -20, 200.5299
70, -20, 200.4332
71.07143, -20, 200.5318
72.14286, -20, 200.6305
73.21429, -20, 200.7291
74.28571, -20, 200.8278
75.35714, -20, 200.9264
76.42857, -20, 201.0251
77.5, -20, 201.1237
78.57143, -20, 201.2224
79.64286, -20, 201.321
80.71429, -20, 201.3017
81.78571, -20, 201.2233
82.85714, -20, 201.145
83.92857, -20, 201.0666
85, -20, 200.9883
86.07143, -20, 200.91
87.14286, -20, 200.8316
88.21429, -20, 200.7533
89.28571, -20, 200.6749
90.35714, -20, 200.5994
91.42857, -20, 200.5293
92.5, -20, 200.4593
93.57143, -20, 200.3893
94.64286, -20, 200.3193
95.71429, -20, 200.2492
96.78571, -20, 200.1792
97.85714, -20, 200.1092
98.92857, -20, 200.0392
100, -19, 190.4892
100, -18, 181.0093
100, -17, 171.5744
100, -16, 162.1447
100, -15, 153.0499
100, -14, 144.0444
100, -13, 132.9113
100, -12, 120.7962
100, -11, 107.2053
100, -10, 92.541
100, -9, 81.1784
100, -8, 73.4841
100, -7, 65.9231
100, -6, 58.5903
100, -5, 49.7287
100, -4, 36.5862
100, -3, 24.5625
100, -2, 18.5051
100, -1, 12.5462
100, 0.8, 5.01228
100, 1.6, -6.89398
100, 2.4, -22.75
100, 3.2, -37.8757
100, 4, -39.8565
100, 4.8, -41.8372
100, 5.6, -50.0866
100, 6.4, -66.9555
100, 7.2, -83.8243
100, 8, -91.2698
100, 8.8, -96.2025
100, 9.6, -100.5401
100, 10.4, -101.7035
100, 11.2, -102.8669
100, 12, -112.9427
100, 12.8, -131.0397
100, 13.6, -149.1366
100, 14.4, -156.5207
100, 15.2, -162.6446
100, 16, -169.403
100, 16.8, -177.9384
100, 17.6, -186.4737
100, 18.4, -193.3903
100, 19.2, -199.3625
99.18065, 20, -198.7602
98.36129, 20, -192.1857
97.54194, 20, -185.6112
96.72258, 20, -179.0367
95.90323, 20, -172.4622
95.08387, 20, -165.8877
94.26452, 20, -159.3132
93.44516, 20, -152.7387
92.62581, 20, -146.1642
91.80645, 20, -139.5897
90.9871, 20, -133.0152
90.16774, 20, -126.4407
89.34839, 20, -122.9891
88.52903, 20, -120.3413
87.70968, 20, -117.6935
86.89032, 20, -115.0458
86.07097, 20, -112.398
85.25161, 20, -109.7502
84.43226, 20, -107.1025
83.6129, 20, -104.4547
82.79355, 20, -101.8069
81.9742, 20, -99.1592
81.1548, 20, -96.5114
80.3355, 20, -93.8637
79.5161, 20, -92.6235
78.6968, 20, -92.3593
77.8774, 20, -92.0951
77.0581, 20, -91.831
76.2387, 20, -91.5668
75.4194, 20, -91.3026
74.6, 20, -91.0384
73.7806, 20, -90.7742
72.9613, 20, -90.51
72.1419, 20, -90.2458
71.3226, 20, -89.9817
70.5032, 20, -89.7175
69.6839, 20, -89.6727
68.8645, 20, -89.9773
68.0452, 20, -90.2818
67.2258, 20, -90.5863
66.4064, 20, -90.8909
65.5871, 20, -91.1954
64.7677, 20, -91.5
63.9484, 20, -91.8045
63.129, 20, -92.1091
62.3097, 20, -92.4136
61.4903, 20, -92.7181
60.671, 20, -93.0227
59.8516, 20, -93.2165
59.0323, 20, -92.9096
58.2129, 20, -92.6028
57.3935, 20, -92.2959
56.5742, 20, -91.9891
55.7548, 20, -91.6822
54.9355, 20, -91.3753
54.1161, 20, -91.0685
53.2968, 20, -90.7616
52.4774, 20, -90.4547
51.6581, 20, -90.1479
50.8387, 20, -89.841
50.0194, 20, -89.5341
49.2, 20, -90.3241
48.3806, 20, -91.1406
47.5613, 20, -91.9571
46.7419, 20, -92.7736
45.9226, 20, -93.5901
45.1032, 20, -94.4066
44.2839, 20, -95.2231
43.4645, 20, -96.0396
42.6452, 20, -96.8561
41.8258, 20, -97.6726
41.0065, 20, -98.4891
40.1871, 20, -99.3056
39.3677, 20, -99.7883
38.54839, 20, -100.1722
37.72903, 20, -100.5562
36.90968, 20, -100.9401
36.09032, 20, -101.324
35.27097, 20, -101.7079
34.45161, 20, -102.0919
33.63226, 20, -102.4758
32.8129, 20, -102.8597
31.99355, 20, -103.2436
31.17419, 20, -103.6275
30.35484, 20, -104.0115
29.53548, 20, -103.9422
28.71613, 20, -103.3843
27.89677, 20, -102.6448
27.07742, 20, -101.7236
26.25806, 20, -100.6208
25.4387, 20, -99.3364
24.6194, 20, -97.8702
22.848, 19.2, -93.3978
21.896, 18.4, -91.3754
20.944, 17.6, -90.3241
19.992, 16.8, -91.994
19.04, 16, -85.0799
18.088, 15.2, -80.2776
17.136, 14.4, -76.2777
16.184, 13.6, -72.5881
15.232, 12.8, -69.0254
14.28, 12, -65.5692
13.328, 11.2, -62.1766
12.376, 10.4, -58.8193
11.424, 9.6, -55.4751
10.472, 8.8, -52.8342
9.52, 8, -49.7085
8.568, 7.2, -44.2663
7.616, 6.4, -39.4511
6.664, 5.6, -34.6904
5.712, 4.8, -29.771
4.76, 4, -24.2097
3.808, 3.2, -16.4651
2.856, 2.4, -9.5764
1.904, 1.6, -2.9532
0.952, 0.8, 1.766
98.9249, -1, 12.9227
97.8498, -1, 12.1298
96.7748, -1, 11.6422
95.6997, -1, 11.3606
94.6246, -1, 11.117
93.5495, -1, 10.7576
92.4745, -1, 10.1188
91.3994, -1, 9.12351
90.3243, -1, 9.2978
89.2492, -1, 9.19606
88.1742, -1, 10.1617
87.0991, -1, 11.5297
86.024, -1, 12.555
84.9489, -1, 13.331
83.8738, -1, 13.9614
82.7988, -1, 14.5388
81.7237, -1, 15.1838
80.6486, -1, 16.2585
79.5735, -1, 16.8949
78.4985, -1, 16.5202
77.4234, -1, 16.482
76.3483, -1, 16.477
75.2732, -1, 16.4707
74.1982, -1, 16.4545
73.1231, -1, 16.4235
72.048, -1, 16.3745
70.9729, -1, 16.3498
69.8979, -1, 16.6576
68.8228, -1, 16.6423
67.7477, -1, 16.821
66.6726, -1, 16.9252
65.5975, -1, 17.0174
64.5225, -1, 17.1616
63.4474, -1, 17.4284
62.3723, -1, 17.9133
61.2972, -1, 18.7195
60.2222, -1, 19.8721
59.1471, -1, 18.5208
58.072, -1, 17.0908
56.9969, -1, 15.9807
55.9219, -1, 15.1398
54.8468, -1, 14.4226
53.7717, -1, 13.7101
52.6966, -1, 12.8767
51.6215, -1, 11.7374
50.5465, -1, 9.90238
49.4714, -1, 9.69185
48.3963, -1, 11.0614
47.3212, -1, 11.8128
46.2462, -1, 12.2879
45.1711, -1, 12.6289
44.096, -1, 12.9286
43.0209, -1, 13.2752
41.9459, -1, 13.8151
40.8708, -1, 15.1298
39.7957, -1, 17.638
38.7206, -1, 15.0468
37.6455, -1, 14.4868
36.5705, -1, 14.2896
35.4954, -1, 14.2346
34.4203, -1, 14.273
33.3452, -1, 14.3962
32.2702, -1, 14.6199
31.1951, -1, 14.9832
30.12, -1, 15.4803
29.0449, -1, 15.0877
27.9699, -1, 14.886
26.8948, -1, 14.8423
25.8197, -1, 14.9167
24.7446, -1, 15.04
23.6695, -1, 15.1708
22.5945, -1, 15.2954
21.5194, -1, 15.4499
20.4443, -1, 15.5439
19.3692, -1, 15.5352
18.2942, -1, 15.5265
17.2191, -1, 15.4854
16.144, -1, 15.4929
15.0689, -1, 15.4814
13.9939, -1, 15.4411
12.9188, -1, 15.3919
11.8437, -1, 15.4244
10.7686, -1, 15.3
9.69355, -1, 13.5681
8.61847, -1, 14.792
7.54339, -1, 14.8123
6.46832, -1, 14.5786
5.39324, -1, 14.012
4.31816, -1, 12.8797
3.24309, -1, 13.7119
2.16801, -1, 13.4791
1.09293, -1, 12.5027
0.0178571, -1, 14.8023
-1.03571, -1, 14.6459
-2.08929, -1, 14.914
-3.14286, -1, 14.6586
-4.19643, -1, 14.1387
-5.25, -1, 13.4519
-6.30357, -1, 12.6443
-7.35714, -1, 11.7466
-8.41071, -1, 10.789
-9.4643, -1, 9.873
-10.5179, -1, 9.57654
-11.5714, -1, 9.56736
-12.625, -1, 9.55831
-13.6786, -1, 9.54995
-14.7321, -1, 9.5416
-15.7857, -1, 9.53329
-16.8393, -1, 9.52498
-17.8929, -1, 9.5167
-18.9464, -1, 9.50853
98.9251, -2, 19.6004
97.8502, -2, 20.6471
96.7753, -2, 20.7411
95.7005, -2, 20.5867
94.6256, -2, 20.356
93.5507, -2, 19.9999
92.4758, -2, 19.4167
91.4009, -2, 18.6161
90.326, -2, 17.9804
89.2512, -2, 18.5547
88.1763, -2, 19.7633
87.1014, -2, 20.8063
86.0265, -2, 21.7009
84.9516, -2, 22.426
83.8767, -2, 23.0283
82.8018, -2, 23.5695
81.727, -2, 24.1822
80.6521, -2, 24.9193
79.5772, -2, 25.4526
78.5023, -2, 25.3618
77.4274, -2, 25.2866
76.3525, -2, 25.2879
75.2776, -2, 25.2769
74.2028, -2, 25.2223
73.1279, -2, 25.1384
72.053, -2, 25.1601
70.9781, -2, 25.4983
69.9032, -2, 25.8405
68.8283, -2, 25.7369
67.7535, -2, 25.5603
66.6786, -2, 25.622
65.6037, -2, 25.7543
64.5288, -2, 25.9205
63.4539, -2, 26.184
62.379, -2, 26.6843
61.3041, -2, 27.6633
60.2293, -2, 29.0441
59.1544, -2, 27.8257
58.0795, -2, 26.1442
57.0046, -2, 25.0913
55.9297, -2, 24.3323
54.8548, -2, 23.6976
53.78, -2, 23.0968
52.7051, -2, 22.4436
51.6302, -2, 21.598
50.5553, -2, 20.2771
49.4804, -2, 19.9629
48.4055, -2, 20.9319
47.3306, -2, 21.5157
46.2558, -2, 21.8988
45.1809, -2, 22.1992
44.106, -2, 22.4797
43.0311, -2, 22.7774
41.9562, -2, 23.1068
40.8813, -2, 23.5495
39.8064, -2, 24.2489
38.7316, -2, 23.771
37.6567, -2, 23.6838
36.5818, -2, 23.6127
35.5069, -2, 23.5779
34.432, -2, 23.5839
33.3571, -2, 23.6199
32.2823, -2, 23.6459
31.2074, -2, 23.53
30.1325, -2, 23.3952
29.0576, -2, 23.6443
27.9827, -2, 24.0043
26.9078, -2, 24.21
25.8329, -2, 24.3854
24.7581, -2, 24.5798
23.6832, -2, 24.7973
22.6083, -2, 25.0357
21.5334, -2, 25.2904
20.4585, -2, 25.5371
19.3836, -2, 25.5388
18.3088, -2, 25.3161
17.2339, -2, 25.1438
16.159, -2, 25.0212
15.0841, -2, 24.9105
14.0092, -2, 24.7703
12.9343, -2, 24.5726
11.8594, -2, 24.2853
10.7846, -2, 24.0081
9.70968, -2, 23.4414
8.63479, -2, 23.6355
7.55991, -2, 23.6229
6.48502, -2, 23.3542
5.41014, -2, 22.3113
4.33525, -2, 25.4538
3.26037, -2, 23.5321
2.18548, -2, 25.1546
1.1106, -2, 21.4343
0.0357143, -2, 23.6342
-1.0188, -2, 23.1639
-2.07331, -2, 22.9153
-3.12782, -2, 22.6885
-4.18233, -2, 22.3083
-5.23684, -2, 21.8039
-6.29135, -2, 21.21
-7.34586, -2, 20.5643
-8.40038, -2, 19.9225
-9.45489, -2, 19.4124
-10.5094, -2, 19.1539
-11.5639, -2, 19.1332
-12.6184, -2, 19.1161
-13.6729, -2, 19.099
-14.7274, -2, 19.0823
-15.782, -2, 19.0659
-16.8365, -2, 19.0496
-17.891, -2, 19.0333
-18.9455, -2, 19.0167
98.9253, -3, 28.0074
97.8506, -3, 29.1625
96.7759, -3, 29.5925
95.7012, -3, 29.7177
94.6265, -3, 29.6752
93.5518, -3, 29.5294
92.4771, -3, 29.3002
91.4025, -3, 28.8752
90.3278, -3, 27.0133
89.2531, -3, 28.5949
88.1784, -3, 30.0832
87.1037, -3, 30.8429
86.029, -3, 31.4905
84.9543, -3, 32.0842
83.8796, -3, 32.6205
82.8049, -3, 33.075
81.7302, -3, 33.4076
80.6555, -3, 33.6018
79.5808, -3, 33.8864
78.5061, -3, 34.2136
77.4314, -3, 34.3921
76.3568, -3, 34.4745
75.2821, -3, 34.4737
74.2074, -3, 34.4053
73.1327, -3, 34.2788
72.058, -3, 34.1167
70.9833, -3, 34.1592
69.9086, -3, 34.8669
68.8339, -3, 34.3098
67.7592, -3, 34.368
66.6845, -3, 34.496
65.6098, -3, 34.5924
64.5351, -3, 34.6857
63.4604, -3, 34.8214
62.3858, -3, 35.0738
61.3111, -3, 35.6401
60.2364, -3, 37.2137
59.1617, -3, 35.8673
58.087, -3, 34.6539
57.0123, -3, 33.9176
55.9376, -3, 33.3423
54.8629, -3, 32.8531
53.7882, -3, 32.4212
52.7135, -3, 32.0324
51.6388, -3, 31.6691
50.5641, -3, 31.3469
49.4894, -3, 31.0638
48.4147, -3, 31.1556
47.3401, -3, 31.3308
46.2654, -3, 31.5212
45.1907, -3, 31.7315
44.116, -3, 31.9526
43.0413, -3, 32.167
41.9666, -3, 32.3175
40.8919, -3, 31.9555
39.8172, -3, 30.055
38.7425, -3, 32.4047
37.6678, -3, 32.656
36.5931, -3, 32.6987
35.5184, -3, 32.7017
34.4437, -3, 32.68
33.369, -3, 32.6229
32.2944, -3, 32.5003
31.2197, -3, 32.2246
30.145, -3, 31.3019
29.0703, -3, 32.4051
27.9956, -3, 33.0066
26.9209, -3, 33.4158
25.8462, -3, 33.7501
24.7715, -3, 34.0543
23.6968, -3, 34.3527
22.6221, -3, 34.664
21.5474, -3, 35.0192
20.4727, -3, 35.5177
19.398, -3, 35.4906
18.3233, -3, 35.0706
17.2487, -3, 34.8691
16.174, -3, 34.723
15.0993, -3, 34.5697
14.0246, -3, 34.3574
12.9499, -3, 34.0227
11.8752, -3, 33.4704
10.8005, -3, 32.7767
9.72581, -3, 34.3148
8.65111, -3, 32.8416
7.57642, -3, 32.7779
6.50173, -3, 32.9426
5.42704, -3, 33.146
4.35234, -3, 33.7299
3.27765, -3, 34.5751
2.20296, -3, 34.466
1.12826, -3, 31.0866
0.0535714, -3, 32.6936
-1.00188, -3, 32.1339
-2.05733, -3, 31.5763
-3.11278, -3, 31.255
-4.16823, -3, 30.9459
-5.22368, -3, 30.5713
-6.27914, -3, 30.1445
-7.33459, -3, 29.7045
-8.39004, -3, 29.3216
-9.44549, -3, 28.9534
-10.5009, -3, 28.7248
-11.5564, -3, 28.6982
-12.6118, -3, 28.6718
-13.6673, -3, 28.6468
-14.7227, -3, 28.6222
-15.7782, -3, 28.5978
-16.8336, -3, 28.5735
-17.8891, -3, 28.5493
-18.9445, -3, 28.5249
98.9255, -4, 37.7159
97.851, -4, 38.2592
96.7765, -4, 38.6653
95.702, -4, 38.9246
94.6275, -4, 39.1039
93.553, -4, 39.2515
92.4785, -4, 39.3704
91.404, -4, 39.3799
90.3295, -4, 38.7699
89.255, -4, 39.644
88.1805, -4, 40.4751
87.106, -4, 41.0669
86.0315, -4, 41.5547
84.957, -4, 42.0261
83.8825, -4, 42.4752
82.808, -4, 42.8415
81.7335, -4, 42.9647
80.659, -4, 42.6765
79.5845, -4, 42.7497
78.51, -4, 43.444
77.4355, -4, 43.8244
76.361, -4, 43.9333
75.2865, -4, 43.9236
74.212, -4, 43.8541
73.1375, -4, 43.7181
72.063, -4, 43.4115
70.9885, -4, 42.8099
69.914, -4, 42.6263
68.8395, -4, 42.9131
67.765, -4, 43.3539
66.6905, -4, 43.4838
65.616, -4, 43.4904
64.5415, -4, 43.4565
63.467, -4, 43.397
62.3925, -4, 43.3201
61.318, -4, 43.1809
60.2435, -4, 43.4372
59.169, -4, 43.0692
58.0945, -4, 42.8575
57.02, -4, 42.5295
55.9455, -4, 42.2199
54.871, -4, 41.9242
53.7965, -4, 41.656
52.722, -4, 41.4717
51.6475, -4, 41.5594
50.573, -4, 42.1827
49.4985, -4, 42.0701
48.424, -4, 41.2751
47.3495, -4, 41.0515
46.275, -4, 41.1015
45.2005, -4, 41.2249
44.126, -4, 41.3602
43.0515, -4, 41.4655
41.977, -4, 41.4263
40.9025, -4, 40.8043
39.828, -4, 39.7907
38.7535, -4, 41.0567
37.679, -4, 41.5857
36.6045, -4, 41.7181
35.53, -4, 41.7422
34.4555, -4, 41.7082
33.381, -4, 41.6152
32.3064, -4, 41.4452
31.232, -4, 41.1339
30.1574, -4, 40.6926
29.0829, -4, 41.4337
28.0084, -4, 42.1247
26.9339, -4, 42.6373
25.8594, -4, 43.0821
24.7849, -4, 43.4846
23.7104, -4, 43.8696
22.6359, -4, 44.2627
21.5614, -4, 44.7007
20.4869, -4, 45.2867
19.4124, -4, 45.2832
18.3379, -4, 44.891
17.2634, -4, 44.6963
16.1889, -4, 44.5375
15.1144, -4, 44.366
14.0399, -4, 44.1498
12.9654, -4, 43.829
11.8909, -4, 43.2647
10.8164, -4, 42.4739
9.74194, -4, 40.7008
8.66743, -4, 42.2251
7.59293, -4, 42.5267
6.51843, -4, 42.7201
5.44393, -4, 43.5181
4.36943, -4, 43.0847
3.29493, -4, 45.0291
2.22043, -4, 43.0644
1.14593, -4, 42.5335
0.0714286, -4, 41.6689
-0.984962, -4, 40.87
-2.04135, -4, 40.6026
-3.09774, -4, 40.3734
-4.15414, -4, 40.1136
-5.21053, -4, 39.7983
-6.26692, -4, 39.4484
-7.32331, -4, 39.0941
-8.3797, -4, 38.7719
-9.43609, -4, 38.4737
-10.4925, -4, 38.2959
-11.5489, -4, 38.2605
-12.6053, -4, 38.2268
-13.6617, -4, 38.1935
-14.718, -4, 38.1609
-15.7744, -4, 38.1288
-16.8308, -4, 38.0969
-17.8872, -4, 38.065
-18.9436, -4, 38.0327
98.9257, -5, 47.7262
97.8514, -5, 47.7475
96.7771, -5, 47.9641
95.7028, -5, 48.2354
94.6285, -5, 48.5529
93.5541, -5, 48.9305
92.4798, -5, 49.4044
91.4055, -5, 50.0441
90.3312, -5, 51.7917
89.2569, -5, 51.1454
88.1826, -5, 50.9193
87.1083, -5, 51.1151
86.034, -5, 51.4341
84.9597, -5, 51.8156
83.8854, -5, 52.2203
82.8111, -5, 52.6045
81.7367, -5, 52.8786
80.6624, -5, 52.7056
79.5881, -5, 52.5223
78.5138, -5, 53.2152
77.4395, -5, 53.3773
76.3652, -5, 53.3807
75.2909, -5, 53.3304
74.2166, -5, 53.2508
73.1423, -5, 53.1389
72.068, -5, 52.9446
70.9937, -5, 52.2744
69.9194, -5, 50.0949
68.845, -5, 52.155
67.7707, -5, 52.4565
66.6964, -5, 52.4508
65.6221, -5, 52.3769
64.5478, -5, 52.2392
63.4735, -5, 52.003
62.3992, -5, 51.5989
61.3249, -5, 50.9137
60.2506, -5, 49.13
59.1763, -5, 50.3788
58.102, -5, 50.9851
57.0276, -5, 51.177
55.9533, -5, 51.1685
54.879, -5, 51.0647
53.8047, -5, 50.9446
52.7304, -5, 50.8919
51.6561, -5, 51.0571
50.5818, -5, 51.8802
49.5075, -5, 52.0538
48.4332, -5, 51.0266
47.3589, -5, 50.7391
46.2846, -5, 50.6914
45.2103, -5, 50.7267
44.1359, -5, 50.7675
43.0616, -5, 50.75
41.9873, -5, 50.6099
40.913, -5, 50.4304
39.8387, -5, 51.0555
38.7644, -5, 50.3232
37.6901, -5, 50.602
36.6158, -5, 50.791
35.5415, -5, 50.863
34.4672, -5, 50.8429
33.3929, -5, 50.7441
32.3186, -5, 50.5716
31.2442, -5, 50.3709
30.1699, -5, 50.557
29.0956, -5, 50.7898
28.0213, -5, 51.4056
26.947, -5, 51.999
25.8727, -5, 52.5084
24.7984, -5, 52.9731
23.7241, -5, 53.4229
22.6498, -5, 53.8803
21.5755, -5, 54.3562
20.5012, -5, 54.8809
19.4268, -5, 54.9372
18.3525, -5, 54.7819
17.2782, -5, 54.5747
16.2039, -5, 54.3702
15.1296, -5, 54.1861
14.0553, -5, 54.0017
12.981, -5, 53.8151
11.9067, -5, 53.607
10.8324, -5, 52.6693
9.75806, -5, 50.5518
8.68376, -5, 52.0782
7.60945, -5, 52.6119
6.53514, -5, 52.7363
5.46083, -5, 52.4113
4.38652, -5, 52.9518
3.31221, -5, 54.0089
2.2379, -5, 50.749
1.16359, -5, 54.2529
0.0892857, -5, 49.6889
-0.968045, -5, 49.6867
-2.02538, -5, 49.8992
-3.08271, -5, 49.9033
-4.14004, -5, 49.7018
-5.19737, -5, 49.3909
-6.2547, -5, 49.0222
-7.31203, -5, 48.6313
-8.36936, -5, 48.2576
-9.42669, -5, 47.985
-10.484, -5, 47.8607
-11.5414, -5, 47.8209
-12.5987, -5, 47.7779
-13.656, -5, 47.7359
-14.7133, -5, 47.6957
-15.7707, -5, 47.6567
-16.828, -5, 47.6184
-17.8853, -5, 47.5798
-18.9427, -5, 47.5402
98.9259, -6, 57.6436
97.8518, -6, 57.1496
96.7776, -6, 57.2759
95.7035, -6, 57.6392
94.6294, -6, 58.0551
93.5553, -6, 58.5228
92.4812, -6, 59.2015
91.4071, -6, 60.4606
90.3329, -6, 62.6341
89.2588, -6, 62.1507
88.1847, -6, 61.1117
87.1106, -6, 60.9607
86.0365, -6, 61.2091
84.9624, -6, 61.56
83.8883, -6, 61.9216
82.8141, -6, 62.3077
81.74, -6, 62.8226
80.6659, -6, 63.3514
79.5918, -6, 63.2316
78.5177, -6, 63.1563
77.4436, -6, 62.9411
76.3694, -6, 62.8564
75.2953, -6, 62.7921
74.2212, -6, 62.6804
73.1471, -6, 62.5305
72.073, -6, 62.4348
70.9988, -6, 62.2988
69.9247, -6, 61.3613
68.8506, -6, 61.78
67.7765, -6, 61.6295
66.7024, -6, 61.5083
65.6283, -6, 61.4063
64.5541, -6, 61.201
63.48, -6, 60.8349
62.4059, -6, 60.2661
61.3318, -6, 59.2274
60.2577, -6, 57.2638
59.1836, -6, 58.271
58.1094, -6, 59.5457
57.0353, -6, 60.0647
55.9612, -6, 60.3045
54.8871, -6, 60.3722
53.813, -6, 60.3346
52.7389, -6, 60.2862
51.6647, -6, 60.3256
50.5906, -6, 60.6239
49.5165, -6, 60.9011
48.4424, -6, 60.5087
47.3683, -6, 60.3665
46.2942, -6, 60.3329
45.22, -6, 60.3333
44.1459, -6, 60.2928
43.0718, -6, 60.2015
41.9977, -6, 60.1572
40.9236, -6, 60.4287
39.8495, -6, 60.8578
38.7753, -6, 60.2319
37.7012, -6, 60.0436
36.6271, -6, 60.1288
35.553, -6, 60.2193
34.4789, -6, 60.2237
33.4048, -6, 60.1389
32.3306, -6, 60.0323
31.2565, -6, 59.9967
30.1824, -6, 60.034
29.1083, -6, 60.377
28.0342, -6, 60.9303
26.9601, -6, 61.5031
25.8859, -6, 62.0586
24.8118, -6, 62.5542
23.7377, -6, 63.0124
22.6636, -6, 63.4868
21.5895, -6, 64.0125
20.5154, -6, 64.4503
19.4412, -6, 64.6385
18.3671, -6, 64.5598
17.293, -6, 64.397
16.2189, -6, 64.2613
15.1448, -6, 64.1379
14.0707, -6, 64.0113
12.9965, -6, 63.8714
11.9224, -6, 63.7181
10.8483, -6, 63.6166
9.77419, -6, 63.832
8.70008, -6, 63.4784
7.62596, -6, 63.4098
6.55184, -6, 63.2906
5.47773, -6, 62.8995
4.40361, -6, 65.119
3.32949, -6, 62.821
2.25538, -6, 62.4309
1.18126, -6, 63.9017
0.107143, -6, 58.8064
-0.951128, -6, 59.1588
-2.0094, -6, 59.7393
-3.06767, -6, 59.7571
-4.12594, -6, 59.5726
-5.18421, -6, 59.2658
-6.24248, -6, 58.8536
-7.30075, -6, 58.3481
-8.35902, -6, 57.8727
-9.41729, -6, 57.5247
-10.4756, -6, 57.4299
-11.5338, -6, 57.3737
-12.5921, -6, 57.38
-13.6504, -6, 57.4774
-14.7086, -6, 57.5058
-15.7669, -6, 57.4388
-16.8252, -6, 57.2809
-17.8835, -6, 57.0979
-18.9417, -6, 57.0472
98.9261, -7, 66.4431
97.8521, -7, 66.5491
96.7782, -7, 66.9971
95.7043, -7, 67.4919
94.6304, -7, 67.9895
93.5564, -7, 68.4915
92.4825, -7, 69.0643
91.4086, -7, 69.9395
90.3347, -7, 71.365
89.2607, -7, 71.436
88.1868, -7, 70.8989
87.1129, -7, 71.0482
86.039, -7, 71.3622
84.9651, -7, 71.7065
83.8911, -7, 72.0265
82.8172, -7, 72.3212
81.7433, -7, 72.6488
80.6694, -7, 73.5946
79.5954, -7, 74.1479
78.5215, -7, 72.9537
77.4476, -7, 72.8081
76.3737, -7, 72.7926
75.2997, -7, 72.7354
74.2258, -7, 72.594
73.1519, -7, 72.3556
72.078, -7, 72.0484
71.004, -7, 72.1661
69.9301, -7, 74.0219
68.8562, -7, 71.4422
67.7823, -7, 71.1192
66.7083, -7, 71.1459
65.6344, -7, 71.0759
64.5605, -7, 70.8363
63.4866, -7, 70.3734
62.4126, -7, 69.6046
61.3387, -7, 68.4724
60.2648, -7, 67.2573
59.1909, -7, 67.6456
58.1169, -7, 68.7563
57.043, -7, 69.5693
55.9691, -7, 70.0165
54.8952, -7, 70.1944
53.8212, -7, 70.1712
52.7473, -7, 69.972
51.6734, -7, 69.6455
50.5995, -7, 69.2287
49.5255, -7, 69.2188
48.4516, -7, 69.8963
47.3777, -7, 70.2031
46.3038, -7, 70.358
45.2298, -7, 70.3822
44.1559, -7, 70.308
43.082, -7, 70.1704
42.0081, -7, 70.0215
40.9341, -7, 70.0528
39.8602, -7, 69.9325
38.7863, -7, 70.0087
37.7124, -7, 70.0081
36.6384, -7, 70.1203
35.5645, -7, 70.2099
34.4906, -7, 70.2303
33.4167, -7, 70.1561
32.3427, -7, 69.9723
31.2688, -7, 69.727
30.1949, -7, 69.3507
29.121, -7, 70.0349
28.047, -7, 70.7233
26.9731, -7, 71.406
25.8992, -7, 71.9616
24.8253, -7, 72.424
23.7513, -7, 72.8265
22.6774, -7, 73.2045
21.6035, -7, 73.6088
20.5296, -7, 74.1356
19.4556, -7, 74.4299
18.3817, -7, 74.2634
17.3078, -7, 74.2151
16.2339, -7, 74.1796
15.1599, -7, 74.1276
14.086, -7, 74.0689
13.0121, -7, 73.9975
11.9382, -7, 73.9069
10.8642, -7, 74.4971
9.79032, -7, 76.4317
8.7164, -7, 74.9292
7.64247, -7, 74.2384
6.56855, -7, 74.0793
5.49462, -7, 74.2877
4.4207, -7, 73.4119
3.34677, -7, 70.4874
2.27285, -7, 73.9623
1.19892, -7, 72.7358
0.125, -7, 68.5683
-0.934211, -7, 69.7592
-1.99342, -7, 70.0426
-3.05263, -7, 69.9843
-4.11184, -7, 69.7877
-5.17105, -7, 69.4952
-6.23026, -7, 69.0993
-7.28947, -7, 68.56
-8.34868, -7, 67.7989
-9.4079, -7, 67.1612
-10.4671, -7, 66.9871
-11.5263, -7, 67.116
-12.5855, -7, 67.53
-13.6447, -7, 67.7372
-14.7039, -7, 67.7901
-15.7632, -7, 67.7113
-16.8224, -7, 67.4935
-17.8816, -7, 67.0936
-18.9408, -7, 66.5628
98.9263, -8, 74.6329
97.8525, -8, 76.1474
96.7788, -8, 77.0456
95.7051, -8, 77.7216
94.6313, -8, 78.2851
93.5576, -8, 78.7658
92.4839, -8, 79.1146
91.4101, -8, 79.0856
90.3364, -8, 79.2343
89.2627, -8, 79.5843
88.1889, -8, 80.7296
87.1152, -8, 81.3986
86.0415, -8, 81.8352
84.9677, -8, 82.1837
83.894, -8, 82.4841
82.8203, -8, 82.7006
81.7465, -8, 82.7823
80.6728, -8, 83.0354
79.5991, -8, 83.6163
78.5253, -8, 83.0937
77.4516, -8, 83.1788
76.3779, -8, 83.2065
75.3041, -8, 83.1356
74.2304, -8, 82.9917
73.1567, -8, 82.7439
72.0829, -8, 82.3456
71.0092, -8, 82.0433
69.9355, -8, 82.9994
68.8617, -8, 81.5151
67.788, -8, 81.4622
66.7143, -8, 81.5169
65.6406, -8, 81.4247
64.5668, -8, 81.1775
63.4931, -8, 80.7406
62.4194, -8, 80.0275
61.3456, -8, 79.0874
60.2719, -8, 77.9838
59.1982, -8, 78.2658
58.1244, -8, 79.2031
57.0507, -8, 79.9597
55.977, -8, 80.401
54.9032, -8, 80.5957
53.8295, -8, 80.5869
52.7558, -8, 80.347
51.682, -8, 79.7557
50.6083, -8, 78.4969
49.5346, -8, 78.3956
48.4608, -8, 79.8223
47.3871, -8, 80.5343
46.3134, -8, 80.805
45.2396, -8, 80.8534
44.1659, -8, 80.7687
43.0922, -8, 80.5721
42.0184, -8, 80.2188
40.9447, -8, 79.5725
39.871, -8, 79.34
38.7972, -8, 79.803
37.7235, -8, 80.3322
36.6498, -8, 80.5983
35.576, -8, 80.7276
34.5023, -8, 80.7657
33.4286, -8, 80.6975
32.3548, -8, 80.438
31.2811, -8, 79.8631
30.2074, -8, 79.1969
29.1336, -8, 79.9144
28.0599, -8, 81.0048
26.9862, -8, 81.7163
25.9124, -8, 82.2046
24.8387, -8, 82.5766
23.765, -8, 82.8794
22.6912, -8, 83.1261
21.6175, -8, 83.3474
20.5438, -8, 83.77
19.47, -8, 84.0726
18.3963, -8, 84.0759
17.3226, -8, 84.0957
16.2488, -8, 84.064
15.1751, -8, 84.0293
14.1014, -8, 84.0239
13.0276, -8, 84.1059
11.9539, -8, 84.4027
10.8802, -8, 84.7572
9.80645, -8, 85.8613
8.73272, -8, 84.5821
7.65899, -8, 84.26
6.58525, -8, 83.9889
5.51152, -8, 83.9852
4.43779, -8, 82.7287
3.36406, -8, 81.5107
2.29032, -8, 83.6302
1.21659, -8, 81.393
0.142857, -8, 81.1871
-0.917293, -8, 81.0758
-1.97744, -8, 80.7013
-3.03759, -8, 80.4678
-4.09774, -8, 80.235
-5.15789, -8, 79.9684
-6.21805, -8, 79.6376
-7.2782, -8, 79.185
-8.33835, -8, 78.4687
-9.3985, -8, 77.0292
-10.4586, -8, 76.5529
-11.5188, -8, 77.7108
-12.5789, -8, 78.2008
-13.6391, -8, 78.3917
-14.6992, -8, 78.43
-15.7594, -8, 78.3511
-16.8195, -8, 78.1455
-17.8797, -8, 77.7415
-18.9398, -8, 76.8855
98.9265, -9, 84.186
97.8529, -9, 86.0547
96.7794, -9, 87.2344
95.7058, -9, 88.0415
94.6323, -9, 88.63
93.5588, -9, 89.0545
92.4852, -9, 89.2515
91.4117, -9, 89.0049
90.3381, -9, 87.1771
89.2646, -9, 88.9684
88.1911, -9, 90.9008
87.1175, -9, 91.7264
86.044, -9, 92.2083
84.9704, -9, 92.5567
83.8969, -9, 92.8597
82.8233, -9, 93.1371
81.7498, -9, 93.3244
80.6763, -9, 92.7458
79.6027, -9, 92.3069
78.5292, -9, 93.7205
77.4556, -9, 93.8227
76.3821, -9, 93.7329
75.3086, -9, 93.6445
74.235, -9, 93.5509
73.1615, -9, 93.433
72.0879, -9, 93.2226
71.0144, -9, 92.4485
69.9409, -9, 89.8257
68.8673, -9, 92.2142
67.7938, -9, 92.5361
66.7202, -9, 92.4271
65.6467, -9, 92.2529
64.5732, -9, 92.0279
63.4996, -9, 91.7376
62.4261, -9, 91.3804
61.3525, -9, 90.7315
60.279, -9, 89.4675
59.2055, -9, 89.9553
58.1319, -9, 90.7555
57.0584, -9, 91.1241
55.9848, -9, 91.369
54.9113, -9, 91.5182
53.8377, -9, 91.5353
52.7642, -9, 91.3673
51.6907, -9, 90.8312
50.6171, -9, 89.544
49.5436, -9, 89.2933
48.47, -9, 90.6805
47.3965, -9, 91.319
46.323, -9, 91.5471
45.2494, -9, 91.5592
44.1759, -9, 91.4359
43.1023, -9, 91.1934
42.0288, -9, 90.7923
40.9553, -9, 90.0163
39.8817, -9, 88.9578
38.8082, -9, 90.2972
37.7346, -9, 90.9279
36.6611, -9, 91.2146
35.5876, -9, 91.3633
34.514, -9, 91.4308
33.4405, -9, 91.4224
32.3669, -9, 91.298
31.2934, -9, 90.837
30.2199, -9, 89.5517
29.1463, -9, 90.7554
28.0728, -9, 91.7887
26.9992, -9, 92.2648
25.9257, -9, 92.5844
24.8522, -9, 92.8367
23.7786, -9, 93.0487
22.7051, -9, 93.2282
21.6315, -9, 93.3537
20.558, -9, 93.379
19.4844, -9, 93.604
18.4109, -9, 93.9151
17.3374, -9, 93.9727
16.2638, -9, 93.9726
15.1903, -9, 93.973
14.1167, -9, 94.0064
13.0432, -9, 94.1138
11.9697, -9, 94.3727
10.8961, -9, 94.7316
9.82258, -9, 92.3079
8.74904, -9, 94.2441
7.6755, -9, 94.3587
6.60196, -9, 94.0894
5.52842, -9, 93.1046
4.45488, -9, 92.9813
3.38134, -9, 95.4046
2.3078, -9, 93.34
1.23425, -9, 89.5705
0.160714, -9, 94.1557
-0.900376, -9, 92.4026
-1.96147, -9, 91.5067
-3.02256, -9, 91.0674
-4.08365, -9, 90.793
-5.14474, -9, 90.5685
-6.20583, -9, 90.3419
-7.26692, -9, 90.0611
-8.32801, -9, 89.6107
-9.3891, -9, 88.444
-10.4502, -9, 87.7343
-11.5113, -9, 88.932
-12.5724, -9, 89.2251
-13.6335, -9, 89.3141
-14.6945, -9, 89.31
-15.7556, -9, 89.2379
-16.8167, -9, 89.092
-17.8778, -9, 88.8231
-18.9389, -9, 88.2205
98.9267, -10, 95.2623
97.8533, -10, 96.7603
96.78, -10, 97.8026
95.7066, -10, 98.5439
94.6333, -10, 99.097
93.5599, -10, 99.5071
92.4866, -10, 99.7614
91.4132, -10, 99.8031
90.3399, -10, 98.4377
89.26651, -10, 100.1293
88.19316, -10, 101.4532
87.11981, -10, 102.0738
86.04647, -10, 102.4871
84.97312, -10, 102.813
83.89977, -10, 103.1111
82.82642, -10, 103.4246
81.75307, -10, 103.7534
80.67973, -10, 103.6072
79.60638, -10, 103.1593
78.53303, -10, 104.2586
77.45968, -10, 104.2534
76.38633, -10, 104.1906
75.31298, -10, 104.1579
74.23963, -10, 104.1438
73.16628, -10, 104.1227
72.09293, -10, 104.0078
71.01958, -10, 103.3582
69.94624, -10, 100.969
68.87289, -10, 103.2982
67.79954, -10, 103.6285
66.72619, -10, 103.5493
65.65284, -10, 103.3911
64.57949, -10, 103.2213
63.50615, -10, 103.0569
62.4328, -10, 102.8868
61.35945, -10, 102.7651
60.2861, -10, 102.1998
59.21275, -10, 102.6378
58.1394, -10, 102.5957
57.06605, -10, 102.6678
55.9927, -10, 102.7741
54.91935, -10, 102.8616
53.846, -10, 102.91
52.77266, -10, 102.8497
51.69931, -10, 102.6522
50.62596, -10, 102.2171
49.55261, -10, 101.8799
48.47926, -10, 102.432
47.40591, -10, 102.5699
46.33257, -10, 102.5951
45.25922, -10, 102.4905
44.18587, -10, 102.3099
43.11252, -10, 102.0582
42.03917, -10, 101.7338
40.96582, -10, 101.3495
39.89247, -10, 100.354
38.81913, -10, 101.4498
37.74578, -10, 101.7402
36.67243, -10, 101.9493
35.59908, -10, 102.09
34.52573, -10, 102.1909
33.45238, -10, 102.2648
32.37903, -10, 102.3125
31.30568, -10, 102.3782
30.23233, -10, 101.6653
29.15899, -10, 102.5474
28.08564, -10, 102.7619
27.01229, -10, 102.9149
25.93894, -10, 103.0471
24.86559, -10, 103.1661
23.79224, -10, 103.279
22.71889, -10, 103.3872
21.64555, -10, 103.4802
20.5722, -10, 103.3413
19.49885, -10, 103.401
18.4255, -10, 103.7144
17.35215, -10, 103.7823
16.2788, -10, 103.8212
15.20545, -10, 103.8474
14.1321, -10, 103.8895
13.05876, -10, 103.9402
11.98541, -10, 103.9546
10.91206, -10, 103.9541
9.83871, -10, 104.7597
8.765361, -10, 104.1921
7.692012, -10, 104.1299
6.618664, -10, 104.1764
5.545315, -10, 104.3665
4.471966, -10, 105.8109
3.398618, -10, 104.2309
2.325269, -10, 101.2518
1.25192, -10, 101.3204
0.1785714, -10, 103.9975
-0.8834587, -10, 103.1315
-1.945489, -10, 102.1058
-3.007519, -10, 101.6039
-4.069549, -10, 101.3329
-5.131579, -10, 101.1749
-6.193609, -10, 101.0765
-7.255639, -10, 101.0031
-8.317669, -10, 100.9212
-9.3797, -10, 100.7521
-10.44173, -10, 100.5312
-11.50376, -10, 100.486
-12.56579, -10, 100.4304
-13.62782, -10, 100.3705
-14.68985, -10, 100.3092
-15.75188, -10, 100.2473
-16.81391, -10, 100.185
-17.87594, -10, 100.1225
-18.93797, -10, 100.06
98.92684, -11, 107.3651
97.85368, -11, 108.2437
96.78053, -11, 108.8509
95.70737, -11, 109.3852
94.63422, -11, 109.8633
93.56106, -11, 110.2973
92.4879, -11, 110.714
91.41475, -11, 111.1152
90.34159, -11, 112.6409
89.26843, -11, 112.2315
88.19527, -11, 112.278
87.12212, -11, 112.5587
86.04897, -11, 112.8324
84.97581, -11, 113.0926
83.90265, -11, 113.35
82.82949, -11, 113.6203
81.75634, -11, 113.9702
80.68318, -11, 114.9515
79.61002, -11, 115.8955
78.53687, -11, 114.544
77.46371, -11, 114.443
76.39056, -11, 114.4825
75.3174, -11, 114.5318
74.24424, -11, 114.5903
73.17108, -11, 114.643
72.09792, -11, 114.6545
71.02477, -11, 114.6901
69.95161, -11, 116.0013
68.87846, -11, 114.6811
67.8053, -11, 114.6347
66.73214, -11, 114.5267
65.65899, -11, 114.3853
64.58583, -11, 114.2723
63.51267, -11, 114.2299
62.43952, -11, 114.3234
61.36636, -11, 114.6394
60.2932, -11, 115.8924
59.22005, -11, 115.0887
58.14689, -11, 114.5124
57.07373, -11, 114.2406
56.00058, -11, 114.1506
54.92742, -11, 114.1906
53.85426, -11, 114.3225
52.7811, -11, 114.5676
51.70795, -11, 114.9078
50.63479, -11, 115.3404
49.56163, -11, 115.494
48.48848, -11, 114.6456
47.41532, -11, 114.1831
46.34217, -11, 113.8008
45.26901, -11, 113.5254
44.19585, -11, 113.2979
43.1227, -11, 113.1087
42.04954, -11, 112.9617
40.97638, -11, 112.8384
39.90322, -11, 113.3503
38.83007, -11, 112.7299
37.75691, -11, 112.7396
36.68375, -11, 112.784
35.6106, -11, 112.8737
34.53744, -11, 112.9953
33.46429, -11, 113.1619
32.39113, -11, 113.4254
31.31797, -11, 113.8535
30.24482, -11, 115.2939
29.17166, -11, 114.2979
28.0985, -11, 113.7919
27.02534, -11, 113.5998
25.95219, -11, 113.5345
24.87903, -11, 113.5246
23.80588, -11, 113.5365
22.73272, -11, 113.5565
21.65956, -11, 113.5817
20.5864, -11, 113.6176
19.51325, -11, 113.572
18.44009, -11, 113.4995
17.36694, -11, 113.5208
16.29378, -11, 113.5267
15.22062, -11, 113.5223
14.14747, -11, 113.5246
13.07431, -11, 113.5392
12.00115, -11, 113.51
10.928, -11, 113.3369
9.854838, -11, 115.5551
8.781682, -11, 113.8892
7.708525, -11, 113.7386
6.635369, -11, 114.0152
5.562212, -11, 115.1109
4.489055, -11, 114.5807
3.415899, -11, 112.2296
2.342742, -11, 109.6726
1.269585, -11, 113.8188
0.1964286, -11, 113.2326
-0.8665413, -11, 112.7299
-1.929511, -11, 112.2439
-2.992481, -11, 111.8664
-4.055451, -11, 111.6861
-5.118421, -11, 111.6359
-6.181391, -11, 111.6835
-7.244361, -11, 111.8247
-8.307331, -11, 112.1155
-9.3703, -11, 112.9579
-10.43327, -11, 113.3998
-11.49624, -11, 112.0529
-12.55921, -11, 111.6398
-13.62218, -11, 111.428
-14.68515, -11, 111.3081
-15.74812, -11, 111.2561
-16.81109, -11, 111.2776
-17.87406, -11, 111.4214
-18.93703, -11, 111.8995
98.92703, -12, 120.1861
97.85407, -12, 119.9135
96.7811, -12, 120.1443
95.70814, -12, 120.4823
94.63518, -12, 120.8682
93.56221, -12, 121.3022
92.48925, -12, 121.8196
91.41628, -12, 122.7001
90.34332, -12, 125.0093
89.27036, -12, 124.3037
88.19739, -12, 123.243
87.12442, -12, 123.1464
86.05146, -12, 123.2499
84.97849, -12, 123.4119
83.90553, -12, 123.6111
82.83257, -12, 123.8543
81.7596, -12, 124.2577
80.68664, -12, 125.575
79.61367, -12, 126.5719
78.5407, -12, 124.8749
77.46774, -12, 124.6537
76.39478, -12, 124.6968
75.32182, -12, 124.7952
74.24885, -12, 124.9263
73.17588, -12, 125.0989
72.10292, -12, 125.3907
71.02995, -12, 126.333
69.95699, -12, 128.5366
68.88403, -12, 126.3588
67.81106, -12, 125.5941
66.7381, -12, 125.3398
65.66513, -12, 125.1887
64.59216, -12, 125.1193
63.5192, -12, 125.1682
62.44624, -12, 125.4122
61.37327, -12, 126.0713
60.30031, -12, 127.7085
59.22734, -12, 126.8843
58.15438, -12, 125.8925
57.08141, -12, 125.479
56.00845, -12, 125.3341
54.93548, -12, 125.37
53.86252, -12, 125.5719
52.78955, -12, 125.968
51.71659, -12, 126.6838
50.64362, -12, 128.0482
49.57066, -12, 128.2654
48.4977, -12, 126.5373
47.42473, -12, 125.5503
46.35176, -12, 124.958
45.2788, -12, 124.5594
44.20584, -12, 124.2862
43.13287, -12, 124.1072
42.05991, -12, 124.0361
40.98694, -12, 124.2798
39.91398, -12, 125.0051
38.84101, -12, 123.9681
37.76805, -12, 123.6441
36.69508, -12, 123.6036
35.62212, -12, 123.6598
34.54916, -12, 123.7909
33.47619, -12, 124.0094
32.40322, -12, 124.3627
31.33026, -12, 125.0507
30.2573, -12, 126.8763
29.18433, -12, 125.6375
28.11137, -12, 124.6203
27.0384, -12, 124.2173
25.96544, -12, 124.0057
24.89247, -12, 123.8809
23.81951, -12, 123.7995
22.74654, -12, 123.7303
21.67358, -12, 123.6619
20.60061, -12, 123.7894
19.52765, -12, 123.6806
18.45469, -12, 123.3315
17.38172, -12, 123.2437
16.30876, -12, 123.2027
15.23579, -12, 123.1593
14.16283, -12, 123.0943
13.08986, -12, 123.009
12.0169, -12, 122.9907
10.94393, -12, 123.2601
9.870968, -12, 120.8132
8.798003, -12, 122.9898
7.725039, -12, 123.2805
6.652074, -12, 123.2856
5.579109, -12, 123.122
4.506145, -12, 122.5943
3.43318, -12, 120.3959
2.360215, -12, 120.1414
1.28725, -12, 123.5472
0.2142857, -12, 122.1846
-0.849624, -12, 121.6781
-1.913534, -12, 121.7615
-2.977444, -12, 121.805
-4.041353, -12, 121.8697
-5.105263, -12, 121.9642
-6.169173, -12, 122.1201
-7.233083, -12, 122.396
-8.296992, -12, 122.9418
-9.360902, -12, 124.198
-10.42481, -12, 124.5919
-11.48872, -12, 123.307
-12.55263, -12, 122.6719
-13.61654, -12, 122.3499
-14.68045, -12, 122.1851
-15.74436, -12, 122.1395
-16.80827, -12, 122.2214
-17.87218, -12, 122.5023
-18.93609, -12, 123.2346
98.92723, -13, 132.1906
97.85445, -13, 131.5909
96.78168, -13, 131.4094
95.70891, -13, 131.53
94.63614, -13, 131.8205
93.56336, -13, 132.2631
92.49059, -13, 132.9479
91.41782, -13, 133.9478
90.34505, -13, 134.8503
89.27227, -13, 134.9139
88.1995, -13, 134.1755
87.12673, -13, 133.7558
86.05396, -13, 133.6485
84.98119, -13, 133.7113
83.90841, -13, 133.8748
82.83564, -13, 134.1468
81.76286, -13, 134.5611
80.69009, -13, 134.8871
79.61732, -13, 134.6555
78.54455, -13, 135.0893
77.47177, -13, 134.9472
76.399, -13, 134.9185
75.32623, -13, 135.0162
74.25346, -13, 135.2132
73.18069, -13, 135.5568
72.10791, -13, 136.1866
71.03514, -13, 137.1385
69.96236, -13, 137.6355
68.88959, -13, 137.2839
67.81682, -13, 136.4728
66.74405, -13, 135.9681
65.67127, -13, 135.7346
64.5985, -13, 135.6717
63.52573, -13, 135.7714
62.45296, -13, 136.0863
61.38018, -13, 136.7014
60.30741, -13, 137.4013
59.23464, -13, 137.3444
58.16187, -13, 136.5884
57.08909, -13, 136.1933
56.01632, -13, 136.0549
54.94355, -13, 136.1092
53.87078, -13, 136.349
52.798, -13, 136.8249
51.72523, -13, 137.6851
50.65246, -13, 139.2126
49.57969, -13, 139.4441
48.50691, -13, 137.6209
47.43414, -13, 136.4656
46.36137, -13, 135.7507
45.28859, -13, 135.2899
44.21582, -13, 134.9934
43.14305, -13, 134.8372
42.07028, -13, 134.8484
40.99751, -13, 135.0235
39.92473, -13, 134.8193
38.85196, -13, 134.6903
37.77919, -13, 134.3679
36.70641, -13, 134.2327
35.63364, -13, 134.2527
34.56087, -13, 134.3839
33.48809, -13, 134.629
32.41532, -13, 135.0378
31.34255, -13, 135.6829
30.26978, -13, 136.1893
29.197, -13, 135.9964
28.12423, -13, 135.1735
27.05146, -13, 134.6525
25.97869, -13, 134.3368
24.90591, -13, 134.1282
23.83314, -13, 133.979
22.76037, -13, 133.862
21.6876, -13, 133.7592
20.61482, -13, 133.5895
19.54205, -13, 133.3551
18.46928, -13, 133.2251
17.39651, -13, 133.105
16.32373, -13, 133.0026
15.25096, -13, 132.9082
14.17819, -13, 132.8185
13.10541, -13, 132.729
12.03264, -13, 132.6242
10.95987, -13, 132.4366
9.887096, -13, 132.1198
8.814324, -13, 132.2844
7.741551, -13, 132.5373
6.668779, -13, 132.5785
5.596006, -13, 131.8525
4.523233, -13, 130.1209
3.450461, -13, 130.1444
2.377688, -13, 133.7483
1.304916, -13, 133.1736
0.2321429, -13, 130.677
-0.8327067, -13, 130.5009
-1.897556, -13, 131.1514
-2.962406, -13, 131.6599
-4.027256, -13, 131.9587
-5.092105, -13, 132.1747
-6.156955, -13, 132.4018
-7.221805, -13, 132.7305
-8.286654, -13, 133.2986
-9.351503, -13, 133.9334
-10.41635, -13, 134.1732
-11.4812, -13, 133.9059
-12.54605, -13, 133.3457
-13.6109, -13, 133.0018
-14.67575, -13, 132.8202
-15.7406, -13, 132.7745
-16.80545, -13, 132.8702
-17.8703, -13, 133.1489
-18.93515, -13, 133.5622
98.92742, -14, 142.9757
97.85484, -14, 142.5812
96.78226, -14, 142.3778
95.70968, -14, 142.3953
94.6371, -14, 142.5994
93.56451, -14, 142.9783
92.49194, -14, 143.5349
91.41936, -14, 144.1725
90.34677, -14, 144.2585
89.27419, -14, 144.3527
88.20161, -14, 144.3276
87.12904, -14, 144.0429
86.05645, -14, 143.9084
84.98387, -14, 143.9193
83.91129, -14, 144.0378
82.83871, -14, 144.2221
81.76613, -14, 144.3539
80.69355, -14, 143.7147
79.62096, -14, 143.2788
78.54839, -14, 144.6998
77.47581, -14, 144.9323
76.40323, -14, 145.0065
75.33064, -14, 145.1297
74.25806, -14, 145.358
73.18549, -14, 145.7358
72.1129, -14, 146.3012
71.04032, -14, 146.8343
69.96774, -14, 146.9397
68.89516, -14, 147.0613
67.82258, -14, 146.6305
66.75, -14, 146.1903
65.67742, -14, 145.9442
64.60484, -14, 145.8681
63.53226, -14, 145.9407
62.45968, -14, 146.1485
61.3871, -14, 146.3949
60.31452, -14, 146.4606
59.24194, -14, 146.5094
58.16935, -14, 146.4967
57.09678, -14, 146.3262
56.02419, -14, 146.2712
54.95161, -14, 146.3599
53.87903, -14, 146.6054
52.80645, -14, 147.0403
51.73387, -14, 147.7045
50.66129, -14, 148.5872
49.58871, -14, 148.9083
48.51613, -14, 147.6295
47.44355, -14, 146.7485
46.37097, -14, 146.1006
45.29839, -14, 145.6506
44.22581, -14, 145.3522
43.15322, -14, 145.1808
42.08065, -14, 145.114
41.00806, -14, 144.9793
39.93548, -14, 144.6218
38.8629, -14, 144.7133
37.79032, -14, 144.6462
36.71774, -14, 144.5699
35.64516, -14, 144.5958
34.57258, -14, 144.7221
33.5, -14, 144.9478
32.42742, -14, 145.2706
31.35484, -14, 145.5889
30.28226, -14, 145.4766
29.20968, -14, 145.4665
28.1371, -14, 145.246
27.06452, -14, 144.821
25.99194, -14, 144.4807
24.91936, -14, 144.2246
23.84678, -14, 144.0295
22.77419, -14, 143.8708
21.70161, -14, 143.7062
20.62903, -14, 143.2926
19.55645, -14, 142.9846
18.48387, -14, 143.0723
17.41129, -14, 142.9395
16.33871, -14, 142.7784
15.26613, -14, 142.6311
14.19355, -14, 142.513
13.12097, -14, 142.4183
12.04839, -14, 142.2458
10.97581, -14, 141.7154
9.903226, -14, 143.7528
8.830646, -14, 142.1101
7.758065, -14, 142.1906
6.685484, -14, 142.5052
5.612903, -14, 142.9237
4.540323, -14, 142.0682
3.467742, -14, 142.9567
2.395161, -14, 143.4423
1.322581, -14, 141.4746
0.25, -14, 139.2738
-0.8157895, -14, 139.7118
-1.881579, -14, 140.9913
-2.947368, -14, 141.6173
-4.013158, -14, 141.9746
-5.078948, -14, 142.242
-6.144737, -14, 142.5055
-7.210526, -14, 142.8174
-8.276316, -14, 143.1199
-9.342105, -14, 143.4422
-10.4079, -14, 143.7263
-11.47368, -14, 143.6124
-12.53947, -14, 143.4757
-13.60526, -14, 143.2491
-14.67105, -14, 143.0944
-15.73684, -14, 143.039
-16.80263, -14, 143.0776
-17.86842, -14, 143.1448
-18.93421, -14, 143.0776
98.92761, -15, 152.9494
97.85522, -15, 152.7134
96.78284, -15, 152.6637
95.71045, -15, 152.6954
94.63805, -15, 152.8359
93.56567, -15, 153.07
92.49328, -15, 153.3266
91.42089, -15, 153.5619
90.3485, -15, 153.9055
89.27612, -15, 153.7731
88.20373, -15, 153.6727
87.13134, -15, 153.7081
86.05894, -15, 153.7071
84.98656, -15, 153.7335
83.91417, -15, 153.7931
82.84178, -15, 153.825
81.76939, -15, 153.6732
80.69701, -15, 153.3169
79.62462, -15, 153.4521
78.55223, -15, 153.9447
77.47984, -15, 154.401
76.40745, -15, 154.6433
75.33506, -15, 154.8191
74.26267, -15, 155.0295
73.19028, -15, 155.2986
72.1179, -15, 155.5778
71.04551, -15, 156.0009
69.97312, -15, 156.6721
68.90073, -15, 156.1824
67.82834, -15, 155.909
66.75595, -15, 155.7476
65.68356, -15, 155.6039
64.61118, -15, 155.5376
63.53879, -15, 155.5402
62.4664, -15, 155.5396
61.39401, -15, 155.4733
60.32162, -15, 155.2893
59.24923, -15, 155.4725
58.17684, -15, 155.6944
57.10445, -15, 155.8523
56.03207, -15, 155.9466
54.95968, -15, 156.0802
53.88729, -15, 156.2899
52.8149, -15, 156.5648
51.74251, -15, 156.8583
50.67012, -15, 157.2474
49.59773, -15, 157.1927
48.52534, -15, 156.7852
47.45296, -15, 156.3217
46.38057, -15, 155.9035
45.30818, -15, 155.5405
44.23579, -15, 155.2556
43.1634, -15, 155.0283
42.09101, -15, 154.795
41.01862, -15, 154.5902
39.94624, -15, 154.4018
38.87385, -15, 154.3681
37.80146, -15, 154.4131
36.72907, -15, 154.4882
35.65668, -15, 154.5597
34.58429, -15, 154.6768
33.51191, -15, 154.8414
32.43952, -15, 154.9965
31.36713, -15, 155.0659
30.29474, -15, 155.1029
29.22235, -15, 154.9724
28.14996, -15, 154.8324
27.07757, -15, 154.6214
26.00518, -15, 154.3569
24.9328, -15, 154.1137
23.86041, -15, 153.8945
22.78802, -15, 153.6735
21.71563, -15, 153.4233
20.64324, -15, 153.1835
19.57085, -15, 152.9834
18.49846, -15, 152.8121
17.42608, -15, 152.5997
16.35369, -15, 152.4173
15.2813, -15, 152.2417
14.20891, -15, 152.0514
13.13652, -15, 151.8401
12.06413, -15, 151.6824
10.99174, -15, 151.8029
9.919354, -15, 149.8685
8.846966, -15, 151.8441
7.774578, -15, 152.2178
6.702189, -15, 152.5776
5.6298, -15, 153.6121
4.557412, -15, 154.3255
3.485023, -15, 153.0918
2.412634, -15, 151.51
1.340246, -15, 149.9364
0.2678571, -15, 148.1173
-0.7988722, -15, 150.1699
-1.865602, -15, 151.1712
-2.932331, -15, 151.6381
-3.99906, -15, 151.9474
-5.06579, -15, 152.1895
-6.132519, -15, 152.3982
-7.199248, -15, 152.5923
-8.265978, -15, 152.7886
-9.332706, -15, 153.0159
-10.39944, -15, 153.227
-11.46617, -15, 153.1336
-12.5329, -15, 153.0457
-13.59962, -15, 152.9647
-14.66635, -15, 152.886
-15.73308, -15, 152.8091
-16.79981, -15, 152.7328
-17.86654, -15, 152.6566
-18.93327, -15, 152.5799
98.9278, -16, 162.402
97.85561, -16, 162.3927
96.78341, -16, 162.3725
95.71121, -16, 162.4189
94.63902, -16, 162.5088
93.56682, -16, 162.6189
92.49462, -16, 162.7288
91.42242, -16, 162.8344
90.35023, -16, 163.2185
89.27803, -16, 163.0855
88.20583, -16, 162.9603
87.13364, -16, 163.0146
86.06145, -16, 163.0829
84.98925, -16, 163.1394
83.91705, -16, 163.1724
82.84486, -16, 163.1744
81.77266, -16, 163.166
80.70046, -16, 163.4473
79.62827, -16, 163.7551
78.55607, -16, 163.4997
77.48387, -16, 163.6854
76.41167, -16, 163.8907
75.33948, -16, 164.0689
74.26728, -16, 164.2325
73.19508, -16, 164.4022
72.12289, -16, 164.6126
71.05069, -16, 164.9764
69.97849, -16, 166.0094
68.9063, -16, 165.0741
67.8341, -16, 164.8744
66.7619, -16, 164.7884
65.6897, -16, 164.7358
64.61751, -16, 164.6965
63.54531, -16, 164.6599
62.47312, -16, 164.615
61.40092, -16, 164.5356
60.32872, -16, 164.2707
59.25653, -16, 164.4524
58.18433, -16, 164.763
57.11214, -16, 164.9649
56.03994, -16, 165.1386
54.96774, -16, 165.3039
53.89555, -16, 165.4691
52.82335, -16, 165.6354
51.75115, -16, 165.7743
50.67896, -16, 165.6165
49.60676, -16, 165.4438
48.53456, -16, 165.693
47.46236, -16, 165.493
46.39017, -16, 165.2354
45.31797, -16, 164.9799
44.24578, -16, 164.7332
43.17358, -16, 164.4957
42.10138, -16, 164.2677
41.02919, -16, 164.0541
39.95699, -16, 164.0695
38.88479, -16, 163.9381
37.8126, -16, 163.9842
36.7404, -16, 164.0604
35.6682, -16, 164.1508
34.596, -16, 164.2496
33.52381, -16, 164.3546
32.45161, -16, 164.4666
31.37942, -16, 164.5971
30.30722, -16, 164.7612
29.23502, -16, 164.6196
28.16283, -16, 164.3565
27.09063, -16, 164.1539
26.01843, -16, 163.9665
24.94624, -16, 163.7788
23.87404, -16, 163.5821
22.80184, -16, 163.3693
21.72965, -16, 163.143
20.65745, -16, 163.0742
19.58525, -16, 162.9951
18.51306, -16, 162.531
17.44086, -16, 162.3371
16.36866, -16, 162.1464
15.29647, -16, 161.9484
14.22427, -16, 161.7253
13.15207, -16, 161.4836
12.07988, -16, 161.2816
11.00768, -16, 161.2167
9.935484, -16, 160.7613
8.863287, -16, 161.3632
7.79109, -16, 161.6845
6.718894, -16, 161.9766
5.646698, -16, 162.1906
4.574501, -16, 161.9498
3.502304, -16, 161.0776
2.430108, -16, 159.6545
1.357911, -16, 157.9495
0.2857143, -16, 159.7695
-0.7819549, -16, 161.397
-1.849624, -16, 161.5801
-2.917293, -16, 161.7532
-3.984962, -16, 161.9132
-5.052631, -16, 162.0624
-6.120301, -16, 162.2058
-7.18797, -16, 162.3503
-8.255639, -16, 162.499
-9.323308, -16, 162.6458
-10.39098, -16, 162.7131
-11.45865, -16, 162.6402
-12.52632, -16, 162.5577
-13.59398, -16, 162.4739
-14.66165, -16, 162.3932
-15.72932, -16, 162.3149
-16.79699, -16, 162.2376
-17.86466, -16, 162.1598
-18.93233, -16, 162.0798
98.92799, -17, 171.6922
97.85599, -17, 171.8182
96.78399, -17, 171.8854
95.71198, -17, 171.9327
94.63998, -17, 171.9911
93.56797, -17, 172.0526
92.49596, -17, 172.0994
91.42397, -17, 172.1191
90.35196, -17, 172.0406
89.27995, -17, 172.2303
88.20795, -17, 172.3545
87.13595, -17, 172.4141
86.06394, -17, 172.4804
84.99194, -17, 172.5452
83.91993, -17, 172.6076
82.84792, -17, 172.6884
81.77592, -17, 172.883
80.70392, -17, 173.2677
79.63191, -17, 173.448
78.55991, -17, 173.2212
77.4879, -17, 173.1348
76.4159, -17, 173.1905
75.3439, -17, 173.286
74.27189, -17, 173.3908
73.19988, -17, 173.5089
72.12788, -17, 173.6577
71.05588, -17, 173.8208
69.98387, -17, 173.8113
68.91187, -17, 173.8532
67.83986, -17, 173.799
66.76786, -17, 173.7684
65.69585, -17, 173.7504
64.62385, -17, 173.7375
63.55184, -17, 173.7222
62.47984, -17, 173.6923
61.40783, -17, 173.6239
60.33583, -17, 173.521
59.26382, -17, 173.5924
58.19182, -17, 173.8339
57.11982, -17, 174.0535
56.04781, -17, 174.2341
54.97581, -17, 174.3934
53.9038, -17, 174.5345
52.8318, -17, 174.6375
51.75979, -17, 174.617
50.68779, -17, 174.3897
49.61578, -17, 174.3281
48.54378, -17, 174.5444
47.47178, -17, 174.5762
46.39977, -17, 174.4528
45.32777, -17, 174.278
44.25576, -17, 174.0891
43.18375, -17, 173.8935
42.11175, -17, 173.6863
41.03975, -17, 173.4894
39.96774, -17, 173.3363
38.89574, -17, 173.4589
37.82373, -17, 173.5256
36.75173, -17, 173.5873
35.67972, -17, 173.6544
34.60772, -17, 173.7294
33.53571, -17, 173.8154
32.46371, -17, 173.9246
31.3917, -17, 174.0915
30.3197, -17, 174.3543
29.2477, -17, 174.19
28.17569, -17, 173.899
27.10369, -17, 173.7005
26.03168, -17, 173.5501
24.95968, -17, 173.4125
23.88767, -17, 173.2734
22.81567, -17, 173.1255
21.74366, -17, 172.9757
20.67166, -17, 172.8113
19.59966, -17, 172.612
18.52765, -17, 172.365
17.45564, -17, 172.2048
16.38364, -17, 172.0393
15.31164, -17, 171.8486
14.23963, -17, 171.629
13.16763, -17, 171.3665
12.09562, -17, 170.999
11.02362, -17, 170.4164
9.951612, -17, 173.0875
8.879608, -17, 170.8253
7.807604, -17, 171.0212
6.735599, -17, 171.3692
5.663594, -17, 171.0635
4.59159, -17, 169.4707
3.519585, -17, 168.7075
2.447581, -17, 170.5177
1.375576, -17, 171.2746
0.3035714, -17, 173.9061
-0.7650376, -17, 172.7061
-1.833647, -17, 172.0499
-2.902256, -17, 171.9221
-3.970865, -17, 171.9253
-5.039474, -17, 171.9714
-6.108083, -17, 172.0367
-7.176692, -17, 172.1157
-8.2453, -17, 172.2069
-9.31391, -17, 172.2874
-10.38252, -17, 172.2083
-11.45113, -17, 172.1368
-12.51974, -17, 172.0535
-13.58835, -17, 171.9722
-14.65695, -17, 171.8926
-15.72556, -17, 171.8143
-16.79417, -17, 171.7364
-17.86278, -17, 171.6585
-18.93139, -17, 171.5797
98.92818, -18, 181.0766
97.85638, -18, 181.1789
96.78456, -18, 181.2659
95.71275, -18, 181.3363
94.64094, -18, 181.3943
93.56912, -18, 181.4403
92.49731, -18, 181.4678
91.4255, -18, 181.44
90.35368, -18, 181.0752
89.28188, -18, 181.4044
88.21006, -18, 181.7523
87.13825, -18, 181.8819
86.06644, -18, 181.9716
84.99462, -18, 182.0571
83.92281, -18, 182.1569
82.851, -18, 182.2896
81.77918, -18, 182.4788
80.70737, -18, 182.6773
79.63556, -18, 182.789
78.56375, -18, 182.7092
77.49194, -18, 182.6108
76.42012, -18, 182.5686
75.34831, -18, 182.5679
74.2765, -18, 182.5917
73.20468, -18, 182.6269
72.13287, -18, 182.6519
71.06106, -18, 182.5524
69.98925, -18, 181.7746
68.91743, -18, 182.5638
67.84562, -18, 182.6923
66.77381, -18, 182.7264
65.702, -18, 182.7507
64.63019, -18, 182.7712
63.55837, -18, 182.7852
62.48656, -18, 182.7874
61.41475, -18, 182.7752
60.34293, -18, 182.834
59.27112, -18, 182.8903
58.19931, -18, 182.9966
57.12749, -18, 183.1654
56.05568, -18, 183.3271
54.98387, -18, 183.4699
53.91206, -18, 183.584
52.84024, -18, 183.6538
51.76843, -18, 183.6568
50.69662, -18, 183.6548
49.62481, -18, 183.6462
48.55299, -18, 183.6584
47.48118, -18, 183.6841
46.40937, -18, 183.6357
45.33756, -18, 183.537
44.26574, -18, 183.4093
43.19393, -18, 183.2664
42.12212, -18, 183.118
41.05031, -18, 182.9579
39.97849, -18, 182.6447
38.90668, -18, 182.9508
37.83487, -18, 183.0382
36.76306, -18, 183.0889
35.69125, -18, 183.1361
34.61943, -18, 183.1884
33.54762, -18, 183.2531
32.47581, -18, 183.3412
31.40399, -18, 183.4752
30.33218, -18, 183.7372
29.26037, -18, 183.5783
28.18856, -18, 183.3787
27.11674, -18, 183.2521
26.04493, -18, 183.1605
24.97312, -18, 183.0854
23.90131, -18, 183.0161
22.82949, -18, 182.9424
21.75768, -18, 182.8421
20.68587, -18, 182.5685
19.61406, -18, 182.2233
18.54224, -18, 182.3187
17.47043, -18, 182.1795
16.39862, -18, 182.0267
15.32681, -18, 181.8512
14.25499, -18, 181.6328
13.18318, -18, 181.3401
12.11137, -18, 180.9285
11.03955, -18, 180.4216
9.967742, -18, 178.4051
8.895929, -18, 180.3027
7.824117, -18, 180.9834
6.752304, -18, 181.4623
5.680491, -18, 181.9036
4.608679, -18, 181.9136
3.536866, -18, 180.8015
2.465054, -18, 183.3036
1.393241, -18, 185.1846
0.3214286, -18, 184.2098
-0.7481203, -18, 183.3642
-1.817669, -18, 182.3909
-2.887218, -18, 182.0574
-3.956767, -18, 181.9257
-5.026316, -18, 181.8711
-6.095865, -18, 181.8539
-7.165413, -18, 181.8584
-8.234962, -18, 181.8748
-9.304511, -18, 181.8682
-10.37406, -18, 181.7211
-11.44361, -18, 181.624
-12.51316, -18, 181.5408
-13.58271, -18, 181.4613
-14.65226, -18, 181.3837
-15.7218, -18, 181.3071
-16.79135, -18, 181.2309
-17.8609, -18, 181.1549
-18.93045, -18, 181.0785
98.92838, -19, 190.5334
97.85676, -19, 190.6074
96.78514, -19, 190.6834
95.71352, -19, 190.7533
94.6419, -19, 190.8149
93.57027, -19, 190.8653
92.49866, -19, 190.8936
91.42703, -19, 190.8559
90.35542, -19, 190.6746
89.28379, -19, 190.8577
88.21217, -19, 191.1609
87.14056, -19, 191.3286
86.06893, -19, 191.4425
84.99731, -19, 191.5433
83.92569, -19, 191.6464
82.85407, -19, 191.7591
81.78245, -19, 191.8706
80.71083, -19, 192.0022
79.63921, -19, 192.0726
78.56759, -19, 191.9723
77.49596, -19, 191.9111
76.42435, -19, 191.8432
75.35273, -19, 191.784
74.2811, -19, 191.7321
73.20949, -19, 191.6761
72.13786, -19, 191.582
71.06625, -19, 191.3729
69.99462, -19, 191.1087
68.923, -19, 191.3773
67.85138, -19, 191.5862
66.77976, -19, 191.6889
65.70814, -19, 191.7591
64.63652, -19, 191.8196
63.5649, -19, 191.8742
62.49328, -19, 191.9245
61.42166, -19, 191.984
60.35004, -19, 192.0854
59.27842, -19, 192.1816
58.2068, -19, 192.2722
57.13518, -19, 192.3888
56.06356, -19, 192.5209
54.99194, -19, 192.6483
53.92031, -19, 192.7632
52.84869, -19, 192.8617
51.77707, -19, 192.9599
50.70545, -19, 193.0416
49.63383, -19, 193.071
48.56221, -19, 193.0407
47.49059, -19, 192.9919
46.41897, -19, 192.9435
45.34735, -19, 192.8781
44.27573, -19, 192.7982
43.20411, -19, 192.7091
42.13249, -19, 192.6134
41.06087, -19, 192.4928
39.98925, -19, 192.3659
38.91763, -19, 192.4617
37.846, -19, 192.5282
36.77439, -19, 192.5599
35.70277, -19, 192.5815
34.63115, -19, 192.6039
33.55952, -19, 192.6328
32.4879, -19, 192.674
31.41628, -19, 192.7391
30.34466, -19, 192.8712
29.27304, -19, 192.8297
28.20142, -19, 192.7575
27.1298, -19, 192.7425
26.05818, -19, 192.7431
24.98656, -19, 192.7521
23.91494, -19, 192.7623
22.84332, -19, 192.7633
21.7717, -19, 192.7235
20.70008, -19, 192.5512
19.62846, -19, 192.3226
18.55684, -19, 192.408
17.48521, -19, 192.3288
16.4136, -19, 192.1932
15.34197, -19, 192.039
14.27035, -19, 191.8573
13.19873, -19, 191.6349
12.12711, -19, 191.3591
11.05549, -19, 190.8017
9.983871, -19, 188.4164
8.912251, -19, 190.2642
7.84063, -19, 191.1664
6.769009, -19, 191.7391
5.697389, -19, 192.8226
4.625768, -19, 194.4684
3.554147, -19, 194.1354
2.482527, -19, 193.8797
1.410906, -19, 193.4981
0.3392857, -19, 192.9292
-0.731203, -19, 192.6845
-1.801692, -19, 192.3066
-2.87218, -19, 191.9715
-3.942669, -19, 191.7827
-5.013158, -19, 191.6612
-6.083647, -19, 191.5743
-7.154135, -19, 191.5055
-8.224624, -19, 191.4401
-9.295113, -19, 191.3278
-10.3656, -19, 191.2062
-11.43609, -19, 191.101
-12.50658, -19, 191.0204
-13.57707, -19, 190.9442
-14.64756, -19, 190.8696
-15.71805, -19, 190.7958
-16.78853, -19, 190.7223
-17.85902, -19, 190.6491
-18.92951, -19, 190.5757
2.017, 0.8, 0.061645
3.0821, 0.8, 0.52032
4.1471, 0.8, -0.47886
5.2121, 0.8, -0.50227
6.2772, 0.8, -0.8293
7.3422, 0.8, -0.71802
8.4072, 0.8, -0.30677
9.4723, 0.8, 0.59212
10.5373, 0.8, 0.0494985
11.6023, 0.8, -0.663385
12.6674, 0.8, -0.599199
13.7324, 0.8, -0.596996
14.7974, 0.8, -0.682279
15.8625, 0.8, -0.861324
16.9275, 0.8, -1.16109
17.9925, 0.8, -1.61167
19.0575, 0.8, -2.2505
20.1226, 0.8, -2.58502
21.1876, 0.8, -2.24014
22.2526, 0.8, -1.86814
23.3177, 0.8, -1.67632
24.3827, 0.8, -1.61111
25.4477, 0.8, -1.65088
26.5128, 0.8, -1.76424
27.5778, 0.8, -1.89986
28.6428, 0.8, -1.85911
29.7079, 0.8, -0.793188
30.7729, 0.8, -1.42807
31.8379, 0.8, -2.05048
32.903, 0.8, -2.18521
33.968, 0.8, -2.29619
35.033, 0.8, -2.41569
36.0981, 0.8, -2.5253
37.1631, 0.8, -2.5806
38.2281, 0.8, -2.4967
39.2932, 0.8, -2.20189
40.3582, 0.8, -2.50433
41.4232, 0.8, -2.98639
42.4883, 0.8, -3.46518
43.5533, 0.8, -3.75316
44.6183, 0.8, -3.98271
45.6834, 0.8, -4.22202
46.7484, 0.8, -4.52782
47.8134, 0.8, -4.97601
48.8785, 0.8, -5.67973
49.9435, 0.8, -6.50512
51.0085, 0.8, -5.45638
52.0735, 0.8, -4.32817
53.1386, 0.8, -3.43598
54.2036, 0.8, -2.69666
55.2686, 0.8, -2.05147
56.3337, 0.8, -1.4609
57.3987, 0.8, -0.895127
58.4637, 0.8, -0.284926
59.5288, 0.8, 0.524616
60.5938, 0.8, 0.806167
61.6588, 0.8, 0.723496
62.7239, 0.8, 0.78436
63.7889, 0.8, 0.860542
64.8539, 0.8, 0.916041
65.919, 0.8, 0.943245
66.984, 0.8, 0.919741
68.049, 0.8, 0.798145
69.1141, 0.8, 0.330584
70.1791, 0.8, -0.745429
71.2441, 0.8, 0.564349
72.3092, 0.8, 0.866756
73.3742, 0.8, 0.952194
74.4392, 0.8, 0.960208
75.5043, 0.8, 0.92767
76.5693, 0.8, 0.869671
77.6343, 0.8, 0.793589
78.6994, 0.8, 0.703211
79.7644, 0.8, 0.430969
80.8294, 0.8, 0.0815377
81.8945, 0.8, -0.413911
82.9595, 0.8, -1.07549
84.0245, 0.8, -1.78715
85.0895, 0.8, -2.48688
86.1546, 0.8, -3.13747
87.2196, 0.8, -3.71321
88.2846, 0.8, -4.34408
89.3497, 0.8, -6.53482
90.4147, 0.8, -7.53145
91.4797, 0.8, -5.09538
92.5448, 0.8, -5.02818
93.6098, 0.8, -5.1119
94.6748, 0.8, -5.08652
95.7399, 0.8, -4.9348
96.8049, 0.8, -4.62174
97.8699, 0.8, -4.00362
98.935, 0.8, -2.12333
2.9588, 1.6, -6.4828
4.0136, 1.6, -8.0505
5.0684, 1.6, -9.9136
6.1232, 1.6, -8.4737
7.178, 1.6, -7.9057
8.2328, 1.6, -7.5317
9.2876, 1.6, -7.1896
10.3424, 1.6, -6.97822
11.3972, 1.6, -7.38137
12.452, 1.6, -7.43089
13.5068, 1.6, -7.40939
14.5615, 1.6, -7.48806
15.6163, 1.6, -7.69447
16.6711, 1.6, -8.04427
17.7259, 1.6, -8.56246
18.7807, 1.6, -9.30819
19.8355, 1.6, -10.6972
20.8903, 1.6, -9.8697
21.9451, 1.6, -9.1799
22.9999, 1.6, -8.80524
24.0547, 1.6, -8.63223
25.1095, 1.6, -8.60767
26.1643, 1.6, -8.70339
27.2191, 1.6, -8.9089
28.2739, 1.6, -9.25343
29.3287, 1.6, -9.61753
30.3835, 1.6, -9.35361
31.4383, 1.6, -9.59119
32.4931, 1.6, -9.38371
33.5479, 1.6, -9.39574
34.6027, 1.6, -9.50115
35.6575, 1.6, -9.68687
36.7123, 1.6, -9.93988
37.7671, 1.6, -10.2416
38.8218, 1.6, -10.9073
39.8766, 1.6, -11.569
40.9314, 1.6, -11.3946
41.9862, 1.6, -10.9691
43.041, 1.6, -10.9943
44.0958, 1.6, -11.068
45.1506, 1.6, -11.1976
46.2054, 1.6, -11.4299
47.2602, 1.6, -11.7312
48.315, 1.6, -12.0812
49.3698, 1.6, -12.3453
50.4246, 1.6, -12.2678
51.4794, 1.6, -11.6425
52.5342, 1.6, -10.9656
53.589, 1.6, -10.2971
54.6438, 1.6, -9.68559
55.6986, 1.6, -9.18822
56.7534, 1.6, -8.78047
57.8082, 1.6, -8.40214
58.863, 1.6, -8.18797
59.9178, 1.6, -7.8486
60.9726, 1.6, -7.57177
62.0274, 1.6, -7.04968
63.0821, 1.6, -6.75266
64.1369, 1.6, -6.51436
65.1917, 1.6, -6.3432
66.2465, 1.6, -6.24385
67.3013, 1.6, -6.18498
68.3561, 1.6, -6.1976
69.4109, 1.6, -6.52877
70.4657, 1.6, -6.60466
71.5205, 1.6, -6.02778
72.5753, 1.6, -5.90458
73.6301, 1.6, -5.86826
74.6849, 1.6, -5.87385
75.7397, 1.6, -5.92701
76.7945, 1.6, -6.01858
77.8493, 1.6, -6.13768
78.9041, 1.6, -6.37412
79.9589, 1.6, -6.71395
81.0137, 1.6, -6.96011
82.0685, 1.6, -7.43843
83.1233, 1.6, -8.14266
84.1781, 1.6, -8.84538
85.2329, 1.6, -9.53733
86.2877, 1.6, -10.2175
87.3425, 1.6, -10.7233
88.3972, 1.6, -10.9728
89.452, 1.6, -11.954
90.5068, 1.6, -12.2408
91.5616, 1.6, -11.7481
92.6164, 1.6, -12.1279
93.6712, 1.6, -12.2719
94.726, 1.6, -12.2436
95.7808, 1.6, -12.122
96.8356, 1.6, -11.8792
97.8904, 1.6, -11.5414
98.9452, 1.6, -10.9591
3.90056, 2.4, -13.8414
4.94512, 2.4, -17.0743
5.98968, 2.4, -15.8018
7.03424, 2.4, -14.9069
8.0788, 2.4, -14.6266
9.12335, 2.4, -14.7319
10.1679, 2.4, -14.6176
11.2125, 2.4, -13.9148
12.257, 2.4, -13.8244
13.3016, 2.4, -13.8558
14.3462, 2.4, -13.9618
15.3907, 2.4, -14.1805
16.4353, 2.4, -14.5359
17.4798, 2.4, -15.0552
18.5244, 2.4, -15.8527
19.5689, 2.4, -17.223
20.6135, 2.4, -17.1035
21.6581, 2.4, -16.1693
22.7026, 2.4, -15.6515
23.7472, 2.4, -15.3932
24.7917, 2.4, -15.3105
25.8363, 2.4, -15.3762
26.8809, 2.4, -15.5905
27.9254, 2.4, -16.0286
28.97, 2.4, -16.9059
30.0145, 2.4, -18.4359
31.0591, 2.4, -17.1711
32.1037, 2.4, -16.5734
33.1482, 2.4, -16.344
34.1928, 2.4, -16.3396
35.2373, 2.4, -16.5093
36.2819, 2.4, -16.8699
37.3265, 2.4, -17.5072
38.371, 2.4, -18.4939
39.4156, 2.4, -19.9537
40.4601, 2.4, -20.2026
41.5047, 2.4, -18.9521
42.5492, 2.4, -18.2929
43.5938, 2.4, -17.9079
44.6384, 2.4, -17.7913
45.6829, 2.4, -17.8865
46.7275, 2.4, -18.1705
47.772, 2.4, -18.5518
48.8166, 2.4, -18.6728
49.8612, 2.4, -18.4048
50.9057, 2.4, -18.3137
51.9503, 2.4, -17.9782
52.9948, 2.4, -17.3303
54.0394, 2.4, -16.701
55.084, 2.4, -16.2374
56.1285, 2.4, -15.9642
57.1731, 2.4, -15.8895
58.2176, 2.4, -15.9787
59.2622, 2.4, -16.2392
60.3068, 2.4, -16.3561
61.3513, 2.4, -15.2009
62.3959, 2.4, -14.4558
63.4404, 2.4, -13.8597
64.485, 2.4, -13.4769
65.5295, 2.4, -13.2514
66.5741, 2.4, -13.1376
67.6187, 2.4, -13.083
68.6632, 2.4, -12.9493
69.7078, 2.4, -12.3635
70.7523, 2.4, -12.5909
71.7969, 2.4, -12.6369
72.8415, 2.4, -12.57
73.886, 2.4, -12.5246
74.9306, 2.4, -12.5424
75.9751, 2.4, -12.6304
77.0197, 2.4, -12.7958
78.0643, 2.4, -13.0434
79.1088, 2.4, -13.3379
80.1534, 2.4, -13.5921
81.1979, 2.4, -13.9396
82.2425, 2.4, -14.5135
83.2871, 2.4, -15.0113
84.3316, 2.4, -15.5551
85.3762, 2.4, -16.1946
86.4207, 2.4, -16.9543
87.4653, 2.4, -17.7771
88.5098, 2.4, -18.0068
89.5544, 2.4, -16.0833
90.599, 2.4, -17.1594
91.6435, 2.4, -19.1007
92.6881, 2.4, -19.3915
93.7326, 2.4, -19.3938
94.7772, 2.4, -19.4649
95.8218, 2.4, -19.5304
96.8663, 2.4, -19.4874
97.9109, 2.4, -19.3614
98.9554, 2.4, -19.7912
4.84232, 3.2, -21.8108
5.87665, 3.2, -21.4746
6.91097, 3.2, -20.9495
7.94529, 3.2, -20.8096
8.97961, 3.2, -21.0316
10.0139, 3.2, -21.9441
11.0483, 3.2, -20.3941
12.0826, 3.2, -19.9648
13.1169, 3.2, -19.9321
14.1512, 3.2, -20.0291
15.1855, 3.2, -20.2409
16.2199, 3.2, -20.6004
17.2542, 3.2, -21.155
18.2885, 3.2, -21.911
19.3228, 3.2, -23.0254
20.3572, 3.2, -23.5884
21.3915, 3.2, -22.6764
22.4258, 3.2, -22.1473
23.4601, 3.2, -21.8016
24.4945, 3.2, -21.6669
25.5288, 3.2, -21.7217
26.5631, 3.2, -21.9509
27.5974, 3.2, -22.3725
28.6317, 3.2, -23.1408
29.6661, 3.2, -25.5311
30.7004, 3.2, -24.5754
31.7347, 3.2, -23.4389
32.769, 3.2, -23.0599
33.8034, 3.2, -22.9394
34.8377, 3.2, -23.0281
35.872, 3.2, -23.3516
36.9063, 3.2, -23.9861
37.9406, 3.2, -25.0691
38.975, 3.2, -26.6948
40.0093, 3.2, -29.3669
41.0436, 3.2, -26.786
42.0779, 3.2, -25.3984
43.1123, 3.2, -24.5034
44.1466, 3.2, -24.0399
45.1809, 3.2, -23.89
46.2152, 3.2, -23.9894
47.2495, 3.2, -24.3097
48.2839, 3.2, -24.8114
49.3182, 3.2, -24.9019
50.3525, 3.2, -24.5386
51.3868, 3.2, -24.4964
52.4212, 3.2, -23.696
53.4555, 3.2, -23.0395
54.4898, 3.2, -22.5917
55.5241, 3.2, -22.3565
56.5585, 3.2, -22.3624
57.5928, 3.2, -22.6763
58.6271, 3.2, -23.3776
59.6614, 3.2, -24.315
60.6957, 3.2, -23.4475
61.7301, 3.2, -22.122
62.7644, 3.2, -21.083
63.7987, 3.2, -20.428
64.833, 3.2, -20.0321
65.8674, 3.2, -19.8087
66.9017, 3.2, -19.6971
67.936, 3.2, -19.629
68.9703, 3.2, -19.3255
70.0046, 3.2, -17.5073
71.039, 3.2, -18.9822
72.0733, 3.2, -19.0754
73.1076, 3.2, -19.0074
74.1419, 3.2, -18.9863
75.1763, 3.2, -19.0337
76.2106, 3.2, -19.1613
77.2449, 3.2, -19.3891
78.2792, 3.2, -19.7409
79.3135, 3.2, -20.0738
80.3479, 3.2, -20.3092
81.3822, 3.2, -20.8388
82.4165, 3.2, -21.1124
83.4508, 3.2, -21.4007
84.4852, 3.2, -21.7991
85.5195, 3.2, -22.3576
86.5538, 3.2, -23.1293
87.5881, 3.2, -24.1472
88.6225, 3.2, -25.082
89.6568, 3.2, -21.5436
90.6911, 3.2, -24.4384
91.7254, 3.2, -26.283
92.7597, 3.2, -26.2134
93.7941, 3.2, -26.3765
94.8284, 3.2, -26.7444
95.8627, 3.2, -27.1699
96.897, 3.2, -27.5092
97.9314, 3.2, -27.6852
98.9657, 3.2, -28.5619
5.78409, 4, -25.9394
6.80817, 4, -25.9279
7.83226, 4, -26.0224
8.85634, 4, -26.3459
9.88043, 4, -26.9142
10.9045, 4, -26.2906
11.9286, 4, -25.8984
12.9527, 4, -25.7566
13.9768, 4, -25.7881
15.0009, 4, -25.9474
16.0249, 4, -26.2587
17.049, 4, -26.7543
18.0731, 4, -27.5057
19.0972, 4, -28.3997
20.1213, 4, -28.7929
21.1454, 4, -28.6431
22.1695, 4, -28.0671
23.1935, 4, -27.7031
24.2176, 4, -27.5637
25.2417, 4, -27.6201
26.2658, 4, -27.8638
27.2899, 4, -28.2964
28.314, 4, -28.9516
29.3381, 4, -30.1452
30.3622, 4, -30.9833
31.3862, 4, -29.8088
32.4103, 4, -29.3404
33.4344, 4, -29.1262
34.4585, 4, -29.1189
35.4826, 4, -29.338
36.5067, 4, -29.8243
37.5308, 4, -30.6762
38.5548, 4, -32.0986
39.5789, 4, -34.4207
40.603, 4, -34.0537
41.6271, 4, -31.8982
42.6512, 4, -30.6347
43.6753, 4, -29.9029
44.6994, 4, -29.5224
45.7234, 4, -29.3973
46.7475, 4, -29.4975
47.7716, 4, -29.865
48.7957, 4, -30.5834
49.8198, 4, -31.0313
50.8439, 4, -30.6699
51.868, 4, -29.5239
52.892, 4, -28.784
53.9161, 4, -28.3305
54.9402, 4, -28.0984
55.9643, 4, -28.0978
56.9884, 4, -28.3834
58.0125, 4, -29.0523
59.0366, 4, -30.3474
60.0606, 4, -31.3202
61.0847, 4, -29.5647
62.1088, 4, -28.0186
63.1329, 4, -27.0911
64.157, 4, -26.5136
65.1811, 4, -26.1769
66.2052, 4, -25.9998
67.2292, 4, -25.9077
68.2533, 4, -25.7757
69.2774, 4, -25.4122
70.3015, 4, -24.8438
71.3256, 4, -25.2251
72.3497, 4, -25.269
73.3738, 4, -25.256
74.3979, 4, -25.2903
75.4219, 4, -25.3781
76.446, 4, -25.5205
77.4701, 4, -25.7485
78.4942, 4, -26.1267
79.5183, 4, -26.7204
80.5424, 4, -27.09
81.5665, 4, -27.1091
82.5905, 4, -27.1615
83.6146, 4, -27.402
84.6387, 4, -27.7805
85.6628, 4, -28.23
86.6869, 4, -28.7816
87.711, 4, -29.7024
88.7351, 4, -31.1618
89.7591, 4, -31.2639
90.7832, 4, -32.8285
91.8073, 4, -32.4649
92.8314, 4, -32.6124
93.8555, 4, -33.3193
94.8796, 4, -34.1671
95.9037, 4, -35.0167
96.9277, 4, -35.8263
97.9518, 4, -36.5772
98.9759, 4, -37.5067
6.72585, 4.8, -30.3356
7.7397, 4.8, -30.6882
8.75355, 4.8, -31.0068
9.7674, 4.8, -31.2825
10.7812, 4.8, -31.5359
11.7951, 4.8, -31.427
12.8089, 4.8, -31.2685
13.8228, 4.8, -31.1885
14.8366, 4.8, -31.2695
15.8505, 4.8, -31.5099
16.8643, 4.8, -31.9181
17.8782, 4.8, -32.529
18.892, 4.8, -33.2796
19.9059, 4.8, -33.8355
20.9197, 4.8, -33.7873
21.9336, 4.8, -33.369
22.9474, 4.8, -33.0465
23.9613, 4.8, -32.9425
24.9751, 4.8, -33.017
25.989, 4.8, -33.2609
27.0028, 4.8, -33.6899
28.0167, 4.8, -34.3263
29.0305, 4.8, -34.9872
30.0444, 4.8, -34.4444
31.0582, 4.8, -35.4293
32.0721, 4.8, -35.0664
33.0859, 4.8, -34.7794
34.0998, 4.8, -34.7039
35.1136, 4.8, -34.8253
36.1275, 4.8, -35.1535
37.1413, 4.8, -35.7141
38.1552, 4.8, -36.6362
39.169, 4.8, -38.3442
40.1829, 4.8, -39.9766
41.1967, 4.8, -37.5988
42.2106, 4.8, -36.1223
43.2244, 4.8, -35.3118
44.2383, 4.8, -34.8071
45.2521, 4.8, -34.5124
46.266, 4.8, -34.3962
47.2798, 4.8, -34.456
48.2937, 4.8, -34.8245
49.3075, 4.8, -36.0888
50.3214, 4.8, -37.0326
51.3352, 4.8, -34.8049
52.3491, 4.8, -33.9504
53.3629, 4.8, -33.5198
54.3768, 4.8, -33.2883
55.3906, 4.8, -33.2433
56.4045, 4.8, -33.422
57.4183, 4.8, -33.8973
58.4322, 4.8, -34.8546
59.446, 4.8, -36.5762
60.4599, 4.8, -36.5608
61.4737, 4.8, -34.4672
62.4876, 4.8, -33.2542
63.5014, 4.8, -32.5525
64.5153, 4.8, -32.1393
65.5291, 4.8, -31.915
66.543, 4.8, -31.8048
67.5568, 4.8, -31.736
68.5707, 4.8, -31.6742
69.5845, 4.8, -31.887
70.5984, 4.8, -31.546
71.6122, 4.8, -31.2732
72.6261, 4.8, -31.3015
73.6399, 4.8, -31.3948
74.6538, 4.8, -31.5092
75.6676, 4.8, -31.6426
76.6815, 4.8, -31.7841
77.6953, 4.8, -31.938
78.7092, 4.8, -32.2708
79.723, 4.8, -33.1161
80.7369, 4.8, -33.227
81.7507, 4.8, -32.9015
82.7646, 4.8, -33.1457
83.7784, 4.8, -33.5537
84.7923, 4.8, -33.9575
85.8061, 4.8, -34.3083
86.82, 4.8, -34.5748
87.8338, 4.8, -34.8761
88.8477, 4.8, -36.5807
89.8615, 4.8, -45.0198
90.8754, 4.8, -39.0305
91.8892, 4.8, -38.1065
92.9031, 4.8, -39.3224
93.9169, 4.8, -40.6674
94.9308, 4.8, -41.9478
95.9446, 4.8, -43.1892
96.9585, 4.8, -44.4689
97.9723, 4.8, -45.8134
98.9862, 4.8, -46.4427
7.66761, 5.6, -35.2461
8.67123, 5.6, -35.5802
9.67484, 5.6, -35.8137
10.6785, 5.6, -36.3387
11.6821, 5.6, -36.4569
12.6857, 5.6, -36.2438
13.6893, 5.6, -36.1596
14.6929, 5.6, -36.2099
15.6965, 5.6, -36.39
16.7001, 5.6, -36.6838
17.7037, 5.6, -37.0605
18.7074, 5.6, -37.62
19.711, 5.6, -38.7156
20.7146, 5.6, -38.3977
21.7182, 5.6, -37.9597
22.7218, 5.6, -37.8776
23.7254, 5.6, -37.8841
24.729, 5.6, -37.9952
25.7326, 5.6, -38.2285
26.7363, 5.6, -38.6014
27.7399, 5.6, -39.1227
28.7435, 5.6, -39.6212
29.7471, 5.6, -39.048
30.7507, 5.6, -39.8639
31.7543, 5.6, -40.1152
32.7579, 5.6, -39.8946
33.7615, 5.6, -39.7855
34.7652, 5.6, -39.8361
35.7688, 5.6, -40.0393
36.7724, 5.6, -40.4007
37.776, 5.6, -40.9339
38.7796, 5.6, -41.5682
39.7832, 5.6, -43.3311
40.7868, 5.6, -41.9394
41.7905, 5.6, -40.9743
42.7941, 5.6, -40.2304
43.7977, 5.6, -39.6846
44.8013, 5.6, -39.301
45.8049, 5.6, -39.0492
46.8085, 5.6, -38.9223
47.8121, 5.6, -38.9453
48.8157, 5.6, -39.2448
49.8194, 5.6, -41.5588
50.823, 5.6, -39.4622
51.8266, 5.6, -38.6012
52.8302, 5.6, -38.2068
53.8338, 5.6, -37.9806
54.8374, 5.6, -37.8974
55.841, 5.6, -37.9783
56.8446, 5.6, -38.2714
57.8483, 5.6, -38.8609
58.8519, 5.6, -39.803
59.8555, 5.6, -41.9309
60.8591, 5.6, -40.0182
61.8627, 5.6, -38.8301
62.8663, 5.6, -38.0582
63.8699, 5.6, -37.6176
64.8736, 5.6, -37.39
65.8772, 5.6, -37.3122
66.8808, 5.6, -37.3195
67.8844, 5.6, -37.3803
68.888, 5.6, -37.5628
69.8916, 5.6, -38.391
70.8952, 5.6, -37.4864
71.8988, 5.6, -37.2527
72.9025, 5.6, -37.333
73.9061, 5.6, -37.4914
74.9097, 5.6, -37.6669
75.9133, 5.6, -37.8574
76.9169, 5.6, -38.0233
77.9205, 5.6, -38.1434
78.9241, 5.6, -38.219
79.9277, 5.6, -39.0267
80.9314, 5.6, -38.7111
81.935, 5.6, -38.9952
82.9386, 5.6, -39.4782
83.9422, 5.6, -39.9653
84.9458, 5.6, -40.3764
85.9494, 5.6, -40.6732
86.953, 5.6, -40.7848
87.9566, 5.6, -40.748
88.9603, 5.6, -41.6028
89.9639, 5.6, -50.799
90.9675, 5.6, -43.6137
91.9711, 5.6, -44.633
92.9747, 5.6, -46.6137
93.9783, 5.6, -48.4165
94.9819, 5.6, -50.0453
95.9855, 5.6, -51.6224
96.9892, 5.6, -53.2039
97.9928, 5.6, -54.7782
98.9964, 5.6, -55.3874
8.60938, 6.4, -40.3798
9.60275, 6.4, -40.7162
10.5961, 6.4, -41.2093
11.5895, 6.4, -40.9749
12.5829, 6.4, -40.7619
13.5763, 6.4, -40.6896
14.5696, 6.4, -40.7438
15.563, 6.4, -40.8936
16.5564, 6.4, -41.1104
17.5498, 6.4, -41.3689
18.5431, 6.4, -41.681
19.5365, 6.4, -42.4628
20.5299, 6.4, -42.5363
21.5233, 6.4, -42.1705
22.5166, 6.4, -42.2661
23.51, 6.4, -42.4211
24.5034, 6.4, -42.6064
25.4968, 6.4, -42.8433
26.4902, 6.4, -43.1453
27.4835, 6.4, -43.4965
28.4769, 6.4, -43.8381
29.4703, 6.4, -44.2983
30.4637, 6.4, -44.466
31.457, 6.4, -44.3742
32.4504, 6.4, -44.4255
33.4438, 6.4, -44.4347
34.4372, 6.4, -44.4776
35.4305, 6.4, -44.5977
36.4239, 6.4, -44.795
37.4173, 6.4, -45.0267
38.4107, 6.4, -45.1562
39.404, 6.4, -45.1747
40.3974, 6.4, -45.0226
41.3908, 6.4, -44.9298
42.3842, 6.4, -44.6194
43.3775, 6.4, -44.2123
44.3709, 6.4, -43.8292
45.3643, 6.4, -43.5127
46.3577, 6.4, -43.2591
47.3511, 6.4, -43.0534
48.3444, 6.4, -42.8859
49.3378, 6.4, -42.8203
50.3312, 6.4, -42.5939
51.3246, 6.4, -42.6027
52.3179, 6.4, -42.4196
53.3113, 6.4, -42.2681
54.3047, 6.4, -42.1618
55.2981, 6.4, -42.1525
56.2914, 6.4, -42.2843
57.2848, 6.4, -42.5894
58.2782, 6.4, -43.0331
59.2716, 6.4, -43.7803
60.2649, 6.4, -44.0363
61.2583, 6.4, -43.4035
62.2517, 6.4, -42.8871
63.2451, 6.4, -42.5093
64.2384, 6.4, -42.2898
65.2318, 6.4, -42.2504
66.2252, 6.4, -42.3725
67.2186, 6.4, -42.6287
68.212, 6.4, -42.9331
69.2053, 6.4, -43.3165
70.1987, 6.4, -43.4232
71.1921, 6.4, -43.2562
72.1855, 6.4, -43.2283
73.1788, 6.4, -43.2579
74.1722, 6.4, -43.3828
75.1656, 6.4, -43.6084
76.159, 6.4, -43.9096
77.1523, 6.4, -44.233
78.1457, 6.4, -44.3902
79.1391, 6.4, -44.1571
80.1325, 6.4, -43.8441
81.1258, 6.4, -44.7284
82.1192, 6.4, -45.541
83.1126, 6.4, -46.0706
84.106, 6.4, -46.532
85.0994, 6.4, -46.9637
86.0927, 6.4, -47.3205
87.0861, 6.4, -47.527
88.0795, 6.4, -47.4537
89.0729, 6.4, -46.6721
90.0662, 6.4, -45.2616
91.0596, 6.4, -49.222
92.053, 6.4, -52.1055
93.0464, 6.4, -54.315
94.0397, 6.4, -56.22
95.0331, 6.4, -58.0104
96.0265, 6.4, -59.815
97.0199, 6.4, -61.6948
98.0132, 6.4, -63.4397
99.0066, 6.4, -64.7999
9.55114, 7.2, -46.0397
10.5343, 7.2, -45.8788
11.5174, 7.2, -45.108
12.5006, 7.2, -44.9009
13.4837, 7.2, -44.8694
14.4668, 7.2, -44.931
15.45, 7.2, -45.0749
16.4331, 7.2, -45.2845
17.4163, 7.2, -45.5289
18.3994, 7.2, -45.7145
19.3825, 7.2, -45.8086
20.3657, 7.2, -46.0021
21.3488, 7.2, -46.204
22.332, 7.2, -46.4604
23.3151, 7.2, -46.66
24.2982, 7.2, -46.8831
25.2814, 7.2, -47.1376
26.2645, 7.2, -47.4096
27.2477, 7.2, -47.6834
28.2308, 7.2, -47.9655
29.2139, 7.2, -48.6052
30.1971, 7.2, -49.7526
31.1802, 7.2, -48.5877
32.1634, 7.2, -48.5486
33.1465, 7.2, -48.6422
34.1296, 7.2, -48.7432
35.1128, 7.2, -48.8346
36.0959, 7.2, -48.9117
37.0791, 7.2, -48.9647
38.0622, 7.2, -48.9573
39.0453, 7.2, -48.6327
40.0285, 7.2, -46.364
41.0116, 7.2, -48.3913
41.9948, 7.2, -48.5092
42.9779, 7.2, -48.3097
43.961, 7.2, -48.0411
44.9442, 7.2, -47.7469
45.9273, 7.2, -47.4405
46.9104, 7.2, -47.1224
47.8936, 7.2, -46.7698
48.8767, 7.2, -46.2019
49.8599, 7.2, -43.6605
50.843, 7.2, -45.6618
51.8261, 7.2, -46.1649
52.8093, 7.2, -46.1462
53.7924, 7.2, -46.0602
54.7756, 7.2, -45.985
55.7587, 7.2, -45.9606
56.7418, 7.2, -46.0245
57.725, 7.2, -46.2188
58.7081, 7.2, -46.5284
59.6913, 7.2, -46.249
60.6744, 7.2, -46.6905
61.6575, 7.2, -46.8105
62.6407, 7.2, -46.5936
63.6238, 7.2, -46.4886
64.607, 7.2, -46.5213
65.5901, 7.2, -46.6985
66.5732, 7.2, -47.0398
67.5564, 7.2, -47.5779
68.5395, 7.2, -48.2881
69.5227, 7.2, -48.5197
70.5058, 7.2, -48.6994
71.4889, 7.2, -48.9309
72.4721, 7.2, -48.7494
73.4552, 7.2, -48.7468
74.4384, 7.2, -48.9307
75.4215, 7.2, -49.2564
76.4046, 7.2, -49.6862
77.3878, 7.2, -50.1782
78.3709, 7.2, -50.606
79.3541, 7.2, -50.1307
80.3372, 7.2, -49.4354
81.3203, 7.2, -51.3709
82.3035, 7.2, -52.0713
83.2866, 7.2, -52.5956
84.2698, 7.2, -53.1254
85.2529, 7.2, -53.6605
86.236, 7.2, -54.1617
87.2192, 7.2, -54.5297
88.2023, 7.2, -54.4151
89.1855, 7.2, -51.3277
90.1686, 7.2, -42.794
91.1517, 7.2, -56.2374
92.1349, 7.2, -59.8371
93.118, 7.2, -61.9897
94.1012, 7.2, -63.8569
95.0843, 7.2, -65.6736
96.0674, 7.2, -67.542
97.0506, 7.2, -69.5503
98.0337, 7.2, -71.8365
99.0169, 7.2, -74.8243
10.4929, 8, -49.8442
11.4658, 8, -48.9174
12.4387, 8, -48.7166
13.4116, 8, -48.7248
14.3845, 8, -48.8253
15.3574, 8, -48.9806
16.3303, 8, -49.1854
17.3032, 8, -49.4358
18.2761, 8, -49.6828
19.249, 8, -49.5352
20.2219, 8, -48.7611
21.1948, 8, -50.184
22.1677, 8, -50.4916
23.1406, 8, -50.7133
24.1135, 8, -50.9626
25.0865, 8, -51.2403
26.0594, 8, -51.5367
27.0323, 8, -51.8401
28.0052, 8, -52.16
28.9781, 8, -52.6099
29.951, 8, -53.6862
30.9239, 8, -52.9027
31.8968, 8, -52.7495
32.8697, 8, -52.795
33.8426, 8, -52.8603
34.8155, 8, -52.9164
35.7884, 8, -52.9547
36.7613, 8, -52.9599
37.7342, 8, -52.8842
38.7071, 8, -52.5206
39.68, 8, -51.231
40.6529, 8, -51.5744
41.6258, 8, -52.2008
42.5987, 8, -52.2367
43.5716, 8, -52.0514
44.5445, 8, -51.7793
45.5174, 8, -51.4848
46.4903, 8, -51.1803
47.4632, 8, -50.7851
48.4361, 8, -50.0829
49.409, 8, -48.5715
50.3819, 8, -47.9642
51.3548, 8, -49.3913
52.3277, 8, -49.7809
53.3006, 8, -49.7297
54.2735, 8, -49.5488
55.2465, 8, -49.397
56.2194, 8, -49.3242
57.1923, 8, -49.3151
58.1652, 8, -49.3142
59.1381, 8, -49.1647
60.111, 8, -48.9831
61.0839, 8, -49.6969
62.0568, 8, -49.9502
63.0297, 8, -50.0233
64.0026, 8, -50.1516
64.9755, 8, -50.406
65.9484, 8, -50.8024
66.9213, 8, -51.3604
67.8942, 8, -52.1358
68.8671, 8, -53.1176
69.84, 8, -53.7989
70.8129, 8, -54.1319
71.7858, 8, -53.8272
72.7587, 8, -53.7174
73.7316, 8, -53.8835
74.7045, 8, -54.2495
75.6774, 8, -54.704
76.6503, 8, -55.2141
77.6232, 8, -55.8616
78.5961, 8, -56.5751
79.569, 8, -56.6364
80.5419, 8, -56.9264
81.5148, 8, -57.7377
82.4877, 8, -58.3468
83.4606, 8, -58.9974
84.4335, 8, -59.658
85.4064, 8, -60.3144
86.3794, 8, -60.9749
87.3523, 8, -61.4459
88.3252, 8, -61.1043
89.2981, 8, -57.8483
90.271, 8, -54.2958
91.2439, 8, -63.8213
92.2168, 8, -67.3707
93.1897, 8, -69.479
94.1626, 8, -71.2394
95.1355, 8, -73.0274
96.1084, 8, -74.9251
97.0813, 8, -77.0371
98.0542, 8, -79.7985
99.0271, 8, -84.488
11.4347, 8.8, -52.3125
12.3973, 8.8, -52.3187
13.36, 8.8, -52.4361
14.3227, 8.8, -52.5914
15.2853, 8.8, -52.7666
16.248, 8.8, -52.9553
17.2107, 8.8, -53.162
18.1733, 8.8, -53.4142
19.136, 8.8, -53.4796
20.0987, 8.8, -52.6627
21.0613, 8.8, -54.004
22.024, 8.8, -54.3776
22.9867, 8.8, -54.6457
23.9493, 8.8, -54.9482
24.912, 8.8, -55.2737
25.8747, 8.8, -55.6123
26.8373, 8.8, -55.9652
27.8, 8.8, -56.3433
28.7627, 8.8, -56.7102
29.7253, 8.8, -56.5974
30.688, 8.8, -56.9979
31.6507, 8.8, -57.0288
32.6133, 8.8, -57.0147
33.576, 8.8, -57.0263
34.5387, 8.8, -57.0415
35.5013, 8.8, -57.0418
36.464, 8.8, -57.0079
37.4267, 8.8, -56.8929
38.3893, 8.8, -56.6186
39.352, 8.8, -56.201
40.3147, 8.8, -56.2063
41.2773, 8.8, -55.964
42.24, 8.8, -56.0401
43.2027, 8.8, -55.8955
44.1653, 8.8, -55.6088
45.128, 8.8, -55.2791
46.0907, 8.8, -54.9529
47.0533, 8.8, -54.6226
48.016, 8.8, -54.1733
48.9787, 8.8, -53.3069
49.9413, 8.8, -52.8448
50.904, 8.8, -52.7786
51.8667, 8.8, -53.1615
52.8293, 8.8, -53.0292
53.792, 8.8, -52.7236
54.7547, 8.8, -52.429
55.7173, 8.8, -52.2157
56.68, 8.8, -52.0936
57.6427, 8.8, -52.0082
58.6053, 8.8, -51.876
59.568, 8.8, -51.9517
60.5307, 8.8, -52.22
61.4933, 8.8, -52.5063
62.456, 8.8, -52.8088
63.4187, 8.8, -53.1263
64.3813, 8.8, -53.5181
65.344, 8.8, -54.0202
66.3067, 8.8, -54.6278
67.2693, 8.8, -55.3271
68.232, 8.8, -56.2075
69.1947, 8.8, -57.7233
70.1573, 8.8, -59.4765
71.12, 8.8, -58.4021
72.0827, 8.8, -58.1771
73.0453, 8.8, -58.5681
74.008, 8.8, -59.1425
74.9707, 8.8, -59.772
75.9333, 8.8, -60.3811
76.896, 8.8, -60.9135
77.8587, 8.8, -61.4002
78.8213, 8.8, -62.4031
79.784, 8.8, -64.7343
80.7467, 8.8, -63.9078
81.7093, 8.8, -63.7938
82.672, 8.8, -64.5443
83.6347, 8.8, -65.2779
84.5973, 8.8, -65.8839
85.56, 8.8, -66.4821
86.5227, 8.8, -67.1635
87.4853, 8.8, -67.8623
88.448, 8.8, -68.1335
89.4107, 8.8, -68.3988
90.3733, 8.8, -70.9323
91.336, 8.8, -72.0551
92.2987, 8.8, -74.4988
93.2613, 8.8, -76.2669
94.224, 8.8, -78.0576
95.1867, 8.8, -80.016
96.1493, 8.8, -82.1203
97.112, 8.8, -84.4025
98.0747, 8.8, -87.2187
99.0373, 8.8, -91.7683
12.3764, 9.6, -55.8222
13.3289, 9.6, -56.1081
14.2813, 9.6, -56.3394
15.2337, 9.6, -56.5337
16.1861, 9.6, -56.7089
17.1386, 9.6, -56.8698
18.091, 9.6, -56.9966
19.0434, 9.6, -57.2532
19.9959, 9.6, -58.0305
20.9483, 9.6, -57.79
21.9007, 9.6, -58.1079
22.8532, 9.6, -58.5216
23.8056, 9.6, -58.9145
24.758, 9.6, -59.2987
25.7105, 9.6, -59.6828
26.6629, 9.6, -60.0703
27.6153, 9.6, -60.4564
28.5677, 9.6, -60.7886
29.5202, 9.6, -60.5932
30.4726, 9.6, -60.7438
31.425, 9.6, -61.2626
32.3775, 9.6, -61.2714
33.3299, 9.6, -61.2412
34.2823, 9.6, -61.2111
35.2348, 9.6, -61.172
36.1872, 9.6, -61.1073
37.1396, 9.6, -60.9989
38.092, 9.6, -60.8415
39.0445, 9.6, -60.8262
39.9969, 9.6, -61.5828
40.9493, 9.6, -60.4903
41.9018, 9.6, -60.0186
42.8542, 9.6, -59.6785
43.8066, 9.6, -59.2913
44.7591, 9.6, -58.8756
45.7115, 9.6, -58.4655
46.6639, 9.6, -58.1018
47.6163, 9.6, -57.8427
48.5688, 9.6, -57.7945
49.5212, 9.6, -57.9081
50.4736, 9.6, -57.5949
51.4261, 9.6, -56.8274
52.3785, 9.6, -56.0958
53.3309, 9.6, -55.5237
54.2834, 9.6, -55.0611
55.2358, 9.6, -54.6932
56.1882, 9.6, -54.4241
57.1406, 9.6, -54.2754
58.0931, 9.6, -54.2902
59.0455, 9.6, -54.5017
59.9979, 9.6, -54.9525
60.9504, 9.6, -54.8743
61.9028, 9.6, -55.0279
62.8552, 9.6, -55.4146
63.8077, 9.6, -55.9733
64.7601, 9.6, -56.6459
65.7125, 9.6, -57.398
66.6649, 9.6, -58.2121
67.6174, 9.6, -59.0907
68.5698, 9.6, -60.1048
69.5222, 9.6, -62.0639
70.4747, 9.6, -62.8186
71.4271, 9.6, -62.2245
72.3795, 9.6, -62.8604
73.332, 9.6, -63.7444
74.2844, 9.6, -64.6867
75.2368, 9.6, -65.5964
76.1892, 9.6, -66.401
77.1417, 9.6, -67.0283
78.0941, 9.6, -67.4368
79.0465, 9.6, -68.1813
79.999, 9.6, -72.4099
80.9514, 9.6, -69.8744
81.9038, 9.6, -70.2924
82.8563, 9.6, -70.9534
83.8087, 9.6, -71.3909
84.7611, 9.6, -71.7159
85.7135, 9.6, -72.0763
86.666, 9.6, -72.6516
87.6184, 9.6, -73.7272
88.5708, 9.6, -75.988
89.5233, 9.6, -81.4435
90.4757, 9.6, -82.8333
91.4281, 9.6, -80.2418
92.3806, 9.6, -80.7042
93.333, 9.6, -82.2666
94.2854, 9.6, -84.3279
95.2378, 9.6, -86.6635
96.1903, 9.6, -89.1515
97.1427, 9.6, -91.7043
98.0951, 9.6, -94.2303
99.0476, 9.6, -96.5821
13.3182, 10.4, -59.3981
14.2604, 10.4, -59.8815
15.2026, 10.4, -60.277
16.1448, 10.4, -60.512
17.087, 10.4, -60.6225
18.0292, 10.4, -60.709
18.9714, 10.4, -60.9284
19.9135, 10.4, -62.8376
20.8557, 10.4, -61.6878
21.7979, 10.4, -61.8835
22.7401, 10.4, -62.3768
23.6823, 10.4, -62.8348
24.6245, 10.4, -63.2633
25.5667, 10.4, -63.6846
26.5089, 10.4, -64.1122
27.4511, 10.4, -64.5287
28.3933, 10.4, -64.8322
29.3355, 10.4, -64.9706
30.2777, 10.4, -65.0426
31.2199, 10.4, -65.4183
32.1621, 10.4, -65.5194
33.1043, 10.4, -65.4617
34.0465, 10.4, -65.3588
34.9886, 10.4, -65.2722
35.9308, 10.4, -65.211
36.873, 10.4, -65.1719
37.8152, 10.4, -65.1459
38.7574, 10.4, -65.2613
39.6996, 10.4, -65.6127
40.6418, 10.4, -65.2825
41.584, 10.4, -64.4332
42.5262, 10.4, -63.6891
43.4684, 10.4, -63.0903
44.4106, 10.4, -62.5562
45.3528, 10.4, -62.0553
46.295, 10.4, -61.5864
47.2372, 10.4, -61.2224
48.1794, 10.4, -61.3
49.1215, 10.4, -62.1504
50.0637, 10.4, -62.568
51.0059, 10.4, -61.0482
51.9481, 10.4, -59.3325
52.8903, 10.4, -58.3392
53.8325, 10.4, -57.7746
54.7747, 10.4, -57.3089
55.7169, 10.4, -56.8581
56.6591, 10.4, -56.4317
57.6013, 10.4, -56.1727
58.5435, 10.4, -56.3587
59.4857, 10.4, -56.9103
60.4279, 10.4, -57.0318
61.3701, 10.4, -56.9035
62.3123, 10.4, -57.2717
63.2545, 10.4, -58.0297
64.1966, 10.4, -58.9161
65.1388, 10.4, -59.8291
66.081, 10.4, -60.7775
67.0232, 10.4, -61.7852
67.9654, 10.4, -62.8146
68.9076, 10.4, -63.7707
69.8498, 10.4, -64.9061
70.792, 10.4, -65.5449
71.7342, 10.4, -66.7287
72.6764, 10.4, -67.9971
73.6186, 10.4, -69.0576
74.5608, 10.4, -70.1049
75.503, 10.4, -71.2479
76.4452, 10.4, -72.5018
77.3874, 10.4, -73.685
78.3296, 10.4, -74.1767
79.2717, 10.4, -74.0308
80.2139, 10.4, -75.1011
81.1561, 10.4, -76.5855
82.0983, 10.4, -77.362
83.0405, 10.4, -77.36
83.9827, 10.4, -77.1083
84.9249, 10.4, -77.0329
85.8671, 10.4, -77.2285
86.8093, 10.4, -77.8198
87.7515, 10.4, -79.3303
88.6937, 10.4, -83.4433
89.6359, 10.4, -91.0125
90.5781, 10.4, -90.9724
91.5203, 10.4, -86.5802
92.4624, 10.4, -86.1248
93.4046, 10.4, -87.8754
94.3468, 10.4, -90.368
95.289, 10.4, -93.1323
96.2312, 10.4, -95.9906
97.1734, 10.4, -98.7765
98.11562, 10.4, -100.9965
99.05781, 10.4, -101.5359
14.26, 11.2, -62.9372
15.1919, 11.2, -63.6052
16.1239, 11.2, -64.175
17.0558, 11.2, -64.5309
17.9878, 11.2, -64.6036
18.9197, 11.2, -64.7667
19.8517, 11.2, -65.3095
20.7837, 11.2, -65.5073
21.7156, 11.2, -65.8323
22.6476, 11.2, -66.2688
23.5795, 11.2, -66.7282
24.5115, 11.2, -67.1685
25.4434, 11.2, -67.5968
26.3754, 11.2, -68.0286
27.3074, 11.2, -68.4761
28.2393, 11.2, -68.9488
29.1713, 11.2, -69.3804
30.1032, 11.2, -70.1074
31.0352, 11.2, -69.7406
31.9671, 11.2, -69.6958
32.8991, 11.2, -69.531
33.8311, 11.2, -69.3638
34.763, 11.2, -69.2331
35.695, 11.2, -69.1606
36.6269, 11.2, -69.1721
37.5589, 11.2, -69.3039
38.4908, 11.2, -69.5469
39.4228, 11.2, -69.679
40.3548, 11.2, -69.5493
41.2867, 11.2, -68.8405
42.2187, 11.2, -67.8974
43.1506, 11.2, -67.0886
44.0826, 11.2, -66.4293
45.0145, 11.2, -65.8697
45.9465, 11.2, -65.3589
46.8785, 11.2, -64.8984
47.8104, 11.2, -64.5355
48.7424, 11.2, -64.6785
49.6743, 11.2, -66.436
50.6063, 11.2, -64.898
51.5382, 11.2, -62.5372
52.4702, 11.2, -61.5649
53.4021, 11.2, -60.9687
54.3341, 11.2, -60.4453
55.2661, 11.2, -59.9025
56.198, 11.2, -59.2997
57.13, 11.2, -58.6312
58.0619, 11.2, -57.9593
58.9939, 11.2, -57.8942
59.9258, 11.2, -58.5599
60.8578, 11.2, -58.2383
61.7898, 11.2, -58.775
62.7217, 11.2, -59.933
63.6537, 11.2, -61.0648
64.5856, 11.2, -62.1205
65.5176, 11.2, -63.1434
66.4495, 11.2, -64.1861
67.3815, 11.2, -65.2931
68.3135, 11.2, -66.4454
69.2454, 11.2, -66.9943
70.1774, 11.2, -66.3033
71.1093, 11.2, -69.8445
72.0413, 11.2, -71.5237
72.9732, 11.2, -72.5548
73.9052, 11.2, -73.5409
74.8372, 11.2, -74.6624
75.7691, 11.2, -76.0299
76.7011, 11.2, -77.7388
77.633, 11.2, -79.8103
78.565, 11.2, -81.5516
79.4969, 11.2, -79.6519
80.4289, 11.2, -80.3619
81.3609, 11.2, -84.1417
82.2928, 11.2, -83.5625
83.2248, 11.2, -82.478
84.1567, 11.2, -81.8098
85.0887, 11.2, -81.6158
86.0206, 11.2, -81.861
86.9526, 11.2, -82.653
87.8846, 11.2, -84.246
88.8165, 11.2, -87.7046
89.7485, 11.2, -94.7234
90.6804, 11.2, -92.6969
91.6124, 11.2, -90.3465
92.5443, 11.2, -91.2704
93.4763, 11.2, -93.5583
94.4083, 11.2, -96.446
95.3402, 11.2, -99.5734
96.27217, 11.2, -102.7235
97.20413, 11.2, -105.6531
98.13609, 11.2, -107.9335
99.06805, 11.2, -108.1748
15.2017, 12, -66.5136
16.1234, 12, -67.3915
17.0452, 12, -68.1872
17.9669, 12, -68.68
18.8886, 12, -68.6824
19.8103, 12, -67.8426
20.732, 12, -69.1617
21.6538, 12, -69.8439
22.5755, 12, -70.2798
23.4972, 12, -70.6848
24.4189, 12, -71.0823
25.3406, 12, -71.4826
26.2624, 12, -71.9077
27.1841, 12, -72.3746
28.1058, 12, -72.9382
29.0275, 12, -73.7549
29.9492, 12, -74.6748
30.871, 12, -74.2756
31.7927, 12, -73.7603
32.7144, 12, -73.4401
33.6361, 12, -73.2048
34.5578, 12, -73.0341
35.4796, 12, -72.9385
36.4013, 12, -72.9329
37.323, 12, -73.0556
38.2447, 12, -73.3465
39.1665, 12, -73.7273
40.0882, 12, -73.6625
41.0099, 12, -72.8638
41.9316, 12, -71.8553
42.8533, 12, -71.0221
43.7751, 12, -70.3551
44.6968, 12, -69.7876
45.6185, 12, -69.2693
46.5402, 12, -68.7583
47.4619, 12, -68.1933
48.3837, 12, -67.5166
49.3054, 12, -67.1447
50.2271, 12, -68.0138
51.1488, 12, -65.3492
52.0705, 12, -64.9263
52.9923, 12, -64.5021
53.914, 12, -64.01
54.8357, 12, -63.4351
55.7574, 12, -62.7597
56.6791, 12, -61.9348
57.6009, 12, -60.8933
58.5226, 12, -59.5268
59.4443, 12, -58.5187
60.366, 12, -58.7564
61.2877, 12, -59.8755
62.2095, 12, -61.7436
63.1312, 12, -63.1867
64.0529, 12, -64.389
64.9746, 12, -65.4647
65.8963, 12, -66.4912
66.8181, 12, -67.5445
67.7398, 12, -68.6807
68.6615, 12, -69.8211
69.5832, 12, -69.919
70.5049, 12, -71.614
71.4267, 12, -74.237
72.3484, 12, -75.3026
73.2701, 12, -76.1623
74.1918, 12, -77.1312
75.1135, 12, -78.329
76.0353, 12, -79.8488
76.957, 12, -81.8971
77.8787, 12, -84.6925
78.8004, 12, -88.1376
79.7222, 12, -86.9435
80.6439, 12, -89.9801
81.5656, 12, -89.2226
82.4873, 12, -87.2535
83.409, 12, -86.0201
84.3307, 12, -85.4677
85.2525, 12, -85.4033
86.1742, 12, -85.7287
87.0959, 12, -86.4183
88.0176, 12, -87.345
88.9394, 12, -87.9437
89.8611, 12, -93.2336
90.7828, 12, -90.6489
91.7045, 12, -93.1006
92.6262, 12, -95.9581
93.548, 12, -99.0977
94.46968, 12, -102.4708
95.3914, 12, -105.9505
96.31312, 12, -109.3926
97.23484, 12, -112.6098
98.15656, 12, -115.3015
99.07828, 12, -116.6169
16.1435, 12.8, -70.192
17.055, 12.8, -71.3466
17.9665, 12.8, -72.4236
18.8779, 12.8, -72.6998
19.7894, 12.8, -71.7673
20.7009, 12.8, -72.8735
21.6124, 12.8, -73.8329
22.5239, 12.8, -74.3142
23.4354, 12.8, -74.6299
24.3468, 12.8, -74.9119
25.2583, 12.8, -75.2443
26.1698, 12.8, -75.6562
27.0813, 12.8, -76.1659
27.9928, 12.8, -76.8081
28.9043, 12.8, -77.6453
29.8157, 12.8, -78.7466
30.7272, 12.8, -78.4605
31.6387, 12.8, -77.6842
32.5502, 12.8, -77.1706
33.4617, 12.8, -76.8291
34.3732, 12.8, -76.6219
35.2846, 12.8, -76.5127
36.1961, 12.8, -76.4814
37.1076, 12.8, -76.5232
38.0191, 12.8, -76.6727
38.9306, 12.8, -77.1137
39.8421, 12.8, -77.7434
40.7535, 12.8, -76.5983
41.665, 12.8, -75.4157
42.5765, 12.8, -74.6824
43.488, 12.8, -74.0958
44.3995, 12.8, -73.5538
45.311, 12.8, -73.037
46.2225, 12.8, -72.5249
47.1339, 12.8, -71.9653
48.0454, 12.8, -71.171
48.9569, 12.8, -69.7425
49.8684, 12.8, -67.2488
50.7799, 12.8, -67.7159
51.6914, 12.8, -68.2431
52.6028, 12.8, -68.1452
53.5143, 12.8, -67.7342
54.4258, 12.8, -67.2063
55.3373, 12.8, -66.5695
56.2488, 12.8, -65.7673
57.1603, 12.8, -64.693
58.0717, 12.8, -63.1508
58.9832, 12.8, -60.8037
59.8947, 12.8, -57.7613
60.8062, 12.8, -60.5739
61.7177, 12.8, -63.4925
62.6292, 12.8, -65.4106
63.5406, 12.8, -66.8239
64.4521, 12.8, -67.9528
65.3636, 12.8, -68.9332
66.2751, 12.8, -69.8593
67.1866, 12.8, -70.805
68.0981, 12.8, -71.8317
69.0096, 12.8, -73.171
69.921, 12.8, -75.3705
70.8325, 12.8, -76.5628
71.744, 12.8, -77.3238
72.6555, 12.8, -78.1554
73.567, 12.8, -79.1053
74.4785, 12.8, -80.1898
75.3899, 12.8, -81.4588
76.3014, 12.8, -82.9932
77.2129, 12.8, -84.9725
78.1244, 12.8, -87.985
79.0359, 12.8, -93.5562
79.94736, 12.8, -101.2729
80.8588, 12.8, -95.4236
81.7703, 12.8, -90.857
82.6818, 12.8, -89.1152
83.5933, 12.8, -88.4707
84.5048, 12.8, -88.2557
85.4163, 12.8, -88.3043
86.3277, 12.8, -88.5204
87.2392, 12.8, -88.7332
88.1507, 12.8, -88.4615
89.0622, 12.8, -87.0862
89.9737, 12.8, -83.4294
90.8852, 12.8, -89.9618
91.7966, 12.8, -95.5316
92.70813, 12.8, -100.1568
93.61961, 12.8, -104.2451
94.5311, 12.8, -108.2241
95.44258, 12.8, -112.1725
96.35406, 12.8, -116.042
97.26555, 12.8, -119.7337
98.17703, 12.8, -123.1326
99.08852, 12.8, -126.302
17.0852, 13.6, -74.0408
17.9865, 13.6, -75.5268
18.8877, 13.6, -76.8005
19.789, 13.6, -76.7142
20.6902, 13.6, -77.0525
21.5915, 13.6, -77.8076
22.4927, 13.6, -78.0924
23.394, 13.6, -78.2152
24.2952, 13.6, -78.387
25.1965, 13.6, -78.6576
26.0977, 13.6, -79.0468
26.999, 13.6, -79.5759
27.9002, 13.6, -80.2757
28.8015, 13.6, -81.1662
29.7027, 13.6, -82.3472
30.604, 13.6, -82.0495
31.5052, 13.6, -81.2277
32.4065, 13.6, -80.5829
33.3077, 13.6, -80.1926
34.2089, 13.6, -79.9798
35.1102, 13.6, -79.8806
36.0114, 13.6, -79.8496
36.9127, 13.6, -79.8541
37.8139, 13.6, -79.877
38.7152, 13.6, -79.9868
39.6164, 13.6, -80.8131
40.5177, 13.6, -79.9678
41.4189, 13.6, -78.7334
42.3202, 13.6, -78.1512
43.2214, 13.6, -77.6466
44.1227, 13.6, -77.1451
45.0239, 13.6, -76.6344
45.9252, 13.6, -76.1079
46.8264, 13.6, -75.549
47.7277, 13.6, -74.8969
48.6289, 13.6, -73.8516
49.5302, 13.6, -70.3057
50.4314, 13.6, -69.1611
51.3326, 13.6, -71.7119
52.2339, 13.6, -71.7821
53.1351, 13.6, -71.4837
54.0364, 13.6, -71.0752
54.9376, 13.6, -70.5632
55.8389, 13.6, -69.8998
56.7401, 13.6, -68.9987
57.6414, 13.6, -67.7082
58.5426, 13.6, -65.7134
59.4439, 13.6, -61.8772
60.3451, 13.6, -60.6309
61.2464, 13.6, -65.6233
62.1476, 13.6, -67.9977
63.0489, 13.6, -69.572
63.9501, 13.6, -70.7273
64.8514, 13.6, -71.6416
65.7526, 13.6, -72.425
66.6538, 13.6, -73.1659
67.5551, 13.6, -73.9657
68.4563, 13.6, -75.0272
69.3576, 13.6, -77.3163
70.2588, 13.6, -80.6987
71.1601, 13.6, -79.3363
72.0613, 13.6, -79.7784
72.9626, 13.6, -80.6658
73.8638, 13.6, -81.7116
74.7651, 13.6, -82.8679
75.6663, 13.6, -84.1453
76.5676, 13.6, -85.6042
77.4688, 13.6, -87.4187
78.3701, 13.6, -90.2101
79.2713, 13.6, -97.8918
80.17256, 13.6, -110.702
81.0738, 13.6, -94.686
81.9751, 13.6, -91.3634
82.8763, 13.6, -90.5425
83.7775, 13.6, -90.3304
84.6788, 13.6, -90.3269
85.58, 13.6, -90.3675
86.4813, 13.6, -90.3345
87.3825, 13.6, -90.0755
88.2838, 13.6, -89.2371
89.185, 13.6, -85.9627
90.0863, 13.6, -75.218
90.9875, 13.6, -91.5738
91.8888, 13.6, -98.6947
92.79002, 13.6, -104.1071
93.69127, 13.6, -109.0281
94.59251, 13.6, -113.709
95.49377, 13.6, -118.2428
96.39501, 13.6, -122.6782
97.29626, 13.6, -127.0626
98.1975, 13.6, -131.5304
99.09875, 13.6, -137.0761
18.027, 14.4, -78.1305
18.918, 14.4, -80.271
19.809, 14.4, -81.5925
20.7, 14.4, -81.6814
21.5911, 14.4, -81.5276
22.4821, 14.4, -81.358
23.3731, 14.4, -81.3377
24.2641, 14.4, -81.4606
25.1551, 14.4, -81.6963
26.0461, 14.4, -82.037
26.9371, 14.4, -82.5062
27.8281, 14.4, -83.1746
28.7191, 14.4, -84.0614
29.6102, 14.4, -85.2106
30.5012, 14.4, -85.1464
31.3922, 14.4, -84.152
32.2832, 14.4, -83.5766
33.1742, 14.4, -83.2498
34.0652, 14.4, -83.0955
34.9562, 14.4, -83.0356
35.8472, 14.4, -83.0368
36.7382, 14.4, -83.071
37.6292, 14.4, -83.0736
38.5203, 14.4, -82.9546
39.4113, 14.4, -82.8385
40.3023, 14.4, -82.7666
41.1933, 14.4, -81.9052
42.0843, 14.4, -81.5798
42.9753, 14.4, -81.1474
43.8663, 14.4, -80.6225
44.7573, 14.4, -80.0831
45.6483, 14.4, -79.5572
46.5394, 14.4, -79.0375
47.4304, 14.4, -78.4624
48.3214, 14.4, -77.7007
49.2124, 14.4, -76.3267
50.1034, 14.4, -73.6241
50.9944, 14.4, -75.3406
51.8854, 14.4, -75.5136
52.7764, 14.4, -75.3305
53.6674, 14.4, -75.0002
54.5585, 14.4, -74.5955
55.4495, 14.4, -74.1311
56.3405, 14.4, -73.5554
57.2315, 14.4, -72.7167
58.1225, 14.4, -71.3383
59.0135, 14.4, -69.0655
59.9045, 14.4, -65.3817
60.7955, 14.4, -68.7115
61.6865, 14.4, -71.3851
62.5775, 14.4, -72.9582
63.4686, 14.4, -73.9803
64.3596, 14.4, -74.7074
65.2506, 14.4, -75.3236
66.1416, 14.4, -75.9063
67.0326, 14.4, -76.5055
67.9236, 14.4, -77.2176
68.8146, 14.4, -78.4349
69.7056, 14.4, -81.0688
70.5966, 14.4, -81.673
71.4877, 14.4, -81.5207
72.3787, 14.4, -82.1437
73.2697, 14.4, -83.0718
74.1607, 14.4, -84.1074
75.0517, 14.4, -85.2427
75.9427, 14.4, -86.4979
76.8337, 14.4, -87.9058
77.7247, 14.4, -89.5204
78.6157, 14.4, -91.7665
79.5068, 14.4, -97.6259
80.3978, 14.4, -99.265
81.2888, 14.4, -93.2662
82.1798, 14.4, -92.3067
83.0708, 14.4, -92.0834
83.9618, 14.4, -92.0628
84.8528, 14.4, -92.121
85.7438, 14.4, -92.1494
86.6348, 14.4, -92.0212
87.5258, 14.4, -91.5504
88.4169, 14.4, -90.2246
89.3079, 14.4, -86.6487
90.1989, 14.4, -83.5172
91.0899, 14.4, -95.0547
91.9809, 14.4, -102.5225
92.87192, 14.4, -108.5443
93.76292, 14.4, -114.0677
94.65394, 14.4, -119.344
95.54494, 14.4, -124.4894
96.43596, 14.4, -129.5988
97.32697, 14.4, -134.7955
98.21798, 14.4, -140.4406
99.10899, 14.4, -147.6078
18.9688, 15.2, -83.0738
19.8495, 15.2, -86.2491
20.7303, 15.2, -85.8419
21.6111, 15.2, -84.6813
22.4919, 15.2, -84.2174
23.3726, 15.2, -84.1501
24.2534, 15.2, -84.2694
25.1342, 15.2, -84.4993
26.015, 15.2, -84.8065
26.8957, 15.2, -85.1749
27.7765, 15.2, -85.6224
28.6573, 15.2, -86.3491
29.5381, 15.2, -87.3967
30.4188, 15.2, -87.3761
31.2996, 15.2, -86.5408
32.1804, 15.2, -86.1542
33.0612, 15.2, -86.0446
33.9419, 15.2, -85.9938
34.8227, 15.2, -85.979
35.7035, 15.2, -86.0016
36.5843, 15.2, -86.0568
37.465, 15.2, -86.1187
38.3458, 15.2, -86.0898
39.2266, 15.2, -85.5291
40.1074, 15.2, -84.1585
40.9881, 15.2, -85.1056
41.8689, 15.2, -84.9743
42.7497, 15.2, -84.443
43.6305, 15.2, -83.8437
44.5112, 15.2, -83.2555
45.392, 15.2, -82.707
46.2728, 15.2, -82.2051
47.1535, 15.2, -81.7384
48.0343, 15.2, -81.2913
48.9151, 15.2, -80.8992
49.7959, 15.2, -82.8879
50.6766, 15.2, -80.4269
51.5574, 15.2, -79.465
52.4382, 15.2, -79.0889
53.319, 15.2, -78.7095
54.1997, 15.2, -78.3532
55.0805, 15.2, -78.0279
55.9613, 15.2, -77.7198
56.8421, 15.2, -77.3994
57.7228, 15.2, -76.9883
58.6036, 15.2, -76.0821
59.4844, 15.2, -75.0888
60.3652, 15.2, -75.1872
61.2459, 15.2, -76.0104
62.1267, 15.2, -77.1262
63.0075, 15.2, -77.6121
63.8883, 15.2, -77.9863
64.769, 15.2, -78.3555
65.6498, 15.2, -78.7504
66.5306, 15.2, -79.2009
67.4114, 15.2, -79.7552
68.2921, 15.2, -80.4302
69.1729, 15.2, -81.1945
70.0537, 15.2, -81.1395
70.9344, 15.2, -82.7496
71.8152, 15.2, -83.5476
72.696, 15.2, -84.3191
73.5768, 15.2, -85.1847
74.4575, 15.2, -86.159
75.3383, 15.2, -87.2335
76.2191, 15.2, -88.4176
77.0999, 15.2, -89.7181
77.9806, 15.2, -91.0421
78.8614, 15.2, -91.6366
79.7422, 15.2, -84.9092
80.623, 15.2, -90.4493
81.5037, 15.2, -93.1785
82.3845, 15.2, -93.4397
83.2653, 15.2, -93.5702
84.1461, 15.2, -93.7623
85.0268, 15.2, -93.9597
85.9076, 15.2, -94.0638
86.7884, 15.2, -93.9312
87.6692, 15.2, -93.3437
88.5499, 15.2, -92.1433
89.4307, 15.2, -91.3615
90.3115, 15.2, -94.8379
91.1923, 15.2, -99.9767
92.07303, 15.2, -107.0856
92.9538, 15.2, -113.5939
93.83458, 15.2, -119.6296
94.71535, 15.2, -125.4171
95.59613, 15.2, -131.1101
96.47691, 15.2, -136.8536
97.35767, 15.2, -142.8766
98.23845, 15.2, -149.4243
99.11922, 15.2, -156.6351
19.9105, 16, -90.6498
20.7811, 16, -88.4638
21.6516, 16, -87.1934
22.5221, 16, -86.7662
23.3927, 16, -86.7191
24.2632, 16, -86.8679
25.1338, 16, -87.1168
26.0043, 16, -87.4143
26.8748, 16, -87.7273
27.7454, 16, -88.0244
28.6159, 16, -88.2714
29.4865, 16, -88.7819
30.357, 16, -88.9039
31.2275, 16, -88.4977
32.0981, 16, -88.6128
32.9686, 16, -88.6713
33.8391, 16, -88.702
34.7097, 16, -88.7265
35.5802, 16, -88.7617
36.4508, 16, -88.8227
37.3213, 16, -88.9194
38.1918, 16, -89.0292
39.0624, 16, -88.8192
39.9329, 16, -86.5077
40.8034, 16, -88.4089
41.674, 16, -88.2179
42.5445, 16, -87.5108
43.4151, 16, -86.8071
44.2856, 16, -86.1573
45.1561, 16, -85.5705
46.0267, 16, -85.0572
46.8972, 16, -84.646
47.7677, 16, -84.4181
48.6383, 16, -84.6913
49.5088, 16, -86.8112
50.3794, 16, -87.2348
51.2499, 16, -83.9788
52.1204, 16, -82.7782
52.991, 16, -82.1998
53.8615, 16, -81.8391
54.732, 16, -81.6045
55.6026, 16, -81.4727
56.4731, 16, -81.4522
57.3437, 16, -81.5857
58.2142, 16, -82.0004
59.0847, 16, -83.1464
59.9553, 16, -84.3951
60.8258, 16, -83.0291
61.6963, 16, -81.9907
62.5669, 16, -81.6124
63.4374, 16, -81.5043
64.308, 16, -81.5406
65.1785, 16, -81.6804
66.049, 16, -81.9095
66.9196, 16, -82.2237
67.7901, 16, -82.6082
68.6606, 16, -82.9164
69.5312, 16, -82.2814
70.4017, 16, -82.1055
71.2723, 16, -84.0986
72.1428, 16, -85.198
73.0133, 16, -86.0452
73.8839, 16, -86.8966
74.7544, 16, -87.7992
75.6249, 16, -88.7625
76.4955, 16, -89.7699
77.366, 16, -90.7317
78.2366, 16, -91.2168
79.1071, 16, -88.3619
79.9776, 16, -73.8802
80.8482, 16, -89.2364
81.7187, 16, -93.5159
82.5892, 16, -94.4646
83.4598, 16, -95.0089
84.3303, 16, -95.4924
85.2009, 16, -95.9165
86.0714, 16, -96.2106
86.9419, 16, -96.2811
87.8125, 16, -96.0602
88.683, 16, -95.8876
89.5536, 16, -98.4353
90.42409, 16, -102.2872
91.29462, 16, -106.1367
92.16516, 16, -112.6705
93.0357, 16, -119.3116
93.90623, 16, -125.6933
94.77677, 16, -131.9009
95.64731, 16, -138.0621
96.51785, 16, -144.3115
97.38839, 16, -150.7929
98.25893, 16, -157.6135
99.12946, 16, -164.227
20.8523, 16.8, -89.7765
21.7126, 16.8, -89.0655
22.5729, 16.8, -88.9236
23.4332, 16.8, -89.0423
24.2935, 16.8, -89.2928
25.1538, 16.8, -89.6046
26.0141, 16.8, -89.9295
26.8744, 16.8, -90.2194
27.7347, 16.8, -90.3956
28.595, 16.8, -90.2951
29.4553, 16.8, -89.7996
30.3156, 16.8, -89.7782
31.1759, 16.8, -90.4999
32.0362, 16.8, -91.0128
32.8965, 16.8, -91.2442
33.7568, 16.8, -91.3359
34.6171, 16.8, -91.3776
35.4774, 16.8, -91.4094
36.3377, 16.8, -91.4568
37.198, 16.8, -91.5399
38.0583, 16.8, -91.6637
38.9186, 16.8, -91.8808
39.7789, 16.8, -92.1308
40.6392, 16.8, -92.0098
41.4995, 16.8, -91.2258
42.3598, 16.8, -90.3781
43.2201, 16.8, -89.5818
44.0804, 16.8, -88.8657
44.9407, 16.8, -88.2335
45.801, 16.8, -87.6984
46.6613, 16.8, -87.3012
47.5216, 16.8, -87.157
48.3819, 16.8, -87.6029
49.2422, 16.8, -89.0465
50.1025, 16.8, -89.8961
50.9628, 16.8, -88.3333
51.8231, 16.8, -86.5439
52.6834, 16.8, -85.5525
53.5437, 16.8, -85.0903
54.404, 16.8, -84.8827
55.2643, 16.8, -84.8549
56.1246, 16.8, -85.0106
56.9849, 16.8, -85.4266
57.8452, 16.8, -86.3504
58.7055, 16.8, -88.2845
59.5658, 16.8, -91.352
60.4262, 16.8, -91.1116
61.2865, 16.8, -87.8765
62.1468, 16.8, -86.0084
63.0071, 16.8, -85.156
63.8674, 16.8, -84.7661
64.7277, 16.8, -84.5987
65.588, 16.8, -84.567
66.4483, 16.8, -84.628
67.3086, 16.8, -84.7371
68.1689, 16.8, -84.7601
69.0292, 16.8, -84.4668
69.8895, 16.8, -83.6911
70.7498, 16.8, -84.1074
71.6101, 16.8, -85.2721
72.4704, 16.8, -86.4138
73.3307, 16.8, -87.3004
74.191, 16.8, -88.1081
75.0513, 16.8, -88.8993
75.9116, 16.8, -89.6693
76.7719, 16.8, -90.3421
77.6322, 16.8, -90.6307
78.4925, 16.8, -89.6903
79.3528, 16.8, -86.9574
80.2131, 16.8, -86.0756
81.0734, 16.8, -90.6324
81.9337, 16.8, -93.8067
82.794, 16.8, -95.5089
83.6543, 16.8, -96.567
84.5146, 16.8, -97.4456
85.3749, 16.8, -98.2207
86.2352, 16.8, -98.8824
87.0955, 16.8, -99.43
87.95579, 16.8, -100.056
88.81609, 16.8, -101.2517
89.67638, 16.8, -103.3571
90.53669, 16.8, -107.6645
91.39699, 16.8, -113.1337
92.25729, 16.8, -119.1611
93.11759, 16.8, -125.6474
93.97789, 16.8, -132.1651
94.8382, 16.8, -138.6272
95.69849, 16.8, -145.0844
96.55879, 16.8, -151.6141
97.4191, 16.8, -158.2729
98.2794, 16.8, -164.951
99.1397, 16.8, -171.5468
21.7941, 17.6, -90.3592
22.6441, 17.6, -90.6861
23.4942, 17.6, -91.089
24.3443, 17.6, -91.5258
25.1943, 17.6, -91.9609
26.0444, 17.6, -92.358
26.8945, 17.6, -92.667
27.7445, 17.6, -92.8043
28.5946, 17.6, -92.6194
29.4446, 17.6, -91.5653
30.2947, 17.6, -90.962
31.1448, 17.6, -92.8894
31.9948, 17.6, -93.5236
32.8449, 17.6, -93.8033
33.695, 17.6, -93.9242
34.545, 17.6, -93.9634
35.3951, 17.6, -93.9679
36.2452, 17.6, -93.9712
37.0952, 17.6, -94.0072
37.9453, 17.6, -94.144
38.7954, 17.6, -94.5776
39.6454, 17.6, -96.5072
40.4955, 17.6, -95.8878
41.3455, 17.6, -93.9798
42.1956, 17.6, -92.9673
43.0457, 17.6, -92.1146
43.8957, 17.6, -91.3493
44.7458, 17.6, -90.6732
45.5959, 17.6, -90.1048
46.4459, 17.6, -89.6893
47.296, 17.6, -89.5046
48.1461, 17.6, -89.6681
48.9961, 17.6, -90.2294
49.8462, 17.6, -90.095
50.6963, 17.6, -90.2152
51.5463, 17.6, -89.4351
52.3964, 17.6, -88.5768
53.2465, 17.6, -88.0608
54.0965, 17.6, -87.8278
54.9466, 17.6, -87.8444
55.7966, 17.6, -88.0965
56.6467, 17.6, -88.6482
57.4968, 17.6, -89.6155
58.3468, 17.6, -91.2396
59.1969, 17.6, -93.9799
60.047, 17.6, -98.6473
60.897, 17.6, -93.2103
61.7471, 17.6, -90.4381
62.5972, 17.6, -88.8764
63.4472, 17.6, -87.9728
64.2973, 17.6, -87.4439
65.1474, 17.6, -87.1326
65.9974, 17.6, -86.9416
66.8475, 17.6, -86.7996
67.6975, 17.6, -86.6337
68.5476, 17.6, -86.3618
69.3977, 17.6, -86.0585
70.2477, 17.6, -85.9826
71.0978, 17.6, -85.8869
71.9479, 17.6, -86.5173
72.7979, 17.6, -87.3044
73.648, 17.6, -88.0901
74.4981, 17.6, -88.8034
75.3481, 17.6, -89.4122
76.1982, 17.6, -89.8704
77.0483, 17.6, -90.072
77.8983, 17.6, -89.9549
78.7484, 17.6, -89.7238
79.5984, 17.6, -93.6108
80.4485, 17.6, -94.1246
81.2986, 17.6, -92.6987
82.1486, 17.6, -94.8355
82.9987, 17.6, -96.7655
83.8488, 17.6, -98.3709
84.6988, 17.6, -99.7535
85.5489, 17.6, -101.0193
86.39896, 17.6, -102.2415
87.24903, 17.6, -103.5067
88.0991, 17.6, -104.9035
88.94916, 17.6, -106.4068
89.79922, 17.6, -106.1736
90.64929, 17.6, -112.8173
91.49935, 17.6, -119.8022
92.34942, 17.6, -126.1244
93.19949, 17.6, -132.5128
94.04955, 17.6, -138.9857
94.89961, 17.6, -145.5224
95.74968, 17.6, -152.0952
96.59974, 17.6, -158.7008
97.44981, 17.6, -165.3288
98.29987, 17.6, -171.9844
99.14993, 17.6, -178.7803
22.7358, 18.4, -92.2082
23.5757, 18.4, -92.9648
24.4155, 18.4, -93.6559
25.2553, 18.4, -94.2778
26.0951, 18.4, -94.816
26.935, 18.4, -95.2397
27.7748, 18.4, -95.4838
28.6146, 18.4, -95.3838
29.4545, 18.4, -94.4022
30.2943, 18.4, -93.9999
31.1341, 18.4, -95.7751
31.9739, 18.4, -96.3412
32.8138, 18.4, -96.5402
33.6536, 18.4, -96.5861
34.4934, 18.4, -96.5581
35.3332, 18.4, -96.4991
36.1731, 18.4, -96.4423
37.0129, 18.4, -96.428
37.8527, 18.4, -96.5356
38.6926, 18.4, -97.0221
39.5324, 18.4, -98.6422
40.3722, 18.4, -98.8205
41.212, 18.4, -96.4158
42.0519, 18.4, -95.1745
42.8917, 18.4, -94.2615
43.7315, 18.4, -93.466
44.5714, 18.4, -92.7528
45.4112, 18.4, -92.1251
46.251, 18.4, -91.6034
47.0908, 18.4, -91.2204
47.9307, 18.4, -90.9952
48.7705, 18.4, -90.7046
49.6103, 18.4, -90.2315
50.4501, 18.4, -90.2145
51.29, 18.4, -90.425
52.1298, 18.4, -90.3326
52.9696, 18.4, -90.112
53.8095, 18.4, -90.0366
54.6493, 18.4, -90.1312
55.4891, 18.4, -90.4064
56.3289, 18.4, -90.8929
57.1688, 18.4, -91.6562
58.0086, 18.4, -92.812
58.8484, 18.4, -94.508
59.6883, 18.4, -98.2511
60.5281, 18.4, -96.7626
61.3679, 18.4, -93.5895
62.2077, 18.4, -91.8791
63.0476, 18.4, -90.7425
63.8874, 18.4, -89.9807
64.7272, 18.4, -89.4477
65.5671, 18.4, -89.0516
66.4069, 18.4, -88.7292
67.2467, 18.4, -88.4299
68.0865, 18.4, -88.1144
68.9264, 18.4, -87.8255
69.7662, 18.4, -87.6331
70.606, 18.4, -87.6528
71.4458, 18.4, -87.6317
72.2857, 18.4, -87.8936
73.1255, 18.4, -88.3617
73.9653, 18.4, -88.8635
74.8052, 18.4, -89.3391
75.645, 18.4, -89.7538
76.4848, 18.4, -90.0872
77.3246, 18.4, -90.3639
78.1645, 18.4, -90.8653
79.0043, 18.4, -93.2043
79.8441, 18.4, -99.4507
80.684, 18.4, -96.6466
81.5238, 18.4, -95.4514
82.3636, 18.4, -96.8619
83.2034, 18.4, -98.8143
84.04327, 18.4, -100.7437
84.88309, 18.4, -102.5986
85.72292, 18.4, -104.4043
86.56275, 18.4, -106.1992
87.40258, 18.4, -108.0181
88.24241, 18.4, -109.8343
89.08224, 18.4, -111.1708
89.92207, 18.4, -111.0077
90.76189, 18.4, -118.717
91.60172, 18.4, -126.1735
92.44155, 18.4, -132.8459
93.28138, 18.4, -139.367
94.1212, 18.4, -145.8919
94.96103, 18.4, -152.4412
95.80086, 18.4, -159.0142
96.64069, 18.4, -165.6083
97.48051, 18.4, -172.227
98.32034, 18.4, -178.9024
99.16017, 18.4, -185.8391
23.6776, 19.2, -94.7319
24.5072, 19.2, -95.8798
25.3368, 19.2, -96.8121
26.1664, 19.2, -97.5698
26.996, 19.2, -98.2065
27.8255, 19.2, -98.6775
28.6551, 19.2, -98.864
29.4847, 19.2, -98.6091
30.3143, 19.2, -98.8391
31.1439, 19.2, -99.3167
31.9735, 19.2, -99.5563
32.8031, 19.2, -99.5451
33.6327, 19.2, -99.4317
34.4623, 19.2, -99.2711
35.2919, 19.2, -99.0928
36.1215, 19.2, -98.9208
36.9511, 19.2, -98.7879
37.7806, 19.2, -98.7609
38.6102, 19.2, -98.9623
39.4398, 19.2, -99.6086
40.2694, 19.2, -99.4249
41.099, 19.2, -98.0751
41.9286, 19.2, -96.8426
42.7582, 19.2, -95.8939
43.5878, 19.2, -95.0628
44.4174, 19.2, -94.2921
45.247, 19.2, -93.5704
46.0766, 19.2, -92.8978
46.9062, 19.2, -92.2702
47.7357, 19.2, -91.6392
48.5653, 19.2, -90.9905
49.3949, 19.2, -90.3147
50.2245, 19.2, -89.8683
51.0541, 19.2, -90.2941
51.8837, 19.2, -90.5579
52.7133, 19.2, -90.7987
53.5429, 19.2, -90.9888
54.3725, 19.2, -91.2115
55.2021, 19.2, -91.511
56.0317, 19.2, -91.9095
56.8612, 19.2, -92.4296
57.6908, 19.2, -93.0866
58.5204, 19.2, -94.0545
59.35, 19.2, -95.7172
60.1796, 19.2, -96.2001
61.0092, 19.2, -94.7649
61.8388, 19.2, -93.3162
62.6684, 19.2, -92.3986
63.498, 19.2, -91.7022
64.3276, 19.2, -91.1493
65.1572, 19.2, -90.6948
65.9868, 19.2, -90.3014
66.8163, 19.2, -89.9414
67.6459, 19.2, -89.5988
68.4755, 19.2, -89.2816
69.3051, 19.2, -88.9769
70.1347, 19.2, -88.5868
70.9643, 19.2, -89.0336
71.7939, 19.2, -89.1991
72.6235, 19.2, -89.3726
73.4531, 19.2, -89.6377
74.2827, 19.2, -89.9618
75.1123, 19.2, -90.3033
75.9418, 19.2, -90.6567
76.7714, 19.2, -91.0647
77.601, 19.2, -91.7285
78.4306, 19.2, -92.9415
79.2602, 19.2, -95.1475
80.0898, 19.2, -96.4326
80.9194, 19.2, -97.3241
81.749, 19.2, -97.9891
82.5786, 19.2, -99.5472
83.40817, 19.2, -101.5902
84.23776, 19.2, -103.7997
85.06735, 19.2, -106.0404
85.89695, 19.2, -108.2863
86.72654, 19.2, -110.5345
87.55613, 19.2, -112.7638
88.38572, 19.2, -114.8496
89.21531, 19.2, -116.5317
90.04491, 19.2, -118.5102
90.8745, 19.2, -125.466
91.70409, 19.2, -132.5841
92.53368, 19.2, -139.3938
93.36327, 19.2, -146.0402
94.19286, 19.2, -152.6266
95.02245, 19.2, -159.2033
95.85204, 19.2, -165.7837
96.68163, 19.2, -172.3735
97.51122, 19.2, -178.9827
98.34082, 19.2, -185.6593
99.17041, 19.2, -192.5189
