100.0, 0.0, -3.986694131e-42
0.0, 0.0, -5.24251819655e-39
-20.0, 0.0, 0.0
-20.0, -20.0, 200.0
100.0, -20.0, 200.0
100.0, 20.0, -200.0
23.7999992, 20.0, -72.994468689
98.9247284, 0.0, 0.0276985745877
97.8494644, 0.0, 0.0547724477947
96.7741928, 0.0, 0.0809555053711
95.6989212, 0.0, 0.105989359319
94.6236572, 0.0, 0.129657700658
93.5483856, 0.0, 0.151802152395
92.4731216, 0.0, 0.172325119376
91.39785, 0.0, 0.191186308861
90.3225784, 0.0, 0.208392441273
89.2473145, 0.0, 0.223987609148
88.1720428, 0.0, 0.238044068217
87.0967712, 0.0, 0.250653415918
86.0215073, 0.0, 0.261919885874
84.9462357, 0.0, 0.271954476833
83.8709641, 0.0, 0.280869394541
82.7957001, 0.0, 0.288774520159
81.7204285, 0.0, 0.295774757862
80.6451645, 0.0, 0.30196800828
79.5698929, 0.0, 0.30744484067
78.4946213, 0.0, 0.312287926674
77.4193573, 0.0, 0.316572248936
76.3440857, 0.0, 0.320365339518
75.2688141, 0.0, 0.323727399111
74.1935501, 0.0, 0.326711922884
73.1182785, 0.0, 0.329366326332
72.0430145, 0.0, 0.331732302904
70.9677429, 0.0, 0.333846777678
69.8924713, 0.0, 0.335742294788
68.8172073, 0.0, 0.337447494268
67.7419357, 0.0, 0.338987767696
66.6666641, 0.0, 0.340385407209
65.5914001, 0.0, 0.341660171747
64.5161285, 0.0, 0.342829555273
63.4408607, 0.0, 0.343909144402
62.365593, 0.0, 0.344912916422
61.2903214, 0.0, 0.345853447914
60.2150536, 0.0, 0.346742212772
59.1397858, 0.0, 0.347589701414
58.064518, 0.0, 0.348405689001
56.9892464, 0.0, 0.349199384451
55.9139786, 0.0, 0.349979549646
54.8387108, 0.0, 0.350754618645
53.7634392, 0.0, 0.351532936096
52.6881714, 0.0, 0.352322787046
51.6129036, 0.0, 0.353132545948
50.5376358, 0.0, 0.353970885277
49.4623642, 0.0, 0.354846775532
48.3870964, 0.0, 0.355769634247
47.3118286, 0.0, 0.356749504805
46.2365608, 0.0, 0.357797145844
45.1612892, 0.0, 0.358924210072
44.0860214, 0.0, 0.36014342308
43.0107536, 0.0, 0.361468613148
41.935482, 0.0, 0.362915039062
40.8602142, 0.0, 0.364499270916
39.7849464, 0.0, 0.366239607334
38.7096786, 0.0, 0.368156075478
37.634407, 0.0, 0.370270490646
36.5591393, 0.0, 0.372606664896
35.4838715, 0.0, 0.37519043684
34.4086037, 0.0, 0.378049910069
33.3333321, 0.0, 0.38121548295
32.2580643, 0.0, 0.384720265865
31.1827965, 0.0, 0.38860052824
30.1075268, 0.0, 0.392896473408
29.032259, 0.0, 0.397653281689
27.9569893, 0.0, 0.402922719717
26.8817196, 0.0, 0.408765226603
25.8064518, 0.0, 0.415253072977
24.7311821, 0.0, 0.422474473715
23.6559143, 0.0, 0.430539429188
22.5806446, 0.0, 0.439587771893
21.5053768, 0.0, 0.449800372124
20.4301071, 0.0, 0.461415141821
19.3548393, 0.0, 0.474751353264
18.2795696, 0.0, 0.490247637033
17.2043018, 0.0, 0.508516073227
16.1290321, 0.0, 0.53041779995
15.0537634, 0.0, 0.557178735733
13.9784946, 0.0, 0.590584516525
12.9032259, 0.0, 0.633315205574
11.8279572, 0.0, 0.6895160079
10.7526884, 0.0, 0.7658020854
9.67741966, 0.0, 0.873058259487
8.60215092, 0.0, 1.02947843075
7.52688169, 0.0, 1.26500427723
6.45161295, 0.0, 1.626090765
5.3763442, 0.0, 2.17730498314
4.30107546, 0.0, 2.99336218834
3.22580647, 0.0, 4.12168693542
2.15053773, 0.0, 5.44453477859
1.07526886, 0.0, 6.13306522369
-1.05263162, 0.0, -1.81327040375e-39
-2.10526323, 0.0, -1.77428207657e-39
-3.15789485, 0.0, -1.75481103441e-39
-4.21052647, 0.0, -1.74355019995e-39
-5.26315784, 0.0, -1.73632790767e-39
-6.3157897, 0.0, -1.73135049552e-39
-7.36842108, 0.0, -1.72772954029e-39
-8.42105293, 0.0, -1.72497598881e-39
-9.47368431, 0.0, -1.72280397619e-39
-10.5263157, 0.0, -1.72103553753e-39
-11.5789471, 0.0, -1.71955436505e-39
-12.6315794, 0.0, -1.71827638085e-39
-13.6842108, 0.0, -1.71715113818e-39
-14.7368422, 0.0, -1.7161351968e-39
-15.7894735, 0.0, -1.71519632683e-39
-16.8421059, 0.0, -1.714305101e-39
-17.8947372, 0.0, -1.71344330245e-39
-18.9473686, 0.0, -1.71258010259e-39
-20.0, -1.0, 10.0
-20.0, -2.0, 20.0
-20.0, -3.0, 30.0
-20.0, -4.0, 40.0
-20.0, -5.0, 50.0
-20.0, -6.0, 60.0
-20.0, -7.0, 70.0
-20.0, -8.0, 80.0
-20.0, -9.0, 90.0
-20.0, -10.0, 100.0
-20.0, -11.0, 110.0
-20.0, -12.0, 120.0
-20.0, -13.0, 130.0
-20.0, -14.0, 140.0
-20.0, -15.0, 150.0
-20.0, -16.0, 160.0
-20.0, -17.0, 170.0
-20.0, -18.0, 180.0
-20.0, -19.0, 190.0
-18.9285717, -20.0, 200.040786743
-17.8571434, -20.0, 200.081573486
-16.7857151, -20.0, 200.122512817
-15.7142859, -20.0, 200.16368103
-14.6428576, -20.0, 200.205184937
-13.5714283, -20.0, 200.24710083
-12.5, -20.0, 200.28944397
-11.4285717, -20.0, 200.332229614
-10.3571424, -20.0, 200.375366211
-9.28571415, -20.0, 200.418731689
-8.21428585, -20.0, 200.462173462
-7.14285707, -20.0, 200.505401611
-6.07142878, -20.0, 200.548110962
-5.0, -20.0, 200.589920044
-3.92857146, -20.0, 200.630371094
-2.85714293, -20.0, 200.669006348
-1.78571427, -20.0, 200.705307007
-0.714285731, -20.0, 200.738800049
0.357142866, -20.0, 200.769012451
1.42857146, -20.0, 200.795547485
2.5, -20.0, 200.818099976
3.57142854, -20.0, 200.836425781
4.64285707, -20.0, 200.850448608
5.71428585, -20.0, 200.860168457
6.78571415, -20.0, 200.865737915
7.85714293, -20.0, 200.867355347
8.9285717, -20.0, 200.865356445
10.0, -20.0, 200.860092163
11.0714283, -20.0, 200.852005005
12.1428576, -20.0, 200.841506958
13.2142859, -20.0, 200.829025269
14.2857141, -20.0, 200.814987183
15.3571424, -20.0, 200.799758911
16.4285717, -20.0, 200.783706665
17.5, -20.0, 200.767105103
18.5714283, -20.0, 200.750244141
19.6428566, -20.0, 200.733337402
20.7142849, -20.0, 200.716567993
21.7857151, -20.0, 200.700073242
22.8571434, -20.0, 200.68397522
23.9285717, -20.0, 200.66835022
25.0, -20.0, 200.653274536
26.0714283, -20.0, 200.638778687
27.1428566, -20.0, 200.624908447
28.2142849, -20.0, 200.61164856
29.2857151, -20.0, 200.599014282
30.3571434, -20.0, 200.587005615
31.4285717, -20.0, 200.575592041
32.5, -20.0, 200.56477356
33.5714302, -20.0, 200.554534912
34.6428566, -20.0, 200.544815063
35.7142868, -20.0, 200.535629272
36.7857132, -20.0, 200.526916504
37.8571434, -20.0, 200.518676758
38.9285698, -20.0, 200.510864258
40.0, -20.0, 200.503448486
41.0714302, -20.0, 200.496414185
42.1428566, -20.0, 200.489715576
43.2142868, -20.0, 200.483337402
44.2857132, -20.0, 200.477233887
45.3571434, -20.0, 200.471405029
46.4285698, -20.0, 200.465820312
47.5, -20.0, 200.46043396
48.5714302, -20.0, 200.455230713
49.6428566, -20.0, 200.450195312
50.7142868, -20.0, 200.445297241
51.7857132, -20.0, 200.440505981
52.8571434, -20.0, 200.435806274
53.9285698, -20.0, 200.431167603
55.0, -20.0, 200.426574707
56.0714302, -20.0, 200.42199707
57.1428566, -20.0, 200.417419434
58.2142868, -20.0, 200.412826538
59.2857132, -20.0, 200.408172607
60.3571434, -20.0, 200.403457642
61.4285698, -20.0, 200.398651123
62.5, -20.0, 200.393737793
63.5714302, -20.0, 200.388687134
64.6428604, -20.0, 200.383483887
65.7142868, -20.0, 200.378097534
66.7857132, -20.0, 200.372512817
67.8571396, -20.0, 200.366699219
68.9285736, -20.0, 200.360641479
70.0, -20.0, 200.354324341
71.0714264, -20.0, 200.347702026
72.1428604, -20.0, 200.340774536
73.2142868, -20.0, 200.333511353
74.2857132, -20.0, 200.325897217
75.3571396, -20.0, 200.317901611
76.4285736, -20.0, 200.309509277
77.5, -20.0, 200.300689697
78.5714264, -20.0, 200.291442871
79.6428604, -20.0, 200.281738281
80.7142868, -20.0, 200.271560669
81.7857132, -20.0, 200.260894775
82.8571396, -20.0, 200.249725342
83.9285736, -20.0, 200.238037109
85.0, -20.0, 200.225830078
86.0714264, -20.0, 200.21307373
87.1428604, -20.0, 200.199798584
88.2142868, -20.0, 200.185974121
89.2857132, -20.0, 200.171615601
90.3571396, -20.0, 200.156723022
91.4285736, -20.0, 200.141281128
92.5, -20.0, 200.125320435
93.5714264, -20.0, 200.108856201
94.6428604, -20.0, 200.091873169
95.7142868, -20.0, 200.074401855
96.7857132, -20.0, 200.05645752
97.8571396, -20.0, 200.038070679
98.9285736, -20.0, 200.019241333
100.0, -19.0, 190.0
100.0, -18.0, 180.0
100.0, -17.0, 170.0
100.0, -16.0, 160.0
100.0, -15.0, 150.0
100.0, -14.0, 140.0
100.0, -13.0, 130.0
100.0, -12.0, 120.0
100.0, -11.0, 110.0
100.0, -10.0, 100.0
100.0, -9.0, 90.0
100.0, -8.0, 80.0
100.0, -7.0, 70.0
100.0, -6.0, 60.0
100.0, -5.0, 50.0
100.0, -4.0, 40.0
100.0, -3.0, 30.0
100.0, -2.0, 20.0
100.0, -1.0, 10.0
100.0, 0.800000012, -8.0
100.0, 1.60000002, -16.0
100.0, 2.4000001, -24.0
100.0, 3.20000005, -32.0
100.0, 4.0, -40.0
100.0, 4.80000019, -48.0
100.0, 5.5999999, -56.0
100.0, 6.4000001, -64.0
100.0, 7.19999981, -72.0
100.0, 8.0, -80.0
100.0, 8.80000019, -88.0
100.0, 9.60000038, -96.0
100.0, 10.3999996, -104.0
100.0, 11.1999998, -112.0
100.0, 12.0, -120.0
100.0, 12.8000002, -128.0
100.0, 13.6000004, -136.0
100.0, 14.3999996, -144.0
100.0, 15.1999998, -152.0
100.0, 16.0, -160.0
100.0, 16.7999992, -168.0
100.0, 17.6000004, -176.0
100.0, 18.3999996, -184.0
100.0, 19.2000008, -192.0
99.1806488, 20.0, -173.515533447
98.36129, 20.0, -158.259933472
97.5419388, 20.0, -146.63873291
96.72258, 20.0, -137.356033325
95.9032288, 20.0, -129.695724487
95.0838699, 20.0, -123.268127441
94.2645187, 20.0, -117.837890625
93.4451599, 20.0, -113.151702881
92.6258087, 20.0, -109.092163086
91.8064499, 20.0, -105.577095032
90.9870987, 20.0, -102.541969299
90.1677399, 20.0, -99.9380874634
89.3483887, 20.0, -97.7480545044
88.5290298, 20.0, -95.8122024536
87.7096786, 20.0, -94.0711212158
86.8903198, 20.0, -92.515586853
86.0709686, 20.0, -91.1307601929
85.2516098, 20.0, -89.8994979858
84.4322586, 20.0, -88.8066482544
83.6128998, 20.0, -87.8381195068
82.7935486, 20.0, -86.9810943604
81.9741898, 20.0, -86.2238616943
81.1548386, 20.0, -85.555809021
80.3354874, 20.0, -84.9672775269
79.5161285, 20.0, -84.4495239258
78.6967773, 20.0, -83.9946746826
77.8774185, 20.0, -83.5955810547
77.0580673, 20.0, -83.2458343506
76.2387085, 20.0, -82.939666748
75.4193573, 20.0, -82.6719360352
74.5999985, 20.0, -82.4380493164
73.7806473, 20.0, -82.2339401245
72.9612885, 20.0, -82.0559692383
72.1419373, 20.0, -81.9008483887
71.3225784, 20.0, -81.765586853
70.5032272, 20.0, -81.6475067139
69.6838684, 20.0, -81.5442504883
68.8645172, 20.0, -81.4538497925
68.0451584, 20.0, -81.3746871948
67.2258072, 20.0, -81.3054199219
66.4064484, 20.0, -81.2449111938
65.5870972, 20.0, -81.1921310425
64.7677383, 20.0, -81.1460800171
63.9483871, 20.0, -81.1057815552
63.1290321, 20.0, -81.0703430176
62.3096771, 20.0, -81.0389862061
61.4903221, 20.0, -81.0110549927
60.6709671, 20.0, -80.986000061
59.8516121, 20.0, -80.9633560181
59.0322571, 20.0, -80.9427185059
58.2129021, 20.0, -80.9237213135
57.3935471, 20.0, -80.9060592651
56.574192, 20.0, -80.8894348145
55.754837, 20.0, -80.873588562
54.935482, 20.0, -80.8582763672
54.1161308, 20.0, -80.8432693481
53.2967758, 20.0, -80.8283309937
52.4774208, 20.0, -80.8132553101
51.6580658, 20.0, -80.7978210449
50.8387108, 20.0, -80.7818145752
50.0193558, 20.0, -80.765007019
49.2000008, 20.0, -80.747177124
48.3806458, 20.0, -80.7280807495
47.5612907, 20.0, -80.7074813843
46.7419357, 20.0, -80.6851196289
45.9225807, 20.0, -80.6607818604
45.1032257, 20.0, -80.6342849731
44.2838707, 20.0, -80.60546875
43.4645157, 20.0, -80.5741119385
42.6451607, 20.0, -80.5398254395
41.8258057, 20.0, -80.5020980835
41.0064507, 20.0, -80.4604110718
40.1870956, 20.0, -80.4143295288
39.3677406, 20.0, -80.3635635376
38.5483856, 20.0, -80.3080749512
37.7290306, 20.0, -80.2481155396
36.9096756, 20.0, -80.1840896606
36.0903244, 20.0, -80.1161270142
35.2709694, 20.0, -80.0456085205
34.4516144, 20.0, -79.9766464233
33.6322594, 20.0, -79.905380249
32.8129044, 20.0, -79.8192520142
31.9935474, 20.0, -79.7055892944
31.1741943, 20.0, -79.5437545776
30.3548393, 20.0, -79.3182907104
29.5354843, 20.0, -79.0348205566
28.7161293, 20.0, -78.6834182739
27.8967743, 20.0, -78.2450485229
27.0774193, 20.0, -77.6913833618
26.2580643, 20.0, -76.9808654785
25.4387093, 20.0, -76.0496673584
24.6193542, 20.0, -74.7889251709
22.8479996, 19.2000008, -70.9339675903
21.8959999, 18.3999996, -69.0911102295
20.9440002, 17.6000004, -67.24193573
19.9920006, 16.7999992, -65.3520355225
19.0400009, 16.0, -63.4422645569
18.0879993, 15.1999998, -61.5803947449
17.1359997, 14.3999996, -59.9264068604
16.184, 13.6000004, -58.689201355
15.2320004, 12.8000002, -57.4834861755
14.2799997, 12.0, -56.159866333
13.3280001, 11.1999998, -54.4546928406
12.3760004, 10.3999996, -52.2746582031
11.4239998, 9.60000038, -49.6190071106
10.4720001, 8.80000019, -46.6005134583
9.52000046, 8.0, -43.4791145325
8.56799984, 7.19999981, -40.6705207825
7.61600018, 6.4000001, -38.9288825989
6.66400003, 5.5999999, -36.3781356812
5.71199989, 4.80000019, -32.0148468018
4.76000023, 4.0, -26.0430240631
3.80800009, 3.20000005, -19.1880779266
2.85599995, 2.4000001, -11.7665910721
1.90400004, 1.60000002, -3.83543777466
0.952000022, 0.800000012, 3.8428235054
98.9249268, -1.0, 10.0263834
97.8498459, -1.0, 10.0521650314
96.7747726, -1.0, 10.0771312714
95.6996918, -1.0, 10.1010799408
94.6246185, -1.0, 10.123837471
93.5495377, -1.0, 10.1452674866
92.4744644, -1.0, 10.1652822495
91.3993835, -1.0, 10.1838350296
90.3243103, -1.0, 10.2009181976
89.2492294, -1.0, 10.2165555954
88.1741562, -1.0, 10.2307987213
87.0990753, -1.0, 10.2437143326
86.0240021, -1.0, 10.2553853989
84.9489212, -1.0, 10.2659015656
83.873848, -1.0, 10.2753543854
82.7987747, -1.0, 10.2838392258
81.7236938, -1.0, 10.2914438248
80.6486206, -1.0, 10.2982568741
79.5735397, -1.0, 10.3043584824
78.4984665, -1.0, 10.3098239899
77.4233856, -1.0, 10.3147230148
76.3483124, -1.0, 10.3191175461
75.2732315, -1.0, 10.3230657578
74.1981583, -1.0, 10.3266181946
73.1230774, -1.0, 10.3298206329
72.0480042, -1.0, 10.3327159882
70.9729233, -1.0, 10.3353385925
69.89785, -1.0, 10.337723732
68.8227692, -1.0, 10.3398981094
67.7476959, -1.0, 10.3418903351
66.6726227, -1.0, 10.3437223434
65.5975418, -1.0, 10.3454151154
64.5224686, -1.0, 10.346988678
63.4473877, -1.0, 10.3484592438
62.3723106, -1.0, 10.3498420715
61.2972336, -1.0, 10.3511514664
60.2221565, -1.0, 10.3524007797
59.1470833, -1.0, 10.3536014557
58.0720062, -1.0, 10.354765892
56.9969292, -1.0, 10.3559036255
55.9218521, -1.0, 10.3570261002
54.8467751, -1.0, 10.3581438065
53.771698, -1.0, 10.3592653275
52.6966209, -1.0, 10.3604011536
51.6215439, -1.0, 10.3615608215
50.5464668, -1.0, 10.3627567291
49.4713898, -1.0, 10.3639974594
48.3963127, -1.0, 10.3652944565
47.3212357, -1.0, 10.3666601181
46.2461586, -1.0, 10.368106842
45.1710815, -1.0, 10.3696479797
44.0960045, -1.0, 10.3712978363
43.0209312, -1.0, 10.3730726242
41.9458542, -1.0, 10.3749895096
40.8707771, -1.0, 10.3770666122
39.7957001, -1.0, 10.3793239594
38.720623, -1.0, 10.3817834854
37.645546, -1.0, 10.3844709396
36.5704689, -1.0, 10.3874111176
35.4953918, -1.0, 10.3906345367
34.4203148, -1.0, 10.3941707611
33.3452377, -1.0, 10.3980560303
32.2701607, -1.0, 10.4023294449
31.1950836, -1.0, 10.4070329666
30.1200085, -1.0, 10.4122152328
29.0449314, -1.0, 10.4179334641
27.9698544, -1.0, 10.4242515564
26.8947773, -1.0, 10.4312467575
25.8197002, -1.0, 10.4390144348
24.7446232, -1.0, 10.4476671219
23.6695461, -1.0, 10.4573488235
22.594471, -1.0, 10.4682407379
21.5193939, -1.0, 10.4805774689
20.4443169, -1.0, 10.4946651459
19.3692398, -1.0, 10.5109081268
18.2941628, -1.0, 10.5298547745
17.2190857, -1.0, 10.5522480011
16.1440086, -1.0, 10.579117775
15.0689325, -1.0, 10.6118993759
13.9938555, -1.0, 10.6526384354
12.9187784, -1.0, 10.7042989731
11.8437023, -1.0, 10.7712583542
10.7686253, -1.0, 10.860077858
9.6935482, -1.0, 10.9806509018
8.61847115, -1.0, 11.1476707458
7.54339457, -1.0, 11.3818864822
6.46831799, -1.0, 11.7095241547
5.39324141, -1.0, 12.1562891006
4.31816435, -1.0, 12.7280683517
3.24308753, -1.0, 13.3587722778
2.16801071, -1.0, 13.7830505371
1.09293389, -1.0, 13.1009702682
0.0178571437, -1.0, 11.8575162888
-1.03571427, -1.0, 10.7025079727
-2.08928561, -1.0, 10.4026432037
-3.14285707, -1.0, 10.2637796402
-4.19642878, -1.0, 10.1882734299
-5.25, -1.0, 10.1418714523
-6.30357122, -1.0, 10.1109457016
-7.35714293, -1.0, 10.0890340805
-8.41071415, -1.0, 10.0727415085
-9.46428585, -1.0, 10.0601329803
-10.5178576, -1.0, 10.050037384
-11.5714283, -1.0, 10.0417041779
-12.625, -1.0, 10.0346336365
-13.6785717, -1.0, 10.0284805298
-14.7321424, -1.0, 10.0229940414
-15.7857141, -1.0, 10.0179862976
-16.8392849, -1.0, 10.0133085251
-17.8928566, -1.0, 10.0088367462
-18.9464283, -1.0, 10.0044527054
98.9251175, -2.0, 20.0252685547
97.8502274, -2.0, 20.0499591827
96.7753448, -2.0, 20.0739002228
95.7004623, -2.0, 20.0969257355
94.6255798, -2.0, 20.118894577
93.5506897, -2.0, 20.1396942139
92.4758072, -2.0, 20.1592407227
91.4009247, -2.0, 20.1774921417
90.3260345, -2.0, 20.1944293976
89.251152, -2.0, 20.2100639343
88.1762695, -2.0, 20.2244319916
87.1013794, -2.0, 20.2375812531
86.0264969, -2.0, 20.2495746613
84.9516144, -2.0, 20.2604885101
83.8767319, -2.0, 20.2703952789
82.8018417, -2.0, 20.2793769836
81.7269592, -2.0, 20.2875080109
80.6520767, -2.0, 20.2948665619
79.5771866, -2.0, 20.3015232086
78.5023041, -2.0, 20.3075485229
77.4274216, -2.0, 20.3130016327
76.3525314, -2.0, 20.3179454803
75.2776489, -2.0, 20.3224315643
74.2027664, -2.0, 20.3265075684
73.1278839, -2.0, 20.3302192688
72.0529938, -2.0, 20.33360672
70.9781113, -2.0, 20.3367061615
69.9032288, -2.0, 20.3395500183
68.8283386, -2.0, 20.342168808
67.7534561, -2.0, 20.3445892334
66.6785736, -2.0, 20.3468341827
65.6036835, -2.0, 20.3489265442
64.528801, -2.0, 20.3508853912
63.4539185, -2.0, 20.3527297974
62.3790321, -2.0, 20.3544769287
61.3041458, -2.0, 20.3561420441
60.2292633, -2.0, 20.3577384949
59.154377, -2.0, 20.3592796326
58.0794945, -2.0, 20.3607807159
57.0046082, -2.0, 20.3622512817
55.9297218, -2.0, 20.3637065887
54.8548393, -2.0, 20.3651542664
53.779953, -2.0, 20.366607666
52.7050705, -2.0, 20.3680782318
51.6301842, -2.0, 20.3695793152
50.5552979, -2.0, 20.3711185455
49.4804153, -2.0, 20.372713089
48.405529, -2.0, 20.3743724823
47.3306465, -2.0, 20.3761100769
46.2557602, -2.0, 20.3779430389
45.1808739, -2.0, 20.3798828125
44.1059914, -2.0, 20.3819465637
43.031105, -2.0, 20.3841533661
41.9562225, -2.0, 20.3865222931
40.8813362, -2.0, 20.3890705109
39.8064499, -2.0, 20.3918228149
38.7315674, -2.0, 20.3948020935
37.6566811, -2.0, 20.3980369568
36.5817986, -2.0, 20.4015522003
35.5069122, -2.0, 20.4053840637
34.4320259, -2.0, 20.4095630646
33.3571434, -2.0, 20.4141311646
32.2822571, -2.0, 20.4191322327
31.2073727, -2.0, 20.4246120453
30.1324883, -2.0, 20.4306278229
29.0576038, -2.0, 20.4372463226
27.9827194, -2.0, 20.4445419312
26.907835, -2.0, 20.4526062012
25.8329487, -2.0, 20.4615497589
24.7580643, -2.0, 20.4715042114
23.6831799, -2.0, 20.4826412201
22.6082954, -2.0, 20.4951725006
21.533411, -2.0, 20.5093669891
20.4585247, -2.0, 20.5255756378
19.3836403, -2.0, 20.5442562103
18.3087559, -2.0, 20.5660152435
17.2338715, -2.0, 20.5916633606
16.158987, -2.0, 20.6222896576
15.0841017, -2.0, 20.6593875885
14.0092163, -2.0, 20.7050037384
12.9343319, -2.0, 20.7619895935
11.8594475, -2.0, 20.8343334198
10.7845621, -2.0, 20.9275894165
9.7096777, -2.0, 21.0493412018
8.63479233, -2.0, 21.209444046
7.55990791, -2.0, 21.4193115234
6.48502302, -2.0, 21.6888275146
5.41013813, -2.0, 22.0181732178
4.33525324, -2.0, 22.3797740936
3.26036859, -2.0, 22.6848239899
2.18548393, -2.0, 22.7285251617
1.11059904, -2.0, 22.3853626251
0.0357142873, -2.0, 21.7374000549
-1.01879704, -2.0, 21.1230163574
-2.07330823, -2.0, 20.7028751373
-3.12781954, -2.0, 20.4849967957
-4.18233061, -2.0, 20.355381012
-5.23684216, -2.0, 20.2720355988
-6.29135323, -2.0, 20.2148571014
-7.34586477, -2.0, 20.1735610962
-8.40037632, -2.0, 20.1424388885
-9.45488739, -2.0, 20.1181201935
-10.5093985, -2.0, 20.0985012054
-11.5639095, -2.0, 20.0822181702
-12.6184206, -2.0, 20.0683441162
-13.6729326, -2.0, 20.0562267303
-14.7274437, -2.0, 20.0453948975
-15.7819548, -2.0, 20.035490036
-16.8364658, -2.0, 20.0262298584
-17.8909779, -2.0, 20.0173740387
-18.945488, -2.0, 20.0087051392
98.9253082, -3.0, 30.0243206024
97.8506165, -3.0, 30.0480880737
96.7759247, -3.0, 30.0711574554
95.7012253, -3.0, 30.0933933258
94.6265335, -3.0, 30.1146812439
93.5518417, -3.0, 30.1349239349
92.47715, -3.0, 30.1540489197
91.4024582, -3.0, 30.1720123291
90.3277664, -3.0, 30.1887950897
89.2530746, -3.0, 30.2043972015
88.1783829, -3.0, 30.2188415527
87.1036835, -3.0, 30.2321681976
86.0289917, -3.0, 30.2444210052
84.9542999, -3.0, 30.2556629181
83.8796082, -3.0, 30.265953064
82.8049164, -3.0, 30.2753582001
81.7302246, -3.0, 30.283946991
80.6555328, -3.0, 30.2917861938
79.5808334, -3.0, 30.2989349365
78.5061417, -3.0, 30.3054599762
77.4314499, -3.0, 30.3114147186
76.3567581, -3.0, 30.3168563843
75.2820663, -3.0, 30.3218326569
74.2073746, -3.0, 30.3263912201
73.1326828, -3.0, 30.3305740356
72.057991, -3.0, 30.3344192505
70.9832916, -3.0, 30.3379631042
69.9085999, -3.0, 30.3412380219
68.8339081, -3.0, 30.3442745209
67.7592163, -3.0, 30.3470973969
66.6845245, -3.0, 30.3497333527
65.6098328, -3.0, 30.3522052765
64.535141, -3.0, 30.3545322418
63.4604454, -3.0, 30.3567333221
62.3857536, -3.0, 30.3588275909
61.311058, -3.0, 30.3608322144
60.2363663, -3.0, 30.3627624512
59.1616745, -3.0, 30.3646316528
58.0869827, -3.0, 30.3664550781
57.0122871, -3.0, 30.3682479858
55.9375954, -3.0, 30.3700199127
54.8629036, -3.0, 30.3717880249
53.7882118, -3.0, 30.3735618591
52.7135162, -3.0, 30.3753547668
51.6388245, -3.0, 30.3771820068
50.5641327, -3.0, 30.3790550232
49.4894409, -3.0, 30.3809890747
48.4147453, -3.0, 30.3829956055
47.3400536, -3.0, 30.3850917816
46.2653618, -3.0, 30.3872928619
45.19067, -3.0, 30.3896160126
44.1159744, -3.0, 30.3920783997
43.0412827, -3.0, 30.3946990967
41.9665909, -3.0, 30.3974971771
40.8918953, -3.0, 30.4004955292
39.8172035, -3.0, 30.4037189484
38.7425117, -3.0, 30.4071922302
37.66782, -3.0, 30.4109458923
36.5931244, -3.0, 30.4150066376
35.5184326, -3.0, 30.4194126129
34.4437408, -3.0, 30.4241981506
33.3690491, -3.0, 30.4294090271
32.2943535, -3.0, 30.4350891113
31.2196617, -3.0, 30.4412937164
30.1449699, -3.0, 30.4480857849
29.0702763, -3.0, 30.4555358887
27.9955845, -3.0, 30.4637260437
26.9208908, -3.0, 30.4727611542
25.846199, -3.0, 30.4827594757
24.7715054, -3.0, 30.4938697815
23.6968117, -3.0, 30.5062770844
22.6221199, -3.0, 30.5202121735
21.5474262, -3.0, 30.5359630585
20.4727345, -3.0, 30.5539016724
19.3980408, -3.0, 30.5745048523
18.323349, -3.0, 30.5983924866
17.2486553, -3.0, 30.626373291
16.1739635, -3.0, 30.6595115662
15.0992708, -3.0, 30.6992111206
14.0245771, -3.0, 30.7473373413
12.9498844, -3.0, 30.806350708
11.8751917, -3.0, 30.8794746399
10.800499, -3.0, 30.9708271027
9.72580624, -3.0, 31.0853900909
8.65111351, -3.0, 31.2285175323
7.57642078, -3.0, 31.4044342041
6.50172806, -3.0, 31.6127910614
5.42703533, -3.0, 31.8420276642
4.35234261, -3.0, 32.0588340759
3.27764988, -3.0, 32.1964797974
2.20295691, -3.0, 32.1750488281
1.12826419, -3.0, 31.9538211823
0.0535714291, -3.0, 31.5859279633
-1.00187969, -3.0, 31.193655014
-2.05733085, -3.0, 30.8689193726
-3.112782, -3.0, 30.6394481659
-4.16823292, -3.0, 30.4867572784
-5.22368431, -3.0, 30.3814086914
-6.27913523, -3.0, 30.3058834076
-7.33458662, -3.0, 30.2496776581
-8.39003754, -3.0, 30.2064113617
-9.44548893, -3.0, 30.1720676422
-10.5009403, -3.0, 30.144033432
-11.5563908, -3.0, 30.1205501556
-12.6118422, -3.0, 30.1003990173
-13.6672935, -3.0, 30.0827045441
-14.722744, -3.0, 30.0668182373
-15.7781954, -3.0, 30.0522460938
-16.8336468, -3.0, 30.0385932922
-17.8890972, -3.0, 30.0255298615
-18.9445496, -3.0, 30.012758255
98.925499, -4.0, 40.0235176086
97.8509979, -4.0, 40.046497345
96.7764969, -4.0, 40.0688209534
95.7019958, -4.0, 40.0903816223
94.6274948, -4.0, 40.1110801697
93.5529938, -4.0, 40.1308326721
92.4784927, -4.0, 40.1495780945
91.4039917, -4.0, 40.1672744751
90.3294907, -4.0, 40.1838989258
89.2549896, -4.0, 40.1994514465
88.1804886, -4.0, 40.2139396667
87.1059875, -4.0, 40.2273979187
86.0314865, -4.0, 40.2398605347
84.9569855, -4.0, 40.2513694763
83.8824921, -4.0, 40.2619819641
82.807991, -4.0, 40.2717552185
81.73349, -4.0, 40.2807426453
80.658989, -4.0, 40.2889976501
79.5844879, -4.0, 40.296585083
78.5099869, -4.0, 40.3035583496
77.4354858, -4.0, 40.3099632263
76.3609848, -4.0, 40.3158569336
75.2864838, -4.0, 40.3212814331
74.2119827, -4.0, 40.3262786865
73.1374817, -4.0, 40.3308944702
72.0629807, -4.0, 40.3351631165
70.9884796, -4.0, 40.3391227722
69.9139786, -4.0, 40.3428001404
68.8394775, -4.0, 40.3462257385
67.7649765, -4.0, 40.3494262695
66.6904755, -4.0, 40.352432251
65.6159744, -4.0, 40.3552627563
64.5414734, -4.0, 40.3579368591
63.4669724, -4.0, 40.3604774475
62.3924713, -4.0, 40.362903595
61.3179741, -4.0, 40.3652305603
60.2434731, -4.0, 40.367477417
59.168972, -4.0, 40.3696594238
58.094471, -4.0, 40.3717918396
57.0199699, -4.0, 40.3738937378
55.9454689, -4.0, 40.3759689331
54.8709679, -4.0, 40.3780441284
53.7964668, -4.0, 40.3801231384
52.7219658, -4.0, 40.3822288513
51.6474648, -4.0, 40.3843688965
50.5729637, -4.0, 40.3865585327
49.4984627, -4.0, 40.3888168335
48.4239616, -4.0, 40.3911590576
47.3494606, -4.0, 40.3935966492
46.2749634, -4.0, 40.3961524963
45.2004623, -4.0, 40.3988418579
44.1259613, -4.0, 40.4016799927
43.0514603, -4.0, 40.4046936035
41.9769592, -4.0, 40.4079017639
40.9024582, -4.0, 40.4113273621
39.8279572, -4.0, 40.4149971008
38.7534561, -4.0, 40.4189376831
37.6789551, -4.0, 40.4231758118
36.604454, -4.0, 40.4277534485
35.529953, -4.0, 40.4326972961
34.455452, -4.0, 40.4380493164
33.3809509, -4.0, 40.4438591003
32.3064499, -4.0, 40.4501724243
31.2319508, -4.0, 40.4570465088
30.1574497, -4.0, 40.4645462036
29.0829487, -4.0, 40.4727516174
28.0084476, -4.0, 40.4817504883
26.9339485, -4.0, 40.491645813
25.8594475, -4.0, 40.502571106
24.7849464, -4.0, 40.5146789551
23.7104454, -4.0, 40.5281562805
22.6359444, -4.0, 40.5432472229
21.5614433, -4.0, 40.5602378845
20.4869423, -4.0, 40.579498291
19.4124432, -4.0, 40.6015014648
18.3379421, -4.0, 40.6268348694
17.2634411, -4.0, 40.6562576294
16.18894, -4.0, 40.6907310486
15.114439, -4.0, 40.7314834595
14.0399389, -4.0, 40.7800674438
12.9654379, -4.0, 40.8384170532
11.8909369, -4.0, 40.908870697
10.8164358, -4.0, 40.9940872192
9.74193573, -4.0, 41.0967674255
8.66743469, -4.0, 41.2188796997
7.59293413, -4.0, 41.3601608276
6.51843309, -4.0, 41.5154342651
5.44393253, -4.0, 41.6706924438
4.3694315, -4.0, 41.7991294861
3.29493093, -4.0, 41.8627128601
2.22043014, -4.0, 41.8252563477
1.14592934, -4.0, 41.6751098633
0.0714285746, -4.0, 41.4387321472
-0.984962404, -4.0, 41.1748428345
-2.04135346, -4.0, 40.9297714233
-3.09774446, -4.0, 40.7303886414
-4.15413523, -4.0, 40.5790290833
-5.21052647, -4.0, 40.4661331177
-6.26691723, -4.0, 40.3807945251
-7.32330847, -4.0, 40.3148918152
-8.37969971, -4.0, 40.2627716064
-9.43609047, -4.0, 40.2205581665
-10.4924812, -4.0, 40.1855659485
-11.548872, -4.0, 40.1558952332
-12.6052628, -4.0, 40.1301956177
-13.6616545, -4.0, 40.1074562073
-14.7180452, -4.0, 40.0869255066
-15.774436, -4.0, 40.0680160522
-16.8308277, -4.0, 40.0502471924
-17.8872185, -4.0, 40.0332183838
-18.9436092, -4.0, 40.0165786743
98.9256897, -5.0, 50.0228309631
97.8513794, -5.0, 50.0451393127
96.7770767, -5.0, 50.0668258667
95.7027664, -5.0, 50.0878067017
94.6284561, -5.0, 50.1079902649
93.5541458, -5.0, 50.1273155212
92.4798355, -5.0, 50.1457214355
91.4055328, -5.0, 50.1631736755
90.3312225, -5.0, 50.1796455383
89.2569122, -5.0, 50.1951370239
88.1826019, -5.0, 50.2096481323
87.1082916, -5.0, 50.2232017517
86.033989, -5.0, 50.2358283997
84.9596786, -5.0, 50.2475624084
83.8853683, -5.0, 50.2584495544
82.811058, -5.0, 50.268535614
81.7367477, -5.0, 50.2778663635
80.6624451, -5.0, 50.286491394
79.5881348, -5.0, 50.2944641113
78.5138245, -5.0, 50.3018341064
77.4395142, -5.0, 50.3086433411
76.3652039, -5.0, 50.3149452209
75.2909012, -5.0, 50.3207740784
74.2165909, -5.0, 50.3261795044
73.1422806, -5.0, 50.3311920166
72.0679703, -5.0, 50.3358535767
70.99366, -5.0, 50.3401908875
69.9193573, -5.0, 50.3442420959
68.845047, -5.0, 50.348033905
67.7707367, -5.0, 50.3515892029
66.6964264, -5.0, 50.3549385071
65.6221161, -5.0, 50.3581047058
64.5478134, -5.0, 50.3611068726
63.4735031, -5.0, 50.3639678955
62.3991928, -5.0, 50.3667068481
61.3248863, -5.0, 50.369342804
60.250576, -5.0, 50.3718910217
59.1762657, -5.0, 50.374370575
58.1019592, -5.0, 50.3767967224
57.0276489, -5.0, 50.3791885376
55.9533424, -5.0, 50.3815574646
54.8790321, -5.0, 50.3839225769
53.8047218, -5.0, 50.3862953186
52.7304153, -5.0, 50.3886947632
51.656105, -5.0, 50.3911323547
50.5817986, -5.0, 50.3936271667
49.5074883, -5.0, 50.3961982727
48.4331779, -5.0, 50.398853302
47.3588715, -5.0, 50.4016189575
46.2845612, -5.0, 50.404510498
45.2102547, -5.0, 50.4075431824
44.1359444, -5.0, 50.4107437134
43.0616341, -5.0, 50.4141273499
41.9873276, -5.0, 50.4177207947
40.9130173, -5.0, 50.4215507507
39.8387108, -5.0, 50.4256401062
38.7644005, -5.0, 50.430015564
37.690094, -5.0, 50.434715271
36.6157837, -5.0, 50.4397697449
35.5414734, -5.0, 50.4452171326
34.4671669, -5.0, 50.4510955811
33.3928566, -5.0, 50.4574546814
32.3185501, -5.0, 50.4643478394
31.2442398, -5.0, 50.4718322754
30.1699314, -5.0, 50.4799766541
29.095623, -5.0, 50.4888572693
28.0213127, -5.0, 50.4985694885
26.9470043, -5.0, 50.5092163086
25.8726959, -5.0, 50.5209312439
24.7983875, -5.0, 50.533870697
23.7240791, -5.0, 50.5482215881
22.6497688, -5.0, 50.5642166138
21.5754604, -5.0, 50.5821342468
20.501152, -5.0, 50.6023292542
19.4268436, -5.0, 50.6252288818
18.3525352, -5.0, 50.6513786316
17.2782249, -5.0, 50.6814346313
16.2039165, -5.0, 50.7162208557
15.1296082, -5.0, 50.7567329407
14.0552998, -5.0, 50.8041610718
12.9809904, -5.0, 50.8598861694
11.906682, -5.0, 50.9254074097
10.8323736, -5.0, 51.0021591187
9.75806427, -5.0, 51.091129303
8.68375587, -5.0, 51.1921424866
7.609447, -5.0, 51.3026847839
6.53513813, -5.0, 51.4162521362
5.46082926, -5.0, 51.5206298828
4.38652086, -5.0, 51.5974311829
3.31221199, -5.0, 51.6250801086
2.23790312, -5.0, 51.5863990784
1.16359448, -5.0, 51.4778900146
0.0892857164, -5.0, 51.3142929077
-0.968045115, -5.0, 51.1265716553
-2.02537584, -5.0, 50.9403953552
-3.08270669, -5.0, 50.7749023438
-4.14003754, -5.0, 50.6375045776
-5.19736862, -5.0, 50.5271148682
-6.25469923, -5.0, 50.4390449524
-7.31202984, -5.0, 50.3682670593
-8.36936092, -5.0, 50.3105773926
-9.42669201, -5.0, 50.2627601624
-10.4840221, -5.0, 50.2224006653
-11.5413532, -5.0, 50.1876907349
-12.5986843, -5.0, 50.1572799683
-13.6560154, -5.0, 50.1301383972
-14.7133455, -5.0, 50.1054611206
-15.7706766, -5.0, 50.0826072693
-16.8280067, -5.0, 50.0610580444
-17.8853378, -5.0, 50.0403671265
-18.9426689, -5.0, 50.0201339722
98.9258804, -6.0, 60.0222434998
97.8517685, -6.0, 60.0439758301
96.7776489, -6.0, 60.065120697
95.7035294, -6.0, 60.0855979919
94.6294174, -6.0, 60.1053390503
93.5552979, -6.0, 60.1242866516
92.4811859, -6.0, 60.1423912048
91.4070663, -6.0, 60.1596221924
90.3329468, -6.0, 60.1759490967
89.2588348, -6.0, 60.1913719177
88.1847153, -6.0, 60.2058906555
87.1105957, -6.0, 60.2195167542
86.0364838, -6.0, 60.2322769165
84.9623642, -6.0, 60.2441978455
83.8882523, -6.0, 60.2553138733
82.8141327, -6.0, 60.2656669617
81.7400131, -6.0, 60.2752952576
80.6659012, -6.0, 60.2842445374
79.5917816, -6.0, 60.2925605774
78.517662, -6.0, 60.3002815247
77.4435501, -6.0, 60.3074569702
76.3694305, -6.0, 60.3141212463
75.2953186, -6.0, 60.3203239441
74.221199, -6.0, 60.3260917664
73.1470795, -6.0, 60.3314704895
72.0729675, -6.0, 60.3364868164
70.998848, -6.0, 60.341178894
69.9247284, -6.0, 60.34557724
68.8506165, -6.0, 60.3497047424
67.7764969, -6.0, 60.3535919189
66.7023773, -6.0, 60.3572616577
65.6282654, -6.0, 60.3607406616
64.5541458, -6.0, 60.3640518188
63.4800301, -6.0, 60.3672142029
62.4059143, -6.0, 60.3702468872
61.3317986, -6.0, 60.37317276
60.257679, -6.0, 60.3760070801
59.1835632, -6.0, 60.3787651062
58.1094475, -6.0, 60.3814735413
57.0353317, -6.0, 60.3841400146
55.9612122, -6.0, 60.3867835999
54.8870964, -6.0, 60.3894233704
53.8129807, -6.0, 60.392074585
52.7388649, -6.0, 60.3947525024
51.6647453, -6.0, 60.3974761963
50.5906296, -6.0, 60.4002571106
49.5165138, -6.0, 60.4031181335
48.4423981, -6.0, 60.4060783386
47.3682785, -6.0, 60.4091491699
46.2941628, -6.0, 60.4123573303
45.220047, -6.0, 60.4157180786
44.1459312, -6.0, 60.419254303
43.0718117, -6.0, 60.4229888916
41.9976959, -6.0, 60.4269447327
40.9235802, -6.0, 60.4311523438
39.8494606, -6.0, 60.435634613
38.7753448, -6.0, 60.4404220581
37.7012291, -6.0, 60.4455451965
36.6271133, -6.0, 60.4510421753
35.5529938, -6.0, 60.4569511414
34.478878, -6.0, 60.4633178711
33.4047623, -6.0, 60.4701805115
32.3306465, -6.0, 60.4776000977
31.2565289, -6.0, 60.4856338501
30.1824112, -6.0, 60.4943504333
29.1082954, -6.0, 60.5038261414
28.0341778, -6.0, 60.5141563416
26.960062, -6.0, 60.5254478455
25.8859444, -6.0, 60.5378227234
24.8118286, -6.0, 60.5514335632
23.737711, -6.0, 60.5664596558
22.6635952, -6.0, 60.583114624
21.5894775, -6.0, 60.6016654968
20.5153618, -6.0, 60.622428894
19.4412441, -6.0, 60.6457824707
18.3671284, -6.0, 60.6721878052
17.2930107, -6.0, 60.7021980286
16.218895, -6.0, 60.7364654541
15.1447773, -6.0, 60.7757415771
14.0706606, -6.0, 60.8208656311
12.9965439, -6.0, 60.8727149963
11.9224272, -6.0, 60.9320831299
10.8483105, -6.0, 60.9994926453
9.77419376, -6.0, 61.0748214722
8.70007706, -6.0, 61.1567420959
7.62595987, -6.0, 61.2419624329
6.55184317, -6.0, 61.3243942261
5.47772646, -6.0, 61.3946495056
4.40360975, -6.0, 61.4406204224
3.32949305, -6.0, 61.4498672485
2.25537634, -6.0, 61.4137077332
1.18125963, -6.0, 61.3313293457
0.107142858, -6.0, 61.2114028931
-0.951127827, -6.0, 61.0717315674
-2.00939846, -6.0, 60.9273071289
-3.06766915, -6.0, 60.791217804
-4.12593985, -6.0, 60.6707954407
-5.1842103, -6.0, 60.5681343079
-6.24248123, -6.0, 60.482093811
-7.30075169, -6.0, 60.4101829529
-8.35902214, -6.0, 60.3497428894
-9.41729355, -6.0, 60.2984085083
-10.475564, -6.0, 60.2542228699
-11.5338345, -6.0, 60.2156295776
-12.5921049, -6.0, 60.181388855
-13.6503763, -6.0, 60.1505203247
-14.7086468, -6.0, 60.1222381592
-15.7669172, -6.0, 60.0958862305
-16.8251877, -6.0, 60.0709342957
-17.8834591, -6.0, 60.0469093323
-18.9417286, -6.0, 60.0233917236
98.9260788, -7.0, 70.021736145
97.85215, -7.0, 70.0429763794
96.7782288, -7.0, 70.0636520386
95.7042999, -7.0, 70.0837020874
94.6303787, -7.0, 70.1030578613
93.5564499, -7.0, 70.1216812134
92.4825287, -7.0, 70.1395187378
91.4085999, -7.0, 70.1565475464
90.3346786, -7.0, 70.1727371216
89.2607498, -7.0, 70.1880950928
88.1868286, -7.0, 70.2026062012
87.1128998, -7.0, 70.2162857056
86.0389786, -7.0, 70.2291564941
84.9650574, -7.0, 70.2412261963
83.8911285, -7.0, 70.2525405884
82.8172073, -7.0, 70.2631225586
81.7432785, -7.0, 70.2730102539
80.6693573, -7.0, 70.2822418213
79.5954285, -7.0, 70.2908554077
78.5215073, -7.0, 70.2988967896
77.4475784, -7.0, 70.306388855
76.3736572, -7.0, 70.3133850098
75.2997284, -7.0, 70.3199157715
74.2258072, -7.0, 70.3260192871
73.1518784, -7.0, 70.3317337036
72.0779572, -7.0, 70.3370742798
71.0040359, -7.0, 70.3420944214
69.9301071, -7.0, 70.3468017578
68.8561859, -7.0, 70.3512420654
67.7822571, -7.0, 70.3554382324
66.7083359, -7.0, 70.3594055176
65.634407, -7.0, 70.3631820679
64.5604858, -7.0, 70.3667755127
63.4865608, -7.0, 70.3702163696
62.4126358, -7.0, 70.3735275269
61.3387108, -7.0, 70.3767242432
60.2647858, -7.0, 70.3798217773
59.1908607, -7.0, 70.382850647
58.1169357, -7.0, 70.3858184814
57.0430107, -7.0, 70.3887481689
55.9690857, -7.0, 70.3916473389
54.8951607, -7.0, 70.3945465088
53.8212357, -7.0, 70.3974609375
52.7473106, -7.0, 70.4004058838
51.6733856, -7.0, 70.4033889771
50.5994606, -7.0, 70.4064483643
49.5255394, -7.0, 70.4095840454
48.4516144, -7.0, 70.4128189087
47.3776894, -7.0, 70.4161834717
46.3037643, -7.0, 70.4196853638
45.2298393, -7.0, 70.4233551025
44.1559143, -7.0, 70.4272079468
43.0819893, -7.0, 70.4312667847
42.0080643, -7.0, 70.4355621338
40.9341393, -7.0, 70.4401245117
39.8602142, -7.0, 70.4449691772
38.7862892, -7.0, 70.4501342773
37.7123642, -7.0, 70.4556503296
36.6384392, -7.0, 70.461555481
35.564518, -7.0, 70.4678955078
34.490593, -7.0, 70.4747009277
33.4166679, -7.0, 70.4820175171
32.3427429, -7.0, 70.4899139404
31.2688179, -7.0, 70.4984359741
30.1948929, -7.0, 70.5076522827
29.1209679, -7.0, 70.5176467896
28.0470428, -7.0, 70.528503418
26.9731178, -7.0, 70.5403289795
25.8991928, -7.0, 70.5532302856
24.8252697, -7.0, 70.5673599243
23.7513447, -7.0, 70.5828781128
22.6774197, -7.0, 70.5999832153
21.6034946, -7.0, 70.6189041138
20.5295696, -7.0, 70.6399154663
19.4556446, -7.0, 70.6633377075
18.3817196, -7.0, 70.6895446777
17.3077965, -7.0, 70.7189712524
16.2338715, -7.0, 70.7520980835
15.1599464, -7.0, 70.7894439697
14.0860214, -7.0, 70.8315429688
13.0120964, -7.0, 70.8788452148
11.9381723, -7.0, 70.9316253662
10.8642473, -7.0, 70.9897994995
9.7903223, -7.0, 71.0526046753
8.71639824, -7.0, 71.1182327271
7.64247322, -7.0, 71.1834335327
6.5685482, -7.0, 71.2431106567
5.49462366, -7.0, 71.2904205322
4.42069912, -7.0, 71.3174362183
3.3467741, -7.0, 71.3167800903
2.27284956, -7.0, 71.283821106
1.19892478, -7.0, 71.2186431885
0.125, -7.0, 71.1266098022
-0.934210539, -7.0, 71.0186386108
-1.99342108, -7.0, 70.9039001465
-3.05263162, -7.0, 70.7913360596
-4.11184216, -7.0, 70.6870040894
-5.17105246, -7.0, 70.5938415527
-6.23026323, -7.0, 70.5124130249
-7.28947353, -7.0, 70.4418869019
-8.34868431, -7.0, 70.3808364868
-9.40789509, -7.0, 70.3276977539
-10.4671049, -7.0, 70.2810516357
-11.5263157, -7.0, 70.2396469116
-12.5855265, -7.0, 70.2024230957
-13.6447372, -7.0, 70.1685028076
-14.7039471, -7.0, 70.1371612549
-15.7631578, -7.0, 70.1077728271
-16.8223686, -7.0, 70.0798110962
-17.8815784, -7.0, 70.0528106689
-18.9407902, -7.0, 70.0263366699
98.9262695, -8.0, 80.0213088989
97.8525314, -8.0, 80.0421218872
96.778801, -8.0, 80.0624008179
95.7050705, -8.0, 80.082069397
94.63134, -8.0, 80.1010971069
93.5576019, -8.0, 80.119430542
92.4838715, -8.0, 80.1370315552
91.410141, -8.0, 80.1538772583
90.3364029, -8.0, 80.1699523926
89.2626724, -8.0, 80.1852416992
88.188942, -8.0, 80.1997451782
87.1152039, -8.0, 80.2134628296
86.0414734, -8.0, 80.2264099121
84.9677429, -8.0, 80.2386169434
83.8940125, -8.0, 80.2500915527
82.8202744, -8.0, 80.2608718872
81.7465439, -8.0, 80.2709884644
80.6728134, -8.0, 80.2804641724
79.5990753, -8.0, 80.2893447876
78.5253448, -8.0, 80.2976608276
77.4516144, -8.0, 80.3054428101
76.3778839, -8.0, 80.3127365112
75.3041458, -8.0, 80.3195648193
74.2304153, -8.0, 80.3259658813
73.1566849, -8.0, 80.3319778442
72.0829468, -8.0, 80.3376235962
71.0092163, -8.0, 80.3429336548
69.9354858, -8.0, 80.3479385376
68.8617477, -8.0, 80.3526611328
67.7880173, -8.0, 80.3571395874
66.7142868, -8.0, 80.3613815308
65.6405563, -8.0, 80.3654251099
64.5668182, -8.0, 80.3692855835
63.4930878, -8.0, 80.3729934692
62.4193535, -8.0, 80.3765563965
61.345623, -8.0, 80.3800048828
60.2718887, -8.0, 80.383354187
59.1981583, -8.0, 80.3866271973
58.124424, -8.0, 80.3898391724
57.0506897, -8.0, 80.3930053711
55.9769592, -8.0, 80.396156311
54.9032249, -8.0, 80.3992996216
53.8294945, -8.0, 80.4024505615
52.7557602, -8.0, 80.4056396484
51.6820259, -8.0, 80.4088821411
50.6082954, -8.0, 80.4121856689
49.5345612, -8.0, 80.4155807495
48.4608307, -8.0, 80.4190826416
47.3870964, -8.0, 80.4227142334
46.3133659, -8.0, 80.4264984131
45.2396317, -8.0, 80.4304504395
44.1658974, -8.0, 80.4345932007
43.0921669, -8.0, 80.4389572144
42.0184326, -8.0, 80.4435653687
40.9447021, -8.0, 80.4484481812
39.8709679, -8.0, 80.4536361694
38.7972336, -8.0, 80.4591445923
37.7235031, -8.0, 80.4650268555
36.6497688, -8.0, 80.4713058472
35.5760384, -8.0, 80.4780273438
34.5023041, -8.0, 80.4852294922
33.4285698, -8.0, 80.4929580688
32.3548393, -8.0, 80.5012741089
31.281105, -8.0, 80.5102310181
30.2073727, -8.0, 80.5198898315
29.1336403, -8.0, 80.5303192139
28.0599079, -8.0, 80.5416183472
26.9861755, -8.0, 80.5538711548
25.9124432, -8.0, 80.5671844482
24.8387089, -8.0, 80.5816955566
23.7649765, -8.0, 80.5975418091
22.6912441, -8.0, 80.6148986816
21.6175117, -8.0, 80.6339569092
20.5437794, -8.0, 80.6549530029
19.470047, -8.0, 80.6781311035
18.3963127, -8.0, 80.7037887573
17.3225803, -8.0, 80.7322311401
16.248848, -8.0, 80.7637939453
15.1751156, -8.0, 80.798789978
14.1013823, -8.0, 80.8374862671
13.0276499, -8.0, 80.880027771
11.9539175, -8.0, 80.9263381958
10.8801842, -8.0, 80.9759368896
9.8064518, -8.0, 81.0277786255
8.73271847, -8.0, 81.0799942017
7.65898609, -8.0, 81.1296768188
6.58525324, -8.0, 81.1728210449
5.51152086, -8.0, 81.204498291
4.43778801, -8.0, 81.2194900513
3.3640554, -8.0, 81.2132797241
2.29032254, -8.0, 81.1833114624
1.21658981, -8.0, 81.1299057007
0.142857149, -8.0, 81.0565338135
-0.917293251, -8.0, 80.9702529907
-1.97744358, -8.0, 80.8768920898
-3.03759408, -8.0, 80.7826385498
-4.09774446, -8.0, 80.6922073364
-5.15789461, -8.0, 80.6084823608
-6.21804523, -8.0, 80.5327301025
-7.27819538, -8.0, 80.4650268555
-8.33834553, -8.0, 80.4048080444
-9.39849663, -8.0, 80.3511810303
-10.4586468, -8.0, 80.3031768799
-11.5187969, -8.0, 80.2598724365
-12.5789471, -8.0, 80.2204208374
-13.6390982, -8.0, 80.1840896606
-14.6992483, -8.0, 80.1502227783
-15.7593985, -8.0, 80.1182479858
-16.8195496, -8.0, 80.087677002
-17.8796997, -8.0, 80.058052063
-18.9398499, -8.0, 80.0289535522
98.9264603, -9.0, 90.0209350586
97.8529205, -9.0, 90.0413894653
96.7793808, -9.0, 90.0613174438
95.7058334, -9.0, 90.0806655884
94.6322937, -9.0, 90.0994033813
93.558754, -9.0, 90.1174926758
92.4852142, -9.0, 90.1348876953
91.4116745, -9.0, 90.1515808105
90.3381348, -9.0, 90.1675415039
89.264595, -9.0, 90.182762146
88.1910553, -9.0, 90.1972503662
87.1175079, -9.0, 90.2109985352
86.0439682, -9.0, 90.2240142822
84.9704285, -9.0, 90.236328125
83.8968887, -9.0, 90.2479400635
82.823349, -9.0, 90.258895874
81.7498093, -9.0, 90.269203186
80.6762695, -9.0, 90.2788925171
79.6027298, -9.0, 90.2880096436
78.5291824, -9.0, 90.2965698242
77.4556427, -9.0, 90.3046112061
76.382103, -9.0, 90.3121643066
75.3085632, -9.0, 90.3192596436
74.2350235, -9.0, 90.3259353638
73.1614838, -9.0, 90.3322143555
72.087944, -9.0, 90.3381271362
71.0144043, -9.0, 90.3437042236
69.9408569, -9.0, 90.3489761353
68.8673172, -9.0, 90.3539581299
67.7937775, -9.0, 90.3586883545
66.7202377, -9.0, 90.3631896973
65.646698, -9.0, 90.3674850464
64.5731583, -9.0, 90.3715896606
63.4996147, -9.0, 90.3755340576
62.426075, -9.0, 90.3793334961
61.3525352, -9.0, 90.3830108643
60.2789955, -9.0, 90.3865966797
59.205452, -9.0, 90.3900909424
58.1319122, -9.0, 90.3935317993
57.0583725, -9.0, 90.3969268799
55.9848328, -9.0, 90.4002990723
54.9112892, -9.0, 90.4036712646
53.8377495, -9.0, 90.4070510864
52.7642097, -9.0, 90.4104690552
51.69067, -9.0, 90.4139328003
50.6171265, -9.0, 90.4174728394
49.5435867, -9.0, 90.4211120605
48.470047, -9.0, 90.4248580933
47.3965073, -9.0, 90.4287338257
46.3229637, -9.0, 90.4327697754
45.249424, -9.0, 90.4369888306
44.1758842, -9.0, 90.44140625
43.1023407, -9.0, 90.4460525513
42.028801, -9.0, 90.4509506226
40.9552612, -9.0, 90.4561309814
39.8817215, -9.0, 90.4616165161
38.8081779, -9.0, 90.4674530029
37.7346382, -9.0, 90.4736557007
36.6610985, -9.0, 90.4802780151
35.5875587, -9.0, 90.4873428345
34.5140152, -9.0, 90.4949035645
33.4404755, -9.0, 90.5029983521
32.3669357, -9.0, 90.511680603
31.2933941, -9.0, 90.5210113525
30.2198544, -9.0, 90.5310440063
29.1463127, -9.0, 90.541847229
28.072773, -9.0, 90.5534973145
26.9992313, -9.0, 90.5660858154
25.9256916, -9.0, 90.5797119141
24.85215, -9.0, 90.5944747925
23.7786102, -9.0, 90.6105117798
22.7050686, -9.0, 90.6279602051
21.6315289, -9.0, 90.6469802856
20.5579872, -9.0, 90.6677398682
19.4844475, -9.0, 90.6904449463
18.4109058, -9.0, 90.7152938843
17.3373661, -9.0, 90.7424926758
16.2638245, -9.0, 90.7722396851
15.1902838, -9.0, 90.8046798706
14.1167431, -9.0, 90.839881897
13.0432024, -9.0, 90.8777694702
11.9696617, -9.0, 90.9180297852
10.896121, -9.0, 90.9599990845
9.82258034, -9.0, 91.0025405884
8.74903965, -9.0, 91.0439147949
7.67549944, -9.0, 91.0816802979
6.60195875, -9.0, 91.1127548218
5.52841759, -9.0, 91.1336135864
4.4548769, -9.0, 91.1407546997
3.38133645, -9.0, 91.1313400269
2.30779576, -9.0, 91.1038970947
1.23425496, -9.0, 91.058807373
0.160714284, -9.0, 90.9983901978
-0.900375962, -9.0, 90.9273834229
-1.96146619, -9.0, 90.849647522
-3.0225563, -9.0, 90.76953125
-4.08364677, -9.0, 90.6906356812
-5.14473677, -9.0, 90.615486145
-6.20582724, -9.0, 90.5455245972
-7.26691723, -9.0, 90.4813079834
-8.3280077, -9.0, 90.4227828979
-9.38909817, -9.0, 90.3695602417
-10.4501877, -9.0, 90.3210372925
-11.5112782, -9.0, 90.2765884399
-12.5723686, -9.0, 90.2355651855
-13.6334591, -9.0, 90.1973724365
-14.6945486, -9.0, 90.1614608765
-15.7556391, -9.0, 90.1273345947
-16.8167286, -9.0, 90.0945358276
-17.8778191, -9.0, 90.0626373291
-18.9389095, -9.0, 90.03125
98.926651, -10.0, 100.020614624
97.853302, -10.0, 100.040756226
96.779953, -10.0, 100.060386658
95.706604, -10.0, 100.079460144
94.633255, -10.0, 100.097953796
93.559906, -10.0, 100.115821838
92.486557, -10.0, 100.133041382
91.413208, -10.0, 100.149589539
90.339859, -10.0, 100.16545105
89.26651, -10.0, 100.180618286
88.193161, -10.0, 100.195083618
87.119812, -10.0, 100.208854675
86.0464706, -10.0, 100.221931458
84.9731216, -10.0, 100.234329224
83.8997726, -10.0, 100.246063232
82.8264236, -10.0, 100.257156372
81.7530746, -10.0, 100.26763916
80.6797256, -10.0, 100.277519226
79.6063766, -10.0, 100.286834717
78.5330276, -10.0, 100.295608521
77.4596786, -10.0, 100.303878784
76.3863297, -10.0, 100.311660767
75.3129807, -10.0, 100.319000244
74.2396317, -10.0, 100.325912476
73.1662827, -10.0, 100.332435608
72.0929337, -10.0, 100.3385849
71.0195847, -10.0, 100.344406128
69.9462357, -10.0, 100.349914551
68.8728867, -10.0, 100.355140686
67.7995377, -10.0, 100.360107422
66.7261887, -10.0, 100.364830017
65.6528397, -10.0, 100.369354248
64.5794907, -10.0, 100.373680115
63.5061455, -10.0, 100.377845764
62.4327965, -10.0, 100.381858826
61.3594475, -10.0, 100.385757446
60.2860985, -10.0, 100.389549255
59.2127495, -10.0, 100.393257141
58.1394005, -10.0, 100.396903992
57.0660515, -10.0, 100.400505066
55.9927025, -10.0, 100.404083252
54.9193535, -10.0, 100.407661438
53.8460045, -10.0, 100.411247253
52.7726593, -10.0, 100.414878845
51.6993103, -10.0, 100.418556213
50.6259613, -10.0, 100.422317505
49.5526123, -10.0, 100.426170349
48.4792633, -10.0, 100.430137634
47.4059143, -10.0, 100.434249878
46.3325653, -10.0, 100.438514709
45.2592163, -10.0, 100.442970276
44.1858673, -10.0, 100.447639465
43.1125183, -10.0, 100.452537537
42.0391693, -10.0, 100.457702637
40.9658203, -10.0, 100.463150024
39.8924713, -10.0, 100.468917847
38.8191261, -10.0, 100.475036621
37.7457771, -10.0, 100.481544495
36.6724281, -10.0, 100.488464355
35.5990791, -10.0, 100.49584198
34.5257301, -10.0, 100.503715515
33.4523811, -10.0, 100.512130737
32.3790321, -10.0, 100.521141052
31.3056831, -10.0, 100.530784607
30.2323341, -10.0, 100.541130066
29.158987, -10.0, 100.552238464
28.085638, -10.0, 100.564178467
27.012289, -10.0, 100.577018738
25.93894, -10.0, 100.590858459
24.865591, -10.0, 100.605773926
23.7922421, -10.0, 100.621887207
22.718895, -10.0, 100.639297485
21.645546, -10.0, 100.658126831
20.572197, -10.0, 100.678504944
19.498848, -10.0, 100.700576782
18.425499, -10.0, 100.724456787
17.35215, -10.0, 100.750267029
16.278801, -10.0, 100.778083801
15.2054529, -10.0, 100.807929993
14.1321049, -10.0, 100.839729309
13.0587559, -10.0, 100.873260498
11.9854069, -10.0, 100.908073425
10.9120588, -10.0, 100.943435669
9.83870983, -10.0, 100.978248596
8.76536083, -10.0, 101.01096344
7.69201231, -10.0, 101.039596558
6.61866379, -10.0, 101.061798096
5.54531479, -10.0, 101.075035095
4.47196627, -10.0, 101.076919556
3.39861751, -10.0, 101.065612793
2.32526875, -10.0, 101.040237427
1.2519201, -10.0, 101.001159668
0.178571433, -10.0, 100.949981689
-0.883458674, -10.0, 100.890007019
-1.94548869, -10.0, 100.823852539
-3.00751877, -10.0, 100.754646301
-4.06954908, -10.0, 100.685127258
-5.13157892, -10.0, 100.617401123
-6.19360924, -10.0, 100.552871704
-7.25563908, -10.0, 100.492286682
-8.31766891, -10.0, 100.435897827
-9.37969971, -10.0, 100.383636475
-10.4417295, -10.0, 100.33518219
-11.5037594, -10.0, 100.290153503
-12.5657892, -10.0, 100.248077393
-13.62782, -10.0, 100.208503723
-14.6898499, -10.0, 100.17098999
-15.7518797, -10.0, 100.135093689
-16.8139095, -10.0, 100.10042572
-17.8759403, -10.0, 100.066596985
-18.9379692, -10.0, 100.033241272
98.9268417, -11.0, 110.020339966
97.8536835, -11.0, 110.040214539
96.7805328, -11.0, 110.059585571
95.7073746, -11.0, 110.078430176
94.6342163, -11.0, 110.096702576
93.561058, -11.0, 110.114387512
92.4878998, -11.0, 110.131446838
91.4147491, -11.0, 110.147880554
90.3415909, -11.0, 110.163650513
89.2684326, -11.0, 110.178764343
88.1952744, -11.0, 110.193214417
87.1221161, -11.0, 110.207000732
86.0489655, -11.0, 110.220123291
84.9758072, -11.0, 110.232597351
83.9026489, -11.0, 110.244430542
82.8294907, -11.0, 110.255653381
81.75634, -11.0, 110.266273499
80.6831818, -11.0, 110.276313782
79.6100235, -11.0, 110.285804749
78.5368652, -11.0, 110.294769287
77.463707, -11.0, 110.303237915
76.3905563, -11.0, 110.311225891
75.3173981, -11.0, 110.318771362
74.2442398, -11.0, 110.325904846
73.1710815, -11.0, 110.332641602
72.0979233, -11.0, 110.339012146
71.0247726, -11.0, 110.345046997
69.9516144, -11.0, 110.350769043
68.8784561, -11.0, 110.356201172
67.8052979, -11.0, 110.361381531
66.7321396, -11.0, 110.366317749
65.658989, -11.0, 110.371040344
64.5858307, -11.0, 110.375564575
63.5126724, -11.0, 110.379928589
62.439518, -11.0, 110.384140015
61.3663597, -11.0, 110.38822937
60.2932014, -11.0, 110.392211914
59.220047, -11.0, 110.396110535
58.1468887, -11.0, 110.39994812
57.0737343, -11.0, 110.403739929
56.000576, -11.0, 110.40750885
54.9274178, -11.0, 110.411270142
53.8542633, -11.0, 110.415054321
52.781105, -11.0, 110.418869019
51.7079506, -11.0, 110.422744751
50.6347923, -11.0, 110.426696777
49.5616341, -11.0, 110.430747986
48.4884796, -11.0, 110.434921265
47.4153214, -11.0, 110.439239502
46.3421669, -11.0, 110.443725586
45.2690086, -11.0, 110.448394775
44.1958542, -11.0, 110.453285217
43.1226959, -11.0, 110.4584198
42.0495377, -11.0, 110.463813782
40.9763832, -11.0, 110.469512939
39.9032249, -11.0, 110.475532532
38.8300705, -11.0, 110.481903076
37.7569122, -11.0, 110.488670349
36.683754, -11.0, 110.495864868
35.6105995, -11.0, 110.503509521
34.5374413, -11.0, 110.511665344
33.4642868, -11.0, 110.520362854
32.3911285, -11.0, 110.529640198
31.3179722, -11.0, 110.539558411
30.2448158, -11.0, 110.550170898
29.1716595, -11.0, 110.561523438
28.0985031, -11.0, 110.573677063
27.0253448, -11.0, 110.586708069
25.9521885, -11.0, 110.60067749
24.8790321, -11.0, 110.61566925
23.8058758, -11.0, 110.631759644
22.7327194, -11.0, 110.649032593
21.6595631, -11.0, 110.667572021
20.5864048, -11.0, 110.687469482
19.5132484, -11.0, 110.70880127
18.4400921, -11.0, 110.731636047
17.3669357, -11.0, 110.755996704
16.2937794, -11.0, 110.781890869
15.2206221, -11.0, 110.809234619
14.1474657, -11.0, 110.837860107
13.0743084, -11.0, 110.86743927
12.001152, -11.0, 110.897483826
10.9279957, -11.0, 110.927238464
9.85483837, -11.0, 110.955703735
8.78168201, -11.0, 110.981552124
7.70852518, -11.0, 111.003181458
6.63536882, -11.0, 111.018814087
5.56221199, -11.0, 111.02658844
4.48905516, -11.0, 111.024864197
3.41589856, -11.0, 111.012420654
2.34274197, -11.0, 110.988716125
1.26958525, -11.0, 110.954071045
0.196428567, -11.0, 110.909629822
-0.866541326, -11.0, 110.857772827
-1.92951131, -11.0, 110.800308228
-2.99248123, -11.0, 110.739532471
-4.05545092, -11.0, 110.67755127
-5.11842108, -11.0, 110.616088867
-6.18139076, -11.0, 110.556404114
-7.24436092, -11.0, 110.499298096
-8.30733109, -11.0, 110.4451828
-9.37030029, -11.0, 110.394180298
-10.4332705, -11.0, 110.346183777
-11.4962406, -11.0, 110.300979614
-12.5592108, -11.0, 110.258262634
-13.62218, -11.0, 110.217704773
-14.6851501, -11.0, 110.178939819
-15.7481203, -11.0, 110.141624451
-16.8110905, -11.0, 110.105407715
-17.8740597, -11.0, 110.069953918
-18.9370308, -11.0, 110.034927368
98.9270325, -12.0, 120.020103455
97.8540726, -12.0, 120.039749146
96.781105, -12.0, 120.058906555
95.7081375, -12.0, 120.077545166
94.6351776, -12.0, 120.09563446
93.5622101, -12.0, 120.11315918
92.4892502, -12.0, 120.130088806
91.4162827, -12.0, 120.14641571
90.3433151, -12.0, 120.162109375
89.2703552, -12.0, 120.177177429
88.1973877, -12.0, 120.191612244
87.1244202, -12.0, 120.205406189
86.0514603, -12.0, 120.218566895
84.9784927, -12.0, 120.23110199
83.9055328, -12.0, 120.243026733
82.8325653, -12.0, 120.254348755
81.7595978, -12.0, 120.265090942
80.6866379, -12.0, 120.275276184
79.6136703, -12.0, 120.284919739
78.5407028, -12.0, 120.294052124
77.4677429, -12.0, 120.302688599
76.3947754, -12.0, 120.31085968
75.3218155, -12.0, 120.318588257
74.248848, -12.0, 120.325904846
73.1758804, -12.0, 120.332832336
72.1029205, -12.0, 120.339393616
71.029953, -12.0, 120.345619202
69.9569855, -12.0, 120.351531982
68.8840256, -12.0, 120.357154846
67.811058, -12.0, 120.362518311
66.7380981, -12.0, 120.367637634
65.6651306, -12.0, 120.372543335
64.5921631, -12.0, 120.377250671
63.5191994, -12.0, 120.381790161
62.4462357, -12.0, 120.386184692
61.3732719, -12.0, 120.390441895
60.3003082, -12.0, 120.394599915
59.2273407, -12.0, 120.398666382
58.154377, -12.0, 120.402671814
57.0814133, -12.0, 120.40663147
56.0084496, -12.0, 120.410568237
54.935482, -12.0, 120.414505005
53.8625183, -12.0, 120.418457031
52.7895546, -12.0, 120.422439575
51.7165909, -12.0, 120.426490784
50.6436234, -12.0, 120.430618286
49.5706596, -12.0, 120.4348526
48.4976959, -12.0, 120.439208984
47.4247322, -12.0, 120.443710327
46.3517647, -12.0, 120.448387146
45.278801, -12.0, 120.4532547
44.2058372, -12.0, 120.458343506
43.1328735, -12.0, 120.463684082
42.059906, -12.0, 120.469291687
40.9869423, -12.0, 120.475204468
39.9139786, -12.0, 120.481445312
38.8410149, -12.0, 120.488044739
37.7680473, -12.0, 120.495048523
36.6950836, -12.0, 120.502471924
35.6221199, -12.0, 120.510360718
34.5491562, -12.0, 120.518753052
33.4761887, -12.0, 120.527687073
32.4032249, -12.0, 120.537200928
31.3302612, -12.0, 120.547348022
30.2572956, -12.0, 120.558166504
29.1843319, -12.0, 120.569709778
28.1113663, -12.0, 120.582038879
27.0384026, -12.0, 120.595191956
25.9654369, -12.0, 120.609237671
24.8924732, -12.0, 120.624229431
23.8195076, -12.0, 120.640235901
22.7465439, -12.0, 120.657302856
21.6735783, -12.0, 120.675491333
20.6006145, -12.0, 120.694854736
19.5276489, -12.0, 120.715408325
18.4546852, -12.0, 120.737167358
17.3817196, -12.0, 120.760116577
16.3087559, -12.0, 120.784172058
15.2357912, -12.0, 120.809188843
14.1628265, -12.0, 120.83493042
13.0898619, -12.0, 120.861038208
12.0168972, -12.0, 120.886978149
10.9439325, -12.0, 120.91204834
9.87096786, -12.0, 120.93535614
8.7980032, -12.0, 120.9557724
7.72503853, -12.0, 120.97203064
6.65207386, -12.0, 120.982749939
5.57910919, -12.0, 120.986572266
4.50614452, -12.0, 120.982322693
3.43317962, -12.0, 120.969184875
2.36021495, -12.0, 120.94682312
1.2872504, -12.0, 120.915496826
0.214285716, -12.0, 120.876052856
-0.849624038, -12.0, 120.830230713
-1.91353381, -12.0, 120.779350281
-2.9774437, -12.0, 120.725120544
-4.04135323, -12.0, 120.669166565
-5.10526323, -12.0, 120.612884521
-6.16917276, -12.0, 120.557388306
-7.23308277, -12.0, 120.503448486
-8.2969923, -12.0, 120.451538086
-9.36090183, -12.0, 120.401901245
-10.4248123, -12.0, 120.354576111
-11.4887218, -12.0, 120.30947876
-12.5526314, -12.0, 120.266418457
-13.6165409, -12.0, 120.22518158
-14.6804514, -12.0, 120.18547821
-15.7443609, -12.0, 120.147041321
-16.8082714, -12.0, 120.109573364
-17.8721809, -12.0, 120.072769165
-18.9360905, -12.0, 120.036346436
98.9272308, -13.0, 130.019897461
97.854454, -13.0, 130.039352417
96.7816849, -13.0, 130.058319092
95.7089081, -13.0, 130.076782227
94.6361389, -13.0, 130.094726562
93.5633621, -13.0, 130.112121582
92.490593, -13.0, 130.128936768
91.4178162, -13.0, 130.145172119
90.345047, -13.0, 130.160797119
89.2722702, -13.0, 130.175827026
88.199501, -13.0, 130.190246582
87.1267319, -13.0, 130.204040527
86.0539551, -13.0, 130.21723938
84.9811859, -13.0, 130.229827881
83.9084091, -13.0, 130.241821289
82.83564, -13.0, 130.253234863
81.7628632, -13.0, 130.264083862
80.690094, -13.0, 130.274383545
79.6173172, -13.0, 130.284164429
78.544548, -13.0, 130.293426514
77.4717712, -13.0, 130.302215576
76.3990021, -13.0, 130.310546875
75.3262253, -13.0, 130.318435669
74.2534561, -13.0, 130.325912476
73.180687, -13.0, 130.333007812
72.1079102, -13.0, 130.339736938
71.035141, -13.0, 130.346115112
69.9623642, -13.0, 130.352203369
68.889595, -13.0, 130.35798645
67.8168182, -13.0, 130.363510132
66.7440491, -13.0, 130.368804932
65.6712723, -13.0, 130.37387085
64.5985031, -13.0, 130.378738403
63.5257301, -13.0, 130.38343811
62.4529572, -13.0, 130.387969971
61.3801842, -13.0, 130.39239502
60.3074112, -13.0, 130.396697998
59.2346382, -13.0, 130.400924683
58.1618652, -13.0, 130.405075073
57.0890923, -13.0, 130.409179688
56.0163193, -13.0, 130.413269043
54.9435501, -13.0, 130.417358398
53.8707771, -13.0, 130.421463013
52.7980042, -13.0, 130.425598145
51.7252312, -13.0, 130.429794312
50.6524582, -13.0, 130.434082031
49.5796852, -13.0, 130.438476562
48.5069122, -13.0, 130.442993164
47.4341393, -13.0, 130.447662354
46.3613663, -13.0, 130.45249939
45.2885933, -13.0, 130.457550049
44.2158203, -13.0, 130.462814331
43.1430473, -13.0, 130.468322754
42.0702782, -13.0, 130.474121094
40.9975052, -13.0, 130.480224609
39.9247322, -13.0, 130.486663818
38.8519592, -13.0, 130.493453979
37.7791862, -13.0, 130.500656128
36.7064133, -13.0, 130.508285522
35.6336403, -13.0, 130.516387939
34.5608673, -13.0, 130.524978638
33.4880943, -13.0, 130.534118652
32.4153214, -13.0, 130.543823242
31.3425503, -13.0, 130.554153442
30.2697773, -13.0, 130.565155029
29.1970043, -13.0, 130.576843262
28.1242313, -13.0, 130.589279175
27.0514584, -13.0, 130.602523804
25.9786873, -13.0, 130.616592407
24.9059143, -13.0, 130.631546021
23.8331413, -13.0, 130.647415161
22.7603683, -13.0, 130.664245605
21.6875954, -13.0, 130.682052612
20.6148243, -13.0, 130.70085144
19.5420513, -13.0, 130.72064209
18.4692783, -13.0, 130.741363525
17.3965054, -13.0, 130.762985229
16.3237324, -13.0, 130.785339355
15.2509604, -13.0, 130.808273315
14.1781874, -13.0, 130.831466675
13.1054144, -13.0, 130.854568481
12.0326424, -13.0, 130.877059937
10.9598694, -13.0, 130.898269653
9.88709641, -13.0, 130.917419434
8.81432438, -13.0, 130.933578491
7.7415514, -13.0, 130.94569397
6.6687789, -13.0, 130.952728271
5.59600592, -13.0, 130.953659058
4.52323341, -13.0, 130.947616577
3.45046091, -13.0, 130.934051514
2.37768817, -13.0, 130.912750244
1.30491555, -13.0, 130.88394165
0.232142851, -13.0, 130.848236084
-0.832706749, -13.0, 130.806976318
-1.89755642, -13.0, 130.761108398
-2.96240592, -13.0, 130.71194458
-4.02725554, -13.0, 130.660766602
-5.09210539, -13.0, 130.608734131
-6.15695477, -13.0, 130.556762695
-7.22180462, -13.0, 130.505599976
-8.28665447, -13.0, 130.455718994
-9.35150337, -13.0, 130.407440186
-10.4163532, -13.0, 130.360870361
-11.4812031, -13.0, 130.316040039
-12.5460529, -13.0, 130.272857666
-13.6109018, -13.0, 130.231170654
-14.6757517, -13.0, 130.19078064
-15.7406015, -13.0, 130.15145874
-16.8054504, -13.0, 130.112991333
-17.8703003, -13.0, 130.075088501
-18.9351501, -13.0, 130.037521362
98.9274216, -14.0, 140.019729614
97.8548355, -14.0, 140.039016724
96.7822571, -14.0, 140.057830811
95.7096786, -14.0, 140.076156616
94.6371002, -14.0, 140.093963623
93.5645142, -14.0, 140.111236572
92.4919357, -14.0, 140.127960205
91.4193573, -14.0, 140.144119263
90.3467712, -14.0, 140.159698486
89.2741928, -14.0, 140.174697876
88.2016144, -14.0, 140.189086914
87.1290359, -14.0, 140.202896118
86.0564499, -14.0, 140.216110229
84.9838715, -14.0, 140.228744507
83.911293, -14.0, 140.24079895
82.838707, -14.0, 140.252288818
81.7661285, -14.0, 140.26322937
80.6935501, -14.0, 140.273635864
79.6209641, -14.0, 140.28352356
78.5483856, -14.0, 140.292907715
77.4758072, -14.0, 140.301818848
76.4032288, -14.0, 140.310272217
75.3306427, -14.0, 140.31829834
74.2580643, -14.0, 140.325912476
73.1854858, -14.0, 140.3331604
72.1128998, -14.0, 140.340026855
71.0403214, -14.0, 140.346557617
69.9677429, -14.0, 140.352783203
68.8951645, -14.0, 140.358718872
67.8225784, -14.0, 140.364379883
66.75, -14.0, 140.369812012
65.6774216, -14.0, 140.375015259
64.6048355, -14.0, 140.380020142
63.5322571, -14.0, 140.384841919
62.4596786, -14.0, 140.389526367
61.3870964, -14.0, 140.394073486
60.314518, -14.0, 140.398513794
59.2419357, -14.0, 140.402862549
58.1693535, -14.0, 140.407150269
57.0967751, -14.0, 140.411392212
56.0241928, -14.0, 140.415603638
54.9516144, -14.0, 140.419830322
53.8790321, -14.0, 140.424057007
52.8064499, -14.0, 140.428329468
51.7338715, -14.0, 140.432662964
50.6612892, -14.0, 140.437088013
49.5887108, -14.0, 140.441619873
48.5161285, -14.0, 140.446273804
47.4435501, -14.0, 140.451080322
46.3709679, -14.0, 140.456069946
45.2983856, -14.0, 140.461257935
44.2258072, -14.0, 140.466674805
43.1532249, -14.0, 140.472351074
42.0806465, -14.0, 140.478302002
41.0080643, -14.0, 140.484573364
39.935482, -14.0, 140.491165161
38.8629036, -14.0, 140.498138428
37.7903214, -14.0, 140.505508423
36.7177429, -14.0, 140.513320923
35.6451607, -14.0, 140.521575928
34.5725822, -14.0, 140.530349731
33.5, -14.0, 140.539657593
32.4274178, -14.0, 140.549530029
31.3548393, -14.0, 140.559997559
30.282259, -14.0, 140.571136475
29.2096767, -14.0, 140.582931519
28.1370964, -14.0, 140.595458984
27.0645161, -14.0, 140.60874939
25.9919357, -14.0, 140.622817993
24.9193554, -14.0, 140.637695312
23.8467751, -14.0, 140.653411865
22.7741928, -14.0, 140.66998291
21.7016125, -14.0, 140.687408447
20.6290321, -14.0, 140.705657959
19.5564518, -14.0, 140.724716187
18.4838715, -14.0, 140.744491577
17.4112911, -14.0, 140.764892578
16.3387089, -14.0, 140.785751343
15.2661295, -14.0, 140.806838989
14.1935482, -14.0, 140.827865601
13.1209679, -14.0, 140.848434448
12.0483875, -14.0, 140.868057251
10.9758062, -14.0, 140.886138916
9.9032259, -14.0, 140.901977539
8.83064556, -14.0, 140.914810181
7.75806475, -14.0, 140.92376709
6.68548393, -14.0, 140.928024292
5.61290312, -14.0, 140.926803589
4.54032278, -14.0, 140.919494629
3.46774197, -14.0, 140.905670166
2.39516139, -14.0, 140.88520813
1.3225807, -14.0, 140.858291626
0.25, -14.0, 140.825424194
-0.815789461, -14.0, 140.787597656
-1.88157892, -14.0, 140.745559692
-2.94736838, -14.0, 140.700317383
-4.01315784, -14.0, 140.652908325
-5.07894754, -14.0, 140.604278564
-6.14473677, -14.0, 140.555221558
-7.21052647, -14.0, 140.50642395
-8.27631569, -14.0, 140.458343506
-9.34210491, -14.0, 140.411300659
-10.4078951, -14.0, 140.365509033
-11.4736843, -14.0, 140.321029663
-12.5394735, -14.0, 140.27784729
-13.6052628, -14.0, 140.23588562
-14.6710529, -14.0, 140.194992065
-15.7368422, -14.0, 140.155014038
-16.8026314, -14.0, 140.115737915
-17.8684216, -14.0, 140.076965332
-18.9342098, -14.0, 140.038467407
98.9276123, -15.0, 150.019592285
97.8552246, -15.0, 150.038742065
96.7828369, -15.0, 150.057418823
95.7104492, -15.0, 150.075622559
94.6380539, -15.0, 150.093322754
93.5656662, -15.0, 150.11050415
92.4932785, -15.0, 150.127151489
91.4208908, -15.0, 150.143249512
90.3485031, -15.0, 150.158782959
89.2761154, -15.0, 150.173751831
88.2037277, -15.0, 150.188140869
87.13134, -15.0, 150.201950073
86.0589447, -15.0, 150.215194702
84.986557, -15.0, 150.227859497
83.9141693, -15.0, 150.239959717
82.8417816, -15.0, 150.25151062
81.7693939, -15.0, 150.262527466
80.6970062, -15.0, 150.273010254
79.6246185, -15.0, 150.282989502
78.5522308, -15.0, 150.292480469
77.4798355, -15.0, 150.301483154
76.4074478, -15.0, 150.310058594
75.3350601, -15.0, 150.318191528
74.2626724, -15.0, 150.325927734
73.1902847, -15.0, 150.333282471
72.117897, -15.0, 150.340270996
71.0455093, -15.0, 150.346923828
69.9731216, -15.0, 150.353271484
68.9007263, -15.0, 150.359329224
67.8283386, -15.0, 150.365112305
66.7559509, -15.0, 150.370651245
65.6835632, -15.0, 150.375976562
64.6111755, -15.0, 150.381103516
63.5387878, -15.0, 150.386047363
62.4663963, -15.0, 150.390838623
61.3940086, -15.0, 150.395492554
60.3216209, -15.0, 150.400054932
59.2492332, -15.0, 150.404510498
58.1768417, -15.0, 150.408905029
57.104454, -15.0, 150.413253784
56.0320663, -15.0, 150.41758728
54.9596786, -15.0, 150.421905518
53.8872871, -15.0, 150.426254272
52.8148994, -15.0, 150.430633545
51.7425117, -15.0, 150.435089111
50.6701241, -15.0, 150.439620972
49.5977325, -15.0, 150.444274902
48.5253448, -15.0, 150.449035645
47.4529572, -15.0, 150.453979492
46.3805695, -15.0, 150.459091187
45.3081779, -15.0, 150.464401245
44.2357903, -15.0, 150.469955444
43.1634026, -15.0, 150.475753784
42.0910149, -15.0, 150.481842041
41.0186234, -15.0, 150.488235474
39.9462357, -15.0, 150.494979858
38.873848, -15.0, 150.502090454
37.8014603, -15.0, 150.509613037
36.7290688, -15.0, 150.517547607
35.6566811, -15.0, 150.5259552
34.5842934, -15.0, 150.534866333
33.5119057, -15.0, 150.544311523
32.439518, -15.0, 150.55430603
31.3671284, -15.0, 150.564910889
30.2947388, -15.0, 150.576141357
29.2223511, -15.0, 150.588027954
28.1499615, -15.0, 150.600601196
27.0775738, -15.0, 150.61390686
26.0051842, -15.0, 150.627944946
24.9327965, -15.0, 150.642745972
23.8604069, -15.0, 150.658294678
22.7880192, -15.0, 150.674621582
21.7156296, -15.0, 150.691680908
20.6432419, -15.0, 150.70942688
19.5708523, -15.0, 150.727828979
18.4984646, -15.0, 150.746765137
17.426075, -15.0, 150.766113281
16.3536873, -15.0, 150.785675049
15.2812977, -15.0, 150.805206299
14.208909, -15.0, 150.824417114
13.1365204, -15.0, 150.842895508
12.0641317, -15.0, 150.860214233
10.9917431, -15.0, 150.875793457
9.91935444, -15.0, 150.889053345
8.84696579, -15.0, 150.899291992
7.77457762, -15.0, 150.905838013
6.70218897, -15.0, 150.908035278
5.62980032, -15.0, 150.90524292
4.55741167, -15.0, 150.897018433
3.48502302, -15.0, 150.883041382
2.41263437, -15.0, 150.863235474
1.34024572, -15.0, 150.837768555
0.267857134, -15.0, 150.807006836
-0.798872173, -15.0, 150.771774292
-1.86560154, -15.0, 150.732635498
-2.93233085, -15.0, 150.690414429
-3.99906015, -15.0, 150.645935059
-5.0657897, -15.0, 150.600006104
-6.13251877, -15.0, 150.553314209
-7.19924831, -15.0, 150.506454468
-8.26597786, -15.0, 150.459884644
-9.33270645, -15.0, 150.413955688
-10.399436, -15.0, 150.368881226
-11.4661655, -15.0, 150.324768066
-12.5328951, -15.0, 150.281677246
-13.5996237, -15.0, 150.239547729
-14.6663532, -15.0, 150.198287964
-15.7330828, -15.0, 150.157806396
-16.7998123, -15.0, 150.117919922
-17.8665409, -15.0, 150.078460693
-18.9332714, -15.0, 150.039215088
98.927803, -16.0, 160.019470215
97.8556061, -16.0, 160.038497925
96.7834091, -16.0, 160.05708313
95.7112122, -16.0, 160.075195312
94.6390152, -16.0, 160.092819214
93.5668182, -16.0, 160.109924316
92.4946213, -16.0, 160.12651062
91.4224243, -16.0, 160.142547607
90.3502274, -16.0, 160.158050537
89.2780304, -16.0, 160.172988892
88.2058334, -16.0, 160.18737793
87.1336441, -16.0, 160.201187134
86.0614471, -16.0, 160.214447021
84.9892502, -16.0, 160.227142334
83.9170532, -16.0, 160.23928833
82.8448563, -16.0, 160.25088501
81.7726593, -16.0, 160.261947632
80.7004623, -16.0, 160.272506714
79.6282654, -16.0, 160.282562256
78.5560684, -16.0, 160.292114258
77.4838715, -16.0, 160.301223755
76.4116745, -16.0, 160.309875488
75.3394775, -16.0, 160.318115234
74.2672806, -16.0, 160.325942993
73.1950836, -16.0, 160.333389282
72.1228867, -16.0, 160.34046936
71.0506897, -16.0, 160.347229004
69.9784927, -16.0, 160.353668213
68.9062958, -16.0, 160.359817505
67.8340988, -16.0, 160.365707397
66.7619019, -16.0, 160.371337891
65.6897049, -16.0, 160.376754761
64.6175079, -16.0, 160.381973267
63.5453148, -16.0, 160.387023926
62.4731178, -16.0, 160.391906738
61.4009209, -16.0, 160.396652222
60.3287239, -16.0, 160.401306152
59.2565269, -16.0, 160.405853271
58.18433, -16.0, 160.410339355
57.1121368, -16.0, 160.414779663
56.0399399, -16.0, 160.419204712
54.9677429, -16.0, 160.423614502
53.895546, -16.0, 160.42805481
52.823349, -16.0, 160.432525635
51.751152, -16.0, 160.437072754
50.6789551, -16.0, 160.441696167
49.6067581, -16.0, 160.446426392
48.5345612, -16.0, 160.451309204
47.4623642, -16.0, 160.456329346
46.3901672, -16.0, 160.461547852
45.3179741, -16.0, 160.466964722
44.2457771, -16.0, 160.472610474
43.1735802, -16.0, 160.478530884
42.1013832, -16.0, 160.484725952
41.0291862, -16.0, 160.491241455
39.9569893, -16.0, 160.498092651
38.8847923, -16.0, 160.505310059
37.8125954, -16.0, 160.512939453
36.7403984, -16.0, 160.520996094
35.6682014, -16.0, 160.529525757
34.5960045, -16.0, 160.538543701
33.5238113, -16.0, 160.548080444
32.4516144, -16.0, 160.558181763
31.3794155, -16.0, 160.568878174
30.3072205, -16.0, 160.580169678
29.2350235, -16.0, 160.59211731
28.1628265, -16.0, 160.604736328
27.0906296, -16.0, 160.618041992
26.0184326, -16.0, 160.632034302
24.9462357, -16.0, 160.646743774
23.8740406, -16.0, 160.662155151
22.8018436, -16.0, 160.678237915
21.7296467, -16.0, 160.694976807
20.6574497, -16.0, 160.712310791
19.5852528, -16.0, 160.730133057
18.5130577, -16.0, 160.74836731
17.4408607, -16.0, 160.766815186
16.3686638, -16.0, 160.785308838
15.2964668, -16.0, 160.803588867
14.2242708, -16.0, 160.82131958
13.1520739, -16.0, 160.838165283
12.0798769, -16.0, 160.853652954
11.0076809, -16.0, 160.86730957
9.93548393, -16.0, 160.878570557
8.86328697, -16.0, 160.886871338
7.79109049, -16.0, 160.891616821
6.718894, -16.0, 160.892288208
5.64669752, -16.0, 160.88835144
4.57450056, -16.0, 160.879486084
3.50230408, -16.0, 160.86541748
2.43010759, -16.0, 160.846130371
1.35791087, -16.0, 160.821731567
0.285714298, -16.0, 160.792572021
-0.781954885, -16.0, 160.759262085
-1.84962404, -16.0, 160.722290039
-2.91729331, -16.0, 160.682342529
-3.98496246, -16.0, 160.640090942
-5.05263138, -16.0, 160.596237183
-6.12030077, -16.0, 160.551391602
-7.18797016, -16.0, 160.506072998
-8.25563908, -16.0, 160.460754395
-9.32330799, -16.0, 160.415740967
-10.3909779, -16.0, 160.371276855
-11.4586468, -16.0, 160.327514648
-12.5263157, -16.0, 160.28453064
-13.5939846, -16.0, 160.24230957
-14.6616545, -16.0, 160.200820923
-15.7293234, -16.0, 160.159957886
-16.7969933, -16.0, 160.119598389
-17.8646622, -16.0, 160.079605103
-18.9323311, -16.0, 160.039794922
98.9279938, -17.0, 170.019378662
97.8559875, -17.0, 170.038330078
96.783989, -17.0, 170.05682373
95.7119827, -17.0, 170.074859619
94.6399765, -17.0, 170.092407227
93.5679703, -17.0, 170.109466553
92.4959641, -17.0, 170.12600708
91.4239655, -17.0, 170.14201355
90.3519592, -17.0, 170.157485962
89.279953, -17.0, 170.172409058
88.2079468, -17.0, 170.186782837
87.1359482, -17.0, 170.200592041
86.063942, -17.0, 170.213867188
84.9919357, -17.0, 170.226577759
83.9199295, -17.0, 170.238754272
82.8479233, -17.0, 170.250396729
81.7759247, -17.0, 170.261505127
80.7039185, -17.0, 170.272109985
79.6319122, -17.0, 170.282211304
78.559906, -17.0, 170.2918396
77.4878998, -17.0, 170.301010132
76.4159012, -17.0, 170.309738159
75.343895, -17.0, 170.31803894
74.2718887, -17.0, 170.325942993
73.1998825, -17.0, 170.333465576
72.1278839, -17.0, 170.340637207
71.0558777, -17.0, 170.347457886
69.9838715, -17.0, 170.353973389
68.9118652, -17.0, 170.360198975
67.839859, -17.0, 170.366165161
66.7678604, -17.0, 170.371871948
65.6958542, -17.0, 170.377365112
64.623848, -17.0, 170.382659912
63.5518417, -17.0, 170.387771606
62.4798393, -17.0, 170.392730713
61.4078331, -17.0, 170.39755249
60.3358307, -17.0, 170.402267456
59.2638245, -17.0, 170.406890869
58.1918221, -17.0, 170.411453247
57.1198158, -17.0, 170.41595459
56.0478096, -17.0, 170.420455933
54.9758072, -17.0, 170.424926758
53.903801, -17.0, 170.429443359
52.8317986, -17.0, 170.433990479
51.7597923, -17.0, 170.438598633
50.6877899, -17.0, 170.44329834
49.6157837, -17.0, 170.448104858
48.5437775, -17.0, 170.453063965
47.4717751, -17.0, 170.4581604
46.3997688, -17.0, 170.4634552
45.3277664, -17.0, 170.468948364
44.2557602, -17.0, 170.474685669
43.183754, -17.0, 170.480667114
42.1117516, -17.0, 170.486953735
41.0397453, -17.0, 170.493545532
39.9677429, -17.0, 170.500488281
38.8957367, -17.0, 170.507797241
37.8237343, -17.0, 170.515518188
36.7517281, -17.0, 170.523666382
35.6797218, -17.0, 170.532272339
34.6077194, -17.0, 170.541366577
33.5357132, -17.0, 170.550994873
32.4637108, -17.0, 170.561157227
31.3917046, -17.0, 170.571914673
30.3197002, -17.0, 170.583267212
29.2476959, -17.0, 170.59526062
28.1756916, -17.0, 170.607894897
27.1036873, -17.0, 170.621185303
26.031683, -17.0, 170.635147095
24.9596767, -17.0, 170.649765015
23.8876724, -17.0, 170.665054321
22.8156681, -17.0, 170.680938721
21.7436638, -17.0, 170.697418213
20.6716595, -17.0, 170.714385986
19.5996552, -17.0, 170.731765747
18.5276489, -17.0, 170.749420166
17.4556446, -17.0, 170.767181396
16.3836403, -17.0, 170.784851074
15.311636, -17.0, 170.802139282
14.2396317, -17.0, 170.818756104
13.1676264, -17.0, 170.834335327
12.0956221, -17.0, 170.848464966
11.0236177, -17.0, 170.860687256
9.95161247, -17.0, 170.870483398
8.87960815, -17.0, 170.877380371
7.80760384, -17.0, 170.880844116
6.73559904, -17.0, 170.88041687
5.66359425, -17.0, 170.875686646
4.59158993, -17.0, 170.866363525
3.51958537, -17.0, 170.852264404
2.44758058, -17.0, 170.833358765
1.37557602, -17.0, 170.809768677
0.303571433, -17.0, 170.78175354
-0.765037596, -17.0, 170.749832153
-1.83364666, -17.0, 170.714431763
-2.90225554, -17.0, 170.676132202
-3.97086477, -17.0, 170.635528564
-5.03947353, -17.0, 170.593215942
-6.10808277, -17.0, 170.549743652
-7.17669153, -17.0, 170.505599976
-8.24530029, -17.0, 170.461227417
-9.31390953, -17.0, 170.416931152
-10.3825188, -17.0, 170.372955322
-11.451128, -17.0, 170.329483032
-12.5197372, -17.0, 170.286605835
-13.5883455, -17.0, 170.244338989
-14.6569548, -17.0, 170.202682495
-15.725564, -17.0, 170.1615448
-16.7941723, -17.0, 170.120849609
-17.8627815, -17.0, 170.080459595
-18.9313908, -17.0, 170.040222168
98.9281845, -18.0, 180.019302368
97.8563766, -18.0, 180.038192749
96.7845612, -18.0, 180.056625366
95.7127533, -18.0, 180.074615479
94.6409378, -18.0, 180.09211731
93.5691223, -18.0, 180.109130859
92.4973145, -18.0, 180.125640869
91.425499, -18.0, 180.141616821
90.3536835, -18.0, 180.157073975
89.2818756, -18.0, 180.171981812
88.2100601, -18.0, 180.186355591
87.1382523, -18.0, 180.200180054
86.0664368, -18.0, 180.2134552
84.9946213, -18.0, 180.22618103
83.9228134, -18.0, 180.238372803
82.8509979, -18.0, 180.250045776
81.7791824, -18.0, 180.261184692
80.7073746, -18.0, 180.271820068
79.6355591, -18.0, 180.281967163
78.5637512, -18.0, 180.291641235
77.4919357, -18.0, 180.300857544
76.4201202, -18.0, 180.309631348
75.3483124, -18.0, 180.317977905
74.2764969, -18.0, 180.325942993
73.2046814, -18.0, 180.333511353
72.1328735, -18.0, 180.34072876
71.061058, -18.0, 180.347610474
69.9892502, -18.0, 180.354187012
68.9174347, -18.0, 180.360473633
67.8456192, -18.0, 180.366485596
66.7738113, -18.0, 180.372253418
65.7019958, -18.0, 180.377792358
64.630188, -18.0, 180.383132935
63.5583725, -18.0, 180.388305664
62.4865608, -18.0, 180.393310547
61.4147453, -18.0, 180.398193359
60.3429337, -18.0, 180.402954102
59.271122, -18.0, 180.407623291
58.1993103, -18.0, 180.412231445
57.1274948, -18.0, 180.416793823
56.0556831, -18.0, 180.421325684
54.9838715, -18.0, 180.425872803
53.9120598, -18.0, 180.430419922
52.8402443, -18.0, 180.435012817
51.7684326, -18.0, 180.439682007
50.6966209, -18.0, 180.444442749
49.6248093, -18.0, 180.449295044
48.5529938, -18.0, 180.454299927
47.4811821, -18.0, 180.459457397
46.4093704, -18.0, 180.464797974
45.3375587, -18.0, 180.470352173
44.2657433, -18.0, 180.476135254
43.1939316, -18.0, 180.482192993
42.1221199, -18.0, 180.488525391
41.0503082, -18.0, 180.495178223
39.9784927, -18.0, 180.502182007
38.9066811, -18.0, 180.509552002
37.8348694, -18.0, 180.517333984
36.7630577, -18.0, 180.525527954
35.691246, -18.0, 180.534194946
34.6194305, -18.0, 180.54335022
33.5476189, -18.0, 180.553024292
32.4758072, -18.0, 180.563247681
31.4039936, -18.0, 180.574050903
30.3321819, -18.0, 180.58543396
29.2603683, -18.0, 180.597442627
28.1885567, -18.0, 180.610092163
27.1167431, -18.0, 180.62336731
26.0449314, -18.0, 180.637298584
24.9731178, -18.0, 180.651855469
23.9013062, -18.0, 180.667022705
22.8294926, -18.0, 180.682769775
21.7576809, -18.0, 180.699050903
20.6858673, -18.0, 180.715759277
19.6140556, -18.0, 180.732818604
18.5422421, -18.0, 180.750061035
17.4704304, -18.0, 180.767318726
16.3986168, -18.0, 180.784378052
15.3268051, -18.0, 180.800979614
14.2549925, -18.0, 180.816818237
13.1831799, -18.0, 180.83152771
12.1113672, -18.0, 180.844711304
11.0395546, -18.0, 180.855941772
9.96774197, -18.0, 180.864761353
8.89592934, -18.0, 180.870697021
7.82411671, -18.0, 180.873291016
6.75230408, -18.0, 180.872146606
5.68049145, -18.0, 180.866912842
4.60867882, -18.0, 180.857315063
3.53686643, -18.0, 180.843215942
2.4650538, -18.0, 180.824584961
1.39324117, -18.0, 180.801528931
0.321428567, -18.0, 180.774307251
-0.748120308, -18.0, 180.743331909
-1.81766915, -18.0, 180.709014893
-2.887218, -18.0, 180.671829224
-3.95676684, -18.0, 180.632339478
-5.02631569, -18.0, 180.591079712
-6.09586477, -18.0, 180.548568726
-7.16541338, -18.0, 180.505249023
-8.23496246, -18.0, 180.461517334
-9.30451107, -18.0, 180.417724609
-10.3740597, -18.0, 180.37411499
-11.4436092, -18.0, 180.330856323
-12.5131578, -18.0, 180.28805542
-13.5827065, -18.0, 180.245758057
-14.652256, -18.0, 180.203979492
-15.7218046, -18.0, 180.162658691
-16.7913532, -18.0, 180.12171936
-17.8609028, -18.0, 180.081054688
-18.9304504, -18.0, 180.040527344
98.9283829, -19.0, 190.019256592
97.8567581, -19.0, 190.038101196
96.785141, -19.0, 190.056503296
95.7135162, -19.0, 190.074462891
94.6418991, -19.0, 190.091949463
93.5702744, -19.0, 190.108932495
92.4986572, -19.0, 190.125411987
91.4270325, -19.0, 190.141387939
90.3554153, -19.0, 190.156814575
89.2837906, -19.0, 190.171722412
88.2121735, -19.0, 190.186080933
87.1405563, -19.0, 190.199905396
86.0689316, -19.0, 190.213180542
84.9973145, -19.0, 190.225921631
83.9256897, -19.0, 190.238128662
82.8540726, -19.0, 190.249816895
81.7824478, -19.0, 190.260986328
80.7108307, -19.0, 190.271636963
79.6392059, -19.0, 190.281814575
78.5675888, -19.0, 190.291519165
77.4959641, -19.0, 190.300750732
76.4243469, -19.0, 190.309555054
75.3527298, -19.0, 190.317932129
74.281105, -19.0, 190.325927734
73.2094879, -19.0, 190.333526611
72.1378632, -19.0, 190.340774536
71.066246, -19.0, 190.347702026
69.9946213, -19.0, 190.354293823
68.9230042, -19.0, 190.360610962
67.8513794, -19.0, 190.366653442
66.7797623, -19.0, 190.372451782
65.7081375, -19.0, 190.378036499
64.6365204, -19.0, 190.383407593
63.5648994, -19.0, 190.38861084
62.4932785, -19.0, 190.39364624
61.4216576, -19.0, 190.39855957
60.3500366, -19.0, 190.40335083
59.2784195, -19.0, 190.408050537
58.2067986, -19.0, 190.412689209
57.1351776, -19.0, 190.417282104
56.0635567, -19.0, 190.421844482
54.9919357, -19.0, 190.42640686
53.9203148, -19.0, 190.430999756
52.8486938, -19.0, 190.435623169
51.7770729, -19.0, 190.440322876
50.705452, -19.0, 190.445098877
49.633831, -19.0, 190.449996948
48.5622101, -19.0, 190.455032349
47.490593, -19.0, 190.460220337
46.418972, -19.0, 190.465591431
45.3473511, -19.0, 190.471176147
44.2757301, -19.0, 190.476989746
43.2041092, -19.0, 190.483078003
42.1324883, -19.0, 190.489440918
41.0608673, -19.0, 190.496139526
39.9892464, -19.0, 190.503173828
38.9176254, -19.0, 190.510574341
37.8460045, -19.0, 190.518386841
36.7743874, -19.0, 190.526626587
35.7027664, -19.0, 190.535324097
34.6311455, -19.0, 190.544509888
33.5595245, -19.0, 190.554214478
32.4879036, -19.0, 190.564453125
31.4162827, -19.0, 190.575271606
30.3446617, -19.0, 190.586685181
29.2730408, -19.0, 190.598693848
28.2014217, -19.0, 190.611328125
27.1298008, -19.0, 190.624603271
26.0581799, -19.0, 190.638504028
24.9865589, -19.0, 190.653015137
23.914938, -19.0, 190.668121338
22.843317, -19.0, 190.683776855
21.771698, -19.0, 190.699920654
20.7000771, -19.0, 190.71647644
19.6284561, -19.0, 190.733322144
18.5568352, -19.0, 190.750320435
17.4852142, -19.0, 190.767272949
16.4135952, -19.0, 190.783981323
15.3419743, -19.0, 190.800186157
14.2703533, -19.0, 190.815551758
13.1987324, -19.0, 190.829742432
12.1271124, -19.0, 190.842391968
11.0554914, -19.0, 190.853057861
9.98387051, -19.0, 190.861312866
8.91225052, -19.0, 190.866699219
7.84062958, -19.0, 190.868835449
6.76900911, -19.0, 190.867294312
5.69738865, -19.0, 190.861785889
4.62576818, -19.0, 190.852050781
3.55414748, -19.0, 190.837982178
2.48252678, -19.0, 190.819534302
1.41090631, -19.0, 190.796844482
0.339285702, -19.0, 190.770095825
-0.73120302, -19.0, 190.739685059
-1.80169177, -19.0, 190.705978394
-2.87218046, -19.0, 190.669448853
-3.94266915, -19.0, 190.630615234
-5.01315784, -19.0, 190.58996582
-6.08364677, -19.0, 190.547988892
-7.15413523, -19.0, 190.505142212
-8.22462368, -19.0, 190.461807251
-9.29511261, -19.0, 190.418304443
-10.3656015, -19.0, 190.374893188
-11.4360905, -19.0, 190.331741333
-12.5065794, -19.0, 190.288970947
-13.5770674, -19.0, 190.246658325
-14.6475563, -19.0, 190.204803467
-15.7180452, -19.0, 190.163360596
-16.7885342, -19.0, 190.122253418
-17.8590221, -19.0, 190.081420898
-18.929512, -19.0, 190.04069519
2.01703215, 0.800000012, -0.318808913231
3.08206463, 0.800000012, -3.02631449699
4.14709663, 0.800000012, -4.75282335281
5.21212912, 0.800000012, -5.82561731339
6.27716112, 0.800000012, -6.47245407104
7.3421936, 0.800000012, -6.85582447052
8.40722561, 0.800000012, -7.08401203156
9.47225761, 0.800000012, -7.22463607788
10.5372906, 0.800000012, -7.31615686417
11.6023226, 0.800000012, -7.37923383713
12.6673546, 0.800000012, -7.42491912842
13.7323875, 0.800000012, -7.45937204361
14.7974195, 0.800000012, -7.48623991013
15.8624516, 0.800000012, -7.50779104233
16.9274845, 0.800000012, -7.5254907608
17.9925156, 0.800000012, -7.54032945633
19.0575485, 0.800000012, -7.55300045013
20.1225815, 0.800000012, -7.56399059296
21.1876125, 0.800000012, -7.57363843918
22.2526455, 0.800000012, -7.58218383789
23.3176765, 0.800000012, -7.589802742
24.3827095, 0.800000012, -7.59663009644
25.4477425, 0.800000012, -7.60276842117
26.5127735, 0.800000012, -7.60829925537
27.5778065, 0.800000012, -7.61328840256
28.6428394, 0.800000012, -7.61778926849
29.7078705, 0.800000012, -7.62184810638
30.7729034, 0.800000012, -7.62550449371
31.8379364, 0.800000012, -7.6287946701
32.9029694, 0.800000012, -7.63175058365
33.9679985, 0.800000012, -7.63440275192
35.0330315, 0.800000012, -7.63677930832
36.0980644, 0.800000012, -7.63890695572
37.1630974, 0.800000012, -7.64081001282
38.2281303, 0.800000012, -7.64251279831
39.2931595, 0.800000012, -7.64403629303
40.3581924, 0.800000012, -7.64540052414
41.4232254, 0.800000012, -7.64662456512
42.4882584, 0.800000012, -7.64772462845
43.5532913, 0.800000012, -7.6487159729
44.6183243, 0.800000012, -7.64961290359
45.6833534, 0.800000012, -7.65042734146
46.7483864, 0.800000012, -7.65117120743
47.8134193, 0.800000012, -7.65185451508
48.8784523, 0.800000012, -7.65248680115
49.9434853, 0.800000012, -7.65307664871
51.0085144, 0.800000012, -7.653632164
52.0735474, 0.800000012, -7.65416049957
53.1385803, 0.800000012, -7.65466880798
54.2036133, 0.800000012, -7.65516471863
55.2686462, 0.800000012, -7.65565443039
56.3336792, 0.800000012, -7.65614461899
57.3987083, 0.800000012, -7.65664196014
58.4637413, 0.800000012, -7.65715312958
59.5287743, 0.800000012, -7.65768623352
60.5938072, 0.800000012, -7.65824842453
61.6588402, 0.800000012, -7.65884828568
62.7238693, 0.800000012, -7.65949487686
63.7889023, 0.800000012, -7.66019821167
64.8539352, 0.800000012, -7.66096973419
65.9189682, 0.800000012, -7.66182184219
66.9840012, 0.800000012, -7.66276979446
68.0490341, 0.800000012, -7.66382932663
69.1140671, 0.800000012, -7.66501903534
70.1791, 0.800000012, -7.6663608551
71.2441254, 0.800000012, -7.66787910461
72.3091583, 0.800000012, -7.66960191727
73.3741913, 0.800000012, -7.67156124115
74.4392242, 0.800000012, -7.6737947464
75.5042572, 0.800000012, -7.67634344101
76.5692902, 0.800000012, -7.67925596237
77.6343231, 0.800000012, -7.68258666992
78.6993561, 0.800000012, -7.68639850616
79.764389, 0.800000012, -7.690762043
80.829422, 0.800000012, -7.69575548172
81.894455, 0.800000012, -7.70146751404
82.9594803, 0.800000012, -7.70799446106
84.0245132, 0.800000012, -7.71544265747
85.0895462, 0.800000012, -7.72392749786
86.1545792, 0.800000012, -7.73357105255
87.2196121, 0.800000012, -7.74450063705
88.2846451, 0.800000012, -7.75684309006
89.349678, 0.800000012, -7.77072048187
90.414711, 0.800000012, -7.78624248505
91.479744, 0.800000012, -7.80349874496
92.5447769, 0.800000012, -7.82255077362
93.6098099, 0.800000012, -7.84341955185
94.6748352, 0.800000012, -7.86607170105
95.7398682, 0.800000012, -7.89040708542
96.8049011, 0.800000012, -7.91624736786
97.8699341, 0.800000012, -7.94333791733
98.934967, 0.800000012, -7.97136735916
2.95879579, 1.60000002, -8.44033241272
4.01359129, 1.60000002, -11.2467060089
5.06838703, 1.60000002, -12.9078407288
6.12318277, 1.60000002, -13.8620615005
7.17797852, 1.60000002, -14.4036493301
8.23277378, 1.60000002, -14.7092990875
9.28757, 1.60000002, -14.8889827728
10.3423653, 1.60000002, -15.0026626587
11.3971615, 1.60000002, -15.0802993774
12.4519567, 1.60000002, -15.1366672516
13.506753, 1.60000002, -15.1795053482
14.5615482, 1.60000002, -15.2132740021
15.6163445, 1.60000002, -15.2406892776
16.6711407, 1.60000002, -15.263461113
17.725935, 1.60000002, -15.2827529907
18.7807312, 1.60000002, -15.299413681
19.8355274, 1.60000002, -15.3140554428
20.8903217, 1.60000002, -15.3270769119
21.945118, 1.60000002, -15.3387317657
22.9999142, 1.60000002, -15.3492069244
24.0547104, 1.60000002, -15.3586530685
25.1095047, 1.60000002, -15.3671865463
26.1643009, 1.60000002, -15.3749017715
27.2190971, 1.60000002, -15.3818769455
28.2738934, 1.60000002, -15.3881759644
29.3286877, 1.60000002, -15.3938531876
30.3834839, 1.60000002, -15.3989591599
31.4382801, 1.60000002, -15.4035377502
32.4930763, 1.60000002, -15.4076337814
33.5478706, 1.60000002, -15.4112873077
34.6026649, 1.60000002, -15.4145374298
35.6574631, 1.60000002, -15.4174222946
36.7122574, 1.60000002, -15.4199781418
37.7670555, 1.60000002, -15.4222383499
38.8218498, 1.60000002, -15.4242362976
39.8766441, 1.60000002, -15.4260005951
40.9314423, 1.60000002, -15.4275588989
41.9862366, 1.60000002, -15.428937912
43.0410309, 1.60000002, -15.4301586151
44.095829, 1.60000002, -15.4312429428
45.1506233, 1.60000002, -15.4322080612
46.2054176, 1.60000002, -15.4330720901
47.2602158, 1.60000002, -15.4338502884
48.3150101, 1.60000002, -15.4345550537
49.3698082, 1.60000002, -15.4351997375
50.4246025, 1.60000002, -15.4357948303
51.4793968, 1.60000002, -15.4363517761
52.5341949, 1.60000002, -15.436879158
53.5889893, 1.60000002, -15.4373884201
54.6437836, 1.60000002, -15.4378862381
55.6985817, 1.60000002, -15.4383821487
56.753376, 1.60000002, -15.4388866425
57.8081703, 1.60000002, -15.4394073486
58.8629684, 1.60000002, -15.439953804
59.9177628, 1.60000002, -15.4405374527
60.9725609, 1.60000002, -15.4411687851
62.0273552, 1.60000002, -15.4418592453
63.0821495, 1.60000002, -15.4426231384
64.1369476, 1.60000002, -15.4434757233
65.1917419, 1.60000002, -15.4444332123
66.2465363, 1.60000002, -15.4455165863
67.3013306, 1.60000002, -15.4467468262
68.3561325, 1.60000002, -15.4481506348
69.4109268, 1.60000002, -15.449757576
70.4657211, 1.60000002, -15.4516019821
71.5205154, 1.60000002, -15.4537239075
72.5753098, 1.60000002, -15.4561691284
73.6301041, 1.60000002, -15.4589881897
74.684906, 1.60000002, -15.4622430801
75.7397003, 1.60000002, -15.4660005569
76.7944946, 1.60000002, -15.4703416824
77.8492889, 1.60000002, -15.4753580093
78.9040833, 1.60000002, -15.4811544418
79.9588852, 1.60000002, -15.4878501892
81.0136795, 1.60000002, -15.4955806732
82.0684738, 1.60000002, -15.5044956207
83.1232681, 1.60000002, -15.5147638321
84.1780624, 1.60000002, -15.5265674591
85.2328568, 1.60000002, -15.5401105881
86.2876587, 1.60000002, -15.5556077957
87.342453, 1.60000002, -15.5732841492
88.3972473, 1.60000002, -15.5933666229
89.4520416, 1.60000002, -15.6160745621
90.5068359, 1.60000002, -15.6416025162
91.5616379, 1.60000002, -15.6701164246
92.6164322, 1.60000002, -15.7017316818
93.6712265, 1.60000002, -15.7364988327
94.7260208, 1.60000002, -15.7743854523
95.7808151, 1.60000002, -15.8152360916
96.8356094, 1.60000002, -15.858751297
97.8904114, 1.60000002, -15.9044656754
98.9452057, 1.60000002, -15.9517774582
3.90055919, 2.4000001, -16.210111618
4.94511843, 2.4000001, -18.8544788361
5.98967743, 2.4000001, -20.3434333801
7.03423643, 2.4000001, -21.2088851929
8.07879543, 2.4000001, -21.6921863556
9.12335491, 2.4000001, -21.9736385345
10.1679144, 2.4000001, -22.152507782
11.2124729, 2.4000001, -22.276550293
12.2570324, 2.4000001, -22.3681240082
13.3015919, 2.4000001, -22.4387836456
14.3461504, 2.4000001, -22.4952793121
15.3907099, 2.4000001, -22.5417785645
16.4352684, 2.4000001, -22.5808086395
17.4798279, 2.4000001, -22.6141109467
18.5243874, 2.4000001, -22.6430969238
19.5689468, 2.4000001, -22.6688976288
20.6135063, 2.4000001, -22.6921901703
21.6580639, 2.4000001, -22.7132415771
22.7026234, 2.4000001, -22.7322692871
23.7471828, 2.4000001, -22.7494869232
24.7917423, 2.4000001, -22.765083313
25.8363018, 2.4000001, -22.7792110443
26.8808594, 2.4000001, -22.7919979095
27.9254189, 2.4000001, -22.8035564423
28.9699783, 2.4000001, -22.8139781952
30.0145378, 2.4000001, -22.823348999
31.0590973, 2.4000001, -22.8317489624
32.1036568, 2.4000001, -22.8392505646
33.1482162, 2.4000001, -22.8459320068
34.1927757, 2.4000001, -22.8518619537
35.2373352, 2.4000001, -22.8571109772
36.2818909, 2.4000001, -22.861743927
37.3264503, 2.4000001, -22.8658275604
38.3710098, 2.4000001, -22.8694171906
39.4155693, 2.4000001, -22.8725738525
40.4601288, 2.4000001, -22.8753433228
41.5046883, 2.4000001, -22.8777770996
42.5492477, 2.4000001, -22.8799152374
43.5938072, 2.4000001, -22.8817996979
44.6383667, 2.4000001, -22.8834609985
45.6829262, 2.4000001, -22.8849334717
46.7274857, 2.4000001, -22.8862438202
47.7720413, 2.4000001, -22.8874187469
48.8166008, 2.4000001, -22.8884792328
49.8611603, 2.4000001, -22.8894462585
50.9057198, 2.4000001, -22.8903408051
51.9502792, 2.4000001, -22.8911781311
52.9948387, 2.4000001, -22.8919773102
54.0393982, 2.4000001, -22.8927516937
55.0839577, 2.4000001, -22.8935203552
56.1285172, 2.4000001, -22.8942947388
57.1730766, 2.4000001, -22.8950939178
58.2176361, 2.4000001, -22.8959331512
59.2621918, 2.4000001, -22.8968276978
60.3067513, 2.4000001, -22.8978004456
61.3513107, 2.4000001, -22.8988685608
62.3958702, 2.4000001, -22.9000549316
63.4404297, 2.4000001, -22.901386261
64.484993, 2.4000001, -22.9028911591
65.5295486, 2.4000001, -22.9046020508
66.5741043, 2.4000001, -22.9065551758
67.6186676, 2.4000001, -22.9087963104
68.6632233, 2.4000001, -22.9113750458
69.7077866, 2.4000001, -22.9143505096
70.7523422, 2.4000001, -22.9177894592
71.7969055, 2.4000001, -22.9217681885
72.8414612, 2.4000001, -22.9263782501
73.8860245, 2.4000001, -22.9317188263
74.9305801, 2.4000001, -22.9379062653
75.9751434, 2.4000001, -22.9450778961
77.0196991, 2.4000001, -22.9533863068
78.0642548, 2.4000001, -22.9630146027
79.1088181, 2.4000001, -22.9741706848
80.1533737, 2.4000001, -22.9870910645
81.197937, 2.4000001, -23.0020465851
82.2424927, 2.4000001, -23.0193386078
83.287056, 2.4000001, -23.0393028259
84.3316116, 2.4000001, -23.0623092651
85.3761749, 2.4000001, -23.088766098
86.4207306, 2.4000001, -23.1191101074
87.4652939, 2.4000001, -23.1537952423
88.5098495, 2.4000001, -23.1932868958
89.5544052, 2.4000001, -23.2380256653
90.5989685, 2.4000001, -23.2884140015
91.6435242, 2.4000001, -23.3447685242
92.6880875, 2.4000001, -23.4073085785
93.7326431, 2.4000001, -23.4761314392
94.7772064, 2.4000001, -23.5511932373
95.8217621, 2.4000001, -23.6322383881
96.8663254, 2.4000001, -23.7187213898
97.910881, 2.4000001, -23.8097267151
98.9554443, 2.4000001, -23.9039897919
4.84232235, 3.20000005, -23.3130531311
5.87664509, 3.20000005, -25.7709922791
6.91096783, 3.20000005, -27.1382331848
7.94529009, 3.20000005, -27.8879528046
8.9796133, 3.20000005, -28.3241558075
10.0139351, 3.20000005, -28.6067218781
11.0482578, 3.20000005, -28.8079395294
12.0825806, 3.20000005, -28.9589614868
13.1169033, 3.20000005, -29.0768852234
14.151226, 3.20000005, -29.1719913483
15.1855488, 3.20000005, -29.250831604
16.2198715, 3.20000005, -29.3174648285
17.2541943, 3.20000005, -29.3745250702
18.288517, 3.20000005, -29.4243965149
19.3228378, 3.20000005, -29.4695301056
20.3571606, 3.20000005, -29.5114574432
21.3914833, 3.20000005, -29.5499916077
22.425806, 3.20000005, -29.5850410461
23.4601288, 3.20000005, -29.6168422699
24.4944515, 3.20000005, -29.6456871033
25.5287743, 3.20000005, -29.6718406677
26.563097, 3.20000005, -29.6955223083
27.5974197, 3.20000005, -29.7169303894
28.6317425, 3.20000005, -29.7362384796
29.6660652, 3.20000005, -29.7535991669
30.700388, 3.20000005, -29.769159317
31.7347088, 3.20000005, -29.7830581665
32.7690315, 3.20000005, -29.7954292297
33.8033562, 3.20000005, -29.8064079285
34.837677, 3.20000005, -29.8161220551
35.8720016, 3.20000005, -29.8246936798
36.9063225, 3.20000005, -29.832239151
37.9406433, 3.20000005, -29.8388710022
38.974968, 3.20000005, -29.8446922302
40.0092888, 3.20000005, -29.8497943878
41.0436134, 3.20000005, -29.8542690277
42.0779343, 3.20000005, -29.8581943512
43.1122589, 3.20000005, -29.8616409302
44.1465797, 3.20000005, -29.8646717072
45.1809044, 3.20000005, -29.8673477173
46.2152252, 3.20000005, -29.869720459
47.2495499, 3.20000005, -29.8718338013
48.2838707, 3.20000005, -29.8737316132
49.3181953, 3.20000005, -29.8754501343
50.3525162, 3.20000005, -29.8770275116
51.386837, 3.20000005, -29.878490448
52.4211617, 3.20000005, -29.8798751831
53.4554825, 3.20000005, -29.8812046051
54.4898071, 3.20000005, -29.8825092316
55.524128, 3.20000005, -29.883813858
56.5584526, 3.20000005, -29.8851490021
57.5927734, 3.20000005, -29.8865394592
58.6270981, 3.20000005, -29.8880157471
59.6614189, 3.20000005, -29.8896083832
60.6957436, 3.20000005, -29.8913536072
61.7300644, 3.20000005, -29.8932857513
62.7643852, 3.20000005, -29.8954486847
63.7987099, 3.20000005, -29.8978900909
64.8330307, 3.20000005, -29.9006633759
65.8673553, 3.20000005, -29.9038276672
66.90168, 3.20000005, -29.907459259
67.935997, 3.20000005, -29.9116363525
68.9703217, 3.20000005, -29.9164581299
70.0046463, 3.20000005, -29.9220371246
71.0389709, 3.20000005, -29.9285011292
72.073288, 3.20000005, -29.9359951019
73.1076126, 3.20000005, -29.9446907043
74.1419373, 3.20000005, -29.9547767639
75.1762543, 3.20000005, -29.9664707184
76.2105789, 3.20000005, -29.9800300598
77.2449036, 3.20000005, -29.9957466125
78.2792282, 3.20000005, -30.0139694214
79.3135452, 3.20000005, -30.0350875854
80.3478699, 3.20000005, -30.0595588684
81.3821945, 3.20000005, -30.0879020691
82.4165192, 3.20000005, -30.1207008362
83.4508362, 3.20000005, -30.1586074829
84.4851608, 3.20000005, -30.2023410797
85.5194855, 3.20000005, -30.2526760101
86.5538101, 3.20000005, -30.3104457855
87.5881271, 3.20000005, -30.3765411377
88.6224518, 3.20000005, -30.4518814087
89.6567764, 3.20000005, -30.5373706818
90.6910934, 3.20000005, -30.6338043213
91.7254181, 3.20000005, -30.7417888641
92.7597427, 3.20000005, -30.8616790771
93.7940674, 3.20000005, -30.9935836792
94.8283844, 3.20000005, -31.1373882294
95.862709, 3.20000005, -31.2926979065
96.8970337, 3.20000005, -31.4586372375
97.9313583, 3.20000005, -31.6335773468
98.9656754, 3.20000005, -31.8150558472
5.78408623, 4.0, -29.7894363403
6.80817223, 4.0, -31.8539962769
7.83225822, 4.0, -32.957447052
8.85634422, 4.0, -33.5963478088
9.88043022, 4.0, -34.0225830078
10.9045162, 4.0, -34.3390846252
11.9286022, 4.0, -34.5780601501
12.9526882, 4.0, -34.7651748657
13.9767742, 4.0, -34.9151382446
15.0008602, 4.0, -35.0359039307
16.0249462, 4.0, -35.1371994019
17.0490322, 4.0, -35.2238044739
18.0731182, 4.0, -35.2995109558
19.0972042, 4.0, -35.3692436218
20.1212902, 4.0, -35.438129425
21.1453762, 4.0, -35.5057945251
22.1694622, 4.0, -35.5682792664
23.1935482, 4.0, -35.6252250671
24.2176342, 4.0, -35.6769485474
25.2417202, 4.0, -35.7238502502
26.2658062, 4.0, -35.7662887573
27.2898922, 4.0, -35.8046073914
28.3139782, 4.0, -35.8391265869
29.3380642, 4.0, -35.8701438904
30.3621502, 4.0, -35.8979377747
31.3862362, 4.0, -35.9227561951
32.4103241, 4.0, -35.9448471069
33.4344101, 4.0, -35.9644470215
34.4584961, 4.0, -35.9817810059
35.4825821, 4.0, -35.9970703125
36.5066681, 4.0, -36.0105247498
37.5307541, 4.0, -36.0223464966
38.5548401, 4.0, -36.0327148438
39.5789261, 4.0, -36.0418052673
40.6030121, 4.0, -36.0497665405
41.6270981, 4.0, -36.0567436218
42.6511841, 4.0, -36.0628662109
43.6752701, 4.0, -36.0682411194
44.6993561, 4.0, -36.0729789734
45.7234421, 4.0, -36.0771636963
46.7475281, 4.0, -36.0808830261
47.7716141, 4.0, -36.0842056274
48.7957001, 4.0, -36.0872039795
49.8197861, 4.0, -36.0899353027
50.8438721, 4.0, -36.0924568176
51.8679581, 4.0, -36.0948181152
52.8920441, 4.0, -36.0970649719
53.9161301, 4.0, -36.0992507935
54.9402161, 4.0, -36.1014137268
55.9643021, 4.0, -36.103603363
56.9883881, 4.0, -36.1058654785
58.0124741, 4.0, -36.1082458496
59.0365601, 4.0, -36.1107978821
60.0606461, 4.0, -36.113571167
61.0847321, 4.0, -36.1166267395
62.1088181, 4.0, -36.1200332642
63.1329041, 4.0, -36.1238670349
64.1569901, 4.0, -36.1282081604
65.181076, 4.0, -36.1331520081
66.205162, 4.0, -36.1388168335
67.229248, 4.0, -36.1453285217
68.253334, 4.0, -36.1528396606
69.27742, 4.0, -36.1615257263
70.301506, 4.0, -36.1715927124
71.325592, 4.0, -36.1832771301
72.349678, 4.0, -36.1968345642
73.373764, 4.0, -36.2125778198
74.39785, 4.0, -36.230846405
75.421936, 4.0, -36.2520332336
76.446022, 4.0, -36.2766036987
77.470108, 4.0, -36.3050918579
78.494194, 4.0, -36.3381118774
79.51828, 4.0, -36.3763999939
80.542366, 4.0, -36.4207954407
81.566452, 4.0, -36.4722747803
82.590538, 4.0, -36.5319595337
83.614624, 4.0, -36.6010818481
84.63871, 4.0, -36.6809463501
85.662796, 4.0, -36.7729225159
86.686882, 4.0, -36.8784866333
87.710968, 4.0, -36.9992713928
88.735054, 4.0, -37.1370887756
89.75914, 4.0, -37.2938232422
90.783226, 4.0, -37.4711990356
91.807312, 4.0, -37.6704597473
92.831398, 4.0, -37.8921356201
93.855484, 4.0, -38.1361045837
94.87957, 4.0, -38.4018287659
95.903656, 4.0, -38.688583374
96.927742, 4.0, -38.9951858521
97.951828, 4.0, -39.3191795349
98.975914, 4.0, -39.6561317444
6.72584963, 4.80000019, -35.0097541809
7.73969889, 4.80000019, -36.5482940674
8.75354862, 4.80000019, -37.4143562317
9.76739788, 4.80000019, -38.0197067261
10.7812471, 4.80000019, -38.5196266174
11.7950964, 4.80000019, -38.8990592957
12.8089466, 4.80000019, -39.1945037842
13.8227959, 4.80000019, -39.4280319214
14.8366451, 4.80000019, -39.5831604004
15.8504944, 4.80000019, -39.7029533386
16.8643436, 4.80000019, -39.8026771545
17.8781929, 4.80000019, -39.8889541626
18.8920422, 4.80000019, -39.9690208435
19.9058933, 4.80000019, -40.0083808899
20.9197426, 4.80000019, -40.1141395569
21.9335918, 4.80000019, -40.2197685242
22.9474411, 4.80000019, -40.3173027039
23.9612904, 4.80000019, -40.4061355591
24.9751396, 4.80000019, -40.4866371155
25.9889889, 4.80000019, -40.5593109131
27.0028381, 4.80000019, -40.6246986389
28.0166874, 4.80000019, -40.683391571
29.0305386, 4.80000019, -40.7360115051
30.0443878, 4.80000019, -40.7831344604
31.0582371, 4.80000019, -40.8252372742
32.0720863, 4.80000019, -40.862739563
33.0859337, 4.80000019, -40.8960151672
34.0997849, 4.80000019, -40.9254302979
35.113636, 4.80000019, -40.9513549805
36.1274834, 4.80000019, -40.9741439819
37.1413345, 4.80000019, -40.994140625
38.1551819, 4.80000019, -41.0116615295
39.1690331, 4.80000019, -41.0270004272
40.1828804, 4.80000019, -41.0404243469
41.1967316, 4.80000019, -41.0521736145
42.2105789, 4.80000019, -41.0624656677
43.2244301, 4.80000019, -41.0714950562
44.2382813, 4.80000019, -41.0794296265
45.2521286, 4.80000019, -41.0864295959
46.2659798, 4.80000019, -41.092628479
47.2798271, 4.80000019, -41.0981521606
48.2936783, 4.80000019, -41.1031112671
49.3075256, 4.80000019, -41.1076011658
50.3213768, 4.80000019, -41.1117210388
51.3352242, 4.80000019, -41.1155471802
52.3490753, 4.80000019, -41.1191635132
53.3629265, 4.80000019, -41.1226425171
54.3767738, 4.80000019, -41.1260566711
55.390625, 4.80000019, -41.1294784546
56.4044724, 4.80000019, -41.132976532
57.4183235, 4.80000019, -41.1366233826
58.4321709, 4.80000019, -41.140499115
59.446022, 4.80000019, -41.1446876526
60.4598694, 4.80000019, -41.1492805481
61.4737206, 4.80000019, -41.1543693542
62.4875717, 4.80000019, -41.1600761414
63.5014191, 4.80000019, -41.1665229797
64.5152664, 4.80000019, -41.1738510132
65.5291214, 4.80000019, -41.1822357178
66.5429688, 4.80000019, -41.1918678284
67.5568161, 4.80000019, -41.2029685974
68.5706635, 4.80000019, -41.2158050537
69.5845184, 4.80000019, -41.2306671143
70.5983658, 4.80000019, -41.2478866577
71.6122131, 4.80000019, -41.2678527832
72.6260681, 4.80000019, -41.2910003662
73.6399155, 4.80000019, -41.3178443909
74.6537628, 4.80000019, -41.3489875793
75.6676102, 4.80000019, -41.3851165771
76.6814651, 4.80000019, -41.4270324707
77.6953125, 4.80000019, -41.4756469727
78.7091599, 4.80000019, -41.5320701599
79.7230072, 4.80000019, -41.5976142883
80.7368622, 4.80000019, -41.6738853455
81.7507095, 4.80000019, -41.7627677917
82.7645569, 4.80000019, -41.8664321899
83.7784119, 4.80000019, -41.9871368408
84.7922592, 4.80000019, -42.1270599365
85.8061066, 4.80000019, -42.2882766724
86.8199539, 4.80000019, -42.4729766846
87.8338089, 4.80000019, -42.6837463379
88.8476563, 4.80000019, -42.9237785339
89.8615036, 4.80000019, -43.1970443726
90.8753586, 4.80000019, -43.5078659058
91.8892059, 4.80000019, -43.859588623
92.9030533, 4.80000019, -44.2532310486
93.9169006, 4.80000019, -44.6875534058
94.9307556, 4.80000019, -45.1603507996
95.944603, 4.80000019, -45.668926239
96.9584503, 4.80000019, -46.2118034363
97.9722977, 4.80000019, -46.7867355347
98.9861526, 4.80000019, -47.3866882324
7.66761303, 5.5999999, -38.4617881775
8.67122555, 5.5999999, -39.496181488
9.67483902, 5.5999999, -40.2029724121
10.6784515, 5.5999999, -41.0398597717
11.6820641, 5.5999999, -41.7684402466
12.6856775, 5.5999999, -42.3579139709
13.68929, 5.5999999, -42.8260345459
14.6929035, 5.5999999, -43.1905860901
15.696516, 5.5999999, -43.4801673889
16.7001286, 5.5999999, -43.7184295654
17.7037411, 5.5999999, -43.9208946228
18.7073555, 5.5999999, -44.0998535156
19.710968, 5.5999999, -44.2625312805
20.7145805, 5.5999999, -44.4236488342
21.7181931, 5.5999999, -44.57787323
22.7218056, 5.5999999, -44.7198410034
23.72542, 5.5999999, -44.8492050171
24.7290325, 5.5999999, -44.966468811
25.732645, 5.5999999, -45.0722618103
26.7362576, 5.5999999, -45.1672859192
27.7398701, 5.5999999, -45.2523994446
28.7434845, 5.5999999, -45.3286094666
29.747097, 5.5999999, -45.3968658447
30.7507095, 5.5999999, -45.4579658508
31.7543221, 5.5999999, -45.5125083923
32.7579346, 5.5999999, -45.5609931946
33.7615471, 5.5999999, -45.60389328
34.7651596, 5.5999999, -45.6417045593
35.7687759, 5.5999999, -45.6749382019
36.7723885, 5.5999999, -45.7040901184
37.776001, 5.5999999, -45.7296257019
38.7796135, 5.5999999, -45.7519721985
39.783226, 5.5999999, -45.771522522
40.7868385, 5.5999999, -45.7886276245
41.790451, 5.5999999, -45.8036003113
42.7940636, 5.5999999, -45.8167266846
43.7976761, 5.5999999, -45.828250885
44.8012886, 5.5999999, -45.8384017944
45.8049049, 5.5999999, -45.8473739624
46.8085175, 5.5999999, -45.8553504944
47.81213, 5.5999999, -45.8624801636
48.8157425, 5.5999999, -45.8689155579
49.819355, 5.5999999, -45.8747825623
50.8229675, 5.5999999, -45.8801956177
51.82658, 5.5999999, -45.8852729797
52.8301926, 5.5999999, -45.8901100159
53.8338051, 5.5999999, -45.8948097229
54.8374176, 5.5999999, -45.899471283
55.8410339, 5.5999999, -45.9041900635
56.8446465, 5.5999999, -45.9090614319
57.848259, 5.5999999, -45.914188385
58.8518715, 5.5999999, -45.9196815491
59.855484, 5.5999999, -45.925655365
60.8590965, 5.5999999, -45.9322395325
61.862709, 5.5999999, -45.93957901
62.8663216, 5.5999999, -45.9478340149
63.8699341, 5.5999999, -45.9571914673
64.8735504, 5.5999999, -45.9678573608
65.8771591, 5.5999999, -45.9800796509
66.8807755, 5.5999999, -45.9941368103
67.8843842, 5.5999999, -46.0103607178
68.8880005, 5.5999999, -46.0291213989
69.8916092, 5.5999999, -46.050819397
70.8952255, 5.5999999, -46.0759124756
71.8988419, 5.5999999, -46.1049041748
72.9024506, 5.5999999, -46.1384124756
73.9060669, 5.5999999, -46.1771965027
74.9096756, 5.5999999, -46.2221412659
75.9132919, 5.5999999, -46.2742576599
76.9169006, 5.5999999, -46.334690094
77.920517, 5.5999999, -46.4047698975
78.9241257, 5.5999999, -46.4860992432
79.927742, 5.5999999, -46.5806999207
80.9313583, 5.5999999, -46.6910858154
81.934967, 5.5999999, -46.8202476501
82.9385834, 5.5999999, -46.9716377258
83.9421921, 5.5999999, -47.1487503052
84.9458084, 5.5999999, -47.3545951843
85.9494171, 5.5999999, -47.5916786194
86.9530334, 5.5999999, -47.8626403809
87.9566422, 5.5999999, -48.1707611084
88.9602585, 5.5999999, -48.5202140808
89.9638672, 5.5999999, -48.9171791077
90.9674835, 5.5999999, -49.3702583313
91.9710999, 5.5999999, -49.8867721558
92.9747086, 5.5999999, -50.4680595398
93.9783249, 5.5999999, -51.1102027893
94.9819336, 5.5999999, -51.8080482483
95.9855499, 5.5999999, -52.5548744202
96.9891586, 5.5999999, -53.3510093689
97.992775, 5.5999999, -54.1989212036
98.9963837, 5.5999999, -55.0891189575
8.60937595, 6.4000001, -40.3875198364
9.60275269, 6.4000001, -41.8442497253
10.5961294, 6.4000001, -43.1698112488
11.5895052, 6.4000001, -44.2946014404
12.5828819, 6.4000001, -45.2025413513
13.5762577, 6.4000001, -45.9232292175
14.5696344, 6.4000001, -46.4935684204
15.5630112, 6.4000001, -46.9499893188
16.5563869, 6.4000001, -47.3234519958
17.5497627, 6.4000001, -47.637550354
18.5431404, 6.4000001, -47.9104881287
19.5365162, 6.4000001, -48.1552772522
20.529892, 6.4000001, -48.3804283142
21.5232697, 6.4000001, -48.5881690979
22.5166454, 6.4000001, -48.7784385681
23.5100212, 6.4000001, -48.9517059326
24.503397, 6.4000001, -49.1087913513
25.4967747, 6.4000001, -49.2504615784
26.4901505, 6.4000001, -49.3775062561
27.4835262, 6.4000001, -49.4910163879
28.4769039, 6.4000001, -49.5924568176
29.4702797, 6.4000001, -49.6833076477
30.4636555, 6.4000001, -49.7648086548
31.4570332, 6.4000001, -49.8378868103
32.4504089, 6.4000001, -49.9031257629
33.4437866, 6.4000001, -49.9609680176
34.4371605, 6.4000001, -50.0119781494
35.4305382, 6.4000001, -50.0568161011
36.4239159, 6.4000001, -50.0961303711
37.4172897, 6.4000001, -50.1305541992
38.4106674, 6.4000001, -50.1606712341
39.4040413, 6.4000001, -50.1870040894
40.397419, 6.4000001, -50.2100334167
41.3907967, 6.4000001, -50.2301902771
42.3841705, 6.4000001, -50.247844696
43.3775482, 6.4000001, -50.2633361816
44.3709259, 6.4000001, -50.276966095
45.3642998, 6.4000001, -50.2889976501
46.3576775, 6.4000001, -50.2996635437
47.3510551, 6.4000001, -50.3091773987
48.344429, 6.4000001, -50.31772995
49.3378067, 6.4000001, -50.3254890442
50.3311844, 6.4000001, -50.332611084
51.3245583, 6.4000001, -50.3392333984
52.3179359, 6.4000001, -50.345500946
53.3113136, 6.4000001, -50.3515319824
54.3046875, 6.4000001, -50.3574523926
55.2980652, 6.4000001, -50.3633804321
56.2914391, 6.4000001, -50.3694381714
57.2848167, 6.4000001, -50.3757553101
58.2781944, 6.4000001, -50.3824615479
59.2715683, 6.4000001, -50.3896942139
60.264946, 6.4000001, -50.3976135254
61.2583237, 6.4000001, -50.4063873291
62.2516975, 6.4000001, -50.4162025452
63.2450752, 6.4000001, -50.427280426
64.2384491, 6.4000001, -50.4398612976
65.2318268, 6.4000001, -50.4542350769
66.2252045, 6.4000001, -50.4707221985
67.2185822, 6.4000001, -50.4897079468
68.2119598, 6.4000001, -50.5116157532
69.2053299, 6.4000001, -50.5369224548
70.1987076, 6.4000001, -50.566116333
71.1920853, 6.4000001, -50.5996894836
72.185463, 6.4000001, -50.6382026672
73.1788406, 6.4000001, -50.682472229
74.1722183, 6.4000001, -50.7335700989
75.1655884, 6.4000001, -50.7927322388
76.1589661, 6.4000001, -50.8612861633
77.1523438, 6.4000001, -50.9407424927
78.1457214, 6.4000001, -51.0328712463
79.1390991, 6.4000001, -51.1397819519
80.1324768, 6.4000001, -51.2640991211
81.1258469, 6.4000001, -51.409236908
82.1192245, 6.4000001, -51.5796585083
83.1126022, 6.4000001, -51.7807846069
84.1059799, 6.4000001, -52.0180664062
85.0993576, 6.4000001, -52.2954673767
86.0927277, 6.4000001, -52.6152420044
87.0861053, 6.4000001, -52.979839325
88.079483, 6.4000001, -53.3932571411
89.0728607, 6.4000001, -53.8587265015
90.0662384, 6.4000001, -54.3818702698
91.0596161, 6.4000001, -54.9807434082
92.0529861, 6.4000001, -55.6744232178
93.0463638, 6.4000001, -56.4636650085
94.0397415, 6.4000001, -57.3367195129
95.0331192, 6.4000001, -58.2862358093
96.0264969, 6.4000001, -59.3046569824
97.0198746, 6.4000001, -60.3586235046
98.0132446, 6.4000001, -61.5273361206
99.0066223, 6.4000001, -62.7494392395
9.55113983, 7.19999981, -42.9323310852
10.5342798, 7.19999981, -44.8398857117
11.5174198, 7.19999981, -46.3993911743
12.5005589, 7.19999981, -47.6444854736
13.4836988, 7.19999981, -48.6279144287
14.4668388, 7.19999981, -49.4045677185
15.4499788, 7.19999981, -50.02394104
16.4331188, 7.19999981, -50.5272712708
17.4162579, 7.19999981, -50.9465637207
18.3993969, 7.19999981, -51.3060951233
19.3825378, 7.19999981, -51.6244773865
20.3656769, 7.19999981, -51.9131965637
21.3488178, 7.19999981, -52.1770362854
22.3319569, 7.19999981, -52.4178848267
23.3150959, 7.19999981, -52.6370544434
24.2982368, 7.19999981, -52.8357887268
25.2813759, 7.19999981, -53.0150146484
26.2645168, 7.19999981, -53.1755332947
27.2476559, 7.19999981, -53.3185157776
28.2307949, 7.19999981, -53.4458999634
29.2139359, 7.19999981, -53.559627533
30.1970749, 7.19999981, -53.6614875793
31.1802158, 7.19999981, -53.7534637451
32.163353, 7.19999981, -53.8366622925
33.1464958, 7.19999981, -53.9108314514
34.1296349, 7.19999981, -53.976348877
35.1127739, 7.19999981, -54.0339317322
36.0959129, 7.19999981, -54.0843963623
37.079052, 7.19999981, -54.1285552979
38.0621948, 7.19999981, -54.1671562195
39.0453339, 7.19999981, -54.2008934021
40.0284729, 7.19999981, -54.230381012
41.0116119, 7.19999981, -54.2561683655
41.994751, 7.19999981, -54.2787475586
42.9778938, 7.19999981, -54.2985458374
43.9610329, 7.19999981, -54.3159446716
44.9441719, 7.19999981, -54.3312835693
45.9273109, 7.19999981, -54.3448600769
46.91045, 7.19999981, -54.3569412231
47.8935928, 7.19999981, -54.3677635193
48.8767319, 7.19999981, -54.3775444031
49.8598709, 7.19999981, -54.3864746094
50.8430099, 7.19999981, -54.3947296143
51.826149, 7.19999981, -54.4024772644
52.8092918, 7.19999981, -54.4098739624
53.7924309, 7.19999981, -54.4170646667
54.7755699, 7.19999981, -54.4241981506
55.758709, 7.19999981, -54.4314117432
56.741848, 7.19999981, -54.4388580322
57.7249908, 7.19999981, -54.4466934204
58.7081299, 7.19999981, -54.4550704956
59.6912689, 7.19999981, -54.464176178
60.674408, 7.19999981, -54.474193573
61.657547, 7.19999981, -54.4853477478
62.6406898, 7.19999981, -54.4978713989
63.6238289, 7.19999981, -54.5120429993
64.6069641, 7.19999981, -54.528175354
65.5901108, 7.19999981, -54.5466270447
66.5732498, 7.19999981, -54.567817688
67.5563889, 7.19999981, -54.5922203064
68.5395279, 7.19999981, -54.6203651428
69.5226669, 7.19999981, -54.6528205872
70.505806, 7.19999981, -54.6900749207
71.488945, 7.19999981, -54.7324485779
72.472084, 7.19999981, -54.7803916931
73.4552231, 7.19999981, -54.8350601196
74.4383621, 7.19999981, -54.8981018066
75.4215088, 7.19999981, -54.9710388184
76.4046478, 7.19999981, -55.0555267334
77.3877869, 7.19999981, -55.1534461975
78.3709259, 7.19999981, -55.2670249939
79.3540649, 7.19999981, -55.3989295959
80.337204, 7.19999981, -55.5524711609
81.320343, 7.19999981, -55.7320480347
82.3034821, 7.19999981, -55.9421348572
83.2866211, 7.19999981, -56.190864563
84.2697601, 7.19999981, -56.4900550842
85.2529068, 7.19999981, -56.84715271
86.2360458, 7.19999981, -57.2592201233
87.2191849, 7.19999981, -57.7283172607
88.2023239, 7.19999981, -58.2602310181
89.185463, 7.19999981, -58.858669281
90.168602, 7.19999981, -59.5121231079
91.151741, 7.19999981, -60.226852417
92.1348801, 7.19999981, -61.1327362061
93.1180191, 7.19999981, -62.1590461731
94.1011581, 7.19999981, -63.2968673706
95.0843048, 7.19999981, -64.5381622314
96.0674438, 7.19999981, -65.8717727661
97.0505829, 7.19999981, -67.2957611084
98.0337219, 7.19999981, -68.8070526123
99.016861, 7.19999981, -70.3860015869
10.4929028, 8.0, -45.9968223572
11.465806, 8.0, -48.0176811218
12.4387093, 8.0, -49.6161727905
13.4116125, 8.0, -50.8678779602
14.3845158, 8.0, -51.8479270935
15.357419, 8.0, -52.6234855652
16.3303223, 8.0, -53.2484550476
17.3032265, 8.0, -53.7646331787
18.2761288, 8.0, -54.2042274475
19.249033, 8.0, -54.5920906067
20.2219353, 8.0, -54.9431915283
21.1948395, 8.0, -55.2640151978
22.1677418, 8.0, -55.5563812256
23.140646, 8.0, -55.8227500916
24.1135483, 8.0, -56.0645866394
25.0864525, 8.0, -56.2828102112
26.0593548, 8.0, -56.4782104492
27.032259, 8.0, -56.6518478394
28.0051613, 8.0, -56.8060073853
28.9780636, 8.0, -56.9420433044
29.9509678, 8.0, -57.0600509644
30.9238701, 8.0, -57.166305542
31.8967743, 8.0, -57.2678565979
32.8696785, 8.0, -57.3599662781
33.8425789, 8.0, -57.4416999817
34.8154831, 8.0, -57.513584137
35.7883873, 8.0, -57.5765457153
36.7612915, 8.0, -57.6315803528
37.7341919, 8.0, -57.6796379089
38.7070961, 8.0, -57.7215957642
39.6800003, 8.0, -57.7582359314
40.6529045, 8.0, -57.7902603149
41.6258049, 8.0, -57.818271637
42.5987091, 8.0, -57.8428192139
43.5716133, 8.0, -57.8643722534
44.5445175, 8.0, -57.883354187
45.5174179, 8.0, -57.9001274109
46.4903221, 8.0, -57.9150276184
47.4632263, 8.0, -57.9283409119
48.4361305, 8.0, -57.9403266907
49.4090309, 8.0, -57.9512252808
50.3819351, 8.0, -57.9612464905
51.3548393, 8.0, -57.9705924988
52.3277435, 8.0, -57.9794425964
53.3006439, 8.0, -57.9879760742
54.2735481, 8.0, -57.9963607788
55.2464523, 8.0, -58.0047607422
56.2193565, 8.0, -58.0133514404
57.1922569, 8.0, -58.0223007202
58.1651611, 8.0, -58.0317955017
59.1380653, 8.0, -58.0420341492
60.1109695, 8.0, -58.0532226562
61.0838699, 8.0, -58.0656051636
62.0567741, 8.0, -58.0794448853
63.0296783, 8.0, -58.0950431824
64.0025787, 8.0, -58.1127319336
64.9754868, 8.0, -58.1329040527
65.9483871, 8.0, -58.1560058594
66.9212875, 8.0, -58.1825408936
67.8941956, 8.0, -58.2130889893
68.8670959, 8.0, -58.2482833862
69.8399963, 8.0, -58.2887535095
70.8129044, 8.0, -58.3350028992
71.7858047, 8.0, -58.3866882324
72.7587128, 8.0, -58.4438476562
73.7316132, 8.0, -58.5091781616
74.7045135, 8.0, -58.5844955444
75.6774216, 8.0, -58.6716270447
76.650322, 8.0, -58.7725639343
77.6232224, 8.0, -58.8896141052
78.5961304, 8.0, -59.0255279541
79.5690308, 8.0, -59.1836433411
80.5419388, 8.0, -59.3682098389
81.5148392, 8.0, -59.5846672058
82.4877396, 8.0, -59.8393363953
83.4606476, 8.0, -60.0795059204
84.433548, 8.0, -60.4581489563
85.4064484, 8.0, -60.908115387
86.3793564, 8.0, -61.428894043
87.3522568, 8.0, -62.0248031616
88.3251648, 8.0, -62.7025222778
89.2980652, 8.0, -63.4673919678
90.2709656, 8.0, -64.3291397095
91.2438736, 8.0, -65.3162994385
92.216774, 8.0, -66.450012207
93.1896744, 8.0, -67.7298812866
94.1625824, 8.0, -69.1478500366
95.1354828, 8.0, -70.6975708008
96.1083908, 8.0, -72.368637085
97.0812912, 8.0, -74.150100708
98.0541916, 8.0, -76.031211853
99.0270996, 8.0, -77.9919204712
11.4346666, 8.80000019, -49.1020736694
12.3973331, 8.80000019, -51.061126709
13.3599997, 8.80000019, -52.5854721069
14.3226671, 8.80000019, -53.7714118958
15.2853336, 8.80000019, -54.6966018677
16.2479992, 8.80000019, -55.4317512512
17.2106667, 8.80000019, -56.0331687927
18.1733341, 8.80000019, -56.5413246155
19.1359997, 8.80000019, -56.9921951294
20.0986671, 8.80000019, -57.4070129395
21.0613327, 8.80000019, -57.7878456116
22.0240002, 8.80000019, -58.1306190491
22.9866657, 8.80000019, -58.4495925903
23.9493332, 8.80000019, -58.7418174744
24.9120007, 8.80000019, -59.0062103271
25.8746662, 8.80000019, -59.2431640625
26.8373337, 8.80000019, -59.4540100098
27.7999992, 8.80000019, -59.6409225464
28.7626667, 8.80000019, -59.8044509888
29.7253342, 8.80000019, -59.9209365845
30.6879997, 8.80000019, -60.0058517456
31.6506672, 8.80000019, -60.1234321594
32.6133347, 8.80000019, -60.2362632751
33.5760002, 8.80000019, -60.3377113342
34.5386658, 8.80000019, -60.4271888733
35.5013351, 8.80000019, -60.5055465698
36.4640007, 8.80000019, -60.5739555359
37.4266663, 8.80000019, -60.6336097717
38.3893318, 8.80000019, -60.6856231689
39.3520012, 8.80000019, -60.7309875488
40.3146667, 8.80000019, -60.7705955505
41.2773323, 8.80000019, -60.8052177429
42.2400017, 8.80000019, -60.8355293274
43.2026672, 8.80000019, -60.8621253967
44.1653328, 8.80000019, -60.8855247498
45.1279984, 8.80000019, -60.9061813354
46.0906677, 8.80000019, -60.9244995117
47.0533333, 8.80000019, -60.9408340454
48.0159988, 8.80000019, -60.9555053711
48.9786682, 8.80000019, -60.9687919617
49.9413338, 8.80000019, -60.9809570312
50.9039993, 8.80000019, -60.9922332764
51.8666649, 8.80000019, -61.0028457642
52.8293343, 8.80000019, -61.0130004883
53.7919998, 8.80000019, -61.022895813
54.7546654, 8.80000019, -61.0327224731
55.7173347, 8.80000019, -61.042678833
56.6800003, 8.80000019, -61.0529594421
57.6426659, 8.80000019, -61.0637702942
58.6053352, 8.80000019, -61.075340271
59.5680008, 8.80000019, -61.0878982544
60.5306664, 8.80000019, -61.1017112732
61.4933319, 8.80000019, -61.1170730591
62.4560013, 8.80000019, -61.1343040466
63.4186668, 8.80000019, -61.1537780762
64.3813324, 8.80000019, -61.1759109497
65.3440018, 8.80000019, -61.2011833191
66.3066635, 8.80000019, -61.2301368713
67.2693329, 8.80000019, -61.2633895874
68.2320023, 8.80000019, -61.3016204834
69.194664, 8.80000019, -61.3455619812
70.1573334, 8.80000019, -61.3959503174
71.1200027, 8.80000019, -61.4533462524
72.0826645, 8.80000019, -61.5183753967
73.0453339, 8.80000019, -61.5924224854
74.0080032, 8.80000019, -61.6774330139
74.970665, 8.80000019, -61.775554657
75.9333344, 8.80000019, -61.8890838623
76.8960037, 8.80000019, -62.0206413269
77.8586655, 8.80000019, -62.1732749939
78.8213348, 8.80000019, -62.3506355286
79.7839966, 8.80000019, -62.5571403503
80.746666, 8.80000019, -62.7981987
81.7093353, 8.80000019, -63.0801734924
82.6719971, 8.80000019, -63.4045562744
83.6346664, 8.80000019, -63.7915153503
84.5973358, 8.80000019, -64.2574996948
85.5599976, 8.80000019, -64.8077392578
86.5226669, 8.80000019, -65.4432678223
87.4853363, 8.80000019, -66.1715774536
88.447998, 8.80000019, -67.0020599365
89.4106674, 8.80000019, -67.9457244873
90.3733368, 8.80000019, -69.0177230835
91.3359985, 8.80000019, -70.2380218506
92.2986679, 8.80000019, -71.618598938
93.2613297, 8.80000019, -73.1607513428
94.223999, 8.80000019, -74.8647842407
95.1866684, 8.80000019, -76.7300949097
96.1493301, 8.80000019, -78.7518539429
97.1119995, 8.80000019, -80.9010314941
98.0746689, 8.80000019, -83.186164856
99.0373306, 8.80000019, -85.5648803711
12.3764305, 9.60000038, -51.9506568909
13.3288603, 9.60000038, -53.7563705444
14.2812901, 9.60000038, -55.1476402283
15.2337208, 9.60000038, -56.2193260193
16.1861496, 9.60000038, -57.057384491
17.1385803, 9.60000038, -57.7384719849
18.091011, 9.60000038, -58.3078651428
19.0434418, 9.60000038, -58.8157844543
19.9958706, 9.60000038, -59.302947998
20.9483013, 9.60000038, -59.7585067749
21.900732, 9.60000038, -60.1180915833
22.8531609, 9.60000038, -60.5218811035
23.8055916, 9.60000038, -60.9059066772
24.7580223, 9.60000038, -61.2564201355
25.7104511, 9.60000038, -61.5711097717
26.6628819, 9.60000038, -61.8510398865
27.6153126, 9.60000038, -62.0984840393
28.5677414, 9.60000038, -62.3152923584
29.5201721, 9.60000038, -62.4994659424
30.4726028, 9.60000038, -62.657043457
31.4250317, 9.60000038, -62.8049201965
32.3774605, 9.60000038, -62.9420852661
33.3298912, 9.60000038, -63.0648994446
34.2823219, 9.60000038, -63.1730880737
35.2347527, 9.60000038, -63.2677001953
36.1871834, 9.60000038, -63.3501853943
37.1396141, 9.60000038, -63.4220161438
38.0920448, 9.60000038, -63.4845695496
39.0444717, 9.60000038, -63.5390777588
39.9969025, 9.60000038, -63.5866355896
40.9493332, 9.60000038, -63.6281776428
41.9017639, 9.60000038, -63.6645355225
42.8541946, 9.60000038, -63.6964187622
43.8066254, 9.60000038, -63.7244529724
44.7590523, 9.60000038, -63.7491836548
45.711483, 9.60000038, -63.7710876465
46.6639137, 9.60000038, -63.7905921936
47.6163445, 9.60000038, -63.8080635071
48.5687752, 9.60000038, -63.8238487244
49.5212059, 9.60000038, -63.8382377625
50.4736328, 9.60000038, -63.8515167236
51.4260635, 9.60000038, -63.8639373779
52.3784943, 9.60000038, -63.8757400513
53.330925, 9.60000038, -63.8871459961
54.2833557, 9.60000038, -63.8983802795
55.2357864, 9.60000038, -63.9096603394
56.1882133, 9.60000038, -63.9212036133
57.1406441, 9.60000038, -63.9332351685
58.0930748, 9.60000038, -63.9460029602
59.0455055, 9.60000038, -63.9597587585
59.9979362, 9.60000038, -63.9747886658
60.950367, 9.60000038, -63.9914054871
61.9027939, 9.60000038, -64.0099487305
62.8552246, 9.60000038, -64.0308227539
63.8076553, 9.60000038, -64.0544586182
64.7600861, 9.60000038, -64.0813598633
65.7125168, 9.60000038, -64.1120986938
66.6649475, 9.60000038, -64.147315979
67.6173782, 9.60000038, -64.1877288818
68.569809, 9.60000038, -64.2341537476
69.5222397, 9.60000038, -64.2874450684
70.4746704, 9.60000038, -64.3485183716
71.4270935, 9.60000038, -64.4183807373
72.3795242, 9.60000038, -64.498336792
73.331955, 9.60000038, -64.590133667
74.2843857, 9.60000038, -64.6958999634
75.2368164, 9.60000038, -64.8180847168
76.1892471, 9.60000038, -64.9594573975
77.1416779, 9.60000038, -65.1232376099
78.0941086, 9.60000038, -65.3132171631
79.0465393, 9.60000038, -65.5339050293
79.99897, 9.60000038, -65.7906951904
80.9514008, 9.60000038, -66.0899505615
81.9038315, 9.60000038, -66.4386291504
82.8562546, 9.60000038, -66.8463745117
83.8086853, 9.60000038, -67.3251724243
84.761116, 9.60000038, -67.8861846924
85.7135468, 9.60000038, -68.5380630493
86.6659775, 9.60000038, -69.289024353
87.6184082, 9.60000038, -70.1497039795
88.5708389, 9.60000038, -71.1346282959
89.5232697, 9.60000038, -72.2565383911
90.4757004, 9.60000038, -73.5301437378
91.4281311, 9.60000038, -74.9703903198
92.3805618, 9.60000038, -76.5907669067
93.3329926, 9.60000038, -78.4021148682
94.2854156, 9.60000038, -80.3864440918
95.2378464, 9.60000038, -82.5952072144
96.1902771, 9.60000038, -84.9910125732
97.1427078, 9.60000038, -87.5584335327
98.0951385, 9.60000038, -90.2738800049
99.0475693, 9.60000038, -93.1034622192
13.3181934, 10.3999996, -54.3748855591
14.2603874, 10.3999996, -55.9863815308
15.2025805, 10.3999996, -57.2133216858
16.1447735, 10.3999996, -58.1511535645
17.0869675, 10.3999996, -58.9106025696
18.0291615, 10.3999996, -59.5688171387
18.9713554, 10.3999996, -60.1274299622
19.9135475, 10.3999996, -60.7437820435
20.8557415, 10.3999996, -61.3421173096
21.7979355, 10.3999996, -61.892993927
22.7401295, 10.3999996, -62.4167366028
23.6823235, 10.3999996, -62.905620575
24.6245155, 10.3999996, -63.3500480652
25.5667095, 10.3999996, -63.7482910156
26.5089035, 10.3999996, -64.1018676758
27.4510975, 10.3999996, -64.4137268066
28.3932896, 10.3999996, -64.6872406006
29.3354836, 10.3999996, -64.9254226685
30.2776775, 10.3999996, -65.1330337524
31.2198715, 10.3999996, -65.3170776367
32.1620636, 10.3999996, -65.4809875488
33.1042595, 10.3999996, -65.6257858276
34.0464516, 10.3999996, -65.7526702881
34.9886436, 10.3999996, -65.8633041382
35.9308395, 10.3999996, -65.9595489502
36.8730316, 10.3999996, -66.04322052
37.8152275, 10.3999996, -66.1159973145
38.7574196, 10.3999996, -66.179359436
39.6996117, 10.3999996, -66.2346038818
40.6418076, 10.3999996, -66.2828521729
41.5839996, 10.3999996, -66.3250579834
42.5261917, 10.3999996, -66.3620681763
43.4683876, 10.3999996, -66.3945922852
44.4105797, 10.3999996, -66.4232788086
45.3527756, 10.3999996, -66.4486618042
46.2949677, 10.3999996, -66.4712371826
47.2371597, 10.3999996, -66.4914321899
48.1793556, 10.3999996, -66.5096282959
49.1215477, 10.3999996, -66.5261688232
50.0637436, 10.3999996, -66.5413665771
51.0059357, 10.3999996, -66.5555114746
51.9481277, 10.3999996, -66.568862915
52.8903236, 10.3999996, -66.5816726685
53.8325157, 10.3999996, -66.5942001343
54.7747078, 10.3999996, -66.6066589355
55.7169037, 10.3999996, -66.6193008423
56.6590958, 10.3999996, -66.6323623657
57.6012917, 10.3999996, -66.6461029053
58.5434837, 10.3999996, -66.6607971191
59.4856758, 10.3999996, -66.6767349243
60.4278717, 10.3999996, -66.6942443848
61.3700638, 10.3999996, -66.713684082
62.3122597, 10.3999996, -66.7354507446
63.2544518, 10.3999996, -66.7600097656
64.1966476, 10.3999996, -66.7878646851
65.1388397, 10.3999996, -66.8196029663
66.0810318, 10.3999996, -66.8558807373
67.0232239, 10.3999996, -66.8974380493
67.965416, 10.3999996, -66.9451065063
68.9076157, 10.3999996, -66.9998092651
69.8498077, 10.3999996, -67.0625762939
70.7919998, 10.3999996, -67.1345901489
71.7341919, 10.3999996, -67.2172393799
72.676384, 10.3999996, -67.3122634888
73.6185837, 10.3999996, -67.4217147827
74.5607758, 10.3999996, -67.5480194092
75.5029678, 10.3999996, -67.693977356
76.4451599, 10.3999996, -67.8628082275
77.387352, 10.3999996, -68.0582885742
78.3295517, 10.3999996, -68.2848968506
79.2717438, 10.3999996, -68.5479431152
80.2139359, 10.3999996, -68.8536453247
81.1561279, 10.3999996, -69.2091369629
82.09832, 10.3999996, -69.6228103638
83.0405197, 10.3999996, -70.1043777466
83.9827118, 10.3999996, -70.6647491455
84.9249039, 10.3999996, -71.3164672852
85.8670959, 10.3999996, -72.069519043
86.809288, 10.3999996, -72.9349060059
87.7514801, 10.3999996, -73.9244384766
88.6936798, 10.3999996, -75.0524139404
89.6358719, 10.3999996, -76.3391189575
90.578064, 10.3999996, -77.8031997681
91.520256, 10.3999996, -79.460319519
92.4624481, 10.3999996, -81.3065795898
93.4046478, 10.3999996, -83.4066925049
94.3468399, 10.3999996, -85.7420272827
95.289032, 10.3999996, -88.3143157959
96.2312241, 10.3999996, -91.1120147705
97.1734161, 10.3999996, -94.113822937
98.1156158, 10.3999996, -97.2863082886
99.0578079, 10.3999996, -100.597496033
14.2599573, 11.1999998, -56.3159255981
15.1919136, 11.1999998, -57.720489502
16.1238708, 11.1999998, -58.7953071594
17.0558281, 11.1999998, -59.6768608093
17.9877853, 11.1999998, -60.429599762
18.9197426, 11.1999998, -61.2197189331
19.8516998, 11.1999998, -62.0102767944
20.7836552, 11.1999998, -62.770690918
21.7156124, 11.1999998, -63.4795036316
22.6475697, 11.1999998, -64.1348495483
23.5795269, 11.1999998, -64.7345581055
24.5114841, 11.1999998, -65.2759170532
25.4434414, 11.1999998, -65.7591400146
26.3753986, 11.1999998, -66.1868057251
27.307354, 11.1999998, -66.5628051758
28.2393112, 11.1999998, -66.8917007446
29.1712685, 11.1999998, -67.1782684326
30.1032257, 11.1999998, -67.4277191162
31.035183, 11.1999998, -67.6455307007
31.9671402, 11.1999998, -67.8360977173
32.8990974, 11.1999998, -68.0025482178
33.8310547, 11.1999998, -68.1474838257
34.7630119, 11.1999998, -68.2733459473
35.6949692, 11.1999998, -68.3825302124
36.6269264, 11.1999998, -68.4772491455
37.5588799, 11.1999998, -68.5595092773
38.4908371, 11.1999998, -68.6310653687
39.4227943, 11.1999998, -68.6934127808
40.3547516, 11.1999998, -68.7478485107
41.2867088, 11.1999998, -68.7954711914
42.2186661, 11.1999998, -68.8372268677
43.1506233, 11.1999998, -68.8739242554
44.0825806, 11.1999998, -68.9062728882
45.0145378, 11.1999998, -68.9348983765
45.9464951, 11.1999998, -68.9603347778
46.8784523, 11.1999998, -68.9830627441
47.8104095, 11.1999998, -69.0035018921
48.7423668, 11.1999998, -69.0220336914
49.674324, 11.1999998, -69.0390014648
50.6062813, 11.1999998, -69.0547180176
51.5382347, 11.1999998, -69.069480896
52.470192, 11.1999998, -69.0835571289
53.4021492, 11.1999998, -69.0972061157
54.3341064, 11.1999998, -69.1106872559
55.2660637, 11.1999998, -69.1242446899
56.1980209, 11.1999998, -69.1381378174
57.1299782, 11.1999998, -69.1526260376
58.0619354, 11.1999998, -69.1679916382
58.9938927, 11.1999998, -69.1845397949
59.9258499, 11.1999998, -69.2025985718
60.8578072, 11.1999998, -69.2225341797
61.7897644, 11.1999998, -69.2447509766
62.7217216, 11.1999998, -69.2697067261
63.6536789, 11.1999998, -69.2979049683
64.5856323, 11.1999998, -69.3299407959
65.5175934, 11.1999998, -69.3664627075
66.4495468, 11.1999998, -69.4082260132
67.3815079, 11.1999998, -69.4560775757
68.3134613, 11.1999998, -69.5109329224
69.2454224, 11.1999998, -69.5738220215
70.1773758, 11.1999998, -69.6459579468
71.1093369, 11.1999998, -69.7287902832
72.0412903, 11.1999998, -69.8240509033
72.9732437, 11.1999998, -69.9337768555
73.9052048, 11.1999998, -70.0603485107
74.8371582, 11.1999998, -70.2065048218
75.7691193, 11.1999998, -70.3753967285
76.7010727, 11.1999998, -70.5706634521
77.6330338, 11.1999998, -70.796546936
78.5649872, 11.1999998, -71.0580978394
79.4969482, 11.1999998, -71.3614730835
80.4289017, 11.1999998, -71.7138442993
81.3608627, 11.1999998, -72.1226577759
82.2928162, 11.1999998, -72.5969467163
83.2247772, 11.1999998, -73.1465606689
84.1567307, 11.1999998, -73.7813796997
85.0886917, 11.1999998, -74.5135192871
86.0206451, 11.1999998, -75.3578186035
86.9525986, 11.1999998, -76.3271255493
87.8845596, 11.1999998, -77.4343414307
88.8165131, 11.1999998, -78.6964416504
89.7484741, 11.1999998, -80.113899231
90.6804276, 11.1999998, -81.7825393677
91.6123886, 11.1999998, -83.6788711548
92.544342, 11.1999998, -85.8244552612
93.4763031, 11.1999998, -88.2345962524
94.4082565, 11.1999998, -90.9172897339
95.3402176, 11.1999998, -93.8740997314
96.272171, 11.1999998, -97.0866775513
97.2041321, 11.1999998, -100.53969574
98.1360855, 11.1999998, -104.213676453
99.0680466, 11.1999998, -108.05128479
15.2017202, 12.0, -57.8019676208
16.1234417, 12.0, -59.0757255554
17.0451622, 12.0, -60.0663070679
17.9668808, 12.0, -61.0855789185
18.8886013, 12.0, -62.1016273499
19.8103218, 12.0, -63.0869522095
20.7320423, 12.0, -64.0170211792
21.6537628, 12.0, -64.8781356812
22.5754833, 12.0, -65.6659240723
23.4972038, 12.0, -66.3795547485
24.4189243, 12.0, -67.019569397
25.3406448, 12.0, -67.5882415771
26.2623653, 12.0, -68.0894775391
27.1840858, 12.0, -68.5283126831
28.1058064, 12.0, -68.9104766846
29.0275269, 12.0, -69.2419662476
29.9492474, 12.0, -69.5289459229
30.8709679, 12.0, -69.7774276733
31.7926884, 12.0, -69.9927597046
32.7144089, 12.0, -70.179397583
33.6361275, 12.0, -70.340965271
34.5578499, 12.0, -70.4806671143
35.4795685, 12.0, -70.6014175415
36.4012909, 12.0, -70.7059020996
37.3230095, 12.0, -70.7964935303
38.2447319, 12.0, -70.8752059937
39.1664505, 12.0, -70.9437637329
40.0881729, 12.0, -71.0036087036
41.0098915, 12.0, -71.0559692383
41.9316139, 12.0, -71.1018829346
42.8533325, 12.0, -71.1422424316
43.7750549, 12.0, -71.1778259277
44.6967735, 12.0, -71.209312439
45.6184959, 12.0, -71.2372817993
46.5402145, 12.0, -71.2622528076
47.461937, 12.0, -71.2846832275
48.3836555, 12.0, -71.304977417
49.305378, 12.0, -71.3235092163
50.2270966, 12.0, -71.3406066895
51.148819, 12.0, -71.3565826416
52.0705376, 12.0, -71.3717346191
52.9922562, 12.0, -71.3863296509
53.9139786, 12.0, -71.4006271362
54.8356972, 12.0, -71.4149017334
55.7574196, 12.0, -71.429397583
56.6791382, 12.0, -71.4443969727
57.6008606, 12.0, -71.4601821899
58.5225792, 12.0, -71.4770507812
59.4443016, 12.0, -71.4953384399
60.3660202, 12.0, -71.5154037476
61.2877426, 12.0, -71.5376434326
62.2094612, 12.0, -71.5625152588
63.1311836, 12.0, -71.5905151367
64.0529022, 12.0, -71.6222229004
64.9746246, 12.0, -71.6582794189
65.896347, 12.0, -71.6994018555
66.8180618, 12.0, -71.7464675903
67.7397842, 12.0, -71.8004608154
68.6615067, 12.0, -71.8622970581
69.5832291, 12.0, -71.93309021
70.5049438, 12.0, -72.0142364502
71.4266663, 12.0, -72.1074447632
72.3483887, 12.0, -72.2147674561
73.2701111, 12.0, -72.3385391235
74.1918259, 12.0, -72.4814300537
75.1135483, 12.0, -72.646484375
76.0352707, 12.0, -72.8371658325
76.9569855, 12.0, -73.0575180054
77.8787079, 12.0, -73.3121490479
78.8004303, 12.0, -73.6062011719
79.7221527, 12.0, -73.9455490112
80.6438675, 12.0, -74.3376541138
81.5655899, 12.0, -74.7914352417
82.4873123, 12.0, -75.3167114258
83.4090347, 12.0, -75.924079895
84.3307495, 12.0, -76.6222305298
85.2524719, 12.0, -77.4222412109
86.1741943, 12.0, -78.3458404541
87.0959167, 12.0, -79.4167098999
88.0176315, 12.0, -80.6118087769
88.9393539, 12.0, -82.0336685181
89.8610764, 12.0, -83.672492981
90.7827988, 12.0, -85.5558700562
91.7045135, 12.0, -87.7026367188
92.626236, 12.0, -90.1292724609
93.5479584, 12.0, -92.8540802002
94.4696808, 12.0, -95.8868331909
95.3913956, 12.0, -99.2314376831
96.313118, 12.0, -102.882415771
97.2348404, 12.0, -106.829437256
98.1565628, 12.0, -111.036529541
99.0782776, 12.0, -115.447952271
16.1434841, 12.8000002, -59.0454025269
17.0549679, 12.8000002, -60.2619857788
17.9664516, 12.8000002, -61.5297584534
18.8779354, 12.8000002, -62.7766876221
19.7894192, 12.8000002, -63.9627342224
20.7009029, 12.8000002, -65.0675582886
21.6123867, 12.8000002, -66.0818634033
22.5238705, 12.8000002, -67.0031509399
23.4353542, 12.8000002, -67.8322601318
24.346838, 12.8000002, -68.5718002319
25.2583218, 12.8000002, -69.2257843018
26.1698055, 12.8000002, -69.7994766235
27.0812912, 12.8000002, -70.2991867065
27.992775, 12.8000002, -70.7319869995
28.9042587, 12.8000002, -71.1051177979
29.8157425, 12.8000002, -71.4258956909
30.7272263, 12.8000002, -71.7015228271
31.63871, 12.8000002, -71.938583374
32.5501938, 12.8000002, -72.1429443359
33.4616776, 12.8000002, -72.3189849854
34.3731613, 12.8000002, -72.4705276489
35.2846451, 12.8000002, -72.6009902954
36.1961288, 12.8000002, -72.7135391235
37.1076126, 12.8000002, -72.8109283447
38.0190964, 12.8000002, -72.8954544067
38.9305801, 12.8000002, -72.9690475464
39.8420639, 12.8000002, -73.0332946777
40.7535477, 12.8000002, -73.089515686
41.6650314, 12.8000002, -73.1388397217
42.5765152, 12.8000002, -73.182220459
43.487999, 12.8000002, -73.220489502
44.3994827, 12.8000002, -73.2543487549
45.3109665, 12.8000002, -73.2844390869
46.2224503, 12.8000002, -73.3112869263
47.133934, 12.8000002, -73.3353805542
48.0454178, 12.8000002, -73.3571472168
48.9569016, 12.8000002, -73.3769760132
49.8683853, 12.8000002, -73.3952255249
50.7798691, 12.8000002, -73.4122009277
51.6913567, 12.8000002, -73.4281997681
52.6028404, 12.8000002, -73.4435195923
53.5143242, 12.8000002, -73.4584121704
54.425808, 12.8000002, -73.4731674194
55.3372917, 12.8000002, -73.48802948
56.2487755, 12.8000002, -73.503288269
57.1602592, 12.8000002, -73.5192108154
58.071743, 12.8000002, -73.5361175537
58.9832268, 12.8000002, -73.5543060303
59.8947105, 12.8000002, -73.5741500854
60.8061943, 12.8000002, -73.5960235596
61.7176781, 12.8000002, -73.6203689575
62.6291618, 12.8000002, -73.6476669312
63.5406456, 12.8000002, -73.6784744263
64.4521255, 12.8000002, -73.7134170532
65.3636093, 12.8000002, -73.7531967163
66.2750931, 12.8000002, -73.7985839844
67.1865768, 12.8000002, -73.850402832
68.0980682, 12.8000002, -73.9096374512
69.009552, 12.8000002, -73.9773101807
69.9210358, 12.8000002, -74.0546112061
70.8325195, 12.8000002, -74.143119812
71.7440033, 12.8000002, -74.2448501587
72.6554871, 12.8000002, -74.3621368408
73.5669708, 12.8000002, -74.4975967407
74.4784546, 12.8000002, -74.6541061401
75.3899384, 12.8000002, -74.8348617554
76.3014221, 12.8000002, -75.0435943604
77.2129059, 12.8000002, -75.2847671509
78.1243896, 12.8000002, -75.5634002686
79.0358734, 12.8000002, -75.8845748901
79.9473572, 12.8000002, -76.2534942627
80.8588409, 12.8000002, -76.6778793335
81.7703247, 12.8000002, -77.1682281494
82.6818085, 12.8000002, -77.7344741821
83.5932922, 12.8000002, -78.388343811
84.504776, 12.8000002, -79.1461715698
85.4162598, 12.8000002, -79.9845733643
86.3277435, 12.8000002, -81.0114974976
87.2392273, 12.8000002, -82.2023925781
88.1507111, 12.8000002, -83.580947876
89.0621948, 12.8000002, -85.1743774414
89.9736786, 12.8000002, -87.0084838867
90.8851624, 12.8000002, -89.1063232422
91.7966461, 12.8000002, -91.4927597046
92.7081299, 12.8000002, -94.192779541
93.6196136, 12.8000002, -97.2238998413
94.5310974, 12.8000002, -100.597969055
95.4425812, 12.8000002, -104.352165222
96.3540649, 12.8000002, -108.47518158
97.2655487, 12.8000002, -112.950035095
98.1770325, 12.8000002, -117.736541748
99.0885162, 12.8000002, -122.777938843
17.085247, 13.6000004, -60.2134895325
17.9864941, 13.6000004, -61.7553215027
18.8877411, 13.6000004, -63.2416114807
19.78899, 13.6000004, -64.6339111328
20.690237, 13.6000004, -65.9170684814
21.5914841, 13.6000004, -67.0864715576
22.4927311, 13.6000004, -68.1425704956
23.3939781, 13.6000004, -69.0882263184
24.2952251, 13.6000004, -69.9277038574
25.1964722, 13.6000004, -70.6664581299
26.0977211, 13.6000004, -71.3110656738
26.9989681, 13.6000004, -71.8690338135
27.9002151, 13.6000004, -72.349357605
28.8014622, 13.6000004, -72.7605361938
29.7027092, 13.6000004, -73.1111450195
30.6039562, 13.6000004, -73.4096221924
31.5052052, 13.6000004, -73.6639099121
32.4064522, 13.6000004, -73.880821228
33.3076973, 13.6000004, -74.066444397
34.2089462, 13.6000004, -74.2256088257
35.1101952, 13.6000004, -74.3619995117
36.0114403, 13.6000004, -74.4792633057
36.9126892, 13.6000004, -74.5805206299
37.8139343, 13.6000004, -74.6683273315
38.7151833, 13.6000004, -74.7447509766
39.6164284, 13.6000004, -74.8114929199
40.5176773, 13.6000004, -74.869934082
41.4189262, 13.6000004, -74.9212417603
42.3201714, 13.6000004, -74.9664001465
43.2214203, 13.6000004, -75.0062713623
44.1226654, 13.6000004, -75.0415725708
45.0239143, 13.6000004, -75.0729522705
45.9251595, 13.6000004, -75.1009597778
46.8264084, 13.6000004, -75.1260681152
47.7276573, 13.6000004, -75.1487197876
48.6289024, 13.6000004, -75.1693191528
49.5301514, 13.6000004, -75.1882171631
50.4313965, 13.6000004, -75.2057418823
51.3326454, 13.6000004, -75.2221984863
52.2338943, 13.6000004, -75.2378540039
53.1351395, 13.6000004, -75.2529830933
54.0363884, 13.6000004, -75.2678451538
54.9376335, 13.6000004, -75.2827072144
55.8388824, 13.6000004, -75.2978363037
56.7401276, 13.6000004, -75.3135147095
57.6413765, 13.6000004, -75.3300323486
58.5426254, 13.6000004, -75.3476867676
59.4438705, 13.6000004, -75.3668289185
60.3451195, 13.6000004, -75.387802124
61.2463646, 13.6000004, -75.4110412598
62.1476135, 13.6000004, -75.4369812012
63.0488586, 13.6000004, -75.4661636353
63.9501076, 13.6000004, -75.499168396
64.8513565, 13.6000004, -75.5366821289
65.7526016, 13.6000004, -75.5794677734
66.6538467, 13.6000004, -75.628326416
67.5550995, 13.6000004, -75.68409729
68.4563446, 13.6000004, -75.7475814819
69.3575897, 13.6000004, -75.8197937012
70.2588425, 13.6000004, -75.9019622803
71.1600876, 13.6000004, -75.9960174561
72.0613327, 13.6000004, -76.1042633057
72.9625778, 13.6000004, -76.2294006348
73.8638306, 13.6000004, -76.3743057251
74.7650757, 13.6000004, -76.5418701172
75.6663208, 13.6000004, -76.7350387573
76.5675735, 13.6000004, -76.9575881958
77.4688187, 13.6000004, -77.2149276733
78.3700638, 13.6000004, -77.5132598877
79.2713089, 13.6000004, -77.8561630249
80.1725616, 13.6000004, -78.2489700317
81.0738068, 13.6000004, -78.7028427124
81.9750519, 13.6000004, -79.2348937988
82.8763046, 13.6000004, -79.8283615112
83.7775497, 13.6000004, -80.5263290405
84.6787949, 13.6000004, -81.3633422852
85.58004, 13.6000004, -82.3407974243
86.4812927, 13.6000004, -83.481918335
87.3825378, 13.6000004, -84.8060150146
88.283783, 13.6000004, -86.3329620361
89.1850357, 13.6000004, -88.0887832642
90.0862808, 13.6000004, -90.1011734009
90.9875259, 13.6000004, -92.3992080688
91.8887711, 13.6000004, -95.013633728
92.7900238, 13.6000004, -97.9705963135
93.6912689, 13.6000004, -101.289901733
94.592514, 13.6000004, -105.03326416
95.4937668, 13.6000004, -109.211860657
96.3950119, 13.6000004, -113.827690125
97.296257, 13.6000004, -118.864761353
98.1975021, 13.6000004, -124.285881042
99.0987549, 13.6000004, -130.031768799
18.02701, 14.3999996, -61.7661972046
18.9180222, 14.3999996, -63.5002250671
19.8090324, 14.3999996, -65.1020965576
20.7000427, 14.3999996, -66.5655059814
21.591053, 14.3999996, -67.891418457
22.4820652, 14.3999996, -69.0836029053
23.3730755, 14.3999996, -70.1468276978
24.2640858, 14.3999996, -71.0865478516
25.1550961, 14.3999996, -71.9092483521
26.0461082, 14.3999996, -72.623046875
26.9371185, 14.3999996, -73.2357711792
27.8281288, 14.3999996, -73.7564849854
28.7191391, 14.3999996, -74.1969223022
29.6101513, 14.3999996, -74.5689697266
30.5011616, 14.3999996, -74.8827438354
31.3921719, 14.3999996, -75.1477661133
32.2831841, 14.3999996, -75.3721694946
33.1741943, 14.3999996, -75.5626296997
34.0652046, 14.3999996, -75.7244033813
34.9562149, 14.3999996, -75.8622207642
35.8472252, 14.3999996, -75.9803314209
36.7382355, 14.3999996, -76.0821304321
37.6292458, 14.3999996, -76.1703338623
38.5202599, 14.3999996, -76.2471084595
39.4112701, 14.3999996, -76.3142089844
40.3022804, 14.3999996, -76.3730392456
41.1932907, 14.3999996, -76.4247512817
42.084301, 14.3999996, -76.4703292847
42.9753113, 14.3999996, -76.5106201172
43.8663216, 14.3999996, -76.5463409424
44.7573318, 14.3999996, -76.5781326294
45.6483459, 14.3999996, -76.6065139771
46.5393562, 14.3999996, -76.6319351196
47.4303665, 14.3999996, -76.6548156738
48.3213768, 14.3999996, -76.6755752563
49.2123871, 14.3999996, -76.6945800781
50.1033974, 14.3999996, -76.7121505737
50.9944077, 14.3999996, -76.7285995483
51.8854179, 14.3999996, -76.7441864014
52.7764282, 14.3999996, -76.7591705322
53.6674423, 14.3999996, -76.7737960815
54.5584526, 14.3999996, -76.7883377075
55.4494629, 14.3999996, -76.8030319214
56.3404732, 14.3999996, -76.818145752
57.2314835, 14.3999996, -76.8339538574
58.1224937, 14.3999996, -76.8507461548
59.013504, 14.3999996, -76.8688278198
59.9045143, 14.3999996, -76.8885421753
60.7955284, 14.3999996, -76.9102706909
61.6865387, 14.3999996, -76.934425354
62.577549, 14.3999996, -76.9614868164
63.4685593, 14.3999996, -76.9920196533
64.3595734, 14.3999996, -77.0266571045
65.2505798, 14.3999996, -77.0661621094
66.1415939, 14.3999996, -77.1113739014
67.0326004, 14.3999996, -77.1631774902
67.9236145, 14.3999996, -77.2224273682
68.814621, 14.3999996, -77.2898788452
69.7056351, 14.3999996, -77.366317749
70.5966415, 14.3999996, -77.4530334473
71.4876556, 14.3999996, -77.552116394
72.3786697, 14.3999996, -77.6665420532
73.2696762, 14.3999996, -77.7996826172
74.1606903, 14.3999996, -77.9548873901
75.0516968, 14.3999996, -78.1344680786
75.9427109, 14.3999996, -78.3393783569
76.8337173, 14.3999996, -78.5729675293
77.7247314, 14.3999996, -78.844291687
78.6157455, 14.3999996, -79.1644592285
79.506752, 14.3999996, -79.5354690552
80.3977661, 14.3999996, -79.9228363037
81.2887726, 14.3999996, -80.4145126343
82.1797867, 14.3999996, -81.0015411377
83.0707932, 14.3999996, -81.6847763062
83.9618073, 14.3999996, -82.4835510254
84.8528137, 14.3999996, -83.4155883789
85.7438278, 14.3999996, -84.4978866577
86.6348419, 14.3999996, -85.7491455078
87.5258484, 14.3999996, -87.1909866333
88.4168625, 14.3999996, -88.8477630615
89.307869, 14.3999996, -90.7471237183
90.1988831, 14.3999996, -92.9202041626
91.0898895, 14.3999996, -95.400680542
91.9809036, 14.3999996, -98.2213592529
92.8719177, 14.3999996, -101.406211853
93.7629242, 14.3999996, -105.039825439
94.6539383, 14.3999996, -109.148475647
95.5449448, 14.3999996, -113.759170532
96.4359589, 14.3999996, -118.887413025
97.3269653, 14.3999996, -124.526901245
98.2179794, 14.3999996, -130.652359009
99.1089859, 14.3999996, -137.183151245
18.9687748, 15.1999998, -63.5627479553
19.8495483, 15.1999998, -65.373046875
20.7303219, 15.1999998, -67.0163726807
21.6110973, 15.1999998, -68.4995040894
22.4918709, 15.1999998, -69.8291778564
23.3726444, 15.1999998, -71.0113830566
24.2534199, 15.1999998, -72.0518112183
25.1341934, 15.1999998, -72.9573745728
26.014967, 15.1999998, -73.7335586548
26.8957424, 15.1999998, -74.3917922974
27.776516, 15.1999998, -74.9457092285
28.6572895, 15.1999998, -75.4080963135
29.538065, 15.1999998, -75.7920303345
30.4188385, 15.1999998, -76.1117782593
31.299612, 15.1999998, -76.3794708252
32.1803856, 15.1999998, -76.6046981812
33.061161, 15.1999998, -76.7950668335
33.9419365, 15.1999998, -76.9565582275
34.8227081, 15.1999998, -77.0940856934
35.7034836, 15.1999998, -77.2118377686
36.584259, 15.1999998, -77.3132095337
37.4650307, 15.1999998, -77.4009475708
38.3458061, 15.1999998, -77.4773483276
39.2265816, 15.1999998, -77.5442276001
40.1073532, 15.1999998, -77.6029815674
40.9881287, 15.1999998, -77.6547241211
41.8689041, 15.1999998, -77.7004241943
42.7496758, 15.1999998, -77.7408905029
43.6304512, 15.1999998, -77.7768630981
44.5112267, 15.1999998, -77.8089523315
45.3919983, 15.1999998, -77.8376464844
46.2727737, 15.1999998, -77.8632965088
47.1535492, 15.1999998, -77.8862304688
48.0343208, 15.1999998, -77.9069366455
48.9150963, 15.1999998, -77.9258270264
49.7958717, 15.1999998, -77.9432601929
50.6766434, 15.1999998, -77.9595184326
51.5574188, 15.1999998, -77.9748840332
52.4381943, 15.1999998, -77.9895858765
53.3189659, 15.1999998, -78.0038757324
54.1997414, 15.1999998, -78.0179824829
55.0805168, 15.1999998, -78.0321578979
55.9612885, 15.1999998, -78.0466384888
56.8420639, 15.1999998, -78.0616836548
57.7228394, 15.1999998, -78.0775604248
58.6036148, 15.1999998, -78.0945510864
59.4843864, 15.1999998, -78.1129684448
60.3651619, 15.1999998, -78.1331634521
61.2459373, 15.1999998, -78.1555099487
62.126709, 15.1999998, -78.1804580688
63.0074844, 15.1999998, -78.2085037231
63.8882599, 15.1999998, -78.2402572632
64.7690353, 15.1999998, -78.2764587402
65.6498032, 15.1999998, -78.3180160522
66.5305786, 15.1999998, -78.3659820557
67.4113541, 15.1999998, -78.4213638306
68.2921295, 15.1999998, -78.4849014282
69.172905, 15.1999998, -78.5567321777
70.0536804, 15.1999998, -78.6368408203
70.9344482, 15.1999998, -78.7260131836
71.8152237, 15.1999998, -78.8276901245
72.6959991, 15.1999998, -78.9462966919
73.5767746, 15.1999998, -79.086769104
74.45755, 15.1999998, -79.2536392212
75.3383255, 15.1999998, -79.4479217529
76.2190933, 15.1999998, -79.6600723267
77.0998688, 15.1999998, -79.8839797974
77.9806442, 15.1999998, -80.16746521
78.8614197, 15.1999998, -80.5211105347
79.7421951, 15.1999998, -80.9285202026
80.6229706, 15.1999998, -81.4035949707
81.5037384, 15.1999998, -81.9621963501
82.3845139, 15.1999998, -82.6161804199
83.2652893, 15.1999998, -83.3758773804
84.1460648, 15.1999998, -84.2554855347
85.0268402, 15.1999998, -85.2715530396
85.9076157, 15.1999998, -86.4421081543
86.7883835, 15.1999998, -87.7873458862
87.6691589, 15.1999998, -89.3304672241
88.5499344, 15.1999998, -91.0981521606
89.4307098, 15.1999998, -93.1211471558
90.3114853, 15.1999998, -95.4332427979
91.1922607, 15.1999998, -98.0715942383
92.0730286, 15.1999998, -101.058685303
92.953804, 15.1999998, -104.497367859
93.8345795, 15.1999998, -108.424499512
94.7153549, 15.1999998, -112.887733459
95.5961304, 15.1999998, -117.930381775
96.4769058, 15.1999998, -123.585678101
97.3576736, 15.1999998, -129.879684448
98.2384491, 15.1999998, -136.778305054
99.1192245, 15.1999998, -144.196578979
19.9105377, 16.0, -65.4542770386
20.7810745, 16.0, -67.2752838135
21.6516132, 16.0, -68.9161376953
22.52215, 16.0, -70.3855667114
23.3926888, 16.0, -71.6892700195
24.2632256, 16.0, -72.8315200806
25.1337643, 16.0, -73.8140182495
26.0043011, 16.0, -74.6465911865
26.8748379, 16.0, -75.3435821533
27.7453766, 16.0, -75.9189987183
28.6159134, 16.0, -76.392868042
29.4864521, 16.0, -76.7832336426
30.3569889, 16.0, -77.1059646606
31.2275276, 16.0, -77.3742980957
32.0980644, 16.0, -77.5987167358
32.9686012, 16.0, -77.787437439
33.839138, 16.0, -77.9469680786
34.7096786, 16.0, -78.082611084
35.5802155, 16.0, -78.1986465454
36.4507523, 16.0, -78.2982788086
37.3212891, 16.0, -78.3841323853
38.1918297, 16.0, -78.4588775635
39.0623665, 16.0, -78.5244903564
39.9329033, 16.0, -78.582321167
40.8034401, 16.0, -78.6334228516
41.6739769, 16.0, -78.6786651611
42.5445175, 16.0, -78.7188491821
43.4150543, 16.0, -78.7546920776
44.2855911, 16.0, -78.7868347168
45.1561279, 16.0, -78.8157577515
46.0266685, 16.0, -78.841545105
46.8972054, 16.0, -78.8641433716
47.7677422, 16.0, -78.8842544556
48.638279, 16.0, -78.9024887085
49.5088158, 16.0, -78.9192581177
50.3793564, 16.0, -78.9348678589
51.2498932, 16.0, -78.9495620728
52.12043, 16.0, -78.9635772705
52.9909668, 16.0, -78.9771347046
53.8615036, 16.0, -78.9904632568
54.7320442, 16.0, -79.0037612915
55.602581, 16.0, -79.0172729492
56.4731178, 16.0, -79.0312194824
57.3436546, 16.0, -79.0458374023
58.2141953, 16.0, -79.0613937378
59.0847321, 16.0, -79.0781555176
59.9552689, 16.0, -79.0964431763
60.8258057, 16.0, -79.1165847778
61.6963425, 16.0, -79.1389846802
62.5668831, 16.0, -79.1640701294
63.4374199, 16.0, -79.1923980713
64.3079605, 16.0, -79.2246246338
65.1784973, 16.0, -79.2616958618
66.0490341, 16.0, -79.3049545288
66.9195709, 16.0, -79.3559646606
67.7901077, 16.0, -79.4159698486
68.6606445, 16.0, -79.4847335815
69.5311813, 16.0, -79.5617141724
70.4017181, 16.0, -79.6394271851
71.2722549, 16.0, -79.723274231
72.1427994, 16.0, -79.8196258545
73.0133362, 16.0, -79.9337768555
73.883873, 16.0, -80.0802993774
74.7544098, 16.0, -80.2650375366
75.6249466, 16.0, -80.4789047241
76.4954834, 16.0, -80.7216644287
77.3660202, 16.0, -81.0041351318
78.236557, 16.0, -81.3389663696
79.1070938, 16.0, -81.7328186035
79.9776306, 16.0, -82.1913070679
80.848175, 16.0, -82.7233428955
81.7187119, 16.0, -83.3402938843
82.5892487, 16.0, -84.0537948608
83.4597855, 16.0, -84.8763885498
84.3303223, 16.0, -85.8223342896
85.2008591, 16.0, -86.9078521729
86.0713959, 16.0, -88.1513214111
86.9419327, 16.0, -89.5737686157
87.8124695, 16.0, -91.1996536255
88.6830139, 16.0, -93.0578994751
89.5535507, 16.0, -95.1817398071
90.4240875, 16.0, -97.608291626
91.2946243, 16.0, -100.3567276
92.1651611, 16.0, -103.535331726
93.0356979, 16.0, -107.194076538
93.9062347, 16.0, -111.390281677
94.7767715, 16.0, -116.182785034
95.6473083, 16.0, -121.642631531
96.5178528, 16.0, -127.844535828
97.3883896, 16.0, -134.830078125
98.2589264, 16.0, -142.583496094
99.1294632, 16.0, -151.028915405
20.8523006, 16.7999992, -67.3484573364
21.7126026, 16.7999992, -69.1484985352
22.5729027, 16.7999992, -70.7619857788
23.4332047, 16.7999992, -72.1920700073
24.2935047, 16.7999992, -73.4360733032
25.1538067, 16.7999992, -74.493812561
26.0141068, 16.7999992, -75.3768234253
26.8744087, 16.7999992, -76.1018066406
27.7347088, 16.7999992, -76.6930084229
28.5950108, 16.7999992, -77.1747512817
29.4553127, 16.7999992, -77.5684127808
30.3156128, 16.7999992, -77.891708374
31.1759148, 16.7999992, -78.1587905884
32.0362167, 16.7999992, -78.3806152344
32.8965149, 16.7999992, -78.5656204224
33.7568169, 16.7999992, -78.7206115723
34.6171188, 16.7999992, -78.8514938354
35.4774208, 16.7999992, -78.9630889893
36.337719, 16.7999992, -79.0582199097
37.1980209, 16.7999992, -79.1384963989
38.0583229, 16.7999992, -79.2081756592
38.9186249, 16.7999992, -79.2697219849
39.778923, 16.7999992, -79.3243331909
40.639225, 16.7999992, -79.3728408813
41.499527, 16.7999992, -79.4159698486
42.3598289, 16.7999992, -79.4544143677
43.2201309, 16.7999992, -79.4888687134
44.0804291, 16.7999992, -79.5200805664
44.940731, 16.7999992, -79.5487365723
45.801033, 16.7999992, -79.5747146606
46.661335, 16.7999992, -79.5958023071
47.5216331, 16.7999992, -79.6137390137
48.3819351, 16.7999992, -79.6298141479
49.2422371, 16.7999992, -79.6445236206
50.1025391, 16.7999992, -79.658164978
50.9628372, 16.7999992, -79.6709747314
51.8231392, 16.7999992, -79.6831512451
52.6834412, 16.7999992, -79.6948928833
53.5437431, 16.7999992, -79.7063751221
54.4040413, 16.7999992, -79.7177810669
55.2643433, 16.7999992, -79.7292938232
56.1246452, 16.7999992, -79.7411117554
56.9849472, 16.7999992, -79.7534332275
57.8452492, 16.7999992, -79.766456604
58.7055473, 16.7999992, -79.7804260254
59.5658493, 16.7999992, -79.7955856323
60.4261513, 16.7999992, -79.8122177124
61.2864532, 16.7999992, -79.8306274414
62.1467514, 16.7999992, -79.8511810303
63.0070534, 16.7999992, -79.8743209839
63.8673553, 16.7999992, -79.9005889893
64.7276535, 16.7999992, -79.9307403564
65.5879593, 16.7999992, -79.9659576416
66.4482574, 16.7999992, -80.0091171265
67.3085556, 16.7999992, -80.0656356812
68.1688614, 16.7999992, -80.1318511963
69.0291595, 16.7999992, -80.2073669434
69.8894653, 16.7999992, -80.2912063599
70.7497635, 16.7999992, -80.3845367432
71.6100616, 16.7999992, -80.4904632568
72.4703674, 16.7999992, -80.6133422852
73.3306656, 16.7999992, -80.7595062256
74.1909714, 16.7999992, -80.9348068237
75.0512695, 16.7999992, -81.1415481567
75.9115677, 16.7999992, -81.3812103271
76.7718735, 16.7999992, -81.6581497192
77.6321716, 16.7999992, -81.9795837402
78.4924698, 16.7999992, -82.3531951904
79.3527756, 16.7999992, -82.7863464355
80.2130737, 16.7999992, -83.2868652344
81.0733795, 16.7999992, -83.8639068604
81.9336777, 16.7999992, -84.5278701782
82.7939758, 16.7999992, -85.2902984619
83.6542816, 16.7999992, -86.1639328003
84.5145798, 16.7999992, -87.1630630493
85.3748779, 16.7999992, -88.3038253784
86.2351837, 16.7999992, -89.6046447754
87.0954819, 16.7999992, -91.0868759155
87.9557877, 16.7999992, -92.7758636475
88.8160858, 16.7999992, -94.7014846802
89.676384, 16.7999992, -96.9012298584
90.5366898, 16.7999992, -99.4115600586
91.3969879, 16.7999992, -102.272285461
92.2572937, 16.7999992, -105.604301453
93.1175919, 16.7999992, -109.449386597
93.97789, 16.7999992, -113.874610901
94.8381958, 16.7999992, -118.963745117
95.698494, 16.7999992, -124.81035614
96.5587921, 16.7999992, -131.543273926
97.4190979, 16.7999992, -139.242477417
98.2793961, 16.7999992, -147.951858521
99.1397018, 16.7999992, -157.616958618
21.7940636, 17.6000004, -69.2045135498
22.6441288, 17.6000004, -70.9703140259
23.494194, 17.6000004, -72.5379486084
24.3442574, 17.6000004, -73.889251709
25.1943226, 17.6000004, -75.0197143555
26.0443878, 17.6000004, -75.9457168579
26.8944511, 17.6000004, -76.6931686401
27.7445164, 17.6000004, -77.2945632935
28.5945797, 17.6000004, -77.7795028687
29.4446449, 17.6000004, -78.1726303101
30.2947102, 17.6000004, -78.4933776855
31.1447735, 17.6000004, -78.7564620972
31.9948387, 17.6000004, -78.9725952148
32.844902, 17.6000004, -79.1497039795
33.6949692, 17.6000004, -79.2943954468
34.5450325, 17.6000004, -79.4137420654
35.3950958, 17.6000004, -79.5148468018
36.245163, 17.6000004, -79.6003036499
37.0952263, 17.6000004, -79.6652450562
37.9452896, 17.6000004, -79.7213668823
38.7953529, 17.6000004, -79.7721405029
39.6454201, 17.6000004, -79.8179550171
40.4954834, 17.6000004, -79.8590774536
41.3455467, 17.6000004, -79.8958969116
42.1956139, 17.6000004, -79.928894043
43.0456772, 17.6000004, -79.958656311
43.8957405, 17.6000004, -79.986000061
44.7458076, 17.6000004, -80.0128173828
45.595871, 17.6000004, -80.0392074585
46.4459343, 17.6000004, -80.06300354
47.2960014, 17.6000004, -80.0842208862
48.1460648, 17.6000004, -80.1033706665
48.9961281, 17.6000004, -80.120880127
49.8461952, 17.6000004, -80.1371002197
50.6962585, 17.6000004, -80.1522979736
51.5463219, 17.6000004, -80.1667022705
52.3963852, 17.6000004, -80.1805419922
53.2464523, 17.6000004, -80.1940231323
54.0965157, 17.6000004, -80.2073516846
54.946579, 17.6000004, -80.220741272
55.7966461, 17.6000004, -80.2344055176
56.6467094, 17.6000004, -80.2485656738
57.4967728, 17.6000004, -80.263458252
58.3468399, 17.6000004, -80.279335022
59.1969032, 17.6000004, -80.2964782715
60.0469666, 17.6000004, -80.3151931763
60.8970337, 17.6000004, -80.3358306885
61.747097, 17.6000004, -80.3587799072
62.5971603, 17.6000004, -80.3845062256
63.4472275, 17.6000004, -80.4135971069
64.297287, 17.6000004, -80.4467697144
65.1473541, 17.6000004, -80.4850463867
65.9974213, 17.6000004, -80.5300140381
66.8474808, 17.6000004, -80.5838928223
67.6975479, 17.6000004, -80.6474456787
68.5476151, 17.6000004, -80.7209091187
69.3976746, 17.6000004, -80.8045578003
70.2477417, 17.6000004, -80.8993988037
71.0978088, 17.6000004, -81.0074234009
71.9478683, 17.6000004, -81.1315765381
72.7979355, 17.6000004, -81.2757720947
73.6480026, 17.6000004, -81.4442749023
74.4980621, 17.6000004, -81.6408920288
75.3481293, 17.6000004, -81.8690032959
76.1981964, 17.6000004, -82.1325073242
77.0482559, 17.6000004, -82.4365081787
77.8983231, 17.6000004, -82.7872085571
78.7483902, 17.6000004, -83.1914520264
79.5984497, 17.6000004, -83.6566162109
80.4485168, 17.6000004, -84.1908798218
81.298584, 17.6000004, -84.8033905029
82.1486435, 17.6000004, -85.5043640137
82.9987106, 17.6000004, -86.3051681519
83.8487778, 17.6000004, -87.2184295654
84.6988373, 17.6000004, -88.2582321167
85.5489044, 17.6000004, -89.4404373169
86.3989639, 17.6000004, -90.7830810547
87.2490311, 17.6000004, -92.307258606
88.0990982, 17.6000004, -94.0386810303
88.9491577, 17.6000004, -96.0086975098
89.7992249, 17.6000004, -98.2565765381
90.649292, 17.6000004, -100.806404114
91.4993515, 17.6000004, -103.780784607
92.3494186, 17.6000004, -107.227806091
93.1994858, 17.6000004, -111.21370697
94.0495453, 17.6000004, -115.81363678
94.8996124, 17.6000004, -121.134872437
95.7496796, 17.6000004, -127.322914124
96.5997391, 17.6000004, -134.532348633
97.4498062, 17.6000004, -142.930450439
98.2998734, 17.6000004, -152.689865112
99.1499329, 17.6000004, -163.807830811
22.7358284, 18.3999996, -71.023765564
23.575655, 18.3999996, -72.7518997192
24.4154835, 18.3999996, -74.2247695923
25.255312, 18.3999996, -75.4266204834
26.0951405, 18.3999996, -76.3854675293
26.934967, 18.3999996, -77.1447219849
27.7747955, 18.3999996, -77.7469482422
28.614624, 18.3999996, -78.2277069092
29.4544525, 18.3999996, -78.6146774292
30.2942791, 18.3999996, -78.9284896851
31.1341076, 18.3999996, -79.1835174561
31.9739361, 18.3999996, -79.3886260986
32.8137627, 18.3999996, -79.5496368408
33.6535912, 18.3999996, -79.6711044312
34.4934196, 18.3999996, -79.7624206543
35.3332481, 18.3999996, -79.8391342163
36.1730766, 18.3999996, -79.9073791504
37.0129051, 18.3999996, -79.967376709
37.8527298, 18.3999996, -80.0243301392
38.6925583, 18.3999996, -80.0802993774
39.5323868, 18.3999996, -80.1321105957
40.3722153, 18.3999996, -80.17918396
41.2120438, 18.3999996, -80.2216415405
42.0518723, 18.3999996, -80.2598724365
42.8917007, 18.3999996, -80.2944107056
43.7315254, 18.3999996, -80.3259429932
44.5713539, 18.3999996, -80.3553237915
45.4111824, 18.3999996, -80.3829193115
46.2510109, 18.3999996, -80.4083709717
47.0908394, 18.3999996, -80.4315795898
47.9306679, 18.3999996, -80.4527435303
48.7704964, 18.3999996, -80.4721755981
49.610321, 18.3999996, -80.4901733398
50.4501495, 18.3999996, -80.5070037842
51.289978, 18.3999996, -80.52293396
52.1298065, 18.3999996, -80.5381774902
52.969635, 18.3999996, -80.5529785156
53.8094635, 18.3999996, -80.5675430298
54.649292, 18.3999996, -80.5820999146
55.4891167, 18.3999996, -80.5968704224
56.3289452, 18.3999996, -80.6120986938
57.1687737, 18.3999996, -80.6280212402
58.0086021, 18.3999996, -80.6449050903
58.8484306, 18.3999996, -80.6630401611
59.6882591, 18.3999996, -80.6827316284
60.5280876, 18.3999996, -80.7043457031
61.3679123, 18.3999996, -80.7282714844
62.2077408, 18.3999996, -80.7549819946
63.0475693, 18.3999996, -80.7850341797
63.8873978, 18.3999996, -80.8190994263
64.7272263, 18.3999996, -80.858039856
65.5670547, 18.3999996, -80.9029541016
66.4068832, 18.3999996, -80.9551696777
67.2467117, 18.3999996, -81.0158538818
68.0865402, 18.3999996, -81.0859222412
68.9263687, 18.3999996, -81.1662445068
69.7661972, 18.3999996, -81.2579803467
70.6060181, 18.3999996, -81.36277771
71.4458466, 18.3999996, -81.4828643799
72.285675, 18.3999996, -81.62109375
73.1255035, 18.3999996, -81.7807922363
73.965332, 18.3999996, -81.9654693604
74.8051605, 18.3999996, -82.1787414551
75.644989, 18.3999996, -82.4245147705
76.4848175, 18.3999996, -82.707244873
77.324646, 18.3999996, -83.0321426392
78.1644745, 18.3999996, -83.4051361084
79.004303, 18.3999996, -83.832862854
79.8441315, 18.3999996, -84.3226470947
80.68396, 18.3999996, -84.8826446533
81.5237885, 18.3999996, -85.5219039917
82.3636093, 18.3999996, -86.2504959106
83.2034378, 18.3999996, -87.079574585
84.0432663, 18.3999996, -88.021522522
84.8830948, 18.3999996, -89.0900497437
85.7229233, 18.3999996, -90.3004760742
86.5627518, 18.3999996, -91.6700286865
87.4025803, 18.3999996, -93.2186050415
88.2424088, 18.3999996, -94.970375061
89.0822372, 18.3999996, -96.9601898193
89.9220657, 18.3999996, -99.2279586792
90.7618942, 18.3999996, -101.816101074
91.6017227, 18.3999996, -104.849006653
92.4415512, 18.3999996, -108.369033813
93.2813797, 18.3999996, -112.441619873
94.1212006, 18.3999996, -117.150787354
94.9610291, 18.3999996, -122.624259949
95.8008575, 18.3999996, -129.047790527
96.640686, 18.3999996, -136.620101929
97.4805145, 18.3999996, -145.615844727
98.320343, 18.3999996, -156.446243286
99.1601715, 18.3999996, -169.347671509
23.6775913, 19.2000008, -72.8771057129
24.5071831, 19.2000008, -74.4952926636
25.3367748, 19.2000008, -75.7551879883
26.1663647, 19.2000008, -76.7250823975
26.9959564, 19.2000008, -77.4762039185
27.8255482, 19.2000008, -78.0642700195
28.6551399, 19.2000008, -78.5302200317
29.4847317, 19.2000008, -78.9035568237
30.3143234, 19.2000008, -79.2049255371
31.1439133, 19.2000008, -79.4468765259
31.973505, 19.2000008, -79.6327819824
32.8030968, 19.2000008, -79.7612457275
33.6326866, 19.2000008, -79.8575286865
34.4622803, 19.2000008, -79.9345779419
35.2918701, 19.2000008, -80.0038833618
36.1214638, 19.2000008, -80.0748138428
36.9510536, 19.2000008, -80.1418151855
37.7806435, 19.2000008, -80.2048187256
38.6102371, 19.2000008, -80.2642669678
39.439827, 19.2000008, -80.3193893433
40.2694206, 19.2000008, -80.3697280884
41.0990105, 19.2000008, -80.4153213501
41.9286003, 19.2000008, -80.4564971924
42.758194, 19.2000008, -80.4937210083
43.5877838, 19.2000008, -80.5275726318
44.4173775, 19.2000008, -80.5586395264
45.2469673, 19.2000008, -80.5872879028
46.076561, 19.2000008, -80.6136627197
46.9061508, 19.2000008, -80.6378479004
47.7357407, 19.2000008, -80.6600341797
48.5653343, 19.2000008, -80.6804504395
49.3949242, 19.2000008, -80.6993789673
50.2245178, 19.2000008, -80.7170639038
51.0541077, 19.2000008, -80.733757019
51.8836975, 19.2000008, -80.7497024536
52.7132912, 19.2000008, -80.76512146
53.542881, 19.2000008, -80.7802429199
54.3724747, 19.2000008, -80.7952804565
55.2020645, 19.2000008, -80.8104629517
56.0316544, 19.2000008, -80.8260345459
56.861248, 19.2000008, -80.8422241211
57.6908379, 19.2000008, -80.8592987061
58.5204315, 19.2000008, -80.8775405884
59.3500214, 19.2000008, -80.8972549438
60.1796112, 19.2000008, -80.9187850952
61.0092049, 19.2000008, -80.9425048828
61.8387947, 19.2000008, -80.9688720703
62.6683884, 19.2000008, -80.9983978271
63.4979782, 19.2000008, -81.0317001343
64.3275681, 19.2000008, -81.0695114136
65.1571579, 19.2000008, -81.1127319336
65.9867554, 19.2000008, -81.1623916626
66.8163452, 19.2000008, -81.2195587158
67.6459351, 19.2000008, -81.2852783203
68.4755249, 19.2000008, -81.3606109619
69.3051147, 19.2000008, -81.4467773438
70.1347122, 19.2000008, -81.5452728271
70.9643021, 19.2000008, -81.6579589844
71.7938919, 19.2000008, -81.7871780396
72.6234818, 19.2000008, -81.9356307983
73.4530716, 19.2000008, -82.1063919067
74.2826691, 19.2000008, -82.3028030396
75.1122589, 19.2000008, -82.5284957886
75.9418488, 19.2000008, -82.7875289917
76.7714386, 19.2000008, -83.084487915
77.6010361, 19.2000008, -83.4245758057
78.4306259, 19.2000008, -83.8136291504
79.2602158, 19.2000008, -84.2581558228
80.0898056, 19.2000008, -84.7654037476
80.9193954, 19.2000008, -85.343421936
81.7489929, 19.2000008, -86.001121521
82.5785828, 19.2000008, -86.7483673096
83.4081726, 19.2000008, -87.5960693359
84.2377625, 19.2000008, -88.5562667847
85.0673523, 19.2000008, -89.6422271729
85.8969498, 19.2000008, -90.8685836792
86.7265396, 19.2000008, -92.2515411377
87.5561295, 19.2000008, -93.8089447021
88.3857193, 19.2000008, -95.5611419678
89.2153091, 19.2000008, -97.5411453247
90.0449066, 19.2000008, -99.7871322632
90.8744965, 19.2000008, -102.401138306
91.7040863, 19.2000008, -105.45438385
92.5336761, 19.2000008, -108.9974823
93.363266, 19.2000008, -113.095924377
94.1928635, 19.2000008, -117.835472107
95.0224533, 19.2000008, -123.356040955
95.8520432, 19.2000008, -129.867950439
96.681633, 19.2000008, -137.612014771
97.5112228, 19.2000008, -146.952575684
98.3408203, 19.2000008, -158.512390137
99.1704102, 19.2000008, -173.567596436
