100, 0, -15.517
0, 0, 6.1256
-20, 0, 8.40779e-45
-20, -20, 200
100, -20, 194.6769
100, 20, -216.0087
23.8, 20, -79.0481
98.9247, 0, -13.3134
97.8495, 0, -10.953
96.7742, 0, -8.92924
95.6989, 0, -6.97749
94.6237, 0, -5.06784
93.5484, 0, -3.31564
92.4731, 0, -1.88212
91.3979, 0, -0.949493
90.3226, 0, -0.68413
89.2473, 0, 1.33066
88.172, 0, 3.46129
87.0968, 0, 4.78615
86.0215, 0, 5.85517
84.9462, 0, 6.69938
83.871, 0, 7.40363
82.7957, 0, 8.15099
81.7204, 0, 9.59779
80.6452, 0, 12.4633
79.5699, 0, 13.494
78.4946, 0, 10.8933
77.4194, 0, 9.55154
76.3441, 0, 8.97836
75.2688, 0, 8.55559
74.1936, 0, 8.19869
73.1183, 0, 7.94991
72.043, 0, 7.83546
70.9677, 0, 7.70732
69.8925, 0, 7.29186
68.8172, 0, 7.127
67.7419, 0, 6.77839
66.6667, 0, 6.44095
65.5914, 0, 6.22371
64.5161, 0, 6.09827
63.4409, 0, 6.03069
62.3656, 0, 6.10962
61.2903, 0, 6.82609
60.2151, 0, 8.11397
59.1398, 0, 7.70045
58.0645, 0, 6.62769
56.9892, 0, 6.29403
55.914, 0, 6.34904
54.8387, 0, 6.50988
53.7634, 0, 6.7933
52.6882, 0, 7.37223
51.6129, 0, 8.81143
50.5376, 0, 11.6494
49.4624, 0, 11.5026
48.3871, 0, 8.55199
47.3118, 0, 7.09037
46.2366, 0, 6.47621
45.1613, 0, 6.13274
44.086, 0, 5.86858
43.0108, 0, 5.62
41.9355, 0, 5.50856
40.8602, 0, 5.56658
39.7849, 0, 5.49228
38.7097, 0, 6.28596
37.6344, 0, 7.12353
36.5591, 0, 8.20849
35.4839, 0, 9.30727
34.4086, 0, 10.3805
33.3333, 0, 11.4808
32.2581, 0, 12.7469
31.1828, 0, 14.4474
30.1075, 0, 16.3254
29.0323, 0, 15.9459
27.957, 0, 15.5566
26.8817, 0, 15.6899
25.8065, 0, 15.9949
24.7312, 0, 16.3155
23.6559, 0, 16.5705
22.5806, 0, 16.6661
21.5054, 0, 16.4704
20.4301, 0, 16.041
19.3548, 0, 16.2499
18.2796, 0, 16.9177
17.2043, 0, 17.3848
16.129, 0, 17.5935
15.0538, 0, 17.6425
13.9785, 0, 17.5955
12.9032, 0, 17.4959
11.828, 0, 17.4146
10.7527, 0, 17.7056
9.67742, 0, 20.2829
8.60215, 0, 18.3611
7.52688, 0, 18.2009
6.45161, 0, 18.5112
5.37634, 0, 19.2772
4.30108, 0, 15.9312
3.22581, 0, 17.4334
2.15054, 0, 13.8348
1.07527, 0, 12.8058
-1.05263, 0, 11.0577
-2.10526, 0, 11.6731
-3.15789, 0, 11.1067
-4.21053, 0, 10.0277
-5.2632, 0, 8.6462
-6.3158, 0, 7.0392
-7.3684, 0, 5.2448
-8.4211, 0, 3.2855
-9.4737, 0, 1.1557
-10.5263, 0, 0.239948
-11.5789, 0, 0.573609
-12.6316, 0, 0.767365
-13.6842, 0, 0.856322
-14.7368, 0, 0.862024
-15.7895, 0, 0.798481
-16.8421, 0, 0.675403
-17.8947, 0, 0.499435
-18.9474, 0, 0.274814
-20, -1, 9.5
-20, -2, 19
-20, -3, 28.5
-20, -4, 38
-20, -5, 47.5
-20, -6, 57
-20, -7, 66.5
-20, -8, 76
-20, -9, 85.5
-20, -10, 100
-20, -11, 114.5
-20, -12, 124
-20, -13, 133.5
-20, -14, 143
-20, -15, 152.5
-20, -16, 162
-20, -17, 171.5
-20, -18, 181
-20, -19, 190.5
-18.92857, -20, 200.3432
-17.85714, -20, 200.6865
-16.78572, -20, 201.0297
-15.71429, -20, 201.373
-14.64286, -20, 201.7162
-13.57143, -20, 202.0595
-12.5, -20, 202.4027
-11.42857, -20, 202.746
-10.35714, -20, 203.0892
-9.285714, -20, 203.4179
-8.214286, -20, 203.7393
-7.142857, -20, 204.0607
-6.071429, -20, 204.3821
-5, -20, 204.7035
-3.928571, -20, 205.0249
-2.857143, -20, 205.3463
-1.785714, -20, 205.6677
-0.7142857, -20, 205.9891
0.3571429, -20, 206.8401
1.428571, -20, 207.5485
2.5, -20, 207.3598
3.571429, -20, 208.0057
4.642857, -20, 208.7938
5.714286, -20, 209.1455
6.785714, -20, 209.1732
7.857143, -20, 209.2008
8.928572, -20, 209.2285
10, -20, 209.2562
11.07143, -20, 209.4718
12.14286, -20, 209.6875
13.21429, -20, 209.9031
14.28571, -20, 210.1187
15.35714, -20, 210.3343
16.42857, -20, 210.55
17.5, -20, 210.7656
18.57143, -20, 210.9812
19.64286, -20, 211.1968
20.71428, -20, 211.2872
21.78572, -20, 211.315
22.85714, -20, 211.3428
23.92857, -20, 211.3706
25, -20, 211.3984
26.07143, -20, 211.4262
27.14286, -20, 211.454
28.21428, -20, 211.4818
29.28572, -20, 211.5096
30.35714, -20, 211.4724
31.42857, -20, 211.3051
32.5, -20, 211.1377
33.57143, -20, 210.9704
34.64286, -20, 210.8031
35.71429, -20, 210.6358
36.78571, -20, 210.4685
37.85714, -20, 210.3012
38.92857, -20, 210.1339
40, -20, 209.9665
41.07143, -20, 209.8626
42.14286, -20, 209.7587
43.21429, -20, 209.6548
44.28571, -20, 209.5509
45.35714, -20, 209.447
46.42857, -20, 209.343
47.5, -20, 209.2391
48.57143, -20, 209.1352
49.64286, -20, 209.0313
50.71429, -20, 208.9917
51.78571, -20, 208.9842
52.85714, -20, 208.9767
53.92857, -20, 208.9693
55, -20, 208.9618
56.07143, -20, 208.9544
57.14286, -20, 208.9469
58.21429, -20, 208.9394
59.28571, -20, 208.932
60.35714, -20, 208.8376
61.42857, -20, 208.5694
62.5, -20, 208.3012
63.57143, -20, 208.0329
64.64286, -20, 207.7647
65.71429, -20, 207.4965
66.78571, -20, 207.2283
67.85714, -20, 206.9601
68.92857, -20, 206.6919
70, -20, 206.4237
71.07143, -20, 206.2081
72.14286, -20, 205.9924
73.21429, -20, 205.7768
74.28571, -20, 205.5612
75.35714, -20, 205.3456
76.42857, -20, 205.1299
77.5, -20, 204.9143
78.57143, -20, 204.6987
79.64286, -20, 204.4831
80.71429, -20, 204.2684
81.78571, -20, 204.0541
82.85714, -20, 203.8399
83.92857, -20, 203.6256
85, -20, 203.4114
86.07143, -20, 203.1971
87.14286, -20, 202.9829
88.21429, -20, 202.7686
89.28571, -20, 202.5543
90.35714, -20, 202.1353
91.42857, -20, 201.3066
92.5, -20, 200.4779
93.57143, -20, 199.6492
94.64286, -20, 198.8204
95.71429, -20, 197.9917
96.78571, -20, 197.163
97.85714, -20, 196.3343
98.92857, -20, 195.5056
100, -19, 186.5437
100, -18, 178.4104
100, -17, 168.5849
100, -16, 158.5604
100, -15, 150.5027
100, -14, 142.9695
100, -13, 130.81
100, -12, 116.5154
100, -11, 105.2146
100, -10, 96.0911
100, -9, 83.5339
100, -8, 67.1614
100, -7, 53.9711
100, -6, 46.2357
100, -5, 37.4968
100, -4, 25.9475
100, -3, 15.2267
100, -2, 8.92395
100, -1, 2.02946
100, 0.8, -29.5542
100, 1.6, -35.7093
100, 2.4, -38.2265
100, 3.2, -41.5136
100, 4, -58.6585
100, 4.8, -75.8034
100, 5.6, -85.8619
100, 6.4, -86.1766
100, 7.2, -86.4913
100, 8, -104.2352
100, 8.8, -126.627
100, 9.6, -143.038
100, 10.4, -127.5518
100, 11.2, -112.0656
100, 12, -117.2475
100, 12.8, -141.0307
100, 13.6, -164.8139
100, 14.4, -182.1614
100, 15.2, -198.7516
100, 16, -213.6871
100, 16.8, -223.9892
100, 17.6, -234.2913
100, 18.4, -232.788
100, 19.2, -224.3983
99.18065, 20, -208.5114
98.36129, 20, -201.014
97.54194, 20, -193.5167
96.72258, 20, -186.0194
95.90323, 20, -178.5221
95.08387, 20, -171.0247
94.26452, 20, -163.5275
93.44516, 20, -156.0301
92.62581, 20, -148.5328
91.80645, 20, -141.0355
90.9871, 20, -133.5382
90.16774, 20, -126.0408
89.34839, 20, -119.6764
88.52903, 20, -113.6035
87.70968, 20, -107.5307
86.89032, 20, -101.4578
86.071, 20, -95.385
85.2516, 20, -89.3122
84.4323, 20, -83.2393
83.6129, 20, -77.1665
82.7935, 20, -71.0937
81.9742, 20, -65.0208
81.1548, 20, -58.948
80.3355, 20, -52.8752
79.5161, 20, -52.3426
78.6968, 20, -55.6514
77.8774, 20, -58.9603
77.0581, 20, -62.269
76.2387, 20, -65.5779
75.4194, 20, -68.8867
74.6, 20, -72.1955
73.7806, 20, -75.5043
72.9613, 20, -78.8131
72.1419, 20, -82.1219
71.3226, 20, -85.4307
70.5032, 20, -88.7395
69.6839, 20, -90.718
68.8645, 20, -90.5786
68.0452, 20, -90.4392
67.2258, 20, -90.2998
66.4064, 20, -90.1604
65.5871, 20, -90.021
64.7677, 20, -89.8816
63.9484, 20, -89.7423
63.129, 20, -89.6029
62.3097, 20, -89.4635
61.4903, 20, -89.3241
60.671, 20, -89.1847
59.8516, 20, -89.0026
59.0323, 20, -88.6274
58.2129, 20, -88.2522
57.3935, 20, -87.877
56.5742, 20, -87.5018
55.7548, 20, -87.1266
54.9355, 20, -86.7514
54.1161, 20, -86.3762
53.2968, 20, -86.001
52.4774, 20, -85.6258
51.6581, 20, -85.2506
50.8387, 20, -84.8754
50.0194, 20, -84.5001
49.2, 20, -85.1261
48.3806, 20, -85.7763
47.5613, 20, -86.4265
46.7419, 20, -87.0767
45.9226, 20, -87.7269
45.1032, 20, -88.3772
44.2839, 20, -89.0274
43.4645, 20, -89.6776
42.6452, 20, -90.3278
41.8258, 20, -90.978
41.0065, 20, -91.6282
40.1871, 20, -92.2784
39.3677, 20, -92.3103
38.5484, 20, -92.1591
37.729, 20, -92.008
36.9097, 20, -91.8569
36.0903, 20, -91.7058
35.271, 20, -91.5547
34.4516, 20, -91.4036
33.6323, 20, -91.2525
32.8129, 20, -91.1014
31.9935, 20, -90.9502
31.1742, 20, -90.7991
30.3548, 20, -90.648
29.5355, 20, -90.2064
28.7161, 20, -89.3503
27.8968, 20, -88.2482
27.0774, 20, -86.9001
26.2581, 20, -85.3061
25.4387, 20, -83.466
24.6194, 20, -81.3801
22.848, 19.2, -76.8266
21.896, 18.4, -75.7095
20.944, 17.6, -75.8549
19.992, 16.8, -79.7382
19.04, 16, -71.2119
18.088, 15.2, -66.3396
17.136, 14.4, -62.4351
16.184, 13.6, -58.9093
15.232, 12.8, -55.5471
14.28, 12, -52.2694
13.328, 11.2, -49.0294
12.376, 10.4, -45.7417
11.424, 9.6, -42.1751
10.472, 8.8, -37.8271
9.52, 8, -33.4161
8.568, 7.2, -29.2808
7.616, 6.4, -24.8069
6.664, 5.6, -20.0151
5.712, 4.8, -14.7894
4.76, 4, -8.5534
3.808, 3.2, -2.1088
2.856, 2.4, 4.2141
1.904, 1.6, 8.4553
0.952, 0.8, 8.6187
98.9249, -1, -2.16148
97.8498, -1, -0.900256
96.7748, -1, 1.01254
95.6997, -1, 2.91176
94.6246, -1, 4.70214
93.5495, -1, 6.33965
92.4745, -1, 7.78775
91.3994, -1, 9.15068
90.3243, -1, 12.266
89.2492, -1, 12.5307
88.1742, -1, 13.1308
87.0991, -1, 14.1839
86.024, -1, 15.0113
84.9489, -1, 15.7382
83.8738, -1, 16.52
82.7988, -1, 17.5432
81.7237, -1, 19.094
80.6486, -1, 21.6974
79.5735, -1, 22.7063
78.4985, -1, 20.3498
77.4234, -1, 18.8868
76.3483, -1, 17.8819
75.2732, -1, 17.2231
74.1982, -1, 16.8771
73.1231, -1, 16.865
72.048, -1, 17.22
70.9729, -1, 17.3916
69.8979, -1, 15.4226
68.8228, -1, 16.482
67.7477, -1, 15.5336
66.6726, -1, 14.7418
65.5975, -1, 14.2882
64.5225, -1, 14.0606
63.4474, -1, 13.9491
62.3723, -1, 13.8181
61.2972, -1, 13.2706
60.2222, -1, 9.3384
59.1471, -1, 12.4843
58.072, -1, 13.7573
56.9969, -1, 14.1126
55.9219, -1, 14.388
54.8468, -1, 14.6901
53.7717, -1, 15.0678
52.6966, -1, 15.5832
51.6215, -1, 16.3819
50.5465, -1, 18.1257
49.4714, -1, 18.4782
48.3963, -1, 16.6028
47.3212, -1, 15.8309
46.2462, -1, 15.4055
45.1711, -1, 15.1294
44.096, -1, 14.9169
43.0209, -1, 14.7265
41.9459, -1, 14.6041
40.8708, -1, 15.4982
39.7957, -1, 18.7806
38.7206, -1, 15.7035
37.6455, -1, 16.3785
36.5705, -1, 17.381
35.4954, -1, 18.4027
34.4203, -1, 19.4454
33.3452, -1, 20.5538
32.2702, -1, 21.7967
31.1951, -1, 23.2333
30.12, -1, 24.3352
29.0449, -1, 24.5144
27.9699, -1, 24.5238
26.8948, -1, 24.6377
25.8197, -1, 24.8918
24.7446, -1, 25.1931
23.6695, -1, 25.4632
22.5945, -1, 25.6173
21.5194, -1, 25.476
20.4443, -1, 24.5368
19.3692, -1, 24.8813
18.2942, -1, 25.8831
17.2191, -1, 26.2302
16.144, -1, 26.365
15.0689, -1, 26.3819
13.9939, -1, 26.3209
12.9188, -1, 26.2224
11.8437, -1, 26.1956
10.7686, -1, 26.3837
9.69355, -1, 24.9073
8.61847, -1, 26.1078
7.54339, -1, 25.9571
6.46832, -1, 25.6928
5.39324, -1, 25.6152
4.31816, -1, 23.4465
3.24309, -1, 24.3205
2.16801, -1, 21.8523
1.09293, -1, 18.573
0.0178571, -1, 18.0073
-1.03571, -1, 17.6225
-2.08929, -1, 18.1532
-3.14286, -1, 17.8088
-4.19643, -1, 16.9989
-5.25, -1, 15.9014
-6.30357, -1, 14.6062
-7.35714, -1, 13.1713
-8.41071, -1, 11.6556
-9.46429, -1, 10.2186
-10.5179, -1, 9.75899
-11.5714, -1, 9.7384
-12.625, -1, 9.70913
-13.6786, -1, 9.67953
-14.7321, -1, 9.64959
-15.7857, -1, 9.61969
-16.8393, -1, 9.58971
-17.8929, -1, 9.55968
-18.9464, -1, 9.52966
98.9251, -2, 9.16349
97.8502, -2, 9.88952
96.7753, -2, 11.3661
95.7005, -2, 13.0291
94.6256, -2, 14.7524
93.5507, -2, 16.5191
92.4758, -2, 18.3396
91.4009, -2, 20.3946
90.326, -2, 22.833
89.2512, -2, 23.4222
88.1763, -2, 23.5385
87.1014, -2, 23.9849
86.0265, -2, 24.4989
84.9516, -2, 25.0742
83.8767, -2, 25.7471
82.8018, -2, 26.5716
81.727, -2, 27.6339
80.6521, -2, 29.1373
79.5772, -2, 29.7054
78.5023, -2, 28.2281
77.4274, -2, 27.1049
76.3525, -2, 26.2513
75.2776, -2, 25.6146
74.2028, -2, 25.1275
73.1279, -2, 24.8129
72.053, -2, 24.9519
70.9781, -2, 25.9138
69.9032, -2, 26.2944
68.8283, -2, 24.3916
67.7535, -2, 22.9773
66.6786, -2, 22.3785
65.6037, -2, 22.0853
64.5288, -2, 21.8449
63.4539, -2, 21.5566
62.379, -2, 21.0188
61.3041, -2, 19.3933
60.2293, -2, 16.1932
59.1544, -2, 17.924
58.0795, -2, 20.572
57.0046, -2, 21.7705
55.9297, -2, 22.3812
54.8548, -2, 22.8278
53.78, -2, 23.1988
52.7051, -2, 23.4723
51.6302, -2, 23.4113
50.5553, -2, 23.1014
49.4804, -2, 23.5524
48.4055, -2, 24.1808
47.3306, -2, 24.3792
46.2558, -2, 24.3328
45.1809, -2, 24.2449
44.106, -2, 24.1377
43.0311, -2, 24.0185
41.9562, -2, 23.9843
40.8813, -2, 24.3914
39.8064, -2, 25.3783
38.7316, -2, 25.2446
37.6567, -2, 25.849
36.5818, -2, 26.738
35.5069, -2, 27.6649
34.432, -2, 28.6005
33.3571, -2, 29.5648
32.2823, -2, 30.5709
31.2074, -2, 31.5196
30.1325, -2, 32.3501
29.0576, -2, 32.737
27.9827, -2, 33.1511
26.9078, -2, 33.4884
25.8329, -2, 33.8239
24.7581, -2, 34.177
23.6832, -2, 34.5134
22.6083, -2, 34.78
21.5334, -2, 34.8815
20.4585, -2, 34.4533
19.3836, -2, 34.745
18.3088, -2, 35.2944
17.2339, -2, 35.4506
16.159, -2, 35.4882
15.0841, -2, 35.463
14.0092, -2, 35.3777
12.9343, -2, 35.257
11.8594, -2, 35.11
10.7846, -2, 34.5797
9.70968, -2, 33.3232
8.63479, -2, 33.7636
7.55991, -2, 33.6995
6.48502, -2, 33.1597
5.41014, -2, 31.6499
4.33525, -2, 32.0421
3.26037, -2, 31.4633
2.18548, -2, 32.0859
1.1106, -2, 27.1867
0.0357143, -2, 27.738
-1.0188, -2, 26.494
-2.07331, -2, 26.0728
-3.12782, -2, 25.664
-4.18233, -2, 24.9854
-5.23684, -2, 24.1016
-6.29135, -2, 23.0767
-7.34586, -2, 21.9732
-8.40038, -2, 20.8791
-9.45489, -2, 20.0101
-10.5094, -2, 19.5402
-11.5639, -2, 19.4801
-12.6184, -2, 19.4186
-13.6729, -2, 19.3568
-14.7274, -2, 19.2966
-15.782, -2, 19.2375
-16.8365, -2, 19.1788
-17.891, -2, 19.12
-18.9455, -2, 19.06
98.9253, -3, 19.3267
97.8506, -3, 20.6538
96.7759, -3, 21.8181
95.7012, -3, 23.1973
94.6265, -3, 24.8181
93.5518, -3, 26.7069
92.4771, -3, 28.9076
91.4025, -3, 31.3229
90.3278, -3, 32.3821
89.2531, -3, 33.5946
88.1784, -3, 33.7837
87.1037, -3, 33.582
86.029, -3, 33.7232
84.9543, -3, 34.1085
83.8796, -3, 34.6211
82.8049, -3, 35.1526
81.7302, -3, 35.5731
80.6555, -3, 35.5013
79.5808, -3, 35.3244
78.5061, -3, 35.2734
77.4314, -3, 34.81
76.3568, -3, 34.365
75.2821, -3, 33.8813
74.2074, -3, 33.3241
73.1327, -3, 32.6722
72.058, -3, 31.9957
70.9833, -3, 32.4195
69.9086, -3, 37.22
68.8339, -3, 30.9194
67.7592, -3, 30.1216
66.6845, -3, 30.0603
65.6098, -3, 29.9328
64.5351, -3, 29.6296
63.4604, -3, 29.0944
62.3858, -3, 28.2446
61.3111, -3, 26.9708
60.2364, -3, 25.5436
59.1617, -3, 26.2113
58.087, -3, 27.949
57.0123, -3, 29.2524
55.9376, -3, 30.1453
54.8629, -3, 30.7468
53.7882, -3, 31.108
52.7135, -3, 31.2182
51.6388, -3, 30.9489
50.5641, -3, 29.2871
49.4894, -3, 29.4129
48.4147, -3, 32.0399
47.3401, -3, 32.8744
46.2654, -3, 33.2479
45.1907, -3, 33.4106
44.116, -3, 33.4698
43.0413, -3, 33.4842
41.9666, -3, 33.4555
40.8919, -3, 32.8513
39.8172, -3, 30.4572
38.7425, -3, 34.4452
37.6678, -3, 35.4441
36.5931, -3, 36.2176
35.5184, -3, 36.9791
34.4437, -3, 37.7393
33.369, -3, 38.4827
32.2944, -3, 39.1823
31.2197, -3, 39.801
30.145, -3, 40.3878
29.0703, -3, 41.0807
27.9956, -3, 41.6405
26.9209, -3, 42.1813
25.8462, -3, 42.6949
24.7715, -3, 43.176
23.6968, -3, 43.6216
22.6221, -3, 44.0423
21.5474, -3, 44.5249
20.4727, -3, 45.2624
19.398, -3, 45.2801
18.3233, -3, 44.9587
17.2487, -3, 44.9301
16.174, -3, 44.9402
15.0993, -3, 44.9012
14.0246, -3, 44.7851
12.9499, -3, 44.5524
11.8752, -3, 44.0744
10.8005, -3, 43.2943
9.72581, -3, 43.9231
8.65111, -3, 42.7144
7.57642, -3, 42.3277
6.50173, -3, 41.9395
5.42704, -3, 41.0468
4.35234, -3, 40.7861
3.27765, -3, 42.3833
2.20296, -3, 39.7441
1.12826, -3, 35.5049
0.0535714, -3, 37.4237
-1.00188, -3, 36.2479
-2.05733, -3, 35.1164
-3.11278, -3, 34.3786
-4.16823, -3, 33.7015
-5.22368, -3, 32.9452
-6.27914, -3, 32.1224
-7.33459, -3, 31.2875
-8.39004, -3, 30.5429
-9.44549, -3, 29.7942
-10.5009, -3, 29.3192
-11.5564, -3, 29.2174
-12.6118, -3, 29.1201
-13.6673, -3, 29.0288
-14.7227, -3, 28.9398
-15.7782, -3, 28.852
-16.8336, -3, 28.7649
-17.8891, -3, 28.678
-18.9445, -3, 28.5904
98.9255, -4, 28.4561
97.851, -4, 30.2265
96.7765, -4, 31.5953
95.702, -4, 33.0482
94.6275, -4, 34.5915
93.553, -4, 36.2698
92.4785, -4, 38.232
91.404, -4, 40.6346
90.3295, -4, 43.1701
89.255, -4, 43.5772
88.1805, -4, 42.6908
87.106, -4, 42.4091
86.0315, -4, 42.512
84.957, -4, 42.7843
83.8825, -4, 43.1283
82.808, -4, 43.4364
81.7335, -4, 43.339
80.659, -4, 42.2431
79.5845, -4, 41.6656
78.51, -4, 42.5336
77.4355, -4, 42.8031
76.361, -4, 42.5662
75.2865, -4, 42.1622
74.212, -4, 41.6605
73.1375, -4, 40.9941
72.063, -4, 39.9261
70.9885, -4, 38.3012
69.914, -4, 38.3917
68.8395, -4, 37.7606
67.765, -4, 38.3094
66.6905, -4, 38.4052
65.616, -4, 38.2366
64.5415, -4, 37.8686
63.467, -4, 37.2845
62.3925, -4, 36.5442
61.318, -4, 36.0823
60.2435, -4, 35.7945
59.169, -4, 36.0951
58.0945, -4, 36.578
57.02, -4, 37.4433
55.9455, -4, 38.2986
54.871, -4, 38.9404
53.7965, -4, 39.3738
52.722, -4, 39.5951
51.6475, -4, 39.4248
50.573, -4, 38.1021
49.4985, -4, 38.2043
48.424, -4, 40.5449
47.3495, -4, 41.707
46.275, -4, 42.2968
45.2005, -4, 42.6522
44.126, -4, 42.8842
43.0515, -4, 43.0032
41.977, -4, 42.847
40.9025, -4, 41.8693
39.828, -4, 40.9436
38.7535, -4, 43.464
37.679, -4, 44.8902
36.6045, -4, 45.6828
35.53, -4, 46.3312
34.4555, -4, 46.9091
33.381, -4, 47.4113
32.3064, -4, 47.8434
31.232, -4, 48.2096
30.1574, -4, 48.7167
29.0829, -4, 49.5337
28.0084, -4, 50.2847
26.9339, -4, 50.9906
25.8594, -4, 51.6772
24.7849, -4, 52.3084
23.7104, -4, 52.9068
22.6359, -4, 53.5172
21.5614, -4, 54.2342
20.4869, -4, 55.666
19.4124, -4, 55.6851
18.3379, -4, 54.8404
17.2634, -4, 54.6937
16.1889, -4, 54.6258
15.1144, -4, 54.5402
14.0399, -4, 54.3965
12.9654, -4, 54.1304
11.8909, -4, 53.6144
10.8164, -4, 53.0773
9.74194, -4, 52.1495
8.66743, -4, 52.2844
7.59293, -4, 51.909
6.51843, -4, 51.5029
5.44393, -4, 51.7998
4.36943, -4, 49.775
3.29493, -4, 52.4558
2.22043, -4, 50.7791
1.14593, -4, 47.8053
0.0714286, -4, 46.288
-0.984962, -4, 45.4718
-2.04135, -4, 44.6179
-3.09774, -4, 43.8628
-4.15414, -4, 43.1417
-5.21053, -4, 42.4118
-6.26692, -4, 41.6754
-7.32331, -4, 40.9472
-8.3797, -4, 40.2416
-9.43609, -4, 39.5454
-10.4925, -4, 39.0911
-11.5489, -4, 38.9419
-12.6053, -4, 38.8147
-13.6617, -4, 38.6923
-14.718, -4, 38.5747
-15.7744, -4, 38.4603
-16.8308, -4, 38.3473
-17.8872, -4, 38.234
-18.9436, -4, 38.1188
98.9257, -5, 37.6187
97.8514, -5, 39.2879
96.7771, -5, 41.1158
95.7028, -5, 42.739
94.6285, -5, 44.1996
93.5541, -5, 45.5688
92.4798, -5, 46.9445
91.4055, -5, 48.761
90.3312, -5, 53.3657
89.2569, -5, 52.098
88.1826, -5, 50.7433
87.1083, -5, 50.7922
86.034, -5, 50.9713
84.9597, -5, 51.1358
83.8854, -5, 51.2748
82.8111, -5, 51.3655
81.7367, -5, 51.3267
80.6624, -5, 50.5975
79.5881, -5, 49.7102
78.5138, -5, 50.696
77.4395, -5, 50.7804
76.3652, -5, 50.5943
75.2909, -5, 50.3067
74.2166, -5, 49.9326
73.1423, -5, 49.4161
72.068, -5, 48.5504
70.9937, -5, 46.0626
69.9194, -5, 37.2216
68.845, -5, 46.0521
67.7707, -5, 47.3213
66.6964, -5, 47.4513
65.6221, -5, 47.3039
64.5478, -5, 47.0074
63.4735, -5, 46.5771
62.3992, -5, 46.0144
61.3249, -5, 45.4546
60.2506, -5, 46.2187
59.1763, -5, 45.874
58.102, -5, 46.1069
57.0276, -5, 46.8253
55.9533, -5, 47.4618
54.879, -5, 47.9851
53.8047, -5, 48.3897
52.7304, -5, 48.6754
51.6561, -5, 48.8128
50.5818, -5, 49.246
49.5075, -5, 49.7268
48.4332, -5, 50.0307
47.3589, -5, 50.8143
46.2846, -5, 51.4376
45.2103, -5, 51.9245
44.1359, -5, 52.2841
43.0616, -5, 52.4888
41.9873, -5, 52.4977
40.913, -5, 52.4384
39.8387, -5, 53.5834
38.7644, -5, 53.4094
37.6901, -5, 54.3765
36.6158, -5, 55.1741
35.5415, -5, 55.7915
34.4672, -5, 56.2611
33.3929, -5, 56.5918
32.3186, -5, 56.7781
31.2442, -5, 56.8968
30.1699, -5, 57.185
29.0956, -5, 58.1376
28.0213, -5, 59.1675
26.947, -5, 60.1411
25.8727, -5, 60.9631
24.7984, -5, 61.6978
23.7241, -5, 62.4019
22.6498, -5, 63.1356
21.5755, -5, 63.9987
20.5012, -5, 65.0655
19.4268, -5, 65.3113
18.3525, -5, 64.922
17.2782, -5, 64.6027
16.2039, -5, 64.3876
15.1296, -5, 64.2274
14.0553, -5, 64.0806
12.981, -5, 63.9509
11.9067, -5, 63.8635
10.8324, -5, 63.2269
9.75806, -5, 61.7781
8.68376, -5, 62.1836
7.60945, -5, 62.0536
6.53514, -5, 61.6519
5.46083, -5, 60.828
4.38652, -5, 60.1223
3.31221, -5, 61.5007
2.2379, -5, 58.9121
1.16359, -5, 60.8011
0.0892857, -5, 55.6609
-0.968045, -5, 54.5393
-2.02538, -5, 54.1647
-3.08271, -5, 53.6694
-4.14004, -5, 53.0102
-5.19737, -5, 52.2692
-6.2547, -5, 51.4879
-7.31203, -5, 50.6921
-8.36936, -5, 49.9175
-9.42669, -5, 49.2377
-10.484, -5, 48.8147
-11.5414, -5, 48.6521
-12.5987, -5, 48.4922
-13.656, -5, 48.3442
-14.7133, -5, 48.2017
-15.7707, -5, 48.0617
-16.828, -5, 47.9232
-17.8853, -5, 47.7851
-18.9427, -5, 47.6453
98.9259, -6, 47.3952
97.8518, -6, 49.3526
96.7776, -6, 51.1228
95.7035, -6, 52.6445
94.6294, -6, 53.9776
93.5553, -6, 55.1433
92.4812, -6, 56.172
91.4071, -6, 57.1331
90.3329, -6, 59.385
89.2588, -6, 58.9616
88.1847, -6, 59.1378
87.1106, -6, 59.3278
86.0365, -6, 59.4845
84.9624, -6, 59.535
83.8883, -6, 59.442
82.8141, -6, 59.3023
81.74, -6, 59.4605
80.6659, -6, 59.9734
79.5918, -6, 59.5315
78.5177, -6, 59.1442
77.4436, -6, 58.7384
76.3694, -6, 58.6588
75.2953, -6, 58.5945
74.2212, -6, 58.3537
73.1471, -6, 57.9182
72.073, -6, 57.2973
70.9988, -6, 55.6063
69.9247, -6, 51.3223
68.8506, -6, 55.4456
67.7765, -6, 56.6044
66.7024, -6, 56.9335
65.6283, -6, 57.0332
64.5541, -6, 56.912
63.48, -6, 56.589
62.4059, -6, 56.0979
61.3318, -6, 55.3875
60.2577, -6, 55.2431
59.1836, -6, 55.4832
58.1094, -6, 56.3159
57.0353, -6, 56.94
55.9612, -6, 57.4457
54.8871, -6, 57.8117
53.813, -6, 58.0501
52.7389, -6, 58.2652
51.6647, -6, 58.8485
50.5906, -6, 60.3523
49.5165, -6, 60.9775
48.4424, -6, 60.2707
47.3683, -6, 60.3575
46.2942, -6, 60.9011
45.22, -6, 61.467
44.1459, -6, 61.9428
43.0718, -6, 62.3486
41.9977, -6, 62.8524
40.9236, -6, 63.8427
39.8495, -6, 64.7472
38.7753, -6, 64.3319
37.7012, -6, 64.5
36.6271, -6, 65.042
35.553, -6, 65.5665
34.4789, -6, 65.9694
33.4048, -6, 66.2252
32.3306, -6, 66.3331
31.2565, -6, 66.23
30.1824, -6, 65.9572
29.1083, -6, 67.04
28.0342, -6, 68.5258
26.9601, -6, 69.618
25.8859, -6, 70.5195
24.8118, -6, 71.3001
23.7377, -6, 72.0333
22.6636, -6, 72.8003
21.5895, -6, 73.655
20.5154, -6, 74.1737
19.4412, -6, 74.6046
18.3671, -6, 74.73
17.293, -6, 74.4624
16.2189, -6, 74.2589
15.1448, -6, 74.1096
14.0707, -6, 73.9916
12.9965, -6, 73.8905
11.9224, -6, 73.8251
10.8483, -6, 73.8695
9.77419, -6, 73.3229
8.70008, -6, 73.1369
7.62596, -6, 72.7022
6.55184, -6, 72.1285
5.47773, -6, 71.2261
4.40361, -6, 73.084
3.32949, -6, 70.0911
2.25538, -6, 69.2437
1.18126, -6, 69.5454
0.107143, -6, 64.4138
-0.951128, -6, 64.0848
-2.0094, -6, 64.1371
-3.06767, -6, 63.6755
-4.12594, -6, 63.0455
-5.18421, -6, 62.3135
-6.24248, -6, 61.4874
-7.30075, -6, 60.5706
-8.35902, -6, 59.6819
-9.41729, -6, 58.9242
-10.4756, -6, 58.5289
-11.5338, -6, 58.3337
-12.5921, -6, 58.2189
-13.6504, -6, 58.1976
-14.7086, -6, 58.1066
-15.7669, -6, 57.9193
-16.8252, -6, 57.6407
-17.8835, -6, 57.3375
-18.9417, -6, 57.1676
98.9261, -7, 58.2318
97.8521, -7, 60.3149
96.7782, -7, 61.8247
95.7043, -7, 63.1792
94.6304, -7, 64.3928
93.5564, -7, 65.4096
92.4825, -7, 66.1194
91.4086, -7, 66.2361
90.3347, -7, 63.5237
89.2607, -7, 66.2892
88.1868, -7, 68.0455
87.1129, -7, 68.7114
86.039, -7, 69.0082
84.9651, -7, 69.0267
83.8911, -7, 68.7737
82.8172, -7, 68.2603
81.7433, -7, 67.6573
80.6694, -7, 68.6301
79.5954, -7, 69.6584
78.5215, -7, 67.3641
77.4476, -7, 67.5752
76.3737, -7, 67.9716
75.2997, -7, 68.12
74.2258, -7, 67.9571
73.1519, -7, 67.4519
72.078, -7, 66.6211
71.004, -7, 66.3871
69.9301, -7, 71.0276
68.8562, -7, 66.0418
67.7823, -7, 66.5625
66.7083, -7, 67.2855
65.6344, -7, 67.6355
64.5605, -7, 67.6637
63.4866, -7, 67.4245
62.4126, -7, 66.9341
61.3387, -7, 66.1602
60.2648, -7, 63.8876
59.1909, -7, 65.8066
58.1169, -7, 67.1865
57.043, -7, 67.878
55.9691, -7, 68.2773
54.8952, -7, 68.5079
53.8212, -7, 68.6164
52.7473, -7, 68.6978
51.6734, -7, 68.9303
50.5995, -7, 70.0472
49.5255, -7, 70.7495
48.4516, -7, 70.3069
47.3777, -7, 70.7016
46.3038, -7, 71.2757
45.2298, -7, 71.8778
44.1559, -7, 72.4508
43.082, -7, 73.0369
42.0081, -7, 73.6913
40.9341, -7, 74.5844
39.8602, -7, 75.167
38.7863, -7, 75.1354
37.7124, -7, 75.3015
36.6384, -7, 75.6632
35.5645, -7, 76.0523
34.4906, -7, 76.3804
33.4167, -7, 76.5845
32.3427, -7, 76.5887
31.2688, -7, 76.254
30.1949, -7, 75.0448
29.121, -7, 76.808
28.047, -7, 78.3783
26.9731, -7, 79.5332
25.8992, -7, 80.4121
24.8253, -7, 81.1469
23.7513, -7, 81.816
22.6774, -7, 82.47
21.6035, -7, 83.0953
20.5296, -7, 83.8085
19.4556, -7, 84.2781
18.3817, -7, 84.2034
17.3078, -7, 84.1456
16.2339, -7, 84.042
15.1599, -7, 83.9481
14.086, -7, 83.8777
13.0121, -7, 83.8154
11.9382, -7, 83.7236
10.8642, -7, 84.1223
9.79032, -7, 85.8829
8.7164, -7, 84.083
7.64247, -7, 83.1326
6.56855, -7, 82.6962
5.49462, -7, 82.7501
4.4207, -7, 81.881
3.34677, -7, 78.7877
2.27285, -7, 80.39
1.19892, -7, 79.455
0.125, -7, 73.8276
-0.934211, -7, 74.6705
-1.99342, -7, 74.4759
-3.05263, -7, 73.9775
-4.11184, -7, 73.3598
-5.17105, -7, 72.6581
-6.23026, -7, 71.8604
-7.28947, -7, 70.9189
-8.34868, -7, 69.7427
-9.4079, -7, 68.6675
-10.4671, -7, 68.1959
-11.5263, -7, 68.2091
-12.5855, -7, 68.4998
-13.6447, -7, 68.5711
-14.7039, -7, 68.4853
-15.7632, -7, 68.2674
-16.8224, -7, 67.9101
-17.8816, -7, 67.3695
-18.9408, -7, 66.6982
98.9263, -8, 69.9382
97.8525, -8, 71.5933
96.7788, -8, 72.9804
95.7051, -8, 74.2511
94.6313, -8, 75.3789
93.5576, -8, 76.2983
92.4839, -8, 76.8168
91.4101, -8, 76.3582
90.3364, -8, 73.2567
89.2627, -8, 75.4667
88.1889, -8, 78.1223
87.1152, -8, 79.1735
86.0415, -8, 79.5588
84.9677, -8, 79.5723
83.894, -8, 79.2921
82.8203, -8, 78.6185
81.7465, -8, 77.3558
80.6728, -8, 75.9568
79.5991, -8, 76.8309
78.5253, -8, 77.0115
77.4516, -8, 78.0961
76.3779, -8, 78.7158
75.3041, -8, 78.9253
74.2304, -8, 78.853
73.1567, -8, 78.5042
72.0829, -8, 77.933
71.0092, -8, 78.3035
69.9355, -8, 81.6505
68.8617, -8, 78.3084
67.788, -8, 78.2542
66.7143, -8, 78.8433
65.6406, -8, 79.18
64.5668, -8, 79.2879
63.4931, -8, 79.1964
62.4194, -8, 78.827
61.3456, -8, 78.0636
60.2719, -8, 75.8854
59.1982, -8, 77.2774
58.1244, -8, 78.8071
57.0507, -8, 79.513
55.977, -8, 79.8275
54.9032, -8, 79.945
53.8295, -8, 79.9179
52.7558, -8, 79.7284
51.682, -8, 79.2967
50.6083, -8, 78.7127
49.5346, -8, 79.2894
48.4608, -8, 80.3529
47.3871, -8, 81.4637
46.3134, -8, 82.2854
45.2396, -8, 82.977
44.1659, -8, 83.5842
43.0922, -8, 84.1352
42.0184, -8, 84.6146
40.9447, -8, 84.8965
39.871, -8, 85.4653
38.7972, -8, 85.8145
37.7235, -8, 86.3642
36.6498, -8, 86.7709
35.576, -8, 87.1062
34.5023, -8, 87.3712
33.4286, -8, 87.5253
32.3548, -8, 87.4659
31.2811, -8, 87.0812
30.2074, -8, 86.0644
29.1336, -8, 87.5077
28.0599, -8, 88.8836
26.9862, -8, 89.8585
25.9124, -8, 90.5871
24.8387, -8, 91.1809
23.765, -8, 91.6986
22.6912, -8, 92.1787
21.6175, -8, 92.6901
20.5438, -8, 93.5608
19.47, -8, 93.9763
18.3963, -8, 93.7134
17.3226, -8, 93.6604
16.2488, -8, 93.5991
15.1751, -8, 93.548
14.1014, -8, 93.5273
13.0276, -8, 93.58
11.9539, -8, 93.775
10.8802, -8, 93.9827
9.80645, -8, 95.1876
8.73272, -8, 93.4664
7.65899, -8, 92.8178
6.58525, -8, 92.2813
5.51152, -8, 92.2069
4.43779, -8, 91.6915
3.36406, -8, 89.5926
2.29032, -8, 90.4056
1.21659, -8, 87.9881
0.142857, -8, 86.3624
-0.917293, -8, 85.8268
-1.97744, -8, 85.1147
-3.03759, -8, 84.4826
-4.09774, -8, 83.8555
-5.15789, -8, 83.2013
-6.21805, -8, 82.4879
-7.2782, -8, 81.6549
-8.33835, -8, 80.5497
-9.3985, -8, 78.6708
-10.4586, -8, 77.8998
-11.5188, -8, 78.9572
-12.5789, -8, 79.2963
-13.6391, -8, 79.3291
-14.6992, -8, 79.2102
-15.7594, -8, 78.9754
-16.8195, -8, 78.6146
-17.8797, -8, 78.0544
-18.9398, -8, 77.0398
98.9265, -9, 82.1995
97.8529, -9, 83.2145
96.7794, -9, 84.4885
95.7058, -9, 85.6724
94.6323, -9, 86.7209
93.5588, -9, 87.591
92.4852, -9, 88.1618
91.4117, -9, 88.1402
90.3381, -9, 88.2324
89.2646, -9, 88.0801
88.1911, -9, 89.6014
87.1175, -9, 90.3443
86.044, -9, 90.5911
84.9704, -9, 90.5644
83.8969, -9, 90.3305
82.8233, -9, 89.8536
81.7498, -9, 88.8171
80.6763, -9, 85.314
79.6027, -9, 83.1893
78.5292, -9, 88.5713
77.4556, -9, 89.8701
76.3821, -9, 90.2623
75.3086, -9, 90.4509
74.235, -9, 90.5495
73.1615, -9, 90.6613
72.0879, -9, 90.8558
71.0144, -9, 90.4671
69.9409, -9, 86.9657
68.8673, -9, 91.0219
67.7938, -9, 91.3603
66.7202, -9, 91.2791
65.6467, -9, 91.3143
64.5732, -9, 91.3919
63.4996, -9, 91.4656
62.4261, -9, 91.4947
61.3525, -9, 91.1119
60.279, -9, 90.6774
59.2055, -9, 90.506
58.1319, -9, 91.2084
57.0584, -9, 91.4834
55.9848, -9, 91.6197
54.9113, -9, 91.6534
53.8377, -9, 91.543
52.7642, -9, 91.1774
51.6907, -9, 90.3485
50.6171, -9, 88.3921
49.5436, -9, 88.0529
48.47, -9, 91.02
47.3965, -9, 92.5375
46.323, -9, 93.567
45.2494, -9, 94.3141
44.1759, -9, 94.8977
43.1023, -9, 95.3582
42.0288, -9, 95.696
40.9553, -9, 95.8157
39.8817, -9, 95.6811
38.8082, -9, 96.9465
37.7346, -9, 97.5945
36.6611, -9, 97.9968
35.5876, -9, 98.2942
34.514, -9, 98.5308
33.4405, -9, 98.7113
32.3669, -9, 98.8203
31.2934, -9, 98.7025
30.2199, -9, 98.5285
29.1463, -9, 99.1343
28.07277, -9, 100.0023
26.99923, -9, 100.533
25.92569, -9, 100.9811
24.85215, -9, 101.3847
23.77861, -9, 101.7505
22.70507, -9, 102.0965
21.63153, -9, 102.4928
20.55799, -9, 103.0388
19.48445, -9, 103.3066
18.41091, -9, 103.2219
17.33737, -9, 103.1575
16.26382, -9, 103.1578
15.19028, -9, 103.1607
14.11674, -9, 103.1727
13.0432, -9, 103.2271
11.96966, -9, 103.4164
10.89612, -9, 103.7453
9.82258, -9, 101.0533
8.74904, -9, 102.78
7.675499, -9, 102.5704
6.601959, -9, 101.9528
5.528418, -9, 100.5102
4.454877, -9, 100.5165
3.381336, -9, 102.0892
2.3078, -9, 99.2846
1.23425, -9, 96.0414
0.160714, -9, 99.5834
-0.900376, -9, 97.0603
-1.96147, -9, 95.8397
-3.02256, -9, 95.0656
-4.08365, -9, 94.4325
-5.14474, -9, 93.8447
-6.20583, -9, 93.2553
-7.26692, -9, 92.613
-8.32801, -9, 91.8067
-9.3891, -9, 90.2917
-10.4502, -9, 89.2952
-11.5113, -9, 90.3241
-12.5724, -9, 90.4318
-13.6335, -9, 90.3432
-14.6945, -9, 90.1658
-15.7556, -9, 89.9229
-16.8167, -9, 89.6074
-17.8778, -9, 89.1691
-18.9389, -9, 88.3953
98.9267, -10, 94.9844
97.8533, -10, 95.4519
96.78, -10, 96.4556
95.7066, -10, 97.4583
94.6333, -10, 98.4196
93.5599, -10, 99.3317
92.48656, -10, 100.1912
91.41321, -10, 101.4323
90.33986, -10, 103.3229
89.26651, -10, 103.0504
88.19316, -10, 102.1113
87.11981, -10, 102.0274
86.04647, -10, 102.0008
84.97312, -10, 101.8931
83.89977, -10, 101.7178
82.82642, -10, 101.4322
81.75307, -10, 100.8947
80.6797, -10, 98.6825
79.6064, -10, 96.4029
78.53303, -10, 100.7834
77.45968, -10, 101.7047
76.38633, -10, 102.1077
75.31298, -10, 102.3677
74.23963, -10, 102.6349
73.16628, -10, 102.9544
72.09293, -10, 103.246
71.01958, -10, 102.7075
69.9462, -10, 99.3626
68.87289, -10, 103.4424
67.79954, -10, 103.9543
66.72619, -10, 103.8146
65.65284, -10, 103.7075
64.57949, -10, 103.708
63.50615, -10, 103.8082
62.4328, -10, 104.0141
61.35945, -10, 104.5738
60.2861, -10, 105.4533
59.21275, -10, 104.9973
58.1394, -10, 103.9029
57.06605, -10, 103.6479
55.9927, -10, 103.6162
54.91935, -10, 103.5996
53.846, -10, 103.5071
52.77266, -10, 103.1836
51.69931, -10, 102.3803
50.62596, -10, 100.2822
49.5526, -10, 99.6858
48.47926, -10, 102.7366
47.40591, -10, 104.2596
46.33257, -10, 105.2327
45.25922, -10, 105.905
44.18587, -10, 106.4347
43.11252, -10, 106.8584
42.03917, -10, 107.1734
40.96582, -10, 107.4035
39.89247, -10, 107.3747
38.81913, -10, 108.5533
37.74578, -10, 109.0014
36.67243, -10, 109.3246
35.59908, -10, 109.5715
34.52573, -10, 109.8005
33.45238, -10, 110.0354
32.37903, -10, 110.2967
31.30568, -10, 110.7675
30.23233, -10, 111.2289
29.15899, -10, 111.4525
28.08564, -10, 111.269
27.01229, -10, 111.3851
25.93894, -10, 111.5746
24.86559, -10, 111.7844
23.79224, -10, 111.9968
22.71889, -10, 112.196
21.64555, -10, 112.3579
20.5722, -10, 112.3777
19.49885, -10, 112.4298
18.4255, -10, 112.6505
17.35215, -10, 112.7627
16.2788, -10, 112.8204
15.20545, -10, 112.8456
14.1321, -10, 112.8693
13.05876, -10, 112.8887
11.98541, -10, 112.8486
10.91206, -10, 112.7332
9.83871, -10, 113.3111
8.765361, -10, 112.4124
7.692012, -10, 112.01
6.618664, -10, 111.6356
5.545315, -10, 111.2624
4.471966, -10, 112.6036
3.398618, -10, 111.7012
2.325269, -10, 106.8877
1.25192, -10, 107.0276
0.1785714, -10, 108.9607
-0.8834587, -10, 107.7582
-1.945489, -10, 106.3948
-3.007519, -10, 105.5694
-4.069549, -10, 104.9684
-5.131579, -10, 104.4727
-6.193609, -10, 104.0332
-7.255639, -10, 103.6239
-8.317669, -10, 103.2226
-9.3797, -10, 102.7857
-10.44173, -10, 102.3202
-11.50376, -10, 102.0012
-12.56579, -10, 101.7364
-13.62782, -10, 101.4817
-14.68985, -10, 101.2325
-15.75188, -10, 100.9865
-16.81391, -10, 100.742
-17.87594, -10, 100.4975
-18.93797, -10, 100.2517
98.92684, -11, 107.4562
97.85368, -11, 108.1437
96.78053, -11, 108.6521
95.70737, -11, 109.375
94.63422, -11, 110.2698
93.56106, -11, 111.3465
92.4879, -11, 112.7832
91.41475, -11, 114.6857
90.34159, -11, 117.5368
89.26843, -11, 116.8574
88.19527, -11, 115.088
87.12212, -11, 114.0864
86.04897, -11, 113.5611
84.97581, -11, 113.2906
83.90265, -11, 113.1511
82.82949, -11, 113.1296
81.75634, -11, 113.1974
80.68318, -11, 114.0723
79.61002, -11, 115.7017
78.53687, -11, 113.1673
77.46371, -11, 113.2869
76.39056, -11, 113.5239
75.3174, -11, 113.7994
74.24424, -11, 114.1441
73.17108, -11, 114.5486
72.09792, -11, 114.9302
71.02477, -11, 115.4059
69.95161, -11, 118.1446
68.87846, -11, 115.883
67.8053, -11, 115.7821
66.73214, -11, 115.6688
65.65899, -11, 115.5669
64.58583, -11, 115.5809
63.51267, -11, 115.757
62.43952, -11, 116.2118
61.36636, -11, 117.2529
60.2932, -11, 119.7738
59.22005, -11, 118.2117
58.14689, -11, 116.5774
57.07373, -11, 115.9107
56.00058, -11, 115.6643
54.92742, -11, 115.6059
53.85426, -11, 115.6075
52.7811, -11, 115.5896
51.70795, -11, 115.3122
50.63479, -11, 114.3538
49.56163, -11, 114.4198
48.48848, -11, 115.5753
47.41532, -11, 116.5033
46.34217, -11, 117.0645
45.26901, -11, 117.5422
44.19585, -11, 118.0018
43.1227, -11, 118.4809
42.04954, -11, 118.9911
40.97638, -11, 119.4192
39.90322, -11, 120.4019
38.83007, -11, 120.3348
37.75691, -11, 120.5165
36.68375, -11, 120.6008
35.6106, -11, 120.7511
34.53744, -11, 120.9773
33.46429, -11, 121.2977
32.39113, -11, 121.7829
31.31797, -11, 122.5237
30.24482, -11, 124.0557
29.17166, -11, 123.2153
28.0985, -11, 122.5129
27.02534, -11, 122.2501
25.95219, -11, 122.2074
24.87903, -11, 122.2556
23.80588, -11, 122.323
22.73272, -11, 122.359
21.65956, -11, 122.2837
20.5864, -11, 121.9052
19.51325, -11, 121.7814
18.44009, -11, 122.1756
17.36694, -11, 122.3831
16.29378, -11, 122.4484
15.22062, -11, 122.4472
14.14747, -11, 122.424
13.07431, -11, 122.3972
12.00115, -11, 122.3067
10.928, -11, 122.012
9.854838, -11, 124.0919
8.781682, -11, 122.0408
7.708525, -11, 121.4387
6.635369, -11, 121.2741
5.562212, -11, 122.0169
4.489055, -11, 121.4363
3.415899, -11, 119.3977
2.342742, -11, 115.6856
1.269585, -11, 119.2211
0.1964286, -11, 118.1163
-0.8665413, -11, 117.3108
-1.929511, -11, 116.5349
-2.992481, -11, 115.861
-4.055451, -11, 115.3726
-5.118421, -11, 114.9972
-6.181391, -11, 114.7115
-7.244361, -11, 114.5239
-8.307331, -11, 114.5099
-9.3703, -11, 115.1031
-10.43327, -11, 115.309
-11.49624, -11, 113.668
-12.55921, -11, 113.029
-13.62218, -11, 112.6088
-14.68515, -11, 112.2889
-15.74812, -11, 112.0413
-16.81109, -11, 111.8696
-17.87406, -11, 111.8205
-18.93703, -11, 112.104
98.92703, -12, 119.2547
97.85407, -12, 120.005
96.7811, -12, 120.5025
95.70814, -12, 121.1629
94.63518, -12, 122.0373
93.56221, -12, 123.1684
92.48925, -12, 124.6396
91.41628, -12, 126.5772
90.34332, -12, 129.4611
89.27036, -12, 128.9352
88.19739, -12, 126.9917
87.12442, -12, 125.7571
86.05146, -12, 125.0187
84.97849, -12, 124.6085
83.90553, -12, 124.4389
82.83257, -12, 124.539
81.7596, -12, 125.2235
80.68664, -12, 128.4115
79.61367, -12, 130.4556
78.5407, -12, 125.6825
77.46774, -12, 124.6261
76.39478, -12, 124.5278
75.32182, -12, 124.7313
74.24885, -12, 125.0914
73.17588, -12, 125.6094
72.10292, -12, 126.4325
71.02995, -12, 128.4456
69.95699, -12, 132.4018
68.88403, -12, 128.5127
67.81106, -12, 127.2423
66.7381, -12, 126.9318
65.66513, -12, 126.8659
64.59216, -12, 126.9607
63.5192, -12, 127.244
62.44624, -12, 127.7989
61.37327, -12, 128.7912
60.30031, -12, 131.0722
59.22734, -12, 129.7009
58.15438, -12, 128.4658
57.08141, -12, 127.8611
56.00845, -12, 127.5989
54.93548, -12, 127.5484
53.86252, -12, 127.6507
52.78955, -12, 127.8744
51.71659, -12, 128.33
50.64362, -12, 129.4451
49.57066, -12, 129.6673
48.4977, -12, 128.9062
47.42473, -12, 128.7129
46.35176, -12, 128.8592
45.2788, -12, 129.1206
44.20584, -12, 129.4745
43.13287, -12, 129.9377
42.05991, -12, 130.5875
40.98694, -12, 131.6569
39.91398, -12, 132.6578
38.84101, -12, 132.0624
37.76805, -12, 131.6891
36.69508, -12, 131.6373
35.62212, -12, 131.7457
34.54916, -12, 131.9763
33.47619, -12, 132.3373
32.40322, -12, 132.8693
31.33026, -12, 133.6686
30.2573, -12, 135.2182
29.18433, -12, 134.2046
28.11137, -12, 133.3662
27.0384, -12, 132.9841
25.96544, -12, 132.8093
24.89247, -12, 132.7337
23.81951, -12, 132.6871
22.74654, -12, 132.5895
21.67358, -12, 132.3458
20.60061, -12, 131.8886
19.52765, -12, 131.6489
18.45469, -12, 131.9738
17.38172, -12, 132.0897
16.30876, -12, 132.108
15.23579, -12, 132.0532
14.16283, -12, 131.941
13.08986, -12, 131.7939
12.0169, -12, 131.7218
10.94393, -12, 131.9974
9.870968, -12, 129.4902
8.798003, -12, 131.154
7.725039, -12, 130.9094
6.652074, -12, 130.3707
5.579109, -12, 129.753
4.506145, -12, 128.8979
3.43318, -12, 127.5777
2.360215, -12, 127.0318
1.28725, -12, 128.9007
0.2142857, -12, 127.0217
-0.849624, -12, 126.2425
-1.913534, -12, 126.1326
-2.977444, -12, 125.9118
-4.041353, -12, 125.6621
-5.105263, -12, 125.4274
-6.169173, -12, 125.2494
-7.233083, -12, 125.1925
-8.296992, -12, 125.4158
-9.360902, -12, 126.3762
-10.42481, -12, 126.4968
-11.48872, -12, 124.9927
-12.55263, -12, 124.1256
-13.61654, -12, 123.5879
-14.68045, -12, 123.2145
-15.74436, -12, 122.9635
-16.80827, -12, 122.8416
-17.87218, -12, 122.9196
-18.93609, -12, 123.4468
98.92723, -13, 130.3987
97.85445, -13, 130.8369
96.78168, -13, 131.4766
95.70891, -13, 132.1851
94.63614, -13, 133.0401
93.56336, -13, 134.0845
92.49059, -13, 135.3443
91.41782, -13, 137.0139
90.34505, -13, 139.0624
89.27227, -13, 139.0748
88.1995, -13, 137.6202
87.12673, -13, 136.604
86.05396, -13, 135.9343
84.98119, -13, 135.539
83.90841, -13, 135.3894
82.83564, -13, 135.587
81.76286, -13, 136.5241
80.69009, -13, 138.5636
79.61732, -13, 138.5751
78.54455, -13, 137.1505
77.47177, -13, 135.8826
76.399, -13, 135.5202
75.32623, -13, 135.6288
74.25346, -13, 135.9881
73.18069, -13, 136.6226
72.10791, -13, 137.7678
71.03514, -13, 139.6091
69.96236, -13, 140.4311
68.88959, -13, 139.6669
67.81682, -13, 138.412
66.74405, -13, 137.8845
65.67127, -13, 137.7738
64.5985, -13, 137.8869
63.52573, -13, 138.1892
62.45296, -13, 138.681
61.38018, -13, 139.3237
60.30741, -13, 139.3053
59.23464, -13, 139.8495
58.16187, -13, 139.4958
57.08909, -13, 139.165
56.01632, -13, 138.9967
54.94355, -13, 139.0249
53.87078, -13, 139.2675
52.798, -13, 139.8145
51.72523, -13, 140.9048
50.65246, -13, 142.9922
49.57969, -13, 143.815
48.50691, -13, 141.7125
47.43414, -13, 140.7688
46.36137, -13, 140.4557
45.28859, -13, 140.5047
44.21582, -13, 140.7537
43.14305, -13, 141.1728
42.07028, -13, 141.8257
40.99751, -13, 142.8846
39.92473, -13, 143.8564
38.85196, -13, 142.9654
37.77919, -13, 142.4498
36.70641, -13, 142.3547
35.63364, -13, 142.4413
34.56087, -13, 142.6483
33.48809, -13, 142.9781
32.41532, -13, 143.454
31.34255, -13, 144.1163
30.26978, -13, 144.6052
29.197, -13, 144.4174
28.12423, -13, 143.7952
27.05146, -13, 143.4058
25.97869, -13, 143.1685
24.90591, -13, 143.0267
23.83314, -13, 142.9339
22.76037, -13, 142.8341
21.6876, -13, 142.6409
20.61482, -13, 142.1565
19.54205, -13, 141.8932
18.46928, -13, 142.1023
17.39651, -13, 142.0761
16.32373, -13, 141.9504
15.25096, -13, 141.7985
14.17819, -13, 141.6393
13.10541, -13, 141.4827
12.03264, -13, 141.3346
10.95987, -13, 141.1862
9.887096, -13, 141.005
8.814324, -13, 140.475
7.741551, -13, 140.1005
6.668779, -13, 139.5344
5.596006, -13, 138.0411
4.523233, -13, 135.4998
3.450461, -13, 136.6987
2.377688, -13, 139.9913
1.304916, -13, 139.0711
0.2321429, -13, 135.7595
-0.8327067, -13, 135.2197
-1.897556, -13, 135.6789
-2.962406, -13, 135.8844
-4.027256, -13, 135.8556
-5.092105, -13, 135.7373
-6.156955, -13, 135.6284
-7.221805, -13, 135.6201
-8.286654, -13, 135.8449
-9.351503, -13, 136.1138
-10.41635, -13, 136.0733
-11.4812, -13, 135.6227
-12.54605, -13, 134.852
-13.6109, -13, 134.2914
-14.67575, -13, 133.8939
-15.7406, -13, 133.6337
-16.80545, -13, 133.5153
-17.8703, -13, 133.5792
-18.93515, -13, 133.776
98.92742, -14, 141.0738
97.85484, -14, 141.1819
96.78226, -14, 141.7454
95.70968, -14, 142.4493
94.6371, -14, 143.2588
93.56451, -14, 144.1866
92.49194, -14, 145.2618
91.41936, -14, 146.4502
90.34677, -14, 147.5793
89.27419, -14, 147.4531
88.20161, -14, 147.1798
87.12904, -14, 146.6876
86.05645, -14, 146.2863
84.98387, -14, 146.0365
83.91129, -14, 145.9621
82.83871, -14, 146.0799
81.76613, -14, 146.2824
80.69355, -14, 145.5477
79.62096, -14, 145.2423
78.54839, -14, 146.4332
77.47581, -14, 146.4539
76.40323, -14, 146.3646
75.33064, -14, 146.4686
74.25806, -14, 146.787
73.18549, -14, 147.3225
72.1129, -14, 148.0507
71.04032, -14, 148.4898
69.96774, -14, 148.6098
68.89516, -14, 148.8376
67.82258, -14, 148.6783
66.75, -14, 148.3667
65.67742, -14, 148.2626
64.60484, -14, 148.3389
63.53226, -14, 148.5505
62.45968, -14, 148.8461
61.3871, -14, 149.0014
60.31452, -14, 148.0907
59.24194, -14, 149.0723
58.16935, -14, 149.7197
57.09678, -14, 149.7343
56.02419, -14, 149.7675
54.95161, -14, 149.9394
53.87903, -14, 150.3169
52.80645, -14, 151.0045
51.73387, -14, 152.1635
50.66129, -14, 154.1211
49.58871, -14, 155.1842
48.51613, -14, 153.0598
47.44355, -14, 152.1062
46.37097, -14, 151.6896
45.29839, -14, 151.6182
44.22581, -14, 151.7734
43.15322, -14, 152.0835
42.08065, -14, 152.4961
41.00806, -14, 152.927
39.93548, -14, 154.0382
38.8629, -14, 152.9268
37.79032, -14, 152.8097
36.71774, -14, 152.7751
35.64516, -14, 152.8354
34.57258, -14, 152.9841
33.5, -14, 153.2233
32.42742, -14, 153.5592
31.35484, -14, 153.9248
30.28226, -14, 153.941
29.20968, -14, 153.968
28.1371, -14, 153.787
27.06452, -14, 153.4625
25.99194, -14, 153.2287
24.91936, -14, 153.0791
23.84678, -14, 152.9908
22.77419, -14, 152.9482
21.70161, -14, 152.929
20.62903, -14, 152.8021
19.55645, -14, 152.5912
18.48387, -14, 152.3536
17.41129, -14, 152.07
16.33871, -14, 151.7915
15.26613, -14, 151.5396
14.19355, -14, 151.3264
13.12097, -14, 151.1484
12.04839, -14, 150.9156
10.97581, -14, 150.3946
9.903226, -14, 152.6785
8.830646, -14, 150.1589
7.758065, -14, 149.6428
6.685484, -14, 149.3736
5.612903, -14, 149.1061
4.540323, -14, 147.774
3.467742, -14, 148.6439
2.395161, -14, 149.1494
1.322581, -14, 147.0473
0.25, -14, 144.3203
-0.8157895, -14, 144.7638
-1.881579, -14, 145.6857
-2.947368, -14, 145.9494
-4.013158, -14, 145.9594
-5.078948, -14, 145.8866
-6.144737, -14, 145.8128
-7.210526, -14, 145.7865
-8.276316, -14, 145.7356
-9.342105, -14, 145.6801
-10.4079, -14, 145.6657
-11.47368, -14, 145.3572
-12.53947, -14, 145.0222
-13.60526, -14, 144.5794
-14.67105, -14, 144.2035
-15.73684, -14, 143.9262
-16.80263, -14, 143.7423
-17.86842, -14, 143.5851
-18.93421, -14, 143.2942
98.92761, -15, 151.0423
97.85522, -15, 151.2109
96.78284, -15, 151.6672
95.71045, -15, 152.2953
94.63805, -15, 153.029
93.56567, -15, 153.8333
92.49328, -15, 154.6323
91.42089, -15, 155.2982
90.3485, -15, 155.6028
89.27612, -15, 155.779
88.20373, -15, 155.9175
87.13134, -15, 156.0084
86.05894, -15, 155.9379
84.98656, -15, 155.8382
83.91417, -15, 155.7519
82.84178, -15, 155.5733
81.76939, -15, 154.9048
80.69701, -15, 153.432
79.62462, -15, 152.8977
78.55223, -15, 154.7749
77.47984, -15, 155.8224
76.40745, -15, 156.2804
75.33506, -15, 156.5374
74.26267, -15, 156.8003
73.19028, -15, 157.0604
72.1179, -15, 157.1238
71.04551, -15, 157.0413
69.97312, -15, 157.0944
68.90073, -15, 157.5288
67.82834, -15, 157.896
66.75595, -15, 158.108
65.68356, -15, 158.1848
64.61118, -15, 158.2712
63.53879, -15, 158.3636
62.4664, -15, 158.3605
61.39401, -15, 158.2107
60.32162, -15, 158.1902
59.24923, -15, 158.5839
58.17684, -15, 159.2114
57.10445, -15, 159.653
56.03207, -15, 159.9428
54.95968, -15, 160.2433
53.88729, -15, 160.6498
52.8149, -15, 161.2234
51.74251, -15, 162.0644
50.67012, -15, 163.5148
49.59773, -15, 163.8917
48.52534, -15, 162.988
47.45296, -15, 162.416
46.38057, -15, 162.1702
45.30818, -15, 162.1127
44.23579, -15, 162.2085
43.1634, -15, 162.4018
42.09101, -15, 162.5791
41.01862, -15, 162.5805
39.94624, -15, 162.0089
38.87385, -15, 162.6011
37.80146, -15, 162.7639
36.72907, -15, 162.8226
35.65668, -15, 162.8737
34.58429, -15, 162.9704
33.51191, -15, 163.1062
32.43952, -15, 163.2293
31.36713, -15, 163.319
30.29474, -15, 163.4968
29.22235, -15, 163.4554
28.14996, -15, 163.3227
27.07757, -15, 163.2064
26.00518, -15, 163.0731
24.9328, -15, 162.9641
23.86041, -15, 162.8922
22.78802, -15, 162.8676
21.71563, -15, 162.9692
20.64324, -15, 163.4076
19.57085, -15, 163.3778
18.49846, -15, 162.4752
17.42608, -15, 161.8784
16.35369, -15, 161.4841
15.2813, -15, 161.1557
14.20891, -15, 160.8422
13.13652, -15, 160.5275
12.06413, -15, 160.2817
10.99174, -15, 160.3022
9.919354, -15, 158.0178
8.846966, -15, 159.6743
7.774578, -15, 159.5965
6.702189, -15, 159.5015
5.6298, -15, 160.125
4.557412, -15, 160.7136
3.485023, -15, 159.3707
2.412634, -15, 157.5178
1.340246, -15, 155.9034
0.2678571, -15, 154.1261
-0.7988722, -15, 155.5045
-1.865602, -15, 155.9905
-2.932331, -15, 156.0645
-3.99906, -15, 156.0095
-5.06579, -15, 155.9025
-6.132519, -15, 155.7697
-7.199248, -15, 155.6249
-8.265978, -15, 155.4832
-9.332706, -15, 155.3521
-10.39944, -15, 155.2286
-11.46617, -15, 154.9384
-12.5329, -15, 154.6255
-13.59962, -15, 154.3193
-14.66635, -15, 154.0159
-15.73308, -15, 153.7128
-16.79981, -15, 153.4099
-17.86654, -15, 153.1081
-18.93327, -15, 152.8047
98.9278, -16, 160.2029
97.85561, -16, 160.7481
96.78341, -16, 161.1977
95.71121, -16, 161.77
94.63902, -16, 162.42
93.56682, -16, 163.09
92.49462, -16, 163.7112
91.42242, -16, 164.1617
90.35023, -16, 164.1136
89.27803, -16, 164.4759
88.20583, -16, 164.7861
87.13364, -16, 164.9242
86.06145, -16, 164.9856
84.98925, -16, 164.9665
83.91705, -16, 164.8402
82.84486, -16, 164.556
81.77266, -16, 164.0254
80.70046, -16, 163.0448
79.62827, -16, 162.4458
78.55607, -16, 164.0345
77.48387, -16, 164.8628
76.41167, -16, 165.4243
75.33948, -16, 165.8021
74.26728, -16, 166.0442
73.19508, -16, 166.1705
72.12289, -16, 166.1811
71.05069, -16, 166.0896
69.97849, -16, 165.8497
68.9063, -16, 166.5993
67.8341, -16, 167.0581
66.7619, -16, 167.395
65.6897, -16, 167.623
64.61751, -16, 167.7636
63.54531, -16, 167.8246
62.47312, -16, 167.8078
61.40092, -16, 167.768
60.32872, -16, 168.2422
59.25653, -16, 168.3631
58.18433, -16, 168.7392
57.11214, -16, 169.2327
56.03994, -16, 169.6364
54.96774, -16, 169.9969
53.89555, -16, 170.3675
52.82335, -16, 170.7986
51.75115, -16, 171.3087
50.67896, -16, 171.5581
49.60676, -16, 171.6821
48.53456, -16, 172.0704
47.46236, -16, 171.9991
46.39017, -16, 171.9356
45.31797, -16, 171.9503
44.24578, -16, 172.0294
43.17358, -16, 172.1516
42.10138, -16, 172.2745
41.02919, -16, 172.1355
39.95699, -16, 170.6914
38.88479, -16, 172.2739
37.8126, -16, 172.4612
36.7404, -16, 172.5023
35.6682, -16, 172.5555
34.596, -16, 172.6206
33.52381, -16, 172.6825
32.45161, -16, 172.7224
31.37942, -16, 172.7283
30.30722, -16, 172.9148
29.23502, -16, 172.8714
28.16283, -16, 172.8043
27.09063, -16, 172.7831
26.01843, -16, 172.7404
24.94624, -16, 172.6921
23.87404, -16, 172.6602
22.80184, -16, 172.6761
21.72965, -16, 172.8044
20.65745, -16, 173.3248
19.58525, -16, 173.4563
18.51306, -16, 172.301
17.44086, -16, 171.695
16.36866, -16, 171.2282
15.29647, -16, 170.8324
14.22427, -16, 170.456
13.15207, -16, 170.0834
12.07988, -16, 169.7474
11.00768, -16, 169.469
9.935484, -16, 168.5605
8.863287, -16, 168.9784
7.79109, -16, 169.0536
6.718894, -16, 169.06
5.646698, -16, 168.9585
4.574501, -16, 168.591
3.502304, -16, 167.1863
2.430108, -16, 165.5292
1.357911, -16, 164.3105
0.2857143, -16, 166.0793
-0.7819549, -16, 166.835
-1.849624, -16, 166.4848
-2.917293, -16, 166.2343
-3.984962, -16, 166.0189
-5.052631, -16, 165.8181
-6.120301, -16, 165.6244
-7.18797, -16, 165.4373
-8.255639, -16, 165.2575
-9.323308, -16, 165.0806
-10.39098, -16, 164.8109
-11.45865, -16, 164.4997
-12.52632, -16, 164.1765
-13.59398, -16, 163.862
-14.66165, -16, 163.5506
-15.72932, -16, 163.2406
-16.79699, -16, 162.9315
-17.86466, -16, 162.6226
-18.93233, -16, 162.3136
98.92799, -17, 169.0687
97.85599, -17, 169.7509
96.78399, -17, 170.3756
95.71198, -17, 170.9739
94.63998, -17, 171.5946
93.56797, -17, 172.2075
92.49596, -17, 172.7506
91.42397, -17, 173.144
90.35196, -17, 173.4203
89.27995, -17, 173.6646
88.20795, -17, 173.9635
87.13595, -17, 174.1111
86.06394, -17, 174.1874
84.99194, -17, 174.2014
83.91993, -17, 174.1415
82.84792, -17, 173.9989
81.77592, -17, 173.8104
80.70392, -17, 173.5709
79.63191, -17, 173.7273
78.55991, -17, 174.0406
77.4879, -17, 174.4822
76.4159, -17, 174.8897
75.3439, -17, 175.22
74.27189, -17, 175.4617
73.19988, -17, 175.6204
72.12788, -17, 175.7054
71.05588, -17, 175.645
69.98387, -17, 175.5957
68.91187, -17, 176.1246
67.83986, -17, 176.6157
66.76786, -17, 176.9485
65.69585, -17, 177.204
64.62385, -17, 177.391
63.55184, -17, 177.5206
62.47984, -17, 177.6187
61.40783, -17, 177.7332
60.33583, -17, 177.7689
59.26382, -17, 178.1071
58.19182, -17, 178.5147
57.11982, -17, 178.9111
56.04781, -17, 179.2732
54.97581, -17, 179.5929
53.9038, -17, 179.888
52.8318, -17, 180.1435
51.75979, -17, 180.2036
50.68779, -17, 179.8961
49.61578, -17, 179.9147
48.54378, -17, 180.728
47.47178, -17, 181.168
46.39977, -17, 181.3322
45.32777, -17, 181.4274
44.25576, -17, 181.5243
43.18375, -17, 181.6238
42.11175, -17, 181.6775
41.03975, -17, 181.7181
39.96774, -17, 182.073
38.89574, -17, 181.9244
37.82373, -17, 182.0073
36.75173, -17, 182.0704
35.67972, -17, 182.1219
34.60772, -17, 182.1766
33.53571, -17, 182.2241
32.46371, -17, 182.2467
31.3917, -17, 182.2264
30.3197, -17, 182.1005
29.2477, -17, 182.2351
28.17569, -17, 182.3521
27.10369, -17, 182.3829
26.03168, -17, 182.3833
24.95968, -17, 182.3743
23.88767, -17, 182.3743
22.81567, -17, 182.4046
21.74366, -17, 182.4861
20.67166, -17, 182.666
19.59966, -17, 182.5741
18.52765, -17, 181.9045
17.45564, -17, 181.4377
16.38364, -17, 181.0143
15.31164, -17, 180.6148
14.23963, -17, 180.2183
13.16763, -17, 179.7913
12.09562, -17, 179.2424
11.02362, -17, 178.4169
9.951612, -17, 180.7704
8.879608, -17, 178.3723
7.807604, -17, 178.3536
6.735599, -17, 178.5011
5.663594, -17, 178.0843
4.59159, -17, 176.5973
3.519585, -17, 175.169
2.447581, -17, 176.5109
1.375576, -17, 177.1829
0.3035714, -17, 179.4005
-0.7650376, -17, 178.0796
-1.833647, -17, 176.9373
-2.902256, -17, 176.3944
-3.970865, -17, 176.0328
-5.039474, -17, 175.7411
-6.108083, -17, 175.4826
-7.176692, -17, 175.2428
-8.2453, -17, 175.0103
-9.31391, -17, 174.7721
-10.38252, -17, 174.4194
-11.45113, -17, 174.0429
-12.51974, -17, 173.7253
-13.58835, -17, 173.4073
-14.65695, -17, 173.0893
-15.72556, -17, 172.7715
-16.79417, -17, 172.4537
-17.86278, -17, 172.1358
-18.93139, -17, 171.8183
98.92818, -18, 178.0892
97.85638, -18, 178.6095
96.78456, -18, 179.2757
95.71275, -18, 179.9518
94.64094, -18, 180.615
93.56912, -18, 181.2523
92.49731, -18, 181.8484
91.4255, -18, 182.398
90.35368, -18, 183.0441
89.28188, -18, 183.3108
88.21006, -18, 183.4136
87.13825, -18, 183.577
86.06644, -18, 183.6944
84.99462, -18, 183.7738
83.92281, -18, 183.8245
82.851, -18, 183.856
81.77918, -18, 183.9111
80.70737, -18, 184.4271
79.63556, -18, 184.9804
78.56375, -18, 184.3475
77.49194, -18, 184.5422
76.42012, -18, 184.81
75.34831, -18, 185.0627
74.2765, -18, 185.2849
73.20468, -18, 185.4639
72.13287, -18, 185.5787
71.06106, -18, 185.6256
69.98925, -18, 185.4203
68.91743, -18, 186.0377
67.84562, -18, 186.4771
66.77381, -18, 186.8202
65.702, -18, 187.0923
64.63019, -18, 187.321
63.55837, -18, 187.5198
62.48656, -18, 187.6911
61.41475, -18, 187.8058
60.34293, -18, 187.5738
59.27112, -18, 187.9931
58.19931, -18, 188.4392
57.12749, -18, 188.7207
56.05568, -18, 188.9644
54.98387, -18, 189.1741
53.91206, -18, 189.3353
52.84024, -18, 189.4161
51.76843, -18, 189.3519
50.69662, -18, 189.0331
49.62481, -18, 188.9706
48.55299, -18, 189.7786
47.48118, -18, 190.209
46.40937, -18, 190.4765
45.33756, -18, 190.656
44.26574, -18, 190.7892
43.19393, -18, 190.9054
42.12212, -18, 191.0494
41.05031, -18, 191.4409
39.97849, -18, 193.1519
38.90668, -18, 191.6779
37.83487, -18, 191.5209
36.76306, -18, 191.5644
35.69125, -18, 191.6351
34.61943, -18, 191.7075
33.54762, -18, 191.7717
32.47581, -18, 191.8168
31.40399, -18, 191.8114
30.33218, -18, 191.5281
29.26037, -18, 191.7078
28.18856, -18, 191.9389
27.11674, -18, 192.0051
26.04493, -18, 192.0272
24.97312, -18, 192.0336
23.90131, -18, 192.0368
22.82949, -18, 192.0443
21.75768, -18, 192.0484
20.68587, -18, 191.8113
19.61406, -18, 191.4086
18.54224, -18, 191.4536
17.47043, -18, 191.0852
16.39862, -18, 190.7262
15.32681, -18, 190.3636
14.25499, -18, 189.9671
13.18318, -18, 189.497
12.11137, -18, 188.9022
11.03955, -18, 188.2227
9.967742, -18, 186.1364
8.895929, -18, 187.7975
7.824117, -18, 188.2957
6.752304, -18, 188.6163
5.680491, -18, 188.9229
4.608679, -18, 188.7782
3.536866, -18, 187.3382
2.465054, -18, 189.1989
1.393241, -18, 190.6072
0.3214286, -18, 189.4194
-0.7481203, -18, 188.4214
-1.817669, -18, 187.1315
-2.887218, -18, 186.4371
-3.956767, -18, 185.9749
-5.026316, -18, 185.6099
-6.095865, -18, 185.2925
-7.165413, -18, 184.9984
-8.234962, -18, 184.7084
-9.304511, -18, 184.3693
-10.37406, -18, 183.9238
-11.44361, -18, 183.5966
-12.51316, -18, 183.274
-13.58271, -18, 182.9513
-14.65226, -18, 182.6268
-15.7218, -18, 182.3014
-16.79135, -18, 181.9753
-17.8609, -18, 181.6494
-18.93045, -18, 181.3245
98.92838, -19, 187.0111
97.85676, -19, 187.5488
96.78514, -19, 188.2274
95.71352, -19, 188.9526
94.6419, -19, 189.684
93.57027, -19, 190.4098
92.49866, -19, 191.1317
91.42703, -19, 191.8767
90.35542, -19, 192.6073
89.28379, -19, 192.9731
88.21217, -19, 193.1075
87.14056, -19, 193.2441
86.06893, -19, 193.4029
84.99731, -19, 193.5567
83.92569, -19, 193.7079
82.85407, -19, 193.878
81.78245, -19, 194.1621
80.71083, -19, 194.7355
79.63921, -19, 195.0802
78.56759, -19, 194.7668
77.49596, -19, 194.7746
76.42435, -19, 194.9468
75.35273, -19, 195.1534
74.2811, -19, 195.3572
73.20949, -19, 195.547
72.13786, -19, 195.7266
71.06625, -19, 195.8715
69.99462, -19, 195.9253
68.923, -19, 196.2588
67.85138, -19, 196.6007
66.77976, -19, 196.9086
65.70814, -19, 197.1901
64.63652, -19, 197.4466
63.5649, -19, 197.682
62.49328, -19, 197.8908
61.42166, -19, 198.0329
60.35004, -19, 198.0276
59.27842, -19, 198.237
58.2068, -19, 198.5338
57.13518, -19, 198.7028
56.06356, -19, 198.8262
54.99194, -19, 198.9218
53.92031, -19, 198.9849
52.84869, -19, 199.0008
51.77707, -19, 198.9519
50.70545, -19, 198.7314
49.63383, -19, 198.7659
48.56221, -19, 199.2976
47.49059, -19, 199.581
46.41897, -19, 199.7939
45.34735, -19, 199.9665
44.27573, -19, 200.119
43.20411, -19, 200.2776
42.13249, -19, 200.5064
41.06087, -19, 200.9588
39.98925, -19, 201.5542
38.91763, -19, 201.2286
37.846, -19, 201.0423
36.77439, -19, 201.0659
35.70277, -19, 201.1544
34.63115, -19, 201.2578
33.55952, -19, 201.3611
32.4879, -19, 201.4527
31.41628, -19, 201.4986
30.34466, -19, 201.3892
29.27304, -19, 201.4385
28.20142, -19, 201.6019
27.1298, -19, 201.6648
26.05818, -19, 201.6821
24.98656, -19, 201.6813
23.91494, -19, 201.6708
22.84332, -19, 201.6472
21.7717, -19, 201.5632
20.70008, -19, 201.2799
19.62846, -19, 200.9687
18.55684, -19, 201.0243
17.48521, -19, 200.8198
16.4136, -19, 200.5234
15.34197, -19, 200.21
14.27035, -19, 199.8726
13.19873, -19, 199.4963
12.12711, -19, 199.0711
11.05549, -19, 198.3804
9.983871, -19, 195.9607
8.912251, -19, 197.627
7.84063, -19, 198.4089
6.769009, -19, 198.867
5.697389, -19, 199.7592
4.625768, -19, 201.0069
3.554147, -19, 200.3934
2.482527, -19, 199.6221
1.410906, -19, 199.3447
0.3392857, -19, 198.5794
-0.731203, -19, 197.4364
-1.801692, -19, 196.764
-2.87218, -19, 196.1627
-3.942669, -19, 195.7015
-5.013158, -19, 195.3139
-6.083647, -19, 194.9648
-7.154135, -19, 194.6328
-8.224624, -19, 194.2932
-9.295113, -19, 193.8754
-10.3656, -19, 193.4334
-11.43609, -19, 193.159
-12.50658, -19, 192.8322
-13.57707, -19, 192.5005
-14.64756, -19, 192.1675
-15.71805, -19, 191.8339
-16.78853, -19, 191.5001
-17.85902, -19, 191.166
-18.92951, -19, 190.8316
2.01703, 0.8, 11.167
3.08206, 0.8, 12.7125
4.1471, 0.8, 11.8868
5.21213, 0.8, 12.8609
6.27716, 0.8, 12.0735
7.34219, 0.8, 11.6325
8.40723, 0.8, 11.5219
9.47226, 0.8, 12.2227
10.5373, 0.8, 11.1608
11.6023, 0.8, 10.5519
12.6674, 0.8, 10.6852
13.7324, 0.8, 10.8062
14.7974, 0.8, 10.8589
15.8625, 0.8, 10.8332
16.9275, 0.8, 10.6998
17.9925, 0.8, 10.3836
19.0575, 0.8, 9.98641
20.1226, 0.8, 9.54549
21.1876, 0.8, 9.79195
22.2526, 0.8, 9.81739
23.3177, 0.8, 9.70374
24.3827, 0.8, 9.43716
25.4477, 0.8, 9.09665
26.5128, 0.8, 8.73042
27.5778, 0.8, 8.39918
28.6428, 0.8, 8.33391
29.7079, 0.8, 9.51052
30.7729, 0.8, 7.67626
31.8379, 0.8, 5.93226
32.903, 0.8, 4.79267
33.968, 0.8, 3.75775
35.033, 0.8, 2.73352
36.0981, 0.8, 1.67464
37.1631, 0.8, 0.539611
38.2281, 0.8, -0.76623
39.2932, 0.8, -2.98853
40.3582, 0.8, -4.93297
41.4232, 0.8, -2.09838
42.4883, 0.8, -1.51309
43.5533, 0.8, -1.21733
44.6183, 0.8, -0.9925
45.6834, 0.8, -0.723772
46.7484, 0.8, -0.287259
47.8134, 0.8, 0.50386
48.8785, 0.8, 2.10025
49.9435, 0.8, 5.43199
51.0085, 0.8, 2.86487
52.0735, 0.8, 1.21201
53.1386, 0.8, 0.496299
54.2036, 0.8, 0.196983
55.2686, 0.8, 0.124878
56.3337, 0.8, 0.185779
57.3987, 0.8, 0.376683
58.4637, 0.8, 0.974523
59.5288, 0.8, 4.73212
60.5938, 0.8, 3.66043
61.6588, 0.8, 0.37795
62.7239, 0.8, -0.113705
63.7889, 0.8, -0.218925
64.8539, 0.8, -0.26536
65.919, 0.8, -0.333754
66.984, 0.8, -0.467207
68.049, 0.8, -0.650658
69.1141, 0.8, -0.375639
70.1791, 0.8, 0.726136
71.2441, 0.8, -0.377167
72.3092, 0.8, 0.0844955
73.3742, 0.8, 0.758666
74.4392, 0.8, 1.34792
75.5043, 0.8, 1.80409
76.5693, 0.8, 2.09881
77.6343, 0.8, 2.23565
78.6994, 0.8, 2.63754
79.7644, 0.8, 4.51171
80.8294, 0.8, 2.85738
81.8945, 0.8, 1.51499
82.9595, 0.8, 1.17975
84.0245, 0.8, 0.742092
85.0895, 0.8, 0.0796311
86.1546, 0.8, -0.845978
87.2196, 0.8, -2.10479
88.2846, 0.8, -3.87337
89.3497, 0.8, -7.04346
90.4147, 0.8, -9.7283
91.4797, 0.8, -8.21995
92.5448, 0.8, -9.12324
93.6098, 0.8, -10.7979
94.6748, 0.8, -12.8165
95.7399, 0.8, -14.9528
96.8049, 0.8, -17.0479
97.8699, 0.8, -19.035
98.935, 0.8, -21.7354
2.9588, 1.6, 7.7939
4.0136, 1.6, 6.5182
5.0684, 1.6, 5.5043
6.1232, 1.6, 4.9167
7.178, 1.6, 4.758
8.2328, 1.6, 4.3867
9.2876, 1.6, 3.4093
10.3424, 1.6, 3.22287
11.3972, 1.6, 3.98829
12.452, 1.6, 4.08033
13.5068, 1.6, 4.20709
14.5615, 1.6, 4.26363
15.6163, 1.6, 4.24367
16.6711, 1.6, 4.17165
17.7259, 1.6, 4.10614
18.7807, 1.6, 3.96046
19.8355, 1.6, 3.60223
20.8903, 1.6, 3.54699
21.9451, 1.6, 3.39758
22.9999, 1.6, 3.03714
24.0547, 1.6, 2.67517
25.1095, 1.6, 2.29272
26.1643, 1.6, 1.88766
27.2191, 1.6, 1.47531
28.2739, 1.6, 1.05889
29.3287, 1.6, 0.833645
30.3835, 1.6, 0.525294
31.4383, 1.6, -1.12521
32.4931, 1.6, -1.96279
33.5479, 1.6, -2.82817
34.6027, 1.6, -3.73288
35.6575, 1.6, -4.7089
36.7123, 1.6, -5.81048
37.7671, 1.6, -7.18937
38.8218, 1.6, -9.50568
39.8766, 1.6, -13.8724
40.9314, 1.6, -10.9094
41.9862, 1.6, -8.9393
43.041, 1.6, -8.28374
44.0958, 1.6, -7.98783
45.1506, 1.6, -7.79619
46.2054, 1.6, -7.60808
47.2602, 1.6, -7.30192
48.315, 1.6, -6.83293
49.3698, 1.6, -6.00815
50.4246, 1.6, -4.96909
51.4794, 1.6, -5.94566
52.5342, 1.6, -6.21686
53.589, 1.6, -6.31848
54.6438, 1.6, -6.24855
55.6986, 1.6, -6.0656
56.7534, 1.6, -5.78807
57.8082, 1.6, -5.43644
58.863, 1.6, -4.5476
59.9178, 1.6, 0.163752
60.9726, 1.6, -4.49456
62.0274, 1.6, -5.78017
63.0821, 1.6, -6.16375
64.1369, 1.6, -6.42743
65.1917, 1.6, -6.67722
66.2465, 1.6, -6.99028
67.3013, 1.6, -7.41501
68.3561, 1.6, -7.9273
69.4109, 1.6, -8.05899
70.4657, 1.6, -8.10437
71.5205, 1.6, -7.96328
72.5753, 1.6, -6.94413
73.6301, 1.6, -5.99969
74.6849, 1.6, -5.2343
75.7397, 1.6, -4.69096
76.7945, 1.6, -4.42718
77.8493, 1.6, -4.6773
78.9041, 1.6, -5.96807
79.9589, 1.6, -5.73439
81.0137, 1.6, -6.5303
82.0685, 1.6, -5.23088
83.1233, 1.6, -4.9709
84.1781, 1.6, -5.29073
85.2329, 1.6, -5.95525
86.2877, 1.6, -6.92713
87.3425, 1.6, -8.32109
88.3972, 1.6, -10.3814
89.452, 1.6, -13.9598
90.5068, 1.6, -15.5617
91.5616, 1.6, -14.7626
92.6164, 1.6, -16.0414
93.6712, 1.6, -18.0917
94.726, 1.6, -20.4523
95.7808, 1.6, -22.9505
96.8356, 1.6, -25.4203
97.8904, 1.6, -27.6618
98.9452, 1.6, -30.0993
3.9006, 2.4, 1.7313
4.9451, 2.4, -2.2539
5.9897, 2.4, -1.823
7.0342, 2.4, -1.8337
8.0788, 2.4, -2.4674
9.1234, 2.4, -3.7639
10.1679, 2.4, -4.93977
11.2125, 2.4, -2.62574
12.257, 2.4, -2.21928
13.3016, 2.4, -2.091
14.3462, 2.4, -2.06077
15.3907, 2.4, -2.09975
16.4353, 2.4, -2.1678
17.4798, 2.4, -2.1853
18.5244, 2.4, -2.10847
19.5689, 2.4, -2.10988
20.6135, 2.4, -2.31703
21.6581, 2.4, -2.87777
22.7026, 2.4, -3.4394
23.7472, 2.4, -3.92138
24.7917, 2.4, -4.36675
25.8363, 2.4, -4.82245
26.8809, 2.4, -5.3131
27.9254, 2.4, -5.89911
28.97, 2.4, -6.72054
30.0145, 2.4, -8.274
31.0591, 2.4, -8.36369
32.1037, 2.4, -8.848
33.1482, 2.4, -9.45335
34.1928, 2.4, -10.19
35.2373, 2.4, -11.0424
36.2819, 2.4, -12.0459
37.3265, 2.4, -13.3332
38.371, 2.4, -15.2176
39.4156, 2.4, -17.9794
40.4601, 2.4, -18.5619
41.5047, 2.4, -16.6756
42.5492, 2.4, -15.5103
43.5938, 2.4, -14.9534
44.6384, 2.4, -14.7219
45.6829, 2.4, -14.6603
46.7275, 2.4, -14.7375
47.772, 2.4, -15.0105
48.8166, 2.4, -15.243
49.8612, 2.4, -15.9869
50.9057, 2.4, -14.6397
51.9503, 2.4, -13.9351
52.9948, 2.4, -13.3917
54.0394, 2.4, -13.0462
55.084, 2.4, -12.7405
56.1285, 2.4, -12.3694
57.1731, 2.4, -11.853
58.2176, 2.4, -11.2042
59.2622, 2.4, -11.0578
60.3068, 2.4, -12.428
61.3513, 2.4, -11.1506
62.3959, 2.4, -11.7264
63.4404, 2.4, -12.2882
64.485, 2.4, -12.6583
65.5295, 2.4, -12.9947
66.5741, 2.4, -13.4479
67.6187, 2.4, -14.1391
68.6632, 2.4, -15.1097
69.7078, 2.4, -17.1236
70.7523, 2.4, -16.1985
71.7969, 2.4, -14.6345
72.8415, 2.4, -13.2445
73.886, 2.4, -12.1386
74.9306, 2.4, -11.3361
75.9751, 2.4, -10.8016
77.0197, 2.4, -10.5873
78.0643, 2.4, -11.0891
79.1088, 2.4, -13.6597
80.1534, 2.4, -17.2312
81.1979, 2.4, -12.725
82.2425, 2.4, -10.9096
83.2871, 2.4, -10.6885
84.3316, 2.4, -11.0338
85.3762, 2.4, -11.6714
86.4207, 2.4, -12.586
87.4653, 2.4, -13.8845
88.5098, 2.4, -15.8381
89.5544, 2.4, -18.0508
90.599, 2.4, -19.4525
91.6435, 2.4, -20.6435
92.6881, 2.4, -22.6067
93.7326, 2.4, -25.0408
94.7772, 2.4, -27.7642
95.8218, 2.4, -30.6786
96.8663, 2.4, -33.7198
97.9109, 2.4, -36.7592
98.9554, 2.4, -38.8171
4.8423, 3.2, -7.3057
5.8766, 3.2, -7.0641
6.911, 3.2, -7.4877
7.9453, 3.2, -8.3188
8.9796, 3.2, -9.358
10.0139, 3.2, -9.90746
11.0483, 3.2, -9.30822
12.0826, 3.2, -8.38264
13.1169, 3.2, -8.08652
14.1512, 3.2, -8.00933
15.1855, 3.2, -8.06855
16.2199, 3.2, -8.22351
17.2542, 3.2, -8.41871
18.2885, 3.2, -8.42949
19.3228, 3.2, -7.93192
20.3572, 3.2, -7.89855
21.3915, 3.2, -9.10225
22.4258, 3.2, -9.86374
23.4601, 3.2, -10.3357
24.4945, 3.2, -10.804
25.5288, 3.2, -11.3315
26.5631, 3.2, -11.9347
27.5974, 3.2, -12.6382
28.6317, 3.2, -13.5849
29.6661, 3.2, -15.9415
30.7004, 3.2, -15.8305
31.7347, 3.2, -15.6475
32.769, 3.2, -16.0623
33.8034, 3.2, -16.6396
34.8377, 3.2, -17.3469
35.872, 3.2, -18.2074
36.9063, 3.2, -19.2751
37.9406, 3.2, -20.6286
38.975, 3.2, -22.1616
40.0093, 3.2, -23.4265
41.0436, 3.2, -23.0976
42.0779, 3.2, -22.3979
43.1123, 3.2, -21.8202
44.1466, 3.2, -21.5223
45.1809, 3.2, -21.4703
46.2152, 3.2, -21.6561
47.2495, 3.2, -22.1161
48.2839, 3.2, -22.9578
49.3182, 3.2, -24.4548
50.3525, 3.2, -25.3045
51.3868, 3.2, -22.4805
52.4212, 3.2, -21.0681
53.4555, 3.2, -20.2882
54.4898, 3.2, -19.791
55.5241, 3.2, -19.3722
56.5585, 3.2, -18.8789
57.5928, 3.2, -18.1989
58.6271, 3.2, -17.5664
59.6614, 3.2, -20.9372
60.6957, 3.2, -18.8318
61.7301, 3.2, -17.5267
62.7644, 3.2, -18.1069
63.7987, 3.2, -18.5298
64.833, 3.2, -18.8096
65.8674, 3.2, -19.1012
66.9017, 3.2, -19.598
67.936, 3.2, -20.577
68.9703, 3.2, -22.4968
70.0046, 3.2, -26.7162
71.039, 3.2, -22.4995
72.0733, 3.2, -20.2661
73.1076, 3.2, -18.7694
74.1419, 3.2, -17.7402
75.1763, 3.2, -17.033
76.2106, 3.2, -16.5889
77.2449, 3.2, -16.4313
78.2792, 3.2, -16.7894
79.3135, 3.2, -19.6366
80.3479, 3.2, -22.3375
81.3822, 3.2, -16.915
82.4165, 3.2, -16.1862
83.4508, 3.2, -16.2087
84.4852, 3.2, -16.5368
85.5195, 3.2, -17.0804
86.5538, 3.2, -17.8338
87.5881, 3.2, -18.8272
88.6225, 3.2, -20.0157
89.6568, 3.2, -20.3435
90.6911, 3.2, -22.4836
91.7254, 3.2, -25.8432
92.7597, 3.2, -28.6237
93.7941, 3.2, -31.5636
94.8284, 3.2, -34.706
95.8627, 3.2, -38.0498
96.897, 3.2, -41.5902
97.9314, 3.2, -45.2353
98.9657, 3.2, -47.8136
5.78409, 4, -11.1668
6.80817, 4, -12.1221
7.83226, 4, -13.0837
8.85634, 4, -14.1561
9.88043, 4, -15.1436
10.9045, 4, -14.995
11.9286, 4, -14.273
12.9527, 4, -13.7774
13.9768, 4, -13.6322
15.0009, 4, -13.6978
16.0249, 4, -13.9089
17.049, 4, -14.2321
18.0731, 4, -14.6028
19.0972, 4, -14.4756
20.1213, 4, -13.2343
21.1454, 4, -15.4172
22.1695, 4, -16.0415
23.1935, 4, -16.4713
24.2176, 4, -16.9687
25.2417, 4, -17.5598
26.2658, 4, -18.2563
27.2899, 4, -19.0831
28.314, 4, -20.13
29.3381, 4, -21.7323
30.3622, 4, -22.9143
31.3862, 4, -22.2961
32.4103, 4, -22.4693
33.4344, 4, -22.8812
34.4585, 4, -23.415
35.4826, 4, -24.0929
36.5067, 4, -24.9344
37.5308, 4, -25.8943
38.5548, 4, -26.6678
39.5789, 4, -27.2391
40.603, 4, -27.7619
41.6271, 4, -28.0749
42.6512, 4, -27.9981
43.6753, 4, -27.7748
44.6994, 4, -27.7195
45.7234, 4, -27.913
46.7475, 4, -28.403
47.7716, 4, -29.2724
48.7957, 4, -30.964
49.8198, 4, -33.5458
50.8439, 4, -31.6596
51.868, 4, -29.0505
52.892, 4, -27.7231
53.9161, 4, -26.9651
54.9402, 4, -26.4805
55.9643, 4, -26.1024
56.9884, 4, -25.6955
58.0125, 4, -25.1912
59.0366, 4, -24.984
60.0606, 4, -25.7582
61.0847, 4, -24.6592
62.1088, 4, -24.5748
63.1329, 4, -24.7647
64.157, 4, -24.9464
65.1811, 4, -25.075
66.2052, 4, -25.1961
67.2292, 4, -25.516
68.2533, 4, -26.7032
69.2774, 4, -29.3485
70.3015, 4, -30.5468
71.3256, 4, -27.1205
72.3497, 4, -24.9787
73.3738, 4, -23.849
74.3979, 4, -23.1465
75.4219, 4, -22.5614
76.446, 4, -22.0733
77.4701, 4, -21.7622
78.4942, 4, -21.6451
79.5183, 4, -22.4648
80.5424, 4, -21.8556
81.5665, 4, -21.0282
82.5905, 4, -21.179
83.6146, 4, -21.5071
84.6387, 4, -21.9497
85.6628, 4, -22.3745
86.6869, 4, -22.7104
87.711, 4, -23.055
88.7351, 4, -23.1194
89.7591, 4, -22.8194
90.7832, 4, -26.0275
91.8073, 4, -30.3699
92.8314, 4, -34.1256
93.8555, 4, -37.9409
94.8796, 4, -41.6783
95.9037, 4, -45.3011
96.9277, 4, -48.9083
97.9518, 4, -52.7963
98.9759, 4, -56.5587
6.72585, 4.8, -16.1932
7.7397, 4.8, -17.3128
8.75355, 4.8, -18.5003
9.7674, 4.8, -20.2619
10.7812, 4.8, -19.8094
11.7951, 4.8, -19.3822
12.8089, 4.8, -19.0527
13.8228, 4.8, -18.9275
14.8366, 4.8, -19.0035
15.8505, 4.8, -19.2469
16.8643, 4.8, -19.6361
17.8782, 4.8, -20.1598
18.892, 4.8, -20.8072
19.9059, 4.8, -20.4097
20.9197, 4.8, -21.7273
21.9336, 4.8, -21.9436
22.9474, 4.8, -22.3139
23.9613, 4.8, -22.8334
24.9751, 4.8, -23.4817
25.989, 4.8, -24.2565
27.0028, 4.8, -25.1739
28.0167, 4.8, -26.2741
29.0305, 4.8, -27.5308
30.0444, 4.8, -27.9963
31.0582, 4.8, -28.597
32.0721, 4.8, -28.6095
33.0859, 4.8, -28.7785
34.0998, 4.8, -29.1112
35.1136, 4.8, -29.5694
36.1275, 4.8, -30.1483
37.1413, 4.8, -30.7969
38.1552, 4.8, -31.4385
39.169, 4.8, -31.7271
40.1829, 4.8, -31.7038
41.1967, 4.8, -32.847
42.2106, 4.8, -33.1028
43.2244, 4.8, -33.1053
44.2383, 4.8, -33.1397
45.2521, 4.8, -33.3399
46.266, 4.8, -33.802
47.2798, 4.8, -34.6362
48.2937, 4.8, -36.0703
49.3075, 4.8, -38.3729
50.3214, 4.8, -39.3095
51.3352, 4.8, -36.7252
52.3491, 4.8, -35.0089
53.3629, 4.8, -33.9579
54.3768, 4.8, -33.3738
55.3906, 4.8, -33.0701
56.4045, 4.8, -32.9276
57.4183, 4.8, -32.8985
58.4322, 4.8, -32.6653
59.446, 4.8, -30.1838
60.4599, 4.8, -29.3248
61.4737, 4.8, -31.8041
62.4876, 4.8, -31.8198
63.5014, 4.8, -31.7664
64.5153, 4.8, -31.7923
65.5291, 4.8, -31.7885
66.543, 4.8, -31.7063
67.5568, 4.8, -31.5812
68.5707, 4.8, -31.9309
69.5845, 4.8, -33.9469
70.5984, 4.8, -33.0745
71.6122, 4.8, -30.6247
72.6261, 4.8, -29.8886
73.6399, 4.8, -29.4465
74.6538, 4.8, -28.9095
75.6676, 4.8, -28.2683
76.6815, 4.8, -27.5454
77.6953, 4.8, -26.7291
78.7092, 4.8, -25.6529
79.723, 4.8, -20.0433
80.7369, 4.8, -23.509
81.7507, 4.8, -25.4223
82.7646, 4.8, -26.3173
83.7784, 4.8, -27.1235
84.7923, 4.8, -27.7503
85.8061, 4.8, -28.1035
86.82, 4.8, -27.988
87.8338, 4.8, -27.2007
88.8477, 4.8, -26.3124
89.8615, 4.8, -25.6504
90.8754, 4.8, -30.17
91.8892, 4.8, -35.0589
92.9031, 4.8, -40.4358
93.9169, 4.8, -45.2499
94.9308, 4.8, -49.493
95.9446, 4.8, -53.3154
96.9585, 4.8, -56.7747
97.9723, 4.8, -60.1188
98.9862, 4.8, -65.0742
7.66761, 5.6, -21.115
8.67123, 5.6, -22.4279
9.67484, 5.6, -24.1025
10.6785, 5.6, -24.1583
11.6821, 5.6, -23.7618
12.6857, 5.6, -23.703
13.6893, 5.6, -23.7515
14.6929, 5.6, -23.9018
15.6965, 5.6, -24.1834
16.7001, 5.6, -24.6044
17.7037, 5.6, -25.1981
18.7074, 5.6, -26.1567
19.711, 5.6, -28.4063
20.7146, 5.6, -27.8345
21.7182, 5.6, -27.5206
22.7218, 5.6, -27.8211
23.7254, 5.6, -28.3622
24.729, 5.6, -29.0644
25.7326, 5.6, -29.9075
26.7363, 5.6, -30.8837
27.7399, 5.6, -31.9878
28.7435, 5.6, -33.0536
29.7471, 5.6, -33.4991
30.7507, 5.6, -34.109
31.7543, 5.6, -34.4045
32.7579, 5.6, -34.406
33.7615, 5.6, -34.5039
34.7652, 5.6, -34.7168
35.7688, 5.6, -35.0361
36.7724, 5.6, -35.4455
37.776, 5.6, -35.942
38.7796, 5.6, -36.465
39.7832, 5.6, -36.2685
40.7868, 5.6, -37.2958
41.7905, 5.6, -37.5876
42.7941, 5.6, -37.6414
43.7977, 5.6, -37.751
44.8013, 5.6, -37.9981
45.8049, 5.6, -38.4298
46.8085, 5.6, -39.1501
47.8121, 5.6, -40.2876
48.8157, 5.6, -41.8521
49.8194, 5.6, -44.4214
50.823, 5.6, -42.5906
51.8266, 5.6, -41.3165
52.8302, 5.6, -40.3655
53.8338, 5.6, -39.8411
54.8374, 5.6, -39.6182
55.841, 5.6, -39.6341
56.8446, 5.6, -39.7759
57.8483, 5.6, -39.8709
58.8519, 5.6, -39.1099
59.8555, 5.6, -33.4673
60.8591, 5.6, -37.6781
61.8627, 5.6, -38.9192
62.8663, 5.6, -39.0203
63.8699, 5.6, -39.0366
64.8736, 5.6, -38.9758
65.8772, 5.6, -38.877
66.8808, 5.6, -38.511
67.8844, 5.6, -37.6485
68.888, 5.6, -35.9216
69.8916, 5.6, -37.0446
70.8952, 5.6, -34.6007
71.8988, 5.6, -35.5649
72.9025, 5.6, -35.8327
73.9061, 5.6, -35.5548
74.9097, 5.6, -34.9155
75.9133, 5.6, -34.0907
76.9169, 5.6, -33.0265
77.9205, 5.6, -31.5884
78.9241, 5.6, -28.7035
79.9277, 5.6, -20.3654
80.9314, 5.6, -27.5294
81.935, 5.6, -30.6203
82.9386, 5.6, -32.1268
83.9422, 5.6, -33.2478
84.9458, 5.6, -34.0383
85.9494, 5.6, -34.439
86.953, 5.6, -34.1765
87.9566, 5.6, -32.8922
88.9603, 5.6, -30.3098
89.9639, 5.6, -29.3379
90.9675, 5.6, -35.0546
91.9711, 5.6, -42.2183
92.9747, 5.6, -48.4327
93.9783, 5.6, -53.6863
94.9819, 5.6, -58.2046
95.9855, 5.6, -62.2652
96.9892, 5.6, -65.8457
97.9928, 5.6, -69.1392
98.9964, 5.6, -73.5686
8.60938, 6.4, -25.9133
9.60275, 6.4, -27.2302
10.5961, 6.4, -27.8705
11.5895, 6.4, -27.8358
12.5829, 6.4, -27.9264
13.5763, 6.4, -28.1046
14.5696, 6.4, -28.363
15.563, 6.4, -28.7123
16.5564, 6.4, -29.1825
17.5498, 6.4, -29.8404
18.5431, 6.4, -30.8742
19.5365, 6.4, -33.2902
20.5299, 6.4, -33.6415
21.5233, 6.4, -32.6644
22.5166, 6.4, -32.9267
23.51, 6.4, -33.4612
24.5034, 6.4, -34.1571
25.4968, 6.4, -35.0222
26.4902, 6.4, -36.0681
27.4835, 6.4, -37.2481
28.4769, 6.4, -38.2965
29.4703, 6.4, -39.2448
30.4637, 6.4, -39.6878
31.457, 6.4, -39.7286
32.4504, 6.4, -39.7234
33.4438, 6.4, -39.6213
34.4372, 6.4, -39.6455
35.4305, 6.4, -39.796
36.4239, 6.4, -40.0149
37.4173, 6.4, -40.2584
38.4107, 6.4, -40.6347
39.404, 6.4, -41.4113
40.3974, 6.4, -41.9221
41.3908, 6.4, -41.6366
42.3842, 6.4, -41.6895
43.3775, 6.4, -41.9728
44.3709, 6.4, -42.3031
45.3643, 6.4, -42.6946
46.3577, 6.4, -43.206
47.3511, 6.4, -43.9053
48.3444, 6.4, -44.8763
49.3378, 6.4, -46.3672
50.3312, 6.4, -46.9202
51.3246, 6.4, -45.9816
52.3179, 6.4, -45.546
53.3113, 6.4, -45.2358
54.3047, 6.4, -45.0363
55.2981, 6.4, -45.0762
56.2914, 6.4, -45.4146
57.2848, 6.4, -45.99
58.2782, 6.4, -46.1746
59.2716, 6.4, -45.7705
60.2649, 6.4, -45.6087
61.2583, 6.4, -45.4364
62.2517, 6.4, -45.9155
63.2451, 6.4, -45.552
64.2384, 6.4, -45.1075
65.2318, 6.4, -44.918
66.2252, 6.4, -44.9663
67.2186, 6.4, -44.9663
68.212, 6.4, -43.6296
69.2053, 6.4, -39.7149
70.1987, 6.4, -36.6313
71.1921, 6.4, -40.1144
72.1855, 6.4, -42.052
73.1788, 6.4, -41.86
74.1722, 6.4, -41.1116
75.1656, 6.4, -40.3354
76.159, 6.4, -39.5082
77.1523, 6.4, -38.3866
78.1457, 6.4, -36.3036
79.1391, 6.4, -32.9134
80.1325, 6.4, -31.2339
81.1258, 6.4, -33.6882
82.1192, 6.4, -36.6909
83.1126, 6.4, -38.5037
84.106, 6.4, -39.6654
85.0994, 6.4, -40.5325
86.0927, 6.4, -41.1527
87.0861, 6.4, -41.3736
88.0795, 6.4, -40.4501
89.0729, 6.4, -36.984
90.0662, 6.4, -34.2698
91.0596, 6.4, -43.4959
92.053, 6.4, -51.8749
93.0464, 6.4, -57.6136
94.0397, 6.4, -62.3473
95.0331, 6.4, -66.8159
96.0265, 6.4, -71.2645
97.0199, 6.4, -75.7602
98.0132, 6.4, -79.9652
99.0066, 6.4, -83.1246
9.55114, 7.2, -30.1051
10.5343, 7.2, -31.072
11.5174, 7.2, -31.6189
12.5006, 7.2, -31.907
13.4837, 7.2, -32.1964
14.4668, 7.2, -32.5335
15.45, 7.2, -32.9463
16.4331, 7.2, -33.4688
17.4163, 7.2, -34.158
18.3994, 7.2, -35.1316
19.3825, 7.2, -36.7648
20.3657, 7.2, -37.8767
21.3488, 7.2, -37.374
22.332, 7.2, -37.5483
23.3151, 7.2, -38.0179
24.2982, 7.2, -38.6808
25.2814, 7.2, -39.5115
26.2645, 7.2, -40.5164
27.2477, 7.2, -41.7263
28.2308, 7.2, -43.1702
29.2139, 7.2, -44.5431
30.1971, 7.2, -45.5877
31.1802, 7.2, -45.0595
32.1634, 7.2, -44.5601
33.1465, 7.2, -44.2862
34.1296, 7.2, -44.2463
35.1128, 7.2, -44.3438
36.0959, 7.2, -44.4978
37.0791, 7.2, -44.642
38.0622, 7.2, -44.7453
39.0453, 7.2, -45.1681
40.0285, 7.2, -47.3349
41.0116, 7.2, -45.5091
41.9948, 7.2, -45.5763
42.9779, 7.2, -46.0073
43.961, 7.2, -46.4149
44.9442, 7.2, -46.7844
45.9273, 7.2, -47.1375
46.9104, 7.2, -47.5055
47.8936, 7.2, -47.9391
48.8767, 7.2, -48.5776
49.8599, 7.2, -49.0722
50.843, 7.2, -49.5462
51.8261, 7.2, -49.5187
52.8093, 7.2, -49.3834
53.7924, 7.2, -49.2507
54.7756, 7.2, -49.2292
55.7587, 7.2, -49.4341
56.7418, 7.2, -50.0105
57.725, 7.2, -51.1532
58.7081, 7.2, -52.96
59.6913, 7.2, -56.492
60.6744, 7.2, -54.2786
61.6575, 7.2, -52.3735
62.6407, 7.2, -50.8103
63.6238, 7.2, -49.769
64.607, 7.2, -49.2244
65.5901, 7.2, -49.1159
66.5732, 7.2, -49.4043
67.5564, 7.2, -49.9869
68.5395, 7.2, -50.066
69.5227, 7.2, -44.0219
70.5058, 7.2, -43.6059
71.4889, 7.2, -48.1671
72.4721, 7.2, -47.3798
73.4552, 7.2, -46.3495
74.4384, 7.2, -45.569
75.4215, 7.2, -44.9332
76.4046, 7.2, -44.2605
77.3878, 7.2, -43.3285
78.3709, 7.2, -41.8718
79.3541, 7.2, -40.6828
80.3372, 7.2, -41.1697
81.3203, 7.2, -41.4244
82.3035, 7.2, -43.3813
83.2866, 7.2, -44.8754
84.2698, 7.2, -46.028
85.2529, 7.2, -46.9907
86.236, 7.2, -47.8684
87.2192, 7.2, -48.6999
88.2023, 7.2, -49.2501
89.1855, 7.2, -47.0294
90.1686, 7.2, -41.359
91.1517, 7.2, -55.3636
92.1349, 7.2, -61.6977
93.118, 7.2, -66.1393
94.1012, 7.2, -70.3698
95.0843, 7.2, -74.7546
96.0674, 7.2, -79.4786
97.0506, 7.2, -84.68
98.0337, 7.2, -90.2913
99.0169, 7.2, -93.7998
10.4929, 8, -34.3065
11.4658, 8, -35.1496
12.4387, 8, -35.6417
13.4116, 8, -36.0468
14.3845, 8, -36.4619
15.3574, 8, -36.9243
16.3303, 8, -37.4681
17.3032, 8, -38.1352
18.2761, 8, -38.9811
19.249, 8, -39.8059
20.2219, 8, -39.8482
21.1948, 8, -41.374
22.1677, 8, -41.699
23.1406, 8, -42.1469
24.1135, 8, -42.7721
25.0865, 8, -43.5522
26.0594, 8, -44.4819
27.0323, 8, -45.6209
28.0052, 8, -47.1189
28.9781, 8, -49.1679
29.951, 8, -50.8952
30.9239, 8, -50.1961
31.8968, 8, -49.0681
32.8697, 8, -48.618
33.8426, 8, -48.5722
34.8155, 8, -48.7098
35.7884, 8, -48.8995
36.7613, 8, -49.072
37.7342, 8, -49.1715
38.7071, 8, -49.0981
39.68, 8, -49.6181
40.6529, 8, -49.1477
41.6258, 8, -49.5649
42.5987, 8, -50.1298
43.5716, 8, -50.5467
44.5445, 8, -50.851
45.5174, 8, -51.099
46.4903, 8, -51.3225
47.4632, 8, -51.4849
48.4361, 8, -51.4505
49.409, 8, -51.1238
50.3819, 8, -51.7417
51.3548, 8, -52.7339
52.3277, 8, -52.9322
53.3006, 8, -52.75
54.2735, 8, -52.5849
55.2465, 8, -52.5932
56.2194, 8, -52.9082
57.1923, 8, -53.8304
58.1652, 8, -56.0293
59.1381, 8, -60.8694
60.111, 8, -64.7101
61.0839, 8, -59.9711
62.0568, 8, -55.6772
63.0297, 8, -53.459
64.0026, 8, -52.4199
64.9755, 8, -52.0166
65.9484, 8, -52.038
66.9213, 8, -52.5846
67.8942, 8, -54.0656
68.8671, 8, -56.3945
69.84, 8, -52.3076
70.8129, 8, -55.7669
71.7858, 8, -53.049
72.7587, 8, -51.0211
73.7316, 8, -50.0043
74.7045, 8, -49.4868
75.6774, 8, -49.1704
76.6503, 8, -48.9569
77.6232, 8, -48.758
78.5961, 8, -48.8949
79.569, 8, -49.6211
80.5419, 8, -49.803
81.5148, 8, -49.6789
82.4877, 8, -50.3937
83.4606, 8, -51.4168
84.4335, 8, -52.3939
85.4064, 8, -53.4326
86.3794, 8, -54.6077
87.3523, 8, -56.0567
88.3252, 8, -58.161
89.2981, 8, -60.4067
90.271, 8, -59.2761
91.2439, 8, -66.9703
92.2168, 8, -70.0363
93.1897, 8, -73.5728
94.1626, 8, -77.5802
95.1355, 8, -81.9314
96.1084, 8, -86.6374
97.0813, 8, -91.9298
98.0542, 8, -98.1423
99.0271, 8, -104.4229
11.4347, 8.8, -38.6023
12.3973, 8.8, -39.1883
13.36, 8.8, -39.6936
14.3227, 8.8, -40.1706
15.2853, 8.8, -40.6661
16.248, 8.8, -41.2069
17.2107, 8.8, -41.8126
18.1733, 8.8, -42.4622
19.136, 8.8, -42.7311
20.0987, 8.8, -42.5866
21.0613, 8.8, -44.4552
22.024, 8.8, -45.3265
22.9867, 8.8, -45.9361
23.9493, 8.8, -46.6253
24.912, 8.8, -47.4075
25.8747, 8.8, -48.2802
26.8373, 8.8, -49.2609
27.8, 8.8, -50.4462
28.7627, 8.8, -52.3056
29.7253, 8.8, -55.4985
30.688, 8.8, -54.5992
31.6507, 8.8, -53.0721
32.6133, 8.8, -52.7499
33.576, 8.8, -52.8743
34.5387, 8.8, -53.1264
35.5013, 8.8, -53.4009
36.464, 8.8, -53.6331
37.4267, 8.8, -53.7598
38.3893, 8.8, -53.6731
39.352, 8.8, -52.7998
40.3147, 8.8, -51.7274
41.2773, 8.8, -53.7059
42.24, 8.8, -54.4346
43.2027, 8.8, -54.8102
44.1653, 8.8, -55.0003
45.128, 8.8, -55.0956
46.0907, 8.8, -55.151
47.0533, 8.8, -55.1737
48.016, 8.8, -55.0577
48.9787, 8.8, -54.444
49.9413, 8.8, -53.3913
50.904, 8.8, -55.3191
51.8667, 8.8, -55.9666
52.8293, 8.8, -55.8682
53.792, 8.8, -55.6556
54.7547, 8.8, -55.5345
55.7173, 8.8, -55.6073
56.68, 8.8, -56.0176
57.6427, 8.8, -57.1545
58.6053, 8.8, -60.263
59.568, 8.8, -67.0417
60.5307, 8.8, -66.8953
61.4933, 8.8, -60.205
62.456, 8.8, -56.9114
63.4187, 8.8, -55.5922
64.3813, 8.8, -55.0429
65.344, 8.8, -54.8663
66.3067, 8.8, -54.9576
67.2693, 8.8, -55.4393
68.232, 8.8, -57.1255
69.1947, 8.8, -62.9575
70.1573, 8.8, -71.8991
71.12, 8.8, -59.611
72.0827, 8.8, -55.5579
73.0453, 8.8, -54.3327
74.008, 8.8, -53.8142
74.9707, 8.8, -53.5762
75.9333, 8.8, -53.5714
76.896, 8.8, -53.9197
77.8587, 8.8, -54.8953
78.8213, 8.8, -56.2305
79.784, 8.8, -57.0217
80.7467, 8.8, -57.5756
81.7093, 8.8, -57.4354
82.672, 8.8, -57.2983
83.6347, 8.8, -57.665
84.5973, 8.8, -58.519
85.56, 8.8, -59.7078
86.5227, 8.8, -61.2497
87.4853, 8.8, -63.3765
88.448, 8.8, -66.6708
89.4107, 8.8, -73.8715
90.3733, 8.8, -79.8931
91.336, 8.8, -75.605
92.2987, 8.8, -77.1427
93.2613, 8.8, -80.4978
94.224, 8.8, -84.5315
95.1867, 8.8, -88.8869
96.1493, 8.8, -93.4613
97.112, 8.8, -98.2667
98.07467, 8.8, -103.7208
99.03733, 8.8, -112.3242
12.3764, 9.6, -42.756
13.3289, 9.6, -43.3266
14.2813, 9.6, -43.8287
15.2337, 9.6, -44.2928
16.1861, 9.6, -44.7613
17.1386, 9.6, -45.2596
18.091, 9.6, -45.6618
19.0434, 9.6, -45.9269
19.9959, 9.6, -46.4054
20.9483, 9.6, -47.3887
21.9007, 9.6, -48.4811
22.8532, 9.6, -49.4247
23.8056, 9.6, -50.2557
24.758, 9.6, -51.089
25.7105, 9.6, -51.9497
26.6629, 9.6, -52.8389
27.6153, 9.6, -53.7612
28.5677, 9.6, -54.8348
29.5202, 9.6, -57.2646
30.4726, 9.6, -57.7893
31.425, 9.6, -56.5711
32.3775, 9.6, -56.7699
33.3299, 9.6, -57.1535
34.2823, 9.6, -57.5783
35.2348, 9.6, -57.9885
36.1872, 9.6, -58.3392
37.1396, 9.6, -58.57
38.092, 9.6, -58.5589
39.0445, 9.6, -57.8563
39.9969, 9.6, -54.1039
40.9493, 9.6, -57.9973
41.9018, 9.6, -59.012
42.8542, 9.6, -59.2825
43.8066, 9.6, -59.2949
44.7591, 9.6, -59.1828
45.7115, 9.6, -59.0118
46.6639, 9.6, -58.8244
47.6163, 9.6, -58.6494
48.5688, 9.6, -58.4569
49.5212, 9.6, -57.4506
50.4736, 9.6, -57.8403
51.4261, 9.6, -58.721
52.3785, 9.6, -58.593
53.3309, 9.6, -58.3815
54.2834, 9.6, -58.2162
55.2358, 9.6, -58.158
56.1882, 9.6, -58.2722
57.1406, 9.6, -58.6607
58.0931, 9.6, -59.5202
59.0455, 9.6, -61.4749
59.9979, 9.6, -70.9421
60.9504, 9.6, -61.9263
61.9028, 9.6, -59.5408
62.8552, 9.6, -58.5195
63.8077, 9.6, -58.0585
64.7601, 9.6, -57.8951
65.7125, 9.6, -57.8969
66.6649, 9.6, -58.0103
67.6174, 9.6, -58.33
68.5698, 9.6, -59.7315
69.5222, 9.6, -70.5778
70.4747, 9.6, -70.5466
71.4271, 9.6, -59.9186
72.3795, 9.6, -58.5054
73.332, 9.6, -58.0758
74.2844, 9.6, -57.8504
75.2368, 9.6, -57.8061
76.1892, 9.6, -58.0647
77.1417, 9.6, -58.8283
78.0941, 9.6, -60.3748
79.0465, 9.6, -62.6097
79.999, 9.6, -63.3668
80.9514, 9.6, -64.1763
81.9038, 9.6, -63.3889
82.8563, 9.6, -63.038
83.8087, 9.6, -63.4146
84.7611, 9.6, -64.357
85.7135, 9.6, -65.7649
86.666, 9.6, -67.63
87.6184, 9.6, -70.1042
88.5708, 9.6, -73.9427
89.5233, 9.6, -84.7594
90.4757, 9.6, -87.9292
91.4281, 9.6, -82.0535
92.3806, 9.6, -83.8232
93.333, 9.6, -87.2764
94.2854, 9.6, -91.3615
95.2378, 9.6, -95.7244
96.19028, 9.6, -100.1917
97.14271, 9.6, -104.6992
98.09514, 9.6, -109.4849
99.04757, 9.6, -117.3989
13.3182, 10.4, -46.5067
14.2604, 10.4, -47.2386
15.2026, 10.4, -47.8939
16.1448, 10.4, -48.3475
17.087, 10.4, -48.6492
18.0292, 10.4, -48.9674
18.9714, 10.4, -49.3558
19.9135, 10.4, -50.1656
20.8557, 10.4, -50.662
21.7979, 10.4, -51.6314
22.7401, 10.4, -52.6856
23.6823, 10.4, -53.6528
24.6245, 10.4, -54.5658
25.5667, 10.4, -55.4518
26.5089, 10.4, -56.3221
27.4511, 10.4, -57.1445
28.3933, 10.4, -57.7699
29.3355, 10.4, -58.2253
30.2777, 10.4, -59.1551
31.2199, 10.4, -59.6839
32.1621, 10.4, -60.6462
33.1043, 10.4, -61.3519
34.0465, 10.4, -61.9257
34.9886, 10.4, -62.4694
35.9308, 10.4, -62.9954
36.873, 10.4, -63.4633
37.8152, 10.4, -63.6969
38.7574, 10.4, -63.4182
39.6996, 10.4, -62.4094
40.6418, 10.4, -63.0517
41.584, 10.4, -63.9447
42.5262, 10.4, -64.0758
43.4684, 10.4, -63.8754
44.4106, 10.4, -63.5825
45.3528, 10.4, -63.2226
46.295, 10.4, -62.7768
47.2372, 10.4, -62.2764
48.1794, 10.4, -61.9943
49.1215, 10.4, -62.0673
50.0637, 10.4, -61.9367
51.0059, 10.4, -61.5454
51.9481, 10.4, -61.0487
52.8903, 10.4, -60.8804
53.8325, 10.4, -60.9196
54.7747, 10.4, -60.8978
55.7169, 10.4, -60.7704
56.6591, 10.4, -60.5513
57.6013, 10.4, -60.2751
58.5435, 10.4, -59.6513
59.4857, 10.4, -58.8029
60.4279, 10.4, -59.0645
61.3701, 10.4, -59.5939
62.3123, 10.4, -60.3226
63.2545, 10.4, -60.6129
64.1966, 10.4, -60.789
65.1388, 10.4, -60.9047
66.081, 10.4, -60.9997
67.0232, 10.4, -61.1027
67.9654, 10.4, -61.2242
68.9076, 10.4, -61.7667
69.8498, 10.4, -65.3902
70.792, 10.4, -63.0065
71.7342, 10.4, -62.2358
72.6764, 10.4, -61.9959
73.6186, 10.4, -61.8988
74.5608, 10.4, -61.9003
75.503, 10.4, -61.9993
76.4452, 10.4, -62.2462
77.3874, 10.4, -62.8628
78.3296, 10.4, -64.4823
79.2717, 10.4, -67.5809
80.2139, 10.4, -69.3152
81.1561, 10.4, -68.3183
82.0983, 10.4, -67.4007
83.0405, 10.4, -67.6175
83.9827, 10.4, -68.5927
84.9249, 10.4, -69.8793
85.8671, 10.4, -71.4135
86.8093, 10.4, -73.2953
87.7515, 10.4, -75.8759
88.6937, 10.4, -79.8639
89.6359, 10.4, -86.9113
90.5781, 10.4, -88.0842
91.5203, 10.4, -87.7771
92.4624, 10.4, -90.2178
93.4046, 10.4, -94.0211
94.3468, 10.4, -98.3515
95.28903, 10.4, -102.8435
96.23122, 10.4, -107.3072
97.17342, 10.4, -111.659
98.11562, 10.4, -116.1075
99.05781, 10.4, -120.8971
14.26, 11.2, -50.0356
15.1919, 11.2, -50.979
16.1239, 11.2, -51.8205
17.0558, 11.2, -52.3777
17.9878, 11.2, -52.5528
18.9197, 11.2, -52.9325
19.8517, 11.2, -53.4739
20.7837, 11.2, -54.1045
21.7156, 11.2, -55.0161
22.6476, 11.2, -56.0107
23.5795, 11.2, -57.0245
24.5115, 11.2, -57.9806
25.4434, 11.2, -58.8786
26.3754, 11.2, -59.7251
27.3074, 11.2, -60.5019
28.2393, 11.2, -61.1155
29.1713, 11.2, -60.8299
30.1032, 11.2, -58.1937
31.0352, 11.2, -62.8043
31.9671, 11.2, -64.3707
32.8991, 11.2, -65.2634
33.8311, 11.2, -65.9926
34.763, 11.2, -66.6653
35.695, 11.2, -67.3319
36.6269, 11.2, -68.0049
37.5589, 11.2, -68.6757
38.4908, 11.2, -69.2409
39.4228, 11.2, -69.7835
40.3548, 11.2, -70.457
41.2867, 11.2, -69.5851
42.2187, 11.2, -69.1827
43.1506, 11.2, -68.7482
44.0826, 11.2, -68.3451
45.0145, 11.2, -67.917
45.9465, 11.2, -67.3947
46.8785, 11.2, -66.7114
47.8104, 11.2, -65.85
48.7424, 11.2, -65.3056
49.6743, 11.2, -66.955
50.6063, 11.2, -65.1001
51.5382, 11.2, -63.555
52.4702, 11.2, -63.774
53.4021, 11.2, -64.1348
54.3341, 11.2, -64.2656
55.2661, 11.2, -64.095
56.198, 11.2, -63.5726
57.13, 11.2, -62.5448
58.0619, 11.2, -60.8151
58.9939, 11.2, -57.9385
59.9258, 11.2, -47.7335
60.8578, 11.2, -56.7507
61.7898, 11.2, -60.5186
62.7217, 11.2, -62.3978
63.6537, 11.2, -63.3737
64.5856, 11.2, -63.8221
65.5176, 11.2, -64.0082
66.4495, 11.2, -64.0736
67.3815, 11.2, -64.0791
68.3135, 11.2, -63.7282
69.2454, 11.2, -59.4166
70.1774, 11.2, -47.24
71.1093, 11.2, -63.4746
72.0413, 11.2, -65.3637
72.9732, 11.2, -65.6775
73.9052, 11.2, -65.8947
74.8372, 11.2, -66.1325
75.7691, 11.2, -66.344
76.7011, 11.2, -66.472
77.633, 11.2, -66.5189
78.565, 11.2, -67.0887
79.4969, 11.2, -70.6374
80.4289, 11.2, -72.3674
81.3609, 11.2, -70.132
82.2928, 11.2, -70.9503
83.2248, 11.2, -72.4941
84.1567, 11.2, -74.0075
85.0887, 11.2, -75.4825
86.0206, 11.2, -77.012
86.9526, 11.2, -78.7229
87.8846, 11.2, -80.7831
88.8165, 11.2, -83.2217
89.7485, 11.2, -79.3469
90.6804, 11.2, -86.705
91.6124, 11.2, -92.4174
92.5443, 11.2, -96.5867
93.4763, 11.2, -101.0716
94.40826, 11.2, -105.7796
95.34022, 11.2, -110.5371
96.27217, 11.2, -115.1755
97.20413, 11.2, -119.5254
98.13609, 11.2, -123.149
99.06805, 11.2, -124.2147
15.2017, 12, -53.5344
16.1234, 12, -54.744
17.0452, 12, -55.855
17.9669, 12, -56.5264
18.8886, 12, -56.5503
19.8103, 12, -56.7864
20.732, 12, -57.5605
21.6538, 12, -58.564
22.5755, 12, -59.6054
23.4972, 12, -60.5864
24.4189, 12, -61.5048
25.3406, 12, -62.3708
26.2624, 12, -63.1989
27.1841, 12, -63.9532
28.1058, 12, -64.5491
29.0275, 12, -64.4714
29.9492, 12, -61.6755
30.871, 12, -66.1272
31.7927, 12, -68.0184
32.7144, 12, -69.0289
33.6361, 12, -69.8496
34.5578, 12, -70.6099
35.4796, 12, -71.398
36.4013, 12, -72.253
37.323, 12, -73.2134
38.2447, 12, -74.4523
39.1665, 12, -76.4334
40.0882, 12, -78.2102
41.0099, 12, -76.2636
41.9316, 12, -74.6428
42.8533, 12, -73.8714
43.7751, 12, -73.3734
44.6968, 12, -72.9211
45.6185, 12, -72.455
46.5402, 12, -71.8627
47.4619, 12, -70.9506
48.3837, 12, -69.6602
49.3054, 12, -68.7256
50.2271, 12, -69.2826
51.1488, 12, -66.7945
52.0705, 12, -67.5343
52.9923, 12, -68.1386
53.914, 12, -68.348
54.8357, 12, -68.1487
55.7574, 12, -67.6276
56.6791, 12, -66.6051
57.6009, 12, -64.7166
58.5226, 12, -61.279
59.4443, 12, -54.0997
60.366, 12, -50.9761
61.2877, 12, -59.75
62.2095, 12, -63.8435
63.1312, 12, -65.7435
64.0529, 12, -66.6212
64.9746, 12, -66.9668
65.8963, 12, -67.0914
66.8181, 12, -67.0019
67.7398, 12, -66.514
68.6615, 12, -64.2102
69.5832, 12, -53.2186
70.5049, 12, -56.0301
71.4267, 12, -66.1162
72.3484, 12, -68.525
73.2701, 12, -69.4397
74.1918, 12, -70.0427
75.1135, 12, -70.5193
76.0353, 12, -70.8528
76.957, 12, -70.8594
77.8787, 12, -70.3195
78.8004, 12, -68.9795
79.7222, 12, -71.9262
80.6439, 12, -70.9221
81.5656, 12, -72.9607
82.4873, 12, -75.7816
83.409, 12, -77.9144
84.3307, 12, -79.6315
85.2525, 12, -81.1231
86.1742, 12, -82.4895
87.0959, 12, -83.7796
88.0176, 12, -84.7771
88.9394, 12, -83.68
89.8611, 12, -77.3323
90.7828, 12, -87.395
91.7045, 12, -96.6257
92.62624, 12, -102.7357
93.54796, 12, -108.2062
94.46968, 12, -113.5309
95.3914, 12, -118.6875
96.31312, 12, -123.5469
97.23484, 12, -127.8059
98.15656, 12, -130.5898
99.07828, 12, -128.4922
16.1435, 12.8, -57.1188
17.055, 12.8, -58.6767
17.9665, 12.8, -60.1108
18.8779, 12.8, -60.5123
19.7894, 12.8, -60.3071
20.7009, 12.8, -61.1156
21.6124, 12.8, -62.3268
22.5239, 12.8, -63.379
23.4354, 12.8, -64.2196
24.3468, 12.8, -64.9649
25.2583, 12.8, -65.7297
26.1698, 12.8, -66.5401
27.0813, 12.8, -67.3653
27.9928, 12.8, -68.0613
28.9043, 12.8, -68.4263
29.8157, 12.8, -69.3946
30.7272, 12.8, -70.2652
31.6387, 12.8, -71.645
32.5502, 12.8, -72.6381
33.4617, 12.8, -73.3826
34.3732, 12.8, -74.1615
35.2846, 12.8, -75.0503
36.1961, 12.8, -76.0892
37.1076, 12.8, -77.346
38.0191, 12.8, -78.9955
38.9306, 12.8, -81.3768
39.8421, 12.8, -84.4512
40.7535, 12.8, -82.6794
41.665, 12.8, -80.3923
42.5765, 12.8, -79.1096
43.488, 12.8, -78.2488
44.3995, 12.8, -77.6299
45.311, 12.8, -77.1614
46.2225, 12.8, -76.7891
47.1339, 12.8, -76.4189
48.0454, 12.8, -75.6705
48.9569, 12.8, -73.4929
49.8684, 12.8, -69.6241
50.7799, 12.8, -70.6412
51.6914, 12.8, -72.373
52.6028, 12.8, -72.8606
53.5143, 12.8, -72.5422
54.4258, 12.8, -72.0421
55.3373, 12.8, -71.473
56.2488, 12.8, -70.7916
57.1603, 12.8, -69.7655
58.0717, 12.8, -67.5174
58.9832, 12.8, -62.5619
59.8947, 12.8, -58.1111
60.8062, 12.8, -60.4872
61.7177, 12.8, -65.5532
62.6292, 12.8, -68.0309
63.5406, 12.8, -68.8235
64.4521, 12.8, -69.1024
65.3636, 12.8, -69.2323
66.2751, 12.8, -69.2923
67.1866, 12.8, -69.1036
68.0981, 12.8, -67.8244
69.0096, 12.8, -65.0812
69.921, 12.8, -65.6092
70.8325, 12.8, -65.5079
71.744, 12.8, -69.2189
72.6555, 12.8, -71.6339
73.567, 12.8, -72.8758
74.4785, 12.8, -73.8095
75.3899, 12.8, -74.6253
76.3014, 12.8, -75.2443
77.2129, 12.8, -75.4039
78.1244, 12.8, -74.4598
79.0359, 12.8, -71.5624
79.9474, 12.8, -67.2312
80.8588, 12.8, -72.9096
81.7703, 12.8, -78.1865
82.6818, 12.8, -81.5051
83.5933, 12.8, -83.7609
84.5048, 12.8, -85.4978
85.4163, 12.8, -86.8891
86.3277, 12.8, -87.932
87.2392, 12.8, -88.4246
88.1507, 12.8, -87.7883
89.0622, 12.8, -85.78
89.9737, 12.8, -85.3032
90.8852, 12.8, -91.9569
91.79665, 12.8, -100.965
92.70813, 12.8, -108.8052
93.61961, 12.8, -115.4623
94.5311, 12.8, -121.4789
95.44258, 12.8, -127.052
96.35406, 12.8, -132.1259
97.26555, 12.8, -136.3548
98.17703, 12.8, -138.7627
99.08852, 12.8, -138.4618
17.0852, 13.6, -60.8586
17.9865, 13.6, -62.8751
18.8877, 13.6, -64.6159
19.789, 13.6, -64.0161
20.6902, 13.6, -65.132
21.5915, 13.6, -66.3422
22.4927, 13.6, -66.9655
23.394, 13.6, -67.4371
24.2952, 13.6, -67.9816
25.1965, 13.6, -68.6337
26.0977, 13.6, -69.3996
26.999, 13.6, -70.288
27.9002, 13.6, -71.3244
28.8015, 13.6, -72.6145
29.7027, 13.6, -75.4951
30.604, 13.6, -75.5532
31.5052, 13.6, -75.3388
32.4065, 13.6, -75.7851
33.3077, 13.6, -76.4347
34.2089, 13.6, -77.2504
35.1102, 13.6, -78.2337
36.0114, 13.6, -79.4134
36.9127, 13.6, -80.8503
37.8139, 13.6, -82.6544
38.7152, 13.6, -85.0113
39.6164, 13.6, -88.4631
40.5177, 13.6, -87.7826
41.4189, 13.6, -85.4641
42.3202, 13.6, -83.8952
43.2214, 13.6, -82.749
44.1227, 13.6, -81.9205
45.0239, 13.6, -81.3469
45.9252, 13.6, -80.9969
46.8264, 13.6, -80.8485
47.7277, 13.6, -80.8235
48.6289, 13.6, -80.3649
49.5302, 13.6, -75.5205
50.4314, 13.6, -74.2798
51.3326, 13.6, -78.15
52.2339, 13.6, -77.5583
53.1351, 13.6, -76.4968
54.0364, 13.6, -75.5362
54.9376, 13.6, -74.7206
55.8389, 13.6, -74.0244
56.7401, 13.6, -73.4039
57.6414, 13.6, -72.7783
58.5426, 13.6, -71.8615
59.4439, 13.6, -69.8635
60.3451, 13.6, -69.5232
61.2464, 13.6, -70.4634
62.1476, 13.6, -70.5806
63.0489, 13.6, -70.458
63.9501, 13.6, -70.363
64.8514, 13.6, -70.3032
65.7526, 13.6, -70.2584
66.6538, 13.6, -70.2143
67.5551, 13.6, -70.2006
68.4563, 13.6, -70.4986
69.3576, 13.6, -74.3634
70.2588, 13.6, -79.7167
71.1601, 13.6, -72.1801
72.0613, 13.6, -72.7311
72.9626, 13.6, -74.1699
73.8638, 13.6, -75.6922
74.7651, 13.6, -77.141
75.6663, 13.6, -78.4399
76.5676, 13.6, -79.4981
77.4688, 13.6, -80.1336
78.3701, 13.6, -79.8148
79.2713, 13.6, -75.5692
80.1726, 13.6, -65.8962
81.0738, 13.6, -80.5012
81.9751, 13.6, -85.0979
82.8763, 13.6, -87.819
83.7775, 13.6, -89.9098
84.6788, 13.6, -91.561
85.58, 13.6, -92.767
86.4813, 13.6, -93.4333
87.3825, 13.6, -93.3925
88.2838, 13.6, -92.4749
89.185, 13.6, -91.7526
90.0863, 13.6, -93.9235
90.9875, 13.6, -99.7459
91.88877, 13.6, -107.7753
92.79002, 13.6, -115.8052
93.69127, 13.6, -123.0811
94.59251, 13.6, -129.6735
95.49377, 13.6, -135.6507
96.39501, 13.6, -141.0225
97.29626, 13.6, -145.7468
98.1975, 13.6, -149.8204
99.09875, 13.6, -154.5487
18.027, 14.4, -64.9422
18.918, 14.4, -67.7561
19.809, 14.4, -68.4207
20.7, 14.4, -69.6475
21.5911, 14.4, -70.0397
22.4821, 14.4, -69.9955
23.3731, 14.4, -70.1805
24.2641, 14.4, -70.5855
25.1551, 14.4, -71.153
26.0461, 14.4, -71.8636
26.9371, 14.4, -72.7624
27.8281, 14.4, -74.0411
28.7191, 14.4, -76.1542
29.6102, 14.4, -79.3048
30.5012, 14.4, -80.0364
31.3922, 14.4, -78.6944
32.2832, 14.4, -78.4838
33.1742, 14.4, -79.011
34.0652, 14.4, -79.869
34.9562, 14.4, -80.9236
35.8472, 14.4, -82.1728
36.7382, 14.4, -83.6625
37.6292, 14.4, -85.4489
38.5203, 14.4, -87.5564
39.4113, 14.4, -90.234
40.3023, 14.4, -91.4302
41.1933, 14.4, -89.167
42.0843, 14.4, -87.713
42.9753, 14.4, -86.5055
43.8663, 14.4, -85.555
44.7573, 14.4, -84.8681
45.6483, 14.4, -84.4371
46.5394, 14.4, -84.2667
47.4304, 14.4, -84.3882
48.3214, 14.4, -84.8253
49.2124, 14.4, -85.1946
50.1034, 14.4, -82.1204
50.9944, 14.4, -84.1682
51.8854, 14.4, -82.0963
52.7764, 14.4, -80.1822
53.6674, 14.4, -78.7358
54.5585, 14.4, -77.638
55.4495, 14.4, -76.7838
56.3405, 14.4, -76.1635
57.2315, 14.4, -75.9606
58.1225, 14.4, -76.8164
59.0135, 14.4, -79.9814
59.9045, 14.4, -81.1126
60.7955, 14.4, -80.4551
61.6865, 14.4, -75.5294
62.5775, 14.4, -72.9313
63.4686, 14.4, -71.8606
64.3596, 14.4, -71.4012
65.2506, 14.4, -71.1597
66.1416, 14.4, -71.0601
67.0326, 14.4, -71.2853
67.9236, 14.4, -72.5786
68.8146, 14.4, -76.8207
69.7056, 14.4, -84.5939
70.5966, 14.4, -81.8871
71.4877, 14.4, -76.7291
72.3787, 14.4, -75.8437
73.2697, 14.4, -77.0608
74.1607, 14.4, -78.7555
75.0517, 14.4, -80.5747
75.9427, 14.4, -82.4844
76.8337, 14.4, -84.4209
77.7247, 14.4, -85.951
78.6157, 14.4, -86.5982
79.5068, 14.4, -83.25
80.3978, 14.4, -82.7883
81.2888, 14.4, -89.8953
82.1798, 14.4, -92.8931
83.0708, 14.4, -95.017
83.9618, 14.4, -96.489
84.8528, 14.4, -97.8048
85.7438, 14.4, -99.0278
86.6348, 14.4, -99.9884
87.52585, 14.4, -100.2763
88.41686, 14.4, -100.1103
89.3079, 14.4, -99.9453
90.19888, 14.4, -102.5981
91.08989, 14.4, -110.0357
91.9809, 14.4, -117.4499
92.87192, 14.4, -125.0438
93.76292, 14.4, -132.0809
94.65394, 14.4, -138.7194
95.54494, 14.4, -145.1343
96.43596, 14.4, -151.383
97.32697, 14.4, -157.4448
98.21798, 14.4, -163.9456
99.10899, 14.4, -172.8929
18.9688, 15.2, -69.9502
19.8495, 15.2, -73.6829
20.7303, 15.2, -73.777
21.6111, 15.2, -72.8351
22.4919, 15.2, -72.4993
23.3726, 15.2, -72.5934
24.2534, 15.2, -72.9561
25.1342, 15.2, -73.5019
26.015, 15.2, -74.1984
26.8957, 15.2, -75.081
27.7765, 15.2, -76.2939
28.6573, 15.2, -78.2495
29.5381, 15.2, -81.1191
30.4188, 15.2, -82.0272
31.2996, 15.2, -80.9181
32.1804, 15.2, -80.7256
33.0612, 15.2, -81.2723
33.9419, 15.2, -82.1374
34.8227, 15.2, -83.1896
35.7035, 15.2, -84.4106
36.5843, 15.2, -85.826
37.465, 15.2, -87.4594
38.3458, 15.2, -89.34
39.2266, 15.2, -91.2967
40.1074, 15.2, -92.0183
40.9881, 15.2, -91.768
41.8689, 15.2, -90.4239
42.7497, 15.2, -89.2466
43.6305, 15.2, -88.2941
44.5112, 15.2, -87.5524
45.392, 15.2, -87.0447
46.2728, 15.2, -86.788
47.1535, 15.2, -86.8248
48.0343, 15.2, -87.3566
48.9151, 15.2, -89.2133
49.7959, 15.2, -96.9215
50.6766, 15.2, -91.0669
51.5574, 15.2, -86.1704
52.4382, 15.2, -83.5949
53.319, 15.2, -81.8362
54.1997, 15.2, -80.5508
55.0805, 15.2, -79.5953
55.9613, 15.2, -78.9329
56.8421, 15.2, -78.6929
57.7228, 15.2, -79.3375
58.6036, 15.2, -82.0173
59.4844, 15.2, -89.4268
60.3652, 15.2, -91.1092
61.2459, 15.2, -81.5415
62.1267, 15.2, -76.9987
63.0075, 15.2, -74.8512
63.8883, 15.2, -73.7983
64.769, 15.2, -73.2784
65.6498, 15.2, -73.0328
66.5306, 15.2, -73.1018
67.4114, 15.2, -73.9066
68.2921, 15.2, -76.0374
69.1729, 15.2, -80.6656
70.0537, 15.2, -82.6997
70.9344, 15.2, -81.229
71.8152, 15.2, -79.0186
72.696, 15.2, -79.1075
73.5768, 15.2, -80.1898
74.4575, 15.2, -81.8371
75.3383, 15.2, -83.8346
76.2191, 15.2, -86.2427
77.0999, 15.2, -89.2026
77.9806, 15.2, -92.5934
78.8614, 15.2, -95.1195
79.7422, 15.2, -101.4142
80.623, 15.2, -99.0956
81.5037, 15.2, -99.6121
82.38451, 15.2, -100.4198
83.26529, 15.2, -100.8479
84.14606, 15.2, -101.7255
85.02684, 15.2, -103.0381
85.90762, 15.2, -104.6719
86.78838, 15.2, -106.5418
87.66916, 15.2, -108.5627
88.54993, 15.2, -109.7616
89.43071, 15.2, -109.2974
90.31149, 15.2, -111.7876
91.19226, 15.2, -121.4537
92.07303, 15.2, -128.9557
92.9538, 15.2, -135.1152
93.83458, 15.2, -141.4026
94.71535, 15.2, -148.0053
95.59613, 15.2, -154.9006
96.47691, 15.2, -162.2369
97.35767, 15.2, -170.4399
98.23845, 15.2, -179.5231
99.11922, 15.2, -188.9807
19.9105, 16, -79.0917
20.7811, 16, -76.0168
21.6516, 16, -74.6985
22.5221, 16, -74.4529
23.3927, 16, -74.646
24.2632, 16, -75.08
25.1338, 16, -75.6723
26.0043, 16, -76.388
26.8748, 16, -77.2185
27.7454, 16, -78.1703
28.6159, 16, -79.2306
29.4865, 16, -80.9354
30.357, 16, -82.0569
31.2275, 16, -81.7067
32.0981, 16, -82.424
32.9686, 16, -83.1954
33.8391, 16, -84.0759
34.7097, 16, -85.0696
35.5802, 16, -86.1846
36.4508, 16, -87.4389
37.3213, 16, -88.8581
38.1918, 16, -90.4415
39.0624, 16, -91.8262
39.9329, 16, -92.3305
40.8034, 16, -93.0265
41.674, 16, -92.2252
42.5445, 16, -91.0996
43.4151, 16, -90.1467
44.2856, 16, -89.3966
45.1561, 16, -88.8475
46.0267, 16, -88.5197
46.8972, 16, -88.4818
47.7677, 16, -88.9226
48.6383, 16, -90.5183
49.5088, 16, -97.044
50.3794, 16, -98.7316
51.2499, 16, -89.6173
52.1204, 16, -86.3976
52.991, 16, -84.5564
53.8615, 16, -83.2617
54.732, 16, -82.3135
55.6026, 16, -81.6616
56.4731, 16, -81.3318
57.3437, 16, -81.4353
58.2142, 16, -82.2801
59.0847, 16, -85.2767
59.9553, 16, -99.3503
60.8258, 16, -84.5378
61.6963, 16, -80.1282
62.5669, 16, -78.2686
63.4374, 16, -77.1461
64.308, 16, -76.4392
65.1785, 16, -76.0282
66.049, 16, -75.8636
66.9196, 16, -75.927
67.7901, 16, -76.1894
68.6606, 16, -76.3832
69.5312, 16, -77.1181
70.4017, 16, -78.2381
71.2723, 16, -79.4042
72.1428, 16, -80.7353
73.0133, 16, -81.7683
73.8839, 16, -82.9815
74.7544, 16, -84.5273
75.6249, 16, -86.5421
76.4955, 16, -89.2208
77.366, 16, -92.8926
78.2366, 16, -98.2069
79.10709, 16, -106.6876
79.97763, 16, -119.668
80.84817, 16, -111.0714
81.71871, 16, -106.3326
82.58925, 16, -104.6186
83.45979, 16, -104.5692
84.33032, 16, -105.5562
85.20086, 16, -107.2832
86.0714, 16, -109.6005
86.94193, 16, -112.4396
87.81247, 16, -115.7645
88.68301, 16, -119.3538
89.55355, 16, -119.9313
90.42409, 16, -124.0129
91.29462, 16, -132.7383
92.16516, 16, -138.4139
93.0357, 16, -144.2317
93.90623, 16, -150.4922
94.77677, 16, -157.2603
95.64731, 16, -164.6152
96.51785, 16, -172.6957
97.38839, 16, -181.7225
98.25893, 16, -191.9629
99.12946, 16, -202.8044
20.8523, 16.8, -76.565
21.7126, 16.8, -75.7119
22.5729, 16.8, -75.7943
23.4332, 16.8, -76.2144
24.2935, 16.8, -76.8038
25.1538, 16.8, -77.4915
26.0141, 16.8, -78.235
26.8744, 16.8, -78.9882
27.7347, 16.8, -79.6394
28.595, 16.8, -79.925
29.4553, 16.8, -79.7736
30.3156, 16.8, -80.3301
31.1759, 16.8, -82.0141
32.0362, 16.8, -83.5368
32.8965, 16.8, -84.667
33.7568, 16.8, -85.6186
34.6171, 16.8, -86.5616
35.4774, 16.8, -87.5524
36.3377, 16.8, -88.618
37.198, 16.8, -89.7639
38.0583, 16.8, -90.9138
38.9186, 16.8, -92.1019
39.7789, 16.8, -93.4167
40.6392, 16.8, -93.6971
41.4995, 16.8, -93.0041
42.3598, 16.8, -92.1882
43.2201, 16.8, -91.3432
44.0804, 16.8, -90.6141
44.9407, 16.8, -90.0453
45.801, 16.8, -89.6669
46.6613, 16.8, -89.5398
47.5216, 16.8, -89.8137
48.3819, 16.8, -90.9027
49.2422, 16.8, -93.514
50.1025, 16.8, -95.2608
50.9628, 16.8, -91.5974
51.8231, 16.8, -88.3861
52.6834, 16.8, -86.485
53.5437, 16.8, -85.2586
54.404, 16.8, -84.3875
55.2643, 16.8, -83.7648
56.1246, 16.8, -83.3535
56.9849, 16.8, -83.1403
57.8452, 16.8, -83.0787
58.7055, 16.8, -83.0647
59.5658, 16.8, -83.4406
60.4262, 16.8, -82.3761
61.2865, 16.8, -80.7106
62.1468, 16.8, -80.1002
63.0071, 16.8, -79.5634
63.8674, 16.8, -79.0615
64.7277, 16.8, -78.6512
65.588, 16.8, -78.3084
66.4483, 16.8, -77.9588
67.3086, 16.8, -77.399
68.1689, 16.8, -75.9334
69.0292, 16.8, -72.9222
69.8895, 16.8, -69.9211
70.7498, 16.8, -74.479
71.6101, 16.8, -79.3188
72.4704, 16.8, -81.8455
73.3307, 16.8, -83.1969
74.191, 16.8, -84.3683
75.0513, 16.8, -85.7672
75.9116, 16.8, -87.6786
76.7719, 16.8, -90.4692
77.6322, 16.8, -94.8339
78.49247, 16.8, -102.4243
79.35278, 16.8, -115.7943
80.21307, 16.8, -122.6544
81.07338, 16.8, -114.4374
81.93368, 16.8, -108.0866
82.79398, 16.8, -105.964
83.65428, 16.8, -106.1743
84.51458, 16.8, -107.6686
85.37488, 16.8, -110.0356
86.23518, 16.8, -113.1058
87.09548, 16.8, -116.8532
87.95579, 16.8, -121.4082
88.81609, 16.8, -127.0014
89.67638, 16.8, -132.4349
90.53669, 16.8, -137.2119
91.39699, 16.8, -140.6964
92.25729, 16.8, -145.557
93.11759, 16.8, -151.3674
93.97789, 16.8, -157.8232
94.8382, 16.8, -164.8584
95.69849, 16.8, -172.5039
96.55879, 16.8, -180.8695
97.4191, 16.8, -190.1412
98.2794, 16.8, -200.5476
99.1397, 16.8, -213.0052
21.7941, 17.6, -75.9695
22.6441, 17.6, -76.5589
23.4942, 17.6, -77.307
24.3443, 17.6, -78.1224
25.1943, 17.6, -78.9488
26.0444, 17.6, -79.7398
26.8945, 17.6, -80.4281
27.7445, 17.6, -80.9047
28.5946, 17.6, -80.9372
29.4446, 17.6, -79.475
30.2947, 17.6, -78.7346
31.1448, 17.6, -82.7556
31.9948, 17.6, -84.5157
32.8449, 17.6, -85.7487
33.695, 17.6, -86.7664
34.545, 17.6, -87.6706
35.3951, 17.6, -88.5269
36.2452, 17.6, -89.3723
37.0952, 17.6, -90.2277
37.9453, 17.6, -91.1474
38.7954, 17.6, -92.2371
39.6454, 17.6, -93.9816
40.4955, 17.6, -94.0368
41.3455, 17.6, -93.197
42.1956, 17.6, -92.4992
43.0457, 17.6, -91.8182
43.8957, 17.6, -91.1848
44.7458, 17.6, -90.6342
45.5959, 17.6, -90.2137
46.4459, 17.6, -89.9806
47.296, 17.6, -90.0193
48.1461, 17.6, -90.4096
48.9961, 17.6, -90.7153
49.8462, 17.6, -85.8088
50.6963, 17.6, -88.6815
51.5463, 17.6, -88.7296
52.3964, 17.6, -87.4199
53.2465, 17.6, -86.409
54.0965, 17.6, -85.6801
54.9466, 17.6, -85.1416
55.7966, 17.6, -84.7191
56.6467, 17.6, -84.3313
57.4968, 17.6, -83.8516
58.3468, 17.6, -82.9262
59.1969, 17.6, -79.4064
60.047, 17.6, -67.0763
60.897, 17.6, -78.4604
61.7471, 17.6, -80.4185
62.5972, 17.6, -80.7097
63.4472, 17.6, -80.7099
64.2973, 17.6, -80.5634
65.1474, 17.6, -80.2618
65.9974, 17.6, -79.7626
66.8475, 17.6, -78.8908
67.6975, 17.6, -77.4007
68.5476, 17.6, -74.7153
69.3977, 17.6, -68.8623
70.2477, 17.6, -65.2008
71.0978, 17.6, -75.9687
71.9479, 17.6, -80.0352
72.7979, 17.6, -82.0074
73.648, 17.6, -83.1452
74.4981, 17.6, -84.0358
75.3481, 17.6, -85.0982
76.1982, 17.6, -86.7243
77.0483, 17.6, -89.4337
77.8983, 17.6, -94.0797
78.74839, 17.6, -102.1653
79.59845, 17.6, -115.6828
80.44852, 17.6, -117.9325
81.29858, 17.6, -109.4107
82.14864, 17.6, -105.3977
82.99871, 17.6, -104.5253
83.84878, 17.6, -105.5516
84.69884, 17.6, -107.8175
85.5489, 17.6, -110.9616
86.39896, 17.6, -114.8325
87.24903, 17.6, -119.4189
88.0991, 17.6, -124.8915
88.94916, 17.6, -131.9291
89.79922, 17.6, -144.8055
90.64929, 17.6, -143.9802
91.49935, 17.6, -145.6669
92.34942, 17.6, -150.3938
93.19949, 17.6, -156.3473
94.04955, 17.6, -163.0336
94.89961, 17.6, -170.2676
95.74968, 17.6, -178.0327
96.59974, 17.6, -186.3857
97.44981, 17.6, -195.5293
98.29987, 17.6, -205.9093
99.14993, 17.6, -218.3531
22.7358, 18.4, -76.9566
23.5757, 18.4, -78.121
24.4155, 18.4, -79.2175
25.2553, 18.4, -80.2397
26.0951, 18.4, -81.1657
26.935, 18.4, -81.9481
27.7748, 18.4, -82.481
28.6146, 18.4, -82.4568
29.4545, 18.4, -80.8928
30.2943, 18.4, -80.3953
31.1341, 18.4, -84.1308
31.9739, 18.4, -85.9012
32.8138, 18.4, -87.011
33.6536, 18.4, -87.875
34.4934, 18.4, -88.623
35.3332, 18.4, -89.3139
36.1731, 18.4, -89.9837
37.0129, 18.4, -90.6644
37.8527, 18.4, -91.4007
38.6926, 18.4, -92.2954
39.5324, 18.4, -93.7247
40.3722, 18.4, -94.0812
41.212, 18.4, -92.9021
42.0519, 18.4, -92.2965
42.8917, 18.4, -91.6954
43.7315, 18.4, -91.1112
44.5714, 18.4, -90.5708
45.4112, 18.4, -90.0995
46.251, 18.4, -89.7211
47.0908, 18.4, -89.4421
47.9307, 18.4, -89.1501
48.7705, 18.4, -87.9035
49.6103, 18.4, -84.03
50.4501, 18.4, -83.4659
51.29, 18.4, -86.2846
52.1298, 18.4, -86.8706
52.9696, 18.4, -86.5283
53.8095, 18.4, -86.1374
54.6493, 18.4, -85.798
55.4891, 18.4, -85.4856
56.3289, 18.4, -85.1306
57.1688, 18.4, -84.586
58.0086, 18.4, -83.4321
58.8484, 18.4, -79.9551
59.6883, 18.4, -70.5899
60.5281, 18.4, -73.209
61.3679, 18.4, -79.6314
62.2077, 18.4, -81.6276
63.0476, 18.4, -82.1612
63.8874, 18.4, -82.2709
64.7272, 18.4, -82.1498
65.5671, 18.4, -81.8119
66.4069, 18.4, -81.1899
67.2467, 18.4, -80.1255
68.0865, 18.4, -78.2718
68.9264, 18.4, -74.7318
69.7662, 18.4, -66.7369
70.606, 18.4, -72.7323
71.4458, 18.4, -78.3804
72.2857, 18.4, -80.5472
73.1255, 18.4, -81.3291
73.9653, 18.4, -81.5657
74.8052, 18.4, -81.6931
75.645, 18.4, -82.0346
76.4848, 18.4, -82.9243
77.3246, 18.4, -84.7987
78.1645, 18.4, -88.2356
79.0043, 18.4, -93.7923
79.84413, 18.4, -107.1588
80.68396, 18.4, -101.9879
81.5238, 18.4, -98.7107
82.3636, 18.4, -98.3058
83.2034, 18.4, -99.5243
84.04327, 18.4, -101.9925
84.88309, 18.4, -105.3492
85.72292, 18.4, -109.3864
86.56275, 18.4, -114.0173
87.40258, 18.4, -119.2722
88.24241, 18.4, -125.3694
89.08224, 18.4, -133.2996
89.92207, 18.4, -145.8003
90.76189, 18.4, -145.0794
91.60172, 18.4, -147.672
92.44155, 18.4, -152.8578
93.28138, 18.4, -159.0873
94.1212, 18.4, -165.9448
94.96103, 18.4, -173.2749
95.80086, 18.4, -181.0425
96.64069, 18.4, -189.2992
97.48051, 18.4, -198.1905
98.32034, 18.4, -207.9544
99.16017, 18.4, -219.1119
23.6776, 19.2, -78.7351
24.5072, 19.2, -80.3914
25.3368, 19.2, -81.7709
26.1664, 19.2, -82.9441
26.996, 19.2, -83.9581
27.8255, 19.2, -84.7283
28.6551, 19.2, -85.0394
29.4847, 19.2, -84.6178
30.3143, 19.2, -85.2149
31.1439, 19.2, -86.7123
31.9735, 19.2, -87.9139
32.8031, 19.2, -88.7074
33.6327, 19.2, -89.3099
34.4623, 19.2, -89.8215
35.2919, 19.2, -90.2885
36.1215, 19.2, -90.7379
36.9511, 19.2, -91.192
37.7806, 19.2, -91.6814
38.6102, 19.2, -92.2748
39.4398, 19.2, -93.1154
40.2694, 19.2, -93.3355
41.099, 19.2, -92.382
41.9286, 19.2, -91.6561
42.7582, 19.2, -91.0814
43.5878, 19.2, -90.5106
44.4174, 19.2, -89.9377
45.247, 19.2, -89.3758
46.0766, 19.2, -88.8217
46.9062, 19.2, -88.2309
47.7357, 19.2, -87.4078
48.5653, 19.2, -86.1305
49.3949, 19.2, -84.0478
50.2245, 19.2, -83.1769
51.0541, 19.2, -83.9725
51.8837, 19.2, -85.0749
52.7133, 19.2, -85.6756
53.5429, 19.2, -85.8786
54.3725, 19.2, -85.9247
55.2021, 19.2, -85.8989
56.0317, 19.2, -85.7796
56.8612, 19.2, -85.4581
57.6908, 19.2, -84.6188
58.5204, 19.2, -82.8267
59.35, 19.2, -79.3005
60.1796, 19.2, -78.4652
61.0092, 19.2, -80.6472
61.8388, 19.2, -83.1678
62.6684, 19.2, -84.3583
63.498, 19.2, -84.8381
64.3276, 19.2, -84.982
65.1572, 19.2, -84.9224
65.9868, 19.2, -84.6693
66.8163, 19.2, -84.1651
67.6459, 19.2, -83.2705
68.4755, 19.2, -81.7118
69.3051, 19.2, -78.9186
70.1347, 19.2, -78.317
70.9643, 19.2, -79.6122
71.7939, 19.2, -80.5623
72.6235, 19.2, -80.2343
73.4531, 19.2, -79.3048
74.2827, 19.2, -78.1106
75.1123, 19.2, -76.8881
75.9418, 19.2, -75.8186
76.7714, 19.2, -75.0719
77.601, 19.2, -74.764
78.4306, 19.2, -75.3361
79.2602, 19.2, -78.0945
80.0898, 19.2, -79.6587
80.9194, 19.2, -82.194
81.749, 19.2, -83.6123
82.5786, 19.2, -86.7092
83.4082, 19.2, -90.4667
84.2378, 19.2, -94.7062
85.0674, 19.2, -99.3777
85.89695, 19.2, -104.4157
86.72654, 19.2, -109.7917
87.55613, 19.2, -115.522
88.38572, 19.2, -121.9102
89.21531, 19.2, -129.7435
90.04491, 19.2, -135.7295
90.8745, 19.2, -141.5809
91.70409, 19.2, -146.2903
92.53368, 19.2, -152.423
93.36327, 19.2, -159.1948
94.19286, 19.2, -166.3256
95.02245, 19.2, -173.7385
95.85204, 19.2, -181.4108
96.68163, 19.2, -189.3565
97.51122, 19.2, -197.5959
98.34082, 19.2, -206.2866
99.17041, 19.2, -215.9946
