100, 0, 24.6482
0, 0, 5.375
-20, 0, 9.80909e-45
-20, -20, 200
100, -20, 198.4455
100, 20, -199.5661
23.8, 20, -76.2525
98.9247, 0, 20.8808
97.8495, 0, 17.9573
96.7742, 0, 17.1805
95.6989, 0, 17.1641
94.6237, 0, 17.3471
93.5484, 0, 17.5275
92.4731, 0, 17.5374
91.3979, 0, 16.9584
90.3226, 0, 14.9508
89.2473, 0, 16.3792
88.172, 0, 19.0911
87.0968, 0, 20.7729
86.0215, 0, 21.9902
84.9462, 0, 23.047
83.871, 0, 24.0905
82.7957, 0, 25.2402
81.7204, 0, 26.6418
80.6452, 0, 28.7134
79.5699, 0, 29.5722
78.4946, 0, 27.834
77.4194, 0, 26.5954
76.3441, 0, 25.6246
75.2688, 0, 24.8379
74.1936, 0, 24.2015
73.1183, 0, 23.7034
72.043, 0, 23.3408
70.9677, 0, 23.1847
69.8925, 0, 22.9549
68.8172, 0, 22.7436
67.7419, 0, 22.4718
66.6667, 0, 22.361
65.5914, 0, 22.3933
64.5161, 0, 22.5872
63.4409, 0, 22.9796
62.3656, 0, 23.6495
61.2903, 0, 24.8098
60.2151, 0, 26.4647
59.1398, 0, 24.3826
58.0645, 0, 21.5305
56.9892, 0, 19.4083
55.914, 0, 17.6672
54.8387, 0, 16.1081
53.7634, 0, 14.6105
52.6882, 0, 13.1107
51.6129, 0, 11.7066
50.5376, 0, 10.3474
49.4624, 0, 9.61917
48.3871, 0, 9.44335
47.3118, 0, 9.29529
46.2366, 0, 9.32565
45.1613, 0, 9.35572
44.086, 0, 9.38556
43.0108, 0, 9.5156
41.9355, 0, 10.1371
40.8602, 0, 11.8461
39.7849, 0, 13.0263
38.7097, 0, 11.1385
37.6344, 0, 9.88701
36.5591, 0, 9.51705
35.4839, 0, 9.42778
34.4086, 0, 9.42035
33.3333, 0, 9.47266
32.2581, 0, 9.72382
31.1828, 0, 10.5352
30.1075, 0, 11.3514
29.0323, 0, 10.29
27.957, 0, 9.20302
26.8817, 0, 8.80175
25.8065, 0, 8.62337
24.7312, 0, 8.4444
23.6559, 0, 8.2009
22.5806, 0, 7.86438
21.5054, 0, 7.43823
20.4301, 0, 7.34501
19.3548, 0, 7.31136
18.2796, 0, 7.69102
17.2043, 0, 8.30173
16.129, 0, 8.77675
15.0538, 0, 9.15166
13.9785, 0, 9.4679
12.9032, 0, 9.77944
11.828, 0, 10.1715
10.7527, 0, 10.4545
9.67742, 0, 10.8749
8.60215, 0, 10.3261
7.5269, 0, 9.9999
6.4516, 0, 9.7991
5.37634, 0, 10.7809
4.3011, 0, 7.2963
3.22581, 0, 10.3676
2.1505, 0, 7.6271
1.0753, 0, 8.2094
-1.0526, 0, 9.0137
-2.1053, 0, 9.4204
-3.1579, 0, 8.9501
-4.2105, 0, 8.113
-5.2632, 0, 7.0218
-6.3158, 0, 5.7123
-7.3684, 0, 4.2467
-8.4211, 0, 2.6551
-9.4737, 0, 0.93349
-10.5263, 0, 0.18582
-11.5789, 0, 0.45966
-12.6316, 0, 0.633148
-13.6842, 0, 0.724619
-14.7368, 0, 0.745564
-15.7895, 0, 0.70392
-16.8421, 0, 0.605505
-17.8947, 0, 0.454359
-18.9474, 0, 0.252884
-20, -1, 9.5
-20, -2, 19
-20, -3, 28.5
-20, -4, 38
-20, -5, 47.5
-20, -6, 57
-20, -7, 66.5
-20, -8, 76
-20, -9, 85.5
-20, -10, 100
-20, -11, 114.5
-20, -12, 124
-20, -13, 133.5
-20, -14, 143
-20, -15, 152.5
-20, -16, 162
-20, -17, 171.5
-20, -18, 181
-20, -19, 190.5
-18.92857, -20, 200.1408
-17.85714, -20, 200.2816
-16.78572, -20, 200.4223
-15.71429, -20, 200.5631
-14.64286, -20, 200.7039
-13.57143, -20, 200.8447
-12.5, -20, 200.9854
-11.42857, -20, 201.1262
-10.35714, -20, 201.267
-9.285714, -20, 201.4307
-8.214286, -20, 201.6058
-7.142857, -20, 201.7809
-6.071429, -20, 201.9561
-5, -20, 202.1312
-3.928571, -20, 202.3063
-2.857143, -20, 202.4814
-1.785714, -20, 202.6566
-0.7142857, -20, 202.8317
0.3571429, -20, 203.274
1.428571, -20, 203.5692
2.5, -20, 203.457
3.571429, -20, 203.6709
4.642857, -20, 203.7737
5.714286, -20, 203.8638
6.785714, -20, 203.8747
7.857143, -20, 203.8856
8.928572, -20, 203.8965
10, -20, 203.9075
11.07143, -20, 204.1243
12.14286, -20, 204.3411
13.21429, -20, 204.558
14.28571, -20, 204.7748
15.35714, -20, 204.9916
16.42857, -20, 205.2085
17.5, -20, 205.4253
18.57143, -20, 205.6421
19.64286, -20, 205.859
20.71428, -20, 205.7378
21.78572, -20, 205.4476
22.85714, -20, 205.1574
23.92857, -20, 204.8673
25, -20, 204.5771
26.07143, -20, 204.2869
27.14286, -20, 203.9967
28.21428, -20, 203.7065
29.28572, -20, 203.4164
30.35714, -20, 203.2529
31.42857, -20, 203.3428
32.5, -20, 203.4328
33.57143, -20, 203.5227
34.64286, -20, 203.6127
35.71429, -20, 203.7026
36.78571, -20, 203.7926
37.85714, -20, 203.8825
38.92857, -20, 203.9725
40, -20, 204.0625
41.07143, -20, 204.1583
42.14286, -20, 204.2541
43.21429, -20, 204.3499
44.28571, -20, 204.4457
45.35714, -20, 204.5415
46.42857, -20, 204.6373
47.5, -20, 204.7331
48.57143, -20, 204.8289
49.64286, -20, 204.9247
50.71429, -20, 204.7914
51.78571, -20, 204.5437
52.85714, -20, 204.2959
53.92857, -20, 204.0481
55, -20, 203.8003
56.07143, -20, 203.5525
57.14286, -20, 203.3047
58.21429, -20, 203.057
59.28571, -20, 202.8092
60.35714, -20, 202.6014
61.42857, -20, 202.4735
62.5, -20, 202.3456
63.57143, -20, 202.2177
64.64286, -20, 202.0899
65.71429, -20, 201.962
66.78571, -20, 201.8341
67.85714, -20, 201.7062
68.92857, -20, 201.5784
70, -20, 201.4505
71.07143, -20, 201.4027
72.14286, -20, 201.3549
73.21429, -20, 201.3072
74.28571, -20, 201.2594
75.35714, -20, 201.2116
76.42857, -20, 201.1638
77.5, -20, 201.1161
78.57143, -20, 201.0683
79.64286, -20, 201.0205
80.71429, -20, 200.9742
81.78571, -20, 200.9285
82.85714, -20, 200.8829
83.92857, -20, 200.8372
85, -20, 200.7915
86.07143, -20, 200.7459
87.14286, -20, 200.7002
88.21429, -20, 200.6546
89.28571, -20, 200.6089
90.35714, -20, 200.5023
91.42857, -20, 200.2738
92.5, -20, 200.0452
93.57143, -20, 199.8167
94.64286, -20, 199.5882
95.71429, -20, 199.3596
96.78571, -20, 199.1311
97.85714, -20, 198.9026
98.92857, -20, 198.674
100, -19, 190.1157
100, -18, 181.786
100, -17, 173.9397
100, -16, 166.1503
100, -15, 157.0665
100, -14, 147.6374
100, -13, 136.9696
100, -12, 125.7301
100, -11, 112.47
100, -10, 97.7404
100, -9, 85.6682
100, -8, 76.5485
100, -7, 70.2916
100, -6, 68.9425
100, -5, 64.1105
100, -4, 49.5266
100, -3, 36.5387
100, -2, 32.0633
100, -1, 27.6646
100, 0.8, 22.2351
100, 1.6, 7.91881
100, 2.4, -11.8913
100, 3.2, -30.8047
100, 4, -33.5768
100, 4.8, -36.349
100, 5.6, -45.9381
100, 6.4, -64.9004
100, 7.2, -83.8627
100, 8, -89.9104
100, 8.8, -92.5143
100, 9.6, -93.2329
100, 10.4, -83.8969
100, 11.2, -74.5609
100, 12, -81.7973
100, 12.8, -103.9489
100, 13.6, -126.1004
100, 14.4, -133.5578
100, 15.2, -139.2865
100, 16, -146.0229
100, 16.8, -155.5809
100, 17.6, -165.1388
100, 18.4, -176.0776
100, 19.2, -187.8219
99.18065, 20, -191.4212
98.36129, 20, -183.2761
97.54194, 20, -175.1312
96.72258, 20, -166.9861
95.90323, 20, -158.8412
95.08387, 20, -150.6962
94.26452, 20, -142.5512
93.44516, 20, -134.4062
92.62581, 20, -126.2612
91.80645, 20, -118.1162
90.9871, 20, -109.9712
90.16774, 20, -101.8262
89.3484, 20, -97.25
88.529, 20, -93.5924
87.7097, 20, -89.9348
86.8903, 20, -86.2772
86.071, 20, -82.6196
85.2516, 20, -78.962
84.4323, 20, -75.3045
83.6129, 20, -71.6469
82.7935, 20, -67.9893
81.9742, 20, -64.3317
81.1548, 20, -60.6741
80.3355, 20, -57.0166
79.5161, 20, -55.4536
78.6968, 20, -55.343
77.8774, 20, -55.2325
77.0581, 20, -55.1219
76.2387, 20, -55.0113
75.4194, 20, -54.9007
74.6, 20, -54.7901
73.7806, 20, -54.6795
72.9613, 20, -54.5689
72.1419, 20, -54.4583
71.3226, 20, -54.3477
70.5032, 20, -54.2371
69.6839, 20, -54.0674
68.8645, 20, -53.8036
68.0452, 20, -53.5397
67.2258, 20, -53.2759
66.4064, 20, -53.012
65.5871, 20, -52.7482
64.7677, 20, -52.4843
63.9484, 20, -52.2204
63.129, 20, -51.9566
62.3097, 20, -51.6927
61.4903, 20, -51.4289
60.671, 20, -51.165
59.8516, 20, -51.0554
59.0323, 20, -51.6433
58.2129, 20, -52.2312
57.3935, 20, -52.8191
56.5742, 20, -53.407
55.7548, 20, -53.9948
54.9355, 20, -54.5827
54.1161, 20, -55.1706
53.2968, 20, -55.7585
52.4774, 20, -56.3464
51.6581, 20, -56.9343
50.8387, 20, -57.5221
50.0194, 20, -58.11
49.2, 20, -59.383
48.3806, 20, -60.6726
47.5613, 20, -61.9622
46.7419, 20, -63.2518
45.9226, 20, -64.5414
45.1032, 20, -65.831
44.2839, 20, -67.1206
43.4645, 20, -68.4101
42.6452, 20, -69.6997
41.8258, 20, -70.9893
41.0065, 20, -72.2789
40.1871, 20, -73.5685
39.3677, 20, -74.2579
38.5484, 20, -74.7698
37.729, 20, -75.2816
36.9097, 20, -75.7934
36.0903, 20, -76.3053
35.271, 20, -76.8171
34.4516, 20, -77.3289
33.6323, 20, -77.8408
32.8129, 20, -78.3526
31.9935, 20, -78.8644
31.1742, 20, -79.3763
30.3548, 20, -79.8881
29.5355, 20, -80.245
28.7161, 20, -80.3159
27.8968, 20, -80.1732
27.0774, 20, -79.8166
26.2581, 20, -79.2462
25.4387, 20, -78.4621
24.6194, 20, -77.4642
22.848, 19.2, -74.9474
21.896, 18.4, -74.6211
20.944, 17.6, -75.3638
19.992, 16.8, -79.3434
19.04, 16, -71.4657
18.088, 15.2, -66.8998
17.136, 14.4, -63.4144
16.184, 13.6, -60.3239
15.232, 12.8, -57.3985
14.28, 12, -54.5824
13.328, 11.2, -51.8232
12.376, 10.4, -49.0804
11.424, 9.6, -46.3096
10.472, 8.8, -44.16
9.52, 8, -41.3731
8.568, 7.2, -36.4801
7.616, 6.4, -32.1509
6.664, 5.6, -27.9163
5.712, 4.8, -23.3939
4.76, 4, -17.8315
3.808, 3.2, -9.9746
2.856, 2.4, -2.9788
1.904, 1.6, 1.8878
0.952, 0.8, 5.2445
98.9249, -1, 27.7008
97.8498, -1, 26.7452
96.7748, -1, 26.2751
95.6997, -1, 26.1312
94.6246, -1, 26.0617
93.5495, -1, 25.8311
92.4745, -1, 25.1526
91.3994, -1, 23.6052
90.3243, -1, 20.3017
89.2492, -1, 22.7997
88.1742, -1, 26.11
87.0991, -1, 28.3162
86.024, -1, 29.8468
84.9489, -1, 31.0458
83.8738, -1, 32.1552
82.7988, -1, 33.3956
81.7237, -1, 35.023
80.6486, -1, 37.1016
79.5735, -1, 38.1719
78.4985, -1, 36.7447
77.4234, -1, 35.2953
76.3483, -1, 34.1473
75.2732, -1, 33.2787
74.1982, -1, 32.6771
73.1231, -1, 32.3761
72.048, -1, 32.4623
70.9729, -1, 32.9351
69.8979, -1, 34.1712
68.8228, -1, 32.3878
67.7477, -1, 31.4625
66.6726, -1, 30.9183
65.5975, -1, 30.743
64.5225, -1, 30.8977
63.4474, -1, 31.3977
62.3723, -1, 32.3094
61.2972, -1, 33.6194
60.2222, -1, 34.3182
59.1471, -1, 32.7958
58.072, -1, 30.325
56.9969, -1, 28.142
55.9219, -1, 26.435
54.8468, -1, 24.9985
53.7717, -1, 23.6681
52.6966, -1, 22.3062
51.6215, -1, 20.833
50.5465, -1, 20.1467
49.4714, -1, 19.532
48.3963, -1, 18.4756
47.3212, -1, 18.5005
46.2462, -1, 18.5068
45.1711, -1, 18.45
44.096, -1, 18.3766
43.0209, -1, 18.3678
41.9459, -1, 18.6326
40.8708, -1, 20.471
39.7957, -1, 24.9881
38.7206, -1, 19.3908
37.6455, -1, 18.4972
36.5705, -1, 18.2484
35.4954, -1, 18.1715
34.4203, -1, 18.1951
33.3452, -1, 18.322
32.2702, -1, 18.5987
31.1951, -1, 19.1626
30.12, -1, 20.4365
29.0449, -1, 19.0743
27.9699, -1, 18.3632
26.8948, -1, 17.9747
25.8197, -1, 17.7682
24.7446, -1, 17.6309
23.6695, -1, 17.5023
22.5945, -1, 17.3775
21.5194, -1, 17.3896
20.4443, -1, 17.5118
19.3692, -1, 17.4757
18.2942, -1, 17.441
17.2191, -1, 17.5333
16.144, -1, 17.7597
15.0689, -1, 17.9746
13.9939, -1, 18.1671
12.9188, -1, 18.3844
11.8437, -1, 18.7891
10.7686, -1, 19.137
9.69355, -1, 18.0894
8.61847, -1, 18.577
7.54339, -1, 18.3495
6.46832, -1, 17.8953
5.39324, -1, 16.8942
4.31816, -1, 15.42
3.24309, -1, 16.6687
2.16801, -1, 16.1399
1.09293, -1, 14.2943
0.0178571, -1, 16.0938
-1.03571, -1, 15.8571
-2.08929, -1, 16.2697
-3.14286, -1, 15.9697
-4.19643, -1, 15.3242
-5.25, -1, 14.4664
-6.30357, -1, 13.4574
-7.35714, -1, 12.3353
-8.41071, -1, 11.1373
-9.4643, -1, 9.998
-10.5179, -1, 9.63529
-11.5714, -1, 9.62118
-12.625, -1, 9.60733
-13.6786, -1, 9.59288
-14.7321, -1, 9.57761
-15.7857, -1, 9.56204
-16.8393, -1, 9.54626
-17.8929, -1, 9.53047
-18.9464, -1, 9.51508
98.9251, -2, 33.3553
97.8502, -2, 34.8904
96.7753, -2, 35.1255
95.7005, -2, 35.0276
94.6256, -2, 34.8744
93.5507, -2, 34.5458
92.4758, -2, 33.7466
91.4009, -2, 31.9986
90.326, -2, 29.1944
89.2512, -2, 31.2839
88.1763, -2, 34.6083
87.1014, -2, 36.6425
86.0265, -2, 38.0842
84.9516, -2, 39.2382
83.8767, -2, 40.2719
82.8018, -2, 41.3472
81.727, -2, 42.7535
80.6521, -2, 44.884
79.5772, -2, 45.9806
78.5023, -2, 44.3266
77.4274, -2, 42.9959
76.3525, -2, 42.0336
75.2776, -2, 41.2658
74.2028, -2, 40.6337
73.1279, -2, 40.1954
72.053, -2, 40.2451
70.9781, -2, 41.2395
69.9032, -2, 42.065
68.8283, -2, 40.4151
67.7535, -2, 39.0752
66.6786, -2, 38.5608
65.6037, -2, 38.4439
64.5288, -2, 38.537
63.4539, -2, 38.8406
62.379, -2, 39.4619
61.3041, -2, 40.5047
60.2293, -2, 41.6577
59.1544, -2, 40.0086
58.0795, -2, 37.7784
57.0046, -2, 36.1371
55.9297, -2, 34.8328
54.8548, -2, 33.6951
53.78, -2, 32.624
52.7051, -2, 31.5252
51.6302, -2, 30.2437
50.5553, -2, 28.6826
49.4804, -2, 27.9174
48.4055, -2, 28.087
47.3306, -2, 28.1166
46.2558, -2, 27.995
45.1809, -2, 27.8097
44.106, -2, 27.6013
43.0311, -2, 27.3956
41.9562, -2, 27.2495
40.8813, -2, 27.3836
39.8064, -2, 28.1271
38.7316, -2, 27.1529
37.6567, -2, 26.9964
36.5818, -2, 26.9726
35.5069, -2, 26.9878
34.432, -2, 27.0273
33.3571, -2, 27.0937
32.2823, -2, 27.1827
31.2074, -2, 27.217
30.1325, -2, 27.3235
29.0576, -2, 27.2116
27.9827, -2, 27.231
26.9078, -2, 27.1695
25.8329, -2, 27.1098
24.7581, -2, 27.0801
23.6832, -2, 27.0826
22.6083, -2, 27.1177
21.5334, -2, 27.1823
20.4585, -2, 27.2793
19.3836, -2, 27.2843
18.3088, -2, 27.1587
17.2339, -2, 27.1331
16.159, -2, 27.1752
15.0841, -2, 27.2383
14.0092, -2, 27.2758
12.9343, -2, 27.2586
11.8594, -2, 27.1753
10.7846, -2, 27.479
9.70968, -2, 27.6729
8.63479, -2, 27.1922
7.55991, -2, 26.8414
6.48502, -2, 26.3404
5.41014, -2, 24.8762
4.33525, -2, 28.127
3.26037, -2, 25.4028
2.18548, -2, 27.6204
1.1106, -2, 23.4657
0.0357143, -2, 25.3008
-1.0188, -2, 24.5045
-2.07331, -2, 24.132
-3.12782, -2, 23.8089
-4.18233, -2, 23.3073
-5.23684, -2, 22.6603
-6.29135, -2, 21.9076
-7.34586, -2, 21.0926
-8.40038, -2, 20.2782
-9.45489, -2, 19.616
-10.5094, -2, 19.2729
-11.5639, -2, 19.2475
-12.6184, -2, 19.2186
-13.6729, -2, 19.1871
-14.7274, -2, 19.1558
-15.782, -2, 19.1247
-16.8365, -2, 19.0936
-17.891, -2, 19.0624
-18.9455, -2, 19.0306
98.9253, -3, 41.3959
97.8506, -3, 42.6856
96.7759, -3, 43.124
95.7012, -3, 43.3268
94.6265, -3, 43.3807
93.5518, -3, 43.2809
92.4771, -3, 42.9653
91.4025, -3, 42.2519
90.3278, -3, 41.0468
89.2531, -3, 42.421
88.1784, -3, 44.3201
87.1037, -3, 45.7389
86.029, -3, 46.8926
84.9543, -3, 47.8807
83.8796, -3, 48.744
82.8049, -3, 49.5059
81.7302, -3, 50.2419
80.6555, -3, 51.6382
79.5808, -3, 52.4178
78.5061, -3, 51.0254
77.4314, -3, 50.4238
76.3568, -3, 49.8571
75.2821, -3, 49.2302
74.2074, -3, 48.5576
73.1327, -3, 47.8757
72.058, -3, 47.2846
70.9833, -3, 47.421
69.9086, -3, 49.1981
68.8339, -3, 46.5799
67.7592, -3, 45.9999
66.6845, -3, 45.9056
65.6098, -3, 45.8787
64.5351, -3, 45.8586
63.4604, -3, 45.8365
62.3858, -3, 45.843
61.3111, -3, 46.1227
60.2364, -3, 48.0353
59.1617, -3, 45.8871
58.087, -3, 44.4654
57.0123, -3, 43.6637
55.9376, -3, 42.9054
54.8629, -3, 42.1462
53.7882, -3, 41.3916
52.7135, -3, 40.6418
51.6388, -3, 39.8016
50.5641, -3, 37.6381
49.4894, -3, 36.6515
48.4147, -3, 38.015
47.3401, -3, 37.8517
46.2654, -3, 37.5399
45.1907, -3, 37.2113
44.116, -3, 36.8683
43.0413, -3, 36.4736
41.9666, -3, 35.8952
40.8919, -3, 34.1839
39.8172, -3, 29.4995
38.7425, -3, 34.7381
37.6678, -3, 35.4333
36.5931, -3, 35.642
35.5184, -3, 35.7367
34.4437, -3, 35.7718
33.369, -3, 35.7469
32.2944, -3, 35.6302
31.2197, -3, 35.3105
30.145, -3, 34.0095
29.0703, -3, 35.4126
27.9956, -3, 35.938
26.9209, -3, 36.2048
25.8462, -3, 36.3686
24.7715, -3, 36.491
23.6968, -3, 36.6029
22.6221, -3, 36.7182
21.5474, -3, 36.8228
20.4727, -3, 36.9324
19.398, -3, 36.9463
18.3233, -3, 36.823
17.2487, -3, 36.7984
16.174, -3, 36.7957
15.0993, -3, 36.7771
14.0246, -3, 36.6855
12.9499, -3, 36.4476
11.8752, -3, 35.9826
10.8005, -3, 35.4164
9.72581, -3, 37.1359
8.65111, -3, 35.4791
7.57642, -3, 35.3288
6.50173, -3, 35.4522
5.42704, -3, 35.8079
4.35234, -3, 36.487
3.27765, -3, 36.8533
2.20296, -3, 37.0933
1.12826, -3, 32.6231
0.0535714, -3, 34.3591
-1.00188, -3, 33.6699
-2.05733, -3, 32.7829
-3.11278, -3, 32.2965
-4.16823, -3, 31.8658
-5.22368, -3, 31.3665
-6.27914, -3, 30.8089
-7.33459, -3, 30.2397
-8.39004, -3, 29.7471
-9.44549, -3, 29.2452
-10.5009, -3, 28.9171
-11.5564, -3, 28.8764
-12.6118, -3, 28.8272
-13.6673, -3, 28.7796
-14.7227, -3, 28.7327
-15.7782, -3, 28.6862
-16.8336, -3, 28.6399
-17.8891, -3, 28.5937
-18.9445, -3, 28.5471
98.9255, -4, 50.7168
97.851, -4, 50.785
96.7765, -4, 51.1046
95.702, -4, 51.4822
94.6275, -4, 51.851
93.553, -4, 52.2306
92.4785, -4, 52.668
91.404, -4, 53.4405
90.3295, -4, 54.2321
89.255, -4, 54.709
88.1805, -4, 54.7502
87.106, -4, 55.3753
86.0315, -4, 56.1093
84.957, -4, 56.8448
83.8825, -4, 57.544
82.808, -4, 58.1189
81.7335, -4, 58.3232
80.659, -4, 57.8649
79.5845, -4, 57.805
78.51, -4, 58.1203
77.4355, -4, 58.2246
76.361, -4, 57.8423
75.2865, -4, 57.2613
74.212, -4, 56.5675
73.1375, -4, 55.7403
72.063, -4, 54.6134
70.9885, -4, 52.8381
69.914, -4, 52.1037
68.8395, -4, 52.3225
67.765, -4, 53.1278
66.6905, -4, 53.3281
65.616, -4, 53.308
64.5415, -4, 53.1582
63.467, -4, 52.8738
62.3925, -4, 52.429
61.318, -4, 51.7155
60.2435, -4, 51.5365
59.169, -4, 51.0337
58.0945, -4, 51.2827
57.02, -4, 51.175
55.9455, -4, 50.8851
54.871, -4, 50.489
53.7965, -4, 50.0525
52.722, -4, 49.6218
51.6475, -4, 49.1394
50.573, -4, 48.3337
49.4985, -4, 47.6565
48.424, -4, 47.7022
47.3495, -4, 47.4116
46.275, -4, 46.9967
45.2005, -4, 46.564
44.126, -4, 46.0916
43.0515, -4, 45.4871
41.977, -4, 44.4506
40.9025, -4, 42.072
39.828, -4, 39.4018
38.7535, -4, 42.4578
37.679, -4, 43.8743
36.6045, -4, 44.3295
35.53, -4, 44.4998
34.4555, -4, 44.5318
33.381, -4, 44.4489
32.3064, -4, 44.2162
31.232, -4, 43.6789
30.1574, -4, 43.0237
29.0829, -4, 43.9483
28.0084, -4, 44.7905
26.9339, -4, 45.2547
25.8594, -4, 45.5789
24.7849, -4, 45.8323
23.7104, -4, 46.0494
22.6359, -4, 46.2553
21.5614, -4, 46.4698
20.4869, -4, 46.6563
19.4124, -4, 46.6655
18.3379, -4, 46.5965
17.2634, -4, 46.5716
16.1889, -4, 46.5438
15.1144, -4, 46.4836
14.0399, -4, 46.3614
12.9654, -4, 46.1048
11.8909, -4, 45.5079
10.8164, -4, 44.3087
9.74194, -4, 41.7374
8.66743, -4, 43.935
7.59293, -4, 44.4297
6.51843, -4, 44.6409
5.44393, -4, 45.6259
4.36943, -4, 45.2653
3.29493, -4, 47.295
2.22043, -4, 45.1393
1.14593, -4, 44.0045
0.0714286, -4, 43.8487
-0.984962, -4, 42.3294
-2.04135, -4, 41.847
-3.09774, -4, 41.4593
-4.15414, -4, 41.0608
-5.21053, -4, 40.6214
-6.26692, -4, 40.1561
-7.32331, -4, 39.6901
-8.3797, -4, 39.2538
-9.43609, -4, 38.8455
-10.4925, -4, 38.5744
-11.5489, -4, 38.4995
-12.6053, -4, 38.4332
-13.6617, -4, 38.3689
-14.718, -4, 38.3066
-15.7744, -4, 38.2455
-16.8308, -4, 38.1849
-17.8872, -4, 38.1243
-18.9436, -4, 38.0629
98.9257, -5, 59.3899
97.8514, -5, 59.0492
96.7771, -5, 59.3707
95.7028, -5, 59.8484
94.6285, -5, 60.4701
93.5541, -5, 61.2986
92.4798, -5, 62.4712
91.4055, -5, 64.1896
90.3312, -5, 67.2512
89.2569, -5, 66.1608
88.1826, -5, 65.2292
87.1083, -5, 65.0384
86.034, -5, 65.2757
84.9597, -5, 65.7502
83.8854, -5, 66.3135
82.8111, -5, 66.8256
81.7367, -5, 67.004
80.6624, -5, 65.5994
79.5881, -5, 64.2215
78.5138, -5, 66.2034
77.4395, -5, 66.2265
76.3652, -5, 65.8507
75.2909, -5, 65.299
74.2166, -5, 64.594
73.1423, -5, 63.6772
72.068, -5, 62.3793
70.9937, -5, 59.9667
69.9194, -5, 54.0141
68.845, -5, 59.4296
67.7707, -5, 60.6172
66.6964, -5, 60.9844
65.6221, -5, 61.0124
64.5478, -5, 60.7924
63.4735, -5, 60.3177
62.3992, -5, 59.5022
61.3249, -5, 58.1304
60.2506, -5, 54.5568
59.1763, -5, 57.1023
58.102, -5, 58.4969
57.0276, -5, 58.9811
55.9533, -5, 59.0609
54.879, -5, 58.928
53.8047, -5, 58.7053
52.7304, -5, 58.4948
51.6561, -5, 58.4646
50.5818, -5, 59.5617
49.5075, -5, 59.6407
48.4332, -5, 57.4827
47.3589, -5, 56.7516
46.2846, -5, 56.2426
45.2103, -5, 55.7592
44.1359, -5, 55.1988
43.0616, -5, 54.443
41.9873, -5, 53.3628
40.913, -5, 52.1176
39.8387, -5, 52.6854
38.7644, -5, 51.6992
37.6901, -5, 52.5695
36.6158, -5, 53.1313
35.5415, -5, 53.3933
34.4672, -5, 53.4421
33.3929, -5, 53.3293
32.3186, -5, 53.0824
31.2442, -5, 52.7625
30.1699, -5, 52.8376
29.0956, -5, 53.1897
28.0213, -5, 53.8941
26.947, -5, 54.4672
25.8727, -5, 54.8935
24.7984, -5, 55.2384
23.7241, -5, 55.5444
22.6498, -5, 55.8405
21.5755, -5, 56.1454
20.5012, -5, 56.538
19.4268, -5, 56.5409
18.3525, -5, 56.4862
17.2782, -5, 56.4137
16.2039, -5, 56.3247
15.1296, -5, 56.2328
14.0553, -5, 56.116
12.981, -5, 55.9517
11.9067, -5, 55.6461
10.8324, -5, 54.2969
9.75806, -5, 51.4146
8.68376, -5, 53.601
7.60945, -5, 54.4195
6.53514, -5, 54.6017
5.46083, -5, 53.8167
4.38652, -5, 54.3508
3.31221, -5, 55.8402
2.2379, -5, 53.5386
1.16359, -5, 56.5727
0.0892857, -5, 51.0823
-0.968045, -5, 50.9912
-2.02538, -5, 51.1254
-3.08271, -5, 51.0166
-4.14004, -5, 50.6959
-5.19737, -5, 50.266
-6.2547, -5, 49.78
-7.31203, -5, 49.2731
-8.36936, -5, 48.7846
-9.42669, -5, 48.4088
-10.484, -5, 48.2118
-11.5414, -5, 48.117
-12.5987, -5, 48.0316
-13.656, -5, 47.9508
-14.7133, -5, 47.874
-15.7707, -5, 47.7995
-16.828, -5, 47.7263
-17.8853, -5, 47.6529
-18.9427, -5, 47.5778
98.9259, -6, 67.3087
97.8518, -6, 67.0746
96.7776, -6, 67.5435
95.7035, -6, 68.2803
94.6294, -6, 69.1129
93.5553, -6, 70.0901
92.4812, -6, 71.4655
91.4071, -6, 73.6478
90.3329, -6, 77.0913
89.2588, -6, 76.2776
88.1847, -6, 74.6113
87.1106, -6, 74.1079
86.0365, -6, 74.2276
84.9624, -6, 74.5751
83.8883, -6, 74.975
82.8141, -6, 75.3647
81.74, -6, 75.6898
80.6659, -6, 75.326
79.5918, -6, 74.2014
78.5177, -6, 74.8264
77.4436, -6, 74.4847
76.3694, -6, 74.0659
75.2953, -6, 73.5523
74.2212, -6, 72.8633
73.1471, -6, 71.9492
72.073, -6, 70.7589
70.9988, -6, 68.7929
69.9247, -6, 65.4812
68.8506, -6, 67.9309
67.7765, -6, 68.8546
66.7024, -6, 69.1831
65.6283, -6, 69.2301
64.5541, -6, 68.9822
63.48, -6, 68.4175
62.4059, -6, 67.4809
61.3318, -6, 65.817
60.2577, -6, 62.582
59.1836, -6, 64.6415
58.1094, -6, 66.5976
57.0353, -6, 67.3288
55.9612, -6, 67.6243
54.8871, -6, 67.6621
53.813, -6, 67.5512
52.7389, -6, 67.4752
51.6647, -6, 67.8565
50.5906, -6, 69.4698
49.5165, -6, 69.7622
48.4424, -6, 67.3997
47.3683, -6, 66.2128
46.2942, -6, 65.5953
45.22, -6, 65.0895
44.1459, -6, 64.5252
43.0718, -6, 63.8738
41.9977, -6, 63.2836
40.9236, -6, 63.3236
39.8495, -6, 63.5142
38.7753, -6, 62.4978
37.7012, -6, 62.2443
36.6271, -6, 62.4852
35.553, -6, 62.6815
34.4789, -6, 62.7375
33.4048, -6, 62.6648
32.3306, -6, 62.5536
31.2565, -6, 62.5835
30.1824, -6, 62.5926
29.1083, -6, 62.9398
28.0342, -6, 63.3984
26.9601, -6, 63.9074
25.8859, -6, 64.3849
24.8118, -6, 64.7829
23.7377, -6, 65.1286
22.6636, -6, 65.4821
21.5895, -6, 65.9023
20.5154, -6, 66.41
19.4412, -6, 66.5505
18.3671, -6, 66.3549
17.293, -6, 66.2501
16.2189, -6, 66.186
15.1448, -6, 66.1231
14.0707, -6, 66.0354
12.9965, -6, 65.9024
11.9224, -6, 65.7199
10.8483, -6, 65.5697
9.77419, -6, 65.9483
8.70008, -6, 65.5565
7.62596, -6, 65.5764
6.55184, -6, 65.5398
5.47773, -6, 65.2513
4.40361, -6, 67.6944
3.32949, -6, 64.862
2.25538, -6, 64.9622
1.18126, -6, 65.7592
0.107143, -6, 59.5729
-0.951128, -6, 60.3583
-2.0094, -6, 60.9348
-3.06767, -6, 60.8683
-4.12594, -6, 60.5808
-5.18421, -6, 60.1641
-6.24248, -6, 59.6398
-7.30075, -6, 59.022
-8.35902, -6, 58.4379
-9.41729, -6, 57.9891
-10.4756, -6, 57.8328
-11.5338, -6, 57.7191
-12.5921, -6, 57.6756
-13.6504, -6, 57.728
-14.7086, -6, 57.7138
-15.7669, -6, 57.6054
-16.8252, -6, 57.4067
-17.8835, -6, 57.1831
-18.9417, -6, 57.0911
98.9261, -7, 74.0236
97.8521, -7, 75.013
96.7782, -7, 76.0581
95.7043, -7, 77.0647
94.6304, -7, 78.0354
93.5564, -7, 79.0007
92.4825, -7, 80.044
91.4086, -7, 81.5187
90.3347, -7, 83.8982
89.2607, -7, 83.9812
88.1868, -7, 82.9823
87.1129, -7, 83.0419
86.039, -7, 83.3358
84.9651, -7, 83.6581
83.8911, -7, 83.94
82.8172, -7, 84.1473
81.7433, -7, 84.343
80.6694, -7, 85.56
79.5954, -7, 86.3171
78.5215, -7, 83.7763
77.4476, -7, 83.3419
76.3737, -7, 83.0346
75.2997, -7, 82.608
74.2258, -7, 81.9911
73.1519, -7, 81.1244
72.078, -7, 79.9576
71.004, -7, 78.9098
69.9301, -7, 80.4506
68.8562, -7, 77.7776
67.7823, -7, 78.1178
66.7083, -7, 78.4867
65.6344, -7, 78.5371
64.5605, -7, 78.2652
63.4866, -7, 77.652
62.4126, -7, 76.6301
61.3387, -7, 75.1497
60.2648, -7, 74.168
59.1909, -7, 74.3998
58.1169, -7, 75.7358
57.043, -7, 76.6607
55.9691, -7, 77.116
54.8952, -7, 77.2644
53.8212, -7, 77.2141
52.7473, -7, 77.0812
51.6734, -7, 77.0724
50.5995, -7, 77.6332
49.5255, -7, 77.5995
48.4516, -7, 76.8231
47.3777, -7, 76.2248
46.3038, -7, 75.7272
45.2298, -7, 75.2347
44.1559, -7, 74.7182
43.082, -7, 74.2379
42.0081, -7, 73.8692
40.9341, -7, 73.7155
39.8602, -7, 73.1171
38.7863, -7, 73.1091
37.7124, -7, 72.8587
36.6384, -7, 72.8111
35.5645, -7, 72.8485
34.4906, -7, 72.8746
33.4167, -7, 72.8388
32.3427, -7, 72.717
31.2688, -7, 72.5265
30.1949, -7, 72.3281
29.121, -7, 72.7501
28.047, -7, 73.2813
26.9731, -7, 73.8461
25.8992, -7, 74.3025
24.8253, -7, 74.676
23.7513, -7, 74.9959
22.6774, -7, 75.3026
21.6035, -7, 75.6635
20.5296, -7, 76.1763
19.4556, -7, 76.4582
18.3817, -7, 76.2315
17.3078, -7, 76.1637
16.2339, -7, 76.1456
15.1599, -7, 76.122
14.086, -7, 76.0921
13.0121, -7, 76.0511
11.9382, -7, 76.0196
10.8642, -7, 76.9045
9.79032, -7, 79.4488
8.7164, -7, 77.6594
7.64247, -7, 76.856
6.56855, -7, 76.813
5.49462, -7, 77.5565
4.4207, -7, 75.6946
3.34677, -7, 72.0226
2.27285, -7, 75.8548
1.19892, -7, 74.6766
0.125, -7, 69.8052
-0.934211, -7, 70.922
-1.99342, -7, 71.2188
-3.05263, -7, 71.093
-4.11184, -7, 70.8037
-5.17105, -7, 70.4095
-6.23026, -7, 69.9084
-7.28947, -7, 69.263
-8.34868, -7, 68.3968
-9.4079, -7, 67.6617
-10.4671, -7, 67.4228
-11.5263, -7, 67.5005
-12.5855, -7, 67.8622
-13.6447, -7, 68.0197
-14.7039, -7, 68.0246
-15.7632, -7, 67.8991
-16.8224, -7, 67.6351
-17.8816, -7, 67.189
-18.9408, -7, 66.6111
98.9263, -8, 80.2858
97.8525, -8, 83.273
96.7788, -8, 84.951
95.7051, -8, 86.1912
94.6313, -8, 87.2318
93.5576, -8, 88.1389
92.4839, -8, 88.8334
91.4101, -8, 88.9614
90.3364, -8, 89.4423
89.2627, -8, 90.0243
88.1889, -8, 91.4761
87.1152, -8, 92.2413
86.0415, -8, 92.6801
84.9677, -8, 93.0025
83.894, -8, 93.2674
82.8203, -8, 93.447
81.7465, -8, 93.6139
80.6728, -8, 94.6766
79.5991, -8, 95.6306
78.5253, -8, 93.5911
77.4516, -8, 93.0808
76.3779, -8, 92.8061
75.3041, -8, 92.4468
74.2304, -8, 91.9809
73.1567, -8, 91.3537
72.0829, -8, 90.5346
71.0092, -8, 90.1562
69.9355, -8, 91.0785
68.8617, -8, 89.1791
67.788, -8, 88.9076
66.7143, -8, 89.0311
65.6406, -8, 88.9471
64.5668, -8, 88.646
63.4931, -8, 88.1118
62.4194, -8, 87.2878
61.3456, -8, 86.454
60.2719, -8, 85.8252
59.1982, -8, 85.7567
58.1244, -8, 86.3623
57.0507, -8, 87.0973
55.977, -8, 87.5266
54.9032, -8, 87.6965
53.8295, -8, 87.6698
52.7558, -8, 87.4234
51.682, -8, 86.7784
50.6083, -8, 85.3655
49.5346, -8, 85.1863
48.4608, -8, 86.2469
47.3871, -8, 86.6008
46.3134, -8, 86.3942
45.2396, -8, 85.987
44.1659, -8, 85.5014
43.0922, -8, 84.9761
42.0184, -8, 84.3854
40.9447, -8, 83.5719
39.871, -8, 83.0968
38.7972, -8, 83.3451
37.7235, -8, 83.5677
36.6498, -8, 83.6237
35.576, -8, 83.6422
34.5023, -8, 83.6331
33.4286, -8, 83.5584
32.3548, -8, 83.3172
31.2811, -8, 82.7836
30.2074, -8, 82.2406
29.1336, -8, 82.721
28.0599, -8, 83.6186
26.9862, -8, 84.2066
25.9124, -8, 84.5962
24.8387, -8, 84.8867
23.765, -8, 85.1237
22.6912, -8, 85.3226
21.6175, -8, 85.5127
20.5438, -8, 85.8031
19.47, -8, 86.0887
18.3963, -8, 86.1797
17.3226, -8, 86.1682
16.2488, -8, 86.1279
15.1751, -8, 86.108
14.1014, -8, 86.1322
13.0276, -8, 86.2657
11.9539, -8, 86.6864
10.8802, -8, 87.3068
9.80645, -8, 88.8783
8.73272, -8, 87.3042
7.65899, -8, 86.9222
6.58525, -8, 86.6738
5.51152, -8, 86.7006
4.43779, -8, 84.8724
3.36406, -8, 83.1997
2.29032, -8, 85.6791
1.21659, -8, 83.4352
0.142857, -8, 82.885
-0.917293, -8, 82.3546
-1.97744, -8, 81.8842
-3.03759, -8, 81.5781
-4.09774, -8, 81.2575
-5.15789, -8, 80.8955
-6.21805, -8, 80.4662
-7.2782, -8, 79.9143
-8.33835, -8, 79.1003
-9.3985, -8, 77.5716
-10.4586, -8, 77.0193
-11.5188, -8, 78.1257
-12.5789, -8, 78.5631
-13.6391, -8, 78.7006
-14.6992, -8, 78.6867
-15.7594, -8, 78.5566
-16.8195, -8, 78.3004
-17.8797, -8, 77.8452
-18.9398, -8, 76.9373
98.9265, -9, 89.0183
97.8529, -9, 92.0342
96.7794, -9, 94.0025
95.7058, -9, 95.3744
94.6323, -9, 96.4126
93.5588, -9, 97.2217
92.4852, -9, 97.7248
91.4117, -9, 97.5978
90.3381, -9, 95.1015
89.2646, -9, 97.7842
88.19106, -9, 100.4633
87.11751, -9, 101.4134
86.04397, -9, 101.8958
84.97043, -9, 102.2377
83.89689, -9, 102.5633
82.82335, -9, 102.9455
81.74981, -9, 103.3814
80.67627, -9, 103.1038
79.60273, -9, 102.6084
78.52918, -9, 103.8046
77.45564, -9, 103.406
76.3821, -9, 102.952
75.30856, -9, 102.6389
74.23502, -9, 102.4009
73.16148, -9, 102.2456
72.08794, -9, 102.164
71.0144, -9, 101.6053
69.9409, -9, 99.1688
68.86732, -9, 101.0619
67.79378, -9, 100.9211
66.72024, -9, 100.4555
65.6467, -9, 100.089
64.5732, -9, 99.7644
63.4996, -9, 99.4484
62.4261, -9, 99.1854
61.3525, -9, 98.7219
60.279, -9, 97.63
59.2055, -9, 97.7883
58.1319, -9, 98.2254
57.0584, -9, 98.3704
55.9848, -9, 98.5019
54.9113, -9, 98.5864
53.8377, -9, 98.5449
52.7642, -9, 98.2669
51.6907, -9, 97.4375
50.6171, -9, 95.1206
49.5436, -9, 94.342
48.47, -9, 96.5666
47.3965, -9, 97.1251
46.323, -9, 97.0674
45.2494, -9, 96.7148
44.1759, -9, 96.2212
43.1023, -9, 95.6217
42.0288, -9, 94.9115
40.9553, -9, 94.0377
39.8817, -9, 93.3163
38.8082, -9, 93.9145
37.7346, -9, 94.2338
36.6611, -9, 94.3574
35.5876, -9, 94.3926
34.514, -9, 94.3839
33.4405, -9, 94.3292
32.3669, -9, 94.1854
31.2934, -9, 93.7394
30.2199, -9, 92.4015
29.1463, -9, 93.5096
28.0728, -9, 94.3957
26.9992, -9, 94.7587
25.9257, -9, 94.9939
24.8522, -9, 95.1802
23.7786, -9, 95.3369
22.7051, -9, 95.4652
21.6315, -9, 95.5302
20.558, -9, 95.4866
19.4844, -9, 95.6889
18.4109, -9, 96.0374
17.3374, -9, 96.1276
16.2638, -9, 96.1433
15.1903, -9, 96.1627
14.1167, -9, 96.2297
13.0432, -9, 96.394
11.9697, -9, 96.7311
10.8961, -9, 97.1435
9.82258, -9, 94.5025
8.74904, -9, 96.603
7.6755, -9, 96.7146
6.60196, -9, 96.3752
5.52842, -9, 95.1243
4.45488, -9, 94.7121
3.38134, -9, 97.4071
2.3078, -9, 95.0727
1.23425, -9, 90.79
0.160714, -9, 95.6015
-0.900376, -9, 93.8362
-1.96147, -9, 92.7514
-3.02256, -9, 92.1978
-4.08365, -9, 91.8288
-5.14474, -9, 91.5113
-6.20583, -9, 91.1915
-7.26692, -9, 90.8198
-8.32801, -9, 90.284
-9.3891, -9, 89.0301
-10.4502, -9, 88.2321
-11.5113, -9, 89.3737
-12.5724, -9, 89.61
-13.6335, -9, 89.6431
-14.6945, -9, 89.5838
-15.7556, -9, 89.457
-16.8167, -9, 89.2567
-17.8778, -9, 88.9332
-18.9389, -9, 88.2759
98.92665, -10, 100.3399
97.8533, -10, 102.0558
96.77995, -10, 103.5869
95.7066, -10, 104.7741
94.63326, -10, 105.7089
93.55991, -10, 106.4565
92.48656, -10, 107.0478
91.41321, -10, 107.4397
90.33986, -10, 105.6682
89.26651, -10, 108.0929
88.19316, -10, 109.7775
87.11981, -10, 110.475
86.04647, -10, 110.9343
84.97312, -10, 111.3144
83.89977, -10, 111.6877
82.82642, -10, 112.1306
81.75307, -10, 112.6164
80.67973, -10, 112.3429
79.60638, -10, 111.8741
78.53303, -10, 113.3317
77.45968, -10, 113.2373
76.38633, -10, 113.03
75.31298, -10, 112.9255
74.23963, -10, 112.9291
73.16628, -10, 113.0437
72.09293, -10, 113.2192
71.01958, -10, 113.0262
69.94624, -10, 111.0853
68.87289, -10, 112.8038
67.79954, -10, 112.5369
66.72619, -10, 112.0375
65.65284, -10, 111.6097
64.57949, -10, 111.2922
63.50615, -10, 111.0846
62.4328, -10, 110.958
61.35945, -10, 110.9287
60.2861, -10, 110.4212
59.21275, -10, 110.492
58.1394, -10, 110.1072
57.06605, -10, 109.9176
55.9927, -10, 109.8463
54.91935, -10, 109.8057
53.846, -10, 109.7405
52.77266, -10, 109.5156
51.69931, -10, 108.9864
50.62596, -10, 107.5726
49.55261, -10, 106.6607
48.47926, -10, 108.004
47.40591, -10, 108.0867
46.33257, -10, 107.8708
45.25922, -10, 107.4543
44.18587, -10, 106.9433
43.11252, -10, 106.3636
42.03917, -10, 105.7327
40.96582, -10, 105.1255
39.89247, -10, 104.3916
38.81913, -10, 104.8831
37.74578, -10, 104.9895
36.67243, -10, 105.0603
35.59908, -10, 105.0888
34.52573, -10, 105.1016
33.45238, -10, 105.1095
32.37903, -10, 105.108
31.30568, -10, 105.1233
30.23233, -10, 104.3211
29.15899, -10, 105.1343
28.08564, -10, 105.2773
27.01229, -10, 105.3565
25.93894, -10, 105.4319
24.86559, -10, 105.5055
23.79224, -10, 105.5761
22.71889, -10, 105.6326
21.64555, -10, 105.6568
20.5722, -10, 105.5118
19.49885, -10, 105.5545
18.4255, -10, 105.8434
17.35215, -10, 105.9656
16.2788, -10, 106.0425
15.20545, -10, 106.0936
14.1321, -10, 106.1589
13.05876, -10, 106.2336
11.98541, -10, 106.2675
10.91206, -10, 106.1925
9.83871, -10, 106.7614
8.765361, -10, 106.279
7.692012, -10, 106.2558
6.618664, -10, 106.2543
5.545315, -10, 106.3244
4.471966, -10, 107.8764
3.398618, -10, 106.3753
2.325269, -10, 103.2323
1.25192, -10, 102.7367
0.1785714, -10, 105.5137
-0.8834587, -10, 104.5833
-1.945489, -10, 103.4191
-3.007519, -10, 102.7857
-4.069549, -10, 102.4073
-5.131579, -10, 102.1521
-6.193609, -10, 101.9618
-7.255639, -10, 101.7997
-8.317669, -10, 101.6309
-9.3797, -10, 101.3661
-10.44173, -10, 101.0601
-11.50376, -10, 100.9516
-12.56579, -10, 100.8353
-13.62782, -10, 100.7168
-14.68985, -10, 100.5976
-15.75188, -10, 100.478
-16.81391, -10, 100.3583
-17.87594, -10, 100.2385
-18.93797, -10, 100.1185
98.92684, -11, 112.5022
97.85368, -11, 113.3035
96.78053, -11, 114.0613
95.70737, -11, 114.8571
94.63422, -11, 115.6058
93.56106, -11, 116.2981
92.4879, -11, 116.9883
91.41475, -11, 117.7613
90.34159, -11, 120.4873
89.26843, -11, 119.5437
88.19527, -11, 119.2669
87.12212, -11, 119.6431
86.04897, -11, 120.046
84.97581, -11, 120.4077
83.90265, -11, 120.7368
82.82949, -11, 121.0263
81.75634, -11, 121.3321
80.68318, -11, 122.3344
79.61002, -11, 123.4414
78.53687, -11, 122.2864
77.46371, -11, 122.4234
76.39056, -11, 122.6248
75.3174, -11, 122.7795
74.24424, -11, 122.97
73.17108, -11, 123.2287
72.09792, -11, 123.5765
71.02477, -11, 124.2544
69.95161, -11, 126.4481
68.87846, -11, 124.206
67.8053, -11, 123.5174
66.73214, -11, 122.998
65.65899, -11, 122.5713
64.58583, -11, 122.2798
63.51267, -11, 122.1516
62.43952, -11, 122.2277
61.36636, -11, 122.5855
60.2932, -11, 123.9225
59.22005, -11, 122.7574
58.14689, -11, 121.7917
57.07373, -11, 121.2418
56.00058, -11, 120.9433
54.92742, -11, 120.827
53.85426, -11, 120.8342
52.7811, -11, 120.9493
51.70795, -11, 121.0992
50.63479, -11, 121.3702
49.56163, -11, 121.4811
48.48848, -11, 120.1258
47.41532, -11, 119.4557
46.34217, -11, 118.7967
45.26901, -11, 118.226
44.19585, -11, 117.7049
43.1227, -11, 117.2297
42.04954, -11, 116.7981
40.97638, -11, 116.3432
39.90322, -11, 116.2337
38.83007, -11, 115.9046
37.75691, -11, 115.8305
36.68375, -11, 115.7565
35.6106, -11, 115.7335
34.53744, -11, 115.7578
33.46429, -11, 115.8422
32.39113, -11, 116.0293
31.31797, -11, 116.3785
30.24482, -11, 117.7528
29.17166, -11, 116.6963
28.0985, -11, 116.1525
27.02534, -11, 115.9278
25.95219, -11, 115.8378
24.87903, -11, 115.8111
23.80588, -11, 115.8103
22.73272, -11, 115.8137
21.65956, -11, 115.8105
20.5864, -11, 115.781
19.51325, -11, 115.7123
18.44009, -11, 115.6938
17.36694, -11, 115.7436
16.29378, -11, 115.7647
15.22062, -11, 115.7686
14.14747, -11, 115.7755
13.07431, -11, 115.79
12.00115, -11, 115.7387
10.928, -11, 115.5073
9.854838, -11, 117.6415
8.781682, -11, 116.0448
7.708525, -11, 115.8625
6.635369, -11, 116.1322
5.562212, -11, 117.315
4.489055, -11, 116.8054
3.415899, -11, 114.3614
2.342742, -11, 111.5724
1.269585, -11, 115.6567
0.1964286, -11, 114.8754
-0.8665413, -11, 114.1465
-1.929511, -11, 113.5658
-2.992481, -11, 113.0819
-4.055451, -11, 112.7947
-5.118421, -11, 112.6456
-6.181391, -11, 112.5999
-7.244361, -11, 112.6494
-8.307331, -11, 112.8439
-9.3703, -11, 113.5912
-10.43327, -11, 113.9539
-11.49624, -11, 112.5387
-12.55921, -11, 112.0638
-13.62218, -11, 111.7906
-14.68515, -11, 111.61
-15.74812, -11, 111.4976
-16.81109, -11, 111.459
-17.87406, -11, 111.5427
-18.93703, -11, 111.9603
98.92703, -12, 124.9715
97.85407, -12, 124.7429
96.7811, -12, 125.0513
95.70814, -12, 125.5057
94.63518, -12, 126.0293
93.56221, -12, 126.6057
92.48925, -12, 127.2602
91.41628, -12, 128.3734
90.34332, -12, 131.9633
89.27036, -12, 130.6036
88.19739, -12, 129.0928
87.12442, -12, 129.0859
86.05146, -12, 129.3233
84.97849, -12, 129.5921
83.90553, -12, 129.8531
82.83257, -12, 130.09
81.7596, -12, 130.4057
80.68664, -12, 131.6792
79.61367, -12, 132.852
78.5407, -12, 131.4614
77.46774, -12, 131.6326
76.39478, -12, 131.9528
75.32182, -12, 132.2624
74.24885, -12, 132.6008
73.17588, -12, 133.0314
72.10292, -12, 133.7007
71.02995, -12, 135.2186
69.95699, -12, 138.4441
68.88403, -12, 135.3085
67.81106, -12, 134.0094
66.7381, -12, 133.3541
65.66513, -12, 132.9187
64.59216, -12, 132.6536
63.5192, -12, 132.5817
62.44624, -12, 132.7837
61.37327, -12, 133.4765
60.30031, -12, 135.2042
59.22734, -12, 134.1172
58.15438, -12, 132.7057
57.08141, -12, 131.9788
56.00845, -12, 131.6208
54.93548, -12, 131.51
53.86252, -12, 131.6097
52.78955, -12, 131.9594
51.71659, -12, 132.7652
50.64362, -12, 134.7794
49.57066, -12, 135.031
48.4977, -12, 132.0683
47.42473, -12, 130.5507
46.35176, -12, 129.6173
45.2788, -12, 128.9311
44.20584, -12, 128.3909
43.13287, -12, 127.9602
42.05991, -12, 127.6425
40.98694, -12, 127.5282
39.91398, -12, 127.395
38.84101, -12, 126.828
37.76805, -12, 126.4844
36.69508, -12, 126.334
35.62212, -12, 126.2803
34.54916, -12, 126.3079
33.47619, -12, 126.4299
32.40322, -12, 126.7004
31.33026, -12, 127.3182
30.2573, -12, 129.1
29.18433, -12, 127.8302
28.11137, -12, 126.7857
27.0384, -12, 126.3797
25.96544, -12, 126.1822
24.89247, -12, 126.081
23.81951, -12, 126.0272
22.74654, -12, 125.9896
21.67358, -12, 125.9484
20.60061, -12, 126.0056
19.52765, -12, 125.8684
18.45469, -12, 125.6186
17.38172, -12, 125.5147
16.30876, -12, 125.4603
15.23579, -12, 125.4041
14.16283, -12, 125.3207
13.08986, -12, 125.2066
12.0169, -12, 125.1569
10.94393, -12, 125.4473
9.870968, -12, 123.2339
8.798003, -12, 125.1985
7.725039, -12, 125.4336
6.652074, -12, 125.4204
5.579109, -12, 125.268
4.506145, -12, 124.5822
3.43318, -12, 121.8129
2.360215, -12, 121.6216
1.28725, -12, 125.4029
0.2142857, -12, 123.6508
-0.849624, -12, 123.0676
-1.913534, -12, 123.0563
-2.977444, -12, 123.009
-4.041353, -12, 122.983
-5.105263, -12, 122.9847
-6.169173, -12, 123.0465
-7.233083, -12, 123.2283
-8.296992, -12, 123.6824
-9.360902, -12, 124.8482
-10.42481, -12, 125.1604
-11.48872, -12, 123.8119
-12.55263, -12, 123.1122
-13.61654, -12, 122.7267
-14.68045, -12, 122.499
-15.74436, -12, 122.3906
-16.80827, -12, 122.4099
-17.87218, -12, 122.6282
-18.93609, -12, 123.2978
98.92723, -13, 136.5777
97.85445, -13, 136.0871
96.78168, -13, 135.9159
95.70891, -13, 136.0547
94.63614, -13, 136.3891
93.56336, -13, 136.8917
92.49059, -13, 137.6546
91.41782, -13, 138.731
90.34505, -13, 139.1834
89.27227, -13, 139.6885
88.1995, -13, 139.1172
87.12673, -13, 138.7568
86.05396, -13, 138.7416
84.98119, -13, 138.9001
83.90841, -13, 139.1404
82.83564, -13, 139.4612
81.76286, -13, 139.8523
80.69009, -13, 139.8572
79.61732, -13, 139.5554
78.54455, -13, 140.7993
77.47177, -13, 141.0541
76.399, -13, 141.2936
75.32623, -13, 141.6249
74.25346, -13, 142.0576
73.18069, -13, 142.6701
72.10791, -13, 143.621
71.03514, -13, 144.9984
69.96236, -13, 145.7993
68.88959, -13, 145.2369
67.81682, -13, 144.0295
66.74405, -13, 143.2268
65.67127, -13, 142.7476
64.5985, -13, 142.4915
63.52573, -13, 142.4415
62.45296, -13, 142.6386
61.38018, -13, 143.2215
60.30741, -13, 144.0129
59.23464, -13, 143.7778
58.16187, -13, 142.6747
57.08909, -13, 142.0576
56.01632, -13, 141.7642
54.94355, -13, 141.7112
53.87078, -13, 141.8908
52.798, -13, 142.3942
51.72523, -13, 143.5025
50.65246, -13, 145.6763
49.57969, -13, 145.8493
48.50691, -13, 143.0133
47.43414, -13, 141.2049
46.36137, -13, 140.1051
45.28859, -13, 139.3606
44.21582, -13, 138.8109
43.14305, -13, 138.4087
42.07028, -13, 138.1584
40.99751, -13, 138.0381
39.92473, -13, 137.628
38.85196, -13, 137.2624
37.77919, -13, 136.8908
36.70641, -13, 136.7
35.63364, -13, 136.6347
34.56087, -13, 136.6638
33.48809, -13, 136.7931
32.41532, -13, 137.0753
31.34255, -13, 137.6345
30.26978, -13, 138.1368
29.197, -13, 137.9171
28.12423, -13, 137.1001
27.05146, -13, 136.6467
25.97869, -13, 136.399
24.90591, -13, 136.2517
23.83314, -13, 136.1618
22.76037, -13, 136.1076
21.6876, -13, 136.0701
20.61482, -13, 135.965
19.54205, -13, 135.7561
18.46928, -13, 135.5887
17.39651, -13, 135.4366
16.32373, -13, 135.299
15.25096, -13, 135.1732
14.17819, -13, 135.0536
13.10541, -13, 134.9326
12.03264, -13, 134.7924
10.95987, -13, 134.5984
9.887096, -13, 134.3516
8.814324, -13, 134.4343
7.741551, -13, 134.6348
6.668779, -13, 134.6397
5.596006, -13, 133.8267
4.523233, -13, 131.4986
3.450461, -13, 131.0395
2.377688, -13, 135.5228
1.304916, -13, 135.1488
0.2321429, -13, 132.2504
-0.8327067, -13, 131.8567
-1.897556, -13, 132.4287
-2.962406, -13, 132.8547
-4.027256, -13, 133.0645
-5.092105, -13, 133.1921
-6.156955, -13, 133.3314
-7.221805, -13, 133.572
-8.286654, -13, 134.0508
-9.351503, -13, 134.5964
-10.41635, -13, 134.7562
-11.4812, -13, 134.4273
-12.54605, -13, 133.8013
-13.6109, -13, 133.3924
-14.67575, -13, 133.1458
-15.7406, -13, 133.035
-16.80545, -13, 133.0654
-17.8703, -13, 133.2792
-18.93515, -13, 133.6273
98.92742, -14, 146.9856
97.85484, -14, 146.5801
96.78226, -14, 146.323
95.70968, -14, 146.3102
94.6371, -14, 146.5063
93.56451, -14, 146.8897
92.49194, -14, 147.4391
91.41936, -14, 147.9218
90.34677, -14, 146.8802
89.27419, -14, 147.6137
88.20161, -14, 148.2827
87.12904, -14, 148.1641
86.05645, -14, 148.1327
84.98387, -14, 148.2387
83.91129, -14, 148.4464
82.83871, -14, 148.7051
81.76613, -14, 148.8657
80.69355, -14, 148.0135
79.62096, -14, 147.4871
78.54839, -14, 149.6548
77.47581, -14, 150.1769
76.40323, -14, 150.4785
75.33064, -14, 150.815
74.25806, -14, 151.26
73.18549, -14, 151.8707
72.1129, -14, 152.6904
71.04032, -14, 153.4145
69.96774, -14, 153.5353
68.89516, -14, 153.7073
67.82258, -14, 153.1159
66.75, -14, 152.4613
65.67742, -14, 152.0241
64.60484, -14, 151.7783
63.53226, -14, 151.6945
62.45968, -14, 151.7525
61.3871, -14, 151.835
60.31452, -14, 151.867
59.24194, -14, 151.7472
58.16935, -14, 151.6977
57.09678, -14, 151.4734
56.02419, -14, 151.3591
54.95161, -14, 151.4051
53.87903, -14, 151.6403
52.80645, -14, 152.1169
51.73387, -14, 152.879
50.66129, -14, 153.8533
49.58871, -14, 154.1667
48.51613, -14, 152.4201
47.44355, -14, 151.1574
46.37097, -14, 150.1838
45.29839, -14, 149.4616
44.22581, -14, 148.9161
43.15322, -14, 148.4963
42.08065, -14, 148.1579
41.00806, -14, 147.7829
39.93548, -14, 147.5299
38.8629, -14, 147.1136
37.79032, -14, 146.9471
36.71774, -14, 146.8211
35.64516, -14, 146.7763
34.57258, -14, 146.8077
33.5, -14, 146.9149
32.42742, -14, 147.0928
31.35484, -14, 147.2385
30.28226, -14, 147.0449
29.20968, -14, 147.036
28.1371, -14, 146.9782
27.06452, -14, 146.6919
25.99194, -14, 146.4575
24.91936, -14, 146.2888
23.84678, -14, 146.1735
22.77419, -14, 146.0968
21.70161, -14, 146.0343
20.62903, -14, 145.8201
19.55645, -14, 145.5981
18.48387, -14, 145.5116
17.41129, -14, 145.3127
16.33871, -14, 145.1015
15.26613, -14, 144.9123
14.19355, -14, 144.7591
13.12097, -14, 144.6362
12.04839, -14, 144.4384
10.97581, -14, 143.839
9.903226, -14, 145.7016
8.830646, -14, 144.099
7.758065, -14, 144.1842
6.685484, -14, 144.4704
5.612903, -14, 144.8523
4.540323, -14, 143.4772
3.467742, -14, 144.4844
2.395161, -14, 145.4878
1.322581, -14, 143.2021
0.25, -14, 140.7106
-0.8157895, -14, 141.0434
-1.881579, -14, 142.2542
-2.947368, -14, 142.7908
-4.013158, -14, 143.0646
-5.078948, -14, 143.2507
-6.144737, -14, 143.4339
-7.210526, -14, 143.6653
-8.276316, -14, 143.8843
-9.342105, -14, 144.1195
-10.4079, -14, 144.3289
-11.47368, -14, 144.1485
-12.53947, -14, 143.9484
-13.60526, -14, 143.6556
-14.67105, -14, 143.4333
-15.73684, -14, 143.3101
-16.80263, -14, 143.2806
-17.86842, -14, 143.2795
-18.93421, -14, 143.1445
98.92761, -15, 156.4785
97.85522, -15, 156.0479
96.78284, -15, 155.914
95.71045, -15, 155.8899
94.63805, -15, 155.9878
93.56567, -15, 156.1666
92.49328, -15, 156.2947
91.42089, -15, 156.2439
90.3485, -15, 156.3303
89.27612, -15, 156.2057
88.20373, -15, 156.5502
87.13134, -15, 156.8824
86.05894, -15, 157.0486
84.98656, -15, 157.1917
83.91417, -15, 157.3464
82.84178, -15, 157.4617
81.76939, -15, 157.4019
80.69701, -15, 157.2644
79.62462, -15, 157.7331
78.55223, -15, 158.1433
77.47984, -15, 158.7619
76.40745, -15, 159.1913
75.33506, -15, 159.5527
74.26267, -15, 159.9441
73.19028, -15, 160.3832
72.1179, -15, 160.7937
71.04551, -15, 161.3074
69.97312, -15, 162.0611
68.90073, -15, 161.4986
67.82834, -15, 161.1845
66.75595, -15, 160.9474
65.68356, -15, 160.6851
64.61118, -15, 160.4827
63.53879, -15, 160.3311
62.4664, -15, 160.1395
61.39401, -15, 159.8261
60.32162, -15, 159.2221
59.24923, -15, 159.517
58.17684, -15, 159.9307
57.10445, -15, 160.1932
56.03207, -15, 160.3304
54.95968, -15, 160.4799
53.88729, -15, 160.6952
52.8149, -15, 160.9526
51.74251, -15, 161.1409
50.67012, -15, 161.2678
49.59773, -15, 161.003
48.52534, -15, 160.7681
47.45296, -15, 160.2192
46.38057, -15, 159.6175
45.30818, -15, 159.0418
44.23579, -15, 158.5399
43.1634, -15, 158.0888
42.09101, -15, 157.6271
41.01862, -15, 157.1949
39.94624, -15, 156.7159
38.87385, -15, 156.6727
37.80146, -15, 156.6298
36.72907, -15, 156.6178
35.65668, -15, 156.6069
34.58429, -15, 156.631
33.51191, -15, 156.6867
32.43952, -15, 156.7069
31.36713, -15, 156.5619
30.29474, -15, 156.1848
29.22235, -15, 156.2936
28.14996, -15, 156.4602
27.07757, -15, 156.4185
26.00518, -15, 156.2774
24.9328, -15, 156.1395
23.86041, -15, 156.0174
22.78802, -15, 155.8947
21.71563, -15, 155.7715
20.64324, -15, 155.7467
19.57085, -15, 155.6386
18.49846, -15, 155.3022
17.42608, -15, 154.993
16.35369, -15, 154.7523
15.2813, -15, 154.5273
14.20891, -15, 154.292
13.13652, -15, 154.0412
12.06413, -15, 153.8545
10.99174, -15, 153.9193
9.919354, -15, 151.6909
8.846966, -15, 153.7989
7.774578, -15, 154.1995
6.702189, -15, 154.5384
5.6298, -15, 155.556
4.557412, -15, 156.2514
3.485023, -15, 155.0336
2.412634, -15, 153.6095
1.340246, -15, 151.663
0.2678571, -15, 149.4954
-0.7988722, -15, 151.5073
-1.865602, -15, 152.3972
-2.932331, -15, 152.7866
-3.99906, -15, 153.0214
-5.06579, -15, 153.1891
-6.132519, -15, 153.3235
-7.199248, -15, 153.4436
-8.265978, -15, 153.5659
-9.332706, -15, 153.7143
-10.39944, -15, 153.8499
-11.46617, -15, 153.6918
-12.5329, -15, 153.5357
-13.59962, -15, 153.3843
-14.66635, -15, 153.2355
-15.73308, -15, 153.0887
-16.79981, -15, 152.9427
-17.86654, -15, 152.7965
-18.93327, -15, 152.6492
98.9278, -16, 165.3525
97.85561, -16, 164.991
96.78341, -16, 164.8296
95.71121, -16, 164.7999
94.63902, -16, 164.8268
93.56682, -16, 164.8518
92.49462, -16, 164.8269
91.42242, -16, 164.7756
90.35023, -16, 165.4558
89.27803, -16, 165.1601
88.20583, -16, 165.0167
87.13364, -16, 165.2988
86.06145, -16, 165.5482
84.98925, -16, 165.7392
83.91705, -16, 165.8824
82.84486, -16, 165.9993
81.77266, -16, 166.1696
80.70046, -16, 166.9828
79.62827, -16, 167.7194
78.55607, -16, 166.9593
77.48387, -16, 167.1835
76.41167, -16, 167.5185
75.33948, -16, 167.8434
74.26728, -16, 168.1473
73.19508, -16, 168.4343
72.12289, -16, 168.7219
71.05069, -16, 169.1308
69.97849, -16, 170.2105
68.9063, -16, 169.1977
67.8341, -16, 169.0168
66.7619, -16, 168.917
65.6897, -16, 168.8054
64.61751, -16, 168.6688
63.54531, -16, 168.4978
62.47312, -16, 168.2732
61.40092, -16, 167.9355
60.32872, -16, 167.1263
59.25653, -16, 167.5146
58.18433, -16, 168.1398
57.11214, -16, 168.4976
56.03994, -16, 168.7636
54.96774, -16, 168.9776
53.89555, -16, 169.1504
52.82335, -16, 169.2728
51.75115, -16, 169.2811
50.67896, -16, 168.737
49.60676, -16, 168.3008
48.53456, -16, 169.0028
47.46236, -16, 168.8387
46.39017, -16, 168.501
45.31797, -16, 168.1128
44.24578, -16, 167.7075
43.17358, -16, 167.3005
42.10138, -16, 166.8988
41.02919, -16, 166.4603
39.95699, -16, 165.9782
38.88479, -16, 166.1392
37.8126, -16, 166.1419
36.7404, -16, 166.1268
35.6682, -16, 166.1236
34.596, -16, 166.1264
33.52381, -16, 166.1268
32.45161, -16, 166.1135
31.37942, -16, 166.0651
30.30722, -16, 165.7558
29.23502, -16, 165.9197
28.16283, -16, 165.9481
27.09063, -16, 165.9129
26.01843, -16, 165.8613
24.94624, -16, 165.7948
23.87404, -16, 165.7123
22.80184, -16, 165.6121
21.72965, -16, 165.5012
20.65745, -16, 165.5479
19.58525, -16, 165.543
18.51306, -16, 165.0153
17.44086, -16, 164.7554
16.36866, -16, 164.5028
15.29647, -16, 164.2446
14.22427, -16, 163.9623
13.15207, -16, 163.6611
12.07988, -16, 163.3971
11.00768, -16, 163.2984
9.935484, -16, 162.8583
8.863287, -16, 163.4471
7.79109, -16, 163.7382
6.718894, -16, 164.0273
5.646698, -16, 164.2042
4.574501, -16, 163.7475
3.502304, -16, 162.8126
2.430108, -16, 161.3874
1.357911, -16, 159.2935
0.2857143, -16, 161.0926
-0.7819549, -16, 162.6714
-1.849624, -16, 162.7785
-2.917293, -16, 162.8808
-3.984962, -16, 162.9713
-5.052631, -16, 163.0515
-6.120301, -16, 163.1263
-7.18797, -16, 163.2037
-8.255639, -16, 163.2884
-9.323308, -16, 163.3697
-10.39098, -16, 163.3575
-11.45865, -16, 163.2209
-12.52632, -16, 163.0613
-13.59398, -16, 162.9036
-14.66165, -16, 162.7507
-15.72932, -16, 162.601
-16.79699, -16, 162.4528
-17.86466, -16, 162.3041
-18.93233, -16, 162.1526
98.92799, -17, 173.8234
97.85599, -17, 173.653
96.78399, -17, 173.5603
95.71198, -17, 173.5269
94.63998, -17, 173.5318
93.56797, -17, 173.5416
92.49596, -17, 173.5454
91.42397, -17, 173.5819
90.35196, -17, 173.4652
89.27995, -17, 173.7429
88.20795, -17, 173.899
87.13595, -17, 174.0239
86.06394, -17, 174.2081
84.99194, -17, 174.3882
83.91993, -17, 174.5651
82.84792, -17, 174.7883
81.77592, -17, 175.2201
80.70392, -17, 175.9626
79.63191, -17, 176.2646
78.55991, -17, 175.9305
77.4879, -17, 175.8126
76.4159, -17, 175.9419
75.3439, -17, 176.1471
74.27189, -17, 176.3643
73.19988, -17, 176.5802
72.12788, -17, 176.8011
71.05588, -17, 176.9629
69.98387, -17, 176.8651
68.91187, -17, 176.9724
67.83986, -17, 176.9744
66.76786, -17, 176.9485
65.69585, -17, 176.9011
64.62385, -17, 176.8252
63.55184, -17, 176.7125
62.47984, -17, 176.542
61.40783, -17, 176.2585
60.33583, -17, 175.8818
59.26382, -17, 176.001
58.19182, -17, 176.5079
57.11982, -17, 176.8971
56.04781, -17, 177.1859
54.97581, -17, 177.4108
53.9038, -17, 177.5777
52.8318, -17, 177.657
51.75979, -17, 177.5331
50.68779, -17, 177.0756
49.61578, -17, 176.9833
48.54378, -17, 177.3638
47.47178, -17, 177.4703
46.39977, -17, 177.3209
45.32777, -17, 177.0681
44.25576, -17, 176.7736
43.18375, -17, 176.457
42.11175, -17, 176.1118
41.03975, -17, 175.7616
39.96774, -17, 175.5469
38.89574, -17, 175.5786
37.82373, -17, 175.5969
36.75173, -17, 175.5832
35.67972, -17, 175.5618
34.60772, -17, 175.544
33.53571, -17, 175.5316
32.46371, -17, 175.5329
31.3917, -17, 175.5831
30.3197, -17, 175.7979
29.2477, -17, 175.6404
28.17569, -17, 175.4993
27.10369, -17, 175.4522
26.03168, -17, 175.4437
24.95968, -17, 175.44
23.88767, -17, 175.428
22.81567, -17, 175.3994
21.74366, -17, 175.3447
20.67166, -17, 175.2168
19.59966, -17, 175.0462
18.52765, -17, 174.8348
17.45564, -17, 174.645
16.38364, -17, 174.4172
15.31164, -17, 174.1554
14.23963, -17, 173.8606
13.16763, -17, 173.5199
12.09562, -17, 173.0748
11.02362, -17, 172.445
9.951612, -17, 175.5312
8.879608, -17, 172.8962
7.807604, -17, 173.0292
6.735599, -17, 173.3813
5.663594, -17, 173.158
4.59159, -17, 171.3962
3.519585, -17, 170.0551
2.447581, -17, 172.0252
1.375576, -17, 172.6327
0.3035714, -17, 175.209
-0.7650376, -17, 173.9274
-1.833647, -17, 173.2186
-2.902256, -17, 173.0313
-3.970865, -17, 172.9706
-5.039474, -17, 172.9519
-6.108083, -17, 172.9528
-7.176692, -17, 172.9691
-8.2453, -17, 173.0006
-9.31391, -17, 173.0319
-10.38252, -17, 172.8962
-11.45113, -17, 172.7301
-12.51974, -17, 172.5667
-13.58835, -17, 172.4092
-14.65695, -17, 172.2559
-15.72556, -17, 172.105
-16.79417, -17, 171.9553
-17.86278, -17, 171.8056
-18.93139, -17, 171.6544
98.92818, -18, 182.0741
97.85638, -18, 182.1234
96.78456, -18, 182.1432
95.71275, -18, 182.1829
94.64094, -18, 182.2372
93.56912, -18, 182.2978
92.49731, -18, 182.3491
91.4255, -18, 182.3196
90.35368, -18, 181.6815
89.28188, -18, 182.201
88.21006, -18, 182.764
87.13825, -18, 182.9574
86.06644, -18, 183.1052
84.99462, -18, 183.2602
83.92281, -18, 183.447
82.851, -18, 183.6908
81.77918, -18, 184.0137
80.70737, -18, 184.2087
79.63556, -18, 184.2892
78.56375, -18, 184.4959
77.49194, -18, 184.4506
76.42012, -18, 184.4791
75.34831, -18, 184.5717
74.2765, -18, 184.6968
73.20468, -18, 184.8249
72.13287, -18, 184.9112
71.06106, -18, 184.7921
69.98925, -18, 183.7536
68.91743, -18, 184.8422
67.84562, -18, 185.0404
66.77381, -18, 185.0959
65.702, -18, 185.1116
64.63019, -18, 185.0996
63.55837, -18, 185.0565
62.48656, -18, 184.9706
61.41475, -18, 184.8418
60.34293, -18, 184.8925
59.27112, -18, 184.9641
58.19931, -18, 185.1516
57.12749, -18, 185.461
56.05568, -18, 185.7336
54.98387, -18, 185.9573
53.91206, -18, 186.1229
52.84024, -18, 186.2105
51.76843, -18, 186.1969
50.69662, -18, 186.2827
49.62481, -18, 186.3674
48.55299, -18, 186.2164
47.48118, -18, 186.2548
46.40937, -18, 186.1904
45.33756, -18, 186.0433
44.26574, -18, 185.8456
43.19393, -18, 185.62
42.12212, -18, 185.3873
41.05031, -18, 185.1964
39.97849, -18, 185.1005
38.90668, -18, 185.0628
37.83487, -18, 185.0366
36.76306, -18, 185.0086
35.69125, -18, 184.9761
34.61943, -18, 184.946
33.54762, -18, 184.9271
32.47581, -18, 184.9362
31.40399, -18, 185.0268
30.33218, -18, 185.5129
29.26037, -18, 185.2322
28.18856, -18, 185.0226
27.11674, -18, 185.024
26.04493, -18, 185.0753
24.97312, -18, 185.1422
23.90131, -18, 185.2089
22.82949, -18, 185.2595
21.75768, -18, 185.2606
20.68587, -18, 185.0329
19.61406, -18, 184.6702
18.54224, -18, 184.8254
17.47043, -18, 184.6516
16.39862, -18, 184.4328
15.32681, -18, 184.1764
14.25499, -18, 183.8697
13.18318, -18, 183.4859
12.11137, -18, 182.9852
11.03955, -18, 182.4031
9.967742, -18, 180.1688
8.895929, -18, 182.215
7.824117, -18, 182.9062
6.752304, -18, 183.3905
5.680491, -18, 183.8487
4.608679, -18, 183.7116
3.536866, -18, 182.211
2.465054, -18, 184.8217
1.393241, -18, 186.8185
0.3214286, -18, 185.3559
-0.7481203, -18, 184.5457
-1.817669, -18, 183.5361
-2.887218, -18, 183.1472
-3.956767, -18, 182.9561
-5.026316, -18, 182.8404
-6.095865, -18, 182.7618
-7.165413, -18, 182.7062
-8.234962, -18, 182.6664
-9.304511, -18, 182.6166
-10.37406, -18, 182.4224
-11.44361, -18, 182.2213
-12.51316, -18, 182.0567
-13.58271, -18, 181.901
-14.65226, -18, 181.7493
-15.7218, -18, 181.5997
-16.79135, -18, 181.4511
-17.8609, -18, 181.3028
-18.93045, -18, 181.1538
98.92838, -19, 190.2827
97.85676, -19, 190.4808
96.78514, -19, 190.634
95.71352, -19, 190.7697
94.6419, -19, 190.9026
93.57027, -19, 191.0272
92.49866, -19, 191.1178
91.42703, -19, 191.0863
90.35542, -19, 190.8249
89.28379, -19, 191.099
88.21217, -19, 191.5578
87.14056, -19, 191.7972
86.06893, -19, 191.943
84.99731, -19, 192.0701
83.92569, -19, 192.2017
82.85407, -19, 192.3423
81.78245, -19, 192.4455
80.71083, -19, 192.4922
79.63921, -19, 192.576
78.56759, -19, 192.7155
77.49596, -19, 192.8195
76.42435, -19, 192.8703
75.35273, -19, 192.9246
74.2811, -19, 192.9843
73.20949, -19, 193.031
72.13786, -19, 193.0169
71.06625, -19, 192.843
69.99462, -19, 192.6049
68.923, -19, 192.968
67.85138, -19, 193.2393
66.77976, -19, 193.3684
65.70814, -19, 193.4511
64.63652, -19, 193.5116
63.5649, -19, 193.5545
62.49328, -19, 193.587
61.42166, -19, 193.6484
60.35004, -19, 193.7802
59.27842, -19, 193.9382
58.2068, -19, 194.0927
57.13518, -19, 194.2951
56.06356, -19, 194.5296
54.99194, -19, 194.7522
53.92031, -19, 194.9516
52.84869, -19, 195.128
51.77707, -19, 195.3302
50.70545, -19, 195.5676
49.63383, -19, 195.6714
48.56221, -19, 195.5187
47.49059, -19, 195.3915
46.41897, -19, 195.3009
45.34735, -19, 195.1927
44.27573, -19, 195.0642
43.20411, -19, 194.9258
42.13249, -19, 194.7976
41.06087, -19, 194.6894
39.98925, -19, 194.5831
38.91763, -19, 194.548
37.846, -19, 194.4831
36.77439, -19, 194.4229
35.70277, -19, 194.3671
34.63115, -19, 194.3165
33.55952, -19, 194.2774
32.4879, -19, 194.2662
31.41628, -19, 194.3318
30.34466, -19, 194.5572
29.27304, -19, 194.5178
28.20142, -19, 194.4599
27.1298, -19, 194.5551
26.05818, -19, 194.7002
24.98656, -19, 194.8606
23.91494, -19, 195.0211
22.84332, -19, 195.1667
21.7717, -19, 195.2603
20.70008, -19, 195.1739
19.62846, -19, 194.9531
18.55684, -19, 195.0303
17.48521, -19, 194.8832
16.4136, -19, 194.6597
15.34197, -19, 194.4074
14.27035, -19, 194.1226
13.19873, -19, 193.7944
12.12711, -19, 193.412
11.05549, -19, 192.7277
9.983871, -19, 190.0096
8.912251, -19, 191.9986
7.84063, -19, 192.9711
6.769009, -19, 193.5524
5.697389, -19, 194.573
4.625768, -19, 196.2136
3.554147, -19, 195.8042
2.482527, -19, 195.3872
1.410906, -19, 195.1937
0.3392857, -19, 194.3688
-0.731203, -19, 193.8382
-1.801692, -19, 193.4367
-2.87218, -19, 193.0476
-3.942669, -19, 192.8004
-5.013158, -19, 192.6192
-6.083647, -19, 192.4723
-7.154135, -19, 192.3445
-8.224624, -19, 192.2226
-9.295113, -19, 192.0607
-10.3656, -19, 191.8836
-11.43609, -19, 191.6913
-12.50658, -19, 191.532
-13.57707, -19, 191.3808
-14.64756, -19, 191.2328
-15.71805, -19, 191.0864
-16.78853, -19, 190.9409
-17.85902, -19, 190.7956
-18.92951, -19, 190.6499
2.017, 0.8, 4.0324
3.0821, 0.8, 5.4638
4.1471, 0.8, 3.747
5.2121, 0.8, 3.5493
6.2772, 0.8, 3.2064
7.3422, 0.8, 3.3798
8.4072, 0.8, 3.7939
9.4723, 0.8, 4.4509
10.5373, 0.8, 4.01707
11.6023, 0.8, 3.18501
12.6674, 0.8, 3.06606
13.7324, 0.8, 2.83868
14.7974, 0.8, 2.489
15.8625, 0.8, 2.02487
16.9275, 0.8, 1.40606
17.9925, 0.8, 0.549608
19.0575, 0.8, -0.635423
20.1226, 0.8, -1.13795
21.1876, 0.8, -0.46688
22.2526, 0.8, 0.410542
23.3177, 0.8, 0.96862
24.3827, 0.8, 1.33479
25.4477, 0.8, 1.57283
26.5128, 0.8, 1.7251
27.5778, 0.8, 1.84541
28.6428, 0.8, 2.15833
29.7079, 0.8, 3.40539
30.7729, 0.8, 3.08047
31.8379, 0.8, 2.6524
32.903, 0.8, 2.64834
33.968, 0.8, 2.65841
35.033, 0.8, 2.67282
36.0981, 0.8, 2.72712
37.1631, 0.8, 2.88958
38.2281, 0.8, 3.2395
39.2932, 0.8, 3.3009
40.3582, 0.8, 2.42162
41.4232, 0.8, 3.29719
42.4883, 0.8, 2.85629
43.5533, 0.8, 2.59231
44.6183, 0.8, 2.45457
45.6834, 0.8, 2.38032
46.7484, 0.8, 2.3267
47.8134, 0.8, 2.23714
48.8785, 0.8, 1.96681
49.9435, 0.8, 0.114231
51.0085, 0.8, 3.31142
52.0735, 0.8, 5.01114
53.1386, 0.8, 6.55683
54.2036, 0.8, 8.07337
55.2686, 0.8, 9.59253
56.3337, 0.8, 11.144
57.3987, 0.8, 12.7816
58.4637, 0.8, 14.7051
59.5288, 0.8, 17.9164
60.5938, 0.8, 18.175
61.6588, 0.8, 16.4842
62.7239, 0.8, 15.9399
63.7889, 0.8, 15.6577
64.8539, 0.8, 15.4441
65.919, 0.8, 15.2418
66.984, 0.8, 14.9993
68.049, 0.8, 14.6982
69.1141, 0.8, 14.4789
70.1791, 0.8, 13.8807
71.2441, 0.8, 15.0344
72.3092, 0.8, 15.7885
73.3742, 0.8, 16.5345
74.4392, 0.8, 17.2169
75.5043, 0.8, 17.8756
76.5693, 0.8, 18.5576
77.6343, 0.8, 19.3304
78.6994, 0.8, 20.3834
79.7644, 0.8, 22.1502
80.8294, 0.8, 20.8776
81.8945, 0.8, 19.417
82.9595, 0.8, 18.3358
84.0245, 0.8, 17.3734
85.0895, 0.8, 16.4786
86.1546, 0.8, 15.6318
87.2196, 0.8, 14.817
88.2846, 0.8, 13.9406
89.3497, 0.8, 12.6051
90.4147, 0.8, 12.1832
91.4797, 0.8, 12.2251
92.5448, 0.8, 11.7215
93.6098, 0.8, 11.0991
94.6748, 0.8, 10.5532
95.7399, 0.8, 10.1567
96.8049, 0.8, 10.0332
97.8699, 0.8, 10.4757
98.935, 0.8, 12.8495
2.9588, 1.6, -0.33417
4.0136, 1.6, -3.3441
5.0684, 1.6, -6.1209
6.1232, 1.6, -3.9265
7.178, 1.6, -3.4193
8.2328, 1.6, -3.1299
9.2876, 1.6, -2.6887
10.3424, 1.6, -2.63659
11.3972, 1.6, -3.33844
12.452, 1.6, -3.43794
13.5068, 1.6, -3.62335
14.5615, 1.6, -3.96624
15.6163, 1.6, -4.46739
16.6711, 1.6, -5.13953
17.7259, 1.6, -6.03496
18.7807, 1.6, -7.36092
19.8355, 1.6, -9.88909
20.8903, 1.6, -8.18615
21.9451, 1.6, -6.79766
22.9999, 1.6, -6.02984
24.0547, 1.6, -5.5404
25.1095, 1.6, -5.22514
26.1643, 1.6, -5.05098
27.2191, 1.6, -5.01369
28.2739, 1.6, -5.18797
29.3287, 1.6, -5.56614
30.3835, 1.6, -5.13806
31.4383, 1.6, -4.84979
32.4931, 1.6, -4.26465
33.5479, 1.6, -4.03304
34.6027, 1.6, -3.92709
35.6575, 1.6, -3.91132
36.7123, 1.6, -3.96327
37.7671, 1.6, -4.09402
38.8218, 1.6, -4.98304
39.8766, 1.6, -7.03263
40.9314, 1.6, -5.46143
41.9862, 1.6, -4.30827
43.041, 1.6, -4.21037
44.0958, 1.6, -4.23057
45.1506, 1.6, -4.30053
46.2054, 1.6, -4.47672
47.2602, 1.6, -4.72202
48.315, 1.6, -5.1777
49.3698, 1.6, -6.32025
50.4246, 1.6, -5.9523
51.4794, 1.6, -3.34162
52.5342, 1.6, -1.50268
53.589, 1.6, 0.0906529
54.6438, 1.6, 1.63861
55.6986, 1.6, 3.08249
56.7534, 1.6, 4.47278
57.8082, 1.6, 5.91538
58.863, 1.6, 7.34865
59.9178, 1.6, 10.3759
60.9726, 1.6, 8.74361
62.0274, 1.6, 8.54662
63.0821, 1.6, 8.41422
64.1369, 1.6, 8.31666
65.1917, 1.6, 8.16866
66.2465, 1.6, 7.90672
67.3013, 1.6, 7.51861
68.3561, 1.6, 6.82969
69.4109, 1.6, 5.58297
70.4657, 1.6, 5.66288
71.5205, 1.6, 7.36282
72.5753, 1.6, 8.56856
73.6301, 1.6, 9.41832
74.6849, 1.6, 10.1392
75.7397, 1.6, 10.7497
76.7945, 1.6, 11.31
77.8493, 1.6, 11.9194
78.9041, 1.6, 12.5102
79.9589, 1.6, 13.8936
81.0137, 1.6, 12.8826
82.0685, 1.6, 12.1508
83.1233, 1.6, 11.3497
84.1781, 1.6, 10.6555
85.2329, 1.6, 9.99169
86.2877, 1.6, 9.32684
87.3425, 1.6, 8.85534
88.3972, 1.6, 8.86501
89.452, 1.6, 9.54494
90.5068, 1.6, 9.08353
91.5616, 1.6, 7.04547
92.6164, 1.6, 5.57747
93.6712, 1.6, 4.5723
94.726, 1.6, 3.76248
95.7808, 1.6, 3.08868
96.8356, 1.6, 2.63969
97.8904, 1.6, 2.48364
98.9452, 1.6, 2.93443
3.9006, 2.4, -8.4067
4.94512, 2.4, -11.7135
5.98968, 2.4, -10.7173
7.0342, 2.4, -9.9245
8.0788, 2.4, -9.7579
9.1234, 2.4, -9.9729
10.1679, 2.4, -9.85621
11.2125, 2.4, -9.48564
12.257, 2.4, -9.48014
13.3016, 2.4, -9.71557
14.3462, 2.4, -10.0931
15.3907, 2.4, -10.6169
16.4353, 2.4, -11.3026
17.4798, 2.4, -12.1776
18.5244, 2.4, -13.3894
19.5689, 2.4, -15.7153
20.6135, 2.4, -15.3319
21.6581, 2.4, -13.6538
22.7026, 2.4, -12.7522
23.7472, 2.4, -12.1522
24.7917, 2.4, -11.7539
25.8363, 2.4, -11.5348
26.8809, 2.4, -11.5086
27.9254, 2.4, -11.7932
28.97, 2.4, -12.6633
30.0145, 2.4, -14.2241
31.0591, 2.4, -12.4452
32.1037, 2.4, -11.3246
33.1482, 2.4, -10.6742
34.1928, 2.4, -10.3537
35.2373, 2.4, -10.2678
36.2819, 2.4, -10.4268
37.3265, 2.4, -10.9686
38.371, 2.4, -12.0713
39.4156, 2.4, -13.7892
40.4601, 2.4, -13.9403
41.5047, 2.4, -12.3483
42.5492, 2.4, -11.2919
43.5938, 2.4, -10.6818
44.6384, 2.4, -10.4858
45.6829, 2.4, -10.6079
46.7275, 2.4, -11.073
47.772, 2.4, -11.9346
48.8166, 2.4, -12.7863
49.8612, 2.4, -13.2869
50.9057, 2.4, -11.767
51.9503, 2.4, -9.65119
52.9948, 2.4, -7.51777
54.0394, 2.4, -5.71376
55.084, 2.4, -4.23583
56.1285, 2.4, -3.02916
57.1731, 2.4, -2.06354
58.2176, 2.4, -1.25008
59.2622, 2.4, -0.586193
60.3068, 2.4, -0.641131
61.3513, 2.4, 0.659915
62.3959, 2.4, 1.07563
63.4404, 2.4, 1.40023
64.485, 2.4, 1.48071
65.5295, 2.4, 1.32855
66.5741, 2.4, 0.919744
67.6187, 2.4, 0.170316
68.6632, 2.4, -0.972846
69.7078, 2.4, -2.94918
70.7523, 2.4, -1.62059
71.7969, 2.4, 0.366053
72.8415, 2.4, 1.7575
73.886, 2.4, 2.76647
74.9306, 2.4, 3.48752
75.9751, 2.4, 3.98045
77.0197, 2.4, 4.26235
78.0643, 2.4, 4.3761
79.1088, 2.4, 4.58112
80.1534, 2.4, 4.62912
81.1979, 2.4, 5.17338
82.2425, 2.4, 4.95213
83.2871, 2.4, 4.82016
84.3316, 2.4, 4.57584
85.3762, 2.4, 4.18122
86.4207, 2.4, 3.65144
87.4653, 2.4, 3.16088
88.5098, 2.4, 3.56664
89.5544, 2.4, 6.0022
90.599, 2.4, 4.59744
91.6435, 2.4, 1.11193
92.6881, 2.4, -0.659004
93.7326, 2.4, -1.91584
94.7772, 2.4, -3.1474
95.8218, 2.4, -4.31111
96.8663, 2.4, -5.27918
97.9109, 2.4, -6.06304
98.9554, 2.4, -7.36153
4.84232, 3.2, -15.3908
5.87665, 3.2, -15.7124
6.91097, 3.2, -15.3973
7.94529, 3.2, -15.3508
8.97961, 3.2, -15.7997
10.0139, 3.2, -17.8084
11.0483, 3.2, -15.318
12.0826, 3.2, -15.1638
13.1169, 3.2, -15.3901
14.1512, 3.2, -15.7656
15.1855, 3.2, -16.2862
16.2199, 3.2, -16.9856
17.2542, 3.2, -17.9064
18.2885, 3.2, -19.0107
19.3228, 3.2, -20.4467
20.3572, 3.2, -21.16
21.3915, 3.2, -19.9334
22.4258, 3.2, -19.0732
23.4601, 3.2, -18.3578
24.4945, 3.2, -17.8784
25.5288, 3.2, -17.6297
26.5631, 3.2, -17.606
27.5974, 3.2, -17.8406
28.6317, 3.2, -18.5157
29.6661, 3.2, -20.9893
30.7004, 3.2, -19.5865
31.7347, 3.2, -17.9453
32.769, 3.2, -17.1036
33.8034, 3.2, -16.5927
34.8377, 3.2, -16.3637
35.872, 3.2, -16.449
36.9063, 3.2, -16.9413
37.9406, 3.2, -17.9935
38.975, 3.2, -19.5327
40.0093, 3.2, -21.1457
41.0436, 3.2, -19.5703
42.0779, 3.2, -18.0631
43.1123, 3.2, -16.9028
44.1466, 3.2, -16.2776
45.1809, 3.2, -16.1167
46.2152, 3.2, -16.4022
47.2495, 3.2, -17.1788
48.2839, 3.2, -18.4958
49.3182, 3.2, -19.3987
50.3525, 3.2, -19.0385
51.3868, 3.2, -17.2395
52.4212, 3.2, -14.5593
53.4555, 3.2, -12.425
54.4898, 3.2, -10.8024
55.5241, 3.2, -9.58812
56.5585, 3.2, -8.73795
57.5928, 3.2, -8.27704
58.6271, 3.2, -8.33391
59.6614, 3.2, -9.71597
60.6957, 3.2, -8.09751
61.7301, 3.2, -6.29842
62.7644, 3.2, -5.36156
63.7987, 3.2, -4.91334
64.833, 3.2, -4.81908
65.8674, 3.2, -5.03941
66.9017, 3.2, -5.60027
67.936, 3.2, -6.5931
68.9703, 3.2, -8.09692
70.0046, 3.2, -11.0241
71.039, 3.2, -7.59396
72.0733, 3.2, -5.69785
73.1076, 3.2, -4.3083
74.1419, 3.2, -3.34397
75.1763, 3.2, -2.70959
76.2106, 3.2, -2.37121
77.2449, 3.2, -2.34874
78.2792, 3.2, -2.70979
79.3135, 3.2, -3.34375
80.3479, 3.2, -3.38712
81.3822, 3.2, -2.15415
82.4165, 3.2, -1.31413
83.4508, 3.2, -0.864056
84.4852, 3.2, -0.724333
85.5195, 3.2, -0.835849
86.5538, 3.2, -1.17355
87.5881, 3.2, -1.7111
88.6225, 3.2, -2.17076
89.6568, 3.2, 0.654391
90.6911, 3.2, -2.32791
91.7254, 3.2, -5.03056
92.7597, 3.2, -6.55492
93.7941, 3.2, -8.30063
94.8284, 3.2, -10.1867
95.8627, 3.2, -12.0698
96.897, 3.2, -13.818
97.9314, 3.2, -15.391
98.9657, 3.2, -17.9552
5.78409, 4, -19.7283
6.80817, 4, -19.8484
7.83226, 4, -20.0004
8.85634, 4, -20.4228
9.88043, 4, -21.3591
10.9045, 4, -20.5892
11.9286, 4, -20.5009
12.9527, 4, -20.6931
13.9768, 4, -21.0339
15.0009, 4, -21.5081
16.0249, 4, -22.1545
17.049, 4, -23.0105
18.0731, 4, -24.1377
19.0972, 4, -25.2282
20.1213, 4, -24.786
21.1454, 4, -25.5441
22.1695, 4, -24.6809
23.1935, 4, -23.9318
24.2176, 4, -23.4294
25.2417, 4, -23.1617
26.2658, 4, -23.1275
27.2899, 4, -23.3334
28.314, 4, -23.8087
29.3381, 4, -24.9053
30.3622, 4, -25.5567
31.3862, 4, -23.8067
32.4103, 4, -22.9065
33.4344, 4, -22.2813
34.4585, 4, -21.9092
35.4826, 4, -21.8267
36.5067, 4, -22.0828
37.5308, 4, -22.7582
38.5548, 4, -23.9166
39.5789, 4, -25.7714
40.603, 4, -25.5076
41.6271, 4, -23.5675
42.6512, 4, -22.245
43.6753, 4, -21.3989
44.6994, 4, -20.9975
45.7234, 4, -20.9668
46.7475, 4, -21.3121
47.7716, 4, -22.2065
48.7957, 4, -23.853
49.8198, 4, -25.4732
50.8439, 4, -23.8134
51.868, 4, -20.5817
52.892, 4, -18.2449
53.9161, 4, -16.5635
54.9402, 4, -15.2943
55.9643, 4, -14.3908
56.9884, 4, -13.9096
58.0125, 4, -14.0033
59.0366, 4, -15.1593
60.0606, 4, -16.1468
61.0847, 4, -13.7813
62.1088, 4, -11.8321
63.1329, 4, -10.9253
64.157, 4, -10.5805
65.1811, 4, -10.6001
66.2052, 4, -10.88
67.2292, 4, -11.4269
68.2533, 4, -12.449
69.2774, 4, -14.1074
70.3015, 4, -14.6739
71.3256, 4, -12.4365
72.3497, 4, -10.8186
73.3738, 4, -9.73236
74.3979, 4, -8.98914
75.4219, 4, -8.4635
76.446, 4, -8.19628
77.4701, 4, -8.32217
78.4942, 4, -9.08239
79.5183, 4, -10.7869
80.5424, 4, -10.3598
81.5665, 4, -8.0365
82.5905, 4, -6.60749
83.6146, 4, -5.86581
84.6387, 4, -5.52806
85.6628, 4, -5.40409
86.6869, 4, -5.43851
87.711, 4, -5.89735
88.7351, 4, -7.23226
89.7591, 4, -7.62093
90.7832, 4, -9.78122
91.8073, 4, -10.5198
92.8314, 4, -12.316
93.8555, 4, -14.8491
94.8796, 4, -17.5216
95.9037, 4, -20.1957
96.9277, 4, -22.8646
97.9518, 4, -25.5579
98.9759, 4, -28.7629
6.72585, 4.8, -23.8811
7.7397, 4.8, -24.1714
8.75355, 4.8, -24.3817
9.7674, 4.8, -24.0308
10.7812, 4.8, -25.175
11.7951, 4.8, -25.4296
12.8089, 4.8, -25.6086
13.8228, 4.8, -25.8536
14.8366, 4.8, -26.251
15.8505, 4.8, -26.8185
16.8643, 4.8, -27.5789
17.8782, 4.8, -28.5604
18.892, 4.8, -29.5944
19.9059, 4.8, -29.681
20.9197, 4.8, -30.1452
21.9336, 4.8, -29.5109
22.9474, 4.8, -28.8034
23.9613, 4.8, -28.3208
24.9751, 4.8, -28.0523
25.989, 4.8, -27.9939
27.0028, 4.8, -28.1558
28.0167, 4.8, -28.5582
29.0305, 4.8, -29.0166
30.0444, 4.8, -28.2091
31.0582, 4.8, -28.7846
32.0721, 4.8, -27.9368
33.0859, 4.8, -27.2174
34.0998, 4.8, -26.7448
35.1136, 4.8, -26.5005
36.1275, 4.8, -26.5029
37.1413, 4.8, -26.7573
38.1552, 4.8, -27.3849
39.169, 4.8, -28.8183
40.1829, 4.8, -30.5371
41.1967, 4.8, -27.9363
42.2106, 4.8, -26.4505
43.2244, 4.8, -25.6961
44.2383, 4.8, -25.2695
45.2521, 4.8, -25.0776
46.266, 4.8, -25.0929
47.2798, 4.8, -25.2989
48.2937, 4.8, -25.9919
49.3075, 4.8, -28.5315
50.3214, 4.8, -30.0706
51.3352, 4.8, -25.3379
52.3491, 4.8, -23.0552
53.3629, 4.8, -21.5438
54.3768, 4.8, -20.2864
55.3906, 4.8, -19.2825
56.4045, 4.8, -18.6132
57.4183, 4.8, -18.4313
58.4322, 4.8, -19.0195
59.446, 4.8, -20.3449
60.4599, 4.8, -19.9366
61.4737, 4.8, -17.7949
62.4876, 4.8, -16.4207
63.5014, 4.8, -15.881
64.5153, 4.8, -15.8298
65.5291, 4.8, -16.0464
66.543, 4.8, -16.3792
67.5568, 4.8, -16.7175
68.5707, 4.8, -17.2714
69.5845, 4.8, -18.3761
70.5984, 4.8, -17.9767
71.6122, 4.8, -16.4461
72.6261, 4.8, -15.6767
73.6399, 4.8, -15.0517
74.6538, 4.8, -14.4278
75.6676, 4.8, -13.8947
76.6815, 4.8, -13.5692
77.6953, 4.8, -13.6421
78.7092, 4.8, -14.5252
79.723, 4.8, -16.662
80.7369, 4.8, -15.1348
81.7507, 4.8, -12.6384
82.7646, 4.8, -11.3323
83.7784, 4.8, -10.668
84.7923, 4.8, -10.3154
85.8061, 4.8, -10.0868
86.82, 4.8, -9.88282
87.8338, 4.8, -9.79508
88.8477, 4.8, -11.1839
89.8615, 4.8, -18.6851
90.8754, 4.8, -14.6333
91.8892, 4.8, -15.529
92.9031, 4.8, -18.6645
93.9169, 4.8, -22.0012
94.9308, 4.8, -25.3475
95.9446, 4.8, -28.7273
96.9585, 4.8, -32.2913
97.9723, 4.8, -36.1184
98.9862, 4.8, -39.2163
7.66761, 5.6, -28.2704
8.67123, 5.6, -28.3495
9.67484, 5.6, -28.1129
10.6785, 5.6, -29.1759
11.6821, 5.6, -29.8667
12.6857, 5.6, -29.9931
13.6893, 5.6, -30.2058
14.6929, 5.6, -30.5465
15.6965, 5.6, -31.0282
16.7001, 5.6, -31.6506
17.7037, 5.6, -32.3798
18.7074, 5.6, -33.2919
19.711, 5.6, -35.1541
20.7146, 5.6, -34.353
21.7182, 5.6, -33.4691
22.7218, 5.6, -32.9954
23.7254, 5.6, -32.6131
24.729, 5.6, -32.3691
25.7326, 5.6, -32.2842
26.7363, 5.6, -32.3704
27.7399, 5.6, -32.6267
28.7435, 5.6, -32.8582
29.7471, 5.6, -31.9754
30.7507, 5.6, -32.4129
31.7543, 5.6, -32.2046
32.7579, 5.6, -31.4898
33.7615, 5.6, -30.9158
34.7652, 5.6, -30.533
35.7688, 5.6, -30.3296
36.7724, 5.6, -30.3151
37.776, 5.6, -30.5184
38.7796, 5.6, -30.9343
39.7832, 5.6, -32.7823
40.7868, 5.6, -31.0513
41.7905, 5.6, -29.9187
42.7941, 5.6, -29.2602
43.7977, 5.6, -28.875
44.8013, 5.6, -28.67
45.8049, 5.6, -28.5841
46.8085, 5.6, -28.5779
47.8121, 5.6, -28.6375
48.8157, 5.6, -28.868
49.8194, 5.6, -32.7202
50.823, 5.6, -28.608
51.8266, 5.6, -26.9637
52.8302, 5.6, -25.7596
53.8338, 5.6, -24.5983
54.8374, 5.6, -23.5416
55.841, 5.6, -22.6857
56.8446, 5.6, -22.1486
57.8483, 5.6, -22.0898
58.8519, 5.6, -22.4896
59.8555, 5.6, -23.7453
60.8591, 5.6, -21.9686
61.8627, 5.6, -20.9819
62.8663, 5.6, -20.4642
63.8699, 5.6, -20.471
64.8736, 5.6, -20.7756
65.8772, 5.6, -21.2376
66.8808, 5.6, -21.6415
67.8844, 5.6, -21.7496
68.888, 5.6, -21.1565
69.8916, 5.6, -21.6207
70.8952, 5.6, -20.6905
71.8988, 5.6, -21.0889
72.9025, 5.6, -20.8613
73.9061, 5.6, -20.2958
74.9097, 5.6, -19.5949
75.9133, 5.6, -18.9514
76.9169, 5.6, -18.4655
77.9205, 5.6, -18.3161
78.9241, 5.6, -18.6624
79.9277, 5.6, -20.9939
80.9314, 5.6, -18.1458
81.935, 5.6, -16.6451
82.9386, 5.6, -15.8084
83.9422, 5.6, -15.3822
84.9458, 5.6, -15.148
85.9494, 5.6, -14.9401
86.953, 5.6, -14.6199
87.9566, 5.6, -14.1095
88.9603, 5.6, -14.126
89.9639, 5.6, -22.0565
90.9675, 5.6, -17.6198
91.9711, 5.6, -21.298
92.9747, 5.6, -25.5834
93.9783, 5.6, -29.6365
94.9819, 5.6, -33.5424
95.9855, 5.6, -37.4984
96.9892, 5.6, -41.6001
97.9928, 5.6, -45.8942
98.9964, 5.6, -49.2776
8.60938, 6.4, -32.7967
9.60275, 6.4, -32.9528
10.5961, 6.4, -33.4866
11.5895, 6.4, -33.7644
12.5829, 6.4, -33.8991
13.5763, 6.4, -34.0874
14.5696, 6.4, -34.3863
15.563, 6.4, -34.7899
16.5564, 6.4, -35.2848
17.5498, 6.4, -35.8678
18.5431, 6.4, -36.6204
19.5365, 6.4, -38.4172
20.5299, 6.4, -38.369
21.5233, 6.4, -37.0043
22.5166, 6.4, -36.5932
23.51, 6.4, -36.354
24.5034, 6.4, -36.1914
25.4968, 6.4, -36.1086
26.4902, 6.4, -36.111
27.4835, 6.4, -36.175
28.4769, 6.4, -36.2303
29.4703, 6.4, -36.3988
30.4637, 6.4, -36.1586
31.457, 6.4, -35.5813
32.4504, 6.4, -35.1259
33.4438, 6.4, -34.6333
34.4372, 6.4, -34.1883
35.4305, 6.4, -33.8361
36.4239, 6.4, -33.5798
37.4173, 6.4, -33.3956
38.4107, 6.4, -33.2259
39.404, 6.4, -33.1502
40.3974, 6.4, -32.7799
41.3908, 6.4, -32.4717
42.3842, 6.4, -32.254
43.3775, 6.4, -32.0746
44.3709, 6.4, -31.9442
45.3643, 6.4, -31.8688
46.3577, 6.4, -31.814
47.3511, 6.4, -31.695
48.3444, 6.4, -31.2653
49.3378, 6.4, -30.1839
50.3312, 6.4, -29.1285
51.3246, 6.4, -29.7621
52.3179, 6.4, -29.2886
53.3113, 6.4, -28.352
54.3047, 6.4, -27.2842
55.2981, 6.4, -26.2732
56.2914, 6.4, -25.4224
57.2848, 6.4, -24.7943
58.2782, 6.4, -24.3563
59.2716, 6.4, -24.5002
60.2649, 6.4, -24.4209
61.2583, 6.4, -23.7704
62.2517, 6.4, -23.8249
63.2451, 6.4, -24.0559
64.2384, 6.4, -24.4246
65.2318, 6.4, -25.0165
66.2252, 6.4, -25.799
67.2186, 6.4, -26.5957
68.212, 6.4, -26.599
69.2053, 6.4, -24.9291
70.1987, 6.4, -23.4893
71.1921, 6.4, -25.5795
72.1855, 6.4, -26.3947
73.1788, 6.4, -25.7985
74.1722, 6.4, -24.8907
75.1656, 6.4, -24.0632
76.159, 6.4, -23.3669
77.1523, 6.4, -22.7658
78.1457, 6.4, -22.1484
79.1391, 6.4, -21.8765
80.1325, 6.4, -21.6929
81.1258, 6.4, -20.8908
82.1192, 6.4, -20.3632
83.1126, 6.4, -20.163
84.106, 6.4, -20.0888
85.0994, 6.4, -20.059
86.0927, 6.4, -19.965
87.0861, 6.4, -19.6684
88.0795, 6.4, -18.9366
89.0729, 6.4, -17.164
90.0662, 6.4, -14.8288
91.0596, 6.4, -22.0159
92.053, 6.4, -27.8977
93.0464, 6.4, -32.7093
94.0397, 6.4, -36.9941
95.0331, 6.4, -41.1608
96.0265, 6.4, -45.4828
97.0199, 6.4, -50.1265
98.0132, 6.4, -54.8227
99.0066, 6.4, -59.3282
9.55114, 7.2, -37.9994
10.5343, 7.2, -37.8882
11.5174, 7.2, -37.3512
12.5006, 7.2, -37.4026
13.4837, 7.2, -37.5781
14.4668, 7.2, -37.8261
15.45, 7.2, -38.1682
16.4331, 7.2, -38.6084
17.4163, 7.2, -39.1459
18.3994, 7.2, -39.7999
19.3825, 7.2, -40.7644
20.3657, 7.2, -41.2039
21.3488, 7.2, -40.3382
22.332, 7.2, -39.9442
23.3151, 7.2, -39.7159
24.2982, 7.2, -39.59
25.2814, 7.2, -39.5312
26.2645, 7.2, -39.5071
27.2477, 7.2, -39.4905
28.2308, 7.2, -39.4805
29.2139, 7.2, -39.8283
30.1971, 7.2, -40.5813
31.1802, 7.2, -38.8777
32.1634, 7.2, -38.3198
33.1465, 7.2, -37.8945
34.1296, 7.2, -37.4723
35.1128, 7.2, -37.0414
36.0959, 7.2, -36.6032
37.0791, 7.2, -36.1575
38.0622, 7.2, -35.6867
39.0453, 7.2, -34.9978
40.0285, 7.2, -32.4926
41.0116, 7.2, -34.3652
41.9948, 7.2, -34.6945
42.9779, 7.2, -34.796
43.961, 7.2, -34.8514
44.9442, 7.2, -34.8728
45.9273, 7.2, -34.8437
46.9104, 7.2, -34.7187
47.8936, 7.2, -34.3677
48.8767, 7.2, -33.1496
49.8599, 7.2, -26.4981
50.843, 7.2, -31.3719
51.8261, 7.2, -32.2392
52.8093, 7.2, -31.5429
53.7924, 7.2, -30.5307
54.7756, 7.2, -29.4233
55.7587, 7.2, -28.3121
56.7418, 7.2, -27.2636
57.725, 7.2, -26.351
58.7081, 7.2, -25.659
59.6913, 7.2, -25.0852
60.6744, 7.2, -25.2099
61.6575, 7.2, -25.767
62.6407, 7.2, -26.2182
63.6238, 7.2, -26.7707
64.607, 7.2, -27.4654
65.5901, 7.2, -28.335
66.5732, 7.2, -29.4166
67.5564, 7.2, -30.709
68.5395, 7.2, -31.7989
69.5227, 7.2, -29.311
70.5058, 7.2, -29.4058
71.4889, 7.2, -31.718
72.4721, 7.2, -30.6757
73.4552, 7.2, -29.489
74.4384, 7.2, -28.5043
75.4215, 7.2, -27.6886
76.4046, 7.2, -26.9689
77.3878, 7.2, -26.2596
78.3709, 7.2, -25.4328
79.3541, 7.2, -24.0553
80.3372, 7.2, -22.8631
81.3203, 7.2, -23.7915
82.3035, 7.2, -24.1794
83.2866, 7.2, -24.5319
84.2698, 7.2, -24.8453
85.2529, 7.2, -25.0839
86.236, 7.2, -25.1844
87.2192, 7.2, -25.0123
88.2023, 7.2, -24.1669
89.1855, 7.2, -20.1688
90.1686, 7.2, -11.0568
91.1517, 7.2, -28.2054
92.1349, 7.2, -34.7808
93.118, 7.2, -39.4947
94.1012, 7.2, -43.7302
95.0843, 7.2, -47.8995
96.0674, 7.2, -52.2618
97.0506, 7.2, -57.0807
98.0337, 7.2, -62.7097
99.0169, 7.2, -69.5503
10.4929, 8, -41.5199
11.4658, 8, -40.7337
12.4387, 8, -40.6095
13.4116, 8, -40.7191
14.3845, 8, -40.9345
15.3574, 8, -41.2274
16.3303, 8, -41.6117
17.3032, 8, -42.1228
18.2761, 8, -42.7549
19.249, 8, -43.1161
20.2219, 8, -42.4414
21.1948, 8, -43.351
22.1677, 8, -43.0709
23.1406, 8, -42.8486
24.1135, 8, -42.7498
25.0865, 8, -42.727
26.0594, 8, -42.7375
27.0323, 8, -42.7591
28.0052, 8, -42.7933
28.9781, 8, -42.9118
29.951, 8, -43.6246
30.9239, 8, -42.2742
31.8968, 8, -41.6006
32.8697, 8, -41.1046
33.8426, 8, -40.6358
34.8155, 8, -40.1504
35.7884, 8, -39.6145
36.7613, 8, -39.017
37.7342, 8, -38.3568
38.7071, 8, -37.3608
39.68, 8, -35.5129
40.6529, 8, -35.724
41.6258, 8, -36.8201
42.5987, 8, -37.2993
43.5716, 8, -37.5362
44.5445, 8, -37.6655
45.5174, 8, -37.7238
46.4903, 8, -37.7172
47.4632, 8, -37.5195
48.4361, 8, -36.7422
49.409, 8, -34.1214
50.3819, 8, -32.445
51.3548, 8, -34.8392
52.3277, 8, -34.6049
53.3006, 8, -33.589
54.2735, 8, -32.3072
55.2465, 8, -31.0011
56.2194, 8, -29.7421
57.1923, 8, -28.5166
58.1652, 8, -27.2786
59.1381, 8, -25.9445
60.111, 8, -25.3874
61.0839, 8, -26.5555
62.0568, 8, -27.497
63.0297, 8, -28.1844
64.0026, 8, -28.9561
64.9755, 8, -29.8899
65.9484, 8, -31.0092
66.9213, 8, -32.4188
67.8942, 8, -34.4066
68.8671, 8, -37.1253
69.84, 8, -36.5049
70.8129, 8, -38.0287
71.7858, 8, -35.5424
72.7587, 8, -33.6367
73.7316, 8, -32.4352
74.7045, 8, -31.6098
75.6774, 8, -30.8703
76.6503, 8, -30.1131
77.6232, 8, -29.3674
78.5961, 8, -28.2089
79.569, 8, -26.0374
80.5419, 8, -25.5292
81.5148, 8, -27.1414
82.4877, 8, -28.284
83.4606, 8, -29.104
84.4335, 8, -29.7619
85.4064, 8, -30.2574
86.3794, 8, -30.6043
87.3523, 8, -30.6117
88.3252, 8, -29.6205
89.2981, 8, -25.4988
90.271, 8, -22.3341
91.2439, 8, -35.2958
92.2168, 8, -41.517
93.1897, 8, -45.9516
94.1626, 8, -49.9256
95.1355, 8, -53.9217
96.1084, 8, -58.1448
97.0813, 8, -62.9255
98.0542, 8, -69.0868
99.0271, 8, -78.3854
11.4347, 8.8, -43.6411
12.3973, 8.8, -43.6188
13.36, 8.8, -43.7368
14.3227, 8.8, -43.9286
15.2853, 8.8, -44.175
16.248, 8.8, -44.4716
17.2107, 8.8, -44.835
18.1733, 8.8, -45.3057
19.136, 8.8, -45.5007
20.0987, 8.8, -44.7471
21.0613, 8.8, -45.8022
22.024, 8.8, -45.8701
22.9867, 8.8, -45.8019
23.9493, 8.8, -45.8212
24.912, 8.8, -45.8875
25.8747, 8.8, -45.9649
26.8373, 8.8, -46.0333
27.8, 8.8, -46.0869
28.7627, 8.8, -46.1083
29.7253, 8.8, -45.5816
30.688, 8.8, -45.4946
31.6507, 8.8, -44.9826
32.6133, 8.8, -44.4882
33.576, 8.8, -44.0358
34.5387, 8.8, -43.5382
35.5013, 8.8, -42.9524
36.464, 8.8, -42.2344
37.4267, 8.8, -41.3092
38.3893, 8.8, -40.16
39.352, 8.8, -38.8687
40.3147, 8.8, -38.435
41.2773, 8.8, -38.9436
42.24, 8.8, -39.6717
43.2027, 8.8, -40.1594
44.1653, 8.8, -40.3645
45.128, 8.8, -40.428
46.0907, 8.8, -40.4381
47.0533, 8.8, -40.4145
48.016, 8.8, -40.2426
48.9787, 8.8, -39.6016
49.9413, 8.8, -40.7329
50.904, 8.8, -38.3521
51.8667, 8.8, -37.6618
52.8293, 8.8, -36.3751
53.792, 8.8, -34.8581
54.7547, 8.8, -33.3371
55.7173, 8.8, -31.8855
56.68, 8.8, -30.5006
57.6427, 8.8, -29.1031
58.6053, 8.8, -27.5736
59.568, 8.8, -25.9364
60.5307, 8.8, -26.4869
61.4933, 8.8, -27.8773
62.456, 8.8, -28.8848
63.4187, 8.8, -29.9175
64.3813, 8.8, -31.0343
65.344, 8.8, -32.2675
66.3067, 8.8, -33.6372
67.2693, 8.8, -35.2467
68.232, 8.8, -37.6438
69.1947, 8.8, -42.8736
70.1573, 8.8, -50.0826
71.12, 8.8, -41.1083
72.0827, 8.8, -37.6771
73.0453, 8.8, -36.4792
74.008, 8.8, -35.8426
74.9707, 8.8, -35.294
75.9333, 8.8, -34.6292
76.896, 8.8, -33.6917
77.8587, 8.8, -32.3578
78.8213, 8.8, -30.9524
79.784, 8.8, -28.8737
80.7467, 8.8, -29.4464
81.7093, 8.8, -31.193
82.672, 8.8, -32.8972
83.6347, 8.8, -34.1096
84.5973, 8.8, -34.8839
85.56, 8.8, -35.4327
86.5227, 8.8, -35.8836
87.4853, 8.8, -36.1929
88.448, 8.8, -35.947
89.4107, 8.8, -35.5797
90.3733, 8.8, -39.2173
91.336, 8.8, -43.1644
92.2987, 8.8, -47.9191
93.2613, 8.8, -51.8299
94.224, 8.8, -55.6623
95.1867, 8.8, -59.6223
96.1493, 8.8, -63.7745
97.112, 8.8, -68.2852
98.0747, 8.8, -73.8556
99.0373, 8.8, -82.8118
12.3764, 9.6, -46.5795
13.3289, 9.6, -46.8109
14.2813, 9.6, -46.9946
15.2337, 9.6, -47.1488
16.1861, 9.6, -47.3002
17.1386, 9.6, -47.4761
18.091, 9.6, -47.5854
19.0434, 9.6, -47.7973
19.9959, 9.6, -48.4656
20.9483, 9.6, -48.1215
21.9007, 9.6, -48.3308
22.8532, 9.6, -48.6271
23.8056, 9.6, -48.853
24.758, 9.6, -49.0496
25.7105, 9.6, -49.223
26.6629, 9.6, -49.3597
27.6153, 9.6, -49.4249
28.5677, 9.6, -49.3453
29.5202, 9.6, -48.7495
30.4726, 9.6, -48.4245
31.425, 9.6, -48.4666
32.3775, 9.6, -48.121
33.3299, 9.6, -47.696
34.2823, 9.6, -47.2016
35.2348, 9.6, -46.6074
36.1872, 9.6, -45.8659
37.1396, 9.6, -44.9095
38.092, 9.6, -43.6599
39.0445, 9.6, -42.3159
39.9969, 9.6, -41.6746
40.9493, 9.6, -41.9165
41.9018, 9.6, -42.4829
42.8542, 9.6, -42.93
43.8066, 9.6, -43.0891
44.7591, 9.6, -43.0718
45.7115, 9.6, -42.9856
46.6639, 9.6, -42.9401
47.6163, 9.6, -43.0907
48.5688, 9.6, -43.8053
49.5212, 9.6, -46.202
50.4736, 9.6, -45.4708
51.4261, 9.6, -41.5486
52.3785, 9.6, -39.0854
53.3309, 9.6, -37.0934
54.2834, 9.6, -35.3062
55.2358, 9.6, -33.6465
56.1882, 9.6, -32.0859
57.1406, 9.6, -30.6164
58.0931, 9.6, -29.2316
59.0455, 9.6, -27.7857
59.9979, 9.6, -25.3279
60.9504, 9.6, -27.8006
61.9028, 9.6, -29.0037
62.8552, 9.6, -30.271
63.8077, 9.6, -31.6603
64.7601, 9.6, -33.1386
65.7125, 9.6, -34.6883
66.6649, 9.6, -36.3236
67.6174, 9.6, -38.1518
68.5698, 9.6, -40.7664
69.5222, 9.6, -49.3375
70.4747, 9.6, -49.7187
71.4271, 9.6, -41.9257
72.3795, 9.6, -40.5791
73.332, 9.6, -40.1989
74.2844, 9.6, -39.9913
75.2368, 9.6, -39.6957
76.1892, 9.6, -39.1363
77.1417, 9.6, -38.1244
78.0941, 9.6, -36.4354
79.0465, 9.6, -34.2758
79.999, 9.6, -31.9099
80.9514, 9.6, -34.446
81.9038, 9.6, -36.7831
82.8563, 9.6, -38.5132
83.8087, 9.6, -39.5349
84.7611, 9.6, -40.1308
85.7135, 9.6, -40.5395
86.666, 9.6, -40.9898
87.6184, 9.6, -41.7947
88.5708, 9.6, -43.6839
89.5233, 9.6, -48.9012
90.4757, 9.6, -51.5817
91.4281, 9.6, -51.1179
92.3806, 9.6, -53.6575
93.333, 9.6, -57.1309
94.2854, 9.6, -60.9849
95.2378, 9.6, -65.0476
96.1903, 9.6, -69.243
97.1427, 9.6, -73.5363
98.0951, 9.6, -77.9319
99.0476, 9.6, -82.7027
13.3182, 10.4, -49.5528
14.2604, 10.4, -49.9414
15.2026, 10.4, -50.2282
16.1448, 10.4, -50.3051
17.087, 10.4, -50.2057
18.0292, 10.4, -50.096
18.9714, 10.4, -50.0959
19.9135, 10.4, -51.6926
20.8557, 10.4, -50.6214
21.7979, 10.4, -50.8858
22.7401, 10.4, -51.3971
23.6823, 10.4, -51.8089
24.6245, 10.4, -52.1423
25.5667, 10.4, -52.4254
26.5089, 10.4, -52.6702
27.4511, 10.4, -52.8424
28.3933, 10.4, -52.7918
29.3355, 10.4, -52.4035
30.2777, 10.4, -52.0357
31.2199, 10.4, -52.1184
32.1621, 10.4, -51.9803
33.1043, 10.4, -51.5731
34.0465, 10.4, -51.019
34.9886, 10.4, -50.4072
35.9308, 10.4, -49.7392
36.873, 10.4, -48.969
37.8152, 10.4, -47.9483
38.7574, 10.4, -46.5805
39.6996, 10.4, -45.0464
40.6418, 10.4, -45.3492
41.584, 10.4, -46.1584
42.5262, 10.4, -46.2871
43.4684, 10.4, -46.1583
44.4106, 10.4, -45.9343
45.3528, 10.4, -45.7014
46.295, 10.4, -45.5335
47.2372, 10.4, -45.6001
48.1794, 10.4, -46.501
49.1215, 10.4, -49.1306
50.0637, 10.4, -51.2873
51.0059, 10.4, -46.7095
51.9481, 10.4, -42.3055
52.8903, 10.4, -39.475
53.8325, 10.4, -37.4468
54.7747, 10.4, -35.647
55.7169, 10.4, -33.8872
56.6591, 10.4, -32.1133
57.6013, 10.4, -30.4412
58.5435, 10.4, -29.1089
59.4857, 10.4, -27.6754
60.4279, 10.4, -27.3088
61.3701, 10.4, -28.6699
62.3123, 10.4, -30.1684
63.2545, 10.4, -31.9147
64.1966, 10.4, -33.6878
65.1388, 10.4, -35.4333
66.081, 10.4, -37.226
67.0232, 10.4, -39.1496
67.9654, 10.4, -41.1873
68.9076, 10.4, -43.5317
69.8498, 10.4, -47.6744
70.792, 10.4, -45.4638
71.7342, 10.4, -44.6098
72.6764, 10.4, -44.5216
73.6186, 10.4, -44.3149
74.5608, 10.4, -44.1439
75.503, 10.4, -44.0791
76.4452, 10.4, -44.0503
77.3874, 10.4, -43.7058
78.3296, 10.4, -42.0831
79.2717, 10.4, -38.8157
80.2139, 10.4, -37.6423
81.1561, 10.4, -41.5615
82.0983, 10.4, -43.9293
83.0405, 10.4, -44.7929
83.9827, 10.4, -44.9859
84.9249, 10.4, -45.176
85.8671, 10.4, -45.5386
86.8093, 10.4, -46.2204
87.7515, 10.4, -47.7004
88.6937, 10.4, -51.6938
89.6359, 10.4, -59.1702
90.5781, 10.4, -60.2064
91.5203, 10.4, -57.5874
92.4624, 10.4, -58.8407
93.4046, 10.4, -62.1529
94.3468, 10.4, -66.1235
95.289, 10.4, -70.3148
96.2312, 10.4, -74.5361
97.1734, 10.4, -78.565
98.1156, 10.4, -81.716
99.0578, 10.4, -82.5846
14.26, 11.2, -52.4439
15.1919, 11.2, -52.9606
16.1239, 11.2, -53.3355
17.0558, 11.2, -53.3944
17.9878, 11.2, -53.0302
18.9197, 11.2, -52.7843
19.8517, 11.2, -52.9279
20.7837, 11.2, -53.2103
21.7156, 11.2, -53.7604
22.6476, 11.2, -54.3102
23.5795, 11.2, -54.8311
24.5115, 11.2, -55.2619
25.4434, 11.2, -55.6199
26.3754, 11.2, -55.9334
27.3074, 11.2, -56.2228
28.2393, 11.2, -56.4867
29.1713, 11.2, -56.5114
30.1032, 11.2, -56.5431
31.0352, 11.2, -56.2175
31.9671, 11.2, -55.9691
32.8991, 11.2, -55.4079
33.8311, 11.2, -54.7714
34.763, 11.2, -54.1278
35.695, 11.2, -53.5
36.6269, 11.2, -52.9021
37.5589, 11.2, -52.324
38.4908, 11.2, -51.5551
39.4228, 11.2, -49.7175
40.3548, 11.2, -48.8695
41.2867, 11.2, -50.2809
42.2187, 11.2, -50.111
43.1506, 11.2, -49.5712
44.0826, 11.2, -49.0623
45.0145, 11.2, -48.6572
45.9465, 11.2, -48.3702
46.8785, 11.2, -48.2993
47.8104, 11.2, -48.6067
48.7424, 11.2, -49.84
49.6743, 11.2, -52.8572
50.6063, 11.2, -50.2933
51.5382, 11.2, -45.4643
52.4702, 11.2, -42.4206
53.4021, 11.2, -40.1965
54.3341, 11.2, -38.2964
55.2661, 11.2, -36.4777
56.198, 11.2, -34.5874
57.13, 11.2, -32.5265
58.0619, 11.2, -30.2534
58.9939, 11.2, -28.48
59.9258, 11.2, -27.6755
60.8578, 11.2, -27.8194
61.7898, 11.2, -29.7155
62.7217, 11.2, -32.0865
63.6537, 11.2, -34.1659
64.5856, 11.2, -36.0259
65.5176, 11.2, -37.8181
66.4495, 11.2, -39.6918
67.3815, 11.2, -41.7701
68.3135, 11.2, -43.8968
69.2454, 11.2, -43.4267
70.1774, 11.2, -36.9916
71.1093, 11.2, -46.8881
72.0413, 11.2, -47.9997
72.9732, 11.2, -47.6168
73.9052, 11.2, -47.2694
74.8372, 11.2, -47.2029
75.7691, 11.2, -47.4714
76.7011, 11.2, -48.1173
77.633, 11.2, -49.0598
78.565, 11.2, -49.2701
79.4969, 11.2, -45.3708
80.4289, 11.2, -45.7982
81.3609, 11.2, -50.4397
82.2928, 11.2, -50.5701
83.2248, 11.2, -49.8284
84.1567, 11.2, -49.4404
85.0887, 11.2, -49.5296
86.0206, 11.2, -50.0805
86.9526, 11.2, -51.2299
87.8846, 11.2, -53.2229
88.8165, 11.2, -56.921
89.7485, 11.2, -64.0622
90.6804, 11.2, -62.7407
91.6124, 11.2, -61.6988
92.5443, 11.2, -63.7384
93.4763, 11.2, -67.1786
94.4083, 11.2, -71.2457
95.3402, 11.2, -75.5166
96.2722, 11.2, -79.6969
97.2041, 11.2, -83.4022
98.1361, 11.2, -85.9627
99.068, 11.2, -85.2012
15.2017, 12, -55.3497
16.1234, 12, -56.0163
17.0452, 12, -56.524
17.9669, 12, -56.5408
18.8886, 12, -55.8018
19.8103, 12, -54.3323
20.732, 12, -55.8842
21.6538, 12, -56.8853
22.5755, 12, -57.5785
23.4972, 12, -58.1168
24.4189, 12, -58.553
25.3406, 12, -58.9282
26.2624, 12, -59.2904
27.1841, 12, -59.6628
28.1058, 12, -60.1173
29.0275, 12, -60.8243
29.9492, 12, -61.2281
30.871, 12, -60.8652
31.7927, 12, -59.9458
32.7144, 12, -59.1553
33.6361, 12, -58.4265
34.5578, 12, -57.7447
35.4796, 12, -57.128
36.4013, 12, -56.5878
37.323, 12, -56.1689
38.2447, 12, -55.9188
39.1665, 12, -55.638
40.0882, 12, -53.5107
41.0099, 12, -54.6198
41.9316, 12, -53.7633
42.8533, 12, -52.9501
43.7751, 12, -52.2731
44.6968, 12, -51.7205
45.6185, 12, -51.2747
46.5402, 12, -50.9512
47.4619, 12, -50.7557
48.3837, 12, -50.6265
49.3054, 12, -50.7226
50.2271, 12, -51.7436
51.1488, 12, -47.1402
52.0705, 12, -45.0903
52.9923, 12, -43.1569
53.914, 12, -41.3603
54.8357, 12, -39.5911
55.7574, 12, -37.7483
56.6791, 12, -35.6817
57.6009, 12, -33.1964
58.5226, 12, -30.0854
59.4443, 12, -27.3548
60.366, 12, -26.8377
61.2877, 12, -29.0742
62.2095, 12, -32.313
63.1312, 12, -34.7507
64.0529, 12, -36.6984
64.9746, 12, -38.4097
65.8963, 12, -40.0504
66.8181, 12, -41.7716
67.7398, 12, -43.6261
68.6615, 12, -44.863
69.5832, 12, -40.6147
70.5049, 12, -43.177
71.4267, 12, -49.1724
72.3484, 12, -49.5297
73.2701, 12, -49.1634
74.1918, 12, -48.992
75.1135, 12, -49.1708
76.0353, 12, -49.771
76.957, 12, -51.0173
77.8787, 12, -53.1618
78.8004, 12, -56.3939
79.7222, 12, -54.9689
80.6439, 12, -58.0654
81.5656, 12, -56.5062
82.4873, 12, -54.2775
83.409, 12, -53.131
84.3307, 12, -52.8086
85.2525, 12, -53.0778
86.1742, 12, -53.8425
87.0959, 12, -55.0894
88.0176, 12, -56.744
88.9394, 12, -58.3228
89.8611, 12, -63.9009
90.7828, 12, -61.7552
91.7045, 12, -64.5356
92.6262, 12, -68.0295
93.548, 12, -72.0074
94.4697, 12, -76.292
95.3914, 12, -80.6643
96.3131, 12, -84.8745
97.2348, 12, -88.5881
98.1566, 12, -91.2093
99.0783, 12, -90.903
16.1435, 12.8, -58.3536
17.055, 12.8, -59.2404
17.9665, 12.8, -59.9233
18.8779, 12.8, -59.4323
19.7894, 12.8, -57.5278
20.7009, 12.8, -58.8644
21.6124, 12.8, -60.3175
22.5239, 12.8, -61.1049
23.4354, 12.8, -61.5355
24.3468, 12.8, -61.8299
25.2583, 12.8, -62.1366
26.1698, 12.8, -62.5234
27.0813, 12.8, -63.0358
27.9928, 12.8, -63.7121
28.9043, 12.8, -64.5973
29.8157, 12.8, -65.9806
30.7272, 12.8, -65.2482
31.6387, 12.8, -63.8735
32.5502, 12.8, -62.7617
33.4617, 12.8, -61.8585
34.3732, 12.8, -61.151
35.2846, 12.8, -60.5756
36.1961, 12.8, -60.0915
37.1076, 12.8, -59.6977
38.0191, 12.8, -59.5271
38.9306, 12.8, -59.9801
39.8421, 12.8, -61.2724
40.7535, 12.8, -59.1402
41.665, 12.8, -57.1686
42.5765, 12.8, -56.0798
43.488, 12.8, -55.3201
44.3995, 12.8, -54.6302
45.311, 12.8, -53.9844
46.2225, 12.8, -53.3874
47.1339, 12.8, -52.8057
48.0454, 12.8, -52.0169
48.9569, 12.8, -50.6775
49.8684, 12.8, -48.1396
50.7799, 12.8, -47.5143
51.6914, 12.8, -46.8547
52.6028, 12.8, -45.7006
53.5143, 12.8, -44.2132
54.4258, 12.8, -42.6432
55.3373, 12.8, -40.9996
56.2488, 12.8, -39.1897
57.1603, 12.8, -37.0457
58.0717, 12.8, -34.2307
58.9832, 12.8, -30.0812
59.8947, 12.8, -24.8508
60.8062, 12.8, -28.6652
61.7177, 12.8, -32.8964
62.6292, 12.8, -35.6653
63.5406, 12.8, -37.6981
64.4521, 12.8, -39.3396
65.3636, 12.8, -40.7572
66.2751, 12.8, -42.0369
67.1866, 12.8, -43.1878
68.0981, 12.8, -44.1177
69.0096, 12.8, -45.3181
69.921, 12.8, -48.9862
70.8325, 12.8, -48.8144
71.744, 12.8, -49.2486
72.6555, 12.8, -49.6168
73.567, 12.8, -49.8453
74.4785, 12.8, -50.0922
75.3899, 12.8, -50.5226
76.3014, 12.8, -51.2984
77.2129, 12.8, -52.7254
78.1244, 12.8, -55.7268
79.0359, 12.8, -62.3956
79.9474, 12.8, -71.786
80.8588, 12.8, -64.3924
81.7703, 12.8, -58.1773
82.6818, 12.8, -55.7889
83.5933, 12.8, -55.0683
84.5048, 12.8, -55.0559
85.4163, 12.8, -55.4929
86.3277, 12.8, -56.2732
87.2392, 12.8, -57.2603
88.1507, 12.8, -58.0347
89.0622, 12.8, -58.0534
89.9737, 12.8, -55.6744
90.8852, 12.8, -61.4487
91.7966, 12.8, -66.7263
92.7081, 12.8, -71.6797
93.6196, 12.8, -76.3765
94.5311, 12.8, -81.0921
95.4426, 12.8, -85.7827
96.3541, 12.8, -90.2776
97.2655, 12.8, -94.3203
98.177, 12.8, -97.5326
99.0885, 12.8, -99.5983
17.0852, 13.6, -61.5433
17.9865, 13.6, -62.7368
18.8877, 13.6, -63.5009
19.789, 13.6, -62.0665
20.6902, 13.6, -62.7395
21.5915, 13.6, -64.0664
22.4927, 13.6, -64.4978
23.394, 13.6, -64.6173
24.2952, 13.6, -64.7359
25.1965, 13.6, -64.9457
26.0977, 13.6, -65.3037
26.999, 13.6, -65.8737
27.9002, 13.6, -66.7426
28.8015, 13.6, -67.9594
29.7027, 13.6, -69.8094
30.604, 13.6, -69.0723
31.5052, 13.6, -67.3181
32.4065, 13.6, -65.9304
33.3077, 13.6, -64.9706
34.2089, 13.6, -64.3052
35.1102, 13.6, -63.8266
36.0114, 13.6, -63.4603
36.9127, 13.6, -63.1586
37.8139, 13.6, -62.9223
38.7152, 13.6, -63.0276
39.6164, 13.6, -65.7049
40.5177, 13.6, -63.8492
41.4189, 13.6, -60.4485
42.3202, 13.6, -59.2335
43.2214, 13.6, -58.3154
44.1227, 13.6, -57.4392
45.0239, 13.6, -56.5577
45.9252, 13.6, -55.6564
46.8264, 13.6, -54.7173
47.7277, 13.6, -53.6822
48.6289, 13.6, -52.263
49.5302, 13.6, -48.3044
50.4314, 13.6, -46.3965
51.3326, 13.6, -48.3112
52.2339, 13.6, -47.6543
53.1351, 13.6, -46.5821
54.0364, 13.6, -45.3784
54.9376, 13.6, -44.0667
55.8389, 13.6, -42.6118
56.7401, 13.6, -40.9347
57.6414, 13.6, -38.8744
58.5426, 13.6, -35.9991
59.4439, 13.6, -30.2618
60.3451, 13.6, -28.153
61.2464, 13.6, -34.6949
62.1476, 13.6, -37.3965
63.0489, 13.6, -39.2656
63.9501, 13.6, -40.7498
64.8514, 13.6, -41.963
65.7526, 13.6, -42.9394
66.6538, 13.6, -43.6873
67.5551, 13.6, -44.2495
68.4563, 13.6, -45.0173
69.3576, 13.6, -49.8591
70.2588, 13.6, -57.0103
71.1601, 13.6, -49.3918
72.0613, 13.6, -49.1485
72.9626, 13.6, -49.7733
73.8638, 13.6, -50.3316
74.7651, 13.6, -50.8325
75.6663, 13.6, -51.4122
76.5676, 13.6, -52.2801
77.4688, 13.6, -53.8081
78.3701, 13.6, -56.9529
79.2713, 13.6, -66.4605
80.1726, 13.6, -82.214
81.0738, 13.6, -62.275
81.9751, 13.6, -57.7047
82.8763, 13.6, -56.3931
83.7775, 13.6, -56.1042
84.6788, 13.6, -56.3081
85.58, 13.6, -56.7838
86.4813, 13.6, -57.3986
87.3825, 13.6, -58.0211
88.2838, 13.6, -58.3639
89.185, 13.6, -56.7136
90.0863, 13.6, -48.6977
90.9875, 13.6, -62.6339
91.8888, 13.6, -69.2751
92.79, 13.6, -74.8642
93.6913, 13.6, -80.304
94.5925, 13.6, -85.6596
95.4938, 13.6, -90.8925
96.395, 13.6, -95.936
97.29626, 13.6, -100.7195
98.1975, 13.6, -105.2811
99.09875, 13.6, -111.1377
18.027, 14.4, -65.0623
18.918, 14.4, -66.9487
19.809, 14.4, -67.1322
20.7, 14.4, -67.5989
21.5911, 14.4, -67.6385
22.4821, 14.4, -67.3933
23.3731, 14.4, -67.2384
24.2641, 14.4, -67.2189
25.1551, 14.4, -67.3305
26.0461, 14.4, -67.5909
26.9371, 14.4, -68.0641
27.8281, 14.4, -68.905
28.7191, 14.4, -70.2813
29.6102, 14.4, -72.2782
30.5012, 14.4, -72.0331
31.3922, 14.4, -69.8242
32.2832, 14.4, -68.4343
33.1742, 14.4, -67.5985
34.0652, 14.4, -67.0839
34.9562, 14.4, -66.7516
35.8472, 14.4, -66.5484
36.7382, 14.4, -66.4333
37.6292, 14.4, -66.3078
38.5203, 14.4, -66.1723
39.4113, 14.4, -66.581
40.3023, 14.4, -66.8546
41.1933, 14.4, -63.811
42.0843, 14.4, -62.5799
42.9753, 14.4, -61.468
43.8663, 14.4, -60.2887
44.7573, 14.4, -59.1151
45.6483, 14.4, -57.9558
46.5394, 14.4, -56.7759
47.4304, 14.4, -55.5
48.3214, 14.4, -53.9753
49.2124, 14.4, -51.681
50.1034, 14.4, -48.1161
50.9944, 14.4, -49.5824
51.8854, 14.4, -49.4424
52.7764, 14.4, -48.7567
53.6674, 14.4, -47.8736
54.5585, 14.4, -46.8869
55.4495, 14.4, -45.8311
56.3405, 14.4, -44.6898
57.2315, 14.4, -43.355
58.1225, 14.4, -41.5999
59.0135, 14.4, -39.1034
59.9045, 14.4, -34.2504
60.7955, 14.4, -38.3124
61.6865, 14.4, -40.5987
62.5775, 14.4, -41.9884
63.4686, 14.4, -43.0544
64.3596, 14.4, -43.9002
65.2506, 14.4, -44.6324
66.1416, 14.4, -45.2594
67.0326, 14.4, -45.7725
67.9236, 14.4, -46.3048
68.8146, 14.4, -47.933
69.7056, 14.4, -53.6609
70.5966, 14.4, -52.1826
71.4877, 14.4, -50.0288
72.3787, 14.4, -49.9603
73.2697, 14.4, -50.4591
74.1607, 14.4, -50.9563
75.0517, 14.4, -51.466
75.9427, 14.4, -52.0794
76.8337, 14.4, -52.9432
77.7247, 14.4, -54.3303
78.6157, 14.4, -56.8686
79.5068, 14.4, -64.2158
80.3978, 14.4, -66.1419
81.2888, 14.4, -58.3753
82.1798, 14.4, -56.8825
83.0708, 14.4, -56.4714
83.9618, 14.4, -56.6096
84.8528, 14.4, -57.0051
85.7438, 14.4, -57.4802
86.6348, 14.4, -57.9179
87.5258, 14.4, -58.2661
88.4169, 14.4, -58.0818
89.3079, 14.4, -56.1868
90.1989, 14.4, -54.4378
91.0899, 14.4, -64.9245
91.9809, 14.4, -72.0941
92.8719, 14.4, -78.3716
93.7629, 14.4, -84.5507
94.6539, 14.4, -90.6092
95.5449, 14.4, -96.5096
96.43596, 14.4, -102.2813
97.32697, 14.4, -108.0761
98.21798, 14.4, -114.4578
99.10899, 14.4, -122.9861
18.9688, 15.2, -69.6809
19.8495, 15.2, -72.6911
20.7303, 15.2, -72.1054
21.6111, 15.2, -70.5992
22.4919, 15.2, -69.8316
23.3726, 15.2, -69.5092
24.2534, 15.2, -69.3994
25.1342, 15.2, -69.4306
26.015, 15.2, -69.5836
26.8957, 15.2, -69.8693
27.7765, 15.2, -70.3654
28.6573, 15.2, -71.4521
29.5381, 15.2, -73.3724
30.4188, 15.2, -73.2212
31.2996, 15.2, -71.269
32.1804, 15.2, -70.2307
33.0612, 15.2, -69.7292
33.9419, 15.2, -69.4079
34.8227, 15.2, -69.2108
35.7035, 15.2, -69.1337
36.5843, 15.2, -69.1829
37.465, 15.2, -69.3507
38.3458, 15.2, -69.4477
39.2266, 15.2, -68.5151
40.1074, 15.2, -65.3036
40.9881, 15.2, -66.9757
41.8689, 15.2, -66.0485
42.7497, 15.2, -64.4927
43.6305, 15.2, -62.9563
44.5112, 15.2, -61.5136
45.392, 15.2, -60.1359
46.2728, 15.2, -58.7753
47.1535, 15.2, -57.3598
48.0343, 15.2, -55.8086
48.9151, 15.2, -54.176
49.7959, 15.2, -54.7003
50.6766, 15.2, -52.2259
51.5574, 15.2, -51.2511
52.4382, 15.2, -50.7281
53.319, 15.2, -50.0758
54.1997, 15.2, -49.3349
55.0805, 15.2, -48.5733
55.9613, 15.2, -47.8343
56.8421, 15.2, -47.1528
57.7228, 15.2, -46.5471
58.6036, 15.2, -45.8013
59.4844, 15.2, -46.1249
60.3652, 15.2, -46.565
61.2459, 15.2, -45.3902
62.1267, 15.2, -45.9249
63.0075, 15.2, -46.1221
63.8883, 15.2, -46.4037
64.769, 15.2, -46.7999
65.6498, 15.2, -47.2695
66.5306, 15.2, -47.8197
67.4114, 15.2, -48.5603
68.2921, 15.2, -49.3752
69.1729, 15.2, -49.4539
70.0537, 15.2, -45.4985
70.9344, 15.2, -50.4529
71.8152, 15.2, -51.1038
72.696, 15.2, -51.1528
73.5768, 15.2, -51.3231
74.4575, 15.2, -51.6586
75.3383, 15.2, -52.075
76.2191, 15.2, -52.5792
77.0999, 15.2, -53.1977
77.9806, 15.2, -53.863
78.8614, 15.2, -54.082
79.7422, 15.2, -45.903
80.623, 15.2, -52.4534
81.5037, 15.2, -55.3743
82.3845, 15.2, -55.8864
83.2653, 15.2, -56.5239
84.1461, 15.2, -57.2129
85.0268, 15.2, -57.8779
85.9076, 15.2, -58.4108
86.7884, 15.2, -58.6574
87.6692, 15.2, -58.4292
88.5499, 15.2, -57.9418
89.4307, 15.2, -58.2943
90.3115, 15.2, -62.3883
91.1923, 15.2, -67.9434
92.073, 15.2, -75.4669
92.9538, 15.2, -82.9144
93.8346, 15.2, -89.9501
94.7154, 15.2, -96.7033
95.59613, 15.2, -103.2807
96.47691, 15.2, -109.8257
97.35767, 15.2, -116.668
98.23845, 15.2, -124.1812
99.11922, 15.2, -132.6905
19.9105, 16, -78.2392
20.7811, 16, -74.7282
21.6516, 16, -72.778
22.5221, 16, -71.8953
23.3927, 16, -71.4732
24.2632, 16, -71.3004
25.1338, 16, -71.2682
26.0043, 16, -71.3269
26.8748, 16, -71.4533
27.7454, 16, -71.632
28.6159, 16, -71.8494
29.4865, 16, -72.7245
30.357, 16, -72.8526
31.2275, 16, -71.6748
32.0981, 16, -71.5639
32.9686, 16, -71.419
33.8391, 16, -71.293
34.7097, 16, -71.2199
35.5802, 16, -71.2316
36.4508, 16, -71.3616
37.3213, 16, -71.6354
38.1918, 16, -71.9916
39.0624, 16, -71.5157
39.9329, 16, -66.108
40.8034, 16, -69.7589
41.674, 16, -69.0447
42.5445, 16, -67.1543
43.4151, 16, -65.3467
44.2856, 16, -63.689
45.1561, 16, -62.1375
46.0267, 16, -60.6407
46.8972, 16, -59.1557
47.7677, 16, -57.6721
48.6383, 16, -56.3952
49.5088, 16, -56.7949
50.3794, 16, -56.6268
51.2499, 16, -53.7178
52.1204, 16, -52.7129
52.991, 16, -52.0781
53.8615, 16, -51.4871
54.732, 16, -50.9307
55.6026, 16, -50.4541
56.4731, 16, -50.1346
57.3437, 16, -50.1063
58.2142, 16, -50.6673
59.0847, 16, -52.8282
59.9553, 16, -58.0802
60.8258, 16, -52.6454
61.6963, 16, -50.3837
62.5669, 16, -49.5782
63.4374, 16, -49.3061
64.308, 16, -49.3248
65.1785, 16, -49.5479
66.049, 16, -49.9351
66.9196, 16, -50.4513
67.7901, 16, -50.9886
68.6606, 16, -50.9136
69.5312, 16, -46.5294
70.4017, 16, -45.1572
71.2723, 16, -50.6195
72.1428, 16, -51.6855
73.0133, 16, -51.9119
73.8839, 16, -52.0702
74.7544, 16, -52.2636
75.6249, 16, -52.481
76.4955, 16, -52.6562
77.366, 16, -52.6131
78.2366, 16, -51.7382
79.1071, 16, -46.6388
79.9776, 16, -29.2018
80.8482, 16, -47.1675
81.7187, 16, -53.3216
82.5892, 16, -55.4547
83.4598, 16, -56.8846
84.3303, 16, -58.0717
85.2009, 16, -59.0512
86.0714, 16, -59.7521
86.9419, 16, -60.0543
87.8125, 16, -59.8301
88.683, 16, -59.3058
89.5536, 16, -61.8367
90.4241, 16, -66.5705
91.2946, 16, -72.0581
92.1652, 16, -80.5424
93.0357, 16, -88.7739
93.9062, 16, -96.5124
94.77677, 16, -103.9148
95.64731, 16, -111.1485
96.51785, 16, -118.3679
97.38839, 16, -125.7178
98.25893, 16, -133.2721
99.12946, 16, -140.3706
20.8523, 16.8, -75.654
21.7126, 16.8, -74.1111
22.5729, 16.8, -73.4208
23.4332, 16.8, -73.0831
24.2935, 16.8, -72.9287
25.1538, 16.8, -72.8742
26.0141, 16.8, -72.8649
26.8744, 16.8, -72.8442
27.7347, 16.8, -72.7047
28.595, 16.8, -72.2046
29.4553, 16.8, -71.2079
30.3156, 16.8, -70.9437
31.1759, 16.8, -71.8331
32.0362, 16.8, -72.4927
32.8965, 16.8, -72.7488
33.7568, 16.8, -72.8061
34.6171, 16.8, -72.8267
35.4774, 16.8, -72.8821
36.3377, 16.8, -73.0188
37.198, 16.8, -73.2653
38.0583, 16.8, -73.5706
38.9186, 16.8, -73.9842
39.7789, 16.8, -74.3561
40.6392, 16.8, -73.372
41.4995, 16.8, -71.3077
42.3598, 16.8, -69.3102
43.2201, 16.8, -67.387
44.0804, 16.8, -65.6102
44.9407, 16.8, -63.9575
45.801, 16.8, -62.391
46.6613, 16.8, -60.8882
47.5216, 16.8, -59.4821
48.3819, 16.8, -58.396
49.2422, 16.8, -57.8493
50.1025, 16.8, -57.1804
50.9628, 16.8, -56.3189
51.8231, 16.8, -55.0216
52.6834, 16.8, -54.0889
53.5437, 16.8, -53.4781
54.404, 16.8, -53.0054
55.2643, 16.8, -52.6664
56.1246, 16.8, -52.5298
56.9849, 16.8, -52.7501
57.8452, 16.8, -53.7029
58.7055, 16.8, -56.1306
59.5658, 16.8, -60.4798
60.4262, 16.8, -60.155
61.2865, 16.8, -55.5093
62.1468, 16.8, -53.0459
63.0071, 16.8, -52.0057
63.8674, 16.8, -51.6083
64.7277, 16.8, -51.5394
65.588, 16.8, -51.6729
66.4483, 16.8, -51.926
67.3086, 16.8, -52.1691
68.1689, 16.8, -51.978
69.0292, 16.8, -50.7784
69.8895, 16.8, -48.5895
70.7498, 16.8, -48.9337
71.6101, 16.8, -50.5902
72.4704, 16.8, -51.6867
73.3307, 16.8, -52.083
74.191, 16.8, -52.2525
75.0513, 16.8, -52.3209
75.9116, 16.8, -52.259
76.7719, 16.8, -51.908
77.6322, 16.8, -50.7884
78.4925, 16.8, -47.6207
79.3528, 16.8, -41.4992
80.2131, 16.8, -39.2303
81.0734, 16.8, -46.5806
81.9337, 16.8, -52.3389
82.794, 16.8, -55.7003
83.6543, 16.8, -57.8747
84.5146, 16.8, -59.5812
85.3749, 16.8, -60.9667
86.2352, 16.8, -62.0194
87.0955, 16.8, -62.6727
87.9558, 16.8, -62.9213
88.8161, 16.8, -62.9168
89.6764, 16.8, -63.3088
90.5367, 16.8, -69.1066
91.397, 16.8, -78.428
92.2573, 16.8, -87.2523
93.1176, 16.8, -95.7784
93.97789, 16.8, -103.9371
94.8382, 16.8, -111.8034
95.69849, 16.8, -119.4927
96.55879, 16.8, -127.0988
97.4191, 16.8, -134.6433
98.2794, 16.8, -141.8651
99.1397, 16.8, -148.5312
21.7941, 17.6, -74.6359
22.6441, 17.6, -74.3679
23.4942, 17.6, -74.2547
24.3443, 17.6, -74.2197
25.1943, 17.6, -74.2101
26.0444, 17.6, -74.1762
26.8945, 17.6, -74.0466
27.7445, 17.6, -73.6999
28.5946, 17.6, -72.8976
29.4446, 17.6, -70.6266
30.2947, 17.6, -69.2289
31.1448, 17.6, -72.4375
31.9948, 17.6, -73.3794
32.8449, 17.6, -73.7863
33.695, 17.6, -73.974
34.545, 17.6, -74.0546
35.3951, 17.6, -74.1023
36.2452, 17.6, -74.1713
37.0952, 17.6, -74.3154
37.9453, 17.6, -74.6671
38.7954, 17.6, -75.6317
39.6454, 17.6, -79.8449
40.4955, 17.6, -77.9835
41.3455, 17.6, -73.2899
42.1956, 17.6, -70.8959
43.0457, 17.6, -68.9422
43.8957, 17.6, -67.1693
44.7458, 17.6, -65.5085
45.5959, 17.6, -63.9425
46.4459, 17.6, -62.4739
47.296, 17.6, -61.1278
48.1461, 17.6, -59.9346
48.9961, 17.6, -58.7863
49.8462, 17.6, -56.0837
50.6963, 17.6, -56.895
51.5463, 17.6, -56.7595
52.3964, 17.6, -56.0288
53.2465, 17.6, -55.3649
54.0965, 17.6, -54.8471
54.9466, 17.6, -54.523
55.7966, 17.6, -54.4337
56.6467, 17.6, -54.7014
57.4968, 17.6, -55.5081
58.3468, 17.6, -57.1708
59.1969, 17.6, -59.9513
60.047, 17.6, -63.6165
60.897, 17.6, -59.1885
61.7471, 17.6, -56.0986
62.5972, 17.6, -54.3501
63.4472, 17.6, -53.4673
64.2973, 17.6, -53.0792
65.1474, 17.6, -52.9612
65.9974, 17.6, -52.9708
66.8475, 17.6, -52.9733
67.6975, 17.6, -52.8494
68.5476, 17.6, -52.5377
69.3977, 17.6, -53.3652
70.2477, 17.6, -54.7737
71.0978, 17.6, -50.9088
71.9479, 17.6, -50.9616
72.7979, 17.6, -51.4093
73.648, 17.6, -51.7687
74.4981, 17.6, -51.9181
75.3481, 17.6, -51.8124
76.1982, 17.6, -51.3669
77.0483, 17.6, -50.3812
77.8983, 17.6, -48.652
78.7484, 17.6, -46.1114
79.5984, 17.6, -46.6284
80.4485, 17.6, -47.0204
81.2986, 17.6, -48.8175
82.1486, 17.6, -53.2728
82.9987, 17.6, -56.8583
83.8488, 17.6, -59.6912
84.6988, 17.6, -61.9863
85.5489, 17.6, -63.9052
86.399, 17.6, -65.5081
87.249, 17.6, -66.8093
88.0991, 17.6, -67.7324
88.9492, 17.6, -67.8496
89.7992, 17.6, -63.6616
90.6493, 17.6, -74.7715
91.4994, 17.6, -86.0592
92.3494, 17.6, -95.2905
93.19949, 17.6, -103.9061
94.04955, 17.6, -112.2077
94.89961, 17.6, -120.3032
95.74968, 17.6, -128.2323
96.59974, 17.6, -136.0024
97.44981, 17.6, -143.581
98.29987, 17.6, -150.8991
99.14993, 17.6, -157.9202
22.7358, 18.4, -74.893
23.5757, 18.4, -75.1099
24.4155, 18.4, -75.2813
25.2553, 18.4, -75.3972
26.0951, 18.4, -75.4318
26.935, 18.4, -75.3349
27.7748, 18.4, -74.9982
28.6146, 18.4, -74.1224
29.4545, 18.4, -71.7304
30.2943, 18.4, -70.5966
31.1341, 18.4, -73.6666
31.9739, 18.4, -74.6364
32.8138, 18.4, -74.9742
33.6536, 18.4, -75.0795
34.4934, 18.4, -75.0844
35.3332, 18.4, -75.0578
36.1731, 18.4, -75.0559
37.0129, 18.4, -75.1542
37.8527, 18.4, -75.5141
38.6926, 18.4, -76.6923
39.5324, 18.4, -80.3364
40.3722, 18.4, -80.5329
41.212, 18.4, -74.9504
42.0519, 18.4, -72.0503
42.8917, 18.4, -70.0184
43.7315, 18.4, -68.2693
44.5714, 18.4, -66.6598
45.4112, 18.4, -65.1432
46.251, 18.4, -63.7043
47.0908, 18.4, -62.3374
47.9307, 18.4, -61.0111
48.7705, 18.4, -59.4503
49.6103, 18.4, -57.0676
50.4501, 18.4, -56.3516
51.29, 18.4, -57.077
52.1298, 18.4, -56.9884
52.9696, 18.4, -56.541
53.8095, 18.4, -56.1002
54.6493, 18.4, -55.7598
55.4891, 18.4, -55.5773
56.3289, 18.4, -55.6201
57.1688, 18.4, -55.9843
58.0086, 18.4, -56.7819
58.8484, 18.4, -57.8994
59.6883, 18.4, -60.5401
60.5281, 18.4, -59.528
61.3679, 18.4, -57.0853
62.2077, 18.4, -55.5692
63.0476, 18.4, -54.5588
63.8874, 18.4, -53.9959
64.7272, 18.4, -53.7163
65.5671, 18.4, -53.5992
66.4069, 18.4, -53.5583
67.2467, 18.4, -53.5404
68.0865, 18.4, -53.6032
68.9264, 18.4, -54.4702
69.7662, 18.4, -57.5398
70.606, 18.4, -55.2304
71.4458, 18.4, -52.6229
72.2857, 18.4, -51.8925
73.1255, 18.4, -51.8371
73.9653, 18.4, -51.8514
74.8052, 18.4, -51.7772
75.645, 18.4, -51.5329
76.4848, 18.4, -51.0506
77.3246, 18.4, -50.2865
78.1645, 18.4, -49.4348
79.0043, 18.4, -50.0308
79.8441, 18.4, -52.6844
80.684, 18.4, -52.1293
81.5238, 18.4, -53.3113
82.3636, 18.4, -56.5069
83.2034, 18.4, -59.9056
84.0433, 18.4, -62.9937
84.8831, 18.4, -65.775
85.7229, 18.4, -68.2938
86.5628, 18.4, -70.5704
87.4026, 18.4, -72.574
88.2424, 18.4, -74.1386
89.0822, 18.4, -74.4036
89.9221, 18.4, -71.0345
90.7619, 18.4, -83.7372
91.6017, 18.4, -94.9315
92.44155, 18.4, -104.2606
93.28138, 18.4, -112.9413
94.1212, 18.4, -121.3131
94.96103, 18.4, -129.4931
95.80086, 18.4, -137.527
96.64069, 18.4, -145.4264
97.48051, 18.4, -153.1824
98.32034, 18.4, -160.7978
99.16017, 18.4, -168.3796
23.6776, 19.2, -75.7808
24.5072, 19.2, -76.3951
25.3368, 19.2, -76.7802
26.1664, 19.2, -77.0061
26.996, 19.2, -77.0937
27.8255, 19.2, -76.9581
28.6551, 19.2, -76.381
29.4847, 19.2, -75.087
30.3143, 19.2, -74.965
31.1439, 19.2, -75.9087
31.9735, 19.2, -76.4076
32.8031, 19.2, -76.4756
33.6327, 19.2, -76.3708
34.4623, 19.2, -76.196
35.2919, 19.2, -76.0037
36.1215, 19.2, -75.838
36.9511, 19.2, -75.7634
37.7806, 19.2, -75.9215
38.6102, 19.2, -76.5783
39.4398, 19.2, -78.1916
40.2694, 19.2, -77.8931
41.099, 19.2, -74.9916
41.9286, 19.2, -72.4019
42.7582, 19.2, -70.4513
43.5878, 19.2, -68.796
44.4174, 19.2, -67.2746
45.247, 19.2, -65.8266
46.0766, 19.2, -64.4252
46.9062, 19.2, -63.0471
47.7357, 19.2, -61.6299
48.5653, 19.2, -60.0862
49.3949, 19.2, -58.2448
50.2245, 19.2, -56.8996
51.0541, 19.2, -56.99
51.8837, 19.2, -56.9207
52.7133, 19.2, -56.6787
53.5429, 19.2, -56.3076
54.3725, 19.2, -55.918
55.2021, 19.2, -55.5777
56.0317, 19.2, -55.3256
56.8612, 19.2, -55.1883
57.6908, 19.2, -55.1434
58.5204, 19.2, -55.3227
59.35, 19.2, -56.0677
60.1796, 19.2, -56.1634
61.0092, 19.2, -55.4647
61.8388, 19.2, -54.61
62.6684, 19.2, -54.1387
63.498, 19.2, -53.8292
64.3276, 19.2, -53.6683
65.1572, 19.2, -53.6245
65.9868, 19.2, -53.6621
66.8163, 19.2, -53.7708
67.6459, 19.2, -54.0246
68.4755, 19.2, -54.5948
69.3051, 19.2, -55.7505
70.1347, 19.2, -55.9774
70.9643, 19.2, -55.0991
71.7939, 19.2, -53.9844
72.6235, 19.2, -53.3629
73.4531, 19.2, -53.1067
74.2827, 19.2, -53.0004
75.1123, 19.2, -52.9064
75.9418, 19.2, -52.7779
76.7714, 19.2, -52.6313
77.601, 19.2, -52.664
78.4306, 19.2, -53.0577
79.2602, 19.2, -53.9215
80.0898, 19.2, -54.3597
80.9194, 19.2, -56.5768
81.749, 19.2, -58.9194
82.5786, 19.2, -61.7922
83.4082, 19.2, -65.0076
84.2378, 19.2, -68.2768
85.0674, 19.2, -71.4592
85.8969, 19.2, -74.5269
86.7265, 19.2, -77.4638
87.5561, 19.2, -80.225
88.3857, 19.2, -82.5526
89.2153, 19.2, -83.8166
90.0449, 19.2, -86.1865
90.8745, 19.2, -95.5013
91.70409, 19.2, -105.4307
92.53368, 19.2, -114.4212
93.36327, 19.2, -122.9778
94.19286, 19.2, -131.3182
95.02245, 19.2, -139.5291
95.85204, 19.2, -147.647
96.68163, 19.2, -155.6891
97.51122, 19.2, -163.6764
98.34082, 19.2, -171.6256
99.17041, 19.2, -179.5226
