100, 0, -1.88894
0, 0, 4.2511
-20, 0, -1.4013e-44
-20, -20, 200
100, -20, 201.2756
100, 20, -200.3278
23.8, 20, -153.7217
98.9247, 0, -2.65538
97.8495, 0, -3.16962
96.7742, 0, -3.35443
95.6989, 0, -3.41272
94.6237, 0, -3.40351
93.5484, 0, -3.37506
92.4731, 0, -3.42945
91.3979, 0, -3.88672
90.3226, 0, -4.93471
89.2473, 0, -4.43877
88.172, 0, -3.31477
87.0968, 0, -2.72693
86.0215, 0, -2.4174
84.9462, 0, -2.16327
83.871, 0, -1.9158
82.7957, 0, -1.6898
81.7204, 0, -1.63316
80.6452, 0, -1.78568
79.5699, 0, -1.6628
78.4946, 0, -1.31092
77.4194, 0, -1.24925
76.3441, 0, -1.38625
75.2688, 0, -1.53254
74.1936, 0, -1.63553
73.1183, 0, -1.68076
72.043, 0, -1.68904
70.9677, 0, -1.61792
69.8925, 0, -1.4955
68.8172, 0, -1.80066
67.7419, 0, -2.04278
66.6667, 0, -2.23121
65.5914, 0, -2.35897
64.5161, 0, -2.42608
63.4409, 0, -2.44865
62.3656, 0, -2.45663
61.2903, 0, -2.50503
60.2151, 0, -2.58653
59.1398, 0, -2.51223
58.0645, 0, -2.33734
56.9892, 0, -2.16391
55.914, 0, -1.99961
54.8387, 0, -1.82136
53.7634, 0, -1.63567
52.6882, 0, -1.47004
51.6129, 0, -1.42209
50.5376, 0, -1.57172
49.4624, 0, -1.46764
48.3871, 0, -1.08822
47.3118, 0, -0.89346
46.2366, 0, -0.810549
45.1613, 0, -0.751502
44.086, 0, -0.697909
43.0108, 0, -0.652724
41.9355, 0, -0.646675
40.8602, 0, -0.69975
39.7849, 0, -0.635512
38.7097, 0, -0.318203
37.6344, 0, -0.122991
36.5591, 0, 0.0144022
35.4839, 0, 0.149939
34.4086, 0, 0.303142
33.3333, 0, 0.492987
32.2581, 0, 0.769769
31.1828, 0, 1.28011
30.1075, 0, 1.95412
29.0323, 0, 1.7393
27.957, 0, 1.48976
26.8817, 0, 1.53176
25.8065, 0, 1.68652
24.7312, 0, 1.87746
23.6559, 0, 2.0728
22.5806, 0, 2.25052
21.5054, 0, 2.40163
20.4301, 0, 2.73437
19.3548, 0, 2.62554
18.2796, 0, 2.47039
17.2043, 0, 2.44995
16.129, 0, 2.39464
15.0538, 0, 2.31278
13.9785, 0, 2.21592
12.9032, 0, 2.11381
11.828, 0, 2.00425
10.7527, 0, 1.83081
9.6774, 0, 2.594
8.6022, 0, 1.7399
7.5269, 0, 1.602
6.4516, 0, 1.6172
5.3763, 0, 2.2859
4.3011, 0, 0.21573
3.2258, 0, 2.2528
2.1505, 0, 0.395
1.0753, 0, 1.3074
-1.0526, 0, 5.2288
-2.1053, 0, 5.1382
-3.1579, 0, 4.7572
-4.2105, 0, 4.1965
-5.2632, 0, 3.5385
-6.3158, 0, 2.8294
-7.3684, 0, 2.08
-8.4211, 0, 1.2896
-9.4737, 0, 0.44863
-10.5263, 0, 0.0745113
-11.5789, 0, 0.18029
-12.6316, 0, 0.243639
-13.6842, 0, 0.274523
-14.7368, 0, 0.278874
-15.7895, 0, 0.260543
-16.8421, 0, 0.222185
-17.8947, 0, 0.165568
-18.9474, 0, 0.0917355
-20, -1, 9.5
-20, -2, 19
-20, -3, 28.5
-20, -4, 38
-20, -5, 47.5
-20, -6, 57
-20, -7, 66.5
-20, -8, 76
-20, -9, 85.5
-20, -10, 100
-20, -11, 114.5
-20, -12, 124
-20, -13, 133.5
-20, -14, 143
-20, -15, 152.5
-20, -16, 162
-20, -17, 171.5
-20, -18, 181
-20, -19, 190.5
-18.92857, -20, 200.0219
-17.85714, -20, 200.0439
-16.78572, -20, 200.0658
-15.71429, -20, 200.0877
-14.64286, -20, 200.1096
-13.57143, -20, 200.1316
-12.5, -20, 200.1535
-11.42857, -20, 200.1754
-10.35714, -20, 200.1973
-9.285714, -20, 200.2217
-8.214286, -20, 200.2474
-7.142857, -20, 200.273
-6.071429, -20, 200.2986
-5, -20, 200.3242
-3.928571, -20, 200.3499
-2.857143, -20, 200.3755
-1.785714, -20, 200.4011
-0.7142857, -20, 200.4268
0.3571429, -20, 200.4714
1.428571, -20, 200.5027
2.5, -20, 200.4333
3.571429, -20, 200.35
4.642857, -20, 200.5061
5.714286, -20, 200.5764
6.785714, -20, 200.5278
7.857143, -20, 200.4793
8.928572, -20, 200.4308
10, -20, 200.3822
11.07143, -20, 200.3876
12.14286, -20, 200.3931
13.21429, -20, 200.3985
14.28571, -20, 200.4039
15.35714, -20, 200.4093
16.42857, -20, 200.4148
17.5, -20, 200.4202
18.57143, -20, 200.4256
19.64286, -20, 200.431
20.71428, -20, 200.4771
21.78572, -20, 200.5434
22.85714, -20, 200.6097
23.92857, -20, 200.676
25, -20, 200.7424
26.07143, -20, 200.8087
27.14286, -20, 200.875
28.21428, -20, 200.9414
29.28572, -20, 201.0077
30.35714, -20, 201.0477
31.42857, -20, 201.035
32.5, -20, 201.0223
33.57143, -20, 201.0096
34.64286, -20, 200.997
35.71429, -20, 200.9843
36.78571, -20, 200.9716
37.85714, -20, 200.9589
38.92857, -20, 200.9463
40, -20, 200.9336
41.07143, -20, 200.9836
42.14286, -20, 201.0336
43.21429, -20, 201.0835
44.28571, -20, 201.1335
45.35714, -20, 201.1835
46.42857, -20, 201.2335
47.5, -20, 201.2835
48.57143, -20, 201.3335
49.64286, -20, 201.3835
50.71429, -20, 201.4023
51.78571, -20, 201.4057
52.85714, -20, 201.409
53.92857, -20, 201.4124
55, -20, 201.4157
56.07143, -20, 201.419
57.14286, -20, 201.4224
58.21429, -20, 201.4257
59.28571, -20, 201.4291
60.35714, -20, 201.4147
61.42857, -20, 201.3648
62.5, -20, 201.3149
63.57143, -20, 201.265
64.64286, -20, 201.2152
65.71429, -20, 201.1653
66.78571, -20, 201.1154
67.85714, -20, 201.0655
68.92857, -20, 201.0156
70, -20, 200.9658
71.07143, -20, 201.0632
72.14286, -20, 201.1606
73.21429, -20, 201.258
74.28571, -20, 201.3554
75.35714, -20, 201.4528
76.42857, -20, 201.5502
77.5, -20, 201.6476
78.57143, -20, 201.745
79.64286, -20, 201.8424
80.71429, -20, 201.8257
81.78571, -20, 201.7519
82.85714, -20, 201.6781
83.92857, -20, 201.6042
85, -20, 201.5304
86.07143, -20, 201.4566
87.14286, -20, 201.3828
88.21429, -20, 201.309
89.28571, -20, 201.2352
90.35714, -20, 201.1892
91.42857, -20, 201.1988
92.5, -20, 201.2084
93.57143, -20, 201.218
94.64286, -20, 201.2276
95.71429, -20, 201.2372
96.78571, -20, 201.2468
97.85714, -20, 201.2564
98.92857, -20, 201.266
100, -19, 192.2147
100, -18, 183.1537
100, -17, 173.568
100, -16, 163.9205
100, -15, 154.229
100, -14, 144.5259
100, -13, 135.2457
100, -12, 126.1607
100, -11, 112.6132
100, -10, 95.8203
100, -9, 82.6175
100, -8, 73.4035
100, -7, 64.7149
100, -6, 56.9269
100, -5, 48.6442
100, -4, 38.9764
100, -3, 29.4366
100, -2, 20.5795
100, -1, 11.4847
100, 0.8, -12.5879
100, 1.6, -22.7833
100, 2.4, -32.7462
100, 3.2, -42.6438
100, 4, -51.3649
100, 4.8, -60.0859
100, 5.6, -65.7598
100, 6.4, -67.2437
100, 7.2, -68.7276
100, 8, -79.7658
100, 8.8, -93.3519
100, 9.6, -105.3058
100, 10.4, -108.5548
100, 11.2, -111.8038
100, 12, -119.7395
100, 12.8, -131.8933
100, 13.6, -144.0471
100, 14.4, -148.2129
100, 15.2, -151.4389
100, 16, -156.4271
100, 16.8, -166.3496
100, 17.6, -176.2722
100, 18.4, -184.8238
100, 19.2, -192.5758
99.18065, 20, -199.0438
98.36129, 20, -197.7598
97.54194, 20, -196.4758
96.72258, 20, -195.1918
95.90323, 20, -193.9078
95.08387, 20, -192.6237
94.26452, 20, -191.3397
93.44516, 20, -190.0557
92.62581, 20, -188.7717
91.80645, 20, -187.4877
90.9871, 20, -186.2037
90.16774, 20, -184.9197
89.34839, 20, -182.7416
88.52903, 20, -180.3334
87.70968, 20, -177.9252
86.89032, 20, -175.517
86.07097, 20, -173.1088
85.25161, 20, -170.7006
84.43226, 20, -168.2924
83.6129, 20, -165.8842
82.79355, 20, -163.476
81.97419, 20, -161.0678
81.15484, 20, -158.6596
80.33549, 20, -156.2514
79.51613, 20, -155.5288
78.69678, 20, -155.9749
77.87742, 20, -156.4211
77.05807, 20, -156.8672
76.23871, 20, -157.3133
75.41936, 20, -157.7594
74.6, 20, -158.2055
73.78065, 20, -158.6516
72.96129, 20, -159.0977
72.14194, 20, -159.5439
71.32258, 20, -159.99
70.50323, 20, -160.4361
69.68387, 20, -160.7385
68.86452, 20, -160.812
68.04516, 20, -160.8855
67.22581, 20, -160.9591
66.40645, 20, -161.0326
65.5871, 20, -161.1062
64.76774, 20, -161.1797
63.94839, 20, -161.2532
63.12903, 20, -161.3268
62.30968, 20, -161.4003
61.49032, 20, -161.4738
60.67097, 20, -161.5474
59.85161, 20, -161.6347
59.03226, 20, -161.784
58.2129, 20, -161.9334
57.39355, 20, -162.0828
56.57419, 20, -162.2322
55.75484, 20, -162.3815
54.93548, 20, -162.5309
54.11613, 20, -162.6803
53.29678, 20, -162.8296
52.47742, 20, -162.979
51.65807, 20, -163.1284
50.83871, 20, -163.2778
50.01936, 20, -163.4271
49.2, 20, -163.1697
48.38065, 20, -162.9024
47.56129, 20, -162.635
46.74194, 20, -162.3677
45.92258, 20, -162.1004
45.10323, 20, -161.8331
44.28387, 20, -161.5658
43.46452, 20, -161.2985
42.64516, 20, -161.0312
41.82581, 20, -160.7639
41.00645, 20, -160.4966
40.1871, 20, -160.2293
39.36774, 20, -160.323
38.54839, 20, -160.5235
37.72903, 20, -160.724
36.90968, 20, -160.9245
36.09032, 20, -161.1251
35.27097, 20, -161.3256
34.45161, 20, -161.5261
33.63226, 20, -161.7266
32.8129, 20, -161.9272
31.99355, 20, -162.1277
31.17419, 20, -162.3282
30.35484, 20, -162.5287
29.53548, 20, -162.1308
28.71613, 20, -161.2041
27.89677, 20, -160.1858
27.07742, 20, -159.076
26.25806, 20, -157.8747
25.43871, 20, -156.5818
24.61935, 20, -155.1975
22.848, 19.2, -147.8128
21.896, 18.4, -142.3509
20.944, 17.6, -137.4047
19.992, 16.8, -133.6444
19.04, 16, -126.2363
18.088, 15.2, -119.2384
17.136, 14.4, -112.6975
16.184, 13.6, -106.3767
15.232, 12.8, -100.192
14.28, 12, -94.1185
13.328, 11.2, -88.1217
12.376, 10.4, -82.2088
11.424, 9.6, -76.4612
10.472, 8.8, -71.8999
9.52, 8, -66.8848
8.568, 7.2, -59.1515
7.616, 6.4, -52.0271
6.664, 5.6, -45.1775
5.712, 4.8, -38.8406
4.76, 4, -33.5315
3.808, 3.2, -26.3357
2.856, 2.4, -18.0928
1.904, 1.6, -10.4964
0.952, 0.8, -3.1503
98.9249, -1, 8.79588
97.8498, -1, 7.98851
96.7748, -1, 7.5719
95.6997, -1, 7.3471
94.6246, -1, 7.22158
93.5495, -1, 7.13273
92.4745, -1, 7.0079
91.3994, -1, 6.64492
90.3243, -1, 4.67526
89.2492, -1, 5.77985
88.1742, -1, 6.8223
87.0991, -1, 7.2199
86.024, -1, 7.52091
84.9489, -1, 7.7678
83.8738, -1, 7.95075
82.7988, -1, 8.0465
81.7237, -1, 8.05731
80.6486, -1, 8.5876
79.5735, -1, 9.0419
78.4985, -1, 8.28337
77.4234, -1, 8.34181
76.3483, -1, 8.32929
75.2732, -1, 8.23725
74.1982, -1, 8.11001
73.1231, -1, 7.99089
72.048, -1, 7.91274
70.9729, -1, 7.71953
69.8979, -1, 6.39601
68.8228, -1, 7.62921
67.7477, -1, 7.57753
66.6726, -1, 7.43632
65.5975, -1, 7.328
64.5225, -1, 7.25187
63.4474, -1, 7.19642
62.3723, -1, 7.14072
61.2972, -1, 6.99524
60.2222, -1, 6.08175
59.1471, -1, 6.72594
58.072, -1, 7.0498
56.9969, -1, 7.21047
55.9219, -1, 7.36534
54.8468, -1, 7.49673
53.7717, -1, 7.56955
52.6966, -1, 7.53155
51.6215, -1, 7.2973
50.5465, -1, 6.71073
49.4714, -1, 6.86977
48.3963, -1, 7.69788
47.3212, -1, 8.17301
46.2462, -1, 8.45561
45.1711, -1, 8.63162
44.096, -1, 8.75689
43.0209, -1, 8.87649
41.9459, -1, 9.04485
40.8708, -1, 9.3942
39.7957, -1, 10.0643
38.7206, -1, 9.67481
37.6455, -1, 9.67157
36.5705, -1, 9.72878
35.4954, -1, 9.82281
34.4203, -1, 9.95231
33.3452, -1, 10.1244
32.2702, -1, 10.3524
31.1951, -1, 10.6281
30.12, -1, 10.6375
29.0449, -1, 10.9454
27.9699, -1, 11.0367
26.8948, -1, 11.1508
25.8197, -1, 11.3309
24.7446, -1, 11.5449
23.6695, -1, 11.77
22.5945, -1, 11.9943
21.5194, -1, 12.2232
20.4443, -1, 12.366
19.3692, -1, 12.3612
18.2942, -1, 12.2572
17.2191, -1, 12.1184
16.144, -1, 11.9948
15.0689, -1, 11.861
13.9939, -1, 11.7118
12.9188, -1, 11.5503
11.8437, -1, 11.3937
10.7686, -1, 11.0111
9.6935, -1, 9.3841
8.61847, -1, 10.6676
7.54339, -1, 10.8557
6.46832, -1, 10.8138
5.39324, -1, 10.435
4.3182, -1, 9.9119
3.24309, -1, 10.6739
2.16801, -1, 10.877
1.0929, -1, 9.401
0.0178571, -1, 13.3291
-1.03571, -1, 13.1926
-2.08929, -1, 13.1452
-3.14286, -1, 12.8936
-4.19643, -1, 12.5184
-5.25, -1, 12.057
-6.30357, -1, 11.5292
-7.35714, -1, 10.9509
-8.41071, -1, 10.3383
-9.4643, -1, 9.7394
-10.5179, -1, 9.51971
-11.5714, -1, 9.51802
-12.625, -1, 9.51575
-13.6786, -1, 9.51355
-14.7321, -1, 9.5113
-15.7857, -1, 9.50904
-16.8393, -1, 9.50676
-17.8929, -1, 9.50449
-18.9464, -1, 9.50226
98.9251, -2, 19.5206
97.8502, -2, 18.6834
96.7753, -2, 18.166
95.7005, -2, 17.8327
94.6256, -2, 17.6172
93.5507, -2, 17.4572
92.4758, -2, 17.3077
91.4009, -2, 17.1624
90.326, -2, 16.6833
89.2512, -2, 16.9078
88.1763, -2, 17.0722
87.1014, -2, 17.2565
86.0265, -2, 17.4829
84.9516, -2, 17.6954
83.8767, -2, 17.8821
82.8018, -2, 18.0454
81.727, -2, 18.2407
80.6521, -2, 18.5591
79.5772, -2, 18.685
78.5023, -2, 18.3346
77.4274, -2, 18.1823
76.3525, -2, 18.0534
75.2776, -2, 17.8976
74.2028, -2, 17.7327
73.1279, -2, 17.5731
72.053, -2, 17.3896
70.9781, -2, 17.0556
69.9032, -2, 16.6076
68.8283, -2, 16.8621
67.7535, -2, 16.958
66.6786, -2, 16.9002
65.6037, -2, 16.8244
64.5288, -2, 16.7589
63.4539, -2, 16.6947
62.379, -2, 16.6031
61.3041, -2, 16.4055
60.2293, -2, 16.0607
59.1544, -2, 16.2015
58.0795, -2, 16.4516
57.0046, -2, 16.6211
55.9297, -2, 16.7458
54.8548, -2, 16.8347
53.78, -2, 16.867
52.7051, -2, 16.7919
51.6302, -2, 16.4753
50.5553, -2, 15.7065
49.4804, -2, 15.8689
48.4055, -2, 16.937
47.3306, -2, 17.4987
46.2558, -2, 17.8251
45.1809, -2, 18.0552
44.106, -2, 18.2484
43.0311, -2, 18.4506
41.9562, -2, 18.7499
40.8813, -2, 19.3432
39.8064, -2, 19.9287
38.7316, -2, 19.5243
37.6567, -2, 19.3465
36.5818, -2, 19.3526
35.5069, -2, 19.4204
34.432, -2, 19.5174
33.3571, -2, 19.633
32.2823, -2, 19.7426
31.2074, -2, 19.7276
30.1325, -2, 19.5756
29.0576, -2, 19.9453
27.9827, -2, 20.393
26.9078, -2, 20.6892
25.8329, -2, 20.949
24.7581, -2, 21.2138
23.6832, -2, 21.4846
22.6083, -2, 21.7545
21.5334, -2, 21.9979
20.4585, -2, 22.0793
19.3836, -2, 22.1196
18.3088, -2, 22.0527
17.2339, -2, 21.8786
16.159, -2, 21.7036
15.0841, -2, 21.5253
14.0092, -2, 21.3208
12.9343, -2, 21.0778
11.8594, -2, 20.7644
10.7846, -2, 20.2845
9.70968, -2, 19.5642
8.63479, -2, 20.0861
7.55991, -2, 20.3177
6.48502, -2, 20.3064
5.41014, -2, 19.8315
4.33525, -2, 22.1606
3.26037, -2, 19.9732
2.18548, -2, 22.5682
1.1106, -2, 19.0128
0.0357143, -2, 22.0282
-1.0188, -2, 21.7157
-2.07331, -2, 21.5432
-3.12782, -2, 21.3762
-4.18233, -2, 21.117
-5.23684, -2, 20.7819
-6.29135, -2, 20.3924
-7.34586, -2, 19.971
-8.40038, -2, 19.5525
-9.45489, -2, 19.2102
-10.5094, -2, 19.0419
-11.5639, -2, 19.0363
-12.6184, -2, 19.0318
-13.6729, -2, 19.0271
-14.7274, -2, 19.0225
-15.782, -2, 19.018
-16.8365, -2, 19.0136
-17.891, -2, 19.0091
-18.9455, -2, 19.0045
98.9253, -3, 29.5242
97.8506, -3, 28.8549
96.7759, -3, 28.3442
95.7012, -3, 28.0161
94.6265, -3, 27.8
93.5518, -3, 27.6444
92.4771, -3, 27.5221
91.4025, -3, 27.5193
90.3278, -3, 29.0589
89.2531, -3, 27.9463
88.1784, -3, 27.3587
87.1037, -3, 27.4586
86.029, -3, 27.6165
84.9543, -3, 27.7914
83.8796, -3, 27.9925
82.8049, -3, 28.2373
81.7302, -3, 28.5197
80.6555, -3, 28.3873
79.5808, -3, 28.0478
78.5061, -3, 28.4468
77.4314, -3, 28.1287
76.3568, -3, 27.8166
75.2821, -3, 27.5459
74.2074, -3, 27.2994
73.1327, -3, 27.0574
72.058, -3, 26.804
70.9833, -3, 26.5985
69.9086, -3, 27.1572
68.8339, -3, 26.2773
67.7592, -3, 26.205
66.6845, -3, 26.1976
65.6098, -3, 26.1844
64.5351, -3, 26.1535
63.4604, -3, 26.099
62.3858, -3, 26.0174
61.3111, -3, 25.9437
60.2364, -3, 26.3618
59.1617, -3, 25.9639
58.087, -3, 25.9646
57.0123, -3, 26.0949
55.9376, -3, 26.198
54.8629, -3, 26.2638
53.7882, -3, 26.2864
52.7135, -3, 26.2502
51.6388, -3, 26.1102
50.5641, -3, 25.7468
49.4894, -3, 25.8787
48.4147, -3, 26.5917
47.3401, -3, 27.0163
46.2654, -3, 27.3188
45.1907, -3, 27.572
44.116, -3, 27.8138
43.0413, -3, 28.0762
41.9666, -3, 28.4022
40.8919, -3, 28.8778
39.8172, -3, 29.4103
38.7425, -3, 29.0559
37.6678, -3, 28.9284
36.5931, -3, 28.9154
35.5184, -3, 28.9516
34.4437, -3, 29.0023
33.369, -3, 29.0405
32.2944, -3, 29.0345
31.2197, -3, 28.9386
30.145, -3, 28.619
29.0703, -3, 29.1747
27.9956, -3, 29.6895
26.9209, -3, 30.1251
25.8462, -3, 30.5021
24.7715, -3, 30.8447
23.6968, -3, 31.1647
22.6221, -3, 31.4657
21.5474, -3, 31.7472
20.4727, -3, 32.0528
19.398, -3, 32.0635
18.3233, -3, 31.8461
17.2487, -3, 31.6989
16.174, -3, 31.5439
15.0993, -3, 31.3585
14.0246, -3, 31.1162
12.9499, -3, 30.7799
11.8752, -3, 30.2994
10.8005, -3, 29.8153
9.72581, -3, 30.9572
8.65111, -3, 30.0571
7.57642, -3, 30.1008
6.50173, -3, 30.3911
5.42704, -3, 30.8629
4.35234, -3, 30.86
3.27765, -3, 31.371
2.20296, -3, 31.8626
1.12826, -3, 28.9201
0.0535714, -3, 30.7417
-1.00188, -3, 30.5169
-2.05733, -3, 30.3276
-3.11278, -3, 30.1679
-4.16823, -3, 29.977
-5.22368, -3, 29.7381
-6.27914, -3, 29.4643
-7.33459, -3, 29.1785
-8.39004, -3, 28.9188
-9.44549, -3, 28.686
-10.5009, -3, 28.563
-11.5564, -3, 28.5547
-12.6118, -3, 28.547
-13.6673, -3, 28.5397
-14.7227, -3, 28.5329
-15.7782, -3, 28.5264
-16.8336, -3, 28.52
-17.8891, -3, 28.5136
-18.9445, -3, 28.5069
98.9255, -4, 38.8348
97.851, -4, 38.4833
96.7765, -4, 38.1443
95.702, -4, 37.9098
94.6275, -4, 37.7664
93.553, -4, 37.6909
92.4785, -4, 37.6753
91.404, -4, 37.8415
90.3295, -4, 38.7548
89.255, -4, 38.1787
88.1805, -4, 37.7173
87.106, -4, 37.6987
86.0315, -4, 37.7923
84.957, -4, 37.9309
83.8825, -4, 38.1066
82.808, -4, 38.3187
81.7335, -4, 38.5377
80.659, -4, 38.6029
79.5845, -4, 38.3856
78.51, -4, 38.2878
77.4355, -4, 37.9079
76.361, -4, 37.5239
75.2865, -4, 37.1754
74.212, -4, 36.8396
73.1375, -4, 36.506
72.063, -4, 36.2273
70.9885, -4, 36.1513
69.914, -4, 36.2206
68.8395, -4, 35.7891
67.765, -4, 35.5542
66.6905, -4, 35.5388
65.616, -4, 35.5785
64.5415, -4, 35.5961
63.467, -4, 35.5795
62.3925, -4, 35.5661
61.318, -4, 35.6566
60.2435, -4, 35.8864
59.169, -4, 35.7565
58.0945, -4, 35.6724
57.02, -4, 35.7107
55.9455, -4, 35.7951
54.871, -4, 35.8491
53.7965, -4, 35.8659
52.722, -4, 35.8742
51.6475, -4, 35.9913
50.573, -4, 36.2311
49.4985, -4, 36.3593
48.424, -4, 36.447
47.3495, -4, 36.6316
46.275, -4, 36.9038
45.2005, -4, 37.1708
44.126, -4, 37.425
43.0515, -4, 37.6808
41.977, -4, 37.9538
40.9025, -4, 38.1789
39.828, -4, 38.415
38.7535, -4, 38.3818
37.679, -4, 38.4264
36.6045, -4, 38.4402
35.53, -4, 38.4594
34.4555, -4, 38.4701
33.381, -4, 38.458
32.3064, -4, 38.41
31.232, -4, 38.31
30.1574, -4, 38.1363
29.0829, -4, 38.6127
28.0084, -4, 39.1386
26.9339, -4, 39.6217
25.8594, -4, 40.0699
24.7849, -4, 40.4841
23.7104, -4, 40.8709
22.6359, -4, 41.2348
21.5614, -4, 41.59
20.4869, -4, 42.0704
19.4124, -4, 42.1
18.3379, -4, 41.7996
17.2634, -4, 41.6644
16.1889, -4, 41.519
15.1144, -4, 41.3365
14.0399, -4, 41.1038
12.9654, -4, 40.7872
11.8909, -4, 40.3128
10.8164, -4, 39.8763
9.74194, -4, 39.1904
8.66743, -4, 39.9127
7.59293, -4, 40.1032
6.51843, -4, 40.3241
5.44393, -4, 41.0098
4.36943, -4, 39.9553
3.29493, -4, 42.2462
2.22043, -4, 40.3785
1.14593, -4, 40.2165
0.0714286, -4, 39.1543
-0.984962, -4, 39.3843
-2.04135, -4, 39.3494
-3.09774, -4, 39.2854
-4.15414, -4, 39.1712
-5.21053, -4, 38.9882
-6.26692, -4, 38.7629
-7.32331, -4, 38.5306
-8.3797, -4, 38.3348
-9.43609, -4, 38.1612
-10.4925, -4, 38.0825
-11.5489, -4, 38.0713
-12.6053, -4, 38.0605
-13.6617, -4, 38.051
-14.718, -4, 38.0422
-15.7744, -4, 38.0338
-16.8308, -4, 38.0256
-17.8872, -4, 38.0175
-18.9436, -4, 38.0091
98.9257, -5, 47.8541
97.8514, -5, 47.6727
96.7771, -5, 47.5765
95.7028, -5, 47.5115
94.6285, -5, 47.4893
93.5541, -5, 47.532
92.4798, -5, 47.6653
91.4055, -5, 47.8516
90.3312, -5, 46.9783
89.2569, -5, 47.6933
88.1826, -5, 47.9396
87.1083, -5, 47.8575
86.034, -5, 47.8699
84.9597, -5, 47.9593
83.8854, -5, 48.0919
82.8111, -5, 48.2415
81.7367, -5, 48.4023
80.6624, -5, 48.867
79.5881, -5, 49.1025
78.5138, -5, 48.0189
77.4395, -5, 47.5858
76.3652, -5, 47.2151
75.2909, -5, 46.847
74.2166, -5, 46.4702
73.1423, -5, 46.0807
72.068, -5, 45.6848
70.9937, -5, 45.3721
69.9194, -5, 44.9168
68.845, -5, 45.0275
67.7707, -5, 45.0699
66.6964, -5, 45.1825
65.6221, -5, 45.283
64.5478, -5, 45.3551
63.4735, -5, 45.3867
62.3992, -5, 45.367
61.3249, -5, 45.3082
60.2506, -5, 45.0842
59.1763, -5, 45.3911
58.102, -5, 45.5233
57.0276, -5, 45.6435
55.9533, -5, 45.7092
54.879, -5, 45.7384
53.8047, -5, 45.7477
52.7304, -5, 45.7671
51.6561, -5, 45.8636
50.5818, -5, 46.4379
49.5075, -5, 46.6557
48.4332, -5, 46.262
47.3589, -5, 46.4117
46.2846, -5, 46.6449
45.2103, -5, 46.8907
44.1359, -5, 47.125
43.0616, -5, 47.3309
41.9873, -5, 47.4854
40.913, -5, 47.5523
39.8387, -5, 47.2829
38.7644, -5, 47.7634
37.6901, -5, 47.9112
36.6158, -5, 47.9887
35.5415, -5, 48.0167
34.4672, -5, 48.0085
33.3929, -5, 47.969
32.3186, -5, 47.8987
31.2442, -5, 47.8066
30.1699, -5, 47.8101
29.0956, -5, 48.1966
28.0213, -5, 48.7362
26.947, -5, 49.2541
25.8727, -5, 49.7395
24.7984, -5, 50.2047
23.7241, -5, 50.6579
22.6498, -5, 51.1061
21.5755, -5, 51.5543
20.5012, -5, 51.9792
19.4268, -5, 52.0583
18.3525, -5, 51.9544
17.2782, -5, 51.7678
16.2039, -5, 51.5761
15.1296, -5, 51.3875
14.0553, -5, 51.191
12.981, -5, 50.9936
11.9067, -5, 50.8052
10.8324, -5, 50.1161
9.75806, -5, 48.7786
8.68376, -5, 49.7132
7.60945, -5, 50.1282
6.53514, -5, 50.2415
5.46083, -5, 49.9042
4.38652, -5, 49.9474
3.31221, -5, 51.919
2.2379, -5, 48.6206
1.16359, -5, 51.9115
0.0892857, -5, 48.4624
-0.968045, -5, 48.4022
-2.02538, -5, 48.6887
-3.08271, -5, 48.8044
-4.14004, -5, 48.7268
-5.19737, -5, 48.5425
-6.2547, -5, 48.3001
-7.31203, -5, 48.0356
-8.36936, -5, 47.7901
-9.42669, -5, 47.6485
-10.484, -5, 47.5995
-11.5414, -5, 47.5845
-12.5987, -5, 47.5723
-13.656, -5, 47.5614
-14.7133, -5, 47.5511
-15.7707, -5, 47.5408
-16.828, -5, 47.5308
-17.8853, -5, 47.5208
-18.9427, -5, 47.5107
98.9259, -6, 56.6642
97.8518, -6, 56.7093
96.7776, -6, 56.8122
95.7035, -6, 56.9666
94.6294, -6, 57.0826
93.5553, -6, 57.1739
92.4812, -6, 57.3089
91.4071, -6, 57.3431
90.3329, -6, 56.7308
89.2588, -6, 57.2914
88.1847, -6, 57.7194
87.1106, -6, 57.7738
86.0365, -6, 57.8432
84.9624, -6, 57.927
83.8883, -6, 57.9988
82.8141, -6, 58.075
81.74, -6, 58.2391
80.6659, -6, 58.6905
79.5918, -6, 58.826
78.5177, -6, 57.8266
77.4436, -6, 57.328
76.3694, -6, 56.9785
75.2953, -6, 56.642
74.2212, -6, 56.2485
73.1471, -6, 55.7811
72.073, -6, 55.2568
70.9988, -6, 54.4966
69.9247, -6, 53.8115
68.8506, -6, 54.238
67.7765, -6, 54.7425
66.7024, -6, 55.0512
65.6283, -6, 55.2889
64.5541, -6, 55.4257
63.48, -6, 55.4588
62.4059, -6, 55.3996
61.3318, -6, 55.1472
60.2577, -6, 54.736
59.1836, -6, 55.0802
58.1094, -6, 55.5867
57.0353, -6, 55.7934
55.9612, -6, 55.8911
54.8871, -6, 55.9054
53.813, -6, 55.8561
52.7389, -6, 55.7869
51.6647, -6, 55.7772
50.5906, -6, 56.0066
49.5165, -6, 56.2027
48.4424, -6, 56.0943
47.3683, -6, 56.2759
46.2942, -6, 56.5239
45.22, -6, 56.7657
44.1459, -6, 56.9566
43.0718, -6, 57.086
41.9977, -6, 57.1664
40.9236, -6, 57.0833
39.8495, -6, 56.9209
38.7753, -6, 57.3263
37.7012, -6, 57.5416
36.6271, -6, 57.6478
35.553, -6, 57.7095
34.4789, -6, 57.6959
33.4048, -6, 57.6112
32.3306, -6, 57.516
31.2565, -6, 57.4499
30.1824, -6, 57.4503
29.1083, -6, 57.8883
28.0342, -6, 58.4328
26.9601, -6, 58.9757
25.8859, -6, 59.5249
24.8118, -6, 60.0327
23.7377, -6, 60.5141
22.6636, -6, 61.009
21.5895, -6, 61.5376
20.5154, -6, 61.9582
19.4412, -6, 62.1295
18.3671, -6, 62.0618
17.293, -6, 61.8914
16.2189, -6, 61.7278
15.1448, -6, 61.5727
14.0707, -6, 61.4244
12.9965, -6, 61.2768
11.9224, -6, 61.1146
10.8483, -6, 60.8847
9.77419, -6, 60.2949
8.70008, -6, 60.6238
7.62596, -6, 60.6727
6.55184, -6, 60.5891
5.47773, -6, 60.311
4.40361, -6, 62.3138
3.32949, -6, 60.6818
2.25538, -6, 60.3149
1.18126, -6, 61.9008
0.107143, -6, 58.1776
-0.951128, -6, 58.0265
-2.0094, -6, 58.569
-3.06767, -6, 58.6739
-4.12594, -6, 58.6004
-5.18421, -6, 58.4109
-6.24248, -6, 58.1181
-7.30075, -6, 57.7328
-8.35902, -6, 57.3768
-9.41729, -6, 57.1494
-10.4756, -6, 57.1111
-11.5338, -6, 57.0953
-12.5921, -6, 57.1423
-13.6504, -6, 57.2757
-14.7086, -6, 57.3384
-15.7669, -6, 57.3047
-16.8252, -6, 57.1797
-17.8835, -6, 57.0294
-18.9417, -6, 57.012
98.9261, -7, 65.408
97.8521, -7, 65.9009
96.7782, -7, 66.4714
95.7043, -7, 66.8453
94.6304, -7, 67.0361
93.5564, -7, 67.0677
92.4825, -7, 66.9424
91.4086, -7, 66.799
90.3347, -7, 67.5307
89.2607, -7, 67.2711
88.1868, -7, 67.3444
87.1129, -7, 67.731
86.039, -7, 67.9834
84.9651, -7, 68.1051
83.8911, -7, 68.1351
82.8172, -7, 68.0972
81.7433, -7, 68.0491
80.6694, -7, 68.077
79.5954, -7, 67.7682
78.5215, -7, 67.595
77.4476, -7, 67.3563
76.3737, -7, 67.1409
75.2997, -7, 66.8602
74.2258, -7, 66.4673
73.1519, -7, 65.9112
72.078, -7, 65.1198
71.004, -7, 64.1219
69.9301, -7, 62.7757
68.8562, -7, 63.9633
67.7823, -7, 64.7682
66.7083, -7, 65.3836
65.6344, -7, 65.7657
64.5605, -7, 65.959
63.4866, -7, 65.9815
62.4126, -7, 65.8205
61.3387, -7, 65.4784
60.2648, -7, 64.8879
59.1909, -7, 65.4235
58.1169, -7, 65.9746
57.043, -7, 66.305
55.9691, -7, 66.4336
54.8952, -7, 66.4171
53.8212, -7, 66.2905
52.7473, -7, 66.072
51.6734, -7, 65.7843
50.5995, -7, 65.3694
49.5255, -7, 65.3357
48.4516, -7, 65.9698
47.3777, -7, 66.374
46.3038, -7, 66.7152
45.2298, -7, 66.9724
44.1559, -7, 67.135
43.082, -7, 67.1838
42.0081, -7, 67.0929
40.9341, -7, 66.959
39.8602, -7, 66.9527
38.7863, -7, 67.1679
37.7124, -7, 67.4814
36.6384, -7, 67.7302
35.5645, -7, 67.8461
34.4906, -7, 67.8382
33.4167, -7, 67.7071
32.3427, -7, 67.452
31.2688, -7, 67.184
30.1949, -7, 67.0863
29.121, -7, 67.616
28.047, -7, 68.2881
26.9731, -7, 69.0034
25.8992, -7, 69.5864
24.8253, -7, 70.0799
23.7513, -7, 70.5295
22.6774, -7, 70.9784
21.6035, -7, 71.465
20.5296, -7, 72.0721
19.4556, -7, 72.3237
18.3817, -7, 72.1033
17.3078, -7, 71.9623
16.2339, -7, 71.8372
15.1599, -7, 71.7228
14.086, -7, 71.6215
13.0121, -7, 71.5217
11.9382, -7, 71.4043
10.8642, -7, 71.6542
9.79032, -7, 72.8921
8.7164, -7, 71.7883
7.64247, -7, 71.3138
6.56855, -7, 71.1957
5.49462, -7, 71.4553
4.4207, -7, 71.2325
3.34677, -7, 69.0486
2.27285, -7, 72.1887
1.19892, -7, 70.8164
0.125, -7, 67.4
-0.934211, -7, 68.6604
-1.99342, -7, 68.9175
-3.05263, -7, 68.9293
-4.11184, -7, 68.8295
-5.17105, -7, 68.6443
-6.23026, -7, 68.3597
-7.28947, -7, 67.9326
-8.34868, -7, 67.2825
-9.4079, -7, 66.733
-10.4671, -7, 66.6167
-11.5263, -7, 66.8064
-12.5855, -7, 67.2639
-13.6447, -7, 67.5119
-14.7039, -7, 67.6033
-15.7632, -7, 67.5617
-16.8224, -7, 67.3803
-17.8816, -7, 67.0171
-18.9408, -7, 66.5233
98.9263, -8, 74.6218
97.8525, -8, 76.0467
96.7788, -8, 76.838
95.7051, -8, 77.257
94.6313, -8, 77.4543
93.5576, -8, 77.4739
92.4839, -8, 77.3005
91.4101, -8, 77.0209
90.3364, -8, 77.3846
89.2627, -8, 77.2537
88.1889, -8, 77.6763
87.1152, -8, 78.1403
86.0415, -8, 78.418
84.9677, -8, 78.5487
83.894, -8, 78.573
82.8203, -8, 78.4817
81.7465, -8, 78.1943
80.6728, -8, 77.5053
79.5991, -8, 77.1926
78.5253, -8, 77.6455
77.4516, -8, 77.8087
76.3779, -8, 77.7259
75.3041, -8, 77.498
74.2304, -8, 77.1468
73.1567, -8, 76.6192
72.0829, -8, 75.7795
71.0092, -8, 74.4844
69.9355, -8, 73.2894
68.8617, -8, 74.5449
67.788, -8, 75.6435
66.7143, -8, 76.3445
65.6406, -8, 76.7536
64.5668, -8, 76.9821
63.4931, -8, 77.0585
62.4194, -8, 76.9364
61.3456, -8, 76.6084
60.2719, -8, 76.0528
59.1982, -8, 76.4533
58.1244, -8, 77.0164
57.0507, -8, 77.3027
55.977, -8, 77.3598
54.9032, -8, 77.2736
53.8295, -8, 77.0789
52.7558, -8, 76.7494
51.682, -8, 76.1945
50.6083, -8, 75.1871
49.5346, -8, 75.0866
48.4608, -8, 76.1952
47.3871, -8, 76.8463
46.3134, -8, 77.2491
45.2396, -8, 77.5149
44.1659, -8, 77.6764
43.0922, -8, 77.7158
42.0184, -8, 77.5759
40.9447, -8, 77.2569
39.871, -8, 77.225
38.7972, -8, 77.5481
37.7235, -8, 78.0058
36.6498, -8, 78.3027
35.576, -8, 78.4294
34.5023, -8, 78.4332
33.4286, -8, 78.3122
32.3548, -8, 77.9961
31.2811, -8, 77.4056
30.2074, -8, 76.8682
29.1336, -8, 77.5132
28.0599, -8, 78.6352
26.9862, -8, 79.383
25.9124, -8, 79.9029
24.8387, -8, 80.3152
23.765, -8, 80.6808
22.6912, -8, 81.0368
21.6175, -8, 81.447
20.5438, -8, 82.0884
19.47, -8, 82.3843
18.3963, -8, 82.1325
17.3226, -8, 81.9639
16.2488, -8, 81.8252
15.1751, -8, 81.7226
14.1014, -8, 81.6617
13.0276, -8, 81.6728
11.9539, -8, 81.8294
10.8802, -8, 82.0907
9.80645, -8, 83.1198
8.73272, -8, 81.9121
7.65899, -8, 81.5382
6.58525, -8, 81.2478
5.51152, -8, 81.0946
4.43779, -8, 80.0447
3.36406, -8, 79.7053
2.29032, -8, 82.1937
1.21659, -8, 79.916
0.142857, -8, 79.5223
-0.917293, -8, 79.8263
-1.97744, -8, 79.5943
-3.03759, -8, 79.4314
-4.09774, -8, 79.2871
-5.15789, -8, 79.1204
-6.21805, -8, 78.8945
-7.2782, -8, 78.5477
-8.33835, -8, 77.9274
-9.3985, -8, 76.5637
-10.4586, -8, 76.161
-11.5188, -8, 77.3747
-12.5789, -8, 77.914
-13.6391, -8, 78.1487
-14.6992, -8, 78.2283
-15.7594, -8, 78.1896
-16.8195, -8, 78.0236
-17.8797, -8, 77.6588
-18.9398, -8, 76.8431
98.9265, -9, 85.5716
97.8529, -9, 87.1077
96.7794, -9, 87.7599
95.7058, -9, 88.1111
94.6323, -9, 88.3009
93.5588, -9, 88.3731
92.4852, -9, 88.3454
91.4117, -9, 88.0778
90.3381, -9, 86.7925
89.2646, -9, 87.7857
88.1911, -9, 88.6893
87.1175, -9, 88.9891
86.044, -9, 89.141
84.9704, -9, 89.2153
83.8969, -9, 89.215
82.8233, -9, 89.119
81.7498, -9, 88.82
80.6763, -9, 87.9758
79.6027, -9, 87.5815
78.5292, -9, 88.3502
77.4556, -9, 88.5643
76.3821, -9, 88.5117
75.3086, -9, 88.3394
74.235, -9, 88.079
73.1615, -9, 87.7164
72.0879, -9, 87.1802
71.0144, -9, 86.1054
69.9409, -9, 84.7034
68.8673, -9, 86.3026
67.7938, -9, 87.2774
66.7202, -9, 87.7471
65.6467, -9, 88.0661
64.5732, -9, 88.3029
63.4996, -9, 88.4815
62.4261, -9, 88.6103
61.3525, -9, 88.5309
60.279, -9, 88.1585
59.2055, -9, 88.3623
58.1319, -9, 88.6712
57.0584, -9, 88.6263
55.9848, -9, 88.495
54.9113, -9, 88.3143
53.8377, -9, 88.0687
52.7642, -9, 87.7182
51.6907, -9, 87.1481
50.6171, -9, 86.1466
49.5436, -9, 85.972
48.47, -9, 87.0038
47.3965, -9, 87.6282
46.323, -9, 88.0093
45.2494, -9, 88.2716
44.1759, -9, 88.4543
43.1023, -9, 88.5658
42.0288, -9, 88.5787
40.9553, -9, 88.2753
39.8817, -9, 87.6506
38.8082, -9, 88.6152
37.7346, -9, 89.0382
36.6611, -9, 89.1883
35.5876, -9, 89.254
34.514, -9, 89.2573
33.4405, -9, 89.1944
32.3669, -9, 89.0265
31.2934, -9, 88.4916
30.2199, -9, 86.8992
29.1463, -9, 88.3432
28.0728, -9, 89.4687
26.9992, -9, 89.9769
25.9257, -9, 90.3307
24.8522, -9, 90.6271
23.7786, -9, 90.8991
22.7051, -9, 91.1704
21.6315, -9, 91.4793
20.558, -9, 91.9311
19.4844, -9, 92.1889
18.4109, -9, 92.0193
17.3374, -9, 91.873
16.2638, -9, 91.7803
15.1903, -9, 91.7171
14.1167, -9, 91.688
13.0432, -9, 91.7171
11.9697, -9, 91.881
10.8961, -9, 92.2496
9.82258, -9, 90.7475
8.74904, -9, 91.8265
7.6755, -9, 91.7998
6.60196, -9, 91.5049
5.52842, -9, 90.4936
4.45488, -9, 90.5335
3.38134, -9, 93.3154
2.3078, -9, 91.1186
1.23425, -9, 88.1035
0.160714, -9, 92.5735
-0.900376, -9, 91.0181
-1.96147, -9, 90.3239
-3.02256, -9, 90.0115
-4.08365, -9, 89.8383
-5.14474, -9, 89.712
-6.20583, -9, 89.5837
-7.26692, -9, 89.3984
-8.32801, -9, 89.0367
-9.3891, -9, 87.955
-10.4502, -9, 87.3355
-11.5113, -9, 88.5829
-12.5724, -9, 88.9223
-13.6335, -9, 89.0551
-14.6945, -9, 89.0943
-15.7556, -9, 89.0653
-16.8167, -9, 88.9624
-17.8778, -9, 88.7364
-18.9389, -9, 88.1764
98.9267, -10, 98.0664
97.8533, -10, 98.6559
96.78, -10, 99.0592
95.7066, -10, 99.3168
94.6333, -10, 99.4889
93.5599, -10, 99.6054
92.4866, -10, 99.6492
91.4132, -10, 99.5525
90.3399, -10, 98.409
89.2665, -10, 99.3076
88.1932, -10, 99.9033
87.11981, -10, 100.0375
86.04647, -10, 100.0707
84.97312, -10, 100.0572
83.89977, -10, 100.0111
82.8264, -10, 99.9169
81.7531, -10, 99.7766
80.6797, -10, 99.5334
79.6064, -10, 99.2083
78.533, -10, 99.5694
77.4597, -10, 99.5147
76.3863, -10, 99.4498
75.313, -10, 99.3411
74.2396, -10, 99.2021
73.1663, -10, 99.0377
72.0929, -10, 98.8575
71.0196, -10, 98.7693
69.9462, -10, 97.8723
68.8729, -10, 98.9526
67.7995, -10, 99.1268
66.7262, -10, 99.3695
65.6528, -10, 99.5916
64.5795, -10, 99.8153
63.50615, -10, 100.0629
62.4328, -10, 100.3492
61.35945, -10, 100.7948
60.2861, -10, 100.9761
59.21275, -10, 101.0226
58.1394, -10, 100.4377
57.06605, -10, 100.0593
55.9927, -10, 99.7633
54.9194, -10, 99.489
53.846, -10, 99.2094
52.7727, -10, 98.884
51.6993, -10, 98.5104
50.626, -10, 98.0503
49.5526, -10, 97.7979
48.4793, -10, 98.3196
47.4059, -10, 98.6565
46.3326, -10, 98.9624
45.2592, -10, 99.209
44.1859, -10, 99.4202
43.1125, -10, 99.6059
42.0392, -10, 99.7721
40.9658, -10, 99.9291
39.8925, -10, 99.4687
38.81913, -10, 100.1637
37.74578, -10, 100.2098
36.67243, -10, 100.2394
35.59908, -10, 100.2443
34.52573, -10, 100.2368
33.45238, -10, 100.217
32.37903, -10, 100.1731
31.30568, -10, 100.1097
30.2323, -10, 99.0509
29.15899, -10, 100.1232
28.08564, -10, 100.4479
27.01229, -10, 100.6495
25.93894, -10, 100.8265
24.86559, -10, 100.9927
23.79224, -10, 101.1574
22.71889, -10, 101.3255
21.64555, -10, 101.5014
20.5722, -10, 101.6474
19.49885, -10, 101.7594
18.4255, -10, 101.7542
17.35215, -10, 101.7289
16.2788, -10, 101.6995
15.20545, -10, 101.6709
14.1321, -10, 101.6646
13.05876, -10, 101.6792
11.98541, -10, 101.6792
10.91206, -10, 101.6518
9.83871, -10, 102.1227
8.765361, -10, 101.7816
7.692012, -10, 101.748
6.618664, -10, 101.7942
5.545315, -10, 101.994
4.471966, -10, 103.6318
3.398618, -10, 102.2894
2.32527, -10, 99.2111
1.25192, -10, 99.7058
0.1785714, -10, 102.5647
-0.8834587, -10, 101.7383
-1.945489, -10, 100.8516
-3.007519, -10, 100.4943
-4.069549, -10, 100.3403
-5.131579, -10, 100.2855
-6.193609, -10, 100.2831
-7.255639, -10, 100.3037
-8.317669, -10, 100.3201
-9.3797, -10, 100.272
-10.44173, -10, 100.1352
-11.50376, -10, 100.1257
-12.56579, -10, 100.111
-13.62782, -10, 100.0952
-14.68985, -10, 100.0794
-15.75188, -10, 100.0635
-16.81391, -10, 100.0476
-17.87594, -10, 100.0316
-18.93797, -10, 100.0154
98.92684, -11, 110.7829
97.85368, -11, 110.5643
96.78053, -11, 110.5387
95.70737, -11, 110.6119
94.63422, -11, 110.7276
93.56106, -11, 110.8751
92.4879, -11, 111.0575
91.41475, -11, 111.2223
90.34159, -11, 112.0321
89.26843, -11, 111.4525
88.19527, -11, 111.2378
87.12212, -11, 111.1106
86.04897, -11, 110.9975
84.97581, -11, 110.9141
83.90265, -11, 110.8559
82.82949, -11, 110.8375
81.75634, -11, 110.8982
80.68318, -11, 111.2565
79.61002, -11, 111.6436
78.53687, -11, 110.8779
77.46371, -11, 110.6432
76.39056, -11, 110.4943
75.3174, -11, 110.4163
74.24424, -11, 110.3897
73.17108, -11, 110.4475
72.09792, -11, 110.6757
71.02477, -11, 111.1853
69.95161, -11, 112.62
68.87846, -11, 111.3611
67.8053, -11, 111.0522
66.73214, -11, 110.9591
65.65899, -11, 111.0291
64.58583, -11, 111.2122
63.51267, -11, 111.5162
62.43952, -11, 112.0058
61.36636, -11, 112.7346
60.2932, -11, 114.2386
59.22005, -11, 113.2154
58.14689, -11, 112.1338
57.07373, -11, 111.4418
56.00058, -11, 110.9741
54.92742, -11, 110.6408
53.85426, -11, 110.3817
52.7811, -11, 110.1892
51.70795, -11, 110.056
50.63479, -11, 110.0586
49.56163, -11, 110.087
48.48848, -11, 109.831
47.41532, -11, 109.8984
46.34217, -11, 110.0325
45.26901, -11, 110.2217
44.19585, -11, 110.4427
43.1227, -11, 110.7121
42.04954, -11, 111.0651
40.97638, -11, 111.5362
39.90322, -11, 112.5374
38.83007, -11, 111.6758
37.75691, -11, 111.4343
36.68375, -11, 111.2879
35.6106, -11, 111.2199
34.53744, -11, 111.2043
33.46429, -11, 111.2402
32.39113, -11, 111.3627
31.31797, -11, 111.6405
30.24482, -11, 113.0397
29.17166, -11, 111.9182
28.0985, -11, 111.4613
27.02534, -11, 111.338
25.95219, -11, 111.3227
24.87903, -11, 111.3548
23.80588, -11, 111.4082
22.73272, -11, 111.4676
21.65956, -11, 111.4942
20.5864, -11, 111.417
19.51325, -11, 111.3444
18.44009, -11, 111.449
17.36694, -11, 111.4951
16.29378, -11, 111.4745
15.22062, -11, 111.4433
14.14747, -11, 111.4266
13.07431, -11, 111.43
12.00115, -11, 111.3907
10.928, -11, 111.1578
9.854838, -11, 112.4517
8.781682, -11, 111.5473
7.708525, -11, 111.5247
6.635369, -11, 111.824
5.562212, -11, 112.9568
4.489055, -11, 112.7222
3.415899, -11, 110.3896
2.342742, -11, 107.7971
1.269585, -11, 112.0721
0.1964286, -11, 111.9025
-0.8665413, -11, 111.3927
-1.929511, -11, 111.0021
-2.992481, -11, 110.7431
-4.055451, -11, 110.6774
-5.118421, -11, 110.7289
-6.181391, -11, 110.8701
-7.244361, -11, 111.1049
-8.307331, -11, 111.5025
-9.3703, -11, 112.4703
-10.43327, -11, 112.9946
-11.49624, -11, 111.6759
-12.55921, -11, 111.3016
-13.62218, -11, 111.1358
-14.68515, -11, 111.0641
-15.74812, -11, 111.061
-16.81109, -11, 111.1318
-17.87406, -11, 111.3255
-18.93703, -11, 111.8532
98.92703, -12, 123.383
97.85407, -12, 122.3133
96.7811, -12, 121.9952
95.70814, -12, 121.9057
94.63518, -12, 121.9396
93.56221, -12, 122.0731
92.48925, -12, 122.3301
91.41628, -12, 122.9054
90.34332, -12, 124.3561
89.27036, -12, 123.5831
88.19739, -12, 122.4851
87.12442, -12, 122.0749
86.05146, -12, 121.8624
84.97849, -12, 121.7399
83.90553, -12, 121.6862
82.83257, -12, 121.7106
81.7596, -12, 121.8837
80.68664, -12, 122.5411
79.61367, -12, 122.9484
78.5407, -12, 121.9727
77.46774, -12, 121.6616
76.39478, -12, 121.5322
75.32182, -12, 121.4958
74.24885, -12, 121.5553
73.17588, -12, 121.7431
72.10292, -12, 122.148
71.02995, -12, 123.0897
69.95699, -12, 125.0929
68.88403, -12, 123.2454
67.81106, -12, 122.5526
66.7381, -12, 122.3106
65.66513, -12, 122.2757
64.59216, -12, 122.3985
63.5192, -12, 122.6824
62.44624, -12, 123.1742
61.37327, -12, 124.0133
60.30031, -12, 125.6857
59.22734, -12, 124.5941
58.15438, -12, 123.2764
57.08141, -12, 122.5154
56.00845, -12, 122.0241
54.93548, -12, 121.6936
53.86252, -12, 121.4776
52.78955, -12, 121.3537
51.71659, -12, 121.3454
50.64362, -12, 121.6423
49.57066, -12, 121.7103
48.4977, -12, 121.1696
47.42473, -12, 121.0669
46.35176, -12, 121.1183
45.2788, -12, 121.2482
44.20584, -12, 121.4524
43.13287, -12, 121.7389
42.05991, -12, 122.1566
40.98694, -12, 122.9287
39.91398, -12, 124.2335
38.84101, -12, 122.9995
37.76805, -12, 122.4656
36.69508, -12, 122.234
35.62212, -12, 122.1254
34.54916, -12, 122.1066
33.47619, -12, 122.1796
32.40322, -12, 122.3802
31.33026, -12, 122.9195
30.2573, -12, 124.7481
29.18433, -12, 123.3387
28.11137, -12, 122.3166
27.0384, -12, 121.9557
25.96544, -12, 121.7784
24.89247, -12, 121.68
23.81951, -12, 121.6196
22.74654, -12, 121.5652
21.67358, -12, 121.4854
20.60061, -12, 121.3051
19.52765, -12, 121.0943
18.45469, -12, 121.1952
17.38172, -12, 121.1698
16.30876, -12, 121.1431
15.23579, -12, 121.1068
14.16283, -12, 121.0523
13.08986, -12, 120.9834
12.0169, -12, 120.9673
10.94393, -12, 121.1415
9.870968, -12, 119.3239
8.798003, -12, 120.9527
7.725039, -12, 121.2285
6.652074, -12, 121.2636
5.579109, -12, 121.1853
4.506145, -12, 120.53
3.43318, -12, 118.6146
2.360215, -12, 118.6687
1.28725, -12, 122.1342
0.2142857, -12, 120.6496
-0.849624, -12, 120.3923
-1.913534, -12, 120.5965
-2.977444, -12, 120.7385
-4.041353, -12, 120.8937
-5.105263, -12, 121.0767
-6.169173, -12, 121.3205
-7.233083, -12, 121.6844
-8.296992, -12, 122.3196
-9.360902, -12, 123.6731
-10.42481, -12, 124.1543
-11.48872, -12, 122.9024
-12.55263, -12, 122.3146
-13.61654, -12, 122.0424
-14.68045, -12, 121.9286
-15.74436, -12, 121.9343
-16.80827, -12, 122.0679
-17.87218, -12, 122.4005
-18.93609, -12, 123.1844
98.92723, -13, 134.7782
97.85445, -13, 133.7607
96.78168, -13, 133.2148
95.70891, -13, 132.9941
94.63614, -13, 132.9615
93.56336, -13, 133.0833
92.49059, -13, 133.4161
91.41782, -13, 134.0585
90.34505, -13, 134.8481
89.27227, -13, 134.4899
88.1995, -13, 133.4773
87.12673, -13, 132.8964
86.05396, -13, 132.594
84.98119, -13, 132.4397
83.90841, -13, 132.3851
82.83564, -13, 132.4372
81.76286, -13, 132.6333
80.69009, -13, 132.9283
79.61732, -13, 132.8218
78.54455, -13, 132.6961
77.47177, -13, 132.4453
76.399, -13, 132.3292
75.32623, -13, 132.326
74.25346, -13, 132.4335
73.18069, -13, 132.6877
72.10791, -13, 133.1713
71.03514, -13, 133.9969
69.96236, -13, 134.4366
68.88959, -13, 134.1567
67.81682, -13, 133.514
66.74405, -13, 133.193
65.67127, -13, 133.0914
64.5985, -13, 133.1536
63.52573, -13, 133.369
62.45296, -13, 133.7597
61.38018, -13, 134.4226
60.30741, -13, 135.1453
59.23464, -13, 134.7969
58.16187, -13, 133.7765
57.08909, -13, 133.1298
56.01632, -13, 132.6991
54.94355, -13, 132.4144
53.87078, -13, 132.249
52.798, -13, 132.2008
51.72523, -13, 132.287
50.65246, -13, 132.4699
49.57969, -13, 132.383
48.50691, -13, 132.188
47.43414, -13, 132.0114
46.36137, -13, 131.9672
45.28859, -13, 132.0426
44.21582, -13, 132.2213
43.14305, -13, 132.516
42.07028, -13, 132.9738
40.99751, -13, 133.6442
39.92473, -13, 134.0467
38.85196, -13, 133.7287
37.77919, -13, 133.2303
36.70641, -13, 132.9256
35.63364, -13, 132.7826
34.56087, -13, 132.7626
33.48809, -13, 132.8669
32.41532, -13, 133.1449
31.34255, -13, 133.6534
30.26978, -13, 133.9245
29.197, -13, 133.7549
28.12423, -13, 132.9404
27.05146, -13, 132.4138
25.97869, -13, 132.1067
24.90591, -13, 131.9089
23.83314, -13, 131.7611
22.76037, -13, 131.6247
21.6876, -13, 131.4709
20.61482, -13, 131.2124
19.54205, -13, 131.0006
18.46928, -13, 130.9747
17.39651, -13, 130.9425
16.32373, -13, 130.9036
15.25096, -13, 130.8484
14.17819, -13, 130.7833
13.10541, -13, 130.7112
12.03264, -13, 130.6321
10.95987, -13, 130.5794
9.887096, -13, 130.5979
8.814324, -13, 130.6089
7.741551, -13, 130.7791
6.668779, -13, 130.8
5.596006, -13, 130.0012
4.523233, -13, 127.9331
3.450461, -13, 128.466
2.377688, -13, 132.3189
1.304916, -13, 131.7008
0.2321429, -13, 129.3218
-0.8327067, -13, 129.294
-1.897556, -13, 130.0713
-2.962406, -13, 130.6581
-4.027256, -13, 131.0305
-5.092105, -13, 131.3216
-6.156955, -13, 131.6249
-7.221805, -13, 132.0288
-8.286654, -13, 132.6665
-9.351503, -13, 133.3701
-10.41635, -13, 133.6809
-11.4812, -13, 133.4693
-12.54605, -13, 132.9679
-13.6109, -13, 132.6794
-14.67575, -13, 132.5519
-15.7406, -13, 132.5598
-16.80545, -13, 132.7088
-17.8703, -13, 133.0406
-18.93515, -13, 133.5075
98.92742, -14, 144.7175
97.85484, -14, 144.4342
96.78226, -14, 144.0301
95.70968, -14, 143.7967
94.6371, -14, 143.7253
93.56451, -14, 143.7997
92.49194, -14, 144.0083
91.41936, -14, 144.2786
90.34677, -14, 144.4925
89.27419, -14, 144.1975
88.20161, -14, 143.8313
87.12904, -14, 143.4209
86.05645, -14, 143.1397
84.98387, -14, 142.9748
83.91129, -14, 142.9036
82.83871, -14, 142.9043
81.76613, -14, 142.9294
80.69355, -14, 142.6827
79.62096, -14, 142.5073
78.54839, -14, 142.8817
77.47581, -14, 142.8711
76.40323, -14, 142.8319
75.33064, -14, 142.857
74.25806, -14, 142.9729
73.18549, -14, 143.204
72.1129, -14, 143.5683
71.04032, -14, 143.8623
69.96774, -14, 143.8828
68.89516, -14, 144.0077
67.82258, -14, 143.8124
66.75, -14, 143.5605
65.67742, -14, 143.4429
64.60484, -14, 143.4499
63.53226, -14, 143.5677
62.45968, -14, 143.7861
61.3871, -14, 144.0141
60.31452, -14, 144.0777
59.24194, -14, 143.9085
58.16935, -14, 143.67
57.09678, -14, 143.2804
56.02419, -14, 142.9744
54.95161, -14, 142.7673
53.87903, -14, 142.6548
52.80645, -14, 142.6415
51.73387, -14, 142.7197
50.66129, -14, 142.697
49.58871, -14, 142.6561
48.51613, -14, 142.6914
47.44355, -14, 142.5586
46.37097, -14, 142.5012
45.29839, -14, 142.5458
44.22581, -14, 142.6895
43.15322, -14, 142.9378
42.08065, -14, 143.2976
41.00806, -14, 143.6341
39.93548, -14, 143.8155
38.8629, -14, 143.7217
37.79032, -14, 143.4956
36.71774, -14, 143.2606
35.64516, -14, 143.1342
34.57258, -14, 143.1166
33.5, -14, 143.2093
32.42742, -14, 143.4147
31.35484, -14, 143.6193
30.28226, -14, 143.2347
29.20968, -14, 143.285
28.1371, -14, 143.0581
27.06452, -14, 142.6146
25.99194, -14, 142.2757
24.91936, -14, 142.0259
23.84678, -14, 141.8247
22.77419, -14, 141.6305
21.70161, -14, 141.3926
20.62903, -14, 141.1191
19.55645, -14, 140.9551
18.48387, -14, 140.809
17.41129, -14, 140.7768
16.33871, -14, 140.7017
15.26613, -14, 140.6102
14.19355, -14, 140.5244
13.12097, -14, 140.4518
12.04839, -14, 140.3415
10.97581, -14, 140.0358
9.903226, -14, 141.9181
8.830646, -14, 140.4823
7.758065, -14, 140.5665
6.685484, -14, 140.8577
5.612903, -14, 141.2452
4.540323, -14, 140.2486
3.467742, -14, 141.3134
2.395161, -14, 141.9089
1.322581, -14, 139.9903
0.25, -14, 138.06
-0.8157895, -14, 138.6457
-1.881579, -14, 139.978
-2.947368, -14, 140.6625
-4.013158, -14, 141.0822
-5.078948, -14, 141.4142
-6.144737, -14, 141.7433
-7.210526, -14, 142.1192
-8.276316, -14, 142.4823
-9.342105, -14, 142.8449
-10.4079, -14, 143.1758
-11.47368, -14, 143.1528
-12.53947, -14, 143.079
-13.60526, -14, 142.9116
-14.67105, -14, 142.814
-15.73684, -14, 142.8145
-16.80263, -14, 142.9084
-17.86842, -14, 143.031
-18.93421, -14, 143.0194
98.92761, -15, 154.2246
97.85522, -15, 154.2357
96.78284, -15, 154.1485
95.71045, -15, 154.0087
94.63805, -15, 153.9343
93.56567, -15, 153.9315
92.49328, -15, 153.9346
91.42089, -15, 153.8789
90.3485, -15, 153.7433
89.27612, -15, 153.7027
88.20373, -15, 153.5918
87.13134, -15, 153.4581
86.05894, -15, 153.2859
84.98656, -15, 153.151
83.91417, -15, 153.063
82.84178, -15, 152.9857
81.76939, -15, 152.8268
80.69701, -15, 152.5801
79.62462, -15, 152.5172
78.55223, -15, 152.7185
77.47984, -15, 152.8794
76.40745, -15, 152.9492
75.33506, -15, 153.002
74.26267, -15, 153.094
73.19028, -15, 153.228
72.1179, -15, 153.3309
71.04551, -15, 153.4131
69.97312, -15, 153.5456
68.90073, -15, 153.4652
67.82834, -15, 153.4459
66.75595, -15, 153.4105
65.68356, -15, 153.346
64.61118, -15, 153.3212
63.53879, -15, 153.3278
62.4664, -15, 153.2947
61.39401, -15, 153.1625
60.32162, -15, 152.8755
59.24923, -15, 152.9681
58.17684, -15, 153.045
57.10445, -15, 153.0126
56.03207, -15, 152.8929
54.95968, -15, 152.7789
53.88729, -15, 152.7045
52.8149, -15, 152.6685
51.74251, -15, 152.655
50.67012, -15, 152.7837
49.59773, -15, 152.8758
48.52534, -15, 152.6979
47.45296, -15, 152.6619
46.38057, -15, 152.6627
45.30818, -15, 152.7025
44.23579, -15, 152.8005
43.1634, -15, 152.9494
42.09101, -15, 153.1027
41.01862, -15, 153.2979
39.94624, -15, 153.482
38.87385, -15, 153.3166
37.80146, -15, 153.2138
36.72907, -15, 153.1552
35.65668, -15, 153.0952
34.58429, -15, 153.0801
33.51191, -15, 153.1087
32.43952, -15, 153.1222
31.36713, -15, 153.0771
30.29474, -15, 153.1087
29.22235, -15, 152.853
28.14996, -15, 152.659
27.07757, -15, 152.4559
26.00518, -15, 152.2045
24.9328, -15, 151.9678
23.86041, -15, 151.7481
22.78802, -15, 151.5211
21.71563, -15, 151.2701
20.64324, -15, 151.0132
19.57085, -15, 150.8122
18.49846, -15, 150.7335
17.42608, -15, 150.5846
16.35369, -15, 150.4552
15.2813, -15, 150.3281
14.20891, -15, 150.1892
13.13652, -15, 150.0384
12.06413, -15, 149.9385
10.99174, -15, 150.0349
9.919354, -15, 148.3663
8.846966, -15, 150.1867
7.774578, -15, 150.5667
6.702189, -15, 150.9729
5.6298, -15, 152.1291
4.557412, -15, 152.9257
3.485023, -15, 151.5513
2.412634, -15, 150.1303
1.340246, -15, 148.539
0.2678571, -15, 147.1006
-0.7988722, -15, 149.236
-1.865602, -15, 150.2138
-2.932331, -15, 150.7172
-3.99906, -15, 151.0775
-5.06579, -15, 151.3764
-6.132519, -15, 151.6442
-7.199248, -15, 151.8969
-8.265978, -15, 152.1468
-9.332706, -15, 152.4141
-10.39944, -15, 152.6654
-11.46617, -15, 152.6543
-12.5329, -15, 152.6352
-13.59962, -15, 152.6156
-14.66635, -15, 152.5961
-15.73308, -15, 152.577
-16.79981, -15, 152.5578
-17.86654, -15, 152.5386
-18.93327, -15, 152.5192
98.9278, -16, 163.8282
97.85561, -16, 163.7454
96.78341, -16, 163.68
95.71121, -16, 163.6197
94.63902, -16, 163.5653
93.56682, -16, 163.519
92.49462, -16, 163.4816
91.42242, -16, 163.4335
90.35023, -16, 163.1466
89.27803, -16, 163.2084
88.20583, -16, 163.2234
87.13364, -16, 163.1266
86.06145, -16, 163.0334
84.98925, -16, 162.9481
83.91705, -16, 162.8668
82.84486, -16, 162.7852
81.77266, -16, 162.7024
80.70046, -16, 162.644
79.62827, -16, 162.629
78.55607, -16, 162.6302
77.48387, -16, 162.6709
76.41167, -16, 162.7213
75.33948, -16, 162.7704
74.26728, -16, 162.8177
73.19508, -16, 162.8643
72.12289, -16, 162.9139
71.05069, -16, 162.9878
69.97849, -16, 163.1552
68.9063, -16, 162.9491
67.8341, -16, 162.8954
66.7619, -16, 162.874
65.6897, -16, 162.8527
64.61751, -16, 162.8177
63.54531, -16, 162.7548
62.47312, -16, 162.6424
61.40092, -16, 162.4387
60.32872, -16, 162.0074
59.25653, -16, 162.1983
58.18433, -16, 162.4315
57.11214, -16, 162.5103
56.03994, -16, 162.5156
54.96774, -16, 162.487
53.89555, -16, 162.4498
52.82335, -16, 162.428
51.75115, -16, 162.454
50.67896, -16, 162.6148
49.60676, -16, 162.7695
48.53456, -16, 162.5441
47.46236, -16, 162.4943
46.39017, -16, 162.4961
45.31797, -16, 162.5276
44.24578, -16, 162.5786
43.17358, -16, 162.644
42.10138, -16, 162.7223
41.02919, -16, 162.8173
39.95699, -16, 163.0489
38.88479, -16, 162.8112
37.8126, -16, 162.7448
36.7404, -16, 162.7133
35.6682, -16, 162.6947
34.596, -16, 162.6778
33.52381, -16, 162.6541
32.45161, -16, 162.6182
31.37942, -16, 162.5896
30.30722, -16, 162.8148
29.23502, -16, 162.5038
28.16283, -16, 162.2387
27.09063, -16, 162.0768
26.01843, -16, 161.9054
24.94624, -16, 161.7219
23.87404, -16, 161.5323
22.80184, -16, 161.3439
21.72965, -16, 161.163
20.65745, -16, 160.9443
19.58525, -16, 160.7191
18.51306, -16, 160.6418
17.44086, -16, 160.4659
16.36866, -16, 160.2969
15.29647, -16, 160.1382
14.22427, -16, 159.9708
13.15207, -16, 159.7912
12.07988, -16, 159.6266
11.00768, -16, 159.512
9.935484, -16, 158.9927
8.863287, -16, 159.6583
7.79109, -16, 160.0582
6.718894, -16, 160.4
5.646698, -16, 160.666
4.574501, -16, 160.5306
3.502304, -16, 159.4875
2.430108, -16, 158.1791
1.357911, -16, 156.8432
0.2857143, -16, 158.9413
-0.7819549, -16, 160.5044
-1.849624, -16, 160.6647
-2.917293, -16, 160.856
-3.984962, -16, 161.0577
-5.052631, -16, 161.259
-6.120301, -16, 161.4581
-7.18797, -16, 161.6577
-8.255639, -16, 161.8577
-9.323308, -16, 162.0541
-10.39098, -16, 162.169
-11.45865, -16, 162.1537
-12.52632, -16, 162.1381
-13.59398, -16, 162.119
-14.66165, -16, 162.0992
-15.72932, -16, 162.0794
-16.79699, -16, 162.0594
-17.86466, -16, 162.0392
-18.93233, -16, 162.0189
98.92799, -17, 173.3798
97.85599, -17, 173.2331
96.78399, -17, 173.1496
95.71198, -17, 173.0917
94.63998, -17, 173.0457
93.56797, -17, 173.008
92.49596, -17, 172.973
91.42397, -17, 172.9235
90.35196, -17, 172.8942
89.27995, -17, 172.8239
88.20795, -17, 172.7915
87.13595, -17, 172.7463
86.06394, -17, 172.6934
84.99194, -17, 172.6456
83.91993, -17, 172.605
82.84792, -17, 172.5758
81.77592, -17, 172.5812
80.70392, -17, 172.6635
79.63191, -17, 172.6961
78.55991, -17, 172.5502
77.4879, -17, 172.4837
76.4159, -17, 172.4668
75.3439, -17, 172.4677
74.27189, -17, 172.4751
73.19988, -17, 172.4875
72.12788, -17, 172.5104
71.05588, -17, 172.5437
69.98387, -17, 172.5418
68.91187, -17, 172.4499
67.83986, -17, 172.3919
66.76786, -17, 172.3598
65.69585, -17, 172.3327
64.62385, -17, 172.2942
63.55184, -17, 172.2298
62.47984, -17, 172.119
61.40783, -17, 171.9189
60.33583, -17, 171.5991
59.26382, -17, 171.6938
58.19182, -17, 171.9613
57.11982, -17, 172.0833
56.04781, -17, 172.1333
54.97581, -17, 172.1485
53.9038, -17, 172.1517
52.8318, -17, 172.161
51.75979, -17, 172.1923
50.68779, -17, 172.2762
49.61578, -17, 172.3136
48.54378, -17, 172.2778
47.47178, -17, 172.2462
46.39977, -17, 172.2349
45.32777, -17, 172.239
44.25576, -17, 172.2546
43.18375, -17, 172.2763
42.11175, -17, 172.2927
41.03975, -17, 172.291
39.96774, -17, 172.2398
38.89574, -17, 172.2773
37.82373, -17, 172.2711
36.75173, -17, 172.2545
35.67972, -17, 172.2382
34.60772, -17, 172.2211
33.53571, -17, 172.2004
32.46371, -17, 172.1799
31.3917, -17, 172.1764
30.3197, -17, 172.1383
29.2477, -17, 172.0664
28.17569, -17, 171.9039
27.10369, -17, 171.7491
26.03168, -17, 171.6066
24.95968, -17, 171.4624
23.88767, -17, 171.3172
22.81567, -17, 171.1769
21.74366, -17, 171.0451
20.67166, -17, 170.918
19.59966, -17, 170.7674
18.52765, -17, 170.5173
17.45564, -17, 170.3716
16.38364, -17, 170.224
15.31164, -17, 170.0697
14.23963, -17, 169.9002
13.16763, -17, 169.695
12.09562, -17, 169.3882
11.02362, -17, 168.8692
9.951612, -17, 170.9561
8.879608, -17, 169.2204
7.807604, -17, 169.4834
6.735599, -17, 169.8252
5.663594, -17, 169.4833
4.59159, -17, 168.0466
3.519585, -17, 167.3965
2.447581, -17, 169.1859
1.375576, -17, 170.215
0.3035714, -17, 172.9108
-0.7650376, -17, 171.7752
-1.833647, -17, 171.1296
-2.902256, -17, 171.0298
-3.970865, -17, 171.0757
-5.039474, -17, 171.1735
-6.108083, -17, 171.2946
-7.176692, -17, 171.4291
-8.2453, -17, 171.5716
-9.31391, -17, 171.6994
-10.38252, -17, 171.6742
-11.45113, -17, 171.6585
-12.51974, -17, 171.6396
-13.58835, -17, 171.6207
-14.65695, -17, 171.601
-15.72556, -17, 171.5807
-16.79417, -17, 171.5602
-17.86278, -17, 171.5398
-18.93139, -17, 171.5198
98.92818, -18, 182.812
97.85638, -18, 182.6692
96.78456, -18, 182.5854
95.71275, -18, 182.5296
94.64094, -18, 182.4881
93.56912, -18, 182.4544
92.49731, -18, 182.426
91.4255, -18, 182.4162
90.35368, -18, 182.5749
89.28188, -18, 182.4547
88.21006, -18, 182.3475
87.13825, -18, 182.3298
86.06644, -18, 182.3218
84.99462, -18, 182.319
83.92281, -18, 182.3249
82.851, -18, 182.3472
81.77918, -18, 182.402
80.70737, -18, 182.5264
79.63556, -18, 182.5848
78.56375, -18, 182.3829
77.49194, -18, 182.2811
76.42012, -18, 182.2166
75.34831, -18, 182.1718
74.2765, -18, 182.1386
73.20468, -18, 182.1127
72.13287, -18, 182.0903
71.06106, -18, 182.0564
69.98925, -18, 181.9439
68.91743, -18, 181.9511
67.84562, -18, 181.9216
66.77381, -18, 181.9004
65.702, -18, 181.8811
64.63019, -18, 181.8542
63.55837, -18, 181.8086
62.48656, -18, 181.7283
61.41475, -18, 181.5952
60.34293, -18, 181.4545
59.27112, -18, 181.5069
58.19931, -18, 181.6435
57.12749, -18, 181.7524
56.05568, -18, 181.812
54.98387, -18, 181.8441
53.91206, -18, 181.8638
52.84024, -18, 181.8821
51.76843, -18, 181.9059
50.69662, -18, 181.8731
49.62481, -18, 181.8251
48.55299, -18, 181.9474
47.48118, -18, 181.9331
46.40937, -18, 181.9131
45.33756, -18, 181.8975
44.26574, -18, 181.8841
43.19393, -18, 181.8688
42.12212, -18, 181.8431
41.05031, -18, 181.7695
39.97849, -18, 181.4869
38.90668, -18, 181.7481
37.83487, -18, 181.7974
36.76306, -18, 181.8045
35.69125, -18, 181.8013
34.61943, -18, 181.7945
33.54762, -18, 181.786
32.47581, -18, 181.7747
31.40399, -18, 181.7426
30.33218, -18, 181.5342
29.26037, -18, 181.5852
28.18856, -18, 181.5664
27.11674, -18, 181.4586
26.04493, -18, 181.3433
24.97312, -18, 181.2284
23.90131, -18, 181.1156
22.82949, -18, 181.0065
21.75768, -18, 180.907
20.68587, -18, 180.8646
19.61406, -18, 180.7723
18.54224, -18, 180.455
17.47043, -18, 180.2898
16.39862, -18, 180.1644
15.32681, -18, 180.0345
14.25499, -18, 179.8734
13.18318, -18, 179.6507
12.11137, -18, 179.3275
11.03955, -18, 178.9409
9.967742, -18, 177.3621
8.895929, -18, 178.9205
7.824117, -18, 179.527
6.752304, -18, 179.9757
5.680491, -18, 180.3822
4.608679, -18, 180.4401
3.536866, -18, 179.5349
2.465054, -18, 182.0012
1.393241, -18, 183.9404
0.3214286, -18, 183.1084
-0.7481203, -18, 182.3319
-1.817669, -18, 181.4227
-2.887218, -18, 181.138
-3.956767, -18, 181.0604
-5.026316, -18, 181.0648
-6.095865, -18, 181.109
-7.165413, -18, 181.1745
-8.234962, -18, 181.2475
-9.304511, -18, 181.2848
-10.37406, -18, 181.1863
-11.44361, -18, 181.1653
-12.51316, -18, 181.1444
-13.58271, -18, 181.1237
-14.65226, -18, 181.1031
-15.7218, -18, 181.0825
-16.79135, -18, 181.0619
-17.8609, -18, 181.0413
-18.93045, -18, 181.0207
98.92838, -19, 192.1143
97.85676, -19, 192.0205
96.78514, -19, 191.962
95.71352, -19, 191.9211
94.6419, -19, 191.8909
93.57027, -19, 191.8683
92.49866, -19, 191.8569
91.42703, -19, 191.8791
90.35542, -19, 191.9657
89.28379, -19, 191.9419
88.21217, -19, 191.8847
87.14056, -19, 191.8902
86.06893, -19, 191.9191
84.99731, -19, 191.9565
83.92569, -19, 192.0015
82.85407, -19, 192.058
81.78245, -19, 192.1329
80.71083, -19, 192.2501
79.63921, -19, 192.2739
78.56759, -19, 192.1123
77.49596, -19, 192.0047
76.42435, -19, 191.917
75.35273, -19, 191.8402
74.2811, -19, 191.7702
73.20949, -19, 191.7034
72.13786, -19, 191.6342
71.06625, -19, 191.5525
69.99462, -19, 191.4571
68.923, -19, 191.4665
67.85138, -19, 191.4783
66.77976, -19, 191.4854
65.70814, -19, 191.4924
64.63652, -19, 191.4952
63.5649, -19, 191.4889
62.49328, -19, 191.4707
61.42166, -19, 191.4496
60.35004, -19, 191.4078
59.27842, -19, 191.4316
58.2068, -19, 191.4896
57.13518, -19, 191.5335
56.06356, -19, 191.5699
54.99194, -19, 191.5938
53.92031, -19, 191.6099
52.84869, -19, 191.6212
51.77707, -19, 191.6184
50.70545, -19, 191.5693
49.63383, -19, 191.5401
48.56221, -19, 191.5893
47.49059, -19, 191.5918
46.41897, -19, 191.5658
45.34735, -19, 191.5333
44.27573, -19, 191.4982
43.20411, -19, 191.4581
42.13249, -19, 191.4028
41.06087, -19, 191.3101
39.98925, -19, 191.2111
38.91763, -19, 191.2782
37.846, -19, 191.3394
36.77439, -19, 191.3645
35.70277, -19, 191.375
34.63115, -19, 191.3795
33.55952, -19, 191.379
32.4879, -19, 191.3681
31.41628, -19, 191.3222
30.34466, -19, 191.2163
29.27304, -19, 191.2139
28.20142, -19, 191.2181
27.1298, -19, 191.1575
26.05818, -19, 191.075
24.98656, -19, 190.9883
23.91494, -19, 190.9018
22.84332, -19, 190.8186
21.7717, -19, 190.7477
20.70008, -19, 190.7276
19.62846, -19, 190.6246
18.55684, -19, 190.4434
17.48521, -19, 190.3173
16.4136, -19, 190.2155
15.34197, -19, 190.1193
14.27035, -19, 190.0086
13.19873, -19, 189.8688
12.12711, -19, 189.6934
11.05549, -19, 189.3015
9.983871, -19, 187.4459
8.912251, -19, 188.992
7.84063, -19, 189.7683
6.769009, -19, 190.3109
5.697389, -19, 191.3742
4.625768, -19, 192.9303
3.554147, -19, 192.6316
2.482527, -19, 192.5104
1.410906, -19, 192.3006
0.3392857, -19, 191.8074
-0.731203, -19, 191.5654
-1.801692, -19, 191.2595
-2.87218, -19, 190.999
-3.942669, -19, 190.8817
-5.013158, -19, 190.8324
-6.083647, -19, 190.8179
-7.154135, -19, 190.8205
-8.224624, -19, 190.8225
-9.295113, -19, 190.7675
-10.3656, -19, 190.6975
-11.43609, -19, 190.6714
-12.50658, -19, 190.6495
-13.57707, -19, 190.628
-14.64756, -19, 190.6066
-15.71805, -19, 190.5853
-16.78853, -19, 190.564
-17.85902, -19, 190.5427
-18.92951, -19, 190.5215
2.017, 0.8, -6.2594
3.0821, 0.8, -5.4267
4.1471, 0.8, -5.8074
5.2121, 0.8, -5.612
6.2772, 0.8, -5.9126
7.3422, 0.8, -5.828
8.4072, 0.8, -5.4478
9.4723, 0.8, -4.6056
10.5373, 0.8, -4.99451
11.6023, 0.8, -5.52713
12.6674, 0.8, -5.4389
13.7324, 0.8, -5.34673
14.7974, 0.8, -5.27607
15.8625, 0.8, -5.22807
16.9275, 0.8, -5.21283
17.9925, 0.8, -5.23992
19.0575, 0.8, -5.25854
20.1226, 0.8, -5.07871
21.1876, 0.8, -5.34243
22.2526, 0.8, -5.45237
23.3177, 0.8, -5.59748
24.3827, 0.8, -5.77308
25.4477, 0.8, -5.95955
26.5128, 0.8, -6.12996
27.5778, 0.8, -6.23873
28.6428, 0.8, -6.1627
29.7079, 0.8, -5.32183
30.7729, 0.8, -6.15135
31.8379, 0.8, -6.85032
32.903, 0.8, -7.1651
33.968, 0.8, -7.37867
35.033, 0.8, -7.55471
36.0981, 0.8, -7.72198
37.1631, 0.8, -7.90589
38.2281, 0.8, -8.1457
39.2932, 0.8, -8.6245
40.3582, 0.8, -9.07261
41.4232, 0.8, -8.46744
42.4883, 0.8, -8.33401
43.5533, 0.8, -8.30844
44.6183, 0.8, -8.31088
45.6834, 0.8, -8.29946
46.7484, 0.8, -8.23813
47.8134, 0.8, -8.09353
48.8785, 0.8, -7.93922
49.9435, 0.8, -7.51259
51.0085, 0.8, -8.0827
52.0735, 0.8, -8.4672
53.1386, 0.8, -8.88073
54.2036, 0.8, -9.20601
55.2686, 0.8, -9.45943
56.3337, 0.8, -9.65904
57.3987, 0.8, -9.81315
58.4637, 0.8, -9.91664
59.5288, 0.8, -9.67612
60.5938, 0.8, -9.82581
61.6588, 0.8, -10.1967
62.7239, 0.8, -10.2994
63.7889, 0.8, -10.342
64.8539, 0.8, -10.3358
65.919, 0.8, -10.2721
66.984, 0.8, -10.1294
68.049, 0.8, -9.85442
69.1141, 0.8, -9.25488
70.1791, 0.8, -7.93145
71.2441, 0.8, -9.35572
72.3092, 0.8, -9.59141
73.3742, 0.8, -9.67603
74.4392, 0.8, -9.65942
75.5043, 0.8, -9.54913
76.5693, 0.8, -9.33896
77.6343, 0.8, -9.03364
78.6994, 0.8, -8.86477
79.7644, 0.8, -10.5294
80.8294, 0.8, -9.45562
81.8945, 0.8, -9.28954
82.9595, 0.8, -9.70266
84.0245, 0.8, -10.0537
85.0895, 0.8, -10.3344
86.1546, 0.8, -10.5883
87.2196, 0.8, -10.8746
88.2846, 0.8, -11.2828
89.3497, 0.8, -11.7668
90.4147, 0.8, -11.8193
91.4797, 0.8, -11.9465
92.5448, 0.8, -11.9063
93.6098, 0.8, -11.9782
94.6748, 0.8, -12.0969
95.7399, 0.8, -12.2204
96.8049, 0.8, -12.3168
97.8699, 0.8, -12.3421
98.935, 0.8, -12.2335
2.9588, 1.6, -13.8747
4.01359, 1.6, -14.6542
5.06839, 1.6, -15.0287
6.12318, 1.6, -14.0948
7.17798, 1.6, -13.5623
8.23277, 1.6, -13.1468
9.28757, 1.6, -12.7419
10.3424, 1.6, -12.4333
11.3972, 1.6, -12.8114
12.452, 1.6, -12.9123
13.5068, 1.6, -12.858
14.5615, 1.6, -12.8043
15.6163, 1.6, -12.777
16.6711, 1.6, -12.7808
17.7259, 1.6, -12.8132
18.7807, 1.6, -12.893
19.8355, 1.6, -13.3353
20.8903, 1.6, -13.0886
21.9451, 1.6, -13.1003
22.9999, 1.6, -13.2269
24.0547, 1.6, -13.3925
25.1095, 1.6, -13.5789
26.1643, 1.6, -13.7731
27.2191, 1.6, -13.9432
28.2739, 1.6, -14.0473
29.3287, 1.6, -13.9137
30.3835, 1.6, -13.7902
31.4383, 1.6, -14.5772
32.4931, 1.6, -14.864
33.5479, 1.6, -15.0781
34.6027, 1.6, -15.2541
35.6575, 1.6, -15.4369
36.7123, 1.6, -15.6454
37.7671, 1.6, -15.8913
38.8218, 1.6, -16.2893
39.8766, 1.6, -17.1471
40.9314, 1.6, -16.448
41.9862, 1.6, -16.1126
43.041, 1.6, -16.0115
44.0958, 1.6, -15.9611
45.1506, 1.6, -15.9136
46.2054, 1.6, -15.8276
47.2602, 1.6, -15.6249
48.315, 1.6, -15.172
49.3698, 1.6, -14.2803
50.4246, 1.6, -14.1777
51.4794, 1.6, -15.2567
52.5342, 1.6, -16.0644
53.589, 1.6, -16.5774
54.6438, 1.6, -16.9404
55.6986, 1.6, -17.2193
56.7534, 1.6, -17.432
57.8082, 1.6, -17.5527
58.863, 1.6, -17.4738
59.9178, 1.6, -17.074
60.9726, 1.6, -17.7038
62.0274, 1.6, -18.1243
63.0821, 1.6, -18.2999
64.1369, 1.6, -18.3659
65.1917, 1.6, -18.3713
66.2465, 1.6, -18.3268
67.3013, 1.6, -18.1657
68.3561, 1.6, -17.7612
69.4109, 1.6, -16.7353
70.4657, 1.6, -16.5202
71.5205, 1.6, -17.4754
72.5753, 1.6, -17.8106
73.6301, 1.6, -17.911
74.6849, 1.6, -17.8663
75.7397, 1.6, -17.7472
76.7945, 1.6, -17.5254
77.8493, 1.6, -17.1114
78.9041, 1.6, -16.6438
79.9589, 1.6, -17.7371
81.0137, 1.6, -16.8284
82.0685, 1.6, -17.4435
83.1233, 1.6, -17.994
84.1781, 1.6, -18.3461
85.2329, 1.6, -18.6123
86.2877, 1.6, -18.8563
87.3425, 1.6, -19.0481
88.3972, 1.6, -19.1055
89.452, 1.6, -18.8091
90.5068, 1.6, -19.089
91.5616, 1.6, -19.9652
92.6164, 1.6, -20.3813
93.6712, 1.6, -20.6367
94.726, 1.6, -20.8513
95.7808, 1.6, -21.1039
96.8356, 1.6, -21.3787
97.8904, 1.6, -21.62
98.9452, 1.6, -22.0873
3.90056, 2.4, -22.0036
4.94512, 2.4, -23.4677
5.98968, 2.4, -22.1227
7.03424, 2.4, -21.296
8.0788, 2.4, -20.9362
9.12335, 2.4, -20.7738
10.1679, 2.4, -20.472
11.2125, 2.4, -20.1472
12.257, 2.4, -20.2093
13.3016, 2.4, -20.2355
14.3462, 2.4, -20.2213
15.3907, 2.4, -20.2147
16.4353, 2.4, -20.2308
17.4798, 2.4, -20.2723
18.5244, 2.4, -20.3957
19.5689, 2.4, -20.8695
20.6135, 2.4, -20.8564
21.6581, 2.4, -20.7104
22.7026, 2.4, -20.7964
23.7472, 2.4, -20.9395
24.7917, 2.4, -21.1181
25.8363, 2.4, -21.3292
26.8809, 2.4, -21.5698
27.9254, 2.4, -21.8366
28.97, 2.4, -22.0811
30.0145, 2.4, -22.615
31.0591, 2.4, -22.476
32.1037, 2.4, -22.6302
33.1482, 2.4, -22.7311
34.1928, 2.4, -22.8543
35.2373, 2.4, -23.0196
36.2819, 2.4, -23.2424
37.3265, 2.4, -23.5436
38.371, 2.4, -23.9163
39.4156, 2.4, -24.3342
40.4601, 2.4, -24.2839
41.5047, 2.4, -23.9537
42.5492, 2.4, -23.7423
43.5938, 2.4, -23.6127
44.6384, 2.4, -23.5388
45.6829, 2.4, -23.4668
46.7275, 2.4, -23.3285
47.772, 2.4, -22.9945
48.8166, 2.4, -22.16
49.8612, 2.4, -20.6571
50.9057, 2.4, -21.9131
51.9503, 2.4, -23.2098
52.9948, 2.4, -23.938
54.0394, 2.4, -24.4107
55.084, 2.4, -24.7656
56.1285, 2.4, -25.052
57.1731, 2.4, -25.2767
58.2176, 2.4, -25.3835
59.2622, 2.4, -25.3064
60.3068, 2.4, -25.5438
61.3513, 2.4, -25.8871
62.3959, 2.4, -26.1944
63.4404, 2.4, -26.2957
64.485, 2.4, -26.3255
65.5295, 2.4, -26.3368
66.5741, 2.4, -26.3375
67.6187, 2.4, -26.2744
68.6632, 2.4, -25.8937
69.7078, 2.4, -25.3964
70.7523, 2.4, -25.4014
71.7969, 2.4, -25.9992
72.8415, 2.4, -26.1222
73.886, 2.4, -26.0566
74.9306, 2.4, -25.967
75.9751, 2.4, -25.8792
77.0197, 2.4, -25.7758
78.0643, 2.4, -25.5304
79.1088, 2.4, -24.5841
80.1534, 2.4, -23.0603
81.1979, 2.4, -25.1105
82.2425, 2.4, -25.9324
83.2871, 2.4, -26.2398
84.3316, 2.4, -26.4601
85.3762, 2.4, -26.6801
86.4207, 2.4, -26.9147
87.4653, 2.4, -27.0954
88.5098, 2.4, -26.9377
89.5544, 2.4, -26.2594
90.599, 2.4, -26.8871
91.6435, 2.4, -28.1217
92.6881, 2.4, -28.6933
93.7326, 2.4, -28.9558
94.7772, 2.4, -29.225
95.8218, 2.4, -29.6084
96.8663, 2.4, -30.1666
97.9109, 2.4, -30.9419
98.9554, 2.4, -31.7448
4.84232, 3.2, -29.7671
5.87665, 3.2, -28.9092
6.91097, 3.2, -28.2974
7.94529, 3.2, -28.1363
8.97961, 3.2, -28.1834
10.0139, 3.2, -28.25
11.0483, 3.2, -27.7335
12.0826, 3.2, -27.5223
13.1169, 3.2, -27.4935
14.1512, 3.2, -27.486
15.1855, 3.2, -27.4956
16.2199, 3.2, -27.5404
17.2542, 3.2, -27.6429
18.2885, 3.2, -27.8134
19.3228, 3.2, -28.1146
20.3572, 3.2, -28.3364
21.3915, 3.2, -28.2572
22.4258, 3.2, -28.2939
23.4601, 3.2, -28.3838
24.4945, 3.2, -28.5406
25.5288, 3.2, -28.7617
26.5631, 3.2, -29.047
27.5974, 3.2, -29.4095
28.6317, 3.2, -29.9128
29.6661, 3.2, -30.9591
30.7004, 3.2, -30.7177
31.7347, 3.2, -30.3832
32.769, 3.2, -30.3206
33.8034, 3.2, -30.3617
34.8377, 3.2, -30.4786
35.872, 3.2, -30.6707
36.9063, 3.2, -30.9513
37.9406, 3.2, -31.3412
38.975, 3.2, -31.7573
40.0093, 3.2, -31.653
41.0436, 3.2, -31.6855
42.0779, 3.2, -31.4091
43.1123, 3.2, -31.2137
44.1466, 3.2, -31.1231
45.1809, 3.2, -31.0748
46.2152, 3.2, -31.007
47.2495, 3.2, -30.8456
48.2839, 3.2, -30.4661
49.3182, 3.2, -29.4693
50.3525, 3.2, -28.8354
51.3868, 3.2, -30.5603
52.4212, 3.2, -31.3562
53.4555, 3.2, -31.8993
54.4898, 3.2, -32.3119
55.5241, 3.2, -32.648
56.5585, 3.2, -32.9387
57.5928, 3.2, -33.2075
58.6271, 3.2, -33.4867
59.6614, 3.2, -33.8392
60.6957, 3.2, -34.086
61.7301, 3.2, -34.1404
62.7644, 3.2, -34.1663
63.7987, 3.2, -34.1733
64.833, 3.2, -34.1799
65.8674, 3.2, -34.205
66.9017, 3.2, -34.2711
67.936, 3.2, -34.4094
68.9703, 3.2, -34.6471
70.0046, 3.2, -34.8063
71.039, 3.2, -34.5676
72.0733, 3.2, -34.3503
73.1076, 3.2, -34.153
74.1419, 3.2, -34.0106
75.1763, 3.2, -33.9247
76.2106, 3.2, -33.8974
77.2449, 3.2, -33.9218
78.2792, 3.2, -33.8997
79.3135, 3.2, -32.5904
80.3479, 3.2, -31.1889
81.3822, 3.2, -33.871
82.4165, 3.2, -34.1279
83.4508, 3.2, -34.208
84.4852, 3.2, -34.3228
85.5195, 3.2, -34.485
86.5538, 3.2, -34.6833
87.5881, 3.2, -34.8939
88.6225, 3.2, -35.0272
89.6568, 3.2, -34.4139
90.6911, 3.2, -35.419
91.7254, 3.2, -36.2711
92.7597, 3.2, -36.5756
93.7941, 3.2, -36.8327
94.8284, 3.2, -37.1627
95.8627, 3.2, -37.6543
96.897, 3.2, -38.4141
97.9314, 3.2, -39.5851
98.9657, 3.2, -41.1383
5.78409, 4, -34.3562
6.80817, 4, -34.3456
7.83226, 4, -34.594
8.85634, 4, -34.9736
9.88043, 4, -35.3541
10.9045, 4, -35.1227
11.9286, 4, -34.8906
12.9527, 4, -34.7407
13.9768, 4, -34.6814
15.0009, 4, -34.6744
16.0249, 4, -34.7289
17.049, 4, -34.8555
18.0731, 4, -35.0842
19.0972, 4, -35.3103
20.1213, 4, -35.2176
21.1454, 4, -35.639
22.1695, 4, -35.6282
23.1935, 4, -35.6758
24.2176, 4, -35.8279
25.2417, 4, -36.0589
26.2658, 4, -36.36
27.2899, 4, -36.7558
28.314, 4, -37.3581
29.3381, 4, -38.367
30.3622, 4, -38.8565
31.3862, 4, -38.1255
32.4103, 4, -37.8153
33.4344, 4, -37.7705
34.4585, 4, -37.8419
35.4826, 4, -37.9816
36.5067, 4, -38.1866
37.5308, 4, -38.4833
38.5548, 4, -38.8825
39.5789, 4, -39.275
40.603, 4, -39.21
41.6271, 4, -38.8908
42.6512, 4, -38.7103
43.6753, 4, -38.6437
44.6994, 4, -38.6362
45.7234, 4, -38.6427
46.7475, 4, -38.6267
47.7716, 4, -38.5417
48.7957, 4, -38.3526
49.8198, 4, -37.6643
50.8439, 4, -38.4822
51.868, 4, -39.0804
52.892, 4, -39.5439
53.9161, 4, -39.9298
54.9402, 4, -40.2719
55.9643, 4, -40.6011
56.9884, 4, -40.9445
58.0125, 4, -41.3473
59.0366, 4, -41.9647
60.0606, 4, -42.5268
61.0847, 4, -42.4462
62.1088, 4, -42.1626
63.1329, 4, -42.03
64.157, 4, -41.9604
65.1811, 4, -41.9484
66.2052, 4, -42.0116
67.2292, 4, -42.1995
68.2533, 4, -42.6854
69.2774, 4, -43.7621
70.3015, 4, -44.0099
71.3256, 4, -43.0074
72.3497, 4, -42.2755
73.3738, 4, -41.9479
74.3979, 4, -41.7867
75.4219, 4, -41.728
76.446, 4, -41.7568
77.4701, 4, -41.8758
78.4942, 4, -42.0405
79.5183, 4, -41.6976
80.5424, 4, -41.7849
81.5665, 4, -42.0514
82.5905, 4, -41.9699
83.6146, 4, -41.9691
84.6387, 4, -42.0562
85.6628, 4, -42.1819
86.6869, 4, -42.3268
87.711, 4, -42.5675
88.7351, 4, -43.0536
89.7591, 4, -43.3563
90.7832, 4, -44.0481
91.8073, 4, -44.0262
92.8314, 4, -44.1426
93.8555, 4, -44.4722
94.8796, 4, -44.8835
95.9037, 4, -45.3881
96.9277, 4, -46.1048
97.9518, 4, -47.3639
98.9759, 4, -49.4773
6.72585, 4.8, -39.8087
7.7397, 4.8, -40.6256
8.75355, 4.8, -41.3696
9.7674, 4.8, -42.1589
10.7812, 4.8, -42.2583
11.7951, 4.8, -42.0793
12.8089, 4.8, -41.8733
13.8228, 4.8, -41.7125
14.8366, 4.8, -41.6658
15.8505, 4.8, -41.7244
16.8643, 4.8, -41.8743
17.8782, 4.8, -42.0936
18.892, 4.8, -42.3279
19.9059, 4.8, -42.3359
20.9197, 4.8, -42.6856
21.9336, 4.8, -42.7264
22.9474, 4.8, -42.8106
23.9613, 4.8, -42.9853
24.9751, 4.8, -43.2411
25.989, 4.8, -43.5681
27.0028, 4.8, -43.9723
28.0167, 4.8, -44.4929
29.0305, 4.8, -45.2849
30.0444, 4.8, -46.0608
31.0582, 4.8, -45.6013
32.0721, 4.8, -45.2198
33.0859, 4.8, -45.1302
34.0998, 4.8, -45.1621
35.1136, 4.8, -45.2558
36.1275, 4.8, -45.3892
37.1413, 4.8, -45.5515
38.1552, 4.8, -45.7658
39.169, 4.8, -46.226
40.1829, 4.8, -46.8778
41.1967, 4.8, -46.1732
42.2106, 4.8, -46.0456
43.2244, 4.8, -46.076
44.2383, 4.8, -46.1369
45.2521, 4.8, -46.2149
46.266, 4.8, -46.3066
47.2798, 4.8, -46.4231
48.2937, 4.8, -46.5791
49.3075, 4.8, -46.9397
50.3214, 4.8, -47.6204
51.3352, 4.8, -47.2105
52.3491, 4.8, -47.4338
53.3629, 4.8, -47.6656
54.3768, 4.8, -47.9351
55.3906, 4.8, -48.2398
56.4045, 4.8, -48.5956
57.4183, 4.8, -49.0478
58.4322, 4.8, -49.632
59.446, 4.8, -50.47
60.4599, 4.8, -50.8216
61.4737, 4.8, -50.3071
62.4876, 4.8, -49.963
63.5014, 4.8, -49.7343
64.5153, 4.8, -49.6252
65.5291, 4.8, -49.6229
66.543, 4.8, -49.754
67.5568, 4.8, -50.1043
68.5707, 4.8, -50.8372
69.5845, 4.8, -52.5463
70.5984, 4.8, -52.138
71.6122, 4.8, -50.5897
72.6261, 4.8, -49.8898
73.6399, 4.8, -49.5498
74.6538, 4.8, -49.4053
75.6676, 4.8, -49.381
76.6815, 4.8, -49.4528
77.6953, 4.8, -49.6306
78.7092, 4.8, -50.1115
79.723, 4.8, -52.8833
80.7369, 4.8, -50.9116
81.7507, 4.8, -49.8008
82.7646, 4.8, -49.6586
83.7784, 4.8, -49.7201
84.7923, 4.8, -49.8436
85.8061, 4.8, -49.9807
86.82, 4.8, -50.1054
87.8338, 4.8, -50.2536
88.8477, 4.8, -50.8293
89.8615, 4.8, -52.9627
90.8754, 4.8, -51.7852
91.8892, 4.8, -51.4635
92.9031, 4.8, -51.829
93.9169, 4.8, -52.2805
94.9308, 4.8, -52.7279
95.9446, 4.8, -53.1853
96.9585, 4.8, -53.7084
97.9723, 4.8, -54.4821
98.9862, 4.8, -56.4426
7.66761, 5.6, -46.5495
8.67123, 5.6, -47.682
9.67484, 5.6, -48.8025
10.6785, 5.6, -49.1862
11.6821, 5.6, -48.9527
12.6857, 5.6, -48.6046
13.6893, 5.6, -48.417
14.6929, 5.6, -48.3663
15.6965, 5.6, -48.4288
16.7001, 5.6, -48.5826
17.7037, 5.6, -48.7999
18.7074, 5.6, -49.0727
19.711, 5.6, -49.5756
20.7146, 5.6, -49.5239
21.7182, 5.6, -49.5392
22.7218, 5.6, -49.7155
23.7254, 5.6, -49.9538
24.729, 5.6, -50.2587
25.7326, 5.6, -50.6265
26.7363, 5.6, -51.0478
27.7399, 5.6, -51.5099
28.7435, 5.6, -51.9512
29.7471, 5.6, -52.62
30.7507, 5.6, -52.4727
31.7543, 5.6, -52.4358
32.7579, 5.6, -52.4123
33.7615, 5.6, -52.4338
34.7652, 5.6, -52.4905
35.7688, 5.6, -52.5744
36.7724, 5.6, -52.6665
37.776, 5.6, -52.7552
38.7796, 5.6, -52.8604
39.7832, 5.6, -53.5988
40.7868, 5.6, -53.2648
41.7905, 5.6, -53.2663
42.7941, 5.6, -53.4054
43.7977, 5.6, -53.5556
44.8013, 5.6, -53.71
45.8049, 5.6, -53.8902
46.8085, 5.6, -54.1109
47.8121, 5.6, -54.4215
48.8157, 5.6, -55.0438
49.8194, 5.6, -56.6081
50.823, 5.6, -55.8776
51.8266, 5.6, -55.4756
52.8302, 5.6, -55.5109
53.8338, 5.6, -55.6683
54.8374, 5.6, -55.8856
55.841, 5.6, -56.1859
56.8446, 5.6, -56.5676
57.8483, 5.6, -57.0663
58.8519, 5.6, -57.7561
59.8555, 5.6, -58.8197
60.8591, 5.6, -58.2704
61.8627, 5.6, -57.7837
62.8663, 5.6, -57.4543
63.8699, 5.6, -57.2465
64.8736, 5.6, -57.1421
65.8772, 5.6, -57.1657
66.8808, 5.6, -57.3312
67.8844, 5.6, -57.7022
68.888, 5.6, -58.4094
69.8916, 5.6, -60.6699
70.8952, 5.6, -58.7049
71.8988, 5.6, -57.7308
72.9025, 5.6, -57.2235
73.9061, 5.6, -56.9658
74.9097, 5.6, -56.8674
75.9133, 5.6, -56.8803
76.9169, 5.6, -57.0003
77.9205, 5.6, -57.2967
78.9241, 5.6, -58.2885
79.9277, 5.6, -62.387
80.9314, 5.6, -58.5704
81.935, 5.6, -57.4778
82.9386, 5.6, -57.3879
83.9422, 5.6, -57.5204
84.9458, 5.6, -57.7153
85.9494, 5.6, -57.9089
86.953, 5.6, -58.0613
87.9566, 5.6, -58.1522
88.9603, 5.6, -58.3769
89.9639, 5.6, -60.515
90.9675, 5.6, -58.8285
91.9711, 5.6, -59.2012
92.9747, 5.6, -59.7714
93.9783, 5.6, -60.2691
94.9819, 5.6, -60.6899
95.9855, 5.6, -61.0671
96.9892, 5.6, -61.3976
97.9928, 5.6, -61.7056
98.9964, 5.6, -62.1732
8.60938, 6.4, -53.9467
9.60275, 6.4, -55.4749
10.5961, 6.4, -56.0212
11.5895, 6.4, -55.3551
12.5829, 6.4, -54.9425
13.5763, 6.4, -54.7641
14.5696, 6.4, -54.7423
15.563, 6.4, -54.8288
16.5564, 6.4, -54.9971
17.5498, 6.4, -55.235
18.5431, 6.4, -55.5547
19.5365, 6.4, -56.0984
20.5299, 6.4, -56.1989
21.5233, 6.4, -56.1366
22.5166, 6.4, -56.3664
23.51, 6.4, -56.6744
24.5034, 6.4, -57.0305
25.4968, 6.4, -57.4398
26.4902, 6.4, -57.9017
27.4835, 6.4, -58.3823
28.4769, 6.4, -58.7389
29.4703, 6.4, -58.8907
30.4637, 6.4, -59.0577
31.457, 6.4, -59.3787
32.4504, 6.4, -59.5394
33.4438, 6.4, -59.5679
34.4372, 6.4, -59.6037
35.4305, 6.4, -59.6713
36.4239, 6.4, -59.7548
37.4173, 6.4, -59.8195
38.4107, 6.4, -59.7986
39.404, 6.4, -59.6671
40.3974, 6.4, -59.8097
41.3908, 6.4, -60.3543
42.3842, 6.4, -60.647
43.3775, 6.4, -60.8343
44.3709, 6.4, -61.0122
45.3643, 6.4, -61.2339
46.3577, 6.4, -61.5462
47.3511, 6.4, -62.0055
48.3444, 6.4, -62.6674
49.3378, 6.4, -63.7169
50.3312, 6.4, -64.2548
51.3246, 6.4, -63.6887
52.3179, 6.4, -63.3767
53.3113, 6.4, -63.2205
54.3047, 6.4, -63.2229
55.2981, 6.4, -63.3924
56.2914, 6.4, -63.7424
57.2848, 6.4, -64.2748
58.2782, 6.4, -64.8629
59.2716, 6.4, -65.5484
60.2649, 6.4, -65.8271
61.2583, 6.4, -65.3411
62.2517, 6.4, -64.9287
63.2451, 6.4, -64.5341
64.2384, 6.4, -64.2869
65.2318, 6.4, -64.216
66.2252, 6.4, -64.3008
67.2186, 6.4, -64.5122
68.212, 6.4, -64.7935
69.2053, 6.4, -65.2634
70.1987, 6.4, -65.379
71.1921, 6.4, -65.0575
72.1855, 6.4, -64.606
73.1788, 6.4, -64.3394
74.1722, 6.4, -64.2225
75.1656, 6.4, -64.217
76.159, 6.4, -64.2941
77.1523, 6.4, -64.4677
78.1457, 6.4, -64.911
79.1391, 6.4, -65.8584
80.1325, 6.4, -66.2381
81.1258, 6.4, -65.6789
82.1192, 6.4, -65.1915
83.1126, 6.4, -65.2172
84.106, 6.4, -65.4411
85.0994, 6.4, -65.7054
86.0927, 6.4, -65.963
87.0861, 6.4, -66.1824
88.0795, 6.4, -66.2863
89.0729, 6.4, -65.9787
90.0662, 6.4, -65.2897
91.0596, 6.4, -66.3799
92.053, 6.4, -67.2966
93.0464, 6.4, -67.8674
94.0397, 6.4, -68.2624
95.0331, 6.4, -68.5896
96.0265, 6.4, -68.884
97.0199, 6.4, -69.1225
98.0132, 6.4, -69.0848
99.0066, 6.4, -68.3498
9.55114, 7.2, -62.0808
10.5343, 7.2, -62.32
11.5174, 7.2, -61.2797
12.5006, 7.2, -60.9008
13.4837, 7.2, -60.7941
14.4668, 7.2, -60.8276
15.45, 7.2, -60.9592
16.4331, 7.2, -61.169
17.4163, 7.2, -61.4481
18.3994, 7.2, -61.7912
19.3825, 7.2, -62.2491
20.3657, 7.2, -62.4946
21.3488, 7.2, -62.5646
22.332, 7.2, -62.8214
23.3151, 7.2, -63.146
24.2982, 7.2, -63.5331
25.2814, 7.2, -63.9751
26.2645, 7.2, -64.4641
27.2477, 7.2, -64.9905
28.2308, 7.2, -65.5176
29.2139, 7.2, -65.7401
30.1971, 7.2, -65.4119
31.1802, 7.2, -66.3074
32.1634, 7.2, -66.4361
33.1465, 7.2, -66.472
34.1296, 7.2, -66.531
35.1128, 7.2, -66.6141
36.0959, 7.2, -66.7096
37.0791, 7.2, -66.8001
38.0622, 7.2, -66.8459
39.0453, 7.2, -66.6462
40.0285, 7.2, -65.4462
41.0116, 7.2, -67.1965
41.9948, 7.2, -67.7183
42.9779, 7.2, -67.9456
43.961, 7.2, -68.123
44.9442, 7.2, -68.3332
45.9273, 7.2, -68.6386
46.9104, 7.2, -69.1091
47.8936, 7.2, -69.8289
48.8767, 7.2, -70.7597
49.8599, 7.2, -71.4616
50.843, 7.2, -71.4529
51.8261, 7.2, -71.014
52.8093, 7.2, -70.4943
53.7924, 7.2, -70.2127
54.7756, 7.2, -70.16
55.7587, 7.2, -70.3283
56.7418, 7.2, -70.7342
57.725, 7.2, -71.4121
58.7081, 7.2, -72.2782
59.6913, 7.2, -72.6531
60.6744, 7.2, -72.4959
61.6575, 7.2, -72.0099
62.6407, 7.2, -71.3245
63.6238, 7.2, -70.929
64.607, 7.2, -70.7754
65.5901, 7.2, -70.7965
66.5732, 7.2, -70.9422
67.5564, 7.2, -71.1674
68.5395, 7.2, -71.3733
69.5227, 7.2, -70.8394
70.5058, 7.2, -70.8211
71.4889, 7.2, -71.3741
72.4721, 7.2, -71.3303
73.4552, 7.2, -71.3244
74.4384, 7.2, -71.386
75.4215, 7.2, -71.5078
76.4046, 7.2, -71.683
77.3878, 7.2, -71.9053
78.3709, 7.2, -72.1395
79.3541, 7.2, -71.7437
80.3372, 7.2, -71.1321
81.3203, 7.2, -72.6354
82.3035, 7.2, -72.9233
83.2866, 7.2, -73.192
84.2698, 7.2, -73.4926
85.2529, 7.2, -73.8125
86.236, 7.2, -74.1285
87.2192, 7.2, -74.3985
88.2023, 7.2, -74.4961
89.1855, 7.2, -73.607
90.1686, 7.2, -70.8742
91.1517, 7.2, -74.6011
92.1349, 7.2, -75.5025
93.118, 7.2, -75.8808
94.1012, 7.2, -76.1334
95.0843, 7.2, -76.3349
96.0674, 7.2, -76.5011
97.0506, 7.2, -76.6099
98.0337, 7.2, -76.5302
99.0169, 7.2, -75.3116
10.4929, 8, -67.6579
11.4658, 8, -66.6966
12.4387, 8, -66.4911
13.4116, 8, -66.5227
14.3845, 8, -66.6598
15.3574, 8, -66.8536
16.3303, 8, -67.1019
17.3032, 8, -67.4204
18.2761, 8, -67.8028
19.249, 8, -68.1591
20.2219, 8, -68.2491
21.1948, 8, -68.7835
22.1677, 8, -69.0782
23.1406, 8, -69.4233
24.1135, 8, -69.8358
25.0865, 8, -70.3053
26.0594, 8, -70.8249
27.0323, 8, -71.3955
28.0052, 8, -72.0202
28.9781, 8, -72.6432
29.951, 8, -72.7222
30.9239, 8, -73.2051
31.8968, 8, -73.2131
32.8697, 8, -73.235
33.8426, 8, -73.3087
34.8155, 8, -73.419
35.7884, 8, -73.5524
36.7613, 8, -73.6929
37.7342, 8, -73.8028
38.7071, 8, -73.777
39.68, 8, -73.2061
40.6529, 8, -73.8934
41.6258, 8, -74.5769
42.5987, 8, -74.8656
43.5716, 8, -75.0404
44.5445, 8, -75.2208
45.5174, 8, -75.4634
46.4903, 8, -75.8218
47.4632, 8, -76.3807
48.4361, 8, -77.1928
49.409, 8, -78.2224
50.3819, 8, -78.5969
51.3548, 8, -78.0075
52.3277, 8, -77.3249
53.3006, 8, -76.8239
54.2735, 8, -76.5846
55.2465, 8, -76.5391
56.2194, 8, -76.675
57.1923, 8, -77.0711
58.1652, 8, -77.8457
59.1381, 8, -79.0015
60.111, 8, -79.3799
61.0839, 8, -78.5846
62.0568, 8, -77.6101
63.0297, 8, -77.0637
64.0026, 8, -76.8656
64.9755, 8, -76.8604
65.9484, 8, -76.9798
66.9213, 8, -77.1902
67.8942, 8, -77.3978
68.8671, 8, -77.2663
69.84, 8, -76.3947
70.8129, 8, -77.0083
71.7858, 8, -77.6755
72.7587, 8, -77.9902
73.7316, 8, -78.1969
74.7045, 8, -78.4034
75.6774, 8, -78.6618
76.6503, 8, -78.9477
77.6232, 8, -79.1051
78.5961, 8, -78.751
79.569, 8, -77.4376
80.5419, 8, -77.9066
81.5148, 8, -79.7506
82.4877, 8, -80.654
83.4606, 8, -81.1277
84.4335, 8, -81.4771
85.4064, 8, -81.8506
86.3794, 8, -82.257
87.3523, 8, -82.5777
88.3252, 8, -82.6386
89.2981, 8, -81.9607
90.271, 8, -80.8322
91.2439, 8, -83.0555
92.2168, 8, -83.627
93.1897, 8, -83.8153
94.1626, 8, -83.8857
95.1355, 8, -83.9473
96.1084, 8, -83.9914
97.0813, 8, -83.9786
98.0542, 8, -83.8328
99.0271, 8, -83.0157
11.4347, 8.8, -71.641
12.3973, 8.8, -71.8508
13.36, 8.8, -72.1296
14.3227, 8.8, -72.4109
15.2853, 8.8, -72.6816
16.248, 8.8, -72.9436
17.2107, 8.8, -73.2166
18.1733, 8.8, -73.5766
19.136, 8.8, -73.9114
20.0987, 8.8, -74.0969
21.0613, 8.8, -74.7177
22.024, 8.8, -75.1246
22.9867, 8.8, -75.5343
23.9493, 8.8, -76.0105
24.912, 8.8, -76.5234
25.8747, 8.8, -77.0667
26.8373, 8.8, -77.6497
27.8, 8.8, -78.2941
28.7627, 8.8, -79.0836
29.7253, 8.8, -80.4858
30.688, 8.8, -80.1861
31.6507, 8.8, -79.8647
32.6133, 8.8, -79.8745
33.576, 8.8, -79.9765
34.5387, 8.8, -80.1166
35.5013, 8.8, -80.284
36.464, 8.8, -80.4687
37.4267, 8.8, -80.6507
38.3893, 8.8, -80.7969
39.352, 8.8, -80.9406
40.3147, 8.8, -81.3283
41.2773, 8.8, -81.3877
42.24, 8.8, -81.6068
43.2027, 8.8, -81.7781
44.1653, 8.8, -81.9327
45.128, 8.8, -82.1134
46.0907, 8.8, -82.35
47.0533, 8.8, -82.6645
48.016, 8.8, -83.1129
48.9787, 8.8, -84.0465
49.9413, 8.8, -85.501
50.904, 8.8, -84.508
51.8667, 8.8, -83.5239
52.8293, 8.8, -83.0867
53.792, 8.8, -82.8373
54.7547, 8.8, -82.6856
55.7173, 8.8, -82.6182
56.68, 8.8, -82.6306
57.6427, 8.8, -82.7626
58.6053, 8.8, -83.4693
59.568, 8.8, -85.3821
60.5307, 8.8, -85.0085
61.4933, 8.8, -83.2356
62.456, 8.8, -82.7019
63.4187, 8.8, -82.6339
64.3813, 8.8, -82.6563
65.344, 8.8, -82.7425
66.3067, 8.8, -82.8883
67.2693, 8.8, -83.0636
68.232, 8.8, -83.2038
69.1947, 8.8, -83.1602
70.1573, 8.8, -83.1715
71.12, 8.8, -83.4156
72.0827, 8.8, -83.9891
73.0453, 8.8, -84.3679
74.008, 8.8, -84.6622
74.9707, 8.8, -84.9782
75.9333, 8.8, -85.348
76.896, 8.8, -85.7294
77.8587, 8.8, -85.9306
78.8213, 8.8, -85.5218
79.784, 8.8, -84.7911
80.7467, 8.8, -85.763
81.7093, 8.8, -87.3257
82.672, 8.8, -88.0875
83.6347, 8.8, -88.4967
84.5973, 8.8, -88.8607
85.56, 8.8, -89.3041
86.5227, 8.8, -89.8506
87.4853, 8.8, -90.4522
88.448, 8.8, -90.9222
89.4107, 8.8, -91.5443
90.3733, 8.8, -92.4536
91.336, 8.8, -91.6274
92.2987, 8.8, -91.5769
93.2613, 8.8, -91.4514
94.224, 8.8, -91.4047
95.1867, 8.8, -91.4197
96.1493, 8.8, -91.4265
97.112, 8.8, -91.3314
98.0747, 8.8, -91.0802
99.0373, 8.8, -91.1062
12.3764, 9.6, -77.1392
13.3289, 9.6, -77.6747
14.2813, 9.6, -78.1184
15.2337, 9.6, -78.4971
16.1861, 9.6, -78.8201
17.1386, 9.6, -79.0646
18.091, 9.6, -79.2364
19.0434, 9.6, -79.5479
19.9959, 9.6, -80.0597
20.9483, 9.6, -80.5065
21.9007, 9.6, -80.9918
22.8532, 9.6, -81.5807
23.8056, 9.6, -82.1491
24.758, 9.6, -82.7062
25.7105, 9.6, -83.2662
26.6629, 9.6, -83.846
27.6153, 9.6, -84.4766
28.5677, 9.6, -85.2619
29.5202, 9.6, -86.7471
30.4726, 9.6, -87.1716
31.425, 9.6, -86.455
32.3775, 9.6, -86.4277
33.3299, 9.6, -86.5416
34.2823, 9.6, -86.7105
35.2348, 9.6, -86.9107
36.1872, 9.6, -87.1345
37.1396, 9.6, -87.3839
38.092, 9.6, -87.6796
39.0445, 9.6, -88.1571
39.9969, 9.6, -89.1793
40.9493, 9.6, -88.4934
41.9018, 9.6, -88.3584
42.8542, 9.6, -88.4061
43.8066, 9.6, -88.4994
44.7591, 9.6, -88.6175
45.7115, 9.6, -88.7581
46.6639, 9.6, -88.9277
47.6163, 9.6, -89.1464
48.5688, 9.6, -89.4844
49.5212, 9.6, -90.5495
50.4736, 9.6, -90.5942
51.4261, 9.6, -89.4366
52.3785, 9.6, -89.0822
53.3309, 9.6, -88.8708
54.2834, 9.6, -88.7099
55.2358, 9.6, -88.5645
56.1882, 9.6, -88.4146
57.1406, 9.6, -88.2494
58.0931, 9.6, -88.092
59.0455, 9.6, -88.308
59.9979, 9.6, -91.5584
60.9504, 9.6, -88.2626
61.9028, 9.6, -88.0035
62.8552, 9.6, -88.1033
63.8077, 9.6, -88.2065
64.7601, 9.6, -88.2973
65.7125, 9.6, -88.3922
66.6649, 9.6, -88.5172
67.6174, 9.6, -88.7111
68.5698, 9.6, -89.0453
69.5222, 9.6, -89.5655
70.4747, 9.6, -89.761
71.4271, 9.6, -89.8803
72.3795, 9.6, -90.0602
73.332, 9.6, -90.3385
74.2844, 9.6, -90.6841
75.2368, 9.6, -91.0864
76.1892, 9.6, -91.5457
77.1417, 9.6, -92.0715
78.0941, 9.6, -92.6803
79.0465, 9.6, -93.3267
79.999, 9.6, -92.8497
80.9514, 9.6, -94.4407
81.9038, 9.6, -94.6911
82.8563, 9.6, -94.9185
83.8087, 9.6, -95.2218
84.7611, 9.6, -95.6226
85.7135, 9.6, -96.1504
86.666, 9.6, -96.8574
87.6184, 9.6, -97.8421
88.5708, 9.6, -99.3261
89.52327, 9.6, -101.7787
90.4757, 9.6, -102.166
91.42813, 9.6, -100.0421
92.3806, 9.6, -99.1005
93.333, 9.6, -98.7613
94.2854, 9.6, -98.7069
95.2378, 9.6, -98.7737
96.1903, 9.6, -98.8508
97.1427, 9.6, -98.8554
98.0951, 9.6, -98.7899
99.0476, 9.6, -99.5688
13.3182, 10.4, -83.009
14.2604, 10.4, -83.6798
15.2026, 10.4, -84.2479
16.1448, 10.4, -84.6825
17.087, 10.4, -84.988
18.0292, 10.4, -85.1409
18.9714, 10.4, -85.1773
19.9135, 10.4, -85.9097
20.8557, 10.4, -86.2229
21.7979, 10.4, -86.9303
22.7401, 10.4, -87.6505
23.6823, 10.4, -88.2994
24.6245, 10.4, -88.901
25.5667, 10.4, -89.4779
26.5089, 10.4, -90.0517
27.4511, 10.4, -90.6581
28.3933, 10.4, -91.3845
29.3355, 10.4, -92.3973
30.2777, 10.4, -93.2072
31.2199, 10.4, -92.9415
32.1621, 10.4, -92.9258
33.1043, 10.4, -93.0531
34.0465, 10.4, -93.2416
34.9886, 10.4, -93.4638
35.9308, 10.4, -93.7225
36.873, 10.4, -94.033
37.8152, 10.4, -94.4256
38.7574, 10.4, -95.0034
39.6996, 10.4, -95.7835
40.6418, 10.4, -95.6653
41.584, 10.4, -95.2249
42.5262, 10.4, -95.0729
43.4684, 10.4, -95.0446
44.4106, 10.4, -95.0737
45.3528, 10.4, -95.1403
46.295, 10.4, -95.2288
47.2372, 10.4, -95.3184
48.1794, 10.4, -95.3564
49.1215, 10.4, -95.2955
50.0637, 10.4, -95.4004
51.0059, 10.4, -94.9799
51.9481, 10.4, -94.9438
52.8903, 10.4, -94.852
53.8325, 10.4, -94.6955
54.7747, 10.4, -94.5163
55.7169, 10.4, -94.3185
56.6591, 10.4, -94.0805
57.6013, 10.4, -93.7163
58.5435, 10.4, -93.0073
59.4857, 10.4, -92.0592
60.4279, 10.4, -92.1072
61.3701, 10.4, -92.8892
62.3123, 10.4, -93.4671
63.2545, 10.4, -93.7134
64.1966, 10.4, -93.8536
65.1388, 10.4, -93.9554
66.081, 10.4, -94.0339
67.0232, 10.4, -94.1179
67.9654, 10.4, -94.3569
68.9076, 10.4, -94.9966
69.8498, 10.4, -95.881
70.792, 10.4, -96.0944
71.7342, 10.4, -95.8317
72.6764, 10.4, -95.8994
73.6186, 10.4, -96.2673
74.5608, 10.4, -96.7138
75.503, 10.4, -97.1869
76.4452, 10.4, -97.7103
77.3874, 10.4, -98.3948
78.3296, 10.4, -99.5721
79.27174, 10.4, -101.4265
80.21394, 10.4, -102.3848
81.15613, 10.4, -102.0359
82.09832, 10.4, -101.4318
83.04052, 10.4, -101.4028
83.98271, 10.4, -101.6789
84.9249, 10.4, -102.1063
85.8671, 10.4, -102.6934
86.80929, 10.4, -103.5295
87.75148, 10.4, -104.8539
88.69368, 10.4, -107.2029
89.63587, 10.4, -110.6909
90.57806, 10.4, -110.3342
91.52026, 10.4, -107.555
92.46245, 10.4, -106.2676
93.40465, 10.4, -105.883
94.34684, 10.4, -105.8782
95.28903, 10.4, -106.0634
96.23122, 10.4, -106.3485
97.17342, 10.4, -106.6804
98.11562, 10.4, -107.0822
99.05781, 10.4, -107.7317
14.26, 11.2, -88.9927
15.1919, 11.2, -89.7642
16.1239, 11.2, -90.4428
17.0558, 11.2, -90.9643
17.9878, 11.2, -91.2456
18.9197, 11.2, -91.233
19.8517, 11.2, -91.2391
20.7837, 11.2, -92.0266
21.7156, 11.2, -93.0441
22.6476, 11.2, -93.8348
23.5795, 11.2, -94.5049
24.5115, 11.2, -95.1261
25.4434, 11.2, -95.7243
26.3754, 11.2, -96.3123
27.3074, 11.2, -96.9004
28.2393, 11.2, -97.5028
29.1713, 11.2, -98.0859
30.1032, 11.2, -98.0785
31.0352, 11.2, -99.0903
31.9671, 11.2, -99.325
32.8991, 11.2, -99.5227
33.8311, 11.2, -99.7253
34.763, 11.2, -99.9537
35.69497, 11.2, -100.2222
36.62693, 11.2, -100.5577
37.55888, 11.2, -100.9974
38.49084, 11.2, -101.5703
39.42279, 11.2, -102.1723
40.35475, 11.2, -102.3643
41.28671, 11.2, -102.0174
42.21867, 11.2, -101.7143
43.15062, 11.2, -101.5426
44.08258, 11.2, -101.4779
45.01454, 11.2, -101.4756
45.9465, 11.2, -101.4995
46.87845, 11.2, -101.5118
47.81041, 11.2, -101.4537
48.74237, 11.2, -101.1652
49.6743, 11.2, -99.6671
50.6063, 11.2, -99.9926
51.53823, 11.2, -100.6815
52.47019, 11.2, -100.7182
53.40215, 11.2, -100.6054
54.33411, 11.2, -100.4199
55.26606, 11.2, -100.1859
56.198, 11.2, -99.9032
57.13, 11.2, -99.5299
58.0619, 11.2, -98.9475
58.9939, 11.2, -97.5155
59.9258, 11.2, -92.6865
60.8578, 11.2, -97.1029
61.7898, 11.2, -98.6443
62.7217, 11.2, -99.1468
63.6537, 11.2, -99.4251
64.5856, 11.2, -99.6137
65.5176, 11.2, -99.7461
66.4495, 11.2, -99.8276
67.3815, 11.2, -99.8719
68.3135, 11.2, -99.9747
69.24542, 11.2, -100.6887
70.17738, 11.2, -102.0977
71.10934, 11.2, -101.464
72.04129, 11.2, -101.5602
72.97324, 11.2, -102.0356
73.9052, 11.2, -102.5388
74.83716, 11.2, -103.0445
75.76912, 11.2, -103.5618
76.70107, 11.2, -104.1456
77.63303, 11.2, -104.9042
78.56499, 11.2, -106.1657
79.49695, 11.2, -109.1048
80.4289, 11.2, -110.1405
81.36086, 11.2, -108.1585
82.29282, 11.2, -107.7605
83.22478, 11.2, -107.8186
84.15673, 11.2, -108.0702
85.08869, 11.2, -108.4845
86.02065, 11.2, -109.085
86.9526, 11.2, -109.9778
87.88456, 11.2, -111.3409
88.81651, 11.2, -113.6182
89.74847, 11.2, -117.2324
90.68043, 11.2, -115.7445
91.61239, 11.2, -113.854
92.54434, 11.2, -113.0223
93.4763, 11.2, -112.7661
94.40826, 11.2, -112.8748
95.34022, 11.2, -113.2307
96.27217, 11.2, -113.7765
97.20413, 11.2, -114.5161
98.13609, 11.2, -115.3339
99.06805, 11.2, -115.4124
15.2017, 12, -95.074
16.1234, 12, -95.964
17.0452, 12, -96.7829
17.9669, 12, -97.4057
18.8886, 12, -97.6533
19.8103, 12, -96.7908
20.732, 12, -98.165
21.6538, 12, -99.3197
22.57548, 12, -100.0786
23.4972, 12, -100.743
24.41892, 12, -101.3737
25.34064, 12, -101.9882
26.26237, 12, -102.5943
27.18409, 12, -103.1749
28.10581, 12, -103.6862
29.02753, 12, -103.9144
29.94925, 12, -103.7905
30.87097, 12, -104.8661
31.79269, 12, -105.5548
32.71441, 12, -105.8896
33.63613, 12, -106.1354
34.55785, 12, -106.3665
35.47957, 12, -106.6257
36.40129, 12, -106.9362
37.32301, 12, -107.3253
38.24473, 12, -107.8222
39.16645, 12, -108.3843
40.08817, 12, -108.9163
41.00989, 12, -108.4737
41.93161, 12, -108.1595
42.85333, 12, -107.929
43.77505, 12, -107.8049
44.69677, 12, -107.7492
45.6185, 12, -107.7244
46.54021, 12, -107.6951
47.46194, 12, -107.6045
48.38366, 12, -107.3221
49.30538, 12, -106.3534
50.2271, 12, -104.9012
51.14882, 12, -106.3319
52.07054, 12, -106.593
52.99226, 12, -106.5062
53.91398, 12, -106.3066
54.8357, 12, -106.0488
55.75742, 12, -105.7344
56.67914, 12, -105.3535
57.60086, 12, -104.867
58.52258, 12, -104.0473
59.4443, 12, -101.5311
60.36602, 12, -100.4147
61.28774, 12, -103.6302
62.20946, 12, -104.5042
63.13118, 12, -104.9554
64.0529, 12, -105.2831
64.97462, 12, -105.5335
65.89635, 12, -105.7083
66.81806, 12, -105.7988
67.73978, 12, -105.7657
68.66151, 12, -105.5452
69.58323, 12, -105.9552
70.50494, 12, -106.4979
71.42667, 12, -106.94
72.34839, 12, -107.7972
73.27011, 12, -108.4841
74.19183, 12, -109.0574
75.11355, 12, -109.5823
76.03527, 12, -110.1205
76.95699, 12, -110.6887
77.87871, 12, -111.3512
78.80043, 12, -112.3176
79.72215, 12, -115.6101
80.64387, 12, -114.5765
81.56559, 12, -113.7996
82.48731, 12, -113.8606
83.40903, 12, -114.0294
84.33075, 12, -114.2805
85.25247, 12, -114.6517
86.17419, 12, -115.1776
87.09592, 12, -115.9166
88.01763, 12, -116.9446
88.93935, 12, -118.2034
89.86108, 12, -121.3835
90.7828, 12, -119.4884
91.70451, 12, -119.1609
92.62624, 12, -119.0612
93.54796, 12, -119.2029
94.46968, 12, -119.5934
95.3914, 12, -120.168
96.31312, 12, -120.9003
97.23484, 12, -121.7894
98.15656, 12, -122.6968
99.07828, 12, -122.7688
16.14348, 12.8, -101.2711
17.05497, 12.8, -102.3399
17.96645, 12.8, -103.3871
18.87794, 12.8, -104.0891
19.78942, 12.8, -103.7008
20.7009, 12.8, -104.7746
21.61239, 12.8, -105.6388
22.52387, 12.8, -106.327
23.43535, 12.8, -106.9481
24.34684, 12.8, -107.5402
25.25832, 12.8, -108.1469
26.16981, 12.8, -108.773
27.08129, 12.8, -109.391
27.99278, 12.8, -109.8986
28.90426, 12.8, -110.1414
29.81574, 12.8, -110.3095
30.72723, 12.8, -110.9251
31.63871, 12.8, -111.6598
32.55019, 12.8, -112.099
33.46168, 12.8, -112.3581
34.37316, 12.8, -112.5934
35.28465, 12.8, -112.8509
36.19613, 12.8, -113.1412
37.10761, 12.8, -113.4639
38.0191, 12.8, -113.8175
38.93058, 12.8, -114.3322
39.84206, 12.8, -115.0206
40.75355, 12.8, -114.7324
41.66503, 12.8, -114.3139
42.57652, 12.8, -114.1296
43.488, 12.8, -114.0198
44.39948, 12.8, -113.9413
45.31097, 12.8, -113.8824
46.22245, 12.8, -113.8253
47.13393, 12.8, -113.7349
48.04542, 12.8, -113.5176
48.9569, 12.8, -113.0512
49.86839, 12.8, -112.7129
50.77987, 12.8, -112.4087
51.69136, 12.8, -112.5316
52.60284, 12.8, -112.4805
53.51432, 12.8, -112.3031
54.42581, 12.8, -112.0621
55.33729, 12.8, -111.7583
56.24878, 12.8, -111.3664
57.16026, 12.8, -110.8459
58.07174, 12.8, -110.1678
58.98323, 12.8, -109.4318
59.89471, 12.8, -109.5059
60.80619, 12.8, -109.1479
61.71768, 12.8, -109.8347
62.62916, 12.8, -110.507
63.54065, 12.8, -111.0365
64.45213, 12.8, -111.4188
65.36361, 12.8, -111.6896
66.27509, 12.8, -111.8664
67.18658, 12.8, -111.9354
68.09807, 12.8, -111.7861
69.00955, 12.8, -111.1486
69.92104, 12.8, -110.0461
70.83252, 12.8, -111.762
71.744, 12.8, -113.3703
72.65549, 12.8, -114.3163
73.56697, 12.8, -114.9093
74.47845, 12.8, -115.3953
75.38994, 12.8, -115.8779
76.30142, 12.8, -116.4153
77.21291, 12.8, -117.0297
78.12439, 12.8, -117.6124
79.03587, 12.8, -118.0054
79.94736, 12.8, -117.8743
80.85884, 12.8, -118.9881
81.77032, 12.8, -119.4194
82.68181, 12.8, -119.6276
83.59329, 12.8, -119.7825
84.50478, 12.8, -120.025
85.41626, 12.8, -120.3634
86.32774, 12.8, -120.7708
87.23923, 12.8, -121.191
88.15071, 12.8, -121.5408
89.06219, 12.8, -121.9528
89.97368, 12.8, -121.8873
90.88516, 12.8, -123.0617
91.79665, 12.8, -123.712
92.70813, 12.8, -124.4878
93.61961, 12.8, -125.2427
94.5311, 12.8, -125.9979
95.44258, 12.8, -126.7843
96.35406, 12.8, -127.6033
97.26555, 12.8, -128.4255
98.17703, 12.8, -129.2091
99.08852, 12.8, -130.1887
17.08525, 13.6, -107.6579
17.98649, 13.6, -109.0134
18.88774, 13.6, -110.3961
19.78899, 13.6, -111.5707
20.69024, 13.6, -111.5777
21.59148, 13.6, -112.007
22.49273, 13.6, -112.4602
23.39398, 13.6, -112.9357
24.29523, 13.6, -113.4736
25.19647, 13.6, -114.0666
26.09772, 13.6, -114.7027
26.99897, 13.6, -115.3694
27.90022, 13.6, -116.0449
28.80146, 13.6, -116.6528
29.70271, 13.6, -117.0236
30.60396, 13.6, -117.5052
31.50521, 13.6, -117.8943
32.40645, 13.6, -118.1209
33.3077, 13.6, -118.3527
34.20895, 13.6, -118.6075
35.1102, 13.6, -118.8808
36.01144, 13.6, -119.1671
36.91269, 13.6, -119.4627
37.81393, 13.6, -119.7693
38.71518, 13.6, -120.1208
39.61643, 13.6, -120.7442
40.51768, 13.6, -120.7502
41.41893, 13.6, -120.3488
42.32017, 13.6, -120.2041
43.22142, 13.6, -120.1137
44.12267, 13.6, -120.0363
45.02391, 13.6, -119.9599
45.92516, 13.6, -119.8785
46.82641, 13.6, -119.7879
47.72766, 13.6, -119.6884
48.6289, 13.6, -119.6099
49.53015, 13.6, -119.9531
50.4314, 13.6, -119.8497
51.33265, 13.6, -118.9378
52.23389, 13.6, -118.6216
53.13514, 13.6, -118.4102
54.03639, 13.6, -118.203
54.93763, 13.6, -117.9541
55.83888, 13.6, -117.627
56.74013, 13.6, -117.1856
57.64138, 13.6, -116.6086
58.54263, 13.6, -116.0357
59.44387, 13.6, -117.2168
60.34512, 13.6, -117.9481
61.24636, 13.6, -115.8524
62.14761, 13.6, -116.347
63.04886, 13.6, -116.9741
63.95011, 13.6, -117.4595
64.85136, 13.6, -117.8089
65.7526, 13.6, -118.0493
66.65385, 13.6, -118.1984
67.5551, 13.6, -118.2498
68.45634, 13.6, -118.1025
69.35759, 13.6, -116.8924
70.25884, 13.6, -115.3105
71.16009, 13.6, -118.8554
72.06133, 13.6, -120.0201
72.96258, 13.6, -120.607
73.86383, 13.6, -121.0239
74.76508, 13.6, -121.3955
75.66632, 13.6, -121.7914
76.56757, 13.6, -122.2647
77.46882, 13.6, -122.8518
78.37006, 13.6, -123.4725
79.27131, 13.6, -122.8196
80.17256, 13.6, -120.51
81.07381, 13.6, -124.2802
81.97505, 13.6, -124.73
82.8763, 13.6, -124.8094
83.77755, 13.6, -125.0015
84.67879, 13.6, -125.2892
85.58004, 13.6, -125.6083
86.48129, 13.6, -125.8832
87.38254, 13.6, -126.017
88.28378, 13.6, -125.8588
89.18504, 13.6, -125.0371
90.08628, 13.6, -122.8163
90.98753, 13.6, -126.763
91.88877, 13.6, -128.4779
92.79002, 13.6, -129.8805
93.69127, 13.6, -131.09
94.59251, 13.6, -132.1658
95.49377, 13.6, -133.1408
96.39501, 13.6, -134.0372
97.29626, 13.6, -134.8853
98.1975, 13.6, -135.7974
99.09875, 13.6, -137.6435
18.02701, 14.4, -114.2949
18.91802, 14.4, -116.2037
19.80903, 14.4, -118.5782
20.70004, 14.4, -118.3282
21.59105, 14.4, -118.1701
22.48207, 14.4, -118.3416
23.37308, 14.4, -118.7146
24.26409, 14.4, -119.2181
25.1551, 14.4, -119.8067
26.04611, 14.4, -120.4589
26.93712, 14.4, -121.1749
27.82813, 14.4, -121.991
28.71914, 14.4, -122.9961
29.61015, 14.4, -123.9458
30.50116, 14.4, -124.3042
31.39217, 14.4, -124.1226
32.28318, 14.4, -124.0931
33.17419, 14.4, -124.2584
34.0652, 14.4, -124.4947
34.95621, 14.4, -124.7706
35.84723, 14.4, -125.0804
36.73824, 14.4, -125.4155
37.62925, 14.4, -125.7305
38.52026, 14.4, -125.9793
39.41127, 14.4, -126.171
40.30228, 14.4, -126.4302
41.19329, 14.4, -126.3095
42.0843, 14.4, -126.2858
42.97531, 14.4, -126.2037
43.86632, 14.4, -126.0827
44.75733, 14.4, -125.9746
45.64835, 14.4, -125.8934
46.53936, 14.4, -125.8382
47.43037, 14.4, -125.8145
48.32138, 14.4, -125.9393
49.21239, 14.4, -126.4728
50.1034, 14.4, -126.9127
50.99441, 14.4, -125.9696
51.88542, 14.4, -125.1448
52.77643, 14.4, -124.7612
53.66744, 14.4, -124.5121
54.55845, 14.4, -124.2859
55.44946, 14.4, -124.0559
56.34047, 14.4, -123.7993
57.23148, 14.4, -123.4795
58.12249, 14.4, -123.1367
59.0135, 14.4, -123.2295
59.90451, 14.4, -124.5401
60.79553, 14.4, -123.2103
61.68654, 14.4, -123.029
62.57755, 14.4, -123.3989
63.46856, 14.4, -123.8007
64.35957, 14.4, -124.1043
65.25058, 14.4, -124.3617
66.14159, 14.4, -124.592
67.0326, 14.4, -124.7811
67.92361, 14.4, -124.8699
68.81462, 14.4, -124.8099
69.70564, 14.4, -123.4585
70.59664, 14.4, -124.6147
71.48766, 14.4, -125.8293
72.37867, 14.4, -126.3411
73.26968, 14.4, -126.62
74.16069, 14.4, -126.8192
75.0517, 14.4, -127.0345
75.94271, 14.4, -127.3087
76.83372, 14.4, -127.6705
77.72473, 14.4, -128.1339
78.61575, 14.4, -128.5388
79.50675, 14.4, -128.1507
80.39777, 14.4, -128.0125
81.28877, 14.4, -129.1811
82.17979, 14.4, -129.446
83.07079, 14.4, -129.646
83.96181, 14.4, -129.9577
84.85281, 14.4, -130.3242
85.74383, 14.4, -130.6672
86.63484, 14.4, -130.8961
87.52585, 14.4, -130.878
88.41686, 14.4, -130.2521
89.30787, 14.4, -128.4734
90.19888, 14.4, -127.781
91.08989, 14.4, -131.2772
91.9809, 14.4, -133.9064
92.87192, 14.4, -135.7151
93.76292, 14.4, -137.1844
94.65394, 14.4, -138.4614
95.54494, 14.4, -139.6084
96.43596, 14.4, -140.67
97.32697, 14.4, -141.7036
98.21798, 14.4, -142.8754
99.10899, 14.4, -144.7374
18.96877, 15.2, -121.5098
19.84955, 15.2, -124.3636
20.73032, 15.2, -124.4177
21.6111, 15.2, -123.91
22.49187, 15.2, -123.9654
23.37264, 15.2, -124.3222
24.25342, 15.2, -124.8354
25.13419, 15.2, -125.4457
26.01497, 15.2, -126.1281
26.89574, 15.2, -126.8851
27.77652, 15.2, -127.7565
28.65729, 15.2, -128.868
29.53806, 15.2, -130.4916
30.41884, 15.2, -130.9014
31.29961, 15.2, -130.1205
32.18039, 15.2, -129.9866
33.06116, 15.2, -130.0763
33.94194, 15.2, -130.2653
34.82271, 15.2, -130.5145
35.70348, 15.2, -130.8154
36.58426, 15.2, -131.1692
37.46503, 15.2, -131.5662
38.34581, 15.2, -131.921
39.22658, 15.2, -131.9395
40.10735, 15.2, -131.5543
40.98813, 15.2, -132.2211
41.8689, 15.2, -132.3327
42.74968, 15.2, -132.1578
43.63045, 15.2, -131.9702
44.51123, 15.2, -131.836
45.392, 15.2, -131.7618
46.27277, 15.2, -131.7519
47.15355, 15.2, -131.8339
48.03432, 15.2, -132.0503
48.9151, 15.2, -132.4473
49.79587, 15.2, -133.0495
50.67664, 15.2, -132.5559
51.55742, 15.2, -131.8475
52.43819, 15.2, -131.3164
53.31897, 15.2, -130.9039
54.19974, 15.2, -130.6275
55.08052, 15.2, -130.4351
55.96129, 15.2, -130.3116
56.84206, 15.2, -130.2831
57.72284, 15.2, -130.3922
58.60361, 15.2, -130.3611
59.48439, 15.2, -129.2459
60.36516, 15.2, -128.7021
61.24594, 15.2, -130.2767
62.12671, 15.2, -130.4545
63.00748, 15.2, -130.4003
63.88826, 15.2, -130.4566
64.76904, 15.2, -130.6074
65.6498, 15.2, -130.8234
66.53058, 15.2, -131.1043
67.41135, 15.2, -131.4552
68.29213, 15.2, -131.7968
69.17291, 15.2, -132.1516
70.05368, 15.2, -133.9314
70.93445, 15.2, -132.4391
71.81522, 15.2, -132.3024
72.696, 15.2, -132.219
73.57677, 15.2, -132.1814
74.45755, 15.2, -132.191
75.33833, 15.2, -132.2588
76.21909, 15.2, -132.3876
77.09987, 15.2, -132.5618
77.98064, 15.2, -132.8037
78.86142, 15.2, -133.416
79.7422, 15.2, -136.2725
80.62297, 15.2, -134.5655
81.50374, 15.2, -133.6054
82.38451, 15.2, -133.8464
83.26529, 15.2, -134.3617
84.14606, 15.2, -134.8981
85.02684, 15.2, -135.4097
85.90762, 15.2, -135.833
86.78838, 15.2, -136.0626
87.66916, 15.2, -135.9325
88.54993, 15.2, -135.2625
89.43071, 15.2, -133.8159
90.31149, 15.2, -133.8245
91.19226, 15.2, -137.2739
92.07303, 15.2, -140.0057
92.9538, 15.2, -142.0676
93.83458, 15.2, -143.7315
94.71535, 15.2, -145.166
95.59613, 15.2, -146.4628
96.47691, 15.2, -147.6878
97.35767, 15.2, -148.9285
98.23845, 15.2, -150.2537
99.11922, 15.2, -151.5477
19.91054, 16, -129.5461
20.78107, 16, -129.3994
21.65161, 16, -129.146
22.52215, 16, -129.3211
23.39269, 16, -129.7455
24.26323, 16, -130.3156
25.13376, 16, -130.9764
26.0043, 16, -131.7042
26.87484, 16, -132.4947
27.74538, 16, -133.3593
28.61591, 16, -134.349
29.48645, 16, -135.9017
30.35699, 16, -136.6434
31.22753, 16, -135.7696
32.09806, 16, -135.696
32.9686, 16, -135.767
33.83914, 16, -135.9127
34.70968, 16, -136.1167
35.58022, 16, -136.3776
36.45075, 16, -136.7022
37.32129, 16, -137.1024
38.19183, 16, -137.5815
39.06237, 16, -137.9692
39.9329, 16, -137.1851
40.80344, 16, -138.1476
41.67398, 16, -138.1164
42.54452, 16, -137.8478
43.41505, 16, -137.6396
44.28559, 16, -137.5088
45.15613, 16, -137.4533
46.02667, 16, -137.4747
46.89721, 16, -137.5817
47.76774, 16, -137.7896
48.63828, 16, -138.0947
49.50882, 16, -138.4478
50.37936, 16, -138.4289
51.24989, 16, -137.9753
52.12043, 16, -137.5721
52.99097, 16, -137.2057
53.8615, 16, -136.9282
54.73204, 16, -136.7468
55.60258, 16, -136.6699
56.47312, 16, -136.7113
57.34365, 16, -136.8823
58.2142, 16, -137.1293
59.08473, 16, -136.7493
59.95527, 16, -133.1427
60.82581, 16, -136.7179
61.69634, 16, -137.2834
62.56688, 16, -137.0429
63.43742, 16, -136.8735
64.30796, 16, -136.8422
65.1785, 16, -136.9394
66.04903, 16, -137.1551
66.91957, 16, -137.4952
67.79011, 16, -138.0028
68.66064, 16, -138.8687
69.53118, 16, -140.8288
70.40172, 16, -141.3169
71.27225, 16, -139.0486
72.1428, 16, -138.0683
73.01334, 16, -137.5882
73.88387, 16, -137.3148
74.75441, 16, -137.1571
75.62495, 16, -137.0761
76.49548, 16, -137.0582
77.36602, 16, -137.1207
78.23656, 16, -137.3787
79.10709, 16, -138.5871
79.97763, 16, -143.2646
80.84817, 16, -138.8448
81.71871, 16, -138.0675
82.58925, 16, -138.4986
83.45979, 16, -139.1885
84.33032, 16, -139.929
85.20086, 16, -140.6273
86.0714, 16, -141.2127
86.94193, 16, -141.6087
87.81247, 16, -141.7227
88.68301, 16, -141.5121
89.55355, 16, -140.8561
90.42409, 16, -141.5703
91.29462, 16, -144.4703
92.16516, 16, -146.9141
93.0357, 16, -148.9752
93.90623, 16, -150.7252
94.77677, 16, -152.27
95.64731, 16, -153.6892
96.51785, 16, -155.0414
97.38839, 16, -156.3625
98.25893, 16, -157.612
99.12946, 16, -158.1744
20.8523, 16.8, -133.5422
21.7126, 16.8, -133.8752
22.5729, 16.8, -134.3341
23.4332, 16.8, -134.9241
24.2935, 16.8, -135.6033
25.15381, 16.8, -136.3423
26.01411, 16.8, -137.1241
26.87441, 16.8, -137.939
27.73471, 16.8, -138.7774
28.59501, 16.8, -139.626
29.45531, 16.8, -140.551
30.31561, 16.8, -141.164
31.17591, 16.8, -141.1451
32.03622, 16.8, -141.1976
32.89651, 16.8, -141.283
33.75682, 16.8, -141.3986
34.61712, 16.8, -141.5556
35.47742, 16.8, -141.7624
36.33772, 16.8, -142.0318
37.19802, 16.8, -142.3846
38.05832, 16.8, -142.8529
38.91862, 16.8, -143.523
39.77892, 16.8, -144.2336
40.63923, 16.8, -144.151
41.49953, 16.8, -143.5625
42.35983, 16.8, -143.2244
43.22013, 16.8, -143.0201
44.08043, 16.8, -142.9105
44.94073, 16.8, -142.8795
45.80103, 16.8, -142.9191
46.66134, 16.8, -143.0267
47.52163, 16.8, -143.1958
48.38194, 16.8, -143.3919
49.24224, 16.8, -143.6621
50.10254, 16.8, -143.7654
50.96284, 16.8, -143.5244
51.82314, 16.8, -143.2573
52.68344, 16.8, -143.0425
53.54374, 16.8, -142.8333
54.40404, 16.8, -142.6835
55.26434, 16.8, -142.6133
56.12465, 16.8, -142.6373
56.98495, 16.8, -142.765
57.84525, 16.8, -142.9655
58.70555, 16.8, -143.1789
59.56585, 16.8, -143.4317
60.42615, 16.8, -143.593
61.28645, 16.8, -143.4605
62.14675, 16.8, -143.2054
63.00705, 16.8, -142.9573
63.86736, 16.8, -142.8086
64.72765, 16.8, -142.7891
65.58796, 16.8, -142.8986
66.44826, 16.8, -143.1496
67.30856, 16.8, -143.5957
68.16886, 16.8, -144.424
69.02916, 16.8, -145.9836
69.88947, 16.8, -147.6381
70.74976, 16.8, -146.4671
71.61006, 16.8, -144.459
72.47037, 16.8, -143.2624
73.33067, 16.8, -142.5902
74.19097, 16.8, -142.1639
75.05127, 16.8, -141.8745
75.91157, 16.8, -141.6799
76.77187, 16.8, -141.5751
77.63217, 16.8, -141.6114
78.49247, 16.8, -141.9584
79.35278, 16.8, -142.6941
80.21307, 16.8, -142.976
81.07338, 16.8, -142.6817
81.93368, 16.8, -142.8562
82.79398, 16.8, -143.5005
83.65428, 16.8, -144.3971
84.51458, 16.8, -145.355
85.37488, 16.8, -146.2884
86.23518, 16.8, -147.1401
87.09548, 16.8, -147.8681
87.95579, 16.8, -148.4924
88.81609, 16.8, -148.9724
89.67638, 16.8, -149.0386
90.53669, 16.8, -150.3161
91.39699, 16.8, -152.5538
92.25729, 16.8, -154.5433
93.11759, 16.8, -156.4243
93.97789, 16.8, -158.1422
94.8382, 16.8, -159.7152
95.69849, 16.8, -161.1838
96.55879, 16.8, -162.5766
97.4191, 16.8, -163.8832
98.2794, 16.8, -164.9518
99.1397, 16.8, -165.5781
21.79406, 17.6, -138.1726
22.64413, 17.6, -139.0017
23.49419, 17.6, -139.824
24.34426, 17.6, -140.6594
25.19432, 17.6, -141.506
26.04439, 17.6, -142.3571
26.89445, 17.6, -143.2024
27.74452, 17.6, -144.0227
28.59458, 17.6, -144.7781
29.44464, 17.6, -145.0409
30.29471, 17.6, -145.2438
31.14477, 17.6, -146.3282
31.99484, 17.6, -146.5201
32.8449, 17.6, -146.6132
33.69497, 17.6, -146.7035
34.54503, 17.6, -146.8123
35.3951, 17.6, -146.9543
36.24516, 17.6, -147.1465
37.09523, 17.6, -147.4161
37.94529, 17.6, -147.8226
38.79535, 17.6, -148.5207
39.64542, 17.6, -150.276
40.49548, 17.6, -149.9794
41.34555, 17.6, -148.7152
42.19561, 17.6, -148.2674
43.04568, 17.6, -148.0716
43.89574, 17.6, -148.0016
44.74581, 17.6, -148.0062
45.59587, 17.6, -148.0662
46.44593, 17.6, -148.1694
47.296, 17.6, -148.3106
48.14606, 17.6, -148.4922
48.99613, 17.6, -148.695
49.8462, 17.6, -148.6765
50.69626, 17.6, -148.7761
51.54632, 17.6, -148.5954
52.39639, 17.6, -148.4067
53.24645, 17.6, -148.2668
54.09652, 17.6, -148.1679
54.94658, 17.6, -148.105
55.79665, 17.6, -148.0933
56.64671, 17.6, -148.1405
57.49677, 17.6, -148.2869
58.34684, 17.6, -148.6515
59.1969, 17.6, -149.8253
60.04697, 17.6, -153.6024
60.89703, 17.6, -149.8252
61.7471, 17.6, -148.8848
62.59716, 17.6, -148.5203
63.44723, 17.6, -148.3317
64.29729, 17.6, -148.2527
65.14735, 17.6, -148.2792
65.99742, 17.6, -148.4322
66.84748, 17.6, -148.7571
67.69755, 17.6, -149.3414
68.54762, 17.6, -150.3251
69.39767, 17.6, -151.5689
70.24774, 17.6, -151.8815
71.09781, 17.6, -150.3979
71.94787, 17.6, -148.9853
72.79794, 17.6, -147.975
73.648, 17.6, -147.2594
74.49806, 17.6, -146.745
75.34813, 17.6, -146.371
76.1982, 17.6, -146.1057
77.04826, 17.6, -145.9424
77.89832, 17.6, -145.8571
78.74839, 17.6, -145.7119
79.59845, 17.6, -143.9968
80.44852, 17.6, -144.4806
81.29858, 17.6, -146.7204
82.14864, 17.6, -147.7674
82.99871, 17.6, -148.8551
83.84878, 17.6, -150.0277
84.69884, 17.6, -151.2584
85.5489, 17.6, -152.5008
86.39896, 17.6, -153.7261
87.24903, 17.6, -154.9038
88.0991, 17.6, -155.98
88.94916, 17.6, -156.936
89.79922, 17.6, -158.3942
90.64929, 17.6, -159.5218
91.49935, 17.6, -161.0175
92.34942, 17.6, -162.742
93.19949, 17.6, -164.398
94.04955, 17.6, -165.9809
94.89961, 17.6, -167.4958
95.74968, 17.6, -168.9384
96.59974, 17.6, -170.2995
97.44981, 17.6, -171.5544
98.29987, 17.6, -172.6803
99.14993, 17.6, -173.8828
22.73583, 18.4, -143.4585
23.57566, 18.4, -144.5137
24.41548, 18.4, -145.5268
25.25531, 18.4, -146.5037
26.09514, 18.4, -147.4471
26.93497, 18.4, -148.354
27.7748, 18.4, -149.2025
28.61462, 18.4, -149.871
29.45445, 18.4, -150.0263
30.29428, 18.4, -150.3101
31.13411, 18.4, -151.3723
31.97394, 18.4, -151.7137
32.81376, 18.4, -151.803
33.65359, 18.4, -151.8438
34.49342, 18.4, -151.8848
35.33325, 18.4, -151.9467
36.17308, 18.4, -152.048
37.01291, 18.4, -152.2165
37.85273, 18.4, -152.5076
38.69256, 18.4, -153.0714
39.53239, 18.4, -154.4872
40.37222, 18.4, -154.8888
41.21204, 18.4, -153.4651
42.05187, 18.4, -152.9888
42.8917, 18.4, -152.8213
43.73153, 18.4, -152.7905
44.57135, 18.4, -152.8366
45.41118, 18.4, -152.933
46.25101, 18.4, -153.0661
47.09084, 18.4, -153.2285
47.93067, 18.4, -153.4105
48.7705, 18.4, -153.5622
49.61032, 18.4, -153.6089
50.45015, 18.4, -153.7125
51.28998, 18.4, -153.7024
52.12981, 18.4, -153.5639
52.96963, 18.4, -153.421
53.80946, 18.4, -153.3076
54.64929, 18.4, -153.2284
55.48912, 18.4, -153.1904
56.32895, 18.4, -153.2103
57.16877, 18.4, -153.3289
58.0086, 18.4, -153.6599
58.84843, 18.4, -154.6402
59.68826, 18.4, -157.5181
60.52809, 18.4, -156.5416
61.36791, 18.4, -154.4259
62.20774, 18.4, -153.6905
63.04757, 18.4, -153.3828
63.8874, 18.4, -153.239
64.72723, 18.4, -153.2014
65.56705, 18.4, -153.263
66.40688, 18.4, -153.4401
67.24671, 18.4, -153.7667
68.08654, 18.4, -154.2744
68.92637, 18.4, -154.8318
69.7662, 18.4, -155.6608
70.60602, 18.4, -154.6479
71.44585, 18.4, -153.6784
72.28567, 18.4, -152.8276
73.1255, 18.4, -152.0589
73.96533, 18.4, -151.4351
74.80516, 18.4, -150.9252
75.64499, 18.4, -150.4997
76.48482, 18.4, -150.1326
77.32465, 18.4, -149.784
78.16447, 18.4, -149.3199
79.0043, 18.4, -148.156
79.84413, 18.4, -145.5563
80.68396, 18.4, -148.2607
81.52379, 18.4, -150.9297
82.36361, 18.4, -152.7238
83.20344, 18.4, -154.3294
84.04327, 18.4, -155.9284
84.88309, 18.4, -157.5369
85.72292, 18.4, -159.1446
86.56275, 18.4, -160.7344
87.40258, 18.4, -162.288
88.24241, 18.4, -163.8088
89.08224, 18.4, -165.467
89.92207, 18.4, -167.513
90.76189, 18.4, -168.6392
91.60172, 18.4, -169.8116
92.44155, 18.4, -171.2478
93.28138, 18.4, -172.7321
94.1212, 18.4, -174.1914
94.96103, 18.4, -175.613
95.80086, 18.4, -176.9919
96.64069, 18.4, -178.3244
97.48051, 18.4, -179.6161
98.32034, 18.4, -180.9495
99.16017, 18.4, -182.6946
23.67759, 19.2, -149.1387
24.50718, 19.2, -150.3708
25.33677, 19.2, -151.5025
26.16636, 19.2, -152.5597
26.99596, 19.2, -153.5593
27.82555, 19.2, -154.4718
28.65514, 19.2, -155.2355
29.48473, 19.2, -155.7648
30.31432, 19.2, -156.3332
31.14391, 19.2, -156.6621
31.9735, 19.2, -156.8391
32.8031, 19.2, -156.874
33.63269, 19.2, -156.841
34.46228, 19.2, -156.7908
35.29187, 19.2, -156.7467
36.12146, 19.2, -156.7244
36.95105, 19.2, -156.743
37.78064, 19.2, -156.8385
38.61024, 19.2, -157.1113
39.43983, 19.2, -157.7332
40.26942, 19.2, -157.8676
41.09901, 19.2, -157.4996
41.9286, 19.2, -157.2319
42.75819, 19.2, -157.1963
43.58778, 19.2, -157.2647
44.41738, 19.2, -157.389
45.24697, 19.2, -157.5479
46.07656, 19.2, -157.73
46.90615, 19.2, -157.9265
47.73574, 19.2, -158.1231
48.56533, 19.2, -158.3072
49.39492, 19.2, -158.4471
50.22452, 19.2, -158.5225
51.05411, 19.2, -158.5714
51.8837, 19.2, -158.4798
52.71329, 19.2, -158.3561
53.54288, 19.2, -158.2328
54.37247, 19.2, -158.1272
55.20206, 19.2, -158.0485
56.03165, 19.2, -158.0098
56.86125, 19.2, -158.0398
57.69084, 19.2, -158.2133
58.52043, 19.2, -158.6826
59.35002, 19.2, -159.7409
60.17961, 19.2, -159.9699
61.0092, 19.2, -159.1496
61.83879, 19.2, -158.2983
62.66839, 19.2, -157.8926
63.49798, 19.2, -157.6919
64.32757, 19.2, -157.5916
65.15716, 19.2, -157.5594
65.98676, 19.2, -157.5886
66.81635, 19.2, -157.6792
67.64594, 19.2, -157.811
68.47552, 19.2, -157.9874
69.30511, 19.2, -158.252
70.13471, 19.2, -158.0944
70.9643, 19.2, -157.3297
71.79389, 19.2, -156.638
72.62348, 19.2, -156.0854
73.45307, 19.2, -155.5417
74.28267, 19.2, -155.0199
75.11226, 19.2, -154.5306
75.94185, 19.2, -154.0612
76.77144, 19.2, -153.5808
77.60104, 19.2, -153.0028
78.43063, 19.2, -152.223
79.26022, 19.2, -151.0785
80.08981, 19.2, -150.5555
80.9194, 19.2, -153.0264
81.74899, 19.2, -155.5912
82.57858, 19.2, -157.8452
83.40817, 19.2, -159.9353
84.23776, 19.2, -161.9662
85.06735, 19.2, -163.9798
85.89695, 19.2, -165.9831
86.72654, 19.2, -167.9757
87.55613, 19.2, -169.9668
88.38572, 19.2, -171.9933
89.21531, 19.2, -174.1182
90.04491, 19.2, -176.2376
90.8745, 19.2, -177.5353
91.70409, 19.2, -178.7499
92.53368, 19.2, -180.0181
93.36327, 19.2, -181.3405
94.19286, 19.2, -182.6866
95.02245, 19.2, -184.0292
95.85204, 19.2, -185.3629
96.68163, 19.2, -186.6943
97.51122, 19.2, -188.0625
98.34082, 19.2, -189.5201
99.17041, 19.2, -191.1056
