100, 0, -1.22091
0, 0, 4.1716
-20, 0, -1.4013e-44
-20, -20, 200
100, -20, 201.6348
100, 20, -194.8447
23.8, 20, -164.2302
98.9247, 0, -1.65803
97.8495, 0, -1.88531
96.7742, 0, -1.96652
95.6989, 0, -1.98228
94.6237, 0, -1.93783
93.5484, 0, -1.86985
92.4731, 0, -1.88532
91.3979, 0, -2.32771
90.3226, 0, -3.32801
89.2473, 0, -2.88898
88.172, 0, -1.79762
87.0968, 0, -1.2335
86.0215, 0, -0.974799
84.9462, 0, -0.770353
83.871, 0, -0.57142
82.7957, 0, -0.422079
81.7204, 0, -0.613449
80.6452, 0, -1.34451
79.5699, 0, -1.35627
78.4946, 0, -0.416984
77.4194, 0, -0.139974
76.3441, 0, -0.278628
75.2688, 0, -0.459868
74.1936, 0, -0.577149
73.1183, 0, -0.591608
72.043, 0, -0.500204
70.9677, 0, -0.144329
69.8925, 0, 0.311187
68.8172, 0, -0.486043
67.7419, 0, -1.14496
66.6667, 0, -1.59285
65.5914, 0, -1.89359
64.5161, 0, -2.08501
63.4409, 0, -2.20411
62.3656, 0, -2.27931
61.2903, 0, -2.31002
60.2151, 0, -2.3423
59.1398, 0, -2.44701
58.0645, 0, -2.46813
56.9892, 0, -2.36308
55.914, 0, -2.21172
54.8387, 0, -2.04168
53.7634, 0, -1.87126
52.6882, 0, -1.72735
51.6129, 0, -1.68589
50.5376, 0, -1.8549
49.4624, 0, -1.80308
48.3871, 0, -1.4472
47.3118, 0, -1.26165
46.2366, 0, -1.18945
45.1613, 0, -1.15463
44.086, 0, -1.13411
43.0108, 0, -1.12861
41.9355, 0, -1.19266
40.8602, 0, -1.40002
39.7849, 0, -1.44391
38.7097, 0, -0.97148
37.6344, 0, -0.679295
36.5591, 0, -0.522613
35.4839, 0, -0.385316
34.4086, 0, -0.228108
33.3333, 0, -0.0292045
32.2581, 0, 0.251344
31.1828, 0, 0.737687
30.1075, 0, 1.40174
29.0323, 0, 1.24222
27.957, 0, 1.04306
26.8817, 0, 1.10695
25.8065, 0, 1.27826
24.7312, 0, 1.49399
23.6559, 0, 1.72351
22.5806, 0, 1.94385
21.5054, 0, 2.14659
20.4301, 0, 2.55277
19.3548, 0, 2.42369
18.2796, 0, 2.18902
17.2043, 0, 2.09818
16.129, 0, 1.98615
15.0538, 0, 1.85782
13.9785, 0, 1.72359
12.9032, 0, 1.59429
11.828, 0, 1.47534
10.7527, 0, 1.32526
9.6774, 0, 1.9432
8.6022, 0, 1.1778
7.5269, 0, 1.0231
6.4516, 0, 1.0215
5.3763, 0, 1.7004
4.3011, 0, -0.31426
3.2258, 0, 1.4961
2.1505, 0, -0.20379
1.0753, 0, 0.9434
-1.0526, 0, 4.8937
-2.1053, 0, 4.75
-3.1579, 0, 4.3726
-4.2105, 0, 3.8426
-5.2632, 0, 3.23
-6.3158, 0, 2.576
-7.3684, 0, 1.8897
-8.4211, 0, 1.1695
-9.4737, 0, 0.40572
-10.5263, 0, 0.0614677
-11.5789, 0, 0.147919
-12.6316, 0, 0.198775
-13.6842, 0, 0.222865
-14.7368, 0, 0.225429
-15.7895, 0, 0.20983
-16.8421, 0, 0.178362
-17.8947, 0, 0.132546
-18.9474, 0, 0.0732901
-20, -1, 9.5
-20, -2, 19
-20, -3, 28.5
-20, -4, 38
-20, -5, 47.5
-20, -6, 57
-20, -7, 66.5
-20, -8, 76
-20, -9, 85.5
-20, -10, 100
-20, -11, 114.5
-20, -12, 124
-20, -13, 133.5
-20, -14, 143
-20, -15, 152.5
-20, -16, 162
-20, -17, 171.5
-20, -18, 181
-20, -19, 190.5
-18.92857, -20, 200.0163
-17.85714, -20, 200.0327
-16.78572, -20, 200.049
-15.71429, -20, 200.0654
-14.64286, -20, 200.0817
-13.57143, -20, 200.098
-12.5, -20, 200.1144
-11.42857, -20, 200.1307
-10.35714, -20, 200.1471
-9.285714, -20, 200.1648
-8.214286, -20, 200.1832
-7.142857, -20, 200.2016
-6.071429, -20, 200.22
-5, -20, 200.2384
-3.928571, -20, 200.2568
-2.857143, -20, 200.2752
-1.785714, -20, 200.2936
-0.7142857, -20, 200.3121
0.3571429, -20, 200.3692
1.428571, -20, 200.3868
2.5, -20, 200.2333
3.571429, -20, 200.1798
4.642857, -20, 200.4474
5.714286, -20, 200.5548
6.785714, -20, 200.5027
7.857143, -20, 200.4507
8.928572, -20, 200.3987
10, -20, 200.3467
11.07143, -20, 200.3458
12.14286, -20, 200.3449
13.21429, -20, 200.3441
14.28571, -20, 200.3432
15.35714, -20, 200.3423
16.42857, -20, 200.3414
17.5, -20, 200.3406
18.57143, -20, 200.3397
19.64286, -20, 200.3388
20.71428, -20, 200.3797
21.78572, -20, 200.4416
22.85714, -20, 200.5034
23.92857, -20, 200.5653
25, -20, 200.6271
26.07143, -20, 200.689
27.14286, -20, 200.7508
28.21428, -20, 200.8127
29.28572, -20, 200.8745
30.35714, -20, 200.9232
31.42857, -20, 200.9458
32.5, -20, 200.9684
33.57143, -20, 200.991
34.64286, -20, 201.0135
35.71429, -20, 201.0361
36.78571, -20, 201.0587
37.85714, -20, 201.0812
38.92857, -20, 201.1038
40, -20, 201.1264
41.07143, -20, 201.1643
42.14286, -20, 201.2021
43.21429, -20, 201.24
44.28571, -20, 201.2779
45.35714, -20, 201.3158
46.42857, -20, 201.3537
47.5, -20, 201.3916
48.57143, -20, 201.4295
49.64286, -20, 201.4673
50.71429, -20, 201.4841
51.78571, -20, 201.4903
52.85714, -20, 201.4964
53.92857, -20, 201.5026
55, -20, 201.5088
56.07143, -20, 201.515
57.14286, -20, 201.5211
58.21429, -20, 201.5273
59.28571, -20, 201.5335
60.35714, -20, 201.5324
61.42857, -20, 201.5168
62.5, -20, 201.5012
63.57143, -20, 201.4855
64.64286, -20, 201.4699
65.71429, -20, 201.4543
66.78571, -20, 201.4387
67.85714, -20, 201.4231
68.92857, -20, 201.4074
70, -20, 201.3918
71.07143, -20, 201.4625
72.14286, -20, 201.5332
73.21429, -20, 201.6039
74.28571, -20, 201.6745
75.35714, -20, 201.7452
76.42857, -20, 201.8159
77.5, -20, 201.8866
78.57143, -20, 201.9572
79.64286, -20, 202.0279
80.71429, -20, 202.0193
81.78571, -20, 201.9711
82.85714, -20, 201.9229
83.92857, -20, 201.8747
85, -20, 201.8265
86.07143, -20, 201.7783
87.14286, -20, 201.7301
88.21429, -20, 201.6819
89.28571, -20, 201.6337
90.35714, -20, 201.6027
91.42857, -20, 201.6063
92.5, -20, 201.6099
93.57143, -20, 201.6134
94.64286, -20, 201.617
95.71429, -20, 201.6206
96.78571, -20, 201.6241
97.85714, -20, 201.6277
98.92857, -20, 201.6313
100, -19, 192.6368
100, -18, 183.6388
100, -17, 173.8925
100, -16, 164.0581
100, -15, 154.5978
100, -14, 145.2372
100, -13, 136.4529
100, -12, 127.9345
100, -11, 114.419
100, -10, 97.2692
100, -9, 83.5563
100, -8, 73.662
100, -7, 64.5906
100, -6, 56.9296
100, -5, 49.1312
100, -4, 40.9474
100, -3, 32.4916
100, -2, 22.5849
100, -1, 12.4785
100, 0.8, -12.1805
100, 1.6, -22.152
100, 2.4, -31.6675
100, 3.2, -41.1538
100, 4, -50.1153
100, 4.8, -59.0769
100, 5.6, -65.0054
100, 6.4, -66.7636
100, 7.2, -68.5218
100, 8, -79.5936
100, 8.8, -93.1491
100, 9.6, -104.7595
100, 10.4, -105.9968
100, 11.2, -107.2341
100, 12, -114.4925
100, 12.8, -127.17
100, 13.6, -139.8475
100, 14.4, -142.2814
100, 15.2, -143.5101
100, 16, -147.9126
100, 16.8, -161.2014
100, 17.6, -174.4903
100, 18.4, -183.0962
100, 19.2, -188.9705
99.18065, 20, -194.7665
98.36129, 20, -194.6882
97.54194, 20, -194.61
96.72258, 20, -194.5317
95.90323, 20, -194.4534
95.08387, 20, -194.3752
94.26452, 20, -194.2969
93.44516, 20, -194.2187
92.62581, 20, -194.1404
91.80645, 20, -194.0622
90.9871, 20, -193.9839
90.16774, 20, -193.9056
89.34839, 20, -192.1566
88.52903, 20, -189.9775
87.70968, 20, -187.7985
86.89032, 20, -185.6194
86.07097, 20, -183.4403
85.25161, 20, -181.2612
84.43226, 20, -179.0821
83.6129, 20, -176.903
82.79355, 20, -174.7239
81.97419, 20, -172.5448
81.15484, 20, -170.3657
80.33549, 20, -168.1867
79.51613, 20, -167.2294
78.69678, 20, -167.1194
77.87742, 20, -167.0093
77.05807, 20, -166.8993
76.23871, 20, -166.7893
75.41936, 20, -166.6792
74.6, 20, -166.5692
73.78065, 20, -166.4591
72.96129, 20, -166.3491
72.14194, 20, -166.2391
71.32258, 20, -166.129
70.50323, 20, -166.019
69.68387, 20, -166.0845
68.86452, 20, -166.4296
68.04516, 20, -166.7747
67.22581, 20, -167.1197
66.40645, 20, -167.4648
65.5871, 20, -167.8099
64.76774, 20, -168.1549
63.94839, 20, -168.5
63.12903, 20, -168.8451
62.30968, 20, -169.1901
61.49032, 20, -169.5352
60.67097, 20, -169.8803
59.85161, 20, -170.1918
59.03226, 20, -170.3516
58.2129, 20, -170.5115
57.39355, 20, -170.6713
56.57419, 20, -170.8312
55.75484, 20, -170.991
54.93548, 20, -171.1508
54.11613, 20, -171.3107
53.29678, 20, -171.4705
52.47742, 20, -171.6304
51.65807, 20, -171.7902
50.83871, 20, -171.95
50.01936, 20, -172.1099
49.2, 20, -171.7796
48.38065, 20, -171.4374
47.56129, 20, -171.0952
46.74194, 20, -170.753
45.92258, 20, -170.4108
45.10323, 20, -170.0686
44.28387, 20, -169.7264
43.46452, 20, -169.3842
42.64516, 20, -169.0421
41.82581, 20, -168.6999
41.00645, 20, -168.3577
40.1871, 20, -168.0155
39.36774, 20, -168.2845
38.54839, 20, -168.7344
37.72903, 20, -169.1843
36.90968, 20, -169.6342
36.09032, 20, -170.0841
35.27097, 20, -170.534
34.45161, 20, -170.9839
33.63226, 20, -171.4338
32.8129, 20, -171.8837
31.99355, 20, -172.3336
31.17419, 20, -172.7835
30.35484, 20, -173.2334
29.53548, 20, -172.9538
28.71613, 20, -172.0322
27.89677, 20, -171.0024
27.07742, 20, -169.8643
26.25806, 20, -168.6181
25.43871, 20, -167.2637
24.61935, 20, -165.801
22.848, 19.2, -157.4219
21.896, 18.4, -151.1632
20.944, 17.6, -145.5281
19.992, 16.8, -141.212
19.04, 16, -133.3532
18.088, 15.2, -125.8598
17.136, 14.4, -118.8439
16.184, 13.6, -112.0541
15.232, 12.8, -105.4054
14.28, 12, -98.8765
13.328, 11.2, -92.435
12.376, 10.4, -86.0968
11.424, 9.6, -79.9781
10.472, 8.8, -75.3078
9.52, 8, -70.1669
8.568, 7.2, -61.9402
7.616, 6.4, -54.3913
6.664, 5.6, -47.1493
5.712, 4.8, -40.4325
4.76, 4, -34.8759
3.808, 3.2, -27.6337
2.856, 2.4, -19.3548
1.904, 1.6, -11.6049
0.952, 0.8, -3.8425
98.9249, -1, 10.2029
97.8498, -1, 9.47034
96.7748, -1, 9.06717
95.6997, -1, 8.86314
94.6246, -1, 8.77352
93.5495, -1, 8.73767
92.4745, -1, 8.67953
91.3994, -1, 8.34664
90.3243, -1, 5.82949
89.2492, -1, 7.25557
88.1742, -1, 8.47103
87.0991, -1, 8.82351
86.024, -1, 9.08486
84.9489, -1, 9.29522
83.8738, -1, 9.4256
82.7988, -1, 9.42594
81.7237, -1, 9.25771
80.6486, -1, 9.50037
79.5735, -1, 9.91395
78.4985, -1, 9.37448
77.4234, -1, 9.53587
76.3483, -1, 9.53755
75.2732, -1, 9.41785
74.1982, -1, 9.25656
73.1231, -1, 9.13236
72.048, -1, 9.13258
70.9729, -1, 9.2621
69.8979, -1, 8.99
68.8228, -1, 9.02516
67.7477, -1, 8.61425
66.6726, -1, 8.25839
65.5975, -1, 8.00796
64.5225, -1, 7.8485
63.4474, -1, 7.77096
62.3723, -1, 7.76366
61.2972, -1, 7.70195
60.2222, -1, 6.35122
59.1471, -1, 7.21843
58.072, -1, 7.46792
56.9969, -1, 7.46251
55.9219, -1, 7.52069
54.8468, -1, 7.60792
53.7717, -1, 7.66881
52.6966, -1, 7.63336
51.6215, -1, 7.39508
50.5465, -1, 6.76287
49.4714, -1, 6.85735
48.3963, -1, 7.58525
47.3212, -1, 7.98776
46.2462, -1, 8.21106
45.1711, -1, 8.32912
44.096, -1, 8.38766
43.0209, -1, 8.42052
41.9459, -1, 8.4681
40.8708, -1, 8.67486
39.7957, -1, 9.25927
38.7206, -1, 8.94644
37.6455, -1, 9.04407
36.5705, -1, 9.16469
35.4954, -1, 9.2932
34.4203, -1, 9.44006
33.3452, -1, 9.62129
32.2702, -1, 9.85806
31.1951, -1, 10.1491
30.12, -1, 10.1645
29.0449, -1, 10.5276
27.9699, -1, 10.6499
26.8948, -1, 10.7872
25.8197, -1, 10.9893
24.7446, -1, 11.2273
23.6695, -1, 11.48
22.5945, -1, 11.7357
21.5194, -1, 11.995
20.4443, -1, 12.1652
19.3692, -1, 12.1544
18.2942, -1, 12.0091
17.2191, -1, 11.8289
16.144, -1, 11.663
15.0689, -1, 11.4913
13.9939, -1, 11.3091
12.9188, -1, 11.1183
11.8437, -1, 10.932
10.7686, -1, 10.5218
9.6935, -1, 9.0518
8.61847, -1, 10.1848
7.54339, -1, 10.3568
6.46832, -1, 10.3258
5.3932, -1, 9.9415
4.3182, -1, 9.4412
3.24309, -1, 10.1453
2.16801, -1, 10.4464
1.0929, -1, 8.8152
0.0178571, -1, 13.1398
-1.03571, -1, 13.0076
-2.08929, -1, 12.9075
-3.14286, -1, 12.6462
-4.19643, -1, 12.2865
-5.25, -1, 11.8562
-6.30357, -1, 11.3698
-7.35714, -1, 10.8399
-8.41071, -1, 10.2787
-9.4643, -1, 9.725
-10.5179, -1, 9.51506
-11.5714, -1, 9.51461
-12.625, -1, 9.51277
-13.6786, -1, 9.51094
-14.7321, -1, 9.50912
-15.7857, -1, 9.5073
-16.8393, -1, 9.50547
-17.8929, -1, 9.50365
-18.9464, -1, 9.50181
98.9251, -2, 21.3175
97.8502, -2, 20.2578
96.7753, -2, 19.6801
95.7005, -2, 19.3508
94.6256, -2, 19.1707
93.5507, -2, 19.0675
92.4758, -2, 18.9865
91.4009, -2, 18.875
90.326, -2, 18.2555
89.2512, -2, 18.5626
88.1763, -2, 18.7659
87.1014, -2, 18.9244
86.0265, -2, 19.1165
84.9516, -2, 19.3019
83.8767, -2, 19.4656
82.8018, -2, 19.6058
81.727, -2, 19.7974
80.6521, -2, 20.1805
79.5772, -2, 20.3056
78.5023, -2, 19.8132
77.4274, -2, 19.5443
76.3525, -2, 19.3402
75.2776, -2, 19.1162
74.2028, -2, 18.8917
73.1279, -2, 18.6937
72.053, -2, 18.5321
70.9781, -2, 18.3487
69.9032, -2, 18.1119
68.8283, -2, 18.0283
67.7535, -2, 17.9178
66.6786, -2, 17.7424
65.6037, -2, 17.5947
64.5288, -2, 17.4917
63.4539, -2, 17.431
62.379, -2, 17.3927
61.3041, -2, 17.2734
60.2293, -2, 16.9536
59.1544, -2, 17.0307
58.0795, -2, 17.1221
57.0046, -2, 17.164
55.9297, -2, 17.2014
54.8548, -2, 17.2427
53.78, -2, 17.2537
52.7051, -2, 17.1712
51.6302, -2, 16.8485
50.5553, -2, 16.0837
49.4804, -2, 16.1595
48.4055, -2, 17.0708
47.3306, -2, 17.513
46.2558, -2, 17.741
45.1809, -2, 17.8783
44.106, -2, 17.9746
43.0311, -2, 18.0678
41.9562, -2, 18.2435
40.8813, -2, 18.6964
39.8064, -2, 19.1713
38.7316, -2, 18.8481
37.6567, -2, 18.7329
36.5818, -2, 18.7918
35.5069, -2, 18.8971
34.432, -2, 19.02
33.3571, -2, 19.1569
32.2823, -2, 19.293
31.2074, -2, 19.3258
30.1325, -2, 19.2325
29.0576, -2, 19.6107
27.9827, -2, 20.0565
26.9078, -2, 20.3664
25.8329, -2, 20.6462
24.7581, -2, 20.9327
23.6832, -2, 21.2265
22.6083, -2, 21.52
21.5334, -2, 21.7856
20.4585, -2, 21.8621
19.3836, -2, 21.899
18.3088, -2, 21.8216
17.2339, -2, 21.6222
16.159, -2, 21.4203
15.0841, -2, 21.2135
14.0092, -2, 20.9811
12.9343, -2, 20.7073
11.8594, -2, 20.354
10.7846, -2, 19.8355
9.70968, -2, 19.1391
8.63479, -2, 19.6326
7.55991, -2, 19.8681
6.48502, -2, 19.8694
5.41014, -2, 19.435
4.33525, -2, 21.7677
3.26037, -2, 19.2285
2.18548, -2, 22.124
1.1106, -2, 18.6171
0.0357143, -2, 21.8498
-1.0188, -2, 21.5629
-2.07331, -2, 21.3752
-3.12782, -2, 21.2027
-4.18233, -2, 20.9551
-5.23684, -2, 20.643
-6.29135, -2, 20.2841
-7.34586, -2, 19.8974
-8.40038, -2, 19.5134
-9.45489, -2, 19.1931
-10.5094, -2, 19.0346
-11.5639, -2, 19.0295
-12.6184, -2, 19.0257
-13.6729, -2, 19.022
-14.7274, -2, 19.0183
-15.782, -2, 19.0146
-16.8365, -2, 19.011
-17.891, -2, 19.0074
-18.9455, -2, 19.0037
98.9253, -3, 31.3749
97.8506, -3, 30.4051
96.7759, -3, 29.8073
95.7012, -3, 29.4715
94.6265, -3, 29.2869
93.5518, -3, 29.1818
92.4771, -3, 29.1198
91.4025, -3, 29.2091
90.3278, -3, 31.267
89.2531, -3, 29.8479
88.1784, -3, 29.0654
87.1037, -3, 29.1413
86.029, -3, 29.2856
84.9543, -3, 29.4576
83.8796, -3, 29.6802
82.8049, -3, 29.9928
81.7302, -3, 30.4244
80.6555, -3, 30.5896
79.5808, -3, 30.3045
78.5061, -3, 30.2571
77.4314, -3, 29.6848
76.3568, -3, 29.2053
75.2821, -3, 28.817
74.2074, -3, 28.478
73.1327, -3, 28.149
72.058, -3, 27.7914
70.9833, -3, 27.4072
69.9086, -3, 27.2878
68.8339, -3, 26.9967
67.7592, -3, 26.9657
66.6845, -3, 26.962
65.6098, -3, 26.9402
64.5351, -3, 26.8988
63.4604, -3, 26.8407
62.3858, -3, 26.7782
61.3111, -3, 26.8059
60.2364, -3, 27.8643
59.1617, -3, 26.9738
58.087, -3, 26.7108
57.0123, -3, 26.7596
55.9376, -3, 26.819
54.8629, -3, 26.8579
53.7882, -3, 26.8654
52.7135, -3, 26.8255
51.6388, -3, 26.6975
50.5641, -3, 26.3714
49.4894, -3, 26.408
48.4147, -3, 26.951
47.3401, -3, 27.2361
46.2654, -3, 27.4135
45.1907, -3, 27.5488
44.116, -3, 27.6752
43.0413, -3, 27.821
41.9666, -3, 28.0233
40.8919, -3, 28.3515
39.8172, -3, 28.7329
38.7425, -3, 28.4766
37.6678, -3, 28.3954
36.5931, -3, 28.4158
35.5184, -3, 28.4804
34.4437, -3, 28.5577
33.369, -3, 28.6227
32.2944, -3, 28.6468
31.2197, -3, 28.5946
30.145, -3, 28.3994
29.0703, -3, 28.8919
27.9956, -3, 29.3962
26.9209, -3, 29.8412
25.8462, -3, 30.2315
24.7715, -3, 30.5898
23.6968, -3, 30.9279
22.6221, -3, 31.2486
21.5474, -3, 31.5446
20.4727, -3, 31.8524
19.398, -3, 31.8529
18.3233, -3, 31.6319
17.2487, -3, 31.4636
16.174, -3, 31.2823
15.0993, -3, 31.0724
14.0246, -3, 30.8087
12.9499, -3, 30.454
11.8752, -3, 29.9572
10.8005, -3, 29.4256
9.72581, -3, 30.3324
8.65111, -3, 29.6133
7.57642, -3, 29.6767
6.50173, -3, 29.9672
5.42704, -3, 30.4761
4.35234, -3, 30.4871
3.27765, -3, 30.8058
2.20296, -3, 31.5646
1.12826, -3, 28.5937
0.0535714, -3, 30.5352
-1.00188, -3, 30.3323
-2.05733, -3, 30.1683
-3.11278, -3, 30.0255
-4.16823, -3, 29.8504
-5.22368, -3, 29.6307
-6.27914, -3, 29.3792
-7.33459, -3, 29.1164
-8.39004, -3, 28.8763
-9.44549, -3, 28.6649
-10.5009, -3, 28.5528
-11.5564, -3, 28.5445
-12.6118, -3, 28.5383
-13.6673, -3, 28.5324
-14.7227, -3, 28.5268
-15.7782, -3, 28.5215
-16.8336, -3, 28.5163
-17.8891, -3, 28.511
-18.9445, -3, 28.5056
98.9255, -4, 40.4269
97.851, -4, 39.8807
96.7765, -4, 39.4831
95.702, -4, 39.2577
94.6275, -4, 39.1494
93.553, -4, 39.1227
92.4785, -4, 39.181
91.404, -4, 39.5144
90.3295, -4, 40.8105
89.255, -4, 40.1011
88.1805, -4, 39.4417
87.106, -4, 39.3688
86.0315, -4, 39.4582
84.957, -4, 39.6139
83.8825, -4, 39.8406
82.808, -4, 40.1643
81.7335, -4, 40.6022
80.659, -4, 41.0938
79.5845, -4, 40.9013
78.51, -4, 40.2224
77.4355, -4, 39.5355
76.361, -4, 38.951
75.2865, -4, 38.456
74.212, -4, 37.9997
73.1375, -4, 37.5374
72.063, -4, 37.043
70.9885, -4, 36.4793
69.914, -4, 35.9924
68.8395, -4, 36.0556
67.765, -4, 36.132
66.6905, -4, 36.2045
65.616, -4, 36.2652
64.5415, -4, 36.2869
63.467, -4, 36.2736
62.3925, -4, 36.2767
61.318, -4, 36.4487
60.2435, -4, 37.042
59.169, -4, 36.7129
58.0945, -4, 36.4614
57.02, -4, 36.4429
55.9455, -4, 36.5036
54.871, -4, 36.5511
53.7965, -4, 36.5777
52.722, -4, 36.6103
51.6475, -4, 36.7535
50.573, -4, 37.0235
49.4985, -4, 37.0749
48.424, -4, 37.0019
47.3495, -4, 37.0414
46.275, -4, 37.1685
45.2005, -4, 37.3005
44.126, -4, 37.429
43.0515, -4, 37.562
41.977, -4, 37.7071
40.9025, -4, 37.8026
39.828, -4, 37.9158
38.7535, -4, 37.9198
37.679, -4, 37.9856
36.6045, -4, 38.0225
35.53, -4, 38.0642
34.4555, -4, 38.0975
33.381, -4, 38.1083
32.3064, -4, 38.0848
31.232, -4, 38.014
30.1574, -4, 37.892
29.0829, -4, 38.3568
28.0084, -4, 38.8821
26.9339, -4, 39.3695
25.8594, -4, 39.8245
24.7849, -4, 40.2469
23.7104, -4, 40.6435
22.6359, -4, 41.0206
21.5614, -4, 41.3946
20.4869, -4, 41.9013
19.4124, -4, 41.9221
18.3379, -4, 41.5931
17.2634, -4, 41.4309
16.1889, -4, 41.2626
15.1144, -4, 41.0611
14.0399, -4, 40.8132
12.9654, -4, 40.4873
11.8909, -4, 40.0124
10.8164, -4, 39.5483
9.74194, -4, 38.8665
8.66743, -4, 39.5239
7.59293, -4, 39.7
6.51843, -4, 39.894
5.44393, -4, 40.5485
4.36943, -4, 39.4422
3.29493, -4, 41.8458
2.22043, -4, 40.1284
1.14593, -4, 39.9268
0.0714286, -4, 38.9513
-0.984962, -4, 39.1816
-2.04135, -4, 39.1803
-3.09774, -4, 39.1445
-4.15414, -4, 39.0528
-5.21053, -4, 38.889
-6.26692, -4, 38.6811
-7.32331, -4, 38.4656
-8.3797, -4, 38.2874
-9.43609, -4, 38.1333
-10.4925, -4, 38.0673
-11.5489, -4, 38.0584
-12.6053, -4, 38.0492
-13.6617, -4, 38.0413
-14.718, -4, 38.0341
-15.7744, -4, 38.0274
-16.8308, -4, 38.0208
-17.8872, -4, 38.0143
-18.9436, -4, 38.0075
98.9257, -5, 48.939
97.8514, -5, 48.8281
96.7771, -5, 48.7858
95.7028, -5, 48.7706
94.6285, -5, 48.7995
93.5541, -5, 48.8987
92.4798, -5, 49.1001
91.4055, -5, 49.3711
90.3312, -5, 48.3975
89.2569, -5, 49.3207
88.1826, -5, 49.6098
87.1083, -5, 49.5005
86.034, -5, 49.4952
84.9597, -5, 49.5911
83.8854, -5, 49.7689
82.8111, -5, 50.0262
81.7367, -5, 50.3922
80.6624, -5, 51.1506
79.5881, -5, 51.3991
78.5138, -5, 49.8663
77.4395, -5, 49.1073
76.3652, -5, 48.5252
75.2909, -5, 48.0062
74.2166, -5, 47.4993
73.1423, -5, 46.962
72.068, -5, 46.3494
70.9937, -5, 45.6336
69.9194, -5, 44.5845
68.845, -5, 45.1977
67.7707, -5, 45.4987
66.6964, -5, 45.7225
65.6221, -5, 45.872
64.5478, -5, 45.9645
63.4735, -5, 46.0084
62.3992, -5, 46.0079
61.3249, -5, 45.9762
60.2506, -5, 45.493
59.1763, -5, 46.1058
58.102, -5, 46.2959
57.0276, -5, 46.3968
55.9533, -5, 46.452
54.879, -5, 46.4869
53.8047, -5, 46.5209
52.7304, -5, 46.5885
51.6561, -5, 46.7554
50.5818, -5, 47.3482
49.5075, -5, 47.5201
48.4332, -5, 46.9844
47.3589, -5, 46.9462
46.2846, -5, 47.016
45.2103, -5, 47.1212
44.1359, -5, 47.2303
43.0616, -5, 47.3202
41.9873, -5, 47.3626
40.913, -5, 47.3171
39.8387, -5, 46.9935
38.7644, -5, 47.4161
37.6901, -5, 47.5655
36.6158, -5, 47.654
35.5415, -5, 47.6979
34.4672, -5, 47.7079
33.3929, -5, 47.6875
32.3186, -5, 47.6351
31.2442, -5, 47.5542
30.1699, -5, 47.5023
29.0956, -5, 47.9581
28.0213, -5, 48.5115
26.947, -5, 49.032
25.8727, -5, 49.5192
24.7984, -5, 49.9858
23.7241, -5, 50.4399
22.6498, -5, 50.8904
21.5755, -5, 51.3529
20.5012, -5, 51.8222
19.4268, -5, 51.8998
18.3525, -5, 51.7369
17.2782, -5, 51.5264
16.2039, -5, 51.322
15.1296, -5, 51.1216
14.0553, -5, 50.914
12.981, -5, 50.7057
11.9067, -5, 50.5072
10.8324, -5, 49.8684
9.75806, -5, 48.645
8.68376, -5, 49.4423
7.60945, -5, 49.7793
6.53514, -5, 49.8373
5.46083, -5, 49.4037
4.38652, -5, 49.4536
3.31221, -5, 51.6801
2.2379, -5, 48.4208
1.16359, -5, 51.6786
0.0892857, -5, 48.166
-0.968045, -5, 48.2007
-2.02538, -5, 48.5263
-3.08271, -5, 48.6659
-4.14004, -5, 48.6084
-5.19737, -5, 48.4424
-6.2547, -5, 48.2174
-7.31203, -5, 47.9698
-8.36936, -5, 47.7412
-9.42669, -5, 47.6165
-10.484, -5, 47.5807
-11.5414, -5, 47.5688
-12.5987, -5, 47.5584
-13.656, -5, 47.5496
-14.7133, -5, 47.5413
-15.7707, -5, 47.533
-16.828, -5, 47.5249
-17.8853, -5, 47.5169
-18.9427, -5, 47.5087
98.9259, -6, 57.1708
97.8518, -6, 57.6182
96.7776, -6, 57.8911
95.7035, -6, 58.1447
94.6294, -6, 58.3324
93.5553, -6, 58.4811
92.4812, -6, 58.6502
91.4071, -6, 58.6229
90.3329, -6, 57.8269
89.2588, -6, 58.5761
88.1847, -6, 59.2224
87.1106, -6, 59.3089
86.0365, -6, 59.3558
84.9624, -6, 59.4201
83.8883, -6, 59.495
82.8141, -6, 59.6136
81.74, -6, 59.8713
80.6659, -6, 60.4858
79.5918, -6, 60.6526
78.5177, -6, 59.3223
77.4436, -6, 58.5796
76.3694, -6, 58.0511
75.2953, -6, 57.5838
74.2212, -6, 57.0776
73.1471, -6, 56.4953
72.073, -6, 55.8455
70.9988, -6, 54.9813
69.9247, -6, 54.0383
68.8506, -6, 54.5933
67.7765, -6, 55.1284
66.7024, -6, 55.4988
65.6283, -6, 55.7809
64.5541, -6, 55.947
63.48, -6, 56.0009
62.4059, -6, 55.9521
61.3318, -6, 55.6405
60.2577, -6, 54.9587
59.1836, -6, 55.5412
58.1094, -6, 56.2467
57.0353, -6, 56.4968
55.9612, -6, 56.6069
54.8871, -6, 56.6364
53.813, -6, 56.6146
52.7389, -6, 56.5954
51.6647, -6, 56.673
50.5906, -6, 57.0486
49.5165, -6, 57.2274
48.4424, -6, 56.8734
47.3683, -6, 56.8488
46.2942, -6, 56.9378
45.22, -6, 57.0482
44.1459, -6, 57.1222
43.0718, -6, 57.1444
41.9977, -6, 57.1289
40.9236, -6, 56.9634
39.8495, -6, 56.7234
38.7753, -6, 57.079
37.7012, -6, 57.2804
36.6271, -6, 57.3918
35.553, -6, 57.4652
34.4789, -6, 57.4653
33.4048, -6, 57.395
32.3306, -6, 57.3112
31.2565, -6, 57.2403
30.1824, -6, 57.1962
29.1083, -6, 57.6712
28.0342, -6, 58.2409
26.9601, -6, 58.7875
25.8859, -6, 59.3333
24.8118, -6, 59.8366
23.7377, -6, 60.3128
22.6636, -6, 60.8009
21.5895, -6, 61.3212
20.5154, -6, 61.759
19.4412, -6, 61.9288
18.3671, -6, 61.8313
17.293, -6, 61.6497
16.2189, -6, 61.4759
15.1448, -6, 61.3108
14.0707, -6, 61.1531
12.9965, -6, 60.9986
11.9224, -6, 60.8398
10.8483, -6, 60.6495
9.77419, -6, 60.1578
8.70008, -6, 60.3506
7.62596, -6, 60.3401
6.55184, -6, 60.2066
5.47773, -6, 59.8692
4.40361, -6, 61.9801
3.32949, -6, 60.3246
2.25538, -6, 60.0694
1.18126, -6, 61.6669
0.107143, -6, 57.9342
-0.951128, -6, 57.8483
-2.0094, -6, 58.4177
-3.06767, -6, 58.5428
-4.12594, -6, 58.4873
-5.18421, -6, 58.3147
-6.24248, -6, 58.0379
-7.30075, -6, 57.6682
-8.35902, -6, 57.3276
-9.41729, -6, 57.1162
-10.4756, -6, 57.0899
-11.5338, -6, 57.0764
-12.5921, -6, 57.1262
-13.6504, -6, 57.2622
-14.7086, -6, 57.3272
-15.7669, -6, 57.2958
-16.8252, -6, 57.1729
-17.8835, -6, 57.0248
-18.9417, -6, 57.0096
98.9261, -7, 65.742
97.8521, -7, 66.6167
96.7782, -7, 67.4179
95.7043, -7, 67.9287
94.6304, -7, 68.1999
93.5564, -7, 68.2762
92.4825, -7, 68.1597
91.4086, -7, 67.9813
90.3347, -7, 68.6354
89.2607, -7, 68.4732
88.1868, -7, 68.6543
87.1129, -7, 69.0531
86.039, -7, 69.2791
84.9651, -7, 69.3541
83.8911, -7, 69.3323
82.8172, -7, 69.237
81.7433, -7, 69.1441
80.6694, -7, 69.2035
79.5954, -7, 68.8896
78.5215, -7, 68.5641
77.4476, -7, 68.2218
76.3737, -7, 67.9243
75.2997, -7, 67.5664
74.2258, -7, 67.1044
73.1519, -7, 66.4932
72.078, -7, 65.678
71.004, -7, 64.7455
69.9301, -7, 63.8042
68.8562, -7, 64.4854
67.7823, -7, 65.2003
66.7083, -7, 65.8045
65.6344, -7, 66.2016
64.5605, -7, 66.4148
63.4866, -7, 66.4493
62.4126, -7, 66.2767
61.3387, -7, 65.881
60.2648, -7, 65.3011
59.1909, -7, 65.829
58.1169, -7, 66.4867
57.043, -7, 66.8943
55.9691, -7, 67.0673
54.8952, -7, 67.0784
53.8212, -7, 66.9778
52.7473, -7, 66.7938
51.6734, -7, 66.58
50.5995, -7, 66.3983
49.5255, -7, 66.3886
48.4516, -7, 66.6883
47.3777, -7, 66.923
46.3038, -7, 67.1376
45.2298, -7, 67.2837
44.1559, -7, 67.3432
43.082, -7, 67.2929
42.0081, -7, 67.1068
40.9341, -7, 66.8926
39.8602, -7, 66.787
38.7863, -7, 66.9901
37.7124, -7, 67.2983
36.6384, -7, 67.552
35.5645, -7, 67.6741
34.4906, -7, 67.6727
33.4167, -7, 67.5486
32.3427, -7, 67.3005
31.2688, -7, 67.0345
30.1949, -7, 66.9451
29.121, -7, 67.4569
28.047, -7, 68.1317
26.9731, -7, 68.8419
25.8992, -7, 69.4188
24.8253, -7, 69.9051
23.7513, -7, 70.3455
22.6774, -7, 70.7806
21.6035, -7, 71.244
20.5296, -7, 71.8054
19.4556, -7, 72.0499
18.3817, -7, 71.8636
17.3078, -7, 71.7267
16.2339, -7, 71.5949
15.1599, -7, 71.4709
14.086, -7, 71.361
13.0121, -7, 71.2583
11.9382, -7, 71.1472
10.8642, -7, 71.3827
9.79032, -7, 72.5116
8.7164, -7, 71.4621
7.64247, -7, 70.9735
6.56855, -7, 70.8324
5.49462, -7, 71.0918
4.4207, -7, 70.8145
3.34677, -7, 68.6992
2.27285, -7, 72.0187
1.19892, -7, 70.5291
0.125, -7, 67.2619
-0.934211, -7, 68.5133
-1.99342, -7, 68.7818
-3.05263, -7, 68.8087
-4.11184, -7, 68.724
-5.17105, -7, 68.5537
-6.23026, -7, 68.2838
-7.28947, -7, 67.871
-8.34868, -7, 67.2349
-9.4079, -7, 66.7002
-10.4671, -7, 66.5929
-11.5263, -7, 66.7854
-12.5855, -7, 67.2462
-13.6447, -7, 67.4971
-14.7039, -7, 67.5911
-15.7632, -7, 67.5518
-16.8224, -7, 67.3728
-17.8816, -7, 67.0119
-18.9408, -7, 66.5207
98.9263, -8, 75.1866
97.8525, -8, 76.7995
96.7788, -8, 77.754
95.7051, -8, 78.2796
94.6313, -8, 78.5472
93.5576, -8, 78.6147
92.4839, -8, 78.4786
91.4101, -8, 78.2706
90.3364, -8, 78.6918
89.2627, -8, 78.5615
88.1889, -8, 78.8666
87.1152, -8, 79.2499
86.0415, -8, 79.4506
84.9677, -8, 79.4957
83.894, -8, 79.4197
82.8203, -8, 79.211
81.7465, -8, 78.7777
80.6728, -8, 77.8704
79.5991, -8, 77.5139
78.5253, -8, 78.0629
77.4516, -8, 78.2766
76.3779, -8, 78.1982
75.3041, -8, 77.9624
74.2304, -8, 77.5984
73.1567, -8, 77.0687
72.0829, -8, 76.2678
71.0092, -8, 75.1278
69.9355, -8, 74.2947
68.8617, -8, 75.1652
67.788, -8, 76.1092
66.7143, -8, 76.7647
65.6406, -8, 77.1659
64.5668, -8, 77.3968
63.4931, -8, 77.4739
62.4194, -8, 77.3472
61.3456, -8, 77.0365
60.2719, -8, 76.5406
59.1982, -8, 76.9126
58.1244, -8, 77.4662
57.0507, -8, 77.7955
55.977, -8, 77.8926
54.9032, -8, 77.8374
53.8295, -8, 77.6708
52.7558, -8, 77.3745
51.682, -8, 76.8693
50.6083, -8, 75.9783
49.5346, -8, 75.8955
48.4608, -8, 76.8003
47.3871, -8, 77.3478
46.3134, -8, 77.6572
45.2396, -8, 77.8353
44.1659, -8, 77.9132
43.0922, -8, 77.8692
42.0184, -8, 77.6372
40.9447, -8, 77.2025
39.871, -8, 77.0795
38.7972, -8, 77.4246
37.7235, -8, 77.9035
36.6498, -8, 78.2032
35.576, -8, 78.3277
34.5023, -8, 78.329
33.4286, -8, 78.2066
32.3548, -8, 77.8932
31.2811, -8, 77.322
30.2074, -8, 76.8198
29.1336, -8, 77.4347
28.0599, -8, 78.5145
26.9862, -8, 79.2455
25.9124, -8, 79.757
24.8387, -8, 80.1616
23.765, -8, 80.5172
22.6912, -8, 80.8576
21.6175, -8, 81.2393
20.5438, -8, 81.804
19.47, -8, 82.0829
18.3963, -8, 81.8912
17.3226, -8, 81.7361
16.2488, -8, 81.5954
15.1751, -8, 81.4836
14.1014, -8, 81.4117
13.0276, -8, 81.4113
11.9539, -8, 81.5517
10.8802, -8, 81.7861
9.80645, -8, 82.6973
8.73272, -8, 81.5733
7.65899, -8, 81.2029
6.58525, -8, 80.9041
5.51152, -8, 80.7467
4.43779, -8, 79.6853
3.36406, -8, 79.4586
2.29032, -8, 82.1081
1.21659, -8, 79.5799
0.142857, -8, 79.4014
-0.917293, -8, 79.7133
-1.97744, -8, 79.4767
-3.03759, -8, 79.3224
-4.09774, -8, 79.1897
-5.15789, -8, 79.0357
-6.21805, -8, 78.8232
-7.2782, -8, 78.4901
-8.33835, -8, 77.8833
-9.3985, -8, 76.5318
-10.4586, -8, 76.1345
-11.5188, -8, 77.353
-12.5789, -8, 77.8954
-13.6391, -8, 78.1328
-14.6992, -8, 78.215
-15.7594, -8, 78.1789
-16.8195, -8, 78.0156
-17.8797, -8, 77.6535
-18.9398, -8, 76.8403
98.9265, -9, 86.4964
97.8529, -9, 88.0927
96.7794, -9, 88.7724
95.7058, -9, 89.1634
94.6323, -9, 89.4008
93.5588, -9, 89.5279
92.4852, -9, 89.5769
91.4117, -9, 89.4168
90.3381, -9, 88.3938
89.2646, -9, 89.157
88.1911, -9, 89.8027
87.1175, -9, 89.9464
86.044, -9, 89.9744
84.9704, -9, 89.9275
83.8969, -9, 89.7873
82.8233, -9, 89.5109
81.7498, -9, 88.9603
80.6763, -9, 87.7479
79.6027, -9, 87.1568
78.5292, -9, 88.2839
77.4556, -9, 88.6774
76.3821, -9, 88.7259
75.3086, -9, 88.6063
74.235, -9, 88.3766
73.1615, -9, 88.0429
72.0879, -9, 87.5604
71.0144, -9, 86.6072
69.9409, -9, 85.2038
68.8673, -9, 86.8648
67.7938, -9, 87.7517
66.7202, -9, 88.1792
65.6467, -9, 88.4813
64.5732, -9, 88.7133
63.4996, -9, 88.8933
62.4261, -9, 89.0345
61.3525, -9, 88.9791
60.279, -9, 88.6168
59.2055, -9, 88.8172
58.1319, -9, 89.1174
57.0584, -9, 89.0791
55.9848, -9, 88.9641
54.9113, -9, 88.8035
53.8377, -9, 88.5786
52.7642, -9, 88.2502
51.6907, -9, 87.6944
50.6171, -9, 86.6142
49.5436, -9, 86.3653
48.47, -9, 87.4807
47.3965, -9, 88.0565
46.323, -9, 88.3763
45.2494, -9, 88.5751
44.1759, -9, 88.6952
43.1023, -9, 88.7433
42.0288, -9, 88.686
40.9553, -9, 88.2775
39.8817, -9, 87.5179
38.8082, -9, 88.5755
37.7346, -9, 89.0151
36.6611, -9, 89.1591
35.5876, -9, 89.2157
34.514, -9, 89.2104
33.4405, -9, 89.1407
32.3669, -9, 88.9701
31.2934, -9, 88.4484
30.2199, -9, 86.9228
29.1463, -9, 88.3033
28.0728, -9, 89.3808
26.9992, -9, 89.8704
25.9257, -9, 90.2127
24.8522, -9, 90.4996
23.7786, -9, 90.7618
22.7051, -9, 91.0211
21.6315, -9, 91.3057
20.558, -9, 91.7011
19.4844, -9, 91.9399
18.4109, -9, 91.8003
17.3374, -9, 91.658
16.2638, -9, 91.5562
15.1903, -9, 91.48
14.1167, -9, 91.4349
13.0432, -9, 91.4442
11.9697, -9, 91.5824
10.8961, -9, 91.9216
9.82258, -9, 90.5388
8.74904, -9, 91.5051
7.6755, -9, 91.4707
6.60196, -9, 91.1773
5.52842, -9, 90.157
4.45488, -9, 90.2044
3.38134, -9, 93.1651
2.3078, -9, 90.9638
1.23425, -9, 87.7513
0.160714, -9, 92.4069
-0.900376, -9, 90.9206
-1.96147, -9, 90.2223
-3.02256, -9, 89.9125
-4.08365, -9, 89.7477
-5.14474, -9, 89.6322
-6.20583, -9, 89.516
-7.26692, -9, 89.3438
-8.32801, -9, 88.9957
-9.3891, -9, 87.9229
-10.4502, -9, 87.3088
-11.5113, -9, 88.5609
-12.5724, -9, 88.9025
-13.6335, -9, 89.0376
-14.6945, -9, 89.0795
-15.7556, -9, 89.0535
-16.8167, -9, 88.9538
-17.8778, -9, 88.7308
-18.9389, -9, 88.1736
98.9267, -10, 99.3809
97.8533, -10, 99.8318
96.77995, -10, 100.1935
95.7066, -10, 100.4483
94.63326, -10, 100.6418
93.55991, -10, 100.7998
92.48656, -10, 100.9079
91.41321, -10, 100.9181
90.33986, -10, 100.0098
89.26651, -10, 100.6382
88.19316, -10, 100.9332
87.11981, -10, 100.8829
86.04647, -10, 100.7672
84.97312, -10, 100.6083
83.89977, -10, 100.3967
82.82642, -10, 100.0918
81.7531, -10, 99.655
80.6797, -10, 98.9515
79.6064, -10, 98.406
78.533, -10, 99.2023
77.4597, -10, 99.4015
76.3863, -10, 99.4851
75.313, -10, 99.4662
74.2396, -10, 99.3865
73.1663, -10, 99.2679
72.0929, -10, 99.124
71.0196, -10, 99.0109
69.9462, -10, 98.0761
68.8729, -10, 99.315
67.7995, -10, 99.5624
66.7262, -10, 99.8064
65.65284, -10, 100.0226
64.57949, -10, 100.2437
63.50615, -10, 100.4924
62.4328, -10, 100.7796
61.35945, -10, 101.215
60.2861, -10, 101.3938
59.21275, -10, 101.4322
58.1394, -10, 100.862
57.06605, -10, 100.4865
55.9927, -10, 100.1917
54.9194, -10, 99.9195
53.846, -10, 99.6419
52.7727, -10, 99.3136
51.6993, -10, 98.9131
50.626, -10, 98.3073
49.5526, -10, 97.9813
48.4793, -10, 98.6572
47.4059, -10, 98.992
46.3326, -10, 99.2645
45.2592, -10, 99.4715
44.1859, -10, 99.6422
43.1125, -10, 99.788
42.0392, -10, 99.9151
40.96582, -10, 100.0306
39.8925, -10, 99.4836
38.81913, -10, 100.229
37.74578, -10, 100.2566
36.67243, -10, 100.2702
35.59908, -10, 100.2611
34.52573, -10, 100.242
33.45238, -10, 100.2126
32.37903, -10, 100.1594
31.30568, -10, 100.0857
30.2323, -10, 99.057
29.15899, -10, 100.0798
28.08564, -10, 100.3878
27.01229, -10, 100.5754
25.93894, -10, 100.7388
24.86559, -10, 100.8925
23.79224, -10, 101.0462
22.71889, -10, 101.2046
21.64555, -10, 101.3737
20.5722, -10, 101.5262
19.49885, -10, 101.625
18.4255, -10, 101.5782
17.35215, -10, 101.5292
16.2788, -10, 101.4817
15.20545, -10, 101.4359
14.1321, -10, 101.4107
13.05876, -10, 101.4026
11.98541, -10, 101.3759
10.91206, -10, 101.3376
9.83871, -10, 101.8112
8.765361, -10, 101.48
7.692012, -10, 101.4541
6.618664, -10, 101.5109
5.545315, -10, 101.7001
4.471966, -10, 103.3975
3.398618, -10, 102.1273
2.32527, -10, 98.9676
1.25192, -10, 99.4227
0.1785714, -10, 102.4281
-0.8834587, -10, 101.6329
-1.945489, -10, 100.7537
-3.007519, -10, 100.4031
-4.069549, -10, 100.2572
-5.131579, -10, 100.2114
-6.193609, -10, 100.2188
-7.255639, -10, 100.2495
-8.317669, -10, 100.2768
-9.3797, -10, 100.2409
-10.44173, -10, 100.1114
-11.50376, -10, 100.1013
-12.56579, -10, 100.0883
-13.62782, -10, 100.0755
-14.68985, -10, 100.0629
-15.75188, -10, 100.0503
-16.81391, -10, 100.0378
-17.87594, -10, 100.0253
-18.93797, -10, 100.0125
98.92684, -11, 112.2689
97.85368, -11, 111.8491
96.78053, -11, 111.7301
95.70737, -11, 111.771
94.63422, -11, 111.8889
93.56106, -11, 112.0613
92.4879, -11, 112.2879
91.41475, -11, 112.5175
90.34159, -11, 113.3361
89.26843, -11, 112.6159
88.19527, -11, 112.1741
87.12212, -11, 111.8721
86.04897, -11, 111.6081
84.97581, -11, 111.3747
83.90265, -11, 111.1485
82.82949, -11, 110.9247
81.75634, -11, 110.7085
80.68318, -11, 110.6518
79.61002, -11, 110.8831
78.53687, -11, 110.4436
77.46371, -11, 110.4428
76.39056, -11, 110.4404
75.3174, -11, 110.4584
74.24424, -11, 110.4967
73.17108, -11, 110.5973
72.09792, -11, 110.838
71.02477, -11, 111.3068
69.95161, -11, 112.7151
68.87846, -11, 111.6064
67.8053, -11, 111.4025
66.73214, -11, 111.3511
65.65899, -11, 111.4336
64.58583, -11, 111.6214
63.51267, -11, 111.9271
62.43952, -11, 112.4122
61.36636, -11, 113.13
60.2932, -11, 114.6158
59.22005, -11, 113.6037
58.14689, -11, 112.5229
57.07373, -11, 111.8235
56.00058, -11, 111.3444
54.92742, -11, 110.997
53.85426, -11, 110.7206
52.7811, -11, 110.5005
51.70795, -11, 110.3195
50.63479, -11, 110.2738
49.56163, -11, 110.3169
48.48848, -11, 110.0438
47.41532, -11, 110.1272
46.34217, -11, 110.256
45.26901, -11, 110.4291
44.19585, -11, 110.6321
43.1227, -11, 110.8858
42.04954, -11, 111.2314
40.97638, -11, 111.7238
39.90322, -11, 112.8219
38.83007, -11, 111.827
37.75691, -11, 111.5405
36.68375, -11, 111.3664
35.6106, -11, 111.2786
34.53744, -11, 111.2478
33.46429, -11, 111.2719
32.39113, -11, 111.3827
31.31797, -11, 111.6384
30.24482, -11, 112.9518
29.17166, -11, 111.873
28.0985, -11, 111.425
27.02534, -11, 111.2877
25.95219, -11, 111.2576
24.87903, -11, 111.2765
23.80588, -11, 111.319
22.73272, -11, 111.3715
21.65956, -11, 111.4076
20.5864, -11, 111.3803
19.51325, -11, 111.3007
18.44009, -11, 111.318
17.36694, -11, 111.3179
16.29378, -11, 111.2723
15.22062, -11, 111.2209
14.14747, -11, 111.1841
13.07431, -11, 111.1663
12.00115, -11, 111.1081
10.928, -11, 110.8499
9.854838, -11, 112.0441
8.781682, -11, 111.229
7.708525, -11, 111.2515
6.635369, -11, 111.586
5.562212, -11, 112.7669
4.489055, -11, 112.5603
3.415899, -11, 110.2048
2.342742, -11, 107.5498
1.269585, -11, 111.913
0.1964286, -11, 111.8007
-0.8665413, -11, 111.2767
-1.929511, -11, 110.9023
-2.992481, -11, 110.6522
-4.055451, -11, 110.5934
-5.118421, -11, 110.6535
-6.181391, -11, 110.8044
-7.244361, -11, 111.0488
-8.307331, -11, 111.4546
-9.3703, -11, 112.4361
-10.43327, -11, 112.9693
-11.49624, -11, 111.6475
-12.55921, -11, 111.2765
-13.62218, -11, 111.1143
-14.68515, -11, 111.0463
-15.74812, -11, 111.0467
-16.81109, -11, 111.121
-17.87406, -11, 111.3183
-18.93703, -11, 111.8499
98.92703, -12, 124.7892
97.85407, -12, 123.5634
96.7811, -12, 123.1569
95.70814, -12, 123.0287
94.63518, -12, 123.0542
93.56221, -12, 123.1966
92.48925, -12, 123.4686
91.41628, -12, 124.0318
90.34332, -12, 125.3777
89.27036, -12, 124.5093
88.19739, -12, 123.3196
87.12442, -12, 122.7788
86.05146, -12, 122.4351
84.97849, -12, 122.1767
83.90553, -12, 121.974
82.83257, -12, 121.822
81.7596, -12, 121.7817
80.68664, -12, 122.2124
79.61367, -12, 122.4931
78.5407, -12, 121.6849
77.46774, -12, 121.5045
76.39478, -12, 121.4798
75.32182, -12, 121.5162
74.24885, -12, 121.6261
73.17588, -12, 121.8478
72.10292, -12, 122.2768
71.02995, -12, 123.2558
69.95699, -12, 125.2198
68.88403, -12, 123.4987
67.81106, -12, 122.8416
66.7381, -12, 122.6318
65.66513, -12, 122.6185
64.59216, -12, 122.7555
63.5192, -12, 123.0497
62.44624, -12, 123.5521
61.37327, -12, 124.4052
60.30031, -12, 126.0702
59.22734, -12, 124.9885
58.15438, -12, 123.6381
57.08141, -12, 122.8442
56.00845, -12, 122.323
54.93548, -12, 121.9627
53.86252, -12, 121.7138
52.78955, -12, 121.5543
51.71659, -12, 121.5172
50.64362, -12, 121.859
49.57066, -12, 121.9501
48.4977, -12, 121.3114
47.42473, -12, 121.2003
46.35176, -12, 121.2567
45.2788, -12, 121.391
44.20584, -12, 121.5991
43.13287, -12, 121.8947
42.05991, -12, 122.336
40.98694, -12, 123.1753
39.91398, -12, 124.62
38.84101, -12, 123.2105
37.76805, -12, 122.6116
36.69508, -12, 122.3443
35.62212, -12, 122.2108
34.54916, -12, 122.173
33.47619, -12, 122.2308
32.40322, -12, 122.418
31.33026, -12, 122.9375
30.2573, -12, 124.6704
29.18433, -12, 123.3061
28.11137, -12, 122.2932
27.0384, -12, 121.9195
25.96544, -12, 121.7287
24.89247, -12, 121.6191
23.81951, -12, 121.5505
22.74654, -12, 121.493
21.67358, -12, 121.4188
20.60061, -12, 121.2733
19.52765, -12, 121.0598
18.45469, -12, 121.0842
17.38172, -12, 121.023
16.30876, -12, 120.9701
15.23579, -12, 120.9125
14.16283, -12, 120.8386
13.08986, -12, 120.7502
12.0169, -12, 120.7095
10.94393, -12, 120.8319
9.870968, -12, 118.9602
8.798003, -12, 120.6515
7.725039, -12, 120.9786
6.652074, -12, 121.0632
5.579109, -12, 121.0615
4.506145, -12, 120.3978
3.43318, -12, 118.2904
2.360215, -12, 118.3514
1.28725, -12, 121.9917
0.2142857, -12, 120.515
-0.849624, -12, 120.2788
-1.913534, -12, 120.4876
-2.977444, -12, 120.6349
-4.041353, -12, 120.7996
-5.105263, -12, 120.9928
-6.169173, -12, 121.2472
-7.233083, -12, 121.622
-8.296992, -12, 122.2684
-9.360902, -12, 123.6291
-10.42481, -12, 124.1183
-11.48872, -12, 122.8713
-12.55263, -12, 122.2878
-13.61654, -12, 122.0195
-14.68045, -12, 121.9095
-15.74436, -12, 121.919
-16.80827, -12, 122.0564
-17.87218, -12, 122.3928
-18.93609, -12, 123.1804
98.92723, -13, 135.9405
97.85445, -13, 134.8324
96.78168, -13, 134.2549
95.70891, -13, 134.0155
94.63614, -13, 133.9732
93.56336, -13, 134.0873
92.49059, -13, 134.3983
91.41782, -13, 134.9885
90.34505, -13, 135.6696
89.27227, -13, 135.2618
88.1995, -13, 134.2158
87.12673, -13, 133.555
86.05396, -13, 133.1492
84.98119, -13, 132.8837
83.90841, -13, 132.7138
82.83564, -13, 132.6516
81.76286, -13, 132.7436
80.69009, -13, 132.9418
79.61732, -13, 132.8212
78.54455, -13, 132.6801
77.47177, -13, 132.4485
76.399, -13, 132.3581
75.32623, -13, 132.3902
74.25346, -13, 132.5308
73.18069, -13, 132.8169
72.10791, -13, 133.3412
71.03514, -13, 134.2252
69.96236, -13, 134.7885
68.88959, -13, 134.4319
67.81682, -13, 133.7835
66.74405, -13, 133.4771
65.67127, -13, 133.3956
64.5985, -13, 133.4759
63.52573, -13, 133.7087
62.45296, -13, 134.1198
61.38018, -13, 134.8099
60.30741, -13, 135.5836
59.23464, -13, 135.1924
58.16187, -13, 134.1147
57.08909, -13, 133.4199
56.01632, -13, 132.9472
54.94355, -13, 132.6223
53.87078, -13, 132.4154
52.798, -13, 132.3279
51.72523, -13, 132.3933
50.65246, -13, 132.5913
49.57969, -13, 132.4917
48.50691, -13, 132.2702
47.43414, -13, 132.0818
46.36137, -13, 132.0481
45.28859, -13, 132.1398
44.21582, -13, 132.3368
43.14305, -13, 132.6562
42.07028, -13, 133.1546
40.99751, -13, 133.8866
39.92473, -13, 134.3032
38.85196, -13, 133.9524
37.77919, -13, 133.3949
36.70641, -13, 133.0511
35.63364, -13, 132.8803
34.56087, -13, 132.8387
33.48809, -13, 132.9249
32.41532, -13, 133.1859
31.34255, -13, 133.6783
30.26978, -13, 133.9684
29.197, -13, 133.7482
28.12423, -13, 132.9161
27.05146, -13, 132.3814
25.97869, -13, 132.066
24.90591, -13, 131.8606
23.83314, -13, 131.7062
22.76037, -13, 131.5646
21.6876, -13, 131.4049
20.61482, -13, 131.1397
19.54205, -13, 130.911
18.46928, -13, 130.8657
17.39651, -13, 130.8153
16.32373, -13, 130.7583
15.25096, -13, 130.6847
14.17819, -13, 130.6005
13.10541, -13, 130.506
12.03264, -13, 130.3956
10.95987, -13, 130.3069
9.887096, -13, 130.3049
8.814324, -13, 130.358
7.741551, -13, 130.5676
6.668779, -13, 130.6284
5.596006, -13, 129.8689
4.523233, -13, 127.6793
3.450461, -13, 128.0952
2.377688, -13, 132.0883
1.304916, -13, 131.5168
0.2321429, -13, 129.166
-0.8327067, -13, 129.1737
-1.897556, -13, 129.9469
-2.962406, -13, 130.543
-4.027256, -13, 130.927
-5.092105, -13, 131.2298
-6.156955, -13, 131.5447
-7.221805, -13, 131.9601
-8.286654, -13, 132.6094
-9.351503, -13, 133.3208
-10.41635, -13, 133.6346
-11.4812, -13, 133.4355
-12.54605, -13, 132.9392
-13.6109, -13, 132.655
-14.67575, -13, 132.5317
-15.7406, -13, 132.5436
-16.80545, -13, 132.6966
-17.8703, -13, 133.0323
-18.93515, -13, 133.5031
98.92742, -14, 145.5251
97.85484, -14, 145.2954
96.78226, -14, 144.8997
95.70968, -14, 144.6666
94.6371, -14, 144.5901
93.56451, -14, 144.6514
92.49194, -14, 144.8342
91.41936, -14, 145.0605
90.34677, -14, 145.2069
89.27419, -14, 144.9104
88.20161, -14, 144.511
87.12904, -14, 144.0432
86.05645, -14, 143.6891
84.98387, -14, 143.4453
83.91129, -14, 143.2987
82.83871, -14, 143.2384
81.76613, -14, 143.2363
80.69355, -14, 143.0379
79.62096, -14, 142.881
78.54839, -14, 143.117
77.47581, -14, 143.0463
76.40323, -14, 142.9896
75.33064, -14, 143.0177
74.25806, -14, 143.1479
73.18549, -14, 143.3996
72.1129, -14, 143.7896
71.04032, -14, 144.133
69.96774, -14, 144.321
68.89516, -14, 144.2876
67.82258, -14, 144.0783
66.75, -14, 143.838
65.67742, -14, 143.7362
64.60484, -14, 143.7602
63.53226, -14, 143.8962
62.45968, -14, 144.1349
61.3871, -14, 144.3904
60.31452, -14, 144.5177
59.24194, -14, 144.2852
58.16935, -14, 143.9818
57.09678, -14, 143.5452
56.02419, -14, 143.195
54.95161, -14, 142.9439
53.87903, -14, 142.7868
52.80645, -14, 142.7264
51.73387, -14, 142.7494
50.66129, -14, 142.6495
49.58871, -14, 142.5844
48.51613, -14, 142.6774
47.44355, -14, 142.584
46.37097, -14, 142.5519
45.29839, -14, 142.619
44.22581, -14, 142.786
43.15322, -14, 143.0612
42.08065, -14, 143.4528
41.00806, -14, 143.8084
39.93548, -14, 143.9752
38.8629, -14, 143.9042
37.79032, -14, 143.6518
36.71774, -14, 143.3837
35.64516, -14, 143.23
34.57258, -14, 143.1898
33.5, -14, 143.2627
32.42742, -14, 143.4506
31.35484, -14, 143.6458
30.28226, -14, 143.3179
29.20968, -14, 143.3004
28.1371, -14, 143.0334
27.06452, -14, 142.5806
25.99194, -14, 142.237
24.91936, -14, 141.9829
23.84678, -14, 141.7767
22.77419, -14, 141.5752
21.70161, -14, 141.3245
20.62903, -14, 141.0069
19.55645, -14, 140.8115
18.48387, -14, 140.7038
17.41129, -14, 140.6654
16.33871, -14, 140.5767
15.26613, -14, 140.4689
14.19355, -14, 140.3651
13.12097, -14, 140.2734
12.04839, -14, 140.145
10.97581, -14, 139.8211
9.903226, -14, 141.7022
8.830646, -14, 140.2808
7.758065, -14, 140.3902
6.685484, -14, 140.7034
5.612903, -14, 141.0994
4.540323, -14, 140.001
3.467742, -14, 141.1362
2.395161, -14, 141.8426
1.322581, -14, 139.8471
0.25, -14, 137.9697
-0.8157895, -14, 138.4952
-1.881579, -14, 139.8398
-2.947368, -14, 140.5402
-4.013158, -14, 140.9738
-5.078948, -14, 141.3186
-6.144737, -14, 141.6595
-7.210526, -14, 142.0464
-8.276316, -14, 142.4196
-9.342105, -14, 142.7926
-10.4079, -14, 143.1314
-11.47368, -14, 143.1163
-12.53947, -14, 143.0488
-13.60526, -14, 142.8864
-14.67105, -14, 142.7933
-15.73684, -14, 142.7979
-16.80263, -14, 142.8957
-17.86842, -14, 143.0222
-18.93421, -14, 143.0147
98.92761, -15, 154.7569
97.85522, -15, 154.8897
96.78284, -15, 154.8539
95.71045, -15, 154.7315
94.63805, -15, 154.6602
93.56567, -15, 154.6504
92.49328, -15, 154.6382
91.42089, -15, 154.5637
90.3485, -15, 154.4303
89.27612, -15, 154.3861
88.20373, -15, 154.244
87.13134, -15, 154.0595
86.05894, -15, 153.833
84.98656, -15, 153.6446
83.91417, -15, 153.5115
82.84178, -15, 153.4103
81.76939, -15, 153.2735
80.69701, -15, 153.1397
79.62462, -15, 153.1054
78.55223, -15, 153.1202
77.47984, -15, 153.183
76.40745, -15, 153.2103
75.33506, -15, 153.2482
74.26267, -15, 153.3393
73.19028, -15, 153.4797
72.1179, -15, 153.5947
71.04551, -15, 153.6897
69.97312, -15, 153.7696
68.90073, -15, 153.731
67.82834, -15, 153.7136
66.75595, -15, 153.687
65.68356, -15, 153.6352
64.61118, -15, 153.6242
63.53879, -15, 153.6465
62.4664, -15, 153.6327
61.39401, -15, 153.5234
60.32162, -15, 153.248
59.24923, -15, 153.3077
58.17684, -15, 153.3305
57.10445, -15, 153.251
56.03207, -15, 153.0867
54.95968, -15, 152.928
53.88729, -15, 152.8059
52.8149, -15, 152.7127
51.74251, -15, 152.6172
50.67012, -15, 152.6107
49.59773, -15, 152.6462
48.52534, -15, 152.5992
47.45296, -15, 152.6359
46.38057, -15, 152.68
45.30818, -15, 152.7495
44.23579, -15, 152.8714
43.1634, -15, 153.0401
42.09101, -15, 153.2047
41.01862, -15, 153.4079
39.94624, -15, 153.6172
38.87385, -15, 153.4451
37.80146, -15, 153.3345
36.72907, -15, 153.2599
35.65668, -15, 153.1787
34.58429, -15, 153.1421
33.51191, -15, 153.1506
32.43952, -15, 153.1476
31.36713, -15, 153.0962
30.29474, -15, 153.1172
29.22235, -15, 152.8544
28.14996, -15, 152.6374
27.07757, -15, 152.4224
26.00518, -15, 152.1655
24.9328, -15, 151.9256
23.86041, -15, 151.7033
22.78802, -15, 151.4722
21.71563, -15, 151.2063
20.64324, -15, 150.9045
19.57085, -15, 150.6843
18.49846, -15, 150.6386
17.42608, -15, 150.4921
16.35369, -15, 150.3506
15.2813, -15, 150.2088
14.20891, -15, 150.0555
13.13652, -15, 149.8918
12.06413, -15, 149.7832
10.99174, -15, 149.8801
9.919354, -15, 148.2069
8.846966, -15, 150.0417
7.774578, -15, 150.4316
6.702189, -15, 150.849
5.6298, -15, 152.0181
4.557412, -15, 152.8058
3.485023, -15, 151.4488
2.412634, -15, 150.0597
1.340246, -15, 148.3897
0.2678571, -15, 146.891
-0.7988722, -15, 149.0642
-1.865602, -15, 150.0693
-2.932331, -15, 150.5917
-3.99906, -15, 150.967
-5.06579, -15, 151.2789
-6.132519, -15, 151.5586
-7.199248, -15, 151.8224
-8.265978, -15, 152.0828
-9.332706, -15, 152.3616
-10.39944, -15, 152.6271
-11.46617, -15, 152.6182
-12.5329, -15, 152.6047
-13.59962, -15, 152.5898
-14.66635, -15, 152.5747
-15.73308, -15, 152.5598
-16.79981, -15, 152.5449
-17.86654, -15, 152.5298
-18.93327, -15, 152.5145
98.9278, -16, 164.2314
97.85561, -16, 164.248
96.78341, -16, 164.2405
95.71121, -16, 164.2111
94.63902, -16, 164.1711
93.56682, -16, 164.1299
92.49462, -16, 164.0944
91.42242, -16, 164.0549
90.35023, -16, 163.8137
89.27803, -16, 163.8701
88.20583, -16, 163.8446
87.13364, -16, 163.7098
86.06145, -16, 163.5765
84.98925, -16, 163.4547
83.91705, -16, 163.3472
82.84486, -16, 163.2587
81.77266, -16, 163.2007
80.70046, -16, 163.2111
79.62827, -16, 163.2297
78.55607, -16, 163.0823
77.48387, -16, 163.0452
76.41167, -16, 163.0513
75.33948, -16, 163.0783
74.26728, -16, 163.1162
73.19508, -16, 163.1586
72.12289, -16, 163.1995
71.05069, -16, 163.2282
69.97849, -16, 163.2277
68.9063, -16, 163.1746
67.8341, -16, 163.1615
66.7619, -16, 163.1532
65.6897, -16, 163.1407
64.61751, -16, 163.1142
63.54531, -16, 163.0612
62.47312, -16, 162.961
61.40092, -16, 162.7697
60.32872, -16, 162.3251
59.25653, -16, 162.496
58.18433, -16, 162.6877
57.11214, -16, 162.7188
56.03994, -16, 162.6801
54.96774, -16, 162.6072
53.89555, -16, 162.5216
52.82335, -16, 162.4412
51.75115, -16, 162.3886
50.67896, -16, 162.4232
49.60676, -16, 162.5094
48.53456, -16, 162.4172
47.46236, -16, 162.4342
46.39017, -16, 162.4815
45.31797, -16, 162.5455
44.24578, -16, 162.6196
43.17358, -16, 162.7006
42.10138, -16, 162.7876
41.02919, -16, 162.8913
39.95699, -16, 163.1578
38.88479, -16, 162.9015
37.8126, -16, 162.8332
36.7404, -16, 162.7927
35.6682, -16, 162.7585
34.596, -16, 162.7228
33.52381, -16, 162.6801
32.45161, -16, 162.6272
31.37942, -16, 162.5822
30.30722, -16, 162.7594
29.23502, -16, 162.4632
28.16283, -16, 162.2073
27.09063, -16, 162.0389
26.01843, -16, 161.8629
24.94624, -16, 161.677
23.87404, -16, 161.486
22.80184, -16, 161.2956
21.72965, -16, 161.1105
20.65745, -16, 160.889
19.58525, -16, 160.6632
18.51306, -16, 160.5719
17.44086, -16, 160.3871
16.36866, -16, 160.2081
15.29647, -16, 160.0386
14.22427, -16, 159.8609
13.15207, -16, 159.6725
12.07988, -16, 159.5031
11.00768, -16, 159.3966
9.935484, -16, 158.8998
8.863287, -16, 159.5603
7.79109, -16, 159.9561
6.718894, -16, 160.3035
5.646698, -16, 160.5836
4.574501, -16, 160.4537
3.502304, -16, 159.3597
2.430108, -16, 158.0444
1.357911, -16, 156.7064
0.2857143, -16, 158.6994
-0.7819549, -16, 160.3264
-1.849624, -16, 160.522
-2.917293, -16, 160.731
-3.984962, -16, 160.9469
-5.052631, -16, 161.1611
-6.120301, -16, 161.372
-7.18797, -16, 161.5834
-8.255639, -16, 161.7956
-9.323308, -16, 162.006
-10.39098, -16, 162.1317
-11.45865, -16, 162.1201
-12.52632, -16, 162.1076
-13.59398, -16, 162.0927
-14.66165, -16, 162.0773
-15.72932, -16, 162.0618
-16.79699, -16, 162.0463
-17.86466, -16, 162.0306
-18.93233, -16, 162.0148
98.92799, -17, 173.7472
97.85599, -17, 173.6599
96.78399, -17, 173.6169
95.71198, -17, 173.5891
94.63998, -17, 173.5635
93.56797, -17, 173.541
92.49596, -17, 173.5231
91.42397, -17, 173.502
90.35196, -17, 173.5165
89.27995, -17, 173.4408
88.20795, -17, 173.3706
87.13595, -17, 173.2935
86.06394, -17, 173.2112
84.99194, -17, 173.1375
83.91993, -17, 173.078
82.84792, -17, 173.0406
81.77592, -17, 173.0458
80.70392, -17, 173.1424
79.63191, -17, 173.1502
78.55991, -17, 172.9603
77.4879, -17, 172.8601
76.4159, -17, 172.8174
75.3439, -17, 172.801
74.27189, -17, 172.7971
73.19988, -17, 172.7975
72.12788, -17, 172.7933
71.05588, -17, 172.7677
69.98387, -17, 172.7056
68.91187, -17, 172.6596
67.83986, -17, 172.6485
66.76786, -17, 172.6355
65.69585, -17, 172.6143
64.62385, -17, 172.5779
63.55184, -17, 172.5148
62.47984, -17, 172.4049
61.40783, -17, 172.2057
60.33583, -17, 171.9025
59.26382, -17, 171.9616
58.19182, -17, 172.182
57.11982, -17, 172.2628
56.04781, -17, 172.2731
54.97581, -17, 172.2484
53.9038, -17, 172.2084
52.8318, -17, 172.1678
51.75979, -17, 172.1389
50.68779, -17, 172.1455
49.61578, -17, 172.1601
48.54378, -17, 172.1755
47.47178, -17, 172.1909
46.39977, -17, 172.2164
45.32777, -17, 172.2493
44.25576, -17, 172.2869
43.18375, -17, 172.3247
42.11175, -17, 172.3534
41.03975, -17, 172.358
39.96774, -17, 172.3114
38.89574, -17, 172.3529
37.82373, -17, 172.3445
36.75173, -17, 172.3173
35.67972, -17, 172.2853
34.60772, -17, 172.2493
33.53571, -17, 172.2081
32.46371, -17, 172.1653
31.3917, -17, 172.1337
30.3197, -17, 172.067
29.2477, -17, 171.9973
28.17569, -17, 171.8474
27.10369, -17, 171.6961
26.03168, -17, 171.5532
24.95968, -17, 171.4087
23.88767, -17, 171.2644
22.81567, -17, 171.1267
21.74366, -17, 171.0058
20.67166, -17, 170.913
19.59966, -17, 170.7751
18.52765, -17, 170.4777
17.45564, -17, 170.3082
16.38364, -17, 170.149
15.31164, -17, 169.9865
14.23963, -17, 169.8104
13.16763, -17, 169.6003
12.09562, -17, 169.2914
11.02362, -17, 168.7739
9.951612, -17, 170.9153
8.879608, -17, 169.13
7.807604, -17, 169.3865
6.735599, -17, 169.7298
5.663594, -17, 169.3966
4.59159, -17, 167.973
3.519585, -17, 167.2421
2.447581, -17, 168.9724
1.375576, -17, 170.0964
0.3035714, -17, 172.7754
-0.7650376, -17, 171.6088
-1.833647, -17, 170.9922
-2.902256, -17, 170.9087
-3.970865, -17, 170.9677
-5.039474, -17, 171.0774
-6.108083, -17, 171.2101
-7.176692, -17, 171.3564
-8.2453, -17, 171.5117
-9.31391, -17, 171.6529
-10.38252, -17, 171.6383
-11.45113, -17, 171.6263
-12.51974, -17, 171.6095
-13.58835, -17, 171.5942
-14.65695, -17, 171.5787
-15.72556, -17, 171.5629
-16.79417, -17, 171.547
-17.86278, -17, 171.5313
-18.93139, -17, 171.5158
98.92818, -18, 183.1949
97.85638, -18, 183.0668
96.78456, -18, 183.0094
95.71275, -18, 182.9756
94.64094, -18, 182.9532
93.56912, -18, 182.938
92.49731, -18, 182.9302
91.4255, -18, 182.9466
90.35368, -18, 183.1348
89.28188, -18, 183.0007
88.21006, -18, 182.8686
87.13825, -18, 182.8227
86.06644, -18, 182.7888
84.99462, -18, 182.7626
83.92281, -18, 182.748
82.851, -18, 182.7533
81.77918, -18, 182.7928
80.70737, -18, 182.8684
79.63556, -18, 182.8771
78.56375, -18, 182.7228
77.49194, -18, 182.6132
76.42012, -18, 182.5417
75.34831, -18, 182.4923
74.2765, -18, 182.4539
73.20468, -18, 182.4186
72.13287, -18, 182.378
71.06106, -18, 182.3173
69.98925, -18, 182.197
68.91743, -18, 182.202
67.84562, -18, 182.1855
66.77381, -18, 182.1717
65.702, -18, 182.1514
64.63019, -18, 182.1186
63.55837, -18, 182.065
62.48656, -18, 181.9771
61.41475, -18, 181.8425
60.34293, -18, 181.7299
59.27112, -18, 181.7444
58.19931, -18, 181.8301
57.12749, -18, 181.9049
56.05568, -18, 181.9337
54.98387, -18, 181.9351
53.91206, -18, 181.9227
52.84024, -18, 181.9061
51.76843, -18, 181.8922
50.69662, -18, 181.8479
49.62481, -18, 181.805
48.55299, -18, 181.904
47.48118, -18, 181.9163
46.40937, -18, 181.9228
45.33756, -18, 181.9299
44.26574, -18, 181.9357
43.19393, -18, 181.9363
42.12212, -18, 181.9223
41.05031, -18, 181.8533
39.97849, -18, 181.5337
38.90668, -18, 181.8288
37.83487, -18, 181.8709
36.76306, -18, 181.862
35.69125, -18, 181.8387
34.61943, -18, 181.809
33.54762, -18, 181.7755
32.47581, -18, 181.7373
31.40399, -18, 181.6776
30.33218, -18, 181.4554
29.26037, -18, 181.5025
28.18856, -18, 181.4861
27.11674, -18, 181.3838
26.04493, -18, 181.2721
24.97312, -18, 181.1607
23.90131, -18, 181.0527
22.82949, -18, 180.9524
21.75768, -18, 180.8708
20.68587, -18, 180.8671
19.61406, -18, 180.795
18.54224, -18, 180.4275
17.47043, -18, 180.2399
16.39862, -18, 180.1028
15.32681, -18, 179.9662
14.25499, -18, 179.8014
13.18318, -18, 179.5764
12.11137, -18, 179.2513
11.03955, -18, 178.8586
9.967742, -18, 177.2337
8.895929, -18, 178.8187
7.824117, -18, 179.4306
6.752304, -18, 179.8774
5.680491, -18, 180.2699
4.608679, -18, 180.3388
3.536866, -18, 179.3601
2.465054, -18, 181.7868
1.393241, -18, 183.8307
0.3214286, -18, 183.0141
-0.7481203, -18, 182.2074
-1.817669, -18, 181.2937
-2.887218, -18, 181.0225
-3.956767, -18, 180.9567
-5.026316, -18, 180.972
-6.095865, -18, 181.0268
-7.165413, -18, 181.1033
-8.234962, -18, 181.1878
-9.304511, -18, 181.2399
-10.37406, -18, 181.1522
-11.44361, -18, 181.1306
-12.51316, -18, 181.1133
-13.58271, -18, 181.0964
-14.65226, -18, 181.0801
-15.7218, -18, 181.0641
-16.79135, -18, 181.0483
-17.8609, -18, 181.0325
-18.93045, -18, 181.0164
98.92838, -19, 192.5167
97.85676, -19, 192.4122
96.78514, -19, 192.3622
95.71352, -19, 192.3346
94.6419, -19, 192.318
93.57027, -19, 192.3095
92.49866, -19, 192.3137
91.42703, -19, 192.3532
90.35542, -19, 192.4547
89.28379, -19, 192.4135
88.21217, -19, 192.3315
87.14056, -19, 192.3137
86.06893, -19, 192.3179
84.99731, -19, 192.331
83.92569, -19, 192.3524
82.85407, -19, 192.3845
81.78245, -19, 192.4269
80.71083, -19, 192.4903
79.63921, -19, 192.4877
78.56759, -19, 192.3704
77.49596, -19, 192.2849
76.42435, -19, 192.2087
75.35273, -19, 192.1416
74.2811, -19, 192.0801
73.20949, -19, 192.0198
72.13786, -19, 191.9553
71.06625, -19, 191.8804
69.99462, -19, 191.7959
68.923, -19, 191.7895
67.85138, -19, 191.7829
66.77976, -19, 191.774
65.70814, -19, 191.7647
64.63652, -19, 191.7495
63.5649, -19, 191.7246
62.49328, -19, 191.6895
61.42166, -19, 191.6577
60.35004, -19, 191.6153
59.27842, -19, 191.6172
58.2068, -19, 191.6426
57.13518, -19, 191.6625
56.06356, -19, 191.6795
54.99194, -19, 191.6852
53.92031, -19, 191.6834
52.84869, -19, 191.6774
51.77707, -19, 191.664
50.70545, -19, 191.6201
49.63383, -19, 191.5916
48.56221, -19, 191.6273
47.49059, -19, 191.6354
46.41897, -19, 191.6248
45.34735, -19, 191.6087
44.27573, -19, 191.5889
43.20411, -19, 191.5626
42.13249, -19, 191.5193
41.06087, -19, 191.4322
39.98925, -19, 191.3302
38.91763, -19, 191.3853
37.846, -19, 191.4287
36.77439, -19, 191.4295
35.70277, -19, 191.4133
34.63115, -19, 191.3893
33.55952, -19, 191.3595
32.4879, -19, 191.3189
31.41628, -19, 191.2458
30.34466, -19, 191.1178
29.27304, -19, 191.1119
28.20142, -19, 191.1176
27.1298, -19, 191.0608
26.05818, -19, 190.9832
24.98656, -19, 190.902
23.91494, -19, 190.8222
22.84332, -19, 190.7484
21.7717, -19, 190.6922
20.70008, -19, 190.6997
19.62846, -19, 190.6094
18.55684, -19, 190.4001
17.48521, -19, 190.2633
16.4136, -19, 190.1564
15.34197, -19, 190.0582
14.27035, -19, 189.9472
13.19873, -19, 189.8076
12.12711, -19, 189.6312
11.05549, -19, 189.2312
9.983871, -19, 187.3258
8.912251, -19, 188.8974
7.84063, -19, 189.6856
6.769009, -19, 190.2284
5.697389, -19, 191.2797
4.625768, -19, 192.8139
3.554147, -19, 192.4683
2.482527, -19, 192.3424
1.410906, -19, 192.1923
0.3392857, -19, 191.7108
-0.731203, -19, 191.4588
-1.801692, -19, 191.1483
-2.87218, -19, 190.8918
-3.942669, -19, 190.7832
-5.013158, -19, 190.7431
-6.083647, -19, 190.7379
-7.154135, -19, 190.7501
-8.224624, -19, 190.7628
-9.295113, -19, 190.7203
-10.3656, -19, 190.6585
-11.43609, -19, 190.6329
-12.50658, -19, 190.615
-13.57707, -19, 190.5983
-14.64756, -19, 190.5818
-15.71805, -19, 190.5654
-16.78853, -19, 190.5492
-17.85902, -19, 190.5329
-18.92951, -19, 190.5168
2.017, 0.8, -7.067
3.0821, 0.8, -6.4222
4.1471, 0.8, -6.5023
5.2121, 0.8, -6.3224
6.2772, 0.8, -6.6427
7.3422, 0.8, -6.5399
8.4072, 0.8, -6.1278
9.4723, 0.8, -5.2875
10.5373, 0.8, -5.60848
11.6023, 0.8, -6.13292
12.6674, 0.8, -6.0499
13.7324, 0.8, -5.93743
14.7974, 0.8, -5.83052
15.8625, 0.8, -5.73354
16.9275, 0.8, -5.65617
17.9925, 0.8, -5.60468
19.0575, 0.8, -5.51835
20.1226, 0.8, -5.25039
21.1876, 0.8, -5.62045
22.2526, 0.8, -5.80988
23.3177, 0.8, -6.01413
24.3827, 0.8, -6.23508
25.4477, 0.8, -6.45407
26.5128, 0.8, -6.64405
27.5778, 0.8, -6.75905
28.6428, 0.8, -6.68715
29.7079, 0.8, -5.90656
30.7729, 0.8, -6.73167
31.8379, 0.8, -7.40974
32.903, 0.8, -7.74581
33.968, 0.8, -7.97371
35.033, 0.8, -8.14986
36.0981, 0.8, -8.30036
37.1631, 0.8, -8.44896
38.2281, 0.8, -8.64718
39.2932, 0.8, -9.21921
40.3582, 0.8, -9.75942
41.4232, 0.8, -8.96763
42.4883, 0.8, -8.83301
43.5533, 0.8, -8.80616
44.6183, 0.8, -8.79285
45.6834, 0.8, -8.76475
46.7484, 0.8, -8.70248
47.8134, 0.8, -8.59155
48.8785, 0.8, -8.49958
49.9435, 0.8, -8.11925
51.0085, 0.8, -8.64324
52.0735, 0.8, -8.99814
53.1386, 0.8, -9.34775
54.2036, 0.8, -9.6358
55.2686, 0.8, -9.88758
56.3337, 0.8, -10.1259
57.3987, 0.8, -10.3624
58.4637, 0.8, -10.5374
59.5288, 0.8, -9.83858
60.5938, 0.8, -9.99138
61.6588, 0.8, -10.5422
62.7239, 0.8, -10.4581
63.7889, 0.8, -10.337
64.8539, 0.8, -10.1962
65.919, 0.8, -9.9937
66.984, 0.8, -9.66937
68.049, 0.8, -9.12095
69.1141, 0.8, -8.17433
70.1791, 0.8, -6.8868
71.2441, 0.8, -8.20646
72.3092, 0.8, -8.60806
73.3742, 0.8, -8.79803
74.4392, 0.8, -8.81819
75.5043, 0.8, -8.69525
76.5693, 0.8, -8.44003
77.6343, 0.8, -8.0851
78.6994, 0.8, -7.99849
79.7644, 0.8, -10.4172
80.8294, 0.8, -8.7773
81.8945, 0.8, -8.25667
82.9595, 0.8, -8.60716
84.0245, 0.8, -8.91243
85.0895, 0.8, -9.1379
86.1546, 0.8, -9.32687
87.2196, 0.8, -9.54278
88.2846, 0.8, -9.86537
89.3497, 0.8, -10.0346
90.4147, 0.8, -9.86565
91.4797, 0.8, -10.4967
92.5448, 0.8, -10.5279
93.6098, 0.8, -10.6264
94.6748, 0.8, -10.7698
95.7399, 0.8, -10.9298
96.8049, 0.8, -11.0901
97.8699, 0.8, -11.2301
98.935, 0.8, -11.348
2.9588, 1.6, -15.1594
4.01359, 1.6, -15.6802
5.06839, 1.6, -15.9565
6.12318, 1.6, -15.0057
7.17798, 1.6, -14.4418
8.23277, 1.6, -13.9839
9.28757, 1.6, -13.4768
10.3424, 1.6, -13.1257
11.3972, 1.6, -13.5563
12.452, 1.6, -13.6429
13.5068, 1.6, -13.5731
14.5615, 1.6, -13.4865
15.6163, 1.6, -13.4091
16.6711, 1.6, -13.3472
17.7259, 1.6, -13.2981
18.7807, 1.6, -13.2764
19.8355, 1.6, -13.5814
20.8903, 1.6, -13.4159
21.9451, 1.6, -13.5329
22.9999, 1.6, -13.737
24.0547, 1.6, -13.9603
25.1095, 1.6, -14.1887
26.1643, 1.6, -14.4114
27.2191, 1.6, -14.5916
28.2739, 1.6, -14.6775
29.3287, 1.6, -14.4996
30.3835, 1.6, -14.3974
31.4383, 1.6, -15.2048
32.4931, 1.6, -15.5441
33.5479, 1.6, -15.7826
34.6027, 1.6, -15.9593
35.6575, 1.6, -16.1224
36.7123, 1.6, -16.2841
37.7671, 1.6, -16.4403
38.8218, 1.6, -16.6856
39.8766, 1.6, -17.5978
40.9314, 1.6, -16.8217
41.9862, 1.6, -16.6149
43.041, 1.6, -16.5612
44.0958, 1.6, -16.5139
45.1506, 1.6, -16.4525
46.2054, 1.6, -16.3527
47.2602, 1.6, -16.1648
48.315, 1.6, -15.7934
49.3698, 1.6, -15.0795
50.4246, 1.6, -15.0178
51.4794, 1.6, -15.9983
52.5342, 1.6, -16.6938
53.589, 1.6, -17.1482
54.6438, 1.6, -17.5034
55.6986, 1.6, -17.8114
56.7534, 1.6, -18.1025
57.8082, 1.6, -18.3858
58.863, 1.6, -18.5239
59.9178, 1.6, -17.7206
60.9726, 1.6, -18.6364
62.0274, 1.6, -18.7359
63.0821, 1.6, -18.6667
64.1369, 1.6, -18.5749
65.1917, 1.6, -18.4565
66.2465, 1.6, -18.2868
67.3013, 1.6, -17.9687
68.3561, 1.6, -17.3658
69.4109, 1.6, -16.2113
70.4657, 1.6, -15.9146
71.5205, 1.6, -16.7739
72.5753, 1.6, -17.2025
73.6301, 1.6, -17.3797
74.6849, 1.6, -17.3535
75.7397, 1.6, -17.2172
76.7945, 1.6, -16.9403
77.8493, 1.6, -16.4005
78.9041, 1.6, -15.7152
79.9589, 1.6, -17.1422
81.0137, 1.6, -15.7886
82.0685, 1.6, -16.5676
83.1233, 1.6, -17.1574
84.1781, 1.6, -17.4708
85.2329, 1.6, -17.6664
86.2877, 1.6, -17.8202
87.3425, 1.6, -17.8931
88.3972, 1.6, -17.7662
89.452, 1.6, -17.024
90.5068, 1.6, -17.2783
91.5616, 1.6, -18.6084
92.6164, 1.6, -19.1462
93.6712, 1.6, -19.4452
94.726, 1.6, -19.6894
95.7808, 1.6, -19.9723
96.8356, 1.6, -20.2913
97.8904, 1.6, -20.6025
98.9452, 1.6, -21.1486
3.90056, 2.4, -23.256
4.94512, 2.4, -24.6917
5.98968, 2.4, -23.2309
7.03424, 2.4, -22.3478
8.0788, 2.4, -21.9435
9.12335, 2.4, -21.7033
10.1679, 2.4, -21.2861
11.2125, 2.4, -21.0651
12.257, 2.4, -21.1209
13.3016, 2.4, -21.1237
14.3462, 2.4, -21.0727
15.3907, 2.4, -21.0135
16.4353, 2.4, -20.962
17.4798, 2.4, -20.9219
18.5244, 2.4, -20.9447
19.5689, 2.4, -21.2953
20.6135, 2.4, -21.2942
21.6581, 2.4, -21.2534
22.7026, 2.4, -21.4255
23.7472, 2.4, -21.6307
24.7917, 2.4, -21.8564
25.8363, 2.4, -22.1037
26.8809, 2.4, -22.3697
27.9254, 2.4, -22.6406
28.97, 2.4, -22.8217
30.0145, 2.4, -23.2294
31.0591, 2.4, -23.2078
32.1037, 2.4, -23.4492
33.1482, 2.4, -23.5742
34.1928, 2.4, -23.6985
35.2373, 2.4, -23.8478
36.2819, 2.4, -24.0318
37.3265, 2.4, -24.2545
38.371, 2.4, -24.4625
39.4156, 2.4, -24.4993
40.4601, 2.4, -24.3834
41.5047, 2.4, -24.4487
42.5492, 2.4, -24.3561
43.5938, 2.4, -24.2602
44.6384, 2.4, -24.183
45.6829, 2.4, -24.0897
46.7275, 2.4, -23.9261
47.772, 2.4, -23.5892
48.8166, 2.4, -22.8805
49.8612, 2.4, -21.7097
50.9057, 2.4, -22.8148
51.9503, 2.4, -23.915
52.9948, 2.4, -24.6046
54.0394, 2.4, -25.0853
55.084, 2.4, -25.4657
56.1285, 2.4, -25.7967
57.1731, 2.4, -26.1009
58.2176, 2.4, -26.3945
59.2622, 2.4, -26.8676
60.3068, 2.4, -27.5975
61.3513, 2.4, -26.9597
62.3959, 2.4, -26.9192
63.4404, 2.4, -26.8516
64.485, 2.4, -26.7637
65.5295, 2.4, -26.678
66.5741, 2.4, -26.5924
67.6187, 2.4, -26.4658
68.6632, 2.4, -26.0166
69.7078, 2.4, -25.3069
70.7523, 2.4, -25.2394
71.7969, 2.4, -25.8697
72.8415, 2.4, -25.9748
73.886, 2.4, -25.8903
74.9306, 2.4, -25.7798
75.9751, 2.4, -25.6653
77.0197, 2.4, -25.5171
78.0643, 2.4, -25.1271
79.1088, 2.4, -23.6406
80.1534, 2.4, -21.2798
81.1979, 2.4, -24.2275
82.2425, 2.4, -25.3318
83.2871, 2.4, -25.6531
84.3316, 2.4, -25.8179
85.3762, 2.4, -25.9595
86.4207, 2.4, -26.0904
87.4653, 2.4, -26.1137
88.5098, 2.4, -25.7126
89.5544, 2.4, -24.8316
90.599, 2.4, -25.466
91.6435, 2.4, -26.8805
92.6881, 2.4, -27.5896
93.7326, 2.4, -27.9217
94.7772, 2.4, -28.2207
95.8218, 2.4, -28.6171
96.8663, 2.4, -29.1799
97.9109, 2.4, -29.9466
98.9554, 2.4, -30.7474
4.84232, 3.2, -31.147
5.87665, 3.2, -30.1924
6.91097, 3.2, -29.5337
7.94529, 3.2, -29.3399
8.97961, 3.2, -29.3621
10.0139, 3.2, -29.4718
11.0483, 3.2, -28.8503
12.0826, 3.2, -28.6582
13.1169, 3.2, -28.6084
14.1512, 3.2, -28.5593
15.1855, 3.2, -28.5111
16.2199, 3.2, -28.4831
17.2542, 3.2, -28.498
18.2885, 3.2, -28.571
19.3228, 3.2, -28.7632
20.3572, 3.2, -28.9396
21.3915, 3.2, -28.96
22.4258, 3.2, -29.0697
23.4601, 3.2, -29.2217
24.4945, 3.2, -29.4268
25.5288, 3.2, -29.6855
26.5631, 3.2, -30.001
27.5974, 3.2, -30.3879
28.6317, 3.2, -30.898
29.6661, 3.2, -31.7761
30.7004, 3.2, -31.6158
31.7347, 3.2, -31.375
32.769, 3.2, -31.3251
33.8034, 3.2, -31.3667
34.8377, 3.2, -31.4736
35.872, 3.2, -31.6388
36.9063, 3.2, -31.864
37.9406, 3.2, -32.1434
38.975, 3.2, -32.298
40.0093, 3.2, -31.1482
41.0436, 3.2, -32.1996
42.0779, 3.2, -32.1219
43.1123, 3.2, -31.988
44.1466, 3.2, -31.9076
45.1809, 3.2, -31.8405
46.2152, 3.2, -31.735
47.2495, 3.2, -31.5243
48.2839, 3.2, -31.1004
49.3182, 3.2, -30.219
50.3525, 3.2, -29.8324
51.3868, 3.2, -31.2814
52.4212, 3.2, -32.0877
53.4555, 3.2, -32.6682
54.4898, 3.2, -33.1187
55.5241, 3.2, -33.4924
56.5585, 3.2, -33.8269
57.5928, 3.2, -34.1669
58.6271, 3.2, -34.6526
59.6614, 3.2, -36.2636
60.6957, 3.2, -35.814
61.7301, 3.2, -35.183
62.7644, 3.2, -35.0446
63.7987, 3.2, -34.9512
64.833, 3.2, -34.8796
65.8674, 3.2, -34.847
66.9017, 3.2, -34.8837
67.936, 3.2, -35.0321
68.9703, 3.2, -35.2841
70.0046, 3.2, -35.0303
71.039, 3.2, -35.002
72.0733, 3.2, -34.7057
73.1076, 3.2, -34.401
74.1419, 3.2, -34.1782
75.1763, 3.2, -34.0339
76.2106, 3.2, -33.9609
77.2449, 3.2, -33.9349
78.2792, 3.2, -33.7937
79.3135, 3.2, -31.7422
80.3479, 3.2, -29.6015
81.3822, 3.2, -33.4445
82.4165, 3.2, -33.7712
83.4508, 3.2, -33.8144
84.4852, 3.2, -33.8732
85.5195, 3.2, -33.9632
86.5538, 3.2, -34.0613
87.5881, 3.2, -34.1275
88.6225, 3.2, -34.0746
89.6568, 3.2, -33.5383
90.6911, 3.2, -34.4386
91.7254, 3.2, -35.2562
92.7597, 3.2, -35.6557
93.7941, 3.2, -35.9666
94.8284, 3.2, -36.3121
95.8627, 3.2, -36.7914
96.897, 3.2, -37.518
97.9314, 3.2, -38.637
98.9657, 3.2, -40.0937
5.78409, 4, -35.7874
6.80817, 4, -35.7929
7.83226, 4, -36.0432
8.85634, 4, -36.4144
9.88043, 4, -36.8036
10.9045, 4, -36.525
11.9286, 4, -36.2927
12.9527, 4, -36.1233
13.9768, 4, -36.0182
15.0009, 4, -35.9476
16.0249, 4, -35.9253
17.049, 4, -35.962
18.0731, 4, -36.0878
19.0972, 4, -36.2099
20.1213, 4, -36.0605
21.1454, 4, -36.5365
22.1695, 4, -36.5931
23.1935, 4, -36.6956
24.2176, 4, -36.8941
25.2417, 4, -37.1617
26.2658, 4, -37.4897
27.2899, 4, -37.9084
28.314, 4, -38.547
29.3381, 4, -39.5956
30.3622, 4, -40.0471
31.3862, 4, -39.3321
32.4103, 4, -39.0062
33.4344, 4, -38.9616
34.4585, 4, -39.03
35.4826, 4, -39.1536
36.5067, 4, -39.3253
37.5308, 4, -39.5594
38.5548, 4, -39.831
39.5789, 4, -39.8891
40.603, 4, -39.8783
41.6271, 4, -39.7686
42.6512, 4, -39.6612
43.6753, 4, -39.6135
44.6994, 4, -39.5955
45.7234, 4, -39.5654
46.7475, 4, -39.4831
47.7716, 4, -39.3013
48.7957, 4, -38.9654
49.8198, 4, -38.2469
50.8439, 4, -39.088
51.868, 4, -39.845
52.892, 4, -40.4056
53.9161, 4, -40.8591
54.9402, 4, -41.2457
55.9643, 4, -41.6079
56.9884, 4, -41.9871
58.0125, 4, -42.4513
59.0366, 4, -43.2463
60.0606, 4, -44.3427
61.0847, 4, -43.7462
62.1088, 4, -43.3067
63.1329, 4, -43.0969
64.157, 4, -42.9701
65.1811, 4, -42.9166
66.2052, 4, -42.9568
67.2292, 4, -43.1502
68.2533, 4, -43.6939
69.2774, 4, -44.8919
70.3015, 4, -45.0513
71.3256, 4, -43.888
72.3497, 4, -42.9635
73.3738, 4, -42.4969
74.3979, 4, -42.2356
75.4219, 4, -42.0939
76.446, 4, -42.0476
77.4701, 4, -42.0995
78.4942, 4, -42.192
79.5183, 4, -41.5221
80.5424, 4, -41.5798
81.5665, 4, -41.9624
82.5905, 4, -41.8221
83.6146, 4, -41.7675
84.6387, 4, -41.8007
85.6628, 4, -41.8696
86.6869, 4, -41.9541
87.711, 4, -42.1188
88.7351, 4, -42.5411
89.7591, 4, -42.8611
90.7832, 4, -43.4359
91.8073, 4, -43.3698
92.8314, 4, -43.4937
93.8555, 4, -43.8112
94.8796, 4, -44.1989
95.9037, 4, -44.6718
96.9277, 4, -45.3411
97.9518, 4, -46.5134
98.9759, 4, -48.4572
6.72585, 4.8, -41.4893
7.7397, 4.8, -42.3528
8.75355, 4.8, -43.1091
9.7674, 4.8, -43.827
10.7812, 4.8, -44.016
11.7951, 4.8, -43.81
12.8089, 4.8, -43.5579
13.8228, 4.8, -43.3365
14.8366, 4.8, -43.2211
15.8505, 4.8, -43.2021
16.8643, 4.8, -43.2641
17.8782, 4.8, -43.3845
18.892, 4.8, -43.5131
19.9059, 4.8, -43.4299
20.9197, 4.8, -43.8213
21.9336, 4.8, -43.9156
22.9474, 4.8, -44.0556
23.9613, 4.8, -44.2787
24.9751, 4.8, -44.572
25.989, 4.8, -44.9246
27.0028, 4.8, -45.3436
28.0167, 4.8, -45.8766
29.0305, 4.8, -46.7469
30.0444, 4.8, -47.8219
31.0582, 4.8, -47.0669
32.0721, 4.8, -46.6356
33.0859, 4.8, -46.5494
34.0998, 4.8, -46.5796
35.1136, 4.8, -46.6613
36.1275, 4.8, -46.773
37.1413, 4.8, -46.9059
38.1552, 4.8, -47.0817
39.169, 4.8, -47.5135
40.1829, 4.8, -48.3772
41.1967, 4.8, -47.3545
42.2106, 4.8, -47.2419
43.2244, 4.8, -47.2829
44.2383, 4.8, -47.3434
45.2521, 4.8, -47.4003
46.266, 4.8, -47.4379
47.2798, 4.8, -47.4469
48.2937, 4.8, -47.4124
49.3075, 4.8, -47.4099
50.3214, 4.8, -47.7315
51.3352, 4.8, -47.9478
52.3491, 4.8, -48.4015
53.3629, 4.8, -48.7561
54.3768, 4.8, -49.0846
55.3906, 4.8, -49.4149
56.4045, 4.8, -49.7828
57.4183, 4.8, -50.2494
58.4322, 4.8, -50.8329
59.446, 4.8, -51.2347
60.4599, 4.8, -51.5204
61.4737, 4.8, -51.5976
62.4876, 4.8, -51.254
63.5014, 4.8, -50.9939
64.5153, 4.8, -50.864
65.5291, 4.8, -50.8529
66.543, 4.8, -50.9883
67.5568, 4.8, -51.3609
68.5707, 4.8, -52.1729
69.5845, 4.8, -54.2368
70.5984, 4.8, -53.7162
71.6122, 4.8, -51.7292
72.6261, 4.8, -50.8405
73.6399, 4.8, -50.3746
74.6538, 4.8, -50.1211
75.6676, 4.8, -49.9942
76.6815, 4.8, -49.9643
77.6953, 4.8, -50.0497
78.7092, 4.8, -50.5632
79.723, 4.8, -54.4464
80.7369, 4.8, -51.5279
81.7507, 4.8, -49.9551
82.7646, 4.8, -49.7212
83.7784, 4.8, -49.7197
84.7923, 4.8, -49.7869
85.8061, 4.8, -49.8812
86.82, 4.8, -49.9941
87.8338, 4.8, -50.1804
88.8477, 4.8, -50.7754
89.8615, 4.8, -52.6466
90.8754, 4.8, -51.5762
91.8892, 4.8, -51.2051
92.9031, 4.8, -51.4403
93.9169, 4.8, -51.8012
94.9308, 4.8, -52.1915
95.9446, 4.8, -52.6044
96.9585, 4.8, -53.0786
97.9723, 4.8, -53.77
98.9862, 4.8, -55.5606
7.66761, 5.6, -48.6083
8.67123, 5.6, -49.7852
9.67484, 5.6, -50.911
10.6785, 5.6, -51.3255
11.6821, 5.6, -51.0527
12.6857, 5.6, -50.6154
13.6893, 5.6, -50.3487
14.6929, 5.6, -50.2246
15.6965, 5.6, -50.2111
16.7001, 5.6, -50.2821
17.7037, 5.6, -50.4081
18.7074, 5.6, -50.5764
19.711, 5.6, -50.9443
20.7146, 5.6, -50.9224
21.7182, 5.6, -50.9963
22.7218, 5.6, -51.2291
23.7254, 5.6, -51.5181
24.729, 5.6, -51.8626
25.7326, 5.6, -52.2575
26.7363, 5.6, -52.6928
27.7399, 5.6, -53.1569
28.7435, 5.6, -53.6126
29.7471, 5.6, -54.5563
30.7507, 5.6, -54.2418
31.7543, 5.6, -54.126
32.7579, 5.6, -54.1039
33.7615, 5.6, -54.121
34.7652, 5.6, -54.1645
35.7688, 5.6, -54.2287
36.7724, 5.6, -54.3024
37.776, 5.6, -54.3924
38.7796, 5.6, -54.5998
39.7832, 5.6, -55.738
40.7868, 5.6, -55.0385
41.7905, 5.6, -54.8056
42.7941, 5.6, -54.9076
43.7977, 5.6, -55.0581
44.8013, 5.6, -55.2104
45.8049, 5.6, -55.365
46.8085, 5.6, -55.5148
47.8121, 5.6, -55.6718
48.8157, 5.6, -55.968
49.8194, 5.6, -56.6869
50.823, 5.6, -56.5113
51.8266, 5.6, -56.574
52.8302, 5.6, -56.8084
53.8338, 5.6, -57.0472
54.8374, 5.6, -57.2857
55.841, 5.6, -57.5732
56.8446, 5.6, -57.9232
57.8483, 5.6, -58.3613
58.8519, 5.6, -58.7852
59.8555, 5.6, -58.5114
60.8591, 5.6, -59.1922
61.8627, 5.6, -59.1445
62.8663, 5.6, -58.8817
63.8699, 5.6, -58.6931
64.8736, 5.6, -58.6063
65.8772, 5.6, -58.6473
66.8808, 5.6, -58.8361
67.8844, 5.6, -59.2399
68.888, 5.6, -60.026
69.8916, 5.6, -62.9113
70.8952, 5.6, -60.3796
71.8988, 5.6, -59.1188
72.9025, 5.6, -58.4515
73.9061, 5.6, -58.0645
74.9097, 5.6, -57.8476
75.9133, 5.6, -57.7441
76.9169, 5.6, -57.7544
77.9205, 5.6, -57.9803
78.9241, 5.6, -59.1948
79.9277, 5.6, -64.9821
80.9314, 5.6, -59.4501
81.935, 5.6, -57.8825
82.9386, 5.6, -57.6684
83.9422, 5.6, -57.7212
84.9458, 5.6, -57.8548
85.9494, 5.6, -58.0114
86.953, 5.6, -58.1751
87.9566, 5.6, -58.3544
88.9603, 5.6, -58.7351
89.9639, 5.6, -60.582
90.9675, 5.6, -59.0336
91.9711, 5.6, -59.1746
92.9747, 5.6, -59.5538
93.9783, 5.6, -59.9315
94.9819, 5.6, -60.2765
95.9855, 5.6, -60.6027
96.9892, 5.6, -60.8859
97.9928, 5.6, -61.1334
98.9964, 5.6, -61.5338
8.60938, 6.4, -56.4603
9.60275, 6.4, -58.1001
10.5961, 6.4, -58.6
11.5895, 6.4, -57.8014
12.5829, 6.4, -57.284
13.5763, 6.4, -57.0204
14.5696, 6.4, -56.9233
15.563, 6.4, -56.9372
16.5564, 6.4, -57.03
17.5498, 6.4, -57.182
18.5431, 6.4, -57.3958
19.5365, 6.4, -57.806
20.5299, 6.4, -57.8797
21.5233, 6.4, -57.8978
22.5166, 6.4, -58.192
23.51, 6.4, -58.55
24.5034, 6.4, -58.9453
25.4968, 6.4, -59.3837
26.4902, 6.4, -59.8638
27.4835, 6.4, -60.3513
28.4769, 6.4, -60.7005
29.4703, 6.4, -60.8004
30.4637, 6.4, -60.9925
31.457, 6.4, -61.3935
32.4504, 6.4, -61.5524
33.4438, 6.4, -61.5734
34.4372, 6.4, -61.5982
35.4305, 6.4, -61.6481
36.4239, 6.4, -61.7104
37.4173, 6.4, -61.7719
38.4107, 6.4, -61.8502
39.404, 6.4, -61.9795
40.3974, 6.4, -62.1358
41.3908, 6.4, -62.3572
42.3842, 6.4, -62.5178
43.3775, 6.4, -62.693
44.3709, 6.4, -62.8797
45.3643, 6.4, -63.0986
46.3577, 6.4, -63.3829
47.3511, 6.4, -63.7683
48.3444, 6.4, -64.2365
49.3378, 6.4, -64.8292
50.3312, 6.4, -65.1646
51.3246, 6.4, -65.003
52.3179, 6.4, -64.9503
53.3113, 6.4, -64.8958
54.3047, 6.4, -64.9262
55.2981, 6.4, -65.0752
56.2914, 6.4, -65.3555
57.2848, 6.4, -65.7513
58.2782, 6.4, -66.0998
59.2716, 6.4, -66.4255
60.2649, 6.4, -66.6714
61.2583, 6.4, -66.5028
62.2517, 6.4, -66.3692
63.2451, 6.4, -66.141
64.2384, 6.4, -65.9832
65.2318, 6.4, -65.9587
66.2252, 6.4, -66.0648
67.2186, 6.4, -66.2859
68.212, 6.4, -66.5878
69.2053, 6.4, -67.1138
70.1987, 6.4, -67.2556
71.1921, 6.4, -66.8804
72.1855, 6.4, -66.2779
73.1788, 6.4, -65.8743
74.1722, 6.4, -65.6353
75.1656, 6.4, -65.5086
76.159, 6.4, -65.4639
77.1523, 6.4, -65.5299
78.1457, 6.4, -65.9592
79.1391, 6.4, -67.0511
80.1325, 6.4, -67.3977
81.1258, 6.4, -66.652
82.1192, 6.4, -65.8603
83.1126, 6.4, -65.7282
84.106, 6.4, -65.8586
85.0994, 6.4, -66.047
86.0927, 6.4, -66.2487
87.0861, 6.4, -66.4529
88.0795, 6.4, -66.6322
89.0729, 6.4, -66.5674
90.0662, 6.4, -66.0978
91.0596, 6.4, -66.7539
92.053, 6.4, -67.3349
93.0464, 6.4, -67.7147
94.0397, 6.4, -67.9776
95.0331, 6.4, -68.2132
96.0265, 6.4, -68.4543
97.0199, 6.4, -68.6785
98.0132, 6.4, -68.6522
99.0066, 6.4, -67.9173
9.55114, 7.2, -65.1692
10.5343, 7.2, -65.3237
11.5174, 7.2, -64.0478
12.5006, 7.2, -63.5544
13.4837, 7.2, -63.366
14.4668, 7.2, -63.3295
15.45, 7.2, -63.395
16.4331, 7.2, -63.5377
17.4163, 7.2, -63.7431
18.3994, 7.2, -63.9955
19.3825, 7.2, -64.3266
20.3657, 7.2, -64.4939
21.3488, 7.2, -64.6625
22.332, 7.2, -64.9885
23.3151, 7.2, -65.3612
24.2982, 7.2, -65.7862
25.2814, 7.2, -66.2593
26.2645, 7.2, -66.7726
27.2477, 7.2, -67.3135
28.2308, 7.2, -67.8321
29.2139, 7.2, -67.931
30.1971, 7.2, -67.3059
31.1802, 7.2, -68.6198
32.1634, 7.2, -68.8079
33.1465, 7.2, -68.8509
34.1296, 7.2, -68.9036
35.1128, 7.2, -68.9751
36.0959, 7.2, -69.0575
37.0791, 7.2, -69.1369
38.0622, 7.2, -69.1833
39.0453, 7.2, -69.0482
40.0285, 7.2, -68.0064
41.0116, 7.2, -69.5671
41.9948, 7.2, -70.0159
42.9779, 7.2, -70.2376
43.961, 7.2, -70.4211
44.9442, 7.2, -70.6361
45.9273, 7.2, -70.9373
46.9104, 7.2, -71.3857
47.8936, 7.2, -72.0499
48.8767, 7.2, -72.8464
49.8599, 7.2, -73.367
50.843, 7.2, -73.3925
51.8261, 7.2, -73.0246
52.8093, 7.2, -72.5537
53.7924, 7.2, -72.2949
54.7756, 7.2, -72.2289
55.7587, 7.2, -72.3311
56.7418, 7.2, -72.5958
57.725, 7.2, -73.0325
58.7081, 7.2, -73.6032
59.6913, 7.2, -74.3509
60.6744, 7.2, -73.9223
61.6575, 7.2, -73.4483
62.6407, 7.2, -73.0591
63.6238, 7.2, -72.861
64.607, 7.2, -72.8148
65.5901, 7.2, -72.8817
66.5732, 7.2, -73.0355
67.5564, 7.2, -73.2505
68.5395, 7.2, -73.4396
69.5227, 7.2, -72.7166
70.5058, 7.2, -72.6668
71.4889, 7.2, -73.4247
72.4721, 7.2, -73.328
73.4552, 7.2, -73.2238
74.4384, 7.2, -73.1718
75.4215, 7.2, -73.1762
76.4046, 7.2, -73.2368
77.3878, 7.2, -73.3493
78.3709, 7.2, -73.4584
79.3541, 7.2, -72.5711
80.3372, 7.2, -71.4877
81.3203, 7.2, -73.6442
82.3035, 7.2, -73.8418
83.2866, 7.2, -73.9799
84.2698, 7.2, -74.158
85.2529, 7.2, -74.3688
86.236, 7.2, -74.5912
87.2192, 7.2, -74.7902
88.2023, 7.2, -74.8696
89.1855, 7.2, -74.2151
90.1686, 7.2, -72.1974
91.1517, 7.2, -74.8959
92.1349, 7.2, -75.4976
93.118, 7.2, -75.6948
94.1012, 7.2, -75.8032
95.0843, 7.2, -75.8944
96.0674, 7.2, -75.9957
97.0506, 7.2, -76.1045
98.0337, 7.2, -76.114
99.0169, 7.2, -75.0194
10.4929, 8, -70.9445
11.4658, 8, -69.7527
12.4387, 8, -69.437
13.4116, 8, -69.3979
14.3845, 8, -69.4756
15.3574, 8, -69.6119
16.3303, 8, -69.8023
17.3032, 8, -70.0628
18.2761, 8, -70.3806
19.249, 8, -70.6434
20.2219, 8, -70.6394
21.1948, 8, -71.2504
22.1677, 8, -71.6026
23.1406, 8, -71.9905
24.1135, 8, -72.4404
25.0865, 8, -72.9432
26.0594, 8, -73.4909
27.0323, 8, -74.0809
28.0052, 8, -74.7024
28.9781, 8, -75.2462
29.951, 8, -75.0638
30.9239, 8, -75.7996
31.8968, 8, -75.9311
32.8697, 8, -75.9942
33.8426, 8, -76.0793
34.8155, 8, -76.1882
35.7884, 8, -76.3147
36.7613, 8, -76.4406
37.7342, 8, -76.5094
38.7071, 8, -76.367
39.68, 8, -75.72
40.6529, 8, -76.4165
41.6258, 8, -77.2513
42.5987, 8, -77.606
43.5716, 8, -77.8031
44.5445, 8, -77.9906
45.5174, 8, -78.2399
46.4903, 8, -78.607
47.4632, 8, -79.1765
48.4361, 8, -80.0527
49.409, 8, -81.2605
50.3819, 8, -81.6059
51.3548, 8, -80.796
52.3277, 8, -79.9522
53.3006, 8, -79.411
54.2735, 8, -79.1376
55.2465, 8, -79.0419
56.2194, 8, -79.0921
57.1923, 8, -79.3357
58.1652, 8, -79.8841
59.1381, 8, -80.8864
60.111, 8, -81.4786
61.0839, 8, -80.4293
62.0568, 8, -79.6527
63.0297, 8, -79.3316
64.0026, 8, -79.2655
64.9755, 8, -79.3286
65.9484, 8, -79.4805
66.9213, 8, -79.6952
67.8942, 8, -79.8649
68.8671, 8, -79.6139
69.84, 8, -78.4042
70.8129, 8, -79.1945
71.7858, 8, -80.0306
72.7587, 8, -80.3437
73.7316, 8, -80.4644
74.7045, 8, -80.5525
75.6774, 8, -80.6976
76.6503, 8, -80.8747
77.6232, 8, -80.8599
78.5961, 8, -80.1168
79.569, 8, -77.9184
80.5419, 8, -78.4318
81.5148, 8, -80.8248
82.4877, 8, -81.797
83.4606, 8, -82.1587
84.4335, 8, -82.3569
85.4064, 8, -82.5886
86.3794, 8, -82.8587
87.3523, 8, -83.0396
88.3252, 8, -82.9728
89.2981, 8, -82.323
90.271, 8, -81.5197
91.2439, 8, -83.1535
92.2168, 8, -83.5116
93.1897, 8, -83.5155
94.1626, 8, -83.4317
95.1355, 8, -83.3594
96.1084, 8, -83.3024
97.0813, 8, -83.2584
98.0542, 8, -83.2125
99.0271, 8, -82.6851
11.4347, 8.8, -74.9289
12.3973, 8.8, -75.0819
13.36, 8.8, -75.3167
14.3227, 8.8, -75.5551
15.2853, 8.8, -75.779
16.248, 8.8, -75.9887
17.2107, 8.8, -76.2058
18.1733, 8.8, -76.5173
19.136, 8.8, -76.8132
20.0987, 8.8, -76.9256
21.0613, 8.8, -77.5863
22.024, 8.8, -78.015
22.9867, 8.8, -78.4602
23.9493, 8.8, -78.9748
24.912, 8.8, -79.5225
25.8747, 8.8, -80.0954
26.8373, 8.8, -80.7002
27.8, 8.8, -81.3513
28.7627, 8.8, -82.1215
29.7253, 8.8, -83.5952
30.688, 8.8, -83.2074
31.6507, 8.8, -82.9381
32.6133, 8.8, -82.9978
33.576, 8.8, -83.121
34.5387, 8.8, -83.2649
35.5013, 8.8, -83.428
36.464, 8.8, -83.6009
37.4267, 8.8, -83.7475
38.3893, 8.8, -83.7881
39.352, 8.8, -83.6433
40.3147, 8.8, -83.8761
41.2773, 8.8, -84.3893
42.24, 8.8, -84.7642
43.2027, 8.8, -84.9703
44.1653, 8.8, -85.1325
45.128, 8.8, -85.3248
46.0907, 8.8, -85.5906
47.0533, 8.8, -85.9711
48.016, 8.8, -86.5608
48.9787, 8.8, -87.7541
49.9413, 8.8, -89.724
50.904, 8.8, -88.2346
51.8667, 8.8, -86.9384
52.8293, 8.8, -86.3077
53.792, 8.8, -85.9492
54.7547, 8.8, -85.7346
55.7173, 8.8, -85.6192
56.68, 8.8, -85.5866
57.6427, 8.8, -85.6805
58.6053, 8.8, -86.2355
59.568, 8.8, -87.5549
60.5307, 8.8, -87.2285
61.4933, 8.8, -85.9176
62.456, 8.8, -85.5133
63.4187, 8.8, -85.4854
64.3813, 8.8, -85.5418
65.344, 8.8, -85.6527
66.3067, 8.8, -85.8189
67.2693, 8.8, -86.009
68.232, 8.8, -86.1138
69.1947, 8.8, -85.9005
70.1573, 8.8, -85.8957
71.12, 8.8, -86.0793
72.0827, 8.8, -86.6913
73.0453, 8.8, -86.973
74.008, 8.8, -87.1171
74.9707, 8.8, -87.2827
75.9333, 8.8, -87.5266
76.896, 8.8, -87.8025
77.8587, 8.8, -87.848
78.8213, 8.8, -87.0235
79.784, 8.8, -85.8937
80.7467, 8.8, -86.7908
81.7093, 8.8, -88.6099
82.672, 8.8, -89.3248
83.6347, 8.8, -89.5871
84.5973, 8.8, -89.8041
85.56, 8.8, -90.1144
86.5227, 8.8, -90.5191
87.4853, 8.8, -90.935
88.448, 8.8, -91.1725
89.4107, 8.8, -91.4616
90.3733, 8.8, -92.1197
91.336, 8.8, -91.4973
92.2987, 8.8, -91.3135
93.2613, 8.8, -91.0523
94.224, 8.8, -90.8445
95.1867, 8.8, -90.6873
96.1493, 8.8, -90.5309
97.112, 8.8, -90.3101
98.0747, 8.8, -90.039
99.0373, 8.8, -90.36
12.3764, 9.6, -80.6711
13.3289, 9.6, -81.1953
14.2813, 9.6, -81.6137
15.2337, 9.6, -81.9564
16.1861, 9.6, -82.2337
17.1386, 9.6, -82.4247
18.091, 9.6, -82.5409
19.0434, 9.6, -82.8288
19.9959, 9.6, -83.3658
20.9483, 9.6, -83.783
21.9007, 9.6, -84.2642
22.8532, 9.6, -84.8849
23.8056, 9.6, -85.4908
24.758, 9.6, -86.0819
25.7105, 9.6, -86.6707
26.6629, 9.6, -87.2741
27.6153, 9.6, -87.9257
28.5677, 9.6, -88.747
29.5202, 9.6, -90.3964
30.4726, 9.6, -90.8096
31.425, 9.6, -89.9599
32.3775, 9.6, -89.9272
33.3299, 9.6, -90.0455
34.2823, 9.6, -90.2137
35.2348, 9.6, -90.4071
36.1872, 9.6, -90.6181
37.1396, 9.6, -90.8466
38.092, 9.6, -91.1032
39.0445, 9.6, -91.4498
39.9969, 9.6, -91.7382
40.9493, 9.6, -91.8649
41.9018, 9.6, -91.8918
42.8542, 9.6, -91.977
43.8066, 9.6, -92.0836
44.7591, 9.6, -92.2176
45.7115, 9.6, -92.3943
46.6639, 9.6, -92.6396
47.6163, 9.6, -93.0015
48.5688, 9.6, -93.5986
49.5212, 9.6, -95.1732
50.4736, 9.6, -95.2151
51.4261, 9.6, -93.5702
52.3785, 9.6, -92.9569
53.3309, 9.6, -92.5906
54.2834, 9.6, -92.342
55.2358, 9.6, -92.156
56.1882, 9.6, -92.0005
57.1406, 9.6, -91.8543
58.0931, 9.6, -91.7132
59.0455, 9.6, -91.7384
59.9979, 9.6, -93.5586
60.9504, 9.6, -91.596
61.9028, 9.6, -91.4804
62.8552, 9.6, -91.5333
63.8077, 9.6, -91.5902
64.7601, 9.6, -91.6514
65.7125, 9.6, -91.7333
66.6649, 9.6, -91.8601
67.6174, 9.6, -92.0703
68.5698, 9.6, -92.4398
69.5222, 9.6, -92.9885
70.4747, 9.6, -93.1421
71.4271, 9.6, -93.0351
72.3795, 9.6, -92.9527
73.332, 9.6, -92.9863
74.2844, 9.6, -93.107
75.2368, 9.6, -93.3127
76.1892, 9.6, -93.6164
77.1417, 9.6, -94.0478
78.0941, 9.6, -94.6568
79.0465, 9.6, -95.4256
79.999, 9.6, -94.826
80.9514, 9.6, -96.182
81.9038, 9.6, -96.0484
82.8563, 9.6, -96.0347
83.8087, 9.6, -96.1934
84.7611, 9.6, -96.4983
85.7135, 9.6, -96.9435
86.666, 9.6, -97.5472
87.6184, 9.6, -98.3628
88.5708, 9.6, -99.5217
89.52327, 9.6, -101.2035
90.4757, 9.6, -101.4351
91.4281, 9.6, -99.719
92.3806, 9.6, -98.7893
93.333, 9.6, -98.3201
94.2854, 9.6, -98.0692
95.2378, 9.6, -97.9062
96.1903, 9.6, -97.7424
97.1427, 9.6, -97.5164
98.0951, 9.6, -97.2643
99.0476, 9.6, -98.0212
13.3182, 10.4, -86.9017
14.2604, 10.4, -87.5573
15.2026, 10.4, -88.0958
16.1448, 10.4, -88.4902
17.087, 10.4, -88.7452
18.0292, 10.4, -88.838
18.9714, 10.4, -88.8172
19.9135, 10.4, -89.651
20.8557, 10.4, -89.8859
21.7979, 10.4, -90.6104
22.7401, 10.4, -91.364
23.6823, 10.4, -92.0456
24.6245, 10.4, -92.677
25.5667, 10.4, -93.2816
26.5089, 10.4, -93.8827
27.4511, 10.4, -94.5233
28.3933, 10.4, -95.3205
29.3355, 10.4, -96.4774
30.2777, 10.4, -97.3554
31.2199, 10.4, -96.9478
32.1621, 10.4, -96.8473
33.1043, 10.4, -96.9444
34.0465, 10.4, -97.121
34.9886, 10.4, -97.3327
35.9308, 10.4, -97.5762
36.873, 10.4, -97.8662
37.8152, 10.4, -98.2441
38.7574, 10.4, -98.8221
39.6996, 10.4, -99.5052
40.6418, 10.4, -99.5133
41.584, 10.4, -99.1256
42.5262, 10.4, -98.9844
43.4684, 10.4, -98.9739
44.4106, 10.4, -99.0234
45.3528, 10.4, -99.1193
46.295, 10.4, -99.2612
47.2372, 10.4, -99.4528
48.1794, 10.4, -99.6854
49.1215, 10.4, -99.9827
50.06374, 10.4, -100.4283
51.0059, 10.4, -99.6472
51.9481, 10.4, -99.3147
52.8903, 10.4, -99.0652
53.8325, 10.4, -98.8292
54.7747, 10.4, -98.6182
55.7169, 10.4, -98.4225
56.6591, 10.4, -98.2138
57.6013, 10.4, -97.9028
58.5435, 10.4, -97.2525
59.4857, 10.4, -96.2859
60.4279, 10.4, -96.259
61.3701, 10.4, -97.0338
62.3123, 10.4, -97.4871
63.2545, 10.4, -97.622
64.1966, 10.4, -97.6764
65.1388, 10.4, -97.7139
66.081, 10.4, -97.7493
67.0232, 10.4, -97.8194
67.9654, 10.4, -98.1074
68.9076, 10.4, -98.9345
69.84981, 10.4, -100.0241
70.792, 10.4, -99.9942
71.7342, 10.4, -99.1784
72.6764, 10.4, -98.808
73.6186, 10.4, -98.8729
74.5608, 10.4, -99.0721
75.503, 10.4, -99.3168
76.4452, 10.4, -99.6273
77.38735, 10.4, -100.1812
78.32955, 10.4, -101.5717
79.27174, 10.4, -104.1203
80.21394, 10.4, -105.176
81.15613, 10.4, -103.8873
82.09832, 10.4, -102.594
83.04052, 10.4, -102.3446
83.98271, 10.4, -102.5977
84.9249, 10.4, -103.0155
85.8671, 10.4, -103.5613
86.80929, 10.4, -104.3088
87.75148, 10.4, -105.4759
88.69368, 10.4, -107.4453
89.63587, 10.4, -110.0856
90.57806, 10.4, -109.6302
91.52026, 10.4, -107.2543
92.46245, 10.4, -106.0112
93.40465, 10.4, -105.4562
94.34684, 10.4, -105.1838
95.28903, 10.4, -105.0574
96.23122, 10.4, -105.0158
97.17342, 10.4, -105.0178
98.11562, 10.4, -105.0533
99.05781, 10.4, -105.311
14.26, 11.2, -93.2907
15.1919, 11.2, -94.0338
16.1239, 11.2, -94.6724
17.0558, 11.2, -95.144
17.9878, 11.2, -95.3652
18.9197, 11.2, -95.2764
19.8517, 11.2, -95.2356
20.7837, 11.2, -96.0637
21.7156, 11.2, -97.1477
22.6476, 11.2, -97.9791
23.5795, 11.2, -98.679
24.5115, 11.2, -99.3256
25.4434, 11.2, -99.9492
26.3754, 11.2, -100.5672
27.30735, 11.2, -101.198
28.23931, 11.2, -101.8648
29.17127, 11.2, -102.533
30.10323, 11.2, -102.564
31.03518, 11.2, -103.5461
31.96714, 11.2, -103.697
32.8991, 11.2, -103.8469
33.83105, 11.2, -104.0239
34.76301, 11.2, -104.2382
35.69497, 11.2, -104.4936
36.62693, 11.2, -104.8124
37.55888, 11.2, -105.2312
38.49084, 11.2, -105.8023
39.42279, 11.2, -106.6382
40.35475, 11.2, -107.0059
41.28671, 11.2, -106.2988
42.21867, 11.2, -105.9741
43.15062, 11.2, -105.8205
44.08258, 11.2, -105.7713
45.01454, 11.2, -105.7839
45.9465, 11.2, -105.8319
46.87845, 11.2, -105.89
47.81041, 11.2, -105.9209
48.74237, 11.2, -105.8154
49.67432, 11.2, -104.4973
50.60628, 11.2, -104.8459
51.53823, 11.2, -105.3559
52.47019, 11.2, -105.281
53.40215, 11.2, -105.1261
54.33411, 11.2, -104.9347
55.26606, 11.2, -104.719
56.19802, 11.2, -104.4742
57.12998, 11.2, -104.1555
58.06194, 11.2, -103.6638
58.99389, 11.2, -102.4901
59.9258, 11.2, -98.8564
60.85781, 11.2, -102.1222
61.78976, 11.2, -103.2621
62.72172, 11.2, -103.5872
63.65368, 11.2, -103.7321
64.58563, 11.2, -103.8081
65.51759, 11.2, -103.849
66.44955, 11.2, -103.8674
67.38151, 11.2, -103.8953
68.31346, 11.2, -104.0686
69.24542, 11.2, -105.0618
70.17738, 11.2, -106.8295
71.10934, 11.2, -105.3337
72.04129, 11.2, -104.873
72.97324, 11.2, -104.9915
73.9052, 11.2, -105.2219
74.83716, 11.2, -105.4911
75.76912, 11.2, -105.7731
76.70107, 11.2, -106.1124
77.63303, 11.2, -106.6394
78.56499, 11.2, -107.8957
79.49695, 11.2, -111.8779
80.4289, 11.2, -112.8815
81.36086, 11.2, -109.4457
82.29282, 11.2, -108.8057
83.22478, 11.2, -108.9243
84.15673, 11.2, -109.2481
85.08869, 11.2, -109.6935
86.02065, 11.2, -110.2666
86.9526, 11.2, -111.061
87.88456, 11.2, -112.2301
88.81651, 11.2, -114.183
89.74847, 11.2, -117.2794
90.68043, 11.2, -115.6561
91.61239, 11.2, -113.8568
92.54434, 11.2, -112.91
93.4763, 11.2, -112.378
94.40826, 11.2, -112.1166
95.34022, 11.2, -112.053
96.27217, 11.2, -112.1592
97.20413, 11.2, -112.4528
98.13609, 11.2, -112.8151
99.06805, 11.2, -112.2497
15.2017, 12, -99.7995
16.12344, 12, -100.6477
17.04516, 12, -101.415
17.96688, 12, -101.9769
18.8886, 12, -102.1453
19.81032, 12, -101.0674
20.73204, 12, -102.5976
21.65376, 12, -103.8547
22.57548, 12, -104.6616
23.4972, 12, -105.3562
24.41892, 12, -106.0105
25.34064, 12, -106.6473
26.26237, 12, -107.2786
27.18409, 12, -107.8916
28.10581, 12, -108.4434
29.02753, 12, -108.7006
29.94925, 12, -108.6016
30.87097, 12, -109.6853
31.79269, 12, -110.3471
32.71441, 12, -110.6509
33.63613, 12, -110.8781
34.55785, 12, -111.0986
35.47957, 12, -111.3496
36.40129, 12, -111.6495
37.32301, 12, -112.0214
38.24473, 12, -112.5061
39.16645, 12, -113.1797
40.08817, 12, -114.2013
41.00989, 12, -113.2009
41.93161, 12, -112.8094
42.85333, 12, -112.5784
43.77505, 12, -112.4515
44.69677, 12, -112.3875
45.6185, 12, -112.3541
46.54021, 12, -112.322
47.46194, 12, -112.241
48.38366, 12, -111.9691
49.30538, 12, -110.9578
50.2271, 12, -109.5571
51.14882, 12, -111.0563
52.07054, 12, -111.3753
52.99226, 12, -111.3065
53.91398, 12, -111.1376
54.8357, 12, -110.9255
55.75742, 12, -110.6714
56.67914, 12, -110.3683
57.60086, 12, -109.9891
58.52258, 12, -109.3774
59.4443, 12, -107.5588
60.36602, 12, -106.7473
61.28774, 12, -108.9759
62.20946, 12, -109.5074
63.13118, 12, -109.7585
64.0529, 12, -109.9252
64.97462, 12, -110.0378
65.89635, 12, -110.0968
66.81806, 12, -110.101
67.73978, 12, -110.0275
68.66151, 12, -109.8382
69.58323, 12, -110.5276
70.50494, 12, -110.7747
71.42667, 12, -110.5791
72.34839, 12, -111.1144
73.27011, 12, -111.5662
74.19183, 12, -111.9392
75.11355, 12, -112.2645
76.03527, 12, -112.5802
76.95699, 12, -112.8619
77.87871, 12, -113.1274
78.80043, 12, -113.5681
79.72215, 12, -117.6704
80.64387, 12, -115.7032
81.56559, 12, -114.8579
82.48731, 12, -115.2406
83.40903, 12, -115.6239
84.33075, 12, -115.9865
85.25247, 12, -116.3972
86.17419, 12, -116.9015
87.09592, 12, -117.5421
88.01763, 12, -118.4017
88.93935, 12, -119.5087
89.86108, 12, -122.3916
90.7828, 12, -120.3413
91.70451, 12, -119.6866
92.62624, 12, -119.217
93.54796, 12, -118.9057
94.46968, 12, -118.7834
95.3914, 12, -118.8072
96.31312, 12, -118.9664
97.23484, 12, -119.2911
98.15656, 12, -119.6409
99.07828, 12, -119.0116
16.14348, 12.8, -106.4387
17.05497, 12.8, -107.4546
17.96645, 12.8, -108.44
18.87794, 12.8, -109.0604
19.78942, 12.8, -108.4725
20.7009, 12.8, -109.6536
21.61239, 12.8, -110.6159
22.52387, 12.8, -111.3509
23.43535, 12.8, -112.0011
24.34684, 12.8, -112.6133
25.25832, 12.8, -113.2363
26.16981, 12.8, -113.8776
27.08129, 12.8, -114.5102
27.99278, 12.8, -115.0273
28.90426, 12.8, -115.2768
29.81574, 12.8, -115.458
30.72723, 12.8, -116.0872
31.63871, 12.8, -116.8337
32.55019, 12.8, -117.2775
33.46168, 12.8, -117.5353
34.37316, 12.8, -117.7695
35.28465, 12.8, -118.0277
36.19613, 12.8, -118.3196
37.10761, 12.8, -118.6457
38.0191, 12.8, -119.0094
38.93058, 12.8, -119.5251
39.84206, 12.8, -120.0978
40.75355, 12.8, -119.8601
41.66503, 12.8, -119.4121
42.57652, 12.8, -119.1877
43.488, 12.8, -119.0439
44.39948, 12.8, -118.9312
45.31097, 12.8, -118.8339
46.22245, 12.8, -118.7303
47.13393, 12.8, -118.577
48.04542, 12.8, -118.2552
48.9569, 12.8, -117.6254
49.86839, 12.8, -117.0602
50.77987, 12.8, -116.9943
51.69136, 12.8, -117.3618
52.60284, 12.8, -117.461
53.51432, 12.8, -117.3829
54.42581, 12.8, -117.2238
55.33729, 12.8, -117.004
56.24878, 12.8, -116.7111
57.16026, 12.8, -116.3223
58.07174, 12.8, -115.843
58.98323, 12.8, -115.4043
59.89471, 12.8, -115.6477
60.80619, 12.8, -115.1729
61.71768, 12.8, -115.4661
62.62916, 12.8, -115.8337
63.54065, 12.8, -116.1374
64.45213, 12.8, -116.3375
65.36361, 12.8, -116.45
66.27509, 12.8, -116.4831
67.18658, 12.8, -116.4182
68.09807, 12.8, -116.1496
69.00955, 12.8, -115.4244
69.92104, 12.8, -114.1027
70.83252, 12.8, -115.5235
71.744, 12.8, -116.908
72.65549, 12.8, -117.7157
73.56697, 12.8, -118.1695
74.47845, 12.8, -118.5018
75.38994, 12.8, -118.8116
76.30142, 12.8, -119.1419
77.21291, 12.8, -119.4687
78.12439, 12.8, -119.5195
79.03587, 12.8, -118.7904
79.94736, 12.8, -116.9108
80.85884, 12.8, -119.445
81.77032, 12.8, -120.9773
82.68181, 12.8, -121.6495
83.59329, 12.8, -121.9878
84.50478, 12.8, -122.324
85.41626, 12.8, -122.7144
86.32774, 12.8, -123.1458
87.23923, 12.8, -123.5674
88.15071, 12.8, -123.8952
89.06219, 12.8, -124.2582
89.97368, 12.8, -124.3695
90.88516, 12.8, -124.8992
91.79665, 12.8, -124.9138
92.70813, 12.8, -125.0296
93.61961, 12.8, -125.1483
94.5311, 12.8, -125.2608
95.44258, 12.8, -125.3755
96.35406, 12.8, -125.4797
97.26555, 12.8, -125.5388
98.17703, 12.8, -125.5632
99.08852, 12.8, -125.8917
17.08525, 13.6, -113.2805
17.98649, 13.6, -114.5724
18.88774, 13.6, -115.8763
19.78899, 13.6, -116.9937
20.69024, 13.6, -116.9701
21.59148, 13.6, -117.4476
22.49273, 13.6, -117.9348
23.39398, 13.6, -118.4318
24.29523, 13.6, -118.983
25.19647, 13.6, -119.5832
26.09772, 13.6, -120.2218
26.99897, 13.6, -120.8859
27.90022, 13.6, -121.5535
28.80146, 13.6, -122.1519
29.70271, 13.6, -122.5241
30.60396, 13.6, -123.0086
31.50521, 13.6, -123.4393
32.40645, 13.6, -123.6974
33.3077, 13.6, -123.9493
34.20895, 13.6, -124.2183
35.1102, 13.6, -124.5047
36.01144, 13.6, -124.8062
36.91269, 13.6, -125.1214
37.81393, 13.6, -125.4492
38.71518, 13.6, -125.7852
39.61643, 13.6, -126.0344
40.51768, 13.6, -126.0817
41.41893, 13.6, -125.8922
42.32017, 13.6, -125.6981
43.22142, 13.6, -125.5423
44.12267, 13.6, -125.4016
45.02391, 13.6, -125.2584
45.92516, 13.6, -125.0966
46.82641, 13.6, -124.8989
47.72766, 13.6, -124.6466
48.6289, 13.6, -124.3422
49.53015, 13.6, -124.3428
50.4314, 13.6, -124.2482
51.33265, 13.6, -123.7535
52.23389, 13.6, -123.7032
53.13514, 13.6, -123.6702
54.03639, 13.6, -123.5934
54.93763, 13.6, -123.4554
55.83888, 13.6, -123.2417
56.74013, 13.6, -122.9366
57.64138, 13.6, -122.5372
58.54263, 13.6, -122.1735
59.44387, 13.6, -123.2419
60.34512, 13.6, -123.8054
61.24636, 13.6, -121.9443
62.14761, 13.6, -122.1719
63.04886, 13.6, -122.5333
63.95011, 13.6, -122.7966
64.85136, 13.6, -122.9544
65.7526, 13.6, -123.0171
66.65385, 13.6, -122.9853
67.5551, 13.6, -122.8319
68.45634, 13.6, -122.4237
69.35759, 13.6, -120.798
70.25884, 13.6, -118.701
71.16009, 13.6, -122.4408
72.06133, 13.6, -123.6225
72.96258, 13.6, -124.1555
73.86383, 13.6, -124.4771
74.76508, 13.6, -124.7221
75.66632, 13.6, -124.9603
76.56757, 13.6, -125.2337
77.46882, 13.6, -125.5396
78.37006, 13.6, -125.6445
79.27131, 13.6, -123.2104
80.17256, 13.6, -117.6504
81.07381, 13.6, -125.6702
81.97505, 13.6, -127.0749
82.8763, 13.6, -127.4589
83.77755, 13.6, -127.8036
84.67879, 13.6, -128.192
85.58004, 13.6, -128.5969
86.48129, 13.6, -128.9634
87.38254, 13.6, -129.2112
88.28378, 13.6, -129.202
89.18504, 13.6, -128.5323
90.08628, 13.6, -126.7444
90.98753, 13.6, -129.57
91.88877, 13.6, -130.3351
92.79002, 13.6, -130.896
93.69127, 13.6, -131.33
94.59251, 13.6, -131.6509
95.49377, 13.6, -131.8534
96.39501, 13.6, -131.9234
97.29626, 13.6, -131.8549
98.1975, 13.6, -131.7482
99.09875, 13.6, -132.829
18.02701, 14.4, -120.3778
18.91802, 14.4, -122.2224
19.80903, 14.4, -124.6063
20.70004, 14.4, -124.2843
21.59105, 14.4, -124.1057
22.48207, 14.4, -124.288
23.37308, 14.4, -124.6697
24.26409, 14.4, -125.1788
25.1551, 14.4, -125.766
26.04611, 14.4, -126.4078
26.93712, 14.4, -127.1053
27.82813, 14.4, -127.9017
28.71914, 14.4, -128.8835
29.61015, 14.4, -129.8084
30.50116, 14.4, -130.1658
31.39217, 14.4, -130.0398
32.28318, 14.4, -130.0614
33.17419, 14.4, -130.2641
34.0652, 14.4, -130.5307
34.95621, 14.4, -130.8303
35.84723, 14.4, -131.1623
36.73824, 14.4, -131.5222
37.62925, 14.4, -131.8581
38.52026, 14.4, -132.0837
39.41127, 14.4, -132.1169
40.30228, 14.4, -132.1874
41.19329, 14.4, -132.2486
42.0843, 14.4, -132.2088
42.97531, 14.4, -132.0533
43.86632, 14.4, -131.8463
44.75733, 14.4, -131.6488
45.64835, 14.4, -131.4685
46.53936, 14.4, -131.2921
47.43037, 14.4, -131.1056
48.32138, 14.4, -130.9996
49.21239, 14.4, -131.1907
50.1034, 14.4, -131.3597
50.99441, 14.4, -130.8174
51.88542, 14.4, -130.3364
52.77643, 14.4, -130.1835
53.66744, 14.4, -130.1008
54.55845, 14.4, -130.0081
55.44946, 14.4, -129.8979
56.34047, 14.4, -129.7628
57.23148, 14.4, -129.5786
58.12249, 14.4, -129.3728
59.0135, 14.4, -129.4953
59.90451, 14.4, -130.6335
60.79553, 14.4, -129.3845
61.68654, 14.4, -129.1395
62.57755, 14.4, -129.3217
63.46856, 14.4, -129.5101
64.35957, 14.4, -129.6121
65.25058, 14.4, -129.6756
66.14159, 14.4, -129.7088
67.0326, 14.4, -129.6767
67.92361, 14.4, -129.4701
68.81462, 14.4, -128.9389
69.70564, 14.4, -126.9583
70.59664, 14.4, -128.0208
71.48766, 14.4, -129.525
72.37867, 14.4, -130.1343
73.26968, 14.4, -130.3876
74.16069, 14.4, -130.5127
75.0517, 14.4, -130.6202
75.94271, 14.4, -130.7482
76.83372, 14.4, -130.9148
77.72473, 14.4, -131.1213
78.61575, 14.4, -131.0649
79.50675, 14.4, -129.2472
80.39777, 14.4, -128.7891
81.28877, 14.4, -131.7449
82.17979, 14.4, -132.4715
83.07079, 14.4, -132.8883
83.96181, 14.4, -133.3624
84.85281, 14.4, -133.858
85.74383, 14.4, -134.3161
86.63484, 14.4, -134.673
87.52585, 14.4, -134.8425
88.41686, 14.4, -134.5191
89.30787, 14.4, -133.2405
90.19888, 14.4, -132.6898
91.08989, 14.4, -134.8944
91.9809, 14.4, -136.358
92.87192, 14.4, -137.2191
93.76292, 14.4, -137.8313
94.65394, 14.4, -138.2745
95.54494, 14.4, -138.577
96.43596, 14.4, -138.751
97.32697, 14.4, -138.8026
98.21798, 14.4, -138.8452
99.10899, 14.4, -139.4658
18.96877, 15.2, -128.0841
19.84955, 15.2, -130.9183
20.73032, 15.2, -130.9227
21.6111, 15.2, -130.3711
22.49187, 15.2, -130.4152
23.37264, 15.2, -130.7757
24.25342, 15.2, -131.2912
25.13419, 15.2, -131.8959
26.01497, 15.2, -132.5605
26.89574, 15.2, -133.2842
27.77652, 15.2, -134.1055
28.65729, 15.2, -135.1675
29.53806, 15.2, -136.7381
30.41884, 15.2, -137.1508
31.29961, 15.2, -136.4297
32.18039, 15.2, -136.3578
33.06116, 15.2, -136.5059
33.94194, 15.2, -136.7323
34.82271, 15.2, -137.0039
35.70348, 15.2, -137.3207
36.58426, 15.2, -137.69
37.46503, 15.2, -138.1005
38.34581, 15.2, -138.4668
39.22658, 15.2, -138.5125
40.10735, 15.2, -138.3394
40.98813, 15.2, -138.6547
41.8689, 15.2, -138.676
42.74968, 15.2, -138.4099
43.63045, 15.2, -138.1278
44.51123, 15.2, -137.8964
45.392, 15.2, -137.7195
46.27277, 15.2, -137.5919
47.15355, 15.2, -137.5275
48.03432, 15.2, -137.5505
48.9151, 15.2, -137.6723
49.79587, 15.2, -137.967
50.67664, 15.2, -137.6295
51.55742, 15.2, -137.2312
52.43819, 15.2, -136.9348
53.31897, 15.2, -136.7062
54.19974, 15.2, -136.5748
55.08052, 15.2, -136.5021
55.96129, 15.2, -136.482
56.84206, 15.2, -136.5403
57.72284, 15.2, -136.7083
58.60361, 15.2, -136.7417
59.48439, 15.2, -135.8521
60.36516, 15.2, -135.3642
61.24594, 15.2, -136.5401
62.12671, 15.2, -136.5692
63.00748, 15.2, -136.377
63.88826, 15.2, -136.2628
64.76904, 15.2, -136.2234
65.6498, 15.2, -136.2375
66.53058, 15.2, -136.2975
67.41135, 15.2, -136.3841
68.29213, 15.2, -136.3836
69.17291, 15.2, -136.2198
70.05368, 15.2, -137.5045
70.93445, 15.2, -136.2776
71.81522, 15.2, -136.3172
72.696, 15.2, -136.2885
73.57677, 15.2, -136.2544
74.45755, 15.2, -136.228
75.33833, 15.2, -136.2229
76.21909, 15.2, -136.2311
77.09987, 15.2, -136.2191
77.98064, 15.2, -136.2175
78.86142, 15.2, -136.743
79.7422, 15.2, -141.3497
80.62297, 15.2, -138.4988
81.50374, 15.2, -137.108
82.38451, 15.2, -137.5633
83.26529, 15.2, -138.3169
84.14606, 15.2, -139.032
85.02684, 15.2, -139.6807
85.90762, 15.2, -140.2239
86.78838, 15.2, -140.5847
87.66916, 15.2, -140.6446
88.54993, 15.2, -140.3386
89.43071, 15.2, -139.5939
90.31149, 15.2, -139.4814
91.19226, 15.2, -141.4181
92.07303, 15.2, -142.9999
92.9538, 15.2, -144.0723
93.83458, 15.2, -144.8096
94.71535, 15.2, -145.3441
95.59613, 15.2, -145.743
96.47691, 15.2, -146.055
97.35767, 15.2, -146.3497
98.23845, 15.2, -146.5902
99.11922, 15.2, -146.2585
19.91054, 16, -136.5923
20.78107, 16, -136.4322
21.65161, 16, -136.1508
22.52215, 16, -136.3184
23.39269, 16, -136.744
24.26323, 16, -137.3157
25.13376, 16, -137.9704
26.0043, 16, -138.6787
26.87484, 16, -139.4302
27.74538, 16, -140.2273
28.61591, 16, -141.1123
29.48645, 16, -142.5665
30.35699, 16, -143.3045
31.22753, 16, -142.5176
32.09806, 16, -142.5341
32.9686, 16, -142.6581
33.83914, 16, -142.8281
34.70968, 16, -143.0388
35.58022, 16, -143.2979
36.45075, 16, -143.6208
37.32129, 16, -144.0309
38.19183, 16, -144.5549
39.06237, 16, -145.1098
39.9329, 16, -144.7975
40.80344, 16, -145.2442
41.67398, 16, -144.9197
42.54452, 16, -144.4994
43.41505, 16, -144.1816
44.28559, 16, -143.9554
45.15613, 16, -143.8062
46.02667, 16, -143.7267
46.89721, 16, -143.7168
47.76774, 16, -143.7825
48.63828, 16, -143.917
49.50882, 16, -144.0635
50.37936, 16, -143.9914
51.24989, 16, -143.7326
52.12043, 16, -143.4959
52.99097, 16, -143.2827
53.8615, 16, -143.134
54.73204, 16, -143.0589
55.60258, 16, -143.0679
56.47312, 16, -143.1754
57.34365, 16, -143.3943
58.2142, 16, -143.6843
59.08473, 16, -143.4622
59.95527, 16, -140.4892
60.82581, 16, -143.3683
61.69634, 16, -143.6423
62.56688, 16, -143.246
63.43742, 16, -142.9176
64.30796, 16, -142.7099
65.1785, 16, -142.6133
66.04903, 16, -142.6193
66.91957, 16, -142.7342
67.79011, 16, -143.0013
68.66064, 16, -143.6155
69.53118, 16, -145.1883
70.40172, 16, -145.6119
71.27225, 16, -143.4879
72.1428, 16, -142.5063
73.01334, 16, -142.0587
73.88387, 16, -141.816
74.75441, 16, -141.6704
75.62495, 16, -141.5702
76.49548, 16, -141.4928
77.36602, 16, -141.4599
78.23656, 16, -141.6726
79.10709, 16, -143.6211
79.97763, 16, -152.0125
80.84817, 16, -144.1223
81.71871, 16, -142.6124
82.58925, 16, -143.1659
83.45979, 16, -144.0343
84.33032, 16, -144.9218
85.20086, 16, -145.7371
86.0714, 16, -146.4268
86.94193, 16, -146.9382
87.81247, 16, -147.2128
88.68301, 16, -147.2703
89.55355, 16, -147.2273
90.42409, 16, -147.3887
91.29462, 16, -148.959
92.16516, 16, -150.377
93.0357, 16, -151.4529
93.90623, 16, -152.2417
94.77677, 16, -152.8404
95.64731, 16, -153.3223
96.51785, 16, -153.7377
97.38839, 16, -154.1049
98.25893, 16, -154.3209
99.12946, 16, -153.359
20.8523, 16.8, -141.0988
21.7126, 16.8, -141.4426
22.5729, 16.8, -141.9108
23.4332, 16.8, -142.5109
24.2935, 16.8, -143.1964
25.15381, 16.8, -143.9328
26.01411, 16.8, -144.6978
26.87441, 16.8, -145.4743
27.73471, 16.8, -146.2418
28.59501, 16.8, -146.9667
29.45531, 16.8, -147.6818
30.31561, 16.8, -148.2654
31.17591, 16.8, -148.4316
32.03622, 16.8, -148.5775
32.89651, 16.8, -148.6908
33.75682, 16.8, -148.8035
34.61712, 16.8, -148.9401
35.47742, 16.8, -149.1196
36.33772, 16.8, -149.3656
37.19802, 16.8, -149.7148
38.05832, 16.8, -150.2367
38.91862, 16.8, -151.0749
39.77892, 16.8, -152.0448
40.63923, 16.8, -151.7963
41.49953, 16.8, -150.8543
42.35983, 16.8, -150.296
43.22013, 16.8, -149.9604
44.08043, 16.8, -149.7565
44.94073, 16.8, -149.6449
45.80103, 16.8, -149.6065
46.66134, 16.8, -149.6319
47.52163, 16.8, -149.7132
48.38194, 16.8, -149.8272
49.24224, 16.8, -149.9932
50.10254, 16.8, -149.9774
50.96284, 16.8, -149.828
51.82314, 16.8, -149.6426
52.68344, 16.8, -149.5114
53.54374, 16.8, -149.3934
54.40404, 16.8, -149.3251
55.26434, 16.8, -149.3234
56.12465, 16.8, -149.4024
56.98495, 16.8, -149.5743
57.84525, 16.8, -149.8219
58.70555, 16.8, -150.1092
59.56585, 16.8, -150.4603
60.42615, 16.8, -150.5709
61.28645, 16.8, -150.216
62.14675, 16.8, -149.7476
63.00705, 16.8, -149.3096
63.86736, 16.8, -148.9749
64.72765, 16.8, -148.7617
65.58796, 16.8, -148.6701
66.44826, 16.8, -148.7164
67.30856, 16.8, -148.9652
68.16886, 16.8, -149.6376
69.02916, 16.8, -151.1034
69.88947, 16.8, -152.6439
70.74976, 16.8, -151.5264
71.61006, 16.8, -149.4594
72.47037, 16.8, -148.2394
73.33067, 16.8, -147.6232
74.19097, 16.8, -147.2788
75.05127, 16.8, -147.0703
75.91157, 16.8, -146.9446
76.77187, 16.8, -146.9012
77.63217, 16.8, -147.0452
78.49247, 16.8, -147.7324
79.35278, 16.8, -149.1148
80.21307, 16.8, -149.7766
81.07338, 16.8, -148.8904
81.93368, 16.8, -148.7408
82.79398, 16.8, -149.3349
83.65428, 16.8, -150.3043
84.51458, 16.8, -151.3408
85.37488, 16.8, -152.3421
86.23518, 16.8, -153.2571
87.09548, 16.8, -154.0561
87.95579, 16.8, -154.7692
88.81609, 16.8, -155.3208
89.67638, 16.8, -155.4151
90.53669, 16.8, -156.0503
91.39699, 16.8, -157.3593
92.25729, 16.8, -158.4059
93.11759, 16.8, -159.3095
93.97789, 16.8, -160.0422
94.8382, 16.8, -160.6338
95.69849, 16.8, -161.127
96.55879, 16.8, -161.5495
97.4191, 16.8, -161.8851
98.2794, 16.8, -161.9597
99.1397, 16.8, -161.5548
21.79406, 17.6, -146.3319
22.64413, 17.6, -147.1935
23.49419, 17.6, -148.0408
24.34426, 17.6, -148.8932
25.19432, 17.6, -149.7464
26.04439, 17.6, -150.5896
26.89445, 17.6, -151.4057
27.74452, 17.6, -152.1632
28.59458, 17.6, -152.7989
29.44464, 17.6, -152.8381
30.29471, 17.6, -152.9162
31.14477, 17.6, -154.2464
31.99484, 17.6, -154.5085
32.8449, 17.6, -154.5961
33.69497, 17.6, -154.6443
34.54503, 17.6, -154.6948
35.3951, 17.6, -154.7752
36.24516, 17.6, -154.9138
37.09523, 17.6, -155.1522
37.94529, 17.6, -155.5696
38.79535, 17.6, -156.3488
39.64542, 17.6, -158.2303
40.49548, 17.6, -157.8644
41.34555, 17.6, -156.3752
42.19561, 17.6, -155.7384
43.04568, 17.6, -155.4153
43.89574, 17.6, -155.2567
44.74581, 17.6, -155.1972
45.59587, 17.6, -155.2063
46.44593, 17.6, -155.2661
47.296, 17.6, -155.3672
48.14606, 17.6, -155.5063
48.99613, 17.6, -155.6648
49.8462, 17.6, -155.6738
50.69626, 17.6, -155.6898
51.54632, 17.6, -155.5283
52.39639, 17.6, -155.3859
53.24645, 17.6, -155.2927
54.09652, 17.6, -155.2394
54.94658, 17.6, -155.2214
55.79665, 17.6, -155.2515
56.64671, 17.6, -155.3387
57.49677, 17.6, -155.521
58.34684, 17.6, -155.9068
59.1969, 17.6, -157.0158
60.04697, 17.6, -160.3961
60.89703, 17.6, -156.8992
61.7471, 17.6, -155.8369
62.59716, 17.6, -155.2765
63.44723, 17.6, -154.8784
64.29729, 17.6, -154.5888
65.14735, 17.6, -154.4085
65.99742, 17.6, -154.3613
66.84748, 17.6, -154.5021
67.69755, 17.6, -154.9299
68.54762, 17.6, -155.8167
69.39767, 17.6, -157.1763
70.24774, 17.6, -157.7033
71.09781, 17.6, -155.8846
71.94787, 17.6, -154.5173
72.79794, 17.6, -153.6146
73.648, 17.6, -153.0357
74.49806, 17.6, -152.6833
75.34813, 17.6, -152.4927
76.1982, 17.6, -152.433
77.04826, 17.6, -152.5107
77.89832, 17.6, -152.6942
78.74839, 17.6, -152.75
79.59845, 17.6, -149.9987
80.44852, 17.6, -150.6476
81.29858, 17.6, -153.9687
82.14864, 17.6, -154.9967
82.99871, 17.6, -156.0138
83.84878, 17.6, -157.1423
84.69884, 17.6, -158.3566
85.5489, 17.6, -159.593
86.39896, 17.6, -160.815
87.24903, 17.6, -161.9783
88.0991, 17.6, -162.9981
88.94916, 17.6, -163.7619
89.79922, 17.6, -164.4371
90.64929, 17.6, -165.4114
91.49935, 17.6, -166.1859
92.34942, 17.6, -166.9638
93.19949, 17.6, -167.6277
94.04955, 17.6, -168.2019
94.89961, 17.6, -168.7012
95.74968, 17.6, -169.1301
96.59974, 17.6, -169.4857
97.44981, 17.6, -169.7601
98.29987, 17.6, -169.9861
99.14993, 17.6, -170.7061
22.73583, 18.4, -152.3197
23.57566, 18.4, -153.4159
24.41548, 18.4, -154.461
25.25531, 18.4, -155.4588
26.09514, 18.4, -156.4088
26.93497, 18.4, -157.3026
27.7748, 18.4, -158.1089
28.61462, 18.4, -158.6918
29.45445, 18.4, -158.66
30.29428, 18.4, -158.8142
31.13411, 18.4, -160.0302
31.97394, 18.4, -160.3687
32.81376, 18.4, -160.3992
33.65359, 18.4, -160.3508
34.49342, 18.4, -160.288
35.33325, 18.4, -160.2421
36.17308, 18.4, -160.2405
37.01291, 18.4, -160.3202
37.85273, 18.4, -160.5466
38.69256, 18.4, -161.0654
39.53239, 18.4, -162.4833
40.37222, 18.4, -162.8586
41.21204, 18.4, -161.3017
42.05187, 18.4, -160.7379
42.8917, 18.4, -160.4961
43.73153, 18.4, -160.416
44.57135, 18.4, -160.4313
45.41118, 18.4, -160.5086
46.25101, 18.4, -160.6301
47.09084, 18.4, -160.7847
47.93067, 18.4, -160.9607
48.7705, 18.4, -161.1156
49.61032, 18.4, -161.2106
50.45015, 18.4, -161.2778
51.28998, 18.4, -161.2168
52.12981, 18.4, -161.087
52.96963, 18.4, -160.9669
53.80946, 18.4, -160.8779
54.64929, 18.4, -160.8223
55.48912, 18.4, -160.8059
56.32895, 18.4, -160.8441
57.16877, 18.4, -160.9738
58.0086, 18.4, -161.2957
58.84843, 18.4, -162.1894
59.68826, 18.4, -164.7566
60.52809, 18.4, -163.8054
61.36791, 18.4, -161.7288
62.20774, 18.4, -160.8472
63.04757, 18.4, -160.3361
63.8874, 18.4, -159.9751
64.72723, 18.4, -159.7184
65.56705, 18.4, -159.5652
66.40688, 18.4, -159.5377
67.24671, 18.4, -159.6798
68.08654, 18.4, -160.0451
68.92637, 18.4, -160.577
69.7662, 18.4, -161.7455
70.60602, 18.4, -160.4982
71.44585, 18.4, -159.5247
72.28567, 18.4, -158.8901
73.1255, 18.4, -158.3817
73.96533, 18.4, -158.039
74.80516, 18.4, -157.8245
75.64499, 18.4, -157.7056
76.48482, 18.4, -157.6516
77.32465, 18.4, -157.6036
78.16447, 18.4, -157.3383
79.0043, 18.4, -155.8325
79.84413, 18.4, -151.6083
80.68396, 18.4, -155.6344
81.52379, 18.4, -159.2376
82.36361, 18.4, -161.1902
83.20344, 18.4, -162.749
84.04327, 18.4, -164.2654
84.88309, 18.4, -165.7848
85.72292, 18.4, -167.2987
86.56275, 18.4, -168.7827
87.40258, 18.4, -170.2002
88.24241, 18.4, -171.5062
89.08224, 18.4, -172.732
89.92207, 18.4, -174.0814
90.76189, 18.4, -174.9619
91.60172, 18.4, -175.3885
92.44155, 18.4, -175.8457
93.28138, 18.4, -176.2924
94.1212, 18.4, -176.6962
94.96103, 18.4, -177.0587
95.80086, 18.4, -177.3853
96.64069, 18.4, -177.6869
97.48051, 18.4, -178.0036
98.32034, 18.4, -178.5373
99.16017, 18.4, -180.1193
23.67759, 19.2, -158.8132
24.50718, 19.2, -160.0937
25.33677, 19.2, -161.2602
26.16636, 19.2, -162.3443
26.99596, 19.2, -163.3565
27.82555, 19.2, -164.2621
28.65514, 19.2, -164.9861
29.48473, 19.2, -165.4186
30.31432, 19.2, -165.9178
31.14391, 19.2, -166.1634
31.9735, 19.2, -166.2315
32.8031, 19.2, -166.1242
33.63269, 19.2, -165.9332
34.46228, 19.2, -165.7163
35.29187, 19.2, -165.5022
36.12146, 19.2, -165.311
36.95105, 19.2, -165.1654
37.78064, 19.2, -165.1007
38.61024, 19.2, -165.2246
39.43983, 19.2, -165.7262
40.26942, 19.2, -165.7716
41.09901, 19.2, -165.3929
41.9286, 19.2, -165.1175
42.75819, 19.2, -165.0886
43.58778, 19.2, -165.1678
44.41738, 19.2, -165.3093
45.24697, 19.2, -165.4915
46.07656, 19.2, -165.7012
46.90615, 19.2, -165.9282
47.73574, 19.2, -166.1581
48.56533, 19.2, -166.3837
49.39492, 19.2, -166.5802
50.22452, 19.2, -166.6677
51.05411, 19.2, -166.6796
51.8837, 19.2, -166.5698
52.71329, 19.2, -166.4442
53.54288, 19.2, -166.3245
54.37247, 19.2, -166.2232
55.20206, 19.2, -166.1475
56.03165, 19.2, -166.1089
56.86125, 19.2, -166.1325
57.69084, 19.2, -166.2833
58.52043, 19.2, -166.6953
59.35002, 19.2, -167.6271
60.17961, 19.2, -167.7792
61.0092, 19.2, -166.8409
61.83879, 19.2, -165.8461
62.66839, 19.2, -165.2398
63.49798, 19.2, -164.8124
64.32757, 19.2, -164.4766
65.15716, 19.2, -164.2082
65.98676, 19.2, -164.0053
66.81635, 19.2, -163.8739
67.64594, 19.2, -163.8049
68.47552, 19.2, -163.8286
69.30511, 19.2, -164.0457
70.13471, 19.2, -163.8188
70.9643, 19.2, -163.2673
71.79389, 19.2, -162.8613
72.62348, 19.2, -162.6939
73.45307, 19.2, -162.5626
74.28267, 19.2, -162.4591
75.11226, 19.2, -162.39
75.94185, 19.2, -162.3359
76.77144, 19.2, -162.2493
77.60104, 19.2, -161.9878
78.43063, 19.2, -161.3546
79.26022, 19.2, -160.0239
80.08981, 19.2, -159.5771
80.9194, 19.2, -162.2742
81.74899, 19.2, -165.2007
82.57858, 19.2, -167.542
83.40817, 19.2, -169.5672
84.23776, 19.2, -171.4688
85.06735, 19.2, -173.3284
85.89695, 19.2, -175.1613
86.72654, 19.2, -176.9624
87.55613, 19.2, -178.721
88.38572, 19.2, -180.4542
89.21531, 19.2, -182.1999
90.04491, 19.2, -184.08
90.8745, 19.2, -184.503
91.70409, 19.2, -184.7934
92.53368, 19.2, -185.0068
93.36327, 19.2, -185.2268
94.19286, 19.2, -185.4572
95.02245, 19.2, -185.6842
95.85204, 19.2, -185.9127
96.68163, 19.2, -186.1666
97.51122, 19.2, -186.5283
98.34082, 19.2, -187.1396
99.17041, 19.2, -188.21
