100.0, 0.0, -1.68436075412e-42
0.0, 0.0, -5.24468180138e-40
-20.0, 0.0, -0.0
-20.0, -20.0, 200.0
100.0, -20.0, 200.0
100.0, 20.0, -200.0
23.7999992, 20.0, -41.981338501
98.9247284, 0.0, 0.179152235389
97.8494644, 0.0, 0.355427086353
96.7741928, 0.0, 0.526515245438
95.6989212, 0.0, 0.690332174301
94.6236572, 0.0, 0.845102846622
93.5483856, 0.0, 0.989407896996
92.4731216, 0.0, 1.12221860886
91.39785, 0.0, 1.24296033382
90.3225784, 0.0, 1.35154294968
89.2473145, 0.0, 1.44833552837
88.1720428, 0.0, 1.53406131268
87.0967712, 0.0, 1.60964846611
86.0215073, 0.0, 1.67610251904
84.9462357, 0.0, 1.73442053795
83.8709641, 0.0, 1.78554320335
82.7957001, 0.0, 1.83033549786
81.7204285, 0.0, 1.86958122253
80.6451645, 0.0, 1.90398037434
79.5698929, 0.0, 1.93415474892
78.4946213, 0.0, 1.96065115929
77.4193573, 0.0, 1.98394870758
76.3440857, 0.0, 2.00446653366
75.2688141, 0.0, 2.02257013321
74.1935501, 0.0, 2.03857827187
73.1182785, 0.0, 2.05276989937
72.0430145, 0.0, 2.06538701057
70.9677429, 0.0, 2.07664012909
69.8924713, 0.0, 2.08671188354
68.8172073, 0.0, 2.09576034546
67.7419357, 0.0, 2.10392212868
66.6666641, 0.0, 2.11131668091
65.5914001, 0.0, 2.11804795265
64.5161285, 0.0, 2.12420678139
63.4408607, 0.0, 2.12987399101
62.365593, 0.0, 2.13512063026
61.2903214, 0.0, 2.14001083374
60.2150536, 0.0, 2.1446018219
59.1397858, 0.0, 2.14894580841
58.064518, 0.0, 2.15309095383
56.9892464, 0.0, 2.157081604
55.9139786, 0.0, 2.16095995903
54.8387108, 0.0, 2.16476631165
53.7634392, 0.0, 2.16853928566
52.6881714, 0.0, 2.17231750488
51.6129036, 0.0, 2.17613911629
50.5376358, 0.0, 2.18004322052
49.4623642, 0.0, 2.18407034874
48.3870964, 0.0, 2.1882622242
47.3118286, 0.0, 2.19266295433
46.2365608, 0.0, 2.19732022285
45.1612892, 0.0, 2.20228505135
44.0860214, 0.0, 2.20761227608
43.0107536, 0.0, 2.21336197853
41.935482, 0.0, 2.21959853172
40.8602142, 0.0, 2.2263917923
39.7849464, 0.0, 2.23381590843
38.7096786, 0.0, 2.24195504189
37.634407, 0.0, 2.25090551376
36.5591393, 0.0, 2.26077485085
35.4838715, 0.0, 2.27168083191
34.4086037, 0.0, 2.28375291824
33.3333321, 0.0, 2.29713273048
32.2580643, 0.0, 2.3119764328
31.1827965, 0.0, 2.32845878601
30.1075268, 0.0, 2.34677672386
29.032259, 0.0, 2.36715579033
27.9569893, 0.0, 2.38985824585
26.8817196, 0.0, 2.41519165039
25.8064518, 0.0, 2.44352698326
24.7311821, 0.0, 2.47531843185
23.6559143, 0.0, 2.51112937927
22.5806446, 0.0, 2.55167078972
21.5053768, 0.0, 2.5978717804
20.4301071, 0.0, 2.65096211433
19.3548393, 0.0, 2.71256089211
18.2795696, 0.0, 2.78481841087
17.2043018, 0.0, 2.87065958977
16.1290321, 0.0, 2.97419881821
15.0537634, 0.0, 3.10141730309
13.9784946, 0.0, 3.26130652428
12.9032259, 0.0, 3.46776199341
11.8279572, 0.0, 3.74262094498
10.7526884, 0.0, 4.1205945015
9.67741966, 0.0, 4.65744590759
8.60215092, 0.0, 5.4458398819
7.52688169, 0.0, 6.65338993073
6.45161295, 0.0, 8.66047382355
5.3763442, 0.0, 11.1331033707
4.30107546, 0.0, 13.8772058487
3.22580647, 0.0, 16.3367214203
2.15053773, 0.0, 17.4024028778
1.07526886, 0.0, 14.9709568024
-1.05263162, 0.0, -1.59854523616e-40
-2.10526323, 0.0, -1.52413628771e-40
-3.15789485, 0.0, -1.48548847606e-40
-4.21052647, 0.0, -1.46239507737e-40
-5.26315784, 0.0, -1.44720500202e-40
-6.3157897, 0.0, -1.43649908175e-40
-7.36842108, 0.0, -1.42856773244e-40
-8.42105293, 0.0, -1.42244405815e-40
-9.47368431, 0.0, -1.41755352651e-40
-10.5263157, 0.0, -1.41351778693e-40
-11.5789471, 0.0, -1.41009861868e-40
-12.6315794, 0.0, -1.40712786594e-40
-13.6842108, 0.0, -1.40450743781e-40
-14.7368422, 0.0, -1.40211121743e-40
-15.7894735, 0.0, -1.39991117885e-40
-16.8421059, 0.0, -1.39782324413e-40
-17.8947372, 0.0, -1.39581938733e-40
-18.9473686, 0.0, -1.39382954351e-40
-20.0, -1.0, 10.0
-20.0, -2.0, 20.0
-20.0, -3.0, 30.0
-20.0, -4.0, 40.0
-20.0, -5.0, 50.0
-20.0, -6.0, 60.0
-20.0, -7.0, 70.0
-20.0, -8.0, 80.0
-20.0, -9.0, 90.0
-20.0, -10.0, 100.0
-20.0, -11.0, 110.0
-20.0, -12.0, 120.0
-20.0, -13.0, 130.0
-20.0, -14.0, 140.0
-20.0, -15.0, 150.0
-20.0, -16.0, 160.0
-20.0, -17.0, 170.0
-20.0, -18.0, 180.0
-20.0, -19.0, 190.0
-18.9285717, -20.0, 200.153488159
-17.8571434, -20.0, 200.307388306
-16.7857151, -20.0, 200.462249756
-15.7142859, -20.0, 200.618545532
-14.6428576, -20.0, 200.776702881
-13.5714283, -20.0, 200.937057495
-12.5, -20.0, 201.099822998
-11.4285717, -20.0, 201.265090942
-10.3571424, -20.0, 201.432723999
-9.28571415, -20.0, 201.602416992
-8.21428585, -20.0, 201.773620605
-7.14285707, -20.0, 201.945526123
-6.07142878, -20.0, 202.117095947
-5.0, -20.0, 202.286972046
-3.92857146, -20.0, 202.453659058
-2.85714293, -20.0, 202.615386963
-1.78571427, -20.0, 202.770309448
-0.714285731, -20.0, 202.916519165
0.357142866, -20.0, 203.052185059
1.42857146, -20.0, 203.175567627
2.5, -20.0, 203.285217285
3.57142854, -20.0, 203.379989624
4.64285707, -20.0, 203.459136963
5.71428585, -20.0, 203.52230835
6.78571415, -20.0, 203.569595337
7.85714293, -20.0, 203.601486206
8.9285717, -20.0, 203.618835449
10.0, -20.0, 203.622756958
11.0714283, -20.0, 203.614593506
12.1428576, -20.0, 203.595809937
13.2142859, -20.0, 203.567962646
14.2857141, -20.0, 203.532531738
15.3571424, -20.0, 203.491027832
16.4285717, -20.0, 203.444763184
17.5, -20.0, 203.395004272
18.5714283, -20.0, 203.342834473
19.6428566, -20.0, 203.28918457
20.7142849, -20.0, 203.234893799
21.7857151, -20.0, 203.180587769
22.8571434, -20.0, 203.126831055
23.9285717, -20.0, 203.074050903
25.0, -20.0, 203.022567749
26.0714283, -20.0, 202.972640991
27.1428566, -20.0, 202.924438477
28.2142849, -20.0, 202.878067017
29.2857151, -20.0, 202.833618164
30.3571434, -20.0, 202.791107178
31.4285717, -20.0, 202.750534058
32.5, -20.0, 202.711853027
33.5714302, -20.0, 202.675018311
34.6428566, -20.0, 202.639968872
35.7142868, -20.0, 202.606613159
36.7857132, -20.0, 202.574890137
37.8571434, -20.0, 202.544677734
38.9285698, -20.0, 202.515884399
40.0, -20.0, 202.488433838
41.0714302, -20.0, 202.462188721
42.1428566, -20.0, 202.437057495
43.2142868, -20.0, 202.412948608
44.2857132, -20.0, 202.38973999
45.3571434, -20.0, 202.367340088
46.4285698, -20.0, 202.34564209
47.5, -20.0, 202.324539185
48.5714302, -20.0, 202.303939819
49.6428566, -20.0, 202.283737183
50.7142868, -20.0, 202.263839722
51.7857132, -20.0, 202.244140625
52.8571434, -20.0, 202.22454834
53.9285698, -20.0, 202.204956055
55.0, -20.0, 202.185272217
56.0714302, -20.0, 202.165374756
57.1428566, -20.0, 202.145202637
58.2142868, -20.0, 202.12461853
59.2857132, -20.0, 202.103530884
60.3571434, -20.0, 202.081848145
61.4285698, -20.0, 202.059463501
62.5, -20.0, 202.036254883
63.5714302, -20.0, 202.012130737
64.6428604, -20.0, 201.986984253
65.7142868, -20.0, 201.960678101
66.7857132, -20.0, 201.933120728
67.8571396, -20.0, 201.904190063
68.9285736, -20.0, 201.873779297
70.0, -20.0, 201.841751099
71.0714264, -20.0, 201.808013916
72.1428604, -20.0, 201.772445679
73.2142868, -20.0, 201.734909058
74.2857132, -20.0, 201.6953125
75.3571396, -20.0, 201.653549194
76.4285736, -20.0, 201.609481812
77.5, -20.0, 201.563034058
78.5714264, -20.0, 201.51411438
79.6428604, -20.0, 201.462615967
80.7142868, -20.0, 201.408462524
81.7857132, -20.0, 201.351608276
82.8571396, -20.0, 201.291992188
83.9285736, -20.0, 201.22958374
85.0, -20.0, 201.164352417
86.0714264, -20.0, 201.096313477
87.1428604, -20.0, 201.025497437
88.2142868, -20.0, 200.951950073
89.2857132, -20.0, 200.875717163
90.3571396, -20.0, 200.796936035
91.4285736, -20.0, 200.715698242
92.5, -20.0, 200.632156372
93.5714264, -20.0, 200.54649353
94.6428604, -20.0, 200.458892822
95.7142868, -20.0, 200.369567871
96.7857132, -20.0, 200.278762817
97.8571396, -20.0, 200.186721802
98.9285736, -20.0, 200.093704224
100.0, -19.0, 190.0
100.0, -18.0, 180.0
100.0, -17.0, 170.0
100.0, -16.0, 160.0
100.0, -15.0, 150.0
100.0, -14.0, 140.0
100.0, -13.0, 130.0
100.0, -12.0, 120.0
100.0, -11.0, 110.0
100.0, -10.0, 100.0
100.0, -9.0, 90.0
100.0, -8.0, 80.0
100.0, -7.0, 70.0
100.0, -6.0, 60.0
100.0, -5.0, 50.0
100.0, -4.0, 40.0
100.0, -3.0, 30.0
100.0, -2.0, 20.0
100.0, -1.0, 10.0
100.0, 0.800000012, -8.0
100.0, 1.60000002, -16.0
100.0, 2.4000001, -24.0
100.0, 3.20000005, -32.0
100.0, 4.0, -40.0
100.0, 4.80000019, -48.0
100.0, 5.5999999, -56.0
100.0, 6.4000001, -64.0
100.0, 7.19999981, -72.0
100.0, 8.0, -80.0
100.0, 8.80000019, -88.0
100.0, 9.60000038, -96.0
100.0, 10.3999996, -104.0
100.0, 11.1999998, -112.0
100.0, 12.0, -120.0
100.0, 12.8000002, -128.0
100.0, 13.6000004, -136.0
100.0, 14.3999996, -144.0
100.0, 15.1999998, -152.0
100.0, 16.0, -160.0
100.0, 16.7999992, -168.0
100.0, 17.6000004, -176.0
100.0, 18.3999996, -184.0
100.0, 19.2000008, -192.0
99.1806488, 20.0, -166.211669922
98.36129, 20.0, -146.846878052
97.5419388, 20.0, -132.033126831
96.72258, 20.0, -120.186050415
95.9032288, 20.0, -110.391304016
95.0838699, 20.0, -102.102424622
94.2645187, 20.0, -95.0896148682
93.4451599, 20.0, -88.9867935181
92.6258087, 20.0, -83.6533432007
91.8064499, 20.0, -79.0339279175
90.9870987, 20.0, -75.0936355591
90.1677399, 20.0, -71.6549758911
89.3483887, 20.0, -68.6020202637
88.5290298, 20.0, -65.9155960083
87.7096786, 20.0, -63.5791549683
86.8903198, 20.0, -61.5799369812
86.0709686, 20.0, -59.9326095581
85.2516098, 20.0, -58.6017341614
84.4322586, 20.0, -57.5142555237
83.6128998, 20.0, -56.6304855347
82.7935486, 20.0, -55.9027671814
81.9741898, 20.0, -55.3050880432
81.1548386, 20.0, -54.8136482239
80.3354874, 20.0, -54.4093360901
79.5161285, 20.0, -54.0763397217
78.6967773, 20.0, -53.8017044067
77.8774185, 20.0, -53.5748291016
77.0580673, 20.0, -53.3870925903
76.2387085, 20.0, -53.2314529419
75.4193573, 20.0, -53.1021766663
74.5999985, 20.0, -52.9945831299
73.7806473, 20.0, -52.904838562
72.9612885, 20.0, -52.8297920227
72.1419373, 20.0, -52.7668533325
71.3225784, 20.0, -52.7138824463
70.5032272, 20.0, -52.6691398621
69.6838684, 20.0, -52.6311988831
68.8645172, 20.0, -52.598903656
68.0451584, 20.0, -52.5713195801
67.2258072, 20.0, -52.5476913452
66.4064484, 20.0, -52.5273857117
65.5870972, 20.0, -52.50989151
64.7677383, 20.0, -52.4947738647
63.9483871, 20.0, -52.4816703796
63.1290321, 20.0, -52.4702644348
62.3096771, 20.0, -52.4602928162
61.4903221, 20.0, -52.4515228271
60.6709671, 20.0, -52.4437637329
59.8516121, 20.0, -52.4368438721
59.0322571, 20.0, -52.4306106567
58.2129021, 20.0, -52.4249343872
57.3935471, 20.0, -52.4197006226
56.574192, 20.0, -52.414806366
55.754837, 20.0, -52.4101524353
54.935482, 20.0, -52.4056587219
54.1161308, 20.0, -52.4012336731
53.2967758, 20.0, -52.3968048096
52.4774208, 20.0, -52.3922920227
51.6580658, 20.0, -52.3876113892
50.8387108, 20.0, -52.3826828003
50.0193558, 20.0, -52.3774223328
49.2000008, 20.0, -52.3717384338
48.3806458, 20.0, -52.365524292
47.5612907, 20.0, -52.3586730957
46.7419357, 20.0, -52.3510551453
45.9225807, 20.0, -52.3425216675
45.1032257, 20.0, -52.3328933716
44.2838707, 20.0, -52.3219642639
43.4645157, 20.0, -52.3094749451
42.6451607, 20.0, -52.2951126099
41.8258057, 20.0, -52.2784805298
41.0064507, 20.0, -52.2590827942
40.1870956, 20.0, -52.2362785339
39.3677406, 20.0, -52.2092514038
38.5483856, 20.0, -52.1769256592
37.7290306, 20.0, -52.1378860474
36.9096756, 20.0, -52.0902786255
36.0903244, 20.0, -52.0316505432
35.2709694, 20.0, -51.958782196
34.4516144, 20.0, -51.8674545288
33.6322594, 20.0, -51.7521934509
32.8129044, 20.0, -51.6059150696
31.9935474, 20.0, -51.4196281433
31.1741943, 20.0, -51.1808700562
30.3548393, 20.0, -50.8732528687
29.5354843, 20.0, -50.4772377014
28.7161293, 20.0, -49.9666519165
27.8967743, 20.0, -49.3115348816
27.0774193, 20.0, -48.474357605
26.2580643, 20.0, -47.4085540771
25.4387093, 20.0, -46.0509986877
24.6193542, 20.0, -44.3038253784
22.8479996, 19.2000008, -40.9042320251
21.8959999, 18.3999996, -40.1739463806
20.9440002, 17.6000004, -39.7189025879
19.9920006, 16.7999992, -39.2795448303
19.0400009, 16.0, -38.7337646484
18.0879993, 15.1999998, -38.1734733582
17.1359997, 14.3999996, -37.6254386902
16.184, 13.6000004, -37.0809059143
15.2320004, 12.8000002, -36.5081634521
14.2799997, 12.0, -35.9214744568
13.3280001, 11.1999998, -35.3244285583
12.3760004, 10.3999996, -34.6963310242
11.4239998, 9.60000038, -33.974029541
10.4720001, 8.80000019, -33.0252075195
9.52000046, 8.0, -31.644077301
8.56799984, 7.19999981, -29.5805683136
7.61600018, 6.4000001, -26.6011791229
6.66400003, 5.5999999, -22.5899600983
5.71199989, 4.80000019, -17.6715602875
4.76000023, 4.0, -11.39103508
3.80800009, 3.20000005, -3.04945850372
2.85599995, 2.4000001, 8.2101984024
1.90400004, 1.60000002, 15.817896843
0.952000022, 0.800000012, 16.4836349487
98.9249268, -1.0, 10.1665363312
97.8498459, -1.0, 10.3305969238
96.7747726, -1.0, 10.4902601242
95.6996918, -1.0, 10.643778801
94.6246185, -1.0, 10.7896442413
93.5495377, -1.0, 10.9266386032
92.4744644, -1.0, 11.0538702011
91.3993835, -1.0, 11.1708135605
90.3243103, -1.0, 11.2773046494
89.2492294, -1.0, 11.3735303879
88.1741562, -1.0, 11.4599466324
87.0990753, -1.0, 11.5372047424
86.0240021, -1.0, 11.606054306
84.9489212, -1.0, 11.6672782898
83.873848, -1.0, 11.7216501236
82.7987747, -1.0, 11.7699041367
81.7236938, -1.0, 11.8127212524
80.6486206, -1.0, 11.850725174
79.5735397, -1.0, 11.8844795227
78.4984665, -1.0, 11.9144897461
77.4233856, -1.0, 11.9412050247
76.3483124, -1.0, 11.9650239944
75.2732315, -1.0, 11.9863004684
74.1981583, -1.0, 12.0053443909
73.1230774, -1.0, 12.0224323273
72.0480042, -1.0, 12.0378055573
70.9729233, -1.0, 12.0516767502
69.89785, -1.0, 12.0642328262
68.8227692, -1.0, 12.0756378174
67.7476959, -1.0, 12.0860347748
66.6726227, -1.0, 12.0955524445
65.5975418, -1.0, 12.1043024063
64.5224686, -1.0, 12.1123838425
63.4473877, -1.0, 12.1198863983
62.3723106, -1.0, 12.1268892288
61.2972336, -1.0, 12.1334657669
60.2221565, -1.0, 12.1396799088
59.1470833, -1.0, 12.1455936432
58.0720062, -1.0, 12.1512622833
56.9969292, -1.0, 12.1567373276
55.9218521, -1.0, 12.162071228
54.8467751, -1.0, 12.1673088074
53.771698, -1.0, 12.1724977493
52.6966209, -1.0, 12.1776838303
51.6215439, -1.0, 12.1829118729
50.5464668, -1.0, 12.1882295609
49.4713898, -1.0, 12.1936836243
48.3963127, -1.0, 12.1993227005
47.3212357, -1.0, 12.205198288
46.2461586, -1.0, 12.2113647461
45.1710815, -1.0, 12.217880249
44.0960045, -1.0, 12.2248067856
43.0209312, -1.0, 12.2322120667
41.9458542, -1.0, 12.2401666641
40.8707771, -1.0, 12.2487478256
39.7957001, -1.0, 12.2580423355
38.720623, -1.0, 12.2681436539
37.645546, -1.0, 12.2791547775
36.5704689, -1.0, 12.2911930084
35.4953918, -1.0, 12.3043870926
34.4203148, -1.0, 12.3188781738
33.3452377, -1.0, 12.3348255157
32.2701607, -1.0, 12.3524045944
31.1950836, -1.0, 12.3718156815
30.1200085, -1.0, 12.393286705
29.0449314, -1.0, 12.4170808792
27.9698544, -1.0, 12.4435091019
26.8947773, -1.0, 12.4729413986
25.8197002, -1.0, 12.5058231354
24.7446232, -1.0, 12.5427036285
23.6695461, -1.0, 12.5842666626
22.594471, -1.0, 12.6313810349
21.5193939, -1.0, 12.6851606369
20.4443169, -1.0, 12.7470598221
19.3692398, -1.0, 12.8189868927
18.2941628, -1.0, 12.9034767151
17.2190857, -1.0, 13.0039672852
16.1440086, -1.0, 13.1252155304
15.0689325, -1.0, 13.2739553452
13.9938555, -1.0, 13.4599123001
12.9187784, -1.0, 13.6973247528
11.8437023, -1.0, 14.0072221756
10.7686253, -1.0, 14.4207267761
9.6935482, -1.0, 14.9838857651
8.61847115, -1.0, 15.7643547058
7.54339457, -1.0, 16.8591117859
6.46831799, -1.0, 18.2907009125
5.39324141, -1.0, 19.9582157135
4.31816435, -1.0, 21.5713291168
3.24308753, -1.0, 22.639799118
2.16801071, -1.0, 22.3560333252
1.09293389, -1.0, 19.2614250183
0.0178571437, -1.0, 15.2705631256
-1.03571427, -1.0, 12.1710290909
-2.08928561, -1.0, 11.2984113693
-3.14285707, -1.0, 10.8779401779
-4.19642878, -1.0, 10.641078949
-5.25, -1.0, 10.4914150238
-6.30357122, -1.0, 10.3893184662
-7.35714293, -1.0, 10.315536499
-8.41071415, -1.0, 10.2597312927
-9.46428585, -1.0, 10.2159061432
-10.5178576, -1.0, 10.1803627014
-11.5714283, -1.0, 10.1507081985
-12.625, -1.0, 10.1253252029
-13.6785717, -1.0, 10.1030817032
-14.7321424, -1.0, 10.0831518173
-15.7857141, -1.0, 10.064915657
-16.8392849, -1.0, 10.0478811264
-17.8928566, -1.0, 10.0316400528
-18.9464283, -1.0, 10.0158224106
98.9251175, -2.0, 20.1557312012
97.8502274, -2.0, 20.3093032837
96.7753448, -2.0, 20.4591121674
95.7004623, -2.0, 20.603685379
94.6255798, -2.0, 20.7417373657
93.5506897, -2.0, 20.8722229004
92.4758072, -2.0, 20.9943580627
91.4009247, -2.0, 21.1076450348
90.3260345, -2.0, 21.2118778229
89.251152, -2.0, 21.3071155548
88.1762695, -2.0, 21.3936405182
87.1013794, -2.0, 21.4719028473
86.0264969, -2.0, 21.5424556732
84.9516144, -2.0, 21.6059074402
83.8767319, -2.0, 21.6628875732
82.8018417, -2.0, 21.714006424
81.7269592, -2.0, 21.7598514557
80.6520767, -2.0, 21.8009681702
79.5771866, -2.0, 21.8378601074
78.5023041, -2.0, 21.8709907532
77.4274216, -2.0, 21.9007740021
76.3525314, -2.0, 21.9275856018
75.2776489, -2.0, 21.9517593384
74.2027664, -2.0, 21.9735984802
73.1278839, -2.0, 21.9933700562
72.0529938, -2.0, 22.0113105774
70.9781113, -2.0, 22.027633667
69.9032288, -2.0, 22.0425281525
68.8283386, -2.0, 22.0561618805
67.7534561, -2.0, 22.0686817169
66.6785736, -2.0, 22.0802211761
65.6036835, -2.0, 22.0909004211
64.528801, -2.0, 22.1008243561
63.4539185, -2.0, 22.1100902557
62.3790321, -2.0, 22.1187839508
61.3041458, -2.0, 22.1269855499
60.2292633, -2.0, 22.1347694397
59.154377, -2.0, 22.14220047
58.0794945, -2.0, 22.1493453979
57.0046082, -2.0, 22.1562614441
55.9297218, -2.0, 22.1630058289
54.8548393, -2.0, 22.169631958
53.779953, -2.0, 22.1761951447
52.7050705, -2.0, 22.1827468872
51.6301842, -2.0, 22.1893405914
50.5552979, -2.0, 22.1960296631
49.4804153, -2.0, 22.2028656006
48.405529, -2.0, 22.2099056244
47.3306465, -2.0, 22.217206955
46.2557602, -2.0, 22.2248306274
45.1808739, -2.0, 22.2328414917
44.1059914, -2.0, 22.2413082123
43.031105, -2.0, 22.2503032684
41.9562225, -2.0, 22.2599067688
40.8813362, -2.0, 22.2702026367
39.8064499, -2.0, 22.2812824249
38.7315674, -2.0, 22.2932529449
37.6566811, -2.0, 22.3062210083
36.5817986, -2.0, 22.3203163147
35.5069122, -2.0, 22.3356723785
34.4320259, -2.0, 22.3524456024
33.3571434, -2.0, 22.3708057404
32.2822571, -2.0, 22.3909454346
31.2073727, -2.0, 22.4130878448
30.1324883, -2.0, 22.4374809265
29.0576038, -2.0, 22.464422226
27.9827194, -2.0, 22.4942588806
26.907835, -2.0, 22.5274047852
25.8329487, -2.0, 22.5643615723
24.7580643, -2.0, 22.6057453156
23.6831799, -2.0, 22.6523227692
22.6082954, -2.0, 22.7050571442
21.533411, -2.0, 22.7651805878
20.4585247, -2.0, 22.8342704773
19.3836403, -2.0, 22.9143867493
18.3087559, -2.0, 23.008228302
17.2338715, -2.0, 23.1194019318
16.158987, -2.0, 23.2527713776
15.0841017, -2.0, 23.4150028229
14.0092163, -2.0, 23.6152915955
12.9343319, -2.0, 23.8663730621
11.8594475, -2.0, 24.1857814789
10.7845621, -2.0, 24.5972290039
9.7096777, -2.0, 25.1314678192
8.63479233, -2.0, 25.8243274689
7.55990791, -2.0, 26.6976242065
6.48502302, -2.0, 27.7259960175
5.41013813, -2.0, 28.7966098785
4.33525324, -2.0, 29.6851406097
3.26036859, -2.0, 30.0438976288
2.18548393, -2.0, 29.4201774597
1.11059904, -2.0, 27.7388629913
0.0357142873, -2.0, 25.480091095
-1.01879704, -2.0, 23.5629463196
-2.07330823, -2.0, 22.3067550659
-3.12781954, -2.0, 21.6312294006
-4.18233061, -2.0, 21.218667984
-5.23684216, -2.0, 20.9470157623
-6.29135323, -2.0, 20.7567844391
-7.34586477, -2.0, 20.6169128418
-8.40037632, -2.0, 20.5098342896
-9.45488739, -2.0, 20.4250011444
-10.5093985, -2.0, 20.3557472229
-11.5639095, -2.0, 20.2976779938
-12.6184206, -2.0, 20.2477836609
-13.6729326, -2.0, 20.2039279938
-14.7274437, -2.0, 20.1645469666
-15.7819548, -2.0, 20.1284484863
-16.8364658, -2.0, 20.0946922302
-17.8909779, -2.0, 20.062494278
-18.945488, -2.0, 20.0311546326
98.9253082, -3.0, 30.1464366913
97.8506165, -3.0, 30.2909698486
96.7759247, -3.0, 30.4322490692
95.7012253, -3.0, 30.5690326691
94.6265335, -3.0, 30.7002182007
93.5518417, -3.0, 30.8248996735
92.47715, -3.0, 30.9423847198
91.4024582, -3.0, 31.0522060394
90.3277664, -3.0, 31.154127121
89.2530746, -3.0, 31.2481231689
88.1783829, -3.0, 31.334356308
87.1036835, -3.0, 31.4131278992
86.0289917, -3.0, 31.4848461151
84.9542999, -3.0, 31.5499801636
83.8796082, -3.0, 31.6090278625
82.8049164, -3.0, 31.6625003815
81.7302246, -3.0, 31.710893631
80.6555328, -3.0, 31.7546806335
79.5808334, -3.0, 31.7943096161
78.5061417, -3.0, 31.8301963806
77.4314499, -3.0, 31.8627185822
76.3567581, -3.0, 31.8922271729
75.2820663, -3.0, 31.9190368652
74.2073746, -3.0, 31.9434337616
73.1326828, -3.0, 31.9656772614
72.057991, -3.0, 31.986000061
70.9832916, -3.0, 32.0046081543
69.9085999, -3.0, 32.0216941833
68.8339081, -3.0, 32.0374221802
67.7592163, -3.0, 32.0519447327
66.6845245, -3.0, 32.0653991699
65.6098328, -3.0, 32.077911377
64.535141, -3.0, 32.08959198
63.4604454, -3.0, 32.1005439758
62.3857536, -3.0, 32.1108589172
61.311058, -3.0, 32.1206207275
60.2363663, -3.0, 32.1299133301
59.1616745, -3.0, 32.1388053894
58.0869827, -3.0, 32.1473731995
57.0122871, -3.0, 32.1556739807
55.9375954, -3.0, 32.1637802124
54.8629036, -3.0, 32.171749115
53.7882118, -3.0, 32.1796379089
52.7135162, -3.0, 32.1875114441
51.6388245, -3.0, 32.1954231262
50.5641327, -3.0, 32.2034301758
49.4894409, -3.0, 32.2115974426
48.4147453, -3.0, 32.2199897766
47.3400536, -3.0, 32.2286605835
46.2653618, -3.0, 32.2376861572
45.19067, -3.0, 32.2471313477
44.1159744, -3.0, 32.2570724487
43.0412827, -3.0, 32.2675857544
41.9665909, -3.0, 32.2787628174
40.8918953, -3.0, 32.2906913757
39.8172035, -3.0, 32.3034706116
38.7425117, -3.0, 32.3172111511
37.66782, -3.0, 32.3320274353
36.5931244, -3.0, 32.3480567932
35.5184326, -3.0, 32.3654441833
34.4437408, -3.0, 32.3843460083
33.3690491, -3.0, 32.4049530029
32.2943535, -3.0, 32.4274635315
31.2196617, -3.0, 32.4521179199
30.1449699, -3.0, 32.479183197
29.0702763, -3.0, 32.508972168
27.9955845, -3.0, 32.5418624878
26.9208908, -3.0, 32.5782928467
25.846199, -3.0, 32.6188011169
24.7715054, -3.0, 32.6640396118
23.6968117, -3.0, 32.7148132324
22.6221199, -3.0, 32.7721328735
21.5474262, -3.0, 32.8372650146
20.4727345, -3.0, 32.9118232727
19.3980408, -3.0, 32.9978637695
18.323349, -3.0, 33.0980567932
17.2486553, -3.0, 33.2158660889
16.1739635, -3.0, 33.3558349609
15.0992708, -3.0, 33.52394104
14.0245771, -3.0, 33.7280197144
12.9498844, -3.0, 33.9782333374
11.8751917, -3.0, 34.2874069214
10.800499, -3.0, 34.670841217
9.72580624, -3.0, 35.1445922852
8.65111351, -3.0, 35.7194328308
7.57642078, -3.0, 36.3882293701
6.50172806, -3.0, 37.1074028015
5.42703533, -3.0, 37.779384613
4.35234261, -3.0, 38.2448959351
3.27764988, -3.0, 38.2983894348
2.20295691, -3.0, 37.7785720825
1.12826419, -3.0, 36.6959075928
0.0535714291, -3.0, 35.3026542664
-1.00187969, -3.0, 33.9730644226
-2.05733085, -3.0, 32.9216842651
-3.112782, -3.0, 32.1849822998
-4.16823292, -3.0, 31.6871452332
-5.22368431, -3.0, 31.3379802704
-6.27913523, -3.0, 31.0835857391
-7.33458662, -3.0, 30.891418457
-8.39003754, -3.0, 30.7414646149
-9.44548893, -3.0, 30.6209774017
-10.5009403, -3.0, 30.521566391
-11.5563908, -3.0, 30.4375267029
-12.6118422, -3.0, 30.3648586273
-13.6672935, -3.0, 30.3006687164
-14.722744, -3.0, 30.242805481
-15.7781954, -3.0, 30.189617157
-16.8336468, -3.0, 30.1397819519
-17.8890972, -3.0, 30.0921993256
-18.9445496, -3.0, 30.0459022522
98.925499, -4.0, 40.1384124756
97.8509979, -4.0, 40.2751274109
96.7764969, -4.0, 40.4090080261
95.7019958, -4.0, 40.5389900208
94.6274948, -4.0, 40.6641273499
93.5529938, -4.0, 40.7836341858
92.4784927, -4.0, 40.8968925476
91.4039917, -4.0, 41.0034637451
90.3294907, -4.0, 41.1030960083
89.2549896, -4.0, 41.1957130432
88.1804886, -4.0, 41.2813835144
87.1059875, -4.0, 41.3603057861
86.0314865, -4.0, 41.4327735901
84.9569855, -4.0, 41.4991493225
83.8824921, -4.0, 41.5598220825
82.807991, -4.0, 41.6152114868
81.73349, -4.0, 41.6657371521
80.658989, -4.0, 41.711807251
79.5844879, -4.0, 41.7538070679
78.5099869, -4.0, 41.7921142578
77.4354858, -4.0, 41.8270721436
76.3609848, -4.0, 41.8590011597
75.2864838, -4.0, 41.8881950378
74.2119827, -4.0, 41.9149246216
73.1374817, -4.0, 41.9394340515
72.0629807, -4.0, 41.9619522095
70.9884796, -4.0, 41.9826812744
69.9139786, -4.0, 42.0018043518
68.8394775, -4.0, 42.019493103
67.7649765, -4.0, 42.035900116
66.6904755, -4.0, 42.0511627197
65.6159744, -4.0, 42.0654067993
64.5414734, -4.0, 42.078754425
63.4669724, -4.0, 42.0913047791
62.3924713, -4.0, 42.1031608582
61.3179741, -4.0, 42.1144142151
60.2434731, -4.0, 42.1251449585
59.168972, -4.0, 42.1354408264
58.094471, -4.0, 42.1453666687
57.0199699, -4.0, 42.155002594
55.9454689, -4.0, 42.1644172668
54.8709679, -4.0, 42.1736717224
53.7964668, -4.0, 42.1828346252
52.7219658, -4.0, 42.1919746399
51.6474648, -4.0, 42.2011489868
50.5729637, -4.0, 42.2104263306
49.4984627, -4.0, 42.219871521
48.4239616, -4.0, 42.2295532227
47.3494606, -4.0, 42.2395362854
46.2749634, -4.0, 42.2499008179
45.2004623, -4.0, 42.2607116699
44.1259613, -4.0, 42.2720603943
43.0514603, -4.0, 42.2840194702
41.9769592, -4.0, 42.2966918945
40.9024582, -4.0, 42.3101615906
39.8279572, -4.0, 42.324546814
38.7534561, -4.0, 42.3399505615
37.6789551, -4.0, 42.356502533
36.604454, -4.0, 42.3743400574
35.529953, -4.0, 42.393611908
34.455452, -4.0, 42.4144935608
33.3809509, -4.0, 42.4371681213
32.3064499, -4.0, 42.4618492126
31.2319508, -4.0, 42.48878479
30.1574497, -4.0, 42.5182495117
29.0829487, -4.0, 42.5505752563
28.0084476, -4.0, 42.586139679
26.9339485, -4.0, 42.6254043579
25.8594475, -4.0, 42.6689109802
24.7849464, -4.0, 42.7173233032
23.7104454, -4.0, 42.771446228
22.6359444, -4.0, 42.8322868347
21.5614433, -4.0, 42.9010848999
20.4869423, -4.0, 42.9793815613
19.4124432, -4.0, 43.0691337585
18.3379421, -4.0, 43.172794342
17.2634411, -4.0, 43.2934684753
16.18894, -4.0, 43.4350852966
15.114439, -4.0, 43.6025657654
14.0399389, -4.0, 43.8019790649
12.9654379, -4.0, 44.0405883789
11.8909369, -4.0, 44.3265266418
10.8164358, -4.0, 44.6677742004
9.74193573, -4.0, 45.0695457458
8.66743469, -4.0, 45.5291862488
7.59293413, -4.0, 46.0281600952
6.51843309, -4.0, 46.5228385925
5.44393253, -4.0, 46.9381599426
4.3694315, -4.0, 47.1707878113
3.29493093, -4.0, 47.1127357483
2.22043014, -4.0, 46.6980819702
1.14592934, -4.0, 45.9537658691
0.0714285746, -4.0, 45.0082740784
-0.984962404, -4.0, 44.0543251038
-2.04135346, -4.0, 43.2126083374
-3.09774446, -4.0, 42.541721344
-4.15413523, -4.0, 42.0331916809
-5.21052647, -4.0, 41.6508331299
-6.26691723, -4.0, 41.3587265015
-7.32330847, -4.0, 41.130607605
-8.37969971, -4.0, 40.9482307434
-9.43609047, -4.0, 40.7990036011
-10.4924812, -4.0, 40.674156189
-11.548872, -4.0, 40.5674667358
-12.6052628, -4.0, 40.4744262695
-13.6616545, -4.0, 40.3916931152
-14.7180452, -4.0, 40.316734314
-15.774436, -4.0, 40.2475547791
-16.8308277, -4.0, 40.182559967
-17.8872185, -4.0, 40.1204071045
-18.9436092, -4.0, 40.0599098206
98.9256897, -5.0, 50.1314659119
97.8513794, -5.0, 50.2614021301
96.7770767, -5.0, 50.3888435364
95.7027664, -5.0, 50.5128746033
94.6284561, -5.0, 50.632686615
93.5541458, -5.0, 50.7475814819
92.4798355, -5.0, 50.8570098877
91.4055328, -5.0, 50.960559845
90.3312225, -5.0, 51.0579795837
89.2569122, -5.0, 51.1491508484
88.1826019, -5.0, 51.234085083
87.1082916, -5.0, 51.3129043579
86.033989, -5.0, 51.3858108521
84.9596786, -5.0, 51.4530754089
83.8853683, -5.0, 51.5150108337
82.811058, -5.0, 51.5719528198
81.7367477, -5.0, 51.6242523193
80.6624451, -5.0, 51.6722602844
79.5881348, -5.0, 51.7163085938
78.5138245, -5.0, 51.7567367554
77.4395142, -5.0, 51.7938461304
76.3652039, -5.0, 51.8279342651
75.2909012, -5.0, 51.8592758179
74.2165909, -5.0, 51.8881187439
73.1422806, -5.0, 51.9146957397
72.0679703, -5.0, 51.9392318726
70.99366, -5.0, 51.9619140625
69.9193573, -5.0, 51.9829292297
68.845047, -5.0, 52.0024452209
67.7707367, -5.0, 52.0206108093
66.6964264, -5.0, 52.0375671387
65.6221161, -5.0, 52.0534439087
64.5478134, -5.0, 52.068359375
63.4735031, -5.0, 52.0824241638
62.3991928, -5.0, 52.095741272
61.3248863, -5.0, 52.1084060669
60.250576, -5.0, 52.1205101013
59.1762657, -5.0, 52.1321334839
58.1019592, -5.0, 52.1433601379
57.0276489, -5.0, 52.1542663574
55.9533424, -5.0, 52.1649246216
54.8790321, -5.0, 52.1754112244
53.8047218, -5.0, 52.1857910156
52.7304153, -5.0, 52.1961402893
51.656105, -5.0, 52.2065200806
50.5817986, -5.0, 52.217010498
49.5074883, -5.0, 52.2276725769
48.4331779, -5.0, 52.2385826111
47.3588715, -5.0, 52.2498168945
46.2845612, -5.0, 52.2614479065
45.2102547, -5.0, 52.273563385
44.1359444, -5.0, 52.286239624
43.0616341, -5.0, 52.2995681763
41.9873276, -5.0, 52.3136444092
40.9130173, -5.0, 52.3285713196
39.8387108, -5.0, 52.344455719
38.7644005, -5.0, 52.3614196777
37.690094, -5.0, 52.3795852661
36.6157837, -5.0, 52.3991012573
35.5414734, -5.0, 52.4201202393
34.4671669, -5.0, 52.4428100586
33.3928566, -5.0, 52.4673728943
32.3185501, -5.0, 52.49401474
31.2442398, -5.0, 52.5229949951
30.1699314, -5.0, 52.5545845032
29.095623, -5.0, 52.5891189575
28.0213127, -5.0, 52.6269760132
26.9470043, -5.0, 52.6686134338
25.8726959, -5.0, 52.7145614624
24.7983875, -5.0, 52.7654685974
23.7240791, -5.0, 52.8221130371
22.6497688, -5.0, 52.8854370117
21.5754604, -5.0, 52.9566040039
20.501152, -5.0, 53.0370292664
19.4268436, -5.0, 53.128452301
18.3525352, -5.0, 53.2330093384
17.2782249, -5.0, 53.3533096313
16.2039165, -5.0, 53.4924964905
15.1296082, -5.0, 53.6543083191
14.0552998, -5.0, 53.8430023193
12.9809904, -5.0, 54.0631332397
11.906682, -5.0, 54.3189163208
10.8323736, -5.0, 54.6129722595
9.75806427, -5.0, 54.943977356
8.68375587, -5.0, 55.3030967712
7.609447, -5.0, 55.6694412231
6.53513813, -5.0, 56.0061073303
5.46082926, -5.0, 56.259437561
4.38652086, -5.0, 56.3654556274
3.31221199, -5.0, 56.2663269043
2.23790312, -5.0, 55.9343452454
1.16359448, -5.0, 55.3915786743
0.0892857164, -5.0, 54.7099380493
-0.968045115, -5.0, 53.9975624084
-2.02537584, -5.0, 53.3268089294
-3.08270669, -5.0, 52.7464103699
-4.14003754, -5.0, 52.2695350647
-5.19736862, -5.0, 51.8864936829
-6.25469923, -5.0, 51.5794067383
-7.31202984, -5.0, 51.3308372498
-8.36936092, -5.0, 51.1266555786
-9.42669201, -5.0, 50.956073761
-10.4840221, -5.0, 50.8110313416
-11.5413532, -5.0, 50.6854858398
-12.5986843, -5.0, 50.574886322
-13.6560154, -5.0, 50.4757537842
-14.7133455, -5.0, 50.3853645325
-15.7706766, -5.0, 50.3015518188
-16.8280067, -5.0, 50.2225379944
-17.8853378, -5.0, 50.1468086243
-18.9426689, -5.0, 50.0730361938
98.9258804, -6.0, 60.1254348755
97.8517685, -6.0, 60.2494850159
96.7776489, -6.0, 60.3713150024
95.7035294, -6.0, 60.4901390076
94.6294174, -6.0, 60.6052474976
93.5552979, -6.0, 60.7160377502
92.4811859, -6.0, 60.8220062256
91.4070663, -6.0, 60.9227752686
90.3329468, -6.0, 61.0180892944
89.2588348, -6.0, 61.1078109741
88.1847153, -6.0, 61.1919059753
87.1105957, -6.0, 61.2704391479
86.0364838, -6.0, 61.343547821
84.9623642, -6.0, 61.4114303589
83.8882523, -6.0, 61.4743347168
82.8141327, -6.0, 61.5325241089
81.7400131, -6.0, 61.5862960815
80.6659012, -6.0, 61.6359367371
79.5917816, -6.0, 61.6817512512
78.517662, -6.0, 61.7240219116
77.4435501, -6.0, 61.7630310059
76.3694305, -6.0, 61.799041748
75.2953186, -6.0, 61.8323020935
74.221199, -6.0, 61.8630523682
73.1470795, -6.0, 61.8915138245
72.0729675, -6.0, 61.9178886414
70.998848, -6.0, 61.9423675537
69.9247284, -6.0, 61.9651260376
68.8506165, -6.0, 61.9863319397
67.7764969, -6.0, 62.0061302185
66.7023773, -6.0, 62.0246658325
65.6282654, -6.0, 62.0420684814
64.5541458, -6.0, 62.0584564209
63.4800301, -6.0, 62.0739440918
62.4059143, -6.0, 62.0886383057
61.3317986, -6.0, 62.1026382446
60.257679, -6.0, 62.1160316467
59.1835632, -6.0, 62.1289176941
58.1094475, -6.0, 62.1413726807
57.0353317, -6.0, 62.1534843445
55.9612122, -6.0, 62.1653251648
54.8870964, -6.0, 62.1769790649
53.8129807, -6.0, 62.1885147095
52.7388649, -6.0, 62.2000083923
51.6647453, -6.0, 62.2115364075
50.5906296, -6.0, 62.2231712341
49.5165138, -6.0, 62.2349891663
48.4423981, -6.0, 62.2470626831
47.3682785, -6.0, 62.2594795227
46.2941628, -6.0, 62.2723121643
45.220047, -6.0, 62.2856483459
44.1459312, -6.0, 62.2995758057
43.0718117, -6.0, 62.3141899109
41.9976959, -6.0, 62.3295898438
40.9235802, -6.0, 62.3458747864
39.8494606, -6.0, 62.3631591797
38.7753448, -6.0, 62.3815689087
37.7012291, -6.0, 62.4012298584
36.6271133, -6.0, 62.422290802
35.5529938, -6.0, 62.4449043274
34.478878, -6.0, 62.4692420959
33.4047623, -6.0, 62.4955062866
32.3306465, -6.0, 62.5239028931
31.2565289, -6.0, 62.5546836853
30.1824112, -6.0, 62.5881233215
29.1082954, -6.0, 62.624546051
28.0341778, -6.0, 62.6643180847
26.960062, -6.0, 62.7078742981
25.8859444, -6.0, 62.7557296753
24.8118286, -6.0, 62.8084831238
23.737711, -6.0, 62.8668556213
22.6635952, -6.0, 62.9317092896
21.5894775, -6.0, 63.0040779114
20.5153618, -6.0, 63.0851898193
19.4412441, -6.0, 63.176525116
18.3671284, -6.0, 63.2798309326
17.2930107, -6.0, 63.3971595764
16.218895, -6.0, 63.5308456421
15.1447773, -6.0, 63.6834640503
14.0706606, -6.0, 63.8576545715
12.9965439, -6.0, 64.0557327271
11.9224272, -6.0, 64.279045105
10.8483105, -6.0, 64.5267715454
9.77419376, -6.0, 64.7942276001
8.70007706, -6.0, 65.070602417
7.62595987, -6.0, 65.3367080688
6.55184317, -6.0, 65.5637512207
5.47772646, -6.0, 65.7147293091
4.40360975, -6.0, 65.7501296997
3.32949305, -6.0, 65.6381607056
2.25537634, -6.0, 65.3668136597
1.18125963, -6.0, 64.9521942139
0.107142858, -6.0, 64.4369735718
-0.951127827, -6.0, 63.8864746094
-2.00939846, -6.0, 63.3456192017
-3.06766915, -6.0, 62.8510360718
-4.12593985, -6.0, 62.4201812744
-5.1842103, -6.0, 62.0550994873
-6.24248123, -6.0, 61.7491416931
-7.30075169, -6.0, 61.4926338196
-8.35902214, -6.0, 61.2760047913
-9.41729355, -6.0, 61.0910072327
-10.475564, -6.0, 60.9309272766
-11.5338345, -6.0, 60.7904052734
-12.5921049, -6.0, 60.6652183533
-13.6503763, -6.0, 60.551990509
-14.7086468, -6.0, 60.4480209351
-15.7669172, -6.0, 60.3510856628
-16.8251877, -6.0, 60.2593345642
-17.8834591, -6.0, 60.1711654663
-18.9417286, -6.0, 60.0851593018
98.9260788, -7.0, 70.1201934814
97.85215, -7.0, 70.2391204834
96.7782288, -7.0, 70.3560562134
95.7042999, -7.0, 70.4703140259
94.6303787, -7.0, 70.5812835693
93.5564499, -7.0, 70.6884231567
92.4825287, -7.0, 70.7912750244
91.4085999, -7.0, 70.889503479
90.3346786, -7.0, 70.9828414917
89.2607498, -7.0, 71.0711517334
88.1868286, -7.0, 71.1543579102
87.1128998, -7.0, 71.2324829102
86.0389786, -7.0, 71.3056259155
84.9650574, -7.0, 71.373916626
83.8911285, -7.0, 71.4375457764
82.8172073, -7.0, 71.4967269897
81.7432785, -7.0, 71.5517120361
80.6693573, -7.0, 71.6027374268
79.5954285, -7.0, 71.6500549316
78.5215073, -7.0, 71.6939315796
77.4475784, -7.0, 71.7346038818
76.3736572, -7.0, 71.7723083496
75.2997284, -7.0, 71.8072891235
74.2258072, -7.0, 71.8397521973
73.1518784, -7.0, 71.8699111938
72.0779572, -7.0, 71.8979644775
71.0040359, -7.0, 71.924079895
69.9301071, -7.0, 71.9484405518
68.8561859, -7.0, 71.9711990356
67.7822571, -7.0, 71.9925079346
66.7083359, -7.0, 72.0125045776
65.634407, -7.0, 72.0313262939
64.5604858, -7.0, 72.0490875244
63.4865608, -7.0, 72.06590271
62.4126358, -7.0, 72.0818862915
61.3387108, -7.0, 72.0971374512
60.2647858, -7.0, 72.1117477417
59.1908607, -7.0, 72.1258163452
58.1169357, -7.0, 72.1394271851
57.0430107, -7.0, 72.152671814
55.9690857, -7.0, 72.1656341553
54.8951607, -7.0, 72.1783828735
53.8212357, -7.0, 72.1910095215
52.7473106, -7.0, 72.2035827637
51.6733856, -7.0, 72.2161941528
50.5994606, -7.0, 72.2289047241
49.5255394, -7.0, 72.2418136597
48.4516144, -7.0, 72.2549819946
47.3776894, -7.0, 72.2685089111
46.3037643, -7.0, 72.2824707031
45.2298393, -7.0, 72.2969512939
44.1559143, -7.0, 72.3120498657
43.0819893, -7.0, 72.3278656006
42.0080643, -7.0, 72.3444900513
40.9341393, -7.0, 72.3620376587
39.8602142, -7.0, 72.3806228638
38.7862892, -7.0, 72.4003601074
37.7123642, -7.0, 72.4213943481
36.6384392, -7.0, 72.443862915
35.564518, -7.0, 72.4679260254
34.490593, -7.0, 72.4937515259
33.4166679, -7.0, 72.5215301514
32.3427429, -7.0, 72.5514755249
31.2688179, -7.0, 72.5838241577
30.1948929, -7.0, 72.6188430786
29.1209679, -7.0, 72.6568450928
28.0470428, -7.0, 72.6981658936
26.9731178, -7.0, 72.7432250977
25.8991928, -7.0, 72.7924804688
24.8252697, -7.0, 72.8464813232
23.7513447, -7.0, 72.9058761597
22.6774197, -7.0, 72.9714126587
21.6034946, -7.0, 73.0439605713
20.5295696, -7.0, 73.1245498657
19.4556446, -7.0, 73.2143707275
18.3817196, -7.0, 73.3147506714
17.3077965, -7.0, 73.427192688
16.2338715, -7.0, 73.5532836914
15.1599464, -7.0, 73.6945648193
14.0860214, -7.0, 73.8523483276
13.0120964, -7.0, 74.0272979736
11.9381723, -7.0, 74.2188339233
10.8642473, -7.0, 74.4242324829
9.7903223, -7.0, 74.6374511719
8.71639824, -7.0, 74.8478851318
7.64247322, -7.0, 75.0394287109
6.5685482, -7.0, 75.1904983521
5.49462366, -7.0, 75.2758789062
4.42069912, -7.0, 75.270866394
3.3467741, -7.0, 75.1574172974
2.27284956, -7.0, 74.9303894043
1.19892478, -7.0, 74.6012115479
0.125, -7.0, 74.1965408325
-0.934210539, -7.0, 73.758026123
-1.99342108, -7.0, 73.3145599365
-3.05263162, -7.0, 72.8928985596
-4.11184216, -7.0, 72.5093154907
-5.17105246, -7.0, 72.1702041626
-6.23026323, -7.0, 71.8750076294
-7.28947353, -7.0, 71.619392395
-8.34868431, -7.0, 71.3976898193
-9.40789509, -7.0, 71.2041702271
-10.4671049, -7.0, 71.0336914062
-11.5263157, -7.0, 70.8818511963
-12.5855265, -7.0, 70.7449569702
-13.6447372, -7.0, 70.6199569702
-14.7039471, -7.0, 70.5043029785
-15.7631578, -7.0, 70.3958282471
-16.8223686, -7.0, 70.2927093506
-17.8815784, -7.0, 70.193321228
-18.9407902, -7.0, 70.0961990356
98.9262695, -8.0, 80.1156387329
97.8525314, -8.0, 80.2301025391
96.778801, -8.0, 80.3427658081
95.7050705, -8.0, 80.4530334473
94.63134, -8.0, 80.5603485107
93.5576019, -8.0, 80.6642532349
92.4838715, -8.0, 80.7643203735
91.410141, -8.0, 80.8602294922
90.3364029, -8.0, 80.9517440796
89.2626724, -8.0, 81.0386962891
88.188942, -8.0, 81.1210021973
87.1152039, -8.0, 81.1986541748
86.0414734, -8.0, 81.271697998
84.9677429, -8.0, 81.3402328491
83.8940125, -8.0, 81.4044036865
82.8202744, -8.0, 81.4643783569
81.7465439, -8.0, 81.5203475952
80.6728134, -8.0, 81.5725326538
79.5990753, -8.0, 81.6211395264
78.5253448, -8.0, 81.6663970947
77.4516144, -8.0, 81.7085189819
76.3778839, -8.0, 81.7477340698
75.3041458, -8.0, 81.7842330933
74.2304153, -8.0, 81.8182296753
73.1566849, -8.0, 81.8499221802
72.0829468, -8.0, 81.8794784546
71.0092163, -8.0, 81.907081604
69.9354858, -8.0, 81.9328994751
68.8617477, -8.0, 81.9570846558
67.7880173, -8.0, 81.9797821045
66.7142868, -8.0, 82.0011291504
65.6405563, -8.0, 82.0212554932
64.5668182, -8.0, 82.0402908325
63.4930878, -8.0, 82.05834198
62.4193535, -8.0, 82.0755233765
61.345623, -8.0, 82.0919342041
60.2718887, -8.0, 82.1076812744
59.1981583, -8.0, 82.1228561401
58.124424, -8.0, 82.137550354
57.0506897, -8.0, 82.1518554688
55.9769592, -8.0, 82.1658554077
54.9032249, -8.0, 82.1796340942
53.8294945, -8.0, 82.1932830811
52.7557602, -8.0, 82.2068710327
51.6820259, -8.0, 82.220489502
50.6082954, -8.0, 82.2342147827
49.5345612, -8.0, 82.2481384277
48.4608307, -8.0, 82.2623291016
47.3870964, -8.0, 82.2768936157
46.3133659, -8.0, 82.2919006348
45.2396317, -8.0, 82.3074569702
44.1658974, -8.0, 82.3236465454
43.0921669, -8.0, 82.3405685425
42.0184326, -8.0, 82.3583297729
40.9447021, -8.0, 82.3770370483
39.8709679, -8.0, 82.396812439
38.7972336, -8.0, 82.4177780151
37.7235031, -8.0, 82.4400558472
36.6497688, -8.0, 82.4637985229
35.5760384, -8.0, 82.4891662598
34.5023041, -8.0, 82.5163116455
33.4285698, -8.0, 82.5454330444
32.3548393, -8.0, 82.5767211914
31.281105, -8.0, 82.6104125977
30.2073727, -8.0, 82.6467590332
29.1336403, -8.0, 82.6860427856
28.0599079, -8.0, 82.7285842896
26.9861755, -8.0, 82.7747497559
25.9124432, -8.0, 82.8249588013
24.8387089, -8.0, 82.8796920776
23.7649765, -8.0, 82.9394836426
22.6912441, -8.0, 83.0049819946
21.6175117, -8.0, 83.0768814087
20.5437794, -8.0, 83.1559906006
19.470047, -8.0, 83.2432022095
18.3963127, -8.0, 83.3394622803
17.3225803, -8.0, 83.4457550049
16.248848, -8.0, 83.56300354
15.1751156, -8.0, 83.6919250488
14.1013823, -8.0, 83.8328323364
13.0276499, -8.0, 83.9852523804
11.9539175, -8.0, 84.1474456787
10.8801842, -8.0, 84.3158035278
9.8064518, -8.0, 84.4841079712
8.73271847, -8.0, 84.6429138184
7.65898609, -8.0, 84.7793045044
6.58525324, -8.0, 84.8773803711
5.51152086, -8.0, 84.9199371338
4.43778801, -8.0, 84.8912582397
3.3640554, -8.0, 84.7807846069
2.29032254, -8.0, 84.5864715576
1.21658981, -8.0, 84.3164672852
0.142857149, -8.0, 83.9881439209
-0.917293251, -8.0, 83.6292572021
-1.97744358, -8.0, 83.2589492798
-3.03759408, -8.0, 82.8967132568
-4.09774446, -8.0, 82.5562362671
-5.15789461, -8.0, 82.2449493408
-6.21804523, -8.0, 81.9652175903
-7.27819538, -8.0, 81.7160186768
-8.33834553, -8.0, 81.4944915771
-9.39849663, -8.0, 81.2970504761
-10.4586468, -8.0, 81.1200485229
-11.5187969, -8.0, 80.9600982666
-12.5789471, -8.0, 80.8141555786
-13.6390982, -8.0, 80.6795806885
-14.6992483, -8.0, 80.5540771484
-15.7593985, -8.0, 80.4356536865
-16.8195496, -8.0, 80.3225479126
-17.8796997, -8.0, 80.2131881714
-18.9398499, -8.0, 80.1061248779
98.9264603, -9.0, 90.1116790771
97.8529205, -9.0, 90.2222595215
96.7793808, -9.0, 90.331199646
95.7058334, -9.0, 90.4379730225
94.6322937, -9.0, 90.5420913696
93.558754, -9.0, 90.6431274414
92.4852142, -9.0, 90.7407073975
91.4116745, -9.0, 90.834526062
90.3381348, -9.0, 90.9243621826
89.264595, -9.0, 91.0100402832
88.1910553, -9.0, 91.091468811
87.1175079, -9.0, 91.1686019897
86.0439682, -9.0, 91.2414703369
84.9704285, -9.0, 91.3101272583
83.8968887, -9.0, 91.3746871948
82.823349, -9.0, 91.4352798462
81.7498093, -9.0, 91.4920654297
80.6762695, -9.0, 91.5452194214
79.6027298, -9.0, 91.5949172974
78.5291824, -9.0, 91.6413650513
77.4556427, -9.0, 91.684753418
76.382103, -9.0, 91.7252807617
75.3085632, -9.0, 91.763130188
74.2350235, -9.0, 91.7984848022
73.1614838, -9.0, 91.8315429688
72.087944, -9.0, 91.8624572754
71.0144043, -9.0, 91.8914108276
69.9408569, -9.0, 91.918548584
68.8673172, -9.0, 91.9440231323
67.7937775, -9.0, 91.9679870605
66.7202377, -9.0, 91.9905700684
65.646698, -9.0, 92.0118942261
64.5731583, -9.0, 92.0320968628
63.4996147, -9.0, 92.05128479
62.426075, -9.0, 92.0695648193
61.3525352, -9.0, 92.087059021
60.2789955, -9.0, 92.1038513184
59.205452, -9.0, 92.1200485229
58.1319122, -9.0, 92.1357498169
57.0583725, -9.0, 92.1510391235
55.9848328, -9.0, 92.1660079956
54.9112892, -9.0, 92.1807479858
53.8377495, -9.0, 92.1953353882
52.7642097, -9.0, 92.2098693848
51.69067, -9.0, 92.2244262695
50.6171265, -9.0, 92.2390899658
49.5435867, -9.0, 92.2539520264
48.470047, -9.0, 92.2690963745
47.3965073, -9.0, 92.2846221924
46.3229637, -9.0, 92.3005981445
45.249424, -9.0, 92.3171386719
44.1758842, -9.0, 92.3343276978
43.1023407, -9.0, 92.3522720337
42.028801, -9.0, 92.3710784912
40.9552612, -9.0, 92.3908538818
39.8817215, -9.0, 92.4117126465
38.8081779, -9.0, 92.4337768555
37.7346382, -9.0, 92.4571914673
36.6610985, -9.0, 92.4820785522
35.5875587, -9.0, 92.5085983276
34.5140152, -9.0, 92.5369110107
33.4404755, -9.0, 92.567199707
32.3669357, -9.0, 92.5996551514
31.2933941, -9.0, 92.634475708
30.2198544, -9.0, 92.671913147
29.1463127, -9.0, 92.7122116089
28.072773, -9.0, 92.7556686401
26.9992313, -9.0, 92.8026046753
25.9256916, -9.0, 92.8533706665
24.85215, -9.0, 92.9083786011
23.7786102, -9.0, 92.9680709839
22.7050686, -9.0, 93.032951355
21.6315289, -9.0, 93.1035614014
20.5579872, -9.0, 93.180480957
19.4844475, -9.0, 93.2643280029
18.4109058, -9.0, 93.3556976318
17.3373661, -9.0, 93.4551391602
16.2638245, -9.0, 93.5630187988
15.1902838, -9.0, 93.67943573
14.1167431, -9.0, 93.8039779663
13.0432024, -9.0, 93.9354553223
11.9696617, -9.0, 94.0715560913
10.896121, -9.0, 94.208404541
9.82258034, -9.0, 94.3401947021
8.74903965, -9.0, 94.4589309692
7.67549944, -9.0, 94.5544815063
6.60195875, -9.0, 94.6152191162
5.52841759, -9.0, 94.6292800903
4.4548769, -9.0, 94.586479187
3.38133645, -9.0, 94.4804840088
2.30779576, -9.0, 94.3106613159
1.23425496, -9.0, 94.082901001
0.160714284, -9.0, 93.8089447021
-0.900375962, -9.0, 93.5079727173
-1.96146619, -9.0, 93.1930007935
-3.0225563, -9.0, 92.8783798218
-4.08364677, -9.0, 92.5751266479
-5.14473677, -9.0, 92.2903747559
-6.20582724, -9.0, 92.0276641846
-7.26691723, -9.0, 91.7878112793
-8.3280077, -9.0, 91.5698471069
-9.38909817, -9.0, 91.3718185425
-10.4501877, -9.0, 91.1913375854
-11.5112782, -9.0, 91.025932312
-12.5723686, -9.0, 90.8732452393
-13.6334591, -9.0, 90.7310791016
-14.6945486, -9.0, 90.5974655151
-15.7556391, -9.0, 90.4705963135
-16.8167286, -9.0, 90.3488540649
-17.8778191, -9.0, 90.230758667
-18.9389095, -9.0, 90.1149139404
98.926651, -10.0, 100.10823822
97.853302, -10.0, 100.215454102
96.779953, -10.0, 100.321151733
95.706604, -10.0, 100.424880981
94.633255, -10.0, 100.526191711
93.559906, -10.0, 100.624702454
92.486557, -10.0, 100.720077515
91.413208, -10.0, 100.812034607
90.339859, -10.0, 100.900344849
89.26651, -10.0, 100.984840393
88.193161, -10.0, 101.065422058
87.119812, -10.0, 101.142036438
86.0464706, -10.0, 101.214675903
84.9731216, -10.0, 101.283370972
83.8997726, -10.0, 101.348205566
82.8264236, -10.0, 101.40927887
81.7530746, -10.0, 101.466720581
80.6797256, -10.0, 101.520675659
79.6063766, -10.0, 101.571304321
78.5330276, -10.0, 101.618766785
77.4596786, -10.0, 101.663253784
76.3863297, -10.0, 101.704917908
75.3129807, -10.0, 101.74394989
74.2396317, -10.0, 101.780517578
73.1662827, -10.0, 101.814781189
72.0929337, -10.0, 101.846916199
71.0195847, -10.0, 101.877067566
69.9462357, -10.0, 101.905395508
68.8728867, -10.0, 101.932037354
67.7995377, -10.0, 101.957145691
66.7261887, -10.0, 101.98085022
65.6528397, -10.0, 102.00327301
64.5794907, -10.0, 102.024536133
63.5061455, -10.0, 102.044754028
62.4327965, -10.0, 102.064048767
61.3594475, -10.0, 102.082527161
60.2860985, -10.0, 102.100288391
59.2127495, -10.0, 102.117424011
58.1394005, -10.0, 102.134048462
57.0660515, -10.0, 102.150238037
55.9927025, -10.0, 102.166099548
54.9193535, -10.0, 102.181716919
53.8460045, -10.0, 102.197181702
52.7726593, -10.0, 102.21257782
51.6993103, -10.0, 102.228004456
50.6259613, -10.0, 102.243530273
49.5526123, -10.0, 102.259262085
48.4792633, -10.0, 102.275276184
47.4059143, -10.0, 102.291679382
46.3325653, -10.0, 102.308547974
45.2592163, -10.0, 102.32598877
44.1858673, -10.0, 102.344093323
43.1125183, -10.0, 102.362968445
42.0391693, -10.0, 102.382720947
40.9658203, -10.0, 102.403457642
39.8924713, -10.0, 102.425300598
38.8191261, -10.0, 102.448364258
37.7457771, -10.0, 102.47277832
36.6724281, -10.0, 102.498687744
35.5990791, -10.0, 102.526229858
34.5257301, -10.0, 102.55556488
33.4523811, -10.0, 102.586860657
32.3790321, -10.0, 102.620292664
31.3056831, -10.0, 102.656059265
30.2323341, -10.0, 102.694366455
29.158987, -10.0, 102.735450745
28.085638, -10.0, 102.779556274
27.012289, -10.0, 102.826965332
25.93894, -10.0, 102.877967834
24.865591, -10.0, 102.932891846
23.7922421, -10.0, 102.992088318
22.718895, -10.0, 103.055915833
21.645546, -10.0, 103.124771118
20.572197, -10.0, 103.199035645
19.498848, -10.0, 103.279060364
18.425499, -10.0, 103.365158081
17.35215, -10.0, 103.457489014
16.278801, -10.0, 103.556022644
15.2054529, -10.0, 103.660377502
14.1321049, -10.0, 103.769683838
13.0587559, -10.0, 103.882354736
11.9854069, -10.0, 103.995834351
10.9120588, -10.0, 104.106376648
9.83870983, -10.0, 104.208816528
8.76536083, -10.0, 104.296562195
7.69201231, -10.0, 104.361755371
6.61866379, -10.0, 104.395874023
5.54531479, -10.0, 104.390647888
4.47196627, -10.0, 104.339324951
3.39861751, -10.0, 104.23802948
2.32526875, -10.0, 104.086776733
1.2519201, -10.0, 103.889907837
0.178571433, -10.0, 103.655609131
-0.883458674, -10.0, 103.397544861
-1.94548869, -10.0, 103.124801636
-3.00751877, -10.0, 102.848045349
-4.06954908, -10.0, 102.576057434
-5.13157892, -10.0, 102.3151474
-6.19360924, -10.0, 102.069152832
-7.25563908, -10.0, 101.839820862
-8.31766891, -10.0, 101.627357483
-9.37969971, -10.0, 101.430961609
-10.4417295, -10.0, 101.249221802
-11.5037594, -10.0, 101.080474854
-12.5657892, -10.0, 100.922958374
-13.62782, -10.0, 100.774932861
-14.6898499, -10.0, 100.634735107
-15.7518797, -10.0, 100.500823975
-16.8139095, -10.0, 100.37172699
-17.8759403, -10.0, 100.246086121
-18.9379692, -10.0, 100.122596741
98.9268417, -11.0, 110.105262756
97.8536835, -11.0, 110.209564209
96.7805328, -11.0, 110.312461853
95.7073746, -11.0, 110.413536072
94.6342163, -11.0, 110.512405396
93.561058, -11.0, 110.608711243
92.4878998, -11.0, 110.702148438
91.4147491, -11.0, 110.792442322
90.3415909, -11.0, 110.879379272
89.2684326, -11.0, 110.962799072
88.1952744, -11.0, 111.04259491
87.1221161, -11.0, 111.118690491
86.0489655, -11.0, 111.191070557
84.9758072, -11.0, 111.259742737
83.9026489, -11.0, 111.324760437
82.8294907, -11.0, 111.386199951
81.75634, -11.0, 111.44417572
80.6831818, -11.0, 111.498794556
79.6100235, -11.0, 111.550201416
78.5368652, -11.0, 111.59854126
77.463707, -11.0, 111.643966675
76.3905563, -11.0, 111.68662262
75.3173981, -11.0, 111.72668457
74.2442398, -11.0, 111.764305115
73.1710815, -11.0, 111.79964447
72.0979233, -11.0, 111.832847595
71.0247726, -11.0, 111.864067078
69.9516144, -11.0, 111.893455505
68.8784561, -11.0, 111.921150208
67.8052979, -11.0, 111.947288513
66.7321396, -11.0, 111.971992493
65.658989, -11.0, 111.995399475
64.5858307, -11.0, 112.017623901
63.5126724, -11.0, 112.038787842
62.439518, -11.0, 112.058998108
61.3663597, -11.0, 112.078369141
60.2932014, -11.0, 112.097000122
59.220047, -11.0, 112.114990234
58.1468887, -11.0, 112.132453918
57.0737343, -11.0, 112.149475098
56.000576, -11.0, 112.166145325
54.9274178, -11.0, 112.182563782
53.8542633, -11.0, 112.198822021
52.781105, -11.0, 112.215011597
51.7079506, -11.0, 112.231216431
50.6347923, -11.0, 112.247535706
49.5616341, -11.0, 112.264053345
48.4884796, -11.0, 112.28086853
47.4153214, -11.0, 112.298065186
46.3421669, -11.0, 112.315742493
45.2690086, -11.0, 112.333999634
44.1958542, -11.0, 112.352935791
43.1226959, -11.0, 112.372650146
42.0495377, -11.0, 112.393249512
40.9763832, -11.0, 112.414855957
39.9032249, -11.0, 112.437568665
38.8300705, -11.0, 112.461517334
37.7569122, -11.0, 112.486831665
36.683754, -11.0, 112.513633728
35.6105995, -11.0, 112.542060852
34.5374413, -11.0, 112.572280884
33.4642868, -11.0, 112.604431152
32.3911285, -11.0, 112.638679504
31.3179722, -11.0, 112.675209045
30.2448158, -11.0, 112.71421051
29.1716595, -11.0, 112.755874634
28.0985031, -11.0, 112.80040741
27.0253448, -11.0, 112.848052979
25.9521885, -11.0, 112.899032593
24.8790321, -11.0, 112.953598022
23.8058758, -11.0, 113.012001038
22.7327194, -11.0, 113.074485779
21.6595631, -11.0, 113.141304016
20.5864048, -11.0, 113.212638855
19.5132484, -11.0, 113.288658142
18.4400921, -11.0, 113.369384766
17.3669357, -11.0, 113.454727173
16.2937794, -11.0, 113.544311523
15.2206221, -11.0, 113.637466431
14.1474657, -11.0, 113.733024597
13.0743084, -11.0, 113.829200745
12.001152, -11.0, 113.923454285
10.9279957, -11.0, 114.012313843
9.85483837, -11.0, 114.091339111
8.78168201, -11.0, 114.155143738
7.70852518, -11.0, 114.197654724
6.63536882, -11.0, 114.212585449
5.56221199, -11.0, 114.194084167
4.48905516, -11.0, 114.137588501
3.41589856, -11.0, 114.040687561
2.34274197, -11.0, 113.903686523
1.26958525, -11.0, 113.729827881
0.196428567, -11.0, 113.525001526
-0.866541326, -11.0, 113.299201965
-1.92951131, -11.0, 113.058921814
-2.99248123, -11.0, 112.812217712
-4.05545092, -11.0, 112.566047668
-5.11842108, -11.0, 112.325828552
-6.18139076, -11.0, 112.09526062
-7.24436092, -11.0, 111.876495361
-8.30733109, -11.0, 111.670417786
-9.37030029, -11.0, 111.476982117
-10.4332705, -11.0, 111.295532227
-11.4962406, -11.0, 111.125015259
-12.5592108, -11.0, 110.964195251
-13.62218, -11.0, 110.81174469
-14.6851501, -11.0, 110.66632843
-15.7481203, -11.0, 110.526618958
-16.8110905, -11.0, 110.391349792
-17.8740597, -11.0, 110.259284973
-18.9370308, -11.0, 110.129226685
98.9270325, -12.0, 120.102706909
97.8540726, -12.0, 120.204490662
96.781105, -12.0, 120.304977417
95.7081375, -12.0, 120.403770447
94.6351776, -12.0, 120.500526428
93.5622101, -12.0, 120.594917297
92.4892502, -12.0, 120.686653137
91.4162827, -12.0, 120.775482178
90.3433151, -12.0, 120.861206055
89.2703552, -12.0, 120.943664551
88.1973877, -12.0, 121.022735596
87.1244202, -12.0, 121.098342896
86.0514603, -12.0, 121.170448303
84.9784927, -12.0, 121.239051819
83.9055328, -12.0, 121.304191589
82.8325653, -12.0, 121.365921021
81.7595978, -12.0, 121.424316406
80.6866379, -12.0, 121.479484558
79.6136703, -12.0, 121.531547546
78.5407028, -12.0, 121.580619812
77.4677429, -12.0, 121.626838684
76.3947754, -12.0, 121.67035675
75.3218155, -12.0, 121.71131134
74.248848, -12.0, 121.749847412
73.1758804, -12.0, 121.786117554
72.1029205, -12.0, 121.820266724
71.029953, -12.0, 121.852424622
69.9569855, -12.0, 121.882751465
68.8840256, -12.0, 121.911369324
67.811058, -12.0, 121.938415527
66.7380981, -12.0, 121.964019775
65.6651306, -12.0, 121.988296509
64.5921631, -12.0, 122.011383057
63.5191994, -12.0, 122.03338623
62.4462357, -12.0, 122.054420471
61.3732719, -12.0, 122.074584961
60.3003082, -12.0, 122.09400177
59.2273407, -12.0, 122.112770081
58.154377, -12.0, 122.130981445
57.0814133, -12.0, 122.148742676
56.0084496, -12.0, 122.166152954
54.935482, -12.0, 122.183288574
53.8625183, -12.0, 122.200263977
52.7895546, -12.0, 122.217163086
51.7165909, -12.0, 122.234077454
50.6436234, -12.0, 122.251106262
49.5706596, -12.0, 122.268333435
48.4976959, -12.0, 122.285858154
47.4247322, -12.0, 122.303771973
46.3517647, -12.0, 122.322174072
45.278801, -12.0, 122.341156006
44.2058372, -12.0, 122.360832214
43.1328735, -12.0, 122.38129425
42.059906, -12.0, 122.402656555
40.9869423, -12.0, 122.42502594
39.9139786, -12.0, 122.448516846
38.8410149, -12.0, 122.473243713
37.7680473, -12.0, 122.499328613
36.6950836, -12.0, 122.526908875
35.6221199, -12.0, 122.556114197
34.5491562, -12.0, 122.58707428
33.4761887, -12.0, 122.619941711
32.4032249, -12.0, 122.65486908
31.3302612, -12.0, 122.692016602
30.2572956, -12.0, 122.731536865
29.1843319, -12.0, 122.773605347
28.1113663, -12.0, 122.818397522
27.0384026, -12.0, 122.866088867
25.9654369, -12.0, 122.916847229
24.8924732, -12.0, 122.970863342
23.8195076, -12.0, 123.028289795
22.7465439, -12.0, 123.089263916
21.6735783, -12.0, 123.153900146
20.6006145, -12.0, 123.222244263
19.5276489, -12.0, 123.294258118
18.4546852, -12.0, 123.369789124
17.3817196, -12.0, 123.448501587
16.3087559, -12.0, 123.529830933
15.2357912, -12.0, 123.612869263
14.1628265, -12.0, 123.696311951
13.0898619, -12.0, 123.778327942
12.0168972, -12.0, 123.85647583
10.9439325, -12.0, 123.927658081
9.87096786, -12.0, 123.988090515
8.7980032, -12.0, 124.033409119
7.72503853, -12.0, 124.058898926
6.65207386, -12.0, 124.059860229
5.57910919, -12.0, 124.032096863
4.50614452, -12.0, 123.972480774
3.43317962, -12.0, 123.879463196
2.36021495, -12.0, 123.753479004
1.2872504, -12.0, 123.597015381
0.214285716, -12.0, 123.414405823
-0.849624038, -12.0, 123.213127136
-1.91353381, -12.0, 122.997940063
-2.9774437, -12.0, 122.775039673
-4.04135323, -12.0, 122.549964905
-5.10526323, -12.0, 122.327293396
-6.16917276, -12.0, 122.110420227
-7.23308277, -12.0, 121.901596069
-8.2969923, -12.0, 121.702056885
-9.36090183, -12.0, 121.512260437
-10.4248123, -12.0, 121.332054138
-11.4887218, -12.0, 121.160881042
-12.5526314, -12.0, 120.997932434
-13.6165409, -12.0, 120.84223938
-14.6804514, -12.0, 120.692733765
-15.7443609, -12.0, 120.548339844
-16.8082714, -12.0, 120.407958984
-17.8721809, -12.0, 120.270492554
-18.9360905, -12.0, 120.134864807
98.9272308, -13.0, 130.100524902
97.854454, -13.0, 130.200164795
96.7816849, -13.0, 130.298583984
95.7089081, -13.0, 130.395431519
94.6361389, -13.0, 130.490371704
93.5633621, -13.0, 130.583114624
92.490593, -13.0, 130.67338562
91.4178162, -13.0, 130.760955811
90.345047, -13.0, 130.845611572
89.2722702, -13.0, 130.927215576
88.199501, -13.0, 131.005630493
87.1267319, -13.0, 131.080780029
86.0539551, -13.0, 131.152633667
84.9811859, -13.0, 131.22114563
83.9084091, -13.0, 131.286361694
82.83564, -13.0, 131.348297119
81.7628632, -13.0, 131.407028198
80.690094, -13.0, 131.462646484
79.6173172, -13.0, 131.51524353
78.544548, -13.0, 131.564941406
77.4717712, -13.0, 131.611831665
76.3990021, -13.0, 131.656082153
75.3262253, -13.0, 131.697799683
74.2534561, -13.0, 131.737121582
73.180687, -13.0, 131.774200439
72.1079102, -13.0, 131.809158325
71.035141, -13.0, 131.842147827
69.9623642, -13.0, 131.873275757
68.889595, -13.0, 131.902709961
67.8168182, -13.0, 131.930557251
66.7440491, -13.0, 131.956939697
65.6712723, -13.0, 131.981994629
64.5985031, -13.0, 132.005828857
63.5257301, -13.0, 132.028579712
62.4529572, -13.0, 132.050323486
61.3801842, -13.0, 132.071212769
60.3074112, -13.0, 132.091323853
59.2346382, -13.0, 132.11076355
58.1618652, -13.0, 132.129653931
57.0890923, -13.0, 132.148071289
56.0163193, -13.0, 132.166122437
54.9435501, -13.0, 132.183898926
53.8707771, -13.0, 132.201507568
52.7980042, -13.0, 132.219039917
51.7252312, -13.0, 132.236587524
50.6524582, -13.0, 132.254226685
49.5796852, -13.0, 132.272094727
48.5069122, -13.0, 132.290237427
47.4341393, -13.0, 132.308792114
46.3613663, -13.0, 132.327835083
45.2885933, -13.0, 132.347457886
44.2158203, -13.0, 132.367782593
43.1430473, -13.0, 132.388900757
42.0702782, -13.0, 132.410934448
40.9975052, -13.0, 132.43397522
39.9247322, -13.0, 132.458129883
38.8519592, -13.0, 132.483535767
37.7791862, -13.0, 132.510299683
36.7064133, -13.0, 132.538543701
35.6336403, -13.0, 132.568389893
34.5608673, -13.0, 132.599990845
33.4880943, -13.0, 132.633453369
32.4153214, -13.0, 132.668914795
31.3425503, -13.0, 132.706542969
30.2697773, -13.0, 132.746459961
29.1970043, -13.0, 132.788787842
28.1242313, -13.0, 132.833694458
27.0514584, -13.0, 132.881286621
25.9786873, -13.0, 132.931716919
24.9059143, -13.0, 132.985061646
23.8331413, -13.0, 133.041412354
22.7603683, -13.0, 133.100814819
21.6875954, -13.0, 133.163269043
20.6148243, -13.0, 133.228683472
19.5420513, -13.0, 133.296890259
18.4692783, -13.0, 133.36756897
17.3965054, -13.0, 133.440216064
16.3237324, -13.0, 133.514129639
15.2509604, -13.0, 133.588272095
14.1781874, -13.0, 133.661270142
13.1054144, -13.0, 133.731338501
12.0326424, -13.0, 133.796203613
10.9598694, -13.0, 133.853103638
9.88709641, -13.0, 133.898864746
8.81432438, -13.0, 133.929931641
7.7415514, -13.0, 133.942596436
6.6687789, -13.0, 133.933319092
5.59600592, -13.0, 133.899032593
4.52323341, -13.0, 133.837554932
3.45046091, -13.0, 133.74786377
2.37768817, -13.0, 133.630447388
1.30491555, -13.0, 133.487243652
0.232142851, -13.0, 133.321533203
-0.832706749, -13.0, 133.139007568
-1.89755642, -13.0, 132.94329834
-2.96240592, -13.0, 132.739196777
-4.02725554, -13.0, 132.531188965
-5.09210539, -13.0, 132.323135376
-6.15695477, -13.0, 132.118057251
-7.22180462, -13.0, 131.918167114
-8.28665447, -13.0, 131.724868774
-9.35150337, -13.0, 131.538894653
-10.4163532, -13.0, 131.360473633
-11.4812031, -13.0, 131.18939209
-12.5460529, -13.0, 131.025177002
-13.6109018, -13.0, 130.867141724
-14.6757517, -13.0, 130.714508057
-15.7406015, -13.0, 130.566360474
-16.8054504, -13.0, 130.421798706
-17.8703003, -13.0, 130.27986145
-18.9351501, -13.0, 130.139587402
98.9274216, -14.0, 140.098678589
97.8548355, -14.0, 140.196517944
96.7822571, -14.0, 140.293197632
95.7096786, -14.0, 140.388397217
94.6371002, -14.0, 140.481811523
93.5645142, -14.0, 140.573150635
92.4919357, -14.0, 140.662185669
91.4193573, -14.0, 140.748657227
90.3467712, -14.0, 140.83241272
89.2741928, -14.0, 140.913269043
88.2016144, -14.0, 140.991119385
87.1290359, -14.0, 141.065872192
86.0564499, -14.0, 141.137466431
84.9838715, -14.0, 141.205886841
83.911293, -14.0, 141.271118164
82.838707, -14.0, 141.333221436
81.7661285, -14.0, 141.392227173
80.6935501, -14.0, 141.44821167
79.6209641, -14.0, 141.501251221
78.5483856, -14.0, 141.551452637
77.4758072, -14.0, 141.598907471
76.4032288, -14.0, 141.643768311
75.3306427, -14.0, 141.686126709
74.2580643, -14.0, 141.726119995
73.1854858, -14.0, 141.763885498
72.1128998, -14.0, 141.799530029
71.0403214, -14.0, 141.833221436
69.9677429, -14.0, 141.86505127
68.8951645, -14.0, 141.895172119
67.8225784, -14.0, 141.923706055
66.75, -14.0, 141.950759888
65.6774216, -14.0, 141.976486206
64.6048355, -14.0, 142.000976562
63.5322571, -14.0, 142.024368286
62.4596786, -14.0, 142.04675293
61.3870964, -14.0, 142.068237305
60.314518, -14.0, 142.08895874
59.2419357, -14.0, 142.10899353
58.1693535, -14.0, 142.128463745
57.0967751, -14.0, 142.147445679
56.0241928, -14.0, 142.166061401
54.9516144, -14.0, 142.184402466
53.8790321, -14.0, 142.202560425
52.8064499, -14.0, 142.22064209
51.7338715, -14.0, 142.238723755
50.6612892, -14.0, 142.25692749
49.5887108, -14.0, 142.27532959
48.5161285, -14.0, 142.294021606
47.4435501, -14.0, 142.31312561
46.3709679, -14.0, 142.332717896
45.2983856, -14.0, 142.352905273
44.2258072, -14.0, 142.373794556
43.1532249, -14.0, 142.395477295
42.0806465, -14.0, 142.418075562
41.0080643, -14.0, 142.441680908
39.935482, -14.0, 142.466415405
38.8629036, -14.0, 142.492401123
37.7903214, -14.0, 142.519729614
36.7177429, -14.0, 142.548522949
35.6451607, -14.0, 142.578933716
34.5725822, -14.0, 142.611038208
33.5, -14.0, 142.644989014
32.4274178, -14.0, 142.680892944
31.3548393, -14.0, 142.71887207
30.282259, -14.0, 142.759063721
29.2096767, -14.0, 142.801559448
28.1370964, -14.0, 142.846481323
27.0645161, -14.0, 142.893890381
25.9919357, -14.0, 142.943893433
24.9193554, -14.0, 142.996520996
23.8467751, -14.0, 143.05178833
22.7741928, -14.0, 143.109664917
21.7016125, -14.0, 143.170028687
20.6290321, -14.0, 143.232727051
19.5564518, -14.0, 143.297439575
18.4838715, -14.0, 143.363739014
17.4112911, -14.0, 143.431015015
16.3387089, -14.0, 143.498458862
15.2661295, -14.0, 143.564971924
14.1935482, -14.0, 143.629165649
13.1209679, -14.0, 143.689346313
12.0483875, -14.0, 143.743392944
10.9758062, -14.0, 143.788909912
9.9032259, -14.0, 143.823181152
8.83064556, -14.0, 143.843292236
7.75806475, -14.0, 143.846313477
6.68548393, -14.0, 143.82951355
5.61290312, -14.0, 143.790618896
4.54032278, -14.0, 143.728027344
3.46774197, -14.0, 143.641143799
2.39516139, -14.0, 143.530395508
1.3225807, -14.0, 143.397338867
0.25, -14.0, 143.244522095
-0.815789461, -14.0, 143.076385498
-1.88157892, -14.0, 142.895736694
-2.94736838, -14.0, 142.70640564
-4.01315784, -14.0, 142.512069702
-5.07894754, -14.0, 142.315979004
-6.14473677, -14.0, 142.120819092
-7.21052647, -14.0, 141.92868042
-8.27631569, -14.0, 141.741012573
-9.34210491, -14.0, 141.558746338
-10.4078951, -14.0, 141.382293701
-11.4736843, -14.0, 141.211730957
-12.5394735, -14.0, 141.046844482
-13.6052628, -14.0, 140.887191772
-14.6710529, -14.0, 140.732177734
-15.7368422, -14.0, 140.581100464
-16.8026314, -14.0, 140.433166504
-17.8684216, -14.0, 140.287582397
-18.9342098, -14.0, 140.143478394
98.9276123, -15.0, 150.09715271
97.8552246, -15.0, 150.193496704
96.7828369, -15.0, 150.288742065
95.7104492, -15.0, 150.382583618
94.6380539, -15.0, 150.474716187
93.5656662, -15.0, 150.564910889
92.4932785, -15.0, 150.652893066
91.4208908, -15.0, 150.738479614
90.3485031, -15.0, 150.821456909
89.2761154, -15.0, 150.901687622
88.2037277, -15.0, 150.979049683
87.13134, -15.0, 151.053436279
86.0589447, -15.0, 151.124816895
84.986557, -15.0, 151.193130493
83.9141693, -15.0, 151.258392334
82.8417816, -15.0, 151.320602417
81.7693939, -15.0, 151.379821777
80.6970062, -15.0, 151.436080933
79.6246185, -15.0, 151.489471436
78.5522308, -15.0, 151.540084839
77.4798355, -15.0, 151.588012695
76.4074478, -15.0, 151.633377075
75.3350601, -15.0, 151.676269531
74.2626724, -15.0, 151.716812134
73.1902847, -15.0, 151.755142212
72.117897, -15.0, 151.791381836
71.0455093, -15.0, 151.825637817
69.9731216, -15.0, 151.858062744
68.9007263, -15.0, 151.888763428
67.8283386, -15.0, 151.917877197
66.7559509, -15.0, 151.945510864
65.6835632, -15.0, 151.971786499
64.6111755, -15.0, 151.996841431
63.5387878, -15.0, 152.020767212
62.4663963, -15.0, 152.043685913
61.3940086, -15.0, 152.065689087
60.3216209, -15.0, 152.086914062
59.2492332, -15.0, 152.107452393
58.1768417, -15.0, 152.127410889
57.104454, -15.0, 152.146896362
56.0320663, -15.0, 152.165985107
54.9596786, -15.0, 152.184799194
53.8872871, -15.0, 152.203430176
52.8148994, -15.0, 152.221969604
51.7425117, -15.0, 152.240509033
50.6701241, -15.0, 152.259170532
49.5977325, -15.0, 152.278030396
48.5253448, -15.0, 152.297195435
47.4529572, -15.0, 152.316757202
46.3805695, -15.0, 152.33682251
45.3081779, -15.0, 152.35748291
44.2357903, -15.0, 152.378845215
43.1634026, -15.0, 152.401000977
42.0910149, -15.0, 152.424072266
41.0186234, -15.0, 152.448165894
39.9462357, -15.0, 152.473388672
38.873848, -15.0, 152.499832153
37.8014603, -15.0, 152.527633667
36.7290688, -15.0, 152.556900024
35.6566811, -15.0, 152.587738037
34.5842934, -15.0, 152.620269775
33.5119057, -15.0, 152.654586792
32.439518, -15.0, 152.690826416
31.3671284, -15.0, 152.729095459
30.2947388, -15.0, 152.769470215
29.2223511, -15.0, 152.812042236
28.1499615, -15.0, 152.856903076
27.0775738, -15.0, 152.904098511
26.0051842, -15.0, 152.953659058
24.9327965, -15.0, 153.005584717
23.8604069, -15.0, 153.059814453
22.7880192, -15.0, 153.116271973
21.7156296, -15.0, 153.174743652
20.6432419, -15.0, 153.23500061
19.5708523, -15.0, 153.296630859
18.4984646, -15.0, 153.359130859
17.426075, -15.0, 153.421813965
16.3536873, -15.0, 153.483779907
15.2812977, -15.0, 153.543930054
14.208909, -15.0, 153.600906372
13.1365204, -15.0, 153.653045654
12.0641317, -15.0, 153.698486328
10.9917431, -15.0, 153.735046387
9.91935444, -15.0, 153.760437012
8.84696579, -15.0, 153.772216797
7.77457762, -15.0, 153.76802063
6.70218897, -15.0, 153.745727539
5.62980032, -15.0, 153.703552246
4.55741167, -15.0, 153.640380859
3.48502302, -15.0, 153.555770874
2.41263437, -15.0, 153.450180054
1.34024572, -15.0, 153.324874878
0.267857134, -15.0, 153.181869507
-0.798872173, -15.0, 153.024703979
-1.86560154, -15.0, 152.855636597
-2.93233085, -15.0, 152.67779541
-3.99906015, -15.0, 152.494232178
-5.0657897, -15.0, 152.307739258
-6.13251877, -15.0, 152.120697021
-7.19924831, -15.0, 151.935058594
-8.26597786, -15.0, 151.752258301
-9.33270645, -15.0, 151.573318481
-10.399436, -15.0, 151.398803711
-11.4661655, -15.0, 151.228988647
-12.5328951, -15.0, 151.063827515
-13.5996237, -15.0, 150.903060913
-14.6663532, -15.0, 150.746261597
-15.7330828, -15.0, 150.592895508
-16.7998123, -15.0, 150.442321777
-17.8665409, -15.0, 150.293807983
-18.9332714, -15.0, 150.146621704
98.927803, -16.0, 160.095916748
97.8556061, -16.0, 160.191070557
96.7834091, -16.0, 160.28515625
95.7112122, -16.0, 160.377883911
94.6390152, -16.0, 160.469009399
93.5668182, -16.0, 160.558258057
92.4946213, -16.0, 160.64541626
91.4224243, -16.0, 160.730255127
90.3502274, -16.0, 160.81262207
89.2780304, -16.0, 160.892333984
88.2058334, -16.0, 160.969284058
87.1336441, -16.0, 161.043395996
86.0614471, -16.0, 161.114578247
84.9892502, -16.0, 161.182800293
83.9170532, -16.0, 161.248062134
82.8448563, -16.0, 161.31036377
81.7726593, -16.0, 161.369720459
80.7004623, -16.0, 161.426208496
79.6282654, -16.0, 161.479888916
78.5560684, -16.0, 161.530838013
77.4838715, -16.0, 161.57913208
76.4116745, -16.0, 161.62487793
75.3394775, -16.0, 161.668197632
74.2672806, -16.0, 161.709197998
73.1950836, -16.0, 161.74798584
72.1228867, -16.0, 161.784683228
71.0506897, -16.0, 161.81942749
69.9784927, -16.0, 161.852325439
68.9062958, -16.0, 161.883499146
67.8340988, -16.0, 161.913070679
66.7619019, -16.0, 161.941177368
65.6897049, -16.0, 161.967926025
64.6175079, -16.0, 161.993408203
63.5453148, -16.0, 162.017776489
62.4731178, -16.0, 162.041137695
61.4009209, -16.0, 162.063583374
60.3287239, -16.0, 162.085220337
59.2565269, -16.0, 162.106170654
58.18433, -16.0, 162.126525879
57.1121368, -16.0, 162.146408081
56.0399399, -16.0, 162.165893555
54.9677429, -16.0, 162.185089111
53.895546, -16.0, 162.204101562
52.823349, -16.0, 162.223022461
51.751152, -16.0, 162.241943359
50.6789551, -16.0, 162.260986328
49.6067581, -16.0, 162.280227661
48.5345612, -16.0, 162.299758911
47.4623642, -16.0, 162.319702148
46.3901672, -16.0, 162.340148926
45.3179741, -16.0, 162.361190796
44.2457771, -16.0, 162.38293457
43.1735802, -16.0, 162.405487061
42.1013832, -16.0, 162.428939819
41.0291862, -16.0, 162.453414917
39.9569893, -16.0, 162.479019165
38.8847923, -16.0, 162.505859375
37.8125954, -16.0, 162.5340271
36.7403984, -16.0, 162.563659668
35.6682014, -16.0, 162.594848633
34.5960045, -16.0, 162.627700806
33.5238113, -16.0, 162.662322998
32.4516144, -16.0, 162.698806763
31.3794155, -16.0, 162.737258911
30.3072205, -16.0, 162.777755737
29.2350235, -16.0, 162.820358276
28.1628265, -16.0, 162.865127563
27.0906296, -16.0, 162.912094116
26.0184326, -16.0, 162.961227417
24.9462357, -16.0, 163.012496948
23.8740406, -16.0, 163.065826416
22.8018436, -16.0, 163.121017456
21.7296467, -16.0, 163.177871704
20.6574497, -16.0, 163.236053467
19.5852528, -16.0, 163.295089722
18.5130577, -16.0, 163.354431152
17.4408607, -16.0, 163.413314819
16.3686638, -16.0, 163.470825195
15.2964668, -16.0, 163.525863647
14.2242708, -16.0, 163.577072144
13.1520739, -16.0, 163.622924805
12.0798769, -16.0, 163.66166687
11.0076809, -16.0, 163.691390991
9.93548393, -16.0, 163.71005249
8.86328697, -16.0, 163.715621948
7.79109049, -16.0, 163.706130981
6.718894, -16.0, 163.679840088
5.64669752, -16.0, 163.635406494
4.57450056, -16.0, 163.57194519
3.50230408, -16.0, 163.489181519
2.43010759, -16.0, 163.387512207
1.35791087, -16.0, 163.268035889
0.285714298, -16.0, 163.132415771
-0.781954885, -16.0, 162.98348999
-1.84962404, -16.0, 162.823165894
-2.91729331, -16.0, 162.654067993
-3.98496246, -16.0, 162.478805542
-5.05263138, -16.0, 162.299789429
-6.12030077, -16.0, 162.119186401
-7.18797016, -16.0, 161.938781738
-8.25563908, -16.0, 161.760009766
-9.32330799, -16.0, 161.583892822
-10.3909779, -16.0, 161.411117554
-11.4586468, -16.0, 161.24206543
-12.5263157, -16.0, 161.076843262
-13.5939846, -16.0, 160.915328979
-14.6616545, -16.0, 160.757232666
-15.7293234, -16.0, 160.602142334
-16.7969933, -16.0, 160.449493408
-17.8646622, -16.0, 160.298706055
-18.9323311, -16.0, 160.149108887
98.9279938, -17.0, 170.094970703
97.8559875, -17.0, 170.189193726
96.783989, -17.0, 170.28237915
95.7119827, -17.0, 170.374282837
94.6399765, -17.0, 170.464614868
93.5679703, -17.0, 170.553146362
92.4959641, -17.0, 170.639663696
91.4239655, -17.0, 170.723937988
90.3519592, -17.0, 170.805801392
89.279953, -17.0, 170.885116577
88.2079468, -17.0, 170.961761475
87.1359482, -17.0, 171.035629272
86.063942, -17.0, 171.106658936
84.9919357, -17.0, 171.174804688
83.9199295, -17.0, 171.240066528
82.8479233, -17.0, 171.30241394
81.7759247, -17.0, 171.3618927
80.7039185, -17.0, 171.418548584
79.6319122, -17.0, 171.472442627
78.559906, -17.0, 171.523620605
77.4878998, -17.0, 171.57220459
76.4159012, -17.0, 171.618270874
75.343895, -17.0, 171.661911011
74.2718887, -17.0, 171.70324707
73.1998825, -17.0, 171.742385864
72.1278839, -17.0, 171.779449463
71.0558777, -17.0, 171.814559937
69.9838715, -17.0, 171.847824097
68.9118652, -17.0, 171.879364014
67.839859, -17.0, 171.909301758
66.7678604, -17.0, 171.937774658
65.6958542, -17.0, 171.964874268
64.623848, -17.0, 171.990707397
63.5518417, -17.0, 172.015426636
62.4798393, -17.0, 172.039108276
61.4078331, -17.0, 172.061889648
60.3358307, -17.0, 172.083862305
59.2638245, -17.0, 172.105133057
58.1918221, -17.0, 172.125808716
57.1198158, -17.0, 172.145980835
56.0478096, -17.0, 172.165771484
54.9758072, -17.0, 172.185272217
53.903801, -17.0, 172.204589844
52.8317986, -17.0, 172.223800659
51.7597923, -17.0, 172.243026733
50.6877899, -17.0, 172.262359619
49.6157837, -17.0, 172.281890869
48.5437775, -17.0, 172.301727295
47.4717751, -17.0, 172.321960449
46.3997688, -17.0, 172.342697144
45.3277664, -17.0, 172.364028931
44.2557602, -17.0, 172.386062622
43.183754, -17.0, 172.408920288
42.1117516, -17.0, 172.432678223
41.0397453, -17.0, 172.457443237
39.9677429, -17.0, 172.483337402
38.8957367, -17.0, 172.510467529
37.8237343, -17.0, 172.538925171
36.7517281, -17.0, 172.568832397
35.6797218, -17.0, 172.600265503
34.6077194, -17.0, 172.633361816
33.5357132, -17.0, 172.668197632
32.4637108, -17.0, 172.704864502
31.3917046, -17.0, 172.743438721
30.3197002, -17.0, 172.784011841
29.2476959, -17.0, 172.82661438
28.1756916, -17.0, 172.871276855
27.1036873, -17.0, 172.918014526
26.031683, -17.0, 172.966781616
24.9596767, -17.0, 173.017501831
23.8876724, -17.0, 173.070068359
22.8156681, -17.0, 173.124252319
21.7436638, -17.0, 173.179779053
20.6716595, -17.0, 173.236297607
19.5996552, -17.0, 173.293289185
18.5276489, -17.0, 173.350128174
17.4556446, -17.0, 173.406066895
16.3836403, -17.0, 173.460144043
15.311636, -17.0, 173.511260986
14.2396317, -17.0, 173.558120728
13.1676264, -17.0, 173.599258423
12.0956221, -17.0, 173.633026123
11.0236177, -17.0, 173.657699585
9.95161247, -17.0, 173.67149353
8.87960815, -17.0, 173.672592163
7.80760384, -17.0, 173.659347534
6.73559904, -17.0, 173.6302948
5.66359425, -17.0, 173.584335327
4.59158993, -17.0, 173.520767212
3.51958537, -17.0, 173.439422607
2.44758058, -17.0, 173.340698242
1.37557602, -17.0, 173.225494385
0.303571433, -17.0, 173.095275879
-0.765037596, -17.0, 172.952316284
-1.83364666, -17.0, 172.79838562
-2.90225554, -17.0, 172.635696411
-3.97086477, -17.0, 172.466567993
-5.03947353, -17.0, 172.293151855
-6.10808277, -17.0, 172.117385864
-7.17669153, -17.0, 171.940994263
-8.24530029, -17.0, 171.765319824
-9.31390953, -17.0, 171.591430664
-10.3825188, -17.0, 171.420089722
-11.451128, -17.0, 171.251708984
-12.5197372, -17.0, 171.086532593
-13.5883455, -17.0, 170.924514771
-14.6569548, -17.0, 170.765487671
-15.725564, -17.0, 170.609100342
-16.7941723, -17.0, 170.454925537
-17.8627815, -17.0, 170.30241394
-18.9313908, -17.0, 170.150970459
98.9281845, -18.0, 180.094284058
97.8563766, -18.0, 180.187835693
96.7845612, -18.0, 180.280410767
95.7127533, -18.0, 180.371704102
94.6409378, -18.0, 180.461486816
93.5691223, -18.0, 180.549499512
92.4973145, -18.0, 180.635543823
91.425499, -18.0, 180.719421387
90.3536835, -18.0, 180.800949097
89.2818756, -18.0, 180.879974365
88.2100601, -18.0, 180.956390381
87.1382523, -18.0, 181.030090332
86.0664368, -18.0, 181.101013184
84.9946213, -18.0, 181.1690979
83.9228134, -18.0, 181.234344482
82.8509979, -18.0, 181.296722412
81.7791824, -18.0, 181.356292725
80.7073746, -18.0, 181.41305542
79.6355591, -18.0, 181.467086792
78.5637512, -18.0, 181.518447876
77.4919357, -18.0, 181.567230225
76.4201202, -18.0, 181.613494873
75.3483124, -18.0, 181.65737915
74.2764969, -18.0, 181.698959351
73.2046814, -18.0, 181.738342285
72.1328735, -18.0, 181.775665283
71.061058, -18.0, 181.811035156
69.9892502, -18.0, 181.844558716
68.9174347, -18.0, 181.876373291
67.8456192, -18.0, 181.906570435
66.7738113, -18.0, 181.935287476
65.7019958, -18.0, 181.962646484
64.630188, -18.0, 181.988739014
63.5583725, -18.0, 182.013702393
62.4865608, -18.0, 182.037628174
61.4147453, -18.0, 182.060638428
60.3429337, -18.0, 182.082839966
59.271122, -18.0, 182.1043396
58.1993103, -18.0, 182.125244141
57.1274948, -18.0, 182.145645142
56.0556831, -18.0, 182.165649414
54.9838715, -18.0, 182.18536377
53.9120598, -18.0, 182.20489502
52.8402443, -18.0, 182.224319458
51.7684326, -18.0, 182.243759155
50.6966209, -18.0, 182.263290405
49.6248093, -18.0, 182.283035278
48.5529938, -18.0, 182.303070068
47.4811821, -18.0, 182.323516846
46.4093704, -18.0, 182.344451904
45.3375587, -18.0, 182.365997314
44.2657433, -18.0, 182.388244629
43.1939316, -18.0, 182.411300659
42.1221199, -18.0, 182.435272217
41.0503082, -18.0, 182.460250854
39.9784927, -18.0, 182.486343384
38.9066811, -18.0, 182.513671875
37.8348694, -18.0, 182.542327881
36.7630577, -18.0, 182.572418213
35.691246, -18.0, 182.604034424
34.6194305, -18.0, 182.637283325
33.5476189, -18.0, 182.67225647
32.4758072, -18.0, 182.70904541
31.4039936, -18.0, 182.747695923
30.3321819, -18.0, 182.788299561
29.2603683, -18.0, 182.830871582
28.1885567, -18.0, 182.875442505
27.1167431, -18.0, 182.921981812
26.0449314, -18.0, 182.970474243
24.9731178, -18.0, 183.020782471
23.9013062, -18.0, 183.072769165
22.8294926, -18.0, 183.126190186
21.7576809, -18.0, 183.180755615
20.6858673, -18.0, 183.236053467
19.6140556, -18.0, 183.291564941
18.5422421, -18.0, 183.346618652
17.4704304, -18.0, 183.40045166
16.3986168, -18.0, 183.452102661
15.3268051, -18.0, 183.500473022
14.2549925, -18.0, 183.544296265
13.1831799, -18.0, 183.582168579
12.1113672, -18.0, 183.612533569
11.0395546, -18.0, 183.633804321
9.96774197, -18.0, 183.644302368
8.89592934, -18.0, 183.642425537
7.82411671, -18.0, 183.626708984
6.75230408, -18.0, 183.59588623
5.68049145, -18.0, 183.548995972
4.60867882, -18.0, 183.485473633
3.53686643, -18.0, 183.405181885
2.4650538, -18.0, 183.308517456
1.39324117, -18.0, 183.196289062
0.321428567, -18.0, 183.069763184
-0.748120308, -18.0, 182.930892944
-1.81766915, -18.0, 182.781295776
-2.887218, -18.0, 182.623016357
-3.95676684, -18.0, 182.458084106
-5.02631569, -18.0, 182.288513184
-6.09586477, -18.0, 182.116119385
-7.16541338, -18.0, 181.942504883
-8.23496246, -18.0, 181.76902771
-9.30451107, -18.0, 181.596725464
-10.3740597, -18.0, 181.426376343
-11.4436092, -18.0, 181.258514404
-12.5131578, -18.0, 181.09336853
-13.5827065, -18.0, 180.931015015
-14.652256, -18.0, 180.771331787
-15.7218046, -18.0, 180.614044189
-16.7913532, -18.0, 180.458770752
-17.8609028, -18.0, 180.305038452
-18.9304504, -18.0, 180.152297974
98.9283829, -19.0, 190.093856812
97.8567581, -19.0, 190.187011719
96.785141, -19.0, 190.279205322
95.7135162, -19.0, 190.370132446
94.6418991, -19.0, 190.459579468
93.5702744, -19.0, 190.547286987
92.4986572, -19.0, 190.633056641
91.4270325, -19.0, 190.716690063
90.3554153, -19.0, 190.79800415
89.2837906, -19.0, 190.876846313
88.2121735, -19.0, 190.953125
87.1405563, -19.0, 191.02671814
86.0689316, -19.0, 191.097564697
84.9973145, -19.0, 191.165618896
83.9256897, -19.0, 191.23085022
82.8540726, -19.0, 191.293258667
81.7824478, -19.0, 191.352874756
80.7108307, -19.0, 191.409698486
79.6392059, -19.0, 191.463821411
78.5675888, -19.0, 191.515289307
77.4959641, -19.0, 191.564178467
76.4243469, -19.0, 191.610580444
75.3527298, -19.0, 191.654586792
74.281105, -19.0, 191.69631958
73.2094879, -19.0, 191.735855103
72.1378632, -19.0, 191.773330688
71.066246, -19.0, 191.808853149
69.9946213, -19.0, 191.842544556
68.9230042, -19.0, 191.87449646
67.8513794, -19.0, 191.90486145
66.7797623, -19.0, 191.933746338
65.7081375, -19.0, 191.961242676
64.6365204, -19.0, 191.987487793
63.5648994, -19.0, 192.01260376
62.4932785, -19.0, 192.036682129
61.4216576, -19.0, 192.059829712
60.3500366, -19.0, 192.082168579
59.2784195, -19.0, 192.103805542
58.2067986, -19.0, 192.124847412
57.1351776, -19.0, 192.145385742
56.0635567, -19.0, 192.165527344
54.9919357, -19.0, 192.18536377
53.9203148, -19.0, 192.20501709
52.8486938, -19.0, 192.224563599
51.7770729, -19.0, 192.244125366
50.705452, -19.0, 192.263793945
49.633831, -19.0, 192.28364563
48.5622101, -19.0, 192.303817749
47.490593, -19.0, 192.324371338
46.418972, -19.0, 192.345443726
45.3473511, -19.0, 192.367095947
44.2757301, -19.0, 192.389465332
43.2041092, -19.0, 192.412643433
42.1324883, -19.0, 192.436721802
41.0608673, -19.0, 192.46182251
39.9892464, -19.0, 192.488037109
38.9176254, -19.0, 192.515472412
37.8460045, -19.0, 192.544235229
36.7743874, -19.0, 192.574432373
35.7027664, -19.0, 192.606140137
34.6311455, -19.0, 192.639480591
33.5595245, -19.0, 192.674530029
32.4879036, -19.0, 192.711364746
31.4162827, -19.0, 192.750045776
30.3446617, -19.0, 192.790649414
29.2730408, -19.0, 192.833190918
28.2014217, -19.0, 192.877685547
27.1298008, -19.0, 192.924118042
26.0581799, -19.0, 192.972396851
24.9865589, -19.0, 193.022445679
23.914938, -19.0, 193.074066162
22.843317, -19.0, 193.12701416
21.771698, -19.0, 193.180984497
20.7000771, -19.0, 193.235549927
19.6284561, -19.0, 193.290161133
18.5568352, -19.0, 193.344146729
17.4852142, -19.0, 193.396728516
16.4135952, -19.0, 193.44694519
15.3419743, -19.0, 193.49369812
14.2703533, -19.0, 193.535751343
13.1987324, -19.0, 193.571731567
12.1271124, -19.0, 193.600158691
11.0554914, -19.0, 193.619476318
9.98387051, -19.0, 193.628128052
8.91225052, -19.0, 193.62461853
7.84062958, -19.0, 193.607574463
6.76900911, -19.0, 193.575820923
5.69738865, -19.0, 193.528503418
4.62576818, -19.0, 193.465103149
3.55414748, -19.0, 193.385543823
2.48252678, -19.0, 193.290176392
1.41090631, -19.0, 193.179763794
0.339285702, -19.0, 193.055480957
-0.73120302, -19.0, 192.918991089
-1.80169177, -19.0, 192.771942139
-2.87218046, -19.0, 192.616195679
-3.94266915, -19.0, 192.453704834
-5.01315784, -19.0, 192.286346436
-6.08364677, -19.0, 192.115905762
-7.15413523, -19.0, 191.943908691
-8.22462368, -19.0, 191.77166748
-9.29511261, -19.0, 191.600280762
-10.3656015, -19.0, 191.430496216
-11.4360905, -19.0, 191.262878418
-12.5065794, -19.0, 191.097732544
-13.5770674, -19.0, 190.935134888
-14.6475563, -19.0, 190.775024414
-15.7180452, -19.0, 190.617156982
-16.7885342, -19.0, 190.461181641
-17.8590221, -19.0, 190.306671143
-18.929512, -19.0, 190.153121948
2.01703215, 0.800000012, 15.805680275
3.08206463, 0.800000012, 12.7002315521
4.14709663, 0.800000012, 8.58272647858
5.21212912, 0.800000012, 4.48457765579
6.27716112, 0.800000012, 1.2667683363
7.3421936, 0.800000012, -1.64985191822
8.40722561, 0.800000012, -2.89202857018
9.47225761, 0.800000012, -3.64908885956
10.5372906, 0.800000012, -4.14375162125
11.6023226, 0.800000012, -4.48033428192
12.6673546, 0.800000012, -4.71897792816
13.7323875, 0.800000012, -4.89561080933
14.7974195, 0.800000012, -5.03165388107
15.8624516, 0.800000012, -5.14001607895
16.9274845, 0.800000012, -5.22859764099
17.9925156, 0.800000012, -5.30243682861
19.0575485, 0.800000012, -5.36492013931
20.1225815, 0.800000012, -5.41843032837
21.1876125, 0.800000012, -5.46472454071
22.2526455, 0.800000012, -5.50515413284
23.3176765, 0.800000012, -5.54076337814
24.3827095, 0.800000012, -5.57232713699
25.4477425, 0.800000012, -5.60041332245
26.5127735, 0.800000012, -5.62547874451
27.5778065, 0.800000012, -5.64789772034
28.6428394, 0.800000012, -5.66797733307
29.7078705, 0.800000012, -5.68597173691
30.7729034, 0.800000012, -5.70210170746
31.8379364, 0.800000012, -5.71656036377
32.9029694, 0.800000012, -5.72951841354
33.9679985, 0.800000012, -5.74112796783
35.0330315, 0.800000012, -5.75152778625
36.0980644, 0.800000012, -5.76084661484
37.1630974, 0.800000012, -5.76920175552
38.2281303, 0.800000012, -5.77670192719
39.2931595, 0.800000012, -5.78344917297
40.3581924, 0.800000012, -5.78953742981
41.4232254, 0.800000012, -5.79504489899
42.4882584, 0.800000012, -5.8000369072
43.5532913, 0.800000012, -5.80457401276
44.6183243, 0.800000012, -5.80871677399
45.6833534, 0.800000012, -5.81251907349
46.7483864, 0.800000012, -5.81603097916
47.8134193, 0.800000012, -5.8192987442
48.8784523, 0.800000012, -5.82236433029
49.9434853, 0.800000012, -5.8252658844
51.0085144, 0.800000012, -5.82803964615
52.0735474, 0.800000012, -5.83071994781
53.1385803, 0.800000012, -5.83333873749
54.2036133, 0.800000012, -5.83592844009
55.2686462, 0.800000012, -5.83851957321
56.3336792, 0.800000012, -5.84114360809
57.3987083, 0.800000012, -5.84383249283
58.4637413, 0.800000012, -5.84661960602
59.5287743, 0.800000012, -5.84953975677
60.5938072, 0.800000012, -5.85263109207
61.6588402, 0.800000012, -5.85593509674
62.7238693, 0.800000012, -5.85949611664
63.7889023, 0.800000012, -5.86336565018
64.8539352, 0.800000012, -5.86760091782
65.9189682, 0.800000012, -5.8722653389
66.9840012, 0.800000012, -5.87743282318
68.0490341, 0.800000012, -5.88318824768
69.1140671, 0.800000012, -5.88962745667
70.1791, 0.800000012, -5.89686441422
71.2441254, 0.800000012, -5.90502929688
72.3091583, 0.800000012, -5.91427516937
73.3741913, 0.800000012, -5.92478084564
74.4392242, 0.800000012, -5.93675470352
75.5042572, 0.800000012, -5.95043802261
76.5692902, 0.800000012, -5.96611070633
77.6343231, 0.800000012, -5.98409509659
78.6993561, 0.800000012, -6.00476264954
79.764389, 0.800000012, -6.02854442596
80.829422, 0.800000012, -6.05593776703
81.894455, 0.800000012, -6.08751773834
82.9594803, 0.800000012, -6.12394475937
84.0245132, 0.800000012, -6.16597318649
85.0895462, 0.800000012, -6.21445846558
86.1545792, 0.800000012, -6.27036190033
87.2196121, 0.800000012, -6.33475446701
88.2846451, 0.800000012, -6.40880537033
89.349678, 0.800000012, -6.49374437332
90.414711, 0.800000012, -6.59076309204
91.479744, 0.800000012, -6.70083379745
92.5447769, 0.800000012, -6.82448673248
93.6098099, 0.800000012, -6.96166038513
94.6748352, 0.800000012, -7.11168956757
95.7398682, 0.800000012, -7.27341032028
96.8049011, 0.800000012, -7.44524431229
97.8699341, 0.800000012, -7.62522888184
98.934967, 0.800000012, -7.81102895737
2.95879579, 1.60000002, 10.041806221
4.01359129, 1.60000002, 3.76688075066
5.06838703, 1.60000002, -2.48413825035
6.12318277, 1.60000002, -6.29183912277
7.17797852, 1.60000002, -8.66969966888
8.23277378, 1.60000002, -10.0827484131
9.28757, 1.60000002, -10.9444942474
10.3423653, 1.60000002, -11.493812561
11.3971615, 1.60000002, -11.8554286957
12.4519567, 1.60000002, -12.1042451859
13.506753, 1.60000002, -12.284948349
14.5615482, 1.60000002, -12.4231214523
15.6163445, 1.60000002, -12.533624649
16.6711407, 1.60000002, -12.6247758865
17.725935, 1.60000002, -12.7014026642
18.7807312, 1.60000002, -12.7667675018
19.8355274, 1.60000002, -12.8231430054
20.8903217, 1.60000002, -12.8721523285
21.945118, 1.60000002, -12.9150905609
22.9999142, 1.60000002, -12.9529628754
24.0547104, 1.60000002, -12.9865169525
25.1095047, 1.60000002, -13.0164060593
26.1643009, 1.60000002, -13.0430736542
27.2190971, 1.60000002, -13.0668954849
28.2738934, 1.60000002, -13.088180542
29.3286877, 1.60000002, -13.1071844101
30.3834839, 1.60000002, -13.1241369247
31.4382801, 1.60000002, -13.1392469406
32.4930763, 1.60000002, -13.1527032852
33.5478706, 1.60000002, -13.1646747589
34.6026649, 1.60000002, -13.1753139496
35.6574631, 1.60000002, -13.1847629547
36.7122574, 1.60000002, -13.1931552887
37.7670555, 1.60000002, -13.2006101608
38.8218498, 1.60000002, -13.207244873
39.8766441, 1.60000002, -13.213177681
40.9314423, 1.60000002, -13.2185163498
41.9862366, 1.60000002, -13.2233095169
43.0410309, 1.60000002, -13.2276039124
44.095829, 1.60000002, -13.2314624786
45.1506233, 1.60000002, -13.2349424362
46.2054176, 1.60000002, -13.2380981445
47.2602158, 1.60000002, -13.240978241
48.3150101, 1.60000002, -13.2436285019
49.3698082, 1.60000002, -13.2460899353
50.4246025, 1.60000002, -13.2484006882
51.4793968, 1.60000002, -13.2505960464
52.5341949, 1.60000002, -13.2527084351
53.5889893, 1.60000002, -13.2547702789
54.6437836, 1.60000002, -13.2568120956
55.6985817, 1.60000002, -13.2588644028
56.753376, 1.60000002, -13.2609596252
57.8081703, 1.60000002, -13.263127327
58.8629684, 1.60000002, -13.2654037476
59.9177628, 1.60000002, -13.267824173
60.9725609, 1.60000002, -13.2704277039
62.0273552, 1.60000002, -13.2732582092
63.0821495, 1.60000002, -13.2763633728
64.1369476, 1.60000002, -13.279800415
65.1917419, 1.60000002, -13.2836303711
66.2465363, 1.60000002, -13.2879257202
67.3013306, 1.60000002, -13.2927703857
68.3561325, 1.60000002, -13.2982606888
69.4109268, 1.60000002, -13.3045091629
70.4657211, 1.60000002, -13.3116464615
71.5205154, 1.60000002, -13.3198299408
72.5753098, 1.60000002, -13.329240799
73.6301041, 1.60000002, -13.3400974274
74.684906, 1.60000002, -13.3526544571
75.7397003, 1.60000002, -13.3672075272
76.7944946, 1.60000002, -13.384106636
77.8492889, 1.60000002, -13.4037590027
78.9040833, 1.60000002, -13.4266433716
79.9588852, 1.60000002, -13.4533166885
81.0136795, 1.60000002, -13.4844226837
82.0684738, 1.60000002, -13.5207109451
83.1232681, 1.60000002, -13.5630407333
84.1780624, 1.60000002, -13.6123943329
85.2328568, 1.60000002, -13.6698989868
86.2876587, 1.60000002, -13.7368488312
87.342453, 1.60000002, -13.8147211075
88.3972473, 1.60000002, -13.9052038193
89.4520416, 1.60000002, -14.0102205276
90.5068359, 1.60000002, -14.13185215
91.5616379, 1.60000002, -14.2720317841
92.6164322, 1.60000002, -14.4319982529
93.6712265, 1.60000002, -14.6118202209
94.7260208, 1.60000002, -14.8103761673
95.7808151, 1.60000002, -15.0257310867
96.8356094, 1.60000002, -15.2554626465
97.8904114, 1.60000002, -15.4967288971
98.9452057, 1.60000002, -15.746178627
3.90055919, 2.4000001, -0.837161004543
4.94511843, 2.4000001, -7.29572200775
5.98967743, 2.4000001, -11.6083669662
7.03423643, 2.4000001, -14.3428173065
8.07879543, 2.4000001, -16.070690155
9.12335491, 2.4000001, -17.1721038818
10.1679144, 2.4000001, -17.8747692108
11.2124729, 2.4000001, -18.3298931122
12.2570324, 2.4000001, -18.635969162
13.3015919, 2.4000001, -18.8544692993
14.3461504, 2.4000001, -19.0200595856
15.3907099, 2.4000001, -19.1531352997
16.4352684, 2.4000001, -19.264295578
17.4798279, 2.4000001, -19.358417511
18.5243874, 2.4000001, -19.4392433167
19.5689468, 2.4000001, -19.5095443726
20.6135063, 2.4000001, -19.5709991455
21.6580639, 2.4000001, -19.6249504089
22.7026234, 2.4000001, -19.6724967957
23.7471828, 2.4000001, -19.713098526
24.7917423, 2.4000001, -19.7491092682
25.8363018, 2.4000001, -19.7811317444
26.8808594, 2.4000001, -19.809627533
27.9254189, 2.4000001, -19.8349723816
28.9699783, 2.4000001, -19.8574790955
30.0145378, 2.4000001, -19.8774261475
31.0590973, 2.4000001, -19.8950824738
32.1036568, 2.4000001, -19.9106960297
33.1482162, 2.4000001, -19.924489975
34.1927757, 2.4000001, -19.9366645813
35.2373352, 2.4000001, -19.9474010468
36.2818909, 2.4000001, -19.9568634033
37.3264503, 2.4000001, -19.9652099609
38.3710098, 2.4000001, -19.9725799561
39.4155693, 2.4000001, -19.9791069031
40.4601288, 2.4000001, -19.9845294952
41.5046883, 2.4000001, -19.9892845154
42.5492477, 2.4000001, -19.9934425354
43.5938072, 2.4000001, -19.9971084595
44.6383667, 2.4000001, -20.0004272461
45.6829262, 2.4000001, -20.0038833618
46.7274857, 2.4000001, -20.0069828033
47.7720413, 2.4000001, -20.0097846985
48.8166008, 2.4000001, -20.0123386383
49.8611603, 2.4000001, -20.0146923065
50.9057198, 2.4000001, -20.0168895721
51.9502792, 2.4000001, -20.0189685822
52.9948387, 2.4000001, -20.0209693909
54.0393982, 2.4000001, -20.0229244232
55.0839577, 2.4000001, -20.0248718262
56.1285172, 2.4000001, -20.0268478394
57.1730766, 2.4000001, -20.0288848877
58.2176361, 2.4000001, -20.0310230255
59.2621918, 2.4000001, -20.0333023071
60.3067513, 2.4000001, -20.0357685089
61.3513107, 2.4000001, -20.0384674072
62.3958702, 2.4000001, -20.0414543152
63.4404297, 2.4000001, -20.0447902679
64.484993, 2.4000001, -20.0485458374
65.5295486, 2.4000001, -20.0528011322
66.5741043, 2.4000001, -20.0576515198
67.6186676, 2.4000001, -20.0632038116
68.6632233, 2.4000001, -20.0695877075
69.7077866, 2.4000001, -20.0769538879
70.7523422, 2.4000001, -20.085477829
71.7969055, 2.4000001, -20.0953712463
72.8414612, 2.4000001, -20.10688591
73.8860245, 2.4000001, -20.1203174591
74.9305801, 2.4000001, -20.1360225677
75.9751434, 2.4000001, -20.1544189453
77.0196991, 2.4000001, -20.1760101318
78.0642548, 2.4000001, -20.2013969421
79.1088181, 2.4000001, -20.2312831879
80.1533737, 2.4000001, -20.2664852142
81.197937, 2.4000001, -20.3079624176
82.2424927, 2.4000001, -20.3568153381
83.287056, 2.4000001, -20.4142742157
84.3316116, 2.4000001, -20.4817199707
85.3761749, 2.4000001, -20.560749054
86.4207306, 2.4000001, -20.6531772614
87.4652939, 2.4000001, -20.7611160278
88.5098495, 2.4000001, -20.8870182037
89.5544052, 2.4000001, -21.0338745117
90.5989685, 2.4000001, -21.205450058
91.6435242, 2.4000001, -21.4060382843
92.6880875, 2.4000001, -21.6390953064
93.7326431, 2.4000001, -21.9053936005
94.7772064, 2.4000001, -22.2026348114
95.8217621, 2.4000001, -22.5268268585
96.8663254, 2.4000001, -22.8736171722
97.910881, 2.4000001, -23.2383766174
98.9554443, 2.4000001, -23.6158409119
4.84232235, 3.20000005, -10.2470884323
5.87664509, 3.20000005, -15.2282867432
6.91096783, 3.20000005, -18.5475940704
7.94529009, 3.20000005, -20.717092514
8.9796133, 3.20000005, -22.1977157593
10.0139351, 3.20000005, -23.1646556854
11.0482578, 3.20000005, -23.7916259766
12.0825806, 3.20000005, -24.208732605
13.1169033, 3.20000005, -24.502248764
14.151226, 3.20000005, -24.7238960266
15.1855488, 3.20000005, -24.9027385712
16.2198715, 3.20000005, -25.0540008545
17.2541943, 3.20000005, -25.1851196289
18.288517, 3.20000005, -25.3000411987
19.3228378, 3.20000005, -25.4011859894
20.3571606, 3.20000005, -25.4902801514
21.3914833, 3.20000005, -25.5687656403
22.425806, 3.20000005, -25.6378917694
23.4601288, 3.20000005, -25.698720932
24.4944515, 3.20000005, -25.7523860931
25.5287743, 3.20000005, -25.7998085022
26.563097, 3.20000005, -25.8417129517
27.5974197, 3.20000005, -25.8787250519
28.6317425, 3.20000005, -25.9113731384
29.6660652, 3.20000005, -25.9401092529
30.700388, 3.20000005, -25.9653587341
31.7347088, 3.20000005, -25.987537384
32.7690315, 3.20000005, -26.0070075989
33.8033562, 3.20000005, -26.0240917206
34.837677, 3.20000005, -26.0390758514
35.8720016, 3.20000005, -26.0522212982
36.9063225, 3.20000005, -26.0637626648
37.9406433, 3.20000005, -26.0739135742
38.974968, 3.20000005, -26.0828475952
40.0092888, 3.20000005, -26.0907402039
41.0436134, 3.20000005, -26.0977153778
42.0779343, 3.20000005, -26.1038570404
43.1122589, 3.20000005, -26.1092567444
44.1465797, 3.20000005, -26.1140079498
45.1809044, 3.20000005, -26.1182022095
46.2152252, 3.20000005, -26.1219234467
47.2495499, 3.20000005, -26.1252422333
48.2838707, 3.20000005, -26.1282272339
49.3181953, 3.20000005, -26.1309394836
50.3525162, 3.20000005, -26.1334323883
51.386837, 3.20000005, -26.1357574463
52.4211617, 3.20000005, -26.137960434
53.4554825, 3.20000005, -26.140089035
54.4898071, 3.20000005, -26.1421813965
55.524128, 3.20000005, -26.144285202
56.5584526, 3.20000005, -26.1464385986
57.5927734, 3.20000005, -26.1486911774
58.6270981, 3.20000005, -26.1510868073
59.6614189, 3.20000005, -26.1536769867
60.6957436, 3.20000005, -26.1565189362
61.7300644, 3.20000005, -26.1596736908
62.7643852, 3.20000005, -26.1632118225
63.7987099, 3.20000005, -26.1672172546
64.8330307, 3.20000005, -26.1717777252
65.8673553, 3.20000005, -26.1770057678
66.90168, 3.20000005, -26.1830272675
67.935997, 3.20000005, -26.1899871826
68.9703217, 3.20000005, -26.1980609894
70.0046463, 3.20000005, -26.2074546814
71.0389709, 3.20000005, -26.2184143066
72.073288, 3.20000005, -26.2312316895
73.1076126, 3.20000005, -26.2462558746
74.1419373, 3.20000005, -26.2639083862
75.1762543, 3.20000005, -26.2846908569
76.2105789, 3.20000005, -26.3092327118
77.2449036, 3.20000005, -26.3383026123
78.2792282, 3.20000005, -26.3728237152
79.3135452, 3.20000005, -26.4138450623
80.3478699, 3.20000005, -26.462600708
81.3821945, 3.20000005, -26.520608902
82.4165192, 3.20000005, -26.5896091461
83.4508362, 3.20000005, -26.6713848114
84.4851608, 3.20000005, -26.7677745819
85.5194855, 3.20000005, -26.8809261322
86.5538101, 3.20000005, -27.0133533478
87.5881271, 3.20000005, -27.1678447723
88.6224518, 3.20000005, -27.3475589752
89.6567764, 3.20000005, -27.5562400818
90.6910934, 3.20000005, -27.7992649078
91.7254181, 3.20000005, -28.0853214264
92.7597427, 3.20000005, -28.4243736267
93.7940674, 3.20000005, -28.8205299377
94.8283844, 3.20000005, -29.268743515
95.862709, 3.20000005, -29.7600440979
96.8970337, 3.20000005, -30.2865467072
97.9313583, 3.20000005, -30.8409996033
98.9656754, 3.20000005, -31.4152317047
5.78408623, 4.0, -17.2103805542
6.80817223, 4.0, -21.2410945892
7.83225822, 4.0, -24.127199173
8.85634422, 4.0, -26.1102600098
9.88043022, 4.0, -27.4271583557
10.9045162, 4.0, -28.2862453461
11.9286022, 4.0, -28.8539485931
12.9526882, 4.0, -29.2474040985
13.9767742, 4.0, -29.5409564972
15.0008602, 4.0, -29.7774295807
16.0249462, 4.0, -29.9792804718
17.0490322, 4.0, -30.1571998596
18.0731182, 4.0, -30.3159732819
19.0972042, 4.0, -30.4578227997
20.1212902, 4.0, -30.5843200684
21.1453762, 4.0, -30.6968383789
22.1694622, 4.0, -30.7962856293
23.1935482, 4.0, -30.8835811615
24.2176342, 4.0, -30.9601097107
25.2417202, 4.0, -31.0271396637
26.2658062, 4.0, -31.0856685638
27.2898922, 4.0, -31.1366519928
28.3139782, 4.0, -31.1811504364
29.3380642, 4.0, -31.2199707031
30.3621502, 4.0, -31.2537994385
31.3862362, 4.0, -31.2832756042
32.4103241, 4.0, -31.308965683
33.4344101, 4.0, -31.3313674927
34.4584961, 4.0, -31.3509063721
35.4825821, 4.0, -31.3679656982
36.5066681, 4.0, -31.3828830719
37.5307541, 4.0, -31.395942688
38.5548401, 4.0, -31.4073867798
39.5789261, 4.0, -31.4174251556
40.6030121, 4.0, -31.4262256622
41.6270981, 4.0, -31.4339256287
42.6511841, 4.0, -31.4406547546
43.6752701, 4.0, -31.4465408325
44.6993561, 4.0, -31.4517021179
45.7234421, 4.0, -31.456243515
46.7475281, 4.0, -31.4602642059
47.7716141, 4.0, -31.4638462067
48.7957001, 4.0, -31.4670677185
49.8197861, 4.0, -31.469997406
50.8438721, 4.0, -31.4726963043
51.8679581, 4.0, -31.4752216339
52.8920441, 4.0, -31.4776306152
53.9161301, 4.0, -31.4799728394
54.9402161, 4.0, -31.4822978973
55.9643021, 4.0, -31.4846572876
56.9883881, 4.0, -31.4871044159
58.0124741, 4.0, -31.4896888733
59.0365601, 4.0, -31.4924736023
60.0606461, 4.0, -31.4955177307
61.0847321, 4.0, -31.4988918304
62.1088181, 4.0, -31.5026779175
63.1329041, 4.0, -31.5069637299
64.1569901, 4.0, -31.5118522644
65.181076, 4.0, -31.5174655914
66.205162, 4.0, -31.5239429474
67.229248, 4.0, -31.5314502716
68.253334, 4.0, -31.5401821136
69.27742, 4.0, -31.5503673553
70.301506, 4.0, -31.5622825623
71.325592, 4.0, -31.5762557983
72.349678, 4.0, -31.5926780701
73.373764, 4.0, -31.6120262146
74.39785, 4.0, -31.6348743439
75.421936, 4.0, -31.661945343
76.446022, 4.0, -31.6941890717
77.470108, 4.0, -31.7328166962
78.494194, 4.0, -31.7792110443
79.51828, 4.0, -31.8348579407
80.542366, 4.0, -31.9016876221
81.566452, 4.0, -31.9825267792
82.590538, 4.0, -32.0806732178
83.614624, 4.0, -32.1987190247
84.63871, 4.0, -32.3386268616
85.662796, 4.0, -32.5030555725
86.686882, 4.0, -32.695438385
87.710968, 4.0, -32.9192428589
88.735054, 4.0, -33.1781463623
89.75914, 4.0, -33.4757385254
90.783226, 4.0, -33.8145942688
91.807312, 4.0, -34.2053489685
92.831398, 4.0, -34.6776237488
93.855484, 4.0, -35.2533760071
94.87957, 4.0, -35.9195022583
95.903656, 4.0, -36.6513290405
96.927742, 4.0, -37.4370193481
97.951828, 4.0, -38.2655181885
98.975914, 4.0, -39.1245079041
6.72584963, 4.80000019, -22.5814743042
7.73969889, 4.80000019, -26.2268543243
8.75354862, 4.80000019, -28.8037834167
9.76739788, 4.80000019, -30.5512866974
10.7812471, 4.80000019, -31.7031536102
11.7950964, 4.80000019, -32.4611282349
12.8089466, 4.80000019, -32.9768447876
13.8227959, 4.80000019, -33.3527946472
14.8366451, 4.80000019, -33.6516456604
15.8504944, 4.80000019, -33.9075546265
16.8643436, 4.80000019, -34.1367263794
17.8781929, 4.80000019, -34.3453216553
18.8920422, 4.80000019, -34.534954071
19.9058933, 4.80000019, -34.7071800232
20.9197426, 4.80000019, -34.8639793396
21.9335918, 4.80000019, -35.0057411194
22.9474411, 4.80000019, -35.1308746338
23.9612904, 4.80000019, -35.2401657104
24.9751396, 4.80000019, -35.3351097107
25.9889889, 4.80000019, -35.4167022705
27.0028381, 4.80000019, -35.4858703613
28.0166874, 4.80000019, -35.5450019836
29.0305386, 4.80000019, -35.5958480835
30.0443878, 4.80000019, -35.6396141052
31.0582371, 4.80000019, -35.6773033142
32.0720863, 4.80000019, -35.7097969055
33.0859337, 4.80000019, -35.7378501892
34.0997849, 4.80000019, -35.7621040344
35.113636, 4.80000019, -35.7831192017
36.1274834, 4.80000019, -35.8013687134
37.1413345, 4.80000019, -35.817150116
38.1551819, 4.80000019, -35.8306694031
39.1690331, 4.80000019, -35.8423500061
40.1828804, 4.80000019, -35.8525390625
41.1967316, 4.80000019, -35.8614273071
42.2105789, 4.80000019, -35.8691711426
43.2244301, 4.80000019, -35.875919342
44.2382813, 4.80000019, -35.8818130493
45.2521286, 4.80000019, -35.8869743347
46.2659798, 4.80000019, -35.8915176392
47.2798271, 4.80000019, -35.8955421448
48.2936783, 4.80000019, -35.8991317749
49.3075256, 4.80000019, -35.9023704529
50.3213768, 4.80000019, -35.9053230286
51.3352242, 4.80000019, -35.9080619812
52.3490753, 4.80000019, -35.9106407166
53.3629265, 4.80000019, -35.9131202698
54.3767738, 4.80000019, -35.9155540466
55.390625, 4.80000019, -35.9179954529
56.4044724, 4.80000019, -35.9204978943
57.4183235, 4.80000019, -35.923122406
58.4321709, 4.80000019, -35.9259262085
59.446022, 4.80000019, -35.9289779663
60.4598694, 4.80000019, -35.932346344
61.4737206, 4.80000019, -35.9361076355
62.4875717, 4.80000019, -35.9403648376
63.5014191, 4.80000019, -35.9452171326
64.5152664, 4.80000019, -35.9507827759
65.5291214, 4.80000019, -35.9572143555
66.5429688, 4.80000019, -35.9646759033
67.5568161, 4.80000019, -35.9733657837
68.5706635, 4.80000019, -35.9835205078
69.5845184, 4.80000019, -35.995426178
70.5983658, 4.80000019, -36.0094146729
71.6122131, 4.80000019, -36.0259017944
72.6260681, 4.80000019, -36.0453720093
73.6399155, 4.80000019, -36.0684318542
74.6537628, 4.80000019, -36.09582901
75.6676102, 4.80000019, -36.1285552979
76.6814651, 4.80000019, -36.1678199768
77.6953125, 4.80000019, -36.2149467468
78.7091599, 4.80000019, -36.2716026306
79.7230072, 4.80000019, -36.3399543762
80.7368622, 4.80000019, -36.4231529236
81.7507095, 4.80000019, -36.5286102295
82.7645569, 4.80000019, -36.665435791
83.7784119, 4.80000019, -36.8367767334
84.7922592, 4.80000019, -37.0407295227
85.8061066, 4.80000019, -37.2813110352
86.8199539, 4.80000019, -37.563331604
87.8338089, 4.80000019, -37.8908233643
88.8476563, 4.80000019, -38.2694892883
89.8615036, 4.80000019, -38.701713562
90.8753586, 4.80000019, -39.1884422302
91.8892059, 4.80000019, -39.7089920044
92.9030533, 4.80000019, -40.2643852234
93.9169006, 4.80000019, -41.1047744751
94.9307556, 4.80000019, -42.0690574646
95.944603, 4.80000019, -43.1314430237
96.9584503, 4.80000019, -44.2727890015
97.9722977, 4.80000019, -45.4773521423
98.9861526, 4.80000019, -46.7266120911
7.66761303, 5.5999999, -27.0188522339
8.67122555, 5.5999999, -30.236114502
9.67483902, 5.5999999, -32.4778060913
10.6784515, 5.5999999, -33.9859657288
11.6820641, 5.5999999, -34.9826812744
12.6856775, 5.5999999, -35.6480827332
13.68929, 5.5999999, -36.1156196594
14.6929035, 5.5999999, -36.474937439
15.696516, 5.5999999, -36.7790756226
16.7001286, 5.5999999, -37.0553207397
17.7037411, 5.5999999, -37.3130187988
18.7073555, 5.5999999, -37.5493087769
19.710968, 5.5999999, -37.7649993896
20.7145805, 5.5999999, -37.9679718018
21.7181931, 5.5999999, -38.1673545837
22.7218056, 5.5999999, -38.3514175415
23.72542, 5.5999999, -38.5141143799
24.7290325, 5.5999999, -38.6553878784
25.732645, 5.5999999, -38.7760353088
26.7362576, 5.5999999, -38.8754310608
27.7398701, 5.5999999, -38.9582061768
28.7434845, 5.5999999, -39.0279693604
29.747097, 5.5999999, -39.0869941711
30.7507095, 5.5999999, -39.1369819641
31.7543221, 5.5999999, -39.1793746948
32.7579346, 5.5999999, -39.2153968811
33.7615471, 5.5999999, -39.2460823059
34.7651596, 5.5999999, -39.2723083496
35.7687759, 5.5999999, -39.2948036194
36.7723885, 5.5999999, -39.3140411377
37.776001, 5.5999999, -39.3294563293
38.7796135, 5.5999999, -39.3419685364
39.783226, 5.5999999, -39.3526573181
40.7868385, 5.5999999, -39.3618965149
41.790451, 5.5999999, -39.3699111938
42.7940636, 5.5999999, -39.3768615723
43.7976761, 5.5999999, -39.3829078674
44.8012886, 5.5999999, -39.3881797791
45.8049049, 5.5999999, -39.3927955627
46.8085175, 5.5999999, -39.3968582153
47.81213, 5.5999999, -39.4004592896
48.8157425, 5.5999999, -39.4036827087
49.819355, 5.5999999, -39.4066009521
50.8229675, 5.5999999, -39.4092788696
51.82658, 5.5999999, -39.4117774963
52.8301926, 5.5999999, -39.4141464233
53.8338051, 5.5999999, -39.4164505005
54.8374176, 5.5999999, -39.4187316895
55.8410339, 5.5999999, -39.4210472107
56.8446465, 5.5999999, -39.42345047
57.848259, 5.5999999, -39.4259986877
58.8518715, 5.5999999, -39.4287528992
59.855484, 5.5999999, -39.4317779541
60.8590965, 5.5999999, -39.4351463318
61.862709, 5.5999999, -39.438949585
62.8663216, 5.5999999, -39.4432792664
63.8699341, 5.5999999, -39.4482498169
64.8735504, 5.5999999, -39.4539985657
65.8771591, 5.5999999, -39.4606781006
66.8807755, 5.5999999, -39.4684791565
67.8843842, 5.5999999, -39.4776229858
68.8880005, 5.5999999, -39.4883766174
69.8916092, 5.5999999, -39.5010643005
70.8952255, 5.5999999, -39.5160751343
71.8988419, 5.5999999, -39.5338859558
72.9024506, 5.5999999, -39.5550842285
73.9060669, 5.5999999, -39.5804023743
74.9096756, 5.5999999, -39.610786438
75.9132919, 5.5999999, -39.6475296021
76.9169006, 5.5999999, -39.6922492981
77.920517, 5.5999999, -39.7354049683
78.9241257, 5.5999999, -39.7833251953
79.927742, 5.5999999, -39.8417358398
80.9313583, 5.5999999, -39.9148330688
81.934967, 5.5999999, -39.9983177185
82.9385834, 5.5999999, -40.1858940125
83.9421921, 5.5999999, -40.4324378967
84.9458084, 5.5999999, -40.7289810181
85.9494171, 5.5999999, -41.0802993774
86.9530334, 5.5999999, -41.4931297302
87.9566422, 5.5999999, -41.974811554
88.9602585, 5.5999999, -42.5326690674
89.9638672, 5.5999999, -43.1734733582
90.9674835, 5.5999999, -43.9008522034
91.9710999, 5.5999999, -44.7235603333
92.9747086, 5.5999999, -45.6849899292
93.9783249, 5.5999999, -46.8181495667
94.9819336, 5.5999999, -48.1086463928
95.9855499, 5.5999999, -49.5234107971
96.9891586, 5.5999999, -51.0413093567
97.992775, 5.5999999, -52.6418037415
98.9963837, 5.5999999, -54.3026313782
8.60937595, 6.4000001, -30.4521541595
9.60275269, 6.4000001, -33.2311897278
10.5961294, 6.4000001, -35.1609382629
11.5895052, 6.4000001, -36.4581031799
12.5828819, 6.4000001, -37.3145523071
13.5762577, 6.4000001, -37.8889007568
14.5696344, 6.4000001, -38.3028869629
15.5630112, 6.4000001, -38.6378822327
16.5563869, 6.4000001, -38.9435882568
17.5497627, 6.4000001, -39.248134613
18.5431404, 6.4000001, -39.5274620056
19.5365162, 6.4000001, -39.7555389404
20.529892, 6.4000001, -39.9531135559
21.5232697, 6.4000001, -40.1820373535
22.5166454, 6.4000001, -40.4566726685
23.5100212, 6.4000001, -40.7118873596
24.503397, 6.4000001, -40.937122345
25.4967747, 6.4000001, -41.1312599182
26.4901505, 6.4000001, -41.2954139709
27.4835262, 6.4000001, -41.4329948425
28.4769039, 6.4000001, -41.5481185913
29.4702797, 6.4000001, -41.6443862915
30.4636555, 6.4000001, -41.7248306274
31.4570332, 6.4000001, -41.7920570374
32.4504089, 6.4000001, -41.8483047485
33.4437866, 6.4000001, -41.8954658508
34.4371605, 6.4000001, -41.9351425171
35.4305382, 6.4000001, -41.9686355591
36.4239159, 6.4000001, -41.9969329834
37.4172897, 6.4000001, -42.0205764771
38.4106674, 6.4000001, -42.0402755737
39.4040413, 6.4000001, -42.0569038391
40.397419, 6.4000001, -42.0711174011
41.3907967, 6.4000001, -42.0833396912
42.3841705, 6.4000001, -42.0938873291
43.3775482, 6.4000001, -42.103012085
44.3709259, 6.4000001, -42.1109352112
45.3642998, 6.4000001, -42.1178398132
46.3576775, 6.4000001, -42.1238899231
47.3510551, 6.4000001, -42.1292228699
48.344429, 6.4000001, -42.1339683533
49.3378067, 6.4000001, -42.1382293701
50.3311844, 6.4000001, -42.1421089172
51.3245583, 6.4000001, -42.145690918
52.3179359, 6.4000001, -42.1490592957
53.3113136, 6.4000001, -42.1522903442
54.3046875, 6.4000001, -42.155456543
55.2980652, 6.4000001, -42.1586341858
56.2914391, 6.4000001, -42.161895752
57.2848167, 6.4000001, -42.1653213501
58.2781944, 6.4000001, -42.1689949036
59.2715683, 6.4000001, -42.1730003357
60.264946, 6.4000001, -42.1774406433
61.2583237, 6.4000001, -42.182434082
62.2516975, 6.4000001, -42.1881065369
63.2450752, 6.4000001, -42.1946105957
64.2384491, 6.4000001, -42.2021255493
65.2318268, 6.4000001, -42.2108650208
66.2252045, 6.4000001, -42.2210769653
67.2185822, 6.4000001, -42.2330589294
68.2119598, 6.4000001, -42.247177124
69.2053299, 6.4000001, -42.2638702393
70.1987076, 6.4000001, -42.2836647034
71.1920853, 6.4000001, -42.3072128296
72.185463, 6.4000001, -42.335319519
73.1788406, 6.4000001, -42.3689727783
74.1722183, 6.4000001, -42.4094200134
75.1655884, 6.4000001, -42.4582481384
76.1589661, 6.4000001, -42.517375946
77.1523438, 6.4000001, -42.5874595642
78.1457214, 6.4000001, -42.6702041626
79.1390991, 6.4000001, -42.7696228027
80.1324768, 6.4000001, -42.8914146423
81.1258469, 6.4000001, -43.0436553955
82.1192245, 6.4000001, -43.2460289001
83.1126022, 6.4000001, -43.5109596252
84.1059799, 6.4000001, -43.8399391174
85.0993576, 6.4000001, -44.2346000671
86.0927277, 6.4000001, -44.7026786804
87.0861053, 6.4000001, -45.2537460327
88.079483, 6.4000001, -45.8977737427
89.0728607, 6.4000001, -46.6448707581
90.0662384, 6.4000001, -47.506275177
91.0596161, 6.4000001, -48.4941520691
92.0529861, 6.4000001, -49.6238746643
93.0463638, 6.4000001, -50.9153366089
94.0397415, 6.4000001, -52.3810195923
95.0331192, 6.4000001, -54.0152549744
96.0264969, 6.4000001, -55.7996826172
97.0198746, 6.4000001, -57.7166290283
98.0132446, 6.4000001, -59.7430000305
99.0066223, 6.4000001, -61.8432388306
9.55113983, 7.19999981, -32.9059677124
10.5342798, 7.19999981, -35.3143539429
11.5174198, 7.19999981, -36.9886817932
12.5005589, 7.19999981, -38.1044006348
13.4836988, 7.19999981, -38.8247642517
14.4668388, 7.19999981, -39.2967948914
15.4499788, 7.19999981, -39.6430854797
16.4331188, 7.19999981, -39.9316253662
17.4162579, 7.19999981, -40.2895736694
18.3993969, 7.19999981, -40.7211494446
19.3825378, 7.19999981, -41.1449928284
20.3656769, 7.19999981, -41.5487823486
21.3488178, 7.19999981, -41.9486160278
22.3319569, 7.19999981, -42.3383293152
23.3150959, 7.19999981, -42.6972045898
24.2982368, 7.19999981, -43.0151290894
25.2813759, 7.19999981, -43.290599823
26.2645168, 7.19999981, -43.5254516602
27.2476559, 7.19999981, -43.7234115601
28.2307949, 7.19999981, -43.8891067505
29.2139359, 7.19999981, -44.0271873474
30.1970749, 7.19999981, -44.1419296265
31.1802158, 7.19999981, -44.2371406555
32.163353, 7.19999981, -44.31615448
33.1464958, 7.19999981, -44.3818397522
34.1296349, 7.19999981, -44.4365959167
35.1127739, 7.19999981, -44.4824104309
36.0959129, 7.19999981, -44.5208740234
37.079052, 7.19999981, -44.5531845093
38.0621948, 7.19999981, -44.580368042
39.0453339, 7.19999981, -44.603351593
40.0284729, 7.19999981, -44.62292099
41.0116119, 7.19999981, -44.6396751404
41.994751, 7.19999981, -44.6540794373
42.9778938, 7.19999981, -44.6665077209
43.9610329, 7.19999981, -44.6772613525
44.9441719, 7.19999981, -44.6866073608
45.9273109, 7.19999981, -44.694770813
46.91045, 7.19999981, -44.7019386292
47.8935928, 7.19999981, -44.7082901001
48.8767319, 7.19999981, -44.7139625549
49.8598709, 7.19999981, -44.7190895081
50.8430099, 7.19999981, -44.7237892151
51.826149, 7.19999981, -44.7281684875
52.8092918, 7.19999981, -44.7323226929
53.7924309, 7.19999981, -44.7363548279
54.7755699, 7.19999981, -44.7403488159
55.758709, 7.19999981, -44.7444038391
56.741848, 7.19999981, -44.7486114502
57.7249908, 7.19999981, -44.753074646
58.7081299, 7.19999981, -44.7579078674
59.6912689, 7.19999981, -44.7632255554
60.674408, 7.19999981, -44.7691612244
61.657547, 7.19999981, -44.7758750916
62.6406898, 7.19999981, -44.7835388184
63.6238289, 7.19999981, -44.7923622131
64.6069641, 7.19999981, -44.8025970459
65.5901108, 7.19999981, -44.8145332336
66.5732498, 7.19999981, -44.8285217285
67.5563889, 7.19999981, -44.8449783325
68.5395279, 7.19999981, -44.8644142151
69.5226669, 7.19999981, -44.8874435425
70.505806, 7.19999981, -44.9148139954
71.488945, 7.19999981, -44.9474525452
72.472084, 7.19999981, -44.9864959717
73.4552231, 7.19999981, -45.0333595276
74.4383621, 7.19999981, -45.0897979736
75.4215088, 7.19999981, -45.1580123901
76.4046478, 7.19999981, -45.2404747009
77.3877869, 7.19999981, -45.3401145935
78.3709259, 7.19999981, -45.4607620239
79.3540649, 7.19999981, -45.6075439453
80.337204, 7.19999981, -45.7873764038
81.320343, 7.19999981, -46.010383606
82.3034821, 7.19999981, -46.2882041931
83.2866211, 7.19999981, -46.6306915283
84.2697601, 7.19999981, -47.0456542969
85.2529068, 7.19999981, -47.5417137146
86.2360458, 7.19999981, -48.1300048828
87.2191849, 7.19999981, -48.824596405
88.2023239, 7.19999981, -49.6369781494
89.185463, 7.19999981, -50.5797576904
90.168602, 7.19999981, -51.6663780212
91.151741, 7.19999981, -52.9130783081
92.1348801, 7.19999981, -54.3339271545
93.1180191, 7.19999981, -55.9428939819
94.1011581, 7.19999981, -57.7497749329
95.0843048, 7.19999981, -59.7539596558
96.0674438, 7.19999981, -61.9240684509
97.0505829, 7.19999981, -64.2791824341
98.0337219, 7.19999981, -66.7665939331
99.016861, 7.19999981, -69.3542556763
10.4929028, 8.0, -34.5620689392
11.465806, 8.0, -36.6930046082
12.4387093, 8.0, -38.1669311523
13.4116125, 8.0, -39.1197242737
14.3845158, 8.0, -39.6995124817
15.357419, 8.0, -40.0566558838
16.3303223, 8.0, -40.5361862183
17.3032265, 8.0, -41.0961532593
18.2761288, 8.0, -41.7032623291
19.249033, 8.0, -42.3130111694
20.2219353, 8.0, -42.9008102417
21.1948395, 8.0, -43.4591598511
22.1677418, 8.0, -43.979724884
23.140646, 8.0, -44.4520988464
24.1135483, 8.0, -44.8702926636
25.0864525, 8.0, -45.2335853577
26.0593548, 8.0, -45.5445175171
27.032259, 8.0, -45.8074951172
28.0051613, 8.0, -46.0278930664
28.9780636, 8.0, -46.2113723755
29.9509678, 8.0, -46.3633766174
30.9238701, 8.0, -46.4889297485
31.8967743, 8.0, -46.5925331116
32.8696785, 8.0, -46.6780929565
33.8425789, 8.0, -46.748916626
34.8154831, 8.0, -46.807762146
35.7883873, 8.0, -46.8568572998
36.7612915, 8.0, -46.8979911804
37.7341919, 8.0, -46.9325866699
38.7070961, 8.0, -46.9618186951
39.6800003, 8.0, -46.9866485596
40.6529045, 8.0, -47.0078430176
41.6258049, 8.0, -47.026008606
42.5987091, 8.0, -47.041633606
43.5716133, 8.0, -47.0551261902
44.5445175, 8.0, -47.066822052
45.5174179, 8.0, -47.0770111084
46.4903221, 8.0, -47.0859336853
47.4632263, 8.0, -47.0938072205
48.4361305, 8.0, -47.1008110046
49.4090309, 8.0, -47.1071090698
50.3819351, 8.0, -47.1128425598
51.3548393, 8.0, -47.1181411743
52.3277435, 8.0, -47.1231231689
53.3006439, 8.0, -47.1279067993
54.2735481, 8.0, -47.1325950623
55.2464523, 8.0, -47.1372947693
56.2193565, 8.0, -47.1421165466
57.1922569, 8.0, -47.1471786499
58.1651611, 8.0, -47.1526031494
59.1380653, 8.0, -47.1585235596
60.1109695, 8.0, -47.1650886536
61.0838699, 8.0, -47.1724624634
62.0567741, 8.0, -47.1808357239
63.0296783, 8.0, -47.1904373169
64.0025787, 8.0, -47.2015304565
64.9754868, 8.0, -47.214427948
65.9483871, 8.0, -47.2295036316
66.9212875, 8.0, -47.2472000122
67.8941956, 8.0, -47.2680549622
68.8670959, 8.0, -47.2927131653
69.8399963, 8.0, -47.3219680786
70.8129044, 8.0, -47.3567848206
71.7858047, 8.0, -47.3983459473
72.7587128, 8.0, -47.4481201172
73.7316132, 8.0, -47.5079193115
74.7045135, 8.0, -47.579990387
75.6774216, 8.0, -47.6670761108
76.650322, 8.0, -47.7725105286
77.6232224, 8.0, -47.9003486633
78.5961304, 8.0, -48.0555992126
79.5690308, 8.0, -48.2445373535
80.5419388, 8.0, -48.4750709534
81.5148392, 8.0, -48.7569656372
82.4877396, 8.0, -49.1019630432
83.4606476, 8.0, -49.520362854
84.433548, 8.0, -50.0231781006
85.4064484, 8.0, -50.6226844788
86.3793564, 8.0, -51.3323402405
87.3522568, 8.0, -52.1677589417
88.3251648, 8.0, -53.1454811096
89.2980652, 8.0, -54.2818489075
90.2709656, 8.0, -55.5909309387
91.2438736, 8.0, -57.0902137756
92.216774, 8.0, -58.8033256531
93.1896744, 8.0, -60.7115325928
94.1625824, 8.0, -62.897605896
95.1354828, 8.0, -65.3120193481
96.1083908, 8.0, -67.9407958984
97.0812912, 8.0, -70.7627410889
98.0541916, 8.0, -73.7381973267
99.0270996, 8.0, -76.8282241821
11.4346666, 8.80000019, -35.6658248901
12.3973331, 8.80000019, -37.6043205261
13.3599997, 8.80000019, -38.9217834473
14.3226671, 8.80000019, -39.7365608215
15.2853336, 8.80000019, -40.2481765747
16.2479992, 8.80000019, -40.9029846191
17.2106667, 8.80000019, -41.648639679
18.1733341, 8.80000019, -42.4360961914
19.1359997, 8.80000019, -43.2246055603
20.0986671, 8.80000019, -43.9851837158
21.0613327, 8.80000019, -44.7004585266
22.0240002, 8.80000019, -45.3589782715
22.9866657, 8.80000019, -45.9527854919
23.9493332, 8.80000019, -46.4781188965
24.9120007, 8.80000019, -46.9353103638
25.8746662, 8.80000019, -47.3276557922
26.8373337, 8.80000019, -47.6602516174
27.7999992, 8.80000019, -47.93932724
28.7626667, 8.80000019, -48.1716041565
29.7253342, 8.80000019, -48.3636207581
30.6879997, 8.80000019, -48.5216369629
31.6506672, 8.80000019, -48.6513671875
32.6133347, 8.80000019, -48.7578582764
33.5760002, 8.80000019, -48.8454360962
34.5386658, 8.80000019, -48.9176979065
35.5013351, 8.80000019, -48.9776000977
36.4640007, 8.80000019, -49.027507782
37.4266663, 8.80000019, -49.0693092346
38.3893318, 8.80000019, -49.104511261
39.3520012, 8.80000019, -49.1343078613
40.3146667, 8.80000019, -49.1596565247
41.2773323, 8.80000019, -49.1813163757
42.2400017, 8.80000019, -49.1998939514
43.2026672, 8.80000019, -49.2158966064
44.1653328, 8.80000019, -49.2297325134
45.1279984, 8.80000019, -49.2417564392
46.0906677, 8.80000019, -49.2522621155
47.0533333, 8.80000019, -49.2615013123
48.0159988, 8.80000019, -49.2696914673
48.9786682, 8.80000019, -49.2770233154
49.9413338, 8.80000019, -49.283657074
50.9039993, 8.80000019, -49.2897491455
51.8666649, 8.80000019, -49.2954292297
52.8293343, 8.80000019, -49.3008270264
53.7919998, 8.80000019, -49.3060646057
54.7546654, 8.80000019, -49.3112564087
55.7173347, 8.80000019, -49.3165245056
56.6800003, 8.80000019, -49.3219871521
57.6426659, 8.80000019, -49.3277778625
58.6053352, 8.80000019, -49.3340492249
59.5680008, 8.80000019, -49.3409423828
60.5306664, 8.80000019, -49.3486366272
61.4933319, 8.80000019, -49.3573226929
62.4560013, 8.80000019, -49.3672370911
63.4186668, 8.80000019, -49.3786430359
64.3813324, 8.80000019, -49.3918647766
65.3440018, 8.80000019, -49.4072723389
66.3066635, 8.80000019, -49.4253082275
67.2693329, 8.80000019, -49.4465141296
68.2320023, 8.80000019, -49.4715270996
69.194664, 8.80000019, -49.5011291504
70.1573334, 8.80000019, -49.5362739563
71.1200027, 8.80000019, -49.5781288147
72.0826645, 8.80000019, -49.6281280518
73.0453339, 8.80000019, -49.6880455017
74.0080032, 8.80000019, -49.7600593567
74.970665, 8.80000019, -49.8468551636
75.9333344, 8.80000019, -49.9517250061
76.8960037, 8.80000019, -50.078666687
77.8586655, 8.80000019, -50.2325439453
78.8213348, 8.80000019, -50.4192771912
79.7839966, 8.80000019, -50.6460876465
80.746666, 8.80000019, -50.9216804504
81.7093353, 8.80000019, -51.2560272217
82.6719971, 8.80000019, -51.660823822
83.6346664, 8.80000019, -52.1489906311
84.5973358, 8.80000019, -52.7343025208
85.5599976, 8.80000019, -53.4319152832
86.5226669, 8.80000019, -54.2581329346
87.4853363, 8.80000019, -55.2299613953
88.447998, 8.80000019, -56.3672561646
89.4106674, 8.80000019, -57.6920585632
90.3733368, 8.80000019, -59.2295417786
91.3359985, 8.80000019, -60.96692276
92.2986679, 8.80000019, -63.0054283142
93.2613297, 8.80000019, -65.3142852783
94.223999, 8.80000019, -67.8985137939
95.1866684, 8.80000019, -70.7511062622
96.1493301, 8.80000019, -73.8429412842
97.1119995, 8.80000019, -77.1474304199
98.0746689, 8.80000019, -80.6397323608
99.0373306, 8.80000019, -84.2760009766
12.3764305, 9.60000038, -36.4478225708
13.3288603, 9.60000038, -38.2574462891
14.2812901, 9.60000038, -39.4549102783
15.2337208, 9.60000038, -40.1808357239
16.1861496, 9.60000038, -41.0110664368
17.1385803, 9.60000038, -41.9327468872
18.091011, 9.60000038, -42.8962440491
19.0434418, 9.60000038, -43.8587036133
19.9958706, 9.60000038, -44.7871665955
20.9483013, 9.60000038, -45.6589012146
21.900732, 9.60000038, -46.4593696594
22.8531609, 9.60000038, -47.1802902222
23.8055916, 9.60000038, -47.818572998
24.7580223, 9.60000038, -48.3752555847
25.7104511, 9.60000038, -48.8542785645
26.6628819, 9.60000038, -49.2611961365
27.6153126, 9.60000038, -49.6029624939
28.5677414, 9.60000038, -49.8876037598
29.5201721, 9.60000038, -50.1225471497
30.4726028, 9.60000038, -50.3152275085
31.4250317, 9.60000038, -50.472618103
32.3774605, 9.60000038, -50.6010284424
33.3298912, 9.60000038, -50.7059173584
34.2823219, 9.60000038, -50.7918586731
35.2347527, 9.60000038, -50.8625907898
36.1871834, 9.60000038, -50.9211273193
37.1396141, 9.60000038, -50.9698677063
38.0920448, 9.60000038, -51.0106964111
39.0444717, 9.60000038, -51.0450973511
39.9969025, 9.60000038, -51.0742416382
40.9493332, 9.60000038, -51.0990524292
41.9017639, 9.60000038, -51.1202697754
42.8541946, 9.60000038, -51.1384925842
43.8066254, 9.60000038, -51.154209137
44.7590523, 9.60000038, -51.1678352356
45.711483, 9.60000038, -51.1797103882
46.6639137, 9.60000038, -51.1901283264
47.6163445, 9.60000038, -51.1993293762
48.5687752, 9.60000038, -51.20753479
49.5212059, 9.60000038, -51.2149238586
50.4736328, 9.60000038, -51.2216682434
51.4260635, 9.60000038, -51.2279129028
52.3784943, 9.60000038, -51.233795166
53.330925, 9.60000038, -51.2394447327
54.2833557, 9.60000038, -51.2449874878
55.2357864, 9.60000038, -51.2505455017
56.1882133, 9.60000038, -51.2562484741
57.1406441, 9.60000038, -51.26222229
58.0930748, 9.60000038, -51.2686080933
59.0455055, 9.60000038, -51.2755622864
59.9979362, 9.60000038, -51.2832565308
60.950367, 9.60000038, -51.291885376
61.9027939, 9.60000038, -51.3016700745
62.8552246, 9.60000038, -51.3128738403
63.8076553, 9.60000038, -51.3257980347
64.7600861, 9.60000038, -51.3408088684
65.7125168, 9.60000038, -51.3583335876
66.6649475, 9.60000038, -51.3788795471
67.6173782, 9.60000038, -51.4030532837
68.569809, 9.60000038, -51.4315948486
69.5222397, 9.60000038, -51.4653968811
70.4746704, 9.60000038, -51.5055465698
71.4270935, 9.60000038, -51.5533828735
72.3795242, 9.60000038, -51.6105575562
73.331955, 9.60000038, -51.6790962219
74.2843857, 9.60000038, -51.7614974976
75.2368164, 9.60000038, -51.8608207703
76.1892471, 9.60000038, -51.9807929993
77.1416779, 9.60000038, -52.1259498596
78.0941086, 9.60000038, -52.3018035889
79.0465393, 9.60000038, -52.5150260925
79.99897, 9.60000038, -52.7736549377
80.9514008, 9.60000038, -53.0872573853
81.9038315, 9.60000038, -53.466796875
82.8562546, 9.60000038, -53.9241523743
83.8086853, 9.60000038, -54.4747123718
84.761116, 9.60000038, -55.135181427
85.7135468, 9.60000038, -55.9241218567
86.6659775, 9.60000038, -56.8598709106
87.6184082, 9.60000038, -57.9670372009
88.5708389, 9.60000038, -59.2729606628
89.5232697, 9.60000038, -60.7686653137
90.4757004, 9.60000038, -62.5723152161
91.4281311, 9.60000038, -64.659072876
92.3805618, 9.60000038, -67.0462799072
93.3329926, 9.60000038, -69.7411346436
94.2854156, 9.60000038, -72.7423248291
95.2378464, 9.60000038, -76.0340270996
96.1902771, 9.60000038, -79.6049041748
97.1427078, 9.60000038, -83.423538208
98.0951385, 9.60000038, -87.4630737305
99.0475693, 9.60000038, -91.677734375
13.3181934, 10.3999996, -37.077545166
14.2603874, 10.3999996, -38.7969093323
15.2025805, 10.3999996, -39.8926391602
16.1447735, 10.3999996, -40.858001709
17.0869675, 10.3999996, -41.9406776428
18.0291615, 10.3999996, -43.0718536377
18.9713554, 10.3999996, -44.2028770447
19.9135475, 10.3999996, -45.2959747314
20.8557415, 10.3999996, -46.3238601685
21.7979355, 10.3999996, -47.2687492371
22.7401295, 10.3999996, -48.1208534241
23.6823235, 10.3999996, -48.876789093
24.6245155, 10.3999996, -49.5378990173
25.5667095, 10.3999996, -50.108833313
26.5089035, 10.3999996, -50.5951194763
27.4510975, 10.3999996, -51.003452301
28.3932896, 10.3999996, -51.3418731689
29.3354836, 10.3999996, -51.6201934814
30.2776775, 10.3999996, -51.8478546143
31.2198715, 10.3999996, -52.0328979492
32.1620636, 10.3999996, -52.1829528809
33.1042595, 10.3999996, -52.3046760559
34.0464516, 10.3999996, -52.40366745
34.9886436, 10.3999996, -52.4845275879
35.9308395, 10.3999996, -52.5509490967
36.8730316, 10.3999996, -52.6058692932
37.8152275, 10.3999996, -52.6515808105
38.7574196, 10.3999996, -52.6898765564
39.6996117, 10.3999996, -52.7221641541
40.6418076, 10.3999996, -52.7495307922
41.5839996, 10.3999996, -52.7728462219
42.5261917, 10.3999996, -52.7928085327
43.4683876, 10.3999996, -52.8099822998
44.4105797, 10.3999996, -52.8248329163
45.3527756, 10.3999996, -52.8377418518
46.2949677, 10.3999996, -52.8490333557
47.2371597, 10.3999996, -52.8589820862
48.1793556, 10.3999996, -52.8678207397
49.1215477, 10.3999996, -52.8757476807
50.0637436, 10.3999996, -52.8829421997
51.0059357, 10.3999996, -52.8895568848
51.9481277, 10.3999996, -52.8957443237
52.8903236, 10.3999996, -52.9016342163
53.8325157, 10.3999996, -52.9073524475
54.7747078, 10.3999996, -52.9130325317
55.7169037, 10.3999996, -52.9187889099
56.6590958, 10.3999996, -52.9247589111
57.6012917, 10.3999996, -52.9310760498
58.5434837, 10.3999996, -52.937877655
59.4856758, 10.3999996, -52.9453277588
60.4278717, 10.3999996, -52.9536209106
61.3700638, 10.3999996, -52.9629669189
62.3122597, 10.3999996, -52.9736061096
63.2544518, 10.3999996, -52.985824585
64.1966476, 10.3999996, -52.9999504089
65.1388397, 10.3999996, -53.0163879395
66.0810318, 10.3999996, -53.0356063843
67.0232239, 10.3999996, -53.0581588745
67.965416, 10.3999996, -53.0847244263
68.9076157, 10.3999996, -53.116104126
69.8498077, 10.3999996, -53.1532783508
70.7919998, 10.3999996, -53.1974487305
71.7341919, 10.3999996, -53.2500991821
72.676384, 10.3999996, -53.3130531311
73.6185837, 10.3999996, -53.3885498047
74.5607758, 10.3999996, -53.4793434143
75.5029678, 10.3999996, -53.5887870789
76.4451599, 10.3999996, -53.7209663391
77.387352, 10.3999996, -53.8808517456
78.3295517, 10.3999996, -54.0744857788
79.2717438, 10.3999996, -54.3091850281
80.2139359, 10.3999996, -54.593788147
81.1561279, 10.3999996, -54.938835144
82.09832, 10.3999996, -55.3566741943
83.0405197, 10.3999996, -55.8618812561
83.9827118, 10.3999996, -56.4713745117
84.9249039, 10.3999996, -57.2030105591
85.8670959, 10.3999996, -58.0810623169
86.809288, 10.3999996, -59.1322898865
87.7514801, 10.3999996, -60.3469810486
88.6936798, 10.3999996, -61.8609428406
89.6358719, 10.3999996, -63.6507034302
90.578064, 10.3999996, -65.7421569824
91.520256, 10.3999996, -68.1535110474
92.4624481, 10.3999996, -70.8964996338
93.4046478, 10.3999996, -73.9768753052
94.3468399, 10.3999996, -77.3907546997
95.289032, 10.3999996, -81.1326904297
96.2312241, 10.3999996, -85.2024002075
97.1734161, 10.3999996, -89.5698394775
98.1156158, 10.3999996, -94.1946334839
99.0578079, 10.3999996, -99.0249481201
14.2599573, 11.1999998, -37.6519241333
15.1919136, 11.1999998, -39.3102531433
16.1238708, 11.1999998, -40.4409141541
17.0558281, 11.1999998, -41.67004776
17.9877853, 11.1999998, -42.9585266113
18.9197426, 11.1999998, -44.2515945435
19.8516998, 11.1999998, -45.5059127808
20.7836552, 11.1999998, -46.6892585754
21.7156124, 11.1999998, -47.7801017761
22.6475697, 11.1999998, -48.7662658691
23.5795269, 11.1999998, -49.6433296204
24.5114841, 11.1999998, -50.4132080078
25.4434414, 11.1999998, -51.0784034729
26.3753986, 11.1999998, -51.6447525024
27.307354, 11.1999998, -52.1208572388
28.2393112, 11.1999998, -52.5155181885
29.1712685, 11.1999998, -52.8385848999
30.1032257, 11.1999998, -53.1006011963
31.035183, 11.1999998, -53.3123779297
31.9671402, 11.1999998, -53.4830970764
32.8990974, 11.1999998, -53.6206626892
33.8310547, 11.1999998, -53.7317199707
34.7630119, 11.1999998, -53.821723938
35.6949692, 11.1999998, -53.8950767517
36.6269264, 11.1999998, -53.9552612305
37.5588799, 11.1999998, -54.0049972534
38.4908371, 11.1999998, -54.0464019775
39.4227943, 11.1999998, -54.081111908
40.3547516, 11.1999998, -54.1103897095
41.2867088, 11.1999998, -54.1352310181
42.2186661, 11.1999998, -54.1564216614
43.1506233, 11.1999998, -54.1746025085
44.0825806, 11.1999998, -54.1902770996
45.0145378, 11.1999998, -54.203868866
45.9464951, 11.1999998, -54.2157325745
46.8784523, 11.1999998, -54.2261543274
47.8104095, 11.1999998, -54.2353820801
48.7423668, 11.1999998, -54.2436294556
49.674324, 11.1999998, -54.2510795593
50.6062813, 11.1999998, -54.2578926086
51.5382347, 11.1999998, -54.2642211914
52.470192, 11.1999998, -54.2701950073
53.4021492, 11.1999998, -54.2759475708
54.3341064, 11.1999998, -54.2816009521
55.2660637, 11.1999998, -54.2872772217
56.1980209, 11.1999998, -54.2930984497
57.1299782, 11.1999998, -54.2992019653
58.0619354, 11.1999998, -54.3057174683
58.9938927, 11.1999998, -54.3128013611
59.9258499, 11.1999998, -54.3206214905
60.8578072, 11.1999998, -54.3293838501
61.7897644, 11.1999998, -54.3393058777
62.7217216, 11.1999998, -54.3506507874
63.6536789, 11.1999998, -54.3637275696
64.5856323, 11.1999998, -54.3788871765
65.5175934, 11.1999998, -54.3965644836
66.4495468, 11.1999998, -54.4172592163
67.3815079, 11.1999998, -54.441570282
68.3134613, 11.1999998, -54.4702186584
69.2454224, 11.1999998, -54.5040740967
70.1773758, 11.1999998, -54.5441894531
71.1093369, 11.1999998, -54.5918693542
72.0412903, 11.1999998, -54.6487159729
72.9732437, 11.1999998, -54.7167129517
73.9052048, 11.1999998, -54.7982902527
74.8371582, 11.1999998, -54.8964233398
75.7691193, 11.1999998, -55.0147285461
76.7010727, 11.1999998, -55.1576118469
77.6330338, 11.1999998, -55.3304138184
78.5649872, 11.1999998, -55.5396347046
79.4969482, 11.1999998, -55.7931938171
80.4289017, 11.1999998, -56.1006736755
81.3608627, 11.1999998, -56.4736404419
82.2928162, 11.1999998, -56.9260749817
83.2247772, 11.1999998, -57.4746551514
84.1567307, 11.1999998, -58.1381340027
85.0886917, 11.1999998, -58.9411125183
86.0206451, 11.1999998, -59.897731781
86.9525986, 11.1999998, -61.0727157593
87.8845596, 11.1999998, -62.5292282104
88.8165131, 11.1999998, -64.2725524902
89.7484741, 11.1999998, -66.3246459961
90.6804276, 11.1999998, -68.7041931152
91.6123886, 11.1999998, -71.4320297241
92.544342, 11.1999998, -74.5233383179
93.4763031, 11.1999998, -77.982635498
94.4082565, 11.1999998, -81.8093948364
95.3402176, 11.1999998, -86.0298995972
96.272171, 11.1999998, -90.6265258789
97.2041321, 11.1999998, -95.5690307617
98.1360855, 11.1999998, -100.819511414
99.0680466, 11.1999998, -106.326148987
15.2017202, 12.0, -38.2062911987
16.1234417, 12.0, -39.7897796631
17.0451622, 12.0, -41.1257209778
17.9668808, 12.0, -42.5583114624
18.8886013, 12.0, -44.0054893494
19.8103218, 12.0, -45.4168243408
20.7320423, 12.0, -46.7543640137
21.6537628, 12.0, -47.9919815063
22.5754833, 12.0, -49.1142578125
23.4972038, 12.0, -50.1147232056
24.4189243, 12.0, -50.9942131042
25.3406448, 12.0, -51.7553138733
26.2623653, 12.0, -52.404750824
27.1840858, 12.0, -52.9491348267
28.1058064, 12.0, -53.3989944458
29.0275269, 12.0, -53.7667198181
29.9492474, 12.0, -54.0645599365
30.8709679, 12.0, -54.3043022156
31.7926884, 12.0, -54.4965515137
32.7144089, 12.0, -54.6504936218
33.6361275, 12.0, -54.773891449
34.5578499, 12.0, -54.8731307983
35.4795685, 12.0, -54.9533615112
36.4012909, 12.0, -55.0186653137
37.3230095, 12.0, -55.0722236633
38.2447319, 12.0, -55.1164970398
39.1664505, 12.0, -55.1533813477
40.0881729, 12.0, -55.1843299866
41.0098915, 12.0, -55.2104721069
41.9316139, 12.0, -55.2326889038
42.8533325, 12.0, -55.2516822815
43.7750549, 12.0, -55.2680168152
44.6967735, 12.0, -55.2821426392
45.6184959, 12.0, -55.2944412231
46.5402145, 12.0, -55.3052215576
47.461937, 12.0, -55.3147354126
48.3836555, 12.0, -55.3232116699
49.305378, 12.0, -55.3308410645
50.2270966, 12.0, -55.3377799988
51.148819, 12.0, -55.3441886902
52.0705376, 12.0, -55.3501968384
52.9922562, 12.0, -55.3559303284
53.9139786, 12.0, -55.3615150452
54.8356972, 12.0, -55.3670654297
55.7574196, 12.0, -55.3727073669
56.6791382, 12.0, -55.3785629272
57.6008606, 12.0, -55.3847579956
58.5225792, 12.0, -55.3914413452
59.4443016, 12.0, -55.398765564
60.3660202, 12.0, -55.4069137573
61.2877426, 12.0, -55.4160881042
62.2094612, 12.0, -55.4265289307
63.1311836, 12.0, -55.4385147095
64.0529022, 12.0, -55.4523582458
64.9746246, 12.0, -55.4684524536
65.896347, 12.0, -55.4872436523
66.8180618, 12.0, -55.5092658997
67.7397842, 12.0, -55.53515625
68.6615067, 12.0, -55.5656738281
69.5832291, 12.0, -55.6017417908
70.5049438, 12.0, -55.6444892883
71.4266663, 12.0, -55.6952972412
72.3483887, 12.0, -55.7558937073
73.2701111, 12.0, -55.8283996582
74.1918259, 12.0, -55.9154205322
75.1135483, 12.0, -56.0201339722
76.0352707, 12.0, -56.1463928223
76.9569855, 12.0, -56.2988548279
77.8787079, 12.0, -56.4831809998
78.8004303, 12.0, -56.706237793
79.7221527, 12.0, -56.9763717651
80.6438675, 12.0, -57.3037719727
81.5655899, 12.0, -57.7009468079
82.4873123, 12.0, -58.1829071045
83.4090347, 12.0, -58.7704429626
84.3307495, 12.0, -59.486541748
85.2524719, 12.0, -60.3388137817
86.1741943, 12.0, -61.459487915
87.0959167, 12.0, -62.8389892578
88.0176315, 12.0, -64.5026473999
88.9393539, 12.0, -66.4733276367
89.8610764, 12.0, -68.7740402222
90.7827988, 12.0, -71.4287567139
91.7045135, 12.0, -74.4634780884
92.626236, 12.0, -77.8900909424
93.5479584, 12.0, -81.7155380249
94.4696808, 12.0, -85.9853668213
95.3913956, 12.0, -90.6983108521
96.313118, 12.0, -95.8440551758
97.2348404, 12.0, -101.399436951
98.1565628, 12.0, -107.328834534
99.0782776, 12.0, -113.554710388
16.1434841, 12.8000002, -38.757686615
17.0549679, 12.8000002, -40.3080673218
17.9664516, 12.8000002, -41.8790397644
18.8779354, 12.8000002, -43.4707603455
19.7894192, 12.8000002, -45.0339317322
20.7009029, 12.8000002, -46.5238227844
21.6123867, 12.8000002, -47.9086418152
22.5238705, 12.8000002, -49.1687698364
23.4353542, 12.8000002, -50.2946891785
24.346838, 12.8000002, -51.2850570679
25.2583218, 12.8000002, -52.1435203552
26.1698055, 12.8000002, -52.8765029907
27.0812912, 12.8000002, -53.4908561707
27.992775, 12.8000002, -53.9985961914
28.9042587, 12.8000002, -54.413143158
29.8157425, 12.8000002, -54.7482147217
30.7272263, 12.8000002, -55.0170059204
31.63871, 12.8000002, -55.231552124
32.5501938, 12.8000002, -55.4023857117
33.4616776, 12.8000002, -55.5384292603
34.3731613, 12.8000002, -55.6470451355
35.2846451, 12.8000002, -55.7341842651
36.1961288, 12.8000002, -55.8045578003
37.1076126, 12.8000002, -55.861831665
38.0190964, 12.8000002, -55.9088478088
38.9305801, 12.8000002, -55.9477615356
39.8420639, 12.8000002, -55.9802360535
40.7535477, 12.8000002, -56.0075340271
41.6650314, 12.8000002, -56.0306434631
42.5765152, 12.8000002, -56.0503311157
43.487999, 12.8000002, -56.0672149658
44.3994827, 12.8000002, -56.0817832947
45.3109665, 12.8000002, -56.0944328308
46.2224503, 12.8000002, -56.1054916382
47.133934, 12.8000002, -56.115234375
48.0454178, 12.8000002, -56.1238861084
48.9569016, 12.8000002, -56.1316413879
49.8683853, 12.8000002, -56.138671875
50.7798691, 12.8000002, -56.1451263428
51.6913567, 12.8000002, -56.1511383057
52.6028404, 12.8000002, -56.1568374634
53.5143242, 12.8000002, -56.1623382568
54.425808, 12.8000002, -56.167755127
55.3372917, 12.8000002, -56.173210144
56.2487755, 12.8000002, -56.178817749
57.1602592, 12.8000002, -56.1846961975
58.071743, 12.8000002, -56.1909866333
58.9832268, 12.8000002, -56.1978263855
59.8947105, 12.8000002, -56.2053833008
60.8061943, 12.8000002, -56.2138404846
61.7176781, 12.8000002, -56.2234153748
62.6291618, 12.8000002, -56.2343521118
63.5406456, 12.8000002, -56.2469444275
64.4521255, 12.8000002, -56.2615318298
65.3636093, 12.8000002, -56.2785186768
66.2750931, 12.8000002, -56.298374176
67.1865768, 12.8000002, -56.3216590881
68.0980682, 12.8000002, -56.3490486145
69.009552, 12.8000002, -56.3813400269
69.9210358, 12.8000002, -56.4195022583
70.8325195, 12.8000002, -56.4647254944
71.7440033, 12.8000002, -56.5184898376
72.6554871, 12.8000002, -56.5826301575
73.5669708, 12.8000002, -56.6594085693
74.4784546, 12.8000002, -56.7515945435
75.3899384, 12.8000002, -56.8625679016
76.3014221, 12.8000002, -56.996383667
77.2129059, 12.8000002, -57.157913208
78.1243896, 12.8000002, -57.3530349731
79.0358734, 12.8000002, -57.5888404846
79.9473572, 12.8000002, -57.8739280701
80.8588409, 12.8000002, -58.2187385559
81.7703247, 12.8000002, -58.6360969543
82.6818085, 12.8000002, -59.144443512
83.5932922, 12.8000002, -59.762638092
84.504776, 12.8000002, -60.5355377197
85.4162598, 12.8000002, -61.5605316162
86.3277435, 12.8000002, -62.8398284912
87.2392273, 12.8000002, -64.3974151611
88.1507111, 12.8000002, -66.2546386719
89.0621948, 12.8000002, -68.4368591309
89.9736786, 12.8000002, -70.9718933105
90.8851624, 12.8000002, -73.8888397217
91.7966461, 12.8000002, -77.2123260498
92.7081299, 12.8000002, -80.9530029297
93.6196136, 12.8000002, -85.1698913574
94.5310974, 12.8000002, -89.8812713623
95.4425812, 12.8000002, -95.0969314575
96.3540649, 12.8000002, -100.819526672
97.2655487, 12.8000002, -107.032608032
98.1770325, 12.8000002, -113.682182312
99.0885162, 12.8000002, -120.702079773
17.085247, 13.6000004, -39.2965164185
17.9864941, 13.6000004, -40.9419250488
18.8877411, 13.6000004, -42.6583251953
19.78899, 13.6000004, -44.3671035767
20.690237, 13.6000004, -46.0072174072
21.5914841, 13.6000004, -47.5395431519
22.4927311, 13.6000004, -48.9395141602
23.3939781, 13.6000004, -50.1935462952
24.2952251, 13.6000004, -51.2972297668
25.1964722, 13.6000004, -52.2548217773
26.0977211, 13.6000004, -53.0726547241
26.9989681, 13.6000004, -53.7592010498
27.9002151, 13.6000004, -54.3266525269
28.8014622, 13.6000004, -54.7894477844
29.7027092, 13.6000004, -55.1627426147
30.6039562, 13.6000004, -55.4612846375
31.5052052, 13.6000004, -55.6986198425
32.4064522, 13.6000004, -55.8866691589
33.3076973, 13.6000004, -56.0355644226
34.2089462, 13.6000004, -56.1536827087
35.1101952, 13.6000004, -56.2477912903
36.0114403, 13.6000004, -56.3232460022
36.9126892, 13.6000004, -56.384223938
37.8139343, 13.6000004, -56.4339370728
38.7151833, 13.6000004, -56.4748306274
39.6164284, 13.6000004, -56.5087661743
40.5176773, 13.6000004, -56.5371627808
41.4189262, 13.6000004, -56.5611114502
42.3201714, 13.6000004, -56.5814476013
43.2214203, 13.6000004, -56.5988349915
44.1226654, 13.6000004, -56.6138038635
45.0239143, 13.6000004, -56.6267738342
45.9251595, 13.6000004, -56.638092041
46.8264084, 13.6000004, -56.6480369568
47.7276573, 13.6000004, -56.6568450928
48.6289024, 13.6000004, -56.6647186279
49.5301514, 13.6000004, -56.6718292236
50.4313965, 13.6000004, -56.6783256531
51.3326454, 13.6000004, -56.6843414307
52.2338943, 13.6000004, -56.6900062561
53.1351395, 13.6000004, -56.6954345703
54.0363884, 13.6000004, -56.7007369995
54.9376335, 13.6000004, -56.7060241699
55.8388824, 13.6000004, -56.7114105225
56.7401276, 13.6000004, -56.7170066833
57.6413765, 13.6000004, -56.7229423523
58.5426254, 13.6000004, -56.729347229
59.4438705, 13.6000004, -56.7363700867
60.3451195, 13.6000004, -56.7441825867
61.2463646, 13.6000004, -56.7529754639
62.1476135, 13.6000004, -56.7629737854
63.0488586, 13.6000004, -56.774433136
63.9501076, 13.6000004, -56.7876663208
64.8513565, 13.6000004, -56.803024292
65.7526016, 13.6000004, -56.820930481
66.6538467, 13.6000004, -56.8418807983
67.5550995, 13.6000004, -56.8664703369
68.4563446, 13.6000004, -56.8953895569
69.3575897, 13.6000004, -56.929485321
70.2588425, 13.6000004, -56.9697799683
71.1600876, 13.6000004, -57.0175323486
72.0613327, 13.6000004, -57.0743217468
72.9625778, 13.6000004, -57.1421012878
73.8638306, 13.6000004, -57.223285675
74.7650757, 13.6000004, -57.3208274841
75.6663208, 13.6000004, -57.438293457
76.5675735, 13.6000004, -57.5799407959
77.4688187, 13.6000004, -57.7508125305
78.3700638, 13.6000004, -57.9569358826
79.2713089, 13.6000004, -58.2055206299
80.1725616, 13.6000004, -58.5051345825
81.0738068, 13.6000004, -58.8659515381
81.9750519, 13.6000004, -59.3019676208
82.8763046, 13.6000004, -59.8290634155
83.7775497, 13.6000004, -60.5050125122
84.6787949, 13.6000004, -61.4210166931
85.58004, 13.6000004, -62.5819664001
86.4812927, 13.6000004, -64.0107040405
87.3825378, 13.6000004, -65.7290802002
88.283783, 13.6000004, -67.7622528076
89.1850357, 13.6000004, -70.1385345459
90.0862808, 13.6000004, -72.8881912231
90.9875259, 13.6000004, -76.0479736328
91.8887711, 13.6000004, -79.6408691406
92.7900238, 13.6000004, -83.705291748
93.6912689, 13.6000004, -88.3020019531
94.592514, 13.6000004, -93.4476394653
95.4937668, 13.6000004, -99.1841506958
96.3950119, 13.6000004, -105.509552002
97.296257, 13.6000004, -112.413070679
98.1975021, 13.6000004, -119.851394653
99.0987549, 13.6000004, -127.752098083
18.02701, 14.3999996, -39.7591705322
18.9180222, 14.3999996, -41.5772590637
19.8090324, 14.3999996, -43.429775238
20.7000427, 14.3999996, -45.2184104919
21.591053, 14.3999996, -46.8984336853
22.4820652, 14.3999996, -48.4407463074
23.3730755, 14.3999996, -49.8268127441
24.2640858, 14.3999996, -51.0474700928
25.1550961, 14.3999996, -52.1065216064
26.0461082, 14.3999996, -53.010684967
26.9371185, 14.3999996, -53.770450592
27.8281288, 14.3999996, -54.3982276917
28.7191391, 14.3999996, -54.9095497131
29.6101513, 14.3999996, -55.3211212158
30.5011616, 14.3999996, -55.6493415833
31.3921719, 14.3999996, -55.9093589783
32.2831841, 14.3999996, -56.1145248413
33.1741943, 14.3999996, -56.2761993408
34.0652046, 14.3999996, -56.4037742615
34.9562149, 14.3999996, -56.5048332214
35.8472252, 14.3999996, -56.5853652954
36.7382355, 14.3999996, -56.6500434875
37.6292458, 14.3999996, -56.7024536133
38.5202599, 14.3999996, -56.7453308105
39.4112701, 14.3999996, -56.7807350159
40.3022804, 14.3999996, -56.8102340698
41.1932907, 14.3999996, -56.8350219727
42.084301, 14.3999996, -56.856010437
42.9753113, 14.3999996, -56.8739128113
43.8663216, 14.3999996, -56.889289856
44.7573318, 14.3999996, -56.9025878906
45.6483459, 14.3999996, -56.9141693115
46.5393562, 14.3999996, -56.9243278503
47.4303665, 14.3999996, -56.9333076477
48.3213768, 14.3999996, -56.9413108826
49.2123871, 14.3999996, -56.9485168457
50.1033974, 14.3999996, -56.9550743103
50.9944077, 14.3999996, -56.9611167908
51.8854179, 14.3999996, -56.9667739868
52.7764282, 14.3999996, -56.9721565247
53.6674423, 14.3999996, -56.9773750305
54.5584526, 14.3999996, -56.9825325012
55.4494629, 14.3999996, -56.987739563
56.3404732, 14.3999996, -56.9931030273
57.2314835, 14.3999996, -56.9987411499
58.1224937, 14.3999996, -57.004776001
59.013504, 14.3999996, -57.0113487244
59.9045143, 14.3999996, -57.0186080933
60.7955284, 14.3999996, -57.0267295837
61.6865387, 14.3999996, -57.0359153748
62.577549, 14.3999996, -57.0464019775
63.4685593, 14.3999996, -57.0584564209
64.3595734, 14.3999996, -57.0724029541
65.2505798, 14.3999996, -57.0886154175
66.1415939, 14.3999996, -57.1075401306
67.0326004, 14.3999996, -57.1296958923
67.9236145, 14.3999996, -57.1557006836
68.814621, 14.3999996, -57.186290741
69.7056351, 14.3999996, -57.2223548889
70.5966415, 14.3999996, -57.2649803162
71.4876556, 14.3999996, -57.3155174255
72.3786697, 14.3999996, -57.3756523132
73.2696762, 14.3999996, -57.4474906921
74.1606903, 14.3999996, -57.5336151123
75.0516968, 14.3999996, -57.6371765137
75.9427109, 14.3999996, -57.7619552612
76.8337173, 14.3999996, -57.9124107361
77.7247314, 14.3999996, -58.0937843323
78.6157455, 14.3999996, -58.31224823
79.506752, 14.3999996, -58.5752220154
80.3977661, 14.3999996, -58.891330719
81.2887726, 14.3999996, -59.2694892883
82.1797867, 14.3999996, -59.7223548889
83.0707932, 14.3999996, -60.2897758484
83.9618073, 14.3999996, -61.0813713074
84.8528137, 14.3999996, -62.1079788208
85.7438278, 14.3999996, -63.3908424377
86.6348419, 14.3999996, -64.9510879517
87.5258484, 14.3999996, -66.8128128052
88.4168625, 14.3999996, -69.0027084351
89.307869, 14.3999996, -71.5511856079
90.1988831, 14.3999996, -74.4962615967
91.0898895, 14.3999996, -77.8744888306
91.9809036, 14.3999996, -81.7179718018
92.8719177, 14.3999996, -86.1031036377
93.7629242, 14.3999996, -91.0631866455
94.6539383, 14.3999996, -96.6470413208
95.5449448, 14.3999996, -102.895477295
96.4359589, 14.3999996, -109.853004456
97.3269653, 14.3999996, -117.492271423
98.2179794, 14.3999996, -125.791030884
99.1089859, 14.3999996, -134.677490234
18.9687748, 15.1999998, -40.2356033325
19.8495483, 15.1999998, -42.2425994873
20.7303219, 15.1999998, -44.1756744385
21.6110973, 15.1999998, -46.0022468567
22.4918709, 15.1999998, -47.6897468567
23.3726444, 15.1999998, -49.2130470276
24.2534199, 15.1999998, -50.5567321777
25.1341934, 15.1999998, -51.7202568054
26.014967, 15.1999998, -52.7113647461
26.8957424, 15.1999998, -53.5437240601
27.776516, 15.1999998, -54.2305984497
28.6572895, 15.1999998, -54.7889823914
29.538065, 15.1999998, -55.237361908
30.4188385, 15.1999998, -55.5939559937
31.299612, 15.1999998, -55.875579834
32.1803856, 15.1999998, -56.097038269
33.061161, 15.1999998, -56.2709007263
33.9419365, 15.1999998, -56.4075241089
34.8227081, 15.1999998, -56.5152664185
35.7034836, 15.1999998, -56.6007194519
36.584259, 15.1999998, -56.6690177917
37.4650307, 15.1999998, -56.7240943909
38.3458061, 15.1999998, -56.7689437866
39.2265816, 15.1999998, -56.8058242798
40.1073532, 15.1999998, -56.8364448547
40.9881287, 15.1999998, -56.8620948792
41.8689041, 15.1999998, -56.8837623596
42.7496758, 15.1999998, -56.9022026062
43.6304512, 15.1999998, -56.9180183411
44.5112267, 15.1999998, -56.9316711426
45.3919983, 15.1999998, -56.9435462952
46.2727737, 15.1999998, -56.9539451599
47.1535492, 15.1999998, -56.9631195068
48.0343208, 15.1999998, -56.971282959
48.9150963, 15.1999998, -56.9786109924
49.7958717, 15.1999998, -56.9852600098
50.6766434, 15.1999998, -56.9913635254
51.5574188, 15.1999998, -56.9970436096
52.4381943, 15.1999998, -57.0024185181
53.3189659, 15.1999998, -57.0075874329
54.1997414, 15.1999998, -57.0126609802
55.0805168, 15.1999998, -57.0177383423
55.9612885, 15.1999998, -57.0229225159
56.8420639, 15.1999998, -57.0283241272
57.7228394, 15.1999998, -57.0340614319
58.6036148, 15.1999998, -57.0402603149
59.4843864, 15.1999998, -57.0470619202
60.3651619, 15.1999998, -57.0546264648
61.2459373, 15.1999998, -57.063129425
62.126709, 15.1999998, -57.0727920532
63.0074844, 15.1999998, -57.0838508606
63.8882599, 15.1999998, -57.0965995789
64.7690353, 15.1999998, -57.1113700867
65.6498032, 15.1999998, -57.1285629272
66.5305786, 15.1999998, -57.1486358643
67.4113541, 15.1999998, -57.1721496582
68.2921295, 15.1999998, -57.1997489929
69.172905, 15.1999998, -57.232219696
70.0536804, 15.1999998, -57.2705116272
70.9344482, 15.1999998, -57.3157958984
71.8152237, 15.1999998, -57.3695335388
72.6959991, 15.1999998, -57.4335517883
73.5767746, 15.1999998, -57.5101165771
74.45755, 15.1999998, -57.602016449
75.3383255, 15.1999998, -57.7126235962
76.2190933, 15.1999998, -57.8459510803
77.0998688, 15.1999998, -58.0067405701
77.9806442, 15.1999998, -58.2005195618
78.8614197, 15.1999998, -58.4338874817
79.7421951, 15.1999998, -58.7147216797
80.6229706, 15.1999998, -59.0514297485
81.5037384, 15.1999998, -59.4546318054
82.3845139, 15.1999998, -59.9402275085
83.2652893, 15.1999998, -60.5832023621
84.1460648, 15.1999998, -61.4595680237
85.0268402, 15.1999998, -62.5814933777
85.9076157, 15.1999998, -63.968120575
86.7883835, 15.1999998, -65.6420211792
87.6691589, 15.1999998, -67.6280517578
88.5499344, 15.1999998, -69.9537124634
89.4307098, 15.1999998, -72.6496734619
90.3114853, 15.1999998, -75.763961792
91.1922607, 15.1999998, -79.3431777954
92.0730286, 15.1999998, -83.430267334
92.953804, 15.1999998, -88.1000900269
93.8345795, 15.1999998, -93.394241333
94.7153549, 15.1999998, -99.4036483765
95.5961304, 15.1999998, -106.17678833
96.4769058, 15.1999998, -113.762916565
97.3576736, 15.1999998, -122.1902771
98.2384491, 15.1999998, -131.444839478
99.1192245, 15.1999998, -141.432601929
19.9105377, 16.0, -40.8453521729
20.7810745, 16.0, -42.9009475708
21.6516132, 16.0, -44.869304657
22.52215, 16.0, -46.7059326172
23.3926888, 16.0, -48.3737449646
24.2632256, 16.0, -49.8488006592
25.1337643, 16.0, -51.1208229065
26.0043011, 16.0, -52.1991653442
26.8748379, 16.0, -53.1008262634
27.7453766, 16.0, -53.8429107666
28.6159134, 16.0, -54.4444389343
29.4864521, 16.0, -54.9260673523
30.3569889, 16.0, -55.3080215454
31.2275276, 16.0, -55.6088371277
32.0980644, 16.0, -55.8447380066
32.9686012, 16.0, -56.0294113159
33.839138, 16.0, -56.1741104126
34.7096786, 16.0, -56.2878684998
35.5802155, 16.0, -56.3777961731
36.4507523, 16.0, -56.4494247437
37.3212891, 16.0, -56.5069885254
38.1918297, 16.0, -56.5537071228
39.0623665, 16.0, -56.5920066833
39.9329033, 16.0, -56.6237220764
40.8034401, 16.0, -56.650226593
41.6739769, 16.0, -56.6725730896
42.5445175, 16.0, -56.6915664673
43.4150543, 16.0, -56.7078285217
44.2855911, 16.0, -56.7218589783
45.1561279, 16.0, -56.734046936
46.0266685, 16.0, -56.7447090149
46.8972054, 16.0, -56.7541046143
47.7677422, 16.0, -56.7624511719
48.638279, 16.0, -56.7699279785
49.5088158, 16.0, -56.7766914368
50.3793564, 16.0, -56.7828826904
51.2498932, 16.0, -56.7886161804
52.12043, 16.0, -56.7940101624
52.9909668, 16.0, -56.7991676331
53.8615036, 16.0, -56.8041915894
54.7320442, 16.0, -56.8091812134
55.602581, 16.0, -56.8142356873
56.4731178, 16.0, -56.8194580078
57.3436546, 16.0, -56.8249588013
58.2141953, 16.0, -56.8308563232
59.0847321, 16.0, -56.8372802734
59.9552689, 16.0, -56.844379425
60.8258057, 16.0, -56.8523139954
61.6963425, 16.0, -56.8612823486
62.5668831, 16.0, -56.8715019226
63.4374199, 16.0, -56.8832321167
64.3079605, 16.0, -56.896774292
65.1784973, 16.0, -56.9124832153
66.0490341, 16.0, -56.9307785034
66.9195709, 16.0, -56.9521484375
67.7901077, 16.0, -56.977180481
68.6606445, 16.0, -57.0065689087
69.5311813, 16.0, -57.0411529541
70.4017181, 16.0, -57.0819702148
71.2722549, 16.0, -57.1302871704
72.1427994, 16.0, -57.1877098083
73.0133362, 16.0, -57.2562141418
73.883873, 16.0, -57.3382568359
74.7544098, 16.0, -57.436832428
75.6249466, 16.0, -57.5555686951
76.4954834, 16.0, -57.6987838745
77.3660202, 16.0, -57.87159729
78.236557, 16.0, -58.0800819397
79.1070938, 16.0, -58.3315048218
79.9776306, 16.0, -58.6345176697
80.848175, 16.0, -58.9990119934
81.7187119, 16.0, -59.4373970032
82.5892487, 16.0, -59.9713363647
83.4597855, 16.0, -60.6779403687
84.3303223, 16.0, -61.6236419678
85.2008591, 16.0, -62.8229217529
86.0713959, 16.0, -64.2957077026
86.9419327, 16.0, -66.0647583008
87.8124695, 16.0, -68.1552658081
88.6830139, 16.0, -70.5947265625
89.5535507, 16.0, -73.4134902954
90.4240875, 16.0, -76.6689605713
91.2946243, 16.0, -80.4151153564
92.1651611, 16.0, -84.7282562256
93.0356979, 16.0, -89.6497650146
93.9062347, 16.0, -95.2472610474
94.7767715, 16.0, -101.637611389
95.6473083, 16.0, -108.922019958
96.5178528, 16.0, -117.149589539
97.3883896, 16.0, -126.400596619
98.2589264, 16.0, -136.705184937
99.1294632, 16.0, -147.965209961
20.8523006, 16.7999992, -41.4103164673
21.7126026, 16.7999992, -43.5150413513
22.5729027, 16.7999992, -45.50938797
23.4332047, 16.7999992, -47.3326911926
24.2935047, 16.7999992, -48.9474525452
25.1538067, 16.7999992, -50.3360671997
26.0141068, 16.7999992, -51.5019111633
26.8744087, 16.7999992, -52.4662246704
27.7347088, 16.7999992, -53.2560005188
28.5950108, 16.7999992, -53.8935546875
29.4553127, 16.7999992, -54.4022254944
30.3156128, 16.7999992, -54.8044128418
31.1759148, 16.7999992, -55.1203613281
32.0362167, 16.7999992, -55.3675842285
32.8965149, 16.7999992, -55.560749054
33.7568169, 16.7999992, -55.7118263245
34.6171188, 16.7999992, -55.8303833008
35.4774208, 16.7999992, -55.9239349365
36.337719, 16.7999992, -55.998298645
37.1980209, 16.7999992, -56.0579376221
38.0583229, 16.7999992, -56.1062431335
38.9186249, 16.7999992, -56.1457672119
39.778923, 16.7999992, -56.178440094
40.639225, 16.7999992, -56.20570755
41.499527, 16.7999992, -56.2286682129
42.3598289, 16.7999992, -56.2481689453
43.2201309, 16.7999992, -56.2648544312
44.0804291, 16.7999992, -56.2792396545
44.940731, 16.7999992, -56.2917289734
45.801033, 16.7999992, -56.3026504517
46.661335, 16.7999992, -56.3122673035
47.5216331, 16.7999992, -56.3207969666
48.3819351, 16.7999992, -56.3284263611
49.2422371, 16.7999992, -56.3353157043
50.1025391, 16.7999992, -56.3416023254
50.9628372, 16.7999992, -56.34740448
51.8231392, 16.7999992, -56.3528327942
52.6834412, 16.7999992, -56.358001709
53.5437431, 16.7999992, -56.3629989624
54.4040413, 16.7999992, -56.3679275513
55.2643433, 16.7999992, -56.3728790283
56.1246452, 16.7999992, -56.3779602051
56.9849472, 16.7999992, -56.383266449
57.8452492, 16.7999992, -56.3889122009
58.7055473, 16.7999992, -56.3950195312
59.5658493, 16.7999992, -56.4017181396
60.4261513, 16.7999992, -56.4091682434
61.2864532, 16.7999992, -56.4175376892
62.1467514, 16.7999992, -56.427028656
63.0070534, 16.7999992, -56.4378738403
63.8673553, 16.7999992, -56.4503479004
64.7276535, 16.7999992, -56.4647636414
65.5879593, 16.7999992, -56.481502533
66.4482574, 16.7999992, -56.500995636
67.3085556, 16.7999992, -56.5237693787
68.1688614, 16.7999992, -56.5504493713
69.0291595, 16.7999992, -56.5817756653
69.8894653, 16.7999992, -56.6186637878
70.7497635, 16.7999992, -56.6622390747
71.6100616, 16.7999992, -56.7138977051
72.4703674, 16.7999992, -56.7753829956
73.3306656, 16.7999992, -56.8488426208
74.1909714, 16.7999992, -56.9369239807
75.0512695, 16.7999992, -57.0428504944
75.9115677, 16.7999992, -57.1705245972
76.7718735, 16.7999992, -57.3246269226
77.6321716, 16.7999992, -57.5107841492
78.4924698, 16.7999992, -57.7357635498
79.3527756, 16.7999992, -58.0078010559
80.2130737, 16.7999992, -58.3367347717
81.0733795, 16.7999992, -58.7347450256
81.9336777, 16.7999992, -59.2159423828
82.7939758, 16.7999992, -59.8051605225
83.6542816, 16.7999992, -60.5566673279
84.5145798, 16.7999992, -61.5548477173
85.3748779, 16.7999992, -62.8148345947
86.2351837, 16.7999992, -64.3556518555
87.0954819, 16.7999992, -66.2013015747
87.9557877, 16.7999992, -68.3762588501
88.8160858, 16.7999992, -70.9072113037
89.676384, 16.7999992, -73.8243179321
90.5366898, 16.7999992, -77.1925125122
91.3969879, 16.7999992, -81.0829162598
92.2572937, 16.7999992, -85.5701904297
93.1175919, 16.7999992, -90.7002258301
93.97789, 16.7999992, -96.5589065552
94.8381958, 16.7999992, -103.284561157
95.698494, 16.7999992, -111.019477844
96.5587921, 16.7999992, -119.869979858
97.4190979, 16.7999992, -129.979385376
98.2793961, 16.7999992, -141.428771973
99.1397018, 16.7999992, -154.188720703
21.7940636, 17.6000004, -41.949760437
22.6441288, 17.6000004, -44.1218795776
23.494194, 17.6000004, -46.1195869446
24.3442574, 17.6000004, -47.8856658936
25.1943226, 17.6000004, -49.3935012817
26.0443878, 17.6000004, -50.645866394
26.8944511, 17.6000004, -51.6669235229
27.7445164, 17.6000004, -52.4920539856
28.5945797, 17.6000004, -53.1546325684
29.4446449, 17.6000004, -53.6811103821
30.2947102, 17.6000004, -54.09608078
31.1447735, 17.6000004, -54.4213371277
31.9948387, 17.6000004, -54.6754379272
32.844902, 17.6000004, -54.873752594
33.6949692, 17.6000004, -55.0287361145
34.5450325, 17.6000004, -55.1502799988
35.3950958, 17.6000004, -55.2461280823
36.245163, 17.6000004, -55.3222732544
37.0952263, 17.6000004, -55.3832931519
37.9452896, 17.6000004, -55.4326782227
38.7953529, 17.6000004, -55.4730491638
39.6454201, 17.6000004, -55.5063972473
40.4954834, 17.6000004, -55.5342140198
41.3455467, 17.6000004, -55.5576286316
42.1956139, 17.6000004, -55.577507019
43.0456772, 17.6000004, -55.5945167542
43.8957405, 17.6000004, -55.6091804504
44.7458076, 17.6000004, -55.6219062805
45.595871, 17.6000004, -55.6330337524
46.4459343, 17.6000004, -55.6428260803
47.2960014, 17.6000004, -55.6515083313
48.1460648, 17.6000004, -55.6592636108
48.9961281, 17.6000004, -55.6662559509
49.8461952, 17.6000004, -55.6726226807
50.6962585, 17.6000004, -55.678478241
51.5463219, 17.6000004, -55.6839408875
52.3963852, 17.6000004, -55.6891136169
53.2464523, 17.6000004, -55.6940841675
54.0965157, 17.6000004, -55.6989593506
54.946579, 17.6000004, -55.7038192749
55.7966461, 17.6000004, -55.708770752
56.6467094, 17.6000004, -55.7139015198
57.4967728, 17.6000004, -55.7193183899
58.3468399, 17.6000004, -55.7251358032
59.1969032, 17.6000004, -55.7314796448
60.0469666, 17.6000004, -55.7384872437
60.8970337, 17.6000004, -55.7463150024
61.747097, 17.6000004, -55.7551460266
62.5971603, 17.6000004, -55.7651901245
63.4472275, 17.6000004, -55.7766952515
64.297287, 17.6000004, -55.7899398804
65.1473541, 17.6000004, -55.8052635193
65.9974213, 17.6000004, -55.8230552673
66.8474808, 17.6000004, -55.8437805176
67.6975479, 17.6000004, -55.8679924011
68.5476151, 17.6000004, -55.8963546753
69.3976746, 17.6000004, -55.9296684265
70.2477417, 17.6000004, -55.9689254761
71.0978088, 17.6000004, -56.0153427124
71.9478683, 17.6000004, -56.0704421997
72.7979355, 17.6000004, -56.1361083984
73.6480026, 17.6000004, -56.2146530151
74.4980621, 17.6000004, -56.3089103699
75.3481293, 17.6000004, -56.4223365784
76.1981964, 17.6000004, -56.5591125488
77.0482559, 17.6000004, -56.7243080139
77.8983231, 17.6000004, -56.9240837097
78.7483902, 17.6000004, -57.1659812927
79.5984497, 17.6000004, -57.4591903687
80.4485168, 17.6000004, -57.8150291443
81.298584, 17.6000004, -58.2470664978
82.1486435, 17.6000004, -58.7731933594
82.9987106, 17.6000004, -59.4207115173
83.8487778, 17.6000004, -60.1983337402
84.6988373, 17.6000004, -61.2387084961
85.5489044, 17.6000004, -62.5390319824
86.3989639, 17.6000004, -64.1306762695
87.2490311, 17.6000004, -66.0347671509
88.0990982, 17.6000004, -68.2746429443
88.9491577, 17.6000004, -70.8748474121
89.7992249, 17.6000004, -73.8644256592
90.649292, 17.6000004, -77.3132400513
91.4993515, 17.6000004, -81.3079071045
92.3494186, 17.6000004, -85.9189987183
93.1994858, 17.6000004, -91.1987304688
94.0495453, 17.6000004, -97.2534103394
94.8996124, 17.6000004, -104.245658875
95.7496796, 17.6000004, -112.349029541
96.5997391, 17.6000004, -121.74332428
97.4498062, 17.6000004, -132.687088013
98.2998734, 17.6000004, -145.385437012
99.1499329, 17.6000004, -159.918319702
22.7358284, 18.3999996, -42.571472168
23.575655, 18.3999996, -44.7752189636
24.4154835, 18.3999996, -46.7078208923
25.255312, 18.3999996, -48.3312149048
26.0951405, 18.3999996, -49.6589012146
26.934967, 18.3999996, -50.725944519
27.7747955, 18.3999996, -51.5738067627
28.614624, 18.3999996, -52.2461471558
29.4544525, 18.3999996, -52.7781524658
30.2942791, 18.3999996, -53.1962432861
31.1341076, 18.3999996, -53.5233764648
31.9739361, 18.3999996, -53.7787055969
32.8137627, 18.3999996, -53.9779281616
33.6535912, 18.3999996, -54.1336517334
34.4934196, 18.3999996, -54.2558364868
35.3332481, 18.3999996, -54.3522415161
36.1730766, 18.3999996, -54.4288635254
37.0129051, 18.3999996, -54.4902954102
37.8527298, 18.3999996, -54.540019989
38.6925583, 18.3999996, -54.5806808472
39.5323868, 18.3999996, -54.6142692566
40.3722153, 18.3999996, -54.642288208
41.2120438, 18.3999996, -54.6658821106
42.0518723, 18.3999996, -54.6859169006
42.8917007, 18.3999996, -54.7030677795
43.7315254, 18.3999996, -54.7178535461
44.5713539, 18.3999996, -54.7306938171
45.4111824, 18.3999996, -54.7419204712
46.2510109, 18.3999996, -54.7518005371
47.0908394, 18.3999996, -54.7605552673
47.9306679, 18.3999996, -54.7683753967
48.7704964, 18.3999996, -54.7754173279
49.610321, 18.3999996, -54.7818107605
50.4501495, 18.3999996, -54.7876853943
51.289978, 18.3999996, -54.7931442261
52.1298065, 18.3999996, -54.7982902527
52.969635, 18.3999996, -54.8032150269
53.8094635, 18.3999996, -54.808013916
54.649292, 18.3999996, -54.8127708435
55.4891167, 18.3999996, -54.8175773621
56.3289452, 18.3999996, -54.8225250244
57.1687737, 18.3999996, -54.8277168274
58.0086021, 18.3999996, -54.8332481384
58.8484306, 18.3999996, -54.8392410278
59.6882591, 18.3999996, -54.8458175659
60.5280876, 18.3999996, -54.8531227112
61.3679123, 18.3999996, -54.8613243103
62.2077408, 18.3999996, -54.8706054688
63.0475693, 18.3999996, -54.881187439
63.8873978, 18.3999996, -54.8933258057
64.7272263, 18.3999996, -54.9073143005
65.5670547, 18.3999996, -54.923500061
66.4068832, 18.3999996, -54.9422988892
67.2467117, 18.3999996, -54.9641952515
68.0865402, 18.3999996, -54.9897689819
68.9263687, 18.3999996, -55.0197219849
69.7661972, 18.3999996, -55.0549163818
70.6060181, 18.3999996, -55.0964126587
71.4458466, 18.3999996, -55.1455192566
72.285675, 18.3999996, -55.2038650513
73.1255035, 18.3999996, -55.2734565735
73.965332, 18.3999996, -55.3567466736
74.8051605, 18.3999996, -55.4567337036
75.644989, 18.3999996, -55.5770645142
76.4848175, 18.3999996, -55.7221870422
77.324646, 18.3999996, -55.8975143433
78.1644745, 18.3999996, -56.1096916199
79.004303, 18.3999996, -56.3668785095
79.8441315, 18.3999996, -56.6791038513
80.68396, 18.3999996, -57.0586357117
81.5237885, 18.3999996, -57.5208015442
82.3636093, 18.3999996, -58.0849304199
83.2034378, 18.3999996, -58.7729187012
84.0432663, 18.3999996, -59.6169166565
84.8830948, 18.3999996, -60.651096344
85.7229233, 18.3999996, -61.979473114
86.5627518, 18.3999996, -63.6037254333
87.4025803, 18.3999996, -65.549949646
88.2424088, 18.3999996, -67.8366699219
89.0822372, 18.3999996, -70.4846801758
89.9220657, 18.3999996, -73.5195083618
90.7618942, 18.3999996, -77.0091552734
91.6017227, 18.3999996, -81.0582962036
92.4415512, 18.3999996, -85.7371139526
93.2813797, 18.3999996, -91.1010818481
94.1212006, 18.3999996, -97.2630996704
94.9610291, 18.3999996, -104.420562744
95.8008575, 18.3999996, -112.769607544
96.640686, 18.3999996, -122.561584473
97.4805145, 18.3999996, -134.189056396
98.320343, 18.3999996, -148.159194946
99.1601715, 18.3999996, -164.845489502
23.6775913, 19.2000008, -43.3618850708
24.5071831, 19.2000008, -45.4793052673
25.3367748, 19.2000008, -47.1981544495
26.1663647, 19.2000008, -48.570514679
26.9959564, 19.2000008, -49.658241272
27.8255482, 19.2000008, -50.5151023865
28.6551399, 19.2000008, -51.1853218079
29.4847317, 19.2000008, -51.7086143494
30.3143234, 19.2000008, -52.1184425354
31.1439133, 19.2000008, -52.4388847351
31.973505, 19.2000008, -52.6890029907
32.8030968, 19.2000008, -52.8842811584
33.6326866, 19.2000008, -53.0371322632
34.4622803, 19.2000008, -53.1572494507
35.2918701, 19.2000008, -53.2521781921
36.1214638, 19.2000008, -53.3277359009
36.9510536, 19.2000008, -53.3883934021
37.7806435, 19.2000008, -53.4375534058
38.6102371, 19.2000008, -53.4777908325
39.439827, 19.2000008, -53.5110588074
40.2694206, 19.2000008, -53.5388374329
41.0990105, 19.2000008, -53.5622406006
41.9286003, 19.2000008, -53.5821304321
42.758194, 19.2000008, -53.5991706848
43.5877838, 19.2000008, -53.6138687134
44.4173775, 19.2000008, -53.6266403198
45.2469673, 19.2000008, -53.6378097534
46.076561, 19.2000008, -53.647644043
46.9061508, 19.2000008, -53.6563606262
47.7357407, 19.2000008, -53.6641387939
48.5653343, 19.2000008, -53.6711387634
49.3949242, 19.2000008, -53.6774902344
50.2245178, 19.2000008, -53.6833114624
51.0541077, 19.2000008, -53.688709259
51.8836975, 19.2000008, -53.6937789917
52.7132912, 19.2000008, -53.6986122131
53.542881, 19.2000008, -53.7032928467
54.3724747, 19.2000008, -53.7079086304
55.2020645, 19.2000008, -53.7125473022
56.0316544, 19.2000008, -53.7172851562
56.861248, 19.2000008, -53.7222251892
57.6908379, 19.2000008, -53.7274513245
58.5204315, 19.2000008, -53.7330780029
59.3500214, 19.2000008, -53.7392158508
60.1796112, 19.2000008, -53.7459945679
61.0092049, 19.2000008, -53.7535629272
61.8387947, 19.2000008, -53.7620849609
62.6683884, 19.2000008, -53.7717628479
63.4979782, 19.2000008, -53.7828102112
64.3275681, 19.2000008, -53.795501709
65.1571579, 19.2000008, -53.8101348877
65.9867554, 19.2000008, -53.8270683289
66.8163452, 19.2000008, -53.8467292786
67.6459351, 19.2000008, -53.8696250916
68.4755249, 19.2000008, -53.89635849
69.3051147, 19.2000008, -53.9276695251
70.1347122, 19.2000008, -53.9644584656
70.9643021, 19.2000008, -54.007850647
71.7938919, 19.2000008, -54.059223175
72.6234818, 19.2000008, -54.1202850342
73.4530716, 19.2000008, -54.1931266785
74.2826691, 19.2000008, -54.2803077698
75.1122589, 19.2000008, -54.384929657
75.9418488, 19.2000008, -54.5107803345
76.7714386, 19.2000008, -54.6624832153
77.6010361, 19.2000008, -54.845703125
78.4306259, 19.2000008, -55.0673866272
79.2602158, 19.2000008, -55.3360862732
80.0898056, 19.2000008, -55.6623039246
80.9193954, 19.2000008, -56.0589675903
81.7489929, 19.2000008, -56.5419616699
82.5785828, 19.2000008, -57.1305465698
83.4081726, 19.2000008, -57.847946167
84.2377625, 19.2000008, -58.7254638672
85.0673523, 19.2000008, -59.7942848206
85.8969498, 19.2000008, -61.1138954163
86.7265396, 19.2000008, -62.759311676
87.5561295, 19.2000008, -64.7339477539
88.3857193, 19.2000008, -67.0522384644
89.2153091, 19.2000008, -69.7281417847
90.0449066, 19.2000008, -72.7816162109
90.8744965, 19.2000008, -76.2667999268
91.7040863, 19.2000008, -80.3069229126
92.5336761, 19.2000008, -84.9918136597
93.363266, 19.2000008, -90.3717727661
94.1928635, 19.2000008, -96.5460205078
95.0224533, 19.2000008, -103.729026794
95.8520432, 19.2000008, -112.146888733
96.681633, 19.2000008, -122.098854065
97.5112228, 19.2000008, -134.091690063
98.3408203, 19.2000008, -148.888412476
99.1704102, 19.2000008, -168.152679443
