100.0, 0.0, -6.04112379657e-40
0.0, 0.0, -3.28996825428e-38
-20.0, 0.0, -1.40129846432e-44
-20.0, -20.0, 200.0
100.0, -20.0, 200.0
100.0, 20.0, -200.0
23.7999992, 20.0, -55.6219749451
98.9247284, 0.0, 0.567304134369
97.8494644, 0.0, 1.12531268597
96.7741928, 0.0, 1.66518414021
95.6989212, 0.0, 2.1788828373
94.6236572, 0.0, 2.66001677513
93.5483856, 0.0, 3.10466837883
92.4731216, 0.0, 3.51134562492
91.39785, 0.0, 3.88013887405
90.3225784, 0.0, 4.21193647385
89.2473145, 0.0, 4.5082192421
88.1720428, 0.0, 4.77104234695
87.0967712, 0.0, 5.00290632248
86.0215073, 0.0, 5.20657348633
84.9462357, 0.0, 5.38488817215
83.8709641, 0.0, 5.54063749313
82.7957001, 0.0, 5.67647695541
81.7204285, 0.0, 5.79488229752
80.6451645, 0.0, 5.89811134338
79.5698929, 0.0, 5.98819494247
78.4946213, 0.0, 6.06692838669
77.4193573, 0.0, 6.13588476181
76.3440857, 0.0, 6.19643115997
75.2688141, 0.0, 6.24974679947
74.1935501, 0.0, 6.29684305191
73.1182785, 0.0, 6.33858776093
72.0430145, 0.0, 6.37572193146
70.9677429, 0.0, 6.40888023376
69.8924713, 0.0, 6.43860626221
68.8172073, 0.0, 6.46536445618
67.7419357, 0.0, 6.48955583572
66.6666641, 0.0, 6.5115237236
65.5914001, 0.0, 6.5315656662
64.5161285, 0.0, 6.54993915558
63.4408607, 0.0, 6.56686830521
62.365593, 0.0, 6.58255004883
61.2903214, 0.0, 6.59715843201
60.2150536, 0.0, 6.61084842682
59.1397858, 0.0, 6.62375926971
58.064518, 0.0, 6.63601875305
56.9892464, 0.0, 6.6477432251
55.9139786, 0.0, 6.65904092789
54.8387108, 0.0, 6.67001581192
53.7634392, 0.0, 6.68076610565
52.6881714, 0.0, 6.69138717651
51.6129036, 0.0, 6.70197486877
50.5376358, 0.0, 6.71262454987
49.4623642, 0.0, 6.72343397141
48.3870964, 0.0, 6.73450469971
47.3118286, 0.0, 6.74594306946
46.2365608, 0.0, 6.75786304474
45.1612892, 0.0, 6.77038812637
44.0860214, 0.0, 6.78365325928
43.0107536, 0.0, 6.79780673981
41.935482, 0.0, 6.81301546097
40.8602142, 0.0, 6.82946395874
39.7849464, 0.0, 6.84736251831
38.7096786, 0.0, 6.86694812775
37.634407, 0.0, 6.88848876953
36.5591393, 0.0, 6.91228914261
35.4838715, 0.0, 6.93869543076
34.4086037, 0.0, 6.96810293198
33.3333321, 0.0, 7.00096225739
32.2580643, 0.0, 7.03779220581
31.1827965, 0.0, 7.07919120789
30.1075268, 0.0, 7.12585830688
29.032259, 0.0, 7.17861890793
27.9569893, 0.0, 7.23847007751
26.8817196, 0.0, 7.30665159225
25.8064518, 0.0, 7.38477134705
24.7311821, 0.0, 7.47504377365
23.6559143, 0.0, 7.58077383041
22.5806446, 0.0, 7.70746564865
21.5053768, 0.0, 7.86582231522
20.4301071, 0.0, 8.08117103577
19.3548393, 0.0, 8.42665958405
18.2795696, 0.0, 8.8819437027
17.2043018, 0.0, 9.35728168488
16.1290321, 0.0, 9.82655906677
15.0537634, 0.0, 10.3396492004
13.9784946, 0.0, 10.9358863831
12.9032259, 0.0, 11.6495037079
11.8279572, 0.0, 12.51699543
10.7526884, 0.0, 13.5759515762
9.67741966, 0.0, 14.8450613022
8.60215092, 0.0, 16.2216968536
7.52688169, 0.0, 17.5318012238
6.45161295, 0.0, 18.5904407501
5.3763442, 0.0, 19.2056903839
4.30107546, 0.0, 19.1950092316
3.22580647, 0.0, 18.363368988
2.15053773, 0.0, 16.3442077637
1.07526886, 0.0, 12.1024503708
-1.05263162, 0.0, -8.63964962986e-39
-2.10526323, 0.0, -7.76905932773e-39
-3.15789485, 0.0, -7.28627837561e-39
-4.21052647, 0.0, -6.9804155585e-39
-5.26315784, 0.0, -6.76856445407e-39
-6.3157897, 0.0, -6.6124962389e-39
-7.36842108, 0.0, -6.4920476294e-39
-8.42105293, 0.0, -6.39557383533e-39
-9.47368431, 0.0, -6.31590721503e-39
-10.5263157, 0.0, -6.24837303684e-39
-11.5789471, 0.0, -6.18980156363e-39
-12.6315794, 0.0, -6.13792829708e-39
-13.6842108, 0.0, -6.09112632967e-39
-14.7368422, 0.0, -6.04814570317e-39
-15.7894735, 0.0, -6.00801391645e-39
-16.8421059, 0.0, -5.9699182164e-39
-17.8947372, 0.0, -5.93319719014e-39
-18.9473686, 0.0, -5.89722305597e-39
-20.0, -1.0, 10.0
-20.0, -2.0, 20.0
-20.0, -3.0, 30.0
-20.0, -4.0, 40.0
-20.0, -5.0, 50.0
-20.0, -6.0, 60.0
-20.0, -7.0, 70.0
-20.0, -8.0, 80.0
-20.0, -9.0, 90.0
-20.0, -10.0, 100.0
-20.0, -11.0, 110.0
-20.0, -12.0, 120.0
-20.0, -13.0, 130.0
-20.0, -14.0, 140.0
-20.0, -15.0, 150.0
-20.0, -16.0, 160.0
-20.0, -17.0, 170.0
-20.0, -18.0, 180.0
-20.0, -19.0, 190.0
-18.9285717, -20.0, 200.270736694
-17.8571434, -20.0, 200.542678833
-16.7857151, -20.0, 200.817001343
-15.7142859, -20.0, 201.094863892
-14.6428576, -20.0, 201.377319336
-13.5714283, -20.0, 201.665298462
-12.5, -20.0, 201.959594727
-11.4285717, -20.0, 202.260772705
-10.3571424, -20.0, 202.569213867
-9.28571415, -20.0, 202.884933472
-8.21428585, -20.0, 203.207702637
-7.14285707, -20.0, 203.536865234
-6.07142878, -20.0, 203.871353149
-5.0, -20.0, 204.209716797
-3.92857146, -20.0, 204.550064087
-2.85714293, -20.0, 204.890075684
-1.78571427, -20.0, 205.227081299
-0.714285731, -20.0, 205.558166504
0.357142866, -20.0, 205.880187988
1.42857146, -20.0, 206.189971924
2.5, -20.0, 206.484420776
3.57142854, -20.0, 206.760635376
4.64285707, -20.0, 207.016052246
5.71428585, -20.0, 207.248565674
6.78571415, -20.0, 207.456588745
7.85714293, -20.0, 207.63911438
8.9285717, -20.0, 207.795715332
10.0, -20.0, 207.926559448
11.0714283, -20.0, 208.032302856
12.1428576, -20.0, 208.114074707
13.2142859, -20.0, 208.17338562
14.2857141, -20.0, 208.211975098
15.3571424, -20.0, 208.231826782
16.4285717, -20.0, 208.235015869
17.5, -20.0, 208.223632812
18.5714283, -20.0, 208.19972229
19.6428566, -20.0, 208.165283203
20.7142849, -20.0, 208.122161865
21.7857151, -20.0, 208.072052002
22.8571434, -20.0, 208.016479492
23.9285717, -20.0, 207.956832886
25.0, -20.0, 207.894256592
26.0714283, -20.0, 207.829803467
27.1428566, -20.0, 207.764297485
28.2142849, -20.0, 207.698455811
29.2857151, -20.0, 207.632843018
30.3571434, -20.0, 207.567932129
31.4285717, -20.0, 207.504043579
32.5, -20.0, 207.441452026
33.5714302, -20.0, 207.380310059
34.6428566, -20.0, 207.320755005
35.7142868, -20.0, 207.262832642
36.7857132, -20.0, 207.206558228
37.8571434, -20.0, 207.151870728
38.9285698, -20.0, 207.098739624
40.0, -20.0, 207.047042847
41.0714302, -20.0, 206.996688843
42.1428566, -20.0, 206.947555542
43.2142868, -20.0, 206.899475098
44.2857132, -20.0, 206.852294922
45.3571434, -20.0, 206.805847168
46.4285698, -20.0, 206.759963989
47.5, -20.0, 206.714447021
48.5714302, -20.0, 206.669128418
49.6428566, -20.0, 206.623779297
50.7142868, -20.0, 206.578216553
51.7857132, -20.0, 206.532226562
52.8571434, -20.0, 206.485595703
53.9285698, -20.0, 206.438095093
55.0, -20.0, 206.38949585
56.0714302, -20.0, 206.339569092
57.1428566, -20.0, 206.288070679
58.2142868, -20.0, 206.23475647
59.2857132, -20.0, 206.179351807
60.3571434, -20.0, 206.121612549
61.4285698, -20.0, 206.061264038
62.5, -20.0, 205.998016357
63.5714302, -20.0, 205.93157959
64.6428604, -20.0, 205.861663818
65.7142868, -20.0, 205.787948608
66.7857132, -20.0, 205.710128784
67.8571396, -20.0, 205.627883911
68.9285736, -20.0, 205.540878296
70.0, -20.0, 205.448791504
71.0714264, -20.0, 205.351257324
72.1428604, -20.0, 205.24798584
73.2142868, -20.0, 205.138595581
74.2857132, -20.0, 205.022766113
75.3571396, -20.0, 204.900192261
76.4285736, -20.0, 204.770553589
77.5, -20.0, 204.633529663
78.5714264, -20.0, 204.488876343
79.6428604, -20.0, 204.33631897
80.7142868, -20.0, 204.17565918
81.7857132, -20.0, 204.006713867
82.8571396, -20.0, 203.829345703
83.9285736, -20.0, 203.643478394
85.0, -20.0, 203.449111938
86.0714264, -20.0, 203.246246338
87.1428604, -20.0, 203.035049438
88.2142868, -20.0, 202.815673828
89.2857132, -20.0, 202.588394165
90.3571396, -20.0, 202.353591919
91.4285736, -20.0, 202.111694336
92.5, -20.0, 201.863235474
93.5714264, -20.0, 201.608810425
94.6428604, -20.0, 201.349105835
95.7142868, -20.0, 201.084884644
96.7857132, -20.0, 200.816955566
97.8571396, -20.0, 200.546218872
98.9285736, -20.0, 200.273574829
100.0, -19.0, 190.0
100.0, -18.0, 180.0
100.0, -17.0, 170.0
100.0, -16.0, 160.0
100.0, -15.0, 150.0
100.0, -14.0, 140.0
100.0, -13.0, 130.0
100.0, -12.0, 120.0
100.0, -11.0, 110.0
100.0, -10.0, 100.0
100.0, -9.0, 90.0
100.0, -8.0, 80.0
100.0, -7.0, 70.0
100.0, -6.0, 60.0
100.0, -5.0, 50.0
100.0, -4.0, 40.0
100.0, -3.0, 30.0
100.0, -2.0, 20.0
100.0, -1.0, 10.0
100.0, 0.800000012, -8.0
100.0, 1.60000002, -16.0
100.0, 2.4000001, -24.0
100.0, 3.20000005, -32.0
100.0, 4.0, -40.0
100.0, 4.80000019, -48.0
100.0, 5.5999999, -56.0
100.0, 6.4000001, -64.0
100.0, 7.19999981, -72.0
100.0, 8.0, -80.0
100.0, 8.80000019, -88.0
100.0, 9.60000038, -96.0
100.0, 10.3999996, -104.0
100.0, 11.1999998, -112.0
100.0, 12.0, -120.0
100.0, 12.8000002, -128.0
100.0, 13.6000004, -136.0
100.0, 14.3999996, -144.0
100.0, 15.1999998, -152.0
100.0, 16.0, -160.0
100.0, 16.7999992, -168.0
100.0, 17.6000004, -176.0
100.0, 18.3999996, -184.0
100.0, 19.2000008, -192.0
99.1806488, 20.0, -184.310546875
98.36129, 20.0, -173.976516724
97.5419388, 20.0, -165.430496216
96.72258, 20.0, -158.051727295
95.9032288, 20.0, -151.512252808
95.0838699, 20.0, -145.611190796
94.2645187, 20.0, -140.187835693
93.4451599, 20.0, -135.167419434
92.6258087, 20.0, -130.476715088
91.8064499, 20.0, -126.059402466
90.9870987, 20.0, -121.873069763
90.1677399, 20.0, -117.899803162
89.3483887, 20.0, -114.101860046
88.5290298, 20.0, -110.45160675
87.7096786, 20.0, -106.938842773
86.8903198, 20.0, -103.555961609
86.0709686, 20.0, -100.324378967
85.2516098, 20.0, -97.2532348633
84.4322586, 20.0, -94.3076400757
83.6128998, 20.0, -91.4710693359
82.7935486, 20.0, -88.7581939697
81.9741898, 20.0, -86.18019104
81.1548386, 20.0, -83.7771606445
80.3354874, 20.0, -81.598777771
79.5161285, 20.0, -79.6479873657
78.6967773, 20.0, -77.9272689819
77.8774185, 20.0, -76.3881988525
77.0580673, 20.0, -75.0191421509
76.2387085, 20.0, -73.8135299683
75.4193573, 20.0, -72.7590484619
74.5999985, 20.0, -71.85105896
73.7806473, 20.0, -71.0818557739
72.9612885, 20.0, -70.4403991699
72.1419373, 20.0, -69.9117126465
71.3225784, 20.0, -69.4775848389
70.5032272, 20.0, -69.12109375
69.6838684, 20.0, -68.827796936
68.8645172, 20.0, -68.5857772827
68.0451584, 20.0, -68.3852615356
67.2258072, 20.0, -68.2183380127
66.4064484, 20.0, -68.0784912109
65.5870972, 20.0, -67.9605636597
64.7677383, 20.0, -67.8633117676
63.9483871, 20.0, -67.7833709717
63.1290321, 20.0, -67.7172470093
62.3096771, 20.0, -67.6620635986
61.4903221, 20.0, -67.6155471802
60.6709671, 20.0, -67.575920105
59.8516121, 20.0, -67.5417709351
59.0322571, 20.0, -67.51197052
58.2129021, 20.0, -67.4855728149
57.3935471, 20.0, -67.4617996216
56.574192, 20.0, -67.4399795532
55.754837, 20.0, -67.4195022583
54.935482, 20.0, -67.399810791
54.1161308, 20.0, -67.3803787231
53.2967758, 20.0, -67.3606719971
52.4774208, 20.0, -67.3401641846
51.6580658, 20.0, -67.3182907104
50.8387108, 20.0, -67.2944259644
50.0193558, 20.0, -67.2679138184
49.2000008, 20.0, -67.237991333
48.3806458, 20.0, -67.2038040161
47.5612907, 20.0, -67.1643676758
46.7419357, 20.0, -67.118560791
45.9225807, 20.0, -67.0651092529
45.1032257, 20.0, -67.0025405884
44.2838707, 20.0, -66.9291763306
43.4645157, 20.0, -66.8431243896
42.6451607, 20.0, -66.7422485352
41.8258057, 20.0, -66.6241760254
41.0064507, 20.0, -66.486289978
40.1870956, 20.0, -66.3257751465
39.3677406, 20.0, -66.1396713257
38.5483856, 20.0, -65.9249954224
37.7290306, 20.0, -65.6789855957
36.9096756, 20.0, -65.3994369507
36.0903244, 20.0, -65.0854263306
35.2709694, 20.0, -64.7383346558
34.4516144, 20.0, -64.3635101318
33.6322594, 20.0, -63.9676170349
32.8129044, 20.0, -63.5368614197
31.9935474, 20.0, -63.0310058594
31.1741943, 20.0, -62.4568138123
30.3548393, 20.0, -61.8169708252
29.5354843, 20.0, -61.1136398315
28.7161293, 20.0, -60.3575935364
27.8967743, 20.0, -59.5856132507
27.0774193, 20.0, -58.8010444641
26.2580643, 20.0, -57.9855194092
25.4387093, 20.0, -57.1523399353
24.6193542, 20.0, -56.3412780762
22.8479996, 19.2000008, -51.1852760315
21.8959999, 18.3999996, -47.7852287292
20.9440002, 17.6000004, -44.8378410339
19.9920006, 16.7999992, -42.5145645142
19.0400009, 16.0, -41.0905914307
18.0879993, 15.1999998, -40.4104232788
17.1359997, 14.3999996, -39.8716697693
16.184, 13.6000004, -39.4497146606
15.2320004, 12.8000002, -38.961566925
14.2799997, 12.0, -38.3493385315
13.3280001, 11.1999998, -37.5440216064
12.3760004, 10.3999996, -36.4563674927
11.4239998, 9.60000038, -34.9784660339
10.4720001, 8.80000019, -32.9882240295
9.52000046, 8.0, -30.3533840179
8.56799984, 7.19999981, -26.9273815155
7.61600018, 6.4000001, -22.5240135193
6.66400003, 5.5999999, -16.918340683
5.71199989, 4.80000019, -10.3194999695
4.76000023, 4.0, -3.78313231468
3.80800009, 3.20000005, 0.695575535297
2.85599995, 2.4000001, 5.1011724472
1.90400004, 1.60000002, 8.38288402557
0.952000022, 0.800000012, 8.9623632431
98.9249268, -1.0, 10.5228624344
97.8498459, -1.0, 11.0380802155
96.7747726, -1.0, 11.5384464264
95.6996918, -1.0, 12.0175514221
94.6246185, -1.0, 12.4702310562
93.5495377, -1.0, 12.8929281235
92.4744644, -1.0, 13.2836771011
91.3993835, -1.0, 13.6418218613
90.3243103, -1.0, 13.9676189423
89.2492294, -1.0, 14.2620048523
88.1741562, -1.0, 14.5264368057
87.0990753, -1.0, 14.7627868652
86.0240021, -1.0, 14.9731912613
84.9489212, -1.0, 15.1599245071
83.873848, -1.0, 15.3252820969
82.7987747, -1.0, 15.4715070724
81.7236938, -1.0, 15.6007328033
80.6486206, -1.0, 15.7149410248
79.5735397, -1.0, 15.815946579
78.4984665, -1.0, 15.9053869247
77.4233856, -1.0, 15.9847221375
76.3483124, -1.0, 16.0552406311
75.2732315, -1.0, 16.1180744171
74.1981583, -1.0, 16.1742115021
73.1230774, -1.0, 16.2245101929
72.0480042, -1.0, 16.2697181702
70.9729233, -1.0, 16.3104820251
69.89785, -1.0, 16.3473625183
68.8227692, -1.0, 16.3808479309
67.7476959, -1.0, 16.411365509
66.6726227, -1.0, 16.439283371
65.5975418, -1.0, 16.464925766
64.5224686, -1.0, 16.4885787964
63.4473877, -1.0, 16.5104904175
62.3723106, -1.0, 16.5308856964
61.2972336, -1.0, 16.5499610901
60.2221565, -1.0, 16.567899704
59.1470833, -1.0, 16.584859848
58.0720062, -1.0, 16.6009922028
56.9969292, -1.0, 16.6164340973
55.9218521, -1.0, 16.6313171387
54.8467751, -1.0, 16.6457614899
53.771698, -1.0, 16.6598834991
52.6966209, -1.0, 16.6737976074
51.6215439, -1.0, 16.687620163
50.5464668, -1.0, 16.7014598846
49.4713898, -1.0, 16.7154312134
48.3963127, -1.0, 16.7296562195
47.3212357, -1.0, 16.7442550659
46.2461586, -1.0, 16.7593574524
45.1710815, -1.0, 16.7751045227
44.0960045, -1.0, 16.7916469574
43.0209312, -1.0, 16.8091487885
41.9458542, -1.0, 16.8277950287
40.8707771, -1.0, 16.8477859497
39.7957001, -1.0, 16.869348526
38.720623, -1.0, 16.8927383423
37.645546, -1.0, 16.9182415009
36.5704689, -1.0, 16.9461860657
35.4953918, -1.0, 16.9769439697
34.4203148, -1.0, 17.0109367371
33.3452377, -1.0, 17.0486564636
32.2701607, -1.0, 17.090669632
31.1950836, -1.0, 17.1376419067
30.1200085, -1.0, 17.1903648376
29.0449314, -1.0, 17.2497959137
27.9698544, -1.0, 17.3171195984
26.8947773, -1.0, 17.3938503265
25.8197002, -1.0, 17.482000351
24.7446232, -1.0, 17.5843811035
23.6695461, -1.0, 17.7051582336
22.594471, -1.0, 17.8509731293
21.5193939, -1.0, 18.0331707001
20.4443169, -1.0, 18.2718086243
19.3692398, -1.0, 18.5820293427
18.2941628, -1.0, 18.9579906464
17.2190857, -1.0, 19.3768749237
16.1440086, -1.0, 19.8272781372
15.0689325, -1.0, 20.320602417
13.9938555, -1.0, 20.8796615601
12.9187784, -1.0, 21.5261592865
11.8437023, -1.0, 22.2779331207
10.7686253, -1.0, 23.1420040131
9.6935482, -1.0, 24.0936203003
8.61847115, -1.0, 25.0605640411
7.54339457, -1.0, 25.9258556366
6.46831799, -1.0, 26.5478916168
5.39324141, -1.0, 26.775177002
4.31816435, -1.0, 26.4461269379
3.24308753, -1.0, 25.3606777191
2.16801071, -1.0, 23.2036113739
1.09293389, -1.0, 19.2844371796
0.0178571437, -1.0, 15.2798891068
-1.03571427, -1.0, 12.4778985977
-2.08928561, -1.0, 11.601855278
-3.14285707, -1.0, 11.1507921219
-4.19642878, -1.0, 10.8805303574
-5.25, -1.0, 10.7004108429
-6.30357122, -1.0, 10.5715522766
-7.35714293, -1.0, 10.4743757248
-8.41071415, -1.0, 10.3980112076
-9.46428585, -1.0, 10.3359489441
-10.5178576, -1.0, 10.2840595245
-11.5714283, -1.0, 10.2395954132
-12.625, -1.0, 10.2006502151
-13.6785717, -1.0, 10.1658573151
-14.7321424, -1.0, 10.1341972351
-15.7857141, -1.0, 10.104886055
-16.8392849, -1.0, 10.0773010254
-17.8928566, -1.0, 10.0509214401
-18.9464283, -1.0, 10.0252971649
98.9251175, -2.0, 20.4851284027
97.8502274, -2.0, 20.9639511108
96.7753448, -2.0, 21.4305667877
95.7004623, -2.0, 21.8797130585
94.6255798, -2.0, 22.307062149
93.5506897, -2.0, 22.7094135284
92.4758072, -2.0, 23.0847129822
91.4009247, -2.0, 23.4319477081
90.3260345, -2.0, 23.7509326935
89.251152, -2.0, 24.0421352386
88.1762695, -2.0, 24.3065338135
87.1013794, -2.0, 24.5454921722
86.0264969, -2.0, 24.7606430054
84.9516144, -2.0, 24.9537906647
83.8767319, -2.0, 25.1268081665
82.8018417, -2.0, 25.2815723419
81.7269592, -2.0, 25.4198989868
80.6520767, -2.0, 25.5435161591
79.5771866, -2.0, 25.6540336609
78.5023041, -2.0, 25.7529258728
77.4274216, -2.0, 25.8415298462
76.3525314, -2.0, 25.9210510254
75.2776489, -2.0, 25.9925556183
74.2027664, -2.0, 26.0569972992
73.1278839, -2.0, 26.1152133942
72.0529938, -2.0, 26.1679401398
70.9781113, -2.0, 26.2158279419
69.9032288, -2.0, 26.2594470978
68.8283386, -2.0, 26.2992992401
67.7534561, -2.0, 26.3358268738
66.6785736, -2.0, 26.3694171906
65.6036835, -2.0, 26.4004192352
64.528801, -2.0, 26.4291362762
63.4539185, -2.0, 26.4558410645
62.3790321, -2.0, 26.4807777405
61.3041458, -2.0, 26.5041694641
60.2292633, -2.0, 26.5262145996
59.154377, -2.0, 26.5470981598
58.0794945, -2.0, 26.5669841766
57.0046082, -2.0, 26.5860347748
55.9297218, -2.0, 26.6043949127
54.8548393, -2.0, 26.6222057343
53.779953, -2.0, 26.6396026611
52.7050705, -2.0, 26.6567134857
51.6301842, -2.0, 26.6736698151
50.5552979, -2.0, 26.6905994415
49.4804153, -2.0, 26.7076339722
48.405529, -2.0, 26.7249031067
47.3306465, -2.0, 26.7425479889
46.2557602, -2.0, 26.7607116699
45.1808739, -2.0, 26.779548645
44.1059914, -2.0, 26.7992229462
43.031105, -2.0, 26.8199157715
41.9562225, -2.0, 26.8418216705
40.8813362, -2.0, 26.8651561737
39.8064499, -2.0, 26.8901615143
38.7315674, -2.0, 26.9171047211
37.6566811, -2.0, 26.9462890625
36.5817986, -2.0, 26.978055954
35.5069122, -2.0, 27.0127944946
34.4320259, -2.0, 27.0509490967
33.3571434, -2.0, 27.093038559
32.2822571, -2.0, 27.1396617889
31.2073727, -2.0, 27.1915302277
30.1324883, -2.0, 27.2494926453
29.0576038, -2.0, 27.3145866394
27.9827194, -2.0, 27.3881034851
26.907835, -2.0, 27.4717025757
25.8329487, -2.0, 27.5675640106
24.7580643, -2.0, 27.6786727905
23.6831799, -2.0, 27.8092460632
22.6082954, -2.0, 27.9653892517
21.533411, -2.0, 28.1558017731
20.4585247, -2.0, 28.3901805878
19.3836403, -2.0, 28.6745662689
18.3087559, -2.0, 29.007232666
17.2338715, -2.0, 29.381444931
16.158987, -2.0, 29.7931880951
15.0841017, -2.0, 30.2461872101
14.0092163, -2.0, 30.7497749329
12.9343319, -2.0, 31.313331604
11.8594475, -2.0, 31.9405231476
10.7845621, -2.0, 32.6220283508
9.7096777, -2.0, 33.3265800476
8.63479233, -2.0, 33.9946784973
7.55990791, -2.0, 34.5399665833
6.48502302, -2.0, 34.8569450378
5.41013813, -2.0, 34.8290252686
4.33525324, -2.0, 34.3306884766
3.26036859, -2.0, 33.2235641479
2.18548393, -2.0, 31.3570327759
1.11059904, -2.0, 28.8756866455
0.0357142873, -2.0, 26.2697372437
-1.01879704, -2.0, 24.2408237457
-2.07330823, -2.0, 22.9271011353
-3.12781954, -2.0, 22.1769943237
-4.18233061, -2.0, 21.6951007843
-5.23684216, -2.0, 21.362323761
-6.29135323, -2.0, 21.1189346313
-7.34586477, -2.0, 20.9327259064
-8.40037632, -2.0, 20.7849388123
-9.45488739, -2.0, 20.663974762
-10.5093985, -2.0, 20.5623092651
-11.5639095, -2.0, 20.4748497009
-12.6184206, -2.0, 20.398015976
-13.6729326, -2.0, 20.3292140961
-14.7274437, -2.0, 20.2664966583
-15.7819548, -2.0, 20.2083568573
-16.8364658, -2.0, 20.1535873413
-17.8909779, -2.0, 20.1011772156
-18.945488, -2.0, 20.0502490997
98.9253082, -3.0, 30.4529151917
97.8506165, -3.0, 30.9005966187
96.7759247, -3.0, 31.3381557465
95.7012253, -3.0, 31.7612018585
94.6265335, -3.0, 32.1660385132
93.5518417, -3.0, 32.5498046875
92.47715, -3.0, 32.9105072021
91.4024582, -3.0, 33.2469673157
90.3277664, -3.0, 33.5587158203
89.2530746, -3.0, 33.8458747864
88.1783829, -3.0, 34.1090393066
87.1036835, -3.0, 34.3491706848
86.0289917, -3.0, 34.5674934387
84.9542999, -3.0, 34.765422821
83.8796082, -3.0, 34.9444694519
82.8049164, -3.0, 35.1061897278
81.7302246, -3.0, 35.2521247864
80.6555328, -3.0, 35.3837623596
79.5808334, -3.0, 35.5025138855
78.5061417, -3.0, 35.609703064
77.4314499, -3.0, 35.7065429688
76.3567581, -3.0, 35.7941436768
75.2820663, -3.0, 35.8735084534
74.2073746, -3.0, 35.9455337524
73.1326828, -3.0, 36.0110321045
72.057991, -3.0, 36.0707244873
70.9832916, -3.0, 36.12525177
69.9085999, -3.0, 36.1751785278
68.8339081, -3.0, 36.2210197449
67.7592163, -3.0, 36.2632217407
66.6845245, -3.0, 36.302192688
65.6098328, -3.0, 36.3382911682
64.535141, -3.0, 36.371837616
63.4604454, -3.0, 36.4031257629
62.3857536, -3.0, 36.4324188232
61.311058, -3.0, 36.4599571228
60.2363663, -3.0, 36.48595047
59.1616745, -3.0, 36.5106124878
58.0869827, -3.0, 36.5341186523
57.0122871, -3.0, 36.5566482544
55.9375954, -3.0, 36.5783691406
54.8629036, -3.0, 36.5994300842
53.7882118, -3.0, 36.6199836731
52.7135162, -3.0, 36.6401824951
51.6388245, -3.0, 36.6601600647
50.5641327, -3.0, 36.6800689697
49.4894409, -3.0, 36.7000465393
48.4147453, -3.0, 36.7202415466
47.3400536, -3.0, 36.7408065796
46.2653618, -3.0, 36.7618980408
45.19067, -3.0, 36.7836799622
44.1159744, -3.0, 36.8063316345
43.0412827, -3.0, 36.830039978
41.9665909, -3.0, 36.8550186157
40.8918953, -3.0, 36.8814888
39.8172035, -3.0, 36.909702301
38.7425117, -3.0, 36.9399375916
37.66782, -3.0, 36.9725074768
36.5931244, -3.0, 37.0077590942
35.5184326, -3.0, 37.0460968018
34.4437408, -3.0, 37.0879707336
33.3690491, -3.0, 37.1339149475
32.2943535, -3.0, 37.1845397949
31.2196617, -3.0, 37.2405776978
30.1449699, -3.0, 37.302898407
29.0702763, -3.0, 37.3725624084
27.9955845, -3.0, 37.450881958
26.9208908, -3.0, 37.5395240784
25.846199, -3.0, 37.6406288147
24.7715054, -3.0, 37.7570037842
23.6968117, -3.0, 37.892364502
22.6221199, -3.0, 38.051525116
21.5474262, -3.0, 38.2401504517
20.4727345, -3.0, 38.4635848999
19.3980408, -3.0, 38.7249565125
18.323349, -3.0, 39.0241241455
17.2486553, -3.0, 39.3588142395
16.1739635, -3.0, 39.7272911072
15.0992708, -3.0, 40.1301422119
14.0245771, -3.0, 40.5695114136
12.9498844, -3.0, 41.0460891724
11.8751917, -3.0, 41.5548439026
10.800499, -3.0, 42.0801277161
9.72580624, -3.0, 42.5910110474
8.65111351, -3.0, 43.0387420654
7.57642078, -3.0, 43.3577537537
6.50172806, -3.0, 43.4701004028
5.42703533, -3.0, 43.2914161682
4.35234261, -3.0, 42.7377243042
3.27764988, -3.0, 41.7377548218
2.20295691, -3.0, 40.2858505249
1.12826419, -3.0, 38.50598526
0.0535714291, -3.0, 36.6664657593
-1.00187969, -3.0, 35.0783195496
-2.05733085, -3.0, 33.8609237671
-3.112782, -3.0, 32.9978370667
-4.16823292, -3.0, 32.3932342529
-5.22368431, -3.0, 31.9529800415
-6.27913523, -3.0, 31.6201496124
-7.33458662, -3.0, 31.3597755432
-8.39003754, -3.0, 31.1498661041
-9.44548893, -3.0, 30.9760932922
-10.5009403, -3.0, 30.8288002014
-11.5563908, -3.0, 30.7012672424
-12.6118422, -3.0, 30.5886745453
-13.6672935, -3.0, 30.4874649048
-14.722744, -3.0, 30.3949337006
-15.7781954, -3.0, 30.3089618683
-16.8336468, -3.0, 30.2278385162
-17.8890972, -3.0, 30.1501216888
-18.9445496, -3.0, 30.0745582581
98.925499, -4.0, 40.42527771
97.8509979, -4.0, 40.8461723328
96.7764969, -4.0, 41.2585868835
95.7019958, -4.0, 41.6588096619
94.6274948, -4.0, 42.0436630249
93.5529938, -4.0, 42.4105911255
92.4784927, -4.0, 42.7577095032
91.4039917, -4.0, 43.0837860107
90.3294907, -4.0, 43.3881874084
89.2549896, -4.0, 43.6707801819
88.1804886, -4.0, 43.9318656921
87.1059875, -4.0, 44.172088623
86.0314865, -4.0, 44.3923530579
84.9569855, -4.0, 44.5937423706
83.8824921, -4.0, 44.7774658203
82.807991, -4.0, 44.94480896
81.73349, -4.0, 45.0970573425
80.658989, -4.0, 45.2354888916
79.5844879, -4.0, 45.3613395691
78.5099869, -4.0, 45.4757766724
77.4354858, -4.0, 45.5798988342
76.3609848, -4.0, 45.6747131348
75.2864838, -4.0, 45.7611579895
74.2119827, -4.0, 45.8400802612
73.1374817, -4.0, 45.9122467041
72.0629807, -4.0, 45.978351593
70.9884796, -4.0, 46.039024353
69.9139786, -4.0, 46.0948295593
68.8394775, -4.0, 46.146270752
67.7649765, -4.0, 46.1938056946
66.6904755, -4.0, 46.2378501892
65.6159744, -4.0, 46.2787666321
64.5414734, -4.0, 46.3168983459
63.4669724, -4.0, 46.3525428772
62.3924713, -4.0, 46.3859863281
61.3179741, -4.0, 46.4174804688
60.2434731, -4.0, 46.4472541809
59.168972, -4.0, 46.4755325317
58.094471, -4.0, 46.5025100708
57.0199699, -4.0, 46.528377533
55.9454689, -4.0, 46.5533180237
54.8709679, -4.0, 46.5775032043
53.7964668, -4.0, 46.6010932922
52.7219658, -4.0, 46.6242485046
51.6474648, -4.0, 46.6471290588
50.5729637, -4.0, 46.6698875427
49.4984627, -4.0, 46.6926841736
48.4239616, -4.0, 46.7156715393
47.3494606, -4.0, 46.7390213013
46.2749634, -4.0, 46.7628936768
45.2004623, -4.0, 46.7874641418
44.1259613, -4.0, 46.8129272461
43.0514603, -4.0, 46.8394775391
41.9769592, -4.0, 46.8673324585
40.9024582, -4.0, 46.8967208862
39.8279572, -4.0, 46.9279022217
38.7534561, -4.0, 46.9611625671
37.6789551, -4.0, 46.9968109131
36.604454, -4.0, 47.0352058411
35.529953, -4.0, 47.0767478943
34.455452, -4.0, 47.121887207
33.3809509, -4.0, 47.1711578369
32.3064499, -4.0, 47.2251701355
31.2319508, -4.0, 47.2846374512
30.1574497, -4.0, 47.3504180908
29.0829487, -4.0, 47.4235420227
28.0084476, -4.0, 47.5052719116
26.9339485, -4.0, 47.5971641541
25.8594475, -4.0, 47.7011642456
24.7849464, -4.0, 47.8196983337
23.7104454, -4.0, 47.9557609558
22.6359444, -4.0, 48.1128463745
21.5614433, -4.0, 48.2946243286
20.4869423, -4.0, 48.5042304993
19.4124432, -4.0, 48.7434654236
18.3379421, -4.0, 49.0124282837
17.2634411, -4.0, 49.3099441528
16.18894, -4.0, 49.6344795227
15.114439, -4.0, 49.9846191406
14.0399389, -4.0, 50.3584518433
12.9654379, -4.0, 50.7516822815
11.8909369, -4.0, 51.1549339294
10.8164358, -4.0, 51.5507659912
9.74193573, -4.0, 51.9112625122
8.66743469, -4.0, 52.1970748901
7.59293413, -4.0, 52.3586273193
6.51843309, -4.0, 52.339630127
5.44393253, -4.0, 52.0827178955
4.3694315, -4.0, 51.5380935669
3.29493093, -4.0, 50.6800422668
2.22043014, -4.0, 49.5315933228
1.14592934, -4.0, 48.1848373413
0.0714285746, -4.0, 46.7887878418
-0.984962404, -4.0, 45.5192527771
-2.04135346, -4.0, 44.4498672485
-3.09774446, -4.0, 43.6050949097
-4.15413523, -4.0, 42.9556465149
-5.21052647, -4.0, 42.4548034668
-6.26691723, -4.0, 42.0611343384
-7.32330847, -4.0, 41.7446746826
-8.37969971, -4.0, 41.4844818115
-9.43609047, -4.0, 41.2659187317
-10.4924812, -4.0, 41.0786018372
-11.548872, -4.0, 40.9150276184
-12.6052628, -4.0, 40.7696609497
-13.6616545, -4.0, 40.6383171082
-14.7180452, -4.0, 40.5177536011
-15.774436, -4.0, 40.4053955078
-16.8308277, -4.0, 40.2991294861
-17.8872185, -4.0, 40.1971664429
-18.9436092, -4.0, 40.0979385376
98.9256897, -5.0, 50.4014587402
97.8513794, -5.0, 50.7992095947
96.7770767, -5.0, 51.189781189
95.7027664, -5.0, 51.5700149536
94.6284561, -5.0, 51.9371452332
93.5541458, -5.0, 52.2888908386
92.4798355, -5.0, 52.6235046387
91.4055328, -5.0, 52.9397544861
90.3312225, -5.0, 53.2369117737
89.2569122, -5.0, 53.5146713257
88.1826019, -5.0, 53.7731208801
87.1082916, -5.0, 54.0126495361
86.033989, -5.0, 54.2338981628
84.9596786, -5.0, 54.4376945496
83.8853683, -5.0, 54.6249885559
82.811058, -5.0, 54.7968254089
81.7367477, -5.0, 54.9542808533
80.6624451, -5.0, 55.0984420776
79.5881348, -5.0, 55.230381012
78.5138245, -5.0, 55.3511199951
77.4395142, -5.0, 55.4616470337
76.3652039, -5.0, 55.5628814697
75.2909012, -5.0, 55.6556777954
74.2165909, -5.0, 55.7408294678
73.1422806, -5.0, 55.819065094
72.0679703, -5.0, 55.8910522461
70.99366, -5.0, 55.9573898315
69.9193573, -5.0, 56.0186309814
68.845047, -5.0, 56.0752830505
67.7707367, -5.0, 56.1277999878
66.6964264, -5.0, 56.1765937805
65.6221161, -5.0, 56.2220458984
64.5478134, -5.0, 56.2644996643
63.4735031, -5.0, 56.3042678833
62.3991928, -5.0, 56.3416404724
61.3248863, -5.0, 56.3768882751
60.250576, -5.0, 56.4102592468
59.1762657, -5.0, 56.4419784546
58.1019592, -5.0, 56.4722633362
57.0276489, -5.0, 56.5013198853
55.9533424, -5.0, 56.529335022
54.8790321, -5.0, 56.5564956665
53.8047218, -5.0, 56.5829811096
52.7304153, -5.0, 56.6089630127
51.656105, -5.0, 56.6346054077
50.5817986, -5.0, 56.6600837708
49.5074883, -5.0, 56.6855583191
48.4331779, -5.0, 56.7112007141
47.3588715, -5.0, 56.7371864319
46.2845612, -5.0, 56.7636871338
45.2102547, -5.0, 56.79088974
44.1359444, -5.0, 56.8189926147
43.0616341, -5.0, 56.8481941223
41.9873276, -5.0, 56.8787193298
40.9130173, -5.0, 56.9108047485
39.8387108, -5.0, 56.9447135925
38.7644005, -5.0, 56.98072052
37.690094, -5.0, 57.0191459656
36.6157837, -5.0, 57.0603408813
35.5414734, -5.0, 57.1046943665
34.4671669, -5.0, 57.1526527405
33.3928566, -5.0, 57.2047309875
32.3185501, -5.0, 57.2615127563
31.2442398, -5.0, 57.3236846924
30.1699314, -5.0, 57.3920555115
29.095623, -5.0, 57.4675788879
28.0213127, -5.0, 57.5514068604
26.9470043, -5.0, 57.6449165344
25.8726959, -5.0, 57.7497711182
24.7983875, -5.0, 57.8679389954
23.7240791, -5.0, 58.0016822815
22.6497688, -5.0, 58.1534423828
21.5754604, -5.0, 58.3255615234
20.501152, -5.0, 58.5198745728
19.4268436, -5.0, 58.7373046875
18.3525352, -5.0, 58.9776649475
17.2782249, -5.0, 59.2397575378
16.2039165, -5.0, 59.5215950012
15.1296082, -5.0, 59.8203926086
14.0552998, -5.0, 60.131980896
12.9809904, -5.0, 60.4495925903
11.906682, -5.0, 60.76222229
10.8323736, -5.0, 61.0529518127
9.75806427, -5.0, 61.2977867126
8.68375587, -5.0, 61.4655532837
7.609447, -5.0, 61.5193023682
6.53513813, -5.0, 61.4194335938
5.46082926, -5.0, 61.128780365
4.38652086, -5.0, 60.6203727722
3.31221199, -5.0, 59.8882064819
2.23790312, -5.0, 58.9586715698
1.16359448, -5.0, 57.8952255249
0.0892857164, -5.0, 56.7884063721
-0.968045115, -5.0, 55.7470245361
-2.02537584, -5.0, 54.8191642761
-3.08270669, -5.0, 54.0341262817
-4.14003754, -5.0, 53.3894577026
-5.19736862, -5.0, 52.8650474548
-6.25469923, -5.0, 52.4364089966
-7.31202984, -5.0, 52.081703186
-8.36936092, -5.0, 51.7836532593
-9.42669201, -5.0, 51.529094696
-10.4840221, -5.0, 51.3081130981
-11.5413532, -5.0, 51.1132011414
-12.5986843, -5.0, 50.9386138916
-13.6560154, -5.0, 50.7798919678
-14.7133455, -5.0, 50.6334915161
-15.7706766, -5.0, 50.496547699
-16.8280067, -5.0, 50.3666648865
-17.8853378, -5.0, 50.2418022156
-18.9426689, -5.0, 50.1201400757
98.9258804, -6.0, 60.3808631897
97.8517685, -6.0, 60.7585449219
96.7776489, -6.0, 61.1301040649
95.7035294, -6.0, 61.492805481
94.6294174, -6.0, 61.8442268372
93.5552979, -6.0, 62.182346344
92.4811859, -6.0, 62.5055351257
91.4070663, -6.0, 62.8126106262
90.3329468, -6.0, 63.1027832031
89.2588348, -6.0, 63.3756408691
88.1847153, -6.0, 63.6311073303
87.1105957, -6.0, 63.8693847656
86.0364838, -6.0, 64.0909042358
84.9623642, -6.0, 64.2962722778
83.8882523, -6.0, 64.4862365723
82.8141327, -6.0, 64.6616287231
81.7400131, -6.0, 64.8233566284
80.6659012, -6.0, 64.9723205566
79.5917816, -6.0, 65.1094512939
78.517662, -6.0, 65.2356491089
77.4435501, -6.0, 65.3517837524
76.3694305, -6.0, 65.458694458
75.2953186, -6.0, 65.5571670532
74.221199, -6.0, 65.6479263306
73.1470795, -6.0, 65.7316589355
72.0729675, -6.0, 65.8089981079
70.998848, -6.0, 65.880531311
69.9247284, -6.0, 65.9467849731
68.8506165, -6.0, 66.0082550049
67.7764969, -6.0, 66.0653991699
66.7023773, -6.0, 66.1186218262
65.6282654, -6.0, 66.1683120728
64.5541458, -6.0, 66.2148132324
63.4800301, -6.0, 66.2584533691
62.4059143, -6.0, 66.2995300293
61.3317986, -6.0, 66.3383255005
60.257679, -6.0, 66.3750915527
59.1835632, -6.0, 66.4100646973
58.1094475, -6.0, 66.4434814453
57.0353317, -6.0, 66.4755554199
55.9612122, -6.0, 66.5064926147
54.8870964, -6.0, 66.5364837646
53.8129807, -6.0, 66.5657119751
52.7388649, -6.0, 66.594367981
51.6647453, -6.0, 66.6226348877
50.5906296, -6.0, 66.650680542
49.5165138, -6.0, 66.6786956787
48.4423981, -6.0, 66.7068405151
47.3682785, -6.0, 66.7353057861
46.2941628, -6.0, 66.7642745972
45.220047, -6.0, 66.7939453125
44.1459312, -6.0, 66.8245010376
43.0718117, -6.0, 66.8561706543
41.9976959, -6.0, 66.8891601562
40.9235802, -6.0, 66.9237213135
39.8494606, -6.0, 66.960105896
38.7753448, -6.0, 66.9985961914
37.7012291, -6.0, 67.0394973755
36.6271133, -6.0, 67.083152771
35.5529938, -6.0, 67.1299362183
34.478878, -6.0, 67.1802825928
33.4047623, -6.0, 67.234664917
32.3306465, -6.0, 67.2936325073
31.2565289, -6.0, 67.3578262329
30.1824112, -6.0, 67.4279785156
29.1082954, -6.0, 67.5049362183
28.0341778, -6.0, 67.5896987915
26.960062, -6.0, 67.6834335327
25.8859444, -6.0, 67.7874832153
24.8118286, -6.0, 67.9033508301
23.737711, -6.0, 68.0326766968
22.6635952, -6.0, 68.1770782471
21.5894775, -6.0, 68.3379821777
20.5153618, -6.0, 68.5163269043
19.4412441, -6.0, 68.7123641968
18.3671284, -6.0, 68.9254608154
17.2930107, -6.0, 69.1540679932
16.218895, -6.0, 69.3956832886
15.1447773, -6.0, 69.6466369629
14.0706606, -6.0, 69.9016342163
12.9965439, -6.0, 70.1529846191
11.9224272, -6.0, 70.3896102905
10.8483105, -6.0, 70.596206665
9.77419376, -6.0, 70.7528076172
8.70007706, -6.0, 70.8351516724
7.62595987, -6.0, 70.8161010742
6.55184317, -6.0, 70.6683578491
5.47772646, -6.0, 70.3685836792
4.40360975, -6.0, 69.902961731
3.32949305, -6.0, 69.2734680176
2.25537634, -6.0, 68.5029067993
1.18125963, -6.0, 67.6351928711
0.107142858, -6.0, 66.7285690308
-0.951127827, -6.0, 65.8552932739
-2.00939846, -6.0, 65.0476150513
-3.06766915, -6.0, 64.3318023682
-4.12593985, -6.0, 63.7150764465
-5.1842103, -6.0, 63.1912117004
-6.24248123, -6.0, 62.7474746704
-7.30075169, -6.0, 62.3697929382
-8.35902214, -6.0, 62.0453300476
-9.41729355, -6.0, 61.7633476257
-10.475564, -6.0, 61.5151596069
-11.5338345, -6.0, 61.2938423157
-12.5921049, -6.0, 61.0938720703
-13.6503763, -6.0, 60.9108085632
-14.7086468, -6.0, 60.7410354614
-15.7669172, -6.0, 60.5815544128
-16.8251877, -6.0, 60.4298210144
-17.8834591, -6.0, 60.283618927
-18.9417286, -6.0, 60.1409606934
98.9260788, -7.0, 70.3629989624
97.85215, -7.0, 70.7232666016
96.7782288, -7.0, 71.0782394409
95.7042999, -7.0, 71.4255523682
94.6303787, -7.0, 71.7630844116
93.5564499, -7.0, 72.0890045166
92.4825287, -7.0, 72.4018325806
91.4085999, -7.0, 72.7004241943
90.3346786, -7.0, 72.9839782715
89.2607498, -7.0, 73.2520065308
88.1868286, -7.0, 73.5043182373
87.1128998, -7.0, 73.7409744263
86.0389786, -7.0, 73.9622268677
84.9650574, -7.0, 74.1685256958
83.8911285, -7.0, 74.3604278564
82.8172073, -7.0, 74.5386123657
81.7432785, -7.0, 74.7038040161
80.6693573, -7.0, 74.8567810059
79.5954285, -7.0, 74.9983215332
78.5215073, -7.0, 75.1292190552
77.4475784, -7.0, 75.2502593994
76.3736572, -7.0, 75.3621673584
75.2997284, -7.0, 75.465675354
74.2258072, -7.0, 75.5614547729
73.1518784, -7.0, 75.6501464844
72.0779572, -7.0, 75.7323379517
71.0040359, -7.0, 75.8086013794
69.9301071, -7.0, 75.8794403076
68.8561859, -7.0, 75.945350647
67.7822571, -7.0, 76.0067596436
66.7083359, -7.0, 76.0640869141
65.634407, -7.0, 76.1177139282
64.5604858, -7.0, 76.1679916382
63.4865608, -7.0, 76.2152481079
62.4126358, -7.0, 76.2597885132
61.3387108, -7.0, 76.301902771
60.2647858, -7.0, 76.3418579102
59.1908607, -7.0, 76.3798980713
58.1169357, -7.0, 76.416267395
57.0430107, -7.0, 76.4511871338
55.9690857, -7.0, 76.4848632812
54.8951607, -7.0, 76.5175170898
53.8212357, -7.0, 76.5493392944
52.7473106, -7.0, 76.5805206299
51.6733856, -7.0, 76.6112518311
50.5994606, -7.0, 76.6417160034
49.5255394, -7.0, 76.6721115112
48.4516144, -7.0, 76.7026062012
47.3776894, -7.0, 76.7333908081
46.3037643, -7.0, 76.7646636963
45.2298393, -7.0, 76.7966156006
44.1559143, -7.0, 76.829460144
43.0819893, -7.0, 76.8633880615
42.0080643, -7.0, 76.8986434937
40.9341393, -7.0, 76.9354553223
39.8602142, -7.0, 76.9740753174
38.7862892, -7.0, 77.0147781372
37.7123642, -7.0, 77.0578689575
36.6384392, -7.0, 77.1036605835
35.564518, -7.0, 77.1525115967
34.490593, -7.0, 77.204826355
33.4166679, -7.0, 77.2610549927
32.3427429, -7.0, 77.3216781616
31.2688179, -7.0, 77.3872756958
30.1948929, -7.0, 77.4584884644
29.1209679, -7.0, 77.5360412598
28.0470428, -7.0, 77.620765686
26.9731178, -7.0, 77.7135925293
25.8991928, -7.0, 77.8155593872
24.8252697, -7.0, 77.9277496338
23.7513447, -7.0, 78.0512695312
22.6774197, -7.0, 78.1871185303
21.6034946, -7.0, 78.3360366821
20.5295696, -7.0, 78.4983139038
19.4556446, -7.0, 78.6736602783
18.3817196, -7.0, 78.8610153198
17.3077965, -7.0, 79.0584564209
16.2338715, -7.0, 79.2630691528
15.1599464, -7.0, 79.4707260132
14.0860214, -7.0, 79.675743103
13.0120964, -7.0, 79.8703689575
11.9381723, -7.0, 80.0442810059
10.8642473, -7.0, 80.184211731
9.7903223, -7.0, 80.2739105225
8.71639824, -7.0, 80.2947540283
7.64247322, -7.0, 80.2270355225
6.5685482, -7.0, 80.0521697998
5.49462366, -7.0, 79.7557525635
4.42069912, -7.0, 79.331199646
3.3467741, -7.0, 78.7832870483
2.27284956, -7.0, 78.1302566528
1.19892478, -7.0, 77.4030609131
0.125, -7.0, 76.6408996582
-0.934210539, -7.0, 75.8941802979
-1.99342108, -7.0, 75.1851577759
-3.05263162, -7.0, 74.5355911255
-4.11184216, -7.0, 73.9555587769
-5.17105246, -7.0, 73.4455947876
-6.23026323, -7.0, 73.0002441406
-7.28947353, -7.0, 72.6112976074
-8.34868431, -7.0, 72.2700042725
-9.40789509, -7.0, 71.9682312012
-10.4671049, -7.0, 71.6988830566
-11.5263157, -7.0, 71.4559631348
-12.5855265, -7.0, 71.2344589233
-13.6447372, -7.0, 71.0301818848
-14.7039471, -7.0, 70.839630127
-15.7631578, -7.0, 70.6598052979
-16.8223686, -7.0, 70.4881286621
-17.8815784, -7.0, 70.322303772
-18.9407902, -7.0, 70.1602478027
98.9262695, -8.0, 80.3475036621
97.8525314, -8.0, 80.6926116943
96.778801, -8.0, 81.0331192017
95.7050705, -8.0, 81.3669433594
94.63134, -8.0, 81.692199707
93.5576019, -8.0, 82.0072555542
92.4838715, -8.0, 82.3107299805
91.410141, -8.0, 82.6015548706
90.3364029, -8.0, 82.8789215088
89.2626724, -8.0, 83.1423034668
88.188942, -8.0, 83.391418457
87.1152039, -8.0, 83.6262207031
86.0414734, -8.0, 83.8468399048
84.9677429, -8.0, 84.053565979
83.8940125, -8.0, 84.2468414307
82.8202744, -8.0, 84.4271774292
81.7465439, -8.0, 84.5951690674
80.6728134, -8.0, 84.7514648438
79.5990753, -8.0, 84.8967437744
78.5253448, -8.0, 85.0316848755
77.4516144, -8.0, 85.1569671631
76.3778839, -8.0, 85.2732620239
75.3041458, -8.0, 85.3812255859
74.2304153, -8.0, 85.4814758301
73.1566849, -8.0, 85.5746002197
72.0829468, -8.0, 85.6611785889
71.0092163, -8.0, 85.7417297363
69.9354858, -8.0, 85.8167419434
68.8617477, -8.0, 85.8867034912
67.7880173, -8.0, 85.9520263672
66.7142868, -8.0, 86.013130188
65.6405563, -8.0, 86.0703887939
64.5668182, -8.0, 86.1241607666
63.4930878, -8.0, 86.1747741699
62.4193535, -8.0, 86.2225418091
61.345623, -8.0, 86.2677459717
60.2718887, -8.0, 86.3106765747
59.1981583, -8.0, 86.3515777588
58.124424, -8.0, 86.3907012939
57.0506897, -8.0, 86.428276062
55.9769592, -8.0, 86.4645309448
54.9032249, -8.0, 86.499671936
53.8294945, -8.0, 86.5339126587
52.7557602, -8.0, 86.5674591064
51.6820259, -8.0, 86.6004943848
50.6082954, -8.0, 86.6332244873
49.5345612, -8.0, 86.6658248901
48.4608307, -8.0, 86.6985092163
47.3870964, -8.0, 86.7314529419
46.3133659, -8.0, 86.7648620605
45.2396317, -8.0, 86.7989273071
44.1658974, -8.0, 86.8338623047
43.0921669, -8.0, 86.8698730469
42.0184326, -8.0, 86.9071807861
40.9447021, -8.0, 86.9460220337
39.8709679, -8.0, 86.9866409302
38.7972336, -8.0, 87.0293121338
37.7235031, -8.0, 87.0743026733
36.6497688, -8.0, 87.121925354
35.5760384, -8.0, 87.1725082397
34.5023041, -8.0, 87.2264175415
33.4285698, -8.0, 87.2840576172
32.3548393, -8.0, 87.3458633423
31.281105, -8.0, 87.412322998
30.2073727, -8.0, 87.4839782715
29.1336403, -8.0, 87.5614242554
28.0599079, -8.0, 87.6453323364
26.9861755, -8.0, 87.7363967896
25.9124432, -8.0, 87.835357666
24.8387089, -8.0, 87.9429473877
23.7649765, -8.0, 88.0598373413
22.6912441, -8.0, 88.1865310669
21.6175117, -8.0, 88.3232574463
20.5437794, -8.0, 88.469833374
19.470047, -8.0, 88.6255187988
18.3963127, -8.0, 88.7889099121
17.3225803, -8.0, 88.9578018188
16.248848, -8.0, 89.1290359497
15.1751156, -8.0, 89.2983474731
14.1013823, -8.0, 89.4600753784
13.0276499, -8.0, 89.6069259644
11.9539175, -8.0, 89.7296829224
10.8801842, -8.0, 89.8171463013
9.8064518, -8.0, 89.8563156128
8.73271847, -8.0, 89.8330078125
7.65898609, -8.0, 89.733001709
6.58525324, -8.0, 89.5437164307
5.51152086, -8.0, 89.2563858032
4.43778801, -8.0, 88.8683166504
3.3640554, -8.0, 88.3848724365
2.29032254, -8.0, 87.8203353882
1.21658981, -8.0, 87.196975708
0.142857149, -8.0, 86.5421905518
-0.917293251, -8.0, 85.8924636841
-1.97744358, -8.0, 85.2635421753
-3.03759408, -8.0, 84.672996521
-4.09774446, -8.0, 84.131072998
-5.15789461, -8.0, 83.6413726807
-6.21804523, -8.0, 83.20262146
-7.27819538, -8.0, 82.8106536865
-8.33834553, -8.0, 82.4599533081
-9.39849663, -8.0, 82.144744873
-10.4586468, -8.0, 81.8595428467
-11.5187969, -8.0, 81.5994186401
-12.5789471, -8.0, 81.3600234985
-13.6390982, -8.0, 81.1375961304
-14.6992483, -8.0, 80.928855896
-15.7593985, -8.0, 80.7309417725
-16.8195496, -8.0, 80.541305542
-17.8796997, -8.0, 80.3576660156
-18.9398499, -8.0, 80.1778945923
98.9264603, -9.0, 90.3340454102
97.8529205, -9.0, 90.6659927368
96.7793808, -9.0, 90.9938812256
95.7058334, -9.0, 91.3158950806
94.6322937, -9.0, 91.6303482056
93.558754, -9.0, 91.9357452393
92.4852142, -9.0, 92.2308425903
91.4116745, -9.0, 92.5146179199
90.3381348, -9.0, 92.7862701416
89.264595, -9.0, 93.045249939
88.1910553, -9.0, 93.291229248
87.1175079, -9.0, 93.5240707397
86.0439682, -9.0, 93.7437973022
84.9704285, -9.0, 93.9505996704
83.8968887, -9.0, 94.14478302
82.823349, -9.0, 94.326751709
81.7498093, -9.0, 94.4969940186
80.6762695, -9.0, 94.656036377
79.6027298, -9.0, 94.8044509888
78.5291824, -9.0, 94.9428405762
77.4556427, -9.0, 95.0717926025
76.382103, -9.0, 95.1919174194
75.3085632, -9.0, 95.3037948608
74.2350235, -9.0, 95.4080047607
73.1614838, -9.0, 95.5050964355
72.087944, -9.0, 95.5955963135
71.0144043, -9.0, 95.6800003052
69.9408569, -9.0, 95.7587966919
68.8673172, -9.0, 95.8324279785
67.7937775, -9.0, 95.9013214111
66.7202377, -9.0, 95.9658737183
65.646698, -9.0, 96.0264663696
64.5731583, -9.0, 96.083442688
63.4996147, -9.0, 96.1371459961
62.426075, -9.0, 96.1878814697
61.3525352, -9.0, 96.2359466553
60.2789955, -9.0, 96.2816238403
59.205452, -9.0, 96.3251800537
58.1319122, -9.0, 96.366859436
57.0583725, -9.0, 96.4068984985
55.9848328, -9.0, 96.4455413818
54.9112892, -9.0, 96.483001709
53.8377495, -9.0, 96.519493103
52.7642097, -9.0, 96.5552215576
51.69067, -9.0, 96.5904006958
50.6171265, -9.0, 96.6252212524
49.5435867, -9.0, 96.6598815918
48.470047, -9.0, 96.6945800781
47.3965073, -9.0, 96.7295150757
46.3229637, -9.0, 96.7648773193
45.249424, -9.0, 96.8008804321
44.1758842, -9.0, 96.8377227783
43.1023407, -9.0, 96.875617981
42.028801, -9.0, 96.9147796631
40.9552612, -9.0, 96.9554443359
39.8817215, -9.0, 96.9978408813
38.8081779, -9.0, 97.0422286987
37.7346382, -9.0, 97.0888595581
36.6610985, -9.0, 97.1380310059
35.5875587, -9.0, 97.1900405884
34.5140152, -9.0, 97.2452011108
33.4404755, -9.0, 97.3038864136
32.3669357, -9.0, 97.3664474487
31.2933941, -9.0, 97.4333114624
30.2198544, -9.0, 97.5049133301
29.1463127, -9.0, 97.5817184448
28.072773, -9.0, 97.6642074585
26.9992313, -9.0, 97.7528839111
25.9256916, -9.0, 97.848236084
24.85215, -9.0, 97.9506835938
23.7786102, -9.0, 98.0605392456
22.7050686, -9.0, 98.1779251099
21.6315289, -9.0, 98.3026809692
20.5579872, -9.0, 98.4342498779
19.4844475, -9.0, 98.5715789795
18.4109058, -9.0, 98.7130050659
17.3373661, -9.0, 98.8561477661
16.2638245, -9.0, 98.9977645874
15.1902838, -9.0, 99.1336517334
14.1167431, -9.0, 99.2584533691
13.0432024, -9.0, 99.3655395508
11.9696617, -9.0, 99.4469146729
10.896121, -9.0, 99.4932785034
9.82258034, -9.0, 99.4943389893
8.74903965, -9.0, 99.4393539429
7.67549944, -9.0, 99.3180770874
6.60195875, -9.0, 99.1220169067
5.52841759, -9.0, 98.8459014893
4.4548769, -9.0, 98.4890975952
3.38133645, -9.0, 98.0567092896
2.30779576, -9.0, 97.5598754883
1.23425496, -9.0, 97.0149841309
0.160714284, -9.0, 96.4417724609
-0.900375962, -9.0, 95.8674316406
-1.96146619, -9.0, 95.3033676147
-3.0225563, -9.0, 94.7637023926
-4.08364677, -9.0, 94.2578201294
-5.14473677, -9.0, 93.7905197144
-6.20582724, -9.0, 93.3628463745
-7.26691723, -9.0, 92.9732208252
-8.3280077, -9.0, 92.6184997559
-9.38909817, -9.0, 92.2948379517
-10.4501877, -9.0, 91.9982147217
-11.5112782, -9.0, 91.7247238159
-12.5723686, -9.0, 91.4707641602
-13.6334591, -9.0, 91.2330474854
-14.6945486, -9.0, 91.0086212158
-15.7556391, -9.0, 90.7948226929
-16.8167286, -9.0, 90.589225769
-17.8778191, -9.0, 90.3896026611
-18.9389095, -9.0, 90.1938552856
98.926651, -10.0, 100.322387695
97.853302, -10.0, 100.642906189
96.779953, -10.0, 100.959831238
95.706604, -10.0, 101.271530151
94.633255, -10.0, 101.57649231
93.559906, -10.0, 101.873374939
92.486557, -10.0, 102.161003113
91.413208, -10.0, 102.438423157
90.339859, -10.0, 102.704864502
89.26651, -10.0, 102.959754944
88.193161, -10.0, 103.202728271
87.119812, -10.0, 103.433578491
86.0464706, -10.0, 103.652259827
84.9731216, -10.0, 103.85887146
83.8997726, -10.0, 104.053619385
82.8264236, -10.0, 104.236816406
81.7530746, -10.0, 104.408843994
80.6797256, -10.0, 104.570137024
79.6063766, -10.0, 104.721183777
78.5330276, -10.0, 104.862503052
77.4596786, -10.0, 104.994613647
76.3863297, -10.0, 105.118057251
75.3129807, -10.0, 105.233360291
74.2396317, -10.0, 105.341056824
73.1662827, -10.0, 105.441642761
72.0929337, -10.0, 105.535636902
71.0195847, -10.0, 105.623497009
69.9462357, -10.0, 105.705680847
68.8728867, -10.0, 105.782623291
67.7995377, -10.0, 105.854743958
66.7261887, -10.0, 105.922424316
65.6528397, -10.0, 105.986038208
64.5794907, -10.0, 106.045944214
63.5061455, -10.0, 106.102462769
62.4327965, -10.0, 106.155921936
61.3594475, -10.0, 106.206604004
60.2860985, -10.0, 106.254806519
59.2127495, -10.0, 106.300788879
58.1394005, -10.0, 106.344818115
57.0660515, -10.0, 106.387130737
55.9927025, -10.0, 106.427963257
54.9193535, -10.0, 106.467559814
53.8460045, -10.0, 106.506118774
52.7726593, -10.0, 106.543861389
51.6993103, -10.0, 106.581008911
50.6259613, -10.0, 106.617744446
49.5526123, -10.0, 106.654289246
48.4792633, -10.0, 106.690841675
47.4059143, -10.0, 106.727592468
46.3325653, -10.0, 106.76473999
45.2592163, -10.0, 106.802497864
44.1858673, -10.0, 106.841072083
43.1125183, -10.0, 106.880661011
42.0391693, -10.0, 106.921485901
40.9658203, -10.0, 106.963760376
39.8924713, -10.0, 107.007713318
38.8191261, -10.0, 107.053588867
37.7457771, -10.0, 107.101623535
36.6724281, -10.0, 107.152084351
35.5990791, -10.0, 107.205238342
34.5257301, -10.0, 107.261360168
33.4523811, -10.0, 107.320762634
32.3790321, -10.0, 107.383750916
31.3056831, -10.0, 107.450653076
30.2323341, -10.0, 107.52180481
29.158987, -10.0, 107.597549438
28.085638, -10.0, 107.678215027
27.012289, -10.0, 107.764122009
25.93894, -10.0, 107.855514526
24.865591, -10.0, 107.952575684
23.7922421, -10.0, 108.05532074
22.718895, -10.0, 108.163581848
21.645546, -10.0, 108.276893616
20.572197, -10.0, 108.394432068
19.498848, -10.0, 108.514915466
18.425499, -10.0, 108.636505127
17.35215, -10.0, 108.756752014
16.278801, -10.0, 108.872451782
15.2054529, -10.0, 108.97959137
14.1321049, -10.0, 109.073242188
13.0587559, -10.0, 109.147529602
11.9854069, -10.0, 109.195625305
10.9120588, -10.0, 109.209907532
9.83870983, -10.0, 109.182243347
8.76536083, -10.0, 109.104522705
7.69201231, -10.0, 108.969352722
6.61866379, -10.0, 108.770996094
5.54531479, -10.0, 108.506362915
4.47196627, -10.0, 108.175880432
3.39861751, -10.0, 107.784095764
2.32526875, -10.0, 107.339752197
1.2519201, -10.0, 106.855163574
0.178571433, -10.0, 106.344947815
-0.883458674, -10.0, 105.829833984
-1.94548869, -10.0, 105.31829834
-3.00751877, -10.0, 104.82170105
-4.06954908, -10.0, 104.348320007
-5.13157892, -10.0, 103.903198242
-6.19360924, -10.0, 103.488578796
-7.25563908, -10.0, 103.104469299
-8.31766891, -10.0, 102.749412537
-9.37969971, -10.0, 102.421028137
-10.4417295, -10.0, 102.116500854
-11.5037594, -10.0, 101.832878113
-12.5657892, -10.0, 101.567245483
-13.62782, -10.0, 101.316848755
-14.6898499, -10.0, 101.079071045
-15.7518797, -10.0, 100.851501465
-16.8139095, -10.0, 100.631889343
-17.8759403, -10.0, 100.418106079
-18.9379692, -10.0, 100.208122253
98.9268417, -11.0, 110.312309265
97.8536835, -11.0, 110.622955322
96.7805328, -11.0, 110.930374146
95.7073746, -11.0, 111.23311615
94.6342163, -11.0, 111.529800415
93.561058, -11.0, 111.819198608
92.4878998, -11.0, 112.100227356
91.4147491, -11.0, 112.37197876
90.3415909, -11.0, 112.633712769
89.2684326, -11.0, 112.884857178
88.1952744, -11.0, 113.125007629
87.1221161, -11.0, 113.353919983
86.0489655, -11.0, 113.571479797
84.9758072, -11.0, 113.77772522
83.9026489, -11.0, 113.97278595
82.8294907, -11.0, 114.15687561
81.75634, -11.0, 114.330307007
80.6831818, -11.0, 114.493438721
79.6100235, -11.0, 114.64667511
78.5368652, -11.0, 114.790466309
77.463707, -11.0, 114.92527771
76.3905563, -11.0, 115.051574707
75.3173981, -11.0, 115.16986084
74.2442398, -11.0, 115.280593872
73.1710815, -11.0, 115.384269714
72.0979233, -11.0, 115.481338501
71.0247726, -11.0, 115.572257996
69.9516144, -11.0, 115.657455444
68.8784561, -11.0, 115.737365723
67.8052979, -11.0, 115.8123703
66.7321396, -11.0, 115.882858276
65.658989, -11.0, 115.949203491
64.5858307, -11.0, 116.011741638
63.5126724, -11.0, 116.07081604
62.439518, -11.0, 116.126731873
61.3663597, -11.0, 116.179794312
60.2932014, -11.0, 116.230285645
59.220047, -11.0, 116.27848053
58.1468887, -11.0, 116.324645996
57.0737343, -11.0, 116.369018555
56.000576, -11.0, 116.411857605
54.9274178, -11.0, 116.453392029
53.8542633, -11.0, 116.493835449
52.781105, -11.0, 116.533416748
51.7079506, -11.0, 116.572349548
50.6347923, -11.0, 116.610839844
49.5616341, -11.0, 116.649093628
48.4884796, -11.0, 116.687309265
47.4153214, -11.0, 116.725708008
46.3421669, -11.0, 116.764465332
45.2690086, -11.0, 116.80381012
44.1958542, -11.0, 116.843925476
43.1226959, -11.0, 116.885025024
42.0495377, -11.0, 116.927314758
40.9763832, -11.0, 116.971008301
39.9032249, -11.0, 117.016319275
38.8300705, -11.0, 117.063468933
37.7569122, -11.0, 117.112693787
36.683754, -11.0, 117.164207458
35.6105995, -11.0, 117.218261719
34.5374413, -11.0, 117.275093079
33.4642868, -11.0, 117.334953308
32.3911285, -11.0, 117.398086548
31.3179722, -11.0, 117.464744568
30.2448158, -11.0, 117.535171509
29.1716595, -11.0, 117.609580994
28.0985031, -11.0, 117.688179016
27.0253448, -11.0, 117.771095276
25.9521885, -11.0, 117.858413696
24.8790321, -11.0, 117.950088501
23.8058758, -11.0, 118.045913696
22.7327194, -11.0, 118.145477295
21.6595631, -11.0, 118.24810791
20.5864048, -11.0, 118.352775574
19.5132484, -11.0, 118.45803833
18.4400921, -11.0, 118.561988831
17.3669357, -11.0, 118.662155151
16.2937794, -11.0, 118.755462646
15.2206221, -11.0, 118.838157654
14.1474657, -11.0, 118.905792236
13.0743084, -11.0, 118.953231812
12.001152, -11.0, 118.974708557
10.9279957, -11.0, 118.963989258
9.85483837, -11.0, 118.914672852
8.78168201, -11.0, 118.820610046
7.70852518, -11.0, 118.676467896
6.63536882, -11.0, 118.478370667
5.56221199, -11.0, 118.224578857
4.48905516, -11.0, 117.916015625
3.41589856, -11.0, 117.556655884
2.34274197, -11.0, 117.153419495
1.26958525, -11.0, 116.715759277
0.196428567, -11.0, 116.254760742
-0.866541326, -11.0, 115.7865448
-1.92951131, -11.0, 115.317565918
-2.99248123, -11.0, 114.857032776
-4.05545092, -11.0, 114.412101746
-5.11842108, -11.0, 113.987670898
-6.18139076, -11.0, 113.586502075
-7.24436092, -11.0, 113.209564209
-8.30733109, -11.0, 112.856498718
-9.37030029, -11.0, 112.526031494
-10.4332705, -11.0, 112.216308594
-11.4962406, -11.0, 111.925170898
-12.5592108, -11.0, 111.650352478
-13.62218, -11.0, 111.389556885
-14.6851501, -11.0, 111.140556335
-15.7481203, -11.0, 110.90120697
-16.8110905, -11.0, 110.669425964
-17.8740597, -11.0, 110.443237305
-18.9370308, -11.0, 110.220718384
98.9270325, -12.0, 120.303657532
97.8540726, -12.0, 120.605804443
96.781105, -12.0, 120.905044556
95.7081375, -12.0, 121.200050354
94.6351776, -12.0, 121.489555359
93.5622101, -12.0, 121.772445679
92.4892502, -12.0, 122.047698975
91.4162827, -12.0, 122.314453125
90.3433151, -12.0, 122.571990967
89.2703552, -12.0, 122.819747925
88.1973877, -12.0, 123.057296753
87.1244202, -12.0, 123.284370422
86.0514603, -12.0, 123.500808716
84.9784927, -12.0, 123.706581116
83.9055328, -12.0, 123.901756287
82.8325653, -12.0, 124.086486816
81.7595978, -12.0, 124.261016846
80.6866379, -12.0, 124.425628662
79.6136703, -12.0, 124.580680847
78.5407028, -12.0, 124.726547241
77.4677429, -12.0, 124.863639832
76.3947754, -12.0, 124.992385864
75.3218155, -12.0, 125.113227844
74.248848, -12.0, 125.226600647
73.1758804, -12.0, 125.332954407
72.1029205, -12.0, 125.43271637
71.029953, -12.0, 125.526321411
69.9569855, -12.0, 125.614181519
68.8840256, -12.0, 125.69670105
67.811058, -12.0, 125.774269104
66.7380981, -12.0, 125.847259521
65.6651306, -12.0, 125.916030884
64.5921631, -12.0, 125.980926514
63.5191994, -12.0, 126.042274475
62.4462357, -12.0, 126.100395203
61.3732719, -12.0, 126.155578613
60.3003082, -12.0, 126.208129883
59.2273407, -12.0, 126.25831604
58.154377, -12.0, 126.306396484
57.0814133, -12.0, 126.352630615
56.0084496, -12.0, 126.397270203
54.935482, -12.0, 126.440544128
53.8625183, -12.0, 126.482688904
52.7895546, -12.0, 126.523918152
51.7165909, -12.0, 126.564460754
50.6436234, -12.0, 126.604515076
49.5706596, -12.0, 126.644302368
48.4976959, -12.0, 126.684028625
47.4247322, -12.0, 126.723884583
46.3517647, -12.0, 126.764083862
45.278801, -12.0, 126.804832458
44.2058372, -12.0, 126.846313477
43.1328735, -12.0, 126.88874054
42.059906, -12.0, 126.932319641
40.9869423, -12.0, 126.977241516
39.9139786, -12.0, 127.023719788
38.8410149, -12.0, 127.071960449
37.7680473, -12.0, 127.122154236
36.6950836, -12.0, 127.174530029
35.6221199, -12.0, 127.229278564
34.5491562, -12.0, 127.286605835
33.4761887, -12.0, 127.346717834
32.4032249, -12.0, 127.409790039
31.3302612, -12.0, 127.476005554
30.2572956, -12.0, 127.545516968
29.1843319, -12.0, 127.618438721
28.1113663, -12.0, 127.694847107
27.0384026, -12.0, 127.774749756
25.9654369, -12.0, 127.858039856
24.8924732, -12.0, 127.944526672
23.8195076, -12.0, 128.033813477
22.7465439, -12.0, 128.125320435
21.6735783, -12.0, 128.218185425
20.6006145, -12.0, 128.311264038
19.5276489, -12.0, 128.403015137
18.4546852, -12.0, 128.491500854
17.3817196, -12.0, 128.574295044
16.3087559, -12.0, 128.648483276
15.2357912, -12.0, 128.710632324
14.1628265, -12.0, 128.756744385
13.0898619, -12.0, 128.782363892
12.0168972, -12.0, 128.78263855
10.9439325, -12.0, 128.752487183
9.87096786, -12.0, 128.686843872
8.7980032, -12.0, 128.581054688
7.72503853, -12.0, 128.431228638
6.65207386, -12.0, 128.234741211
5.57910919, -12.0, 127.990699768
4.50614452, -12.0, 127.700271606
3.43317962, -12.0, 127.366867065
2.36021495, -12.0, 126.996047974
1.2872504, -12.0, 126.595207214
0.214285716, -12.0, 126.172958374
-0.849624038, -12.0, 125.742042542
-1.91353381, -12.0, 125.307502747
-2.9774437, -12.0, 124.876907349
-4.04135323, -12.0, 124.45640564
-5.10526323, -12.0, 124.050544739
-6.16917276, -12.0, 123.662254333
-7.23308277, -12.0, 123.293067932
-8.2969923, -12.0, 122.943336487
-9.36090183, -12.0, 122.612571716
-10.4248123, -12.0, 122.29964447
-11.4887218, -12.0, 122.003059387
-12.5526314, -12.0, 121.721092224
-13.6165409, -12.0, 121.451889038
-14.6804514, -12.0, 121.193572998
-15.7443609, -12.0, 120.944236755
-16.8082714, -12.0, 120.702033997
-17.8721809, -12.0, 120.465118408
-18.9360905, -12.0, 120.231704712
98.9272308, -13.0, 130.296279907
97.854454, -13.0, 130.591201782
96.7816849, -13.0, 130.883453369
95.7089081, -13.0, 131.171844482
94.6361389, -13.0, 131.455200195
93.5633621, -13.0, 131.732467651
92.490593, -13.0, 132.002716064
91.4178162, -13.0, 132.26512146
90.345047, -13.0, 132.518966675
89.2722702, -13.0, 132.76373291
88.199501, -13.0, 132.998947144
87.1267319, -13.0, 133.224319458
86.0539551, -13.0, 133.439666748
84.9811859, -13.0, 133.64491272
83.9084091, -13.0, 133.840072632
82.83564, -13.0, 134.025253296
81.7628632, -13.0, 134.200622559
80.690094, -13.0, 134.366424561
79.6173172, -13.0, 134.522964478
78.544548, -13.0, 134.670562744
77.4717712, -13.0, 134.809570312
76.3990021, -13.0, 134.940383911
75.3262253, -13.0, 135.063400269
74.2534561, -13.0, 135.179046631
73.180687, -13.0, 135.287704468
72.1079102, -13.0, 135.389785767
71.035141, -13.0, 135.485717773
69.9623642, -13.0, 135.575897217
68.889595, -13.0, 135.660690308
67.8168182, -13.0, 135.740493774
66.7440491, -13.0, 135.815673828
65.6712723, -13.0, 135.886581421
64.5985031, -13.0, 135.953536987
63.5257301, -13.0, 136.016906738
62.4529572, -13.0, 136.076965332
61.3801842, -13.0, 136.134033203
60.3074112, -13.0, 136.188400269
59.2346382, -13.0, 136.240341187
58.1618652, -13.0, 136.290130615
57.0890923, -13.0, 136.338012695
56.0163193, -13.0, 136.384246826
54.9435501, -13.0, 136.42906189
53.8707771, -13.0, 136.472717285
52.7980042, -13.0, 136.515411377
51.7252312, -13.0, 136.557373047
50.6524582, -13.0, 136.598815918
49.5796852, -13.0, 136.639953613
48.5069122, -13.0, 136.680999756
47.4341393, -13.0, 136.72215271
46.3613663, -13.0, 136.763626099
45.2885933, -13.0, 136.805587769
44.2158203, -13.0, 136.848266602
43.1430473, -13.0, 136.891860962
42.0702782, -13.0, 136.936538696
40.9975052, -13.0, 136.982513428
39.9247322, -13.0, 137.029983521
38.8519592, -13.0, 137.07913208
37.7791862, -13.0, 137.130126953
36.7064133, -13.0, 137.183181763
35.6336403, -13.0, 137.238449097
34.5608673, -13.0, 137.296112061
33.4880943, -13.0, 137.356307983
32.4153214, -13.0, 137.419174194
31.3425503, -13.0, 137.484832764
30.2697773, -13.0, 137.553329468
29.1970043, -13.0, 137.624710083
28.1242313, -13.0, 137.698944092
27.0514584, -13.0, 137.775909424
25.9786873, -13.0, 137.855392456
24.9059143, -13.0, 137.937026978
23.8331413, -13.0, 138.020309448
22.7603683, -13.0, 138.104507446
21.6875954, -13.0, 138.188659668
20.6148243, -13.0, 138.271499634
19.5420513, -13.0, 138.351470947
18.4692783, -13.0, 138.426620483
17.3965054, -13.0, 138.494613647
16.3237324, -13.0, 138.552719116
15.2509604, -13.0, 138.59777832
14.1781874, -13.0, 138.626266479
13.1054144, -13.0, 138.634292603
12.0326424, -13.0, 138.617797852
10.9598694, -13.0, 138.57258606
9.88709641, -13.0, 138.494674683
8.81432438, -13.0, 138.380462646
7.7415514, -13.0, 138.227111816
6.6687789, -13.0, 138.032867432
5.59600592, -13.0, 137.797363281
4.52323341, -13.0, 137.521820068
3.45046091, -13.0, 137.209182739
2.37768817, -13.0, 136.863998413
1.30491555, -13.0, 136.492172241
0.232142851, -13.0, 136.100524902
-0.832706749, -13.0, 135.699295044
-1.89755642, -13.0, 135.292541504
-2.96240592, -13.0, 134.886566162
-4.02725554, -13.0, 134.486679077
-5.09210539, -13.0, 134.097015381
-6.15695477, -13.0, 133.720504761
-7.22180462, -13.0, 133.358932495
-8.28665447, -13.0, 133.013153076
-9.35150337, -13.0, 132.683181763
-10.4163532, -13.0, 132.368469238
-11.4812031, -13.0, 132.068023682
-12.5460529, -13.0, 131.780563354
-13.6109018, -13.0, 131.504638672
-14.6757517, -13.0, 131.23866272
-15.7406015, -13.0, 130.980987549
-16.8054504, -13.0, 130.72996521
-17.8703003, -13.0, 130.483917236
-18.9351501, -13.0, 130.241149902
98.9274216, -14.0, 140.290084839
97.8548355, -14.0, 140.578903198
96.7822571, -14.0, 140.865280151
95.7096786, -14.0, 141.148071289
94.6371002, -14.0, 141.426223755
93.5645142, -14.0, 141.698745728
92.4919357, -14.0, 141.96472168
91.4193573, -14.0, 142.223388672
90.3467712, -14.0, 142.474075317
89.2741928, -14.0, 142.716217041
88.2016144, -14.0, 142.949371338
87.1290359, -14.0, 143.173233032
86.0564499, -14.0, 143.387573242
84.9838715, -14.0, 143.592285156
83.911293, -14.0, 143.787353516
82.838707, -14.0, 143.972824097
81.7661285, -14.0, 144.148834229
80.6935501, -14.0, 144.315582275
79.6209641, -14.0, 144.473327637
78.5483856, -14.0, 144.622329712
77.4758072, -14.0, 144.762924194
76.4032288, -14.0, 144.895477295
75.3306427, -14.0, 145.020324707
74.2580643, -14.0, 145.137863159
73.1854858, -14.0, 145.248474121
72.1128998, -14.0, 145.352539062
71.0403214, -14.0, 145.450454712
69.9677429, -14.0, 145.542617798
68.8951645, -14.0, 145.629364014
67.8225784, -14.0, 145.711090088
66.75, -14.0, 145.788162231
65.6774216, -14.0, 145.860900879
64.6048355, -14.0, 145.929656982
63.5322571, -14.0, 145.994750977
62.4596786, -14.0, 146.056503296
61.3870964, -14.0, 146.115203857
60.314518, -14.0, 146.171157837
59.2419357, -14.0, 146.224624634
58.1693535, -14.0, 146.275878906
57.0967751, -14.0, 146.325195312
56.0241928, -14.0, 146.372817993
54.9516144, -14.0, 146.418991089
53.8790321, -14.0, 146.463943481
52.8064499, -14.0, 146.507904053
51.7338715, -14.0, 146.551116943
50.6612892, -14.0, 146.593765259
49.5887108, -14.0, 146.636077881
48.5161285, -14.0, 146.678268433
47.4435501, -14.0, 146.720550537
46.3709679, -14.0, 146.763092041
45.2983856, -14.0, 146.806121826
44.2258072, -14.0, 146.849822998
43.1532249, -14.0, 146.894393921
42.0806465, -14.0, 146.9400177
41.0080643, -14.0, 146.9868927
39.935482, -14.0, 147.035186768
38.8629036, -14.0, 147.085067749
37.7903214, -14.0, 147.13671875
36.7177429, -14.0, 147.190307617
35.6451607, -14.0, 147.245956421
34.5725822, -14.0, 147.303817749
33.5, -14.0, 147.363983154
32.4274178, -14.0, 147.426559448
31.3548393, -14.0, 147.491577148
30.282259, -14.0, 147.559066772
29.2096767, -14.0, 147.628936768
28.1370964, -14.0, 147.70111084
27.0645161, -14.0, 147.775344849
25.9919357, -14.0, 147.851333618
24.9193554, -14.0, 147.928588867
23.8467751, -14.0, 148.006515503
22.7741928, -14.0, 148.084274292
21.7016125, -14.0, 148.160812378
20.6290321, -14.0, 148.234817505
19.5564518, -14.0, 148.304702759
18.4838715, -14.0, 148.368560791
17.4112911, -14.0, 148.424163818
16.3387089, -14.0, 148.468933105
15.2661295, -14.0, 148.500015259
14.1935482, -14.0, 148.51423645
13.1209679, -14.0, 148.508255005
12.0483875, -14.0, 148.478591919
10.9758062, -14.0, 148.421798706
9.9032259, -14.0, 148.334686279
8.83064556, -14.0, 148.21446228
7.75806475, -14.0, 148.059036255
6.68548393, -14.0, 147.867218018
5.61290312, -14.0, 147.638977051
4.54032278, -14.0, 147.375549316
3.46774197, -14.0, 147.079467773
2.39516139, -14.0, 146.754516602
1.3225807, -14.0, 146.405502319
0.25, -14.0, 146.037994385
-0.815789461, -14.0, 145.66027832
-1.88157892, -14.0, 145.275802612
-2.94736838, -14.0, 144.889862061
-4.01315784, -14.0, 144.507064819
-5.07894754, -14.0, 144.131149292
-6.14473677, -14.0, 143.764984131
-7.21052647, -14.0, 143.410476685
-8.27631569, -14.0, 143.068725586
-9.34210491, -14.0, 142.740158081
-10.4078951, -14.0, 142.424606323
-11.4736843, -14.0, 142.12147522
-12.5394735, -14.0, 141.829864502
-13.6052628, -14.0, 141.548614502
-14.6710529, -14.0, 141.276428223
-15.7368422, -14.0, 141.011886597
-16.8026314, -14.0, 140.753509521
-17.8684216, -14.0, 140.499771118
-18.9342098, -14.0, 140.249130249
98.9276123, -15.0, 150.284957886
97.8552246, -15.0, 150.568756104
96.7828369, -15.0, 150.850265503
95.7104492, -15.0, 151.128448486
94.6380539, -15.0, 151.402282715
93.5656662, -15.0, 151.670837402
92.4932785, -15.0, 151.933258057
91.4208908, -15.0, 152.188796997
90.3485031, -15.0, 152.436798096
89.2761154, -15.0, 152.676727295
88.2037277, -15.0, 152.908111572
87.13134, -15.0, 153.130645752
86.0589447, -15.0, 153.344100952
84.986557, -15.0, 153.548309326
83.9141693, -15.0, 153.743225098
82.8417816, -15.0, 153.928878784
81.7693939, -15.0, 154.105377197
80.6970062, -15.0, 154.272872925
79.6246185, -15.0, 154.431564331
78.5522308, -15.0, 154.581710815
77.4798355, -15.0, 154.723602295
76.4074478, -15.0, 154.857559204
75.3350601, -15.0, 154.983917236
74.2626724, -15.0, 155.103027344
73.1902847, -15.0, 155.215255737
72.117897, -15.0, 155.320968628
71.0455093, -15.0, 155.420547485
69.9731216, -15.0, 155.514358521
68.9007263, -15.0, 155.602752686
67.8283386, -15.0, 155.686096191
66.7559509, -15.0, 155.76473999
65.6835632, -15.0, 155.839035034
64.6111755, -15.0, 155.909301758
63.5387878, -15.0, 155.975875854
62.4663963, -15.0, 156.039047241
61.3940086, -15.0, 156.099136353
60.3216209, -15.0, 156.156417847
59.2492332, -15.0, 156.211181641
58.1768417, -15.0, 156.263702393
57.104454, -15.0, 156.314239502
56.0320663, -15.0, 156.363037109
54.9596786, -15.0, 156.410354614
53.8872871, -15.0, 156.456420898
52.8148994, -15.0, 156.501464844
51.7425117, -15.0, 156.545700073
50.6701241, -15.0, 156.589385986
49.5977325, -15.0, 156.63269043
48.5253448, -15.0, 156.675857544
47.4529572, -15.0, 156.719070435
46.3805695, -15.0, 156.762542725
45.3081779, -15.0, 156.80645752
44.2357903, -15.0, 156.851013184
43.1634026, -15.0, 156.896408081
42.0910149, -15.0, 156.942810059
41.0186234, -15.0, 156.99041748
39.9462357, -15.0, 157.039367676
38.873848, -15.0, 157.089859009
37.8014603, -15.0, 157.142028809
36.7290688, -15.0, 157.195999146
35.6566811, -15.0, 157.251922607
34.5842934, -15.0, 157.309890747
33.5119057, -15.0, 157.3699646
32.439518, -15.0, 157.4322052
31.3671284, -15.0, 157.49659729
30.2947388, -15.0, 157.563110352
29.2223511, -15.0, 157.631607056
28.1499615, -15.0, 157.701889038
27.0775738, -15.0, 157.773696899
26.0051842, -15.0, 157.846588135
24.9327965, -15.0, 157.920043945
23.8604069, -15.0, 157.993331909
22.7880192, -15.0, 158.065567017
21.7156296, -15.0, 158.135650635
20.6432419, -15.0, 158.202224731
19.5708523, -15.0, 158.263717651
18.4984646, -15.0, 158.318237305
17.426075, -15.0, 158.363677979
16.3536873, -15.0, 158.397644043
15.2812977, -15.0, 158.417480469
14.208909, -15.0, 158.420379639
13.1365204, -15.0, 158.403396606
12.0641317, -15.0, 158.363555908
10.9917431, -15.0, 158.297973633
9.91935444, -15.0, 158.204040527
8.84696579, -15.0, 158.079574585
7.77457762, -15.0, 157.922988892
6.70218897, -15.0, 157.733520508
5.62980032, -15.0, 157.51133728
4.55741167, -15.0, 157.257614136
3.48502302, -15.0, 156.974594116
2.41263437, -15.0, 156.665481567
1.34024572, -15.0, 156.33430481
0.267857134, -15.0, 155.985656738
-0.798872173, -15.0, 155.62638855
-1.86560154, -15.0, 155.259506226
-2.93233085, -15.0, 154.889587402
-3.99906015, -15.0, 154.520645142
-5.0657897, -15.0, 154.15612793
-6.13251877, -15.0, 153.798736572
-7.19924831, -15.0, 153.450408936
-8.26597786, -15.0, 153.112442017
-9.33270645, -15.0, 152.785476685
-10.399436, -15.0, 152.469665527
-11.4661655, -15.0, 152.164718628
-12.5328951, -15.0, 151.869979858
-13.5996237, -15.0, 151.584594727
-14.6663532, -15.0, 151.307449341
-15.7330828, -15.0, 151.037353516
-16.7998123, -15.0, 150.772964478
-17.8665409, -15.0, 150.512908936
-18.9332714, -15.0, 150.255737305
98.927803, -16.0, 160.280853271
97.8556061, -16.0, 160.560592651
96.7834091, -16.0, 160.83821106
95.7112122, -16.0, 161.112670898
94.6390152, -16.0, 161.383026123
93.5668182, -16.0, 161.648391724
92.4946213, -16.0, 161.907928467
91.4224243, -16.0, 162.160934448
90.3502274, -16.0, 162.40675354
89.2780304, -16.0, 162.644851685
88.2058334, -16.0, 162.874786377
87.1336441, -16.0, 163.096221924
86.0614471, -16.0, 163.308898926
84.9892502, -16.0, 163.512649536
83.9170532, -16.0, 163.70741272
82.8448563, -16.0, 163.893188477
81.7726593, -16.0, 164.070037842
80.7004623, -16.0, 164.238082886
79.6282654, -16.0, 164.397521973
78.5560684, -16.0, 164.548553467
77.4838715, -16.0, 164.691482544
76.4116745, -16.0, 164.826553345
75.3394775, -16.0, 164.954116821
74.2672806, -16.0, 165.074493408
73.1950836, -16.0, 165.188034058
72.1228867, -16.0, 165.295074463
71.0506897, -16.0, 165.395996094
69.9784927, -16.0, 165.491134644
68.9062958, -16.0, 165.580871582
67.8340988, -16.0, 165.665527344
66.7619019, -16.0, 165.74546814
65.6897049, -16.0, 165.821029663
64.6175079, -16.0, 165.892532349
63.5453148, -16.0, 165.960296631
62.4731178, -16.0, 166.024642944
61.4009209, -16.0, 166.085861206
60.3287239, -16.0, 166.144241333
59.2565269, -16.0, 166.200073242
58.18433, -16.0, 166.253631592
57.1121368, -16.0, 166.305160522
56.0399399, -16.0, 166.354919434
54.9677429, -16.0, 166.403167725
53.895546, -16.0, 166.450149536
52.823349, -16.0, 166.496078491
51.751152, -16.0, 166.541183472
50.6789551, -16.0, 166.585693359
49.6067581, -16.0, 166.629821777
48.5345612, -16.0, 166.67376709
47.4623642, -16.0, 166.717758179
46.3901672, -16.0, 166.761962891
45.3179741, -16.0, 166.806610107
44.2457771, -16.0, 166.851867676
43.1735802, -16.0, 166.897918701
42.1013832, -16.0, 166.944946289
41.0291862, -16.0, 166.993133545
39.9569893, -16.0, 167.042617798
38.8847923, -16.0, 167.093566895
37.8125954, -16.0, 167.146118164
36.7403984, -16.0, 167.200393677
35.6682014, -16.0, 167.256500244
34.5960045, -16.0, 167.314498901
33.5238113, -16.0, 167.374450684
32.4516144, -16.0, 167.436355591
31.3794155, -16.0, 167.500167847
30.3072205, -16.0, 167.565811157
29.2350235, -16.0, 167.633087158
28.1628265, -16.0, 167.701766968
27.0906296, -16.0, 167.771484375
26.0184326, -16.0, 167.841781616
24.9462357, -16.0, 167.912033081
23.8740406, -16.0, 167.981491089
22.8018436, -16.0, 168.049179077
21.7296467, -16.0, 168.113983154
20.6574497, -16.0, 168.174530029
19.5852528, -16.0, 168.229248047
18.5130577, -16.0, 168.276321411
17.4408607, -16.0, 168.313705444
16.3686638, -16.0, 168.339141846
15.2964668, -16.0, 168.350219727
14.2242708, -16.0, 168.344360352
13.1520739, -16.0, 168.318954468
12.0798769, -16.0, 168.27142334
11.0076809, -16.0, 168.199295044
9.93548393, -16.0, 168.100418091
8.86328697, -16.0, 167.973007202
7.79109049, -16.0, 167.815887451
6.718894, -16.0, 167.628540039
5.64669752, -16.0, 167.411239624
4.57450056, -16.0, 167.165130615
3.50230408, -16.0, 166.892227173
2.43010759, -16.0, 166.595291138
1.35791087, -16.0, 166.277801514
0.285714298, -16.0, 165.943649292
-0.781954885, -16.0, 165.59854126
-1.84962404, -16.0, 165.245269775
-2.91729331, -16.0, 164.887802124
-3.98496246, -16.0, 164.529800415
-5.05263138, -16.0, 164.174377441
-6.12030077, -16.0, 163.82409668
-7.18797016, -16.0, 163.480926514
-8.25563908, -16.0, 163.146224976
-9.32330799, -16.0, 162.820831299
-10.3909779, -16.0, 162.505081177
-11.4586468, -16.0, 162.198883057
-12.5263157, -16.0, 161.90184021
-13.5939846, -16.0, 161.613265991
-14.6616545, -16.0, 161.332260132
-15.7293234, -16.0, 161.057769775
-16.7969933, -16.0, 160.788589478
-17.8646622, -16.0, 160.523468018
-18.9323311, -16.0, 160.261062622
98.9279938, -17.0, 170.277679443
97.8559875, -17.0, 170.554336548
96.783989, -17.0, 170.828948975
95.7119827, -17.0, 171.10055542
94.6399765, -17.0, 171.368240356
93.5679703, -17.0, 171.631134033
92.4959641, -17.0, 171.888458252
91.4239655, -17.0, 172.13949585
90.3519592, -17.0, 172.383621216
89.279953, -17.0, 172.620285034
88.2079468, -17.0, 172.849075317
87.1359482, -17.0, 173.069641113
86.063942, -17.0, 173.281692505
84.9919357, -17.0, 173.485076904
83.9199295, -17.0, 173.679702759
82.8479233, -17.0, 173.865524292
81.7759247, -17.0, 174.042617798
80.7039185, -17.0, 174.211074829
79.6319122, -17.0, 174.371063232
78.559906, -17.0, 174.522781372
77.4878998, -17.0, 174.666473389
76.4159012, -17.0, 174.802398682
75.343895, -17.0, 174.930877686
74.2718887, -17.0, 175.052230835
73.1998825, -17.0, 175.166763306
72.1278839, -17.0, 175.274841309
71.0558777, -17.0, 175.376785278
69.9838715, -17.0, 175.472976685
68.9118652, -17.0, 175.563735962
67.839859, -17.0, 175.649414062
66.7678604, -17.0, 175.730361938
65.6958542, -17.0, 175.806900024
64.623848, -17.0, 175.879364014
63.5518417, -17.0, 175.948074341
62.4798393, -17.0, 176.013320923
61.4078331, -17.0, 176.075424194
60.3358307, -17.0, 176.134658813
59.2638245, -17.0, 176.191314697
58.1918221, -17.0, 176.245666504
57.1198158, -17.0, 176.297973633
56.0478096, -17.0, 176.348495483
54.9758072, -17.0, 176.397476196
53.903801, -17.0, 176.445159912
52.8317986, -17.0, 176.491775513
51.7597923, -17.0, 176.537567139
50.6877899, -17.0, 176.582717896
49.6157837, -17.0, 176.627487183
48.5437775, -17.0, 176.672042847
47.4717751, -17.0, 176.716629028
46.3997688, -17.0, 176.761413574
45.3277664, -17.0, 176.806610107
44.2557602, -17.0, 176.852401733
43.183754, -17.0, 176.898956299
42.1117516, -17.0, 176.946456909
41.0397453, -17.0, 176.99508667
39.9677429, -17.0, 177.044967651
38.8957367, -17.0, 177.0962677
37.8237343, -17.0, 177.149108887
36.7517281, -17.0, 177.203582764
35.6797218, -17.0, 177.259796143
34.6077194, -17.0, 177.317810059
33.5357132, -17.0, 177.377624512
32.4637108, -17.0, 177.439224243
31.3917046, -17.0, 177.502548218
30.3197002, -17.0, 177.567459106
29.2476959, -17.0, 177.633743286
28.1756916, -17.0, 177.70111084
27.1036873, -17.0, 177.769165039
26.031683, -17.0, 177.837387085
24.9596767, -17.0, 177.90512085
23.8876724, -17.0, 177.971557617
22.8156681, -17.0, 178.035720825
21.7436638, -17.0, 178.096435547
20.6716595, -17.0, 178.152328491
19.5996552, -17.0, 178.201873779
18.5276489, -17.0, 178.243255615
17.4556446, -17.0, 178.274551392
16.3836403, -17.0, 178.29359436
15.311636, -17.0, 178.298126221
14.2396317, -17.0, 178.285812378
13.1676264, -17.0, 178.254241943
12.0956221, -17.0, 178.201141357
11.0236177, -17.0, 178.124343872
9.95161247, -17.0, 178.022018433
8.87960815, -17.0, 177.892684937
7.80760384, -17.0, 177.735397339
6.73559904, -17.0, 177.549819946
5.66359425, -17.0, 177.33631897
4.59158993, -17.0, 177.095993042
3.51958537, -17.0, 176.830657959
2.44758058, -17.0, 176.542785645
1.37557602, -17.0, 176.235427856
0.303571433, -17.0, 175.91204834
-0.765037596, -17.0, 175.577392578
-1.83364666, -17.0, 175.234191895
-2.90225554, -17.0, 174.886047363
-3.97086477, -17.0, 174.536239624
-5.03947353, -17.0, 174.187698364
-6.10808277, -17.0, 173.842895508
-7.17669153, -17.0, 173.503723145
-8.24530029, -17.0, 173.171646118
-9.31390953, -17.0, 172.847564697
-10.3825188, -17.0, 172.531967163
-11.451128, -17.0, 172.22492981
-12.5197372, -17.0, 171.926208496
-13.5883455, -17.0, 171.635269165
-14.6569548, -17.0, 171.351333618
-15.725564, -17.0, 171.073486328
-16.7941723, -17.0, 170.800643921
-17.8627815, -17.0, 170.531616211
-18.9313908, -17.0, 170.265167236
98.9281845, -18.0, 180.275436401
97.8563766, -18.0, 180.549880981
96.7845612, -18.0, 180.822357178
95.7127533, -18.0, 181.091934204
94.6409378, -18.0, 181.357727051
93.5691223, -18.0, 181.618865967
92.4973145, -18.0, 181.874603271
91.425499, -18.0, 182.124237061
90.3536835, -18.0, 182.367141724
89.2818756, -18.0, 182.602798462
88.2100601, -18.0, 182.830764771
87.1382523, -18.0, 183.050674438
86.0664368, -18.0, 183.262268066
84.9946213, -18.0, 183.465377808
83.9228134, -18.0, 183.659881592
82.8509979, -18.0, 183.845733643
81.7791824, -18.0, 184.022994995
80.7073746, -18.0, 184.191726685
79.6355591, -18.0, 184.352096558
78.5637512, -18.0, 184.504272461
77.4919357, -18.0, 184.648513794
76.4201202, -18.0, 184.785049438
75.3483124, -18.0, 184.914169312
74.2764969, -18.0, 185.036193848
73.2046814, -18.0, 185.151443481
72.1328735, -18.0, 185.260238647
71.061058, -18.0, 185.362930298
69.9892502, -18.0, 185.459854126
68.9174347, -18.0, 185.551345825
67.8456192, -18.0, 185.637756348
66.7738113, -18.0, 185.719421387
65.7019958, -18.0, 185.796661377
64.630188, -18.0, 185.869812012
63.5583725, -18.0, 185.939193726
62.4865608, -18.0, 186.005096436
61.4147453, -18.0, 186.067825317
60.3429337, -18.0, 186.127685547
59.271122, -18.0, 186.184936523
58.1993103, -18.0, 186.239868164
57.1274948, -18.0, 186.292724609
56.0556831, -18.0, 186.343795776
54.9838715, -18.0, 186.393295288
53.9120598, -18.0, 186.441482544
52.8402443, -18.0, 186.488601685
51.7684326, -18.0, 186.534851074
50.6966209, -18.0, 186.580474854
49.6248093, -18.0, 186.625686646
48.5529938, -18.0, 186.670684814
47.4811821, -18.0, 186.715682983
46.4093704, -18.0, 186.760879517
45.3375587, -18.0, 186.806472778
44.2657433, -18.0, 186.852630615
43.1939316, -18.0, 186.899551392
42.1221199, -18.0, 186.947387695
41.0503082, -18.0, 186.996307373
39.9784927, -18.0, 187.046478271
38.9066811, -18.0, 187.098007202
37.8348694, -18.0, 187.151031494
36.7630577, -18.0, 187.2056427
35.691246, -18.0, 187.261917114
34.6194305, -18.0, 187.319900513
33.5476189, -18.0, 187.379592896
32.4758072, -18.0, 187.440963745
31.4039936, -18.0, 187.50390625
30.3321819, -18.0, 187.568267822
29.2603683, -18.0, 187.63381958
28.1885567, -18.0, 187.70022583
27.1167431, -18.0, 187.767059326
26.0449314, -18.0, 187.833786011
24.9731178, -18.0, 187.899703979
23.9013062, -18.0, 187.963973999
22.8294926, -18.0, 188.025604248
21.7576809, -18.0, 188.0834198
20.6858673, -18.0, 188.136047363
19.6140556, -18.0, 188.181945801
18.5422421, -18.0, 188.21937561
17.4704304, -18.0, 188.246429443
16.3986168, -18.0, 188.261062622
15.3268051, -18.0, 188.261123657
14.2549925, -18.0, 188.244400024
13.1831799, -18.0, 188.208679199
12.1113672, -18.0, 188.151855469
11.0395546, -18.0, 188.072006226
9.96774197, -18.0, 187.967483521
8.89592934, -18.0, 187.837005615
7.82411671, -18.0, 187.679794312
6.75230408, -18.0, 187.495620728
5.68049145, -18.0, 187.284912109
4.60867882, -18.0, 187.048690796
3.53686643, -18.0, 186.788665771
2.4650538, -18.0, 186.507125854
1.39324117, -18.0, 186.206817627
0.321428567, -18.0, 185.890884399
-0.748120308, -18.0, 185.563415527
-1.81766915, -18.0, 185.227127075
-2.887218, -18.0, 184.885375977
-3.95676684, -18.0, 184.541229248
-5.02631569, -18.0, 184.197479248
-6.09586477, -18.0, 183.856460571
-7.16541338, -18.0, 183.520111084
-8.23496246, -18.0, 183.189865112
-9.30451107, -18.0, 182.866714478
-10.3740597, -18.0, 182.551223755
-11.4436092, -18.0, 182.243606567
-12.5131578, -18.0, 181.94367981
-13.5827065, -18.0, 181.651046753
-14.652256, -18.0, 181.365036011
-15.7218046, -18.0, 181.084777832
-16.7913532, -18.0, 180.809295654
-17.8609028, -18.0, 180.537475586
-18.9304504, -18.0, 180.268127441
98.9283829, -19.0, 190.27406311
97.8567581, -19.0, 190.547180176
96.785141, -19.0, 190.818374634
95.7135162, -19.0, 191.086730957
94.6418991, -19.0, 191.351364136
93.5702744, -19.0, 191.611450195
92.4986572, -19.0, 191.866226196
91.4270325, -19.0, 192.115005493
90.3554153, -19.0, 192.357162476
89.2837906, -19.0, 192.592193604
88.2121735, -19.0, 192.819656372
87.1405563, -19.0, 193.039169312
86.0689316, -19.0, 193.250488281
84.9973145, -19.0, 193.453414917
83.9256897, -19.0, 193.647827148
82.8540726, -19.0, 193.833694458
81.7824478, -19.0, 194.011047363
80.7108307, -19.0, 194.179931641
79.6392059, -19.0, 194.340530396
78.5675888, -19.0, 194.492980957
77.4959641, -19.0, 194.637542725
76.4243469, -19.0, 194.774429321
75.3527298, -19.0, 194.903945923
74.281105, -19.0, 195.026382446
73.2094879, -19.0, 195.142059326
72.1378632, -19.0, 195.251296997
71.066246, -19.0, 195.354431152
69.9946213, -19.0, 195.451797485
68.9230042, -19.0, 195.543731689
67.8513794, -19.0, 195.630584717
66.7797623, -19.0, 195.712677002
65.7081375, -19.0, 195.790344238
64.6365204, -19.0, 195.863922119
63.5648994, -19.0, 195.933700562
62.4932785, -19.0, 196.0
61.4216576, -19.0, 196.063110352
60.3500366, -19.0, 196.123336792
59.2784195, -19.0, 196.180938721
58.2067986, -19.0, 196.236221313
57.1351776, -19.0, 196.289428711
56.0635567, -19.0, 196.340805054
54.9919357, -19.0, 196.390625
53.9203148, -19.0, 196.43913269
52.8486938, -19.0, 196.486526489
51.7770729, -19.0, 196.533081055
50.705452, -19.0, 196.578979492
49.633831, -19.0, 196.624450684
48.5622101, -19.0, 196.669708252
47.490593, -19.0, 196.71496582
46.418972, -19.0, 196.760406494
45.3473511, -19.0, 196.806213379
44.2757301, -19.0, 196.852600098
43.2041092, -19.0, 196.899719238
42.1324883, -19.0, 196.947738647
41.0608673, -19.0, 196.996841431
39.9892464, -19.0, 197.047164917
38.9176254, -19.0, 197.098815918
37.8460045, -19.0, 197.151947021
36.7743874, -19.0, 197.206619263
35.7027664, -19.0, 197.262924194
34.6311455, -19.0, 197.320877075
33.5595245, -19.0, 197.380477905
32.4879036, -19.0, 197.441680908
31.4162827, -19.0, 197.504379272
30.3446617, -19.0, 197.568389893
29.2730408, -19.0, 197.633483887
28.2014217, -19.0, 197.699295044
27.1298008, -19.0, 197.765396118
26.0581799, -19.0, 197.831207275
24.9865589, -19.0, 197.896026611
23.914938, -19.0, 197.959014893
22.843317, -19.0, 198.01914978
21.771698, -19.0, 198.075241089
20.7000771, -19.0, 198.125946045
19.6284561, -19.0, 198.169708252
18.5568352, -19.0, 198.204833984
17.4852142, -19.0, 198.229446411
16.4135952, -19.0, 198.241546631
15.3419743, -19.0, 198.239059448
14.2703533, -19.0, 198.219848633
13.1987324, -19.0, 198.18182373
12.1271124, -19.0, 198.122970581
11.0554914, -19.0, 198.041488647
9.98387051, -19.0, 197.935852051
8.91225052, -19.0, 197.804901123
7.84062958, -19.0, 197.647918701
6.76900911, -19.0, 197.464767456
5.69738865, -19.0, 197.255859375
4.62576818, -19.0, 197.022216797
3.55414748, -19.0, 196.765472412
2.48252678, -19.0, 196.487747192
1.41090631, -19.0, 196.191696167
0.339285702, -19.0, 195.880233765
-0.73120302, -19.0, 195.556915283
-1.80169177, -19.0, 195.224639893
-2.87218046, -19.0, 194.886566162
-3.94266915, -19.0, 194.545669556
-5.01315784, -19.0, 194.204620361
-6.08364677, -19.0, 193.865768433
-7.15413523, -19.0, 193.530975342
-8.22462368, -19.0, 193.201705933
-9.29511261, -19.0, 192.879013062
-10.3656015, -19.0, 192.56350708
-11.4360905, -19.0, 192.255447388
-12.5065794, -19.0, 191.954727173
-13.5770674, -19.0, 191.660995483
-14.6475563, -19.0, 191.373641968
-15.7180452, -19.0, 191.091873169
-16.7885342, -19.0, 190.814727783
-17.8590221, -19.0, 190.541137695
-18.929512, -19.0, 190.269973755
2.01703215, 0.800000012, 11.9294662476
3.08206463, 0.800000012, 13.3800773621
4.14709663, 0.800000012, 13.8935718536
5.21212912, 0.800000012, 13.6339216232
6.27716112, 0.800000012, 12.6989068985
7.3421936, 0.800000012, 11.2535886765
8.40722561, 0.800000012, 9.52496337891
9.47225761, 0.800000012, 7.72569322586
10.5372906, 0.800000012, 6.08788537979
11.6023226, 0.800000012, 4.8244600296
12.6673546, 0.800000012, 3.84246325493
13.7323875, 0.800000012, 3.06453752518
14.7974195, 0.800000012, 2.43539953232
15.8624516, 0.800000012, 1.91228044033
16.9274845, 0.800000012, 1.45533847809
17.9925156, 0.800000012, 1.00058472157
19.0575485, 0.800000012, 0.382865935564
20.1225815, 0.800000012, -0.0743651166558
21.1876125, 0.800000012, -0.260091423988
22.2526455, 0.800000012, -0.392701804638
23.3176765, 0.800000012, -0.501932501793
24.3827095, 0.800000012, -0.595349252224
25.4477425, 0.800000012, -0.67645418644
26.5127735, 0.800000012, -0.7474142313
27.5778065, 0.800000012, -0.809758663177
28.6428394, 0.800000012, -0.864668786526
29.7078705, 0.800000012, -0.913111150265
30.7729034, 0.800000012, -0.955903291702
31.8379364, 0.800000012, -0.993751168251
32.9029694, 0.800000012, -1.02727198601
33.9679985, 0.800000012, -1.05700862408
35.0330315, 0.800000012, -1.08343982697
36.0980644, 0.800000012, -1.10698866844
37.1630974, 0.800000012, -1.128028512
38.2281303, 0.800000012, -1.14688920975
39.2931595, 0.800000012, -1.16386198997
40.3581924, 0.800000012, -1.17920339108
41.4232254, 0.800000012, -1.19314026833
42.4882584, 0.800000012, -1.20587182045
43.5532913, 0.800000012, -1.21757352352
44.6183243, 0.800000012, -1.22840058804
45.6833534, 0.800000012, -1.23849093914
46.7483864, 0.800000012, -1.2479673624
47.8134193, 0.800000012, -1.25694108009
48.8784523, 0.800000012, -1.2655133009
49.9434853, 0.800000012, -1.27377736568
51.0085144, 0.800000012, -1.28182017803
52.0735474, 0.800000012, -1.28972446918
53.1385803, 0.800000012, -1.29757010937
54.2036133, 0.800000012, -1.30543529987
55.2686462, 0.800000012, -1.31339728832
56.3336792, 0.800000012, -1.32153522968
57.3987083, 0.800000012, -1.3299305439
58.4637413, 0.800000012, -1.33866834641
59.5287743, 0.800000012, -1.34784030914
60.5938072, 0.800000012, -1.3575450182
61.6588402, 0.800000012, -1.36789131165
62.7238693, 0.800000012, -1.37899923325
63.7889023, 0.800000012, -1.39100420475
64.8539352, 0.800000012, -1.40406060219
65.9189682, 0.800000012, -1.41834414005
66.9840012, 0.800000012, -1.43405807018
68.0490341, 0.800000012, -1.45143830776
69.1140671, 0.800000012, -1.47076022625
70.1791, 0.800000012, -1.49234771729
71.2441254, 0.800000012, -1.51657986641
72.3091583, 0.800000012, -1.54390370846
73.3741913, 0.800000012, -1.57484674454
74.4392242, 0.800000012, -1.61002981663
75.5042572, 0.800000012, -1.65018725395
76.5692902, 0.800000012, -1.69618821144
77.6343231, 0.800000012, -1.74905872345
78.6993561, 0.800000012, -1.81000936031
79.764389, 0.800000012, -1.88045859337
80.829422, 0.800000012, -1.96205914021
81.894455, 0.800000012, -2.05672311783
82.9594803, 0.800000012, -2.16663479805
84.0245132, 0.800000012, -2.29425907135
85.0895462, 0.800000012, -2.44232153893
86.1545792, 0.800000012, -2.61378407478
87.2196121, 0.800000012, -2.81180644035
88.2846451, 0.800000012, -3.03967761993
89.349678, 0.800000012, -3.30067014694
90.414711, 0.800000012, -3.59779787064
91.479744, 0.800000012, -3.93354105949
92.5447769, 0.800000012, -4.30968904495
93.6098099, 0.800000012, -4.72760725021
94.6748352, 0.800000012, -5.18844556808
95.7398682, 0.800000012, -5.6917424202
96.8049011, 0.800000012, -6.2332034111
97.8699341, 0.800000012, -6.80487728119
98.934967, 0.800000012, -7.39716720581
2.95879579, 1.60000002, 9.02943134308
4.01359129, 1.60000002, 9.10973072052
5.06838703, 1.60000002, 8.53595161438
6.12318277, 1.60000002, 7.21832084656
7.17797852, 1.60000002, 5.2698097229
8.23277378, 1.60000002, 3.03281831741
9.28757, 1.60000002, 0.682429611683
10.3423653, 1.60000002, -1.54906618595
11.3971615, 1.60000002, -2.9988720417
12.4519567, 1.60000002, -4.06924533844
13.506753, 1.60000002, -4.89064645767
14.5615482, 1.60000002, -5.53573226929
15.6163445, 1.60000002, -6.05415487289
16.6711407, 1.60000002, -6.47983074188
17.725935, 1.60000002, -6.83395338058
18.7807312, 1.60000002, -7.1363158226
19.8355274, 1.60000002, -7.37483358383
20.8903217, 1.60000002, -7.53967285156
21.945118, 1.60000002, -7.66300868988
22.9999142, 1.60000002, -7.76710939407
24.0547104, 1.60000002, -7.85777187347
25.1095047, 1.60000002, -7.93756389618
26.1643009, 1.60000002, -8.00808620453
27.2190971, 1.60000002, -8.07042121887
28.2738934, 1.60000002, -8.12545871735
29.3286877, 1.60000002, -8.1740064621
30.3834839, 1.60000002, -8.21678924561
31.4382801, 1.60000002, -8.25446605682
32.4930763, 1.60000002, -8.28763484955
33.5478706, 1.60000002, -8.31683731079
34.6026649, 1.60000002, -8.34255981445
35.6574631, 1.60000002, -8.36524200439
36.7122574, 1.60000002, -8.38527393341
37.7670555, 1.60000002, -8.40300559998
38.8218498, 1.60000002, -8.41874885559
39.8766441, 1.60000002, -8.43277645111
40.9314423, 1.60000002, -8.44533252716
41.9862366, 1.60000002, -8.45662975311
43.0410309, 1.60000002, -8.46685123444
44.095829, 1.60000002, -8.47615909576
45.1506233, 1.60000002, -8.48469638824
46.2054176, 1.60000002, -8.49258613586
47.2602158, 1.60000002, -8.49993801117
48.3150101, 1.60000002, -8.50685119629
49.3698082, 1.60000002, -8.51341342926
50.4246025, 1.60000002, -8.51970767975
51.4793968, 1.60000002, -8.52580928802
52.5341949, 1.60000002, -8.53178977966
53.5889893, 1.60000002, -8.53771877289
54.6437836, 1.60000002, -8.5436630249
55.6985817, 1.60000002, -8.54969120026
56.753376, 1.60000002, -8.55587291718
57.8081703, 1.60000002, -8.56227970123
58.8629684, 1.60000002, -8.56898784637
59.9177628, 1.60000002, -8.57608032227
60.9725609, 1.60000002, -8.58364772797
62.0273552, 1.60000002, -8.59179019928
63.0821495, 1.60000002, -8.6006231308
64.1369476, 1.60000002, -8.61027431488
65.1917419, 1.60000002, -8.62089538574
66.2465363, 1.60000002, -8.63265895844
67.3013306, 1.60000002, -8.64576911926
68.3561325, 1.60000002, -8.66046619415
69.4109268, 1.60000002, -8.67703437805
70.4657211, 1.60000002, -8.69581222534
71.5205154, 1.60000002, -8.71720314026
72.5753098, 1.60000002, -8.74168395996
73.6301041, 1.60000002, -8.76982593536
74.684906, 1.60000002, -8.80230903625
75.7397003, 1.60000002, -8.83994865417
76.7944946, 1.60000002, -8.88371753693
77.8492889, 1.60000002, -8.93478107452
78.9040833, 1.60000002, -8.99452495575
79.9588852, 1.60000002, -9.0645904541
81.0136795, 1.60000002, -9.14690589905
82.0684738, 1.60000002, -9.24373054504
83.1232681, 1.60000002, -9.35768127441
84.1780624, 1.60000002, -9.49173927307
85.2328568, 1.60000002, -9.64922046661
86.2876587, 1.60000002, -9.83372592926
87.342453, 1.60000002, -10.0490913391
88.3972473, 1.60000002, -10.2993764877
89.4520416, 1.60000002, -10.5887374878
90.5068359, 1.60000002, -10.9210672379
91.5616379, 1.60000002, -11.299448967
92.6164322, 1.60000002, -11.7258110046
93.6712265, 1.60000002, -12.2004928589
94.7260208, 1.60000002, -12.7260494232
95.7808151, 1.60000002, -13.3058052063
96.8356094, 1.60000002, -13.9352855682
97.8904114, 1.60000002, -14.6023464203
98.9452057, 1.60000002, -15.2947340012
3.90055919, 2.4000001, 4.76112318039
4.94511843, 2.4000001, 3.93630599976
5.98967743, 2.4000001, 2.24671339989
7.03423643, 2.4000001, -0.397883743048
8.07879543, 2.4000001, -3.26421713829
9.12335491, 2.4000001, -5.89013433456
10.1679144, 2.4000001, -8.02272510529
11.2124729, 2.4000001, -9.58943462372
12.2570324, 2.4000001, -10.7336025238
13.3015919, 2.4000001, -11.5890798569
14.3461504, 2.4000001, -12.2349119186
15.3907099, 2.4000001, -12.727101326
16.4352684, 2.4000001, -13.1063861847
17.4798279, 2.4000001, -13.4018507004
18.5243874, 2.4000001, -13.6347875595
19.5689468, 2.4000001, -13.8203163147
20.6135063, 2.4000001, -13.9689712524
21.6580639, 2.4000001, -14.0922517776
22.7026234, 2.4000001, -14.1988763809
23.7471828, 2.4000001, -14.2931776047
24.7917423, 2.4000001, -14.3774337769
25.8363018, 2.4000001, -14.4532585144
26.8808594, 2.4000001, -14.5210638046
27.9254189, 2.4000001, -14.5812044144
28.9699783, 2.4000001, -14.6343259811
30.0145378, 2.4000001, -14.6810932159
31.0590973, 2.4000001, -14.7221517563
32.1036568, 2.4000001, -14.7581148148
33.1482162, 2.4000001, -14.7895593643
34.1927757, 2.4000001, -14.8170185089
35.2373352, 2.4000001, -14.8409805298
36.2818909, 2.4000001, -14.8618879318
37.3264503, 2.4000001, -14.8801422119
38.3710098, 2.4000001, -14.89610672
39.4155693, 2.4000001, -14.9101057053
40.4601288, 2.4000001, -14.9224252701
41.5046883, 2.4000001, -14.9333162308
42.5492477, 2.4000001, -14.9429941177
43.5938072, 2.4000001, -14.9516468048
44.6383667, 2.4000001, -14.9594364166
45.6829262, 2.4000001, -14.966501236
46.7274857, 2.4000001, -14.9729623795
47.7720413, 2.4000001, -14.9789266586
48.8166008, 2.4000001, -14.9844856262
49.8611603, 2.4000001, -14.9897241592
50.9057198, 2.4000001, -14.9947185516
51.9502792, 2.4000001, -14.9995412827
52.9948387, 2.4000001, -15.0042572021
54.0393982, 2.4000001, -15.00893116
55.0839577, 2.4000001, -15.013628006
56.1285172, 2.4000001, -15.0184106827
57.1730766, 2.4000001, -15.0233449936
58.2176361, 2.4000001, -15.0285005569
59.2621918, 2.4000001, -15.0339517593
60.3067513, 2.4000001, -15.0397796631
61.3513107, 2.4000001, -15.0460767746
62.3958702, 2.4000001, -15.0529460907
63.4404297, 2.4000001, -15.0605049133
64.484993, 2.4000001, -15.0688924789
65.5295486, 2.4000001, -15.0782680511
66.5741043, 2.4000001, -15.0888214111
67.6186676, 2.4000001, -15.1007785797
68.6632233, 2.4000001, -15.114408493
69.7077866, 2.4000001, -15.1300382614
70.7523422, 2.4000001, -15.1480550766
71.7969055, 2.4000001, -15.1689281464
72.8414612, 2.4000001, -15.1932191849
73.8860245, 2.4000001, -15.2216053009
74.9305801, 2.4000001, -15.2549028397
75.9751434, 2.4000001, -15.2941007614
77.0196991, 2.4000001, -15.3403940201
78.0642548, 2.4000001, -15.3952207565
79.1088181, 2.4000001, -15.4603052139
80.1533737, 2.4000001, -15.5376853943
81.197937, 2.4000001, -15.6297740936
82.2424927, 2.4000001, -15.7394208908
83.287056, 2.4000001, -15.8699769974
84.3316116, 2.4000001, -16.0253181458
85.3761749, 2.4000001, -16.2097873688
86.4207306, 2.4000001, -16.4280128479
87.4652939, 2.4000001, -16.6848011017
88.5098495, 2.4000001, -16.9851970673
89.5544052, 2.4000001, -17.3346138
90.5989685, 2.4000001, -17.7383975983
91.6435242, 2.4000001, -18.2006340027
92.6880875, 2.4000001, -18.7231521606
93.7326431, 2.4000001, -19.3062286377
94.7772064, 2.4000001, -19.9400024414
95.8217621, 2.4000001, -20.6536636353
96.8663254, 2.4000001, -21.4344863892
97.910881, 2.4000001, -22.2629795074
98.9554443, 2.4000001, -23.1233978271
4.84232235, 3.20000005, -0.119034968317
5.87664509, 3.20000005, -2.03969335556
6.91096783, 3.20000005, -5.12855911255
7.94529009, 3.20000005, -8.31282711029
8.9796133, 3.20000005, -11.0921468735
10.0139351, 3.20000005, -13.3004798889
11.0482578, 3.20000005, -14.9597930908
12.0825806, 3.20000005, -16.1909980774
13.1169033, 3.20000005, -17.1132717133
14.151226, 3.20000005, -17.8002338409
15.1855488, 3.20000005, -18.3114509583
16.2198715, 3.20000005, -18.6946239471
17.2541943, 3.20000005, -18.9865112305
18.288517, 3.20000005, -19.2137718201
19.3228378, 3.20000005, -19.3962688446
20.3571606, 3.20000005, -19.5464496613
21.3914833, 3.20000005, -19.6755447388
22.425806, 3.20000005, -19.7862796783
23.4601288, 3.20000005, -19.8838157654
24.4944515, 3.20000005, -19.9719543457
25.5287743, 3.20000005, -20.0561389923
26.563097, 3.20000005, -20.1343593597
27.5974197, 3.20000005, -20.2043647766
28.6317425, 3.20000005, -20.2664699554
29.6660652, 3.20000005, -20.3212566376
30.700388, 3.20000005, -20.3693580627
31.7347088, 3.20000005, -20.4114112854
32.7690315, 3.20000005, -20.4480438232
33.8033562, 3.20000005, -20.4798545837
34.837677, 3.20000005, -20.50740242
35.8720016, 3.20000005, -20.5312080383
36.9063225, 3.20000005, -20.5517559052
37.9406433, 3.20000005, -20.569486618
38.974968, 3.20000005, -20.5848026276
40.0092888, 3.20000005, -20.5980625153
41.0436134, 3.20000005, -20.6095848083
42.0779343, 3.20000005, -20.6196403503
43.1122589, 3.20000005, -20.6284637451
44.1465797, 3.20000005, -20.6362533569
45.1809044, 3.20000005, -20.6431808472
46.2152252, 3.20000005, -20.6493911743
47.2495499, 3.20000005, -20.655008316
48.2838707, 3.20000005, -20.6601428986
49.3181953, 3.20000005, -20.664888382
50.3525162, 3.20000005, -20.6693267822
51.386837, 3.20000005, -20.673538208
52.4211617, 3.20000005, -20.6775894165
53.4554825, 3.20000005, -20.681552887
54.4898071, 3.20000005, -20.6854877472
55.524128, 3.20000005, -20.689458847
56.5584526, 3.20000005, -20.6935348511
57.5927734, 3.20000005, -20.6977787018
58.6270981, 3.20000005, -20.7022647858
59.6614189, 3.20000005, -20.7070732117
60.6957436, 3.20000005, -20.7122898102
61.7300644, 3.20000005, -20.7180156708
62.7643852, 3.20000005, -20.7243652344
63.7987099, 3.20000005, -20.7314739227
64.8330307, 3.20000005, -20.7394981384
65.8673553, 3.20000005, -20.7486228943
66.90168, 3.20000005, -20.7590751648
67.935997, 3.20000005, -20.7711219788
68.9703217, 3.20000005, -20.7850914001
70.0046463, 3.20000005, -20.8013820648
71.0389709, 3.20000005, -20.8204689026
72.073288, 3.20000005, -20.8429298401
73.1076126, 3.20000005, -20.8694667816
74.1419373, 3.20000005, -20.900932312
75.1762543, 3.20000005, -20.9383640289
76.2105789, 3.20000005, -20.983039856
77.2449036, 3.20000005, -21.0365104675
78.2792282, 3.20000005, -21.1006584167
79.3135452, 3.20000005, -21.1777362823
80.3478699, 3.20000005, -21.2703857422
81.3821945, 3.20000005, -21.3817043304
82.4165192, 3.20000005, -21.5153617859
83.4508362, 3.20000005, -21.6757335663
84.4851608, 3.20000005, -21.868062973
85.5194855, 3.20000005, -22.0983562469
86.5538101, 3.20000005, -22.3729343414
87.5881271, 3.20000005, -22.6978225708
88.6224518, 3.20000005, -23.0788955688
89.6567764, 3.20000005, -23.5228424072
90.6910934, 3.20000005, -24.0372428894
91.7254181, 3.20000005, -24.6282463074
92.7597427, 3.20000005, -25.2975292206
93.7940674, 3.20000005, -26.0426845551
94.8283844, 3.20000005, -26.8668651581
95.862709, 3.20000005, -27.7754993439
96.8970337, 3.20000005, -28.7621650696
97.9313583, 3.20000005, -29.8083000183
98.9656754, 3.20000005, -30.8938541412
5.78408623, 4.0, -6.01189279556
6.80817223, 4.0, -9.13888549805
7.83225822, 4.0, -12.3516311646
8.85634422, 4.0, -15.1677074432
9.88043022, 4.0, -17.4365730286
10.9045162, 4.0, -19.1887760162
11.9286022, 4.0, -20.4990730286
12.9526882, 4.0, -21.5302810669
13.9767742, 4.0, -22.3108062744
15.0008602, 4.0, -22.8946228027
16.0249462, 4.0, -23.3322029114
17.0490322, 4.0, -23.6649971008
18.0731182, 4.0, -23.9246330261
19.0972042, 4.0, -24.1343574524
20.1212902, 4.0, -24.3100223541
21.1453762, 4.0, -24.4623584747
22.1694622, 4.0, -24.5978164673
23.1935482, 4.0, -24.7200508118
24.2176342, 4.0, -24.83111763
25.2417202, 4.0, -24.9326572418
26.2658062, 4.0, -25.0251502991
27.2898922, 4.0, -25.1084957123
28.3139782, 4.0, -25.1829204559
29.3380642, 4.0, -25.2489032745
30.3621502, 4.0, -25.3070201874
31.3862362, 4.0, -25.3579139709
32.4103241, 4.0, -25.4022579193
33.4344101, 4.0, -25.4407024384
34.4584961, 4.0, -25.4738826752
35.4825821, 4.0, -25.5024051666
36.5066681, 4.0, -25.526845932
37.5307541, 4.0, -25.5477409363
38.5548401, 4.0, -25.5655918121
39.5789261, 4.0, -25.5808506012
40.6030121, 4.0, -25.5939235687
41.6270981, 4.0, -25.6051559448
42.6511841, 4.0, -25.6148471832
43.6752701, 4.0, -25.6232509613
44.6993561, 4.0, -25.6305828094
45.7234421, 4.0, -25.6370296478
46.7475281, 4.0, -25.6427459717
47.7716141, 4.0, -25.6478633881
48.7957001, 4.0, -25.6525001526
49.8197861, 4.0, -25.6567516327
50.8438721, 4.0, -25.6607093811
51.8679581, 4.0, -25.6644477844
52.8920441, 4.0, -25.6680450439
53.9161301, 4.0, -25.6715679169
54.9402161, 4.0, -25.6750850677
55.9643021, 4.0, -25.6786632538
56.9883881, 4.0, -25.6823711395
58.0124741, 4.0, -25.6862850189
59.0365601, 4.0, -25.6904811859
60.0606461, 4.0, -25.6950492859
61.0847321, 4.0, -25.700088501
62.1088181, 4.0, -25.7057132721
63.1329041, 4.0, -25.7120609283
64.1569901, 4.0, -25.7192878723
65.181076, 4.0, -25.7275829315
66.205162, 4.0, -25.7371730804
67.229248, 4.0, -25.7483329773
68.253334, 4.0, -25.7613945007
69.27742, 4.0, -25.7767658234
70.301506, 4.0, -25.7949409485
71.325592, 4.0, -25.8165206909
72.349678, 4.0, -25.8422279358
73.373764, 4.0, -25.8729476929
74.39785, 4.0, -25.9097652435
75.421936, 4.0, -25.9540328979
76.446022, 4.0, -26.0074253082
77.470108, 4.0, -26.0719947815
78.494194, 4.0, -26.1502552032
79.51828, 4.0, -26.2452373505
80.542366, 4.0, -26.360458374
81.566452, 4.0, -26.4998722076
82.590538, 4.0, -26.6679344177
83.614624, 4.0, -26.8700122833
84.63871, 4.0, -27.1130523682
85.662796, 4.0, -27.4058036804
86.686882, 4.0, -27.7575950623
87.710968, 4.0, -28.1761188507
88.735054, 4.0, -28.6669864655
89.75914, 4.0, -29.2369689941
90.783226, 4.0, -29.8969230652
91.807312, 4.0, -30.6573753357
92.831398, 4.0, -31.5201320648
93.855484, 4.0, -32.4777641296
94.87957, 4.0, -33.5302047729
95.903656, 4.0, -34.6833457947
96.927742, 4.0, -35.9305763245
97.951828, 4.0, -37.247592926
98.975914, 4.0, -38.6112861633
6.72584963, 4.80000019, -12.8676967621
7.73969889, 4.80000019, -15.7199440002
8.75354862, 4.80000019, -18.3701133728
9.76739788, 4.80000019, -20.5868225098
10.7812471, 4.80000019, -22.432592392
11.7950964, 4.80000019, -23.9130630493
12.8089466, 4.80000019, -25.0819511414
13.8227959, 4.80000019, -25.9850406647
14.8366451, 4.80000019, -26.6703720093
15.8504944, 4.80000019, -27.1882534027
16.8643436, 4.80000019, -27.5828170776
17.8781929, 4.80000019, -27.889421463
18.8920422, 4.80000019, -28.1352310181
19.9058933, 4.80000019, -28.3398151398
20.9197426, 4.80000019, -28.5164318085
21.9335918, 4.80000019, -28.6734828949
22.9474411, 4.80000019, -28.815820694
23.9612904, 4.80000019, -28.945980072
24.9751396, 4.80000019, -29.0652523041
25.9889889, 4.80000019, -29.1742286682
27.0028381, 4.80000019, -29.2731513977
28.0166874, 4.80000019, -29.3622398376
29.0305386, 4.80000019, -29.4418201447
30.0443878, 4.80000019, -29.5123462677
31.0582371, 4.80000019, -29.5744056702
32.0720863, 4.80000019, -29.6286792755
33.0859337, 4.80000019, -29.6758499146
34.0997849, 4.80000019, -29.716594696
35.113636, 4.80000019, -29.7515964508
36.1274834, 4.80000019, -29.7815265656
37.1413345, 4.80000019, -29.807012558
38.1551819, 4.80000019, -29.8286552429
39.1690331, 4.80000019, -29.8470230103
40.1828804, 4.80000019, -29.8626213074
41.1967316, 4.80000019, -29.8758831024
42.2105789, 4.80000019, -29.887178421
43.2244301, 4.80000019, -29.8968296051
44.2382813, 4.80000019, -29.9051074982
45.2521286, 4.80000019, -29.9122524261
46.2659798, 4.80000019, -29.9184646606
47.2798271, 4.80000019, -29.9239196777
48.2936783, 4.80000019, -29.9287662506
49.3075256, 4.80000019, -29.9331226349
50.3213768, 4.80000019, -29.9370975494
51.3352242, 4.80000019, -29.9407844543
52.3490753, 4.80000019, -29.9442653656
53.3629265, 4.80000019, -29.9476222992
54.3767738, 4.80000019, -29.950925827
55.390625, 4.80000019, -29.9542503357
56.4044724, 4.80000019, -29.9576721191
57.4183235, 4.80000019, -29.9612674713
58.4321709, 4.80000019, -29.9651184082
59.446022, 4.80000019, -29.9693145752
60.4598694, 4.80000019, -29.9739589691
61.4737206, 4.80000019, -29.9791660309
62.4875717, 4.80000019, -29.9850749969
63.5014191, 4.80000019, -29.9918498993
64.5152664, 4.80000019, -29.9996795654
65.5291214, 4.80000019, -30.0087985992
66.5429688, 4.80000019, -30.0194892883
67.5568161, 4.80000019, -30.0320911407
68.5706635, 4.80000019, -30.0470237732
69.5845184, 4.80000019, -30.0648021698
70.5983658, 4.80000019, -30.0860462189
71.6122131, 4.80000019, -30.1115016937
72.6260681, 4.80000019, -30.1420669556
73.6399155, 4.80000019, -30.1788425446
74.6537628, 4.80000019, -30.2232227325
75.6676102, 4.80000019, -30.2769603729
76.6814651, 4.80000019, -30.3422260284
77.6953125, 4.80000019, -30.4217243195
78.7091599, 4.80000019, -30.5188961029
79.7230072, 4.80000019, -30.6380596161
80.7368622, 4.80000019, -30.7842502594
81.7507095, 4.80000019, -30.9626636505
82.7645569, 4.80000019, -31.1783771515
83.7784119, 4.80000019, -31.4370098114
84.7922592, 4.80000019, -31.7467479706
85.8061066, 4.80000019, -32.1207046509
86.8199539, 4.80000019, -32.5747375488
87.8338089, 4.80000019, -33.1196594238
88.8476563, 4.80000019, -33.758605957
89.8615036, 4.80000019, -34.4928855896
90.8753586, 4.80000019, -35.3379669189
91.8892059, 4.80000019, -36.3149223328
92.9030533, 4.80000019, -37.4249649048
93.9169006, 4.80000019, -38.650188446
94.9307556, 4.80000019, -39.9744796753
95.944603, 4.80000019, -41.4281959534
96.9584503, 4.80000019, -42.9847412109
97.9722977, 4.80000019, -44.6143760681
98.9861526, 4.80000019, -46.2939453125
7.66761303, 5.5999999, -18.8981876373
8.67122555, 5.5999999, -21.0660858154
9.67483902, 5.5999999, -23.1203231812
10.6784515, 5.5999999, -24.95860672
11.6820641, 5.5999999, -26.5287303925
12.6856775, 5.5999999, -27.8206958771
13.68929, 5.5999999, -28.8516921997
14.6929035, 5.5999999, -29.6538925171
15.696516, 5.5999999, -30.268907547
16.7001286, 5.5999999, -30.7390060425
17.7037411, 5.5999999, -31.1022377014
18.7073555, 5.5999999, -31.3896179199
19.710968, 5.5999999, -31.6249427795
20.7145805, 5.5999999, -31.8253078461
21.7181931, 5.5999999, -32.0021057129
22.7218056, 5.5999999, -32.1622505188
23.72542, 5.5999999, -32.309463501
24.7290325, 5.5999999, -32.4454574585
25.732645, 5.5999999, -32.5708847046
26.7362576, 5.5999999, -32.6859397888
27.7398701, 5.5999999, -32.7906799316
28.7434845, 5.5999999, -32.8851852417
29.747097, 5.5999999, -32.9696540833
30.7507095, 5.5999999, -33.0444908142
31.7543221, 5.5999999, -33.1103286743
32.7579346, 5.5999999, -33.1678504944
33.7615471, 5.5999999, -33.217754364
34.7651596, 5.5999999, -33.2607574463
35.7687759, 5.5999999, -33.2976303101
36.7723885, 5.5999999, -33.3290710449
37.776001, 5.5999999, -33.3557662964
38.7796135, 5.5999999, -33.3783950806
39.783226, 5.5999999, -33.3975906372
40.7868385, 5.5999999, -33.413860321
41.790451, 5.5999999, -33.4276275635
42.7940636, 5.5999999, -33.4392700195
43.7976761, 5.5999999, -33.4491271973
44.8012886, 5.5999999, -33.4574928284
45.8049049, 5.5999999, -33.4646339417
46.8085175, 5.5999999, -33.4707832336
47.81213, 5.5999999, -33.4761428833
48.8157425, 5.5999999, -33.4808731079
49.819355, 5.5999999, -33.4850997925
50.8229675, 5.5999999, -33.488948822
51.82658, 5.5999999, -33.4925117493
52.8301926, 5.5999999, -33.4958877563
53.8338051, 5.5999999, -33.4991569519
54.8374176, 5.5999999, -33.502407074
55.8410339, 5.5999999, -33.5057144165
56.8446465, 5.5999999, -33.5091743469
57.848259, 5.5999999, -33.5128707886
58.8518715, 5.5999999, -33.5169029236
59.855484, 5.5999999, -33.5213661194
60.8590965, 5.5999999, -33.5263824463
61.862709, 5.5999999, -33.5321006775
62.8663216, 5.5999999, -33.538684845
63.8699341, 5.5999999, -33.546333313
64.8735504, 5.5999999, -33.5552902222
65.8771591, 5.5999999, -33.5658493042
66.8807755, 5.5999999, -33.5783615112
67.8843842, 5.5999999, -33.5932693481
68.8880005, 5.5999999, -33.6111030579
69.8916092, 5.5999999, -33.6325111389
70.8952255, 5.5999999, -33.6582832336
71.8988419, 5.5999999, -33.68932724
72.9024506, 5.5999999, -33.7267189026
73.9060669, 5.5999999, -33.7718086243
74.9096756, 5.5999999, -33.8263893127
75.9132919, 5.5999999, -33.8926925659
76.9169006, 5.5999999, -33.9733734131
77.920517, 5.5999999, -34.0717887878
78.9241257, 5.5999999, -34.1925849915
79.927742, 5.5999999, -34.3424263
80.9313583, 5.5999999, -34.5297889709
81.934967, 5.5999999, -34.7626495361
82.9385834, 5.5999999, -35.0463905334
83.9421921, 5.5999999, -35.3852958679
84.9458084, 5.5999999, -35.78465271
85.9494171, 5.5999999, -36.2632217407
86.9530334, 5.5999999, -36.8524131775
87.9566422, 5.5999999, -37.5714645386
88.9602585, 5.5999999, -38.4120292664
89.9638672, 5.5999999, -39.3714828491
90.9674835, 5.5999999, -40.4399414062
91.9710999, 5.5999999, -41.7129974365
92.9747086, 5.5999999, -43.1311302185
93.9783249, 5.5999999, -44.6784362793
94.9819336, 5.5999999, -46.3477668762
95.9855499, 5.5999999, -48.1319351196
96.9891586, 5.5999999, -50.0120315552
97.992775, 5.5999999, -51.9643440247
98.9963837, 5.5999999, -53.9669952393
8.60937595, 6.4000001, -23.7594795227
9.60275269, 6.4000001, -25.3222484589
10.5961294, 6.4000001, -26.9500541687
11.5895052, 6.4000001, -28.484128952
12.5828819, 6.4000001, -29.8359699249
13.5762577, 6.4000001, -30.9677371979
14.5696344, 6.4000001, -31.881319046
15.5630112, 6.4000001, -32.5997581482
16.5563869, 6.4000001, -33.1561279297
17.5497627, 6.4000001, -33.585723877
18.5431404, 6.4000001, -33.9212341309
19.5365162, 6.4000001, -34.1902656555
20.529892, 6.4000001, -34.4143600464
21.5232697, 6.4000001, -34.6089782715
22.5166454, 6.4000001, -34.7841567993
23.5100212, 6.4000001, -34.9455947876
24.503397, 6.4000001, -35.095954895
25.4967747, 6.4000001, -35.2361335754
26.4901505, 6.4000001, -35.3663024902
27.4835262, 6.4000001, -35.4863891602
28.4769039, 6.4000001, -35.5962104797
29.4702797, 6.4000001, -35.6955375671
30.4636555, 6.4000001, -35.7842330933
31.4570332, 6.4000001, -35.8626823425
32.4504089, 6.4000001, -35.9314918518
33.4437866, 6.4000001, -35.9914970398
34.4371605, 6.4000001, -36.0434303284
35.4305382, 6.4000001, -36.0881156921
36.4239159, 6.4000001, -36.1264228821
37.4172897, 6.4000001, -36.1590995789
38.4106674, 6.4000001, -36.1869239807
39.4040413, 6.4000001, -36.2106704712
40.397419, 6.4000001, -36.2309494019
41.3907967, 6.4000001, -36.2481384277
42.3841705, 6.4000001, -36.2626266479
43.3775482, 6.4000001, -36.2748031616
44.3709259, 6.4000001, -36.2850189209
45.3642998, 6.4000001, -36.2936019897
46.3576775, 6.4000001, -36.3008613586
47.3510551, 6.4000001, -36.3070716858
48.344429, 6.4000001, -36.3124504089
49.3378067, 6.4000001, -36.3171768188
50.3311844, 6.4000001, -36.321395874
51.3245583, 6.4000001, -36.3252296448
52.3179359, 6.4000001, -36.3287887573
53.3113136, 6.4000001, -36.3321762085
54.3046875, 6.4000001, -36.3354873657
55.2980652, 6.4000001, -36.3388214111
56.2914391, 6.4000001, -36.3422889709
57.2848167, 6.4000001, -36.3460159302
58.2781944, 6.4000001, -36.3500976562
59.2715683, 6.4000001, -36.3546333313
60.264946, 6.4000001, -36.3597373962
61.2583237, 6.4000001, -36.365562439
62.2516975, 6.4000001, -36.3722877502
63.2450752, 6.4000001, -36.3801307678
64.2384491, 6.4000001, -36.3893508911
65.2318268, 6.4000001, -36.4002609253
66.2252045, 6.4000001, -36.4132461548
67.2185822, 6.4000001, -36.428768158
68.2119598, 6.4000001, -36.4474067688
69.2053299, 6.4000001, -36.4698562622
70.1987076, 6.4000001, -36.4969673157
71.1920853, 6.4000001, -36.5297470093
72.185463, 6.4000001, -36.5693016052
73.1788406, 6.4000001, -36.6168785095
74.1722183, 6.4000001, -36.6741714478
75.1655884, 6.4000001, -36.7436180115
76.1589661, 6.4000001, -36.8278999329
77.1523438, 6.4000001, -36.9298820496
78.1457214, 6.4000001, -37.053188324
79.1390991, 6.4000001, -37.2027931213
80.1324768, 6.4000001, -37.3879165649
81.1258469, 6.4000001, -37.6268310547
82.1192245, 6.4000001, -37.9374732971
83.1126022, 6.4000001, -38.3239860535
84.1059799, 6.4000001, -38.7835998535
85.0993576, 6.4000001, -39.3219795227
86.0927277, 6.4000001, -39.9303321838
87.0861053, 6.4000001, -40.7088623047
88.079483, 6.4000001, -41.6763076782
89.0728607, 6.4000001, -42.7940559387
90.0662384, 6.4000001, -44.0565338135
91.0596161, 6.4000001, -45.4759635925
92.0529861, 6.4000001, -47.0630264282
93.0463638, 6.4000001, -48.8082199097
94.0397415, 6.4000001, -50.6899452209
95.0331192, 6.4000001, -52.6974334717
96.0264969, 6.4000001, -54.816619873
97.0198746, 6.4000001, -57.0255584717
98.0132446, 6.4000001, -59.3045120239
99.0066223, 6.4000001, -61.6424026489
9.55113983, 7.19999981, -27.5728244781
10.5342798, 7.19999981, -28.6872329712
11.5174198, 7.19999981, -29.9818210602
12.5005589, 7.19999981, -31.2668132782
13.4836988, 7.19999981, -32.4334754944
14.4668388, 7.19999981, -33.4306793213
15.4499788, 7.19999981, -34.246837616
16.4331188, 7.19999981, -34.8945159912
17.4162579, 7.19999981, -35.3989486694
18.3993969, 7.19999981, -35.7900009155
19.3825378, 7.19999981, -36.0969657898
20.3656769, 7.19999981, -36.3454284668
21.3488178, 7.19999981, -36.555644989
22.3319569, 7.19999981, -36.741985321
23.3150959, 7.19999981, -36.9132995605
24.2982368, 7.19999981, -37.0739860535
25.2813759, 7.19999981, -37.225440979
26.2645168, 7.19999981, -37.3677101135
27.2476559, 7.19999981, -37.5008583069
28.2307949, 7.19999981, -37.6250953674
29.2139359, 7.19999981, -37.7401008606
30.1970749, 7.19999981, -37.8441810608
31.1802158, 7.19999981, -37.9366111755
32.163353, 7.19999981, -38.0171165466
33.1464958, 7.19999981, -38.0873832703
34.1296349, 7.19999981, -38.1481056213
35.1127739, 7.19999981, -38.1996307373
36.0959129, 7.19999981, -38.2438011169
37.079052, 7.19999981, -38.2817153931
38.0621948, 7.19999981, -38.3142204285
39.0453339, 7.19999981, -38.3420715332
40.0284729, 7.19999981, -38.3658027649
41.0116119, 7.19999981, -38.3861122131
41.994751, 7.19999981, -38.403301239
42.9778938, 7.19999981, -38.4177398682
43.9610329, 7.19999981, -38.429813385
44.9441719, 7.19999981, -38.4398727417
45.9273109, 7.19999981, -38.4482765198
46.91045, 7.19999981, -38.455368042
47.8935928, 7.19999981, -38.4614181519
48.8767319, 7.19999981, -38.4666481018
49.8598709, 7.19999981, -38.4712333679
50.8430099, 7.19999981, -38.4753227234
51.826149, 7.19999981, -38.4790496826
52.8092918, 7.19999981, -38.4825286865
53.7924309, 7.19999981, -38.4858703613
54.7755699, 7.19999981, -38.4891777039
55.758709, 7.19999981, -38.492603302
56.741848, 7.19999981, -38.4963874817
57.7249908, 7.19999981, -38.5007591248
58.7081299, 7.19999981, -38.5057106018
59.6912689, 7.19999981, -38.511302948
60.674408, 7.19999981, -38.5176849365
61.657547, 7.19999981, -38.5250663757
62.6406898, 7.19999981, -38.5336837769
63.6238289, 7.19999981, -38.543838501
64.6069641, 7.19999981, -38.5558815002
65.5901108, 7.19999981, -38.5702514648
66.5732498, 7.19999981, -38.587474823
67.5563889, 7.19999981, -38.6081924438
68.5395279, 7.19999981, -38.6332015991
69.5226669, 7.19999981, -38.6634635925
70.505806, 7.19999981, -38.7001342773
71.488945, 7.19999981, -38.7445793152
72.472084, 7.19999981, -38.7982940674
73.4552231, 7.19999981, -38.8627815247
74.4383621, 7.19999981, -38.9405670166
75.4215088, 7.19999981, -39.0350723267
76.4046478, 7.19999981, -39.1497840881
77.3877869, 7.19999981, -39.2866172791
78.3709259, 7.19999981, -39.451713562
79.3540649, 7.19999981, -39.6455993652
80.337204, 7.19999981, -39.8696708679
81.320343, 7.19999981, -40.141960144
82.3034821, 7.19999981, -40.5847930908
83.2866211, 7.19999981, -41.1311569214
84.2697601, 7.19999981, -41.7812957764
85.2529068, 7.19999981, -42.5407218933
86.2360458, 7.19999981, -43.4354171753
87.2191849, 7.19999981, -44.4977340698
88.2023239, 7.19999981, -45.7387809753
89.185463, 7.19999981, -47.1528320312
90.168602, 7.19999981, -48.7385368347
91.151741, 7.19999981, -50.4917869568
92.1348801, 7.19999981, -52.4093475342
93.1180191, 7.19999981, -54.4856796265
94.1011581, 7.19999981, -56.7020225525
95.0843048, 7.19999981, -59.0409545898
96.0674438, 7.19999981, -61.5157356262
97.0505829, 7.19999981, -64.0480194092
98.0337219, 7.19999981, -66.6506271362
99.016861, 7.19999981, -69.3087997437
10.4929028, 8.0, -30.5444335938
11.465806, 8.0, -31.3022270203
12.4387093, 8.0, -32.3233375549
13.4116125, 8.0, -33.4038467407
14.3845158, 8.0, -34.4192657471
15.357419, 8.0, -35.3048057556
16.3303223, 8.0, -36.0375213623
17.3032265, 8.0, -36.6214027405
18.2761288, 8.0, -37.0758018494
19.249033, 8.0, -37.4270362854
20.2219353, 8.0, -37.7025794983
21.1948395, 8.0, -37.9272766113
22.1677418, 8.0, -38.1209716797
23.140646, 8.0, -38.2972640991
24.1135483, 8.0, -38.4636573792
25.0864525, 8.0, -38.6227455139
26.0593548, 8.0, -38.773311615
27.032259, 8.0, -38.9140892029
28.0051613, 8.0, -39.047744751
28.9780636, 8.0, -39.1796150208
29.9509678, 8.0, -39.3049926758
30.9238701, 8.0, -39.4186553955
31.8967743, 8.0, -39.5160484314
32.8696785, 8.0, -39.6005172729
33.8425789, 8.0, -39.6737098694
34.8154831, 8.0, -39.7310142517
35.7883873, 8.0, -39.778553009
36.7612915, 8.0, -39.8193016052
37.7341919, 8.0, -39.8544616699
38.7070961, 8.0, -39.8847770691
39.6800003, 8.0, -39.9033470154
40.6529045, 8.0, -39.9185409546
41.6258049, 8.0, -39.9314117432
42.5987091, 8.0, -39.9422721863
43.5716133, 8.0, -39.9513893127
44.5445175, 8.0, -39.9590110779
45.5174179, 8.0, -39.9653816223
46.4903221, 8.0, -39.9707221985
47.4632263, 8.0, -39.9752311707
48.4361305, 8.0, -39.9790725708
49.4090309, 8.0, -39.9823913574
50.3819351, 8.0, -39.9852981567
51.3548393, 8.0, -39.9878959656
52.3277435, 8.0, -39.9902687073
53.3006439, 8.0, -39.9925079346
54.2735481, 8.0, -39.994682312
55.2464523, 8.0, -39.9968986511
56.2193565, 8.0, -39.9993743896
57.1922569, 8.0, -40.0038108826
58.1651611, 8.0, -40.0095672607
59.1380653, 8.0, -40.0161972046
60.1109695, 8.0, -40.0237884521
61.0838699, 8.0, -40.0325660706
62.0567741, 8.0, -40.0428123474
63.0296783, 8.0, -40.0548820496
64.0025787, 8.0, -40.0692100525
64.9754868, 8.0, -40.0863113403
65.9483871, 8.0, -40.1068305969
66.9212875, 8.0, -40.1315383911
67.8941956, 8.0, -40.1613845825
68.8670959, 8.0, -40.1975326538
69.8399963, 8.0, -40.2413864136
70.8129044, 8.0, -40.2946472168
71.7858047, 8.0, -40.3593215942
72.7587128, 8.0, -40.4377670288
73.7316132, 8.0, -40.5329666138
74.7045135, 8.0, -40.6487426758
75.6774216, 8.0, -40.7897033691
76.650322, 8.0, -40.9608192444
77.6232224, 8.0, -41.1683082581
78.5961304, 8.0, -41.4191017151
79.5690308, 8.0, -41.721736908
80.5419388, 8.0, -42.0925140381
81.5148392, 8.0, -42.5659255981
82.4877396, 8.0, -43.1634902954
83.4606476, 8.0, -43.8900108337
84.433548, 8.0, -44.7485389709
85.4064484, 8.0, -45.7521743774
86.3793564, 8.0, -46.9196395874
87.3522568, 8.0, -48.2691383362
88.3251648, 8.0, -49.8088264465
89.2980652, 8.0, -51.5335922241
90.2709656, 8.0, -53.4435043335
91.2438736, 8.0, -55.531829834
92.216774, 8.0, -57.7784004211
93.1896744, 8.0, -60.1931037903
94.1625824, 8.0, -62.761932373
95.1354828, 8.0, -65.4223098755
96.1083908, 8.0, -68.193145752
97.0812912, 8.0, -71.0556030273
98.0541916, 8.0, -73.9847183228
99.0270996, 8.0, -76.96875
11.4346666, 8.80000019, -32.8155555725
12.3973331, 8.80000019, -33.287776947
13.3599997, 8.80000019, -34.0903511047
14.3226671, 8.80000019, -35.0062332153
15.2853336, 8.80000019, -35.8978424072
16.2479992, 8.80000019, -36.6888847351
17.2106667, 8.80000019, -37.3473358154
18.1733341, 8.80000019, -37.8708000183
19.1359997, 8.80000019, -38.274723053
20.0986671, 8.80000019, -38.5836143494
21.0613327, 8.80000019, -38.8248405457
22.0240002, 8.80000019, -39.024105072
22.9866657, 8.80000019, -39.2017288208
23.9493332, 8.80000019, -39.3699684143
24.9120007, 8.80000019, -39.5358467102
25.8746662, 8.80000019, -39.6988182068
26.8373337, 8.80000019, -39.8439674377
27.7999992, 8.80000019, -39.9597015381
28.7626667, 8.80000019, -40.0955696106
29.7253342, 8.80000019, -40.2557640076
30.6879997, 8.80000019, -40.4102592468
31.6506672, 8.80000019, -40.550453186
32.6133347, 8.80000019, -40.6749687195
33.5760002, 8.80000019, -40.7843055725
34.5386658, 8.80000019, -40.8780288696
35.5013351, 8.80000019, -40.9580917358
36.4640007, 8.80000019, -41.0269393921
37.4266663, 8.80000019, -41.0862922668
38.3893318, 8.80000019, -41.1372795105
39.3520012, 8.80000019, -41.1796760559
40.3146667, 8.80000019, -41.2151527405
41.2773323, 8.80000019, -41.2451858521
42.2400017, 8.80000019, -41.2705764771
43.2026672, 8.80000019, -41.2919425964
44.1653328, 8.80000019, -41.3098487854
45.1279984, 8.80000019, -41.3248252869
46.0906677, 8.80000019, -41.3373680115
47.0533333, 8.80000019, -41.3479042053
48.0159988, 8.80000019, -41.3568153381
48.9786682, 8.80000019, -41.3644256592
49.9413338, 8.80000019, -41.371006012
50.9039993, 8.80000019, -41.3768005371
51.8666649, 8.80000019, -41.3820114136
52.8293343, 8.80000019, -41.3868217468
53.7919998, 8.80000019, -41.3914070129
54.7546654, 8.80000019, -41.3959465027
55.7173347, 8.80000019, -41.4006881714
56.6800003, 8.80000019, -41.4061584473
57.6426659, 8.80000019, -41.4126281738
58.6053352, 8.80000019, -41.4201126099
59.5680008, 8.80000019, -41.4286880493
60.5306664, 8.80000019, -41.4385719299
61.4933319, 8.80000019, -41.4500694275
62.4560013, 8.80000019, -41.4635772705
63.4186668, 8.80000019, -41.4795722961
64.3813324, 8.80000019, -41.4986343384
65.3440018, 8.80000019, -41.5214691162
66.3066635, 8.80000019, -41.5489425659
67.2693329, 8.80000019, -41.5820960999
68.2320023, 8.80000019, -41.6222190857
69.194664, 8.80000019, -41.6708755493
70.1573334, 8.80000019, -41.7299728394
71.1200027, 8.80000019, -41.8018264771
72.0826645, 8.80000019, -41.8892364502
73.0453339, 8.80000019, -41.9956321716
74.0080032, 8.80000019, -42.1252822876
74.970665, 8.80000019, -42.2834243774
75.9333344, 8.80000019, -42.4762916565
76.8960037, 8.80000019, -42.711353302
77.8586655, 8.80000019, -42.9975318909
78.8213348, 8.80000019, -43.3457527161
79.7839966, 8.80000019, -43.7705955505
80.746666, 8.80000019, -44.2922973633
81.7093353, 8.80000019, -44.9325675964
82.6719971, 8.80000019, -45.7088279724
83.6346664, 8.80000019, -46.6336174011
84.5973358, 8.80000019, -47.7187232971
85.5599976, 8.80000019, -48.9793663025
86.5226669, 8.80000019, -50.4281234741
87.4853363, 8.80000019, -52.0724182129
88.447998, 8.80000019, -53.9196777344
89.4106674, 8.80000019, -55.9676170349
90.3733368, 8.80000019, -58.1992149353
91.3359985, 8.80000019, -60.6669235229
92.2986679, 8.80000019, -63.2369995117
93.2613297, 8.80000019, -65.9482955933
94.223999, 8.80000019, -68.8035354614
95.1866684, 8.80000019, -71.7839660645
96.1493301, 8.80000019, -74.8688583374
97.1119995, 8.80000019, -78.0487213135
98.0746689, 8.80000019, -81.3161773682
99.0373306, 8.80000019, -84.6360092163
12.3764305, 9.60000038, -34.5195350647
13.3288603, 9.60000038, -34.7680549622
14.2812901, 9.60000038, -35.3988075256
15.2337208, 9.60000038, -36.183139801
16.1861496, 9.60000038, -36.9725875854
17.1385803, 9.60000038, -37.681842804
18.091011, 9.60000038, -38.272228241
19.0434418, 9.60000038, -38.7370529175
19.9958706, 9.60000038, -39.0896911621
20.9483013, 9.60000038, -39.3549003601
21.900732, 9.60000038, -39.5624923706
22.8531609, 9.60000038, -39.7423973083
23.8055916, 9.60000038, -39.9143638611
24.7580223, 9.60000038, -40.0750541687
25.7104511, 9.60000038, -40.2845726013
26.6628819, 9.60000038, -40.4985275269
27.6153126, 9.60000038, -40.7049484253
28.5677414, 9.60000038, -40.9116821289
29.5201721, 9.60000038, -41.1203536987
30.4726028, 9.60000038, -41.3210525513
31.4250317, 9.60000038, -41.5062561035
32.3774605, 9.60000038, -41.6732521057
33.3298912, 9.60000038, -41.8217048645
34.2823219, 9.60000038, -41.9519844055
35.2347527, 9.60000038, -42.0653572083
36.1871834, 9.60000038, -42.1636352539
37.1396141, 9.60000038, -42.2485923767
38.0920448, 9.60000038, -42.3217697144
39.0444717, 9.60000038, -42.3843536377
39.9969025, 9.60000038, -42.4376411438
40.9493332, 9.60000038, -42.4829139709
41.9017639, 9.60000038, -42.5212402344
42.8541946, 9.60000038, -42.5535430908
43.8066254, 9.60000038, -42.5806694031
44.7590523, 9.60000038, -42.6033973694
45.711483, 9.60000038, -42.6224365234
46.6639137, 9.60000038, -42.6384124756
47.6163445, 9.60000038, -42.6518859863
48.5687752, 9.60000038, -42.6633338928
49.5212059, 9.60000038, -42.6731681824
50.4736328, 9.60000038, -42.6817436218
51.4260635, 9.60000038, -42.6893615723
52.3784943, 9.60000038, -42.6962966919
53.330925, 9.60000038, -42.7027893066
54.2833557, 9.60000038, -42.7090797424
55.2357864, 9.60000038, -42.7154197693
56.1882133, 9.60000038, -42.7221260071
57.1406441, 9.60000038, -42.7294998169
58.0930748, 9.60000038, -42.7377624512
59.0455055, 9.60000038, -42.747127533
59.9979362, 9.60000038, -42.7578468323
60.950367, 9.60000038, -42.7702522278
61.9027939, 9.60000038, -42.7847595215
62.8552246, 9.60000038, -42.8018760681
63.8076553, 9.60000038, -42.8222122192
64.7600861, 9.60000038, -42.8465118408
65.7125168, 9.60000038, -42.8756828308
66.6649475, 9.60000038, -42.9108276367
67.6173782, 9.60000038, -42.9532928467
68.569809, 9.60000038, -43.0047225952
69.5222397, 9.60000038, -43.0671424866
70.4746704, 9.60000038, -43.1430091858
71.4270935, 9.60000038, -43.2353477478
72.3795242, 9.60000038, -43.3478622437
73.331955, 9.60000038, -43.4851264954
74.2843857, 9.60000038, -43.6527519226
75.2368164, 9.60000038, -43.8575744629
76.1892471, 9.60000038, -44.1078529358
77.1416779, 9.60000038, -44.4135017395
78.0941086, 9.60000038, -44.7864570618
79.0465393, 9.60000038, -45.2412147522
79.99897, 9.60000038, -45.7953300476
80.9514008, 9.60000038, -46.4687080383
81.9038315, 9.60000038, -47.2813339233
82.8562546, 9.60000038, -48.2512969971
83.8086853, 9.60000038, -49.3962402344
84.761116, 9.60000038, -50.7289543152
85.7135468, 9.60000038, -52.2594566345
86.6659775, 9.60000038, -53.9964485168
87.6184082, 9.60000038, -55.9490852356
88.5708389, 9.60000038, -58.1111602783
89.5232697, 9.60000038, -60.5214614868
90.4757004, 9.60000038, -63.1071968079
91.4281311, 9.60000038, -65.8158416748
92.3805618, 9.60000038, -68.6805648804
93.3329926, 9.60000038, -71.6958084106
94.2854156, 9.60000038, -74.8500213623
95.2378464, 9.60000038, -78.1327667236
96.1902771, 9.60000038, -81.5469665527
97.1427078, 9.60000038, -85.0449142456
98.0951385, 9.60000038, -88.6300582886
99.0475693, 9.60000038, -92.2898254395
13.3181934, 10.3999996, -35.7808876038
14.2603874, 10.3999996, -35.8595428467
15.2025805, 10.3999996, -36.3575782776
16.1447735, 10.3999996, -37.0369567871
17.0869675, 10.3999996, -37.7411117554
18.0291615, 10.3999996, -38.3784599304
18.9713554, 10.3999996, -38.9060516357
19.9135475, 10.3999996, -39.3149108887
20.8557415, 10.3999996, -39.6183662415
21.7979355, 10.3999996, -39.8464317322
22.7401295, 10.3999996, -40.0310249329
23.6823235, 10.3999996, -40.2673034668
24.6245155, 10.3999996, -40.5241279602
25.5667095, 10.3999996, -40.8022041321
26.5089035, 10.3999996, -41.0878868103
27.4510975, 10.3999996, -41.3696899414
28.3932896, 10.3999996, -41.6444702148
29.3354836, 10.3999996, -41.9098014832
30.2776775, 10.3999996, -42.1606559753
31.2198715, 10.3999996, -42.392364502
32.1620636, 10.3999996, -42.6025161743
33.1042595, 10.3999996, -42.7905693054
34.0464516, 10.3999996, -42.9570274353
34.9886436, 10.3999996, -43.1031036377
35.9308395, 10.3999996, -43.2304420471
36.8730316, 10.3999996, -43.3408584595
37.8152275, 10.3999996, -43.4361343384
38.7574196, 10.3999996, -43.5179405212
39.6996117, 10.3999996, -43.5878639221
40.6418076, 10.3999996, -43.6473693848
41.5839996, 10.3999996, -43.6977996826
42.5261917, 10.3999996, -43.74036026
43.4683876, 10.3999996, -43.7761497498
44.4105797, 10.3999996, -43.8061752319
45.3527756, 10.3999996, -43.8313484192
46.2949677, 10.3999996, -43.8524703979
47.2371597, 10.3999996, -43.8702545166
48.1793556, 10.3999996, -43.8853225708
49.1215477, 10.3999996, -43.8982009888
50.0637436, 10.3999996, -43.9093475342
51.0059357, 10.3999996, -43.9191589355
51.9481277, 10.3999996, -43.927986145
52.8903236, 10.3999996, -43.936126709
53.8325157, 10.3999996, -43.9438743591
54.7747078, 10.3999996, -43.9515037537
55.7169037, 10.3999996, -43.9593009949
56.6590958, 10.3999996, -43.9675636292
57.6012917, 10.3999996, -43.9765663147
58.5434837, 10.3999996, -43.9865951538
59.4856758, 10.3999996, -43.9979515076
60.4278717, 10.3999996, -44.0109977722
61.3700638, 10.3999996, -44.0261650085
62.3122597, 10.3999996, -44.0439720154
63.2544518, 10.3999996, -44.0650482178
64.1966476, 10.3999996, -44.0901527405
65.1388397, 10.3999996, -44.1202087402
66.0810318, 10.3999996, -44.156337738
67.0232239, 10.3999996, -44.1999015808
67.965416, 10.3999996, -44.25258255
68.9076157, 10.3999996, -44.3164215088
69.8498077, 10.3999996, -44.3939437866
70.7919998, 10.3999996, -44.4882469177
71.7341919, 10.3999996, -44.6031532288
72.676384, 10.3999996, -44.7433738708
73.6185837, 10.3999996, -44.9147262573
74.5607758, 10.3999996, -45.1243286133
75.5029678, 10.3999996, -45.3808479309
76.4451599, 10.3999996, -45.6947517395
77.387352, 10.3999996, -46.0785865784
78.3295517, 10.3999996, -46.5472564697
79.2717438, 10.3999996, -47.1182365417
80.2139359, 10.3999996, -47.8112831116
81.1561279, 10.3999996, -48.6474494934
82.09832, 10.3999996, -49.6491928101
83.0405197, 10.3999996, -50.8346328735
83.9827118, 10.3999996, -52.2185783386
84.9249039, 10.3999996, -53.814907074
85.8670959, 10.3999996, -55.6374130249
86.809288, 10.3999996, -57.6833992004
87.7514801, 10.3999996, -59.9456520081
88.6936798, 10.3999996, -62.5238571167
89.6358719, 10.3999996, -65.1786804199
90.578064, 10.3999996, -68.0038909912
91.520256, 10.3999996, -70.993019104
92.4624481, 10.3999996, -74.1392440796
93.4046478, 10.3999996, -77.4386367798
94.3468399, 10.3999996, -80.9075393677
95.289032, 10.3999996, -84.4894485474
96.2312241, 10.3999996, -88.1925964355
97.1734161, 10.3999996, -92.0135345459
98.1156158, 10.3999996, -95.9269561768
99.0578079, 10.3999996, -99.9285964966
14.2599573, 11.1999998, -36.7128753662
15.1919136, 11.1999998, -36.666557312
16.1238708, 11.1999998, -37.0632095337
17.0558281, 11.1999998, -37.6585578918
17.9877853, 11.1999998, -38.2910995483
18.9197426, 11.1999998, -38.8658905029
19.8516998, 11.1999998, -39.3383865356
20.7836552, 11.1999998, -39.699886322
21.7156124, 11.1999998, -39.9698371887
22.6475697, 11.1999998, -40.2425270081
23.5795269, 11.1999998, -40.5597114563
24.5114841, 11.1999998, -40.9028663635
25.4434414, 11.1999998, -41.2597961426
26.3753986, 11.1999998, -41.6196289062
27.307354, 11.1999998, -41.9728851318
28.2393112, 11.1999998, -42.3135375977
29.1712685, 11.1999998, -42.6373214722
30.1032257, 11.1999998, -42.9403190613
31.035183, 11.1999998, -43.2193603516
31.9671402, 11.1999998, -43.4727172852
32.8990974, 11.1999998, -43.7000465393
33.8310547, 11.1999998, -43.9020118713
34.7630119, 11.1999998, -44.0799407959
35.6949692, 11.1999998, -44.2355651855
36.6269264, 11.1999998, -44.3708267212
37.5588799, 11.1999998, -44.4877357483
38.4908371, 11.1999998, -44.5882606506
39.4227943, 11.1999998, -44.6742782593
40.3547516, 11.1999998, -44.7475471497
41.2867088, 11.1999998, -44.8096923828
42.2186661, 11.1999998, -44.8621902466
43.1506233, 11.1999998, -44.9063911438
44.0825806, 11.1999998, -44.9435195923
45.0145378, 11.1999998, -44.9746704102
45.9464951, 11.1999998, -45.0008201599
46.8784523, 11.1999998, -45.0228233337
47.8104095, 11.1999998, -45.0414276123
48.7423668, 11.1999998, -45.05727005
49.674324, 11.1999998, -45.0709152222
50.6062813, 11.1999998, -45.0828323364
51.5382347, 11.1999998, -45.0934410095
52.470192, 11.1999998, -45.1031074524
53.4021492, 11.1999998, -45.1121673584
54.3341064, 11.1999998, -45.120929718
55.2660637, 11.1999998, -45.1296920776
56.1980209, 11.1999998, -45.1387634277
57.1299782, 11.1999998, -45.1484375
58.0619354, 11.1999998, -45.1590309143
58.9938927, 11.1999998, -45.170879364
59.9258499, 11.1999998, -45.1843643188
60.8578072, 11.1999998, -45.1999320984
61.7897644, 11.1999998, -45.2181053162
62.7217216, 11.1999998, -45.2395172119
63.6536789, 11.1999998, -45.2649269104
64.5856323, 11.1999998, -45.2952575684
65.5175934, 11.1999998, -45.3316230774
66.4495468, 11.1999998, -45.3753814697
67.3815079, 11.1999998, -45.4281921387
68.3134613, 11.1999998, -45.4920883179
69.2454224, 11.1999998, -45.5695762634
70.1773758, 11.1999998, -45.663734436
71.1093369, 11.1999998, -45.7783927917
72.0412903, 11.1999998, -45.9182815552
72.9732437, 11.1999998, -46.0892715454
73.9052048, 11.1999998, -46.2985801697
74.8371582, 11.1999998, -46.5550537109
75.7691193, 11.1999998, -46.8694610596
76.7010727, 11.1999998, -47.2547340393
77.6330338, 11.1999998, -47.7263221741
78.5649872, 11.1999998, -48.3022232056
79.4969482, 11.1999998, -49.0028572083
80.4289017, 11.1999998, -49.8517303467
81.3608627, 11.1999998, -50.8707618713
82.2928162, 11.1999998, -52.0804252625
83.2247772, 11.1999998, -53.5013122559
84.1567307, 11.1999998, -55.1495552063
85.0886917, 11.1999998, -57.0395698547
86.0206451, 11.1999998, -59.1715888977
86.9525986, 11.1999998, -61.6551589966
87.8845596, 11.1999998, -64.2104797363
88.8165131, 11.1999998, -66.948425293
89.7484741, 11.1999998, -69.8612670898
90.6804276, 11.1999998, -72.9431533813
91.6123886, 11.1999998, -76.1921386719
92.544342, 11.1999998, -79.6080322266
93.4763031, 11.1999998, -83.2109146118
94.4082565, 11.1999998, -86.9329910278
95.3402176, 11.1999998, -90.8041610718
96.272171, 11.1999998, -94.8118286133
97.2041321, 11.1999998, -98.9498901367
98.1360855, 11.1999998, -103.211898804
99.0680466, 11.1999998, -107.566436768
15.2017202, 12.0, -37.4126434326
16.1234417, 12.0, -37.2767562866
17.0451622, 12.0, -37.596321106
17.9668808, 12.0, -38.1244659424
18.8886013, 12.0, -38.6982345581
19.8103218, 12.0, -39.2232475281
20.7320423, 12.0, -39.6582984924
21.6537628, 12.0, -40.0037231445
22.5754833, 12.0, -40.386428833
23.4972038, 12.0, -40.8008499146
24.4189243, 12.0, -41.2343025208
25.3406448, 12.0, -41.6744117737
26.2623653, 12.0, -42.1109008789
27.1840858, 12.0, -42.5352287292
28.1058064, 12.0, -42.9409332275
29.0275269, 12.0, -43.3233032227
29.9492474, 12.0, -43.6788482666
30.8709679, 12.0, -44.0052146912
31.7926884, 12.0, -44.3012924194
32.7144089, 12.0, -44.5671310425
33.6361275, 12.0, -44.8036651611
34.5578499, 12.0, -45.0124588013
35.4795685, 12.0, -45.1954460144
36.4012909, 12.0, -45.3547973633
37.3230095, 12.0, -45.4927482605
38.2447319, 12.0, -45.6115264893
39.1664505, 12.0, -45.7132797241
40.0881729, 12.0, -45.8000411987
41.0098915, 12.0, -45.8737030029
41.9316139, 12.0, -45.936000824
42.8533325, 12.0, -45.9885177612
43.7750549, 12.0, -46.0326805115
44.6967735, 12.0, -46.069770813
45.6184959, 12.0, -46.1009254456
46.5402145, 12.0, -46.1271324158
47.461937, 12.0, -46.1492652893
48.3836555, 12.0, -46.1680717468
49.305378, 12.0, -46.1841964722
50.2270966, 12.0, -46.1981964111
51.148819, 12.0, -46.2105560303
52.0705376, 12.0, -46.221698761
52.9922562, 12.0, -46.232006073
53.9139786, 12.0, -46.2418251038
54.8356972, 12.0, -46.2514762878
55.7574196, 12.0, -46.2612800598
56.6791382, 12.0, -46.2715530396
57.6008606, 12.0, -46.2826309204
58.5225792, 12.0, -46.2948646545
59.4443016, 12.0, -46.3086471558
60.3660202, 12.0, -46.3244285583
61.2877426, 12.0, -46.3427314758
62.2094612, 12.0, -46.3641891479
63.1311836, 12.0, -46.3895454407
64.0529022, 12.0, -46.4197120667
64.9746246, 12.0, -46.455783844
65.896347, 12.0, -46.4990959167
66.8180618, 12.0, -46.5512809753
67.7397842, 12.0, -46.614315033
68.6615067, 12.0, -46.6906433105
69.5832291, 12.0, -46.7832756042
70.5049438, 12.0, -46.8959579468
71.4266663, 12.0, -47.0333557129
72.3483887, 12.0, -47.2012786865
73.2701111, 12.0, -47.4069480896
74.1918259, 12.0, -47.6592483521
75.1135483, 12.0, -47.9690628052
76.0352707, 12.0, -48.3496246338
76.9569855, 12.0, -48.8167610168
77.8787079, 12.0, -49.3890609741
78.8004303, 12.0, -50.0891609192
79.7221527, 12.0, -50.939250946
80.6438675, 12.0, -51.9626693726
81.5655899, 12.0, -53.1848144531
82.4873123, 12.0, -54.6279449463
83.4090347, 12.0, -56.3204269409
84.3307495, 12.0, -58.2727241516
85.2524719, 12.0, -60.5222663879
86.1741943, 12.0, -63.0620994568
87.0959167, 12.0, -65.6847076416
88.0176315, 12.0, -68.4771118164
88.9393539, 12.0, -71.4436264038
89.8610764, 12.0, -74.5917663574
90.7827988, 12.0, -77.9166030884
91.7045135, 12.0, -81.442741394
92.626236, 12.0, -85.1101608276
93.5479584, 12.0, -88.9347839355
94.4696808, 12.0, -92.9277420044
95.3913956, 12.0, -97.0780563354
96.313118, 12.0, -101.398925781
97.2348404, 12.0, -105.864616394
98.1565628, 12.0, -110.46521759
99.0782776, 12.0, -115.183769226
16.1434841, 12.8000002, -37.9580078125
17.0549679, 12.8000002, -37.7595062256
17.9664516, 12.8000002, -38.0211906433
18.8779354, 12.8000002, -38.4969596863
19.7894192, 12.8000002, -39.0284957886
20.7009029, 12.8000002, -39.5308532715
21.6123867, 12.8000002, -39.9886322021
22.5238705, 12.8000002, -40.4897270203
23.4353542, 12.8000002, -41.0144767761
24.346838, 12.8000002, -41.5460548401
25.2583218, 12.8000002, -42.0738639832
26.1698055, 12.8000002, -42.5893707275
27.0812912, 12.8000002, -43.085269928
27.992775, 12.8000002, -43.5556678772
28.9042587, 12.8000002, -43.9961585999
29.8157425, 12.8000002, -44.4037437439
30.7272263, 12.8000002, -44.7767066956
31.63871, 12.8000002, -45.1145362854
32.5501938, 12.8000002, -45.4177627563
33.4616776, 12.8000002, -45.6877059937
34.3731613, 12.8000002, -45.9262428284
35.2846451, 12.8000002, -46.1356048584
36.1961288, 12.8000002, -46.3182220459
37.1076126, 12.8000002, -46.4765777588
38.0190964, 12.8000002, -46.6131515503
38.9305801, 12.8000002, -46.7303276062
39.8420639, 12.8000002, -46.8303833008
40.7535477, 12.8000002, -46.9154434204
41.6650314, 12.8000002, -46.9874801636
42.5765152, 12.8000002, -47.048286438
43.487999, 12.8000002, -47.0994911194
44.3994827, 12.8000002, -47.142539978
45.3109665, 12.8000002, -47.178730011
46.2224503, 12.8000002, -47.2091827393
47.133934, 12.8000002, -47.2348823547
48.0454178, 12.8000002, -47.2566795349
48.9569016, 12.8000002, -47.2753143311
49.8683853, 12.8000002, -47.2914161682
50.7798691, 12.8000002, -47.3055381775
51.6913567, 12.8000002, -47.3181533813
52.6028404, 12.8000002, -47.3296928406
53.5143242, 12.8000002, -47.3405380249
54.425808, 12.8000002, -47.3510398865
55.3372917, 12.8000002, -47.3615379333
56.2487755, 12.8000002, -47.3723678589
57.1602592, 12.8000002, -47.3838768005
58.071743, 12.8000002, -47.3964195251
58.9832268, 12.8000002, -47.4104042053
59.8947105, 12.8000002, -47.4262733459
60.8061943, 12.8000002, -47.4445533752
61.7176781, 12.8000002, -47.4658622742
62.6291618, 12.8000002, -47.4909248352
63.5406456, 12.8000002, -47.5206375122
64.4521255, 12.8000002, -47.5560722351
65.3636093, 12.8000002, -47.5985374451
66.2750931, 12.8000002, -47.6496200562
67.1865768, 12.8000002, -47.7112503052
68.0980682, 12.8000002, -47.7857818604
69.009552, 12.8000002, -47.8761253357
69.9210358, 12.8000002, -47.9858970642
70.8325195, 12.8000002, -48.1196098328
71.7440033, 12.8000002, -48.2829437256
72.6554871, 12.8000002, -48.4830322266
73.5669708, 12.8000002, -48.7287902832
74.4784546, 12.8000002, -49.0311355591
75.3899384, 12.8000002, -49.4032592773
76.3014221, 12.8000002, -49.861579895
77.2129059, 12.8000002, -50.4260826111
78.1243896, 12.8000002, -51.1171188354
79.0358734, 12.8000002, -51.9588012695
79.9473572, 12.8000002, -52.9784622192
80.8588409, 12.8000002, -54.2027397156
81.7703247, 12.8000002, -55.6614952087
82.6818085, 12.8000002, -57.3866271973
83.5932922, 12.8000002, -59.3916358948
84.504776, 12.8000002, -61.8172988892
85.4162598, 12.8000002, -64.3212661743
86.3277435, 12.8000002, -66.9821472168
87.2392273, 12.8000002, -69.8119506836
88.1507111, 12.8000002, -72.8159255981
89.0621948, 12.8000002, -76.0019989014
89.9736786, 12.8000002, -79.3731842041
90.8851624, 12.8000002, -82.9697799683
91.7966461, 12.8000002, -86.6820297241
92.7081299, 12.8000002, -90.5649337769
93.6196136, 12.8000002, -94.6265335083
94.5310974, 12.8000002, -98.8711471558
95.4425812, 12.8000002, -103.316497803
96.3540649, 12.8000002, -107.930519104
97.2655487, 12.8000002, -112.724449158
98.1770325, 12.8000002, -117.67943573
99.0885162, 12.8000002, -122.780883789
17.085247, 13.6000004, -38.409198761
17.9864941, 13.6000004, -38.1709365845
18.8877411, 13.6000004, -38.38904953
19.78899, 13.6000004, -38.8315238953
20.690237, 13.6000004, -39.3577346802
21.5914841, 13.6000004, -39.9220046997
22.4927311, 13.6000004, -40.5850028992
23.3939781, 13.6000004, -41.2400093079
24.2952251, 13.6000004, -41.8790054321
25.1964722, 13.6000004, -42.4986724854
26.0977211, 13.6000004, -43.094783783
26.9989681, 13.6000004, -43.6623535156
27.9002151, 13.6000004, -44.1967277527
28.8014622, 13.6000004, -44.6942825317
29.7027092, 13.6000004, -45.1526870728
30.6039562, 13.6000004, -45.5709075928
31.5052052, 13.6000004, -45.9490661621
32.4064522, 13.6000004, -46.2882385254
33.3076973, 13.6000004, -46.5902175903
34.2089462, 13.6000004, -46.8572769165
35.1101952, 13.6000004, -47.0919799805
36.0114403, 13.6000004, -47.2970314026
36.9126892, 13.6000004, -47.4751815796
37.8139343, 13.6000004, -47.6291427612
38.7151833, 13.6000004, -47.7614974976
39.6164284, 13.6000004, -47.8747177124
40.5176773, 13.6000004, -47.9711380005
41.4189262, 13.6000004, -48.0529251099
42.3201714, 13.6000004, -48.1220703125
43.2214203, 13.6000004, -48.1803779602
44.1226654, 13.6000004, -48.2294654846
45.0239143, 13.6000004, -48.2707672119
45.9251595, 13.6000004, -48.3055458069
46.8264084, 13.6000004, -48.3348922729
47.7276573, 13.6000004, -48.3597602844
48.6289024, 13.6000004, -48.3809661865
49.5301514, 13.6000004, -48.3992271423
50.4313965, 13.6000004, -48.4151496887
51.3326454, 13.6000004, -48.429271698
52.2338943, 13.6000004, -48.4420623779
53.1351395, 13.6000004, -48.4539451599
54.0363884, 13.6000004, -48.465297699
54.9376335, 13.6000004, -48.4764862061
55.8388824, 13.6000004, -48.4878578186
56.7401276, 13.6000004, -48.4997711182
57.6413765, 13.6000004, -48.5125961304
58.5426254, 13.6000004, -48.5267372131
59.4438705, 13.6000004, -48.5426330566
60.3451195, 13.6000004, -48.5608100891
61.2463646, 13.6000004, -48.5818595886
62.1476135, 13.6000004, -48.6065063477
63.0488586, 13.6000004, -48.6356124878
63.9501076, 13.6000004, -48.6702156067
64.8513565, 13.6000004, -48.7116088867
65.7526016, 13.6000004, -48.7613525391
66.6538467, 13.6000004, -48.8213539124
67.5550995, 13.6000004, -48.8938827515
68.4563446, 13.6000004, -48.9817199707
69.3575897, 13.6000004, -49.0883293152
70.2588425, 13.6000004, -49.2180519104
71.1600876, 13.6000004, -49.3763580322
72.0613327, 13.6000004, -49.5701522827
72.9625778, 13.6000004, -49.8082008362
73.8638306, 13.6000004, -50.1020812988
74.7650757, 13.6000004, -50.4648780823
75.6663208, 13.6000004, -50.9122505188
76.5675735, 13.6000004, -51.462852478
77.4688187, 13.6000004, -52.1395187378
78.3700638, 13.6000004, -52.9684028625
79.2713089, 13.6000004, -53.9771461487
80.1725616, 13.6000004, -55.1984939575
81.0738068, 13.6000004, -56.6719284058
81.9750519, 13.6000004, -58.4251480103
82.8763046, 13.6000004, -60.5127182007
83.7775497, 13.6000004, -62.9850540161
84.6787949, 13.6000004, -65.501449585
85.58004, 13.6000004, -68.1777114868
86.4812927, 13.6000004, -71.0199050903
87.3825378, 13.6000004, -74.0400543213
88.283783, 13.6000004, -77.2425842285
89.1850357, 13.6000004, -80.6438140869
90.0862808, 13.6000004, -84.2547454834
90.9875259, 13.6000004, -87.989151001
91.8887711, 13.6000004, -91.8960418701
92.7900238, 13.6000004, -95.9808120728
93.6912689, 13.6000004, -100.265930176
94.592514, 13.6000004, -104.771339417
95.4937668, 13.6000004, -109.471580505
96.3950119, 13.6000004, -114.388191223
97.296257, 13.6000004, -119.515884399
98.1975021, 13.6000004, -124.847938538
99.0987549, 13.6000004, -130.353820801
18.02701, 14.3999996, -38.8345451355
18.9180222, 14.3999996, -38.5596466064
19.8090324, 14.3999996, -38.7547836304
20.7000427, 14.3999996, -39.2161102295
21.591053, 14.3999996, -39.8573455811
22.4820652, 14.3999996, -40.7383117676
23.3730755, 14.3999996, -41.5427093506
24.2640858, 14.3999996, -42.2940483093
25.1550961, 14.3999996, -43.0059356689
26.0461082, 14.3999996, -43.6815414429
26.9371185, 14.3999996, -44.319103241
27.8281288, 14.3999996, -44.9155158997
28.7191391, 14.3999996, -45.4681167603
29.6101513, 14.3999996, -45.9753456116
30.5011616, 14.3999996, -46.4368591309
31.3921719, 14.3999996, -46.8534584045
32.2831841, 14.3999996, -47.2268486023
33.1741943, 14.3999996, -47.5593490601
34.0652046, 14.3999996, -47.8536643982
34.9562149, 14.3999996, -48.1127052307
35.8472252, 14.3999996, -48.3394622803
36.7382355, 14.3999996, -48.5369262695
37.6292458, 14.3999996, -48.7080459595
38.5202599, 14.3999996, -48.8555259705
39.4112701, 14.3999996, -48.9819755554
40.3022804, 14.3999996, -49.0898742676
41.1932907, 14.3999996, -49.1815719604
42.084301, 14.3999996, -49.2592277527
42.9753113, 14.3999996, -49.3248214722
43.8663216, 14.3999996, -49.380115509
44.7573318, 14.3999996, -49.4266967773
45.6483459, 14.3999996, -49.4659500122
46.5393562, 14.3999996, -49.4990844727
47.4303665, 14.3999996, -49.5271453857
48.3213768, 14.3999996, -49.5510444641
49.2123871, 14.3999996, -49.571559906
50.1033974, 14.3999996, -49.5893745422
50.9944077, 14.3999996, -49.6050758362
51.8854179, 14.3999996, -49.619178772
52.7764282, 14.3999996, -49.632144928
53.6674423, 14.3999996, -49.6443901062
54.5584526, 14.3999996, -49.6562995911
55.4494629, 14.3999996, -49.6682395935
56.3404732, 14.3999996, -49.6805801392
57.2314835, 14.3999996, -49.6936988831
58.1224937, 14.3999996, -49.7080001831
59.013504, 14.3999996, -49.7239265442
59.9045143, 14.3999996, -49.741985321
60.7955284, 14.3999996, -49.7627677917
61.6865387, 14.3999996, -49.7869682312
62.577549, 14.3999996, -49.8154296875
63.4685593, 14.3999996, -49.8491706848
64.3595734, 14.3999996, -49.8894309998
65.2505798, 14.3999996, -49.9377593994
66.1415939, 14.3999996, -49.9961471558
67.0326004, 14.3999996, -50.0668258667
67.9236145, 14.3999996, -50.1524391174
68.814621, 14.3999996, -50.2562942505
69.7056351, 14.3999996, -50.3825340271
70.5966415, 14.3999996, -50.5363998413
71.4876556, 14.3999996, -50.7245788574
72.3786697, 14.3999996, -50.955532074
73.2696762, 14.3999996, -51.2396430969
74.1606903, 14.3999996, -51.5902328491
75.0516968, 14.3999996, -52.0238037109
75.9427109, 14.3999996, -52.5596885681
76.8337173, 14.3999996, -53.2205085754
77.7247314, 14.3999996, -54.0330848694
78.6157455, 14.3999996, -55.0305366516
79.506752, 14.3999996, -56.2515029907
80.3977661, 14.3999996, -57.7371788025
81.2887726, 14.3999996, -59.5171127319
82.1797867, 14.3999996, -61.7325248718
83.0707932, 14.3999996, -64.142616272
83.9618073, 14.3999996, -66.6563110352
84.8528137, 14.3999996, -69.3275222778
85.7438278, 14.3999996, -72.1634674072
86.6348419, 14.3999996, -75.1793060303
87.5258484, 14.3999996, -78.3799514771
88.4168625, 14.3999996, -81.7978134155
89.307869, 14.3999996, -85.3836746216
90.1988831, 14.3999996, -89.10496521
91.0898895, 14.3999996, -92.9981765747
91.9809036, 14.3999996, -97.0707931519
92.8719177, 14.3999996, -101.353439331
93.7629242, 14.3999996, -105.850860596
94.6539383, 14.3999996, -110.568969727
95.5449448, 14.3999996, -115.530281067
96.4359589, 14.3999996, -120.748794556
97.3269653, 14.3999996, -126.227233887
98.2179794, 14.3999996, -131.948364258
99.1089859, 14.3999996, -137.889434814
18.9687748, 15.1999998, -39.294418335
19.8495483, 15.1999998, -39.0057907104
20.7303219, 15.1999998, -39.2705345154
21.6110973, 15.1999998, -39.950756073
22.4918709, 15.1999998, -41.0815162659
23.3726444, 15.1999998, -42.0265159607
24.2534199, 15.1999998, -42.8778915405
25.1341934, 15.1999998, -43.6726264954
26.014967, 15.1999998, -44.4210319519
26.8957424, 15.1999998, -45.123550415
27.776516, 15.1999998, -45.7779426575
28.6572895, 15.1999998, -46.3821525574
29.538065, 15.1999998, -46.9352264404
30.4188385, 15.1999998, -47.4374160767
31.299612, 15.1999998, -47.8901481628
32.1803856, 15.1999998, -48.2958106995
33.061161, 15.1999998, -48.6572799683
33.9419365, 15.1999998, -48.9776878357
34.8227081, 15.1999998, -49.2602958679
35.7034836, 15.1999998, -49.5083198547
36.584259, 15.1999998, -49.7249069214
37.4650307, 15.1999998, -49.913394928
38.3458061, 15.1999998, -50.0763893127
39.2265816, 15.1999998, -50.2165412903
40.1073532, 15.1999998, -50.3364105225
40.9881287, 15.1999998, -50.4384880066
41.8689041, 15.1999998, -50.525100708
42.7496758, 15.1999998, -50.5983848572
43.6304512, 15.1999998, -50.6602592468
44.5112267, 15.1999998, -50.7124443054
45.3919983, 15.1999998, -50.7564659119
46.2727737, 15.1999998, -50.7936439514
47.1535492, 15.1999998, -50.8251266479
48.0343208, 15.1999998, -50.8519096375
48.9150963, 15.1999998, -50.8748550415
49.7958717, 15.1999998, -50.8947105408
50.6766434, 15.1999998, -50.9121246338
51.5574188, 15.1999998, -50.9276618958
52.4381943, 15.1999998, -50.9418182373
53.3189659, 15.1999998, -50.9550476074
54.1997414, 15.1999998, -50.9677581787
55.0805168, 15.1999998, -50.980342865
55.9612885, 15.1999998, -50.993183136
56.8420639, 15.1999998, -51.0066642761
57.7228394, 15.1999998, -51.0211906433
58.6036148, 15.1999998, -51.0372161865
59.4843864, 15.1999998, -51.055229187
60.3651619, 15.1999998, -51.0758171082
61.2459373, 15.1999998, -51.0996513367
62.126709, 15.1999998, -51.1275558472
63.0074844, 15.1999998, -51.1605300903
63.8882599, 15.1999998, -51.199798584
64.7690353, 15.1999998, -51.2468643188
65.6498032, 15.1999998, -51.3035240173
66.5305786, 15.1999998, -51.3720207214
67.4113541, 15.1999998, -51.4550933838
68.2921295, 15.1999998, -51.5559425354
69.172905, 15.1999998, -51.6784858704
70.0536804, 15.1999998, -51.8276786804
70.9344482, 15.1999998, -52.0098457336
71.8152237, 15.1999998, -52.2331237793
72.6959991, 15.1999998, -52.5079421997
73.5767746, 15.1999998, -52.8474159241
74.45755, 15.1999998, -53.2674217224
75.3383255, 15.1999998, -53.7884979248
76.2190933, 15.1999998, -54.4351158142
77.0998688, 15.1999998, -55.2364616394
77.9806442, 15.1999998, -56.2279586792
78.8614197, 15.1999998, -57.4523620605
79.7421951, 15.1999998, -58.9496040344
80.6229706, 15.1999998, -60.8099327087
81.5037384, 15.1999998, -63.0675315857
82.3845139, 15.1999998, -65.3875961304
83.2652893, 15.1999998, -67.8649673462
84.1460648, 15.1999998, -70.5034255981
85.0268402, 15.1999998, -73.311050415
85.9076157, 15.1999998, -76.2992477417
86.7883835, 15.1999998, -79.4753189087
87.6691589, 15.1999998, -82.8885269165
88.5499344, 15.1999998, -86.4280700684
89.4307098, 15.1999998, -90.1054992676
90.3114853, 15.1999998, -93.9502639771
91.1922607, 15.1999998, -97.9737091064
92.0730286, 15.1999998, -102.210754395
92.953804, 15.1999998, -106.652793884
93.8345795, 15.1999998, -111.322181702
94.7153549, 15.1999998, -116.249687195
95.5961304, 15.1999998, -121.465240479
96.4769058, 15.1999998, -126.98550415
97.3576736, 15.1999998, -132.817184448
98.2384491, 15.1999998, -138.956741333
99.1192245, 15.1999998, -145.36958313
19.9105377, 16.0, -39.9711723328
20.7810745, 16.0, -39.8889198303
21.6516132, 16.0, -40.6580429077
22.52215, 16.0, -41.8408851624
23.3926888, 16.0, -42.8363304138
24.2632256, 16.0, -43.7425346375
25.1337643, 16.0, -44.5956878662
26.0043011, 16.0, -45.4024124146
26.8748379, 16.0, -46.1603965759
27.7453766, 16.0, -46.8659439087
28.6159134, 16.0, -47.5166130066
29.4864521, 16.0, -48.1115722656
30.3569889, 16.0, -48.6512680054
31.2275276, 16.0, -49.1374931335
32.0980644, 16.0, -49.5734519958
32.9686012, 16.0, -49.9625701904
33.839138, 16.0, -50.3083190918
34.7096786, 16.0, -50.6142807007
35.5802155, 16.0, -50.8838310242
36.4507523, 16.0, -51.119972229
37.3212891, 16.0, -51.3253593445
38.1918297, 16.0, -51.5032234192
39.0623665, 16.0, -51.6567420959
39.9329033, 16.0, -51.7883644104
40.8034401, 16.0, -51.9006958008
41.6739769, 16.0, -51.9962043762
42.5445175, 16.0, -52.077167511
43.4150543, 16.0, -52.1456413269
44.2855911, 16.0, -52.2034721375
45.1561279, 16.0, -52.2522888184
46.0266685, 16.0, -52.2935333252
46.8972054, 16.0, -52.3284645081
47.7677422, 16.0, -52.3581619263
48.638279, 16.0, -52.3835678101
49.5088158, 16.0, -52.4054908752
50.3793564, 16.0, -52.4246406555
51.2498932, 16.0, -52.4416236877
52.12043, 16.0, -52.4569854736
52.9909668, 16.0, -52.471206665
53.8615036, 16.0, -52.4847221375
54.7320442, 16.0, -52.4979438782
55.602581, 16.0, -52.511264801
56.4731178, 16.0, -52.5250816345
57.3436546, 16.0, -52.539806366
58.2141953, 16.0, -52.5558815002
59.0847321, 16.0, -52.5737953186
59.9552689, 16.0, -52.5941123962
60.8258057, 16.0, -52.6174888611
61.6963425, 16.0, -52.6447257996
62.5668831, 16.0, -52.6767883301
63.4374199, 16.0, -52.714881897
64.3079605, 16.0, -52.760509491
65.1784973, 16.0, -52.8155326843
66.0490341, 16.0, -52.8822021484
66.9195709, 16.0, -52.9631271362
67.7901077, 16.0, -53.0615386963
68.6606445, 16.0, -53.1812705994
69.5311813, 16.0, -53.3269767761
70.4017181, 16.0, -53.5046463013
71.2722549, 16.0, -53.7220191956
72.1427994, 16.0, -53.9891967773
73.0133362, 16.0, -54.319480896
73.883873, 16.0, -54.7302131653
74.7544098, 16.0, -55.2431144714
75.6249466, 16.0, -55.8833961487
76.4954834, 16.0, -56.6827697754
77.3660202, 16.0, -57.6782455444
78.236557, 16.0, -58.9126281738
79.1070938, 16.0, -60.4512138367
79.9776306, 16.0, -62.3865470886
80.848175, 16.0, -64.5318908691
81.7187119, 16.0, -66.7821807861
82.5892487, 16.0, -69.1953811646
83.4597855, 16.0, -71.7749023438
84.3303223, 16.0, -74.5306854248
85.2008591, 16.0, -77.4709014893
86.0713959, 16.0, -80.6107635498
86.9419327, 16.0, -83.9811096191
87.8124695, 16.0, -87.4515838623
88.6830139, 16.0, -91.0603942871
89.5535507, 16.0, -94.8286514282
90.4240875, 16.0, -98.7705230713
91.2946243, 16.0, -102.924087524
92.1651611, 16.0, -107.269683838
93.0356979, 16.0, -111.836761475
93.9062347, 16.0, -116.661277771
94.7767715, 16.0, -121.783988953
95.6473083, 16.0, -127.235954285
96.5178528, 16.0, -133.046859741
97.3883896, 16.0, -139.245498657
98.2589264, 16.0, -145.833480835
99.1294632, 16.0, -152.774368286
20.8523006, 16.7999992, -41.9770050049
21.7126026, 16.7999992, -42.415145874
22.5729027, 16.7999992, -43.2326164246
23.4332047, 16.7999992, -44.1197395325
24.2935047, 16.7999992, -45.0108528137
25.1538067, 16.7999992, -45.8866386414
26.0141068, 16.7999992, -46.7309646606
26.8744087, 16.7999992, -47.5310554504
27.7347088, 16.7999992, -48.2783927917
28.5950108, 16.7999992, -48.968837738
29.4553127, 16.7999992, -49.6011962891
30.3156128, 16.7999992, -50.175201416
31.1759148, 16.7999992, -50.6923027039
32.0362167, 16.7999992, -51.1548805237
32.8965149, 16.7999992, -51.567150116
33.7568169, 16.7999992, -51.9344940186
34.6171188, 16.7999992, -52.2613258362
35.4774208, 16.7999992, -52.5510177612
36.337719, 16.7999992, -52.8063163757
37.1980209, 16.7999992, -53.0296859741
38.0583229, 16.7999992, -53.223651886
38.9186249, 16.7999992, -53.3908081055
39.778923, 16.7999992, -53.5343856812
40.639225, 16.7999992, -53.6571922302
41.499527, 16.7999992, -53.761844635
42.3598289, 16.7999992, -53.8507385254
43.2201309, 16.7999992, -53.9260673523
44.0804291, 16.7999992, -53.9897994995
44.940731, 16.7999992, -54.043674469
45.801033, 16.7999992, -54.0892295837
46.661335, 16.7999992, -54.1278152466
47.5216331, 16.7999992, -54.1606140137
48.3819351, 16.7999992, -54.1886444092
49.2422371, 16.7999992, -54.2127952576
50.1025391, 16.7999992, -54.2338218689
50.9628372, 16.7999992, -54.2523880005
51.8231392, 16.7999992, -54.269077301
52.6834412, 16.7999992, -54.2844009399
53.5437431, 16.7999992, -54.298828125
54.4040413, 16.7999992, -54.312789917
55.2643433, 16.7999992, -54.3266983032
56.1246452, 16.7999992, -54.3409576416
56.9849472, 16.7999992, -54.3559913635
57.8452492, 16.7999992, -54.3722343445
58.7055473, 16.7999992, -54.390171051
59.5658493, 16.7999992, -54.4103622437
60.4261513, 16.7999992, -54.4334449768
61.2864532, 16.7999992, -54.4601898193
62.1467514, 16.7999992, -54.4915390015
63.0070534, 16.7999992, -54.5286712646
63.8673553, 16.7999992, -54.5730781555
64.7276535, 16.7999992, -54.6266784668
65.5879593, 16.7999992, -54.6919326782
66.4482574, 16.7999992, -54.7718505859
67.3085556, 16.7999992, -54.8698806763
68.1688614, 16.7999992, -54.9897994995
69.0291595, 16.7999992, -55.1358642578
69.8894653, 16.7999992, -55.313785553
70.7497635, 16.7999992, -55.5310058594
71.6100616, 16.7999992, -55.7972717285
72.4703674, 16.7999992, -56.1254310608
73.3306656, 16.7999992, -56.5329093933
74.1909714, 16.7999992, -57.0452079773
75.0512695, 16.7999992, -57.6915168762
75.9115677, 16.7999992, -58.50440979
76.7718735, 16.7999992, -59.5093040466
77.6321716, 16.7999992, -60.8040504456
78.4924698, 16.7999992, -62.4083633423
79.3527756, 16.7999992, -64.2684860229
80.2130737, 16.7999992, -66.2371368408
81.0733795, 16.7999992, -68.3879241943
81.9336777, 16.7999992, -70.7098083496
82.7939758, 16.7999992, -73.2058944702
83.6542816, 16.7999992, -75.8857116699
84.5145798, 16.7999992, -78.7566986084
85.3748779, 16.7999992, -81.8504257202
86.2351837, 16.7999992, -85.1417770386
87.0954819, 16.7999992, -88.5191726685
87.9557877, 16.7999992, -92.0363845825
88.8160858, 16.7999992, -95.7033615112
89.676384, 16.7999992, -99.537612915
90.5366898, 16.7999992, -103.577522278
91.3969879, 16.7999992, -107.793228149
92.2572937, 16.7999992, -112.216636658
93.1175919, 16.7999992, -116.884727478
93.97789, 16.7999992, -121.842102051
94.8381958, 16.7999992, -127.128631592
95.698494, 16.7999992, -132.786743164
96.5587921, 16.7999992, -138.876098633
97.4190979, 16.7999992, -145.446929932
98.2793961, 16.7999992, -152.519897461
99.1397018, 16.7999992, -160.078430176
21.7940636, 17.6000004, -44.8003540039
22.6441288, 17.6000004, -45.256855011
23.494194, 17.6000004, -45.9684410095
24.3442574, 17.6000004, -46.796421051
25.1943226, 17.6000004, -47.6638717651
26.0443878, 17.6000004, -48.5252075195
26.8944511, 17.6000004, -49.3529586792
27.7445164, 17.6000004, -50.1314048767
28.5945797, 17.6000004, -50.8526687622
29.4446449, 17.6000004, -51.51329422
30.2947102, 17.6000004, -52.1137199402
31.1447735, 17.6000004, -52.6555976868
31.9948387, 17.6000004, -53.1409835815
32.844902, 17.6000004, -53.5740509033
33.6949692, 17.6000004, -53.9602088928
34.5450325, 17.6000004, -54.3060455322
35.3950958, 17.6000004, -54.6160926819
36.245163, 17.6000004, -54.8919906616
37.0952263, 17.6000004, -55.135181427
37.9452896, 17.6000004, -55.3476638794
38.7953529, 17.6000004, -55.5319023132
39.6454201, 17.6000004, -55.6907272339
40.4954834, 17.6000004, -55.8269805908
41.3455467, 17.6000004, -55.9433898926
42.1956139, 17.6000004, -56.042514801
43.0456772, 17.6000004, -56.126701355
43.8957405, 17.6000004, -56.1980667114
44.7458076, 17.6000004, -56.2585105896
45.595871, 17.6000004, -56.3097038269
46.4459343, 17.6000004, -56.3531150818
47.2960014, 17.6000004, -56.3900375366
48.1460648, 17.6000004, -56.4215888977
48.9961281, 17.6000004, -56.4487380981
49.8461952, 17.6000004, -56.4723243713
50.6962585, 17.6000004, -56.4930801392
51.5463219, 17.6000004, -56.5116424561
52.3963852, 17.6000004, -56.5285682678
53.2464523, 17.6000004, -56.5443763733
54.0965157, 17.6000004, -56.5595245361
54.946579, 17.6000004, -56.5744552612
55.7966461, 17.6000004, -56.5895996094
56.6467094, 17.6000004, -56.6053924561
57.4967728, 17.6000004, -56.6222877502
58.3468399, 17.6000004, -56.6407775879
59.1969032, 17.6000004, -56.6614227295
60.0469666, 17.6000004, -56.6848602295
60.8970337, 17.6000004, -56.7118644714
61.747097, 17.6000004, -56.7433586121
62.5971603, 17.6000004, -56.7805099487
63.4472275, 17.6000004, -56.824798584
64.297287, 17.6000004, -56.8781547546
65.1473541, 17.6000004, -56.9431800842
65.9974213, 17.6000004, -57.0234947205
66.8474808, 17.6000004, -57.1234664917
67.6975479, 17.6000004, -57.2478485107
68.5476151, 17.6000004, -57.3997344971
69.3976746, 17.6000004, -57.5845947266
70.2477417, 17.6000004, -57.8097991943
71.0978088, 17.6000004, -58.0849647522
71.9478683, 17.6000004, -58.4225692749
72.7979355, 17.6000004, -58.8389511108
73.6480026, 17.6000004, -59.3562660217
74.4980621, 17.6000004, -60.007522583
75.3481293, 17.6000004, -60.8891220093
76.1981964, 17.6000004, -61.9630126953
77.0482559, 17.6000004, -63.2557411194
77.8983231, 17.6000004, -64.7625427246
78.7483902, 17.6000004, -66.4110870361
79.5984497, 17.6000004, -68.2461471558
80.4485168, 17.6000004, -70.2652816772
81.298584, 17.6000004, -72.4671859741
82.1486435, 17.6000004, -74.8569869995
82.9987106, 17.6000004, -77.4387283325
83.8487778, 17.6000004, -80.2217941284
84.6988373, 17.6000004, -83.2431793213
85.5489044, 17.6000004, -86.4187927246
86.3989639, 17.6000004, -89.6885910034
87.2490311, 17.6000004, -93.0937347412
88.0990982, 17.6000004, -96.6389083862
88.9491577, 17.6000004, -100.346961975
89.7992249, 17.6000004, -104.246627808
90.649292, 17.6000004, -108.307449341
91.4993515, 17.6000004, -112.557472229
92.3494186, 17.6000004, -117.032142639
93.1994858, 17.6000004, -121.774482727
94.0495453, 17.6000004, -126.826385498
94.8996124, 17.6000004, -132.230072021
95.7496796, 17.6000004, -138.058959961
96.5997391, 17.6000004, -144.394973755
97.4498062, 17.6000004, -151.322219849
98.2998734, 17.6000004, -158.929473877
99.1499329, 17.6000004, -167.200439453
22.7358284, 18.3999996, -47.9114875793
23.575655, 18.3999996, -48.452041626
24.4154835, 18.3999996, -49.2067489624
25.255312, 18.3999996, -50.0514221191
26.0951405, 18.3999996, -50.9123573303
26.934967, 18.3999996, -51.7487602234
27.7747955, 18.3999996, -52.5416412354
28.614624, 18.3999996, -53.2827186584
29.4544525, 18.3999996, -53.9670028687
30.2942791, 18.3999996, -54.5907440186
31.1341076, 18.3999996, -55.1533088684
31.9739361, 18.3999996, -55.657585144
32.8137627, 18.3999996, -56.1080169678
33.6535912, 18.3999996, -56.5117301941
34.4934196, 18.3999996, -56.879737854
35.3332481, 18.3999996, -57.2177810669
36.1730766, 18.3999996, -57.5233802795
37.0129051, 18.3999996, -57.7954978943
37.8527298, 18.3999996, -58.0349464417
38.6925583, 18.3999996, -58.2437286377
39.5323868, 18.3999996, -58.4244880676
40.3722153, 18.3999996, -58.5801048279
41.2120438, 18.3999996, -58.713470459
42.0518723, 18.3999996, -58.8273468018
42.8917007, 18.3999996, -58.9243125916
43.7315254, 18.3999996, -59.0067138672
44.5713539, 18.3999996, -59.0766525269
45.4111824, 18.3999996, -59.1360092163
46.2510109, 18.3999996, -59.1864280701
47.0908394, 18.3999996, -59.2293548584
47.9306679, 18.3999996, -59.2660560608
48.7704964, 18.3999996, -59.2976264954
49.610321, 18.3999996, -59.3250160217
50.4501495, 18.3999996, -59.3490562439
51.289978, 18.3999996, -59.370464325
52.1298065, 18.3999996, -59.3898849487
52.969635, 18.3999996, -59.4078865051
53.8094635, 18.3999996, -59.4249916077
54.649292, 18.3999996, -59.4416923523
55.4891167, 18.3999996, -59.4584579468
56.3289452, 18.3999996, -59.4757614136
57.1687737, 18.3999996, -59.4940948486
58.0086021, 18.3999996, -59.5139770508
58.8484306, 18.3999996, -59.5359954834
59.6882591, 18.3999996, -59.5608139038
60.5280876, 18.3999996, -59.5892219543
61.3679123, 18.3999996, -59.622177124
62.2077408, 18.3999996, -59.660861969
63.0475693, 18.3999996, -59.7067718506
63.8873978, 18.3999996, -59.7618370056
64.7272263, 18.3999996, -59.8286056519
65.5670547, 18.3999996, -59.9105873108
66.4068832, 18.3999996, -60.0137901306
67.2467117, 18.3999996, -60.1506881714
68.0865402, 18.3999996, -60.3176765442
68.9263687, 18.3999996, -60.5205154419
69.7661972, 18.3999996, -60.7669410706
70.6060181, 18.3999996, -61.0670013428
71.4458466, 18.3999996, -61.4335746765
72.285675, 18.3999996, -61.8829650879
73.1255035, 18.3999996, -62.4357070923
73.965332, 18.3999996, -63.1176300049
74.8051605, 18.3999996, -63.9624710083
75.644989, 18.3999996, -64.953956604
76.4848175, 18.3999996, -66.090927124
77.324646, 18.3999996, -67.4100875854
78.1644745, 18.3999996, -68.9083480835
79.004303, 18.3999996, -70.5901870728
79.8441315, 18.3999996, -72.4574966431
80.68396, 18.3999996, -74.5170059204
81.5237885, 18.3999996, -76.7762908936
82.3636093, 18.3999996, -79.2430725098
83.2034378, 18.3999996, -81.942817688
84.0432663, 18.3999996, -84.8430099487
84.8830948, 18.3999996, -87.8733901978
85.7229233, 18.3999996, -91.0119171143
86.5627518, 18.3999996, -94.2827835083
87.4025803, 18.3999996, -97.6901168823
88.2424088, 18.3999996, -101.258956909
89.0822372, 18.3999996, -104.997718811
89.9220657, 18.3999996, -108.885215759
90.7618942, 18.3999996, -112.942054749
91.6017227, 18.3999996, -117.200126648
92.4415512, 18.3999996, -121.698226929
93.2813797, 18.3999996, -126.475914001
94.1212006, 18.3999996, -131.566177368
94.9610291, 18.3999996, -137.041534424
95.8008575, 18.3999996, -142.984176636
96.640686, 18.3999996, -149.498626709
97.4805145, 18.3999996, -156.736633301
98.320343, 18.3999996, -164.871490479
99.1601715, 18.3999996, -174.013549805
23.6775913, 19.2000008, -51.6346244812
24.5071831, 19.2000008, -52.3436813354
25.3367748, 19.2000008, -53.1657600403
26.1663647, 19.2000008, -54.0164375305
26.9959564, 19.2000008, -54.8494377136
27.8255482, 19.2000008, -55.6435775757
28.6551399, 19.2000008, -56.395652771
29.4847317, 19.2000008, -57.102180481
30.3143234, 19.2000008, -57.7523803711
31.1439133, 19.2000008, -58.3417701721
31.973505, 19.2000008, -58.8708076477
32.8030968, 19.2000008, -59.3423614502
33.6326866, 19.2000008, -59.764213562
34.4622803, 19.2000008, -60.1633720398
35.2918701, 19.2000008, -60.5502433777
36.1214638, 19.2000008, -60.906829834
36.9510536, 19.2000008, -61.2276153564
37.7806435, 19.2000008, -61.5117950439
38.6102371, 19.2000008, -61.7608528137
39.439827, 19.2000008, -61.9773788452
40.2694206, 19.2000008, -62.1644668579
41.0990105, 19.2000008, -62.3253211975
41.9286003, 19.2000008, -62.4630889893
42.758194, 19.2000008, -62.5807228088
43.5877838, 19.2000008, -62.6809501648
44.4173775, 19.2000008, -62.7662353516
45.2469673, 19.2000008, -62.8387680054
46.076561, 19.2000008, -62.9005012512
46.9061508, 19.2000008, -62.9531440735
47.7357407, 19.2000008, -62.9981956482
48.5653343, 19.2000008, -63.0369567871
49.3949242, 19.2000008, -63.07056427
50.2245178, 19.2000008, -63.1000099182
51.0541077, 19.2000008, -63.1261520386
51.8836975, 19.2000008, -63.1497650146
52.7132912, 19.2000008, -63.1715202332
53.542881, 19.2000008, -63.1920433044
54.3724747, 19.2000008, -63.2119102478
55.2020645, 19.2000008, -63.2316703796
56.0316544, 19.2000008, -63.2518730164
56.861248, 19.2000008, -63.2730712891
57.6908379, 19.2000008, -63.2958564758
58.5204315, 19.2000008, -63.3208847046
59.3500214, 19.2000008, -63.3488845825
60.1796112, 19.2000008, -63.3807182312
61.0092049, 19.2000008, -63.417427063
61.8387947, 19.2000008, -63.4602737427
62.6683884, 19.2000008, -63.5108566284
63.4979782, 19.2000008, -63.5712051392
64.3275681, 19.2000008, -63.6439323425
65.1571579, 19.2000008, -63.7323951721
65.9867554, 19.2000008, -63.8408126831
66.8163452, 19.2000008, -63.9731559753
67.6459351, 19.2000008, -64.1264190674
68.4755249, 19.2000008, -64.3109893799
69.3051147, 19.2000008, -64.5342559814
70.1347122, 19.2000008, -64.8050994873
70.9643021, 19.2000008, -65.1346893311
71.7938919, 19.2000008, -65.5368347168
72.6234818, 19.2000008, -66.0283126831
73.4530716, 19.2000008, -66.6286315918
74.2826691, 19.2000008, -67.3585281372
75.1122589, 19.2000008, -68.2292098999
75.9418488, 19.2000008, -69.2480697632
76.7714386, 19.2000008, -70.4279785156
77.6010361, 19.2000008, -71.7748260498
78.4306259, 19.2000008, -73.2957763672
79.2602158, 19.2000008, -74.9995574951
80.0898056, 19.2000008, -76.898109436
80.9193954, 19.2000008, -79.0069503784
81.7489929, 19.2000008, -81.3523788452
82.5785828, 19.2000008, -83.9274597168
83.4081726, 19.2000008, -86.6881408691
84.2377625, 19.2000008, -89.5512390137
85.0673523, 19.2000008, -92.5399551392
85.8969498, 19.2000008, -95.6538314819
86.7265396, 19.2000008, -98.9027557373
87.5561295, 19.2000008, -102.316223145
88.3857193, 19.2000008, -105.883804321
89.2153091, 19.2000008, -109.586135864
90.0449066, 19.2000008, -113.438919067
90.8744965, 19.2000008, -117.467697144
91.7040863, 19.2000008, -121.706916809
92.5336761, 19.2000008, -126.192527771
93.363266, 19.2000008, -130.946182251
94.1928635, 19.2000008, -136.030990601
95.0224533, 19.2000008, -141.513198853
95.8520432, 19.2000008, -147.488464355
96.681633, 19.2000008, -154.084777832
97.5112228, 19.2000008, -161.49571228
98.3408203, 19.2000008, -169.998779297
99.1704102, 19.2000008, -180.202011108
