100.0, 0.0, -2.80511926589e-41
0.0, 0.0, -2.58225451604e-38
-20.0, 0.0, 0.0
-20.0, -20.0, 200.0
100.0, -20.0, 200.0
100.0, 20.0, -200.0
23.7999992, 20.0, -57.0022354126
98.9247284, 0.0, 0.0505447126925
97.8494644, 0.0, 0.100071303546
96.7741928, 0.0, 0.148029357195
95.6989212, 0.0, 0.193914219737
94.6236572, 0.0, 0.237316712737
93.5483856, 0.0, 0.277941137552
92.4731216, 0.0, 0.315602779388
91.39785, 0.0, 0.350219339132
90.3225784, 0.0, 0.381794214249
89.2473145, 0.0, 0.410401016474
88.1720428, 0.0, 0.436168164015
87.0967712, 0.0, 0.459262222052
86.0215073, 0.0, 0.479874789715
84.9462357, 0.0, 0.498210966587
83.8709641, 0.0, 0.514478683472
82.7957001, 0.0, 0.528882086277
81.7204285, 0.0, 0.541616439819
80.6451645, 0.0, 0.552864253521
79.5698929, 0.0, 0.562793970108
78.4946213, 0.0, 0.571558356285
77.4193573, 0.0, 0.579295158386
76.3440857, 0.0, 0.586128354073
75.2688141, 0.0, 0.592169225216
74.1935501, 0.0, 0.597517728806
73.1182785, 0.0, 0.60226303339
72.0430145, 0.0, 0.606483340263
70.9677429, 0.0, 0.610247194767
69.8924713, 0.0, 0.61361426115
68.8172073, 0.0, 0.616636633873
67.7419357, 0.0, 0.619360268116
66.6666641, 0.0, 0.621825277805
65.5914001, 0.0, 0.624067246914
64.5161285, 0.0, 0.62611758709
63.4408607, 0.0, 0.628004014492
62.365593, 0.0, 0.629751443863
61.2903214, 0.0, 0.631382167339
60.2150536, 0.0, 0.632916390896
59.1397858, 0.0, 0.634372532368
58.064518, 0.0, 0.635767579079
56.9892464, 0.0, 0.637117624283
55.9139786, 0.0, 0.638437747955
54.8387108, 0.0, 0.639742493629
53.7634392, 0.0, 0.641046226025
52.6881714, 0.0, 0.642363011837
51.6129036, 0.0, 0.643707096577
50.5376358, 0.0, 0.645093142986
49.4623642, 0.0, 0.64653635025
48.3870964, 0.0, 0.648052573204
47.3118286, 0.0, 0.649658799171
46.2365608, 0.0, 0.651373147964
45.1612892, 0.0, 0.653215348721
44.0860214, 0.0, 0.655206620693
43.0107536, 0.0, 0.657370388508
41.935482, 0.0, 0.659732162952
40.8602142, 0.0, 0.66231995821
39.7849464, 0.0, 0.665164470673
38.7096786, 0.0, 0.668299376965
37.634407, 0.0, 0.671761453152
36.5591393, 0.0, 0.675590693951
35.4838715, 0.0, 0.679830670357
34.4086037, 0.0, 0.684528410435
33.3333321, 0.0, 0.689734756947
32.2580643, 0.0, 0.695504128933
31.1827965, 0.0, 0.701894819736
30.1075268, 0.0, 0.708969473839
29.032259, 0.0, 0.716797113419
27.9569893, 0.0, 0.725458145142
26.8817196, 0.0, 0.735051095486
25.8064518, 0.0, 0.745698213577
24.7311821, 0.0, 0.757550001144
23.6559143, 0.0, 0.770791471004
22.5806446, 0.0, 0.785654008389
21.5053768, 0.0, 0.802433133125
20.4301071, 0.0, 0.821516096592
19.3548393, 0.0, 0.843424975872
18.2795696, 0.0, 0.868881642818
17.2043018, 0.0, 0.898896276951
16.1290321, 0.0, 0.934887707233
15.0537634, 0.0, 0.978866159916
13.9784946, 0.0, 1.0337407589
12.9032259, 0.0, 1.10384488106
11.8279572, 0.0, 1.19585072994
10.7526884, 0.0, 1.32036709785
9.67741966, 0.0, 1.49463474751
8.60215092, 0.0, 1.74667167664
7.52688169, 0.0, 2.12073612213
6.45161295, 0.0, 2.68345475197
5.3763442, 0.0, 3.53018856049
4.30107546, 0.0, 4.78791666031
3.22580647, 0.0, 6.60629081726
2.15053773, 0.0, 8.9992017746
1.07526886, 0.0, 9.33444404602
-1.05263162, 0.0, -8.56189157807e-39
-2.10526323, 0.0, -8.32748797615e-39
-3.15789485, 0.0, -8.20999190252e-39
-4.21052647, 0.0, -8.1418439556e-39
-5.26315784, 0.0, -8.09805898378e-39
-6.3157897, 0.0, -8.06785119279e-39
-7.36842108, 0.0, -8.04585921469e-39
-8.42105293, 0.0, -8.02912630973e-39
-9.47368431, 0.0, -8.01592888079e-39
-10.5263157, 0.0, -8.00518232287e-39
-11.5789471, 0.0, -7.99618598672e-39
-12.6315794, 0.0, -7.98843680622e-39
-13.6842108, 0.0, -7.98161388399e-39
-14.7368422, 0.0, -7.97545797984e-39
-15.7894735, 0.0, -7.96978272106e-39
-16.8421059, 0.0, -7.96440313625e-39
-17.8947372, 0.0, -7.95920431895e-39
-18.9473686, 0.0, -7.95400690295e-39
-20.0, -1.0, 10.0
-20.0, -2.0, 20.0
-20.0, -3.0, 30.0
-20.0, -4.0, 40.0
-20.0, -5.0, 50.0
-20.0, -6.0, 60.0
-20.0, -7.0, 70.0
-20.0, -8.0, 80.0
-20.0, -9.0, 90.0
-20.0, -10.0, 100.0
-20.0, -11.0, 110.0
-20.0, -12.0, 120.0
-20.0, -13.0, 130.0
-20.0, -14.0, 140.0
-20.0, -15.0, 150.0
-20.0, -16.0, 160.0
-20.0, -17.0, 170.0
-20.0, -18.0, 180.0
-20.0, -19.0, 190.0
-18.9285717, -20.0, 200.064086914
-17.8571434, -20.0, 200.128234863
-16.7857151, -20.0, 200.192657471
-15.7142859, -20.0, 200.257522583
-14.6428576, -20.0, 200.322982788
-13.5714283, -20.0, 200.389160156
-12.5, -20.0, 200.456085205
-11.4285717, -20.0, 200.523773193
-10.3571424, -20.0, 200.592132568
-9.28571415, -20.0, 200.660964966
-8.21428585, -20.0, 200.729980469
-7.14285707, -20.0, 200.798782349
-6.07142878, -20.0, 200.866882324
-5.0, -20.0, 200.933685303
-3.92857146, -20.0, 200.998474121
-2.85714293, -20.0, 201.06048584
-1.78571427, -20.0, 201.118972778
-0.714285731, -20.0, 201.173110962
0.357142866, -20.0, 201.222183228
1.42857146, -20.0, 201.265548706
2.5, -20.0, 201.30267334
3.57142854, -20.0, 201.333221436
4.64285707, -20.0, 201.357009888
5.71428585, -20.0, 201.374038696
6.78571415, -20.0, 201.384506226
7.85714293, -20.0, 201.388748169
8.9285717, -20.0, 201.387252808
10.0, -20.0, 201.380584717
11.0714283, -20.0, 201.369400024
12.1428576, -20.0, 201.3543396
13.2142859, -20.0, 201.336120605
14.2857141, -20.0, 201.315353394
15.3571424, -20.0, 201.292648315
16.4285717, -20.0, 201.268569946
17.5, -20.0, 201.24357605
18.5714283, -20.0, 201.218093872
19.6428566, -20.0, 201.192474365
20.7142849, -20.0, 201.166992188
21.7857151, -20.0, 201.141921997
22.8571434, -20.0, 201.117401123
23.9285717, -20.0, 201.093597412
25.0, -20.0, 201.070602417
26.0714283, -20.0, 201.048477173
27.1428566, -20.0, 201.027282715
28.2142849, -20.0, 201.007034302
29.2857151, -20.0, 200.987731934
30.3571434, -20.0, 200.96937561
31.4285717, -20.0, 200.951950073
32.5, -20.0, 200.935424805
33.5714302, -20.0, 200.919754028
34.6428566, -20.0, 200.904907227
35.7142868, -20.0, 200.890853882
36.7857132, -20.0, 200.877532959
37.8571434, -20.0, 200.864929199
38.9285698, -20.0, 200.852966309
40.0, -20.0, 200.841598511
41.0714302, -20.0, 200.830810547
42.1428566, -20.0, 200.820541382
43.2142868, -20.0, 200.81072998
44.2857132, -20.0, 200.801361084
45.3571434, -20.0, 200.792373657
46.4285698, -20.0, 200.783737183
47.5, -20.0, 200.775405884
48.5714302, -20.0, 200.767318726
49.6428566, -20.0, 200.759475708
50.7142868, -20.0, 200.751815796
51.7857132, -20.0, 200.744293213
52.8571434, -20.0, 200.736877441
53.9285698, -20.0, 200.729537964
55.0, -20.0, 200.722229004
56.0714302, -20.0, 200.714920044
57.1428566, -20.0, 200.707580566
58.2142868, -20.0, 200.700149536
59.2857132, -20.0, 200.692611694
60.3571434, -20.0, 200.684921265
61.4285698, -20.0, 200.677047729
62.5, -20.0, 200.668945312
63.5714302, -20.0, 200.660583496
64.6428604, -20.0, 200.651931763
65.7142868, -20.0, 200.642944336
66.7857132, -20.0, 200.633575439
67.8571396, -20.0, 200.623794556
68.9285736, -20.0, 200.613586426
70.0, -20.0, 200.602874756
71.0714264, -20.0, 200.591644287
72.1428604, -20.0, 200.579849243
73.2142868, -20.0, 200.567459106
74.2857132, -20.0, 200.554443359
75.3571396, -20.0, 200.540740967
76.4285736, -20.0, 200.526351929
77.5, -20.0, 200.51121521
78.5714264, -20.0, 200.495315552
79.6428604, -20.0, 200.478607178
80.7142868, -20.0, 200.461090088
81.7857132, -20.0, 200.442718506
82.8571396, -20.0, 200.423477173
83.9285736, -20.0, 200.40335083
85.0, -20.0, 200.382339478
86.0714264, -20.0, 200.360427856
87.1428604, -20.0, 200.337615967
88.2142868, -20.0, 200.313903809
89.2857132, -20.0, 200.289291382
90.3571396, -20.0, 200.263809204
91.4285736, -20.0, 200.237472534
92.5, -20.0, 200.21031189
93.5714264, -20.0, 200.182342529
94.6428604, -20.0, 200.153610229
95.7142868, -20.0, 200.124145508
96.7857132, -20.0, 200.094009399
97.8571396, -20.0, 200.063232422
98.9285736, -20.0, 200.03187561
100.0, -19.0, 190.0
100.0, -18.0, 180.0
100.0, -17.0, 170.0
100.0, -16.0, 160.0
100.0, -15.0, 150.0
100.0, -14.0, 140.0
100.0, -13.0, 130.0
100.0, -12.0, 120.0
100.0, -11.0, 110.0
100.0, -10.0, 100.0
100.0, -9.0, 90.0
100.0, -8.0, 80.0
100.0, -7.0, 70.0
100.0, -6.0, 60.0
100.0, -5.0, 50.0
100.0, -4.0, 40.0
100.0, -3.0, 30.0
100.0, -2.0, 20.0
100.0, -1.0, 10.0
100.0, 0.800000012, -8.0
100.0, 1.60000002, -16.0
100.0, 2.4000001, -24.0
100.0, 3.20000005, -32.0
100.0, 4.0, -40.0
100.0, 4.80000019, -48.0
100.0, 5.5999999, -56.0
100.0, 6.4000001, -64.0
100.0, 7.19999981, -72.0
100.0, 8.0, -80.0
100.0, 8.80000019, -88.0
100.0, 9.60000038, -96.0
100.0, 10.3999996, -104.0
100.0, 11.1999998, -112.0
100.0, 12.0, -120.0
100.0, 12.8000002, -128.0
100.0, 13.6000004, -136.0
100.0, 14.3999996, -144.0
100.0, 15.1999998, -152.0
100.0, 16.0, -160.0
100.0, 16.7999992, -168.0
100.0, 17.6000004, -176.0
100.0, 18.3999996, -184.0
100.0, 19.2000008, -192.0
99.1806488, 20.0, -168.412628174
98.36129, 20.0, -150.519607544
97.5419388, 20.0, -136.962081909
96.72258, 20.0, -126.227844238
95.9032288, 20.0, -117.477531433
95.0838699, 20.0, -110.146003723
94.2645187, 20.0, -103.939239502
93.4451599, 20.0, -98.7048339844
92.6258087, 20.0, -94.295211792
91.8064499, 20.0, -90.4551315308
90.9870987, 20.0, -87.1150360107
90.1677399, 20.0, -84.2346954346
89.3483887, 20.0, -81.7825546265
88.5290298, 20.0, -79.750579834
87.7096786, 20.0, -78.1565475464
86.8903198, 20.0, -76.8346481323
86.0709686, 20.0, -75.716178894
85.2516098, 20.0, -74.7589874268
84.4322586, 20.0, -73.9396362305
83.6128998, 20.0, -73.2286529541
82.7935486, 20.0, -72.6078338623
81.9741898, 20.0, -72.0601654053
81.1548386, 20.0, -71.5760726929
80.3354874, 20.0, -71.146987915
79.5161285, 20.0, -70.7670669556
78.6967773, 20.0, -70.4314575195
77.8774185, 20.0, -70.1355895996
77.0580673, 20.0, -69.8752822876
76.2387085, 20.0, -69.6465606689
75.4193573, 20.0, -69.4457855225
74.5999985, 20.0, -69.2696380615
73.7806473, 20.0, -69.1151885986
72.9612885, 20.0, -68.9798202515
72.1419373, 20.0, -68.8611907959
71.3225784, 20.0, -68.7572174072
70.5032272, 20.0, -68.666053772
69.6838684, 20.0, -68.5860671997
68.8645172, 20.0, -68.5158233643
68.0451584, 20.0, -68.4540710449
67.2258072, 20.0, -68.3997039795
66.4064484, 20.0, -68.3517684937
65.5870972, 20.0, -68.3094329834
64.7677383, 20.0, -68.2719726562
63.9483871, 20.0, -68.2387390137
63.1290321, 20.0, -68.2091674805
62.3096771, 20.0, -68.1827697754
61.4903221, 20.0, -68.1590957642
60.6709671, 20.0, -68.1377639771
59.8516121, 20.0, -68.1184158325
59.0322571, 20.0, -68.100730896
58.2129021, 20.0, -68.0844268799
57.3935471, 20.0, -68.069229126
56.574192, 20.0, -68.0548934937
55.754837, 20.0, -68.0411834717
54.935482, 20.0, -68.0278701782
54.1161308, 20.0, -68.0147399902
53.2967758, 20.0, -68.0015640259
52.4774208, 20.0, -67.9881210327
51.6580658, 20.0, -67.9741744995
50.8387108, 20.0, -67.9594726562
50.0193558, 20.0, -67.9437561035
49.2000008, 20.0, -67.9267196655
48.3806458, 20.0, -67.9080352783
47.5612907, 20.0, -67.887336731
46.7419357, 20.0, -67.8641967773
45.9225807, 20.0, -67.8381195068
45.1032257, 20.0, -67.808555603
44.2838707, 20.0, -67.774848938
43.4645157, 20.0, -67.7362136841
42.6451607, 20.0, -67.6917419434
41.8258057, 20.0, -67.64037323
41.0064507, 20.0, -67.5808181763
40.1870956, 20.0, -67.5115661621
39.3677406, 20.0, -67.4308319092
38.5483856, 20.0, -67.3364715576
37.7290306, 20.0, -67.2259750366
36.9096756, 20.0, -67.0963821411
36.0903244, 20.0, -66.9442138672
35.2709694, 20.0, -66.7654037476
34.4516144, 20.0, -66.5552139282
33.6322594, 20.0, -66.3081817627
32.8129044, 20.0, -66.0180206299
31.9935474, 20.0, -65.6775665283
31.1741943, 20.0, -65.2787246704
30.3548393, 20.0, -64.8124542236
29.5354843, 20.0, -64.2687911987
28.7161293, 20.0, -63.6369743347
27.8967743, 20.0, -62.9057426453
27.0774193, 20.0, -62.0640525818
26.2580643, 20.0, -61.1026382446
25.4387093, 20.0, -60.0181236267
24.6193542, 20.0, -58.8275642395
22.8479996, 19.2000008, -56.1622085571
21.8959999, 18.3999996, -55.476272583
20.9440002, 17.6000004, -54.8312339783
19.9920006, 16.7999992, -54.1881599426
19.0400009, 16.0, -53.4988365173
18.0879993, 15.1999998, -52.723575592
17.1359997, 14.3999996, -51.8105125427
16.184, 13.6000004, -50.6914825439
15.2320004, 12.8000002, -49.3010292053
14.2799997, 12.0, -47.5913581848
13.3280001, 11.1999998, -45.5631637573
12.3760004, 10.3999996, -43.3019523621
11.4239998, 9.60000038, -41.0457077026
10.4720001, 8.80000019, -39.5301780701
9.52000046, 8.0, -38.39686203
8.56799984, 7.19999981, -37.2442970276
7.61600018, 6.4000001, -35.4220466614
6.66400003, 5.5999999, -32.299030304
5.71199989, 4.80000019, -27.6418476105
4.76000023, 4.0, -21.7063884735
3.80800009, 3.20000005, -15.0926380157
2.85599995, 2.4000001, -7.34804439545
1.90400004, 1.60000002, 3.44445681572
0.952000022, 0.800000012, 9.09781551361
98.9249268, -1.0, 10.0477209091
97.8498459, -1.0, 10.094499588
96.7747726, -1.0, 10.1398925781
95.6996918, -1.0, 10.1834955215
94.6246185, -1.0, 10.2249650955
93.5495377, -1.0, 10.2640428543
92.4744644, -1.0, 10.3005533218
91.3993835, -1.0, 10.334403038
90.3243103, -1.0, 10.3655662537
89.2492294, -1.0, 10.3940839767
88.1741562, -1.0, 10.4200410843
87.0990753, -1.0, 10.4435596466
86.0240021, -1.0, 10.4647893906
84.9489212, -1.0, 10.4838933945
83.873848, -1.0, 10.501042366
82.7987747, -1.0, 10.5164089203
81.7236938, -1.0, 10.5301599503
80.6486206, -1.0, 10.5424556732
79.5735397, -1.0, 10.553445816
78.4984665, -1.0, 10.5632686615
77.4233856, -1.0, 10.5720529556
76.3483124, -1.0, 10.5799121857
75.2732315, -1.0, 10.5869541168
74.1981583, -1.0, 10.5932712555
73.1230774, -1.0, 10.5989513397
72.0480042, -1.0, 10.6040697098
70.9729233, -1.0, 10.6086950302
69.89785, -1.0, 10.6128864288
68.8227692, -1.0, 10.6166982651
67.7476959, -1.0, 10.620177269
66.6726227, -1.0, 10.6233654022
65.5975418, -1.0, 10.6263017654
64.5224686, -1.0, 10.6290178299
63.4473877, -1.0, 10.6315460205
62.3723106, -1.0, 10.6339130402
61.2972336, -1.0, 10.6361436844
60.2221565, -1.0, 10.6382608414
59.1470833, -1.0, 10.6402854919
58.0720062, -1.0, 10.6422386169
56.9969292, -1.0, 10.6441364288
55.9218521, -1.0, 10.6459989548
54.8467751, -1.0, 10.6478424072
53.771698, -1.0, 10.6496839523
52.6966209, -1.0, 10.6515417099
51.6215439, -1.0, 10.653429985
50.5464668, -1.0, 10.6553688049
49.4713898, -1.0, 10.657374382
48.3963127, -1.0, 10.6594667435
47.3212357, -1.0, 10.6616640091
46.2461586, -1.0, 10.6639890671
45.1710815, -1.0, 10.6664619446
44.0960045, -1.0, 10.6691093445
43.0209312, -1.0, 10.6719551086
41.9458542, -1.0, 10.6750297546
40.8707771, -1.0, 10.6783638
39.7957001, -1.0, 10.6819896698
38.720623, -1.0, 10.6859455109
37.645546, -1.0, 10.6902713776
36.5704689, -1.0, 10.6950101852
35.4953918, -1.0, 10.700211525
34.4203148, -1.0, 10.7059259415
33.3452377, -1.0, 10.7122116089
32.2701607, -1.0, 10.7191305161
31.1950836, -1.0, 10.7267513275
30.1200085, -1.0, 10.7351512909
29.0449314, -1.0, 10.7444190979
27.9698544, -1.0, 10.7546577454
26.8947773, -1.0, 10.7659921646
25.8197002, -1.0, 10.7785758972
24.7446232, -1.0, 10.7925977707
23.6695461, -1.0, 10.8082923889
22.594471, -1.0, 10.8259553909
21.5193939, -1.0, 10.8459653854
20.4443169, -1.0, 10.8688173294
19.3692398, -1.0, 10.8951673508
18.2941628, -1.0, 10.9259023666
17.2190857, -1.0, 10.9622278214
16.1440086, -1.0, 11.0058059692
15.0689325, -1.0, 11.0589504242
13.9938555, -1.0, 11.1249322891
12.9187784, -1.0, 11.2084693909
11.8437023, -1.0, 11.3164892197
10.7686253, -1.0, 11.4592819214
9.6935482, -1.0, 11.6521377563
8.61847115, -1.0, 11.9172887802
7.54339457, -1.0, 12.2855329514
6.46831799, -1.0, 12.796005249
5.39324141, -1.0, 13.4901819229
4.31816435, -1.0, 14.3892202377
3.24308753, -1.0, 15.4141778946
2.16801071, -1.0, 16.0333538055
1.09293389, -1.0, 14.9044246674
0.0178571437, -1.0, 12.8895740509
-1.03571427, -1.0, 11.103723526
-2.08928561, -1.0, 10.6346216202
-3.14285707, -1.0, 10.4165401459
-4.19642878, -1.0, 10.2975692749
-5.25, -1.0, 10.2243013382
-6.30357122, -1.0, 10.1753978729
-7.35714293, -1.0, 10.1407155991
-8.41071415, -1.0, 10.1149139404
-9.46428585, -1.0, 10.0949430466
-10.5178576, -1.0, 10.0789518356
-11.5714283, -1.0, 10.0657577515
-12.625, -1.0, 10.0545711517
-13.6785717, -1.0, 10.04484272
-14.7321424, -1.0, 10.0361776352
-15.7857141, -1.0, 10.0282773972
-16.8392849, -1.0, 10.0209083557
-17.8928566, -1.0, 10.0138731003
-18.9464283, -1.0, 10.006983757
98.9251175, -2.0, 20.0453186035
97.8502274, -2.0, 20.089761734
96.7753448, -2.0, 20.1329669952
95.7004623, -2.0, 20.1745986938
94.6255798, -2.0, 20.2143726349
93.5506897, -2.0, 20.2520637512
92.4758072, -2.0, 20.2875080109
91.4009247, -2.0, 20.3206100464
90.3260345, -2.0, 20.3513298035
89.251152, -2.0, 20.3796787262
88.1762695, -2.0, 20.4057159424
87.1013794, -2.0, 20.4295272827
86.0264969, -2.0, 20.4512271881
84.9516144, -2.0, 20.4709453583
83.8767319, -2.0, 20.488822937
82.8018417, -2.0, 20.5050029755
81.7269592, -2.0, 20.5196266174
80.6520767, -2.0, 20.5328350067
79.5771866, -2.0, 20.5447597504
78.5023041, -2.0, 20.5555267334
77.4274216, -2.0, 20.5652523041
76.3525314, -2.0, 20.5740432739
75.2776489, -2.0, 20.5819988251
74.2027664, -2.0, 20.5892066956
73.1278839, -2.0, 20.5957508087
72.0529938, -2.0, 20.6017036438
70.9781113, -2.0, 20.6071338654
69.9032288, -2.0, 20.6121006012
68.8283386, -2.0, 20.6166553497
67.7534561, -2.0, 20.6208515167
66.6785736, -2.0, 20.6247272491
65.6036835, -2.0, 20.6283245087
64.528801, -2.0, 20.6316795349
63.4539185, -2.0, 20.6348228455
62.3790321, -2.0, 20.6377849579
61.3041458, -2.0, 20.6405925751
60.2292633, -2.0, 20.6432723999
59.154377, -2.0, 20.6458473206
58.0794945, -2.0, 20.6483383179
57.0046082, -2.0, 20.6507663727
55.9297218, -2.0, 20.6531543732
54.8548393, -2.0, 20.6555194855
53.779953, -2.0, 20.6578826904
52.7050705, -2.0, 20.6602649689
51.6301842, -2.0, 20.6626815796
50.5552979, -2.0, 20.6651554108
49.4804153, -2.0, 20.6677055359
48.405529, -2.0, 20.6703529358
47.3306465, -2.0, 20.673122406
46.2557602, -2.0, 20.6760349274
45.1808739, -2.0, 20.6791172028
44.1059914, -2.0, 20.6823959351
43.031105, -2.0, 20.6858978271
41.9562225, -2.0, 20.689655304
40.8813362, -2.0, 20.6937026978
39.8064499, -2.0, 20.6980762482
38.7315674, -2.0, 20.7028141022
37.6566811, -2.0, 20.7079639435
36.5817986, -2.0, 20.7135677338
35.5069122, -2.0, 20.7196807861
34.4320259, -2.0, 20.7263584137
33.3571434, -2.0, 20.7336654663
32.2822571, -2.0, 20.7416706085
31.2073727, -2.0, 20.7504501343
30.1324883, -2.0, 20.7600955963
29.0576038, -2.0, 20.7707099915
27.9827194, -2.0, 20.7824134827
26.907835, -2.0, 20.7953529358
25.8329487, -2.0, 20.8097057343
24.7580643, -2.0, 20.8256893158
23.6831799, -2.0, 20.8435783386
22.6082954, -2.0, 20.8637123108
21.533411, -2.0, 20.8865280151
20.4585247, -2.0, 20.9125862122
19.3836403, -2.0, 20.9426231384
18.3087559, -2.0, 20.9776115417
17.2338715, -2.0, 21.0188446045
16.158987, -2.0, 21.068069458
15.0841017, -2.0, 21.1276531219
14.0092163, -2.0, 21.200838089
12.9343319, -2.0, 21.2921123505
11.8594475, -2.0, 21.4077033997
10.7845621, -2.0, 21.5562000275
9.7096777, -2.0, 21.7491931915
8.63479233, -2.0, 22.0015258789
7.55990791, -2.0, 22.3303031921
6.48502302, -2.0, 22.7507534027
5.41013813, -2.0, 23.2648296356
4.33525324, -2.0, 23.8330593109
3.26036859, -2.0, 24.3062286377
2.18548393, -2.0, 24.3557929993
1.11059904, -2.0, 23.7839221954
0.0357142873, -2.0, 22.7430992126
-1.01879704, -2.0, 21.7686519623
-2.07330823, -2.0, 21.1095294952
-3.12781954, -2.0, 20.7664318085
-4.18233061, -2.0, 20.5619125366
-5.23684216, -2.0, 20.43019104
-6.29135323, -2.0, 20.339717865
-7.34586477, -2.0, 20.2743263245
-8.40037632, -2.0, 20.2250270844
-9.45488739, -2.0, 20.186498642
-10.5093985, -2.0, 20.155424118
-11.5639095, -2.0, 20.1296424866
-12.6184206, -2.0, 20.1076889038
-13.6729326, -2.0, 20.0885334015
-14.7274437, -2.0, 20.071428299
-15.7819548, -2.0, 20.055803299
-16.8364658, -2.0, 20.0412139893
-17.8909779, -2.0, 20.0272789001
-18.945488, -2.0, 20.0136566162
98.9253082, -3.0, 30.0432682037
97.8506165, -3.0, 30.0857162476
96.7759247, -3.0, 30.127040863
95.7012253, -3.0, 30.1669692993
94.6265335, -3.0, 30.2052555084
93.5518417, -3.0, 30.2417068481
92.47715, -3.0, 30.2761745453
91.4024582, -3.0, 30.3085651398
90.3277664, -3.0, 30.3388309479
89.2530746, -3.0, 30.3669643402
88.1783829, -3.0, 30.3930015564
87.1036835, -3.0, 30.4170055389
86.0289917, -3.0, 30.4390583038
84.9542999, -3.0, 30.4592666626
83.8796082, -3.0, 30.4777431488
82.8049164, -3.0, 30.4946060181
81.7302246, -3.0, 30.5099773407
80.6555328, -3.0, 30.523979187
79.5808334, -3.0, 30.5367279053
78.5061417, -3.0, 30.5483341217
77.4314499, -3.0, 30.5589046478
76.3567581, -3.0, 30.5685348511
75.2820663, -3.0, 30.5773200989
74.2073746, -3.0, 30.5853443146
73.1326828, -3.0, 30.5926837921
72.057991, -3.0, 30.5994110107
70.9832916, -3.0, 30.6055908203
69.9085999, -3.0, 30.6112823486
68.8339081, -3.0, 30.6165370941
67.7592163, -3.0, 30.6214065552
66.6845245, -3.0, 30.6259326935
65.6098328, -3.0, 30.6301593781
64.535141, -3.0, 30.6341190338
63.4604454, -3.0, 30.6378498077
62.3857536, -3.0, 30.6413803101
61.311058, -3.0, 30.6447429657
60.2363663, -3.0, 30.6479606628
59.1616745, -3.0, 30.6510639191
58.0869827, -3.0, 30.6540737152
57.0122871, -3.0, 30.6570129395
55.9375954, -3.0, 30.6599063873
54.8629036, -3.0, 30.662776947
53.7882118, -3.0, 30.665643692
52.7135162, -3.0, 30.6685276031
51.6388245, -3.0, 30.6714553833
50.5641327, -3.0, 30.6744441986
49.4894409, -3.0, 30.6775188446
48.4147453, -3.0, 30.6807022095
47.3400536, -3.0, 30.6840209961
46.2653618, -3.0, 30.6874980927
45.19067, -3.0, 30.6911640167
44.1159744, -3.0, 30.6950454712
43.0412827, -3.0, 30.699174881
41.9665909, -3.0, 30.703584671
40.8918953, -3.0, 30.7083110809
39.8172035, -3.0, 30.713394165
38.7425117, -3.0, 30.7188777924
37.66782, -3.0, 30.7248039246
36.5931244, -3.0, 30.7312259674
35.5184326, -3.0, 30.738199234
34.4437408, -3.0, 30.7457828522
33.3690491, -3.0, 30.7540473938
32.2943535, -3.0, 30.7630672455
31.2196617, -3.0, 30.7729263306
30.1449699, -3.0, 30.7837257385
29.0702763, -3.0, 30.7955780029
27.9955845, -3.0, 30.8086166382
26.9208908, -3.0, 30.8230056763
25.846199, -3.0, 30.8389358521
24.7715054, -3.0, 30.8566493988
23.6968117, -3.0, 30.8764381409
22.6221199, -3.0, 30.8986721039
21.5474262, -3.0, 30.9238128662
20.4727345, -3.0, 30.9524555206
19.3980408, -3.0, 30.9853572845
18.323349, -3.0, 31.0235061646
17.2486553, -3.0, 31.0681858063
16.1739635, -3.0, 31.1210803986
15.0992708, -3.0, 31.1844024658
14.0245771, -3.0, 31.2610740662
12.9498844, -3.0, 31.3549308777
11.8751917, -3.0, 31.4709625244
10.800499, -3.0, 31.6154766083
9.72580624, -3.0, 31.7960205078
8.65111351, -3.0, 32.0206184387
7.57642078, -3.0, 32.2955589294
6.50172806, -3.0, 32.6203079224
5.42703533, -3.0, 32.9772186279
4.35234261, -3.0, 33.3131980896
3.27764988, -3.0, 33.5211029053
2.20295691, -3.0, 33.4731330872
1.12826419, -3.0, 33.1079750061
0.0535714291, -3.0, 32.5144309998
-1.00187969, -3.0, 31.8888835907
-2.05733085, -3.0, 31.3742237091
-3.112782, -3.0, 31.0115871429
-4.16823292, -3.0, 30.7700996399
-5.22368431, -3.0, 30.6033592224
-6.27913523, -3.0, 30.4837379456
-7.33458662, -3.0, 30.3946800232
-8.39003754, -3.0, 30.3261108398
-9.44548893, -3.0, 30.271686554
-10.5009403, -3.0, 30.227273941
-11.5563908, -3.0, 30.1900901794
-12.6118422, -3.0, 30.158203125
-13.6672935, -3.0, 30.1302280426
-14.722744, -3.0, 30.105140686
-15.7781954, -3.0, 30.0821552277
-16.8336468, -3.0, 30.0606460571
-17.8890972, -3.0, 30.0400905609
-18.9445496, -3.0, 30.0200214386
98.925499, -4.0, 40.0415115356
97.8509979, -4.0, 40.082244873
96.7764969, -4.0, 40.1219520569
95.7019958, -4.0, 40.1604003906
94.6274948, -4.0, 40.1973838806
93.5529938, -4.0, 40.2327308655
92.4784927, -4.0, 40.2663116455
91.4039917, -4.0, 40.2980384827
90.3294907, -4.0, 40.3278503418
89.2549896, -4.0, 40.3557434082
88.1804886, -4.0, 40.3817253113
87.1059875, -4.0, 40.4058418274
86.0314865, -4.0, 40.4281616211
84.9569855, -4.0, 40.4487571716
83.8824921, -4.0, 40.4677238464
82.807991, -4.0, 40.4851608276
81.73349, -4.0, 40.5011749268
80.658989, -4.0, 40.5158615112
79.5844879, -4.0, 40.5293312073
78.5099869, -4.0, 40.541683197
77.4354858, -4.0, 40.5530052185
76.3609848, -4.0, 40.5633964539
75.2864838, -4.0, 40.572933197
74.2119827, -4.0, 40.581703186
73.1374817, -4.0, 40.5897712708
72.0629807, -4.0, 40.5972137451
70.9884796, -4.0, 40.6040878296
69.9139786, -4.0, 40.6104545593
68.8394775, -4.0, 40.6163635254
67.7649765, -4.0, 40.6218643188
66.6904755, -4.0, 40.6270027161
65.6159744, -4.0, 40.6318206787
64.5414734, -4.0, 40.6363563538
63.4669724, -4.0, 40.6406440735
62.3924713, -4.0, 40.6447181702
61.3179741, -4.0, 40.6486053467
60.2434731, -4.0, 40.6523399353
59.168972, -4.0, 40.6559448242
58.094471, -4.0, 40.659450531
57.0199699, -4.0, 40.6628837585
55.9454689, -4.0, 40.6662597656
54.8709679, -4.0, 40.6696128845
53.7964668, -4.0, 40.6729621887
52.7219658, -4.0, 40.6763305664
51.6474648, -4.0, 40.6797447205
50.5729637, -4.0, 40.6832275391
49.4984627, -4.0, 40.6868057251
48.4239616, -4.0, 40.6905021667
47.3494606, -4.0, 40.6943473816
46.2749634, -4.0, 40.6983642578
45.2004623, -4.0, 40.702583313
44.1259613, -4.0, 40.7070426941
43.0514603, -4.0, 40.7117652893
41.9769592, -4.0, 40.716796875
40.9024582, -4.0, 40.7221679688
39.8279572, -4.0, 40.7279205322
38.7534561, -4.0, 40.7341041565
37.6789551, -4.0, 40.7407646179
36.604454, -4.0, 40.7479553223
35.529953, -4.0, 40.7557296753
34.455452, -4.0, 40.7641601562
33.3809509, -4.0, 40.7733154297
32.3064499, -4.0, 40.7832717896
31.2319508, -4.0, 40.794128418
30.1574497, -4.0, 40.8059806824
29.0829487, -4.0, 40.8189506531
28.0084476, -4.0, 40.8331871033
26.9339485, -4.0, 40.8488540649
25.8594475, -4.0, 40.8661613464
24.7849464, -4.0, 40.8853492737
23.7104454, -4.0, 40.9067268372
22.6359444, -4.0, 40.9306640625
21.5614433, -4.0, 40.9576339722
20.4869423, -4.0, 40.9882202148
19.4124432, -4.0, 41.0231590271
18.3379421, -4.0, 41.0633926392
17.2634411, -4.0, 41.1101112366
16.18894, -4.0, 41.1648292542
15.114439, -4.0, 41.2294654846
14.0399389, -4.0, 41.3064308167
12.9654379, -4.0, 41.3987197876
11.8909369, -4.0, 41.5099067688
10.8164358, -4.0, 41.6440429688
9.74193573, -4.0, 41.8051452637
8.66743469, -4.0, 41.9960823059
7.59293413, -4.0, 42.2162437439
6.51843309, -4.0, 42.4574203491
5.44393253, -4.0, 42.6974716187
4.3694315, -4.0, 42.8937644958
3.29493093, -4.0, 42.9857368469
2.22043014, -4.0, 42.9163627625
1.14592934, -4.0, 42.6685943604
0.0714285746, -4.0, 42.2863235474
-0.984962404, -4.0, 41.8636169434
-2.04135346, -4.0, 41.4732971191
-3.09774446, -4.0, 41.1567230225
-4.15413523, -4.0, 40.9166870117
-5.21052647, -4.0, 40.7376747131
-6.26691723, -4.0, 40.6023445129
-7.32330847, -4.0, 40.497833252
-8.37969971, -4.0, 40.4151916504
-9.43609047, -4.0, 40.3482666016
-10.4924812, -4.0, 40.2928123474
-11.548872, -4.0, 40.2458305359
-12.6052628, -4.0, 40.2051582336
-13.6616545, -4.0, 40.1692085266
-14.7180452, -4.0, 40.1367874146
-15.774436, -4.0, 40.1069564819
-16.8308277, -4.0, 40.0789642334
-17.8872185, -4.0, 40.0521697998
-18.9436092, -4.0, 40.0260238647
98.9256897, -5.0, 50.0400009155
97.8513794, -5.0, 50.0792617798
96.7770767, -5.0, 50.1175689697
95.7027664, -5.0, 50.1547279358
94.6284561, -5.0, 50.1905670166
93.5541458, -5.0, 50.2249336243
92.4798355, -5.0, 50.2577171326
91.4055328, -5.0, 50.2888259888
90.3312225, -5.0, 50.3182067871
89.2569122, -5.0, 50.3458404541
88.1826019, -5.0, 50.3717346191
87.1082916, -5.0, 50.3959083557
86.033989, -5.0, 50.4184150696
84.9596786, -5.0, 50.4393196106
83.8853683, -5.0, 50.4586868286
82.811058, -5.0, 50.4766082764
81.7367477, -5.0, 50.4931678772
80.6624451, -5.0, 50.5084533691
79.5881348, -5.0, 50.5225524902
78.5138245, -5.0, 50.5355606079
77.4395142, -5.0, 50.5475578308
76.3652039, -5.0, 50.5586280823
75.2909012, -5.0, 50.5688476562
74.2165909, -5.0, 50.5782928467
73.1422806, -5.0, 50.5870285034
72.0679703, -5.0, 50.5951271057
70.99366, -5.0, 50.6026420593
69.9193573, -5.0, 50.6096305847
68.845047, -5.0, 50.6161499023
67.7707367, -5.0, 50.6222419739
66.6964264, -5.0, 50.6279563904
65.6221161, -5.0, 50.6333312988
64.5478134, -5.0, 50.6384048462
63.4735031, -5.0, 50.6432189941
62.3991928, -5.0, 50.6478042603
61.3248863, -5.0, 50.6521949768
60.250576, -5.0, 50.6564178467
59.1762657, -5.0, 50.6605033875
58.1019592, -5.0, 50.6644821167
57.0276489, -5.0, 50.6683769226
55.9533424, -5.0, 50.6722183228
54.8790321, -5.0, 50.6760292053
53.8047218, -5.0, 50.6798400879
52.7304153, -5.0, 50.6836700439
51.656105, -5.0, 50.6875495911
50.5817986, -5.0, 50.6915054321
49.5074883, -5.0, 50.6955604553
48.4331779, -5.0, 50.6997451782
47.3588715, -5.0, 50.7040863037
46.2845612, -5.0, 50.7086181641
45.2102547, -5.0, 50.7133674622
44.1359444, -5.0, 50.7183685303
43.0616341, -5.0, 50.7236557007
41.9873276, -5.0, 50.7292671204
40.9130173, -5.0, 50.735244751
39.8387108, -5.0, 50.7416305542
38.7644005, -5.0, 50.7484741211
37.690094, -5.0, 50.7558174133
36.6157837, -5.0, 50.7637214661
35.5414734, -5.0, 50.7722473145
34.4671669, -5.0, 50.7814598083
33.3928566, -5.0, 50.7914352417
32.3185501, -5.0, 50.8022499084
31.2442398, -5.0, 50.8140068054
30.1699314, -5.0, 50.8268051147
29.095623, -5.0, 50.8407783508
28.0213127, -5.0, 50.8560638428
26.9470043, -5.0, 50.8728370667
25.8726959, -5.0, 50.8913078308
24.7983875, -5.0, 50.9117126465
23.7240791, -5.0, 50.9343605042
22.6497688, -5.0, 50.9596138
21.5754604, -5.0, 50.9879188538
20.501152, -5.0, 51.0198249817
19.4268436, -5.0, 51.056022644
18.3525352, -5.0, 51.0973510742
17.2782249, -5.0, 51.1448478699
16.2039165, -5.0, 51.1997947693
15.1296082, -5.0, 51.2637367249
14.0552998, -5.0, 51.3385124207
12.9809904, -5.0, 51.4262390137
11.906682, -5.0, 51.5291748047
10.8323736, -5.0, 51.6494636536
9.75806427, -5.0, 51.7885055542
8.68375587, -5.0, 51.9458618164
7.609447, -5.0, 52.1174354553
6.53513813, -5.0, 52.2928886414
5.46082926, -5.0, 52.4528541565
4.38652086, -5.0, 52.5681877136
3.31221199, -5.0, 52.6047897339
2.23790312, -5.0, 52.5358390808
1.16359448, -5.0, 52.3565979004
0.0892857164, -5.0, 52.0913085938
-0.968045115, -5.0, 51.7896232605
-2.02537584, -5.0, 51.4920272827
-3.08270669, -5.0, 51.2283630371
-4.14003754, -5.0, 51.0098724365
-5.19736862, -5.0, 50.8344955444
-6.25469923, -5.0, 50.6946487427
-7.31202984, -5.0, 50.5822944641
-8.36936092, -5.0, 50.4907608032
-9.42669201, -5.0, 50.4149208069
-10.4840221, -5.0, 50.350944519
-11.5413532, -5.0, 50.2959671021
-12.5986843, -5.0, 50.2478408813
-13.6560154, -5.0, 50.2049293518
-14.7133455, -5.0, 50.1659545898
-15.7706766, -5.0, 50.1299095154
-16.8280067, -5.0, 50.0959587097
-17.8853378, -5.0, 50.0634002686
-18.9426689, -5.0, 50.0316047668
98.9258804, -6.0, 60.0387001038
97.8517685, -6.0, 60.0766830444
96.7776489, -6.0, 60.1137809753
95.7035294, -6.0, 60.1498184204
94.6294174, -6.0, 60.1846542358
93.5552979, -6.0, 60.2181549072
92.4811859, -6.0, 60.2502174377
91.4070663, -6.0, 60.2807617188
90.3329468, -6.0, 60.3097343445
89.2588348, -6.0, 60.3371124268
88.1847153, -6.0, 60.3628883362
87.1105957, -6.0, 60.3870811462
86.0364838, -6.0, 60.4097251892
84.9623642, -6.0, 60.4308662415
83.8882523, -6.0, 60.4505653381
82.8141327, -6.0, 60.4688911438
81.7400131, -6.0, 60.485912323
80.6659012, -6.0, 60.5017127991
79.5917816, -6.0, 60.516368866
78.517662, -6.0, 60.5299530029
77.4435501, -6.0, 60.5425491333
76.3694305, -6.0, 60.5542259216
75.2953186, -6.0, 60.5650596619
74.221199, -6.0, 60.5751190186
73.1470795, -6.0, 60.5844650269
72.0729675, -6.0, 60.5931587219
70.998848, -6.0, 60.6012649536
69.9247284, -6.0, 60.608833313
68.8506165, -6.0, 60.6159133911
67.7764969, -6.0, 60.6225547791
66.7023773, -6.0, 60.6288032532
65.6282654, -6.0, 60.6346969604
64.5541458, -6.0, 60.6402816772
63.4800301, -6.0, 60.6455879211
62.4059143, -6.0, 60.6506538391
61.3317986, -6.0, 60.6555137634
60.257679, -6.0, 60.6601982117
59.1835632, -6.0, 60.6647377014
58.1094475, -6.0, 60.6691627502
57.0353317, -6.0, 60.673500061
55.9612122, -6.0, 60.6777801514
54.8870964, -6.0, 60.6820297241
53.8129807, -6.0, 60.6862754822
52.7388649, -6.0, 60.6905441284
51.6647453, -6.0, 60.6948661804
50.5906296, -6.0, 60.6992645264
49.5165138, -6.0, 60.7037734985
48.4423981, -6.0, 60.7084197998
47.3682785, -6.0, 60.7132339478
46.2941628, -6.0, 60.7182502747
45.220047, -6.0, 60.7234954834
44.1459312, -6.0, 60.7290077209
43.0718117, -6.0, 60.7348251343
41.9976959, -6.0, 60.7409858704
40.9235802, -6.0, 60.7475318909
39.8494606, -6.0, 60.7545089722
38.7753448, -6.0, 60.7619590759
37.7012291, -6.0, 60.7699432373
36.6271133, -6.0, 60.7785072327
35.5529938, -6.0, 60.7877235413
34.478878, -6.0, 60.7976531982
33.4047623, -6.0, 60.8083724976
32.3306465, -6.0, 60.8199691772
31.2565289, -6.0, 60.8325309753
30.1824112, -6.0, 60.8461761475
29.1082954, -6.0, 60.8610191345
28.0341778, -6.0, 60.8772087097
26.960062, -6.0, 60.8949165344
25.8859444, -6.0, 60.9143409729
24.8118286, -6.0, 60.9357147217
23.737711, -6.0, 60.9593276978
22.6635952, -6.0, 60.9855194092
21.5894775, -6.0, 61.0146980286
20.5153618, -6.0, 61.0473632812
19.4412441, -6.0, 61.0841178894
18.3671284, -6.0, 61.1256752014
17.2930107, -6.0, 61.1728935242
16.218895, -6.0, 61.2267875671
15.1447773, -6.0, 61.2885131836
14.0706606, -6.0, 61.3593521118
12.9965439, -6.0, 61.4406204224
11.9224272, -6.0, 61.5335083008
10.8483105, -6.0, 61.6387290955
9.77419376, -6.0, 61.7559738159
8.70007706, -6.0, 61.8830490112
7.62595987, -6.0, 62.0146636963
6.55184317, -6.0, 62.1411437988
5.47772646, -6.0, 62.2476272583
4.40360975, -6.0, 62.3149909973
3.32949305, -6.0, 62.3236961365
2.25537634, -6.0, 62.260307312
1.18125963, -6.0, 62.1240272522
0.107142858, -6.0, 61.929058075
-0.951127827, -6.0, 61.7039718628
-2.00939846, -6.0, 61.472454071
-3.06766915, -6.0, 61.2550506592
-4.12593985, -6.0, 61.0631103516
-5.1842103, -6.0, 60.8997192383
-6.24248123, -6.0, 60.7629051208
-7.30075169, -6.0, 60.648651123
-8.35902214, -6.0, 60.5526809692
-9.41729355, -6.0, 60.4712219238
-10.475564, -6.0, 60.4011650085
-11.5338345, -6.0, 60.3400230408
-12.5921049, -6.0, 60.2858352661
-13.6503763, -6.0, 60.2370300293
-14.7086468, -6.0, 60.1923599243
-15.7669172, -6.0, 60.1507987976
-16.8251877, -6.0, 60.1114845276
-17.8834591, -6.0, 60.073677063
-18.9417286, -6.0, 60.0367202759
98.9260788, -7.0, 70.0375747681
97.85215, -7.0, 70.0744552612
96.7782288, -7.0, 70.1105041504
95.7042999, -7.0, 70.1455688477
94.6303787, -7.0, 70.1795196533
93.5564499, -7.0, 70.2122573853
92.4825287, -7.0, 70.2436752319
91.4085999, -7.0, 70.2737045288
90.3346786, -7.0, 70.3022994995
89.2607498, -7.0, 70.3294219971
88.1868286, -7.0, 70.3550720215
87.1128998, -7.0, 70.3792495728
86.0389786, -7.0, 70.4019851685
84.9650574, -7.0, 70.4233169556
83.8911285, -7.0, 70.4432830811
82.8172073, -7.0, 70.4619445801
81.7432785, -7.0, 70.4793701172
80.6693573, -7.0, 70.4956130981
79.5954285, -7.0, 70.5107498169
78.5215073, -7.0, 70.5248413086
77.4475784, -7.0, 70.5379714966
76.3736572, -7.0, 70.5501937866
75.2997284, -7.0, 70.5615768433
74.2258072, -7.0, 70.5721817017
73.1518784, -7.0, 70.5820846558
72.0779572, -7.0, 70.5913238525
71.0040359, -7.0, 70.5999679565
69.9301071, -7.0, 70.6080627441
68.8561859, -7.0, 70.6156692505
67.7822571, -7.0, 70.6228179932
66.7083359, -7.0, 70.6295547485
65.634407, -7.0, 70.6359405518
64.5604858, -7.0, 70.6419906616
63.4865608, -7.0, 70.6477584839
62.4126358, -7.0, 70.6532821655
61.3387108, -7.0, 70.6585769653
60.2647858, -7.0, 70.6636962891
59.1908607, -7.0, 70.6686630249
58.1169357, -7.0, 70.6735076904
57.0430107, -7.0, 70.6782608032
55.9690857, -7.0, 70.6829528809
54.8951607, -7.0, 70.6876144409
53.8212357, -7.0, 70.6922683716
52.7473106, -7.0, 70.6969528198
51.6733856, -7.0, 70.7016830444
50.5994606, -7.0, 70.7065048218
49.5255394, -7.0, 70.71144104
48.4516144, -7.0, 70.7165222168
47.3776894, -7.0, 70.7217788696
46.3037643, -7.0, 70.7272491455
45.2298393, -7.0, 70.7329559326
44.1559143, -7.0, 70.7389526367
43.0819893, -7.0, 70.745262146
42.0080643, -7.0, 70.7519378662
40.9341393, -7.0, 70.7590103149
39.8602142, -7.0, 70.7665328979
38.7862892, -7.0, 70.7745513916
37.7123642, -7.0, 70.7831192017
36.6384392, -7.0, 70.7922973633
35.564518, -7.0, 70.8021392822
34.490593, -7.0, 70.8127212524
33.4166679, -7.0, 70.8241119385
32.3427429, -7.0, 70.8364028931
31.2688179, -7.0, 70.8496856689
30.1948929, -7.0, 70.8640670776
29.1209679, -7.0, 70.8796615601
28.0470428, -7.0, 70.8966140747
26.9731178, -7.0, 70.9150848389
25.8991928, -7.0, 70.9352645874
24.8252697, -7.0, 70.9573745728
23.7513447, -7.0, 70.9816665649
22.6774197, -7.0, 71.0084533691
21.6034946, -7.0, 71.0381011963
20.5295696, -7.0, 71.0710296631
19.4556446, -7.0, 71.1077423096
18.3817196, -7.0, 71.1488265991
17.3077965, -7.0, 71.1949386597
16.2338715, -7.0, 71.2468338013
15.1599464, -7.0, 71.3052902222
14.0860214, -7.0, 71.3711090088
13.0120964, -7.0, 71.4449539185
11.9381723, -7.0, 71.5271987915
10.8642473, -7.0, 71.6176223755
9.7903223, -7.0, 71.7149429321
8.71639824, -7.0, 71.8162536621
7.64247322, -7.0, 71.9163360596
6.5685482, -7.0, 72.0071334839
5.49462366, -7.0, 72.0778121948
4.42069912, -7.0, 72.1159133911
3.3467741, -7.0, 72.1098937988
2.27284956, -7.0, 72.0526885986
1.19892478, -7.0, 71.9447174072
0.125, -7.0, 71.7947540283
-0.934210539, -7.0, 71.6203384399
-1.99342108, -7.0, 71.4359741211
-3.05263162, -7.0, 71.2557601929
-4.11184216, -7.0, 71.0891418457
-5.17105246, -7.0, 70.9406356812
-6.23026323, -7.0, 70.8110046387
-7.28947353, -7.0, 70.6988449097
-8.34868431, -7.0, 70.6018295288
-9.40789509, -7.0, 70.5174865723
-10.4671049, -7.0, 70.4435043335
-11.5263157, -7.0, 70.3778915405
-12.5855265, -7.0, 70.318977356
-13.6447372, -7.0, 70.2653503418
-14.7039471, -7.0, 70.2158508301
-15.7631578, -7.0, 70.1694946289
-16.8223686, -7.0, 70.1254425049
-17.8815784, -7.0, 70.0829467773
-18.9407902, -7.0, 70.041343689
98.9262695, -8.0, 80.0365982056
97.8525314, -8.0, 80.0725250244
96.778801, -8.0, 80.1076583862
95.7050705, -8.0, 80.1418762207
94.63134, -8.0, 80.1750564575
93.5576019, -8.0, 80.2071151733
92.4838715, -8.0, 80.2379608154
91.410141, -8.0, 80.2675323486
90.3364029, -8.0, 80.2957687378
89.2626724, -8.0, 80.3226547241
88.188942, -8.0, 80.3481750488
87.1152039, -8.0, 80.3723220825
86.0414734, -8.0, 80.3951187134
84.9677429, -8.0, 80.416595459
83.8940125, -8.0, 80.4367828369
82.8202744, -8.0, 80.4557266235
81.7465439, -8.0, 80.473487854
80.6728134, -8.0, 80.4901123047
79.5990753, -8.0, 80.5056686401
78.5253448, -8.0, 80.5202102661
77.4516144, -8.0, 80.5338058472
76.3778839, -8.0, 80.5465087891
75.3041458, -8.0, 80.5583877563
74.2304153, -8.0, 80.5694961548
73.1566849, -8.0, 80.5798873901
72.0829468, -8.0, 80.5896224976
71.0092163, -8.0, 80.5987625122
69.9354858, -8.0, 80.6073379517
68.8617477, -8.0, 80.6154174805
67.7880173, -8.0, 80.6230316162
66.7142868, -8.0, 80.6302337646
65.6405563, -8.0, 80.6370544434
64.5668182, -8.0, 80.6435470581
63.4930878, -8.0, 80.6497421265
62.4193535, -8.0, 80.6556854248
61.345623, -8.0, 80.6613922119
60.2718887, -8.0, 80.6669158936
59.1981583, -8.0, 80.6722793579
58.124424, -8.0, 80.6775131226
57.0506897, -8.0, 80.6826553345
55.9769592, -8.0, 80.6877288818
54.9032249, -8.0, 80.692779541
53.8294945, -8.0, 80.6978149414
52.7557602, -8.0, 80.7028884888
51.6820259, -8.0, 80.7080078125
50.6082954, -8.0, 80.7132263184
49.5345612, -8.0, 80.7185592651
48.4608307, -8.0, 80.7240447998
47.3870964, -8.0, 80.7297134399
46.3133659, -8.0, 80.7356033325
45.2396317, -8.0, 80.7417449951
44.1658974, -8.0, 80.7481842041
43.0921669, -8.0, 80.7549591064
42.0184326, -8.0, 80.7621002197
40.9447021, -8.0, 80.7696609497
39.8709679, -8.0, 80.7776870728
38.7972336, -8.0, 80.7862243652
37.7235031, -8.0, 80.7953338623
36.6497688, -8.0, 80.8050613403
35.5760384, -8.0, 80.8154754639
34.5023041, -8.0, 80.8266448975
33.4285698, -8.0, 80.8386383057
32.3548393, -8.0, 80.8515472412
31.281105, -8.0, 80.8654556274
30.2073727, -8.0, 80.8804702759
29.1336403, -8.0, 80.896697998
28.0599079, -8.0, 80.9142837524
26.9861755, -8.0, 80.9333648682
25.9124432, -8.0, 80.9541168213
24.8387089, -8.0, 80.9767379761
23.7649765, -8.0, 81.0014648438
22.6912441, -8.0, 81.0285491943
21.6175117, -8.0, 81.0583114624
20.5437794, -8.0, 81.0910949707
19.470047, -8.0, 81.1272964478
18.3963127, -8.0, 81.1673660278
17.3225803, -8.0, 81.211769104
16.248848, -8.0, 81.2610168457
15.1751156, -8.0, 81.3155822754
14.1013823, -8.0, 81.3758468628
13.0276499, -8.0, 81.4419937134
11.9539175, -8.0, 81.5138397217
10.8801842, -8.0, 81.5905990601
9.8064518, -8.0, 81.6705474854
8.73271847, -8.0, 81.7506866455
7.65898609, -8.0, 81.8263931274
6.58525324, -8.0, 81.8913269043
5.51152086, -8.0, 81.9377365112
4.43778801, -8.0, 81.9574203491
3.3640554, -8.0, 81.9433746338
2.29032254, -8.0, 81.8917007446
1.21658981, -8.0, 81.8031387329
0.142857149, -8.0, 81.6833648682
-0.917293251, -8.0, 81.5437011719
-1.97744358, -8.0, 81.3934020996
-3.03759408, -8.0, 81.2422332764
-4.09774446, -8.0, 81.0975952148
-5.15789461, -8.0, 80.9639511108
-6.21804523, -8.0, 80.8432159424
-7.27819538, -8.0, 80.7354660034
-8.33834553, -8.0, 80.6397247314
-9.39849663, -8.0, 80.5545578003
-10.4586468, -8.0, 80.4784088135
-11.5187969, -8.0, 80.4097824097
-12.5789471, -8.0, 80.3473358154
-13.6390982, -8.0, 80.2898864746
-14.6992483, -8.0, 80.2363967896
-15.7593985, -8.0, 80.1859664917
-16.8195496, -8.0, 80.137802124
-17.8796997, -8.0, 80.0911865234
-18.9398499, -8.0, 80.0454559326
98.9264603, -9.0, 90.0357513428
97.8529205, -9.0, 90.070854187
96.7793808, -9.0, 90.1051940918
95.7058334, -9.0, 90.138671875
94.6322937, -9.0, 90.1711883545
93.558754, -9.0, 90.2026519775
92.4852142, -9.0, 90.2329864502
91.4116745, -9.0, 90.2621383667
90.3381348, -9.0, 90.2900619507
89.264595, -9.0, 90.3167266846
88.1910553, -9.0, 90.3421096802
87.1175079, -9.0, 90.3662109375
86.0439682, -9.0, 90.3890457153
84.9704285, -9.0, 90.4106369019
83.8968887, -9.0, 90.4309997559
82.823349, -9.0, 90.4501800537
81.7498093, -9.0, 90.4682312012
80.6762695, -9.0, 90.4851837158
79.6027298, -9.0, 90.5010986328
78.5291824, -9.0, 90.5160369873
77.4556427, -9.0, 90.5300445557
76.382103, -9.0, 90.5431747437
75.3085632, -9.0, 90.5554885864
74.2350235, -9.0, 90.5670394897
73.1614838, -9.0, 90.5778808594
72.087944, -9.0, 90.5880661011
71.0144043, -9.0, 90.5976409912
69.9408569, -9.0, 90.6066665649
68.8673172, -9.0, 90.6151733398
67.7937775, -9.0, 90.6232147217
66.7202377, -9.0, 90.6308288574
65.646698, -9.0, 90.6380691528
64.5731583, -9.0, 90.6449584961
63.4996147, -9.0, 90.651550293
62.426075, -9.0, 90.657875061
61.3525352, -9.0, 90.6639633179
60.2789955, -9.0, 90.6698532104
59.205452, -9.0, 90.6755905151
58.1319122, -9.0, 90.6811904907
57.0583725, -9.0, 90.6866912842
55.9848328, -9.0, 90.6921234131
54.9112892, -9.0, 90.6975250244
53.8377495, -9.0, 90.7029190063
52.7642097, -9.0, 90.7083511353
51.69067, -9.0, 90.7138366699
50.6171265, -9.0, 90.7194137573
49.5435867, -9.0, 90.725112915
48.470047, -9.0, 90.73097229
47.3965073, -9.0, 90.7370300293
46.3229637, -9.0, 90.743309021
45.249424, -9.0, 90.7498550415
44.1758842, -9.0, 90.7567062378
43.1023407, -9.0, 90.7638931274
42.028801, -9.0, 90.7714767456
40.9552612, -9.0, 90.7794799805
39.8817215, -9.0, 90.7879714966
38.8081779, -9.0, 90.7969818115
37.7346382, -9.0, 90.8065719604
36.6610985, -9.0, 90.8168029785
35.5875587, -9.0, 90.8277282715
34.5140152, -9.0, 90.8394241333
33.4404755, -9.0, 90.8519515991
32.3669357, -9.0, 90.8653945923
31.2933941, -9.0, 90.8798446655
30.2198544, -9.0, 90.8953933716
29.1463127, -9.0, 90.9121551514
28.072773, -9.0, 90.9302368164
26.9992313, -9.0, 90.9497833252
25.9256916, -9.0, 90.9709472656
24.85215, -9.0, 90.9939041138
23.7786102, -9.0, 91.0188369751
22.7050686, -9.0, 91.0459823608
21.6315289, -9.0, 91.0755767822
20.5579872, -9.0, 91.1078872681
19.4844475, -9.0, 91.1432266235
18.4109058, -9.0, 91.181892395
17.3373661, -9.0, 91.2242050171
16.2638245, -9.0, 91.2704391479
15.1902838, -9.0, 91.32081604
14.1167431, -9.0, 91.3754196167
13.0432024, -9.0, 91.4340744019
11.9696617, -9.0, 91.4962692261
10.896121, -9.0, 91.5609054565
9.82258034, -9.0, 91.6261520386
8.74903965, -9.0, 91.6892242432
7.67549944, -9.0, 91.7462615967
6.60195875, -9.0, 91.792388916
5.52841759, -9.0, 91.8220748901
4.4548769, -9.0, 91.8298416138
3.38133645, -9.0, 91.8113021851
2.30779576, -9.0, 91.764251709
1.23425496, -9.0, 91.6894302368
0.160714284, -9.0, 91.5906524658
-0.900375962, -9.0, 91.4755477905
-1.96146619, -9.0, 91.3502044678
-3.0225563, -9.0, 91.2215194702
-4.08364677, -9.0, 91.0951690674
-5.14473677, -9.0, 90.9750823975
-6.20582724, -9.0, 90.8634872437
-7.26691723, -9.0, 90.7612075806
-8.3280077, -9.0, 90.6681289673
-9.38909817, -9.0, 90.5835723877
-10.4501877, -9.0, 90.5065841675
-11.5112782, -9.0, 90.436126709
-12.5723686, -9.0, 90.3711853027
-13.6334591, -9.0, 90.310798645
-14.6945486, -9.0, 90.2540893555
-15.7556391, -9.0, 90.2002563477
-16.8167286, -9.0, 90.1485824585
-17.8778191, -9.0, 90.0983963013
-18.9389095, -9.0, 90.0490646362
98.926651, -10.0, 100.035018921
97.853302, -10.0, 100.069412231
96.779953, -10.0, 100.103065491
95.706604, -10.0, 100.135902405
94.633255, -10.0, 100.167823792
93.559906, -10.0, 100.198768616
92.486557, -10.0, 100.228660583
91.413208, -10.0, 100.257446289
90.339859, -10.0, 100.285079956
89.26651, -10.0, 100.311538696
88.193161, -10.0, 100.336791992
87.119812, -10.0, 100.360847473
86.0464706, -10.0, 100.38369751
84.9731216, -10.0, 100.40537262
83.8997726, -10.0, 100.425880432
82.8264236, -10.0, 100.445266724
81.7530746, -10.0, 100.463554382
80.6797256, -10.0, 100.480789185
79.6063766, -10.0, 100.497024536
78.5330276, -10.0, 100.512298584
77.4596786, -10.0, 100.526664734
76.3863297, -10.0, 100.540176392
75.3129807, -10.0, 100.552871704
74.2396317, -10.0, 100.564819336
73.1662827, -10.0, 100.576065063
72.0929337, -10.0, 100.586647034
71.0195847, -10.0, 100.596626282
69.9462357, -10.0, 100.606040955
68.8728867, -10.0, 100.614936829
67.7995377, -10.0, 100.62336731
66.7261887, -10.0, 100.631362915
65.6528397, -10.0, 100.638969421
64.5794907, -10.0, 100.646232605
63.5061455, -10.0, 100.653182983
62.4327965, -10.0, 100.659858704
61.3594475, -10.0, 100.666290283
60.2860985, -10.0, 100.672531128
59.2127495, -10.0, 100.678596497
58.1394005, -10.0, 100.684532166
57.0660515, -10.0, 100.690361023
55.9927025, -10.0, 100.696128845
54.9193535, -10.0, 100.701858521
53.8460045, -10.0, 100.707580566
52.7726593, -10.0, 100.71333313
51.6993103, -10.0, 100.719154358
50.6259613, -10.0, 100.725067139
49.5526123, -10.0, 100.731109619
48.4792633, -10.0, 100.737312317
47.4059143, -10.0, 100.743713379
46.3325653, -10.0, 100.750358582
45.2592163, -10.0, 100.757270813
44.1858673, -10.0, 100.76449585
43.1125183, -10.0, 100.772071838
42.0391693, -10.0, 100.780044556
40.9658203, -10.0, 100.788459778
39.8924713, -10.0, 100.797363281
38.8191261, -10.0, 100.806800842
37.7457771, -10.0, 100.816833496
36.6724281, -10.0, 100.827507019
35.5990791, -10.0, 100.838890076
34.5257301, -10.0, 100.851043701
33.4523811, -10.0, 100.86403656
32.3790321, -10.0, 100.877952576
31.3056831, -10.0, 100.892860413
30.2323341, -10.0, 100.908859253
29.158987, -10.0, 100.926040649
28.085638, -10.0, 100.944519043
27.012289, -10.0, 100.964408875
25.93894, -10.0, 100.985847473
24.865591, -10.0, 101.008972168
23.7922421, -10.0, 101.033943176
22.718895, -10.0, 101.060943604
21.645546, -10.0, 101.090156555
20.572197, -10.0, 101.121772766
19.498848, -10.0, 101.15599823
18.425499, -10.0, 101.193031311
17.35215, -10.0, 101.233032227
16.278801, -10.0, 101.276107788
15.2054529, -10.0, 101.322280884
14.1321049, -10.0, 101.371398926
13.0587559, -10.0, 101.423088074
11.9854069, -10.0, 101.476608276
10.9120588, -10.0, 101.530784607
9.83870983, -10.0, 101.583831787
8.76536083, -10.0, 101.633308411
7.69201231, -10.0, 101.676078796
6.61866379, -10.0, 101.708427429
5.54531479, -10.0, 101.726394653
4.47196627, -10.0, 101.726249695
3.39861751, -10.0, 101.705177307
2.32526875, -10.0, 101.661880493
1.2519201, -10.0, 101.597038269
0.178571433, -10.0, 101.513275146
-0.883458674, -10.0, 101.415931702
-1.94548869, -10.0, 101.309135437
-3.00751877, -10.0, 101.197845459
-4.06954908, -10.0, 101.086402893
-5.13157892, -10.0, 100.978096008
-6.19360924, -10.0, 100.875091553
-7.25563908, -10.0, 100.778541565
-8.31766891, -10.0, 100.688827515
-9.37969971, -10.0, 100.605773926
-10.4417295, -10.0, 100.528884888
-11.5037594, -10.0, 100.457504272
-12.5657892, -10.0, 100.390899658
-13.62782, -10.0, 100.328330994
-14.6898499, -10.0, 100.269081116
-15.7518797, -10.0, 100.212471008
-16.8139095, -10.0, 100.157852173
-17.8759403, -10.0, 100.104614258
-18.9379692, -10.0, 100.052185059
98.9268417, -11.0, 110.034393311
97.8536835, -11.0, 110.068161011
96.7805328, -11.0, 110.101226807
95.7073746, -11.0, 110.133506775
94.6342163, -11.0, 110.164924622
93.561058, -11.0, 110.195411682
92.4878998, -11.0, 110.224914551
91.4147491, -11.0, 110.253372192
90.3415909, -11.0, 110.280754089
89.2684326, -11.0, 110.307022095
88.1952744, -11.0, 110.33216095
87.1221161, -11.0, 110.356155396
86.0489655, -11.0, 110.379020691
84.9758072, -11.0, 110.400756836
83.9026489, -11.0, 110.421386719
82.8294907, -11.0, 110.440933228
81.75634, -11.0, 110.45942688
80.6831818, -11.0, 110.476905823
79.6100235, -11.0, 110.493408203
78.5368652, -11.0, 110.508979797
77.463707, -11.0, 110.523658752
76.3905563, -11.0, 110.537498474
75.3173981, -11.0, 110.550537109
74.2442398, -11.0, 110.562835693
73.1710815, -11.0, 110.574432373
72.0979233, -11.0, 110.585372925
71.0247726, -11.0, 110.595703125
69.9516144, -11.0, 110.60546875
68.8784561, -11.0, 110.614723206
67.8052979, -11.0, 110.623497009
66.7321396, -11.0, 110.631835938
65.658989, -11.0, 110.639778137
64.5858307, -11.0, 110.647369385
63.5126724, -11.0, 110.654640198
62.439518, -11.0, 110.661636353
61.3663597, -11.0, 110.668388367
60.2932014, -11.0, 110.674934387
59.220047, -11.0, 110.681312561
58.1468887, -11.0, 110.687545776
57.0737343, -11.0, 110.69367981
56.000576, -11.0, 110.699745178
54.9274178, -11.0, 110.7057724
53.8542633, -11.0, 110.711799622
52.781105, -11.0, 110.717849731
51.7079506, -11.0, 110.723968506
50.6347923, -11.0, 110.730186462
49.5616341, -11.0, 110.736534119
48.4884796, -11.0, 110.743049622
47.4153214, -11.0, 110.749778748
46.3421669, -11.0, 110.756736755
45.2690086, -11.0, 110.76398468
44.1958542, -11.0, 110.77154541
43.1226959, -11.0, 110.779472351
42.0495377, -11.0, 110.78780365
40.9763832, -11.0, 110.796585083
39.9032249, -11.0, 110.805854797
38.8300705, -11.0, 110.815681458
37.7569122, -11.0, 110.826095581
36.683754, -11.0, 110.837173462
35.6105995, -11.0, 110.848953247
34.5374413, -11.0, 110.86151123
33.4642868, -11.0, 110.874916077
32.3911285, -11.0, 110.889221191
31.3179722, -11.0, 110.904518127
30.2448158, -11.0, 110.920883179
29.1716595, -11.0, 110.938407898
28.0985031, -11.0, 110.957176208
27.0253448, -11.0, 110.977302551
25.9521885, -11.0, 110.998893738
24.8790321, -11.0, 111.022064209
23.8058758, -11.0, 111.046943665
22.7327194, -11.0, 111.073654175
21.6595631, -11.0, 111.102325439
20.5864048, -11.0, 111.133102417
19.5132484, -11.0, 111.16607666
18.4400921, -11.0, 111.20136261
17.3669357, -11.0, 111.238990784
16.2937794, -11.0, 111.278938293
15.2206221, -11.0, 111.32106781
14.1474657, -11.0, 111.365089417
13.0743084, -11.0, 111.410484314
12.001152, -11.0, 111.456428528
10.9279957, -11.0, 111.501739502
9.85483837, -11.0, 111.544799805
8.78168201, -11.0, 111.583518982
7.70852518, -11.0, 111.615371704
6.63536882, -11.0, 111.637550354
5.56221199, -11.0, 111.647163391
4.48905516, -11.0, 111.641654968
3.41589856, -11.0, 111.619140625
2.34274197, -11.0, 111.57888031
1.26958525, -11.0, 111.521408081
0.196428567, -11.0, 111.448638916
-0.866541326, -11.0, 111.364379883
-1.92951131, -11.0, 111.271530151
-2.99248123, -11.0, 111.173728943
-4.05545092, -11.0, 111.074295044
-5.11842108, -11.0, 110.97593689
-6.18139076, -11.0, 110.880622864
-7.24436092, -11.0, 110.789588928
-8.30733109, -11.0, 110.703453064
-9.37030029, -11.0, 110.622383118
-10.4332705, -11.0, 110.546211243
-11.4962406, -11.0, 110.474555969
-12.5592108, -11.0, 110.406936646
-13.62218, -11.0, 110.342811584
-14.6851501, -11.0, 110.281600952
-15.7481203, -11.0, 110.222747803
-16.8110905, -11.0, 110.16569519
-17.8740597, -11.0, 110.109901428
-18.9370308, -11.0, 110.054847717
98.9270325, -12.0, 120.033843994
97.8540726, -12.0, 120.067085266
96.781105, -12.0, 120.099639893
95.7081375, -12.0, 120.131446838
94.6351776, -12.0, 120.16242218
93.5622101, -12.0, 120.192527771
92.4892502, -12.0, 120.221687317
91.4162827, -12.0, 120.249862671
90.3433151, -12.0, 120.277015686
89.2703552, -12.0, 120.303115845
88.1973877, -12.0, 120.328140259
87.1244202, -12.0, 120.352088928
86.0514603, -12.0, 120.374954224
84.9784927, -12.0, 120.396743774
83.9055328, -12.0, 120.41746521
82.8325653, -12.0, 120.437149048
81.7595978, -12.0, 120.455818176
80.6866379, -12.0, 120.473495483
79.6136703, -12.0, 120.490234375
78.5407028, -12.0, 120.506057739
77.4677429, -12.0, 120.521011353
76.3947754, -12.0, 120.535133362
75.3218155, -12.0, 120.548477173
74.248848, -12.0, 120.561073303
73.1758804, -12.0, 120.572975159
72.1029205, -12.0, 120.584228516
71.029953, -12.0, 120.59487915
69.9569855, -12.0, 120.604957581
68.8840256, -12.0, 120.614517212
67.811058, -12.0, 120.623603821
66.7380981, -12.0, 120.632240295
65.6651306, -12.0, 120.640487671
64.5921631, -12.0, 120.648376465
63.5191994, -12.0, 120.655937195
62.4462357, -12.0, 120.663223267
61.3732719, -12.0, 120.670257568
60.3003082, -12.0, 120.677078247
59.2273407, -12.0, 120.683731079
58.154377, -12.0, 120.690238953
57.0814133, -12.0, 120.696640015
56.0084496, -12.0, 120.702972412
54.935482, -12.0, 120.709274292
53.8625183, -12.0, 120.715560913
52.7895546, -12.0, 120.721885681
51.7165909, -12.0, 120.728279114
50.6436234, -12.0, 120.734764099
49.5706596, -12.0, 120.741394043
48.4976959, -12.0, 120.748191833
47.4247322, -12.0, 120.755203247
46.3517647, -12.0, 120.762458801
45.278801, -12.0, 120.769996643
44.2058372, -12.0, 120.777862549
43.1328735, -12.0, 120.786102295
42.059906, -12.0, 120.794746399
40.9869423, -12.0, 120.803848267
39.9139786, -12.0, 120.813453674
38.8410149, -12.0, 120.823616028
37.7680473, -12.0, 120.834373474
36.6950836, -12.0, 120.845794678
35.6221199, -12.0, 120.857925415
34.5491562, -12.0, 120.870834351
33.4761887, -12.0, 120.88457489
32.4032249, -12.0, 120.899223328
31.3302612, -12.0, 120.914840698
30.2572956, -12.0, 120.931495667
29.1843319, -12.0, 120.949279785
28.1113663, -12.0, 120.968269348
27.0384026, -12.0, 120.988548279
25.9654369, -12.0, 121.0102005
24.8924732, -12.0, 121.033317566
23.8195076, -12.0, 121.057998657
22.7465439, -12.0, 121.084327698
21.6735783, -12.0, 121.112373352
20.6006145, -12.0, 121.142219543
19.5276489, -12.0, 121.17389679
18.4546852, -12.0, 121.207420349
17.3817196, -12.0, 121.242729187
16.3087559, -12.0, 121.279708862
15.2357912, -12.0, 121.318099976
14.1628265, -12.0, 121.357521057
13.0898619, -12.0, 121.397369385
12.0168972, -12.0, 121.436820984
10.9439325, -12.0, 121.474746704
9.87096786, -12.0, 121.50970459
8.7980032, -12.0, 121.53993988
7.72503853, -12.0, 121.563438416
6.65207386, -12.0, 121.578041077
5.57910919, -12.0, 121.581642151
4.50614452, -12.0, 121.572410583
3.43317962, -12.0, 121.549102783
2.36021495, -12.0, 121.511253357
1.2872504, -12.0, 121.459335327
0.214285716, -12.0, 121.394721985
-0.849624038, -12.0, 121.320251465
-1.91353381, -12.0, 121.237991333
-2.9774437, -12.0, 121.150665283
-4.04135323, -12.0, 121.060852051
-5.10526323, -12.0, 120.970748901
-6.16917276, -12.0, 120.882087708
-7.23308277, -12.0, 120.796073914
-8.2969923, -12.0, 120.713447571
-9.36090183, -12.0, 120.634544373
-10.4248123, -12.0, 120.559432983
-11.4887218, -12.0, 120.487945557
-12.5526314, -12.0, 120.419784546
-13.6165409, -12.0, 120.354576111
-14.6804514, -12.0, 120.291893005
-15.7443609, -12.0, 120.231269836
-16.8082714, -12.0, 120.172233582
-17.8721809, -12.0, 120.114326477
-18.9360905, -12.0, 120.0570755
98.9272308, -13.0, 130.03338623
97.854454, -13.0, 130.066162109
96.7816849, -13.0, 130.09828186
95.7089081, -13.0, 130.129684448
94.6361389, -13.0, 130.160293579
93.5633621, -13.0, 130.190063477
92.490593, -13.0, 130.218933105
91.4178162, -13.0, 130.246856689
90.345047, -13.0, 130.27381897
89.2722702, -13.0, 130.29977417
88.199501, -13.0, 130.324707031
87.1267319, -13.0, 130.348602295
86.0539551, -13.0, 130.371459961
84.9811859, -13.0, 130.393280029
83.9084091, -13.0, 130.414077759
82.83564, -13.0, 130.433883667
81.7628632, -13.0, 130.452682495
80.690094, -13.0, 130.470550537
79.6173172, -13.0, 130.487472534
78.544548, -13.0, 130.503509521
77.4717712, -13.0, 130.518707275
76.3990021, -13.0, 130.533065796
75.3262253, -13.0, 130.546661377
74.2534561, -13.0, 130.559539795
73.180687, -13.0, 130.57170105
72.1079102, -13.0, 130.583236694
71.035141, -13.0, 130.594146729
69.9623642, -13.0, 130.604507446
68.889595, -13.0, 130.614334106
67.8168182, -13.0, 130.623687744
66.7440491, -13.0, 130.632598877
65.6712723, -13.0, 130.641113281
64.5985031, -13.0, 130.649246216
63.5257301, -13.0, 130.657073975
62.4529572, -13.0, 130.664611816
61.3801842, -13.0, 130.671890259
60.3074112, -13.0, 130.678955078
59.2346382, -13.0, 130.685852051
58.1618652, -13.0, 130.692611694
57.0890923, -13.0, 130.699249268
56.0163193, -13.0, 130.705825806
54.9435501, -13.0, 130.712356567
53.8707771, -13.0, 130.718887329
52.7980042, -13.0, 130.725448608
51.7252312, -13.0, 130.732070923
50.6524582, -13.0, 130.738800049
49.5796852, -13.0, 130.745681763
48.5069122, -13.0, 130.752731323
47.4341393, -13.0, 130.759979248
46.3613663, -13.0, 130.767501831
45.2885933, -13.0, 130.775299072
44.2158203, -13.0, 130.783432007
43.1430473, -13.0, 130.791946411
42.0702782, -13.0, 130.800872803
40.9975052, -13.0, 130.810256958
39.9247322, -13.0, 130.820144653
38.8519592, -13.0, 130.830596924
37.7791862, -13.0, 130.841659546
36.7064133, -13.0, 130.853378296
35.6336403, -13.0, 130.865814209
34.5608673, -13.0, 130.879013062
33.4880943, -13.0, 130.893051147
32.4153214, -13.0, 130.907958984
31.3425503, -13.0, 130.923843384
30.2697773, -13.0, 130.940734863
29.1970043, -13.0, 130.958709717
28.1242313, -13.0, 130.977844238
27.0514584, -13.0, 130.998214722
25.9786873, -13.0, 131.019866943
24.9059143, -13.0, 131.042861938
23.8331413, -13.0, 131.06729126
22.7603683, -13.0, 131.093170166
21.6875954, -13.0, 131.120559692
20.6148243, -13.0, 131.149459839
19.5420513, -13.0, 131.179855347
18.4692783, -13.0, 131.211685181
17.3965054, -13.0, 131.244827271
16.3237324, -13.0, 131.279083252
15.2509604, -13.0, 131.314117432
14.1781874, -13.0, 131.349487305
13.1054144, -13.0, 131.384567261
12.0326424, -13.0, 131.418563843
10.9598694, -13.0, 131.450408936
9.88709641, -13.0, 131.478851318
8.81432438, -13.0, 131.502441406
7.7415514, -13.0, 131.51953125
6.6687789, -13.0, 131.5284729
5.59600592, -13.0, 131.527679443
4.52323341, -13.0, 131.515838623
3.45046091, -13.0, 131.492111206
2.37768817, -13.0, 131.456176758
1.30491555, -13.0, 131.408462524
0.232142851, -13.0, 131.349990845
-0.832706749, -13.0, 131.282897949
-1.89755642, -13.0, 131.208724976
-2.96240592, -13.0, 131.129547119
-4.02725554, -13.0, 131.04737854
-5.09210539, -13.0, 130.964035034
-6.15695477, -13.0, 130.880996704
-7.22180462, -13.0, 130.7993927
-8.28665447, -13.0, 130.719985962
-9.35150337, -13.0, 130.643249512
-10.4163532, -13.0, 130.569335938
-11.4812031, -13.0, 130.498275757
-12.5460529, -13.0, 130.429916382
-13.6109018, -13.0, 130.364013672
-14.6757517, -13.0, 130.300231934
-15.7406015, -13.0, 130.238220215
-16.8054504, -13.0, 130.177612305
-17.8703003, -13.0, 130.117980957
-18.9351501, -13.0, 130.058914185
98.9274216, -14.0, 140.032989502
97.8548355, -14.0, 140.065383911
96.7822571, -14.0, 140.097137451
95.7096786, -14.0, 140.128204346
94.6371002, -14.0, 140.158493042
93.5645142, -14.0, 140.187973022
92.4919357, -14.0, 140.216598511
91.4193573, -14.0, 140.24432373
90.3467712, -14.0, 140.271118164
89.2741928, -14.0, 140.296936035
88.2016144, -14.0, 140.321792603
87.1290359, -14.0, 140.34564209
86.0564499, -14.0, 140.368484497
84.9838715, -14.0, 140.390350342
83.911293, -14.0, 140.411209106
82.838707, -14.0, 140.431091309
81.7661285, -14.0, 140.450027466
80.6935501, -14.0, 140.468017578
79.6209641, -14.0, 140.485122681
78.5483856, -14.0, 140.501342773
77.4758072, -14.0, 140.516723633
76.4032288, -14.0, 140.531295776
75.3306427, -14.0, 140.545120239
74.2580643, -14.0, 140.55821228
73.1854858, -14.0, 140.570602417
72.1128998, -14.0, 140.582366943
71.0403214, -14.0, 140.593521118
69.9677429, -14.0, 140.604110718
68.8951645, -14.0, 140.614181519
67.8225784, -14.0, 140.623764038
66.75, -14.0, 140.632904053
65.6774216, -14.0, 140.64163208
64.6048355, -14.0, 140.650009155
63.5322571, -14.0, 140.658050537
62.4596786, -14.0, 140.665802002
61.3870964, -14.0, 140.673294067
60.314518, -14.0, 140.680587769
59.2419357, -14.0, 140.687683105
58.1693535, -14.0, 140.694656372
57.0967751, -14.0, 140.701507568
56.0241928, -14.0, 140.708282471
54.9516144, -14.0, 140.715011597
53.8790321, -14.0, 140.721755981
52.8064499, -14.0, 140.728530884
51.7338715, -14.0, 140.735366821
50.6612892, -14.0, 140.74230957
49.5887108, -14.0, 140.749389648
48.5161285, -14.0, 140.756652832
47.4435501, -14.0, 140.764129639
46.3709679, -14.0, 140.771865845
45.2983856, -14.0, 140.779891968
44.2258072, -14.0, 140.788253784
43.1532249, -14.0, 140.79699707
42.0806465, -14.0, 140.806167603
41.0080643, -14.0, 140.815795898
39.935482, -14.0, 140.825942993
38.8629036, -14.0, 140.836639404
37.7903214, -14.0, 140.847946167
36.7177429, -14.0, 140.859924316
35.6451607, -14.0, 140.87260437
34.5725822, -14.0, 140.886047363
33.5, -14.0, 140.90032959
32.4274178, -14.0, 140.915466309
31.3548393, -14.0, 140.931549072
30.282259, -14.0, 140.948623657
29.2096767, -14.0, 140.966751099
28.1370964, -14.0, 140.985992432
27.0645161, -14.0, 141.006378174
25.9919357, -14.0, 141.02796936
24.9193554, -14.0, 141.050827026
23.8467751, -14.0, 141.074951172
22.7741928, -14.0, 141.100387573
21.7016125, -14.0, 141.127120972
20.6290321, -14.0, 141.15512085
19.5564518, -14.0, 141.184310913
18.4838715, -14.0, 141.214584351
17.4112911, -14.0, 141.245773315
16.3387089, -14.0, 141.277587891
15.2661295, -14.0, 141.309692383
14.1935482, -14.0, 141.341598511
13.1209679, -14.0, 141.372665405
12.0483875, -14.0, 141.402145386
10.9758062, -14.0, 141.42906189
9.9032259, -14.0, 141.452346802
8.83064556, -14.0, 141.470733643
7.75806475, -14.0, 141.482940674
6.68548393, -14.0, 141.487625122
5.61290312, -14.0, 141.483612061
4.54032278, -14.0, 141.469940186
3.46774197, -14.0, 141.445983887
2.39516139, -14.0, 141.411590576
1.3225807, -14.0, 141.36706543
0.25, -14.0, 141.313247681
-0.815789461, -14.0, 141.251739502
-1.88157892, -14.0, 141.183746338
-2.94736838, -14.0, 141.110870361
-4.01315784, -14.0, 141.034744263
-5.07894754, -14.0, 140.956848145
-6.14473677, -14.0, 140.878463745
-7.21052647, -14.0, 140.800628662
-8.27631569, -14.0, 140.724075317
-9.34210491, -14.0, 140.64932251
-10.4078951, -14.0, 140.576629639
-11.4736843, -14.0, 140.506134033
-12.5394735, -14.0, 140.437789917
-13.6052628, -14.0, 140.371444702
-14.6710529, -14.0, 140.306884766
-15.7368422, -14.0, 140.24382019
-16.8026314, -14.0, 140.181945801
-17.8684216, -14.0, 140.120941162
-18.9342098, -14.0, 140.060409546
98.9276123, -15.0, 150.032653809
97.8552246, -15.0, 150.064743042
96.7828369, -15.0, 150.096191406
95.7104492, -15.0, 150.126968384
94.6380539, -15.0, 150.156997681
93.5656662, -15.0, 150.186248779
92.4932785, -15.0, 150.214675903
91.4208908, -15.0, 150.242218018
90.3485031, -15.0, 150.268875122
89.2761154, -15.0, 150.29460144
88.2037277, -15.0, 150.319366455
87.13134, -15.0, 150.343185425
86.0589447, -15.0, 150.366027832
84.986557, -15.0, 150.387893677
83.9141693, -15.0, 150.408813477
82.8417816, -15.0, 150.428771973
81.7693939, -15.0, 150.447799683
80.6970062, -15.0, 150.465911865
79.6246185, -15.0, 150.483139038
78.5522308, -15.0, 150.499511719
77.4798355, -15.0, 150.515060425
76.4074478, -15.0, 150.529815674
75.3350601, -15.0, 150.543807983
74.2626724, -15.0, 150.55708313
73.1902847, -15.0, 150.56968689
72.117897, -15.0, 150.581634521
71.0455093, -15.0, 150.592987061
69.9731216, -15.0, 150.603775024
68.9007263, -15.0, 150.614028931
67.8283386, -15.0, 150.623809814
66.7559509, -15.0, 150.633148193
65.6835632, -15.0, 150.642074585
64.6111755, -15.0, 150.650634766
63.5387878, -15.0, 150.658859253
62.4663963, -15.0, 150.666809082
61.3940086, -15.0, 150.674484253
60.3216209, -15.0, 150.681945801
59.2492332, -15.0, 150.689239502
58.1768417, -15.0, 150.696365356
57.104454, -15.0, 150.703399658
56.0320663, -15.0, 150.710357666
54.9596786, -15.0, 150.717269897
53.8872871, -15.0, 150.724182129
52.8148994, -15.0, 150.731124878
51.7425117, -15.0, 150.738143921
50.6701241, -15.0, 150.745254517
49.5977325, -15.0, 150.7525177
48.5253448, -15.0, 150.759963989
47.4529572, -15.0, 150.767623901
46.3805695, -15.0, 150.775558472
45.3081779, -15.0, 150.7837677
44.2357903, -15.0, 150.792327881
43.1634026, -15.0, 150.801269531
42.0910149, -15.0, 150.810638428
41.0186234, -15.0, 150.820465088
39.9462357, -15.0, 150.830825806
38.873848, -15.0, 150.84173584
37.8014603, -15.0, 150.853256226
36.7290688, -15.0, 150.865432739
35.6566811, -15.0, 150.878326416
34.5842934, -15.0, 150.891967773
33.5119057, -15.0, 150.906433105
32.439518, -15.0, 150.92175293
31.3671284, -15.0, 150.93800354
30.2947388, -15.0, 150.955215454
29.2223511, -15.0, 150.973434448
28.1499615, -15.0, 150.992721558
27.0775738, -15.0, 151.0131073
26.0051842, -15.0, 151.034637451
24.9327965, -15.0, 151.057312012
23.8604069, -15.0, 151.08114624
22.7880192, -15.0, 151.106140137
21.7156296, -15.0, 151.132263184
20.6432419, -15.0, 151.159439087
19.5708523, -15.0, 151.187545776
18.4984646, -15.0, 151.216445923
17.426075, -15.0, 151.245925903
16.3536873, -15.0, 151.275665283
15.2812977, -15.0, 151.305297852
14.208909, -15.0, 151.33430481
13.1365204, -15.0, 151.362091064
12.0641317, -15.0, 151.387908936
10.9917431, -15.0, 151.410919189
9.91935444, -15.0, 151.430145264
8.84696579, -15.0, 151.444549561
7.77457762, -15.0, 151.453033447
6.70218897, -15.0, 151.454559326
5.62980032, -15.0, 151.448196411
4.55741167, -15.0, 151.43321228
3.48502302, -15.0, 151.409164429
2.41263437, -15.0, 151.375961304
1.34024572, -15.0, 151.333877563
0.267857134, -15.0, 151.283569336
-0.798872173, -15.0, 151.226287842
-1.86560154, -15.0, 151.162979126
-2.93233085, -15.0, 151.094955444
-3.99906015, -15.0, 151.023529053
-5.0657897, -15.0, 150.949951172
-6.13251877, -15.0, 150.875335693
-7.19924831, -15.0, 150.800598145
-8.26597786, -15.0, 150.726470947
-9.33270645, -15.0, 150.653457642
-10.399436, -15.0, 150.581924438
-11.4661655, -15.0, 150.512023926
-12.5328951, -15.0, 150.44380188
-13.5996237, -15.0, 150.377197266
-14.6663532, -15.0, 150.312072754
-15.7330828, -15.0, 150.24822998
-16.7998123, -15.0, 150.185394287
-17.8665409, -15.0, 150.123275757
-18.9332714, -15.0, 150.061599731
98.927803, -16.0, 160.032394409
97.8556061, -16.0, 160.064208984
96.7834091, -16.0, 160.095428467
95.7112122, -16.0, 160.125961304
94.6390152, -16.0, 160.155792236
93.5668182, -16.0, 160.184860229
92.4946213, -16.0, 160.213119507
91.4224243, -16.0, 160.240524292
90.3502274, -16.0, 160.267059326
89.2780304, -16.0, 160.292694092
88.2058334, -16.0, 160.31741333
87.1336441, -16.0, 160.341186523
86.0614471, -16.0, 160.364028931
84.9892502, -16.0, 160.385910034
83.9170532, -16.0, 160.406860352
82.8448563, -16.0, 160.426879883
81.7726593, -16.0, 160.445999146
80.7004623, -16.0, 160.464202881
79.6282654, -16.0, 160.481536865
78.5560684, -16.0, 160.498031616
77.4838715, -16.0, 160.513702393
76.4116745, -16.0, 160.528594971
75.3394775, -16.0, 160.542739868
74.2672806, -16.0, 160.556167603
73.1950836, -16.0, 160.56892395
72.1228867, -16.0, 160.58102417
71.0506897, -16.0, 160.592544556
69.9784927, -16.0, 160.603485107
68.9062958, -16.0, 160.61390686
67.8340988, -16.0, 160.623840332
66.7619019, -16.0, 160.633346558
65.6897049, -16.0, 160.642425537
64.6175079, -16.0, 160.651138306
63.5453148, -16.0, 160.659515381
62.4731178, -16.0, 160.667617798
61.4009209, -16.0, 160.675445557
60.3287239, -16.0, 160.683059692
59.2565269, -16.0, 160.690490723
58.18433, -16.0, 160.697769165
57.1121368, -16.0, 160.704940796
56.0399399, -16.0, 160.712036133
54.9677429, -16.0, 160.719100952
53.895546, -16.0, 160.726150513
52.823349, -16.0, 160.73324585
51.751152, -16.0, 160.740402222
50.6789551, -16.0, 160.747665405
49.6067581, -16.0, 160.755081177
48.5345612, -16.0, 160.762664795
47.4623642, -16.0, 160.770477295
46.3901672, -16.0, 160.778549194
45.3179741, -16.0, 160.78692627
44.2457771, -16.0, 160.795654297
43.1735802, -16.0, 160.804748535
42.1013832, -16.0, 160.81427002
41.0291862, -16.0, 160.824279785
39.9569893, -16.0, 160.834793091
38.8847923, -16.0, 160.845870972
37.8125954, -16.0, 160.857559204
36.7403984, -16.0, 160.869903564
35.6682014, -16.0, 160.882965088
34.5960045, -16.0, 160.896759033
33.5238113, -16.0, 160.911376953
32.4516144, -16.0, 160.926849365
31.3794155, -16.0, 160.943206787
30.3072205, -16.0, 160.960510254
29.2350235, -16.0, 160.978805542
28.1628265, -16.0, 160.998123169
27.0906296, -16.0, 161.018493652
26.0184326, -16.0, 161.039916992
24.9462357, -16.0, 161.062423706
23.8740406, -16.0, 161.085998535
22.8018436, -16.0, 161.110595703
21.7296467, -16.0, 161.136169434
20.6574497, -16.0, 161.162628174
19.5852528, -16.0, 161.189819336
18.5130577, -16.0, 161.217575073
17.4408607, -16.0, 161.245620728
16.3686638, -16.0, 161.273651123
15.2964668, -16.0, 161.301254272
14.2242708, -16.0, 161.327941895
13.1520739, -16.0, 161.353118896
12.0798769, -16.0, 161.376083374
11.0076809, -16.0, 161.396057129
9.93548393, -16.0, 161.412185669
8.86328697, -16.0, 161.423568726
7.79109049, -16.0, 161.429275513
6.718894, -16.0, 161.428482056
5.64669752, -16.0, 161.420425415
4.57450056, -16.0, 161.404525757
3.50230408, -16.0, 161.380477905
2.43010759, -16.0, 161.348205566
1.35791087, -16.0, 161.307952881
0.285714298, -16.0, 161.260238647
-0.781954885, -16.0, 161.206115723
-1.84962404, -16.0, 161.146331787
-2.91729331, -16.0, 161.081954956
-3.98496246, -16.0, 161.014129639
-5.05263138, -16.0, 160.943878174
-6.12030077, -16.0, 160.872207642
-7.18797016, -16.0, 160.799957275
-8.25563908, -16.0, 160.727783203
-9.32330799, -16.0, 160.65625
-10.3909779, -16.0, 160.585693359
-11.4586468, -16.0, 160.516342163
-12.5263157, -16.0, 160.448303223
-13.5939846, -16.0, 160.381561279
-14.6616545, -16.0, 160.316055298
-15.7293234, -16.0, 160.251617432
-16.7969933, -16.0, 160.188049316
-17.8646622, -16.0, 160.125091553
-18.9323311, -16.0, 160.062515259
98.9279938, -17.0, 170.032180786
97.8559875, -17.0, 170.063796997
96.783989, -17.0, 170.094818115
95.7119827, -17.0, 170.125183105
94.6399765, -17.0, 170.15486145
93.5679703, -17.0, 170.183776855
92.4959641, -17.0, 170.211914062
91.4239655, -17.0, 170.239212036
90.3519592, -17.0, 170.265670776
89.279953, -17.0, 170.291229248
88.2079468, -17.0, 170.31590271
87.1359482, -17.0, 170.339660645
86.063942, -17.0, 170.362487793
84.9919357, -17.0, 170.384384155
83.9199295, -17.0, 170.40536499
82.8479233, -17.0, 170.425430298
81.7759247, -17.0, 170.444595337
80.7039185, -17.0, 170.462875366
79.6319122, -17.0, 170.480300903
78.559906, -17.0, 170.496871948
77.4878998, -17.0, 170.512649536
76.4159012, -17.0, 170.527648926
75.343895, -17.0, 170.541900635
74.2718887, -17.0, 170.555450439
73.1998825, -17.0, 170.568313599
72.1278839, -17.0, 170.580551147
71.0558777, -17.0, 170.592178345
69.9838715, -17.0, 170.603256226
68.9118652, -17.0, 170.613800049
67.839859, -17.0, 170.62387085
66.7678604, -17.0, 170.633483887
65.6958542, -17.0, 170.642684937
64.623848, -17.0, 170.651519775
63.5518417, -17.0, 170.660018921
62.4798393, -17.0, 170.668228149
61.4078331, -17.0, 170.676177979
60.3358307, -17.0, 170.683914185
59.2638245, -17.0, 170.691452026
58.1918221, -17.0, 170.698852539
57.1198158, -17.0, 170.706130981
56.0478096, -17.0, 170.713348389
54.9758072, -17.0, 170.720504761
53.903801, -17.0, 170.727676392
52.8317986, -17.0, 170.73487854
51.7597923, -17.0, 170.742141724
50.6877899, -17.0, 170.749526978
49.6157837, -17.0, 170.757049561
48.5437775, -17.0, 170.764755249
47.4717751, -17.0, 170.772689819
46.3997688, -17.0, 170.780883789
45.3277664, -17.0, 170.789367676
44.2557602, -17.0, 170.798217773
43.183754, -17.0, 170.807434082
42.1117516, -17.0, 170.817092896
41.0397453, -17.0, 170.827209473
39.9677429, -17.0, 170.837860107
38.8957367, -17.0, 170.849060059
37.8237343, -17.0, 170.860870361
36.7517281, -17.0, 170.873352051
35.6797218, -17.0, 170.886520386
34.6077194, -17.0, 170.90045166
33.5357132, -17.0, 170.915176392
32.4637108, -17.0, 170.930740356
31.3917046, -17.0, 170.947189331
30.3197002, -17.0, 170.964569092
29.2476959, -17.0, 170.982910156
28.1756916, -17.0, 171.002227783
27.1036873, -17.0, 171.02255249
26.031683, -17.0, 171.043899536
24.9596767, -17.0, 171.066253662
23.8876724, -17.0, 171.089599609
22.8156681, -17.0, 171.113876343
21.7436638, -17.0, 171.139007568
20.6716595, -17.0, 171.164871216
19.5996552, -17.0, 171.191329956
18.5276489, -17.0, 171.218154907
17.4556446, -17.0, 171.24508667
16.3836403, -17.0, 171.271789551
15.311636, -17.0, 171.297836304
14.2396317, -17.0, 171.322738647
13.1676264, -17.0, 171.345932007
12.0956221, -17.0, 171.366760254
11.0236177, -17.0, 171.384490967
9.95161247, -17.0, 171.398345947
8.87960815, -17.0, 171.407531738
7.80760384, -17.0, 171.411270142
6.73559904, -17.0, 171.408828735
5.66359425, -17.0, 171.399581909
4.59158993, -17.0, 171.383071899
3.51958537, -17.0, 171.359054565
2.44758058, -17.0, 171.327468872
1.37557602, -17.0, 171.28855896
0.303571433, -17.0, 171.242752075
-0.765037596, -17.0, 171.19090271
-1.83364666, -17.0, 171.133666992
-2.90225554, -17.0, 171.071975708
-3.97086477, -17.0, 171.006774902
-5.03947353, -17.0, 170.938995361
-6.10808277, -17.0, 170.869537354
-7.17669153, -17.0, 170.79914856
-8.24530029, -17.0, 170.728500366
-9.31390953, -17.0, 170.658111572
-10.3825188, -17.0, 170.58833313
-11.451128, -17.0, 170.519454956
-12.5197372, -17.0, 170.451583862
-13.5883455, -17.0, 170.384780884
-14.6569548, -17.0, 170.319000244
-15.725564, -17.0, 170.254135132
-16.7941723, -17.0, 170.1900177
-17.8627815, -17.0, 170.126449585
-18.9313908, -17.0, 170.063186646
98.9281845, -18.0, 180.032012939
97.8563766, -18.0, 180.063491821
96.7845612, -18.0, 180.094390869
95.7127533, -18.0, 180.124633789
94.6409378, -18.0, 180.154174805
93.5691223, -18.0, 180.182998657
92.4973145, -18.0, 180.211044312
91.425499, -18.0, 180.23828125
90.3536835, -18.0, 180.264663696
89.2818756, -18.0, 180.29019165
88.2100601, -18.0, 180.314819336
87.1382523, -18.0, 180.338546753
86.0664368, -18.0, 180.361373901
84.9946213, -18.0, 180.383285522
83.9228134, -18.0, 180.404281616
82.8509979, -18.0, 180.424377441
81.7791824, -18.0, 180.443588257
80.7073746, -18.0, 180.461914062
79.6355591, -18.0, 180.479400635
78.5637512, -18.0, 180.496047974
77.4919357, -18.0, 180.511886597
76.4201202, -18.0, 180.52696228
75.3483124, -18.0, 180.541305542
74.2764969, -18.0, 180.554931641
73.2046814, -18.0, 180.567886353
72.1328735, -18.0, 180.580200195
71.061058, -18.0, 180.591918945
69.9892502, -18.0, 180.60307312
68.9174347, -18.0, 180.613708496
67.8456192, -18.0, 180.62387085
66.7738113, -18.0, 180.633560181
65.7019958, -18.0, 180.642868042
64.630188, -18.0, 180.651779175
63.5583725, -18.0, 180.660369873
62.4865608, -18.0, 180.668655396
61.4147453, -18.0, 180.676696777
60.3429337, -18.0, 180.684509277
59.271122, -18.0, 180.692123413
58.1993103, -18.0, 180.69960022
57.1274948, -18.0, 180.706970215
56.0556831, -18.0, 180.714263916
54.9838715, -18.0, 180.721511841
53.9120598, -18.0, 180.728744507
52.8402443, -18.0, 180.736022949
51.7684326, -18.0, 180.743377686
50.6966209, -18.0, 180.750839233
49.6248093, -18.0, 180.75843811
48.5529938, -18.0, 180.766235352
47.4811821, -18.0, 180.774246216
46.4093704, -18.0, 180.782516479
45.3375587, -18.0, 180.791091919
44.2657433, -18.0, 180.800018311
43.1939316, -18.0, 180.809326172
42.1221199, -18.0, 180.819061279
41.0503082, -18.0, 180.829284668
39.9784927, -18.0, 180.840011597
38.9066811, -18.0, 180.851303101
37.8348694, -18.0, 180.863204956
36.7630577, -18.0, 180.875762939
35.691246, -18.0, 180.889022827
34.6194305, -18.0, 180.903030396
33.5476189, -18.0, 180.917831421
32.4758072, -18.0, 180.93347168
31.4039936, -18.0, 180.949966431
30.3321819, -18.0, 180.967391968
29.2603683, -18.0, 180.985748291
28.1885567, -18.0, 181.005065918
27.1167431, -18.0, 181.025360107
26.0449314, -18.0, 181.046630859
24.9731178, -18.0, 181.068878174
23.9013062, -18.0, 181.092041016
22.8294926, -18.0, 181.11605835
21.7576809, -18.0, 181.140853882
20.6858673, -18.0, 181.166305542
19.6140556, -18.0, 181.192214966
18.5422421, -18.0, 181.218383789
17.4704304, -18.0, 181.244506836
16.3986168, -18.0, 181.270248413
15.3268051, -18.0, 181.295196533
14.2549925, -18.0, 181.318862915
13.1831799, -18.0, 181.340682983
12.1113672, -18.0, 181.360015869
11.0395546, -18.0, 181.376205444
9.96774197, -18.0, 181.388519287
8.89592934, -18.0, 181.396240234
7.82411671, -18.0, 181.398651123
6.75230408, -18.0, 181.395126343
5.68049145, -18.0, 181.385131836
4.60867882, -18.0, 181.368240356
3.53686643, -18.0, 181.344284058
2.4650538, -18.0, 181.313201904
1.39324117, -18.0, 181.275222778
0.321428567, -18.0, 181.230743408
-0.748120308, -18.0, 181.180435181
-1.81766915, -18.0, 181.124923706
-2.887218, -18.0, 181.065048218
-3.95676684, -18.0, 181.001647949
-5.02631569, -18.0, 180.935562134
-6.09586477, -18.0, 180.867630005
-7.16541338, -18.0, 180.798553467
-8.23496246, -18.0, 180.72895813
-9.30451107, -18.0, 180.659362793
-10.3740597, -18.0, 180.590164185
-11.4436092, -18.0, 180.521606445
-12.5131578, -18.0, 180.453872681
-13.5827065, -18.0, 180.387023926
-14.652256, -18.0, 180.321060181
-15.7218046, -18.0, 180.255905151
-16.7913532, -18.0, 180.19140625
-17.8609028, -18.0, 180.12739563
-18.9304504, -18.0, 180.063659668
98.9283829, -19.0, 190.031921387
97.8567581, -19.0, 190.063308716
96.785141, -19.0, 190.094116211
95.7135162, -19.0, 190.124282837
94.6418991, -19.0, 190.153762817
93.5702744, -19.0, 190.182525635
92.4986572, -19.0, 190.210510254
91.4270325, -19.0, 190.237701416
90.3554153, -19.0, 190.264053345
89.2837906, -19.0, 190.289535522
88.2121735, -19.0, 190.314147949
87.1405563, -19.0, 190.337875366
86.0689316, -19.0, 190.360687256
84.9973145, -19.0, 190.382598877
83.9256897, -19.0, 190.403610229
82.8540726, -19.0, 190.423736572
81.7824478, -19.0, 190.442962646
80.7108307, -19.0, 190.46131897
79.6392059, -19.0, 190.47883606
78.5675888, -19.0, 190.495513916
77.4959641, -19.0, 190.511413574
76.4243469, -19.0, 190.526535034
75.3527298, -19.0, 190.540908813
74.281105, -19.0, 190.554595947
73.2094879, -19.0, 190.567596436
72.1378632, -19.0, 190.579971313
71.066246, -19.0, 190.59173584
69.9946213, -19.0, 190.60295105
68.9230042, -19.0, 190.613647461
67.8513794, -19.0, 190.623840332
66.7797623, -19.0, 190.633605957
65.7081375, -19.0, 190.642944336
64.6365204, -19.0, 190.651916504
63.5648994, -19.0, 190.660552979
62.4932785, -19.0, 190.668899536
61.4216576, -19.0, 190.676986694
60.3500366, -19.0, 190.684844971
59.2784195, -19.0, 190.692520142
58.2067986, -19.0, 190.700042725
57.1351776, -19.0, 190.707443237
56.0635567, -19.0, 190.714782715
54.9919357, -19.0, 190.722076416
53.9203148, -19.0, 190.729370117
52.8486938, -19.0, 190.736694336
51.7770729, -19.0, 190.744094849
50.705452, -19.0, 190.751602173
49.633831, -19.0, 190.759246826
48.5622101, -19.0, 190.767089844
47.490593, -19.0, 190.775146484
46.418972, -19.0, 190.783462524
45.3473511, -19.0, 190.792098999
44.2757301, -19.0, 190.801071167
43.2041092, -19.0, 190.810424805
42.1324883, -19.0, 190.820220947
41.0608673, -19.0, 190.830474854
39.9892464, -19.0, 190.841262817
38.9176254, -19.0, 190.852600098
37.8460045, -19.0, 190.864562988
36.7743874, -19.0, 190.877166748
35.7027664, -19.0, 190.890472412
34.6311455, -19.0, 190.904525757
33.5595245, -19.0, 190.9193573
32.4879036, -19.0, 190.935028076
31.4162827, -19.0, 190.951553345
30.3446617, -19.0, 190.968994141
29.2730408, -19.0, 190.987350464
28.2014217, -19.0, 191.006668091
27.1298008, -19.0, 191.026931763
26.0581799, -19.0, 191.048156738
24.9865589, -19.0, 191.0703125
23.914938, -19.0, 191.093353271
22.843317, -19.0, 191.117218018
21.771698, -19.0, 191.141815186
20.7000771, -19.0, 191.166992188
19.6284561, -19.0, 191.192581177
18.5568352, -19.0, 191.218338013
17.4852142, -19.0, 191.243988037
16.4135952, -19.0, 191.269165039
15.3419743, -19.0, 191.293457031
14.2703533, -19.0, 191.316390991
13.1987324, -19.0, 191.337402344
12.1271124, -19.0, 191.355880737
11.0554914, -19.0, 191.371185303
9.98387051, -19.0, 191.382629395
8.91225052, -19.0, 191.389526367
7.84062958, -19.0, 191.391204834
6.76900911, -19.0, 191.387084961
5.69738865, -19.0, 191.376693726
4.62576818, -19.0, 191.359634399
3.55414748, -19.0, 191.335754395
2.48252678, -19.0, 191.305007935
1.41090631, -19.0, 191.267623901
0.339285702, -19.0, 191.223922729
-0.73120302, -19.0, 191.174530029
-1.80169177, -19.0, 191.120040894
-2.87218046, -19.0, 191.061203003
-3.94266915, -19.0, 190.998855591
-5.01315784, -19.0, 190.933761597
-6.08364677, -19.0, 190.866699219
-7.15413523, -19.0, 190.79838562
-8.22462368, -19.0, 190.729400635
-9.29511261, -19.0, 190.66027832
-10.3656015, -19.0, 190.591384888
-11.4360905, -19.0, 190.523010254
-12.5065794, -19.0, 190.455337524
-13.5770674, -19.0, 190.388458252
-14.6475563, -19.0, 190.322372437
-15.7180452, -19.0, 190.257003784
-16.7885342, -19.0, 190.192260742
-17.8590221, -19.0, 190.127975464
-18.929512, -19.0, 190.063949585
2.01703215, 0.800000012, 5.41982841492
3.08206463, 0.800000012, -0.127537831664
4.14709663, 0.800000012, -2.87549567223
5.21212912, 0.800000012, -4.47659540176
6.27716112, 0.800000012, -5.45172023773
7.3421936, 0.800000012, -6.0480017662
8.40722561, 0.800000012, -6.41579771042
9.47225761, 0.800000012, -6.64767122269
10.5372906, 0.800000012, -6.79993534088
11.6023226, 0.800000012, -6.905148983
12.6673546, 0.800000012, -6.9814748764
13.7323875, 0.800000012, -7.0391330719
14.7974195, 0.800000012, -7.08413028717
15.8624516, 0.800000012, -7.12020254135
16.9274845, 0.800000012, -7.14979553223
17.9925156, 0.800000012, -7.17457818985
19.0575485, 0.800000012, -7.19572496414
20.1225815, 0.800000012, -7.21406173706
21.1876125, 0.800000012, -7.23016214371
22.2526455, 0.800000012, -7.24442338943
23.3176765, 0.800000012, -7.25713443756
24.3827095, 0.800000012, -7.26851558685
25.4477425, 0.800000012, -7.27873945236
26.5127735, 0.800000012, -7.2879486084
27.5778065, 0.800000012, -7.29626083374
28.6428394, 0.800000012, -7.30377531052
29.7078705, 0.800000012, -7.31056976318
30.7729034, 0.800000012, -7.31670427322
31.8379364, 0.800000012, -7.32222986221
32.9029694, 0.800000012, -7.3271946907
33.9679985, 0.800000012, -7.33164644241
35.0330315, 0.800000012, -7.33563327789
36.0980644, 0.800000012, -7.33919906616
37.1630974, 0.800000012, -7.34238815308
38.2281303, 0.800000012, -7.34523916245
39.2931595, 0.800000012, -7.34778928757
40.3581924, 0.800000012, -7.35007381439
41.4232254, 0.800000012, -7.35212278366
42.4882584, 0.800000012, -7.35396528244
43.5532913, 0.800000012, -7.35562753677
44.6183243, 0.800000012, -7.35713243484
45.6833534, 0.800000012, -7.35850143433
46.7483864, 0.800000012, -7.35975408554
47.8134193, 0.800000012, -7.36090755463
48.8784523, 0.800000012, -7.36197853088
49.9434853, 0.800000012, -7.36298084259
51.0085144, 0.800000012, -7.36392831802
52.0735474, 0.800000012, -7.36483430862
53.1385803, 0.800000012, -7.36571073532
54.2036133, 0.800000012, -7.36656904221
55.2686462, 0.800000012, -7.36742115021
56.3336792, 0.800000012, -7.36827850342
57.3987083, 0.800000012, -7.36915254593
58.4637413, 0.800000012, -7.37005567551
59.5287743, 0.800000012, -7.37100028992
60.5938072, 0.800000012, -7.37200021744
61.6588402, 0.800000012, -7.37307024002
62.7238693, 0.800000012, -7.37422609329
63.7889023, 0.800000012, -7.37548589706
64.8539352, 0.800000012, -7.3768696785
65.9189682, 0.800000012, -7.37840032578
66.9840012, 0.800000012, -7.38010406494
68.0490341, 0.800000012, -7.38200950623
69.1140671, 0.800000012, -7.3841509819
70.1791, 0.800000012, -7.38656711578
71.2441254, 0.800000012, -7.38930177689
72.3091583, 0.800000012, -7.39240646362
73.3741913, 0.800000012, -7.3959403038
74.4392242, 0.800000012, -7.39997196198
75.5042572, 0.800000012, -7.40458059311
76.5692902, 0.800000012, -7.40985870361
77.6343231, 0.800000012, -7.41590976715
78.6993561, 0.800000012, -7.42284822464
79.764389, 0.800000012, -7.43080234528
80.829422, 0.800000012, -7.43991708755
81.894455, 0.800000012, -7.45035505295
82.9594803, 0.800000012, -7.46229839325
84.0245132, 0.800000012, -7.47594547272
85.0895462, 0.800000012, -7.49151229858
86.1545792, 0.800000012, -7.50922632217
87.2196121, 0.800000012, -7.52932500839
88.2846451, 0.800000012, -7.55204343796
89.349678, 0.800000012, -7.57760763168
90.414711, 0.800000012, -7.60621929169
91.479744, 0.800000012, -7.6380405426
92.5447769, 0.800000012, -7.67317485809
93.6098099, 0.800000012, -7.71165037155
94.6748352, 0.800000012, -7.75339794159
95.7398682, 0.800000012, -7.79823303223
96.8049011, 0.800000012, -7.84583473206
97.8699341, 0.800000012, -7.89573907852
98.934967, 0.800000012, -7.9473528862
2.95879579, 1.60000002, -4.81541776657
4.01359129, 1.60000002, -8.92435264587
5.06838703, 1.60000002, -11.2553825378
6.12318277, 1.60000002, -12.6281652451
7.17797852, 1.60000002, -13.4290924072
8.23277378, 1.60000002, -13.9031133652
9.28757, 1.60000002, -14.189201355
10.3423653, 1.60000002, -14.3702011108
11.3971615, 1.60000002, -14.4927959442
12.4519567, 1.60000002, -14.5813579559
13.506753, 1.60000002, -14.6485481262
14.5615482, 1.60000002, -14.7013320923
15.6163445, 1.60000002, -14.7439155579
16.6711407, 1.60000002, -14.7790660858
17.725935, 1.60000002, -14.8086967468
18.7807312, 1.60000002, -14.8341760635
19.8355274, 1.60000002, -14.8564777374
20.8903217, 1.60000002, -14.8762588501
21.945118, 1.60000002, -14.893945694
22.9999142, 1.60000002, -14.9098310471
24.0547104, 1.60000002, -14.9241380692
25.1095047, 1.60000002, -14.9370479584
26.1643009, 1.60000002, -14.9487133026
27.2190971, 1.60000002, -14.9592733383
28.2738934, 1.60000002, -14.9688510895
29.3286877, 1.60000002, -14.9775428772
30.3834839, 1.60000002, -14.9854106903
31.4382801, 1.60000002, -14.9924964905
32.4930763, 1.60000002, -14.9988431931
33.5478706, 1.60000002, -15.0045042038
34.6026649, 1.60000002, -15.0095376968
35.6574631, 1.60000002, -15.0140037537
36.7122574, 1.60000002, -15.0179567337
37.7670555, 1.60000002, -15.0214538574
38.8218498, 1.60000002, -15.0245437622
39.8766441, 1.60000002, -15.0272750854
40.9314423, 1.60000002, -15.0296888351
41.9862366, 1.60000002, -15.0318260193
43.0410309, 1.60000002, -15.0337219238
44.095829, 1.60000002, -15.0354070663
45.1506233, 1.60000002, -15.0369110107
46.2054176, 1.60000002, -15.0382604599
47.2602158, 1.60000002, -15.039478302
48.3150101, 1.60000002, -15.0405855179
49.3698082, 1.60000002, -15.0416002274
50.4246025, 1.60000002, -15.0425424576
51.4793968, 1.60000002, -15.04342556
52.5341949, 1.60000002, -15.0442667007
53.5889893, 1.60000002, -15.0450801849
54.6437836, 1.60000002, -15.0458803177
55.6985817, 1.60000002, -15.0466794968
56.753376, 1.60000002, -15.0474939346
57.8081703, 1.60000002, -15.0483360291
58.8629684, 1.60000002, -15.0492219925
59.9177628, 1.60000002, -15.0501680374
60.9725609, 1.60000002, -15.05119133
62.0273552, 1.60000002, -15.0523109436
63.0821495, 1.60000002, -15.0535488129
64.1369476, 1.60000002, -15.0549297333
65.1917419, 1.60000002, -15.056479454
66.2465363, 1.60000002, -15.0582313538
67.3013306, 1.60000002, -15.0602207184
68.3561325, 1.60000002, -15.0624885559
69.4109268, 1.60000002, -15.0650854111
70.4657211, 1.60000002, -15.0680656433
71.5205154, 1.60000002, -15.0714941025
72.5753098, 1.60000002, -15.0754461288
73.6301041, 1.60000002, -15.0800104141
74.684906, 1.60000002, -15.0852937698
75.7397003, 1.60000002, -15.0914258957
76.7944946, 1.60000002, -15.0985555649
77.8492889, 1.60000002, -15.1068477631
78.9040833, 1.60000002, -15.1164751053
79.9588852, 1.60000002, -15.1276350021
81.0136795, 1.60000002, -15.1405515671
82.0684738, 1.60000002, -15.1554861069
83.1232681, 1.60000002, -15.1727294922
84.1780624, 1.60000002, -15.1926031113
85.2328568, 1.60000002, -15.2154550552
86.2876587, 1.60000002, -15.2416601181
87.342453, 1.60000002, -15.2716112137
88.3972473, 1.60000002, -15.3057022095
89.4520416, 1.60000002, -15.3443164825
90.5068359, 1.60000002, -15.3878030777
91.5616379, 1.60000002, -15.4364471436
92.6164322, 1.60000002, -15.4904375076
93.6712265, 1.60000002, -15.5498380661
94.7260208, 1.60000002, -15.6145610809
95.7808151, 1.60000002, -15.6843290329
96.8356094, 1.60000002, -15.7586393356
97.8904114, 1.60000002, -15.8367338181
98.9452057, 1.60000002, -15.9175920486
3.90055919, 2.4000001, -13.1395559311
4.94511843, 2.4000001, -16.6138210297
5.98967743, 2.4000001, -18.6962299347
7.03423643, 2.4000001, -19.8787212372
8.07879543, 2.4000001, -20.5776023865
9.12335491, 2.4000001, -20.9995670319
10.1679144, 2.4000001, -21.263343811
11.2124729, 2.4000001, -21.4420452118
12.2570324, 2.4000001, -21.572725296
13.3015919, 2.4000001, -21.673494339
14.3461504, 2.4000001, -21.7536315918
15.3907099, 2.4000001, -21.818655014
16.4352684, 2.4000001, -21.8724536896
17.4798279, 2.4000001, -21.9178562164
18.5243874, 2.4000001, -21.9569339752
19.5689468, 2.4000001, -21.9911842346
20.6135063, 2.4000001, -22.0216464996
21.6580639, 2.4000001, -22.0490036011
22.7026234, 2.4000001, -22.0736751556
23.7471828, 2.4000001, -22.0959701538
24.7917423, 2.4000001, -22.1161365509
25.8363018, 2.4000001, -22.1343898773
26.8808594, 2.4000001, -22.1509437561
27.9254189, 2.4000001, -22.1660003662
28.9699783, 2.4000001, -22.1797294617
30.0145378, 2.4000001, -22.1922302246
31.0590973, 2.4000001, -22.2035293579
32.1036568, 2.4000001, -22.2136611938
33.1482162, 2.4000001, -22.2226867676
34.1927757, 2.4000001, -22.2306900024
35.2373352, 2.4000001, -22.2377662659
36.2818909, 2.4000001, -22.2440032959
37.3264503, 2.4000001, -22.2494926453
38.3710098, 2.4000001, -22.25431633
39.4155693, 2.4000001, -22.2585506439
40.4601288, 2.4000001, -22.2622680664
41.5046883, 2.4000001, -22.2655334473
42.5492477, 2.4000001, -22.2684020996
43.5938072, 2.4000001, -22.2709293365
44.6383667, 2.4000001, -22.2731609344
45.6829262, 2.4000001, -22.275138855
46.7274857, 2.4000001, -22.2769031525
47.7720413, 2.4000001, -22.2784843445
48.8166008, 2.4000001, -22.279914856
49.8611603, 2.4000001, -22.2812213898
50.9057198, 2.4000001, -22.2824306488
51.9502792, 2.4000001, -22.2835674286
52.9948387, 2.4000001, -22.28465271
54.0393982, 2.4000001, -22.2857074738
55.0839577, 2.4000001, -22.2867546082
56.1285172, 2.4000001, -22.2878131866
57.1730766, 2.4000001, -22.2889060974
58.2176361, 2.4000001, -22.2900543213
59.2621918, 2.4000001, -22.2912826538
60.3067513, 2.4000001, -22.2926139832
61.3513107, 2.4000001, -22.2940788269
62.3958702, 2.4000001, -22.2957077026
63.4404297, 2.4000001, -22.2975349426
64.484993, 2.4000001, -22.2996025085
65.5295486, 2.4000001, -22.3019523621
66.5741043, 2.4000001, -22.3046398163
67.6186676, 2.4000001, -22.307723999
68.6632233, 2.4000001, -22.3112773895
69.7077866, 2.4000001, -22.3153800964
70.7523422, 2.4000001, -22.3201293945
71.7969055, 2.4000001, -22.3256320953
72.8414612, 2.4000001, -22.3320198059
73.8860245, 2.4000001, -22.3394527435
74.9305801, 2.4000001, -22.3481349945
75.9751434, 2.4000001, -22.3583278656
77.0196991, 2.4000001, -22.3703384399
78.0642548, 2.4000001, -22.3844680786
79.1088181, 2.4000001, -22.4010105133
80.1533737, 2.4000001, -22.4203052521
81.197937, 2.4000001, -22.4427814484
82.2424927, 2.4000001, -22.4689331055
83.287056, 2.4000001, -22.499294281
84.3316116, 2.4000001, -22.5344390869
85.3761749, 2.4000001, -22.575006485
86.4207306, 2.4000001, -22.6216888428
87.4652939, 2.4000001, -22.6752223969
88.5098495, 2.4000001, -22.7363491058
89.5544052, 2.4000001, -22.8057975769
90.5989685, 2.4000001, -22.8842334747
91.6435242, 2.4000001, -22.9722118378
92.6880875, 2.4000001, -23.0701026917
93.7326431, 2.4000001, -23.1780261993
94.7772064, 2.4000001, -23.2958183289
95.8217621, 2.4000001, -23.4229774475
96.8663254, 2.4000001, -23.5586147308
97.910881, 2.4000001, -23.7013511658
98.9554443, 2.4000001, -23.849275589
4.84232235, 3.20000005, -20.145368576
5.87664509, 3.20000005, -23.3610725403
6.91096783, 3.20000005, -25.2654628754
7.94529009, 3.20000005, -26.3560314178
8.9796133, 3.20000005, -26.988401413
10.0139351, 3.20000005, -27.3794841766
11.0482578, 3.20000005, -27.646894455
12.0825806, 3.20000005, -27.8468837738
13.1169033, 3.20000005, -28.0052623749
14.151226, 3.20000005, -28.1336307526
15.1855488, 3.20000005, -28.2382640839
16.2198715, 3.20000005, -28.3246250153
17.2541943, 3.20000005, -28.3971595764
18.288517, 3.20000005, -28.4592037201
19.3228378, 3.20000005, -28.513092041
20.3571606, 3.20000005, -28.5605335236
21.3914833, 3.20000005, -28.602973938
22.425806, 3.20000005, -28.6412391663
23.4601288, 3.20000005, -28.6758384705
24.4944515, 3.20000005, -28.7071533203
25.5287743, 3.20000005, -28.7355175018
26.563097, 3.20000005, -28.7612419128
27.5974197, 3.20000005, -28.7846469879
28.6317425, 3.20000005, -28.8060073853
29.6660652, 3.20000005, -28.8254871368
30.700388, 3.20000005, -28.8431663513
31.7347088, 3.20000005, -28.8590602875
32.7690315, 3.20000005, -28.8732337952
33.8033562, 3.20000005, -28.885799408
34.837677, 3.20000005, -28.896894455
35.8720016, 3.20000005, -28.9066619873
36.9063225, 3.20000005, -28.9152431488
37.9406433, 3.20000005, -28.9227695465
38.974968, 3.20000005, -28.9293632507
40.0092888, 3.20000005, -28.935136795
41.0436134, 3.20000005, -28.9401931763
42.0779343, 3.20000005, -28.9446220398
43.1122589, 3.20000005, -28.9485092163
44.1465797, 3.20000005, -28.9519252777
45.1809044, 3.20000005, -28.9549388885
46.2152252, 3.20000005, -28.9576091766
47.2495499, 3.20000005, -28.9599876404
48.2838707, 3.20000005, -28.9621219635
49.3181953, 3.20000005, -28.964056015
50.3525162, 3.20000005, -28.9658298492
51.386837, 3.20000005, -28.9674797058
52.4211617, 3.20000005, -28.9690380096
53.4554825, 3.20000005, -28.970539093
54.4898071, 3.20000005, -28.9720115662
55.524128, 3.20000005, -28.973487854
56.5584526, 3.20000005, -28.9749984741
57.5927734, 3.20000005, -28.9765739441
58.6270981, 3.20000005, -28.9782505035
59.6614189, 3.20000005, -28.9800605774
60.6957436, 3.20000005, -28.9820480347
61.7300644, 3.20000005, -28.9842510223
62.7643852, 3.20000005, -28.9867229462
63.7987099, 3.20000005, -28.9895153046
64.8330307, 3.20000005, -28.9926948547
65.8673553, 3.20000005, -28.9963283539
66.90168, 3.20000005, -29.0005054474
67.935997, 3.20000005, -29.0053195953
68.9703217, 3.20000005, -29.0108852386
70.0046463, 3.20000005, -29.0173339844
71.0389709, 3.20000005, -29.0248184204
72.073288, 3.20000005, -29.0335140228
73.1076126, 3.20000005, -29.0436382294
74.1419373, 3.20000005, -29.0554637909
75.1762543, 3.20000005, -29.0693778992
76.2105789, 3.20000005, -29.0859451294
77.2449036, 3.20000005, -29.1057929993
78.2792282, 3.20000005, -29.1294307709
79.3135452, 3.20000005, -29.1572704315
80.3478699, 3.20000005, -29.1899604797
81.3821945, 3.20000005, -29.2284793854
82.4165192, 3.20000005, -29.2738246918
83.4508362, 3.20000005, -29.3268451691
84.4851608, 3.20000005, -29.3884181976
85.5194855, 3.20000005, -29.4596424103
86.5538101, 3.20000005, -29.5417766571
87.5881271, 3.20000005, -29.6361503601
88.6224518, 3.20000005, -29.7441215515
89.6567764, 3.20000005, -29.8670158386
90.6910934, 3.20000005, -30.0060710907
91.7254181, 3.20000005, -30.1623439789
92.7597427, 3.20000005, -30.336566925
93.7940674, 3.20000005, -30.5289821625
94.8283844, 3.20000005, -30.7392501831
95.862709, 3.20000005, -30.9664363861
96.8970337, 3.20000005, -31.2089862823
97.9313583, 3.20000005, -31.4645328522
98.9656754, 3.20000005, -31.7296714783
5.78408623, 4.0, -26.4765434265
6.80817223, 4.0, -29.3379631042
7.83225822, 4.0, -30.9634513855
8.85634422, 4.0, -31.8832893372
9.88043022, 4.0, -32.4426841736
10.9045162, 4.0, -32.8281364441
11.9286022, 4.0, -33.1244430542
12.9526882, 4.0, -33.3691711426
13.9767742, 4.0, -33.5756340027
15.0008602, 4.0, -33.7461471558
16.0249462, 4.0, -33.8865013123
17.0490322, 4.0, -34.0033493042
18.0731182, 4.0, -34.1021308899
19.0972042, 4.0, -34.1862640381
20.1212902, 4.0, -34.2579307556
21.1453762, 4.0, -34.3208580017
22.1694622, 4.0, -34.377155304
23.1935482, 4.0, -34.4278869629
24.2176342, 4.0, -34.4737472534
25.2417202, 4.0, -34.5152511597
26.2658062, 4.0, -34.5528678894
27.2898922, 4.0, -34.5870285034
28.3139782, 4.0, -34.6178741455
29.3380642, 4.0, -34.645275116
30.3621502, 4.0, -34.6698951721
31.3862362, 4.0, -34.692035675
32.4103241, 4.0, -34.7117843628
33.4344101, 4.0, -34.7292861938
34.4584961, 4.0, -34.7447242737
35.4825821, 4.0, -34.7582969666
36.5066681, 4.0, -34.7702064514
37.5307541, 4.0, -34.7806358337
38.5548401, 4.0, -34.7897605896
39.5789261, 4.0, -34.7977409363
40.6030121, 4.0, -34.8047218323
41.6270981, 4.0, -34.8108291626
42.6511841, 4.0, -34.8161773682
43.6752701, 4.0, -34.8208694458
44.6993561, 4.0, -34.8249969482
45.7234421, 4.0, -34.8286399841
46.7475281, 4.0, -34.8318710327
47.7716141, 4.0, -34.8347549438
48.7957001, 4.0, -34.8373565674
49.8197861, 4.0, -34.8397216797
50.8438721, 4.0, -34.8419075012
51.8679581, 4.0, -34.843952179
52.8920441, 4.0, -34.8459014893
53.9161301, 4.0, -34.8477935791
54.9402161, 4.0, -34.8496742249
55.9643021, 4.0, -34.8515777588
56.9883881, 4.0, -34.8535461426
58.0124741, 4.0, -34.8556213379
59.0365601, 4.0, -34.8578491211
60.0606461, 4.0, -34.8602752686
61.0847321, 4.0, -34.8629608154
62.1088181, 4.0, -34.8659553528
63.1329041, 4.0, -34.8693313599
64.1569901, 4.0, -34.8731689453
65.181076, 4.0, -34.8775482178
66.205162, 4.0, -34.8825721741
67.229248, 4.0, -34.8883628845
68.253334, 4.0, -34.8950500488
69.27742, 4.0, -34.902797699
70.301506, 4.0, -34.9117851257
71.325592, 4.0, -34.9222259521
72.349678, 4.0, -34.9343795776
73.373764, 4.0, -34.9485588074
74.39785, 4.0, -34.9651832581
75.421936, 4.0, -34.9849052429
76.446022, 4.0, -35.0087013245
77.470108, 4.0, -35.0375862122
78.494194, 4.0, -35.0721969604
79.51828, 4.0, -35.1130218506
80.542366, 4.0, -35.1620903015
81.566452, 4.0, -35.2230796814
82.590538, 4.0, -35.2984046936
83.614624, 4.0, -35.3877944946
84.63871, 4.0, -35.4918937683
85.662796, 4.0, -35.6125907898
86.686882, 4.0, -35.7520904541
87.710968, 4.0, -35.912776947
88.735054, 4.0, -36.0970649719
89.75914, 4.0, -36.3072853088
90.783226, 4.0, -36.5455856323
91.807312, 4.0, -36.8139343262
92.831398, 4.0, -37.1138801575
93.855484, 4.0, -37.4461021423
94.87957, 4.0, -37.8099784851
95.903656, 4.0, -38.2036590576
96.927742, 4.0, -38.6243171692
97.951828, 4.0, -39.0680503845
98.975914, 4.0, -39.5292053223
6.72584963, 4.80000019, -31.7786445618
7.73969889, 4.80000019, -34.1224594116
8.75354862, 4.80000019, -35.4153137207
9.76739788, 4.80000019, -36.1744384766
10.7812471, 4.80000019, -36.6930618286
11.7950964, 4.80000019, -37.0978775024
12.8089466, 4.80000019, -37.4490470886
13.8227959, 4.80000019, -37.7753334045
14.8366451, 4.80000019, -38.060333252
15.8504944, 4.80000019, -38.2979278564
16.8643436, 4.80000019, -38.4947128296
17.8781929, 4.80000019, -38.6588363647
18.8920422, 4.80000019, -38.7962684631
19.9058933, 4.80000019, -38.9077453613
20.9197426, 4.80000019, -39.0023460388
21.9335918, 4.80000019, -39.0853729248
22.9474411, 4.80000019, -39.1594390869
23.9612904, 4.80000019, -39.2260437012
24.9751396, 4.80000019, -39.2861709595
25.9889889, 4.80000019, -39.3405609131
27.0028381, 4.80000019, -39.3898086548
28.0166874, 4.80000019, -39.4340171814
29.0305386, 4.80000019, -39.4690284729
30.0443878, 4.80000019, -39.4983062744
31.0582371, 4.80000019, -39.5241584778
32.0720863, 4.80000019, -39.547088623
33.0859337, 4.80000019, -39.5673294067
34.0997849, 4.80000019, -39.5851135254
35.113636, 4.80000019, -39.600692749
36.1274834, 4.80000019, -39.6143035889
37.1413345, 4.80000019, -39.6261825562
38.1551819, 4.80000019, -39.6365470886
39.1690331, 4.80000019, -39.6455917358
40.1828804, 4.80000019, -39.6534843445
41.1967316, 4.80000019, -39.6603851318
42.2105789, 4.80000019, -39.6664123535
43.2244301, 4.80000019, -39.6716918945
44.2382813, 4.80000019, -39.6763191223
45.2521286, 4.80000019, -39.6803894043
46.2659798, 4.80000019, -39.6839866638
47.2798271, 4.80000019, -39.6871833801
48.2936783, 4.80000019, -39.6900444031
49.3075256, 4.80000019, -39.6926345825
50.3213768, 4.80000019, -39.6950035095
51.3352242, 4.80000019, -39.6972045898
52.3490753, 4.80000019, -39.6992835999
53.3629265, 4.80000019, -39.7012825012
54.3767738, 4.80000019, -39.7032470703
55.390625, 4.80000019, -39.7052154541
56.4044724, 4.80000019, -39.7072372437
57.4183235, 4.80000019, -39.7093505859
58.4321709, 4.80000019, -39.7116012573
59.446022, 4.80000019, -39.7140426636
60.4598694, 4.80000019, -39.7167243958
61.4737206, 4.80000019, -39.7197113037
62.4875717, 4.80000019, -39.7230682373
63.5014191, 4.80000019, -39.7268714905
64.5152664, 4.80000019, -39.731212616
65.5291214, 4.80000019, -39.7361907959
66.5429688, 4.80000019, -39.7419204712
67.5568161, 4.80000019, -39.7485389709
68.5706635, 4.80000019, -39.7562026978
69.5845184, 4.80000019, -39.7650947571
70.5983658, 4.80000019, -39.775428772
71.6122131, 4.80000019, -39.7874526978
72.6260681, 4.80000019, -39.8014755249
73.6399155, 4.80000019, -39.8178939819
74.6537628, 4.80000019, -39.8372879028
75.6676102, 4.80000019, -39.860584259
76.6814651, 4.80000019, -39.8850364685
77.6953125, 4.80000019, -39.9041481018
78.7091599, 4.80000019, -39.9267959595
79.7230072, 4.80000019, -39.9538803101
80.7368622, 4.80000019, -39.9874687195
81.7507095, 4.80000019, -40.0686988831
82.7645569, 4.80000019, -40.1894721985
83.7784119, 4.80000019, -40.333656311
84.7922592, 4.80000019, -40.5023994446
85.8061066, 4.80000019, -40.6985626221
86.8199539, 4.80000019, -40.9258270264
87.8338089, 4.80000019, -41.1884422302
88.8476563, 4.80000019, -41.4908790588
89.8615036, 4.80000019, -41.8371086121
90.8753586, 4.80000019, -42.2303199768
91.8892059, 4.80000019, -42.673538208
92.9030533, 4.80000019, -43.170085907
93.9169006, 4.80000019, -43.7224121094
94.9307556, 4.80000019, -44.3300056458
95.944603, 4.80000019, -44.9889984131
96.9584503, 4.80000019, -45.6933708191
97.9722977, 4.80000019, -46.4362678528
98.9861526, 4.80000019, -47.2094230652
7.66761303, 5.5999999, -35.6401176453
8.67122555, 5.5999999, -37.4411964417
9.67483902, 5.5999999, -38.4256782532
10.6784515, 5.5999999, -39.0644264221
11.6820641, 5.5999999, -39.5576782227
12.6856775, 5.5999999, -39.926486969
13.68929, 5.5999999, -40.3729133606
14.6929035, 5.5999999, -40.8571434021
15.696516, 5.5999999, -41.2837333679
16.7001286, 5.5999999, -41.6411476135
17.7037411, 5.5999999, -41.9373512268
18.7073555, 5.5999999, -42.1831283569
19.710968, 5.5999999, -42.3875389099
20.7145805, 5.5999999, -42.5603218079
21.7181931, 5.5999999, -42.7096633911
22.7218056, 5.5999999, -42.8411102295
23.72542, 5.5999999, -42.9583129883
24.7290325, 5.5999999, -43.0636711121
25.732645, 5.5999999, -43.158744812
26.7362576, 5.5999999, -43.2445259094
27.7398701, 5.5999999, -43.3214683533
28.7434845, 5.5999999, -43.3889045715
29.747097, 5.5999999, -43.4477272034
30.7507095, 5.5999999, -43.4994659424
31.7543221, 5.5999999, -43.5451049805
32.7579346, 5.5999999, -43.5852508545
33.7615471, 5.5999999, -43.6204223633
34.7651596, 5.5999999, -43.6511383057
35.7687759, 5.5999999, -43.677898407
36.7723885, 5.5999999, -43.7011795044
37.776001, 5.5999999, -43.7214393616
38.7796135, 5.5999999, -43.7390708923
39.783226, 5.5999999, -43.7544364929
40.7868385, 5.5999999, -43.7678337097
41.790451, 5.5999999, -43.7795333862
42.7940636, 5.5999999, -43.7897567749
43.7976761, 5.5999999, -43.7987060547
44.8012886, 5.5999999, -43.8065605164
45.8049049, 5.5999999, -43.8134803772
46.8085175, 5.5999999, -43.8196105957
47.81213, 5.5999999, -43.8250732422
48.8157425, 5.5999999, -43.8299827576
49.819355, 5.5999999, -43.8344459534
50.8229675, 5.5999999, -43.838558197
51.82658, 5.5999999, -43.8424034119
52.8301926, 5.5999999, -43.8460731506
53.8338051, 5.5999999, -43.8496398926
54.8374176, 5.5999999, -43.8531799316
55.8410339, 5.5999999, -43.8567695618
56.8446465, 5.5999999, -43.8604888916
57.848259, 5.5999999, -43.8644180298
58.8518715, 5.5999999, -43.8686447144
59.855484, 5.5999999, -43.8732643127
60.8590965, 5.5999999, -43.8783760071
61.862709, 5.5999999, -43.884098053
62.8663216, 5.5999999, -43.8905601501
63.8699341, 5.5999999, -43.8979110718
64.8735504, 5.5999999, -43.9063186646
65.8771591, 5.5999999, -43.9159889221
66.8807755, 5.5999999, -43.9271430969
67.8843842, 5.5999999, -43.9400482178
68.8880005, 5.5999999, -43.9550132751
69.8916092, 5.5999999, -43.97240448
70.8952255, 5.5999999, -43.992641449
71.8988419, 5.5999999, -44.0162277222
72.9024506, 5.5999999, -44.0437660217
73.9060669, 5.5999999, -44.0760345459
74.9096756, 5.5999999, -44.1140937805
75.9132919, 5.5999999, -44.1589660645
76.9169006, 5.5999999, -44.2112083435
77.920517, 5.5999999, -44.2723083496
78.9241257, 5.5999999, -44.3445167542
79.927742, 5.5999999, -44.4306755066
80.9313583, 5.5999999, -44.5390625
81.934967, 5.5999999, -44.6777954102
82.9385834, 5.5999999, -44.8488998413
83.9421921, 5.5999999, -45.0522422791
84.9458084, 5.5999999, -45.290145874
85.9494171, 5.5999999, -45.5667686462
86.9530334, 5.5999999, -45.8871955872
87.9566422, 5.5999999, -46.2578163147
88.9602585, 5.5999999, -46.686126709
89.9638672, 5.5999999, -47.1781196594
90.9674835, 5.5999999, -47.7372016907
91.9710999, 5.5999999, -48.3665428162
92.9747086, 5.5999999, -49.0719718933
93.9783249, 5.5999999, -49.8600616455
94.9819336, 5.5999999, -50.7307739258
95.9855499, 5.5999999, -51.6759910583
96.9891586, 5.5999999, -52.6839561462
97.992775, 5.5999999, -53.7473907471
98.9963837, 5.5999999, -54.8586463928
8.60937595, 6.4000001, -38.0198974609
9.60275269, 6.4000001, -39.3426628113
10.5961294, 6.4000001, -40.0250778198
11.5895052, 6.4000001, -40.9015464783
12.5828819, 6.4000001, -41.7624015808
13.5762577, 6.4000001, -42.5781402588
14.5696344, 6.4000001, -43.3232536316
15.5630112, 6.4000001, -43.965297699
16.5563869, 6.4000001, -44.5002441406
17.5497627, 6.4000001, -44.9414138794
18.5431404, 6.4000001, -45.3057632446
19.5365162, 6.4000001, -45.6090545654
20.529892, 6.4000001, -45.8651199341
21.5232697, 6.4000001, -46.085231781
22.5166454, 6.4000001, -46.2778091431
23.5100212, 6.4000001, -46.4488182068
24.503397, 6.4000001, -46.6022949219
25.4967747, 6.4000001, -46.7407989502
26.4901505, 6.4000001, -46.8658485413
27.4835262, 6.4000001, -46.9783325195
28.4769039, 6.4000001, -47.0787124634
29.4702797, 6.4000001, -47.1677284241
30.4636555, 6.4000001, -47.2464408875
31.4570332, 6.4000001, -47.3158912659
32.4504089, 6.4000001, -47.3769378662
33.4437866, 6.4000001, -47.4303855896
34.4371605, 6.4000001, -47.4770088196
35.4305382, 6.4000001, -47.517578125
36.4239159, 6.4000001, -47.5528373718
37.4172897, 6.4000001, -47.5834655762
38.4106674, 6.4000001, -47.6100921631
39.4040413, 6.4000001, -47.6332588196
40.397419, 6.4000001, -47.6534423828
41.3907967, 6.4000001, -47.6710510254
42.3841705, 6.4000001, -47.6864318848
43.3775482, 6.4000001, -47.6998786926
44.3709259, 6.4000001, -47.7116737366
45.3642998, 6.4000001, -47.7220611572
46.3576775, 6.4000001, -47.7312355042
47.3510551, 6.4000001, -47.7393836975
48.344429, 6.4000001, -47.7466773987
49.3378067, 6.4000001, -47.7532730103
50.3311844, 6.4000001, -47.7593040466
51.3245583, 6.4000001, -47.7649078369
52.3179359, 6.4000001, -47.770198822
53.3113136, 6.4000001, -47.7752914429
54.3046875, 6.4000001, -47.780292511
55.2980652, 6.4000001, -47.7853126526
56.2914391, 6.4000001, -47.7904548645
57.2848167, 6.4000001, -47.7958335876
58.2781944, 6.4000001, -47.8015632629
59.2715683, 6.4000001, -47.8077735901
60.264946, 6.4000001, -47.8145942688
61.2583237, 6.4000001, -47.8221855164
62.2516975, 6.4000001, -47.8307151794
63.2450752, 6.4000001, -47.8403739929
64.2384491, 6.4000001, -47.8513870239
65.2318268, 6.4000001, -47.8640022278
66.2252045, 6.4000001, -47.8785209656
67.2185822, 6.4000001, -47.8952827454
68.2119598, 6.4000001, -47.9146842957
69.2053299, 6.4000001, -47.9371986389
70.1987076, 6.4000001, -47.9633865356
71.1920853, 6.4000001, -47.9938964844
72.185463, 6.4000001, -48.0294723511
73.1788406, 6.4000001, -48.0709838867
74.1722183, 6.4000001, -48.1195259094
75.1655884, 6.4000001, -48.176525116
76.1589661, 6.4000001, -48.2437171936
77.1523438, 6.4000001, -48.3230934143
78.1457214, 6.4000001, -48.4169158936
79.1390991, 6.4000001, -48.5278778076
80.1324768, 6.4000001, -48.6599159241
81.1258469, 6.4000001, -48.8181686401
82.1192245, 6.4000001, -49.0077133179
83.1126022, 6.4000001, -49.2330284119
84.1059799, 6.4000001, -49.4987945557
85.0993576, 6.4000001, -49.8100471497
86.0927277, 6.4000001, -50.171787262
87.0861053, 6.4000001, -50.5897941589
88.079483, 6.4000001, -51.0724716187
89.0728607, 6.4000001, -51.631072998
90.0662384, 6.4000001, -52.2759475708
91.0596161, 6.4000001, -53.0114593506
92.0529861, 6.4000001, -53.8345794678
93.0463638, 6.4000001, -54.7557296753
94.0397415, 6.4000001, -55.7941513062
95.0331192, 6.4000001, -56.9541168213
96.0264969, 6.4000001, -58.2149734497
97.0198746, 6.4000001, -59.5617752075
98.0132446, 6.4000001, -60.9644165039
99.0066223, 6.4000001, -62.4634742737
9.55113983, 7.19999981, -39.3455429077
10.5342798, 7.19999981, -40.4822883606
11.5174198, 7.19999981, -41.8251113892
12.5005589, 7.19999981, -43.1545333862
13.4836988, 7.19999981, -44.3605041504
14.4668388, 7.19999981, -45.4081420898
15.4499788, 7.19999981, -46.29063797
16.4331188, 7.19999981, -47.0199546814
17.4162579, 7.19999981, -47.6181564331
18.3993969, 7.19999981, -48.1095123291
19.3825378, 7.19999981, -48.5167236328
20.3656769, 7.19999981, -48.8591957092
21.3488178, 7.19999981, -49.1520881653
22.3319569, 7.19999981, -49.4070625305
23.3150959, 7.19999981, -49.6327438354
24.2982368, 7.19999981, -49.8351783752
25.2813759, 7.19999981, -50.0181083679
26.2645168, 7.19999981, -50.1835403442
27.2476559, 7.19999981, -50.3325805664
28.2307949, 7.19999981, -50.4661560059
29.2139359, 7.19999981, -50.5853042603
30.1970749, 7.19999981, -50.6911048889
31.1802158, 7.19999981, -50.7845916748
32.163353, 7.19999981, -50.8667793274
33.1464958, 7.19999981, -50.9387016296
34.1296349, 7.19999981, -51.0013923645
35.1127739, 7.19999981, -51.0558776855
36.0959129, 7.19999981, -51.1031570435
37.079052, 7.19999981, -51.1441612244
38.0621948, 7.19999981, -51.179725647
39.0453339, 7.19999981, -51.2105865479
40.0284729, 7.19999981, -51.2373886108
41.0116119, 7.19999981, -51.260723114
41.994751, 7.19999981, -51.2810745239
42.9778938, 7.19999981, -51.2988548279
43.9610329, 7.19999981, -51.3144111633
44.9441719, 7.19999981, -51.3280525208
45.9273109, 7.19999981, -51.3400726318
46.91045, 7.19999981, -51.3507194519
47.8935928, 7.19999981, -51.3602104187
48.8767319, 7.19999981, -51.3687477112
49.8598709, 7.19999981, -51.3765144348
50.8430099, 7.19999981, -51.3836708069
51.826149, 7.19999981, -51.39037323
52.8092918, 7.19999981, -51.3967666626
53.7924309, 7.19999981, -51.4029808044
54.7755699, 7.19999981, -51.4091453552
55.758709, 7.19999981, -51.415397644
56.741848, 7.19999981, -51.4218673706
57.7249908, 7.19999981, -51.4286956787
58.7081299, 7.19999981, -51.4360237122
59.6912689, 7.19999981, -51.4440193176
60.674408, 7.19999981, -51.4528503418
61.657547, 7.19999981, -51.4627113342
62.6406898, 7.19999981, -51.4738311768
63.6238289, 7.19999981, -51.4864501953
64.6069641, 7.19999981, -51.5008583069
65.5901108, 7.19999981, -51.5173873901
66.5732498, 7.19999981, -51.5364189148
67.5563889, 7.19999981, -51.5583992004
68.5395279, 7.19999981, -51.5838623047
69.5226669, 7.19999981, -51.6134490967
70.505806, 7.19999981, -51.6479492188
71.488945, 7.19999981, -51.6882705688
72.472084, 7.19999981, -51.7353858948
73.4552231, 7.19999981, -51.7903175354
74.4383621, 7.19999981, -51.8543128967
75.4215088, 7.19999981, -51.9291152954
76.4046478, 7.19999981, -52.0169677734
77.3877869, 7.19999981, -52.1204299927
78.3709259, 7.19999981, -52.2423629761
79.3540649, 7.19999981, -52.3861732483
80.337204, 7.19999981, -52.5559120178
81.320343, 7.19999981, -52.7560119629
82.3034821, 7.19999981, -52.991394043
83.2866211, 7.19999981, -53.2688865662
84.2697601, 7.19999981, -53.5974731445
85.2529068, 7.19999981, -53.985042572
86.2360458, 7.19999981, -54.4356613159
87.2191849, 7.19999981, -54.9534873962
88.2023239, 7.19999981, -55.5468673706
89.185463, 7.19999981, -56.2350845337
90.168602, 7.19999981, -57.0403594971
91.151741, 7.19999981, -57.9701957703
92.1348801, 7.19999981, -59.0122833252
93.1180191, 7.19999981, -60.1148605347
94.1011581, 7.19999981, -61.4515991211
95.0843048, 7.19999981, -62.9385910034
96.0674438, 7.19999981, -64.5590362549
97.0505829, 7.19999981, -66.2926025391
98.0337219, 7.19999981, -68.1256256104
99.016861, 7.19999981, -70.0387954712
10.4929028, 8.0, -40.2989883423
11.465806, 8.0, -42.2133293152
12.4387093, 8.0, -44.0488471985
13.4116125, 8.0, -45.6754150391
14.3845158, 8.0, -47.0574836731
15.357419, 8.0, -48.205280304
16.3303223, 8.0, -49.1470680237
17.3032265, 8.0, -49.9156494141
18.2761288, 8.0, -50.542755127
19.249033, 8.0, -51.057674408
20.2219353, 8.0, -51.4861335754
21.1948395, 8.0, -51.8495864868
22.1677418, 8.0, -52.1641044617
23.140646, 8.0, -52.4413986206
24.1135483, 8.0, -52.6901168823
25.0864525, 8.0, -52.9155235291
26.0593548, 8.0, -53.1199607849
27.032259, 8.0, -53.3042068481
28.0051613, 8.0, -53.4693450928
28.9780636, 8.0, -53.6171340942
29.9509678, 8.0, -53.7491035461
30.9238701, 8.0, -53.8663406372
31.8967743, 8.0, -53.9696846008
32.8696785, 8.0, -54.0601463318
33.8425789, 8.0, -54.1389350891
34.8154831, 8.0, -54.2073249817
35.7883873, 8.0, -54.2665634155
36.7612915, 8.0, -54.3178215027
37.7341919, 8.0, -54.3621368408
38.7070961, 8.0, -54.4003601074
39.6800003, 8.0, -54.4332618713
40.6529045, 8.0, -54.4616775513
41.6258049, 8.0, -54.4863700867
42.5987091, 8.0, -54.5079040527
43.5716133, 8.0, -54.526714325
44.5445175, 8.0, -54.543182373
45.5174179, 8.0, -54.5576286316
46.4903221, 8.0, -54.5703620911
47.4632263, 8.0, -54.5816688538
48.4361305, 8.0, -54.5917892456
49.4090309, 8.0, -54.600944519
50.3819351, 8.0, -54.6093292236
51.3548393, 8.0, -54.6171226501
52.3277435, 8.0, -54.6244812012
53.3006439, 8.0, -54.6315727234
54.2735481, 8.0, -54.6385345459
55.2464523, 8.0, -54.6455192566
56.2193565, 8.0, -54.6526756287
57.1922569, 8.0, -54.6601486206
58.1651611, 8.0, -54.6680984497
59.1380653, 8.0, -54.6766967773
60.1109695, 8.0, -54.6861305237
61.0838699, 8.0, -54.6966056824
62.0567741, 8.0, -54.7083435059
63.0296783, 8.0, -54.7216110229
64.0025787, 8.0, -54.7367019653
64.9754868, 8.0, -54.7539558411
65.9483871, 8.0, -54.773765564
66.9212875, 8.0, -54.796585083
67.8941956, 8.0, -54.8229637146
68.8670959, 8.0, -54.8535652161
69.8399963, 8.0, -54.8892326355
70.8129044, 8.0, -54.9311027527
71.7858047, 8.0, -54.9805335999
72.7587128, 8.0, -55.0387382507
73.7316132, 8.0, -55.1065673828
74.7045135, 8.0, -55.1851158142
75.6774216, 8.0, -55.276550293
76.650322, 8.0, -55.3836250305
77.6232224, 8.0, -55.5093421936
78.5961304, 8.0, -55.657119751
79.5690308, 8.0, -55.8309211731
80.5419388, 8.0, -56.0351600647
81.5148392, 8.0, -56.2729492188
82.4877396, 8.0, -56.5467987061
83.4606476, 8.0, -56.8679885864
84.433548, 8.0, -57.2573280334
85.4064484, 8.0, -57.7276992798
86.3793564, 8.0, -58.2760314941
87.3522568, 8.0, -58.9003372192
88.3251648, 8.0, -59.6072311401
89.2980652, 8.0, -60.3846282959
90.2709656, 8.0, -61.3876609802
91.2438736, 8.0, -62.5446205139
92.216774, 8.0, -63.8478126526
93.1896744, 8.0, -65.3157577515
94.1625824, 8.0, -66.9694213867
95.1354828, 8.0, -68.8074264526
96.1083908, 8.0, -70.8104248047
97.0812912, 8.0, -72.9555740356
98.0541916, 8.0, -75.2193145752
99.0270996, 8.0, -77.5783081055
11.4346666, 8.80000019, -41.9961738586
12.3973331, 8.80000019, -44.3921089172
13.3599997, 8.80000019, -46.4795951843
14.3226671, 8.80000019, -48.2268180847
15.2853336, 8.80000019, -49.6641654968
16.2479992, 8.80000019, -50.834438324
17.2106667, 8.80000019, -51.7822113037
18.1733341, 8.80000019, -52.5504112244
19.1359997, 8.80000019, -53.1760139465
20.0986671, 8.80000019, -53.6908378601
21.0613327, 8.80000019, -54.1218719482
22.0240002, 8.80000019, -54.4904403687
22.9866657, 8.80000019, -54.8133163452
23.9493332, 8.80000019, -55.102897644
24.9120007, 8.80000019, -55.366733551
25.8746662, 8.80000019, -55.607383728
26.8373337, 8.80000019, -55.8239059448
27.7999992, 8.80000019, -56.0167961121
28.7626667, 8.80000019, -56.1898460388
29.7253342, 8.80000019, -56.3461074829
30.6879997, 8.80000019, -56.4869880676
31.6506672, 8.80000019, -56.6122322083
32.6133347, 8.80000019, -56.7222595215
33.5760002, 8.80000019, -56.8181533813
34.5386658, 8.80000019, -56.9013137817
35.5013351, 8.80000019, -56.9732131958
36.4640007, 8.80000019, -57.0352706909
37.4266663, 8.80000019, -57.0887184143
38.3893318, 8.80000019, -57.1343803406
39.3520012, 8.80000019, -57.172744751
40.3146667, 8.80000019, -57.2049713135
41.2773323, 8.80000019, -57.232673645
42.2400017, 8.80000019, -57.2567062378
43.2026672, 8.80000019, -57.2776374817
44.1653328, 8.80000019, -57.2959098816
45.1279984, 8.80000019, -57.3119125366
46.0906677, 8.80000019, -57.3259849548
47.0533333, 8.80000019, -57.338432312
48.0159988, 8.80000019, -57.3495254517
48.9786682, 8.80000019, -57.3595046997
49.9413338, 8.80000019, -57.3685836792
50.9039993, 8.80000019, -57.3769569397
51.8666649, 8.80000019, -57.384803772
52.8293343, 8.80000019, -57.3922920227
53.7919998, 8.80000019, -57.3995704651
54.7546654, 8.80000019, -57.4067993164
55.7173347, 8.80000019, -57.4141273499
56.6800003, 8.80000019, -57.4217071533
57.6426659, 8.80000019, -57.4296951294
58.6053352, 8.80000019, -57.4382629395
59.5680008, 8.80000019, -57.4475898743
60.5306664, 8.80000019, -57.4578781128
61.4933319, 8.80000019, -57.4693489075
62.4560013, 8.80000019, -57.4822502136
63.4186668, 8.80000019, -57.4968643188
64.3813324, 8.80000019, -57.5135154724
65.3440018, 8.80000019, -57.5325775146
66.3066635, 8.80000019, -57.5544815063
67.2693329, 8.80000019, -57.5797424316
68.2320023, 8.80000019, -57.6089782715
69.194664, 8.80000019, -57.6429786682
70.1573334, 8.80000019, -57.682849884
71.1200027, 8.80000019, -57.7305107117
72.0826645, 8.80000019, -57.788482666
73.0453339, 8.80000019, -57.8585700989
74.0080032, 8.80000019, -57.9398765564
74.970665, 8.80000019, -58.0336380005
75.9333344, 8.80000019, -58.142829895
76.8960037, 8.80000019, -58.2705230713
77.8586655, 8.80000019, -58.4201965332
78.8213348, 8.80000019, -58.5958328247
79.7839966, 8.80000019, -58.8019790649
80.746666, 8.80000019, -59.0433540344
81.7093353, 8.80000019, -59.3235015869
82.6719971, 8.80000019, -59.6160049438
83.6346664, 8.80000019, -59.9415245056
84.5973358, 8.80000019, -60.405002594
85.5599976, 8.80000019, -60.9766273499
86.5226669, 8.80000019, -61.6462669373
87.4853363, 8.80000019, -62.4199447632
88.447998, 8.80000019, -63.3088493347
89.4106674, 8.80000019, -64.3471679688
90.3733368, 8.80000019, -65.5627365112
91.3359985, 8.80000019, -66.9641113281
92.2986679, 8.80000019, -68.5527801514
93.2613297, 8.80000019, -70.3421096802
94.223999, 8.80000019, -72.338394165
95.1866684, 8.80000019, -74.5395584106
96.1493301, 8.80000019, -76.9361038208
97.1119995, 8.80000019, -79.5144119263
98.0746689, 8.80000019, -82.2353286743
99.0373306, 8.80000019, -85.0814971924
12.3764305, 9.60000038, -44.1387290955
13.3288603, 9.60000038, -46.7391395569
14.2812901, 9.60000038, -48.8818244934
15.2337208, 9.60000038, -50.6290359497
16.1861496, 9.60000038, -52.0436401367
17.1385803, 9.60000038, -53.1848983765
18.091011, 9.60000038, -54.1014976501
19.0434418, 9.60000038, -54.838470459
19.9958706, 9.60000038, -55.4371948242
20.9483013, 9.60000038, -55.9321937561
21.900732, 9.60000038, -56.350769043
22.8531609, 9.60000038, -56.7137336731
23.8055916, 9.60000038, -57.0385932922
24.7580223, 9.60000038, -57.3368263245
25.7104511, 9.60000038, -57.6125259399
26.6628819, 9.60000038, -57.8596954346
27.6153126, 9.60000038, -58.0747184753
28.5677414, 9.60000038, -58.2675170898
29.5201721, 9.60000038, -58.4455757141
30.4726028, 9.60000038, -58.6127357483
31.4250317, 9.60000038, -58.7640762329
32.3774605, 9.60000038, -58.8980522156
33.3298912, 9.60000038, -59.0151443481
34.2823219, 9.60000038, -59.1167106628
35.2347527, 9.60000038, -59.2044067383
36.1871834, 9.60000038, -59.2799224854
37.1396141, 9.60000038, -59.344783783
38.0920448, 9.60000038, -59.3999824524
39.0444717, 9.60000038, -59.4439048767
39.9969025, 9.60000038, -59.4771690369
40.9493332, 9.60000038, -59.5049133301
41.9017639, 9.60000038, -59.5286636353
42.8541946, 9.60000038, -59.5491867065
43.8066254, 9.60000038, -59.5670051575
44.7590523, 9.60000038, -59.5825386047
45.711483, 9.60000038, -59.5961380005
46.6639137, 9.60000038, -59.6081123352
47.6163445, 9.60000038, -59.6187286377
48.5687752, 9.60000038, -59.6282196045
49.5212059, 9.60000038, -59.6367950439
50.4736328, 9.60000038, -59.6446456909
51.4260635, 9.60000038, -59.6519432068
52.3784943, 9.60000038, -59.6588363647
53.330925, 9.60000038, -59.665473938
54.2833557, 9.60000038, -59.6719970703
55.2357864, 9.60000038, -59.6785430908
56.1882133, 9.60000038, -59.6852455139
57.1406441, 9.60000038, -59.6922454834
58.0930748, 9.60000038, -59.6996841431
59.0455055, 9.60000038, -59.7077255249
59.9979362, 9.60000038, -59.7165374756
60.950367, 9.60000038, -59.7263069153
61.9027939, 9.60000038, -59.7372398376
62.8552246, 9.60000038, -59.7495727539
63.8076553, 9.60000038, -59.7635803223
64.7600861, 9.60000038, -59.7795677185
65.7125168, 9.60000038, -59.7978935242
66.6649475, 9.60000038, -59.8189888
67.6173782, 9.60000038, -59.8433647156
68.569809, 9.60000038, -59.8716659546
69.5222397, 9.60000038, -59.9047660828
70.4746704, 9.60000038, -59.9440460205
71.4270935, 9.60000038, -59.9920768738
72.3795242, 9.60000038, -60.0608634949
73.331955, 9.60000038, -60.1455192566
74.2843857, 9.60000038, -60.2448921204
75.2368164, 9.60000038, -60.3607025146
76.1892471, 9.60000038, -60.4958267212
77.1416779, 9.60000038, -60.6538009644
78.0941086, 9.60000038, -60.8387298584
79.0465393, 9.60000038, -61.0553398132
79.99897, 9.60000038, -61.3088912964
80.9514008, 9.60000038, -61.604724884
81.9038315, 9.60000038, -61.944644928
82.8562546, 9.60000038, -62.3354377747
83.8086853, 9.60000038, -62.8037490845
84.761116, 9.60000038, -63.3743896484
85.7135468, 9.60000038, -64.0573577881
86.6659775, 9.60000038, -64.8575363159
87.6184082, 9.60000038, -65.7863235474
88.5708389, 9.60000038, -66.86302948
89.5232697, 9.60000038, -68.1113128662
90.4757004, 9.60000038, -69.5525131226
91.4281311, 9.60000038, -71.204460144
92.3805618, 9.60000038, -73.0748214722
93.3329926, 9.60000038, -75.1742019653
94.2854156, 9.60000038, -77.5119628906
95.2378464, 9.60000038, -80.0778884888
96.1902771, 9.60000038, -82.9039840698
97.1427078, 9.60000038, -85.9451065063
98.0951385, 9.60000038, -89.1714859009
99.0475693, 9.60000038, -92.5421447754
13.3181934, 10.3999996, -46.4385490417
14.2603874, 10.3999996, -49.0017471313
15.2025805, 10.3999996, -51.07995224
16.1447735, 10.3999996, -52.75806427
17.0869675, 10.3999996, -54.1074981689
18.0291615, 10.3999996, -55.1845664978
18.9713554, 10.3999996, -56.0428009033
19.9135475, 10.3999996, -56.7298126221
20.8557415, 10.3999996, -57.2877845764
21.7979355, 10.3999996, -57.7528572083
22.7401295, 10.3999996, -58.1495056152
23.6823235, 10.3999996, -58.5013008118
24.6245155, 10.3999996, -58.8255805969
25.5667095, 10.3999996, -59.1359596252
26.5089035, 10.3999996, -59.4164009094
27.4510975, 10.3999996, -59.6420135498
28.3932896, 10.3999996, -59.8430480957
29.3354836, 10.3999996, -60.0360336304
30.2776775, 10.3999996, -60.2399902344
31.2198715, 10.3999996, -60.4298095703
32.1620636, 10.3999996, -60.5996170044
33.1042595, 10.3999996, -60.7487220764
34.0464516, 10.3999996, -60.8782920837
34.9886436, 10.3999996, -60.9901657104
35.9308395, 10.3999996, -61.0863685608
36.8730316, 10.3999996, -61.1688194275
37.8152275, 10.3999996, -61.2390823364
38.7574196, 10.3999996, -61.2979850769
39.6996117, 10.3999996, -61.3466758728
40.6418076, 10.3999996, -61.3874435425
41.5839996, 10.3999996, -61.42212677
42.5261917, 10.3999996, -61.4519195557
43.4683876, 10.3999996, -61.4776687622
44.4105797, 10.3999996, -61.5000152588
45.3527756, 10.3999996, -61.5195083618
46.2949677, 10.3999996, -61.5365943909
47.2371597, 10.3999996, -61.5516700745
48.1793556, 10.3999996, -61.5650863647
49.1215477, 10.3999996, -61.5771369934
50.0637436, 10.3999996, -61.588092804
51.0059357, 10.3999996, -61.5981941223
51.9481277, 10.3999996, -61.6076583862
52.8903236, 10.3999996, -61.6166877747
53.8325157, 10.3999996, -61.6254730225
54.7747078, 10.3999996, -61.6341972351
55.7169037, 10.3999996, -61.6430397034
56.6590958, 10.3999996, -61.6521873474
57.6012917, 10.3999996, -61.6618309021
58.5434837, 10.3999996, -61.672164917
59.4856758, 10.3999996, -61.6834030151
60.4278717, 10.3999996, -61.6957893372
61.3700638, 10.3999996, -61.7095794678
62.3122597, 10.3999996, -61.725063324
63.2544518, 10.3999996, -61.7425765991
64.1966476, 10.3999996, -61.7625007629
65.1388397, 10.3999996, -61.7852745056
66.0810318, 10.3999996, -61.8114089966
67.0232239, 10.3999996, -61.8415260315
67.965416, 10.3999996, -61.8763694763
68.9076157, 10.3999996, -61.9169006348
69.8498077, 10.3999996, -61.9644393921
70.7919998, 10.3999996, -62.0209884644
71.7341919, 10.3999996, -62.090549469
72.676384, 10.3999996, -62.1756668091
73.6185837, 10.3999996, -62.277217865
74.5607758, 10.3999996, -62.3963432312
75.5029678, 10.3999996, -62.5354156494
76.4451599, 10.3999996, -62.6977424622
77.387352, 10.3999996, -62.8873786926
78.3295517, 10.3999996, -63.1090736389
79.2717438, 10.3999996, -63.3683052063
80.2139359, 10.3999996, -63.6712341309
81.1561279, 10.3999996, -64.024307251
82.09832, 10.3999996, -64.4354553223
83.0405197, 10.3999996, -64.9176254272
83.9827118, 10.3999996, -65.4881439209
84.9249039, 10.3999996, -66.1639862061
85.8670959, 10.3999996, -66.959274292
86.809288, 10.3999996, -67.8879623413
87.7514801, 10.3999996, -68.9669189453
88.6936798, 10.3999996, -70.2166748047
89.6358719, 10.3999996, -71.6622161865
90.578064, 10.3999996, -73.3226165771
91.520256, 10.3999996, -75.2145309448
92.4624481, 10.3999996, -77.3558349609
93.4046478, 10.3999996, -79.7501068115
94.3468399, 10.3999996, -82.4421081543
95.289032, 10.3999996, -85.4361038208
96.2312241, 10.3999996, -88.7177429199
97.1734161, 10.3999996, -92.2609634399
98.1156158, 10.3999996, -96.0176315308
99.0578079, 10.3999996, -99.9493179321
14.2599573, 11.1999998, -48.5743103027
15.1919136, 11.1999998, -51.0098114014
16.1238708, 11.1999998, -52.9752349854
17.0558281, 11.1999998, -54.5546035767
17.9877853, 11.1999998, -55.8135299683
18.9197426, 11.1999998, -56.809879303
19.8516998, 11.1999998, -57.5955467224
20.7836552, 11.1999998, -58.2192802429
21.7156124, 11.1999998, -58.7285385132
22.6475697, 11.1999998, -59.1572227478
23.5795269, 11.1999998, -59.5281105042
24.5114841, 11.1999998, -59.8583641052
25.4434414, 11.1999998, -60.2060012817
26.3753986, 11.1999998, -60.5607376099
27.307354, 11.1999998, -60.8871269226
28.2393112, 11.1999998, -61.1837043762
29.1712685, 11.1999998, -61.4567642212
30.1032257, 11.1999998, -61.7126617432
31.035183, 11.1999998, -61.9472389221
31.9671402, 11.1999998, -62.1565895081
32.8990974, 11.1999998, -62.3403892517
33.8310547, 11.1999998, -62.5000915527
34.7630119, 11.1999998, -62.6379241943
35.6949692, 11.1999998, -62.7563438416
36.6269264, 11.1999998, -62.8577537537
37.5588799, 11.1999998, -62.944316864
38.4908371, 11.1999998, -63.0178337097
39.4227943, 11.1999998, -63.0799980164
40.3547516, 11.1999998, -63.1326522827
41.2867088, 11.1999998, -63.1775169373
42.2186661, 11.1999998, -63.2159805298
43.1506233, 11.1999998, -63.2491264343
44.0825806, 11.1999998, -63.2778167725
45.0145378, 11.1999998, -63.3027648926
45.9464951, 11.1999998, -63.3245697021
46.8784523, 11.1999998, -63.3437423706
47.8104095, 11.1999998, -63.3607330322
48.7423668, 11.1999998, -63.3759269714
49.674324, 11.1999998, -63.3896598816
50.6062813, 11.1999998, -63.4022369385
51.5382347, 11.1999998, -63.413936615
52.470192, 11.1999998, -63.4250030518
53.4021492, 11.1999998, -63.4356689453
54.3341064, 11.1999998, -63.4461631775
55.2660637, 11.1999998, -63.4566917419
56.1980209, 11.1999998, -63.4674797058
57.1299782, 11.1999998, -63.4787445068
58.0619354, 11.1999998, -63.4907150269
58.9938927, 11.1999998, -63.5036354065
59.9258499, 11.1999998, -63.5177726746
60.8578072, 11.1999998, -63.5334205627
61.7897644, 11.1999998, -63.5508995056
62.7217216, 11.1999998, -63.5705833435
63.6536789, 11.1999998, -63.5928840637
64.5856323, 11.1999998, -63.6182861328
65.5175934, 11.1999998, -63.6473388672
66.4495468, 11.1999998, -63.6807022095
67.3815079, 11.1999998, -63.7191581726
68.3134613, 11.1999998, -63.7636604309
69.2454224, 11.1999998, -63.8154296875
70.1773758, 11.1999998, -63.8760719299
71.1093369, 11.1999998, -63.9478607178
72.0412903, 11.1999998, -64.0332336426
72.9732437, 11.1999998, -64.1343154907
73.9052048, 11.1999998, -64.2530899048
74.8371582, 11.1999998, -64.3919067383
75.7691193, 11.1999998, -64.5538406372
76.7010727, 11.1999998, -64.7427139282
77.6330338, 11.1999998, -64.9631195068
78.5649872, 11.1999998, -65.220413208
79.4969482, 11.1999998, -65.5208282471
80.4289017, 11.1999998, -65.8714828491
81.3608627, 11.1999998, -66.2807312012
82.2928162, 11.1999998, -66.7590560913
83.2247772, 11.1999998, -67.3196487427
84.1567307, 11.1999998, -67.9777603149
85.0886917, 11.1999998, -68.7495727539
86.0206451, 11.1999998, -69.6517028809
86.9525986, 11.1999998, -70.7021484375
87.8845596, 11.1999998, -71.9226531982
88.8165131, 11.1999998, -73.333404541
89.7484741, 11.1999998, -74.954498291
90.6804276, 11.1999998, -76.8144760132
91.6123886, 11.1999998, -78.9357147217
92.544342, 11.1999998, -81.325958252
93.4763031, 11.1999998, -84.0715560913
94.4082565, 11.1999998, -87.1610031128
95.3402176, 11.1999998, -90.5938415527
96.272171, 11.1999998, -94.3600540161
97.2041321, 11.1999998, -98.4277801514
98.1360855, 11.1999998, -102.761268616
99.0680466, 11.1999998, -107.309524536
15.2017202, 12.0, -50.4169616699
16.1234417, 12.0, -52.7003288269
17.0451622, 12.0, -54.5394096375
17.9668808, 12.0, -56.0100440979
18.8886013, 12.0, -57.1711158752
19.8103218, 12.0, -58.0746879578
20.7320423, 12.0, -58.7825241089
21.6537628, 12.0, -59.3456573486
22.5754833, 12.0, -59.7804298401
23.4972038, 12.0, -60.2093086243
24.4189243, 12.0, -60.6614112854
25.3406448, 12.0, -61.1162147522
26.2623653, 12.0, -61.5613098145
27.1840858, 12.0, -61.979259491
28.1058064, 12.0, -62.3622894287
29.0275269, 12.0, -62.710357666
29.9492474, 12.0, -63.0256614685
30.8709679, 12.0, -63.3085403442
31.7926884, 12.0, -63.5589370728
32.7144089, 12.0, -63.7780151367
33.6361275, 12.0, -63.9680328369
34.5578499, 12.0, -64.1318283081
35.4795685, 12.0, -64.2723999023
36.4012909, 12.0, -64.3926849365
37.3230095, 12.0, -64.4953765869
38.2447319, 12.0, -64.5828704834
39.1664505, 12.0, -64.6573181152
40.0881729, 12.0, -64.720703125
41.0098915, 12.0, -64.774810791
41.9316139, 12.0, -64.8211669922
42.8533325, 12.0, -64.8610534668
43.7750549, 12.0, -64.8955001831
44.6967735, 12.0, -64.9253845215
45.6184959, 12.0, -64.9514389038
46.5402145, 12.0, -64.9742889404
47.461937, 12.0, -64.994468689
48.3836555, 12.0, -65.0124359131
49.305378, 12.0, -65.0286026001
50.2270966, 12.0, -65.0433273315
51.148819, 12.0, -65.0569229126
52.0705376, 12.0, -65.069694519
52.9922562, 12.0, -65.0818939209
53.9139786, 12.0, -65.093788147
54.8356972, 12.0, -65.1056137085
55.7574196, 12.0, -65.1176147461
56.6791382, 12.0, -65.1300201416
57.6008606, 12.0, -65.1430969238
58.5225792, 12.0, -65.1571044922
59.4443016, 12.0, -65.1723098755
60.3660202, 12.0, -65.1890411377
61.2877426, 12.0, -65.2076263428
62.2094612, 12.0, -65.2284545898
63.1311836, 12.0, -65.251953125
64.0529022, 12.0, -65.2786102295
64.9746246, 12.0, -65.3089981079
65.896347, 12.0, -65.3437652588
66.8180618, 12.0, -65.3836975098
67.7397842, 12.0, -65.4297103882
68.6615067, 12.0, -65.4829330444
69.5832291, 12.0, -65.5447463989
70.5049438, 12.0, -65.6168899536
71.4266663, 12.0, -65.7014160156
72.3483887, 12.0, -65.8004989624
73.2701111, 12.0, -65.9164505005
74.1918259, 12.0, -66.0517883301
75.1135483, 12.0, -66.209526062
76.0352707, 12.0, -66.3932723999
76.9569855, 12.0, -66.6073150635
77.8787079, 12.0, -66.8567504883
78.8004303, 12.0, -67.1475067139
79.7221527, 12.0, -67.4864807129
80.6438675, 12.0, -67.881729126
81.5655899, 12.0, -68.3428344727
82.4873123, 12.0, -68.8812484741
83.4090347, 12.0, -69.5104217529
84.3307495, 12.0, -70.2456588745
85.2524719, 12.0, -71.1038284302
86.1741943, 12.0, -72.1042938232
87.0959167, 12.0, -73.2666320801
88.0176315, 12.0, -74.6103515625
88.9393539, 12.0, -76.1576766968
89.8610764, 12.0, -77.9340286255
90.7827988, 12.0, -79.949005127
91.7045135, 12.0, -82.3193511963
92.626236, 12.0, -85.0431137085
93.5479584, 12.0, -88.1440887451
94.4696808, 12.0, -91.6352844238
95.3913956, 12.0, -95.5205612183
96.313118, 12.0, -99.7869567871
97.2348404, 12.0, -104.424278259
98.1565628, 12.0, -109.382080078
99.0782776, 12.0, -114.600013733
16.1434841, 12.8000002, -51.9390449524
17.0549679, 12.8000002, -54.0742721558
17.9664516, 12.8000002, -55.794467926
18.8779354, 12.8000002, -57.1581726074
19.7894192, 12.8000002, -58.2159729004
20.7009029, 12.8000002, -59.0371704102
21.6123867, 12.8000002, -59.6524238586
22.5238705, 12.8000002, -60.1703529358
23.4353542, 12.8000002, -60.7254295349
24.346838, 12.8000002, -61.2951164246
25.2583218, 12.8000002, -61.859287262
26.1698055, 12.8000002, -62.4011535645
27.0812912, 12.8000002, -62.9075965881
27.992775, 12.8000002, -63.3711357117
28.9042587, 12.8000002, -63.7896537781
29.8157425, 12.8000002, -64.1640396118
30.7272263, 12.8000002, -64.4960098267
31.63871, 12.8000002, -64.7876586914
32.5501938, 12.8000002, -65.0417098999
33.4616776, 12.8000002, -65.26146698
34.3731613, 12.8000002, -65.450553894
35.2846451, 12.8000002, -65.6126098633
36.1961288, 12.8000002, -65.7511138916
37.1076126, 12.8000002, -65.8692855835
38.0190964, 12.8000002, -65.9700012207
38.9305801, 12.8000002, -66.055809021
39.8420639, 12.8000002, -66.1289596558
40.7535477, 12.8000002, -66.1914367676
41.6650314, 12.8000002, -66.2449493408
42.5765152, 12.8000002, -66.2909240723
43.487999, 12.8000002, -66.3305664062
44.3994827, 12.8000002, -66.3648986816
45.3109665, 12.8000002, -66.3947677612
46.2224503, 12.8000002, -66.4208908081
47.133934, 12.8000002, -66.4438858032
48.0454178, 12.8000002, -66.464302063
48.9569016, 12.8000002, -66.4825897217
49.8683853, 12.8000002, -66.4991607666
50.7798691, 12.8000002, -66.5143814087
51.6913567, 12.8000002, -66.5285644531
52.6028404, 12.8000002, -66.5420227051
53.5143242, 12.8000002, -66.5550231934
54.425808, 12.8000002, -66.5678405762
55.3372917, 12.8000002, -66.5807189941
56.2487755, 12.8000002, -66.5939254761
57.1602592, 12.8000002, -66.607711792
58.071743, 12.8000002, -66.6223602295
58.9832268, 12.8000002, -66.6381530762
59.8947105, 12.8000002, -66.6554107666
60.8061943, 12.8000002, -66.6744689941
61.7176781, 12.8000002, -66.6957244873
62.6291618, 12.8000002, -66.7195892334
63.5406456, 12.8000002, -66.7465591431
64.4521255, 12.8000002, -66.7771835327
65.3636093, 12.8000002, -66.8121109009
66.2750931, 12.8000002, -66.8520736694
67.1865768, 12.8000002, -66.8979644775
68.0980682, 12.8000002, -66.9508056641
69.009552, 12.8000002, -67.0118408203
69.9210358, 12.8000002, -67.082572937
70.8325195, 12.8000002, -67.1647491455
71.7440033, 12.8000002, -67.2604064941
72.6554871, 12.8000002, -67.3717803955
73.5669708, 12.8000002, -67.501411438
74.4784546, 12.8000002, -67.6522064209
75.3899384, 12.8000002, -67.8275909424
76.3014221, 12.8000002, -68.0315628052
77.2129059, 12.8000002, -68.2688293457
78.1243896, 12.8000002, -68.544883728
79.0358734, 12.8000002, -68.8661346436
79.9473572, 12.8000002, -69.2400512695
80.8588409, 12.8000002, -69.6754074097
81.7703247, 12.8000002, -70.1824798584
82.6818085, 12.8000002, -70.7734069824
83.5932922, 12.8000002, -71.4621429443
84.504776, 12.8000002, -72.2647247314
85.4162598, 12.8000002, -73.1994018555
86.3277435, 12.8000002, -74.2822341919
87.2392273, 12.8000002, -75.5342407227
88.1507111, 12.8000002, -76.9762039185
89.0621948, 12.8000002, -78.6399154663
89.9736786, 12.8000002, -80.5326004028
90.8851624, 12.8000002, -82.7973709106
91.7966461, 12.8000002, -85.4352798462
92.7081299, 12.8000002, -88.4717636108
93.6196136, 12.8000002, -91.9281387329
94.5310974, 12.8000002, -95.8248214722
95.4425812, 12.8000002, -100.165084839
96.3540649, 12.8000002, -104.973045349
97.2655487, 12.8000002, -110.217269897
98.1770325, 12.8000002, -115.85219574
99.0885162, 12.8000002, -121.809501648
17.085247, 13.6000004, -53.1661567688
17.9864941, 13.6000004, -55.177772522
18.8877411, 13.6000004, -56.7905578613
19.78899, 13.6000004, -58.0509376526
20.690237, 13.6000004, -59.0301551819
21.5914841, 13.6000004, -59.7487602234
22.4927311, 13.6000004, -60.389339447
23.3939781, 13.6000004, -61.0668907166
24.2952251, 13.6000004, -61.754119873
25.1964722, 13.6000004, -62.4262084961
26.0977211, 13.6000004, -63.0649871826
26.9989681, 13.6000004, -63.6580123901
27.9002151, 13.6000004, -64.1983032227
28.8014622, 13.6000004, -64.6835708618
29.7027092, 13.6000004, -65.1147079468
30.6039562, 13.6000004, -65.4943466187
31.5052052, 13.6000004, -65.8259887695
32.4064522, 13.6000004, -66.1137008667
33.3076973, 13.6000004, -66.3618545532
34.2089462, 13.6000004, -66.5749130249
35.1101952, 13.6000004, -66.7572097778
36.0114403, 13.6000004, -66.9128036499
36.9126892, 13.6000004, -67.0454101562
37.8139343, 13.6000004, -67.1583404541
38.7151833, 13.6000004, -67.2545318604
39.6164284, 13.6000004, -67.3365249634
40.5176773, 13.6000004, -67.4065246582
41.4189262, 13.6000004, -67.4664306641
42.3201714, 13.6000004, -67.5178451538
43.2214203, 13.6000004, -67.5621185303
44.1226654, 13.6000004, -67.6003875732
45.0239143, 13.6000004, -67.6336212158
45.9251595, 13.6000004, -67.6626281738
46.8264084, 13.6000004, -67.6881027222
47.7276573, 13.6000004, -67.7106399536
48.6289024, 13.6000004, -67.730758667
49.5301514, 13.6000004, -67.7489089966
50.4313965, 13.6000004, -67.7654876709
51.3326454, 13.6000004, -67.7808456421
52.2338943, 13.6000004, -67.7953109741
53.1351395, 13.6000004, -67.8091812134
54.0363884, 13.6000004, -67.8227310181
54.9376335, 13.6000004, -67.8362350464
55.8388824, 13.6000004, -67.8499526978
56.7401276, 13.6000004, -67.8641586304
57.6413765, 13.6000004, -67.8791275024
58.5426254, 13.6000004, -67.895149231
59.4438705, 13.6000004, -67.9125366211
60.3451195, 13.6000004, -67.9316253662
61.2463646, 13.6000004, -67.9527893066
62.1476135, 13.6000004, -67.9764480591
63.0488586, 13.6000004, -68.0030670166
63.9501076, 13.6000004, -68.0331954956
64.8513565, 13.6000004, -68.0674209595
65.7526016, 13.6000004, -68.1064605713
66.6538467, 13.6000004, -68.1511306763
67.5550995, 13.6000004, -68.2023849487
68.4563446, 13.6000004, -68.2613525391
69.3575897, 13.6000004, -68.3293457031
70.2588425, 13.6000004, -68.4079437256
71.1600876, 13.6000004, -68.4989547729
72.0613327, 13.6000004, -68.6044692993
72.9625778, 13.6000004, -68.7268676758
73.8638306, 13.6000004, -68.8689117432
74.7650757, 13.6000004, -69.0337753296
75.6663208, 13.6000004, -69.2251663208
76.5675735, 13.6000004, -69.4473953247
77.4688187, 13.6000004, -69.7054748535
78.3700638, 13.6000004, -70.0052032471
79.2713089, 13.6000004, -70.3533477783
80.1725616, 13.6000004, -70.7578048706
81.0738068, 13.6000004, -71.2278671265
81.9750519, 13.6000004, -71.7743530273
82.8763046, 13.6000004, -72.4097366333
83.7775497, 13.6000004, -73.1497421265
84.6787949, 13.6000004, -74.0071334839
85.58004, 13.6000004, -74.9984130859
86.4812927, 13.6000004, -76.141708374
87.3825378, 13.6000004, -77.458404541
88.283783, 13.6000004, -78.9810333252
89.1850357, 13.6000004, -80.7312088013
90.0862808, 13.6000004, -82.8480758667
90.9875259, 13.6000004, -85.339805603
91.8887711, 13.6000004, -88.2389221191
92.7900238, 13.6000004, -91.5749435425
93.6912689, 13.6000004, -95.3773193359
94.592514, 13.6000004, -99.6731948853
95.4937668, 13.6000004, -104.498100281
96.3950119, 13.6000004, -109.869361877
97.296257, 13.6000004, -115.764213562
98.1975021, 13.6000004, -122.139686584
99.0987549, 13.6000004, -128.925140381
18.02701, 14.3999996, -54.1579284668
18.9180222, 14.3999996, -56.0698547363
19.8090324, 14.3999996, -57.5871353149
20.7000427, 14.3999996, -58.776889801
21.591053, 14.3999996, -59.662727356
22.4820652, 14.3999996, -60.4268608093
23.3730755, 14.3999996, -61.2268409729
24.2640858, 14.3999996, -62.0298957825
25.1550961, 14.3999996, -62.8082580566
26.0461082, 14.3999996, -63.5421943665
26.9371185, 14.3999996, -64.2191085815
27.8281288, 14.3999996, -64.8324737549
28.7191391, 14.3999996, -65.3805618286
29.6101513, 14.3999996, -65.8649749756
30.5011616, 14.3999996, -66.2893600464
31.3921719, 14.3999996, -66.6584396362
32.2831841, 14.3999996, -66.9774780273
33.1741943, 14.3999996, -67.2518692017
34.0652046, 14.3999996, -67.4869384766
34.9562149, 14.3999996, -67.6876983643
35.8472252, 14.3999996, -67.8588027954
36.7382355, 14.3999996, -68.004447937
37.6292458, 14.3999996, -68.128364563
38.5202599, 14.3999996, -68.2338104248
39.4112701, 14.3999996, -68.3236312866
40.3022804, 14.3999996, -68.4002609253
41.1932907, 14.3999996, -68.4657745361
42.084301, 14.3999996, -68.5219345093
42.9753113, 14.3999996, -68.5702362061
43.8663216, 14.3999996, -68.6119384766
44.7573318, 14.3999996, -68.6480865479
45.6483459, 14.3999996, -68.6795806885
46.5393562, 14.3999996, -68.7071762085
47.4303665, 14.3999996, -68.7315292358
48.3213768, 14.3999996, -68.7531967163
49.2123871, 14.3999996, -68.7726669312
50.1033974, 14.3999996, -68.7903671265
50.9944077, 14.3999996, -68.806678772
51.8854179, 14.3999996, -68.8219451904
52.7764282, 14.3999996, -68.8364715576
53.6674423, 14.3999996, -68.8505554199
54.5584526, 14.3999996, -68.8644714355
55.4494629, 14.3999996, -68.8784942627
56.3404732, 14.3999996, -68.8928909302
57.2314835, 14.3999996, -68.9079360962
58.1224937, 14.3999996, -68.9239196777
59.013504, 14.3999996, -68.9411468506
59.9045143, 14.3999996, -68.9599456787
60.7955284, 14.3999996, -68.9806747437
61.6865387, 14.3999996, -69.0037307739
62.577549, 14.3999996, -69.0295715332
63.4685593, 14.3999996, -69.0586853027
64.3595734, 14.3999996, -69.0916595459
65.2505798, 14.3999996, -69.1291427612
66.1415939, 14.3999996, -69.1718902588
67.0326004, 14.3999996, -69.2207870483
67.9236145, 14.3999996, -69.27684021
68.814621, 14.3999996, -69.3412475586
69.7056351, 14.3999996, -69.4154052734
70.5966415, 14.3999996, -69.5009384155
71.4876556, 14.3999996, -69.5997314453
72.3786697, 14.3999996, -69.7139663696
73.2696762, 14.3999996, -69.8461761475
74.1606903, 14.3999996, -69.9992752075
75.0516968, 14.3999996, -70.1766433716
75.9427109, 14.3999996, -70.3822097778
76.8337173, 14.3999996, -70.6204681396
77.7247314, 14.3999996, -70.8966217041
78.6157455, 14.3999996, -71.2166671753
79.506752, 14.3999996, -71.587600708
80.3977661, 14.3999996, -72.0175704956
81.2887726, 14.3999996, -72.5162353516
82.1797867, 14.3999996, -73.0954818726
83.0707932, 14.3999996, -73.7668533325
83.9618073, 14.3999996, -74.5425491333
84.8528137, 14.3999996, -75.4370880127
85.7438278, 14.3999996, -76.4650192261
86.6348419, 14.3999996, -77.6498031616
87.5258484, 14.3999996, -79.0166702271
88.4168625, 14.3999996, -80.5988616943
89.307869, 14.3999996, -82.5360412598
90.1988831, 14.3999996, -84.8394851685
91.0898895, 14.3999996, -87.5453491211
91.9809036, 14.3999996, -90.6874923706
92.8719177, 14.3999996, -94.3018798828
93.7629242, 14.3999996, -98.4429550171
94.6539383, 14.3999996, -103.133712769
95.5449448, 14.3999996, -108.45790863
96.4359589, 14.3999996, -114.413642883
97.3269653, 14.3999996, -121.007484436
98.2179794, 14.3999996, -128.205657959
99.1089859, 14.3999996, -135.916992188
18.9687748, 15.1999998, -54.9811019897
19.8495483, 15.1999998, -56.8109207153
20.7303219, 15.1999998, -58.2671775818
21.6110973, 15.1999998, -59.3878631592
22.4918709, 15.1999998, -60.2778091431
23.3726444, 15.1999998, -61.199432373
24.2534199, 15.1999998, -62.1166572571
25.1341934, 15.1999998, -62.998878479
26.014967, 15.1999998, -63.8247680664
26.8957424, 15.1999998, -64.5815124512
27.776516, 15.1999998, -65.2632293701
28.6572895, 15.1999998, -65.8692016602
29.538065, 15.1999998, -66.4022064209
30.4188385, 15.1999998, -66.8671112061
31.299612, 15.1999998, -67.2698822021
32.1803856, 15.1999998, -67.6169204712
33.061161, 15.1999998, -67.9146194458
33.9419365, 15.1999998, -68.169090271
34.8227081, 15.1999998, -68.3860473633
35.7034836, 15.1999998, -68.5706939697
36.584259, 15.1999998, -68.7276687622
37.4650307, 15.1999998, -68.861076355
38.3458061, 15.1999998, -68.9745025635
39.2265816, 15.1999998, -69.0710296631
40.1073532, 15.1999998, -69.1533126831
40.9881287, 15.1999998, -69.2235946655
41.8689041, 15.1999998, -69.2837905884
42.7496758, 15.1999998, -69.3355102539
43.6304512, 15.1999998, -69.3800964355
44.5112267, 15.1999998, -69.4187011719
45.3919983, 15.1999998, -69.4522857666
46.2727737, 15.1999998, -69.4816589355
47.1535492, 15.1999998, -69.5075149536
48.0343208, 15.1999998, -69.5304641724
48.9150963, 15.1999998, -69.5510101318
49.7958717, 15.1999998, -69.5696182251
50.6766434, 15.1999998, -69.5866775513
51.5574188, 15.1999998, -69.6025466919
52.4381943, 15.1999998, -69.6175537109
53.3189659, 15.1999998, -69.6320037842
54.1997414, 15.1999998, -69.6461639404
55.0805168, 15.1999998, -69.6603240967
55.9612885, 15.1999998, -69.6747360229
56.8420639, 15.1999998, -69.6896896362
57.7228394, 15.1999998, -69.7054519653
58.6036148, 15.1999998, -69.7223205566
59.4843864, 15.1999998, -69.7406158447
60.3651619, 15.1999998, -69.7606735229
61.2459373, 15.1999998, -69.7828826904
62.126709, 15.1999998, -69.8076477051
63.0074844, 15.1999998, -69.8354492188
63.8882599, 15.1999998, -69.8668212891
64.7690353, 15.1999998, -69.9023666382
65.6498032, 15.1999998, -69.942779541
66.5305786, 15.1999998, -69.9888534546
67.4113541, 15.1999998, -70.0415267944
68.2921295, 15.1999998, -70.1018600464
69.172905, 15.1999998, -70.1710968018
70.0536804, 15.1999998, -70.2506866455
70.9344482, 15.1999998, -70.3423233032
71.8152237, 15.1999998, -70.4479675293
72.6959991, 15.1999998, -70.5698852539
73.5767746, 15.1999998, -70.7107162476
74.45755, 15.1999998, -70.8735046387
75.3383255, 15.1999998, -71.0617752075
76.2190933, 15.1999998, -71.2795562744
77.0998688, 15.1999998, -71.5314788818
77.9806442, 15.1999998, -71.8227920532
78.8614197, 15.1999998, -72.1594543457
79.7421951, 15.1999998, -72.5484771729
80.6229706, 15.1999998, -72.9983062744
81.5037384, 15.1999998, -73.5194625854
82.3845139, 15.1999998, -74.1216201782
83.2652893, 15.1999998, -74.8154067993
84.1460648, 15.1999998, -75.6117248535
85.0268402, 15.1999998, -76.5280990601
85.9076157, 15.1999998, -77.583656311
86.7883835, 15.1999998, -78.8006057739
87.6691589, 15.1999998, -80.1930618286
88.5499344, 15.1999998, -81.9238128662
89.4307098, 15.1999998, -84.0075378418
90.3114853, 15.1999998, -86.4798126221
91.1922607, 15.1999998, -89.3751907349
92.0730286, 15.1999998, -92.7361068726
92.953804, 15.1999998, -96.6114044189
93.8345795, 15.1999998, -101.04914856
94.7153549, 15.1999998, -106.155258179
95.5961304, 15.1999998, -111.968894958
96.4769058, 15.1999998, -118.535018921
97.3576736, 15.1999998, -125.875312805
98.2384491, 15.1999998, -133.984130859
99.1192245, 15.1999998, -142.742965698
19.9105377, 16.0, -55.6920013428
20.7810745, 16.0, -57.469959259
21.6516132, 16.0, -58.8892097473
22.52215, 16.0, -59.9425392151
23.3926888, 16.0, -60.9828987122
24.2632256, 16.0, -62.0116500854
25.1337643, 16.0, -62.9939346313
26.0043011, 16.0, -63.906665802
26.8748379, 16.0, -64.7371444702
27.7453766, 16.0, -65.4806365967
28.6159134, 16.0, -66.1379318237
29.4864521, 16.0, -66.7133407593
30.3569889, 16.0, -67.2132034302
31.2275276, 16.0, -67.6447601318
32.0980644, 16.0, -68.0155258179
32.9686012, 16.0, -68.3328170776
33.839138, 16.0, -68.603515625
34.7096786, 16.0, -68.833946228
35.5802155, 16.0, -69.029800415
36.4507523, 16.0, -69.1961212158
37.3212891, 16.0, -69.337348938
38.1918297, 16.0, -69.4573287964
39.0623665, 16.0, -69.5593490601
39.9329033, 16.0, -69.6462554932
40.8034401, 16.0, -69.7204360962
41.6739769, 16.0, -69.7839202881
42.5445175, 16.0, -69.8384246826
43.4150543, 16.0, -69.8853683472
44.2855911, 16.0, -69.9259643555
45.1561279, 16.0, -69.9612350464
46.0266685, 16.0, -69.9920425415
46.8972054, 16.0, -70.0191192627
47.7677422, 16.0, -70.0430831909
48.638279, 16.0, -70.0644836426
49.5088158, 16.0, -70.0837936401
50.3793564, 16.0, -70.1014251709
51.2498932, 16.0, -70.1177444458
52.12043, 16.0, -70.1330871582
52.9909668, 16.0, -70.1477508545
53.8615036, 16.0, -70.1620330811
54.7320442, 16.0, -70.1761932373
55.602581, 16.0, -70.1905136108
56.4731178, 16.0, -70.2052383423
57.3436546, 16.0, -70.2206573486
58.2141953, 16.0, -70.2370529175
59.0847321, 16.0, -70.2547073364
59.9552689, 16.0, -70.2739639282
60.8258057, 16.0, -70.2951660156
61.6963425, 16.0, -70.3187103271
62.5668831, 16.0, -70.3450317383
63.4374199, 16.0, -70.3746185303
64.3079605, 16.0, -70.4080352783
65.1784973, 16.0, -70.4459075928
66.0490341, 16.0, -70.4889678955
66.9195709, 16.0, -70.5380401611
67.7901077, 16.0, -70.5941009521
68.6606445, 16.0, -70.6582489014
69.5311813, 16.0, -70.7317810059
70.4017181, 16.0, -70.8162002563
71.2722549, 16.0, -70.9132461548
72.1427994, 16.0, -71.0249328613
73.0133362, 16.0, -71.1536102295
73.883873, 16.0, -71.3019638062
74.7544098, 16.0, -71.4731369019
75.6249466, 16.0, -71.6707077026
76.4954834, 16.0, -71.8987808228
77.3660202, 16.0, -72.1618881226
78.236557, 16.0, -72.4651870728
79.1070938, 16.0, -72.8145370483
79.9776306, 16.0, -73.216796875
80.848175, 16.0, -73.680519104
81.7187119, 16.0, -74.2151794434
82.5892487, 16.0, -74.8291015625
83.4597855, 16.0, -75.532875061
84.3303223, 16.0, -76.3431472778
85.2008591, 16.0, -77.2775192261
86.0713959, 16.0, -78.3545532227
86.9419327, 16.0, -79.5758209229
87.8124695, 16.0, -81.0692443848
88.6830139, 16.0, -82.9093017578
89.5535507, 16.0, -85.1199493408
90.4240875, 16.0, -87.73412323
91.2946243, 16.0, -90.7909240723
92.1651611, 16.0, -94.3358535767
93.0356979, 16.0, -98.4451446533
93.9062347, 16.0, -103.171562195
94.7767715, 16.0, -108.651618958
95.6473083, 16.0, -114.938674927
96.5178528, 16.0, -122.121391296
97.3883896, 16.0, -130.26739502
98.2589264, 16.0, -139.375640869
99.1294632, 16.0, -149.351455688
20.8523006, 16.7999992, -56.337852478
21.7126026, 16.7999992, -58.0872192383
22.5729027, 16.7999992, -59.4351654053
23.4332047, 16.7999992, -60.5793304443
24.2935047, 16.7999992, -61.7154350281
25.1538067, 16.7999992, -62.7917823792
26.0141068, 16.7999992, -63.7832832336
26.8744087, 16.7999992, -64.6784057617
27.7347088, 16.7999992, -65.4744415283
28.5950108, 16.7999992, -66.1742858887
29.4553127, 16.7999992, -66.7841491699
30.3156128, 16.7999992, -67.3119354248
31.1759148, 16.7999992, -67.7662124634
32.0362167, 16.7999992, -68.1555175781
32.8965149, 16.7999992, -68.4880142212
33.7568169, 16.7999992, -68.771232605
34.6171188, 16.7999992, -69.0120239258
35.4774208, 16.7999992, -69.2164764404
36.337719, 16.7999992, -69.3899765015
37.1980209, 16.7999992, -69.5372009277
38.0583229, 16.7999992, -69.6622009277
38.9186249, 16.7999992, -69.7684555054
39.778923, 16.7999992, -69.8589172363
40.639225, 16.7999992, -69.9361038208
41.499527, 16.7999992, -70.0021362305
42.3598289, 16.7999992, -70.0587844849
43.2201309, 16.7999992, -70.1075515747
44.0804291, 16.7999992, -70.1497039795
44.940731, 16.7999992, -70.1862869263
45.801033, 16.7999992, -70.218208313
46.661335, 16.7999992, -70.2462158203
47.5216331, 16.7999992, -70.2709655762
48.3819351, 16.7999992, -70.2930221558
49.2422371, 16.7999992, -70.3128585815
50.1025391, 16.7999992, -70.3309020996
50.9628372, 16.7999992, -70.3475341797
51.8231392, 16.7999992, -70.3630905151
52.6834412, 16.7999992, -70.3778762817
53.5437431, 16.7999992, -70.3921813965
54.4040413, 16.7999992, -70.4062652588
55.2643433, 16.7999992, -70.4203948975
56.1246452, 16.7999992, -70.4348373413
56.9849472, 16.7999992, -70.449836731
57.8452492, 16.7999992, -70.465675354
58.7055473, 16.7999992, -70.482635498
59.5658493, 16.7999992, -70.5010223389
60.4261513, 16.7999992, -70.5211639404
61.2864532, 16.7999992, -70.5434265137
62.1467514, 16.7999992, -70.5682144165
63.0070534, 16.7999992, -70.5959701538
63.8673553, 16.7999992, -70.627204895
64.7276535, 16.7999992, -70.6625061035
65.5879593, 16.7999992, -70.7025146484
66.4482574, 16.7999992, -70.7480010986
67.3085556, 16.7999992, -70.7998046875
68.1688614, 16.7999992, -70.8589477539
69.0291595, 16.7999992, -70.9265518188
69.8894653, 16.7999992, -71.0039749146
70.7497635, 16.7999992, -71.0927352905
71.6100616, 16.7999992, -71.1946258545
72.4703674, 16.7999992, -71.3117141724
73.3306656, 16.7999992, -71.4463577271
74.1909714, 16.7999992, -71.6013031006
75.0512695, 16.7999992, -71.7796630859
75.9115677, 16.7999992, -71.9850463867
76.7718735, 16.7999992, -72.2214508057
77.6321716, 16.7999992, -72.4933395386
78.4924698, 16.7999992, -72.8056869507
79.3527756, 16.7999992, -73.1641082764
80.2130737, 16.7999992, -73.5747756958
81.0733795, 16.7999992, -74.0457229614
81.9336777, 16.7999992, -74.5850830078
82.7939758, 16.7999992, -75.2030258179
83.6542816, 16.7999992, -75.9141998291
84.5145798, 16.7999992, -76.7356033325
85.3748779, 16.7999992, -77.6842193604
86.2351837, 16.7999992, -78.7684555054
87.0954819, 16.7999992, -80.0228042603
87.9557877, 16.7999992, -81.602355957
88.8160858, 16.7999992, -83.5306243896
89.676384, 16.7999992, -85.8411560059
90.5366898, 16.7999992, -88.5688934326
91.3969879, 16.7999992, -91.7546005249
92.2572937, 16.7999992, -95.4465103149
93.1175919, 16.7999992, -99.7302474976
93.97789, 16.7999992, -104.731002808
94.8381958, 16.7999992, -110.539573669
95.698494, 16.7999992, -117.263420105
96.5587921, 16.7999992, -125.043479919
97.4190979, 16.7999992, -134.024520874
98.2793961, 16.7999992, -144.242645264
99.1397018, 16.7999992, -155.657363892
21.7940636, 17.6000004, -56.9661598206
22.6441288, 17.6000004, -58.6927871704
23.494194, 17.6000004, -59.9881782532
24.3442574, 17.6000004, -61.2322273254
25.1943226, 17.6000004, -62.3932228088
26.0443878, 17.6000004, -63.4505958557
26.8944511, 17.6000004, -64.3968963623
27.7445164, 17.6000004, -65.2327575684
28.5945797, 17.6000004, -65.963722229
29.4446449, 17.6000004, -66.5980758667
30.2947102, 17.6000004, -67.1452941895
31.1447735, 17.6000004, -67.6151199341
31.9948387, 17.6000004, -68.0169830322
32.844902, 17.6000004, -68.3596954346
33.6949692, 17.6000004, -68.6513137817
34.5450325, 17.6000004, -68.899055481
35.3950958, 17.6000004, -69.1093063354
36.245163, 17.6000004, -69.2876663208
37.0952263, 17.6000004, -69.4389801025
37.9452896, 17.6000004, -69.5674438477
38.7953529, 17.6000004, -69.6766357422
39.6454201, 17.6000004, -69.7695922852
40.4954834, 17.6000004, -69.8489074707
41.3455467, 17.6000004, -69.9167480469
42.1956139, 17.6000004, -69.9749450684
43.0456772, 17.6000004, -70.0250396729
43.8957405, 17.6000004, -70.0683135986
44.7458076, 17.6000004, -70.1058654785
45.595871, 17.6000004, -70.1386032104
46.4459343, 17.6000004, -70.1673049927
47.2960014, 17.6000004, -70.1926345825
48.1460648, 17.6000004, -70.2151565552
48.9961281, 17.6000004, -70.2353744507
49.8461952, 17.6000004, -70.2537155151
50.6962585, 17.6000004, -70.2705612183
51.5463219, 17.6000004, -70.286239624
52.3963852, 17.6000004, -70.3010635376
53.2464523, 17.6000004, -70.315322876
54.0965157, 17.6000004, -70.3292770386
54.946579, 17.6000004, -70.3431777954
55.7966461, 17.6000004, -70.3572845459
56.6467094, 17.6000004, -70.3718490601
57.4967728, 17.6000004, -70.3871154785
58.3468399, 17.6000004, -70.4033660889
59.1969032, 17.6000004, -70.4208831787
60.0469666, 17.6000004, -70.4399719238
60.8970337, 17.6000004, -70.4609680176
61.747097, 17.6000004, -70.4842376709
62.5971603, 17.6000004, -70.5102081299
63.4472275, 17.6000004, -70.5393295288
64.297287, 17.6000004, -70.5721359253
65.1473541, 17.6000004, -70.6092147827
65.9974213, 17.6000004, -70.6512374878
66.8474808, 17.6000004, -70.6989898682
67.6975479, 17.6000004, -70.753364563
68.5476151, 17.6000004, -70.8153686523
69.3976746, 17.6000004, -70.8861999512
70.2477417, 17.6000004, -70.9672164917
71.0978088, 17.6000004, -71.0599899292
71.9478683, 17.6000004, -71.1663284302
72.7979355, 17.6000004, -71.2883224487
73.6480026, 17.6000004, -71.4283447266
74.4980621, 17.6000004, -71.5891036987
75.3481293, 17.6000004, -71.7736587524
76.1981964, 17.6000004, -71.9855270386
77.0482559, 17.6000004, -72.2286453247
77.8983231, 17.6000004, -72.5074157715
78.7483902, 17.6000004, -72.8266448975
79.5984497, 17.6000004, -73.1915130615
80.4485168, 17.6000004, -73.6071777344
81.298584, 17.6000004, -74.0794906616
82.1486435, 17.6000004, -74.6191864014
82.9987106, 17.6000004, -75.2392272949
83.8487778, 17.6000004, -75.9552230835
84.6988373, 17.6000004, -76.784942627
85.5489044, 17.6000004, -77.744758606
86.3989639, 17.6000004, -78.8410568237
87.2490311, 17.6000004, -80.1350021362
88.0990982, 17.6000004, -81.7668991089
88.9491577, 17.6000004, -83.7579040527
89.7992249, 17.6000004, -86.140838623
90.649292, 17.6000004, -88.9516220093
91.4993515, 17.6000004, -92.231300354
92.3494186, 17.6000004, -96.0299072266
93.1994858, 17.6000004, -100.448608398
94.0495453, 17.6000004, -105.650405884
94.8996124, 17.6000004, -111.722007751
95.7496796, 17.6000004, -118.813049316
96.5997391, 17.6000004, -127.129173279
97.4498062, 17.6000004, -136.921310425
98.2998734, 17.6000004, -148.361236572
99.1499329, 17.6000004, -161.487045288
22.7358284, 18.3999996, -57.6044120789
23.575655, 18.3999996, -59.250629425
24.4154835, 18.3999996, -60.5777282715
25.255312, 18.3999996, -61.8015213013
26.0951405, 18.3999996, -62.9032058716
26.934967, 18.3999996, -63.8812446594
27.7747955, 18.3999996, -64.7401046753
28.614624, 18.3999996, -65.4879608154
29.4544525, 18.3999996, -66.1349182129
30.2942791, 18.3999996, -66.6917266846
31.1341076, 18.3999996, -67.1690139771
31.9739361, 18.3999996, -67.5768127441
32.8137627, 18.3999996, -67.9243545532
33.6535912, 18.3999996, -68.2199707031
34.4934196, 18.3999996, -68.4710769653
35.3332481, 18.3999996, -68.684211731
36.1730766, 18.3999996, -68.8650588989
37.0129051, 18.3999996, -69.0185394287
37.8527298, 18.3999996, -69.1489028931
38.6925583, 18.3999996, -69.2597503662
39.5323868, 18.3999996, -69.3541717529
40.3722153, 18.3999996, -69.4347686768
41.2120438, 18.3999996, -69.5037231445
42.0518723, 18.3999996, -69.5629043579
42.8917007, 18.3999996, -69.6138458252
43.7315254, 18.3999996, -69.6578674316
44.5713539, 18.3999996, -69.6960601807
45.4111824, 18.3999996, -69.7293548584
46.2510109, 18.3999996, -69.7585296631
47.0908394, 18.3999996, -69.7842636108
47.9306679, 18.3999996, -69.8071136475
48.7704964, 18.3999996, -69.8275985718
49.610321, 18.3999996, -69.8461303711
50.4501495, 18.3999996, -69.8630905151
51.289978, 18.3999996, -69.8788299561
52.1298065, 18.3999996, -69.8936462402
52.969635, 18.3999996, -69.9078216553
53.8094635, 18.3999996, -69.9216156006
54.649292, 18.3999996, -69.9352722168
55.4891167, 18.3999996, -69.9490432739
56.3289452, 18.3999996, -69.9631576538
57.1687737, 18.3999996, -69.9778747559
58.0086021, 18.3999996, -69.9934387207
58.8484306, 18.3999996, -70.0101165771
59.6882591, 18.3999996, -70.0281982422
60.5280876, 18.3999996, -70.047996521
61.3679123, 18.3999996, -70.0698471069
62.2077408, 18.3999996, -70.0941238403
63.0475693, 18.3999996, -70.1212692261
63.8873978, 18.3999996, -70.1517333984
64.7272263, 18.3999996, -70.1860656738
65.5670547, 18.3999996, -70.2248840332
66.4068832, 18.3999996, -70.2688674927
67.2467117, 18.3999996, -70.3188171387
68.0865402, 18.3999996, -70.3756561279
68.9263687, 18.3999996, -70.4404296875
69.7661972, 18.3999996, -70.5143356323
70.6060181, 18.3999996, -70.5987854004
71.4458466, 18.3999996, -70.6953582764
72.285675, 18.3999996, -70.8058929443
73.1255035, 18.3999996, -70.932472229
73.965332, 18.3999996, -71.0774612427
74.8051605, 18.3999996, -71.2435150146
75.644989, 18.3999996, -71.4336395264
76.4848175, 18.3999996, -71.6512069702
77.324646, 18.3999996, -71.9001083374
78.1644745, 18.3999996, -72.1846313477
79.004303, 18.3999996, -72.5094299316
79.8441315, 18.3999996, -72.8792572021
80.68396, 18.3999996, -73.2989273071
81.5237885, 18.3999996, -73.7730712891
82.3636093, 18.3999996, -74.3112182617
83.2034378, 18.3999996, -74.9306869507
84.0432663, 18.3999996, -75.6483078003
84.8830948, 18.3999996, -76.4822692871
85.7229233, 18.3999996, -77.4512863159
86.5627518, 18.3999996, -78.5680084229
87.4025803, 18.3999996, -79.8800125122
88.2424088, 18.3999996, -81.5364761353
89.0822372, 18.3999996, -83.5618133545
89.9220657, 18.3999996, -85.9896850586
90.7618942, 18.3999996, -88.8526763916
91.6017227, 18.3999996, -92.1894073486
92.4415512, 18.3999996, -96.0505981445
93.2813797, 18.3999996, -100.54724884
94.1212006, 18.3999996, -105.864112854
94.9610291, 18.3999996, -112.100502014
95.8008575, 18.3999996, -119.439247131
96.640686, 18.3999996, -128.16267395
97.4805145, 18.3999996, -138.630584717
98.320343, 18.3999996, -151.31741333
99.1601715, 18.3999996, -166.536911011
23.6775913, 19.2000008, -58.2880630493
24.5071831, 19.2000008, -59.771648407
25.3367748, 19.2000008, -61.0155830383
26.1663647, 19.2000008, -62.1292762756
26.9959564, 19.2000008, -63.1134109497
27.8255482, 19.2000008, -63.9747314453
28.6551399, 19.2000008, -64.722946167
29.4847317, 19.2000008, -65.3691940308
30.3143234, 19.2000008, -65.9248733521
31.1439133, 19.2000008, -66.4009857178
31.973505, 19.2000008, -66.8077697754
32.8030968, 19.2000008, -67.1545333862
33.6326866, 19.2000008, -67.4496383667
34.4622803, 19.2000008, -67.7004852295
35.2918701, 19.2000008, -67.9135742188
36.1214638, 19.2000008, -68.0945510864
36.9510536, 19.2000008, -68.2483062744
37.7806435, 19.2000008, -68.3790283203
38.6102371, 19.2000008, -68.4903030396
39.439827, 19.2000008, -68.5851745605
40.2694206, 19.2000008, -68.6662368774
41.0990105, 19.2000008, -68.7356567383
41.9286003, 19.2000008, -68.7952728271
42.758194, 19.2000008, -68.8466415405
43.5877838, 19.2000008, -68.8910522461
44.4173775, 19.2000008, -68.9296035767
45.2469673, 19.2000008, -68.9632110596
46.076561, 19.2000008, -68.9926757812
46.9061508, 19.2000008, -69.0186462402
47.7357407, 19.2000008, -69.0417022705
48.5653343, 19.2000008, -69.0623397827
49.3949242, 19.2000008, -69.0809783936
50.2245178, 19.2000008, -69.0980072021
51.0541077, 19.2000008, -69.1137619019
51.8836975, 19.2000008, -69.1285324097
52.7132912, 19.2000008, -69.1425933838
53.542881, 19.2000008, -69.156211853
54.3724747, 19.2000008, -69.169631958
55.2020645, 19.2000008, -69.1830673218
56.0316544, 19.2000008, -69.1967697144
56.861248, 19.2000008, -69.2109603882
57.6908379, 19.2000008, -69.2258834839
58.5204315, 19.2000008, -69.2417831421
59.3500214, 19.2000008, -69.2589416504
60.1796112, 19.2000008, -69.2776260376
61.0092049, 19.2000008, -69.2981643677
61.8387947, 19.2000008, -69.3208999634
62.6683884, 19.2000008, -69.3462142944
63.4979782, 19.2000008, -69.3745498657
64.3275681, 19.2000008, -69.4063796997
65.1571579, 19.2000008, -69.4422531128
65.9867554, 19.2000008, -69.4828109741
66.8163452, 19.2000008, -69.5287475586
67.6459351, 19.2000008, -69.5808944702
68.4755249, 19.2000008, -69.6401748657
69.3051147, 19.2000008, -69.7076721191
70.1347122, 19.2000008, -69.7846221924
70.9643021, 19.2000008, -69.8724212646
71.7938919, 19.2000008, -69.9727096558
72.6234818, 19.2000008, -70.0873031616
73.4530716, 19.2000008, -70.2182998657
74.2826691, 19.2000008, -70.3680419922
75.1122589, 19.2000008, -70.5391540527
75.9418488, 19.2000008, -70.7345962524
76.7714386, 19.2000008, -70.9576873779
77.6010361, 19.2000008, -71.2121734619
78.4306259, 19.2000008, -71.502166748
79.2602158, 19.2000008, -71.8320770264
80.0898056, 19.2000008, -72.2065429688
80.9193954, 19.2000008, -72.6304321289
81.7489929, 19.2000008, -73.1094055176
82.5785828, 19.2000008, -73.6500244141
83.4081726, 19.2000008, -74.2674789429
84.2377625, 19.2000008, -74.9809646606
85.0673523, 19.2000008, -75.8132858276
85.8969498, 19.2000008, -76.7839355469
86.7265396, 19.2000008, -77.9206008911
87.5561295, 19.2000008, -79.2360305786
88.3857193, 19.2000008, -80.877166748
89.2153091, 19.2000008, -82.9125595093
90.0449066, 19.2000008, -85.3611526489
90.8744965, 19.2000008, -88.246887207
91.7040863, 19.2000008, -91.6032562256
92.5336761, 19.2000008, -95.4759597778
93.363266, 19.2000008, -99.9731750488
94.1928635, 19.2000008, -105.31111908
95.0224533, 19.2000008, -111.594795227
95.8520432, 19.2000008, -119.019424438
96.681633, 19.2000008, -127.917701721
97.5112228, 19.2000008, -138.762115479
98.3408203, 19.2000008, -152.27204895
99.1704102, 19.2000008, -170.013168335
