100, 0, 6.36064
0, 0, 4.7369
-20, 0, 8.40779e-45
-20, -20, 200
100, -20, 200.0018
100, 20, -202.6033
23.8, 20, -104.2986
98.9247, 0, 3.7734
97.8495, 0, 1.70602
96.7742, 0, 0.999752
95.6989, 0, 0.726795
94.6237, 0, 0.535965
93.5484, 0, 0.339641
92.4731, 0, 0.0659184
91.3979, 0, -0.56909
90.3226, 0, -2.08996
89.2473, 0, -1.3498
88.172, 0, 0.277041
87.0968, 0, 1.27166
86.0215, 0, 1.99914
84.9462, 0, 2.63947
83.871, 0, 3.23863
82.7957, 0, 3.82873
81.7204, 0, 4.52191
80.6452, 0, 5.53408
79.5699, 0, 6.05959
78.4946, 0, 5.53613
77.4194, 0, 5.29139
76.3441, 0, 5.21008
75.2688, 0, 5.14769
74.1936, 0, 5.06514
73.1183, 0, 4.94659
72.043, 0, 4.77372
70.9677, 0, 4.45145
69.8925, 0, 4.10645
68.8172, 0, 4.48852
67.7419, 0, 4.76489
66.6667, 0, 4.88681
65.5914, 0, 4.93848
64.5161, 0, 4.97797
63.4409, 0, 5.04554
62.3656, 0, 5.15758
61.2903, 0, 5.27909
60.2151, 0, 5.48685
59.1398, 0, 5.02148
58.0645, 0, 4.53415
56.9892, 0, 4.11331
55.914, 0, 3.7144
54.8387, 0, 3.33962
53.7634, 0, 2.93921
52.6882, 0, 2.43224
51.6129, 0, 1.65101
50.5376, 0, 0.360963
49.4624, 0, 0.35807
48.3871, 0, 1.48634
47.3118, 0, 2.0399
46.2366, 0, 2.37219
45.1613, 0, 2.61455
44.086, 0, 2.82478
43.0108, 0, 3.07118
41.9355, 0, 3.55713
40.8602, 0, 4.66113
39.7849, 0, 5.58452
38.7097, 0, 4.61162
37.6344, 0, 3.97512
36.5591, 0, 3.81534
35.4839, 0, 3.81171
34.4086, 0, 3.85272
33.3333, 0, 3.92265
32.2581, 0, 4.10173
31.1828, 0, 4.6118
30.1075, 0, 5.1378
29.0323, 0, 4.71522
27.957, 0, 4.30602
26.8817, 0, 4.30461
25.8065, 0, 4.43127
24.7312, 0, 4.54897
23.6559, 0, 4.62103
22.5806, 0, 4.62833
21.5054, 0, 4.56431
20.4301, 0, 4.63791
19.3548, 0, 4.61589
18.2796, 0, 4.74375
17.2043, 0, 4.98311
16.129, 0, 5.12203
15.0538, 0, 5.18671
13.9785, 0, 5.20152
12.9032, 0, 5.1857
11.828, 0, 5.1494
10.7527, 0, 5.01632
9.6774, 0, 6.0926
8.6022, 0, 5.0354
7.5269, 0, 4.8634
6.4516, 0, 4.8925
5.3763, 0, 5.745
4.3011, 0, 2.6942
3.2258, 0, 5.5921
2.1505, 0, 3.5985
1.0753, 0, 3.8418
-1.0526, 0, 7.0458
-2.1053, 0, 7.2296
-3.1579, 0, 6.8227
-4.2105, 0, 6.1122
-5.2632, 0, 5.2209
-6.3158, 0, 4.2092
-7.3684, 0, 3.1121
-8.4211, 0, 1.9391
-9.4737, 0, 0.6796
-10.5263, 0, 0.129349
-11.5789, 0, 0.324218
-12.6316, 0, 0.451135
-13.6842, 0, 0.52067
-14.7368, 0, 0.539611
-15.7895, 0, 0.51271
-16.8421, 0, 0.443491
-17.8947, 0, 0.334395
-18.9474, 0, 0.186803
-20, -1, 9.5
-20, -2, 19
-20, -3, 28.5
-20, -4, 38
-20, -5, 47.5
-20, -6, 57
-20, -7, 66.5
-20, -8, 76
-20, -9, 85.5
-20, -10, 100
-20, -11, 114.5
-20, -12, 124
-20, -13, 133.5
-20, -14, 143
-20, -15, 152.5
-20, -16, 162
-20, -17, 171.5
-20, -18, 181
-20, -19, 190.5
-18.92857, -20, 200.0573
-17.85714, -20, 200.1145
-16.78572, -20, 200.1718
-15.71429, -20, 200.2291
-14.64286, -20, 200.2863
-13.57143, -20, 200.3436
-12.5, -20, 200.4009
-11.42857, -20, 200.4581
-10.35714, -20, 200.5154
-9.285714, -20, 200.6013
-8.214286, -20, 200.7015
-7.142857, -20, 200.8017
-6.071429, -20, 200.9019
-5, -20, 201.0021
-3.928571, -20, 201.1023
-2.857143, -20, 201.2024
-1.785714, -20, 201.3026
-0.7142857, -20, 201.4028
0.3571429, -20, 201.498
1.428571, -20, 201.4927
2.5, -20, 201.6663
3.571429, -20, 201.7248
4.642857, -20, 201.5379
5.714286, -20, 201.5093
6.785714, -20, 201.5033
7.857143, -20, 201.4974
8.928572, -20, 201.4914
10, -20, 201.4854
11.07143, -20, 201.5657
12.14286, -20, 201.6459
13.21429, -20, 201.7262
14.28571, -20, 201.8065
15.35714, -20, 201.8867
16.42857, -20, 201.967
17.5, -20, 202.0472
18.57143, -20, 202.1275
19.64286, -20, 202.2077
20.71428, -20, 202.1807
21.78572, -20, 202.1
22.85714, -20, 202.0193
23.92857, -20, 201.9386
25, -20, 201.8579
26.07143, -20, 201.7772
27.14286, -20, 201.6965
28.21428, -20, 201.6158
29.28572, -20, 201.5351
30.35714, -20, 201.4798
31.42857, -20, 201.4751
32.5, -20, 201.4705
33.57143, -20, 201.4659
34.64286, -20, 201.4613
35.71429, -20, 201.4566
36.78571, -20, 201.452
37.85714, -20, 201.4474
38.92857, -20, 201.4428
40, -20, 201.4381
41.07143, -20, 201.5001
42.14286, -20, 201.5621
43.21429, -20, 201.6241
44.28571, -20, 201.6861
45.35714, -20, 201.7481
46.42857, -20, 201.81
47.5, -20, 201.872
48.57143, -20, 201.934
49.64286, -20, 201.996
50.71429, -20, 201.9538
51.78571, -20, 201.8596
52.85714, -20, 201.7653
53.92857, -20, 201.6711
55, -20, 201.5768
56.07143, -20, 201.4826
57.14286, -20, 201.3883
58.21429, -20, 201.2941
59.28571, -20, 201.1998
60.35714, -20, 201.1052
61.42857, -20, 201.01
62.5, -20, 200.9148
63.57143, -20, 200.8196
64.64286, -20, 200.7244
65.71429, -20, 200.6292
66.78571, -20, 200.534
67.85714, -20, 200.4388
68.92857, -20, 200.3436
70, -20, 200.2484
71.07143, -20, 200.3686
72.14286, -20, 200.4889
73.21429, -20, 200.6091
74.28571, -20, 200.7294
75.35714, -20, 200.8496
76.42857, -20, 200.9699
77.5, -20, 201.0901
78.57143, -20, 201.2104
79.64286, -20, 201.3307
80.71429, -20, 201.3175
81.78571, -20, 201.2378
82.85714, -20, 201.158
83.92857, -20, 201.0782
85, -20, 200.9984
86.07143, -20, 200.9186
87.14286, -20, 200.8388
88.21429, -20, 200.759
89.28571, -20, 200.6792
90.35714, -20, 200.6037
91.42857, -20, 200.5369
92.5, -20, 200.47
93.57143, -20, 200.4031
94.64286, -20, 200.3362
95.71429, -20, 200.2693
96.78571, -20, 200.2024
97.85714, -20, 200.1355
98.92857, -20, 200.0686
100, -19, 190.5577
100, -18, 181.1137
100, -17, 171.7857
100, -16, 162.4713
100, -15, 153.3513
100, -14, 144.2832
100, -13, 132.867
100, -12, 120.3671
100, -11, 107.1234
100, -10, 93.3388
100, -9, 82.5684
100, -8, 75.147
100, -7, 67.2056
100, -6, 58.3724
100, -5, 48.5693
100, -4, 36.0505
100, -3, 24.5327
100, -2, 18.3535
100, -1, 12.1926
100, 0.8, 1.69505
100, 1.6, -9.96931
100, 2.4, -24.8639
100, 3.2, -39.0187
100, 4, -39.8578
100, 4.8, -40.6969
100, 5.6, -48.1968
100, 6.4, -64.8553
100, 7.2, -81.5137
100, 8, -89.965
100, 8.8, -96.2276
100, 9.6, -101.9423
100, 10.4, -104.7344
100, 11.2, -107.5264
100, 12, -117.4541
100, 12.8, -133.804
100, 13.6, -150.1539
100, 14.4, -159.8327
100, 15.2, -168.7267
100, 16, -176.2834
100, 16.8, -180.0959
100, 17.6, -183.9085
100, 18.4, -189.4627
100, 19.2, -196.033
99.18065, 20, -196.6312
98.36129, 20, -190.6591
97.54194, 20, -184.687
96.72258, 20, -178.7149
95.90323, 20, -172.7428
95.08387, 20, -166.7707
94.26452, 20, -160.7986
93.44516, 20, -154.8265
92.62581, 20, -148.8544
91.80645, 20, -142.8823
90.9871, 20, -136.9102
90.16774, 20, -130.938
89.34839, 20, -127.7547
88.52903, 20, -125.2892
87.70968, 20, -122.8238
86.89032, 20, -120.3583
86.07097, 20, -117.8928
85.25161, 20, -115.4274
84.43226, 20, -112.9619
83.6129, 20, -110.4964
82.79355, 20, -108.031
81.97419, 20, -105.5655
81.15484, 20, -103.1
80.33549, 20, -100.6346
79.5161, 20, -99.8247
78.69678, 20, -100.1626
77.87742, 20, -100.5006
77.05807, 20, -100.8385
76.23871, 20, -101.1765
75.41936, 20, -101.5144
74.6, 20, -101.8524
73.78065, 20, -102.1903
72.96129, 20, -102.5283
72.14194, 20, -102.8662
71.32258, 20, -103.2042
70.50323, 20, -103.5421
69.68387, 20, -103.7894
68.86452, 20, -103.8922
68.04516, 20, -103.995
67.22581, 20, -104.0977
66.40645, 20, -104.2005
65.5871, 20, -104.3033
64.76774, 20, -104.4061
63.94839, 20, -104.5089
63.12903, 20, -104.6117
62.30968, 20, -104.7145
61.49032, 20, -104.8173
60.67097, 20, -104.9201
59.85161, 20, -104.9315
59.03226, 20, -104.5298
58.2129, 20, -104.128
57.39355, 20, -103.7263
56.57419, 20, -103.3245
55.75484, 20, -102.9228
54.93548, 20, -102.521
54.11613, 20, -102.1193
53.29678, 20, -101.7175
52.47742, 20, -101.3158
51.65807, 20, -100.914
50.83871, 20, -100.5123
50.01936, 20, -100.1105
49.2, 20, -100.7385
48.38065, 20, -101.3913
47.56129, 20, -102.0441
46.74194, 20, -102.6969
45.92258, 20, -103.3498
45.10323, 20, -104.0026
44.28387, 20, -104.6554
43.46452, 20, -105.3082
42.64516, 20, -105.9611
41.82581, 20, -106.6139
41.00645, 20, -107.2667
40.1871, 20, -107.9195
39.36774, 20, -108.363
38.54839, 20, -108.7445
37.72903, 20, -109.1259
36.90968, 20, -109.5074
36.09032, 20, -109.8889
35.27097, 20, -110.2704
34.45161, 20, -110.6519
33.63226, 20, -111.0334
32.8129, 20, -111.4149
31.99355, 20, -111.7963
31.17419, 20, -112.1778
30.35484, 20, -112.5593
29.53548, 20, -112.4
28.71613, 20, -111.7065
27.89677, 20, -110.8583
27.07742, 20, -109.8556
26.25806, 20, -108.6982
25.43871, 20, -107.3863
24.61935, 20, -105.9197
22.848, 19.2, -101.3722
21.896, 18.4, -99.0597
20.944, 17.6, -97.5503
19.992, 16.8, -98.6004
19.04, 16, -91.2881
18.088, 15.2, -86.1171
17.136, 14.4, -81.7341
16.184, 13.6, -77.6542
15.232, 12.8, -73.7016
14.28, 12, -69.8513
13.328, 11.2, -66.0636
12.376, 10.4, -62.314
11.424, 9.6, -58.5848
10.472, 8.8, -55.5292
9.52, 8, -52.0829
8.568, 7.2, -46.5888
7.616, 6.4, -41.6146
6.664, 5.6, -36.6516
5.712, 4.8, -31.5957
4.76, 4, -26.0421
3.808, 3.2, -18.3948
2.856, 2.4, -11.5769
1.904, 1.6, -4.3259
0.952, 0.8, 0.70213
98.9249, -1, 11.8017
97.8498, -1, 10.9091
96.7748, -1, 10.3642
95.6997, -1, 10.0378
94.6246, -1, 9.7756
93.5495, -1, 9.44501
92.4745, -1, 8.91034
91.3994, -1, 8.10437
90.3243, -1, 8.2371
89.2492, -1, 8.13475
88.1742, -1, 8.91838
87.0991, -1, 10.0336
86.024, -1, 10.8933
84.9489, -1, 11.5698
83.8738, -1, 12.1461
82.7988, -1, 12.7
81.7237, -1, 13.341
80.6486, -1, 14.4101
79.5735, -1, 14.9987
78.4985, -1, 14.4167
77.4234, -1, 14.2304
76.3483, -1, 14.1163
75.2732, -1, 14.0227
74.1982, -1, 13.9326
73.1231, -1, 13.8377
72.048, -1, 13.7423
70.9729, -1, 13.7811
69.8979, -1, 14.5929
68.8228, -1, 13.82
67.7477, -1, 13.8606
66.6726, -1, 13.9343
65.5975, -1, 14.007
64.5225, -1, 14.1079
63.4474, -1, 14.2783
62.3723, -1, 14.5787
61.2972, -1, 15.0986
60.2222, -1, 16.1234
59.1471, -1, 14.9965
58.072, -1, 14.0738
56.9969, -1, 13.4312
55.9219, -1, 12.9496
54.8468, -1, 12.5272
53.7717, -1, 12.0814
52.6966, -1, 11.5172
51.6215, -1, 10.6739
50.5465, -1, 9.02459
49.4714, -1, 8.9258
48.3963, -1, 10.4254
47.3212, -1, 11.1271
46.2462, -1, 11.5581
45.1711, -1, 11.8665
44.096, -1, 12.1373
43.0209, -1, 12.4454
41.9459, -1, 12.9006
40.8708, -1, 13.8479
39.7957, -1, 15.4847
38.7206, -1, 13.8948
37.6455, -1, 13.4646
36.5705, -1, 13.2808
35.4954, -1, 13.2108
34.4203, -1, 13.2193
33.3452, -1, 13.2984
32.2702, -1, 13.4553
31.1951, -1, 13.6907
30.12, -1, 13.7929
29.0449, -1, 13.7775
27.9699, -1, 13.7141
26.8948, -1, 13.7297
25.8197, -1, 13.8395
24.7446, -1, 13.989
23.6695, -1, 14.1437
22.5945, -1, 14.2937
21.5194, -1, 14.4798
20.4443, -1, 14.6298
19.3692, -1, 14.6132
18.2942, -1, 14.5371
17.2191, -1, 14.461
16.144, -1, 14.4374
15.0689, -1, 14.3952
13.9939, -1, 14.3207
12.9188, -1, 14.2251
11.8437, -1, 14.1765
10.7686, -1, 13.9559
9.69355, -1, 12.1052
8.61847, -1, 13.5342
7.54339, -1, 13.6598
6.46832, -1, 13.5329
5.39324, -1, 13.1306
4.31816, -1, 12.0699
3.24309, -1, 12.7614
2.16801, -1, 12.7569
1.09293, -1, 11.9685
0.0178571, -1, 14.4779
-1.03571, -1, 14.3297
-2.08929, -1, 14.5507
-3.14286, -1, 14.3049
-4.19643, -1, 13.818
-5.25, -1, 13.1772
-6.30357, -1, 12.4244
-7.35714, -1, 11.5879
-8.41071, -1, 10.6959
-9.4643, -1, 9.8403
-10.5179, -1, 9.56087
-11.5714, -1, 9.55357
-12.625, -1, 9.54612
-13.6786, -1, 9.53932
-14.7321, -1, 9.53269
-15.7857, -1, 9.52617
-16.8393, -1, 9.5197
-17.8929, -1, 9.51325
-18.9464, -1, 9.50679
98.9251, -2, 19.0411
97.8502, -2, 19.71
96.7753, -2, 19.661
95.7005, -2, 19.4457
94.6256, -2, 19.1844
93.5507, -2, 18.8368
92.4758, -2, 18.3376
91.4009, -2, 17.7491
90.326, -2, 17.3821
89.2512, -2, 17.7565
88.1763, -2, 18.5818
87.1014, -2, 19.3996
86.0265, -2, 20.15
84.9516, -2, 20.7812
83.8767, -2, 21.3244
82.8018, -2, 21.8239
81.727, -2, 22.3528
80.6521, -2, 22.9053
79.5772, -2, 23.3169
78.5023, -2, 23.2708
77.4274, -2, 23.1924
76.3525, -2, 23.1297
75.2776, -2, 23.0554
74.2028, -2, 22.9531
73.1279, -2, 22.8342
72.053, -2, 22.8026
70.9781, -2, 23.0563
69.9032, -2, 23.3941
68.8283, -2, 23.1519
67.7535, -2, 22.9401
66.6786, -2, 22.9559
65.6037, -2, 23.0372
64.5288, -2, 23.145
63.4539, -2, 23.3214
62.379, -2, 23.6709
61.3041, -2, 24.4111
60.2293, -2, 25.4923
59.1544, -2, 24.5405
58.0795, -2, 23.3023
57.0046, -2, 22.5907
55.9297, -2, 22.1025
54.8548, -2, 21.6926
53.78, -2, 21.2874
52.7051, -2, 20.8127
51.6302, -2, 20.1333
50.5553, -2, 18.9356
49.4804, -2, 18.7474
48.4055, -2, 19.8399
47.3306, -2, 20.4811
46.2558, -2, 20.8955
45.1809, -2, 21.2165
44.106, -2, 21.5083
43.0311, -2, 21.807
41.9562, -2, 22.1103
40.8813, -2, 22.443
39.8064, -2, 22.9693
38.7316, -2, 22.7203
37.6567, -2, 22.688
36.5818, -2, 22.6148
35.5069, -2, 22.562
34.432, -2, 22.5436
33.3571, -2, 22.5514
32.2823, -2, 22.5487
31.2074, -2, 22.4193
30.1325, -2, 22.2563
29.0576, -2, 22.5473
27.9827, -2, 22.9108
26.9078, -2, 23.1376
25.8329, -2, 23.3387
24.7581, -2, 23.5578
23.6832, -2, 23.7984
22.6083, -2, 24.0581
21.5334, -2, 24.3308
20.4585, -2, 24.5797
19.3836, -2, 24.5729
18.3088, -2, 24.3581
17.2339, -2, 24.168
16.159, -2, 24.02
15.0841, -2, 23.8842
14.0092, -2, 23.7205
12.9343, -2, 23.5059
11.8594, -2, 23.21
10.7846, -2, 22.826
9.70968, -2, 22.1119
8.63479, -2, 22.5195
7.55991, -2, 22.6397
6.48502, -2, 22.4853
5.41014, -2, 21.6316
4.33525, -2, 24.4649
3.26037, -2, 22.7425
2.18548, -2, 24.4246
1.1106, -2, 20.6188
0.0357143, -2, 23.2018
-1.0188, -2, 22.813
-2.07331, -2, 22.5942
-3.12782, -2, 22.3888
-4.18233, -2, 22.0392
-5.23684, -2, 21.5733
-6.29135, -2, 21.0236
-7.34586, -2, 20.4252
-8.40038, -2, 19.8306
-9.45489, -2, 19.3593
-10.5094, -2, 19.1226
-11.5639, -2, 19.105
-12.6184, -2, 19.0909
-13.6729, -2, 19.0773
-14.7274, -2, 19.0642
-15.782, -2, 19.0514
-16.8365, -2, 19.0388
-17.891, -2, 19.0261
-18.9455, -2, 19.0133
98.9253, -3, 27.5469
97.8506, -3, 28.4558
96.7759, -3, 28.753
95.7012, -3, 28.7821
94.6265, -3, 28.6652
93.5518, -3, 28.4649
92.4771, -3, 28.2118
91.4025, -3, 27.8547
90.3278, -3, 26.5758
89.2531, -3, 27.6753
88.1784, -3, 28.7453
87.1037, -3, 29.3537
86.029, -3, 29.8999
84.9543, -3, 30.4121
83.8796, -3, 30.8791
82.8049, -3, 31.2728
81.7302, -3, 31.5402
80.6555, -3, 31.5274
79.5808, -3, 31.618
78.5061, -3, 32.1691
77.4314, -3, 32.3361
76.3568, -3, 32.3783
75.2821, -3, 32.3417
74.2074, -3, 32.2517
73.1327, -3, 32.1236
72.058, -3, 31.9753
70.9833, -3, 31.9119
69.9086, -3, 31.9037
68.8339, -3, 32.033
67.7592, -3, 32.0788
66.6845, -3, 32.1312
65.6098, -3, 32.1694
64.5351, -3, 32.2209
63.4604, -3, 32.3224
62.3858, -3, 32.5315
61.3111, -3, 32.9801
60.2364, -3, 34.0253
59.1617, -3, 33.1098
58.087, -3, 32.1895
57.0123, -3, 31.6173
55.9376, -3, 31.1915
54.8629, -3, 30.8392
53.7882, -3, 30.5213
52.7135, -3, 30.209
51.6388, -3, 29.8747
50.5641, -3, 29.6896
49.4894, -3, 29.5532
48.4147, -3, 29.6469
47.3401, -3, 29.9658
46.2654, -3, 30.2627
45.1907, -3, 30.5436
44.116, -3, 30.8117
43.0413, -3, 31.0628
41.9666, -3, 31.2658
40.8919, -3, 31.1412
39.8172, -3, 30.0097
38.7425, -3, 31.5353
37.6678, -3, 31.699
36.5931, -3, 31.7157
35.5184, -3, 31.699
34.4437, -3, 31.6607
33.369, -3, 31.5947
32.2944, -3, 31.4825
31.2197, -3, 31.2758
30.145, -3, 30.763
29.0703, -3, 31.4897
27.9956, -3, 31.9991
26.9209, -3, 32.3971
25.8462, -3, 32.7413
24.7715, -3, 33.0644
23.6968, -3, 33.3851
22.6221, -3, 33.717
21.5474, -3, 34.0776
20.4727, -3, 34.5406
19.398, -3, 34.5161
18.3233, -3, 34.1358
17.2487, -3, 33.9343
16.174, -3, 33.7726
15.0993, -3, 33.6022
14.0246, -3, 33.3778
12.9499, -3, 33.041
11.8752, -3, 32.5013
10.8005, -3, 31.857
9.72581, -3, 33.3759
8.65111, -3, 32.0141
7.57642, -3, 31.9989
6.50173, -3, 32.221
5.42704, -3, 32.4756
4.35234, -3, 32.7849
3.27765, -3, 33.7888
2.20296, -3, 33.6785
1.12826, -3, 30.3123
0.0535714, -3, 32.2193
-1.00188, -3, 31.7279
-2.05733, -3, 31.2503
-3.11278, -3, 30.9702
-4.16823, -3, 30.6939
-5.22368, -3, 30.3542
-6.27914, -3, 29.965
-7.33459, -3, 29.5624
-8.39004, -3, 29.2117
-9.44549, -3, 28.88
-10.5009, -3, 28.6779
-11.5564, -3, 28.6547
-12.6118, -3, 28.6338
-13.6673, -3, 28.6143
-14.7227, -3, 28.5951
-15.7782, -3, 28.5761
-16.8336, -3, 28.5572
-17.8891, -3, 28.5384
-18.9445, -3, 28.5195
98.9255, -4, 37.146
97.851, -4, 37.7362
96.7765, -4, 38.0529
95.702, -4, 38.1897
94.6275, -4, 38.2422
93.553, -4, 38.258
92.4785, -4, 38.2394
91.404, -4, 38.1156
90.3295, -4, 37.5945
89.255, -4, 38.2337
88.1805, -4, 38.9409
87.106, -4, 39.4472
86.0315, -4, 39.8679
84.957, -4, 40.269
83.8825, -4, 40.6394
82.808, -4, 40.9273
81.7335, -4, 41.0046
80.659, -4, 40.6825
79.5845, -4, 40.6745
78.51, -4, 41.3804
77.4355, -4, 41.7214
76.361, -4, 41.8184
75.2865, -4, 41.8048
74.212, -4, 41.7315
73.1375, -4, 41.6006
72.063, -4, 41.3323
70.9885, -4, 40.7659
69.914, -4, 40.4416
68.8395, -4, 40.8651
67.765, -4, 41.2579
66.6905, -4, 41.3429
65.616, -4, 41.3284
64.5415, -4, 41.2878
63.467, -4, 41.2379
62.3925, -4, 41.1919
61.318, -4, 41.1114
60.2435, -4, 41.3122
59.169, -4, 41.034
58.0945, -4, 40.7886
57.02, -4, 40.483
55.9455, -4, 40.2239
54.871, -4, 39.9843
53.7965, -4, 39.7565
52.722, -4, 39.5771
51.6475, -4, 39.6268
50.573, -4, 40.1541
49.4985, -4, 40.1291
48.424, -4, 39.5547
47.3495, -4, 39.4917
46.275, -4, 39.6738
45.2005, -4, 39.8965
44.126, -4, 40.1108
43.0515, -4, 40.2981
41.977, -4, 40.4099
40.9025, -4, 40.1742
39.828, -4, 39.621
38.7535, -4, 40.4026
37.679, -4, 40.7028
36.6045, -4, 40.7674
35.53, -4, 40.7644
34.4555, -4, 40.718
33.381, -4, 40.6288
32.3064, -4, 40.4949
31.232, -4, 40.2974
30.1574, -4, 40.0466
29.0829, -4, 40.6117
28.0084, -4, 41.1783
26.9339, -4, 41.66
25.8594, -4, 42.1058
24.7849, -4, 42.5227
23.7104, -4, 42.9271
22.6359, -4, 43.3396
21.5614, -4, 43.7895
20.4869, -4, 44.3481
19.4124, -4, 44.3571
18.3379, -4, 43.9861
17.2634, -4, 43.7871
16.1889, -4, 43.62
15.1144, -4, 43.4394
14.0399, -4, 43.2159
12.9654, -4, 42.8957
11.8909, -4, 42.3604
10.8164, -4, 41.7202
9.74194, -4, 40.3245
8.66743, -4, 41.5941
7.59293, -4, 41.8581
6.51843, -4, 42.0745
5.44393, -4, 42.8675
4.36943, -4, 42.1745
3.29493, -4, 44.2406
2.22043, -4, 42.4016
1.14593, -4, 41.861
0.0714286, -4, 41.0294
-0.984962, -4, 40.4647
-2.04135, -4, 40.252
-3.09774, -4, 40.0679
-4.15414, -4, 39.8484
-5.21053, -4, 39.5696
-6.26692, -4, 39.2536
-7.32331, -4, 38.9325
-8.3797, -4, 38.6449
-9.43609, -4, 38.3814
-10.4925, -4, 38.2295
-11.5489, -4, 38.2022
-12.6053, -4, 38.1761
-13.6617, -4, 38.1502
-14.718, -4, 38.1249
-15.7744, -4, 38.1
-16.8308, -4, 38.0752
-17.8872, -4, 38.0504
-18.9436, -4, 38.0254
98.9257, -5, 47.2977
97.8514, -5, 47.3899
96.7771, -5, 47.5234
95.7028, -5, 47.6677
94.6285, -5, 47.828
93.5541, -5, 48.016
92.4798, -5, 48.2519
91.4055, -5, 48.5677
90.3312, -5, 49.5366
89.2569, -5, 49.2101
88.1826, -5, 49.2007
87.1083, -5, 49.4375
86.034, -5, 49.7402
84.9597, -5, 50.0664
83.8854, -5, 50.3841
82.8111, -5, 50.6533
81.7367, -5, 50.8061
80.6624, -5, 50.7269
79.5881, -5, 50.6889
78.5138, -5, 51.0731
77.4395, -5, 51.2616
76.3652, -5, 51.3091
75.2909, -5, 51.282
74.2166, -5, 51.2043
73.1423, -5, 51.0762
72.068, -5, 50.8657
70.9937, -5, 50.3394
69.9194, -5, 49.0006
68.845, -5, 50.2405
67.7707, -5, 50.4827
66.6964, -5, 50.4992
65.6221, -5, 50.4431
64.5478, -5, 50.3252
63.4735, -5, 50.1286
62.3992, -5, 49.8123
61.3249, -5, 49.3262
60.2506, -5, 48.2375
59.1763, -5, 48.9588
58.102, -5, 49.288
57.0276, -5, 49.3915
55.9533, -5, 49.3596
54.879, -5, 49.2578
53.8047, -5, 49.1375
52.7304, -5, 49.0563
51.6561, -5, 49.1229
50.5818, -5, 49.6476
49.5075, -5, 49.7904
48.4332, -5, 49.2191
47.3589, -5, 49.1495
46.2846, -5, 49.2431
45.2103, -5, 49.3871
44.1359, -5, 49.5281
43.0616, -5, 49.6263
41.9873, -5, 49.6425
40.913, -5, 49.6615
39.8387, -5, 50.2237
38.7644, -5, 49.6466
37.6901, -5, 49.8016
36.6158, -5, 49.9082
35.5415, -5, 49.9342
34.4672, -5, 49.8956
33.3929, -5, 49.8018
32.3186, -5, 49.658
31.2442, -5, 49.5017
30.1699, -5, 49.5785
29.0956, -5, 49.8991
28.0213, -5, 50.4756
26.947, -5, 51.0428
25.8727, -5, 51.5527
24.7984, -5, 52.0322
23.7241, -5, 52.5025
22.6498, -5, 52.9802
21.5755, -5, 53.4754
20.5012, -5, 54.0124
19.4268, -5, 54.0802
18.3525, -5, 53.9147
17.2782, -5, 53.7001
16.2039, -5, 53.4908
15.1296, -5, 53.3013
14.0553, -5, 53.1131
12.981, -5, 52.9307
11.9067, -5, 52.7528
10.8324, -5, 51.9176
9.75806, -5, 50.0421
8.68376, -5, 51.4044
7.60945, -5, 51.9166
6.53514, -5, 52.0573
5.46083, -5, 51.7838
4.38652, -5, 52.0899
3.31221, -5, 53.2683
2.2379, -5, 50.0472
1.16359, -5, 53.5964
0.0892857, -5, 49.329
-0.968045, -5, 49.297
-2.02538, -5, 49.541
-3.08271, -5, 49.5828
-4.14004, -5, 49.4187
-5.19737, -5, 49.1439
-6.2547, -5, 48.8107
-7.31203, -5, 48.4548
-8.36936, -5, 48.1161
-9.42669, -5, 47.8789
-10.484, -5, 47.7771
-11.5414, -5, 47.7482
-12.5987, -5, 47.7152
-13.656, -5, 47.6825
-14.7133, -5, 47.6515
-15.7707, -5, 47.6213
-16.828, -5, 47.5917
-17.8853, -5, 47.5618
-18.9427, -5, 47.531
98.9259, -6, 57.5723
97.8518, -6, 57.0199
96.7776, -6, 57.0249
95.7035, -6, 57.2285
94.6294, -6, 57.4675
93.5553, -6, 57.7331
92.4812, -6, 58.1356
91.4071, -6, 58.9217
90.3329, -6, 60.221
89.2588, -6, 59.961
88.1847, -6, 59.3675
87.1106, -6, 59.351
86.0365, -6, 59.6013
84.9624, -6, 59.9034
83.8883, -6, 60.186
82.8141, -6, 60.456
81.74, -6, 60.8041
80.6659, -6, 61.2007
79.5918, -6, 61.1841
78.5177, -6, 61.0814
77.4436, -6, 60.9529
76.3694, -6, 60.9231
75.2953, -6, 60.8822
74.2212, -6, 60.7767
73.1471, -6, 60.6192
72.073, -6, 60.5021
70.9988, -6, 60.4176
69.9247, -6, 59.8431
68.8506, -6, 60.0013
67.7765, -6, 59.8486
66.7024, -6, 59.7588
65.6283, -6, 59.6814
64.5541, -6, 59.5089
63.48, -6, 59.2
62.4059, -6, 58.7457
61.3318, -6, 57.9741
60.2577, -6, 56.6235
59.1836, -6, 57.2273
58.1094, -6, 58.1238
57.0353, -6, 58.5022
55.9612, -6, 58.6873
54.8871, -6, 58.7308
53.813, -6, 58.6735
52.7389, -6, 58.5817
51.6647, -6, 58.5027
50.5906, -6, 58.4864
49.5165, -6, 58.6947
48.4424, -6, 58.7279
47.3683, -6, 58.8291
46.2942, -6, 58.9458
45.22, -6, 59.0585
44.1459, -6, 59.1179
43.0718, -6, 59.122
41.9977, -6, 59.1508
40.9236, -6, 59.3728
39.8495, -6, 59.7572
38.7753, -6, 59.3223
37.7012, -6, 59.2108
36.6271, -6, 59.2666
35.553, -6, 59.3207
34.4789, -6, 59.2962
33.4048, -6, 59.19
32.3306, -6, 59.0631
31.2565, -6, 58.9638
30.1824, -6, 58.9024
29.1083, -6, 59.3233
28.0342, -6, 59.9415
26.9601, -6, 60.5334
25.8859, -6, 61.108
24.8118, -6, 61.6274
23.7377, -6, 62.1119
22.6636, -6, 62.6102
21.5895, -6, 63.1522
20.5154, -6, 63.6395
19.4412, -6, 63.8364
18.3671, -6, 63.7328
17.293, -6, 63.5719
16.2189, -6, 63.4321
15.1448, -6, 63.3027
14.0707, -6, 63.1731
12.9965, -6, 63.0356
11.9224, -6, 62.8878
10.8483, -6, 62.7648
9.77419, -6, 62.7246
8.70008, -6, 62.6219
7.62596, -6, 62.6191
6.55184, -6, 62.5327
5.47773, -6, 62.1676
4.40361, -6, 64.2172
3.32949, -6, 62.2754
2.25538, -6, 61.8462
1.18126, -6, 63.406
0.107143, -6, 58.4914
-0.951128, -6, 58.783
-2.0094, -6, 59.3812
-3.06767, -6, 59.431
-4.12594, -6, 59.281
-5.18421, -6, 59.0091
-6.24248, -6, 58.6316
-7.30075, -6, 58.1607
-8.35902, -6, 57.7196
-9.41729, -6, 57.4046
-10.4756, -6, 57.3302
-11.5338, -6, 57.2882
-12.5921, -6, 57.3064
-13.6504, -6, 57.4148
-14.7086, -6, 57.4539
-15.7669, -6, 57.3972
-16.8252, -6, 57.2495
-17.8835, -6, 57.0768
-18.9417, -6, 57.0364
98.9261, -7, 66.8529
97.8521, -7, 66.6764
96.7782, -7, 66.8926
95.7043, -7, 67.1831
94.6304, -7, 67.4867
93.5564, -7, 67.7894
92.4825, -7, 68.1285
91.4086, -7, 68.6595
90.3347, -7, 69.6231
89.2607, -7, 69.6223
88.1868, -7, 69.3306
87.1129, -7, 69.5388
86.039, -7, 69.842
84.9651, -7, 70.1464
83.8911, -7, 70.4105
82.8172, -7, 70.6333
81.7433, -7, 70.8476
80.6694, -7, 71.4259
79.5954, -7, 71.7443
78.5215, -7, 71.0882
77.4476, -7, 71.0348
76.3737, -7, 71.0397
75.2997, -7, 70.9919
74.2258, -7, 70.8604
73.1519, -7, 70.64
72.078, -7, 70.3532
71.004, -7, 70.3704
69.9301, -7, 71.5245
68.8562, -7, 69.7882
67.7823, -7, 69.5588
66.7083, -7, 69.5898
65.6344, -7, 69.5345
64.5605, -7, 69.3311
63.4866, -7, 68.9321
62.4126, -7, 68.2692
61.3387, -7, 67.3101
60.2648, -7, 66.1929
59.1909, -7, 66.5869
58.1169, -7, 67.489
57.043, -7, 68.179
55.9691, -7, 68.5588
54.8952, -7, 68.6981
53.8212, -7, 68.6482
52.7473, -7, 68.4202
51.6734, -7, 68.0346
50.5995, -7, 67.4943
49.5255, -7, 67.4772
48.4516, -7, 68.2958
47.3777, -7, 68.7468
46.3038, -7, 69.0188
45.2298, -7, 69.1436
44.1559, -7, 69.1553
43.082, -7, 69.0783
42.0081, -7, 68.9467
40.9341, -7, 68.9278
39.8602, -7, 68.7652
38.7863, -7, 68.9705
37.7124, -7, 69.0532
36.6384, -7, 69.1924
35.5645, -7, 69.2709
34.4906, -7, 69.2582
33.4167, -7, 69.1339
32.3427, -7, 68.8807
31.2688, -7, 68.5585
30.1949, -7, 68.1582
29.121, -7, 68.8719
28.047, -7, 69.6361
26.9731, -7, 70.3838
25.8992, -7, 70.9854
24.8253, -7, 71.4845
23.7513, -7, 71.9227
22.6774, -7, 72.3393
21.6035, -7, 72.7836
20.5296, -7, 73.3456
19.4556, -7, 73.6489
18.3817, -7, 73.4886
17.3078, -7, 73.4287
16.2339, -7, 73.3796
15.1599, -7, 73.3189
14.086, -7, 73.2542
13.0121, -7, 73.176
11.9382, -7, 73.0682
10.8642, -7, 73.5448
9.79032, -7, 75.3173
8.7164, -7, 73.9479
7.64247, -7, 73.355
6.56855, -7, 73.2474
5.49462, -7, 73.4982
4.4207, -7, 72.8028
3.34677, -7, 70.0387
2.27285, -7, 73.4192
1.19892, -7, 72.0342
0.125, -7, 68.1085
-0.934211, -7, 69.3902
-1.99342, -7, 69.6872
-3.05263, -7, 69.658
-4.11184, -7, 69.4939
-5.17105, -7, 69.2344
-6.23026, -7, 68.8714
-7.28947, -7, 68.3646
-8.34868, -7, 67.636
-9.4079, -7, 67.0286
-10.4671, -7, 66.8765
-11.5263, -7, 67.0195
-12.5855, -7, 67.4468
-13.6447, -7, 67.6669
-14.7039, -7, 67.7318
-15.7632, -7, 67.6646
-16.8224, -7, 67.4581
-17.8816, -7, 67.0697
-18.9408, -7, 66.5506
98.9263, -8, 75.5194
97.8525, -8, 76.4588
96.7788, -8, 77.0287
95.7051, -8, 77.4684
94.6313, -8, 77.8294
93.5576, -8, 78.1222
92.4839, -8, 78.313
91.4101, -8, 78.2356
90.3364, -8, 78.3234
89.2627, -8, 78.5403
88.1889, -8, 79.4241
87.1152, -8, 80.0039
86.0415, -8, 80.4078
84.9677, -8, 80.729
83.894, -8, 80.9967
82.8203, -8, 81.1784
81.7465, -8, 81.2098
80.6728, -8, 81.2342
79.5991, -8, 81.5705
78.5253, -8, 81.4332
77.4516, -8, 81.5857
76.3779, -8, 81.626
75.3041, -8, 81.559
74.2304, -8, 81.4196
73.1567, -8, 81.1812
72.0829, -8, 80.787
71.0092, -8, 80.3681
69.9355, -8, 80.8611
68.8617, -8, 79.9189
67.788, -8, 80.0009
66.7143, -8, 80.0831
65.6406, -8, 80.0131
64.5668, -8, 79.8002
63.4931, -8, 79.4131
62.4194, -8, 78.7536
61.3456, -8, 77.7956
60.2719, -8, 76.5982
59.1982, -8, 76.9511
58.1244, -8, 77.9587
57.0507, -8, 78.6694
55.977, -8, 79.0564
54.9032, -8, 79.2114
53.8295, -8, 79.1778
52.7558, -8, 78.9264
51.682, -8, 78.3604
50.6083, -8, 77.2445
49.5346, -8, 77.1687
48.4608, -8, 78.4802
47.3871, -8, 79.1877
46.3134, -8, 79.5193
45.2396, -8, 79.6408
44.1659, -8, 79.627
43.0922, -8, 79.4895
42.0184, -8, 79.1754
40.9447, -8, 78.5624
39.871, -8, 78.2875
38.7972, -8, 78.8002
37.7235, -8, 79.339
36.6498, -8, 79.6104
35.576, -8, 79.723
34.5023, -8, 79.7265
33.4286, -8, 79.6077
32.3548, -8, 79.2832
31.2811, -8, 78.641
30.2074, -8, 77.9287
29.1336, -8, 78.6908
28.0599, -8, 79.8646
26.9862, -8, 80.6433
25.9124, -8, 81.185
24.8387, -8, 81.6027
23.765, -8, 81.9503
22.6912, -8, 82.252
21.6175, -8, 82.548
20.5438, -8, 83.0154
19.47, -8, 83.3359
18.3963, -8, 83.3298
17.3226, -8, 83.3163
16.2488, -8, 83.2675
15.1751, -8, 83.2243
14.1014, -8, 83.2114
13.0276, -8, 83.2783
11.9539, -8, 83.5318
10.8802, -8, 83.8234
9.80645, -8, 84.9159
8.73272, -8, 83.685
7.65899, -8, 83.3964
6.58525, -8, 83.1635
5.51152, -8, 83.2117
4.43779, -8, 82.0357
3.36406, -8, 80.9223
2.29032, -8, 83.0927
1.21659, -8, 80.8739
0.142857, -8, 80.714
-0.917293, -8, 80.6801
-1.97744, -8, 80.3496
-3.03759, -8, 80.1449
-4.09774, -8, 79.9425
-5.15789, -8, 79.7071
-6.21805, -8, 79.4074
-7.2782, -8, 78.9855
-8.33835, -8, 78.2978
-9.3985, -8, 76.886
-10.4586, -8, 76.4333
-11.5188, -8, 77.6056
-12.5789, -8, 78.111
-13.6391, -8, 78.3159
-14.6992, -8, 78.3672
-15.7594, -8, 78.3008
-16.8195, -8, 78.1074
-17.8797, -8, 77.7156
-18.9398, -8, 76.8723
98.9265, -9, 85.0987
97.8529, -9, 86.4625
96.7794, -9, 87.3196
95.7058, -9, 87.8907
94.6323, -9, 88.2874
93.5588, -9, 88.5493
92.4852, -9, 88.6348
91.4117, -9, 88.3985
90.3381, -9, 87.0049
89.2646, -9, 88.3589
88.1911, -9, 89.8454
87.1175, -9, 90.5364
86.044, -9, 90.9655
84.9704, -9, 91.2857
83.8969, -9, 91.5626
82.8233, -9, 91.8124
81.7498, -9, 91.973
80.6763, -9, 91.4987
79.6027, -9, 91.1849
78.5292, -9, 92.2764
77.4556, -9, 92.3779
76.3821, -9, 92.2978
75.3086, -9, 92.2052
74.235, -9, 92.0993
73.1615, -9, 91.9604
72.0879, -9, 91.7202
71.0144, -9, 90.9713
69.9409, -9, 88.8282
68.8673, -9, 90.7242
67.7938, -9, 91.0659
66.7202, -9, 91.0066
65.6467, -9, 90.8666
64.5732, -9, 90.6685
63.4996, -9, 90.3996
62.4261, -9, 90.0396
61.3525, -9, 89.3391
60.279, -9, 87.8907
59.2055, -9, 88.5245
58.1319, -9, 89.4498
57.0584, -9, 89.8295
55.9848, -9, 90.0523
54.9113, -9, 90.1771
53.8377, -9, 90.1845
52.7642, -9, 90.0379
51.6907, -9, 89.59
50.6171, -9, 88.5488
49.5436, -9, 88.3951
48.47, -9, 89.5386
47.3965, -9, 90.1075
46.323, -9, 90.3406
45.2494, -9, 90.3995
44.1759, -9, 90.3409
43.1023, -9, 90.1748
42.0288, -9, 89.8557
40.9553, -9, 89.1411
39.8817, -9, 88.1362
38.8082, -9, 89.3925
37.7346, -9, 89.9883
36.6611, -9, 90.2371
35.5876, -9, 90.3524
34.514, -9, 90.3833
33.4405, -9, 90.3309
32.3669, -9, 90.1531
31.2934, -9, 89.6181
30.2199, -9, 88.205
29.1463, -9, 89.5105
28.0728, -9, 90.6352
26.9992, -9, 91.179
25.9257, -9, 91.5538
24.8522, -9, 91.854
23.7786, -9, 92.1099
22.7051, -9, 92.3359
21.6315, -9, 92.5275
20.558, -9, 92.6839
19.4844, -9, 92.941
18.4109, -9, 93.1536
17.3374, -9, 93.18
16.2638, -9, 93.1737
15.1903, -9, 93.1703
14.1167, -9, 93.1953
13.0432, -9, 93.285
11.9697, -9, 93.5189
10.8961, -9, 93.8795
9.82258, -9, 91.5763
8.74904, -9, 93.4295
7.6755, -9, 93.5548
6.60196, -9, 93.3093
5.52842, -9, 92.3232
4.45488, -9, 92.2143
3.38134, -9, 94.7828
2.3078, -9, 92.6105
1.23425, -9, 89.2125
0.160714, -9, 93.771
-0.900376, -9, 91.9948
-1.96147, -9, 91.1475
-3.02256, -9, 90.7461
-4.08365, -9, 90.5033
-5.14474, -9, 90.3088
-6.20583, -9, 90.1115
-7.26692, -9, 89.8584
-8.32801, -9, 89.4343
-9.3891, -9, 88.2916
-10.4502, -9, 87.6064
-11.5113, -9, 88.8233
-12.5724, -9, 89.1317
-13.6335, -9, 89.2351
-14.6945, -9, 89.2445
-15.7556, -9, 89.1854
-16.8167, -9, 89.0523
-17.8778, -9, 88.7963
-18.9389, -9, 88.2067
98.9267, -10, 95.7776
97.8533, -10, 97.1211
96.78, -10, 97.9598
95.7066, -10, 98.5176
94.6333, -10, 98.91
93.5599, -10, 99.179
92.4866, -10, 99.307
91.4132, -10, 99.2419
90.3399, -10, 98.1571
89.2665, -10, 99.4872
88.19316, -10, 100.5975
87.11981, -10, 101.141
86.04647, -10, 101.5057
84.97312, -10, 101.7952
83.89977, -10, 102.064
82.82642, -10, 102.351
81.75307, -10, 102.6824
80.67973, -10, 102.761
79.60638, -10, 102.4662
78.53303, -10, 103.1248
77.45968, -10, 103.0135
76.38633, -10, 102.9125
75.31298, -10, 102.8473
74.23963, -10, 102.8001
73.16628, -10, 102.7476
72.09293, -10, 102.6255
71.01958, -10, 102.1315
69.94624, -10, 100.213
68.87289, -10, 101.998
67.79954, -10, 102.1915
66.72619, -10, 102.1072
65.65284, -10, 101.9623
64.57949, -10, 101.8043
63.50615, -10, 101.6455
62.4328, -10, 101.4793
61.35945, -10, 101.3674
60.2861, -10, 100.6812
59.21275, -10, 101.2382
58.1394, -10, 101.233
57.06605, -10, 101.31
55.9927, -10, 101.4146
54.91935, -10, 101.502
53.846, -10, 101.5598
52.77266, -10, 101.5384
51.69931, -10, 101.4319
50.62596, -10, 101.1938
49.55261, -10, 100.9625
48.47926, -10, 101.3316
47.40591, -10, 101.4235
46.33257, -10, 101.4553
45.25922, -10, 101.3929
44.18587, -10, 101.2732
43.11252, -10, 101.0971
42.03917, -10, 100.8642
40.96582, -10, 100.5983
39.8925, -10, 99.6853
38.81913, -10, 100.6568
37.74578, -10, 100.8601
36.67243, -10, 101.0182
35.59908, -10, 101.1208
34.52573, -10, 101.1847
33.45238, -10, 101.2168
32.37903, -10, 101.2128
31.30568, -10, 101.2054
30.23233, -10, 100.3565
29.15899, -10, 101.3241
28.08564, -10, 101.632
27.01229, -10, 101.854
25.93894, -10, 102.0415
24.86559, -10, 102.2058
23.79224, -10, 102.3564
22.71889, -10, 102.4964
21.64555, -10, 102.6214
20.5722, -10, 102.6011
19.49885, -10, 102.7051
18.4255, -10, 102.9288
17.35215, -10, 103.0018
16.2788, -10, 103.0452
15.20545, -10, 103.0723
14.1321, -10, 103.1123
13.05876, -10, 103.1609
11.98541, -10, 103.1751
10.91206, -10, 103.1782
9.83871, -10, 103.953
8.765361, -10, 103.4257
7.692012, -10, 103.3826
6.618664, -10, 103.4421
5.545315, -10, 103.6357
4.471966, -10, 105.1331
3.398618, -10, 103.689
2.325269, -10, 100.7648
1.25192, -10, 101.0077
0.1785714, -10, 103.573
-0.8834587, -10, 102.7371
-1.945489, -10, 101.7464
-3.007519, -10, 101.2802
-4.069549, -10, 101.0417
-5.131579, -10, 100.914
-6.193609, -10, 100.8445
-7.255639, -10, 100.799
-8.317669, -10, 100.7437
-9.3797, -10, 100.6014
-10.44173, -10, 100.4024
-11.50376, -10, 100.3758
-12.56579, -10, 100.3363
-13.62782, -10, 100.2906
-14.68985, -10, 100.2429
-15.75188, -10, 100.1942
-16.81391, -10, 100.145
-17.87594, -10, 100.0954
-18.93797, -10, 100.0461
98.92684, -11, 107.5237
97.85368, -11, 108.4265
96.78053, -11, 108.9695
95.70737, -11, 109.3933
94.63422, -11, 109.7494
93.56106, -11, 110.06
92.4879, -11, 110.3435
91.41475, -11, 110.5757
90.34159, -11, 111.548
89.26843, -11, 111.4066
88.19527, -11, 111.6011
87.12212, -11, 111.8566
86.04897, -11, 112.0874
84.97581, -11, 112.3129
83.90265, -11, 112.5487
82.82949, -11, 112.8215
81.75634, -11, 113.2103
80.68318, -11, 114.2056
79.61002, -11, 115.0535
78.53687, -11, 113.7136
77.46371, -11, 113.473
76.39056, -11, 113.4078
75.3174, -11, 113.3897
74.24424, -11, 113.3993
73.17108, -11, 113.4244
72.09792, -11, 113.4497
71.02477, -11, 113.5363
69.95161, -11, 114.6759
68.87846, -11, 113.4464
67.8053, -11, 113.2882
66.73214, -11, 113.1279
65.65899, -11, 112.9734
64.58583, -11, 112.8572
63.51267, -11, 112.8108
62.43952, -11, 112.9021
61.36636, -11, 113.2322
60.2932, -11, 114.6331
59.22005, -11, 113.7168
58.14689, -11, 113.0914
57.07373, -11, 112.8363
56.00058, -11, 112.7666
54.92742, -11, 112.8209
53.85426, -11, 112.9639
52.7811, -11, 113.2217
51.70795, -11, 113.5919
50.63479, -11, 114.0876
49.56163, -11, 114.2499
48.48848, -11, 113.4532
47.41532, -11, 113.0214
46.34217, -11, 112.6918
45.26901, -11, 112.4725
44.19585, -11, 112.3052
43.1227, -11, 112.1807
42.04954, -11, 112.1118
40.97638, -11, 112.1168
39.90322, -11, 112.7636
38.83007, -11, 111.9924
37.75691, -11, 111.9151
36.68375, -11, 111.9153
35.6106, -11, 111.9713
34.53744, -11, 112.0588
33.46429, -11, 112.1858
32.39113, -11, 112.4006
31.31797, -11, 112.7648
30.24482, -11, 114.1307
29.17166, -11, 113.157
28.0985, -11, 112.7297
27.02534, -11, 112.5987
25.95219, -11, 112.58
24.87903, -11, 112.6072
23.80588, -11, 112.6497
22.73272, -11, 112.6949
21.65956, -11, 112.7331
20.5864, -11, 112.7448
19.51325, -11, 112.714
18.44009, -11, 112.7222
17.36694, -11, 112.7715
16.29378, -11, 112.7881
15.22062, -11, 112.7908
14.14747, -11, 112.8004
13.07431, -11, 112.8248
12.00115, -11, 112.8077
10.928, -11, 112.6335
9.854838, -11, 114.7459
8.781682, -11, 113.1824
7.708525, -11, 113.0543
6.635369, -11, 113.3412
5.562212, -11, 114.4642
4.489055, -11, 113.9781
3.415899, -11, 111.7652
2.342742, -11, 109.1155
1.269585, -11, 113.2822
0.1964286, -11, 112.8374
-0.8665413, -11, 112.3554
-1.929511, -11, 111.8963
-2.992481, -11, 111.5483
-4.055451, -11, 111.3982
-5.118421, -11, 111.3772
-6.181391, -11, 111.4531
-7.244361, -11, 111.6228
-8.307331, -11, 111.9428
-9.3703, -11, 112.8118
-10.43327, -11, 113.2758
-11.49624, -11, 111.9452
-12.55921, -11, 111.5457
-13.62218, -11, 111.3471
-14.68515, -11, 111.2407
-15.74812, -11, 111.2021
-16.81109, -11, 111.2372
-17.87406, -11, 111.3945
-18.93703, -11, 111.8859
98.92703, -12, 120.1234
97.85407, -12, 119.9536
96.7811, -12, 120.1714
95.70814, -12, 120.4494
94.63518, -12, 120.7515
93.56221, -12, 121.0878
92.48925, -12, 121.4907
91.41628, -12, 122.1811
90.34332, -12, 123.8161
89.27036, -12, 123.4314
88.19739, -12, 122.6801
87.12442, -12, 122.6099
86.05146, -12, 122.6948
84.97849, -12, 122.835
83.90553, -12, 123.0223
82.83257, -12, 123.2688
81.7596, -12, 123.6772
80.68664, -12, 124.8593
79.61367, -12, 125.7402
78.5407, -12, 124.1831
77.46774, -12, 123.881
76.39478, -12, 123.8241
75.32182, -12, 123.8404
74.24885, -12, 123.9075
73.17588, -12, 124.0297
72.10292, -12, 124.2705
71.02995, -12, 125.0592
69.95699, -12, 126.9402
68.88403, -12, 125.0149
67.81106, -12, 124.2939
66.7381, -12, 124.0172
65.66513, -12, 123.8489
64.59216, -12, 123.7666
63.5192, -12, 123.7999
62.44624, -12, 124.0193
61.37327, -12, 124.6488
60.30031, -12, 126.4415
59.22734, -12, 125.4758
58.15438, -12, 124.458
57.08141, -12, 124.0798
56.00845, -12, 123.9626
54.93548, -12, 124.0144
53.86252, -12, 124.2204
52.78955, -12, 124.605
51.71659, -12, 125.2749
50.64362, -12, 126.4971
49.57066, -12, 126.7085
48.4977, -12, 125.2213
47.42473, -12, 124.3721
46.35176, -12, 123.8691
45.2788, -12, 123.5423
44.20584, -12, 123.3337
43.13287, -12, 123.2151
42.05991, -12, 123.2011
40.98694, -12, 123.4992
39.91398, -12, 124.3838
38.84101, -12, 123.2313
37.76805, -12, 122.8837
36.69508, -12, 122.8186
35.62212, -12, 122.8484
34.54916, -12, 122.9509
33.47619, -12, 123.1366
32.40322, -12, 123.4472
31.33026, -12, 124.0853
30.2573, -12, 125.8697
29.18433, -12, 124.6386
28.11137, -12, 123.6667
27.0384, -12, 123.3059
25.96544, -12, 123.1255
24.89247, -12, 123.0246
23.81951, -12, 122.9631
22.74654, -12, 122.9097
21.67358, -12, 122.8467
20.60061, -12, 122.8716
19.52765, -12, 122.7431
18.45469, -12, 122.5748
17.38172, -12, 122.5186
16.30876, -12, 122.4914
15.23579, -12, 122.4594
14.16283, -12, 122.4081
13.08986, -12, 122.3413
12.0169, -12, 122.3451
10.94393, -12, 122.6289
9.870968, -12, 120.2573
8.798003, -12, 122.383
7.725039, -12, 122.6727
6.652074, -12, 122.6791
5.579109, -12, 122.518
4.506145, -12, 121.9384
3.43318, -12, 119.8534
2.360215, -12, 119.578
1.28725, -12, 123.0839
0.2142857, -12, 121.7927
-0.849624, -12, 121.3207
-1.913534, -12, 121.4305
-2.977444, -12, 121.5008
-4.041353, -12, 121.5915
-5.105263, -12, 121.7123
-6.169173, -12, 121.8949
-7.233083, -12, 122.1983
-8.296992, -12, 122.7732
-9.360902, -12, 124.0603
-10.42481, -12, 124.4764
-11.48872, -12, 123.2011
-12.55263, -12, 122.5765
-13.61654, -12, 122.267
-14.68045, -12, 122.1157
-15.74436, -12, 122.084
-16.80827, -12, 122.1801
-17.87218, -12, 122.4753
-18.93609, -12, 123.2215
98.92723, -13, 132.0982
97.85445, -13, 131.5605
96.78168, -13, 131.383
95.70891, -13, 131.4692
94.63614, -13, 131.7022
93.56336, -13, 132.0689
92.49059, -13, 132.6467
91.41782, -13, 133.4935
90.34505, -13, 134.4117
89.27227, -13, 134.3414
88.1995, -13, 133.6772
87.12673, -13, 133.3143
86.05396, -13, 133.2142
84.98119, -13, 133.2651
83.90841, -13, 133.4142
82.83564, -13, 133.6666
81.76286, -13, 134.0442
80.69009, -13, 134.3576
79.61732, -13, 134.1441
78.54455, -13, 134.4398
77.47177, -13, 134.2457
76.399, -13, 134.1542
75.32623, -13, 134.1783
74.25346, -13, 134.2996
73.18069, -13, 134.5537
72.10791, -13, 135.0482
71.03514, -13, 135.8181
69.96236, -13, 136.1806
68.88959, -13, 135.8809
67.81682, -13, 135.1598
66.74405, -13, 134.6984
65.67127, -13, 134.4698
64.5985, -13, 134.3952
63.52573, -13, 134.4705
62.45296, -13, 134.7477
61.38018, -13, 135.3126
60.30741, -13, 135.8421
59.23464, -13, 135.8863
58.16187, -13, 135.2032
57.08909, -13, 134.8454
56.01632, -13, 134.7317
54.94355, -13, 134.797
53.87078, -13, 135.0317
52.798, -13, 135.4759
51.72523, -13, 136.245
50.65246, -13, 137.5543
49.57969, -13, 137.7556
48.50691, -13, 136.2526
47.43414, -13, 135.2847
46.36137, -13, 134.6832
45.28859, -13, 134.3032
44.21582, -13, 134.0743
43.14305, -13, 133.9773
42.07028, -13, 134.0348
40.99751, -13, 134.2279
39.92473, -13, 134.0026
38.85196, -13, 133.9781
37.77919, -13, 133.6755
36.70641, -13, 133.5255
35.63364, -13, 133.5234
34.56087, -13, 133.6333
33.48809, -13, 133.8599
32.41532, -13, 134.254
31.34255, -13, 134.8754
30.26978, -13, 135.3448
29.197, -13, 135.1644
28.12423, -13, 134.3612
27.05146, -13, 133.8444
25.97869, -13, 133.5366
24.90591, -13, 133.3386
23.83314, -13, 133.1992
22.76037, -13, 133.0869
21.6876, -13, 132.9753
20.61482, -13, 132.7768
19.54205, -13, 132.5569
18.46928, -13, 132.4772
17.39651, -13, 132.3904
16.32373, -13, 132.3088
15.25096, -13, 132.2297
14.17819, -13, 132.1542
13.10541, -13, 132.082
12.03264, -13, 132.0049
10.95987, -13, 131.8777
9.887096, -13, 131.6651
8.814324, -13, 131.78
7.741551, -13, 132.0037
6.668779, -13, 132.0334
5.596006, -13, 131.2873
4.523233, -13, 129.6113
3.450461, -13, 129.7648
2.377688, -13, 133.3665
1.304916, -13, 132.7871
0.2321429, -13, 130.3128
-0.8327067, -13, 130.1611
-1.897556, -13, 130.8371
-2.962406, -13, 131.3687
-4.027256, -13, 131.6909
-5.092105, -13, 131.9306
-6.156955, -13, 132.1819
-7.221805, -13, 132.5355
-8.286654, -13, 133.1302
-9.351503, -13, 133.7997
-10.41635, -13, 134.0628
-11.4812, -13, 133.7968
-12.54605, -13, 133.2474
-13.6109, -13, 132.9165
-14.67575, -13, 132.7487
-15.7406, -13, 132.7174
-16.80545, -13, 132.8277
-17.8703, -13, 133.121
-18.93515, -13, 133.549
98.92742, -14, 143.0468
97.85484, -14, 142.5725
96.78226, -14, 142.3454
95.70968, -14, 142.3334
94.6371, -14, 142.4959
93.56451, -14, 142.821
92.49194, -14, 143.3174
91.41936, -14, 143.9422
90.34677, -14, 144.355
89.27419, -14, 144.2354
88.20161, -14, 143.9926
87.12904, -14, 143.6873
86.05645, -14, 143.5446
84.98387, -14, 143.5402
83.91129, -14, 143.6379
82.83871, -14, 143.8021
81.76613, -14, 143.934
80.69355, -14, 143.4047
79.62096, -14, 142.9889
78.54839, -14, 144.1461
77.47581, -14, 144.2795
76.40323, -14, 144.2875
75.33064, -14, 144.3453
74.25806, -14, 144.4974
73.18549, -14, 144.7785
72.1129, -14, 145.217
71.04032, -14, 145.6129
69.96774, -14, 145.6207
68.89516, -14, 145.7403
67.82258, -14, 145.3801
66.75, -14, 144.9921
65.67742, -14, 144.7652
64.60484, -14, 144.6848
63.53226, -14, 144.7361
62.45968, -14, 144.9066
61.3871, -14, 145.0815
60.31452, -14, 144.8795
59.24194, -14, 145.0777
58.16935, -14, 145.2031
57.09678, -14, 145.0711
56.02419, -14, 145.0316
54.95161, -14, 145.1213
53.87903, -14, 145.3517
52.80645, -14, 145.7491
51.73387, -14, 146.3429
50.66129, -14, 147.095
49.58871, -14, 147.3784
48.51613, -14, 146.3451
47.44355, -14, 145.6035
46.37097, -14, 145.0598
45.29839, -14, 144.6909
44.22581, -14, 144.4601
43.15322, -14, 144.3488
42.08065, -14, 144.3376
41.00806, -14, 144.2376
39.93548, -14, 143.7688
38.8629, -14, 144.0599
37.79032, -14, 144.0079
36.71774, -14, 143.9193
35.64516, -14, 143.9294
34.57258, -14, 144.0425
33.5, -14, 144.2618
32.42742, -14, 144.5906
31.35484, -14, 144.9332
30.28226, -14, 144.8212
29.20968, -14, 144.8222
28.1371, -14, 144.5555
27.06452, -14, 144.1051
25.99194, -14, 143.7574
24.91936, -14, 143.5023
23.84678, -14, 143.3096
22.77419, -14, 143.1486
21.70161, -14, 142.9751
20.62903, -14, 142.627
19.55645, -14, 142.368
18.48387, -14, 142.3578
17.41129, -14, 142.2474
16.33871, -14, 142.1085
15.26613, -14, 141.9774
14.19355, -14, 141.8718
13.12097, -14, 141.7898
12.04839, -14, 141.6418
10.97581, -14, 141.1843
9.903226, -14, 143.3201
8.830646, -14, 141.6235
7.758065, -14, 141.6843
6.685484, -14, 141.9917
5.612903, -14, 142.4075
4.540323, -14, 141.679
3.467742, -14, 142.6046
2.395161, -14, 143.0237
1.322581, -14, 141.111
0.25, -14, 138.92
-0.8157895, -14, 139.3911
-1.881579, -14, 140.6921
-2.947368, -14, 141.3377
-4.013158, -14, 141.7149
-5.078948, -14, 142.0032
-6.144737, -14, 142.2886
-7.210526, -14, 142.6232
-8.276316, -14, 142.9498
-9.342105, -14, 143.2973
-10.4079, -14, 143.605
-11.47368, -14, 143.4978
-12.53947, -14, 143.3728
-13.60526, -14, 143.1598
-14.67105, -14, 143.0197
-15.73684, -14, 142.9793
-16.80263, -14, 143.0331
-17.86842, -14, 143.1157
-18.93421, -14, 143.0634
98.92761, -15, 153.1623
97.85522, -15, 152.8177
96.78284, -15, 152.6974
95.71045, -15, 152.6896
94.63805, -15, 152.8004
93.56567, -15, 153.0154
92.49328, -15, 153.2882
91.42089, -15, 153.6076
90.3485, -15, 154.0385
89.27612, -15, 153.8697
88.20373, -15, 153.5872
87.13134, -15, 153.5078
86.05894, -15, 153.4534
84.98656, -15, 153.448
83.91417, -15, 153.4847
82.84178, -15, 153.5069
81.76939, -15, 153.3781
80.69701, -15, 153.0774
79.62462, -15, 153.1566
78.55223, -15, 153.5036
77.47984, -15, 153.8453
76.40745, -15, 154.011
75.33506, -15, 154.1222
74.26267, -15, 154.2656
73.19028, -15, 154.4612
72.1179, -15, 154.6624
71.04551, -15, 154.9693
69.97312, -15, 155.4801
68.90073, -15, 155.0584
67.82834, -15, 154.8335
66.75595, -15, 154.6904
65.68356, -15, 154.5549
64.61118, -15, 154.4846
63.53879, -15, 154.4713
62.4664, -15, 154.438
61.39401, -15, 154.3009
60.32162, -15, 154.0561
59.24923, -15, 154.2331
58.17684, -15, 154.5334
57.10445, -15, 154.7239
56.03207, -15, 154.8243
54.95968, -15, 154.9515
53.88729, -15, 155.1449
52.8149, -15, 155.3956
51.74251, -15, 155.6651
50.67012, -15, 156.0471
49.59773, -15, 156.0522
48.52534, -15, 155.6714
47.45296, -15, 155.2783
46.38057, -15, 154.9303
45.30818, -15, 154.634
44.23579, -15, 154.411
43.1634, -15, 154.244
42.09101, -15, 154.0722
41.01862, -15, 153.9313
39.94624, -15, 153.858
38.87385, -15, 153.7767
37.80146, -15, 153.8134
36.72907, -15, 153.8789
35.65668, -15, 153.9409
34.58429, -15, 154.052
33.51191, -15, 154.2166
32.43952, -15, 154.3837
31.36713, -15, 154.4994
30.29474, -15, 154.6645
29.22235, -15, 154.4601
28.14996, -15, 154.2277
27.07757, -15, 153.9805
26.00518, -15, 153.702
24.9328, -15, 153.4541
23.86041, -15, 153.235
22.78802, -15, 153.0182
21.71563, -15, 152.7842
20.64324, -15, 152.5753
19.57085, -15, 152.3744
18.49846, -15, 152.1797
17.42608, -15, 151.9621
16.35369, -15, 151.7864
15.2813, -15, 151.6207
14.20891, -15, 151.4422
13.13652, -15, 151.2453
12.06413, -15, 151.1033
10.99174, -15, 151.231
9.919354, -15, 149.3344
8.846966, -15, 151.3076
7.774578, -15, 151.685
6.702189, -15, 152.0592
5.6298, -15, 153.1191
4.557412, -15, 153.8831
3.485023, -15, 152.6518
2.412634, -15, 151.0929
1.340246, -15, 149.5923
0.2678571, -15, 147.8058
-0.7988722, -15, 149.867
-1.865602, -15, 150.8826
-2.932331, -15, 151.3654
-3.99906, -15, 151.6929
-5.06579, -15, 151.9542
-6.132519, -15, 152.1824
-7.199248, -15, 152.3962
-8.265978, -15, 152.6119
-9.332706, -15, 152.8583
-10.39944, -15, 153.0837
-11.46617, -15, 153.0086
-12.5329, -15, 152.9366
-13.59962, -15, 152.8712
-14.66635, -15, 152.8082
-15.73308, -15, 152.7468
-16.79981, -15, 152.6861
-17.86654, -15, 152.6254
-18.93327, -15, 152.5643
98.9278, -16, 162.6396
97.85561, -16, 162.5775
96.78341, -16, 162.5056
95.71121, -16, 162.5156
94.63902, -16, 162.5878
93.56682, -16, 162.7027
92.49462, -16, 162.8456
91.42242, -16, 163.0015
90.35023, -16, 163.3082
89.27803, -16, 163.1809
88.20583, -16, 163.0177
87.13364, -16, 162.9745
86.06145, -16, 162.9726
84.98925, -16, 162.9833
83.91705, -16, 162.987
82.84486, -16, 162.9689
81.77266, -16, 162.9375
80.70046, -16, 163.1494
79.62827, -16, 163.3918
78.55607, -16, 163.1145
77.48387, -16, 163.2412
76.41167, -16, 163.3849
75.33948, -16, 163.5055
74.26728, -16, 163.6148
73.19508, -16, 163.7321
72.12289, -16, 163.8891
71.05069, -16, 164.1837
69.97849, -16, 165.0141
68.9063, -16, 164.2166
67.8341, -16, 164.0125
66.7619, -16, 163.9182
65.6897, -16, 163.8577
64.61751, -16, 163.8086
63.54531, -16, 163.757
62.47312, -16, 163.6899
61.40092, -16, 163.5917
60.32872, -16, 163.4006
59.25653, -16, 163.5347
58.18433, -16, 163.7921
57.11214, -16, 163.9937
56.03994, -16, 164.1636
54.96774, -16, 164.3194
53.89555, -16, 164.4728
52.82335, -16, 164.6304
51.75115, -16, 164.7779
50.67896, -16, 164.7189
49.60676, -16, 164.6279
48.53456, -16, 164.7679
47.46236, -16, 164.5834
46.39017, -16, 164.3647
45.31797, -16, 164.1547
44.24578, -16, 163.957
43.17358, -16, 163.7721
42.10138, -16, 163.6047
41.02919, -16, 163.4914
39.95699, -16, 163.7432
38.88479, -16, 163.4129
37.8126, -16, 163.4165
36.7404, -16, 163.4816
35.6682, -16, 163.5677
34.596, -16, 163.6665
33.52381, -16, 163.7765
32.45161, -16, 163.9017
31.37942, -16, 164.0651
30.30722, -16, 164.3761
29.23502, -16, 164.1325
28.16283, -16, 163.8044
27.09063, -16, 163.576
26.01843, -16, 163.3732
24.94624, -16, 163.1778
23.87404, -16, 162.9819
22.80184, -16, 162.7804
21.72965, -16, 162.5755
20.65745, -16, 162.4757
19.58525, -16, 162.3472
18.51306, -16, 161.9622
17.44086, -16, 161.7536
16.36866, -16, 161.5555
15.29647, -16, 161.3591
14.22427, -16, 161.1439
13.15207, -16, 160.9124
12.07988, -16, 160.7147
11.00768, -16, 160.6205
9.935484, -16, 160.0898
8.863287, -16, 160.7488
7.79109, -16, 161.1196
6.718894, -16, 161.441
5.646698, -16, 161.6801
4.574501, -16, 161.4784
3.502304, -16, 160.6159
2.430108, -16, 159.204
1.357911, -16, 157.6103
0.2857143, -16, 159.4905
-0.7819549, -16, 161.1076
-1.849624, -16, 161.2972
-2.917293, -16, 161.4862
-3.984962, -16, 161.6639
-5.052631, -16, 161.8308
-6.120301, -16, 161.9915
-7.18797, -16, 162.1522
-8.255639, -16, 162.3155
-9.323308, -16, 162.4731
-10.39098, -16, 162.5536
-11.45865, -16, 162.5053
-12.52632, -16, 162.4429
-13.59398, -16, 162.3772
-14.66165, -16, 162.3132
-15.72932, -16, 162.2508
-16.79699, -16, 162.189
-17.86466, -16, 162.1268
-18.93233, -16, 162.0627
98.92799, -17, 171.8915
97.85599, -17, 171.9992
96.78399, -17, 172.0498
95.71198, -17, 172.0799
94.63998, -17, 172.1305
93.56797, -17, 172.1961
92.49596, -17, 172.2526
91.42397, -17, 172.2687
90.35196, -17, 172.2005
89.27995, -17, 172.338
88.20795, -17, 172.4181
87.13595, -17, 172.4372
86.06394, -17, 172.4532
84.99194, -17, 172.475
83.91993, -17, 172.5003
82.84792, -17, 172.5403
81.77592, -17, 172.6669
80.70392, -17, 172.9432
79.63191, -17, 173.057
78.55991, -17, 172.8696
77.4879, -17, 172.7771
76.4159, -17, 172.799
75.3439, -17, 172.8534
74.27189, -17, 172.917
73.19988, -17, 172.9962
72.12788, -17, 173.1113
71.05588, -17, 173.2616
69.98387, -17, 173.2851
68.91187, -17, 173.2565
67.83986, -17, 173.1561
66.76786, -17, 173.0974
65.69585, -17, 173.0625
64.62385, -17, 173.0369
63.55184, -17, 173.0115
62.47984, -17, 172.9809
61.40783, -17, 172.9427
60.33583, -17, 172.8977
59.26382, -17, 172.9389
58.19182, -17, 173.1007
57.11982, -17, 173.2737
56.04781, -17, 173.4323
54.97581, -17, 173.5761
53.9038, -17, 173.7066
52.8318, -17, 173.8105
51.75979, -17, 173.8227
50.68779, -17, 173.6724
49.61578, -17, 173.6305
48.54378, -17, 173.7942
47.47178, -17, 173.8016
46.39977, -17, 173.689
45.32777, -17, 173.5403
44.25576, -17, 173.3854
43.18375, -17, 173.232
42.11175, -17, 173.0845
41.03975, -17, 172.9748
39.96774, -17, 172.8796
38.89574, -17, 172.9648
37.82373, -17, 172.9872
36.75173, -17, 173.034
35.67972, -17, 173.0997
34.60772, -17, 173.1791
33.53571, -17, 173.2734
32.46371, -17, 173.3941
31.3917, -17, 173.572
30.3197, -17, 173.8071
29.2477, -17, 173.6631
28.17569, -17, 173.3697
27.10369, -17, 173.1622
26.03168, -17, 173.0006
24.95968, -17, 172.855
23.88767, -17, 172.7128
22.81567, -17, 172.5681
21.74366, -17, 172.4211
20.67166, -17, 172.2557
19.59966, -17, 172.0538
18.52765, -17, 171.8003
17.45564, -17, 171.6372
16.38364, -17, 171.4652
15.31164, -17, 171.2733
14.23963, -17, 171.0565
13.16763, -17, 170.7973
12.09562, -17, 170.427
11.02362, -17, 169.8223
9.951612, -17, 172.3119
8.879608, -17, 170.2202
7.807604, -17, 170.4647
6.735599, -17, 170.8408
5.663594, -17, 170.5555
4.59159, -17, 168.9719
3.519585, -17, 168.2123
2.447581, -17, 170.0462
1.375576, -17, 170.8825
0.3035714, -17, 173.5935
-0.7650376, -17, 172.4178
-1.833647, -17, 171.7739
-2.902256, -17, 171.6631
-3.970865, -17, 171.6833
-5.039474, -17, 171.7458
-6.108083, -17, 171.8266
-7.176692, -17, 171.9195
-8.2453, -17, 172.0213
-9.31391, -17, 172.1066
-10.38252, -17, 172.0404
-11.45113, -17, 171.9969
-12.51974, -17, 171.9368
-13.58835, -17, 171.8744
-14.65695, -17, 171.8119
-15.72556, -17, 171.7495
-16.79417, -17, 171.6872
-17.86278, -17, 171.6247
-18.93139, -17, 171.5618
98.92818, -18, 181.2193
97.85638, -18, 181.3165
96.78456, -18, 181.3957
95.71275, -18, 181.4603
94.64094, -18, 181.5142
93.56912, -18, 181.5576
92.49731, -18, 181.5845
91.4255, -18, 181.5648
90.35368, -18, 181.2748
89.28188, -18, 181.5316
88.21006, -18, 181.802
87.13825, -18, 181.896
86.06644, -18, 181.9555
84.99462, -18, 182.0103
83.92281, -18, 182.0753
82.851, -18, 182.1656
81.77918, -18, 182.2972
80.70737, -18, 182.4096
79.63556, -18, 182.4573
78.56375, -18, 182.4307
77.49194, -18, 182.3353
76.42012, -18, 182.2771
75.34831, -18, 182.2516
74.2765, -18, 182.248
73.20468, -18, 182.2584
72.13287, -18, 182.2704
71.06106, -18, 182.2014
69.98925, -18, 181.6644
68.91743, -18, 182.1894
67.84562, -18, 182.2518
66.77381, -18, 182.2555
65.702, -18, 182.2614
64.63019, -18, 182.2714
63.55837, -18, 182.2831
62.48656, -18, 182.2934
61.41475, -18, 182.3036
60.34293, -18, 182.3828
59.27112, -18, 182.4051
58.19931, -18, 182.4667
57.12749, -18, 182.5891
56.05568, -18, 182.7158
54.98387, -18, 182.8335
53.91206, -18, 182.9322
52.84024, -18, 182.9979
51.76843, -18, 183.0098
50.69662, -18, 182.9973
49.62481, -18, 182.9717
48.55299, -18, 183.0087
47.48118, -18, 183.0212
46.40937, -18, 182.9706
45.33756, -18, 182.8815
44.26574, -18, 182.7728
43.19393, -18, 182.6575
42.12212, -18, 182.5452
41.05031, -18, 182.4145
39.97849, -18, 182.0688
38.90668, -18, 182.4215
37.83487, -18, 182.5053
36.76306, -18, 182.5514
35.69125, -18, 182.6017
34.61943, -18, 182.6619
33.54762, -18, 182.7363
32.47581, -18, 182.8316
31.40399, -18, 182.9547
30.33218, -18, 183.0858
29.26037, -18, 183.0041
28.18856, -18, 182.8593
27.11674, -18, 182.7303
26.04493, -18, 182.6288
24.97312, -18, 182.5424
23.90131, -18, 182.4622
22.82949, -18, 182.3795
21.75768, -18, 182.2765
20.68587, -18, 182.0483
19.61406, -18, 181.7541
18.54224, -18, 181.7463
17.47043, -18, 181.5933
16.39862, -18, 181.439
15.32681, -18, 181.2649
14.25499, -18, 181.0485
13.18318, -18, 180.7573
12.11137, -18, 180.3465
11.03955, -18, 179.8447
9.967742, -18, 177.9119
8.895929, -18, 179.7611
7.824117, -18, 180.4537
6.752304, -18, 180.955
5.680491, -18, 181.4264
4.608679, -18, 181.4392
3.536866, -18, 180.3761
2.465054, -18, 182.8716
1.393241, -18, 184.732
0.3214286, -18, 183.8737
-0.7481203, -18, 183.0731
-1.817669, -18, 182.1253
-2.887218, -18, 181.8092
-3.956767, -18, 181.6938
-5.026316, -18, 181.6546
-6.095865, -18, 181.6516
-7.165413, -18, 181.6687
-8.234962, -18, 181.6949
-9.304511, -18, 181.6942
-10.37406, -18, 181.5585
-11.44361, -18, 181.4885
-12.51316, -18, 181.4268
-13.58271, -18, 181.3658
-14.65226, -18, 181.3048
-15.7218, -18, 181.2439
-16.79135, -18, 181.1829
-17.8609, -18, 181.122
-18.93045, -18, 181.0612
98.92838, -19, 190.6142
97.85676, -19, 190.6914
96.78514, -19, 190.7642
95.71352, -19, 190.8302
94.6419, -19, 190.8886
93.57027, -19, 190.9375
92.49866, -19, 190.9678
91.42703, -19, 190.9451
90.35542, -19, 190.8073
89.28379, -19, 190.9563
88.21217, -19, 191.2024
87.14056, -19, 191.3402
86.06893, -19, 191.4341
84.99731, -19, 191.5164
83.92569, -19, 191.5995
82.85407, -19, 191.6882
81.78245, -19, 191.7693
80.71083, -19, 191.8481
79.63921, -19, 191.8856
78.56759, -19, 191.8114
77.49596, -19, 191.7455
76.42435, -19, 191.6635
75.35273, -19, 191.5862
74.2811, -19, 191.5154
73.20949, -19, 191.4439
72.13786, -19, 191.3467
71.06625, -19, 191.1695
69.99462, -19, 190.9608
68.923, -19, 191.155
67.85138, -19, 191.3074
66.77976, -19, 191.3857
65.70814, -19, 191.443
64.63652, -19, 191.4968
63.5649, -19, 191.5496
62.49328, -19, 191.6026
61.42166, -19, 191.6658
60.35004, -19, 191.7706
59.27842, -19, 191.835
58.2068, -19, 191.8867
57.13518, -19, 191.9688
56.06356, -19, 192.0656
54.99194, -19, 192.1615
53.92031, -19, 192.2489
52.84869, -19, 192.3234
51.77707, -19, 192.3927
50.70545, -19, 192.4372
49.63383, -19, 192.4429
48.56221, -19, 192.4251
47.49059, -19, 192.3832
46.41897, -19, 192.3337
45.34735, -19, 192.2689
44.27573, -19, 192.193
43.20411, -19, 192.1106
42.13249, -19, 192.0189
41.06087, -19, 191.8915
39.98925, -19, 191.7558
38.91763, -19, 191.8719
37.846, -19, 191.9646
36.77439, -19, 192.0138
35.70277, -19, 192.0501
34.63115, -19, 192.0875
33.55952, -19, 192.1302
32.4879, -19, 192.1784
31.41628, -19, 192.2267
30.34466, -19, 192.2993
29.27304, -19, 192.2843
28.20142, -19, 192.2519
27.1298, -19, 192.2349
26.05818, -19, 192.2196
24.98656, -19, 192.2095
23.91494, -19, 192.2003
22.84332, -19, 192.1842
21.7717, -19, 192.1382
20.70008, -19, 192.001
19.62846, -19, 191.8004
18.55684, -19, 191.8157
17.48521, -19, 191.7161
16.4136, -19, 191.5787
15.34197, -19, 191.4279
14.27035, -19, 191.2517
13.19873, -19, 191.0362
12.12711, -19, 190.7709
11.05549, -19, 190.238
9.983871, -19, 187.9667
8.912251, -19, 189.7645
7.84063, -19, 190.6561
6.769009, -19, 191.2426
5.697389, -19, 192.3494
4.625768, -19, 194.0308
3.554147, -19, 193.798
2.482527, -19, 193.5277
1.410906, -19, 193.082
0.3392857, -19, 192.5657
-0.731203, -19, 192.4076
-1.801692, -19, 192.0558
-2.87218, -19, 191.7391
-3.942669, -19, 191.5657
-5.013158, -19, 191.4588
-6.083647, -19, 191.3856
-7.154135, -19, 191.3295
-8.224624, -19, 191.2752
-9.295113, -19, 191.1707
-10.3656, -19, 191.0593
-11.43609, -19, 190.9794
-12.50658, -19, 190.9161
-13.57707, -19, 190.8559
-14.64756, -19, 190.7964
-15.71805, -19, 190.7372
-16.78853, -19, 190.6781
-17.85902, -19, 190.6191
-18.92951, -19, 190.5603
2.017, 0.8, -1.0491
3.0821, 0.8, -0.81088
4.1471, 0.8, -2.2808
5.2121, 0.8, -1.942
6.2772, 0.8, -2.2251
7.3422, 0.8, -2.134
8.4072, 0.8, -1.7757
9.4723, 0.8, -0.90451
10.5373, 0.8, -1.44976
11.6023, 0.8, -2.04811
12.6674, 0.8, -1.95351
13.7324, 0.8, -1.92085
14.7974, 0.8, -1.96565
15.8625, 0.8, -2.09404
16.9275, 0.8, -2.32921
17.9925, 0.8, -2.69745
19.0575, 0.8, -3.23027
20.1226, 0.8, -3.45526
21.1876, 0.8, -3.23607
22.2526, 0.8, -2.94038
23.3177, 0.8, -2.80085
24.3827, 0.8, -2.77336
25.4477, 0.8, -2.84077
26.5128, 0.8, -2.97713
27.5778, 0.8, -3.14011
28.6428, 0.8, -3.16103
29.7079, 0.8, -2.22873
30.7729, 0.8, -2.80574
31.8379, 0.8, -3.31929
32.903, 0.8, -3.39279
33.968, 0.8, -3.45188
35.033, 0.8, -3.52646
36.0981, 0.8, -3.60126
37.1631, 0.8, -3.63955
38.2281, 0.8, -3.559
39.2932, 0.8, -3.14053
40.3582, 0.8, -3.14369
41.4232, 0.8, -3.83472
42.4883, 0.8, -4.20665
43.5533, 0.8, -4.41168
44.6183, 0.8, -4.57105
45.6834, 0.8, -4.73054
46.7484, 0.8, -4.92247
47.8134, 0.8, -5.18829
48.8785, 0.8, -5.59535
49.9435, 0.8, -5.6525
51.0085, 0.8, -5.58004
52.0735, 0.8, -4.99731
53.1386, 0.8, -4.56919
54.2036, 0.8, -4.22823
55.2686, 0.8, -3.93255
56.3337, 0.8, -3.65382
57.3987, 0.8, -3.3741
58.4637, 0.8, -3.09009
59.5288, 0.8, -3.06423
60.5938, 0.8, -2.87467
61.6588, 0.8, -2.60425
62.7239, 0.8, -2.54163
63.7889, 0.8, -2.47475
64.8539, 0.8, -2.41161
65.919, 0.8, -2.37146
66.984, 0.8, -2.38942
68.049, 0.8, -2.52688
69.1141, 0.8, -3.00259
70.1791, 0.8, -4.13412
71.2441, 0.8, -2.62245
72.3092, 0.8, -2.21476
73.3742, 0.8, -2.0076
74.4392, 0.8, -1.89025
75.5043, 0.8, -1.82292
76.5693, 0.8, -1.78333
77.6343, 0.8, -1.74886
78.6994, 0.8, -1.65235
79.7644, 0.8, -1.43314
80.8294, 0.8, -1.98883
81.8945, 0.8, -2.63712
82.9595, 0.8, -3.25768
84.0245, 0.8, -3.89345
85.0895, 0.8, -4.52341
86.1546, 0.8, -5.13183
87.2196, 0.8, -5.71253
88.2846, 0.8, -6.3866
89.3497, 0.8, -8.37251
90.4147, 0.8, -9.28224
91.4797, 0.8, -7.09178
92.5448, 0.8, -6.86182
93.6098, 0.8, -6.78994
94.6748, 0.8, -6.67222
95.7399, 0.8, -6.49539
96.8049, 0.8, -6.23619
97.8699, 0.8, -5.77779
98.935, 0.8, -4.22563
2.9588, 1.6, -8.1209
4.0136, 1.6, -9.7347
5.06839, 1.6, -11.3497
6.1232, 1.6, -9.9338
7.178, 1.6, -9.3573
8.2328, 1.6, -9.0003
9.2876, 1.6, -8.7779
10.3424, 1.6, -8.55146
11.3972, 1.6, -8.81662
12.452, 1.6, -8.8919
13.5068, 1.6, -8.85322
14.5615, 1.6, -8.89546
15.6163, 1.6, -9.0509
16.6711, 1.6, -9.33394
17.7259, 1.6, -9.76535
18.7807, 1.6, -10.3989
19.8355, 1.6, -11.6681
20.8903, 1.6, -10.9014
21.9451, 1.6, -10.3134
22.9999, 1.6, -10.0107
24.0547, 1.6, -9.88761
25.1095, 1.6, -9.89691
26.1643, 1.6, -10.0132
27.2191, 1.6, -10.2251
28.2739, 1.6, -10.5453
29.3287, 1.6, -10.8229
30.3835, 1.6, -10.5584
31.4383, 1.6, -10.8262
32.4931, 1.6, -10.6522
33.5479, 1.6, -10.6377
34.6027, 1.6, -10.7015
35.6575, 1.6, -10.8356
36.7123, 1.6, -11.0282
37.7671, 1.6, -11.2551
38.8218, 1.6, -11.703
39.8766, 1.6, -11.8245
40.9314, 1.6, -11.9392
41.9862, 1.6, -11.6697
43.041, 1.6, -11.6746
44.0958, 1.6, -11.7053
45.1506, 1.6, -11.7709
46.2054, 1.6, -11.8986
47.2602, 1.6, -12.0338
48.315, 1.6, -12.0935
49.3698, 1.6, -11.8098
50.4246, 1.6, -11.7137
51.4794, 1.6, -11.9209
52.5342, 1.6, -11.8408
53.589, 1.6, -11.641
54.6438, 1.6, -11.4225
55.6986, 1.6, -11.2608
56.7534, 1.6, -11.1368
57.8082, 1.6, -10.9769
58.863, 1.6, -10.9047
59.9178, 1.6, -11.2583
60.9726, 1.6, -10.7245
62.0274, 1.6, -10.3707
63.0821, 1.6, -10.149
64.1369, 1.6, -9.92174
65.1917, 1.6, -9.73538
66.2465, 1.6, -9.6192
67.3013, 1.6, -9.57305
68.3561, 1.6, -9.69743
69.4109, 1.6, -10.3522
70.4657, 1.6, -10.4162
71.5205, 1.6, -9.44076
72.5753, 1.6, -9.04983
73.6301, 1.6, -8.85315
74.6849, 1.6, -8.74505
75.7397, 1.6, -8.70247
76.7945, 1.6, -8.71094
77.8493, 1.6, -8.76965
78.9041, 1.6, -8.9726
79.9589, 1.6, -8.96381
81.0137, 1.6, -9.41805
82.0685, 1.6, -9.78831
83.1233, 1.6, -10.3837
84.1781, 1.6, -10.9993
85.2329, 1.6, -11.6266
86.2877, 1.6, -12.2764
87.3425, 1.6, -12.8303
88.3972, 1.6, -13.2502
89.452, 1.6, -14.3628
90.5068, 1.6, -14.6461
91.5616, 1.6, -13.9487
92.6164, 1.6, -14.0096
93.6712, 1.6, -13.9486
94.726, 1.6, -13.8078
95.7808, 1.6, -13.6451
96.8356, 1.6, -13.449
97.8904, 1.6, -13.2963
98.9452, 1.6, -13.167
3.90056, 2.4, -15.5421
4.94512, 2.4, -18.5247
5.98968, 2.4, -17.2837
7.03424, 2.4, -16.4147
8.0788, 2.4, -16.1312
9.12335, 2.4, -16.2036
10.1679, 2.4, -16.1434
11.2125, 2.4, -15.4597
12.257, 2.4, -15.414
13.3016, 2.4, -15.4381
14.3462, 2.4, -15.5122
15.3907, 2.4, -15.6841
16.4353, 2.4, -15.978
17.4798, 2.4, -16.4168
18.5244, 2.4, -17.1102
19.5689, 2.4, -18.3671
20.6135, 2.4, -18.2453
21.6581, 2.4, -17.4
22.7026, 2.4, -16.9651
23.7472, 2.4, -16.7669
24.7917, 2.4, -16.724
25.8363, 2.4, -16.8107
26.8809, 2.4, -17.022
27.9254, 2.4, -17.4093
28.97, 2.4, -18.1402
30.0145, 2.4, -19.4206
31.0591, 2.4, -18.3463
32.1037, 2.4, -17.8592
33.1482, 2.4, -17.6676
34.1928, 2.4, -17.6493
35.2373, 2.4, -17.7709
36.2819, 2.4, -18.0459
37.3265, 2.4, -18.5346
38.371, 2.4, -19.2811
39.4156, 2.4, -20.4303
40.4601, 2.4, -20.5909
41.5047, 2.4, -19.4922
42.5492, 2.4, -18.9672
43.5938, 2.4, -18.6413
44.6384, 2.4, -18.5117
45.6829, 2.4, -18.5342
46.7275, 2.4, -18.6752
47.772, 2.4, -18.8149
48.8166, 2.4, -18.564
49.8612, 2.4, -17.8839
50.9057, 2.4, -18.2889
51.9503, 2.4, -18.6706
52.9948, 2.4, -18.5708
54.0394, 2.4, -18.3784
55.084, 2.4, -18.277
56.1285, 2.4, -18.3089
57.1731, 2.4, -18.4804
58.2176, 2.4, -18.7066
59.2622, 2.4, -18.7946
60.3068, 2.4, -18.7255
61.3513, 2.4, -18.44
62.3959, 2.4, -17.9233
63.4404, 2.4, -17.3703
64.485, 2.4, -16.976
65.5295, 2.4, -16.7226
66.5741, 2.4, -16.589
67.6187, 2.4, -16.5673
68.6632, 2.4, -16.633
69.7078, 2.4, -16.6085
70.7523, 2.4, -16.5341
71.7969, 2.4, -16.058
72.8415, 2.4, -15.732
73.886, 2.4, -15.5446
74.9306, 2.4, -15.461
75.9751, 2.4, -15.4627
77.0197, 2.4, -15.5546
78.0643, 2.4, -15.7717
79.1088, 2.4, -16.1635
80.1534, 2.4, -16.6127
81.1979, 2.4, -16.5516
82.2425, 2.4, -16.9109
83.2871, 2.4, -17.3026
84.3316, 2.4, -17.7683
85.3762, 2.4, -18.3421
86.4207, 2.4, -19.0579
87.4653, 2.4, -19.8926
88.5098, 2.4, -20.3287
89.5544, 2.4, -19.1358
90.599, 2.4, -19.9919
91.6435, 2.4, -21.1986
92.6881, 2.4, -21.1593
93.7326, 2.4, -20.979
94.7772, 2.4, -20.926
95.8218, 2.4, -20.9201
96.8663, 2.4, -20.8765
97.9109, 2.4, -20.875
98.9554, 2.4, -21.6876
4.84232, 3.2, -23.3958
5.87665, 3.2, -23.0496
6.91097, 3.2, -22.5684
7.94529, 3.2, -22.4495
8.97961, 3.2, -22.5854
10.0139, 3.2, -22.9445
11.0483, 3.2, -22.1243
12.0826, 3.2, -21.7188
13.1169, 3.2, -21.6693
14.1512, 3.2, -21.7372
15.1855, 3.2, -21.9111
16.2199, 3.2, -22.2204
17.2542, 3.2, -22.7081
18.2885, 3.2, -23.3824
19.3228, 3.2, -24.3927
20.3572, 3.2, -24.9032
21.3915, 3.2, -24.0697
22.4258, 3.2, -23.6104
23.4601, 3.2, -23.3275
24.4945, 3.2, -23.2362
25.5288, 3.2, -23.312
26.5631, 3.2, -23.536
27.5974, 3.2, -23.9162
28.6317, 3.2, -24.5771
29.6661, 3.2, -26.6109
30.7004, 3.2, -25.7943
31.7347, 3.2, -24.8095
32.769, 3.2, -24.4854
33.8034, 3.2, -24.3765
34.8377, 3.2, -24.436
35.872, 3.2, -24.6815
36.9063, 3.2, -25.1729
37.9406, 3.2, -26.0252
38.975, 3.2, -27.3744
40.0093, 3.2, -29.9887
41.0436, 3.2, -27.3438
42.0779, 3.2, -26.1274
43.1123, 3.2, -25.3763
44.1466, 3.2, -24.9719
45.1809, 3.2, -24.8062
46.2152, 3.2, -24.8187
47.2495, 3.2, -24.9743
48.2839, 3.2, -25.2223
49.3182, 3.2, -25.0519
50.3525, 3.2, -24.6378
51.3868, 3.2, -25.1922
52.4212, 3.2, -24.9609
53.4555, 3.2, -24.7649
54.4898, 3.2, -24.6942
55.5241, 3.2, -24.7754
56.5585, 3.2, -25.0466
57.5928, 3.2, -25.5662
58.6271, 3.2, -26.3353
59.6614, 3.2, -26.4622
60.6957, 3.2, -26.3559
61.7301, 3.2, -25.6477
62.7644, 3.2, -24.7153
63.7987, 3.2, -24.0632
64.833, 3.2, -23.6345
65.8674, 3.2, -23.3709
66.9017, 3.2, -23.2335
67.936, 3.2, -23.1838
68.9703, 3.2, -23.0252
70.0046, 3.2, -22.1534
71.039, 3.2, -22.6357
72.0733, 3.2, -22.4333
73.1076, 3.2, -22.205
74.1419, 3.2, -22.0747
75.1763, 3.2, -22.0379
76.2106, 3.2, -22.0937
77.2449, 3.2, -22.256
78.2792, 3.2, -22.5622
79.3135, 3.2, -23.0896
80.3479, 3.2, -23.5336
81.3822, 3.2, -23.4529
82.4165, 3.2, -23.5829
83.4508, 3.2, -23.781
84.4852, 3.2, -24.0972
85.5195, 3.2, -24.5775
86.5538, 3.2, -25.2806
87.5881, 3.2, -26.2598
88.6225, 3.2, -27.2808
89.6568, 3.2, -24.7514
90.6911, 3.2, -26.965
91.7254, 3.2, -28.1241
92.7597, 3.2, -27.821
93.7941, 3.2, -27.8099
94.8284, 3.2, -28.0314
95.8627, 3.2, -28.3421
96.897, 3.2, -28.6133
97.9314, 3.2, -28.7898
98.9657, 3.2, -29.7205
5.78409, 4, -27.646
6.80817, 4, -27.677
7.83226, 4, -27.8292
8.85634, 4, -28.1697
9.88043, 4, -28.6158
10.9045, 4, -28.2266
11.9286, 4, -27.8432
12.9527, 4, -27.6661
13.9768, 4, -27.6702
15.0009, 4, -27.8037
16.0249, 4, -28.0826
17.049, 4, -28.5347
18.0731, 4, -29.2231
19.0972, 4, -30.0301
20.1213, 4, -30.3553
21.1454, 4, -30.2542
22.1695, 4, -29.7475
23.1935, 4, -29.4406
24.2176, 4, -29.3417
25.2417, 4, -29.4194
26.2658, 4, -29.6616
27.2899, 4, -30.0647
28.314, 4, -30.6549
29.3381, 4, -31.6968
30.3622, 4, -32.4158
31.3862, 4, -31.3929
32.4103, 4, -30.9699
33.4344, 4, -30.7738
34.4585, 4, -30.7522
35.4826, 4, -30.9183
36.5067, 4, -31.3033
37.5308, 4, -31.9913
38.5548, 4, -33.188
39.5789, 4, -35.2255
40.603, 4, -34.846
41.6271, 4, -32.9102
42.6512, 4, -31.7953
43.6753, 4, -31.1571
44.6994, 4, -30.8079
45.7234, 4, -30.6588
46.7475, 4, -30.6813
47.7716, 4, -30.9173
48.7957, 4, -31.4858
49.8198, 4, -31.7485
50.8439, 4, -31.7274
51.868, 4, -31.039
52.892, 4, -30.7157
53.9161, 4, -30.637
54.9402, 4, -30.7278
55.9643, 4, -30.9938
56.9884, 4, -31.4883
58.0125, 4, -32.3239
59.0366, 4, -33.6571
60.0606, 4, -34.3974
61.0847, 4, -33.1679
62.1088, 4, -31.7898
63.1329, 4, -30.8906
64.157, 4, -30.2842
65.1811, 4, -29.8815
66.2052, 4, -29.6323
67.2292, 4, -29.4858
68.2533, 4, -29.3022
69.2774, 4, -28.9232
70.3015, 4, -28.4822
71.3256, 4, -28.6161
72.3497, 4, -28.5772
73.3738, 4, -28.4692
74.3979, 4, -28.4232
75.4219, 4, -28.4544
76.446, 4, -28.5518
77.4701, 4, -28.7284
78.4942, 4, -29.0483
79.5183, 4, -29.6881
80.5424, 4, -29.9579
81.5665, 4, -29.7877
82.5905, 4, -29.7419
83.6146, 4, -29.8923
84.6387, 4, -30.1774
85.6628, 4, -30.5306
86.6869, 4, -30.9845
87.711, 4, -31.8089
88.7351, 4, -33.1929
89.7591, 4, -33.5884
90.7832, 4, -34.65
91.8073, 4, -34.0535
92.8314, 4, -34.0294
93.8555, 4, -34.5654
94.8796, 4, -35.2426
95.9037, 4, -35.9192
96.9277, 4, -36.5531
97.9518, 4, -37.1254
98.9759, 4, -37.7657
6.72585, 4.8, -32.2283
7.7397, 4.8, -32.6863
8.75355, 4.8, -33.1556
9.7674, 4.8, -33.8588
10.7812, 4.8, -33.7321
11.7951, 4.8, -33.5465
12.8089, 4.8, -33.3588
13.8228, 4.8, -33.2644
14.8366, 4.8, -33.3333
15.8505, 4.8, -33.5598
16.8643, 4.8, -33.9474
17.8782, 4.8, -34.5193
18.892, 4.8, -35.2058
19.9059, 4.8, -35.6918
20.9197, 4.8, -35.6778
21.9336, 4.8, -35.3255
22.9474, 4.8, -35.0568
23.9613, 4.8, -34.9866
24.9751, 4.8, -35.0815
25.989, 4.8, -35.331
27.0028, 4.8, -35.746
28.0167, 4.8, -36.3426
29.0305, 4.8, -36.9541
30.0444, 4.8, -36.5425
31.0582, 4.8, -37.3447
32.0721, 4.8, -37.0127
33.0859, 4.8, -36.7413
34.0998, 4.8, -36.6577
35.1136, 4.8, -36.7484
36.1275, 4.8, -37.0179
37.1413, 4.8, -37.4921
38.1552, 4.8, -38.2786
39.169, 4.8, -39.7018
40.1829, 4.8, -40.9422
41.1967, 4.8, -39.0513
42.2106, 4.8, -37.7622
43.2244, 4.8, -37.0306
44.2383, 4.8, -36.5696
45.2521, 4.8, -36.2927
46.266, 4.8, -36.1694
47.2798, 4.8, -36.21
48.2937, 4.8, -36.5334
49.3075, 4.8, -37.6931
50.3214, 4.8, -38.7362
51.3352, 4.8, -36.8393
52.3491, 4.8, -36.3226
53.3629, 4.8, -36.2212
54.3768, 4.8, -36.3076
55.3906, 4.8, -36.5445
56.4045, 4.8, -36.9495
57.4183, 4.8, -37.5789
58.4322, 4.8, -38.6371
59.446, 4.8, -40.8475
60.4599, 4.8, -41.0167
61.4737, 4.8, -38.496
62.4876, 4.8, -37.3121
63.5014, 4.8, -36.581
64.5153, 4.8, -36.0625
65.5291, 4.8, -35.6957
66.543, 4.8, -35.442
67.5568, 4.8, -35.2545
68.5707, 4.8, -35.0865
69.5845, 4.8, -34.8774
70.5984, 4.8, -34.5831
71.6122, 4.8, -34.522
72.6261, 4.8, -34.4924
73.6399, 4.8, -34.5274
74.6538, 4.8, -34.6108
75.6676, 4.8, -34.7357
76.6815, 4.8, -34.8767
77.6953, 4.8, -35.0185
78.7092, 4.8, -35.2715
79.723, 4.8, -35.5943
80.7369, 4.8, -35.9421
81.7507, 4.8, -35.6912
82.7646, 4.8, -35.8572
83.7784, 4.8, -36.1645
84.7923, 4.8, -36.4593
85.8061, 4.8, -36.6925
86.82, 4.8, -36.8283
87.8338, 4.8, -36.9674
88.8477, 4.8, -38.381
89.8615, 4.8, -45.4897
90.8754, 4.8, -40.3427
91.8892, 4.8, -39.4652
92.9031, 4.8, -40.5536
93.9169, 4.8, -41.7375
94.9308, 4.8, -42.8243
95.9446, 4.8, -43.8334
96.9585, 4.8, -44.8138
97.9723, 4.8, -45.758
98.9862, 4.8, -45.9187
7.66761, 5.6, -37.3642
8.67123, 5.6, -37.9396
9.67484, 5.6, -38.5617
10.6785, 5.6, -38.8483
11.6821, 5.6, -38.7455
12.6857, 5.6, -38.514
13.6893, 5.6, -38.4294
14.6929, 5.6, -38.4812
15.6965, 5.6, -38.6632
16.7001, 5.6, -38.9588
17.7037, 5.6, -39.3362
18.7074, 5.6, -39.8777
19.711, 5.6, -40.8949
20.7146, 5.6, -40.6176
21.7182, 5.6, -40.2488
22.7218, 5.6, -40.1947
23.7254, 5.6, -40.225
24.729, 5.6, -40.3571
25.7326, 5.6, -40.6059
26.7363, 5.6, -40.984
27.7399, 5.6, -41.4976
28.7435, 5.6, -42.003
29.7471, 5.6, -41.5995
30.7507, 5.6, -42.2779
31.7543, 5.6, -42.4571
32.7579, 5.6, -42.2464
33.7615, 5.6, -42.1418
34.7652, 5.6, -42.1806
35.7688, 5.6, -42.3573
36.7724, 5.6, -42.6738
37.776, 5.6, -43.1374
38.7796, 5.6, -43.6595
39.7832, 5.6, -44.9695
40.7868, 5.6, -43.9375
41.7905, 5.6, -43.1649
42.7941, 5.6, -42.5127
43.7977, 5.6, -42.026
44.8013, 5.6, -41.6817
45.8049, 5.6, -41.4604
46.8085, 5.6, -41.3577
47.8121, 5.6, -41.4039
48.8157, 5.6, -41.75
49.8194, 5.6, -44.0702
50.823, 5.6, -42.2406
51.8266, 5.6, -41.5836
52.8302, 5.6, -41.4755
53.8338, 5.6, -41.555
54.8374, 5.6, -41.7608
55.841, 5.6, -42.1027
56.8446, 5.6, -42.5982
57.8483, 5.6, -43.3157
58.8519, 5.6, -44.4475
59.8555, 5.6, -47.7153
60.8591, 5.6, -44.848
61.8627, 5.6, -43.3903
62.8663, 5.6, -42.5185
63.8699, 5.6, -41.9031
64.8736, 5.6, -41.4443
65.8772, 5.6, -41.1119
66.8808, 5.6, -40.8766
67.8844, 5.6, -40.7425
68.888, 5.6, -40.7444
69.8916, 5.6, -40.749
70.8952, 5.6, -40.4108
71.8988, 5.6, -40.2493
72.9025, 5.6, -40.3021
73.9061, 5.6, -40.4679
74.9097, 5.6, -40.685
75.9133, 5.6, -40.9271
76.9169, 5.6, -41.1478
77.9205, 5.6, -41.2931
78.9241, 5.6, -41.2341
79.9277, 5.6, -41.3257
80.9314, 5.6, -41.5154
81.935, 5.6, -41.9071
82.9386, 5.6, -42.3206
83.9422, 5.6, -42.6996
84.9458, 5.6, -42.9843
85.9494, 5.6, -43.1397
86.953, 5.6, -43.0809
87.9566, 5.6, -42.8015
88.9603, 5.6, -43.1036
89.9639, 5.6, -50.6708
90.9675, 5.6, -44.6186
91.9711, 5.6, -45.8356
92.9747, 5.6, -47.7135
93.9783, 5.6, -49.3432
94.9819, 5.6, -50.7521
95.9855, 5.6, -52.0498
96.9892, 5.6, -53.2663
97.9928, 5.6, -54.3401
98.9964, 5.6, -54.2423
8.60938, 6.4, -42.7071
9.60275, 6.4, -43.3012
10.5961, 6.4, -43.8287
11.5895, 6.4, -43.4627
12.5829, 6.4, -43.2187
13.5763, 6.4, -43.1526
14.5696, 6.4, -43.2203
15.563, 6.4, -43.3863
16.5564, 6.4, -43.6237
17.5498, 6.4, -43.912
18.5431, 6.4, -44.2668
19.5365, 6.4, -45.0358
20.5299, 6.4, -45.1294
21.5233, 6.4, -44.8096
22.5166, 6.4, -44.9067
23.51, 6.4, -45.0695
24.5034, 6.4, -45.2709
25.4968, 6.4, -45.5302
26.4902, 6.4, -45.8607
27.4835, 6.4, -46.25
28.4769, 6.4, -46.6426
29.4703, 6.4, -47.1625
30.4637, 6.4, -47.3391
31.457, 6.4, -47.2
32.4504, 6.4, -47.2211
33.4438, 6.4, -47.2148
34.4372, 6.4, -47.2517
35.4305, 6.4, -47.3685
36.4239, 6.4, -47.5622
37.4173, 6.4, -47.788
38.4107, 6.4, -47.9026
39.404, 6.4, -47.8962
40.3974, 6.4, -47.7815
41.3908, 6.4, -47.7473
42.3842, 6.4, -47.4988
43.3775, 6.4, -47.1324
44.3709, 6.4, -46.7862
45.3643, 6.4, -46.5134
46.3577, 6.4, -46.3208
47.3511, 6.4, -46.2036
48.3444, 6.4, -46.1505
49.3378, 6.4, -46.254
50.3312, 6.4, -46.1959
51.3246, 6.4, -46.3375
52.3179, 6.4, -46.3659
53.3113, 6.4, -46.4337
54.3047, 6.4, -46.5737
55.2981, 6.4, -46.8357
56.2914, 6.4, -47.2588
57.2848, 6.4, -47.8652
58.2782, 6.4, -48.5604
59.2716, 6.4, -49.4082
60.2649, 6.4, -49.5934
61.2583, 6.4, -48.8883
62.2517, 6.4, -48.0919
63.2451, 6.4, -47.3692
64.2384, 6.4, -46.8171
65.2318, 6.4, -46.4403
66.2252, 6.4, -46.1997
67.2186, 6.4, -46.0596
68.212, 6.4, -46.0077
69.2053, 6.4, -46.1838
70.1987, 6.4, -46.2008
71.1921, 6.4, -45.8699
72.1855, 6.4, -45.8529
73.1788, 6.4, -46.0349
74.1722, 6.4, -46.2984
75.1656, 6.4, -46.6245
76.159, 6.4, -47.0002
77.1523, 6.4, -47.3846
78.1457, 6.4, -47.5757
79.1391, 6.4, -47.2882
80.1325, 6.4, -46.9353
81.1258, 6.4, -47.7552
82.1192, 6.4, -48.5761
83.1126, 6.4, -49.0242
84.106, 6.4, -49.3561
85.0994, 6.4, -49.6424
86.0927, 6.4, -49.8374
87.0861, 6.4, -49.8434
88.0795, 6.4, -49.4468
89.0729, 6.4, -48.1235
90.0662, 6.4, -46.3158
91.0596, 6.4, -50.2479
92.053, 6.4, -53.2295
93.0464, 6.4, -55.3621
94.0397, 6.4, -57.1004
95.0331, 6.4, -58.6676
96.0265, 6.4, -60.1774
97.0199, 6.4, -61.6579
98.0132, 6.4, -62.8566
99.0066, 6.4, -63.4405
9.55114, 7.2, -48.3878
10.5343, 7.2, -48.4147
11.5174, 7.2, -47.7643
12.5006, 7.2, -47.5585
13.4837, 7.2, -47.5367
14.4668, 7.2, -47.6206
15.45, 7.2, -47.7919
16.4331, 7.2, -48.0345
17.4163, 7.2, -48.3231
18.3994, 7.2, -48.5761
19.3825, 7.2, -48.7742
20.3657, 7.2, -49.0166
21.3488, 7.2, -49.1772
22.332, 7.2, -49.4109
23.3151, 7.2, -49.6113
24.2982, 7.2, -49.8475
25.2814, 7.2, -50.1267
26.2645, 7.2, -50.4392
27.2477, 7.2, -50.7759
28.2308, 7.2, -51.1484
29.2139, 7.2, -51.8377
30.1971, 7.2, -52.9445
31.1802, 7.2, -51.8758
32.1634, 7.2, -51.7935
33.1465, 7.2, -51.8521
34.1296, 7.2, -51.9435
35.1128, 7.2, -52.0458
36.0959, 7.2, -52.1492
37.0791, 7.2, -52.2421
38.0622, 7.2, -52.2907
39.0453, 7.2, -52.0734
40.0285, 7.2, -50.3134
41.0116, 7.2, -51.9169
41.9948, 7.2, -52.0007
42.9779, 7.2, -51.8002
43.961, 7.2, -51.5452
44.9442, 7.2, -51.2843
45.9273, 7.2, -51.0406
46.9104, 7.2, -50.8294
47.8936, 7.2, -50.6485
48.8767, 7.2, -50.3189
49.8599, 7.2, -48.1475
50.843, 7.2, -50.1247
51.8261, 7.2, -50.7728
52.8093, 7.2, -50.8812
53.7924, 7.2, -50.9735
54.7756, 7.2, -51.1344
55.7587, 7.2, -51.4093
56.7418, 7.2, -51.8447
57.725, 7.2, -52.4829
58.7081, 7.2, -53.176
59.6913, 7.2, -52.2047
60.6744, 7.2, -52.9774
61.6575, 7.2, -53.0054
62.6407, 7.2, -52.245
63.6238, 7.2, -51.67
64.607, 7.2, -51.2926
65.5901, 7.2, -51.0668
66.5732, 7.2, -50.956
67.5564, 7.2, -50.9369
68.5395, 7.2, -50.9987
69.5227, 7.2, -51.2128
70.5058, 7.2, -51.2396
71.4889, 7.2, -51.1425
72.4721, 7.2, -51.3045
73.4552, 7.2, -51.5848
74.4384, 7.2, -51.947
75.4215, 7.2, -52.3761
76.4046, 7.2, -52.8663
77.3878, 7.2, -53.4078
78.3709, 7.2, -53.9183
79.3541, 7.2, -53.7018
80.3372, 7.2, -53.1475
81.3203, 7.2, -54.6908
82.3035, 7.2, -55.2283
83.2866, 7.2, -55.6065
84.2698, 7.2, -55.9877
85.2529, 7.2, -56.3622
86.236, 7.2, -56.6818
87.2192, 7.2, -56.8362
88.2023, 7.2, -56.4678
89.1855, 7.2, -53.2071
90.1686, 7.2, -44.882
91.1517, 7.2, -57.5569
92.1349, 7.2, -61.0296
93.118, 7.2, -63.0767
94.1012, 7.2, -64.8004
95.0843, 7.2, -66.419
96.0674, 7.2, -68.016
97.0506, 7.2, -69.65
98.0337, 7.2, -71.4108
99.0169, 7.2, -73.6839
10.4929, 8, -52.383
11.4658, 8, -51.6721
12.4387, 8, -51.5525
13.4116, 8, -51.5998
14.3845, 8, -51.7349
15.3574, 8, -51.9265
16.3303, 8, -52.1716
17.3032, 8, -52.469
18.2761, 8, -52.7772
19.249, 8, -52.7666
20.2219, 8, -52.2179
21.1948, 8, -53.4462
22.1677, 8, -53.7256
23.1406, 8, -53.9475
24.1135, 8, -54.2118
25.0865, 8, -54.5161
26.0594, 8, -54.8507
27.0323, 8, -55.212
28.0052, 8, -55.6214
28.9781, 8, -56.1836
29.951, 8, -57.2754
30.9239, 8, -56.5723
31.8968, 8, -56.3725
32.8697, 8, -56.3891
33.8426, 8, -56.4578
34.8155, 8, -56.5397
35.7884, 8, -56.6225
36.7613, 8, -56.694
37.7342, 8, -56.7146
38.7071, 8, -56.53
39.68, 8, -55.6074
40.6529, 8, -55.8833
41.6258, 8, -56.3067
42.5987, 8, -56.2716
43.5716, 8, -56.0687
44.5445, 8, -55.812
45.5174, 8, -55.5617
46.4903, 8, -55.3363
47.4632, 8, -55.086
48.4361, 8, -54.6389
49.409, 8, -53.5285
50.3819, 8, -53.113
51.3548, 8, -54.522
52.3277, 8, -54.9565
53.3006, 8, -55.0367
54.2735, 8, -55.0691
55.2465, 8, -55.1856
56.2194, 8, -55.4399
57.1923, 8, -55.8488
58.1652, 8, -56.3799
59.1381, 8, -56.742
60.111, 8, -56.169
61.0839, 8, -56.8509
62.0568, 8, -56.424
63.0297, 8, -55.9277
64.0026, 8, -55.5873
64.9755, 8, -55.414
65.9484, 8, -55.3821
66.9213, 8, -55.4474
67.8942, 8, -55.5399
68.8671, 8, -55.5996
69.84, 8, -55.9337
70.8129, 8, -55.9864
71.7858, 8, -56.2701
72.7587, 8, -56.5959
73.7316, 8, -56.9932
74.7045, 8, -57.4748
75.6774, 8, -58.0069
76.6503, 8, -58.5813
77.6232, 8, -59.2899
78.5961, 8, -60.188
79.569, 8, -60.709
80.5419, 8, -60.9737
81.5148, 8, -61.3193
82.4877, 8, -61.6276
83.4606, 8, -62.073
84.4335, 8, -62.5549
85.4064, 8, -63.0414
86.3794, 8, -63.5285
87.3523, 8, -63.8299
88.3252, 8, -63.3985
89.2981, 8, -60.3242
90.271, 8, -56.7743
91.2439, 8, -65.5967
92.2168, 8, -68.7969
93.1897, 8, -70.7592
94.1626, 8, -72.3875
95.1355, 8, -74.0115
96.1084, 8, -75.6977
97.0813, 8, -77.5218
98.0542, 8, -79.8674
99.0271, 8, -83.9932
11.4347, 8.8, -55.1976
12.3973, 8.8, -55.3075
13.36, 8.8, -55.4977
14.3227, 8.8, -55.7068
15.2853, 8.8, -55.9291
16.248, 8.8, -56.1634
17.2107, 8.8, -56.4174
18.1733, 8.8, -56.7292
19.136, 8.8, -56.9008
20.0987, 8.8, -56.3379
21.0613, 8.8, -57.5134
22.024, 8.8, -57.8643
22.9867, 8.8, -58.145
23.9493, 8.8, -58.4732
24.912, 8.8, -58.8304
25.8747, 8.8, -59.2049
26.8373, 8.8, -59.5972
27.8, 8.8, -60.0225
28.7627, 8.8, -60.4972
29.7253, 8.8, -60.6449
30.688, 8.8, -60.9867
31.6507, 8.8, -60.9421
32.6133, 8.8, -60.9373
33.576, 8.8, -60.9795
34.5387, 8.8, -61.0344
35.5013, 8.8, -61.0893
36.464, 8.8, -61.1349
37.4267, 8.8, -61.1432
38.3893, 8.8, -61.0577
39.352, 8.8, -60.8931
40.3147, 8.8, -60.9893
41.2773, 8.8, -60.6434
42.24, 8.8, -60.5924
43.2027, 8.8, -60.3937
44.1653, 8.8, -60.1097
45.128, 8.8, -59.8159
46.0907, 8.8, -59.5479
47.0533, 8.8, -59.2977
48.016, 8.8, -58.9774
48.9787, 8.8, -58.4283
49.9413, 8.8, -58.3846
50.904, 8.8, -58.2967
51.8667, 8.8, -58.6142
52.8293, 8.8, -58.6436
53.792, 8.8, -58.5655
54.7547, 8.8, -58.5215
55.7173, 8.8, -58.5843
56.68, 8.8, -58.775
57.6427, 8.8, -59.0646
58.6053, 8.8, -59.5408
59.568, 8.8, -61.0165
60.5307, 8.8, -60.818
61.4933, 8.8, -59.7216
62.456, 8.8, -59.3608
63.4187, 8.8, -59.1673
64.3813, 8.8, -59.0908
65.344, 8.8, -59.1528
66.3067, 8.8, -59.334
67.2693, 8.8, -59.5906
68.232, 8.8, -59.863
69.1947, 8.8, -60.0299
70.1573, 8.8, -59.973
71.12, 8.8, -60.8057
72.0827, 8.8, -61.2742
73.0453, 8.8, -61.8048
74.008, 8.8, -62.4326
74.9707, 8.8, -63.1156
75.9333, 8.8, -63.8008
76.896, 8.8, -64.4496
77.8587, 8.8, -65.1149
78.8213, 8.8, -66.3332
79.784, 8.8, -69.0615
80.7467, 8.8, -68.0641
81.7093, 8.8, -67.5267
82.672, 8.8, -67.9347
83.6347, 8.8, -68.4207
84.5973, 8.8, -68.8481
85.56, 8.8, -69.2987
86.5227, 8.8, -69.8495
87.4853, 8.8, -70.4583
88.448, 8.8, -70.7297
89.4107, 8.8, -71.1373
90.3733, 8.8, -73.5127
91.336, 8.8, -74.174
92.2987, 8.8, -76.3171
93.2613, 8.8, -77.8939
94.224, 8.8, -79.5389
95.1867, 8.8, -81.3522
96.1493, 8.8, -83.3055
97.112, 8.8, -85.4384
98.0747, 8.8, -88.0809
99.0373, 8.8, -92.2085
12.3764, 9.6, -59.016
13.3289, 9.6, -59.3741
14.2813, 9.6, -59.6652
15.2337, 9.6, -59.9102
16.1861, 9.6, -60.1317
17.1386, 9.6, -60.3437
18.091, 9.6, -60.5293
19.0434, 9.6, -60.8581
19.9959, 9.6, -61.6482
20.9483, 9.6, -61.5024
21.9007, 9.6, -61.8348
22.8532, 9.6, -62.2767
23.8056, 9.6, -62.7051
24.758, 9.6, -63.1278
25.7105, 9.6, -63.5498
26.6629, 9.6, -63.9714
27.6153, 9.6, -64.3857
28.5677, 9.6, -64.7507
29.5202, 9.6, -64.7566
30.4726, 9.6, -64.9762
31.425, 9.6, -65.4139
32.3775, 9.6, -65.4864
33.3299, 9.6, -65.5135
34.2823, 9.6, -65.5361
35.2348, 9.6, -65.5563
36.1872, 9.6, -65.5707
37.1396, 9.6, -65.577
38.092, 9.6, -65.5883
39.0445, 9.6, -65.7664
39.9969, 9.6, -66.6486
40.9493, 9.6, -65.5448
41.9018, 9.6, -64.9967
42.8542, 9.6, -64.6065
43.8066, 9.6, -64.2238
44.7591, 9.6, -63.8476
45.7115, 9.6, -63.4951
46.6639, 9.6, -63.1925
47.6163, 9.6, -62.9849
48.5688, 9.6, -62.9745
49.5212, 9.6, -63.3345
50.4736, 9.6, -63.2403
51.4261, 9.6, -62.468
52.3785, 9.6, -61.9771
53.3309, 9.6, -61.6547
54.2834, 9.6, -61.4375
55.2358, 9.6, -61.3139
56.1882, 9.6, -61.2964
57.1406, 9.6, -61.4245
58.0931, 9.6, -61.7991
59.0455, 9.6, -62.8085
59.9979, 9.6, -66.3086
60.9504, 9.6, -62.9636
61.9028, 9.6, -62.1704
62.8552, 9.6, -61.9849
63.8077, 9.6, -62.0366
64.7601, 9.6, -62.2339
65.7125, 9.6, -62.5432
66.6649, 9.6, -62.9544
67.6174, 9.6, -63.4684
68.5698, 9.6, -64.0527
69.5222, 9.6, -64.21
70.4747, 9.6, -64.7021
71.4271, 9.6, -65.5815
72.3795, 9.6, -66.2577
73.332, 9.6, -67.0871
74.2844, 9.6, -68.0093
75.2368, 9.6, -68.9509
76.1892, 9.6, -69.8453
77.1417, 9.6, -70.6282
78.0941, 9.6, -71.2682
79.0465, 9.6, -72.2669
79.999, 9.6, -76.9094
80.9514, 9.6, -73.9251
81.9038, 9.6, -73.9787
82.8563, 9.6, -74.3531
83.8087, 9.6, -74.5952
84.7611, 9.6, -74.7862
85.7135, 9.6, -75.0512
86.666, 9.6, -75.5524
87.6184, 9.6, -76.5588
88.5708, 9.6, -78.7318
89.5233, 9.6, -84.119
90.4757, 9.6, -85.3755
91.4281, 9.6, -82.6124
92.3806, 9.6, -82.9314
93.333, 9.6, -84.3387
94.2854, 9.6, -86.2493
95.2378, 9.6, -88.449
96.1903, 9.6, -90.8272
97.1427, 9.6, -93.3116
98.0951, 9.6, -95.8323
99.0476, 9.6, -98.2413
13.3182, 10.4, -62.9399
14.2604, 10.4, -63.4683
15.2026, 10.4, -63.904
16.1448, 10.4, -64.1778
17.087, 10.4, -64.3279
18.0292, 10.4, -64.4619
18.9714, 10.4, -64.7163
19.9135, 10.4, -66.4709
20.8557, 10.4, -65.5544
21.7979, 10.4, -65.8396
22.7401, 10.4, -66.3834
23.6823, 10.4, -66.8869
24.6245, 10.4, -67.3596
25.5667, 10.4, -67.8245
26.5089, 10.4, -68.293
27.4511, 10.4, -68.7404
28.3933, 10.4, -69.0464
29.3355, 10.4, -69.1547
30.2777, 10.4, -69.3086
31.2199, 10.4, -69.7874
32.1621, 10.4, -70.006
33.1043, 10.4, -70.0261
34.0465, 10.4, -69.9864
34.9886, 10.4, -69.9628
35.9308, 10.4, -69.9706
36.873, 10.4, -70.0135
37.8152, 10.4, -70.0983
38.7574, 10.4, -70.3604
39.6996, 10.4, -70.9044
40.6418, 10.4, -70.5787
41.584, 10.4, -69.6714
42.5262, 10.4, -68.9445
43.4684, 10.4, -68.3915
44.4106, 10.4, -67.9194
45.3528, 10.4, -67.4873
46.295, 10.4, -67.0862
47.2372, 10.4, -66.7701
48.1794, 10.4, -66.8096
49.1215, 10.4, -67.4655
50.0637, 10.4, -67.8402
51.0059, 10.4, -66.7265
51.9481, 10.4, -65.4612
52.8903, 10.4, -64.7688
53.8325, 10.4, -64.4255
54.7747, 10.4, -64.1675
55.7169, 10.4, -63.9357
56.6591, 10.4, -63.753
57.6013, 10.4, -63.7682
58.5435, 10.4, -64.3022
59.4857, 10.4, -65.5188
60.4279, 10.4, -65.7011
61.3701, 10.4, -64.6374
62.3123, 10.4, -64.3511
63.2545, 10.4, -64.5534
64.1966, 10.4, -64.9455
65.1388, 10.4, -65.3974
66.081, 10.4, -65.8992
67.0232, 10.4, -66.4814
67.9654, 10.4, -67.2069
68.9076, 10.4, -68.0461
69.8498, 10.4, -68.6639
70.792, 10.4, -69.4363
71.7342, 10.4, -70.2695
72.6764, 10.4, -71.3346
73.6186, 10.4, -72.3896
74.5608, 10.4, -73.4755
75.503, 10.4, -74.6482
76.4452, 10.4, -75.9203
77.3874, 10.4, -77.159
78.3296, 10.4, -77.8677
79.2717, 10.4, -78.0606
80.2139, 10.4, -79.2292
81.1561, 10.4, -80.3153
82.0983, 10.4, -80.8171
83.0405, 10.4, -80.6942
83.9827, 10.4, -80.4101
84.9249, 10.4, -80.2947
85.8671, 10.4, -80.424
86.8093, 10.4, -80.9234
87.7515, 10.4, -82.3272
88.6937, 10.4, -86.2481
89.6359, 10.4, -93.515
90.5781, 10.4, -93.4556
91.5203, 10.4, -89.216
92.4624, 10.4, -88.7296
93.4046, 10.4, -90.3904
94.3468, 10.4, -92.7755
95.289, 10.4, -95.4204
96.2312, 10.4, -98.1627
97.17342, 10.4, -100.8778
98.11562, 10.4, -103.2095
99.05781, 10.4, -104.2016
14.26, 11.2, -66.8469
15.1919, 11.2, -67.5373
16.1239, 11.2, -68.1269
17.0558, 11.2, -68.5012
17.9878, 11.2, -68.5902
18.9197, 11.2, -68.7543
19.8517, 11.2, -69.2603
20.7837, 11.2, -69.5525
21.7156, 11.2, -70.0038
22.6476, 11.2, -70.5169
23.5795, 11.2, -71.0348
24.5115, 11.2, -71.5262
25.4434, 11.2, -72.0017
26.3754, 11.2, -72.4782
27.3074, 11.2, -72.9661
28.2393, 11.2, -73.4597
29.1713, 11.2, -73.7907
30.1032, 11.2, -74.1476
31.0352, 11.2, -74.3328
31.9671, 11.2, -74.445
32.8991, 11.2, -74.3652
33.8311, 11.2, -74.2735
34.763, 11.2, -74.2136
35.695, 11.2, -74.2072
36.6269, 11.2, -74.276
37.5589, 11.2, -74.4526
38.4908, 11.2, -74.7517
39.4228, 11.2, -75.0652
40.3548, 11.2, -75.0415
41.2867, 11.2, -74.2476
42.2187, 11.2, -73.3877
43.1506, 11.2, -72.6933
44.0826, 11.2, -72.1349
45.0145, 11.2, -71.6608
45.9465, 11.2, -71.2241
46.8785, 11.2, -70.8183
47.8104, 11.2, -70.4717
48.7424, 11.2, -70.4885
49.6743, 11.2, -71.4754
50.6063, 11.2, -70.4506
51.5382, 11.2, -68.8938
52.4702, 11.2, -68.24
53.4021, 11.2, -67.8408
54.3341, 11.2, -67.4844
55.2661, 11.2, -67.1137
56.198, 11.2, -66.7089
57.13, 11.2, -66.282
58.0619, 11.2, -65.8888
58.9939, 11.2, -65.9138
59.9258, 11.2, -65.216
60.8578, 11.2, -66.096
61.7898, 11.2, -66.2929
62.7217, 11.2, -66.8986
63.6537, 11.2, -67.5441
64.5856, 11.2, -68.1652
65.5176, 11.2, -68.7689
66.4495, 11.2, -69.3788
67.3815, 11.2, -70.0296
68.3135, 11.2, -70.8108
69.2454, 11.2, -72.0085
70.1774, 11.2, -73.5792
71.1093, 11.2, -73.8207
72.0413, 11.2, -74.9735
72.9732, 11.2, -76.0784
73.9052, 11.2, -77.1763
74.8372, 11.2, -78.3588
75.7691, 11.2, -79.7176
76.7011, 11.2, -81.3371
77.633, 11.2, -83.2449
78.565, 11.2, -84.8937
79.4969, 11.2, -83.3573
80.4289, 11.2, -83.9508
81.3609, 11.2, -87.3929
82.2928, 11.2, -86.9284
83.2248, 11.2, -86.0272
84.1567, 11.2, -85.4557
85.0887, 11.2, -85.2698
86.0206, 11.2, -85.4473
86.9526, 11.2, -86.0953
87.8846, 11.2, -87.4693
88.8165, 11.2, -90.6588
89.7485, 11.2, -97.0557
90.6804, 11.2, -95.4197
91.6124, 11.2, -93.3298
92.5443, 11.2, -94.3459
93.4763, 11.2, -96.631
94.4083, 11.2, -99.4505
95.34022, 11.2, -102.4723
96.27217, 11.2, -105.5028
97.20413, 11.2, -108.3342
98.13609, 11.2, -110.6236
99.06805, 11.2, -111.3556
15.2017, 12, -70.7977
16.1234, 12, -71.6755
17.0452, 12, -72.4641
17.9669, 12, -72.9398
18.8886, 12, -72.9155
19.8103, 12, -72.1297
20.732, 12, -73.4606
21.6538, 12, -74.2397
22.5755, 12, -74.7699
23.4972, 12, -75.2469
24.4189, 12, -75.7024
25.3406, 12, -76.1523
26.2624, 12, -76.6202
27.1841, 12, -77.1287
28.1058, 12, -77.7262
29.0275, 12, -78.5138
29.9492, 12, -79.0557
30.871, 12, -79.121
31.7927, 12, -78.7706
32.7144, 12, -78.5411
33.6361, 12, -78.388
34.5578, 12, -78.2953
35.4796, 12, -78.2694
36.4013, 12, -78.3219
37.323, 12, -78.478
38.2447, 12, -78.7645
39.1665, 12, -79.1138
40.0882, 12, -79.2605
41.0099, 12, -78.4033
41.9316, 12, -77.5952
42.8533, 12, -76.9213
43.7751, 12, -76.3779
44.6968, 12, -75.9092
45.6185, 12, -75.4766
46.5402, 12, -75.038
47.4619, 12, -74.5269
48.3837, 12, -73.8624
49.3054, 12, -73.2477
50.2271, 12, -73.5607
51.1488, 12, -71.9338
52.0705, 12, -71.8161
52.9923, 12, -71.5506
53.914, 12, -71.1818
54.8357, 12, -70.7301
55.7574, 12, -70.1865
56.6791, 12, -69.5189
57.6009, 12, -68.6675
58.5226, 12, -67.4111
59.4443, 12, -65.7711
60.366, 12, -65.6557
61.2877, 12, -67.4196
62.2095, 12, -68.9895
63.1312, 12, -70.0371
64.0529, 12, -70.8809
64.9746, 12, -71.6157
65.8963, 12, -72.2868
66.8181, 12, -72.9439
67.7398, 12, -73.6282
68.6615, 12, -74.4202
69.5832, 12, -75.9549
70.5049, 12, -77.0783
71.4267, 12, -78.1356
72.3484, 12, -79.2529
73.2701, 12, -80.2949
74.1918, 12, -81.3818
75.1135, 12, -82.6119
76.0353, 12, -84.0763
76.957, 12, -85.9398
77.8787, 12, -88.3759
78.8004, 12, -91.2481
79.7222, 12, -89.9803
80.6439, 12, -92.7551
81.5656, 12, -92.5278
82.4873, 12, -91.074
83.409, 12, -90.1303
84.3307, 12, -89.6999
85.2525, 12, -89.6482
86.1742, 12, -89.8998
87.0959, 12, -90.4183
88.0176, 12, -91.0705
88.9394, 12, -91.2641
89.8611, 12, -95.9158
90.7828, 12, -93.867
91.7045, 12, -96.6801
92.6262, 12, -99.6915
93.54796, 12, -102.8592
94.46968, 12, -106.1734
95.3914, 12, -109.5524
96.31312, 12, -112.8787
97.23484, 12, -115.9586
98.15656, 12, -118.5235
99.07828, 12, -119.8609
16.1435, 12.8, -74.8491
17.055, 12.8, -75.9766
17.9665, 12.8, -77.0134
18.8779, 12.8, -77.2528
19.7894, 12.8, -76.3418
20.7009, 12.8, -77.4775
21.6124, 12.8, -78.5056
22.5239, 12.8, -79.0752
23.4354, 12.8, -79.478
24.3468, 12.8, -79.8343
25.2583, 12.8, -80.225
26.1698, 12.8, -80.6768
27.0813, 12.8, -81.2066
27.9928, 12.8, -81.86
28.9043, 12.8, -82.742
29.8157, 12.8, -83.9913
30.7272, 12.8, -83.664
31.6387, 12.8, -82.9564
32.5502, 12.8, -82.5496
33.4617, 12.8, -82.3078
34.3732, 12.8, -82.1782
35.2846, 12.8, -82.1324
36.1961, 12.8, -82.1577
37.1076, 12.8, -82.2501
38.0191, 12.8, -82.4155
38.9306, 12.8, -82.751
39.8421, 12.8, -83.1406
40.7535, 12.8, -82.2982
41.665, 12.8, -81.4448
42.5765, 12.8, -80.8952
43.488, 12.8, -80.4233
44.3995, 12.8, -79.9858
45.311, 12.8, -79.5716
46.2225, 12.8, -79.1578
47.1339, 12.8, -78.6858
48.0454, 12.8, -77.9631
48.9569, 12.8, -76.6199
49.8684, 12.8, -74.4543
50.7799, 12.8, -74.7937
51.6914, 12.8, -75.3623
52.6028, 12.8, -75.3668
53.5143, 12.8, -75.0654
54.4258, 12.8, -74.6321
55.3373, 12.8, -74.0732
56.2488, 12.8, -73.3275
57.1603, 12.8, -72.2747
58.0717, 12.8, -70.6961
58.9832, 12.8, -68.336
59.8947, 12.8, -65.5742
60.8062, 12.8, -67.9028
61.7177, 12.8, -70.6651
62.6292, 12.8, -72.4541
63.5406, 12.8, -73.6923
64.4521, 12.8, -74.6042
65.3636, 12.8, -75.3351
66.2751, 12.8, -75.9772
67.1866, 12.8, -76.6007
68.0981, 12.8, -77.2593
69.0096, 12.8, -78.0243
69.921, 12.8, -78.8905
70.8325, 12.8, -80.8648
71.744, 12.8, -82.0387
72.6555, 12.8, -83.0391
73.567, 12.8, -84.0678
74.4785, 12.8, -85.1797
75.3899, 12.8, -86.4273
76.3014, 12.8, -87.8849
77.2129, 12.8, -89.6932
78.1244, 12.8, -92.2662
79.0359, 12.8, -96.746
79.94736, 12.8, -103.0706
80.8588, 12.8, -98.4034
81.7703, 12.8, -95.0001
82.6818, 12.8, -93.7621
83.5933, 12.8, -93.3115
84.5048, 12.8, -93.1813
85.4163, 12.8, -93.2499
86.3277, 12.8, -93.4247
87.2392, 12.8, -93.5175
88.1507, 12.8, -92.9939
89.0622, 12.8, -91.1797
89.9737, 12.8, -87.3181
90.8852, 12.8, -94.0619
91.7966, 12.8, -99.968
92.70813, 12.8, -104.6852
93.61961, 12.8, -108.709
94.5311, 12.8, -112.5592
95.44258, 12.8, -116.3673
96.35406, 12.8, -120.1207
97.26555, 12.8, -123.7293
98.17703, 12.8, -126.9658
99.08852, 12.8, -129.7222
17.0852, 13.6, -79.0662
17.9865, 13.6, -80.5033
18.8877, 13.6, -81.716
19.789, 13.6, -81.5441
20.6902, 13.6, -81.9821
21.5915, 13.6, -82.8195
22.4927, 13.6, -83.1974
23.394, 13.6, -83.4173
24.2952, 13.6, -83.6762
25.1965, 13.6, -84.0168
26.0977, 13.6, -84.4535
26.999, 13.6, -85.0018
27.9002, 13.6, -85.6911
28.8015, 13.6, -86.5914
29.7027, 13.6, -88.1799
30.604, 13.6, -87.7357
31.5052, 13.6, -86.825
32.4065, 13.6, -86.3011
33.3077, 13.6, -86.005
34.2089, 13.6, -85.8537
35.1102, 13.6, -85.7964
36.0114, 13.6, -85.8013
36.9127, 13.6, -85.8471
37.8139, 13.6, -85.9233
38.7152, 13.6, -86.0564
39.6164, 13.6, -86.4967
40.5177, 13.6, -85.8861
41.4189, 13.6, -85.106
42.3202, 13.6, -84.6437
43.2214, 13.6, -84.2399
44.1227, 13.6, -83.8523
45.0239, 13.6, -83.4661
45.9252, 13.6, -83.0687
46.8264, 13.6, -82.6384
47.7277, 13.6, -82.116
48.6289, 13.6, -81.2489
49.5302, 13.6, -78.4041
50.4314, 13.6, -77.4233
51.3326, 13.6, -79.2734
52.2339, 13.6, -79.2879
53.1351, 13.6, -79.042
54.0364, 13.6, -78.6974
54.9376, 13.6, -78.229
55.8389, 13.6, -77.5685
56.7401, 13.6, -76.6103
57.6414, 13.6, -75.1903
58.5426, 13.6, -73.0555
59.4439, 13.6, -69.8421
60.3451, 13.6, -68.7751
61.2464, 13.6, -72.702
62.1476, 13.6, -75.1025
63.0489, 13.6, -76.7173
63.9501, 13.6, -77.8255
64.8514, 13.6, -78.6227
65.7526, 13.6, -79.2412
66.6538, 13.6, -79.7827
67.5551, 13.6, -80.3366
68.4563, 13.6, -80.9699
69.3576, 13.6, -81.384
70.2588, 13.6, -82.379
71.1601, 13.6, -84.5386
72.0613, 13.6, -85.545
72.9626, 13.6, -86.505
73.8638, 13.6, -87.5268
74.7651, 13.6, -88.6292
75.6663, 13.6, -89.8355
76.5676, 13.6, -91.1992
77.4688, 13.6, -92.8615
78.3701, 13.6, -95.3146
79.27131, 13.6, -101.6646
80.17256, 13.6, -112.3162
81.0738, 13.6, -99.2557
81.9751, 13.6, -96.6125
82.8763, 13.6, -96.0089
83.7775, 13.6, -95.9188
84.6788, 13.6, -95.9982
85.58, 13.6, -96.0919
86.4813, 13.6, -96.0768
87.3825, 13.6, -95.7848
88.2838, 13.6, -94.8327
89.185, 13.6, -91.3289
90.0863, 13.6, -80.3623
90.9875, 13.6, -96.93
91.88877, 13.6, -104.1089
92.79002, 13.6, -109.3973
93.69127, 13.6, -114.1071
94.59251, 13.6, -118.5471
95.49377, 13.6, -122.8528
96.39501, 13.6, -127.1095
97.29626, 13.6, -131.3965
98.1975, 13.6, -135.8352
99.09875, 13.6, -140.8849
18.027, 14.4, -83.5271
18.918, 14.4, -85.5853
19.809, 14.4, -86.759
20.7, 14.4, -86.9652
21.5911, 14.4, -86.9387
22.4821, 14.4, -86.8817
23.3731, 14.4, -86.967
24.2641, 14.4, -87.1818
25.1551, 14.4, -87.4977
26.0461, 14.4, -87.9054
26.9371, 14.4, -88.42
27.8281, 14.4, -89.0936
28.7191, 14.4, -89.9669
29.6102, 14.4, -91.2386
30.5012, 14.4, -91.1805
31.3922, 14.4, -90.2218
32.2832, 14.4, -89.7311
33.1742, 14.4, -89.4582
34.0652, 14.4, -89.3239
34.9562, 14.4, -89.2707
35.8472, 14.4, -89.2746
36.7382, 14.4, -89.3175
37.6292, 14.4, -89.3583
38.5203, 14.4, -89.3333
39.4113, 14.4, -89.2905
40.3023, 14.4, -89.1575
41.1933, 14.4, -88.6021
42.0843, 14.4, -88.3129
42.9753, 14.4, -87.9683
43.8663, 14.4, -87.5771
44.7573, 14.4, -87.1901
45.6483, 14.4, -86.8259
46.5394, 14.4, -86.4773
47.4304, 14.4, -86.0915
48.3214, 14.4, -85.5824
49.2124, 14.4, -84.6562
50.1034, 14.4, -82.5584
50.9944, 14.4, -83.6347
51.8854, 14.4, -83.5325
52.7764, 14.4, -83.2905
53.6674, 14.4, -82.9599
54.5585, 14.4, -82.5578
55.4495, 14.4, -82.0765
56.3405, 14.4, -81.4454
57.2315, 14.4, -80.494
58.1225, 14.4, -78.9575
59.0135, 14.4, -76.6183
59.9045, 14.4, -73.4279
60.7955, 14.4, -76.0364
61.6865, 14.4, -78.707
62.5775, 14.4, -80.4124
63.4686, 14.4, -81.5117
64.3596, 14.4, -82.2391
65.2506, 14.4, -82.7998
66.1416, 14.4, -83.2828
67.0326, 14.4, -83.7304
67.9236, 14.4, -84.1644
68.8146, 14.4, -84.634
69.7056, 14.4, -84.9303
70.5966, 14.4, -86.6085
71.4877, 14.4, -87.8408
72.3787, 14.4, -88.8177
73.2697, 14.4, -89.7516
74.1607, 14.4, -90.7066
75.0517, 14.4, -91.7355
75.9427, 14.4, -92.8766
76.8337, 14.4, -94.1699
77.7247, 14.4, -95.676
78.6157, 14.4, -97.8215
79.50675, 14.4, -103.0859
80.39777, 14.4, -104.5789
81.2888, 14.4, -99.4226
82.1798, 14.4, -98.4921
83.0708, 14.4, -98.34
83.9618, 14.4, -98.4031
84.8528, 14.4, -98.5549
85.7438, 14.4, -98.6914
86.6348, 14.4, -98.6831
87.5258, 14.4, -98.3132
88.4169, 14.4, -97.0905
89.3079, 14.4, -93.6196
90.1989, 14.4, -90.3947
91.08989, 14.4, -101.773
91.9809, 14.4, -108.8751
92.87192, 14.4, -114.5266
93.76292, 14.4, -119.6417
94.65394, 14.4, -124.5245
95.54494, 14.4, -129.3224
96.43596, 14.4, -134.1504
97.32697, 14.4, -139.1632
98.21798, 14.4, -144.759
99.10899, 14.4, -151.9188
18.9688, 15.2, -88.8199
19.8495, 15.2, -91.8594
20.7303, 15.2, -91.5401
21.6111, 15.2, -90.542
22.4919, 15.2, -90.2027
23.3726, 15.2, -90.235
24.2534, 15.2, -90.4444
25.1342, 15.2, -90.7604
26.015, 15.2, -91.1524
26.8957, 15.2, -91.6067
27.7765, 15.2, -92.1354
28.6573, 15.2, -92.8619
29.5381, 15.2, -93.6155
30.4188, 15.2, -93.6301
31.2996, 15.2, -93.1705
32.1804, 15.2, -92.8315
33.0612, 15.2, -92.6897
33.9419, 15.2, -92.6063
34.8227, 15.2, -92.5627
35.7035, 15.2, -92.5581
36.5843, 15.2, -92.5888
37.465, 15.2, -92.6373
38.3458, 15.2, -92.6482
39.2266, 15.2, -92.3729
40.1074, 15.2, -91.6777
40.9881, 15.2, -92.0678
41.8689, 15.2, -91.8929
42.7497, 15.2, -91.4898
43.6305, 15.2, -91.0557
44.5112, 15.2, -90.6465
45.392, 15.2, -90.2867
46.2728, 15.2, -89.9881
47.1535, 15.2, -89.7569
48.0343, 15.2, -89.5966
48.9151, 15.2, -89.5215
49.7959, 15.2, -91.444
50.6766, 15.2, -89.1676
51.5574, 15.2, -88.128
52.4382, 15.2, -87.625
53.319, 15.2, -87.1548
54.1997, 15.2, -86.752
55.0805, 15.2, -86.3924
55.9613, 15.2, -86.0422
56.8421, 15.2, -85.6646
57.7228, 15.2, -85.1766
58.6036, 15.2, -84.0632
59.4844, 15.2, -82.2783
60.3652, 15.2, -82.0353
61.2459, 15.2, -83.7329
62.1267, 15.2, -85.0599
63.0075, 15.2, -85.6406
63.8883, 15.2, -86.0739
64.769, 15.2, -86.4632
65.6498, 15.2, -86.837
66.5306, 15.2, -87.2164
67.4114, 15.2, -87.6066
68.2921, 15.2, -87.9843
69.1729, 15.2, -88.4619
70.0537, 15.2, -89.6603
70.9344, 15.2, -90.0023
71.8152, 15.2, -90.9348
72.696, 15.2, -91.7847
73.5768, 15.2, -92.6026
74.4575, 15.2, -93.452
75.3383, 15.2, -94.38
76.2191, 15.2, -95.4226
77.0999, 15.2, -96.6151
77.9806, 15.2, -97.94
78.8614, 15.2, -98.8895
79.7422, 15.2, -94.3993
80.623, 15.2, -98.5976
81.50374, 15.2, -100.3636
82.38451, 15.2, -100.4327
83.26529, 15.2, -100.5241
84.14606, 15.2, -100.7588
85.02684, 15.2, -101.0581
85.90762, 15.2, -101.3254
86.78838, 15.2, -101.436
87.66916, 15.2, -101.1969
88.54993, 15.2, -100.3707
89.4307, 15.2, -99.978
90.31149, 15.2, -103.513
91.19226, 15.2, -107.8519
92.07303, 15.2, -114.2528
92.9538, 15.2, -120.0409
93.83458, 15.2, -125.4561
94.71535, 15.2, -130.7095
95.59613, 15.2, -135.9405
96.47691, 15.2, -141.2891
97.35767, 15.2, -146.9867
98.23845, 15.2, -153.3564
99.11922, 15.2, -160.9538
19.9105, 16, -96.7527
20.7811, 16, -94.6476
21.6516, 16, -93.5292
22.5221, 16, -93.2155
23.3927, 16, -93.2629
24.2632, 16, -93.5004
25.1338, 16, -93.8394
26.0043, 16, -94.2338
26.8748, 16, -94.6552
27.7454, 16, -95.0724
28.6159, 16, -95.4163
29.4865, 16, -95.6649
30.357, 16, -95.693
31.2275, 16, -95.7187
32.0981, 16, -95.7827
32.9686, 16, -95.7573
33.8391, 16, -95.7167
34.7097, 16, -95.6816
35.5802, 16, -95.6639
36.4508, 16, -95.6735
37.3213, 16, -95.7188
38.1918, 16, -95.7924
39.0624, 16, -95.716
39.9329, 16, -94.5853
40.8034, 16, -95.5447
41.674, 16, -95.3018
42.5445, 16, -94.782
43.4151, 16, -94.2845
44.2856, 16, -93.8416
45.1561, 16, -93.4659
46.0267, 16, -93.1754
46.8972, 16, -93.007
47.7677, 16, -93.0466
48.6383, 16, -93.5746
49.5088, 16, -95.6425
50.3794, 16, -95.9902
51.2499, 16, -93.0692
52.1204, 16, -91.8446
52.991, 16, -91.1922
53.8615, 16, -90.7728
54.732, 16, -90.4953
55.6026, 16, -90.3282
56.4731, 16, -90.2674
57.3437, 16, -90.333
58.2142, 16, -90.5897
59.0847, 16, -91.1711
59.9553, 16, -90.3104
60.8258, 16, -90.9803
61.6963, 16, -90.4791
62.5669, 16, -90.2454
63.4374, 16, -90.2171
64.308, 16, -90.3065
65.1785, 16, -90.4743
66.049, 16, -90.7012
66.9196, 16, -90.9801
67.7901, 16, -91.32
68.6606, 16, -91.7863
69.5312, 16, -92.6121
70.4017, 16, -92.7967
71.2723, 16, -92.9867
72.1428, 16, -93.646
73.0133, 16, -94.3153
73.8839, 16, -94.9985
74.7544, 16, -95.7214
75.6249, 16, -96.5086
76.4955, 16, -97.3745
77.366, 16, -98.2867
78.2366, 16, -98.9585
79.1071, 16, -97.1721
79.9776, 16, -86.5317
80.8482, 16, -98.1825
81.71871, 16, -101.3723
82.58925, 16, -102.0443
83.45979, 16, -102.5137
84.33032, 16, -103.0243
85.20086, 16, -103.56
86.0714, 16, -104.0595
86.94193, 16, -104.456
87.81247, 16, -104.7296
88.68301, 16, -105.2847
89.55355, 16, -108.5673
90.42409, 16, -112.1958
91.29462, 16, -114.8416
92.16516, 16, -120.1984
93.0357, 16, -125.903
93.90623, 16, -131.5179
94.77677, 16, -137.0744
95.64731, 16, -142.6672
96.51785, 16, -148.4135
97.38839, 16, -154.4611
98.25893, 16, -160.9873
99.12946, 16, -167.9775
20.8523, 16.8, -96.4942
21.7126, 16.8, -95.876
22.5729, 16.8, -95.8252
23.4332, 16.8, -96.0279
24.2935, 16.8, -96.3616
25.1538, 16.8, -96.7619
26.0141, 16.8, -97.1859
26.8744, 16.8, -97.591
27.7347, 16.8, -97.9032
28.595, 16.8, -97.9629
29.4553, 16.8, -97.6591
30.3156, 16.8, -97.6656
31.1759, 16.8, -98.2502
32.0362, 16.8, -98.6189
32.8965, 16.8, -98.7355
33.7568, 16.8, -98.7344
34.6171, 16.8, -98.6989
35.4774, 16.8, -98.6613
36.3377, 16.8, -98.6406
37.198, 16.8, -98.6519
38.0583, 16.8, -98.7031
38.9186, 16.8, -98.8537
39.7789, 16.8, -99.0799
40.6392, 16.8, -99.0499
41.4995, 16.8, -98.4787
42.3598, 16.8, -97.8685
43.2201, 16.8, -97.3095
44.0804, 16.8, -96.8223
44.9407, 16.8, -96.4151
45.801, 16.8, -96.1074
46.6613, 16.8, -95.9442
47.5216, 16.8, -96.0354
48.3819, 16.8, -96.6776
49.2422, 16.8, -98.2629
50.1025, 16.8, -99.2274
50.9628, 16.8, -97.6908
51.8231, 16.8, -95.9579
52.6834, 16.8, -94.9809
53.5437, 16.8, -94.4948
54.404, 16.8, -94.2615
55.2643, 16.8, -94.2088
56.1246, 16.8, -94.3328
56.9849, 16.8, -94.6926
57.8452, 16.8, -95.4899
58.7055, 16.8, -97.1423
59.5658, 16.8, -99.7047
60.4262, 16.8, -99.5661
61.2865, 16.8, -96.9088
62.1468, 16.8, -95.296
63.0071, 16.8, -94.5658
63.8674, 16.8, -94.2623
64.7277, 16.8, -94.1668
65.588, 16.8, -94.1983
66.4483, 16.8, -94.3251
67.3086, 16.8, -94.547
68.1689, 16.8, -94.9132
69.0292, 16.8, -95.4046
69.8895, 16.8, -95.5916
70.7498, 16.8, -95.3978
71.6101, 16.8, -95.4704
72.4704, 16.8, -95.9192
73.3307, 16.8, -96.4229
74.191, 16.8, -96.9411
75.0513, 16.8, -97.4819
75.9116, 16.8, -98.0437
76.7719, 16.8, -98.5841
77.6322, 16.8, -98.9019
78.4925, 16.8, -98.3448
79.3528, 16.8, -96.4797
80.2131, 16.8, -95.9213
81.0734, 16.8, -99.5756
81.93368, 16.8, -102.0602
82.79398, 16.8, -103.4526
83.65428, 16.8, -104.4123
84.51458, 16.8, -105.3065
85.37488, 16.8, -106.1928
86.23518, 16.8, -107.0727
87.09548, 16.8, -107.9809
87.95579, 16.8, -109.1831
88.81609, 16.8, -111.2992
89.67638, 16.8, -114.5901
90.53669, 16.8, -118.2932
91.39699, 16.8, -121.9299
92.25729, 16.8, -126.6091
93.11759, 16.8, -132.0602
93.97789, 16.8, -137.7293
94.8382, 16.8, -143.4625
95.69849, 16.8, -149.2736
96.55879, 16.8, -155.2208
97.4191, 16.8, -161.362
98.2794, 16.8, -167.6406
99.1397, 16.8, -174.0212
21.7941, 17.6, -97.6353
22.6441, 17.6, -98.018
23.4942, 17.6, -98.485
24.3443, 17.6, -98.9928
25.1943, 17.6, -99.5077
26.0444, 17.6, -99.9974
26.89445, 17.6, -100.4185
27.74452, 17.6, -100.703
28.59458, 17.6, -100.7451
29.44464, 17.6, -100.2688
30.29471, 17.6, -100.0181
31.14477, 17.6, -101.1204
31.99484, 17.6, -101.5113
32.8449, 17.6, -101.6547
33.69497, 17.6, -101.6768
34.54503, 17.6, -101.6344
35.3951, 17.6, -101.5652
36.24516, 17.6, -101.4961
37.09523, 17.6, -101.4534
37.94529, 17.6, -101.488
38.79535, 17.6, -101.7279
39.64542, 17.6, -102.8472
40.49548, 17.6, -102.5092
41.34555, 17.6, -101.3722
42.19561, 17.6, -100.6846
43.04568, 17.6, -100.0906
43.8957, 17.6, -99.5638
44.7458, 17.6, -99.1157
45.5959, 17.6, -98.7688
46.4459, 17.6, -98.5682
47.296, 17.6, -98.5903
48.1461, 17.6, -98.9539
48.9961, 17.6, -99.7392
49.8462, 17.6, -100.1648
50.69626, 17.6, -100.0742
51.5463, 17.6, -99.1775
52.3964, 17.6, -98.3294
53.2465, 17.6, -97.8339
54.0965, 17.6, -97.6156
54.9466, 17.6, -97.6342
55.7966, 17.6, -97.8745
56.6467, 17.6, -98.3908
57.4968, 17.6, -99.2924
58.34684, 17.6, -100.8261
59.1969, 17.6, -103.6451
60.04697, 17.6, -109.2639
60.89703, 17.6, -103.0447
61.7471, 17.6, -100.407
62.5972, 17.6, -99.0262
63.4472, 17.6, -98.2595
64.2973, 17.6, -97.8469
65.1474, 17.6, -97.6571
65.9974, 17.6, -97.6136
66.8475, 17.6, -97.685
67.6975, 17.6, -97.8415
68.5476, 17.6, -98.0489
69.3977, 17.6, -98.066
70.2477, 17.6, -97.7687
71.0978, 17.6, -97.678
71.9479, 17.6, -97.6205
72.7979, 17.6, -97.7904
73.648, 17.6, -98.0734
74.4981, 17.6, -98.3831
75.3481, 17.6, -98.6686
76.1982, 17.6, -98.8825
77.0483, 17.6, -98.9397
77.8983, 17.6, -98.7901
78.7484, 17.6, -98.5875
79.59845, 17.6, -101.5037
80.44852, 17.6, -102.0844
81.29858, 17.6, -101.2717
82.14864, 17.6, -103.1113
82.99871, 17.6, -104.8153
83.84878, 17.6, -106.3098
84.69884, 17.6, -107.6852
85.5489, 17.6, -109.0395
86.39896, 17.6, -110.4576
87.24903, 17.6, -112.0576
88.0991, 17.6, -113.9954
88.94916, 17.6, -116.3829
89.79922, 17.6, -117.8667
90.64929, 17.6, -122.8094
91.49935, 17.6, -128.0299
92.34942, 17.6, -133.0515
93.19949, 17.6, -138.4106
94.04955, 17.6, -144.015
94.89961, 17.6, -149.7878
95.74968, 17.6, -155.6693
96.59974, 17.6, -161.6381
97.44981, 17.6, -167.6655
98.29987, 17.6, -173.7034
99.14993, 17.6, -179.4609
22.7358, 18.4, -99.9258
23.57566, 18.4, -100.7251
24.41548, 18.4, -101.469
25.25531, 18.4, -102.156
26.09514, 18.4, -102.7754
26.93497, 18.4, -103.3054
27.7748, 18.4, -103.7026
28.61462, 18.4, -103.8784
29.45445, 18.4, -103.536
30.29428, 18.4, -103.4435
31.13411, 18.4, -104.3931
31.97394, 18.4, -104.6519
32.81376, 18.4, -104.7058
33.65359, 18.4, -104.657
34.49342, 18.4, -104.555
35.33325, 18.4, -104.4297
36.17308, 18.4, -104.3057
37.01291, 18.4, -104.2116
37.85273, 18.4, -104.1989
38.69256, 18.4, -104.4154
39.53239, 18.4, -105.2968
40.37222, 18.4, -105.3656
41.21204, 18.4, -103.9251
42.05187, 18.4, -103.1384
42.8917, 18.4, -102.5105
43.73153, 18.4, -101.9536
44.57135, 18.4, -101.4604
45.41118, 18.4, -101.0428
46.25101, 18.4, -100.7249
47.09084, 18.4, -100.5423
47.93067, 18.4, -100.5225
48.7705, 18.4, -100.4912
49.61032, 18.4, -100.4739
50.45015, 18.4, -100.6209
51.28998, 18.4, -100.6197
52.12981, 18.4, -100.4639
52.96963, 18.4, -100.2555
53.80946, 18.4, -100.2077
54.64929, 18.4, -100.3308
55.48912, 18.4, -100.6298
56.32895, 18.4, -101.1332
57.16877, 18.4, -101.9106
58.0086, 18.4, -103.1072
58.84843, 18.4, -105.0531
59.68826, 18.4, -109.5658
60.52809, 18.4, -107.9127
61.36791, 18.4, -104.3991
62.20774, 18.4, -102.7585
63.04757, 18.4, -101.7875
63.8874, 18.4, -101.1952
64.72723, 18.4, -100.8346
65.56705, 18.4, -100.626
66.40688, 18.4, -100.5218
67.24671, 18.4, -100.4877
68.08654, 18.4, -100.4773
68.92637, 18.4, -100.3435
69.7662, 18.4, -99.9474
70.606, 18.4, -99.8762
71.4458, 18.4, -99.7193
72.2857, 18.4, -99.5361
73.1255, 18.4, -99.4687
73.9653, 18.4, -99.4699
74.8052, 18.4, -99.4933
75.645, 18.4, -99.5045
76.4848, 18.4, -99.4813
77.3246, 18.4, -99.4372
78.1645, 18.4, -99.5759
79.0043, 18.4, -101.0963
79.84413, 18.4, -105.7066
80.68396, 18.4, -103.8429
81.52379, 18.4, -103.3102
82.36361, 18.4, -104.738
83.20344, 18.4, -106.5732
84.04327, 18.4, -108.4152
84.88309, 18.4, -110.2397
85.72292, 18.4, -112.0824
86.56275, 18.4, -113.9961
87.40258, 18.4, -116.0422
88.24241, 18.4, -118.2342
89.08224, 18.4, -120.191
89.92207, 18.4, -121.524
90.76189, 18.4, -127.2177
91.60172, 18.4, -133.2198
92.44155, 18.4, -138.7881
93.28138, 18.4, -144.369
94.1212, 18.4, -150.0655
94.96103, 18.4, -155.8594
95.80086, 18.4, -161.7237
96.64069, 18.4, -167.6309
97.48051, 18.4, -173.5409
98.32034, 18.4, -179.3332
99.16017, 18.4, -184.6396
23.67759, 19.2, -102.7292
24.50718, 19.2, -103.9276
25.33677, 19.2, -104.9241
26.16636, 19.2, -105.7443
26.99596, 19.2, -106.4663
27.82555, 19.2, -107.0678
28.65514, 19.2, -107.4795
29.48473, 19.2, -107.6197
30.31432, 19.2, -107.9081
31.14391, 19.2, -108.0662
31.9735, 19.2, -108.0853
32.8031, 19.2, -107.9596
33.63269, 19.2, -107.7768
34.46228, 19.2, -107.5648
35.29187, 19.2, -107.3406
36.12146, 19.2, -107.1203
36.95105, 19.2, -106.9245
37.78064, 19.2, -106.7924
38.61024, 19.2, -106.7951
39.43983, 19.2, -107.0609
40.26942, 19.2, -106.8489
41.09901, 19.2, -105.9675
41.9286, 19.2, -105.1416
42.75819, 19.2, -104.4801
43.58778, 19.2, -103.8788
44.41738, 19.2, -103.3144
45.24697, 19.2, -102.7883
46.07656, 19.2, -102.3062
46.90615, 19.2, -101.8689
47.73574, 19.2, -101.4383
48.56533, 19.2, -101.0217
49.39492, 19.2, -100.652
50.22452, 19.2, -100.4317
51.05411, 19.2, -100.8617
51.8837, 19.2, -101.1019
52.71329, 19.2, -101.3526
53.54288, 19.2, -101.5822
54.37247, 19.2, -101.8583
55.20206, 19.2, -102.2166
56.03165, 19.2, -102.6788
56.86125, 19.2, -103.2749
57.69084, 19.2, -104.052
58.52043, 19.2, -105.2237
59.35002, 19.2, -107.238
60.17961, 19.2, -107.8647
61.0092, 19.2, -106.402
61.83879, 19.2, -104.9465
62.66839, 19.2, -104.145
63.49798, 19.2, -103.6209
64.32757, 19.2, -103.2579
65.15716, 19.2, -103.0024
65.98676, 19.2, -102.8184
66.81635, 19.2, -102.6766
67.64594, 19.2, -102.5371
68.47552, 19.2, -102.3742
69.30511, 19.2, -102.1326
70.13471, 19.2, -101.738
70.9643, 19.2, -101.7273
71.79389, 19.2, -101.5027
72.62348, 19.2, -101.2354
73.45307, 19.2, -100.9966
74.28267, 19.2, -100.7969
75.11226, 19.2, -100.6205
75.94185, 19.2, -100.4644
76.77144, 19.2, -100.3574
77.60104, 19.2, -100.4431
78.43063, 19.2, -100.9528
79.26022, 19.2, -102.2538
80.08981, 19.2, -102.9404
80.9194, 19.2, -104.0965
81.74899, 19.2, -105.0235
82.57858, 19.2, -106.6455
83.40817, 19.2, -108.6345
84.23776, 19.2, -110.7557
85.06735, 19.2, -112.9198
85.89695, 19.2, -115.117
86.72654, 19.2, -117.3543
87.55613, 19.2, -119.6134
88.38572, 19.2, -121.8228
89.21531, 19.2, -123.8877
90.04491, 19.2, -126.0368
90.8745, 19.2, -131.9149
91.70409, 19.2, -137.923
92.53368, 19.2, -143.8726
93.36327, 19.2, -149.7428
94.19286, 19.2, -155.593
95.02245, 19.2, -161.4629
95.85204, 19.2, -167.3497
96.68163, 19.2, -173.2336
97.51122, 19.2, -179.0623
98.34082, 19.2, -184.7803
99.17041, 19.2, -190.3349
