100, 0, 2.40519
0, 0, 6.4924
-20, 0, 1.4013e-44
-20, -20, 200
100, -20, 190.5491
100, 20, -192.8886
23.8, 20, -56.1005
98.9247, 0, 2.07706
97.8495, 0, 1.84379
96.7742, 0, 1.99202
95.6989, 0, 2.39754
94.6237, 0, 2.79276
93.5484, 0, 2.94901
92.4731, 0, 2.80924
91.3979, 0, 2.9239
90.3226, 0, 2.98765
89.2473, 0, 5.04355
88.172, 0, 7.42648
87.0968, 0, 9.87614
86.0215, 0, 12.496
84.9462, 0, 14.8226
83.871, 0, 16.9617
82.7957, 0, 19.2597
81.7204, 0, 22.7332
80.6452, 0, 28.2437
79.5699, 0, 30.4919
78.4946, 0, 26.6697
77.4194, 0, 24.5355
76.3441, 0, 23.5752
75.2688, 0, 22.9562
74.1936, 0, 22.5576
73.1183, 0, 22.4902
72.043, 0, 23.0847
70.9677, 0, 24.8367
69.8925, 0, 25.9718
68.8172, 0, 23.382
67.7419, 0, 21.0552
66.6667, 0, 19.8011
65.5914, 0, 19.1019
64.5161, 0, 18.6917
63.4409, 0, 18.4868
62.3656, 0, 18.6641
61.2903, 0, 20.047
60.2151, 0, 22.2165
59.1398, 0, 20.0943
58.0645, 0, 17.012
56.9892, 0, 15.4376
55.914, 0, 14.567
54.8387, 0, 13.8754
53.7634, 0, 13.3037
52.6882, 0, 12.9743
51.6129, 0, 13.3569
50.5376, 0, 14.6761
49.4624, 0, 13.795
48.3871, 0, 11.1531
47.3118, 0, 9.6666
46.2366, 0, 8.85823
45.1613, 0, 8.23206
44.086, 0, 7.62347
43.0108, 0, 6.97883
41.9355, 0, 6.42623
40.8602, 0, 5.99208
39.7849, 0, 5.6269
38.7097, 0, 6.60148
37.6344, 0, 7.52465
36.5591, 0, 8.64381
35.4839, 0, 9.74328
34.4086, 0, 10.7919
33.3333, 0, 11.8551
32.2581, 0, 13.1053
31.1828, 0, 14.8906
30.1075, 0, 16.9288
29.0323, 0, 16.3717
27.957, 0, 15.842
26.8817, 0, 15.9389
25.8065, 0, 16.2376
24.7312, 0, 16.5442
23.6559, 0, 16.766
22.5806, 0, 16.7938
21.5054, 0, 16.443
20.4301, 0, 15.3684
19.3548, 0, 15.8723
18.2796, 0, 17.1077
17.2043, 0, 17.8224
16.129, 0, 18.2138
15.0538, 0, 18.4113
13.9785, 0, 18.4881
12.9032, 0, 18.4939
11.828, 0, 18.5383
10.7527, 0, 19.1253
9.67742, 0, 21.6292
8.60215, 0, 20.0955
7.52688, 0, 20.0718
6.45161, 0, 20.453
5.37634, 0, 21.2575
4.30108, 0, 17.5561
3.22581, 0, 19.9466
2.15054, 0, 17.2625
1.07527, 0, 15.1739
-1.05263, 0, 12.3492
-2.10526, 0, 13.1327
-3.15789, 0, 12.5296
-4.21053, 0, 11.3723
-5.2632, 0, 9.8602
-6.3158, 0, 8.053
-7.3684, 0, 6.0091
-8.4211, 0, 3.7663
-9.4737, 0, 1.3248
-10.5263, 0, 0.275406
-11.5789, 0, 0.658124
-12.6316, 0, 0.879984
-13.6842, 0, 0.981573
-14.7368, 0, 0.987756
-15.7895, 0, 0.914673
-16.8421, 0, 0.773512
-17.8947, 0, 0.571909
-18.9474, 0, 0.314704
-20, -1, 9.5
-20, -2, 19
-20, -3, 28.5
-20, -4, 38
-20, -5, 47.5
-20, -6, 57
-20, -7, 66.5
-20, -8, 76
-20, -9, 85.5
-20, -10, 100
-20, -11, 114.5
-20, -12, 124
-20, -13, 133.5
-20, -14, 143
-20, -15, 152.5
-20, -16, 162
-20, -17, 171.5
-20, -18, 181
-20, -19, 190.5
-18.92857, -20, 200.3637
-17.85714, -20, 200.7274
-16.78572, -20, 201.0911
-15.71429, -20, 201.4548
-14.64286, -20, 201.8185
-13.57143, -20, 202.1823
-12.5, -20, 202.546
-11.42857, -20, 202.9097
-10.35714, -20, 203.2734
-9.285714, -20, 203.6005
-8.214286, -20, 203.9092
-7.142857, -20, 204.218
-6.071429, -20, 204.5268
-5, -20, 204.8356
-3.928571, -20, 205.1444
-2.857143, -20, 205.4531
-1.785714, -20, 205.7619
-0.7142857, -20, 206.0707
0.3571429, -20, 207.0809
1.428571, -20, 208.0268
2.5, -20, 207.8737
3.571429, -20, 208.3384
4.642857, -20, 209.2566
5.714286, -20, 209.7289
6.785714, -20, 209.6397
7.857143, -20, 209.5505
8.928572, -20, 209.4613
10, -20, 209.3721
11.07143, -20, 209.5877
12.14286, -20, 209.8033
13.21429, -20, 210.0188
14.28571, -20, 210.2344
15.35714, -20, 210.4499
16.42857, -20, 210.6655
17.5, -20, 210.881
18.57143, -20, 211.0966
19.64286, -20, 211.3121
20.71428, -20, 211.3025
21.78572, -20, 211.1804
22.85714, -20, 211.0582
23.92857, -20, 210.936
25, -20, 210.8138
26.07143, -20, 210.6916
27.14286, -20, 210.5695
28.21428, -20, 210.4473
29.28572, -20, 210.3251
30.35714, -20, 210.1792
31.42857, -20, 209.9858
32.5, -20, 209.7924
33.57143, -20, 209.5991
34.64286, -20, 209.4057
35.71429, -20, 209.2123
36.78571, -20, 209.0189
37.85714, -20, 208.8255
38.92857, -20, 208.6322
40, -20, 208.4388
41.07143, -20, 208.3294
42.14286, -20, 208.2201
43.21429, -20, 208.1108
44.28571, -20, 208.0014
45.35714, -20, 207.8921
46.42857, -20, 207.7828
47.5, -20, 207.6734
48.57143, -20, 207.5641
49.64286, -20, 207.4547
50.71429, -20, 207.3413
51.78571, -20, 207.2259
52.85714, -20, 207.1105
53.92857, -20, 206.9951
55, -20, 206.8797
56.07143, -20, 206.7643
57.14286, -20, 206.6489
58.21429, -20, 206.5335
59.28571, -20, 206.4181
60.35714, -20, 206.2901
61.42857, -20, 206.1368
62.5, -20, 205.9835
63.57143, -20, 205.8303
64.64286, -20, 205.677
65.71429, -20, 205.5237
66.78571, -20, 205.3705
67.85714, -20, 205.2172
68.92857, -20, 205.064
70, -20, 204.9107
71.07143, -20, 204.5263
72.14286, -20, 204.142
73.21429, -20, 203.7577
74.28571, -20, 203.3733
75.35714, -20, 202.989
76.42857, -20, 202.6046
77.5, -20, 202.2203
78.57143, -20, 201.8359
79.64286, -20, 201.4516
80.71429, -20, 201.2687
81.78571, -20, 201.1865
82.85714, -20, 201.1043
83.92857, -20, 201.0222
85, -20, 200.94
86.07143, -20, 200.8578
87.14286, -20, 200.7756
88.21429, -20, 200.6935
89.28571, -20, 200.6113
90.35714, -20, 200.1991
91.42857, -20, 199.1269
92.5, -20, 198.0547
93.57143, -20, 196.9825
94.64286, -20, 195.9102
95.71429, -20, 194.838
96.78571, -20, 193.7658
97.85714, -20, 192.6936
98.92857, -20, 191.6214
100, -19, 183.0519
100, -18, 175.5547
100, -17, 166.8511
100, -16, 158.0056
100, -15, 149.583
100, -14, 141.2731
100, -13, 129.4779
100, -12, 116.074
100, -11, 106.6191
100, -10, 100.0362
100, -9, 88.4776
100, -8, 71.3905
100, -7, 58.37
100, -6, 52.3205
100, -5, 44.8359
100, -4, 33.3331
100, -3, 23.8825
100, -2, 25.3774
100, -1, 25.5743
100, 0.8, -16.1301
100, 1.6, -22.7384
100, 2.4, -23.8419
100, 3.2, -25.6462
100, 4, -40.0641
100, 4.8, -54.4821
100, 5.6, -68.6158
100, 6.4, -82.3589
100, 7.2, -96.1019
100, 8, -112.1243
100, 8.8, -128.7545
100, 9.6, -138.4486
100, 10.4, -111.1499
100, 11.2, -83.8512
100, 12, -91.3135
100, 12.8, -130.0608
100, 13.6, -168.808
100, 14.4, -173.3535
100, 15.2, -173.8752
100, 16, -180.4917
100, 16.8, -204.1736
100, 17.6, -227.8556
100, 18.4, -226.0945
100, 19.2, -209.4915
99.18065, 20, -182.5221
98.36129, 20, -172.1554
97.54194, 20, -161.7889
96.72258, 20, -151.4223
95.90323, 20, -141.0557
95.08387, 20, -130.6891
94.26452, 20, -120.3225
93.44516, 20, -109.9559
92.6258, 20, -99.5893
91.8064, 20, -89.2227
90.9871, 20, -78.8561
90.1677, 20, -68.4895
89.3484, 20, -61.9965
88.529, 20, -56.5005
87.7097, 20, -51.0047
86.8903, 20, -45.5087
86.071, 20, -40.0129
85.2516, 20, -34.5169
84.4323, 20, -29.0211
83.6129, 20, -23.5251
82.7935, 20, -18.0293
81.9742, 20, -12.5333
81.1548, 20, -7.03747
80.3355, 20, -1.5416
79.5161, 20, -2.10445
78.6968, 20, -6.86804
77.8774, 20, -11.6317
77.0581, 20, -16.3953
76.2387, 20, -21.1589
75.4194, 20, -25.9225
74.6, 20, -30.6861
73.7806, 20, -35.4497
72.9613, 20, -40.2134
72.1419, 20, -44.9769
71.3226, 20, -49.7406
70.5032, 20, -54.5042
69.6839, 20, -56.5092
68.8645, 20, -54.1229
68.0452, 20, -51.7366
67.2258, 20, -49.3503
66.4064, 20, -46.964
65.5871, 20, -44.5777
64.7677, 20, -42.1914
63.9484, 20, -39.8052
63.129, 20, -37.4189
62.3097, 20, -35.0326
61.4903, 20, -32.6463
60.671, 20, -30.26
59.8516, 20, -28.4806
59.0323, 20, -29.4451
58.2129, 20, -30.4097
57.3935, 20, -31.3743
56.5742, 20, -32.3388
55.7548, 20, -33.3034
54.9355, 20, -34.268
54.1161, 20, -35.2325
53.2968, 20, -36.1971
52.4774, 20, -37.1616
51.6581, 20, -38.1262
50.8387, 20, -39.0908
50.0194, 20, -40.0553
49.2, 20, -41.4498
48.3806, 20, -42.8546
47.5613, 20, -44.2594
46.7419, 20, -45.6643
45.9226, 20, -47.0691
45.1032, 20, -48.474
44.2839, 20, -49.8788
43.4645, 20, -51.2836
42.6452, 20, -52.6885
41.8258, 20, -54.0933
41.0065, 20, -55.4981
40.1871, 20, -56.903
39.3677, 20, -57.7897
38.5484, 20, -58.5232
37.729, 20, -59.2567
36.9097, 20, -59.9902
36.0903, 20, -60.7236
35.271, 20, -61.4571
34.4516, 20, -62.1906
33.6323, 20, -62.924
32.8129, 20, -63.6575
31.9935, 20, -64.391
31.1742, 20, -65.1244
30.3548, 20, -65.8579
29.5355, 20, -65.904
28.7161, 20, -65.2343
27.8968, 20, -64.321
27.0774, 20, -63.164
26.2581, 20, -61.7635
25.4387, 20, -60.1195
24.6194, 20, -58.2318
22.848, 19.2, -55.1138
21.896, 18.4, -55.1957
20.944, 17.6, -56.5047
19.992, 16.8, -61.6294
19.04, 16, -54.0078
18.088, 15.2, -50.2385
17.136, 14.4, -47.5228
16.184, 13.6, -45.2163
15.232, 12.8, -43.0822
14.28, 12, -41.0074
13.328, 11.2, -38.9441
12.376, 10.4, -36.7885
11.424, 9.6, -34.2457
10.472, 8.8, -30.362
9.52, 8, -26.1322
8.568, 7.2, -22.9675
7.616, 6.4, -19.0987
6.664, 5.6, -14.9155
5.712, 4.8, -10.3809
4.76, 4, -4.4707
3.808, 3.2, 3.1324
2.856, 2.4, 9.346
1.904, 1.6, 11.7982
0.952, 0.8, 11.2352
98.9249, -1, 12.5394
97.8498, -1, 10.9974
96.7748, -1, 11.089
95.6997, -1, 11.4248
94.6246, -1, 11.7214
93.5495, -1, 11.8248
92.4745, -1, 11.5858
91.3994, -1, 10.9372
90.3243, -1, 10.6937
89.2492, -1, 12.775
88.1742, -1, 15.9513
87.0991, -1, 18.9163
86.024, -1, 21.3966
84.9489, -1, 23.6871
83.8738, -1, 26.0738
82.7988, -1, 28.8955
81.7237, -1, 32.7239
80.6486, -1, 39.2969
79.5735, -1, 42.5884
78.4985, -1, 36.7964
77.4234, -1, 34.084
76.3483, -1, 32.3696
75.2732, -1, 31.294
74.1982, -1, 30.7583
73.1231, -1, 30.7936
72.048, -1, 31.5369
70.9729, -1, 32.9304
69.8979, -1, 34.4353
68.8228, -1, 31.0564
67.7477, -1, 28.7364
66.6726, -1, 27.2122
65.5975, -1, 26.3245
64.5225, -1, 25.8748
63.4474, -1, 25.7398
62.3723, -1, 25.821
61.2972, -1, 25.8149
60.2222, -1, 23.0306
59.1471, -1, 24.0875
58.072, -1, 23.481
56.9969, -1, 22.4434
55.9219, -1, 21.5978
54.8468, -1, 20.8996
53.7717, -1, 20.2886
52.6966, -1, 19.7208
51.6215, -1, 19.2119
50.5465, -1, 19.3679
49.4714, -1, 18.9184
48.3963, -1, 17.3137
47.3212, -1, 16.6999
46.2462, -1, 16.2459
45.1711, -1, 15.799
44.096, -1, 15.3
43.0209, -1, 14.7119
41.9459, -1, 14.0648
40.8708, -1, 14.3107
39.7957, -1, 16.9152
38.7206, -1, 14.6906
37.6455, -1, 15.7963
36.5705, -1, 17.0405
35.4954, -1, 18.1942
34.4203, -1, 19.3141
33.3452, -1, 20.4846
32.2702, -1, 21.8064
31.1951, -1, 23.3265
30.12, -1, 24.0019
29.0449, -1, 24.6851
27.9699, -1, 24.7201
26.8948, -1, 24.7812
25.8197, -1, 25.0018
24.7446, -1, 25.2812
23.6695, -1, 25.526
22.5945, -1, 25.6284
21.5194, -1, 25.348
20.4443, -1, 24.1549
19.3692, -1, 24.5872
18.2942, -1, 25.9071
17.2191, -1, 26.4687
16.144, -1, 26.7517
15.0689, -1, 26.8897
13.9939, -1, 26.9339
12.9188, -1, 26.9267
11.8437, -1, 26.9732
10.7686, -1, 27.3923
9.69355, -1, 26.9441
8.61847, -1, 27.6496
7.54339, -1, 27.6334
6.46832, -1, 27.5634
5.39324, -1, 27.1641
4.31816, -1, 24.6184
3.24309, -1, 26.0131
2.16801, -1, 24.0274
1.09293, -1, 19.5576
0.0178571, -1, 18.8887
-1.03571, -1, 18.4819
-2.08929, -1, 19.1359
-3.14286, -1, 18.7722
-4.19643, -1, 17.8781
-5.25, -1, 16.6572
-6.30357, -1, 15.2111
-7.35714, -1, 13.6029
-8.41071, -1, 11.8984
-9.46429, -1, 10.2804
-10.5179, -1, 9.77377
-11.5714, -1, 9.75461
-12.625, -1, 9.72468
-13.6786, -1, 9.69359
-14.7321, -1, 9.66155
-15.7857, -1, 9.6292
-16.8393, -1, 9.59659
-17.8929, -1, 9.56394
-18.9464, -1, 9.53155
98.9251, -2, 22.2164
97.8502, -2, 20.7364
96.7753, -2, 20.6674
95.7005, -2, 20.9538
94.6256, -2, 21.3285
93.5507, -2, 21.6516
92.4758, -2, 21.659
91.4009, -2, 20.6686
90.326, -2, 18.2954
89.2512, -2, 21.0067
88.1763, -2, 25.6337
87.1014, -2, 28.6669
86.0265, -2, 30.9302
84.9516, -2, 33.0556
83.8767, -2, 35.303
82.8018, -2, 37.8799
81.727, -2, 41.1081
80.6521, -2, 46.0921
79.5772, -2, 48.4383
78.5023, -2, 44.3131
77.4274, -2, 41.8204
76.3525, -2, 40.1412
75.2776, -2, 38.9676
74.2028, -2, 38.1281
73.1279, -2, 37.5839
72.053, -2, 37.5566
70.9781, -2, 38.2917
69.9032, -2, 38.5793
68.8283, -2, 36.0346
67.7535, -2, 34.3678
66.6786, -2, 33.4743
65.6037, -2, 32.9397
64.5288, -2, 32.5462
63.4539, -2, 32.2178
62.379, -2, 31.7576
61.3041, -2, 30.247
60.2293, -2, 27.4066
59.1544, -2, 27.8455
58.0795, -2, 29.0816
57.0046, -2, 29.0375
55.9297, -2, 28.5159
54.8548, -2, 27.9085
53.78, -2, 27.2213
52.7051, -2, 26.3418
51.6302, -2, 24.9514
50.5553, -2, 22.982
49.4804, -2, 22.6539
48.4055, -2, 23.6543
47.3306, -2, 24.0003
46.2558, -2, 23.9679
45.1809, -2, 23.7645
44.106, -2, 23.433
43.0311, -2, 22.9847
41.9562, -2, 22.4681
40.8813, -2, 22.0865
39.8064, -2, 22.5721
38.7316, -2, 23.3174
37.6567, -2, 24.5449
36.5818, -2, 25.7705
35.5069, -2, 26.9073
34.432, -2, 27.9972
33.3571, -2, 29.0916
32.2823, -2, 30.2083
31.2074, -2, 31.208
30.1325, -2, 32.1
29.0576, -2, 32.6545
27.9827, -2, 33.1446
26.9078, -2, 33.4789
25.8329, -2, 33.7933
24.7581, -2, 34.1286
23.6832, -2, 34.4447
22.6083, -2, 34.6821
21.5334, -2, 34.7579
20.4585, -2, 34.5714
19.3836, -2, 34.8434
18.3088, -2, 35.2862
17.2339, -2, 35.5356
16.159, -2, 35.6747
15.0841, -2, 35.746
14.0092, -2, 35.7452
12.9343, -2, 35.7071
11.8594, -2, 35.6483
10.7846, -2, 35.182
9.70968, -2, 34.2105
8.63479, -2, 34.8505
7.55991, -2, 35.1086
6.48502, -2, 34.9359
5.41014, -2, 34.1249
4.33525, -2, 34.2201
3.26037, -2, 32.8645
2.18548, -2, 32.6577
1.1106, -2, 28.1521
0.0357143, -2, 28.7855
-1.0188, -2, 27.2762
-2.07331, -2, 26.766
-3.12782, -2, 26.3094
-4.18233, -2, 25.5657
-5.23684, -2, 24.5998
-6.29135, -2, 23.4772
-7.34586, -2, 22.2653
-8.40038, -2, 21.0588
-9.45489, -2, 20.1001
-10.5094, -2, 19.577
-11.5639, -2, 19.5177
-12.6184, -2, 19.4543
-13.6729, -2, 19.3885
-14.7274, -2, 19.3234
-15.782, -2, 19.2588
-16.8365, -2, 19.1945
-17.891, -2, 19.1298
-18.9455, -2, 19.0644
98.9253, -3, 30.0012
97.8506, -3, 30.2231
96.7759, -3, 30.1438
95.7012, -3, 30.3534
94.6265, -3, 30.7943
93.5518, -3, 31.3723
92.4771, -3, 31.942
91.4025, -3, 31.9565
90.3278, -3, 28.2909
89.2531, -3, 32.1028
88.1784, -3, 36.0526
87.1037, -3, 38.0509
86.029, -3, 39.8532
84.9543, -3, 41.6994
83.8796, -3, 43.6672
82.8049, -3, 45.8158
81.7302, -3, 48.1741
80.6555, -3, 49.7582
79.5808, -3, 50.1265
78.5061, -3, 49.8319
77.4314, -3, 48.2648
76.3568, -3, 47.0312
75.2821, -3, 45.9826
74.2074, -3, 44.9576
73.1327, -3, 43.8111
72.058, -3, 42.4366
70.9833, -3, 41.4372
69.9086, -3, 41.8451
68.8339, -3, 39.5016
67.7592, -3, 39.2996
66.6845, -3, 39.3531
65.6098, -3, 39.171
64.5351, -3, 38.7454
63.4604, -3, 38.0791
62.3858, -3, 37.1355
61.3111, -3, 35.8032
60.2364, -3, 33.7357
59.1617, -3, 34.1199
58.087, -3, 34.8871
57.0123, -3, 35.128
55.9376, -3, 35.0181
54.8629, -3, 34.6393
53.7882, -3, 33.9984
52.7135, -3, 33.0314
51.6388, -3, 31.5346
50.5641, -3, 28.4634
49.4894, -3, 27.9256
48.4147, -3, 30.7671
47.3401, -3, 31.7163
46.2654, -3, 32.0694
45.1907, -3, 32.1166
44.116, -3, 31.9872
43.0413, -3, 31.7445
41.9666, -3, 31.3715
40.8919, -3, 30.2308
39.8172, -3, 27.2563
38.7425, -3, 32.1548
37.6678, -3, 33.6243
36.5931, -3, 34.7121
35.5184, -3, 35.717
34.4437, -3, 36.6787
33.369, -3, 37.596
32.2944, -3, 38.4525
31.2197, -3, 39.2445
30.145, -3, 40.369
29.0703, -3, 40.8696
27.9956, -3, 41.4072
26.9209, -3, 41.9665
25.8462, -3, 42.4983
24.7715, -3, 42.9895
23.6968, -3, 43.4388
22.6221, -3, 43.8751
21.5474, -3, 44.476
20.4727, -3, 45.5297
19.398, -3, 45.5262
18.3233, -3, 44.9989
17.2487, -3, 44.951
16.174, -3, 45.0357
15.0993, -3, 45.0765
14.0246, -3, 45.0234
12.9499, -3, 44.8309
11.8752, -3, 44.3836
10.8005, -3, 43.5668
9.72581, -3, 43.2325
8.65111, -3, 43.355
7.57642, -3, 43.4533
6.50173, -3, 43.5107
5.42704, -3, 43.4701
4.35234, -3, 41.6583
3.27765, -3, 43.3247
2.20296, -3, 39.7283
1.12826, -3, 36.7155
0.0535714, -3, 38.5863
-1.00188, -3, 36.9957
-2.05733, -3, 35.6276
-3.11278, -3, 34.8342
-4.16823, -3, 34.1267
-5.22368, -3, 33.3163
-6.27914, -3, 32.4204
-7.33459, -3, 31.5106
-8.39004, -3, 30.719
-9.44549, -3, 29.9113
-10.5009, -3, 29.3847
-11.5564, -3, 29.2821
-12.6118, -3, 29.179
-13.6673, -3, 29.0799
-14.7227, -3, 28.9826
-15.7782, -3, 28.8862
-16.8336, -3, 28.7903
-17.8891, -3, 28.6946
-18.9445, -3, 28.5982
98.9255, -4, 36.4917
97.851, -4, 38.2147
96.7765, -4, 38.8284
95.702, -4, 39.3983
94.6275, -4, 39.9933
93.553, -4, 40.6369
92.4785, -4, 41.4645
91.404, -4, 42.8037
90.3295, -4, 43.6872
89.255, -4, 45.3999
88.1805, -4, 45.8111
87.106, -4, 46.8575
86.0315, -4, 48.2507
84.957, -4, 49.7462
83.8825, -4, 51.3139
82.808, -4, 52.9163
81.7335, -4, 54.1137
80.659, -4, 53.9182
79.5845, -4, 53.5722
78.51, -4, 54.362
77.4355, -4, 54.2606
76.361, -4, 53.4856
75.2865, -4, 52.5869
74.212, -4, 51.5906
73.1375, -4, 50.3213
72.063, -4, 48.2577
70.9885, -4, 44.5425
69.914, -4, 42.2176
68.8395, -4, 43.7353
67.765, -4, 45.4811
66.6905, -4, 45.8714
65.616, -4, 45.6935
64.5415, -4, 45.1935
63.467, -4, 44.4099
62.3925, -4, 43.4358
61.318, -4, 42.6706
60.2435, -4, 42.0776
59.169, -4, 41.9821
58.0945, -4, 41.7586
57.02, -4, 41.8052
55.9455, -4, 41.8503
54.871, -4, 41.6626
53.7965, -4, 41.2284
52.722, -4, 40.5281
51.6475, -4, 39.3703
50.573, -4, 36.9468
49.4985, -4, 36.5163
48.424, -4, 38.9535
47.3495, -4, 40.0856
46.275, -4, 40.6127
45.2005, -4, 40.8507
44.126, -4, 40.9051
43.0515, -4, 40.7955
41.977, -4, 40.4415
40.9025, -4, 39.3962
39.828, -4, 38.3184
38.7535, -4, 41.1348
37.679, -4, 42.7174
36.6045, -4, 43.7818
35.53, -4, 44.707
34.4555, -4, 45.5132
33.381, -4, 46.2018
32.3064, -4, 46.8394
31.232, -4, 47.5194
30.1574, -4, 48.4201
29.0829, -4, 49.1915
28.0084, -4, 49.8924
26.9339, -4, 50.6355
25.8594, -4, 51.3898
24.7849, -4, 52.0688
23.7104, -4, 52.7047
22.6359, -4, 53.3692
21.5614, -4, 54.18
20.4869, -4, 55.7154
19.4124, -4, 55.7243
18.3379, -4, 54.8829
17.2634, -4, 54.7774
16.1889, -4, 54.7646
15.1144, -4, 54.7368
14.0399, -4, 54.6413
12.9654, -4, 54.3901
11.8909, -4, 53.7956
10.8164, -4, 52.953
9.74194, -4, 52.3915
8.66743, -4, 52.6154
7.59293, -4, 52.7137
6.51843, -4, 52.6904
5.44393, -4, 53.0718
4.36943, -4, 50.2979
3.29493, -4, 53.5957
2.22043, -4, 51.4747
1.14593, -4, 49.1034
0.0714286, -4, 47.1459
-0.984962, -4, 45.9402
-2.04135, -4, 45.1039
-3.09774, -4, 44.3404
-4.15414, -4, 43.5734
-5.21053, -4, 42.7874
-6.26692, -4, 41.9903
-7.32331, -4, 41.1972
-8.3797, -4, 40.422
-9.43609, -4, 39.6834
-10.4925, -4, 39.1954
-11.5489, -4, 39.0366
-12.6053, -4, 38.8978
-13.6617, -4, 38.764
-14.718, -4, 38.6346
-15.7744, -4, 38.5082
-16.8308, -4, 38.3831
-17.8872, -4, 38.2577
-18.9436, -4, 38.1306
98.9257, -5, 44.0667
97.8514, -5, 45.7297
96.7771, -5, 47.3183
95.7028, -5, 48.4479
94.6285, -5, 49.2826
93.5541, -5, 50.0034
92.4798, -5, 50.8481
91.4055, -5, 52.5816
90.3312, -5, 59.9214
89.2569, -5, 57.0745
88.1826, -5, 54.9723
87.1083, -5, 55.528
86.034, -5, 56.4744
84.9597, -5, 57.4874
83.8854, -5, 58.4725
82.8111, -5, 59.3399
81.7367, -5, 59.9671
80.6624, -5, 60.151
79.5881, -5, 59.5519
78.5138, -5, 59.7859
77.4395, -5, 59.7551
76.3652, -5, 59.3839
75.2909, -5, 58.7789
74.2166, -5, 57.9541
73.1423, -5, 56.8133
72.068, -5, 55.079
70.9937, -5, 51.3591
69.9194, -5, 41.9452
68.845, -5, 50.9403
67.7707, -5, 52.8232
66.6964, -5, 53.2044
65.6221, -5, 53.0786
64.5478, -5, 52.6422
63.4735, -5, 51.9415
62.3992, -5, 50.9901
61.3249, -5, 50.0227
60.2506, -5, 51.0711
59.1763, -5, 49.921
58.102, -5, 49.5444
57.0276, -5, 49.7867
55.9533, -5, 49.8405
54.879, -5, 49.6975
53.8047, -5, 49.3845
52.7304, -5, 48.9281
51.6561, -5, 48.3246
50.5818, -5, 48.0596
49.5075, -5, 48.1461
48.4332, -5, 48.3396
47.3589, -5, 49.0307
46.2846, -5, 49.5573
45.2103, -5, 49.9351
44.1359, -5, 50.157
43.0616, -5, 50.1864
41.9873, -5, 49.9888
40.913, -5, 49.9511
39.8387, -5, 51.8175
38.7644, -5, 50.945
37.6901, -5, 52.1426
36.6158, -5, 53.2751
35.5415, -5, 54.1888
34.4672, -5, 54.9014
33.3929, -5, 55.4181
32.3186, -5, 55.7327
31.2442, -5, 55.9856
30.1699, -5, 56.4506
29.0956, -5, 57.5373
28.0213, -5, 58.7053
26.947, -5, 59.8496
25.8727, -5, 60.7697
24.7984, -5, 61.5561
23.7241, -5, 62.2886
22.6498, -5, 63.0394
21.5755, -5, 63.8815
20.5012, -5, 64.8448
19.4268, -5, 65.1443
18.3525, -5, 64.938
17.2782, -5, 64.7309
16.2039, -5, 64.5818
15.1296, -5, 64.4746
14.0553, -5, 64.3647
12.981, -5, 64.2318
11.9067, -5, 64.0433
10.8324, -5, 63.2293
9.75806, -5, 62.0965
8.68376, -5, 62.6306
7.60945, -5, 62.8962
6.53514, -5, 62.8031
5.46083, -5, 61.9552
4.38652, -5, 60.7275
3.31221, -5, 62.2765
2.2379, -5, 59.9722
1.16359, -5, 61.8218
0.0892857, -5, 55.7942
-0.968045, -5, 54.875
-2.02538, -5, 54.6873
-3.08271, -5, 54.1903
-4.14004, -5, 53.4868
-5.19737, -5, 52.6878
-6.2547, -5, 51.8428
-7.31203, -5, 50.9797
-8.36936, -5, 50.1329
-9.42669, -5, 49.3887
-10.484, -5, 48.9609
-11.5414, -5, 48.7775
-12.5987, -5, 48.6009
-13.656, -5, 48.4363
-14.7133, -5, 48.278
-15.7707, -5, 48.1229
-16.828, -5, 47.9695
-17.8853, -5, 47.8164
-18.9427, -5, 47.6611
98.9259, -6, 53.2677
97.8518, -6, 55.0235
96.7776, -6, 56.6687
95.7035, -6, 57.9359
94.6294, -6, 58.9628
93.5553, -6, 59.8759
92.4812, -6, 60.8537
91.4071, -6, 62.4597
90.3329, -6, 67.3094
89.2588, -6, 65.5829
88.1847, -6, 64.3416
87.1106, -6, 64.4052
86.0365, -6, 64.8477
84.9624, -6, 65.3276
83.8883, -6, 65.6886
82.8141, -6, 65.9459
81.74, -6, 66.4254
80.6659, -6, 67.1886
79.5918, -6, 66.8056
78.5177, -6, 66.1834
77.4436, -6, 65.6529
76.3694, -6, 65.4443
75.2953, -6, 65.1589
74.2212, -6, 64.5906
73.1471, -6, 63.7431
72.073, -6, 62.7479
70.9988, -6, 61.1808
69.9247, -6, 56.931
68.8506, -6, 60.4501
67.7765, -6, 61.111
66.7024, -6, 61.3723
65.6283, -6, 61.4055
64.5541, -6, 61.1266
63.48, -6, 60.5377
62.4059, -6, 59.6804
61.3318, -6, 58.5371
60.2577, -6, 58.0451
59.1836, -6, 57.801
58.1094, -6, 58.4661
57.0353, -6, 58.7852
55.9612, -6, 58.868
54.8871, -6, 58.715
53.813, -6, 58.3725
52.7389, -6, 57.9933
51.6647, -6, 58.0546
50.5906, -6, 59.1872
49.5165, -6, 59.521
48.4424, -6, 58.5739
47.3683, -6, 58.5406
46.2942, -6, 59.0238
45.22, -6, 59.5243
44.1459, -6, 59.9157
43.0718, -6, 60.2041
41.9977, -6, 60.5125
40.9236, -6, 61.2519
39.8495, -6, 62.3413
38.7753, -6, 61.9126
37.7012, -6, 62.5295
36.6271, -6, 63.4519
35.553, -6, 64.2642
34.4789, -6, 64.9143
33.4048, -6, 65.3753
32.3306, -6, 65.5675
31.2565, -6, 65.3277
30.1824, -6, 64.8937
29.1083, -6, 66.2584
28.0342, -6, 68.245
26.9601, -6, 69.5554
25.8859, -6, 70.5197
24.8118, -6, 71.3161
23.7377, -6, 72.0441
22.6636, -6, 72.7761
21.5895, -6, 73.5632
20.5154, -6, 73.9139
19.4412, -6, 74.4386
18.3671, -6, 74.7946
17.293, -6, 74.6075
16.2189, -6, 74.4734
15.1448, -6, 74.3821
14.0707, -6, 74.3065
12.9965, -6, 74.2298
11.9224, -6, 74.1975
10.8483, -6, 74.3181
9.77419, -6, 73.1249
8.70008, -6, 73.962
7.62596, -6, 73.9492
6.55184, -6, 73.7314
5.47773, -6, 73.3081
4.40361, -6, 74.5475
3.32949, -6, 70.5529
2.25538, -6, 70.1496
1.18126, -6, 70.4586
0.107143, -6, 63.8509
-0.951128, -6, 64.5609
-2.0094, -6, 64.711
-3.06767, -6, 64.2257
-4.12594, -6, 63.546
-5.18421, -6, 62.7552
-6.24248, -6, 61.8674
-7.30075, -6, 60.8887
-8.35902, -6, 59.939
-9.41729, -6, 59.1204
-10.4756, -6, 58.7097
-11.5338, -6, 58.4882
-12.5921, -6, 58.3486
-13.6504, -6, 58.3053
-14.7086, -6, 58.1951
-15.7669, -6, 57.9904
-16.8252, -6, 57.6953
-17.8835, -6, 57.3753
-18.9417, -6, 57.1873
98.9261, -7, 63.6126
97.8521, -7, 65.746
96.7782, -7, 67.0425
95.7043, -7, 68.2047
94.6304, -7, 69.3178
93.5564, -7, 70.3903
92.4825, -7, 71.4334
91.4086, -7, 72.215
90.3347, -7, 69.2025
89.2607, -7, 72.4783
88.1868, -7, 73.7696
87.1129, -7, 73.996
86.039, -7, 74.2005
84.9651, -7, 74.3319
83.8911, -7, 74.2562
82.8172, -7, 73.8853
81.7433, -7, 73.236
80.6694, -7, 73.6177
79.5954, -7, 74.26
78.5215, -7, 72.7184
77.4476, -7, 73.0387
76.3737, -7, 73.3601
75.2997, -7, 73.3572
74.2258, -7, 73.0055
73.1519, -7, 72.3493
72.078, -7, 71.5113
71.004, -7, 71.6679
69.9301, -7, 77.5196
68.8562, -7, 70.8091
67.7823, -7, 70.6468
66.7083, -7, 71.0319
65.6344, -7, 71.1706
64.5605, -7, 71.0072
63.4866, -7, 70.5273
62.4126, -7, 69.6893
61.3387, -7, 68.3169
60.2648, -7, 64.5048
59.1909, -7, 66.8871
58.1169, -7, 68.4841
57.043, -7, 69.0197
55.9691, -7, 69.096
54.8952, -7, 68.9085
53.8212, -7, 68.5388
52.7473, -7, 68.1214
51.6734, -7, 67.8854
50.5995, -7, 68.7509
49.5255, -7, 69.265
48.4516, -7, 68.6018
47.3777, -7, 68.9472
46.3038, -7, 69.4809
45.2298, -7, 70.0403
44.1559, -7, 70.5695
43.082, -7, 71.1169
42.0081, -7, 71.7095
40.9341, -7, 72.2013
39.8602, -7, 71.4229
38.7863, -7, 73.1175
37.7124, -7, 73.7565
36.6384, -7, 74.3595
35.5645, -7, 74.9729
34.4906, -7, 75.5359
33.4167, -7, 75.9879
32.3427, -7, 76.2271
31.2688, -7, 75.8973
30.1949, -7, 73.8316
29.121, -7, 76.4887
28.047, -7, 78.4832
26.9731, -7, 79.6496
25.8992, -7, 80.5051
24.8253, -7, 81.224
23.7513, -7, 81.8846
22.6774, -7, 82.5272
21.6035, -7, 83.116
20.5296, -7, 83.7799
19.4556, -7, 84.3265
18.3817, -7, 84.3447
17.3078, -7, 84.3582
16.2339, -7, 84.3109
15.1599, -7, 84.2767
14.086, -7, 84.2814
13.0121, -7, 84.3222
11.9382, -7, 84.3595
10.8642, -7, 84.8517
9.79032, -7, 87.014
8.7164, -7, 85.3073
7.64247, -7, 84.6137
6.56855, -7, 84.5691
5.49462, -7, 85.4639
4.4207, -7, 83.2196
3.34677, -7, 78.9495
2.27285, -7, 81.0155
1.19892, -7, 79.6155
0.125, -7, 74.8401
-0.934211, -7, 75.3901
-1.99342, -7, 75.1129
-3.05263, -7, 74.558
-4.11184, -7, 73.8797
-5.17105, -7, 73.1168
-6.23026, -7, 72.2591
-7.28947, -7, 71.2599
-8.34868, -7, 70.034
-9.4079, -7, 68.922
-10.4671, -7, 68.4053
-11.5263, -7, 68.3814
-12.5855, -7, 68.6403
-13.6447, -7, 68.6875
-14.7039, -7, 68.5809
-15.7632, -7, 68.3442
-16.8224, -7, 67.969
-17.8816, -7, 67.4107
-18.9408, -7, 66.7206
98.9263, -8, 74.6989
97.8525, -8, 76.4052
96.7788, -8, 77.718
95.7051, -8, 78.9305
94.6313, -8, 80.0795
93.5576, -8, 81.1494
92.4839, -8, 81.9625
91.4101, -8, 81.6648
90.3364, -8, 77.8822
89.2627, -8, 80.4376
88.1889, -8, 83.3432
87.1152, -8, 84.1622
86.0415, -8, 84.3808
84.9677, -8, 84.3427
83.894, -8, 84.0505
82.8203, -8, 83.288
81.7465, -8, 81.6705
80.6728, -8, 79.3325
79.5991, -8, 79.8442
78.5253, -8, 80.9933
77.4516, -8, 82.4118
76.3779, -8, 83.1023
75.3041, -8, 83.2725
74.2304, -8, 83.1193
73.1567, -8, 82.7014
72.0829, -8, 82.1456
71.0092, -8, 82.7169
69.9355, -8, 86.9035
68.8617, -8, 82.3679
67.788, -8, 81.8587
66.7143, -8, 82.1564
65.6406, -8, 82.2747
64.5668, -8, 82.1699
63.4931, -8, 81.82
62.4194, -8, 81.0671
61.3456, -8, 79.6388
60.2719, -8, 76.0293
59.1982, -8, 77.7804
58.1244, -8, 79.6515
57.0507, -8, 80.2912
55.977, -8, 80.3534
54.9032, -8, 80.1202
53.8295, -8, 79.6796
52.7558, -8, 79.0337
51.682, -8, 78.1235
50.6083, -8, 77.1187
49.5346, -8, 77.5709
48.4608, -8, 78.6465
47.3871, -8, 79.7956
46.3134, -8, 80.6113
45.2396, -8, 81.2797
44.1659, -8, 81.856
43.0922, -8, 82.3858
42.0184, -8, 82.8622
40.9447, -8, 83.0214
39.871, -8, 82.7967
38.7972, -8, 84.2823
37.7235, -8, 85.0633
36.6498, -8, 85.6211
35.576, -8, 86.136
34.5023, -8, 86.6122
33.4286, -8, 87.0181
32.3548, -8, 87.2903
31.2811, -8, 87.3711
30.2074, -8, 86.2501
29.1336, -8, 88.1619
28.0599, -8, 89.2179
26.9862, -8, 90.013
25.9124, -8, 90.6673
24.8387, -8, 91.2355
23.765, -8, 91.7527
22.6912, -8, 92.2549
21.6175, -8, 92.8101
20.5438, -8, 93.8112
19.47, -8, 94.2659
18.3963, -8, 93.9106
17.3226, -8, 93.8996
16.2488, -8, 93.8961
15.1751, -8, 93.9166
14.1014, -8, 93.99
13.0276, -8, 94.1709
11.9539, -8, 94.5279
10.8802, -8, 94.9984
9.80645, -8, 96.9299
8.73272, -8, 94.9079
7.65899, -8, 94.2819
6.58525, -8, 93.8943
5.51152, -8, 94.0726
4.43779, -8, 92.5755
3.36406, -8, 89.7853
2.29032, -8, 90.948
1.21659, -8, 87.9897
0.142857, -8, 88.1686
-0.917293, -8, 86.8038
-1.97744, -8, 85.8351
-3.03759, -8, 85.0914
-4.09774, -8, 84.3877
-5.15789, -8, 83.6697
-6.21805, -8, 82.8987
-7.2782, -8, 82.0139
-8.33835, -8, 80.8645
-9.3985, -8, 78.9566
-10.4586, -8, 78.1195
-11.5188, -8, 79.13
-12.5789, -8, 79.4401
-13.6391, -8, 79.4501
-14.6992, -8, 79.3104
-15.7594, -8, 79.0557
-16.8195, -8, 78.6755
-17.8797, -8, 78.0961
-18.9398, -8, 77.0622
98.9265, -9, 86.1661
97.8529, -9, 87.0163
96.7794, -9, 88.303
95.7058, -9, 89.5256
94.6323, -9, 90.6386
93.5588, -9, 91.6116
92.4852, -9, 92.2658
91.4117, -9, 92.3193
90.3381, -9, 92.9351
89.2646, -9, 92.2945
88.1911, -9, 93.6437
87.1175, -9, 94.3584
86.044, -9, 94.5593
84.9704, -9, 94.4652
83.8969, -9, 94.1459
82.8233, -9, 93.4925
81.7498, -9, 92.1187
80.6763, -9, 88.0579
79.6027, -9, 85.8047
78.5292, -9, 91.6287
77.4556, -9, 93.2498
76.3821, -9, 93.7842
75.3086, -9, 94.017
74.235, -9, 94.1031
73.1615, -9, 94.1658
72.0879, -9, 94.2884
71.0144, -9, 93.8501
69.9409, -9, 89.7413
68.8673, -9, 94.2171
67.7938, -9, 94.3946
66.7202, -9, 94.1618
65.6467, -9, 94.0208
64.5732, -9, 93.8946
63.4996, -9, 93.7244
62.4261, -9, 93.4414
61.3525, -9, 92.5898
60.279, -9, 91.7641
59.2055, -9, 91.246
58.1319, -9, 91.9981
57.0584, -9, 92.1357
55.9848, -9, 92.0394
54.9113, -9, 91.78
53.8377, -9, 91.3209
52.7642, -9, 90.5443
51.6907, -9, 89.2241
50.6171, -9, 86.6463
49.5436, -9, 86.087
48.47, -9, 89.3843
47.3965, -9, 91.0122
46.323, -9, 92.075
45.2494, -9, 92.8013
44.1759, -9, 93.3375
43.1023, -9, 93.7449
42.0288, -9, 94.0625
40.9553, -9, 94.4168
39.8817, -9, 95.6219
38.8082, -9, 95.7464
37.7346, -9, 96.3751
36.6611, -9, 96.9093
35.5876, -9, 97.3713
34.514, -9, 97.8008
33.4405, -9, 98.2168
32.3669, -9, 98.6545
31.2934, -9, 99.1756
30.21985, -9, 101.0809
29.14631, -9, 100.2539
28.07277, -9, 100.3545
26.99923, -9, 100.6672
25.92569, -9, 101.0433
24.85215, -9, 101.4283
23.77861, -9, 101.7971
22.70507, -9, 102.1621
21.63153, -9, 102.6345
20.55799, -9, 103.3481
19.48445, -9, 103.5999
18.41091, -9, 103.4393
17.33737, -9, 103.3816
16.26382, -9, 103.4499
15.19028, -9, 103.5299
14.11674, -9, 103.626
13.0432, -9, 103.787
11.96966, -9, 104.1637
10.89612, -9, 104.9074
9.82258, -9, 102.2777
8.74904, -9, 104.0217
7.675499, -9, 103.7599
6.601959, -9, 103.0354
5.528418, -9, 101.1511
4.454877, -9, 100.5374
3.381336, -9, 102.824
2.3078, -9, 99.4835
1.23425, -9, 96.4222
0.1607143, -9, 100.5427
-0.900376, -9, 98.1605
-1.96147, -9, 96.6215
-3.02256, -9, 95.6993
-4.08365, -9, 94.9768
-5.14474, -9, 94.3219
-6.20583, -9, 93.6763
-7.26692, -9, 92.985
-8.32801, -9, 92.1309
-9.3891, -9, 90.5582
-10.4502, -9, 89.4923
-11.5113, -9, 90.4887
-12.5724, -9, 90.5766
-13.6335, -9, 90.4664
-14.6945, -9, 90.268
-15.7556, -9, 90.0048
-16.8167, -9, 89.6693
-17.8778, -9, 89.2104
-18.9389, -9, 88.416
98.9267, -10, 98.0042
97.8533, -10, 98.1737
96.78, -10, 99.1139
95.7066, -10, 100.1296
94.63326, -10, 101.1267
93.55991, -10, 102.0868
92.48656, -10, 103.0469
91.41321, -10, 104.5632
90.33986, -10, 107.2523
89.26651, -10, 106.5569
88.19316, -10, 105.0685
87.11981, -10, 104.8525
86.04647, -10, 104.8042
84.97312, -10, 104.6901
83.89977, -10, 104.4832
82.82642, -10, 104.136
81.75307, -10, 103.5337
80.67973, -10, 101.3861
79.6064, -10, 98.9811
78.53303, -10, 103.3515
77.45968, -10, 104.3909
76.38633, -10, 104.9285
75.31298, -10, 105.2724
74.23963, -10, 105.5699
73.16628, -10, 105.8632
72.09293, -10, 106.0327
71.01958, -10, 105.0548
69.94624, -10, 100.9051
68.87289, -10, 105.757
67.79954, -10, 106.514
66.72619, -10, 106.3266
65.65284, -10, 106.0856
64.57949, -10, 105.9106
63.50615, -10, 105.8093
62.4328, -10, 105.8137
61.35945, -10, 106.3067
60.2861, -10, 107.3785
59.21275, -10, 106.5429
58.1394, -10, 104.8777
57.06605, -10, 104.3538
55.9927, -10, 104.0971
54.91935, -10, 103.8376
53.846, -10, 103.4721
52.77266, -10, 102.8152
51.69931, -10, 101.5651
50.626, -10, 98.7536
49.5526, -10, 97.8895
48.47926, -10, 101.3888
47.40591, -10, 103.0461
46.33257, -10, 104.0241
45.25922, -10, 104.6352
44.18587, -10, 105.0856
43.11252, -10, 105.4338
42.03917, -10, 105.7363
40.96582, -10, 106.3394
39.89247, -10, 107.6071
38.81913, -10, 107.5994
37.74578, -10, 107.8617
36.67243, -10, 108.267
35.59908, -10, 108.6577
34.52573, -10, 109.0638
33.45238, -10, 109.5154
32.37903, -10, 110.0732
31.30568, -10, 111.0771
30.23233, -10, 113.3687
29.15899, -10, 112.2927
28.08564, -10, 111.5186
27.01229, -10, 111.4869
25.93894, -10, 111.6376
24.86559, -10, 111.8493
23.79224, -10, 112.0797
22.71889, -10, 112.297
21.64555, -10, 112.4614
20.5722, -10, 112.4627
19.49885, -10, 112.486
18.4255, -10, 112.8261
17.35215, -10, 113.0346
16.2788, -10, 113.1618
15.20545, -10, 113.2497
14.1321, -10, 113.3419
13.05876, -10, 113.4492
11.98541, -10, 113.5318
10.91206, -10, 113.5673
9.83871, -10, 114.369
8.765361, -10, 113.2736
7.692012, -10, 112.7749
6.618664, -10, 112.2907
5.545315, -10, 111.6718
4.471966, -10, 113.1539
3.398618, -10, 112.5873
2.325269, -10, 107.8959
1.25192, -10, 107.9786
0.1785714, -10, 109.7096
-0.8834587, -10, 108.5892
-1.945489, -10, 107.1637
-3.007519, -10, 106.2081
-4.069549, -10, 105.5178
-5.131579, -10, 104.9533
-6.193609, -10, 104.4562
-7.255639, -10, 103.9932
-8.317669, -10, 103.5356
-9.3797, -10, 102.9984
-10.44173, -10, 102.4768
-11.50376, -10, 102.1604
-12.56579, -10, 101.8765
-13.62782, -10, 101.6028
-14.68985, -10, 101.3339
-15.75188, -10, 101.0675
-16.81391, -10, 100.8023
-17.87594, -10, 100.5375
-18.93797, -10, 100.2711
98.92684, -11, 109.2094
97.85368, -11, 109.7784
96.78053, -11, 110.2684
95.70737, -11, 111.0014
94.63422, -11, 111.9041
93.56106, -11, 112.9859
92.4879, -11, 114.4676
91.41475, -11, 116.5671
90.34159, -11, 119.6986
89.26843, -11, 119.0386
88.19527, -11, 116.9732
87.12212, -11, 115.9118
86.04897, -11, 115.4199
84.97581, -11, 115.2056
83.90265, -11, 115.1162
82.82949, -11, 115.1636
81.75634, -11, 115.3687
80.68318, -11, 116.5412
79.61002, -11, 118.281
78.53687, -11, 115.4285
77.46371, -11, 115.5428
76.39056, -11, 115.8587
75.3174, -11, 116.2193
74.24424, -11, 116.6131
73.17108, -11, 117.0054
72.09792, -11, 117.2478
71.02477, -11, 117.3001
69.95161, -11, 119.5769
68.87846, -11, 117.7916
67.8053, -11, 117.9949
66.73214, -11, 117.9072
65.65899, -11, 117.7145
64.58583, -11, 117.5936
63.51267, -11, 117.6294
62.43952, -11, 118.0062
61.36636, -11, 119.1622
60.2932, -11, 122.2864
59.22005, -11, 120.1595
58.14689, -11, 117.8579
57.07373, -11, 116.8107
56.00058, -11, 116.2966
54.92742, -11, 116.0151
53.85426, -11, 115.8109
52.7811, -11, 115.5976
51.70795, -11, 115.0619
50.63479, -11, 113.5474
49.56163, -11, 113.3515
48.48848, -11, 114.7842
47.41532, -11, 115.7036
46.34217, -11, 116.1427
45.26901, -11, 116.501
44.19585, -11, 116.861
43.1227, -11, 117.2792
42.04954, -11, 117.8052
40.97638, -11, 118.3116
39.90322, -11, 118.842
38.83007, -11, 119.3203
37.75691, -11, 119.4554
36.68375, -11, 119.5749
35.6106, -11, 119.84
34.53744, -11, 120.2218
33.46429, -11, 120.729
32.39113, -11, 121.4403
31.31797, -11, 122.4247
30.24482, -11, 123.2944
29.17166, -11, 123.2208
28.0985, -11, 122.5575
27.02534, -11, 122.2767
25.95219, -11, 122.244
24.87903, -11, 122.32
23.80588, -11, 122.4236
22.73272, -11, 122.4904
21.65956, -11, 122.3751
20.5864, -11, 121.7445
19.51325, -11, 121.6222
18.44009, -11, 122.3362
17.36694, -11, 122.6945
16.29378, -11, 122.8233
15.22062, -11, 122.8701
14.14747, -11, 122.8949
13.07431, -11, 122.9137
12.00115, -11, 122.8286
10.928, -11, 122.4619
9.854838, -11, 124.7454
8.781682, -11, 122.5145
7.708525, -11, 121.8927
6.635369, -11, 121.7343
5.562212, -11, 122.6369
4.489055, -11, 121.9138
3.415899, -11, 120.1474
2.342742, -11, 116.9278
1.269585, -11, 120.1611
0.1964286, -11, 118.8551
-0.8665413, -11, 117.8725
-1.929511, -11, 117.141
-2.992481, -11, 116.4274
-4.055451, -11, 115.866
-5.118421, -11, 115.4322
-6.181391, -11, 115.0996
-7.244361, -11, 114.8627
-8.307331, -11, 114.7743
-9.3703, -11, 115.2936
-10.43327, -11, 115.4558
-11.49624, -11, 113.8184
-12.55921, -11, 113.1689
-13.62218, -11, 112.7319
-14.68515, -11, 112.3924
-15.74812, -11, 112.124
-16.81109, -11, 111.9306
-17.87406, -11, 111.8596
-18.93703, -11, 112.1223
98.92703, -12, 119.4761
97.85407, -12, 120.6188
96.7811, -12, 121.2275
95.70814, -12, 121.916
94.63518, -12, 122.7785
93.56221, -12, 123.8655
92.48925, -12, 125.2534
91.41628, -12, 126.9963
90.34332, -12, 129.6755
89.27036, -12, 129.2937
88.19739, -12, 127.7517
87.12442, -12, 126.7345
86.05146, -12, 126.1506
84.97849, -12, 125.8739
83.90553, -12, 125.8296
82.83257, -12, 126.0571
81.7596, -12, 126.8828
80.68664, -12, 130.3339
79.61367, -12, 132.6372
78.5407, -12, 127.6287
77.46774, -12, 126.5943
76.39478, -12, 126.5628
75.32182, -12, 126.8332
74.24885, -12, 127.2442
73.17588, -12, 127.7717
72.10292, -12, 128.5385
71.02995, -12, 130.4957
69.95699, -12, 134.1451
68.88403, -12, 130.5561
67.81106, -12, 129.3113
66.7381, -12, 129.0038
65.66513, -12, 128.8745
64.59216, -12, 128.879
63.5192, -12, 129.0818
62.44624, -12, 129.5942
61.37327, -12, 130.6379
60.30031, -12, 133.3862
59.22734, -12, 131.5358
58.15438, -12, 129.8676
57.08141, -12, 128.9366
56.00845, -12, 128.4083
54.93548, -12, 128.1397
53.86252, -12, 128.0691
52.78955, -12, 128.1699
51.71659, -12, 128.5884
50.64362, -12, 129.7532
49.57066, -12, 129.7161
48.4977, -12, 128.6878
47.42473, -12, 128.201
46.35176, -12, 128.1429
45.2788, -12, 128.2508
44.20584, -12, 128.4869
43.13287, -12, 128.8654
42.05991, -12, 129.4378
40.98694, -12, 130.175
39.91398, -12, 130.2534
38.84101, -12, 130.5703
37.76805, -12, 130.5131
36.69508, -12, 130.5798
35.62212, -12, 130.809
34.54916, -12, 131.1736
33.47619, -12, 131.6673
32.40322, -12, 132.2883
31.33026, -12, 132.8954
30.2573, -12, 133.1712
29.18433, -12, 133.1787
28.11137, -12, 133.0775
27.0384, -12, 132.8656
25.96544, -12, 132.7661
24.89247, -12, 132.7454
23.81951, -12, 132.7451
22.74654, -12, 132.684
21.67358, -12, 132.4448
20.60061, -12, 131.8265
19.52765, -12, 131.6226
18.45469, -12, 132.2055
17.38172, -12, 132.3779
16.30876, -12, 132.4396
15.23579, -12, 132.4207
14.16283, -12, 132.3318
13.08986, -12, 132.1865
12.0169, -12, 132.0841
10.94393, -12, 132.254
9.870968, -12, 129.1411
8.798003, -12, 131.343
7.725039, -12, 131.2267
6.652074, -12, 130.7401
5.579109, -12, 130.1437
4.506145, -12, 129.528
3.43318, -12, 128.0861
2.360215, -12, 127.7725
1.28725, -12, 129.584
0.2142857, -12, 127.3447
-0.849624, -12, 126.6849
-1.913534, -12, 126.5134
-2.977444, -12, 126.2681
-4.041353, -12, 126.0093
-5.105263, -12, 125.7524
-6.169173, -12, 125.5419
-7.233083, -12, 125.4499
-8.296992, -12, 125.6445
-9.360902, -12, 126.5629
-10.42481, -12, 126.6647
-11.48872, -12, 125.148
-12.55263, -12, 124.2702
-13.61654, -12, 123.7143
-14.68045, -12, 123.3204
-15.74436, -12, 123.0481
-16.80827, -12, 122.9045
-17.87218, -12, 122.9602
-18.93609, -12, 123.4653
98.92723, -13, 129.6013
97.85445, -13, 130.5149
96.78168, -13, 131.3541
95.70891, -13, 132.1218
94.63614, -13, 132.9592
93.56336, -13, 133.9084
92.49059, -13, 134.9432
91.41782, -13, 136.193
90.34505, -13, 137.4411
89.27227, -13, 137.9894
88.1995, -13, 137.3214
87.12673, -13, 136.7691
86.05396, -13, 136.3899
84.98119, -13, 136.2014
83.90841, -13, 136.223
82.83564, -13, 136.5791
81.76286, -13, 137.6744
80.69009, -13, 139.8374
79.61732, -13, 139.9706
78.54455, -13, 138.8072
77.47177, -13, 137.6032
76.399, -13, 137.2761
75.32623, -13, 137.437
74.25346, -13, 137.8663
73.18069, -13, 138.5964
72.10791, -13, 139.8934
71.03514, -13, 141.9005
69.96236, -13, 143.0673
68.88959, -13, 141.9479
67.81682, -13, 140.5236
66.74405, -13, 139.8287
65.67127, -13, 139.6007
64.5985, -13, 139.6312
63.52573, -13, 139.8913
62.45296, -13, 140.3812
61.38018, -13, 140.996
60.30741, -13, 140.6629
59.23464, -13, 141.3292
58.16187, -13, 140.8227
57.08909, -13, 140.2293
56.01632, -13, 139.8225
54.94355, -13, 139.6642
53.87078, -13, 139.7748
52.798, -13, 140.2623
51.72523, -13, 141.4487
50.65246, -13, 144.0633
49.57969, -13, 144.986
48.50691, -13, 141.8087
47.43414, -13, 140.4046
46.36137, -13, 139.8477
45.28859, -13, 139.722
44.21582, -13, 139.8194
43.14305, -13, 140.0765
42.07028, -13, 140.4877
40.99751, -13, 141.1874
39.92473, -13, 141.9076
38.85196, -13, 141.1119
37.77919, -13, 140.9436
36.70641, -13, 141.122
35.63364, -13, 141.3827
34.56087, -13, 141.7133
33.48809, -13, 142.1069
32.41532, -13, 142.5062
31.34255, -13, 142.8738
30.26978, -13, 143.1454
29.197, -13, 143.1312
28.12423, -13, 143.1184
27.05146, -13, 143.0758
25.97869, -13, 143.0031
24.90591, -13, 142.9507
23.83314, -13, 142.9157
22.76037, -13, 142.857
21.6876, -13, 142.7312
20.61482, -13, 142.465
19.54205, -13, 142.3326
18.46928, -13, 142.4095
17.39651, -13, 142.3615
16.32373, -13, 142.2499
15.25096, -13, 142.1155
14.17819, -13, 141.967
13.10541, -13, 141.8049
12.03264, -13, 141.6172
10.95987, -13, 141.3553
9.887096, -13, 140.9744
8.814324, -13, 140.5915
7.741551, -13, 140.3382
6.668779, -13, 139.8295
5.596006, -13, 138.3148
4.523233, -13, 135.5527
3.450461, -13, 136.5148
2.377688, -13, 140.5506
1.304916, -13, 139.7356
0.2321429, -13, 136.1517
-0.8327067, -13, 135.4819
-1.897556, -13, 135.8858
-2.962406, -13, 136.1089
-4.027256, -13, 136.0867
-5.092105, -13, 135.9657
-6.156955, -13, 135.8481
-7.221805, -13, 135.8293
-8.286654, -13, 136.048
-9.351503, -13, 136.3245
-10.41635, -13, 136.2635
-11.4812, -13, 135.7957
-12.54605, -13, 135.002
-13.6109, -13, 134.4201
-14.67575, -13, 134.0013
-15.7406, -13, 133.7196
-16.80545, -13, 133.5796
-17.8703, -13, 133.6221
-18.93515, -13, 133.7977
98.92742, -14, 139.9252
97.85484, -14, 140.1832
96.78226, -14, 140.8748
95.70968, -14, 141.6406
94.6371, -14, 142.4391
93.56451, -14, 143.2679
92.49194, -14, 144.1198
91.41936, -14, 144.8932
90.34677, -14, 145.1207
89.27419, -14, 145.5955
88.20161, -14, 146.173
87.12904, -14, 146.1972
86.05645, -14, 146.1379
84.98387, -14, 146.1336
83.91129, -14, 146.2577
82.83871, -14, 146.5587
81.76613, -14, 146.9504
80.69355, -14, 146.3002
79.62096, -14, 146.1264
78.54839, -14, 147.7412
77.47581, -14, 147.8359
76.40323, -14, 147.7902
75.33064, -14, 147.9552
74.25806, -14, 148.3704
73.18549, -14, 149.0612
72.1129, -14, 150.0439
71.04032, -14, 150.9301
69.96774, -14, 151.7389
68.89516, -14, 151.2521
67.82258, -14, 150.6552
66.75, -14, 150.0768
65.67742, -14, 149.8018
64.60484, -14, 149.7729
63.53226, -14, 149.9318
62.45968, -14, 150.2207
61.3871, -14, 150.3622
60.31452, -14, 148.9264
59.24194, -14, 150.1212
58.16935, -14, 150.7459
57.09678, -14, 150.5581
56.02419, -14, 150.4205
54.95161, -14, 150.4681
53.87903, -14, 150.7716
52.80645, -14, 151.4484
51.73387, -14, 152.6987
50.66129, -14, 155.1125
49.58871, -14, 156.3941
48.51613, -14, 153.179
47.44355, -14, 151.8103
46.37097, -14, 151.1318
45.29839, -14, 150.8587
44.22581, -14, 150.8266
43.15322, -14, 150.9272
42.08065, -14, 151.0788
41.00806, -14, 151.2686
39.93548, -14, 152.3495
38.8629, -14, 151.1044
37.79032, -14, 151.1661
36.71774, -14, 151.3647
35.64516, -14, 151.6073
34.57258, -14, 151.8758
33.5, -14, 152.1644
32.42742, -14, 152.4689
31.35484, -14, 152.7963
30.28226, -14, 153.1013
29.20968, -14, 153.1533
28.1371, -14, 153.0776
27.06452, -14, 153.0069
25.99194, -14, 152.9529
24.91936, -14, 152.919
23.84678, -14, 152.9133
22.77419, -14, 152.9517
21.70161, -14, 153.0701
20.62903, -14, 153.3632
19.55645, -14, 153.351
18.48387, -14, 152.7212
17.41129, -14, 152.3788
16.33871, -14, 152.0862
15.26613, -14, 151.8329
14.19355, -14, 151.6213
13.12097, -14, 151.4414
12.04839, -14, 151.1913
10.97581, -14, 150.6065
9.903226, -14, 153.1628
8.830646, -14, 150.4478
7.758065, -14, 149.9562
6.685484, -14, 149.7496
5.612903, -14, 149.5464
4.540323, -14, 147.8214
3.467742, -14, 148.8312
2.395161, -14, 149.8751
1.322581, -14, 147.8951
0.25, -14, 144.8311
-0.8157895, -14, 144.7645
-1.881579, -14, 145.7892
-2.947368, -14, 146.0993
-4.013158, -14, 146.132
-5.078948, -14, 146.0687
-6.144737, -14, 145.9972
-7.210526, -14, 145.9718
-8.276316, -14, 145.9278
-9.342105, -14, 145.8972
-10.4079, -14, 145.8892
-11.47368, -14, 145.5461
-12.53947, -14, 145.1803
-13.60526, -14, 144.713
-14.67105, -14, 144.3142
-15.73684, -14, 144.0149
-16.80263, -14, 143.8093
-17.86842, -14, 143.6308
-18.93421, -14, 143.3185
98.92761, -15, 149.7419
97.85522, -15, 149.8346
96.78284, -15, 150.2923
95.71045, -15, 150.9469
94.63805, -15, 151.6804
93.56567, -15, 152.4351
92.49328, -15, 153.1162
91.42089, -15, 153.5107
90.3485, -15, 153.4008
89.27612, -15, 153.8011
88.20373, -15, 154.5978
87.13134, -15, 155.0999
86.05894, -15, 155.3215
84.98656, -15, 155.4518
83.91417, -15, 155.566
82.84178, -15, 155.582
81.76939, -15, 155.1081
80.69701, -15, 153.8803
79.62462, -15, 153.6977
78.55223, -15, 155.6137
77.47984, -15, 156.7368
76.40745, -15, 157.2585
75.33506, -15, 157.5958
74.26267, -15, 157.9731
73.19028, -15, 158.4009
72.1179, -15, 158.7339
71.04551, -15, 159.1803
69.97312, -15, 159.8315
68.90073, -15, 159.6305
67.82834, -15, 159.4657
66.75595, -15, 159.4
65.68356, -15, 159.2983
64.61118, -15, 159.259
63.53879, -15, 159.261
62.4664, -15, 159.1879
61.39401, -15, 159.0034
60.32162, -15, 159.144
59.24923, -15, 159.2404
58.17684, -15, 159.6912
57.10445, -15, 160.0486
56.03207, -15, 160.2611
54.95968, -15, 160.5037
53.88729, -15, 160.8832
52.8149, -15, 161.4663
51.74251, -15, 162.3515
50.67012, -15, 163.837
49.59773, -15, 163.9723
48.52534, -15, 162.9543
47.45296, -15, 162.0987
46.38057, -15, 161.6086
45.30818, -15, 161.3457
44.23579, -15, 161.2557
43.1634, -15, 161.266
42.09101, -15, 161.2635
41.01862, -15, 161.0406
39.94624, -15, 160.1626
38.87385, -15, 161
37.80146, -15, 161.3007
36.72907, -15, 161.4661
35.65668, -15, 161.6421
34.58429, -15, 161.8553
33.51191, -15, 162.1007
32.43952, -15, 162.3679
31.36713, -15, 162.6466
30.29474, -15, 163.0101
29.22235, -15, 163.0777
28.14996, -15, 162.9596
27.07757, -15, 162.8707
26.00518, -15, 162.8238
24.9328, -15, 162.814
23.86041, -15, 162.8464
22.78802, -15, 162.9474
21.71563, -15, 163.2225
20.64324, -15, 163.9019
19.57085, -15, 163.9552
18.49846, -15, 162.892
17.42608, -15, 162.2062
16.35369, -15, 161.7778
15.2813, -15, 161.4348
14.20891, -15, 161.1144
13.13652, -15, 160.7982
12.06413, -15, 160.5682
10.99174, -15, 160.6844
9.919354, -15, 158.3093
8.846966, -15, 160.1169
7.774578, -15, 160.077
6.702189, -15, 160.0244
5.6298, -15, 160.7158
4.557412, -15, 161.264
3.485023, -15, 159.8971
2.412634, -15, 158.2724
1.340246, -15, 156.5214
0.2678571, -15, 153.8046
-0.7988722, -15, 155.4146
-1.865602, -15, 156.041
-2.932331, -15, 156.181
-3.99906, -15, 156.1572
-5.06579, -15, 156.0656
-6.132519, -15, 155.9413
-7.199248, -15, 155.8028
-8.265978, -15, 155.6702
-9.332706, -15, 155.5634
-10.39944, -15, 155.4712
-11.46617, -15, 155.1331
-12.5329, -15, 154.7913
-13.59962, -15, 154.4588
-14.66635, -15, 154.1312
-15.73308, -15, 153.8052
-16.79981, -15, 153.48
-17.86654, -15, 153.1559
-18.93327, -15, 152.8294
98.9278, -16, 158.7492
97.85561, -16, 159.0843
96.78341, -16, 159.4994
95.71121, -16, 160.0818
94.63902, -16, 160.7517
93.56682, -16, 161.4321
92.49462, -16, 162.0399
91.42242, -16, 162.4701
90.35023, -16, 162.492
89.27803, -16, 162.9537
88.20583, -16, 163.4008
87.13364, -16, 163.7589
86.06145, -16, 164.0167
84.98925, -16, 164.1722
83.91705, -16, 164.2126
82.84486, -16, 164.1052
81.77266, -16, 163.7975
80.70046, -16, 163.2251
79.62827, -16, 162.9649
78.55607, -16, 164.3485
77.48387, -16, 165.2046
76.41167, -16, 165.8412
75.33948, -16, 166.3189
74.26728, -16, 166.6882
73.19508, -16, 166.9797
72.12289, -16, 167.2123
71.05069, -16, 167.415
69.97849, -16, 167.907
68.9063, -16, 167.8887
67.8341, -16, 168.0354
66.7619, -16, 168.1408
65.6897, -16, 168.1942
64.61751, -16, 168.1933
63.54531, -16, 168.1308
62.47312, -16, 168.0025
61.40092, -16, 167.898
60.32872, -16, 168.8005
59.25653, -16, 168.4792
58.18433, -16, 168.6172
57.11214, -16, 169.087
56.03994, -16, 169.4836
54.96774, -16, 169.8426
53.89555, -16, 170.2213
52.82335, -16, 170.6735
51.75115, -16, 171.191
50.67896, -16, 171.088
49.60676, -16, 170.8394
48.53456, -16, 171.7188
47.46236, -16, 171.527
46.39017, -16, 171.2869
45.31797, -16, 171.1353
44.24578, -16, 171.0637
43.17358, -16, 171.0485
42.10138, -16, 171.0388
41.02919, -16, 170.7126
39.95699, -16, 168.8353
38.88479, -16, 170.8894
37.8126, -16, 171.2019
36.7404, -16, 171.3261
35.6682, -16, 171.4732
34.596, -16, 171.6564
33.52381, -16, 171.8726
32.45161, -16, 172.1195
31.37942, -16, 172.3943
30.30722, -16, 172.7521
29.23502, -16, 172.8059
28.16283, -16, 172.7017
27.09063, -16, 172.6393
26.01843, -16, 172.6174
24.94624, -16, 172.6355
23.87404, -16, 172.7019
22.80184, -16, 172.8373
21.72965, -16, 173.0864
20.65745, -16, 173.5729
19.58525, -16, 173.6503
18.51306, -16, 172.6761
17.44086, -16, 172.0301
16.36866, -16, 171.5248
15.29647, -16, 171.1079
14.22427, -16, 170.7225
13.15207, -16, 170.3546
12.07988, -16, 170.0529
11.00768, -16, 169.8503
9.935484, -16, 169.0073
8.863287, -16, 169.4863
7.79109, -16, 169.6003
6.718894, -16, 169.6752
5.646698, -16, 169.6306
4.574501, -16, 169.0756
3.502304, -16, 167.631
2.430108, -16, 166.0933
1.357911, -16, 164.2789
0.2857143, -16, 165.5494
-0.7819549, -16, 166.749
-1.849624, -16, 166.5502
-2.917293, -16, 166.3458
-3.984962, -16, 166.1555
-5.052631, -16, 165.9716
-6.120301, -16, 165.7905
-7.18797, -16, 165.6152
-8.255639, -16, 165.4475
-9.323308, -16, 165.2927
-10.39098, -16, 165.0438
-11.45865, -16, 164.6931
-12.52632, -16, 164.3434
-13.59398, -16, 164.0036
-14.66165, -16, 163.6681
-15.72932, -16, 163.3347
-16.79699, -16, 163.0025
-17.86466, -16, 162.6705
-18.93233, -16, 162.3381
98.92799, -17, 167.2699
97.85599, -17, 167.7951
96.78399, -17, 168.3803
95.71198, -17, 169.01
94.63998, -17, 169.6906
93.56797, -17, 170.3803
92.49596, -17, 171.0375
91.42397, -17, 171.654
90.35196, -17, 172.2929
89.27995, -17, 172.5085
88.20795, -17, 172.656
87.13595, -17, 172.7928
86.06394, -17, 172.9442
84.99194, -17, 173.0558
83.91993, -17, 173.1084
82.84792, -17, 173.11
81.77592, -17, 173.1431
80.70392, -17, 173.2294
79.63191, -17, 173.5206
78.55991, -17, 173.7357
77.4879, -17, 174.1809
76.4159, -17, 174.6663
75.3439, -17, 175.1056
74.27189, -17, 175.4762
73.19988, -17, 175.7784
72.12788, -17, 175.9938
71.05588, -17, 176.0002
69.98387, -17, 175.8558
68.91187, -17, 176.4447
67.83986, -17, 176.8549
66.76786, -17, 177.05
65.69585, -17, 177.1554
64.62385, -17, 177.201
63.55184, -17, 177.1967
62.47984, -17, 177.1699
61.40783, -17, 177.1905
60.33583, -17, 177.0772
59.26382, -17, 177.4279
58.19182, -17, 177.7995
57.11982, -17, 178.2092
56.04781, -17, 178.6037
54.97581, -17, 178.9574
53.9038, -17, 179.2852
52.8318, -17, 179.558
51.75979, -17, 179.5542
50.68779, -17, 179.0521
49.61578, -17, 179.0383
48.54378, -17, 179.9352
47.47178, -17, 180.4071
46.39977, -17, 180.4946
45.32777, -17, 180.484
44.25576, -17, 180.4751
43.18375, -17, 180.4731
42.11175, -17, 180.4236
41.03975, -17, 180.3904
39.96774, -17, 180.7845
38.89574, -17, 180.6833
37.82373, -17, 180.8407
36.75173, -17, 180.9868
35.67972, -17, 181.1308
34.60772, -17, 181.3008
33.53571, -17, 181.4974
32.46371, -17, 181.7171
31.3917, -17, 181.9742
30.3197, -17, 182.3035
29.2477, -17, 182.3456
28.17569, -17, 182.2797
27.10369, -17, 182.2737
26.03168, -17, 182.2932
24.95968, -17, 182.342
23.88767, -17, 182.4238
22.81567, -17, 182.5418
21.74366, -17, 182.6692
20.67166, -17, 182.7851
19.59966, -17, 182.6646
18.52765, -17, 182.1339
17.45564, -17, 181.719
16.38364, -17, 181.2905
15.31164, -17, 180.88
14.23963, -17, 180.4776
13.16763, -17, 180.0517
12.09562, -17, 179.5044
11.02362, -17, 178.6773
9.951612, -17, 181.435
8.879608, -17, 178.797
7.807604, -17, 178.7998
6.735599, -17, 179.0267
5.663594, -17, 178.7713
4.59159, -17, 177.1425
3.519585, -17, 175.0955
2.447581, -17, 176.5705
1.375576, -17, 176.9777
0.3035714, -17, 179.5877
-0.7650376, -17, 178.1456
-1.833647, -17, 177.0333
-2.902256, -17, 176.5156
-3.970865, -17, 176.1718
-5.039474, -17, 175.8947
-6.108083, -17, 175.6493
-7.176692, -17, 175.4223
-8.2453, -17, 175.205
-9.31391, -17, 174.9779
-10.38252, -17, 174.616
-11.45113, -17, 174.2343
-12.51974, -17, 173.889
-13.58835, -17, 173.5467
-14.65695, -17, 173.2053
-15.72556, -17, 172.8643
-16.79417, -17, 172.5235
-17.86278, -17, 172.1828
-18.93139, -17, 171.8422
98.92818, -18, 175.6471
97.85638, -18, 176.2418
96.78456, -18, 176.9598
95.71275, -18, 177.7224
94.64094, -18, 178.5046
93.56912, -18, 179.2943
92.49731, -18, 180.0868
91.4255, -18, 180.9051
90.35368, -18, 182.0283
89.28188, -18, 182.1781
88.21006, -18, 182.0644
87.13825, -18, 182.1352
86.06644, -18, 182.2216
84.99462, -18, 182.3088
83.92281, -18, 182.398
82.851, -18, 182.4998
81.77918, -18, 182.6614
80.70737, -18, 183.2615
79.63556, -18, 183.8283
78.56375, -18, 183.2673
77.49194, -18, 183.5128
76.42012, -18, 183.8682
75.34831, -18, 184.2331
74.2765, -18, 184.5764
73.20468, -18, 184.8704
72.13287, -18, 185.0664
71.06106, -18, 185.0487
69.98925, -18, 184.0687
68.91743, -18, 185.432
67.84562, -18, 185.9344
66.77381, -18, 186.2022
65.702, -18, 186.3634
64.63019, -18, 186.4682
63.55837, -18, 186.5387
62.48656, -18, 186.5778
61.41475, -18, 186.5216
60.34293, -18, 185.7444
59.27112, -18, 186.4235
58.19931, -18, 187.1087
57.12749, -18, 187.4557
56.05568, -18, 187.7568
54.98387, -18, 188.0213
53.91206, -18, 188.2271
52.84024, -18, 188.3319
51.76843, -18, 188.2684
50.69662, -18, 188.1025
49.62481, -18, 188.2247
48.55299, -18, 188.714
47.48118, -18, 189.1236
46.40937, -18, 189.3661
45.33756, -18, 189.5002
44.26574, -18, 189.577
43.19393, -18, 189.6381
42.12212, -18, 189.7477
41.05031, -18, 190.1965
39.97849, -18, 192.3293
38.90668, -18, 190.5196
37.83487, -18, 190.3632
36.76306, -18, 190.4656
35.69125, -18, 190.6163
34.61943, -18, 190.7875
33.54762, -18, 190.9769
32.47581, -18, 191.1918
31.40399, -18, 191.446
30.33218, -18, 191.6991
29.26037, -18, 191.7037
28.18856, -18, 191.7328
27.11674, -18, 191.7681
26.04493, -18, 191.8266
24.97312, -18, 191.8997
23.90131, -18, 191.9804
22.82949, -18, 192.0607
21.75768, -18, 192.1169
20.68587, -18, 191.9404
19.61406, -18, 191.5742
18.54224, -18, 191.59
17.47043, -18, 191.2616
16.39862, -18, 190.9238
15.32681, -18, 190.5674
14.25499, -18, 190.168
13.18318, -18, 189.689
12.11137, -18, 189.0825
11.03955, -18, 188.396
9.967742, -18, 186.1439
8.895929, -18, 188.0314
7.824117, -18, 188.6302
6.752304, -18, 189.0299
5.680491, -18, 189.3943
4.608679, -18, 189.1418
3.536866, -18, 187.3168
2.465054, -18, 189.3094
1.393241, -18, 190.8384
0.3214286, -18, 189.663
-0.7481203, -18, 188.7204
-1.817669, -18, 187.2744
-2.887218, -18, 186.5732
-3.956767, -18, 186.1193
-5.026316, -18, 185.7655
-6.095865, -18, 185.4606
-7.165413, -18, 185.1806
-8.234962, -18, 184.9054
-9.304511, -18, 184.5802
-10.37406, -18, 184.1188
-11.44361, -18, 183.7749
-12.51316, -18, 183.4334
-13.58271, -18, 183.0871
-14.65226, -18, 182.7396
-15.7218, -18, 182.3916
-16.79135, -18, 182.0434
-17.8609, -18, 181.6949
-18.93045, -18, 181.3464
98.92838, -19, 183.802
97.85676, -19, 184.5762
96.78514, -19, 185.4377
95.71352, -19, 186.3372
94.6419, -19, 187.2549
93.57027, -19, 188.1846
92.49866, -19, 189.1327
91.42703, -19, 190.1427
90.35542, -19, 191.2592
89.28379, -19, 191.583
88.21217, -19, 191.4993
87.14056, -19, 191.5155
86.06893, -19, 191.5844
84.99731, -19, 191.6704
83.92569, -19, 191.7709
82.85407, -19, 191.9035
81.78245, -19, 192.1467
80.71083, -19, 192.6709
79.63921, -19, 192.9873
78.56759, -19, 192.7812
77.49596, -19, 192.9231
76.42435, -19, 193.2222
75.35273, -19, 193.5586
74.2811, -19, 193.8918
73.20949, -19, 194.1986
72.13786, -19, 194.4522
71.06625, -19, 194.5508
69.99462, -19, 194.4889
68.923, -19, 194.9296
67.85138, -19, 195.3393
66.77976, -19, 195.5993
65.70814, -19, 195.7873
64.63652, -19, 195.932
63.5649, -19, 196.0431
62.49328, -19, 196.1046
61.42166, -19, 196.0231
60.35004, -19, 195.6713
59.27842, -19, 196.0186
58.2068, -19, 196.5865
57.13518, -19, 196.8876
56.06356, -19, 197.1014
54.99194, -19, 197.2778
53.92031, -19, 197.4159
52.84869, -19, 197.5053
51.77707, -19, 197.5638
50.70545, -19, 197.5623
49.63383, -19, 197.7355
48.56221, -19, 198.0788
47.49059, -19, 198.2726
46.41897, -19, 198.4572
45.34735, -19, 198.6116
44.27573, -19, 198.7481
43.20411, -19, 198.8988
42.13249, -19, 199.148
41.06087, -19, 199.6867
39.98925, -19, 200.3805
38.91763, -19, 200.0192
37.846, -19, 199.8078
36.77439, -19, 199.8618
35.70277, -19, 200.0031
34.63115, -19, 200.1751
33.55952, -19, 200.3658
32.4879, -19, 200.5742
31.41628, -19, 200.7928
30.34466, -19, 200.9728
29.27304, -19, 201.0175
28.20142, -19, 201.0917
27.1298, -19, 201.1821
26.05818, -19, 201.27
24.98656, -19, 201.361
23.91494, -19, 201.4512
22.84332, -19, 201.5295
21.7717, -19, 201.5519
20.70008, -19, 201.3949
19.62846, -19, 201.1346
18.55684, -19, 201.155
17.48521, -19, 200.9453
16.4136, -19, 200.657
15.34197, -19, 200.3481
14.27035, -19, 200.0111
13.19873, -19, 199.632
12.12711, -19, 199.2019
11.05549, -19, 198.4825
9.983871, -19, 195.8198
8.912251, -19, 197.7107
7.84063, -19, 198.653
6.769009, -19, 199.2039
5.697389, -19, 200.094
4.625768, -19, 201.3207
3.554147, -19, 200.8091
2.482527, -19, 200.1637
1.410906, -19, 199.8382
0.3392857, -19, 199.0361
-0.731203, -19, 197.704
-1.801692, -19, 196.954
-2.87218, -19, 196.3127
-3.942669, -19, 195.8497
-5.013158, -19, 195.4699
-6.083647, -19, 195.1318
-7.154135, -19, 194.8128
-8.224624, -19, 194.4897
-9.295113, -19, 194.0811
-10.3656, -19, 193.6315
-11.43609, -19, 193.3283
-12.50658, -19, 192.9814
-13.57707, -19, 192.6295
-14.64756, -19, 192.2754
-15.71805, -19, 191.9202
-16.78853, -19, 191.5644
-17.85902, -19, 191.2085
-18.92951, -19, 190.8528
2.01703, 0.8, 14.648
3.08206, 0.8, 15.6386
4.1471, 0.8, 14.0013
5.21213, 0.8, 15.478
6.27716, 0.8, 14.3657
7.34219, 0.8, 13.726
8.40723, 0.8, 13.3888
9.47226, 0.8, 13.6672
10.5373, 0.8, 12.5901
11.6023, 0.8, 12.0631
12.6674, 0.8, 12.0352
13.7324, 0.8, 12.0099
14.7974, 0.8, 11.9129
15.8625, 0.8, 11.7255
16.9275, 0.8, 11.4119
17.9925, 0.8, 10.8641
19.0575, 0.8, 10.0743
20.1226, 0.8, 8.91269
21.1876, 0.8, 9.84996
22.2526, 0.8, 10.0559
23.3177, 0.8, 10.028
24.3827, 0.8, 9.80554
25.4477, 0.8, 9.4873
26.5128, 0.8, 9.12165
27.5778, 0.8, 8.76882
28.6428, 0.8, 8.7374
29.7079, 0.8, 10.6085
30.7729, 0.8, 8.44636
31.8379, 0.8, 6.56695
32.903, 0.8, 5.5511
33.968, 0.8, 4.63867
35.033, 0.8, 3.72559
36.0981, 0.8, 2.77688
37.1631, 0.8, 1.76889
38.2281, 0.8, 0.624702
39.2932, 0.8, -1.36781
40.3582, 0.8, -3.02128
41.4232, 0.8, -0.0138631
42.4883, 0.8, 0.91676
43.5533, 0.8, 1.57491
44.6183, 0.8, 2.18016
45.6834, 0.8, 2.83435
46.7484, 0.8, 3.6483
47.8134, 0.8, 4.77812
48.8785, 0.8, 6.53023
49.9435, 0.8, 9.58827
51.0085, 0.8, 8.38937
52.0735, 0.8, 7.67643
53.1386, 0.8, 7.72815
54.2036, 0.8, 8.16414
55.2686, 0.8, 8.81535
56.3337, 0.8, 9.59539
57.3987, 0.8, 10.5255
58.4637, 0.8, 12.0186
59.5288, 0.8, 17.4577
60.5938, 0.8, 16.8924
61.6588, 0.8, 13.1309
62.7239, 0.8, 12.7209
63.7889, 0.8, 12.8065
64.8539, 0.8, 13.0103
65.919, 0.8, 13.2899
66.984, 0.8, 13.6867
68.049, 0.8, 14.3757
69.1141, 0.8, 16.2197
70.1791, 0.8, 18.3313
71.2441, 0.8, 15.8413
72.3092, 0.8, 15.3093
73.3742, 0.8, 15.5427
74.4392, 0.8, 15.9543
75.5043, 0.8, 16.3697
76.5693, 0.8, 16.6841
77.6343, 0.8, 16.8356
78.6994, 0.8, 17.163
79.7644, 0.8, 17.0363
80.8294, 0.8, 16.0432
81.8945, 0.8, 13.6446
82.9595, 0.8, 12.1796
84.0245, 0.8, 10.6258
85.0895, 0.8, 8.80595
86.1546, 0.8, 6.63162
87.2196, 0.8, 4.01958
88.2846, 0.8, 0.958032
89.3497, 0.8, -1.49837
90.4147, 0.8, -3.17711
91.4797, 0.8, -3.23673
92.5448, 0.8, -2.78695
93.6098, 0.8, -2.91689
94.6748, 0.8, -3.48261
95.7399, 0.8, -4.23915
96.8049, 0.8, -4.95939
97.8699, 0.8, -5.50516
98.935, 0.8, -6.70714
2.9588, 1.6, 11.0466
4.0136, 1.6, 9.2873
5.0684, 1.6, 8.5848
6.1232, 1.6, 7.6772
7.178, 1.6, 7.2366
8.2328, 1.6, 6.5994
9.2876, 1.6, 5.3232
10.3424, 1.6, 4.9021
11.3972, 1.6, 5.78194
12.452, 1.6, 5.81944
13.5068, 1.6, 5.7705
14.5615, 1.6, 5.6382
15.6163, 1.6, 5.42915
16.6711, 1.6, 5.16644
17.7259, 1.6, 4.89755
18.7807, 1.6, 4.47976
19.8355, 1.6, 4.1292
20.8903, 1.6, 3.86326
21.9451, 1.6, 3.81521
22.9999, 1.6, 3.51225
24.0547, 1.6, 3.19932
25.1095, 1.6, 2.85914
26.1643, 1.6, 2.47168
27.2191, 1.6, 2.05097
28.2739, 1.6, 1.60176
29.3287, 1.6, 1.49052
30.3835, 1.6, 1.5324
31.4383, 1.6, -0.223917
32.4931, 1.6, -0.836987
33.5479, 1.6, -1.48489
34.6027, 1.6, -2.18778
35.6575, 1.6, -2.97677
36.7123, 1.6, -3.8769
37.7671, 1.6, -4.98172
38.8218, 1.6, -6.8285
39.8766, 1.6, -10.55
40.9314, 1.6, -7.481
41.9862, 1.6, -5.40672
43.041, 1.6, -4.43024
44.0958, 1.6, -3.72545
45.1506, 1.6, -3.08857
46.2054, 1.6, -2.44121
47.2602, 1.6, -1.65249
48.315, 1.6, -0.645559
49.3698, 1.6, 0.732608
50.4246, 1.6, 2.11381
51.4794, 1.6, 1.69157
52.5342, 1.6, 1.96104
53.589, 1.6, 2.46928
54.6438, 1.6, 3.15872
55.6986, 1.6, 3.93014
56.7534, 1.6, 4.74156
57.8082, 1.6, 5.52762
58.863, 1.6, 6.53247
59.9178, 1.6, 12.1734
60.9726, 1.6, 7.3925
62.0274, 1.6, 7.0083
63.0821, 1.6, 7.11012
64.1369, 1.6, 7.18066
65.1917, 1.6, 7.22838
66.2465, 1.6, 7.2431
67.3013, 1.6, 7.21268
68.3561, 1.6, 7.05239
69.4109, 1.6, 7.07706
70.4657, 1.6, 7.13854
71.5205, 1.6, 7.16595
72.5753, 1.6, 8.09965
73.6301, 1.6, 8.85061
74.6849, 1.6, 9.48959
75.7397, 1.6, 9.89772
76.7945, 1.6, 9.92682
77.8493, 1.6, 9.20833
78.9041, 1.6, 6.43618
79.9589, 1.6, 4.16699
81.0137, 1.6, 4.62892
82.0685, 1.6, 6.45321
83.1233, 1.6, 6.33547
84.1781, 1.6, 5.39323
85.2329, 1.6, 3.92461
86.2877, 1.6, 1.98004
87.3425, 1.6, -0.604869
88.3972, 1.6, -4.11743
89.452, 1.6, -7.94149
90.5068, 1.6, -9.22314
91.5616, 1.6, -8.03438
92.6164, 1.6, -7.54097
93.6712, 1.6, -8.12147
94.726, 1.6, -9.27707
95.7808, 1.6, -10.6283
96.8356, 1.6, -11.998
97.8904, 1.6, -13.4031
98.9452, 1.6, -15.8726
3.9006, 2.4, 5.4984
4.9451, 2.4, 1.1704
5.9897, 2.4, 1.3283
7.0342, 2.4, 1.0712
8.0788, 2.4, 0.21443
9.1234, 2.4, -1.3191
10.1679, 2.4, -2.71725
11.2125, 2.4, -0.480797
12.257, 2.4, -0.15764
13.3016, 2.4, -0.190508
14.3462, 2.4, -0.367762
15.3907, 2.4, -0.624748
16.4353, 2.4, -0.912525
17.4798, 2.4, -1.13575
18.5244, 2.4, -1.19844
19.5689, 2.4, -0.99532
20.6135, 2.4, -1.39147
21.6581, 2.4, -2.21565
22.7026, 2.4, -2.77329
23.7472, 2.4, -3.17469
24.7917, 2.4, -3.53079
25.8363, 2.4, -3.9282
26.8809, 2.4, -4.41467
27.9254, 2.4, -5.05793
28.97, 2.4, -5.99582
30.0145, 2.4, -8.03134
31.0591, 2.4, -7.28109
32.1037, 2.4, -7.34009
33.1482, 2.4, -7.59374
34.1928, 2.4, -8.03629
35.2373, 2.4, -8.63888
36.2819, 2.4, -9.40463
37.3265, 2.4, -10.4116
38.371, 2.4, -11.8553
39.4156, 2.4, -13.8601
40.4601, 2.4, -13.9247
41.5047, 2.4, -12.0399
42.5492, 2.4, -10.6077
43.5938, 2.4, -9.61225
44.6384, 2.4, -8.87581
45.6829, 2.4, -8.28493
46.7275, 2.4, -7.81399
47.772, 2.4, -7.47409
48.8166, 2.4, -6.88853
49.8612, 2.4, -6.42704
50.9057, 2.4, -5.38415
51.9503, 2.4, -4.55761
52.9948, 2.4, -3.55034
54.0394, 2.4, -2.66852
55.084, 2.4, -1.8574
56.1285, 2.4, -1.06308
57.1731, 2.4, -0.282905
58.2176, 2.4, 0.293242
59.2622, 2.4, -0.416006
60.3068, 2.4, -2.66616
61.3513, 2.4, 0.92414
62.3959, 2.4, 1.43668
63.4404, 2.4, 1.49087
64.485, 2.4, 1.46633
65.5295, 2.4, 1.36337
66.5741, 2.4, 1.08026
67.6187, 2.4, 0.398439
68.6632, 2.4, -0.906051
69.7078, 2.4, -4.08643
70.7523, 2.4, -2.49365
71.7969, 2.4, -0.209184
72.8415, 2.4, 1.54134
73.886, 2.4, 2.77732
74.9306, 2.4, 3.5734
75.9751, 2.4, 3.90873
77.0197, 2.4, 3.55017
78.0643, 2.4, 1.81443
79.1088, 2.4, -2.69429
80.1534, 2.4, -7.77117
81.1979, 2.4, -1.93517
82.2425, 2.4, 0.932919
83.2871, 2.4, 1.50124
84.3316, 2.4, 0.928643
85.3762, 2.4, -0.258332
86.4207, 2.4, -1.92101
87.4653, 2.4, -4.13646
88.5098, 2.4, -7.48712
89.5544, 2.4, -13.1652
90.599, 2.4, -13.375
91.6435, 2.4, -11.3154
92.6881, 2.4, -11.7951
93.7326, 2.4, -13.3512
94.7772, 2.4, -15.3078
95.8218, 2.4, -17.3994
96.8663, 2.4, -19.5217
97.9109, 2.4, -21.8344
98.9554, 2.4, -24.3134
4.8423, 3.2, -3.3659
5.8766, 3.2, -3.589
6.911, 3.2, -4.1395
7.9453, 3.2, -5.1299
8.9796, 3.2, -6.3544
10.0139, 3.2, -7.13022
11.0483, 3.2, -6.61734
12.0826, 3.2, -5.94274
13.1169, 3.2, -5.83384
14.1512, 3.2, -5.95365
15.1855, 3.2, -6.24239
16.2199, 3.2, -6.65267
17.2542, 3.2, -7.09959
18.2885, 3.2, -7.2257
19.3228, 3.2, -6.53201
20.3572, 3.2, -6.49028
21.3915, 3.2, -8.11489
22.4258, 3.2, -8.9319
23.4601, 3.2, -9.26085
24.4945, 3.2, -9.57274
25.5288, 3.2, -9.98056
26.5631, 3.2, -10.5278
27.5974, 3.2, -11.2759
28.6317, 3.2, -12.4564
29.6661, 3.2, -15.691
30.7004, 3.2, -14.8423
31.7347, 3.2, -13.7284
32.769, 3.2, -13.5939
33.8034, 3.2, -13.7868
34.8377, 3.2, -14.193
35.872, 3.2, -14.7878
36.9063, 3.2, -15.5869
37.9406, 3.2, -16.6234
38.975, 3.2, -17.7024
40.0093, 3.2, -17.8329
41.0436, 3.2, -17.6264
42.0779, 3.2, -16.5206
43.1123, 3.2, -15.4207
44.1466, 3.2, -14.5478
45.1809, 3.2, -13.8906
46.2152, 3.2, -13.4516
47.2495, 3.2, -13.2673
48.2839, 3.2, -13.4124
49.3182, 3.2, -13.7952
50.3525, 3.2, -13.8302
51.3868, 3.2, -11.627
52.4212, 3.2, -9.90909
53.4555, 3.2, -8.69279
54.4898, 3.2, -7.76136
55.5241, 3.2, -6.97572
56.5585, 3.2, -6.25264
57.5928, 3.2, -5.5921
58.6271, 3.2, -5.48686
59.6614, 3.2, -11.2654
60.6957, 3.2, -7.69994
61.7301, 3.2, -4.50705
62.7644, 3.2, -4.25879
63.7987, 3.2, -4.24408
64.833, 3.2, -4.31048
65.8674, 3.2, -4.54407
66.9017, 3.2, -5.11517
67.936, 3.2, -6.32714
68.9703, 3.2, -8.88156
70.0046, 3.2, -16.0632
71.039, 3.2, -8.91125
72.0733, 3.2, -5.97231
73.1076, 3.2, -3.98909
74.1419, 3.2, -2.611
75.1763, 3.2, -1.7665
76.2106, 3.2, -1.51546
77.2449, 3.2, -2.05982
78.2792, 3.2, -3.86509
79.3135, 3.2, -8.46115
80.3479, 3.2, -12.0828
81.3822, 3.2, -5.09562
82.4165, 3.2, -2.97356
83.4508, 3.2, -2.45947
84.4852, 3.2, -2.84162
85.5195, 3.2, -3.78752
86.5538, 3.2, -5.1267
87.5881, 3.2, -6.80334
88.6225, 3.2, -9.04948
89.6568, 3.2, -14.9554
90.6911, 3.2, -13.7421
91.7254, 3.2, -13.7924
92.7597, 3.2, -16.0459
93.7941, 3.2, -18.756
94.8284, 3.2, -21.6498
95.8627, 3.2, -24.6151
96.897, 3.2, -27.5587
97.9314, 3.2, -30.294
98.9657, 3.2, -31.822
5.7841, 4, -7.2953
6.8082, 4, -8.2937
7.8323, 4, -9.3723
8.85634, 4, -10.5629
9.88043, 4, -11.6624
10.9045, 4, -11.7645
11.9286, 4, -11.2961
12.9527, 4, -11.0042
13.9768, 4, -11.0777
15.0009, 4, -11.3887
16.0249, 4, -11.8688
17.049, 4, -12.4708
18.0731, 4, -13.0996
19.0972, 4, -13.0682
20.1213, 4, -11.7784
21.1454, 4, -14.2224
22.1695, 4, -14.7312
23.1935, 4, -14.9411
24.2176, 4, -15.2202
25.2417, 4, -15.6255
26.2658, 4, -16.1945
27.2899, 4, -16.9934
28.314, 4, -18.2352
29.3381, 4, -20.512
30.3622, 4, -21.8121
31.3862, 4, -19.9236
32.4103, 4, -19.3247
33.4344, 4, -19.2588
34.4585, 4, -19.4412
35.4826, 4, -19.8329
36.5067, 4, -20.4253
37.5308, 4, -21.1484
38.5548, 4, -21.6881
39.5789, 4, -21.8768
40.603, 4, -21.8343
41.6271, 4, -21.4517
42.6512, 4, -20.6731
43.6753, 4, -19.7697
44.6994, 4, -19.0364
45.7234, 4, -18.5339
46.7475, 4, -18.296
47.7716, 4, -18.4336
48.7957, 4, -19.388
49.8198, 4, -20.907
50.8439, 4, -19.1668
51.868, 4, -16.3471
52.892, 4, -14.6793
53.9161, 4, -13.6215
54.9402, 4, -12.8424
55.9643, 4, -12.1978
56.9884, 4, -11.6369
58.0125, 4, -11.3251
59.0366, 4, -11.9699
60.0606, 4, -14.0914
61.0847, 4, -11.334
62.1088, 4, -10.2514
63.1329, 4, -10.0264
64.157, 4, -10.0949
65.1811, 4, -10.2365
66.2052, 4, -10.458
67.2292, 4, -10.9834
68.2533, 4, -12.55
69.2774, 4, -15.8789
70.3015, 4, -17.6439
71.3256, 4, -13.0889
72.3497, 4, -10.2376
73.3738, 4, -8.48883
74.3979, 4, -7.29799
75.4219, 4, -6.40668
76.446, 4, -5.89727
77.4701, 4, -6.0351
78.4942, 4, -7.04892
79.5183, 4, -10.036
80.5424, 4, -9.3554
81.5665, 4, -6.3849
82.5905, 4, -5.48984
83.6146, 4, -5.48247
84.6387, 4, -6.0399
85.6628, 4, -6.82992
86.6869, 4, -7.66071
87.711, 4, -8.56839
88.7351, 4, -9.41973
89.7591, 4, -11.6145
90.7832, 4, -12.604
91.8073, 4, -16.2883
92.8314, 4, -20.2947
93.8555, 4, -24.4202
94.8796, 4, -28.3955
95.9037, 4, -32.1418
96.9277, 4, -35.6246
97.9518, 4, -38.643
98.9759, 4, -39.9456
6.72585, 4.8, -11.8274
7.7397, 4.8, -13.06
8.75355, 4.8, -14.3678
9.7674, 4.8, -16.0868
10.7812, 4.8, -16.0555
11.7951, 4.8, -15.7773
12.8089, 4.8, -15.6469
13.8228, 4.8, -15.7619
14.8366, 4.8, -16.093
15.8505, 4.8, -16.616
16.8643, 4.8, -17.3212
17.8782, 4.8, -18.2062
18.892, 4.8, -19.3531
19.9059, 4.8, -19.2417
20.9197, 4.8, -20.4981
21.9336, 4.8, -20.2332
22.9474, 4.8, -20.2465
23.9613, 4.8, -20.4572
24.9751, 4.8, -20.8519
25.989, 4.8, -21.4367
27.0028, 4.8, -22.2458
28.0167, 4.8, -23.3712
29.0305, 4.8, -24.9445
30.0444, 4.8, -25.6776
31.0582, 4.8, -25.4373
32.0721, 4.8, -24.6607
33.0859, 4.8, -24.3058
34.0998, 4.8, -24.2436
35.1136, 4.8, -24.3887
36.1275, 4.8, -24.7158
37.1413, 4.8, -25.1765
38.1552, 4.8, -25.695
39.169, 4.8, -25.907
40.1829, 4.8, -25.9142
41.1967, 4.8, -25.6934
42.2106, 4.8, -25.0207
43.2244, 4.8, -24.2105
44.2383, 4.8, -23.501
45.2521, 4.8, -22.9701
46.266, 4.8, -22.6693
47.2798, 4.8, -22.6752
48.2937, 4.8, -23.2301
49.3075, 4.8, -25.0261
50.3214, 4.8, -25.8223
51.3352, 4.8, -22.3582
52.3491, 4.8, -20.4676
53.3629, 4.8, -19.3181
54.3768, 4.8, -18.5666
55.3906, 4.8, -18.0388
56.4045, 4.8, -17.6449
57.4183, 4.8, -17.3837
58.4322, 4.8, -17.1126
59.446, 4.8, -14.7679
60.4599, 4.8, -13.7688
61.4737, 4.8, -16.2871
62.4876, 4.8, -16.246
63.5014, 4.8, -16.3209
64.5153, 4.8, -16.506
65.5291, 4.8, -16.6795
66.543, 4.8, -16.7987
67.5568, 4.8, -16.9137
68.5707, 4.8, -17.5735
69.5845, 4.8, -19.252
70.5984, 4.8, -18.5694
71.6122, 4.8, -15.7333
72.6261, 4.8, -14.2193
73.6399, 4.8, -13.0473
74.6538, 4.8, -11.8288
75.6676, 4.8, -10.6105
76.6815, 4.8, -9.46727
77.6953, 4.8, -8.47831
78.7092, 4.8, -7.99556
79.723, 4.8, -4.62217
80.7369, 4.8, -6.55883
81.7507, 4.8, -6.9001
82.7646, 4.8, -7.46807
83.7784, 4.8, -8.35896
84.7923, 4.8, -9.25755
85.8061, 4.8, -10.0114
86.82, 4.8, -10.3679
87.8338, 4.8, -10.0625
88.8477, 4.8, -9.24454
89.8615, 4.8, -3.60535
90.8754, 4.8, -12.8846
91.8892, 4.8, -19.3856
92.9031, 4.8, -25.5537
93.9169, 4.8, -31.0733
94.9308, 4.8, -35.9844
95.9446, 4.8, -40.3966
96.9585, 4.8, -44.2575
97.9723, 4.8, -47.4588
98.9862, 4.8, -50.122
7.66761, 5.6, -16.1153
8.67123, 5.6, -17.6321
9.67484, 5.6, -19.538
10.6785, 5.6, -19.7557
11.6821, 5.6, -19.4723
12.6857, 5.6, -19.6434
13.6893, 5.6, -19.9194
14.6929, 5.6, -20.309
15.6965, 5.6, -20.8638
16.7001, 5.6, -21.6221
17.7037, 5.6, -22.6698
18.7074, 5.6, -24.2585
19.711, 5.6, -27.6036
20.7146, 5.6, -26.4798
21.7182, 5.6, -25.3769
22.7218, 5.6, -25.1154
23.7254, 5.6, -25.2375
24.729, 5.6, -25.6165
25.7326, 5.6, -26.2102
26.7363, 5.6, -27.0031
27.7399, 5.6, -27.9856
28.7435, 5.6, -28.9195
29.7471, 5.6, -29.3738
30.7507, 5.6, -29.4705
31.7543, 5.6, -29.3676
32.7579, 5.6, -28.9296
33.7615, 5.6, -28.6387
34.7652, 5.6, -28.5219
35.7688, 5.6, -28.5732
36.7724, 5.6, -28.7798
37.776, 5.6, -29.1609
38.7796, 5.6, -29.7304
39.7832, 5.6, -29.96
40.7868, 5.6, -29.8018
41.7905, 5.6, -28.8231
42.7941, 5.6, -27.9437
43.7977, 5.6, -27.2598
44.8013, 5.6, -26.7634
45.8049, 5.6, -26.4418
46.8085, 5.6, -26.3499
47.8121, 5.6, -26.5714
48.8157, 5.6, -27.1876
49.8194, 5.6, -29.8609
50.823, 5.6, -26.7388
51.8266, 5.6, -25.3514
52.8302, 5.6, -24.489
53.8338, 5.6, -23.9374
54.8374, 5.6, -23.5785
55.841, 5.6, -23.3663
56.8446, 5.6, -23.1856
57.8483, 5.6, -22.8107
58.8519, 5.6, -21.1121
59.8555, 5.6, -14.119
60.8591, 5.6, -19.3451
61.8627, 5.6, -21.9176
62.8663, 5.6, -22.6537
63.8699, 5.6, -23.0869
64.8736, 5.6, -23.3437
65.8772, 5.6, -23.5346
66.8808, 5.6, -23.4231
67.8844, 5.6, -22.7483
68.888, 5.6, -20.8687
69.8916, 5.6, -20.8895
70.8952, 5.6, -19.0395
71.8988, 5.6, -19.6061
72.9025, 5.6, -18.969
73.9061, 5.6, -17.7017
74.9097, 5.6, -16.0709
75.9133, 5.6, -14.3064
76.9169, 5.6, -12.3651
77.9205, 5.6, -10.1482
78.9241, 5.6, -6.59579
79.9277, 5.6, -0.119264
80.9314, 5.6, -4.78176
81.935, 5.6, -8.07488
82.9386, 5.6, -9.89611
83.9422, 5.6, -11.411
84.9458, 5.6, -12.6666
85.9494, 5.6, -13.545
86.953, 5.6, -13.7481
87.9566, 5.6, -12.7326
88.9603, 5.6, -9.07437
89.9639, 5.6, -1.91202
90.9675, 5.6, -14.848
91.9711, 5.6, -24.8816
92.9747, 5.6, -32.4697
93.9783, 5.6, -38.8658
94.9819, 5.6, -44.4597
95.9855, 5.6, -49.5493
96.9892, 5.6, -54.0715
97.9928, 5.6, -58.0968
98.9964, 5.6, -62.4352
8.60938, 6.4, -20.2377
9.60275, 6.4, -22.0252
10.5961, 6.4, -22.6387
11.5895, 6.4, -22.8411
12.5829, 6.4, -23.1732
13.5763, 6.4, -23.5562
14.5696, 6.4, -24.0215
15.563, 6.4, -24.6156
16.5564, 6.4, -25.4048
17.5498, 6.4, -26.5103
18.5431, 6.4, -28.2184
19.5365, 6.4, -31.766
20.5299, 6.4, -31.9518
21.5233, 6.4, -29.8529
22.5166, 6.4, -29.4073
23.51, 6.4, -29.4283
24.5034, 6.4, -29.7269
25.4968, 6.4, -30.2789
26.4902, 6.4, -31.0733
27.4835, 6.4, -32.0198
28.4769, 6.4, -32.7261
29.4703, 6.4, -33.1172
30.4637, 6.4, -33.2187
31.457, 6.4, -33.23
32.4504, 6.4, -32.9999
33.4438, 6.4, -32.5586
34.4372, 6.4, -32.2534
35.4305, 6.4, -32.1243
36.4239, 6.4, -32.1273
37.4173, 6.4, -32.2364
38.4107, 6.4, -32.6133
39.404, 6.4, -33.7018
40.3974, 6.4, -33.8479
41.3908, 6.4, -32.1809
42.3842, 6.4, -31.1962
43.3775, 6.4, -30.662
44.3709, 6.4, -30.2744
45.3643, 6.4, -29.9662
46.3577, 6.4, -29.7341
47.3511, 6.4, -29.595
48.3444, 6.4, -29.6114
49.3378, 6.4, -29.8125
50.3312, 6.4, -29.3141
51.3246, 6.4, -28.794
52.3179, 6.4, -28.5876
53.3113, 6.4, -28.3748
54.3047, 6.4, -28.1236
55.2981, 6.4, -27.982
56.2914, 6.4, -28.0143
57.2848, 6.4, -28.0951
58.2782, 6.4, -27.2848
59.2716, 6.4, -24.9283
60.2649, 6.4, -23.8615
61.2583, 6.4, -26.0445
62.2517, 6.4, -28.1396
63.2451, 6.4, -28.5502
64.2384, 6.4, -28.5337
65.2318, 6.4, -28.696
66.2252, 6.4, -29.1237
67.2186, 6.4, -29.5321
68.212, 6.4, -28.3191
69.2053, 6.4, -24.1175
70.1987, 6.4, -20.9351
71.1921, 6.4, -23.7132
72.1855, 6.4, -24.8429
73.1788, 6.4, -23.3595
74.1722, 6.4, -21.2464
75.1656, 6.4, -19.1759
76.159, 6.4, -17.093
77.1523, 6.4, -14.6569
78.1457, 6.4, -10.9899
79.1391, 6.4, -5.65024
80.1325, 6.4, -2.19655
81.1258, 6.4, -5.98941
82.1192, 6.4, -10.1238
83.1126, 6.4, -12.9128
84.106, 6.4, -14.9047
85.0994, 6.4, -16.4748
86.0927, 6.4, -17.6121
87.0861, 6.4, -18.05
88.0795, 6.4, -16.8506
89.0729, 6.4, -12.4406
90.0662, 6.4, -9.55064
91.0596, 6.4, -21.5604
92.053, 6.4, -32.7718
93.0464, 6.4, -40.5927
94.0397, 6.4, -46.9065
95.0331, 6.4, -52.7524
96.0265, 6.4, -58.5789
97.0199, 6.4, -64.6196
98.0132, 6.4, -70.6209
99.0066, 6.4, -75.9805
9.55114, 7.2, -23.5983
10.5343, 7.2, -24.9565
11.5174, 7.2, -25.8986
12.5006, 7.2, -26.4059
13.4837, 7.2, -26.8496
14.4668, 7.2, -27.3421
15.45, 7.2, -27.9493
16.4331, 7.2, -28.7381
17.4163, 7.2, -29.8085
18.3994, 7.2, -31.3553
19.3825, 7.2, -33.9709
20.3657, 7.2, -35.3181
21.3488, 7.2, -33.5753
22.332, 7.2, -32.9584
23.3151, 7.2, -32.8547
24.2982, 7.2, -33.0669
25.2814, 7.2, -33.5233
26.2645, 7.2, -34.1993
27.2477, 7.2, -35.0955
28.2308, 7.2, -36.1863
29.2139, 7.2, -36.9454
30.1971, 7.2, -37.005
31.1802, 7.2, -36.9988
32.1634, 7.2, -36.3336
33.1465, 7.2, -35.7747
34.1296, 7.2, -35.4399
35.1128, 7.2, -35.2632
36.0959, 7.2, -35.1862
37.0791, 7.2, -35.1697
38.0622, 7.2, -35.2224
39.0453, 7.2, -35.7345
40.0285, 7.2, -38.1871
41.0116, 7.2, -35.0623
41.9948, 7.2, -34.1798
42.9779, 7.2, -33.8496
43.961, 7.2, -33.6088
44.9442, 7.2, -33.3736
45.9273, 7.2, -33.1087
46.9104, 7.2, -32.7837
47.8936, 7.2, -32.3556
48.8767, 7.2, -31.7506
49.8599, 7.2, -29.252
50.843, 7.2, -31.1683
51.8261, 7.2, -31.7538
52.8093, 7.2, -31.7964
53.7924, 7.2, -31.6485
54.7756, 7.2, -31.4688
55.7587, 7.2, -31.3778
56.7418, 7.2, -31.4932
57.725, 7.2, -31.9313
58.7081, 7.2, -32.5564
59.6913, 7.2, -33.5131
60.6744, 7.2, -32.8213
61.6575, 7.2, -32.9307
62.6407, 7.2, -32.319
63.6238, 7.2, -31.8142
64.607, 7.2, -31.6357
65.5901, 7.2, -31.8601
66.5732, 7.2, -32.5562
67.5564, 7.2, -33.7231
68.5395, 7.2, -34.5719
69.5227, 7.2, -28.9786
70.5058, 7.2, -27.9161
71.4889, 7.2, -30.8826
72.4721, 7.2, -28.1586
73.4552, 7.2, -25.3816
74.4384, 7.2, -23.0282
75.4215, 7.2, -20.8917
76.4046, 7.2, -18.6823
77.3878, 7.2, -16.039
78.3709, 7.2, -12.4431
79.3541, 7.2, -7.67813
80.3372, 7.2, -5.81164
81.3203, 7.2, -9.70679
82.3035, 7.2, -13.4021
83.2866, 7.2, -16.3423
84.2698, 7.2, -18.7094
85.2529, 7.2, -20.6137
86.236, 7.2, -22.0745
87.2192, 7.2, -23.0051
88.2023, 7.2, -23.089
89.1855, 7.2, -21.1454
90.1686, 7.2, -18.9307
91.1517, 7.2, -32.5716
92.1349, 7.2, -41.5958
93.118, 7.2, -48.3549
94.1012, 7.2, -54.3505
95.0843, 7.2, -60.2467
96.0674, 7.2, -66.5331
97.0506, 7.2, -73.6925
98.0337, 7.2, -82.1567
99.0169, 7.2, -90.386
10.4929, 8, -27.3617
11.4658, 8, -28.7021
12.4387, 8, -29.32
13.4116, 8, -29.8034
14.3845, 8, -30.3062
15.3574, 8, -30.8919
16.3303, 8, -31.6199
17.3032, 8, -32.563
18.2761, 8, -33.8215
19.249, 8, -35.2477
20.2219, 8, -35.5204
21.1948, 8, -36.2225
22.1677, 8, -35.7869
23.1406, 8, -35.655
24.1135, 8, -35.814
25.0865, 8, -36.187
26.0594, 8, -36.7282
27.0323, 8, -37.4842
28.0052, 8, -38.6145
28.9781, 8, -40.213
29.951, 8, -41.0366
30.9239, 8, -40.5268
31.8968, 8, -39.2349
32.8697, 8, -38.5162
33.8426, 8, -38.21
34.8155, 8, -38.0918
35.7884, 8, -38.032
36.7613, 8, -37.9937
37.7342, 8, -37.9653
38.7071, 8, -37.806
39.68, 8, -38.3848
40.6529, 8, -37.2508
41.6258, 8, -36.9634
42.5987, 8, -36.9548
43.5716, 8, -36.8679
44.5445, 8, -36.707
45.5174, 8, -36.4889
46.4903, 8, -36.1983
47.4632, 8, -35.7067
48.4361, 8, -34.6992
49.409, 8, -32.6439
50.3819, 8, -32.2752
51.3548, 8, -34.4407
52.3277, 8, -34.9433
53.3006, 8, -34.7464
54.2735, 8, -34.3741
55.2465, 8, -34.0729
56.2194, 8, -34.0002
57.1923, 8, -34.4123
58.1652, 8, -35.9343
59.1381, 8, -39.9433
60.111, 8, -42.2773
61.0839, 8, -39.6655
62.0568, 8, -35.9598
63.0297, 8, -34.1116
64.0026, 8, -33.3168
64.9755, 8, -33.1432
65.9484, 8, -33.4444
66.9213, 8, -34.4325
67.8942, 8, -36.8019
68.8671, 8, -40.8825
69.84, 8, -38.2649
70.8129, 8, -39.6614
71.7858, 8, -33.5162
72.7587, 8, -29.0349
73.7316, 8, -26.1454
74.7045, 8, -23.9958
75.6774, 8, -22.0281
76.6503, 8, -20.0251
77.6232, 8, -17.8511
78.5961, 8, -15.3506
79.569, 8, -11.5361
80.5419, 8, -11.802
81.5148, 8, -15.06
82.4877, 8, -17.9436
83.4606, 8, -20.7386
84.4335, 8, -23.218
85.4064, 8, -25.4334
86.3794, 8, -27.4295
87.3523, 8, -29.2718
88.3252, 8, -31.3819
89.2981, 8, -34.0483
90.271, 8, -35.6921
91.2439, 8, -44.7926
92.2168, 8, -50.0878
93.1897, 8, -55.5999
94.1626, 8, -61.2208
95.1355, 8, -67.0342
96.1084, 8, -73.2743
97.0813, 8, -80.5945
98.0542, 8, -90.2315
99.0271, 8, -103.1308
11.4347, 8.8, -31.4052
12.3973, 8.8, -31.9928
13.36, 8.8, -32.4832
14.3227, 8.8, -32.967
15.2853, 8.8, -33.5031
16.248, 8.8, -34.1262
17.2107, 8.8, -34.8673
18.1733, 8.8, -35.7294
19.136, 8.8, -36.1566
20.0987, 8.8, -36.233
21.0613, 8.8, -37.5001
22.024, 8.8, -37.8774
22.9867, 8.8, -38.0118
23.9493, 8.8, -38.3019
24.912, 8.8, -38.708
25.8747, 8.8, -39.1859
26.8373, 8.8, -39.7192
27.8, 8.8, -40.3911
28.7627, 8.8, -41.8102
29.7253, 8.8, -44.9319
30.688, 8.8, -43.4666
31.6507, 8.8, -41.5617
32.6133, 8.8, -41.0804
33.576, 8.8, -41.0393
34.5387, 8.8, -41.0516
35.5013, 8.8, -41.0393
36.464, 8.8, -40.9667
37.4267, 8.8, -40.7908
38.3893, 8.8, -40.4657
39.352, 8.8, -39.4585
40.3147, 8.8, -38.0513
41.2773, 8.8, -39.594
42.24, 8.8, -39.9777
43.2027, 8.8, -40.0646
44.1653, 8.8, -39.9581
45.128, 8.8, -39.7497
46.0907, 8.8, -39.4775
47.0533, 8.8, -39.1099
48.016, 8.8, -38.451
48.9787, 8.8, -36.9224
49.9413, 8.8, -35.2399
50.904, 8.8, -37.0245
51.8667, 8.8, -37.9479
52.8293, 8.8, -37.6751
53.792, 8.8, -37.1026
54.7547, 8.8, -36.5699
55.7173, 8.8, -36.2321
56.68, 8.8, -36.2773
57.6427, 8.8, -37.1535
58.6053, 8.8, -39.986
59.568, 8.8, -47.1221
60.5307, 8.8, -46.987
61.4933, 8.8, -39.9699
62.456, 8.8, -36.5416
63.4187, 8.8, -35.1646
64.3813, 8.8, -34.7097
65.344, 8.8, -34.7168
66.3067, 8.8, -35.0705
67.2693, 8.8, -35.969
68.232, 8.8, -38.5688
69.1947, 8.8, -46.9418
70.1573, 8.8, -58.3918
71.12, 8.8, -40.3643
72.0827, 8.8, -32.8736
73.0453, 8.8, -29.6839
74.008, 8.8, -27.563
74.9707, 8.8, -25.7205
75.9333, 8.8, -23.9355
76.896, 8.8, -22.1849
77.8587, 8.8, -20.6073
78.8213, 8.8, -19.0722
79.784, 8.8, -17.1164
80.7467, 8.8, -18.2373
81.7093, 8.8, -21.0263
82.672, 8.8, -23.5256
83.6347, 8.8, -26.0258
84.5973, 8.8, -28.5943
85.56, 8.8, -31.1652
86.5227, 8.8, -33.835
87.4853, 8.8, -36.9602
88.448, 8.8, -40.9371
89.4107, 8.8, -47.4109
90.3733, 8.8, -54.2333
91.336, 8.8, -54.7738
92.2987, 8.8, -58.2867
93.2613, 8.8, -63.0396
94.224, 8.8, -68.4599
95.1867, 8.8, -74.1736
96.1493, 8.8, -80.1616
97.112, 8.8, -86.6909
98.0747, 8.8, -94.8746
99.03733, 8.8, -109.0806
12.3764, 9.6, -34.6704
13.3289, 9.6, -35.1313
14.2813, 9.6, -35.5534
15.2337, 9.6, -35.9627
16.1861, 9.6, -36.3982
17.1386, 9.6, -36.8815
18.091, 9.6, -37.229
19.0434, 9.6, -37.4255
19.9959, 9.6, -37.7224
20.9483, 9.6, -38.5084
21.9007, 9.6, -39.3292
22.8532, 9.6, -40.043
23.8056, 9.6, -40.6025
24.758, 9.6, -41.1357
25.7105, 9.6, -41.6499
26.6629, 9.6, -42.1115
27.6153, 9.6, -42.4771
28.5677, 9.6, -42.873
29.5202, 9.6, -45.1799
30.4726, 9.6, -45.3701
31.425, 9.6, -43.5803
32.3775, 9.6, -43.756
33.3299, 9.6, -44.0036
34.2823, 9.6, -44.172
35.2348, 9.6, -44.2412
36.1872, 9.6, -44.1968
37.1396, 9.6, -44.0037
38.092, 9.6, -43.5645
39.0445, 9.6, -42.4577
39.9969, 9.6, -38.2991
40.9493, 9.6, -42.1798
41.9018, 9.6, -43.1185
42.8542, 9.6, -43.2858
43.8066, 9.6, -43.1811
44.7591, 9.6, -42.9387
45.7115, 9.6, -42.6228
46.6639, 9.6, -42.2736
47.6163, 9.6, -41.922
48.5688, 9.6, -41.5822
49.5212, 9.6, -40.6355
50.4736, 9.6, -40.8687
51.4261, 9.6, -41.1149
52.3785, 9.6, -40.4138
53.3309, 9.6, -39.6203
54.2834, 9.6, -38.8731
55.2358, 9.6, -38.277
56.1882, 9.6, -37.9535
57.1406, 9.6, -38.0866
58.0931, 9.6, -39.0194
59.0455, 9.6, -41.7315
59.9979, 9.6, -53.6327
60.9504, 9.6, -41.9304
61.9028, 9.6, -38.3917
62.8552, 9.6, -36.941
63.8077, 9.6, -36.392
64.7601, 9.6, -36.3276
65.7125, 9.6, -36.5303
66.6649, 9.6, -36.8938
67.6174, 9.6, -37.4935
68.5698, 9.6, -39.3415
69.5222, 9.6, -52.8672
70.4747, 9.6, -51.7952
71.4271, 9.6, -36.6306
72.3795, 9.6, -33.4259
73.332, 9.6, -31.5619
74.2844, 9.6, -29.9056
75.2368, 9.6, -28.2836
76.1892, 9.6, -26.6895
77.1417, 9.6, -25.175
78.0941, 9.6, -23.8605
79.0465, 9.6, -23.1462
79.999, 9.6, -22.3484
80.9514, 9.6, -24.4723
81.9038, 9.6, -26.7889
82.8563, 9.6, -29.3334
83.8087, 9.6, -31.9813
84.7611, 9.6, -34.7595
85.7135, 9.6, -37.7335
86.666, 9.6, -41.019
87.6184, 9.6, -44.8481
88.5708, 9.6, -49.8654
89.5233, 9.6, -59.4305
90.4757, 9.6, -64.239
91.4281, 9.6, -62.7146
92.3806, 9.6, -66.1109
93.333, 9.6, -70.8539
94.2854, 9.6, -76.1731
95.2378, 9.6, -81.763
96.1903, 9.6, -87.4564
97.1427, 9.6, -93.1801
98.0951, 9.6, -99.1351
99.04757, 9.6, -108.0353
13.3182, 10.4, -37.3402
14.2604, 10.4, -37.9064
15.2026, 10.4, -38.4152
16.1448, 10.4, -38.7191
17.087, 10.4, -38.8446
18.0292, 10.4, -38.9519
18.9714, 10.4, -39.0414
19.9135, 10.4, -39.2881
20.8557, 10.4, -39.8949
21.7979, 10.4, -40.8703
22.7401, 10.4, -41.8553
23.6823, 10.4, -42.6747
24.6245, 10.4, -43.3783
25.5667, 10.4, -44.0018
26.5089, 10.4, -44.5479
27.4511, 10.4, -44.9404
28.3933, 10.4, -44.9285
29.3355, 10.4, -44.4698
30.2777, 10.4, -45.0161
31.2199, 10.4, -45.6069
32.1621, 10.4, -46.6131
33.1043, 10.4, -47.1205
34.0465, 10.4, -47.3484
34.9886, 10.4, -47.4759
35.9308, 10.4, -47.5364
36.873, 10.4, -47.4921
37.8152, 10.4, -47.159
38.7574, 10.4, -46.2443
39.6996, 10.4, -44.609
40.6418, 10.4, -45.3259
41.584, 10.4, -46.5088
42.5262, 10.4, -46.7476
43.4684, 10.4, -46.5768
44.4106, 10.4, -46.2818
45.3528, 10.4, -45.9289
46.295, 10.4, -45.5373
47.2372, 10.4, -45.1759
48.1794, 10.4, -45.1797
49.1215, 10.4, -45.925
50.0637, 10.4, -46.3065
51.0059, 10.4, -44.9826
51.9481, 10.4, -43.1977
52.8903, 10.4, -42.0019
53.8325, 10.4, -41.134
54.7747, 10.4, -40.3411
55.7169, 10.4, -39.6095
56.6591, 10.4, -39.0066
57.6013, 10.4, -38.6782
58.5435, 10.4, -38.6782
59.4857, 10.4, -39.5909
60.4279, 10.4, -39.6663
61.3701, 10.4, -37.8296
62.3123, 10.4, -37.4973
63.2545, 10.4, -37.4207
64.1966, 10.4, -37.5285
65.1388, 10.4, -37.7786
66.081, 10.4, -38.1504
67.0232, 10.4, -38.5785
67.9654, 10.4, -38.7646
68.9076, 10.4, -38.7855
69.8498, 10.4, -42.21
70.792, 10.4, -38.0379
71.7342, 10.4, -36.6129
72.6764, 10.4, -35.4245
73.6186, 10.4, -34.0179
74.5608, 10.4, -32.614
75.503, 10.4, -31.2286
76.4452, 10.4, -29.8182
77.3874, 10.4, -28.4111
78.3296, 10.4, -27.377
79.2717, 10.4, -27.0589
80.2139, 10.4, -27.4326
81.1561, 10.4, -29.9027
82.0983, 10.4, -32.2151
83.0405, 10.4, -34.9692
83.9827, 10.4, -37.938
84.9249, 10.4, -40.9858
85.8671, 10.4, -44.2192
86.8093, 10.4, -47.835
87.7515, 10.4, -52.1351
88.6937, 10.4, -57.7532
89.6359, 10.4, -65.8917
90.5781, 10.4, -68.5784
91.5203, 10.4, -69.6377
92.4624, 10.4, -73.4644
93.4046, 10.4, -78.2963
94.3468, 10.4, -83.5906
95.289, 10.4, -89.1312
96.2312, 10.4, -94.7008
97.1734, 10.4, -99.9566
98.11562, 10.4, -104.0392
99.05781, 10.4, -106.0829
14.26, 11.2, -39.7006
15.1919, 11.2, -40.4165
16.1239, 11.2, -41.0242
17.0558, 11.2, -41.3109
17.9878, 11.2, -41.1431
18.9197, 11.2, -41.0699
19.8517, 11.2, -41.0281
20.7837, 11.2, -41.6652
21.7156, 11.2, -42.8129
22.6476, 11.2, -43.8348
23.5795, 11.2, -44.7739
24.5115, 11.2, -45.5891
25.4434, 11.2, -46.3019
26.3754, 11.2, -46.9319
27.3074, 11.2, -47.4612
28.2393, 11.2, -47.7235
29.1713, 11.2, -46.4688
30.1032, 11.2, -41.7637
31.0352, 11.2, -47.977
31.9671, 11.2, -49.5937
32.8991, 11.2, -50.0917
33.8311, 11.2, -50.349
34.763, 11.2, -50.5231
35.695, 11.2, -50.6616
36.6269, 11.2, -50.7638
37.5589, 11.2, -50.795
38.4908, 11.2, -50.613
39.4228, 11.2, -50.2893
40.3548, 11.2, -50.7519
41.2867, 11.2, -50.5006
42.2187, 11.2, -50.424
43.1506, 11.2, -50.1422
44.0826, 11.2, -49.821
45.0145, 11.2, -49.4849
45.9465, 11.2, -49.1301
46.8785, 11.2, -48.7779
47.8104, 11.2, -48.5123
48.7424, 11.2, -48.8564
49.6743, 11.2, -51.8745
50.6063, 11.2, -49.327
51.5382, 11.2, -46.1218
52.4702, 11.2, -44.7392
53.4021, 11.2, -43.7402
54.3341, 11.2, -42.775
55.2661, 11.2, -41.7498
56.198, 11.2, -40.6234
57.13, 11.2, -39.3136
58.0619, 11.2, -37.7357
58.9939, 11.2, -35.6425
59.9258, 11.2, -26.9414
60.8578, 11.2, -33.7164
61.7898, 11.2, -36.0901
62.7217, 11.2, -37.2284
63.6537, 11.2, -37.8997
64.5856, 11.2, -38.3387
65.5176, 11.2, -38.7238
66.4495, 11.2, -39.1346
67.3815, 11.2, -39.5317
68.3135, 11.2, -39.2729
69.2454, 11.2, -32.7785
70.1774, 11.2, -15.033
71.1093, 11.2, -36.4232
72.0413, 11.2, -38.3139
72.9732, 11.2, -37.4805
73.9052, 11.2, -36.4326
74.8372, 11.2, -35.4351
75.7691, 11.2, -34.4333
76.7011, 11.2, -33.3398
77.633, 11.2, -32.0569
78.565, 11.2, -30.6786
79.4969, 11.2, -30.0061
80.4289, 11.2, -31.8841
81.3609, 11.2, -34.5153
82.2928, 11.2, -37.7095
83.2248, 11.2, -40.9175
84.1567, 11.2, -43.998
85.0887, 11.2, -47.0912
86.0206, 11.2, -50.3683
86.9526, 11.2, -54.0614
87.8846, 11.2, -58.4336
88.8165, 11.2, -63.5064
89.7485, 11.2, -65.6962
90.6804, 11.2, -70.7065
91.6124, 11.2, -75.5221
92.5443, 11.2, -79.8325
93.4763, 11.2, -84.7933
94.4083, 11.2, -90.2008
95.3402, 11.2, -95.7994
96.27217, 11.2, -101.32
97.20413, 11.2, -106.3242
98.13609, 11.2, -109.8254
99.06805, 11.2, -107.3753
15.2017, 12, -41.9836
16.1234, 12, -42.9004
17.0452, 12, -43.6843
17.9669, 12, -43.9424
18.8886, 12, -43.3911
19.8103, 12, -42.9075
20.732, 12, -43.8032
21.6538, 12, -45.0681
22.5755, 12, -46.2044
23.4972, 12, -47.1612
24.4189, 12, -47.989
25.3406, 12, -48.7269
26.2624, 12, -49.4103
27.1841, 12, -50.0239
28.1058, 12, -50.4786
29.0275, 12, -50.0942
29.9492, 12, -45.3953
30.871, 12, -50.9956
31.7927, 12, -52.5433
32.7144, 12, -52.9771
33.6361, 12, -53.218
34.5578, 12, -53.4081
35.4796, 12, -53.6104
36.4013, 12, -53.8431
37.323, 12, -54.1311
38.2447, 12, -54.6038
39.1665, 12, -55.6722
40.0882, 12, -56.607
41.0099, 12, -55.5138
41.9316, 12, -54.3531
42.8533, 12, -53.827
43.7751, 12, -53.4775
44.6968, 12, -53.1692
45.6185, 12, -52.8945
46.5402, 12, -52.6269
47.4619, 12, -52.3019
48.3837, 12, -51.9995
49.3054, 12, -52.5544
50.2271, 12, -53.9896
51.1488, 12, -49.1569
52.0705, 12, -47.8724
52.9923, 12, -46.7918
53.914, 12, -45.6224
54.8357, 12, -44.3024
55.7574, 12, -42.8786
56.6791, 12, -41.1999
57.6009, 12, -38.9582
58.5226, 12, -35.4429
59.4443, 12, -28.5091
60.366, 12, -25.0655
61.2877, 12, -32.5296
62.2095, 12, -35.996
63.1312, 12, -37.4804
64.0529, 12, -38.232
64.9746, 12, -38.678
65.8963, 12, -39.0539
66.8181, 12, -39.3492
67.7398, 12, -39.3084
68.6615, 12, -37.0443
69.5832, 12, -22.4523
70.5049, 12, -25.4269
71.4267, 12, -37.7425
72.3484, 12, -39.3576
73.2701, 12, -39.2194
74.1918, 12, -38.838
75.1135, 12, -38.4152
76.0353, 12, -37.9235
76.957, 12, -37.1862
77.8787, 12, -35.9574
78.8004, 12, -33.8258
79.7222, 12, -33.0816
80.6439, 12, -35.3797
81.5656, 12, -39.731
82.4873, 12, -43.6837
83.409, 12, -46.9764
84.3307, 12, -49.9814
85.2525, 12, -52.9286
86.1742, 12, -55.9754
87.0959, 12, -59.3394
88.0176, 12, -63.1048
88.9394, 12, -66.3919
89.8611, 12, -67.3309
90.7828, 12, -73.4595
91.7045, 12, -79.7904
92.6262, 12, -84.9843
93.548, 12, -90.3931
94.4697, 12, -96.1347
95.3914, 12, -101.9133
96.31312, 12, -107.4651
97.23484, 12, -112.4747
98.15656, 12, -115.821
99.07828, 12, -112.8718
16.1435, 12.8, -44.3211
17.055, 12.8, -45.5143
17.9665, 12.8, -46.5125
18.8779, 12.8, -46.3583
19.7894, 12.8, -45.4081
20.7009, 12.8, -46.3559
21.6124, 12.8, -47.7402
22.5239, 12.8, -48.8761
23.4354, 12.8, -49.7169
24.3468, 12.8, -50.4035
25.2583, 12.8, -51.077
26.1698, 12.8, -51.7843
27.0813, 12.8, -52.5177
27.9928, 12.8, -53.1792
28.9043, 12.8, -53.7052
29.8157, 12.8, -55.44
30.7272, 12.8, -55.1547
31.6387, 12.8, -55.4951
32.5502, 12.8, -55.7403
33.4617, 12.8, -55.8584
34.3732, 12.8, -56.0405
35.2846, 12.8, -56.3179
36.1961, 12.8, -56.699
37.1076, 12.8, -57.226
38.0191, 12.8, -58.0782
38.9306, 12.8, -59.5953
39.8421, 12.8, -61.7194
40.7535, 12.8, -60.3422
41.665, 12.8, -58.5542
42.5765, 12.8, -57.5779
43.488, 12.8, -56.9703
44.3995, 12.8, -56.5419
45.311, 12.8, -56.2458
46.2225, 12.8, -56.0882
47.1339, 12.8, -56.0593
48.0454, 12.8, -55.9521
48.9569, 12.8, -55.1274
49.8684, 12.8, -52.9522
50.7799, 12.8, -52.1661
51.6914, 12.8, -51.3431
52.6028, 12.8, -50.0153
53.5143, 12.8, -48.2471
54.4258, 12.8, -46.4609
55.3373, 12.8, -44.729
56.2488, 12.8, -42.9943
57.1603, 12.8, -41.0136
58.0717, 12.8, -37.9024
58.9832, 12.8, -32.3686
59.8947, 12.8, -26.9421
60.8062, 12.8, -29.2156
61.7177, 12.8, -33.8486
62.6292, 12.8, -36.2545
63.5406, 12.8, -37.1314
64.4521, 12.8, -37.5696
65.3636, 12.8, -37.9154
66.2751, 12.8, -38.2196
67.1866, 12.8, -38.2752
68.0981, 12.8, -37.2815
69.0096, 12.8, -35.2662
69.921, 12.8, -37.8928
70.8325, 12.8, -35.7351
71.744, 12.8, -38.2537
72.6555, 12.8, -39.9448
73.567, 12.8, -40.5619
74.4785, 12.8, -40.8882
75.3899, 12.8, -41.1439
76.3014, 12.8, -41.2956
77.2129, 12.8, -41.1573
78.1244, 12.8, -40.2538
79.0359, 12.8, -38.1055
79.9474, 12.8, -35.5709
80.8588, 12.8, -40.8685
81.7703, 12.8, -46.0557
82.6818, 12.8, -49.8612
83.5933, 12.8, -53.0125
84.5048, 12.8, -55.896
85.4163, 12.8, -58.6305
86.3277, 12.8, -61.2372
87.2392, 12.8, -63.669
88.1507, 12.8, -65.9225
89.0622, 12.8, -68.663
89.9737, 12.8, -72.4337
90.8852, 12.8, -76.8826
91.7966, 12.8, -82.7379
92.7081, 12.8, -89.4559
93.6196, 12.8, -96.1484
94.5311, 12.8, -102.5838
95.44258, 12.8, -108.672
96.35406, 12.8, -114.23
97.26555, 12.8, -118.9189
98.17703, 12.8, -122.2057
99.08852, 12.8, -123.8256
17.0852, 13.6, -46.7858
17.9865, 13.6, -48.3909
18.8877, 13.6, -49.6452
19.789, 13.6, -48.4037
20.6902, 13.6, -49.554
21.5915, 13.6, -50.8777
22.4927, 13.6, -51.5085
23.394, 13.6, -51.9538
24.2952, 13.6, -52.4452
25.1965, 13.6, -53.025
26.0977, 13.6, -53.7152
26.999, 13.6, -54.5505
27.9002, 13.6, -55.6165
28.8015, 13.6, -57.2428
29.7027, 13.6, -62.2629
30.604, 13.6, -60.7174
31.5052, 13.6, -58.546
32.4065, 13.6, -58.1418
33.3077, 13.6, -58.1423
34.2089, 13.6, -58.3585
35.1102, 13.6, -58.7373
36.0114, 13.6, -59.2719
36.9127, 13.6, -59.988
37.8139, 13.6, -60.9561
38.7152, 13.6, -62.3579
39.6164, 13.6, -64.9347
40.5177, 13.6, -64.104
41.4189, 13.6, -62.1868
42.3202, 13.6, -61.0604
43.2214, 13.6, -60.2166
44.1227, 13.6, -59.5803
45.0239, 13.6, -59.1349
45.9252, 13.6, -58.8907
46.8264, 13.6, -58.8701
47.7277, 13.6, -59.0621
48.6289, 13.6, -59.0807
49.5302, 13.6, -55.6027
50.4314, 13.6, -53.8892
51.3326, 13.6, -55.1583
52.2339, 13.6, -52.8496
53.1351, 13.6, -50.3257
54.0364, 13.6, -47.9942
54.9376, 13.6, -45.8437
55.8389, 13.6, -43.8165
56.7401, 13.6, -41.8431
57.6414, 13.6, -39.8153
58.5426, 13.6, -37.4245
59.4439, 13.6, -33.7691
60.3451, 13.6, -32.6605
61.2464, 13.6, -34.2071
62.1476, 13.6, -34.7045
63.0489, 13.6, -34.9974
63.9501, 13.6, -35.288
64.8514, 13.6, -35.5646
65.7526, 13.6, -35.7952
66.6538, 13.6, -35.963
67.5551, 13.6, -36.1381
68.4563, 13.6, -36.9116
69.3576, 13.6, -44.2793
70.2588, 13.6, -54.0927
71.1601, 13.6, -39.7279
72.0613, 13.6, -39.1575
72.9626, 13.6, -40.2422
73.8638, 13.6, -41.4554
74.7651, 13.6, -42.5929
75.6663, 13.6, -43.627
76.5676, 13.6, -44.5544
77.4688, 13.6, -45.3434
78.3701, 13.6, -45.8035
79.2713, 13.6, -44.4973
80.1726, 13.6, -40.1961
81.0738, 13.6, -49.0756
81.9751, 13.6, -53.0241
82.8763, 13.6, -56.1597
83.7775, 13.6, -59.0758
84.6788, 13.6, -61.8004
85.58, 13.6, -64.272
86.4813, 13.6, -66.3886
87.3825, 13.6, -68.022
88.2838, 13.6, -69.14
89.185, 13.6, -71.3301
90.0863, 13.6, -77.5681
90.9875, 13.6, -80.4468
91.8888, 13.6, -87.2573
92.79, 13.6, -95.2028
93.69127, 13.6, -102.814
94.59251, 13.6, -109.9077
95.49377, 13.6, -116.4064
96.39501, 13.6, -122.2181
97.29626, 13.6, -127.2583
98.1975, 13.6, -131.7692
99.09875, 13.6, -140.0213
18.027, 14.4, -49.6371
18.918, 14.4, -52.0347
19.809, 14.4, -52.183
20.7, 14.4, -53.4199
21.5911, 14.4, -53.7934
22.4821, 14.4, -53.7034
23.3731, 14.4, -53.8265
24.2641, 14.4, -54.1595
25.1551, 14.4, -54.6555
26.0461, 14.4, -55.3076
26.9371, 14.4, -56.1823
27.8281, 14.4, -57.5286
28.7191, 14.4, -60.0173
29.6102, 14.4, -64.4843
30.5012, 14.4, -64.4992
31.3922, 14.4, -61.3623
32.2832, 14.4, -60.1897
33.1742, 14.4, -60.0462
34.0652, 14.4, -60.2952
34.9562, 14.4, -60.7572
35.8472, 14.4, -61.4091
36.7382, 14.4, -62.2639
37.6292, 14.4, -63.2926
38.5203, 14.4, -64.4802
39.4113, 14.4, -65.9984
40.3023, 14.4, -66.609
41.1933, 14.4, -64.8273
42.0843, 14.4, -63.8474
42.9753, 14.4, -62.9196
43.8663, 14.4, -62.0603
44.7573, 14.4, -61.3938
45.6483, 14.4, -60.9713
46.5394, 14.4, -60.8119
47.4304, 14.4, -60.9008
48.3214, 14.4, -61.1779
49.2124, 14.4, -61.2773
50.1034, 14.4, -58.6467
50.9944, 14.4, -58.5532
51.8854, 14.4, -55.3224
52.7764, 14.4, -52.0647
53.6674, 14.4, -49.1634
54.5585, 14.4, -46.587
55.4495, 14.4, -44.2419
56.3405, 14.4, -42.084
57.2315, 14.4, -40.2221
58.1225, 14.4, -39.142
59.0135, 14.4, -39.7967
59.9045, 14.4, -38.5514
60.7955, 14.4, -38.8791
61.6865, 14.4, -35.3809
62.5775, 14.4, -33.6403
63.4686, 14.4, -33.2001
64.3596, 14.4, -33.2704
65.2506, 14.4, -33.4664
66.1416, 14.4, -33.709
67.0326, 14.4, -34.2142
67.9236, 14.4, -35.9101
68.8146, 14.4, -41.3143
69.7056, 14.4, -53.4556
70.5966, 14.4, -49.09
71.4877, 14.4, -41.7946
72.3787, 14.4, -40.2596
73.2697, 14.4, -41.2867
74.1607, 14.4, -42.8635
75.0517, 14.4, -44.5734
75.9427, 14.4, -46.4418
76.8337, 14.4, -48.5263
77.7247, 14.4, -50.6181
78.6157, 14.4, -52.7656
79.5068, 14.4, -53.0303
80.3978, 14.4, -53.4817
81.2888, 14.4, -57.5988
82.1798, 14.4, -60.2231
83.0708, 14.4, -62.8354
83.9618, 14.4, -65.1066
84.8528, 14.4, -67.4283
85.7438, 14.4, -69.8348
86.6348, 14.4, -72.1068
87.5258, 14.4, -73.6313
88.4169, 14.4, -74.1565
89.3079, 14.4, -73.8972
90.1989, 14.4, -78.1047
91.0899, 14.4, -85.8854
91.9809, 14.4, -94.8698
92.87192, 14.4, -103.3678
93.76292, 14.4, -111.0544
94.65394, 14.4, -118.3289
95.54494, 14.4, -125.4067
96.43596, 14.4, -132.2827
97.32697, 14.4, -138.8135
98.21798, 14.4, -145.8152
99.10899, 14.4, -156.8161
18.9688, 15.2, -53.5088
19.8495, 15.2, -56.8926
20.7303, 15.2, -56.8762
21.6111, 15.2, -55.8477
22.4919, 15.2, -55.4114
23.3726, 15.2, -55.4104
24.2534, 15.2, -55.6829
25.1342, 15.2, -56.15
26.015, 15.2, -56.7908
26.8957, 15.2, -57.6657
27.7765, 15.2, -58.9617
28.6573, 15.2, -61.1118
29.5381, 15.2, -63.7599
30.4188, 15.2, -64.2444
31.2996, 15.2, -62.797
32.1804, 15.2, -61.8096
33.0612, 15.2, -61.6199
33.9419, 15.2, -61.8291
34.8227, 15.2, -62.2781
35.7035, 15.2, -62.9314
36.5843, 15.2, -63.8092
37.465, 15.2, -64.9233
38.3458, 15.2, -66.1548
39.2266, 15.2, -66.928
40.1074, 15.2, -66.3616
40.9881, 15.2, -66.8019
41.8689, 15.2, -65.8438
42.7497, 15.2, -64.6122
43.6305, 15.2, -63.5193
44.5112, 15.2, -62.6362
45.392, 15.2, -62.0072
46.2728, 15.2, -61.6503
47.1535, 15.2, -61.5709
48.0343, 15.2, -61.8584
48.9151, 15.2, -62.9525
49.7959, 15.2, -68.3942
50.6766, 15.2, -62.6299
51.5574, 15.2, -57.1738
52.4382, 15.2, -53.3192
53.319, 15.2, -50.0793
54.1997, 15.2, -47.2408
55.0805, 15.2, -44.7004
55.9613, 15.2, -42.401
56.8421, 15.2, -40.4038
57.7228, 15.2, -39.0437
58.6036, 15.2, -39.2751
59.4844, 15.2, -43.4762
60.3652, 15.2, -44.0791
61.2459, 15.2, -36.9318
62.1267, 15.2, -33.8719
63.0075, 15.2, -32.7573
63.8883, 15.2, -32.5196
64.769, 15.2, -32.6844
65.6498, 15.2, -33.0109
66.5306, 15.2, -33.5525
67.4114, 15.2, -34.7982
68.2921, 15.2, -37.3929
69.1729, 15.2, -42.2605
70.0537, 15.2, -41.6433
70.9344, 15.2, -44.0048
71.8152, 15.2, -42.0264
72.696, 15.2, -42.0669
73.5768, 15.2, -43.0828
74.4575, 15.2, -44.6827
75.3383, 15.2, -46.6529
76.2191, 15.2, -49.1314
77.0999, 15.2, -52.4
77.9806, 15.2, -56.5019
78.8614, 15.2, -60.2723
79.7422, 15.2, -66.3172
80.623, 15.2, -65.1846
81.5037, 15.2, -65.6327
82.3845, 15.2, -66.4993
83.2653, 15.2, -67.3782
84.1461, 15.2, -68.9527
85.0268, 15.2, -71.1409
85.9076, 15.2, -73.7932
86.7884, 15.2, -76.7406
87.6692, 15.2, -79.6445
88.5499, 15.2, -80.884
89.4307, 15.2, -77.8762
90.3115, 15.2, -78.8578
91.1923, 15.2, -94.4385
92.07303, 15.2, -104.4685
92.9538, 15.2, -111.8242
93.83458, 15.2, -118.9892
94.71535, 15.2, -126.4635
95.59613, 15.2, -134.3053
96.47691, 15.2, -142.6736
97.35767, 15.2, -152.031
98.23845, 15.2, -162.157
99.11922, 15.2, -171.0286
19.9105, 16, -61.7637
20.7811, 16, -58.3535
21.6516, 16, -56.9201
22.5221, 16, -56.5565
23.3927, 16, -56.63
24.2632, 16, -56.9578
25.1338, 16, -57.4603
26.0043, 16, -58.1106
26.8748, 16, -58.9091
27.7454, 16, -59.8538
28.6159, 16, -60.8083
29.4865, 16, -61.6476
30.357, 16, -62.1897
31.2275, 16, -62.3548
32.0981, 16, -62.6051
32.9686, 16, -62.7145
33.8391, 16, -62.9407
34.7097, 16, -63.3209
35.5802, 16, -63.8737
36.4508, 16, -64.6258
37.3213, 16, -65.6137
38.1918, 16, -66.8404
39.0624, 16, -67.7903
39.9329, 16, -66.6239
40.8034, 16, -68.0089
41.674, 16, -66.9248
42.5445, 16, -65.317
43.4151, 16, -63.9554
44.2856, 16, -62.8671
45.1561, 16, -62.0348
46.0267, 16, -61.4646
46.8972, 16, -61.2079
47.7677, 16, -61.4139
48.6383, 16, -62.5816
49.5088, 16, -67.1831
50.3794, 16, -67.4199
51.2499, 16, -58.5505
52.1204, 16, -53.9101
52.991, 16, -50.4712
53.8615, 16, -47.5635
54.732, 16, -44.9863
55.6026, 16, -42.6625
56.4731, 16, -40.5784
57.3437, 16, -38.7877
58.2142, 16, -37.5083
59.0847, 16, -37.9888
59.9553, 16, -47.9738
60.8258, 16, -35.8718
61.6963, 16, -33.2648
62.5669, 16, -32.8136
63.4374, 16, -32.8596
64.308, 16, -33.1534
65.1785, 16, -33.6111
66.049, 16, -34.1913
66.9196, 16, -34.8486
67.7901, 16, -35.4429
68.6606, 16, -35.2136
69.5312, 16, -32.7329
70.4017, 16, -33.8088
71.2723, 16, -39.5386
72.1428, 16, -42.2159
73.0133, 16, -43.5985
73.8839, 16, -44.8532
74.7544, 16, -46.3374
75.6249, 16, -48.2917
76.4955, 16, -50.9842
77.366, 16, -54.7975
78.2366, 16, -60.3366
79.1071, 16, -68.2796
79.9776, 16, -79.1842
80.8482, 16, -73.4329
81.7187, 16, -69.9857
82.5892, 16, -68.6269
83.4598, 16, -68.9838
84.3303, 16, -70.5235
85.2009, 16, -72.933
86.0714, 16, -76.031
86.9419, 16, -79.7049
87.8125, 16, -83.8196
88.683, 16, -87.7211
89.5536, 16, -84.9279
90.4241, 16, -89.4287
91.29462, 16, -103.9038
92.16516, 16, -111.4513
93.0357, 16, -118.5518
93.90623, 16, -126.0112
94.77677, 16, -134.0192
95.64731, 16, -142.7094
96.51785, 16, -152.2447
97.38839, 16, -162.8045
98.25893, 16, -174.2789
99.12946, 16, -183.0631
20.8523, 16.8, -58.0836
21.7126, 16.8, -57.0501
22.5729, 16.8, -57.0065
23.4332, 16.8, -57.3006
24.2935, 16.8, -57.7678
25.1538, 16.8, -58.3429
26.0141, 16.8, -58.9844
26.8744, 16.8, -59.6352
27.7347, 16.8, -60.127
28.595, 16.8, -60.0406
29.4553, 16.8, -59.2239
30.3156, 16.8, -59.4246
31.1759, 16.8, -61.2056
32.0362, 16.8, -62.478
32.8965, 16.8, -63.0917
33.7568, 16.8, -63.4308
34.6171, 16.8, -63.7663
35.4774, 16.8, -64.1894
36.3377, 16.8, -64.7514
37.198, 16.8, -65.492
38.0583, 16.8, -66.405
38.9186, 16.8, -67.7067
39.7789, 16.8, -69.3198
40.6392, 16.8, -68.9007
41.4995, 16.8, -66.8598
42.3598, 16.8, -65.1196
43.2201, 16.8, -63.6023
44.0804, 16.8, -62.3381
44.9407, 16.8, -61.3218
45.801, 16.8, -60.5589
46.6613, 16.8, -60.0945
47.5216, 16.8, -60.0603
48.3819, 16.8, -60.8234
49.2422, 16.8, -63.0345
50.1025, 16.8, -63.9578
50.9628, 16.8, -58.6572
51.8231, 16.8, -53.7244
52.6834, 16.8, -50.1237
53.5437, 16.8, -47.2226
54.404, 16.8, -44.6929
55.2643, 16.8, -42.4017
56.1246, 16.8, -40.2826
56.9849, 16.8, -38.2921
57.8452, 16.8, -36.3658
58.7055, 16.8, -34.3866
59.5658, 16.8, -32.5384
60.4262, 16.8, -30.8308
61.2865, 16.8, -30.5768
62.1468, 16.8, -31.4447
63.0071, 16.8, -32.3284
63.8674, 16.8, -33.1224
64.7277, 16.8, -33.878
65.588, 16.8, -34.5626
66.4483, 16.8, -35.0604
67.3086, 16.8, -35.0395
68.1689, 16.8, -33.3843
69.0292, 16.8, -28.8403
69.8895, 16.8, -24.0468
70.7498, 16.8, -30.4324
71.6101, 16.8, -38.1788
72.4704, 16.8, -42.1215
73.3307, 16.8, -43.8891
74.191, 16.8, -45.0707
75.0513, 16.8, -46.3121
75.9116, 16.8, -48.0012
76.7719, 16.8, -50.5406
77.6322, 16.8, -54.545
78.4925, 16.8, -61.3364
79.3528, 16.8, -73.6168
80.2131, 16.8, -80.4839
81.0734, 16.8, -73.8175
81.9337, 16.8, -68.6553
82.794, 16.8, -67.1842
83.6543, 16.8, -67.7987
84.5146, 16.8, -69.7154
85.3749, 16.8, -72.5776
86.2352, 16.8, -76.225
87.0955, 16.8, -80.6288
87.9558, 16.8, -85.9004
88.8161, 16.8, -92.3611
89.6764, 16.8, -98.6248
90.53669, 16.8, -104.6069
91.39699, 16.8, -109.1915
92.25729, 16.8, -115.4551
93.11759, 16.8, -122.7336
93.97789, 16.8, -130.6978
94.8382, 16.8, -139.3157
95.69849, 16.8, -148.6293
96.55879, 16.8, -158.7286
97.4191, 16.8, -169.668
98.2794, 16.8, -181.1108
99.1397, 16.8, -193.5614
21.7941, 17.6, -56.389
22.6441, 17.6, -56.8047
23.4942, 17.6, -57.3983
24.3443, 17.6, -58.068
25.1943, 17.6, -58.7478
26.0444, 17.6, -59.3814
26.8945, 17.6, -59.8803
27.7445, 17.6, -60.1072
28.5946, 17.6, -59.8078
29.4446, 17.6, -58.1716
30.2947, 17.6, -57.3584
31.1448, 17.6, -60.7345
31.9948, 17.6, -62.0903
32.8449, 17.6, -62.8226
33.695, 17.6, -63.2721
34.545, 17.6, -63.5816
35.3951, 17.6, -63.8579
36.2452, 17.6, -64.1771
37.0952, 17.6, -64.6134
37.9453, 17.6, -65.3247
38.7954, 17.6, -66.6617
39.6454, 17.6, -70.148
40.4955, 17.6, -69.1774
41.3455, 17.6, -65.9027
42.1956, 17.6, -63.9156
43.0457, 17.6, -62.3292
43.8957, 17.6, -60.9834
44.7458, 17.6, -59.8339
45.5959, 17.6, -58.8912
46.4459, 17.6, -58.1945
47.296, 17.6, -57.8275
48.1461, 17.6, -57.9098
48.9961, 17.6, -58.2672
49.8462, 17.6, -55.692
50.6963, 17.6, -54.692
51.5463, 17.6, -51.9897
52.3964, 17.6, -48.795
53.2465, 17.6, -46.0662
54.0965, 17.6, -43.6761
54.9466, 17.6, -41.4966
55.7966, 17.6, -39.4325
56.6467, 17.6, -37.3907
57.4968, 17.6, -35.2347
58.3468, 17.6, -32.6167
59.1969, 17.6, -27.6206
60.047, 17.6, -14.8598
60.897, 17.6, -25.9112
61.7471, 17.6, -29.0053
62.5972, 17.6, -30.7558
63.4472, 17.6, -32.2361
64.2973, 17.6, -33.5102
65.1474, 17.6, -34.5156
65.9974, 17.6, -35.155
66.8475, 17.6, -35.152
67.6975, 17.6, -34.1177
68.5476, 17.6, -31.2752
69.3977, 17.6, -25.2526
70.2477, 17.6, -21.9688
71.0978, 17.6, -33.308
71.9479, 17.6, -38.6567
72.7979, 17.6, -41.2986
73.648, 17.6, -42.6143
74.4981, 17.6, -43.3445
75.3481, 17.6, -44.0237
76.1982, 17.6, -45.108
77.0483, 17.6, -47.1233
77.8983, 17.6, -50.9534
78.7484, 17.6, -58.1621
79.5984, 17.6, -71.3775
80.4485, 17.6, -74.1012
81.2986, 17.6, -66.0641
82.1486, 17.6, -62.7175
82.9987, 17.6, -62.336
83.8488, 17.6, -63.7381
84.6988, 17.6, -66.3188
85.5489, 17.6, -69.7874
86.399, 17.6, -74.0407
87.249, 17.6, -79.1504
88.0991, 17.6, -85.4947
88.9492, 17.6, -94.5137
89.79922, 17.6, -115.3299
90.64929, 17.6, -110.9948
91.49935, 17.6, -110.964
92.34942, 17.6, -116.6475
93.19949, 17.6, -124.1652
94.04955, 17.6, -132.647
94.89961, 17.6, -141.7613
95.74968, 17.6, -151.445
96.59974, 17.6, -161.6862
97.44981, 17.6, -172.6606
98.29987, 17.6, -184.9264
99.14993, 17.6, -200.7382
22.7358, 18.4, -56.2346
23.5757, 18.4, -57.204
24.4155, 18.4, -58.1138
25.2553, 18.4, -58.9507
26.0951, 18.4, -59.6845
26.935, 18.4, -60.2586
27.7748, 18.4, -60.5633
28.6146, 18.4, -60.3523
29.4545, 18.4, -58.779
30.2943, 18.4, -58.169
31.1341, 18.4, -61.1154
31.9739, 18.4, -62.1962
32.8138, 18.4, -62.688
33.6536, 18.4, -62.9189
34.4934, 18.4, -63.0286
35.3332, 18.4, -63.0996
36.1731, 18.4, -63.1993
37.0129, 18.4, -63.4083
37.8527, 18.4, -63.8622
38.6926, 18.4, -64.8882
39.5324, 18.4, -67.5873
40.3722, 18.4, -67.8052
41.212, 18.4, -63.9077
42.0519, 18.4, -61.798
42.8917, 18.4, -60.1435
43.7315, 18.4, -58.7163
44.5714, 18.4, -57.4539
45.4112, 18.4, -56.3426
46.251, 18.4, -55.3921
47.0908, 18.4, -54.6188
47.9307, 18.4, -53.9758
48.7705, 18.4, -52.841
49.6103, 18.4, -50.3801
50.4501, 18.4, -48.3461
51.29, 18.4, -47.6331
52.1298, 18.4, -45.9681
52.9696, 18.4, -43.8413
53.8095, 18.4, -41.805
54.6493, 18.4, -39.8757
55.4891, 18.4, -37.9981
56.3289, 18.4, -36.0898
57.1688, 18.4, -34.0037
58.0086, 18.4, -31.3545
58.8484, 18.4, -26.6426
59.6883, 18.4, -16.5915
60.5281, 18.4, -19.0133
61.3679, 18.4, -26.1069
62.2077, 18.4, -29.3977
63.0476, 18.4, -31.5021
63.8874, 18.4, -33.2191
64.7272, 18.4, -34.664
65.5671, 18.4, -35.8004
66.4069, 18.4, -36.5095
67.2467, 18.4, -36.5746
68.0865, 18.4, -35.6352
68.9264, 18.4, -33.2003
69.7662, 18.4, -26.2064
70.606, 18.4, -32.3361
71.4458, 18.4, -37.6151
72.2857, 18.4, -39.669
73.1255, 18.4, -40.2908
73.9653, 18.4, -40.1402
74.8052, 18.4, -39.6932
75.645, 18.4, -39.3192
76.4848, 18.4, -39.3875
77.3246, 18.4, -40.3687
78.1645, 18.4, -42.9186
79.0043, 18.4, -47.8687
79.8441, 18.4, -60.8285
80.684, 18.4, -56.0047
81.5238, 18.4, -52.7361
82.3636, 18.4, -52.4497
83.2034, 18.4, -53.8058
84.0433, 18.4, -56.3825
84.8831, 18.4, -59.8452
85.7229, 18.4, -64.0282
86.5628, 18.4, -68.9104
87.4026, 18.4, -74.6562
88.2424, 18.4, -81.8618
89.0822, 18.4, -92.8767
89.92207, 18.4, -112.4627
90.76189, 18.4, -108.1785
91.60172, 18.4, -109.1857
92.44155, 18.4, -115.186
93.28138, 18.4, -123.0634
94.1212, 18.4, -131.886
94.96103, 18.4, -141.3323
95.80086, 18.4, -151.3012
96.64069, 18.4, -161.8351
97.48051, 18.4, -173.1696
98.32034, 18.4, -186.0533
99.16017, 18.4, -203.1097
23.6776, 19.2, -56.8235
24.5072, 19.2, -58.2834
25.3368, 19.2, -59.4654
26.1664, 19.2, -60.4373
26.996, 19.2, -61.2516
27.8255, 19.2, -61.8374
28.6551, 19.2, -61.9976
29.4847, 19.2, -61.4857
30.3143, 19.2, -61.7621
31.1439, 19.2, -62.5296
31.9735, 19.2, -62.9299
32.8031, 19.2, -62.9426
33.6327, 19.2, -62.792
34.4623, 19.2, -62.5649
35.2919, 19.2, -62.3131
36.1215, 19.2, -62.0801
36.9511, 19.2, -61.918
37.7806, 19.2, -61.9126
38.6102, 19.2, -62.2518
39.4398, 19.2, -63.2762
40.2694, 19.2, -62.9189
41.099, 19.2, -60.6042
41.9286, 19.2, -58.5478
42.7582, 19.2, -56.9407
43.5878, 19.2, -55.4923
44.4174, 19.2, -54.1344
45.247, 19.2, -52.8513
46.0766, 19.2, -51.6315
46.9062, 19.2, -50.4435
47.7357, 19.2, -49.1508
48.5653, 19.2, -47.6435
49.3949, 19.2, -45.7478
50.2245, 19.2, -44.0255
51.0541, 19.2, -42.6677
51.8837, 19.2, -41.6464
52.7133, 19.2, -40.4625
53.5429, 19.2, -39.0643
54.3725, 19.2, -37.5928
55.2021, 19.2, -36.0895
56.0317, 19.2, -34.5184
56.8612, 19.2, -32.774
57.6908, 19.2, -30.5764
58.5204, 19.2, -27.5243
59.35, 19.2, -22.8766
60.1796, 19.2, -21.2505
61.0092, 19.2, -24.9565
61.8388, 19.2, -29.0193
62.6684, 19.2, -31.9034
63.498, 19.2, -34.1917
64.3276, 19.2, -36.1836
65.1572, 19.2, -37.9589
65.9868, 19.2, -39.5005
66.8163, 19.2, -40.7427
67.6459, 19.2, -41.6042
68.4755, 19.2, -41.8134
69.3051, 19.2, -40.7049
70.1347, 19.2, -41.3678
70.9643, 19.2, -41.7329
71.7939, 19.2, -41.7548
72.6235, 19.2, -40.4461
73.4531, 19.2, -38.5814
74.2827, 19.2, -36.4273
75.1123, 19.2, -34.1873
75.9418, 19.2, -32.052
76.7714, 19.2, -30.2153
77.601, 19.2, -28.8516
78.4306, 19.2, -28.4186
79.2602, 19.2, -30.2067
80.0898, 19.2, -30.9256
80.9194, 19.2, -33.5715
81.749, 19.2, -34.7564
82.5786, 19.2, -37.5665
83.4082, 19.2, -41.0781
84.2378, 19.2, -45.1074
85.0674, 19.2, -49.6022
85.8969, 19.2, -54.5252
86.7265, 19.2, -59.9116
87.5561, 19.2, -65.9342
88.3857, 19.2, -73.1917
89.2153, 19.2, -83.0615
90.0449, 19.2, -90.204
90.8745, 19.2, -97.4516
91.70409, 19.2, -102.5847
92.53368, 19.2, -110.13
93.36327, 19.2, -118.8767
94.19286, 19.2, -128.2878
95.02245, 19.2, -138.14
95.85204, 19.2, -148.3693
96.68163, 19.2, -159.0219
97.51122, 19.2, -170.3072
98.34082, 19.2, -182.7356
99.17041, 19.2, -197.4132
