100.0, 0.0, -6.76967288115e-42
0.0, 0.0, -1.28626755495e-38
-20.0, 0.0, -0.0
-20.0, -20.0, 200.0
100.0, -20.0, 200.0
100.0, 20.0, -200.0
23.7999992, 20.0, -85.8182754517
98.9247284, 0.0, 0.0156541187316
97.8494644, 0.0, 0.0308974310756
96.7741928, 0.0, 0.0456138812006
95.6989212, 0.0, 0.0596755370498
94.6236572, 0.0, 0.0729679316282
93.5483856, 0.0, 0.0854030176997
92.4731216, 0.0, 0.0969246402383
91.39785, 0.0, 0.107509359717
90.3225784, 0.0, 0.117161683738
89.2473145, 0.0, 0.125908315182
88.1720428, 0.0, 0.13379214704
87.0967712, 0.0, 0.140866577625
86.0215073, 0.0, 0.147191390395
84.9462357, 0.0, 0.152829423547
83.8709641, 0.0, 0.157843649387
82.7957001, 0.0, 0.162295237184
81.7204285, 0.0, 0.166242301464
80.6451645, 0.0, 0.169738963246
79.5698929, 0.0, 0.172835215926
78.4946213, 0.0, 0.175576791167
77.4193573, 0.0, 0.178005188704
76.3440857, 0.0, 0.180157899857
75.2688141, 0.0, 0.182068407536
74.1935501, 0.0, 0.183766588569
73.1182785, 0.0, 0.185279041529
72.0430145, 0.0, 0.186629265547
70.9677429, 0.0, 0.187838122249
69.8924713, 0.0, 0.188924044371
68.8172073, 0.0, 0.189903214574
67.7419357, 0.0, 0.190789982677
66.6666641, 0.0, 0.191596984863
65.5914001, 0.0, 0.192335382104
64.5161285, 0.0, 0.193015128374
63.4408607, 0.0, 0.193645089865
62.365593, 0.0, 0.194233268499
61.2903214, 0.0, 0.194786950946
60.2150536, 0.0, 0.195312768221
59.1397858, 0.0, 0.195816859603
58.064518, 0.0, 0.196304932237
56.9892464, 0.0, 0.196782439947
55.9139786, 0.0, 0.197254568338
54.8387108, 0.0, 0.197726354003
53.7634392, 0.0, 0.198202803731
52.6881714, 0.0, 0.198688924313
51.6129036, 0.0, 0.199189797044
50.5376358, 0.0, 0.199710682034
49.4623642, 0.0, 0.200257062912
48.3870964, 0.0, 0.200834706426
47.3118286, 0.0, 0.201449751854
46.2365608, 0.0, 0.202108740807
45.1612892, 0.0, 0.202818870544
44.0860214, 0.0, 0.20358787477
43.0107536, 0.0, 0.20442430675
41.935482, 0.0, 0.205337494612
40.8602142, 0.0, 0.206337660551
39.7849464, 0.0, 0.207436025143
38.7096786, 0.0, 0.208644866943
37.634407, 0.0, 0.209977641702
36.5591393, 0.0, 0.211448967457
35.4838715, 0.0, 0.213074743748
34.4086037, 0.0, 0.214872255921
33.3333321, 0.0, 0.216860190034
32.2580643, 0.0, 0.219058915973
31.1827965, 0.0, 0.221490740776
30.1075268, 0.0, 0.224180534482
29.032259, 0.0, 0.227156355977
27.9569893, 0.0, 0.230450570583
26.8817196, 0.0, 0.234101071954
25.8064518, 0.0, 0.238153204322
24.7311821, 0.0, 0.242662519217
23.6559143, 0.0, 0.247698426247
22.5806446, 0.0, 0.253349691629
21.5053768, 0.0, 0.259731829166
20.4301071, 0.0, 0.266997933388
19.3548393, 0.0, 0.275354206562
18.2795696, 0.0, 0.285083323717
17.2043018, 0.0, 0.296578735113
16.1290321, 0.0, 0.310397714376
15.0537634, 0.0, 0.327343374491
13.9784946, 0.0, 0.348596960306
12.9032259, 0.0, 0.375936895609
11.8279572, 0.0, 0.412119537592
10.7526884, 0.0, 0.461569726467
9.67741966, 0.0, 0.531659841537
8.60215092, 0.0, 0.63500225544
7.52688169, 0.0, 0.793196201324
6.45161295, 0.0, 1.04171812534
5.3763442, 0.0, 1.43313908577
4.30107546, 0.0, 2.03123879433
3.22580647, 0.0, 2.88099336624
2.15053773, 0.0, 3.89594316483
1.07526886, 0.0, 4.46223545074
-1.05263162, 0.0, -4.58697115676e-39
-2.10526323, 0.0, -4.50239578795e-39
-3.15789485, 0.0, -4.46035823532e-39
-4.21052647, 0.0, -4.43614940305e-39
-5.26315784, 0.0, -4.4206832719e-39
-6.3157897, 0.0, -4.41006002824e-39
-7.36842108, 0.0, -4.40235709058e-39
-8.42105293, 0.0, -4.39651227469e-39
-9.47368431, 0.0, -4.39191321313e-39
-10.5263157, 0.0, -4.38817314753e-39
-11.5789471, 0.0, -4.38504544935e-39
-12.6315794, 0.0, -4.38234935111e-39
-13.6842108, 0.0, -4.37997415021e-39
-14.7368422, 0.0, -4.37782736096e-39
-15.7894735, 0.0, -4.37584452364e-39
-16.8421059, 0.0, -4.37395417201e-39
-17.8947372, 0.0, -4.37211706972e-39
-18.9473686, 0.0, -4.37026455315e-39
-20.0, -1.0, 10.0
-20.0, -2.0, 20.0
-20.0, -3.0, 30.0
-20.0, -4.0, 40.0
-20.0, -5.0, 50.0
-20.0, -6.0, 60.0
-20.0, -7.0, 70.0
-20.0, -8.0, 80.0
-20.0, -9.0, 90.0
-20.0, -10.0, 100.0
-20.0, -11.0, 110.0
-20.0, -12.0, 120.0
-20.0, -13.0, 130.0
-20.0, -14.0, 140.0
-20.0, -15.0, 150.0
-20.0, -16.0, 160.0
-20.0, -17.0, 170.0
-20.0, -18.0, 180.0
-20.0, -19.0, 190.0
-18.9285717, -20.0, 200.028335571
-17.8571434, -20.0, 200.056655884
-16.7857151, -20.0, 200.085021973
-15.7142859, -20.0, 200.113510132
-14.6428576, -20.0, 200.142196655
-13.5714283, -20.0, 200.171127319
-12.5, -20.0, 200.200286865
-11.4285717, -20.0, 200.229705811
-10.3571424, -20.0, 200.25932312
-9.28571415, -20.0, 200.289047241
-8.21428585, -20.0, 200.318740845
-7.14285707, -20.0, 200.348220825
-6.07142878, -20.0, 200.377288818
-5.0, -20.0, 200.405639648
-3.92857146, -20.0, 200.43296814
-2.85714293, -20.0, 200.458953857
-1.78571427, -20.0, 200.483261108
-0.714285731, -20.0, 200.505523682
0.357142866, -20.0, 200.525436401
1.42857146, -20.0, 200.542739868
2.5, -20.0, 200.5572052
3.57142854, -20.0, 200.568710327
4.64285707, -20.0, 200.577194214
5.71428585, -20.0, 200.582687378
6.78571415, -20.0, 200.585296631
7.85714293, -20.0, 200.585174561
8.9285717, -20.0, 200.582580566
10.0, -20.0, 200.577774048
11.0714283, -20.0, 200.571044922
12.1428576, -20.0, 200.562713623
13.2142859, -20.0, 200.553085327
14.2857141, -20.0, 200.542434692
15.3571424, -20.0, 200.531021118
16.4285717, -20.0, 200.519119263
17.5, -20.0, 200.506912231
18.5714283, -20.0, 200.49458313
19.6428566, -20.0, 200.482284546
20.7142849, -20.0, 200.47013855
21.7857151, -20.0, 200.458236694
22.8571434, -20.0, 200.446655273
23.9285717, -20.0, 200.435455322
25.0, -20.0, 200.424682617
26.0714283, -20.0, 200.414337158
27.1428566, -20.0, 200.404464722
28.2142849, -20.0, 200.395050049
29.2857151, -20.0, 200.38609314
30.3571434, -20.0, 200.377593994
31.4285717, -20.0, 200.369537354
32.5, -20.0, 200.361907959
33.5714302, -20.0, 200.354690552
34.6428566, -20.0, 200.347885132
35.7142868, -20.0, 200.341430664
36.7857132, -20.0, 200.335357666
37.8571434, -20.0, 200.329605103
38.9285698, -20.0, 200.324157715
40.0, -20.0, 200.319015503
41.0714302, -20.0, 200.31413269
42.1428566, -20.0, 200.309524536
43.2142868, -20.0, 200.305130005
44.2857132, -20.0, 200.300949097
45.3571434, -20.0, 200.296966553
46.4285698, -20.0, 200.293167114
47.5, -20.0, 200.289520264
48.5714302, -20.0, 200.286010742
49.6428566, -20.0, 200.282623291
50.7142868, -20.0, 200.27935791
51.7857132, -20.0, 200.276168823
52.8571434, -20.0, 200.27305603
53.9285698, -20.0, 200.270004272
55.0, -20.0, 200.266998291
56.0714302, -20.0, 200.264022827
57.1428566, -20.0, 200.261047363
58.2142868, -20.0, 200.258087158
59.2857132, -20.0, 200.255096436
60.3571434, -20.0, 200.252090454
61.4285698, -20.0, 200.249038696
62.5, -20.0, 200.245910645
63.5714302, -20.0, 200.242721558
64.6428604, -20.0, 200.239456177
65.7142868, -20.0, 200.236083984
66.7857132, -20.0, 200.232589722
67.8571396, -20.0, 200.22895813
68.9285736, -20.0, 200.225204468
70.0, -20.0, 200.221282959
71.0714264, -20.0, 200.217178345
72.1428604, -20.0, 200.212905884
73.2142868, -20.0, 200.2084198
74.2857132, -20.0, 200.203735352
75.3571396, -20.0, 200.198806763
76.4285736, -20.0, 200.193649292
77.5, -20.0, 200.188232422
78.5714264, -20.0, 200.182556152
79.6428604, -20.0, 200.176589966
80.7142868, -20.0, 200.170333862
81.7857132, -20.0, 200.163772583
82.8571396, -20.0, 200.156906128
83.9285736, -20.0, 200.149719238
85.0, -20.0, 200.142211914
86.0714264, -20.0, 200.134353638
87.1428604, -20.0, 200.126159668
88.2142868, -20.0, 200.117599487
89.2857132, -20.0, 200.108703613
90.3571396, -20.0, 200.099441528
91.4285736, -20.0, 200.089813232
92.5, -20.0, 200.079833984
93.5714264, -20.0, 200.069503784
94.6428604, -20.0, 200.058807373
95.7142868, -20.0, 200.047744751
96.7857132, -20.0, 200.036331177
97.8571396, -20.0, 200.02456665
98.9285736, -20.0, 200.012451172
100.0, -19.0, 190.0
100.0, -18.0, 180.0
100.0, -17.0, 170.0
100.0, -16.0, 160.0
100.0, -15.0, 150.0
100.0, -14.0, 140.0
100.0, -13.0, 130.0
100.0, -12.0, 120.0
100.0, -11.0, 110.0
100.0, -10.0, 100.0
100.0, -9.0, 90.0
100.0, -8.0, 80.0
100.0, -7.0, 70.0
100.0, -6.0, 60.0
100.0, -5.0, 50.0
100.0, -4.0, 40.0
100.0, -3.0, 30.0
100.0, -2.0, 20.0
100.0, -1.0, 10.0
100.0, 0.800000012, -8.0
100.0, 1.60000002, -16.0
100.0, 2.4000001, -24.0
100.0, 3.20000005, -32.0
100.0, 4.0, -40.0
100.0, 4.80000019, -48.0
100.0, 5.5999999, -56.0
100.0, 6.4000001, -64.0
100.0, 7.19999981, -72.0
100.0, 8.0, -80.0
100.0, 8.80000019, -88.0
100.0, 9.60000038, -96.0
100.0, 10.3999996, -104.0
100.0, 11.1999998, -112.0
100.0, 12.0, -120.0
100.0, 12.8000002, -128.0
100.0, 13.6000004, -136.0
100.0, 14.3999996, -144.0
100.0, 15.1999998, -152.0
100.0, 16.0, -160.0
100.0, 16.7999992, -168.0
100.0, 17.6000004, -176.0
100.0, 18.3999996, -184.0
100.0, 19.2000008, -192.0
99.1806488, 20.0, -177.466094971
98.36129, 20.0, -164.374710083
97.5419388, 20.0, -154.302474976
96.72258, 20.0, -146.229537964
95.9032288, 20.0, -139.529067993
95.0838699, 20.0, -133.875534058
94.2645187, 20.0, -129.044189453
93.4451599, 20.0, -124.884986877
92.6258087, 20.0, -121.288024902
91.8064499, 20.0, -118.18396759
90.9870987, 20.0, -115.450256348
90.1677399, 20.0, -113.033699036
89.3483887, 20.0, -110.904136658
88.5290298, 20.0, -109.030288696
87.7096786, 20.0, -107.384529114
86.8903198, 20.0, -105.942611694
86.0709686, 20.0, -104.683174133
85.2516098, 20.0, -103.587188721
84.4322586, 20.0, -102.637626648
83.6128998, 20.0, -101.81867218
82.7935486, 20.0, -101.11631012
81.9741898, 20.0, -100.517486572
81.1548386, 20.0, -100.003662109
80.3354874, 20.0, -99.565284729
79.5161285, 20.0, -99.1812210083
78.6967773, 20.0, -98.8402175903
77.8774185, 20.0, -98.5348815918
77.0580673, 20.0, -98.2599258423
76.2387085, 20.0, -98.0134963989
75.4193573, 20.0, -97.7933044434
74.5999985, 20.0, -97.5965270996
73.7806473, 20.0, -97.4194488525
72.9612885, 20.0, -97.2585296631
72.1419373, 20.0, -97.1142425537
71.3225784, 20.0, -96.9854660034
70.5032272, 20.0, -96.8707809448
69.6838684, 20.0, -96.768737793
68.8645172, 20.0, -96.6779785156
68.0451584, 20.0, -96.5972442627
67.2258072, 20.0, -96.5254058838
66.4064484, 20.0, -96.4614257812
65.5870972, 20.0, -96.4043807983
64.7677383, 20.0, -96.3534469604
63.9483871, 20.0, -96.3078765869
63.1290321, 20.0, -96.2670059204
62.3096771, 20.0, -96.2300262451
61.4903221, 20.0, -96.1964874268
60.6709671, 20.0, -96.166015625
59.8516121, 20.0, -96.1381835938
59.0322571, 20.0, -96.1125793457
58.2129021, 20.0, -96.0888214111
57.3935471, 20.0, -96.0665435791
56.574192, 20.0, -96.0454177856
55.754837, 20.0, -96.0251159668
54.935482, 20.0, -96.0053405762
54.1161308, 20.0, -95.9858016968
53.2967758, 20.0, -95.9661941528
52.4774208, 20.0, -95.9462356567
51.6580658, 20.0, -95.9256134033
50.8387108, 20.0, -95.9040374756
50.0193558, 20.0, -95.8811645508
49.2000008, 20.0, -95.8566513062
48.3806458, 20.0, -95.8301239014
47.5612907, 20.0, -95.8011856079
46.7419357, 20.0, -95.7693634033
45.9225807, 20.0, -95.7341766357
45.1032257, 20.0, -95.6950531006
44.2838707, 20.0, -95.6513671875
43.4645157, 20.0, -95.6024093628
42.6451607, 20.0, -95.5473709106
41.8258057, 20.0, -95.4853363037
41.0064507, 20.0, -95.4152450562
40.1870956, 20.0, -95.3358917236
39.3677406, 20.0, -95.2459030151
38.5483856, 20.0, -95.1436767578
37.7290306, 20.0, -95.0273666382
36.9096756, 20.0, -94.8948745728
36.0903244, 20.0, -94.7437362671
35.2709694, 20.0, -94.571144104
34.4516144, 20.0, -94.373878479
33.6322594, 20.0, -94.1481628418
32.8129044, 20.0, -93.8896255493
31.9935474, 20.0, -93.5930633545
31.1741943, 20.0, -93.2523117065
30.3548393, 20.0, -92.8599243164
29.5354843, 20.0, -92.4068832397
28.7161293, 20.0, -91.8821258545
27.8967743, 20.0, -91.2716598511
27.0774193, 20.0, -90.5570983887
26.2580643, 20.0, -89.7128295898
25.4387093, 20.0, -88.6996383667
24.6193542, 20.0, -87.4488754272
22.8479996, 19.2000008, -83.0850982666
21.8959999, 18.3999996, -80.8273849487
20.9440002, 17.6000004, -78.9023742676
19.9920006, 16.7999992, -77.0566864014
19.0400009, 16.0, -75.0185317993
18.0879993, 15.1999998, -72.7714691162
17.1359997, 14.3999996, -70.330657959
16.184, 13.6000004, -67.7702941895
15.2320004, 12.8000002, -65.1795883179
14.2799997, 12.0, -62.6691169739
13.3280001, 11.1999998, -60.3851547241
12.3760004, 10.3999996, -58.4016456604
11.4239998, 9.60000038, -55.9236373901
10.4720001, 8.80000019, -52.8293266296
9.52000046, 8.0, -49.2363777161
8.56799984, 7.19999981, -45.4302902222
7.61600018, 6.4000001, -41.8325004578
6.66400003, 5.5999999, -39.0402908325
5.71199989, 4.80000019, -35.053440094
4.76000023, 4.0, -29.0788211823
3.80800009, 3.20000005, -22.0245513916
2.85599995, 2.4000001, -14.5838670731
1.90400004, 1.60000002, -6.73476314545
0.952000022, 0.800000012, 0.691456973553
98.9249268, -1.0, 10.0151262283
97.8498459, -1.0, 10.029835701
96.7747726, -1.0, 10.0440368652
95.6996918, -1.0, 10.0576353073
94.6246185, -1.0, 10.0705423355
93.5495377, -1.0, 10.0826892853
92.4744644, -1.0, 10.0940275192
91.3993835, -1.0, 10.1045341492
90.3243103, -1.0, 10.1142063141
89.2492294, -1.0, 10.1230611801
88.1741562, -1.0, 10.1311264038
87.0990753, -1.0, 10.1384449005
86.0240021, -1.0, 10.1450634003
84.9489212, -1.0, 10.1510334015
83.873848, -1.0, 10.1564064026
82.7987747, -1.0, 10.1612358093
81.7236938, -1.0, 10.1655712128
80.6486206, -1.0, 10.169462204
79.5735397, -1.0, 10.172952652
78.4984665, -1.0, 10.1760854721
77.4233856, -1.0, 10.1788988113
76.3483124, -1.0, 10.181427002
75.2732315, -1.0, 10.1837024689
74.1981583, -1.0, 10.185754776
73.1230774, -1.0, 10.1876096725
72.0480042, -1.0, 10.189289093
70.9729233, -1.0, 10.1908149719
69.89785, -1.0, 10.1922063828
68.8227692, -1.0, 10.1934785843
67.7476959, -1.0, 10.1946487427
66.6726227, -1.0, 10.1957273483
65.5975418, -1.0, 10.1967287064
64.5224686, -1.0, 10.1976623535
63.4473877, -1.0, 10.1985397339
62.3723106, -1.0, 10.1993675232
61.2972336, -1.0, 10.2001562119
60.2221565, -1.0, 10.2009115219
59.1470833, -1.0, 10.2016420364
58.0720062, -1.0, 10.2023544312
56.9969292, -1.0, 10.2030544281
55.9218521, -1.0, 10.203748703
54.8467751, -1.0, 10.2044439316
53.771698, -1.0, 10.2051458359
52.6966209, -1.0, 10.2058601379
51.6215439, -1.0, 10.2065935135
50.5464668, -1.0, 10.2073516846
49.4713898, -1.0, 10.2081432343
48.3963127, -1.0, 10.2089729309
47.3212357, -1.0, 10.2098493576
46.2461586, -1.0, 10.2107801437
45.1710815, -1.0, 10.2117738724
44.0960045, -1.0, 10.2128391266
43.0209312, -1.0, 10.2139863968
41.9458542, -1.0, 10.2152271271
40.8707771, -1.0, 10.2165708542
39.7957001, -1.0, 10.2180328369
38.720623, -1.0, 10.219625473
37.645546, -1.0, 10.2213640213
36.5704689, -1.0, 10.2232656479
35.4953918, -1.0, 10.2253494263
34.4203148, -1.0, 10.2276344299
33.3452377, -1.0, 10.2301425934
32.2701607, -1.0, 10.2328987122
31.1950836, -1.0, 10.2359304428
30.1200085, -1.0, 10.2392683029
29.0449314, -1.0, 10.2429494858
27.9698544, -1.0, 10.2470149994
26.8947773, -1.0, 10.2515144348
25.8197002, -1.0, 10.2565097809
24.7446232, -1.0, 10.2620744705
23.6695461, -1.0, 10.2683029175
22.594471, -1.0, 10.2753143311
21.5193939, -1.0, 10.2832622528
20.4443169, -1.0, 10.292350769
19.3692398, -1.0, 10.3028478622
18.2941628, -1.0, 10.3151168823
17.2190857, -1.0, 10.329656601
16.1440086, -1.0, 10.3471546173
15.0689325, -1.0, 10.3685817719
13.9938555, -1.0, 10.3953294754
12.9187784, -1.0, 10.4294252396
11.8437023, -1.0, 10.4738817215
10.7686253, -1.0, 10.5332670212
9.6935482, -1.0, 10.6145877838
8.61847115, -1.0, 10.7285385132
7.54339457, -1.0, 10.8908443451
6.46831799, -1.0, 11.12251091
5.39324141, -1.0, 11.4458742142
4.31816435, -1.0, 11.8699550629
3.24308753, -1.0, 12.3496589661
2.16801071, -1.0, 12.6898670197
1.09293389, -1.0, 12.2220773697
0.0178571437, -1.0, 11.3348312378
-1.03571427, -1.0, 10.5002727509
-2.08928561, -1.0, 10.2851858139
-3.14285707, -1.0, 10.1860342026
-4.19642878, -1.0, 10.1323623657
-5.25, -1.0, 10.0995082855
-6.30357122, -1.0, 10.0776901245
-7.35714293, -1.0, 10.0622797012
-8.41071415, -1.0, 10.0508537292
-9.46428585, -1.0, 10.0420322418
-10.5178576, -1.0, 10.0349826813
-11.5714283, -1.0, 10.0291728973
-12.625, -1.0, 10.0242490768
-13.6785717, -1.0, 10.0199651718
-14.7321424, -1.0, 10.0161437988
-15.7857141, -1.0, 10.0126523972
-16.8392849, -1.0, 10.0093860626
-17.8928566, -1.0, 10.0062522888
-18.9464283, -1.0, 10.0031642914
98.9251175, -2.0, 20.0146789551
97.8502274, -2.0, 20.0289459229
96.7753448, -2.0, 20.0427246094
95.7004623, -2.0, 20.0559406281
94.6255798, -2.0, 20.0685272217
93.5506897, -2.0, 20.0804309845
92.4758072, -2.0, 20.0916080475
91.4009247, -2.0, 20.1020374298
90.3260345, -2.0, 20.1117134094
89.251152, -2.0, 20.1206455231
88.1762695, -2.0, 20.1288566589
87.1013794, -2.0, 20.1363754272
86.0264969, -2.0, 20.1432380676
84.9516144, -2.0, 20.1494903564
83.8767319, -2.0, 20.1551742554
82.8018417, -2.0, 20.1603336334
81.7269592, -2.0, 20.1650123596
80.6520767, -2.0, 20.169254303
79.5771866, -2.0, 20.1731014252
78.5023041, -2.0, 20.1765880585
77.4274216, -2.0, 20.1797504425
76.3525314, -2.0, 20.1826248169
75.2776489, -2.0, 20.1852378845
74.2027664, -2.0, 20.1876182556
73.1278839, -2.0, 20.1897907257
72.0529938, -2.0, 20.1917800903
70.9781113, -2.0, 20.1936035156
69.9032288, -2.0, 20.1952819824
68.8283386, -2.0, 20.1968345642
67.7534561, -2.0, 20.1982707977
66.6785736, -2.0, 20.1996097565
65.6036835, -2.0, 20.2008628845
64.528801, -2.0, 20.202041626
63.4539185, -2.0, 20.2031555176
62.3790321, -2.0, 20.2042140961
61.3041458, -2.0, 20.2052288055
60.2292633, -2.0, 20.2062072754
59.154377, -2.0, 20.207157135
58.0794945, -2.0, 20.2080860138
57.0046082, -2.0, 20.2090015411
55.9297218, -2.0, 20.2099113464
54.8548393, -2.0, 20.2108230591
53.779953, -2.0, 20.2117443085
52.7050705, -2.0, 20.2126808167
51.6301842, -2.0, 20.213640213
50.5552979, -2.0, 20.214630127
49.4804153, -2.0, 20.2156581879
48.405529, -2.0, 20.2167320251
47.3306465, -2.0, 20.2178611755
46.2557602, -2.0, 20.2190551758
45.1808739, -2.0, 20.2203235626
44.1059914, -2.0, 20.2216758728
43.031105, -2.0, 20.2231235504
41.9562225, -2.0, 20.2246780396
40.8813362, -2.0, 20.2263526917
39.8064499, -2.0, 20.2281627655
38.7315674, -2.0, 20.2301235199
37.6566811, -2.0, 20.232252121
36.5817986, -2.0, 20.2345657349
35.5069122, -2.0, 20.2370853424
34.4320259, -2.0, 20.2398338318
33.3571434, -2.0, 20.2428379059
32.2822571, -2.0, 20.2461223602
31.2073727, -2.0, 20.2497234344
30.1324883, -2.0, 20.2536735535
29.0576038, -2.0, 20.2580165863
27.9827194, -2.0, 20.2628040314
26.907835, -2.0, 20.2680931091
25.8329487, -2.0, 20.2739601135
24.7580643, -2.0, 20.2804927826
23.6831799, -2.0, 20.2878017426
22.6082954, -2.0, 20.2960338593
21.533411, -2.0, 20.3053665161
20.4585247, -2.0, 20.3160381317
19.3836403, -2.0, 20.3283576965
18.3087559, -2.0, 20.3427391052
17.2338715, -2.0, 20.3597316742
16.158987, -2.0, 20.3800849915
15.0841017, -2.0, 20.4048290253
14.0092163, -2.0, 20.4353866577
12.9343319, -2.0, 20.4737548828
11.8594475, -2.0, 20.5227565765
10.7845621, -2.0, 20.5863723755
9.7096777, -2.0, 20.670173645
8.63479233, -2.0, 20.7816181183
7.55990791, -2.0, 20.9297904968
6.48502302, -2.0, 21.1233711243
5.41013813, -2.0, 21.3646278381
4.33525324, -2.0, 21.6355934143
3.26036859, -2.0, 21.872341156
2.18548393, -2.0, 21.9233551025
1.11059904, -2.0, 21.6925582886
0.0357142873, -2.0, 21.2353687286
-1.01879704, -2.0, 20.7971744537
-2.07330823, -2.0, 20.4966697693
-3.12781954, -2.0, 20.3415184021
-4.18233061, -2.0, 20.2495555878
-5.23684216, -2.0, 20.1906318665
-6.29135323, -2.0, 20.1503372192
-7.34586477, -2.0, 20.1213226318
-8.40037632, -2.0, 20.0995121002
-9.45488739, -2.0, 20.0825080872
-10.5093985, -2.0, 20.0688171387
-11.5639095, -2.0, 20.0574703217
-12.6184206, -2.0, 20.0478076935
-13.6729326, -2.0, 20.0393753052
-14.7274437, -2.0, 20.0318336487
-15.7819548, -2.0, 20.0249290466
-16.8364658, -2.0, 20.0184631348
-17.8909779, -2.0, 20.012260437
-18.945488, -2.0, 20.0061607361
98.9253082, -3.0, 30.0143051147
97.8506165, -3.0, 30.0282001495
96.7759247, -3.0, 30.0416297913
95.7012253, -3.0, 30.0545310974
94.6265335, -3.0, 30.0668506622
93.5518417, -3.0, 30.078546524
92.47715, -3.0, 30.0895824432
91.4024582, -3.0, 30.0999393463
90.3277664, -3.0, 30.1096115112
89.2530746, -3.0, 30.1186027527
88.1783829, -3.0, 30.1269283295
87.1036835, -3.0, 30.1346130371
86.0289917, -3.0, 30.1416835785
84.9542999, -3.0, 30.1481761932
83.8796082, -3.0, 30.1541290283
82.8049164, -3.0, 30.159576416
81.7302246, -3.0, 30.164560318
80.6555328, -3.0, 30.1691150665
79.5808334, -3.0, 30.1732788086
78.5061417, -3.0, 30.1770858765
77.4314499, -3.0, 30.1805667877
76.3567581, -3.0, 30.1837558746
75.2820663, -3.0, 30.1866798401
74.2073746, -3.0, 30.1893634796
73.1326828, -3.0, 30.1918334961
72.057991, -3.0, 30.194108963
70.9832916, -3.0, 30.1962127686
69.9085999, -3.0, 30.1981639862
68.8339081, -3.0, 30.1999759674
67.7592163, -3.0, 30.2016677856
66.6845245, -3.0, 30.2032546997
65.6098328, -3.0, 30.2047462463
64.535141, -3.0, 30.2061576843
63.4604454, -3.0, 30.2074966431
62.3857536, -3.0, 30.2087783813
61.311058, -3.0, 30.2100105286
60.2363663, -3.0, 30.2112026215
59.1616745, -3.0, 30.2123622894
58.0869827, -3.0, 30.2135009766
57.0122871, -3.0, 30.2146263123
55.9375954, -3.0, 30.2157440186
54.8629036, -3.0, 30.2168655396
53.7882118, -3.0, 30.2179965973
52.7135162, -3.0, 30.2191486359
51.6388245, -3.0, 30.22032547
50.5641327, -3.0, 30.2215385437
49.4894409, -3.0, 30.2227954865
48.4147453, -3.0, 30.224105835
47.3400536, -3.0, 30.225479126
46.2653618, -3.0, 30.2269268036
45.19067, -3.0, 30.2284584045
44.1159744, -3.0, 30.2300853729
43.0412827, -3.0, 30.2318210602
41.9665909, -3.0, 30.2336769104
40.8918953, -3.0, 30.2356681824
39.8172035, -3.0, 30.2378120422
38.7425117, -3.0, 30.2401237488
37.66782, -3.0, 30.2426204681
36.5931244, -3.0, 30.2453250885
35.5184326, -3.0, 30.248260498
34.4437408, -3.0, 30.2514476776
33.3690491, -3.0, 30.2549171448
32.2943535, -3.0, 30.2587013245
31.2196617, -3.0, 30.2628326416
30.1449699, -3.0, 30.2673530579
29.0702763, -3.0, 30.2723121643
27.9955845, -3.0, 30.2777633667
26.9208908, -3.0, 30.2837753296
25.846199, -3.0, 30.290430069
24.7715054, -3.0, 30.297826767
23.6968117, -3.0, 30.3060913086
22.6221199, -3.0, 30.3153800964
21.5474262, -3.0, 30.3258895874
20.4727345, -3.0, 30.3378753662
19.3980408, -3.0, 30.3516635895
18.323349, -3.0, 30.3676834106
17.2486553, -3.0, 30.3864955902
16.1739635, -3.0, 30.4088420868
15.0992708, -3.0, 30.435710907
14.0245771, -3.0, 30.4684200287
12.9498844, -3.0, 30.5087299347
11.8751917, -3.0, 30.5589809418
10.800499, -3.0, 30.622209549
9.72580624, -3.0, 30.7022018433
8.65111351, -3.0, 30.8032188416
7.57642078, -3.0, 30.9290046692
6.50172806, -3.0, 31.0803127289
5.42703533, -3.0, 31.2499103546
4.35234261, -3.0, 31.4144496918
3.27764988, -3.0, 31.5253047943
2.20295691, -3.0, 31.5229244232
1.12826419, -3.0, 31.375333786
0.0535714291, -3.0, 31.1191101074
-1.00187969, -3.0, 30.8421859741
-2.05733085, -3.0, 30.6119308472
-3.112782, -3.0, 30.4492206573
-4.16823292, -3.0, 30.3412322998
-5.22368431, -3.0, 30.2669296265
-6.27913523, -3.0, 30.2138061523
-7.33458662, -3.0, 30.1743755341
-8.39003754, -3.0, 30.1440906525
-9.44548893, -3.0, 30.1201019287
-10.5009403, -3.0, 30.1005516052
-11.5563908, -3.0, 30.0841960907
-12.6118422, -3.0, 30.0701713562
-13.6672935, -3.0, 30.0578594208
-14.722744, -3.0, 30.0468025208
-15.7781954, -3.0, 30.036649704
-16.8336468, -3.0, 30.0271205902
-17.8890972, -3.0, 30.0179767609
-18.9445496, -3.0, 30.0090045929
98.925499, -4.0, 40.0139923096
97.8509979, -4.0, 40.0275802612
96.7764969, -4.0, 40.0407180786
95.7019958, -4.0, 40.0533561707
94.6274948, -4.0, 40.0654525757
93.5529938, -4.0, 40.0769729614
92.4784927, -4.0, 40.0878868103
91.4039917, -4.0, 40.0981788635
90.3294907, -4.0, 40.1078414917
89.2549896, -4.0, 40.1168785095
88.1804886, -4.0, 40.1252975464
87.1059875, -4.0, 40.1331176758
86.0314865, -4.0, 40.1403656006
84.9569855, -4.0, 40.147064209
83.8824921, -4.0, 40.1532478333
82.807991, -4.0, 40.1589508057
81.73349, -4.0, 40.1641998291
80.658989, -4.0, 40.1690368652
79.5844879, -4.0, 40.1734848022
78.5099869, -4.0, 40.1775817871
77.4354858, -4.0, 40.181350708
76.3609848, -4.0, 40.1848297119
75.2864838, -4.0, 40.1880378723
74.2119827, -4.0, 40.1910018921
73.1374817, -4.0, 40.1937446594
72.0629807, -4.0, 40.1962890625
70.9884796, -4.0, 40.1986503601
69.9139786, -4.0, 40.2008552551
68.8394775, -4.0, 40.2029151917
67.7649765, -4.0, 40.2048492432
66.6904755, -4.0, 40.2066650391
65.6159744, -4.0, 40.2083854675
64.5414734, -4.0, 40.210018158
63.4669724, -4.0, 40.2115745544
62.3924713, -4.0, 40.2130661011
61.3179741, -4.0, 40.2145042419
60.2434731, -4.0, 40.2159004211
59.168972, -4.0, 40.2172660828
58.094471, -4.0, 40.2186050415
57.0199699, -4.0, 40.2199287415
55.9454689, -4.0, 40.2212486267
54.8709679, -4.0, 40.222568512
53.7964668, -4.0, 40.223903656
52.7219658, -4.0, 40.2252616882
51.6474648, -4.0, 40.2266464233
50.5729637, -4.0, 40.2280731201
49.4984627, -4.0, 40.229549408
48.4239616, -4.0, 40.231086731
47.3494606, -4.0, 40.2326965332
46.2749634, -4.0, 40.2343864441
45.2004623, -4.0, 40.2361679077
44.1259613, -4.0, 40.2380599976
43.0514603, -4.0, 40.240070343
41.9769592, -4.0, 40.2422103882
40.9024582, -4.0, 40.2445030212
39.8279572, -4.0, 40.246963501
38.7534561, -4.0, 40.2496070862
37.6789551, -4.0, 40.252456665
36.604454, -4.0, 40.2555274963
35.529953, -4.0, 40.2588539124
34.455452, -4.0, 40.2624511719
33.3809509, -4.0, 40.2663612366
32.3064499, -4.0, 40.2706069946
31.2319508, -4.0, 40.2752304077
30.1574497, -4.0, 40.2802772522
29.0829487, -4.0, 40.2857971191
28.0084476, -4.0, 40.291847229
26.9339485, -4.0, 40.2985076904
25.8594475, -4.0, 40.3058586121
24.7849464, -4.0, 40.3140106201
23.7104454, -4.0, 40.3230934143
22.6359444, -4.0, 40.3332633972
21.5614433, -4.0, 40.3447303772
20.4869423, -4.0, 40.357749939
19.4124432, -4.0, 40.3726425171
18.3379421, -4.0, 40.3898239136
17.2634411, -4.0, 40.4098320007
16.18894, -4.0, 40.43334198
15.114439, -4.0, 40.4612350464
14.0399389, -4.0, 40.4946327209
12.9654379, -4.0, 40.5349388123
11.8909369, -4.0, 40.583896637
10.8164358, -4.0, 40.6435394287
9.74193573, -4.0, 40.7160224915
8.66743469, -4.0, 40.8031196594
7.59293413, -4.0, 40.9051322937
6.51843309, -4.0, 41.0189437866
5.44393253, -4.0, 41.1349983215
4.3694315, -4.0, 41.2341423035
3.29493093, -4.0, 41.2885246277
2.22043014, -4.0, 41.2709732056
1.14592934, -4.0, 41.1717681885
0.0714285746, -4.0, 41.0089797974
-0.984962404, -4.0, 40.8245239258
-2.04135346, -4.0, 40.6521606445
-3.09774446, -4.0, 40.5116691589
-4.15413523, -4.0, 40.4050750732
-5.21052647, -4.0, 40.3257026672
-6.26691723, -4.0, 40.2658309937
-7.32330847, -4.0, 40.2196884155
-8.37969971, -4.0, 40.1832695007
-9.43609047, -4.0, 40.1538200378
-10.4924812, -4.0, 40.1294403076
-11.548872, -4.0, 40.108795166
-12.6052628, -4.0, 40.0909194946
-13.6616545, -4.0, 40.0751075745
-14.7180452, -4.0, 40.0608253479
-15.774436, -4.0, 40.0476531982
-16.8308277, -4.0, 40.0352592468
-17.8872185, -4.0, 40.023349762
-18.9436092, -4.0, 40.0116767883
98.9256897, -5.0, 50.0137290955
97.8513794, -5.0, 50.0270614624
96.7770767, -5.0, 50.0399551392
95.7027664, -5.0, 50.0523719788
94.6284561, -5.0, 50.0642852783
93.5541458, -5.0, 50.0756568909
92.4798355, -5.0, 50.0864677429
91.4055328, -5.0, 50.0967025757
90.3312225, -5.0, 50.1063537598
89.2569122, -5.0, 50.1154251099
88.1826019, -5.0, 50.1239204407
87.1082916, -5.0, 50.1318588257
86.033989, -5.0, 50.139251709
84.9596786, -5.0, 50.1461334229
83.8853683, -5.0, 50.1525192261
82.811058, -5.0, 50.1584396362
81.7367477, -5.0, 50.1639289856
80.6624451, -5.0, 50.1690101624
79.5881348, -5.0, 50.1737136841
78.5138245, -5.0, 50.1780700684
77.4395142, -5.0, 50.1821060181
76.3652039, -5.0, 50.1858444214
75.2909012, -5.0, 50.1893119812
74.2165909, -5.0, 50.1925315857
73.1422806, -5.0, 50.1955299377
72.0679703, -5.0, 50.1983184814
70.99366, -5.0, 50.2009277344
69.9193573, -5.0, 50.2033691406
68.845047, -5.0, 50.205657959
67.7707367, -5.0, 50.2078132629
66.6964264, -5.0, 50.209854126
65.6221161, -5.0, 50.2117843628
64.5478134, -5.0, 50.2136268616
63.4735031, -5.0, 50.215385437
62.3991928, -5.0, 50.2170791626
61.3248863, -5.0, 50.2187156677
60.250576, -5.0, 50.2203063965
59.1762657, -5.0, 50.221862793
58.1019592, -5.0, 50.2233924866
57.0276489, -5.0, 50.2249069214
55.9533424, -5.0, 50.2264175415
54.8790321, -5.0, 50.2279319763
53.8047218, -5.0, 50.2294616699
52.7304153, -5.0, 50.2310142517
51.656105, -5.0, 50.2326011658
50.5817986, -5.0, 50.2342338562
49.5074883, -5.0, 50.2359199524
48.4331779, -5.0, 50.2376747131
47.3588715, -5.0, 50.2395019531
46.2845612, -5.0, 50.2414245605
45.2102547, -5.0, 50.2434463501
44.1359444, -5.0, 50.2455863953
43.0616341, -5.0, 50.2478561401
41.9873276, -5.0, 50.2502708435
40.9130173, -5.0, 50.2528495789
39.8387108, -5.0, 50.255607605
38.7644005, -5.0, 50.2585639954
37.690094, -5.0, 50.2617416382
36.6157837, -5.0, 50.2651596069
35.5414734, -5.0, 50.2688484192
34.4671669, -5.0, 50.2728309631
33.3928566, -5.0, 50.277141571
32.3185501, -5.0, 50.2818145752
31.2442398, -5.0, 50.2868881226
30.1699314, -5.0, 50.2924118042
29.095623, -5.0, 50.2984390259
28.0213127, -5.0, 50.3050270081
26.9470043, -5.0, 50.3122558594
25.8726959, -5.0, 50.3202133179
24.7983875, -5.0, 50.3290023804
23.7240791, -5.0, 50.3387565613
22.6497688, -5.0, 50.3496398926
21.5754604, -5.0, 50.3618431091
20.501152, -5.0, 50.3756141663
19.4268436, -5.0, 50.3912620544
18.3525352, -5.0, 50.409160614
17.2782249, -5.0, 50.4297866821
16.2039165, -5.0, 50.4537315369
15.1296082, -5.0, 50.481716156
14.0552998, -5.0, 50.5146179199
12.9809904, -5.0, 50.5534706116
11.906682, -5.0, 50.5994224548
10.8323736, -5.0, 50.6536331177
9.75806427, -5.0, 50.7170028687
8.68375587, -5.0, 50.7896766663
7.609447, -5.0, 50.8701858521
6.53513813, -5.0, 50.9541969299
5.46082926, -5.0, 51.0331611633
4.38652086, -5.0, 51.0938415527
3.31221199, -5.0, 51.1203613281
2.23790312, -5.0, 51.0997047424
1.16359448, -5.0, 51.0286064148
0.0892857164, -5.0, 50.9170722961
-0.968045115, -5.0, 50.7870445251
-2.02537584, -5.0, 50.6571235657
-3.08270669, -5.0, 50.5412521362
-4.14003754, -5.0, 50.4449768066
-5.19736862, -5.0, 50.3676643372
-6.25469923, -5.0, 50.3060646057
-7.31202984, -5.0, 50.2566261292
-8.36936092, -5.0, 50.2163925171
-9.42669201, -5.0, 50.1830863953
-10.4840221, -5.0, 50.155002594
-11.5413532, -5.0, 50.1308746338
-12.5986843, -5.0, 50.1097412109
-13.6560154, -5.0, 50.090877533
-14.7133455, -5.0, 50.0737190247
-15.7706766, -5.0, 50.0578155518
-16.8280067, -5.0, 50.0427894592
-17.8853378, -5.0, 50.0283317566
-18.9426689, -5.0, 50.0141563416
98.9258804, -6.0, 60.0135116577
97.8517685, -6.0, 60.0266265869
96.7776489, -6.0, 60.0393180847
95.7035294, -6.0, 60.0515518188
94.6294174, -6.0, 60.0633049011
93.5552979, -6.0, 60.0745544434
92.4811859, -6.0, 60.0852775574
91.4070663, -6.0, 60.0954627991
90.3329468, -6.0, 60.1051025391
89.2588348, -6.0, 60.114200592
88.1847153, -6.0, 60.1227607727
87.1105957, -6.0, 60.1307983398
86.0364838, -6.0, 60.1383209229
84.9623642, -6.0, 60.1453552246
83.8882523, -6.0, 60.1519165039
82.8141327, -6.0, 60.1580352783
81.7400131, -6.0, 60.1637306213
80.6659012, -6.0, 60.1690330505
79.5917816, -6.0, 60.1739654541
78.517662, -6.0, 60.1785545349
77.4435501, -6.0, 60.1828269958
76.3694305, -6.0, 60.1868019104
75.2953186, -6.0, 60.1905059814
74.221199, -6.0, 60.1939620972
73.1470795, -6.0, 60.1971931458
72.0729675, -6.0, 60.2002105713
70.998848, -6.0, 60.2030448914
69.9247284, -6.0, 60.2057037354
68.8506165, -6.0, 60.2082099915
67.7764969, -6.0, 60.2105751038
66.7023773, -6.0, 60.2128181458
65.6282654, -6.0, 60.2149505615
64.5541458, -6.0, 60.2169876099
63.4800301, -6.0, 60.2189407349
62.4059143, -6.0, 60.2208251953
61.3317986, -6.0, 60.2226486206
60.257679, -6.0, 60.2244224548
59.1835632, -6.0, 60.2261619568
58.1094475, -6.0, 60.2278709412
57.0353317, -6.0, 60.2295684814
55.9612122, -6.0, 60.2312583923
54.8870964, -6.0, 60.2329559326
53.8129807, -6.0, 60.2346687317
52.7388649, -6.0, 60.2364082336
51.6647453, -6.0, 60.2381858826
50.5906296, -6.0, 60.2400093079
49.5165138, -6.0, 60.241897583
48.4423981, -6.0, 60.2438545227
47.3682785, -6.0, 60.2458953857
46.2941628, -6.0, 60.2480354309
45.220047, -6.0, 60.2502861023
44.1459312, -6.0, 60.252658844
43.0718117, -6.0, 60.2551765442
41.9976959, -6.0, 60.2578468323
40.9235802, -6.0, 60.2606925964
39.8494606, -6.0, 60.2637290955
38.7753448, -6.0, 60.2669792175
37.7012291, -6.0, 60.2704620361
36.6271133, -6.0, 60.2742004395
35.5529938, -6.0, 60.2782249451
34.478878, -6.0, 60.2825622559
33.4047623, -6.0, 60.2872467041
32.3306465, -6.0, 60.2923088074
31.2565289, -6.0, 60.2977905273
30.1824112, -6.0, 60.3037452698
29.1082954, -6.0, 60.310218811
28.0341778, -6.0, 60.317276001
26.960062, -6.0, 60.3249969482
25.8859444, -6.0, 60.3334617615
24.8118286, -6.0, 60.3427772522
23.737711, -6.0, 60.3530654907
22.6635952, -6.0, 60.3644866943
21.5894775, -6.0, 60.3772201538
20.5153618, -6.0, 60.3914871216
19.4412441, -6.0, 60.4075660706
18.3671284, -6.0, 60.4257850647
17.2930107, -6.0, 60.4465408325
16.218895, -6.0, 60.4703140259
15.1447773, -6.0, 60.4976615906
14.0706606, -6.0, 60.5292129517
12.9965439, -6.0, 60.5656471252
11.9224272, -6.0, 60.6076164246
10.8483105, -6.0, 60.6556053162
9.77419376, -6.0, 60.7096824646
8.70007706, -6.0, 60.7690925598
7.62595987, -6.0, 60.8316841125
6.55184317, -6.0, 60.8932800293
5.47772646, -6.0, 60.9472312927
4.40360975, -6.0, 60.9847755432
3.32949305, -6.0, 60.9967155457
2.25537634, -6.0, 60.9764099121
1.18125963, -6.0, 60.9228134155
0.107142858, -6.0, 60.8417816162
-0.951127827, -6.0, 60.7458381653
-2.00939846, -6.0, 60.6457862854
-3.06766915, -6.0, 60.5510978699
-4.12593985, -6.0, 60.4671516418
-5.1842103, -6.0, 60.3955574036
-6.24248123, -6.0, 60.3355712891
-7.30075169, -6.0, 60.2854804993
-8.35902214, -6.0, 60.2434196472
-9.41729355, -6.0, 60.2077255249
-10.475564, -6.0, 60.177028656
-11.5338345, -6.0, 60.1502304077
-12.5921049, -6.0, 60.1264572144
-13.6503763, -6.0, 60.1050224304
-14.7086468, -6.0, 60.0853691101
-15.7669172, -6.0, 60.0670394897
-16.8251877, -6.0, 60.0496520996
-17.8834591, -6.0, 60.0328788757
-18.9417286, -6.0, 60.0164222717
98.9260788, -7.0, 70.0133285522
97.85215, -7.0, 70.026260376
96.7782288, -7.0, 70.0387802124
95.7042999, -7.0, 70.0508651733
94.6303787, -7.0, 70.0624847412
93.5564499, -7.0, 70.0736312866
92.4825287, -7.0, 70.0842819214
91.4085999, -7.0, 70.0944213867
90.3346786, -7.0, 70.104057312
89.2607498, -7.0, 70.1131744385
88.1868286, -7.0, 70.1217880249
87.1128998, -7.0, 70.1299057007
86.0389786, -7.0, 70.1375427246
84.9650574, -7.0, 70.1447067261
83.8911285, -7.0, 70.1514282227
82.8172073, -7.0, 70.1577148438
81.7432785, -7.0, 70.1635971069
80.6693573, -7.0, 70.1690979004
79.5954285, -7.0, 70.1742324829
78.5215073, -7.0, 70.1790313721
77.4475784, -7.0, 70.1835174561
76.3736572, -7.0, 70.1877059937
75.2997284, -7.0, 70.1916275024
74.2258072, -7.0, 70.1952972412
73.1518784, -7.0, 70.1987380981
72.0779572, -7.0, 70.201965332
71.0040359, -7.0, 70.2050094604
69.9301071, -7.0, 70.2078704834
68.8561859, -7.0, 70.2105712891
67.7822571, -7.0, 70.2131347656
66.7083359, -7.0, 70.2155685425
65.634407, -7.0, 70.2178878784
64.5604858, -7.0, 70.2201080322
63.4865608, -7.0, 70.2222442627
62.4126358, -7.0, 70.2243041992
61.3387108, -7.0, 70.2263031006
60.2647858, -7.0, 70.2282485962
59.1908607, -7.0, 70.2301559448
58.1169357, -7.0, 70.2320404053
57.0430107, -7.0, 70.2339096069
55.9690857, -7.0, 70.2357711792
54.8951607, -7.0, 70.2376403809
53.8212357, -7.0, 70.2395248413
52.7473106, -7.0, 70.2414398193
51.6733856, -7.0, 70.2433929443
50.5994606, -7.0, 70.2454071045
49.5255394, -7.0, 70.2474746704
48.4516144, -7.0, 70.2496261597
47.3776894, -7.0, 70.2518692017
46.3037643, -7.0, 70.2542114258
45.2298393, -7.0, 70.2566757202
44.1559143, -7.0, 70.2592697144
43.0819893, -7.0, 70.2620162964
42.0080643, -7.0, 70.2649307251
40.9341393, -7.0, 70.2680206299
39.8602142, -7.0, 70.2713165283
38.7862892, -7.0, 70.2748413086
37.7123642, -7.0, 70.2786102295
36.6384392, -7.0, 70.2826461792
35.564518, -7.0, 70.2869796753
34.490593, -7.0, 70.2916412354
33.4166679, -7.0, 70.296661377
32.3427429, -7.0, 70.3020706177
31.2688179, -7.0, 70.3079223633
30.1948929, -7.0, 70.3142547607
29.1209679, -7.0, 70.3211212158
28.0470428, -7.0, 70.3285827637
26.9731178, -7.0, 70.3367156982
25.8991928, -7.0, 70.3455963135
24.8252697, -7.0, 70.3553314209
23.7513447, -7.0, 70.366027832
22.6774197, -7.0, 70.3778305054
21.6034946, -7.0, 70.3908996582
20.5295696, -7.0, 70.4054412842
19.4556446, -7.0, 70.4216690063
18.3817196, -7.0, 70.4398727417
17.3077965, -7.0, 70.4603729248
16.2338715, -7.0, 70.4835128784
15.1599464, -7.0, 70.5096969604
14.0860214, -7.0, 70.5393371582
13.0120964, -7.0, 70.5728149414
11.9381723, -7.0, 70.6103897095
10.8642473, -7.0, 70.6521072388
9.7903223, -7.0, 70.6975250244
8.71639824, -7.0, 70.7454986572
7.64247322, -7.0, 70.7938232422
6.5685482, -7.0, 70.8389511108
5.49462366, -7.0, 70.8759918213
4.42069912, -7.0, 70.8991928101
3.3467741, -7.0, 70.9030761719
2.27284956, -7.0, 70.8840560913
1.19892478, -7.0, 70.8418960571
0.125, -7.0, 70.7801971436
-0.934210539, -7.0, 70.7065811157
-1.99342108, -7.0, 70.6276321411
-3.05263162, -7.0, 70.5497741699
-4.11184216, -7.0, 70.4774093628
-5.17105246, -7.0, 70.4127120972
-6.23026323, -7.0, 70.3561477661
-7.28947353, -7.0, 70.3071594238
-8.34868431, -7.0, 70.2647705078
-9.40789509, -7.0, 70.227897644
-10.4671049, -7.0, 70.1955413818
-11.5263157, -7.0, 70.1668243408
-12.5855265, -7.0, 70.1410064697
-13.6447372, -7.0, 70.1174697876
-14.7039471, -7.0, 70.0957107544
-15.7631578, -7.0, 70.0752792358
-16.8223686, -7.0, 70.055809021
-17.8815784, -7.0, 70.0369720459
-18.9407902, -7.0, 70.0184631348
98.9262695, -8.0, 80.013168335
97.8525314, -8.0, 80.0259552002
96.778801, -8.0, 80.0383377075
95.7050705, -8.0, 80.0502929688
94.63134, -8.0, 80.0618057251
93.5576019, -8.0, 80.0728607178
92.4838715, -8.0, 80.083442688
91.410141, -8.0, 80.0935516357
90.3364029, -8.0, 80.1031723022
89.2626724, -8.0, 80.1123123169
88.188942, -8.0, 80.1209793091
87.1152039, -8.0, 80.1291656494
86.0414734, -8.0, 80.1369018555
84.9677429, -8.0, 80.1441802979
83.8940125, -8.0, 80.1510314941
82.8202744, -8.0, 80.1574707031
81.7465439, -8.0, 80.1635131836
80.6728134, -8.0, 80.1691894531
79.5990753, -8.0, 80.1745071411
78.5253448, -8.0, 80.1794891357
77.4516144, -8.0, 80.1841659546
76.3778839, -8.0, 80.1885528564
75.3041458, -8.0, 80.1926727295
74.2304153, -8.0, 80.1965332031
73.1566849, -8.0, 80.2001724243
72.0829468, -8.0, 80.2035903931
71.0092163, -8.0, 80.206817627
69.9354858, -8.0, 80.2098693848
68.8617477, -8.0, 80.2127532959
67.7880173, -8.0, 80.2154998779
66.7142868, -8.0, 80.2181091309
65.6405563, -8.0, 80.2206039429
64.5668182, -8.0, 80.2229919434
63.4930878, -8.0, 80.2252960205
62.4193535, -8.0, 80.2275161743
61.345623, -8.0, 80.229675293
60.2718887, -8.0, 80.2317886353
59.1981583, -8.0, 80.2338562012
58.124424, -8.0, 80.2359008789
57.0506897, -8.0, 80.2379226685
55.9769592, -8.0, 80.2399520874
54.9032249, -8.0, 80.2419815063
53.8294945, -8.0, 80.2440261841
52.7557602, -8.0, 80.2461090088
51.6820259, -8.0, 80.2482299805
50.6082954, -8.0, 80.2504119873
49.5345612, -8.0, 80.2526626587
48.4608307, -8.0, 80.254989624
47.3870964, -8.0, 80.2574157715
46.3133659, -8.0, 80.2599563599
45.2396317, -8.0, 80.2626113892
44.1658974, -8.0, 80.2654190063
43.0921669, -8.0, 80.268371582
42.0184326, -8.0, 80.2715072632
40.9447021, -8.0, 80.2748336792
39.8709679, -8.0, 80.2783660889
38.7972336, -8.0, 80.2821426392
37.7235031, -8.0, 80.2861709595
36.6497688, -8.0, 80.290473938
35.5760384, -8.0, 80.2950897217
34.5023041, -8.0, 80.3000488281
33.4285698, -8.0, 80.3053665161
32.3548393, -8.0, 80.3110961914
31.281105, -8.0, 80.317276001
30.2073727, -8.0, 80.3239364624
29.1336403, -8.0, 80.3311386108
28.0599079, -8.0, 80.3389434814
26.9861755, -8.0, 80.3474197388
25.9124432, -8.0, 80.3566360474
24.8387089, -8.0, 80.36668396
23.7649765, -8.0, 80.3776702881
22.6912441, -8.0, 80.3897094727
21.6175117, -8.0, 80.4029541016
20.5437794, -8.0, 80.4175720215
19.470047, -8.0, 80.4337310791
18.3963127, -8.0, 80.4516601562
17.3225803, -8.0, 80.4715957642
16.248848, -8.0, 80.4937820435
15.1751156, -8.0, 80.5184707642
14.1013823, -8.0, 80.5458908081
13.0276499, -8.0, 80.5762023926
11.9539175, -8.0, 80.6093902588
10.8801842, -8.0, 80.6452026367
9.8064518, -8.0, 80.6829833984
8.73271847, -8.0, 80.7214660645
7.65898609, -8.0, 80.7586669922
6.58525324, -8.0, 80.7917633057
5.51152086, -8.0, 80.8172302246
4.43778801, -8.0, 80.8312530518
3.3640554, -8.0, 80.8304748535
2.29032254, -8.0, 80.8128662109
1.21658981, -8.0, 80.7784729004
0.142857149, -8.0, 80.7296142578
-0.917293251, -8.0, 80.6711807251
-1.97744358, -8.0, 80.6073303223
-3.03759408, -8.0, 80.5425033569
-4.09774446, -8.0, 80.4800796509
-5.15789461, -8.0, 80.4221801758
-6.21804523, -8.0, 80.3697357178
-7.27819538, -8.0, 80.322845459
-8.33834553, -8.0, 80.2811355591
-9.39849663, -8.0, 80.2439956665
-10.4586468, -8.0, 80.2107467651
-11.5187969, -8.0, 80.1807556152
-12.5789471, -8.0, 80.1534194946
-13.6390982, -8.0, 80.1282272339
-14.6992483, -8.0, 80.1047286987
-15.7593985, -8.0, 80.0825195312
-16.8195496, -8.0, 80.0612487793
-17.8796997, -8.0, 80.0405960083
-18.9398499, -8.0, 80.0202789307
98.9264603, -9.0, 90.0130386353
97.8529205, -9.0, 90.0257034302
96.7793808, -9.0, 90.0379638672
95.7058334, -9.0, 90.0498046875
94.6322937, -9.0, 90.0612258911
93.558754, -9.0, 90.0722122192
92.4852142, -9.0, 90.0827407837
91.4116745, -9.0, 90.0928192139
90.3381348, -9.0, 90.1024398804
89.264595, -9.0, 90.1115951538
88.1910553, -9.0, 90.120300293
87.1175079, -9.0, 90.1285552979
86.0439682, -9.0, 90.1363677979
84.9704285, -9.0, 90.1437530518
83.8968887, -9.0, 90.150718689
82.823349, -9.0, 90.1572875977
81.7498093, -9.0, 90.1634750366
80.6762695, -9.0, 90.169303894
79.6027298, -9.0, 90.1747817993
78.5291824, -9.0, 90.17993927
77.4556427, -9.0, 90.1847839355
76.382103, -9.0, 90.1893463135
75.3085632, -9.0, 90.1936340332
74.2350235, -9.0, 90.1976776123
73.1614838, -9.0, 90.2014846802
72.087944, -9.0, 90.2050857544
71.0144043, -9.0, 90.208480835
69.9408569, -9.0, 90.2117004395
68.8673172, -9.0, 90.2147598267
67.7937775, -9.0, 90.217666626
66.7202377, -9.0, 90.2204360962
65.646698, -9.0, 90.2230911255
64.5731583, -9.0, 90.2256393433
63.4996147, -9.0, 90.2280960083
62.426075, -9.0, 90.23046875
61.3525352, -9.0, 90.2327804565
60.2789955, -9.0, 90.2350387573
59.205452, -9.0, 90.2372589111
58.1319122, -9.0, 90.2394485474
57.0583725, -9.0, 90.2416229248
55.9848328, -9.0, 90.2437973022
54.9112892, -9.0, 90.2459716797
53.8377495, -9.0, 90.2481765747
52.7642097, -9.0, 90.2504119873
51.69067, -9.0, 90.2526855469
50.6171265, -9.0, 90.255027771
49.5435867, -9.0, 90.2574386597
48.470047, -9.0, 90.2599334717
47.3965073, -9.0, 90.2625350952
46.3229637, -9.0, 90.2652511597
45.249424, -9.0, 90.2680892944
44.1758842, -9.0, 90.2710800171
43.1023407, -9.0, 90.2742385864
42.028801, -9.0, 90.2775726318
40.9552612, -9.0, 90.2811126709
39.8817215, -9.0, 90.284866333
38.8081779, -9.0, 90.2888717651
37.7346382, -9.0, 90.2931365967
36.6610985, -9.0, 90.2976913452
35.5875587, -9.0, 90.3025588989
34.5140152, -9.0, 90.3077774048
33.4404755, -9.0, 90.3133773804
32.3669357, -9.0, 90.3193817139
31.2933941, -9.0, 90.3258361816
30.2198544, -9.0, 90.3327865601
29.1463127, -9.0, 90.3402786255
28.072773, -9.0, 90.3483657837
26.9992313, -9.0, 90.3571090698
25.9256916, -9.0, 90.3665847778
24.85215, -9.0, 90.3768615723
23.7786102, -9.0, 90.3880310059
22.7050686, -9.0, 90.4001998901
21.6315289, -9.0, 90.413482666
20.5579872, -9.0, 90.4280166626
19.4844475, -9.0, 90.4439315796
18.4109058, -9.0, 90.4613952637
17.3373661, -9.0, 90.4805603027
16.2638245, -9.0, 90.5015945435
15.1902838, -9.0, 90.5246124268
14.1167431, -9.0, 90.5497131348
13.0432024, -9.0, 90.5768737793
11.9696617, -9.0, 90.6059188843
10.896121, -9.0, 90.6364364624
9.82258034, -9.0, 90.667678833
8.74903965, -9.0, 90.6984558105
7.67549944, -9.0, 90.7270812988
6.60195875, -9.0, 90.7513656616
5.52841759, -9.0, 90.7687759399
4.4548769, -9.0, 90.7767486572
3.38133645, -9.0, 90.7731628418
2.30779576, -9.0, 90.7568206787
1.23425496, -9.0, 90.7278747559
0.160714284, -9.0, 90.6878662109
-0.900375962, -9.0, 90.6400604248
-1.96146619, -9.0, 90.5871887207
-3.0225563, -9.0, 90.5323638916
-4.08364677, -9.0, 90.4781494141
-5.14473677, -9.0, 90.4263763428
-6.20582724, -9.0, 90.3781051636
-7.26691723, -9.0, 90.3337554932
-8.3280077, -9.0, 90.2933197021
-9.38909817, -9.0, 90.2565231323
-10.4501877, -9.0, 90.2229766846
-11.5112782, -9.0, 90.1922225952
-12.5723686, -9.0, 90.1638259888
-13.6334591, -9.0, 90.1373748779
-14.6945486, -9.0, 90.1124801636
-15.7556391, -9.0, 90.0887832642
-16.8167286, -9.0, 90.0659790039
-17.8778191, -9.0, 90.0437698364
-18.9389095, -9.0, 90.0218582153
98.926651, -10.0, 100.012931824
97.853302, -10.0, 100.025482178
96.779953, -10.0, 100.037643433
95.706604, -10.0, 100.04940033
94.633255, -10.0, 100.060745239
93.559906, -10.0, 100.071662903
92.486557, -10.0, 100.08215332
91.413208, -10.0, 100.092208862
90.339859, -10.0, 100.101821899
89.26651, -10.0, 100.111000061
88.193161, -10.0, 100.119735718
87.119812, -10.0, 100.128044128
86.0464706, -10.0, 100.135932922
84.9731216, -10.0, 100.1434021
83.8997726, -10.0, 100.150474548
82.8264236, -10.0, 100.157157898
81.7530746, -10.0, 100.163475037
80.6797256, -10.0, 100.169433594
79.6063766, -10.0, 100.175056458
78.5330276, -10.0, 100.180358887
77.4596786, -10.0, 100.18535614
76.3863297, -10.0, 100.190071106
75.3129807, -10.0, 100.194526672
74.2396317, -10.0, 100.198722839
73.1662827, -10.0, 100.202690125
72.0929337, -10.0, 100.206443787
71.0195847, -10.0, 100.209999084
69.9462357, -10.0, 100.213371277
68.8728867, -10.0, 100.216583252
67.7995377, -10.0, 100.21963501
66.7261887, -10.0, 100.222557068
65.6528397, -10.0, 100.225357056
64.5794907, -10.0, 100.228050232
63.5061455, -10.0, 100.230644226
62.4327965, -10.0, 100.233161926
61.3594475, -10.0, 100.235610962
60.2860985, -10.0, 100.238014221
59.2127495, -10.0, 100.240364075
58.1394005, -10.0, 100.24269104
57.0660515, -10.0, 100.245002747
55.9927025, -10.0, 100.247306824
54.9193535, -10.0, 100.24962616
53.8460045, -10.0, 100.251968384
52.7726593, -10.0, 100.254341125
51.6993103, -10.0, 100.256767273
50.6259613, -10.0, 100.259246826
49.5526123, -10.0, 100.261810303
48.4792633, -10.0, 100.264457703
47.4059143, -10.0, 100.267219543
46.3325653, -10.0, 100.270095825
45.2592163, -10.0, 100.273101807
44.1858673, -10.0, 100.276268005
43.1125183, -10.0, 100.279602051
42.0391693, -10.0, 100.283126831
40.9658203, -10.0, 100.286857605
39.8924713, -10.0, 100.290817261
38.8191261, -10.0, 100.295021057
37.7457771, -10.0, 100.299507141
36.6724281, -10.0, 100.304283142
35.5990791, -10.0, 100.309379578
34.5257301, -10.0, 100.314834595
33.4523811, -10.0, 100.320663452
32.3790321, -10.0, 100.326911926
31.3056831, -10.0, 100.333618164
30.2323341, -10.0, 100.340812683
29.158987, -10.0, 100.34854126
28.085638, -10.0, 100.3568573
27.012289, -10.0, 100.365814209
25.93894, -10.0, 100.375473022
24.865591, -10.0, 100.385902405
23.7922421, -10.0, 100.397171021
22.718895, -10.0, 100.409370422
21.645546, -10.0, 100.422592163
20.572197, -10.0, 100.436920166
19.498848, -10.0, 100.452468872
18.425499, -10.0, 100.469337463
17.35215, -10.0, 100.487625122
16.278801, -10.0, 100.507392883
15.2054529, -10.0, 100.528701782
14.1321049, -10.0, 100.551506042
13.0587559, -10.0, 100.575691223
11.9854069, -10.0, 100.600975037
10.9120588, -10.0, 100.626876831
9.83870983, -10.0, 100.652664185
8.76536083, -10.0, 100.677261353
7.69201231, -10.0, 100.699287415
6.61866379, -10.0, 100.717063904
5.54531479, -10.0, 100.728767395
4.47196627, -10.0, 100.732643127
3.39861751, -10.0, 100.727310181
2.32526875, -10.0, 100.712051392
1.2519201, -10.0, 100.687019348
0.178571433, -10.0, 100.653282166
-0.883458674, -10.0, 100.613098145
-1.94548869, -10.0, 100.568321228
-3.00751877, -10.0, 100.52117157
-4.06954908, -10.0, 100.473594666
-5.13157892, -10.0, 100.427108765
-6.19360924, -10.0, 100.382728577
-7.25563908, -10.0, 100.340995789
-8.31766891, -10.0, 100.302124023
-9.37969971, -10.0, 100.266059875
-10.4417295, -10.0, 100.23261261
-11.5037594, -10.0, 100.20149231
-12.5657892, -10.0, 100.172401428
-13.62782, -10.0, 100.145019531
-14.6898499, -10.0, 100.119026184
-15.7518797, -10.0, 100.09412384
-16.8139095, -10.0, 100.070037842
-17.8759403, -10.0, 100.046485901
-18.9379692, -10.0, 100.023231506
98.9268417, -11.0, 110.012840271
97.8536835, -11.0, 110.025299072
96.7805328, -11.0, 110.037376404
95.7073746, -11.0, 110.049057007
94.6342163, -11.0, 110.060340881
93.561058, -11.0, 110.071212769
92.4878998, -11.0, 110.081665039
91.4147491, -11.0, 110.091697693
90.3415909, -11.0, 110.10131073
89.2684326, -11.0, 110.110496521
88.1952744, -11.0, 110.119270325
87.1221161, -11.0, 110.127624512
86.0489655, -11.0, 110.135574341
84.9758072, -11.0, 110.143119812
83.9026489, -11.0, 110.150283813
82.8294907, -11.0, 110.157073975
81.75634, -11.0, 110.163497925
80.6831818, -11.0, 110.169578552
79.6100235, -11.0, 110.175323486
78.5368652, -11.0, 110.180755615
77.463707, -11.0, 110.185890198
76.3905563, -11.0, 110.190742493
75.3173981, -11.0, 110.195335388
74.2442398, -11.0, 110.199676514
73.1710815, -11.0, 110.203781128
72.0979233, -11.0, 110.207679749
71.0247726, -11.0, 110.211372375
69.9516144, -11.0, 110.214881897
68.8784561, -11.0, 110.218231201
67.8052979, -11.0, 110.221420288
66.7321396, -11.0, 110.224472046
65.658989, -11.0, 110.227409363
64.5858307, -11.0, 110.230224609
63.5126724, -11.0, 110.232955933
62.439518, -11.0, 110.235595703
61.3663597, -11.0, 110.238174438
60.2932014, -11.0, 110.240699768
59.220047, -11.0, 110.243171692
58.1468887, -11.0, 110.245628357
57.0737343, -11.0, 110.248062134
56.000576, -11.0, 110.250488281
54.9274178, -11.0, 110.252937317
53.8542633, -11.0, 110.255401611
52.781105, -11.0, 110.257904053
51.7079506, -11.0, 110.2604599
50.6347923, -11.0, 110.263076782
49.5616341, -11.0, 110.265769958
48.4884796, -11.0, 110.268562317
47.4153214, -11.0, 110.271461487
46.3421669, -11.0, 110.274482727
45.2690086, -11.0, 110.277648926
44.1958542, -11.0, 110.280975342
43.1226959, -11.0, 110.284469604
42.0495377, -11.0, 110.288162231
40.9763832, -11.0, 110.292068481
39.9032249, -11.0, 110.296203613
38.8300705, -11.0, 110.300598145
37.7569122, -11.0, 110.305267334
36.683754, -11.0, 110.310241699
35.6105995, -11.0, 110.315544128
34.5374413, -11.0, 110.32119751
33.4642868, -11.0, 110.32723999
32.3911285, -11.0, 110.333702087
31.3179722, -11.0, 110.340614319
30.2448158, -11.0, 110.348014832
29.1716595, -11.0, 110.355941772
28.0985031, -11.0, 110.364440918
27.0253448, -11.0, 110.373558044
25.9521885, -11.0, 110.383346558
24.8790321, -11.0, 110.393859863
23.8058758, -11.0, 110.405166626
22.7327194, -11.0, 110.417320251
21.6595631, -11.0, 110.430389404
20.5864048, -11.0, 110.444442749
19.5132484, -11.0, 110.459541321
18.4400921, -11.0, 110.475746155
17.3669357, -11.0, 110.493095398
16.2937794, -11.0, 110.51159668
15.2206221, -11.0, 110.531219482
14.1474657, -11.0, 110.551864624
13.0743084, -11.0, 110.57333374
12.001152, -11.0, 110.595306396
10.9279957, -11.0, 110.617279053
9.85483837, -11.0, 110.638557434
8.78168201, -11.0, 110.658233643
7.70852518, -11.0, 110.675186157
6.63536882, -11.0, 110.68812561
5.56221199, -11.0, 110.695724487
4.48905516, -11.0, 110.696762085
3.41589856, -11.0, 110.690315247
2.34274197, -11.0, 110.675933838
1.26958525, -11.0, 110.653762817
0.196428567, -11.0, 110.624572754
-0.866541326, -11.0, 110.58996582
-1.92951131, -11.0, 110.551239014
-2.99248123, -11.0, 110.509994507
-4.05545092, -11.0, 110.467735291
-5.11842108, -11.0, 110.425682068
-6.18139076, -11.0, 110.384750366
-7.24436092, -11.0, 110.34551239
-8.30733109, -11.0, 110.308280945
-9.37030029, -11.0, 110.273147583
-10.4332705, -11.0, 110.24005127
-11.4962406, -11.0, 110.208862305
-12.5592108, -11.0, 110.179351807
-13.62218, -11.0, 110.151306152
-14.6851501, -11.0, 110.124465942
-15.7481203, -11.0, 110.098602295
-16.8110905, -11.0, 110.073455811
-17.8740597, -11.0, 110.048797607
-18.9370308, -11.0, 110.024391174
98.9270325, -12.0, 120.012763977
97.8540726, -12.0, 120.025146484
96.781105, -12.0, 120.037155151
95.7081375, -12.0, 120.048774719
94.6351776, -12.0, 120.059997559
93.5622101, -12.0, 120.070823669
92.4892502, -12.0, 120.081253052
91.4162827, -12.0, 120.091270447
90.3433151, -12.0, 120.100883484
89.2703552, -12.0, 120.110084534
88.1973877, -12.0, 120.118881226
87.1244202, -12.0, 120.127281189
86.0514603, -12.0, 120.135284424
84.9784927, -12.0, 120.14289856
83.9055328, -12.0, 120.150138855
82.8325653, -12.0, 120.157012939
81.7595978, -12.0, 120.163536072
80.6866379, -12.0, 120.169715881
79.6136703, -12.0, 120.175575256
78.5407028, -12.0, 120.181121826
77.4677429, -12.0, 120.186378479
76.3947754, -12.0, 120.191352844
75.3218155, -12.0, 120.196060181
74.248848, -12.0, 120.200531006
73.1758804, -12.0, 120.20476532
72.1029205, -12.0, 120.208778381
71.029953, -12.0, 120.212600708
69.9569855, -12.0, 120.2162323
68.8840256, -12.0, 120.219703674
67.811058, -12.0, 120.223014832
66.7380981, -12.0, 120.22618866
65.6651306, -12.0, 120.229240417
64.5921631, -12.0, 120.232177734
63.5191994, -12.0, 120.235015869
62.4462357, -12.0, 120.23777771
61.3732719, -12.0, 120.240463257
60.3003082, -12.0, 120.243095398
59.2273407, -12.0, 120.245689392
58.154377, -12.0, 120.248252869
57.0814133, -12.0, 120.250793457
56.0084496, -12.0, 120.253341675
54.935482, -12.0, 120.255897522
53.8625183, -12.0, 120.258476257
52.7895546, -12.0, 120.26109314
51.7165909, -12.0, 120.263763428
50.6436234, -12.0, 120.26650238
49.5706596, -12.0, 120.269317627
48.4976959, -12.0, 120.272239685
47.4247322, -12.0, 120.275260925
46.3517647, -12.0, 120.278419495
45.278801, -12.0, 120.281723022
44.2058372, -12.0, 120.285186768
43.1328735, -12.0, 120.288825989
42.059906, -12.0, 120.292671204
40.9869423, -12.0, 120.296730042
39.9139786, -12.0, 120.301025391
38.8410149, -12.0, 120.305580139
37.7680473, -12.0, 120.310424805
36.6950836, -12.0, 120.315567017
35.6221199, -12.0, 120.321052551
34.5491562, -12.0, 120.326881409
33.4761887, -12.0, 120.333106995
32.4032249, -12.0, 120.339744568
31.3302612, -12.0, 120.346832275
30.2572956, -12.0, 120.354400635
29.1843319, -12.0, 120.362487793
28.1113663, -12.0, 120.371124268
27.0384026, -12.0, 120.380363464
25.9654369, -12.0, 120.390235901
24.8924732, -12.0, 120.400794983
23.8195076, -12.0, 120.412071228
22.7465439, -12.0, 120.424133301
21.6735783, -12.0, 120.437004089
20.6006145, -12.0, 120.45072937
19.5276489, -12.0, 120.465339661
18.4546852, -12.0, 120.480857849
17.3817196, -12.0, 120.497268677
16.3087559, -12.0, 120.514541626
15.2357912, -12.0, 120.532592773
14.1628265, -12.0, 120.551269531
13.0898619, -12.0, 120.570335388
12.0168972, -12.0, 120.589447021
10.9439325, -12.0, 120.60811615
9.87096786, -12.0, 120.625732422
8.7980032, -12.0, 120.64151001
7.72503853, -12.0, 120.654548645
6.65207386, -12.0, 120.663864136
5.57910919, -12.0, 120.668464661
4.50614452, -12.0, 120.667495728
3.43317962, -12.0, 120.660316467
2.36021495, -12.0, 120.646644592
1.2872504, -12.0, 120.626609802
0.214285716, -12.0, 120.600761414
-0.849624038, -12.0, 120.570297241
-1.91353381, -12.0, 120.536125183
-2.9774437, -12.0, 120.499443054
-4.04135323, -12.0, 120.461410522
-5.10526323, -12.0, 120.42301178
-6.16917276, -12.0, 120.385047913
-7.23308277, -12.0, 120.348068237
-8.2969923, -12.0, 120.312423706
-9.36090183, -12.0, 120.278282166
-10.4248123, -12.0, 120.245697021
-11.4887218, -12.0, 120.214607239
-12.5526314, -12.0, 120.184898376
-13.6165409, -12.0, 120.156394958
-14.6804514, -12.0, 120.128929138
-15.7443609, -12.0, 120.102302551
-16.8082714, -12.0, 120.076301575
-17.8721809, -12.0, 120.050720215
-18.9360905, -12.0, 120.025360107
98.9272308, -13.0, 130.012695312
97.854454, -13.0, 130.025009155
96.7816849, -13.0, 130.036956787
95.7089081, -13.0, 130.048522949
94.6361389, -13.0, 130.059707642
93.5633621, -13.0, 130.070510864
92.490593, -13.0, 130.0809021
91.4178162, -13.0, 130.090911865
90.345047, -13.0, 130.100524902
89.2722702, -13.0, 130.109741211
88.199501, -13.0, 130.118560791
87.1267319, -13.0, 130.126998901
86.0539551, -13.0, 130.135055542
84.9811859, -13.0, 130.142715454
83.9084091, -13.0, 130.150024414
82.83564, -13.0, 130.156982422
81.7628632, -13.0, 130.163589478
80.690094, -13.0, 130.16986084
79.6173172, -13.0, 130.175811768
78.544548, -13.0, 130.18145752
77.4717712, -13.0, 130.186813354
76.3990021, -13.0, 130.191894531
75.3262253, -13.0, 130.196716309
74.2534561, -13.0, 130.201278687
73.180687, -13.0, 130.205627441
72.1079102, -13.0, 130.209762573
71.035141, -13.0, 130.213684082
69.9623642, -13.0, 130.217422485
68.889595, -13.0, 130.221008301
67.8168182, -13.0, 130.22442627
66.7440491, -13.0, 130.227706909
65.6712723, -13.0, 130.23085022
64.5985031, -13.0, 130.233886719
63.5257301, -13.0, 130.236831665
62.4529572, -13.0, 130.239700317
61.3801842, -13.0, 130.242477417
60.3074112, -13.0, 130.245223999
59.2346382, -13.0, 130.247909546
58.1618652, -13.0, 130.250564575
57.0890923, -13.0, 130.253204346
56.0163193, -13.0, 130.255859375
54.9435501, -13.0, 130.258514404
53.8707771, -13.0, 130.261184692
52.7980042, -13.0, 130.263916016
51.7252312, -13.0, 130.266677856
50.6524582, -13.0, 130.26953125
49.5796852, -13.0, 130.272460938
48.5069122, -13.0, 130.275482178
47.4341393, -13.0, 130.278625488
46.3613663, -13.0, 130.281890869
45.2885933, -13.0, 130.285324097
44.2158203, -13.0, 130.288909912
43.1430473, -13.0, 130.292678833
42.0702782, -13.0, 130.296646118
40.9975052, -13.0, 130.300842285
39.9247322, -13.0, 130.305282593
38.8519592, -13.0, 130.3099823
37.7791862, -13.0, 130.314971924
36.7064133, -13.0, 130.320266724
35.6336403, -13.0, 130.325897217
34.5608673, -13.0, 130.331878662
33.4880943, -13.0, 130.338256836
32.4153214, -13.0, 130.345046997
31.3425503, -13.0, 130.352279663
30.2697773, -13.0, 130.359985352
29.1970043, -13.0, 130.36819458
28.1242313, -13.0, 130.376937866
27.0514584, -13.0, 130.386260986
25.9786873, -13.0, 130.396179199
24.9059143, -13.0, 130.406738281
23.8331413, -13.0, 130.41796875
22.7603683, -13.0, 130.429885864
21.6875954, -13.0, 130.4425354
20.6148243, -13.0, 130.455917358
19.5420513, -13.0, 130.470031738
18.4692783, -13.0, 130.48487854
17.3965054, -13.0, 130.500411987
16.3237324, -13.0, 130.516540527
15.2509604, -13.0, 130.533172607
14.1781874, -13.0, 130.550094604
13.1054144, -13.0, 130.567077637
12.0326424, -13.0, 130.583770752
10.9598694, -13.0, 130.599716187
9.88709641, -13.0, 130.614364624
8.81432438, -13.0, 130.627075195
7.7415514, -13.0, 130.63710022
6.6687789, -13.0, 130.643676758
5.59600592, -13.0, 130.646072388
4.52323341, -13.0, 130.643661499
3.45046091, -13.0, 130.636001587
2.37768817, -13.0, 130.622894287
1.30491555, -13.0, 130.60446167
0.232142851, -13.0, 130.581115723
-0.832706749, -13.0, 130.553741455
-1.89755642, -13.0, 130.523025513
-2.96240592, -13.0, 130.489868164
-4.02725554, -13.0, 130.455184937
-5.09210539, -13.0, 130.419754028
-6.15695477, -13.0, 130.384292603
-7.22180462, -13.0, 130.349273682
-8.28665447, -13.0, 130.315078735
-9.35150337, -13.0, 130.281921387
-10.4163532, -13.0, 130.249893188
-11.4812031, -13.0, 130.219024658
-12.5460529, -13.0, 130.189239502
-13.6109018, -13.0, 130.160461426
-14.6757517, -13.0, 130.132537842
-15.7406015, -13.0, 130.105300903
-16.8054504, -13.0, 130.07862854
-17.8703003, -13.0, 130.05229187
-18.9351501, -13.0, 130.026153564
98.9274216, -14.0, 140.012634277
97.8548355, -14.0, 140.024902344
96.7822571, -14.0, 140.036804199
95.7096786, -14.0, 140.048324585
94.6371002, -14.0, 140.05947876
93.5645142, -14.0, 140.070236206
92.4919357, -14.0, 140.080627441
91.4193573, -14.0, 140.090621948
90.3467712, -14.0, 140.100234985
89.2741928, -14.0, 140.109466553
88.2016144, -14.0, 140.118301392
87.1290359, -14.0, 140.12677002
86.0564499, -14.0, 140.134857178
84.9838715, -14.0, 140.142578125
83.911293, -14.0, 140.14994812
82.838707, -14.0, 140.156967163
81.7661285, -14.0, 140.163635254
80.6935501, -14.0, 140.16998291
79.6209641, -14.0, 140.176010132
78.5483856, -14.0, 140.181747437
77.4758072, -14.0, 140.187194824
76.4032288, -14.0, 140.192367554
75.3306427, -14.0, 140.197280884
74.2580643, -14.0, 140.201934814
73.1854858, -14.0, 140.206375122
72.1128998, -14.0, 140.210601807
71.0403214, -14.0, 140.214630127
69.9677429, -14.0, 140.218460083
68.8951645, -14.0, 140.222122192
67.8225784, -14.0, 140.225631714
66.75, -14.0, 140.229003906
65.6774216, -14.0, 140.232254028
64.6048355, -14.0, 140.23538208
63.5322571, -14.0, 140.238418579
62.4596786, -14.0, 140.241363525
61.3870964, -14.0, 140.244232178
60.314518, -14.0, 140.247055054
59.2419357, -14.0, 140.249832153
58.1693535, -14.0, 140.252578735
57.0967751, -14.0, 140.255310059
56.0241928, -14.0, 140.258026123
54.9516144, -14.0, 140.260772705
53.8790321, -14.0, 140.263534546
52.8064499, -14.0, 140.266357422
51.7338715, -14.0, 140.269210815
50.6612892, -14.0, 140.272155762
49.5887108, -14.0, 140.275177002
48.5161285, -14.0, 140.278289795
47.4435501, -14.0, 140.281539917
46.3709679, -14.0, 140.284912109
45.2983856, -14.0, 140.28843689
44.2258072, -14.0, 140.292129517
43.1532249, -14.0, 140.296005249
42.0806465, -14.0, 140.300094604
41.0080643, -14.0, 140.304412842
39.935482, -14.0, 140.308959961
38.8629036, -14.0, 140.313781738
37.7903214, -14.0, 140.318893433
36.7177429, -14.0, 140.324325562
35.6451607, -14.0, 140.330078125
34.5725822, -14.0, 140.336196899
33.5, -14.0, 140.342712402
32.4274178, -14.0, 140.349624634
31.3548393, -14.0, 140.356964111
30.282259, -14.0, 140.36479187
29.2096767, -14.0, 140.373092651
28.1370964, -14.0, 140.381912231
27.0645161, -14.0, 140.391281128
25.9919357, -14.0, 140.401229858
24.9193554, -14.0, 140.411758423
23.8467751, -14.0, 140.422912598
22.7741928, -14.0, 140.434692383
21.7016125, -14.0, 140.447097778
20.6290321, -14.0, 140.460144043
19.5564518, -14.0, 140.4737854
18.4838715, -14.0, 140.488006592
17.4112911, -14.0, 140.502716064
16.3387089, -14.0, 140.517837524
15.2661295, -14.0, 140.533203125
14.1935482, -14.0, 140.548629761
13.1209679, -14.0, 140.563858032
12.0483875, -14.0, 140.578536987
10.9758062, -14.0, 140.592254639
9.9032259, -14.0, 140.604553223
8.83064556, -14.0, 140.614852905
7.75806475, -14.0, 140.622558594
6.68548393, -14.0, 140.627075195
5.61290312, -14.0, 140.627838135
4.54032278, -14.0, 140.624389648
3.46774197, -14.0, 140.616394043
2.39516139, -14.0, 140.603729248
1.3225807, -14.0, 140.586502075
0.25, -14.0, 140.565032959
-0.815789461, -14.0, 140.539993286
-1.88157892, -14.0, 140.511901855
-2.94736838, -14.0, 140.481460571
-4.01315784, -14.0, 140.449401855
-5.07894754, -14.0, 140.416366577
-6.14473677, -14.0, 140.382949829
-7.21052647, -14.0, 140.349609375
-8.27631569, -14.0, 140.316680908
-9.34210491, -14.0, 140.284423828
-10.4078951, -14.0, 140.252960205
-11.4736843, -14.0, 140.222366333
-12.5394735, -14.0, 140.192611694
-13.6052628, -14.0, 140.163650513
-14.6710529, -14.0, 140.135391235
-15.7368422, -14.0, 140.107711792
-16.8026314, -14.0, 140.080490112
-17.8684216, -14.0, 140.053573608
-18.9342098, -14.0, 140.026794434
98.9276123, -15.0, 150.012588501
97.8552246, -15.0, 150.024810791
96.7828369, -15.0, 150.03666687
95.7104492, -15.0, 150.048156738
94.6380539, -15.0, 150.059280396
93.5656662, -15.0, 150.070022583
92.4932785, -15.0, 150.08039856
91.4208908, -15.0, 150.090377808
90.3485031, -15.0, 150.099990845
89.2761154, -15.0, 150.109237671
88.2037277, -15.0, 150.118087769
87.13134, -15.0, 150.126586914
86.0589447, -15.0, 150.13470459
84.986557, -15.0, 150.142471313
83.9141693, -15.0, 150.149887085
82.8417816, -15.0, 150.156951904
81.7693939, -15.0, 150.16368103
80.6970062, -15.0, 150.17010498
79.6246185, -15.0, 150.176193237
78.5522308, -15.0, 150.182006836
77.4798355, -15.0, 150.187515259
76.4074478, -15.0, 150.192764282
75.3350601, -15.0, 150.197753906
74.2626724, -15.0, 150.20249939
73.1902847, -15.0, 150.207015991
72.117897, -15.0, 150.21131897
71.0455093, -15.0, 150.215423584
69.9731216, -15.0, 150.219329834
68.9007263, -15.0, 150.223083496
67.8283386, -15.0, 150.226669312
66.7559509, -15.0, 150.230117798
65.6835632, -15.0, 150.233428955
64.6111755, -15.0, 150.236633301
63.5387878, -15.0, 150.239746094
62.4663963, -15.0, 150.242767334
61.3940086, -15.0, 150.24571228
60.3216209, -15.0, 150.248596191
59.2492332, -15.0, 150.251449585
58.1768417, -15.0, 150.254272461
57.104454, -15.0, 150.257080078
56.0320663, -15.0, 150.259872437
54.9596786, -15.0, 150.262695312
53.8872871, -15.0, 150.265533447
52.8148994, -15.0, 150.268417358
51.7425117, -15.0, 150.271362305
50.6701241, -15.0, 150.274368286
49.5977325, -15.0, 150.27746582
48.5253448, -15.0, 150.280670166
47.4529572, -15.0, 150.283996582
46.3805695, -15.0, 150.287460327
45.3081779, -15.0, 150.291061401
44.2357903, -15.0, 150.294845581
43.1634026, -15.0, 150.298828125
42.0910149, -15.0, 150.303009033
41.0186234, -15.0, 150.307418823
39.9462357, -15.0, 150.312072754
38.873848, -15.0, 150.317001343
37.8014603, -15.0, 150.322219849
36.7290688, -15.0, 150.32774353
35.6566811, -15.0, 150.333618164
34.5842934, -15.0, 150.33984375
33.5119057, -15.0, 150.346450806
32.439518, -15.0, 150.35345459
31.3671284, -15.0, 150.360900879
30.2947388, -15.0, 150.368804932
29.2223511, -15.0, 150.377182007
28.1499615, -15.0, 150.386062622
27.0775738, -15.0, 150.395462036
26.0051842, -15.0, 150.405410767
24.9327965, -15.0, 150.415908813
23.8604069, -15.0, 150.426971436
22.7880192, -15.0, 150.438598633
21.7156296, -15.0, 150.450790405
20.6432419, -15.0, 150.463500977
19.5708523, -15.0, 150.476730347
18.4984646, -15.0, 150.490386963
17.426075, -15.0, 150.504394531
16.3536873, -15.0, 150.518630981
15.2812977, -15.0, 150.532928467
14.208909, -15.0, 150.547103882
13.1365204, -15.0, 150.56086731
12.0641317, -15.0, 150.573913574
10.9917431, -15.0, 150.585876465
9.91935444, -15.0, 150.596298218
8.84696579, -15.0, 150.604736328
7.77457762, -15.0, 150.610687256
6.70218897, -15.0, 150.61366272
5.62980032, -15.0, 150.613220215
4.55741167, -15.0, 150.609008789
3.48502302, -15.0, 150.600784302
2.41263437, -15.0, 150.588470459
1.34024572, -15.0, 150.572158813
0.267857134, -15.0, 150.552093506
-0.798872173, -15.0, 150.528808594
-1.86560154, -15.0, 150.502700806
-2.93233085, -15.0, 150.474334717
-3.99906015, -15.0, 150.44430542
-5.0657897, -15.0, 150.413162231
-6.13251877, -15.0, 150.381393433
-7.19924831, -15.0, 150.34942627
-8.26597786, -15.0, 150.317581177
-9.33270645, -15.0, 150.286102295
-10.399436, -15.0, 150.255157471
-11.4661655, -15.0, 150.224838257
-12.5328951, -15.0, 150.195159912
-13.5996237, -15.0, 150.166091919
-14.6663532, -15.0, 150.13760376
-15.7330828, -15.0, 150.109603882
-16.7998123, -15.0, 150.081954956
-17.8665409, -15.0, 150.054580688
-18.9332714, -15.0, 150.027297974
98.927803, -16.0, 160.012542725
97.8556061, -16.0, 160.024734497
96.7834091, -16.0, 160.036560059
95.7112122, -16.0, 160.048019409
94.6390152, -16.0, 160.059112549
93.5668182, -16.0, 160.069839478
92.4946213, -16.0, 160.080200195
91.4224243, -16.0, 160.090194702
90.3502274, -16.0, 160.099807739
89.2780304, -16.0, 160.109054565
88.2058334, -16.0, 160.117919922
87.1336441, -16.0, 160.126434326
86.0614471, -16.0, 160.13458252
84.9892502, -16.0, 160.142379761
83.9170532, -16.0, 160.149841309
82.8448563, -16.0, 160.156951904
81.7726593, -16.0, 160.163726807
80.7004623, -16.0, 160.170196533
79.6282654, -16.0, 160.176345825
78.5560684, -16.0, 160.1822052
77.4838715, -16.0, 160.187789917
76.4116745, -16.0, 160.193099976
75.3394775, -16.0, 160.198150635
74.2672806, -16.0, 160.202957153
73.1950836, -16.0, 160.20753479
72.1228867, -16.0, 160.211898804
71.0506897, -16.0, 160.216064453
69.9784927, -16.0, 160.220046997
68.9062958, -16.0, 160.223861694
67.8340988, -16.0, 160.227508545
66.7619019, -16.0, 160.231018066
65.6897049, -16.0, 160.234390259
64.6175079, -16.0, 160.237670898
63.5453148, -16.0, 160.240829468
62.4731178, -16.0, 160.243911743
61.4009209, -16.0, 160.246917725
60.3287239, -16.0, 160.24987793
59.2565269, -16.0, 160.2527771
58.18433, -16.0, 160.255661011
57.1121368, -16.0, 160.258514404
56.0399399, -16.0, 160.261383057
54.9677429, -16.0, 160.264251709
53.895546, -16.0, 160.267150879
52.823349, -16.0, 160.270111084
51.751152, -16.0, 160.273101807
50.6789551, -16.0, 160.276184082
49.6067581, -16.0, 160.279342651
48.5345612, -16.0, 160.282623291
47.4623642, -16.0, 160.286010742
46.3901672, -16.0, 160.289535522
45.3179741, -16.0, 160.293212891
44.2457771, -16.0, 160.297073364
43.1735802, -16.0, 160.301132202
42.1013832, -16.0, 160.305389404
41.0291862, -16.0, 160.309875488
39.9569893, -16.0, 160.314605713
38.8847923, -16.0, 160.319625854
37.8125954, -16.0, 160.324920654
36.7403984, -16.0, 160.330535889
35.6682014, -16.0, 160.336486816
34.5960045, -16.0, 160.342788696
33.5238113, -16.0, 160.349487305
32.4516144, -16.0, 160.356582642
31.3794155, -16.0, 160.364089966
30.3072205, -16.0, 160.372055054
29.2350235, -16.0, 160.380493164
28.1628265, -16.0, 160.389404297
27.0906296, -16.0, 160.398834229
26.0184326, -16.0, 160.4087677
24.9462357, -16.0, 160.419219971
23.8740406, -16.0, 160.43019104
22.8018436, -16.0, 160.441680908
21.7296467, -16.0, 160.453674316
20.6574497, -16.0, 160.466110229
19.5852528, -16.0, 160.47895813
18.5130577, -16.0, 160.492141724
17.4408607, -16.0, 160.505554199
16.3686638, -16.0, 160.519058228
15.2964668, -16.0, 160.532501221
14.2242708, -16.0, 160.545654297
13.1520739, -16.0, 160.558258057
12.0798769, -16.0, 160.570022583
11.0076809, -16.0, 160.580612183
9.93548393, -16.0, 160.589614868
8.86328697, -16.0, 160.596633911
7.79109049, -16.0, 160.601272583
6.718894, -16.0, 160.603103638
5.64669752, -16.0, 160.601776123
4.57450056, -16.0, 160.59703064
3.50230408, -16.0, 160.588653564
2.43010759, -16.0, 160.57661438
1.35791087, -16.0, 160.560974121
0.285714298, -16.0, 160.54196167
-0.781954885, -16.0, 160.519958496
-1.84962404, -16.0, 160.495330811
-2.91729331, -16.0, 160.468536377
-3.98496246, -16.0, 160.440048218
-5.05263138, -16.0, 160.410354614
-6.12030077, -16.0, 160.379882812
-7.18797016, -16.0, 160.348999023
-8.25563908, -16.0, 160.318023682
-9.32330799, -16.0, 160.287216187
-10.3909779, -16.0, 160.256713867
-11.4586468, -16.0, 160.226638794
-12.5263157, -16.0, 160.197052002
-13.5939846, -16.0, 160.167938232
-14.6616545, -16.0, 160.139297485
-15.7293234, -16.0, 160.111038208
-16.7969933, -16.0, 160.083084106
-17.8646622, -16.0, 160.055343628
-18.9323311, -16.0, 160.027694702
98.9279938, -17.0, 170.012512207
97.8559875, -17.0, 170.024658203
96.783989, -17.0, 170.036468506
95.7119827, -17.0, 170.047912598
94.6399765, -17.0, 170.058990479
93.5679703, -17.0, 170.069702148
92.4959641, -17.0, 170.080047607
91.4239655, -17.0, 170.090042114
90.3519592, -17.0, 170.099655151
89.279953, -17.0, 170.108901978
88.2079468, -17.0, 170.117797852
87.1359482, -17.0, 170.126327515
86.063942, -17.0, 170.134490967
84.9919357, -17.0, 170.142318726
83.9199295, -17.0, 170.149795532
82.8479233, -17.0, 170.156951904
81.7759247, -17.0, 170.163772583
80.7039185, -17.0, 170.170272827
79.6319122, -17.0, 170.176467896
78.559906, -17.0, 170.182373047
77.4878998, -17.0, 170.187988281
76.4159012, -17.0, 170.193344116
75.343895, -17.0, 170.198455811
74.2718887, -17.0, 170.203308105
73.1998825, -17.0, 170.207931519
72.1278839, -17.0, 170.212356567
71.0558777, -17.0, 170.216567993
69.9838715, -17.0, 170.220596313
68.9118652, -17.0, 170.224456787
67.839859, -17.0, 170.228164673
66.7678604, -17.0, 170.231719971
65.6958542, -17.0, 170.235137939
64.623848, -17.0, 170.238464355
63.5518417, -17.0, 170.241668701
62.4798393, -17.0, 170.244796753
61.4078331, -17.0, 170.24786377
60.3358307, -17.0, 170.250854492
59.2638245, -17.0, 170.253814697
58.1918221, -17.0, 170.256729126
57.1198158, -17.0, 170.259643555
56.0478096, -17.0, 170.262542725
54.9758072, -17.0, 170.265472412
53.903801, -17.0, 170.268417358
52.8317986, -17.0, 170.271408081
51.7597923, -17.0, 170.274459839
50.6877899, -17.0, 170.277587891
49.6157837, -17.0, 170.280807495
48.5437775, -17.0, 170.284118652
47.4717751, -17.0, 170.287567139
46.3997688, -17.0, 170.291152954
45.3277664, -17.0, 170.294891357
44.2557602, -17.0, 170.298797607
43.183754, -17.0, 170.302902222
42.1117516, -17.0, 170.307220459
41.0397453, -17.0, 170.311767578
39.9677429, -17.0, 170.316574097
38.8957367, -17.0, 170.321640015
37.8237343, -17.0, 170.327011108
36.7517281, -17.0, 170.332687378
35.6797218, -17.0, 170.338699341
34.6077194, -17.0, 170.345077515
33.5357132, -17.0, 170.351821899
32.4637108, -17.0, 170.358978271
31.3917046, -17.0, 170.366546631
30.3197002, -17.0, 170.374557495
29.2476959, -17.0, 170.383026123
28.1756916, -17.0, 170.391967773
27.1036873, -17.0, 170.401397705
26.031683, -17.0, 170.411315918
24.9596767, -17.0, 170.421722412
23.8876724, -17.0, 170.432632446
22.8156681, -17.0, 170.444000244
21.7436638, -17.0, 170.455810547
20.6716595, -17.0, 170.468032837
19.5996552, -17.0, 170.480575562
18.5276489, -17.0, 170.493377686
17.4556446, -17.0, 170.506317139
16.3836403, -17.0, 170.519256592
15.311636, -17.0, 170.532028198
14.2396317, -17.0, 170.544387817
13.1676264, -17.0, 170.556121826
12.0956221, -17.0, 170.566940308
11.0236177, -17.0, 170.57649231
9.95161247, -17.0, 170.584457397
8.87960815, -17.0, 170.590454102
7.80760384, -17.0, 170.59413147
6.73559904, -17.0, 170.59513855
5.66359425, -17.0, 170.593200684
4.59158993, -17.0, 170.58807373
3.51958537, -17.0, 170.579620361
2.44758058, -17.0, 170.567779541
1.37557602, -17.0, 170.552642822
0.303571433, -17.0, 170.534378052
-0.765037596, -17.0, 170.513320923
-1.83364666, -17.0, 170.489761353
-2.90225554, -17.0, 170.464096069
-3.97086477, -17.0, 170.436737061
-5.03947353, -17.0, 170.408111572
-6.10808277, -17.0, 170.378601074
-7.17669153, -17.0, 170.34854126
-8.24530029, -17.0, 170.318237305
-9.31390953, -17.0, 170.28793335
-10.3825188, -17.0, 170.257781982
-11.451128, -17.0, 170.227920532
-12.5197372, -17.0, 170.198425293
-13.5883455, -17.0, 170.169296265
-14.6569548, -17.0, 170.140533447
-15.725564, -17.0, 170.112091064
-16.7941723, -17.0, 170.08392334
-17.8627815, -17.0, 170.055908203
-18.9313908, -17.0, 170.02796936
98.9281845, -18.0, 180.012481689
97.8563766, -18.0, 180.024612427
96.7845612, -18.0, 180.036392212
95.7127533, -18.0, 180.047821045
94.6409378, -18.0, 180.058883667
93.5691223, -18.0, 180.069595337
92.4973145, -18.0, 180.079940796
91.425499, -18.0, 180.089920044
90.3536835, -18.0, 180.09954834
89.2818756, -18.0, 180.108810425
88.2100601, -18.0, 180.117706299
87.1382523, -18.0, 180.126235962
86.0664368, -18.0, 180.134429932
84.9946213, -18.0, 180.142272949
83.9228134, -18.0, 180.149765015
82.8509979, -18.0, 180.156936646
81.7791824, -18.0, 180.163787842
80.7073746, -18.0, 180.170318604
79.6355591, -18.0, 180.176544189
78.5637512, -18.0, 180.182479858
77.4919357, -18.0, 180.188140869
76.4201202, -18.0, 180.193527222
75.3483124, -18.0, 180.198669434
74.2764969, -18.0, 180.203552246
73.2046814, -18.0, 180.208221436
72.1328735, -18.0, 180.212677002
71.061058, -18.0, 180.216918945
69.9892502, -18.0, 180.220993042
68.9174347, -18.0, 180.224884033
67.8456192, -18.0, 180.228622437
66.7738113, -18.0, 180.232208252
65.7019958, -18.0, 180.235671997
64.630188, -18.0, 180.239028931
63.5583725, -18.0, 180.242279053
62.4865608, -18.0, 180.245437622
61.4147453, -18.0, 180.248519897
60.3429337, -18.0, 180.251556396
59.271122, -18.0, 180.25453186
58.1993103, -18.0, 180.257492065
57.1274948, -18.0, 180.260437012
56.0556831, -18.0, 180.263381958
54.9838715, -18.0, 180.266326904
53.9120598, -18.0, 180.269317627
52.8402443, -18.0, 180.272338867
51.7684326, -18.0, 180.275421143
50.6966209, -18.0, 180.278579712
49.6248093, -18.0, 180.281829834
48.5529938, -18.0, 180.285186768
47.4811821, -18.0, 180.288665771
46.4093704, -18.0, 180.292297363
45.3375587, -18.0, 180.296066284
44.2657433, -18.0, 180.300018311
43.1939316, -18.0, 180.304168701
42.1221199, -18.0, 180.308532715
41.0503082, -18.0, 180.31312561
39.9784927, -18.0, 180.317962646
38.9066811, -18.0, 180.323074341
37.8348694, -18.0, 180.328491211
36.7630577, -18.0, 180.334213257
35.691246, -18.0, 180.340270996
34.6194305, -18.0, 180.346679688
33.5476189, -18.0, 180.353469849
32.4758072, -18.0, 180.360656738
31.4039936, -18.0, 180.368270874
30.3321819, -18.0, 180.376312256
29.2603683, -18.0, 180.384796143
28.1885567, -18.0, 180.393753052
27.1167431, -18.0, 180.403182983
26.0449314, -18.0, 180.413085938
24.9731178, -18.0, 180.423461914
23.9013062, -18.0, 180.434295654
22.8294926, -18.0, 180.445587158
21.7576809, -18.0, 180.457275391
20.6858673, -18.0, 180.469314575
19.6140556, -18.0, 180.481643677
18.5422421, -18.0, 180.494171143
17.4704304, -18.0, 180.506774902
16.3986168, -18.0, 180.519302368
15.3268051, -18.0, 180.531585693
14.2549925, -18.0, 180.543411255
13.1831799, -18.0, 180.554534912
12.1113672, -18.0, 180.564682007
11.0395546, -18.0, 180.573532104
9.96774197, -18.0, 180.580780029
8.89592934, -18.0, 180.586090088
7.82411671, -18.0, 180.589126587
6.75230408, -18.0, 180.589614868
5.68049145, -18.0, 180.587265015
4.60867882, -18.0, 180.581893921
3.53686643, -18.0, 180.573394775
2.4650538, -18.0, 180.561706543
1.39324117, -18.0, 180.546920776
0.321428567, -18.0, 180.529159546
-0.748120308, -18.0, 180.508743286
-1.81766915, -18.0, 180.485900879
-2.887218, -18.0, 180.461013794
-3.95676684, -18.0, 180.434432983
-5.02631569, -18.0, 180.406524658
-6.09586477, -18.0, 180.377685547
-7.16541338, -18.0, 180.348205566
-8.23496246, -18.0, 180.318359375
-9.30451107, -18.0, 180.288406372
-10.3740597, -18.0, 180.258514404
-11.4436092, -18.0, 180.228805542
-12.5131578, -18.0, 180.199371338
-13.5827065, -18.0, 180.170227051
-14.652256, -18.0, 180.141403198
-15.7218046, -18.0, 180.112838745
-16.7913532, -18.0, 180.084503174
-17.8609028, -18.0, 180.056304932
-18.9304504, -18.0, 180.028167725
98.9283829, -19.0, 190.012466431
97.8567581, -19.0, 190.024581909
96.785141, -19.0, 190.036346436
95.7135162, -19.0, 190.04776001
94.6418991, -19.0, 190.058822632
93.5702744, -19.0, 190.069534302
92.4986572, -19.0, 190.079879761
91.4270325, -19.0, 190.089859009
90.3554153, -19.0, 190.099472046
89.2837906, -19.0, 190.108734131
88.2121735, -19.0, 190.117630005
87.1405563, -19.0, 190.126190186
86.0689316, -19.0, 190.134384155
84.9973145, -19.0, 190.142227173
83.9256897, -19.0, 190.149749756
82.8540726, -19.0, 190.156936646
81.7824478, -19.0, 190.163787842
80.7108307, -19.0, 190.170333862
79.6392059, -19.0, 190.176589966
78.5675888, -19.0, 190.182540894
77.4959641, -19.0, 190.188217163
76.4243469, -19.0, 190.193634033
75.3527298, -19.0, 190.198776245
74.281105, -19.0, 190.203704834
73.2094879, -19.0, 190.208389282
72.1378632, -19.0, 190.212860107
71.066246, -19.0, 190.217132568
69.9946213, -19.0, 190.221221924
68.9230042, -19.0, 190.225128174
67.8513794, -19.0, 190.228881836
66.7797623, -19.0, 190.232498169
65.7081375, -19.0, 190.235992432
64.6365204, -19.0, 190.239349365
63.5648994, -19.0, 190.242630005
62.4932785, -19.0, 190.245803833
61.4216576, -19.0, 190.248916626
60.3500366, -19.0, 190.251968384
59.2784195, -19.0, 190.254974365
58.2067986, -19.0, 190.257949829
57.1351776, -19.0, 190.260910034
56.0635567, -19.0, 190.263870239
54.9919357, -19.0, 190.266845703
53.9203148, -19.0, 190.269836426
52.8486938, -19.0, 190.272888184
51.7770729, -19.0, 190.276000977
50.705452, -19.0, 190.279174805
49.633831, -19.0, 190.282440186
48.5622101, -19.0, 190.285827637
47.490593, -19.0, 190.289321899
46.418972, -19.0, 190.29296875
45.3473511, -19.0, 190.296768188
44.2757301, -19.0, 190.300735474
43.2041092, -19.0, 190.304901123
42.1324883, -19.0, 190.309295654
41.0608673, -19.0, 190.313903809
39.9892464, -19.0, 190.318771362
38.9176254, -19.0, 190.323913574
37.8460045, -19.0, 190.329345703
36.7743874, -19.0, 190.335098267
35.7027664, -19.0, 190.341186523
34.6311455, -19.0, 190.347610474
33.5595245, -19.0, 190.354431152
32.4879036, -19.0, 190.361633301
31.4162827, -19.0, 190.369262695
30.3446617, -19.0, 190.377319336
29.2730408, -19.0, 190.385818481
28.2014217, -19.0, 190.394775391
27.1298008, -19.0, 190.404205322
26.0581799, -19.0, 190.414093018
24.9865589, -19.0, 190.424438477
23.914938, -19.0, 190.435241699
22.843317, -19.0, 190.446472168
21.771698, -19.0, 190.458068848
20.7000771, -19.0, 190.470016479
19.6284561, -19.0, 190.482208252
18.5568352, -19.0, 190.494567871
17.4852142, -19.0, 190.506958008
16.4135952, -19.0, 190.519256592
15.3419743, -19.0, 190.53125
14.2703533, -19.0, 190.542755127
13.1987324, -19.0, 190.553512573
12.1271124, -19.0, 190.563278198
11.0554914, -19.0, 190.571716309
9.98387051, -19.0, 190.578567505
8.91225052, -19.0, 190.583480835
7.84062958, -19.0, 190.586166382
6.76900911, -19.0, 190.586349487
5.69738865, -19.0, 190.583786011
4.62576818, -19.0, 190.578308105
3.55414748, -19.0, 190.569793701
2.48252678, -19.0, 190.55821228
1.41090631, -19.0, 190.543640137
0.339285702, -19.0, 190.526199341
-0.73120302, -19.0, 190.506149292
-1.80169177, -19.0, 190.483734131
-2.87218046, -19.0, 190.459289551
-3.94266915, -19.0, 190.433166504
-5.01315784, -19.0, 190.405685425
-6.08364677, -19.0, 190.377227783
-7.15413523, -19.0, 190.348068237
-8.22462368, -19.0, 190.318511963
-9.29511261, -19.0, 190.288757324
-10.3656015, -19.0, 190.259017944
-11.4360905, -19.0, 190.229385376
-12.5065794, -19.0, 190.199981689
-13.5770674, -19.0, 190.170822144
-14.6475563, -19.0, 190.141937256
-15.7180452, -19.0, 190.113296509
-16.7885342, -19.0, 190.084854126
-17.8590221, -19.0, 190.056549072
-18.929512, -19.0, 190.028289795
2.01703215, 0.800000012, -2.46993255615
3.08206463, 0.800000012, -4.52166032791
4.14709663, 0.800000012, -5.82071590424
5.21212912, 0.800000012, -6.60180044174
6.27716112, 0.800000012, -7.05306482315
7.3421936, 0.800000012, -7.30840587616
8.40722561, 0.800000012, -7.45523834229
9.47225761, 0.800000012, -7.54395866394
10.5372906, 0.800000012, -7.60110569
11.6023226, 0.800000012, -7.64021968842
12.6673546, 0.800000012, -7.66837215424
13.7323875, 0.800000012, -7.68946790695
14.7974195, 0.800000012, -7.70581865311
15.8624516, 0.800000012, -7.71886825562
16.9274845, 0.800000012, -7.72955417633
17.9925156, 0.800000012, -7.73850154877
19.0575485, 0.800000012, -7.74613380432
20.1225815, 0.800000012, -7.75274610519
21.1876125, 0.800000012, -7.75854492188
22.2526455, 0.800000012, -7.76367950439
23.3176765, 0.800000012, -7.76825904846
24.3827095, 0.800000012, -7.77236509323
25.4477425, 0.800000012, -7.7760591507
26.5127735, 0.800000012, -7.77939033508
27.5778065, 0.800000012, -7.7823972702
28.6428394, 0.800000012, -7.78511190414
29.7078705, 0.800000012, -7.78756189346
30.7729034, 0.800000012, -7.78977108002
31.8379364, 0.800000012, -7.79176092148
32.9029694, 0.800000012, -7.79355049133
33.9679985, 0.800000012, -7.79515743256
35.0330315, 0.800000012, -7.79659891129
36.0980644, 0.800000012, -7.79789018631
37.1630974, 0.800000012, -7.79904651642
38.2281303, 0.800000012, -7.80008125305
39.2931595, 0.800000012, -7.80100774765
40.3581924, 0.800000012, -7.80183792114
41.4232254, 0.800000012, -7.80258274078
42.4882584, 0.800000012, -7.80325222015
43.5532913, 0.800000012, -7.803855896
44.6183243, 0.800000012, -7.80440092087
45.6833534, 0.800000012, -7.80489587784
46.7483864, 0.800000012, -7.80534744263
47.8134193, 0.800000012, -7.80576133728
48.8784523, 0.800000012, -7.80614328384
49.9434853, 0.800000012, -7.80649805069
51.0085144, 0.800000012, -7.80683088303
52.0735474, 0.800000012, -7.80714654922
53.1385803, 0.800000012, -7.80744838715
54.2036133, 0.800000012, -7.80774116516
55.2686462, 0.800000012, -7.80802822113
56.3336792, 0.800000012, -7.80831432343
57.3987083, 0.800000012, -7.80860233307
58.4637413, 0.800000012, -7.80889749527
59.5287743, 0.800000012, -7.80920314789
60.5938072, 0.800000012, -7.8095240593
61.6588402, 0.800000012, -7.80986499786
62.7238693, 0.800000012, -7.8102312088
63.7889023, 0.800000012, -7.81062793732
64.8539352, 0.800000012, -7.81106281281
65.9189682, 0.800000012, -7.81154203415
66.9840012, 0.800000012, -7.81207418442
68.0490341, 0.800000012, -7.81266784668
69.1140671, 0.800000012, -7.81333398819
70.1791, 0.800000012, -7.81408500671
71.2441254, 0.800000012, -7.81493377686
72.3091583, 0.800000012, -7.81589651108
73.3741913, 0.800000012, -7.81699180603
74.4392242, 0.800000012, -7.81823968887
75.5042572, 0.800000012, -7.81966400146
76.5692902, 0.800000012, -7.82129240036
77.6343231, 0.800000012, -7.82315397263
78.6993561, 0.800000012, -7.82528448105
79.764389, 0.800000012, -7.82772254944
80.829422, 0.800000012, -7.83051156998
81.894455, 0.800000012, -7.83369970322
82.9594803, 0.800000012, -7.83734035492
84.0245132, 0.800000012, -7.84149169922
85.0895462, 0.800000012, -7.84621715546
86.1545792, 0.800000012, -7.85158491135
87.2196121, 0.800000012, -7.85766506195
88.2846451, 0.800000012, -7.86452960968
89.349678, 0.800000012, -7.87224817276
90.414711, 0.800000012, -7.88088464737
91.479744, 0.800000012, -7.89049196243
92.5447769, 0.800000012, -7.90110683441
93.6098099, 0.800000012, -7.9127407074
94.6748352, 0.800000012, -7.92537164688
95.7398682, 0.800000012, -7.93893671036
96.8049011, 0.800000012, -7.95333051682
97.8699341, 0.800000012, -7.96841287613
98.934967, 0.800000012, -7.9840221405
2.95879579, 1.60000002, -10.4590454102
4.01359129, 1.60000002, -12.6627073288
5.06838703, 1.60000002, -13.9183864594
6.12318277, 1.60000002, -14.6147165298
7.17797852, 1.60000002, -14.9875745773
8.23277378, 1.60000002, -15.190164566
9.28757, 1.60000002, -15.3077163696
10.3423653, 1.60000002, -15.3821182251
11.3971615, 1.60000002, -15.4330425262
12.4519567, 1.60000002, -15.4700059891
13.506753, 1.60000002, -15.4979562759
14.5615482, 1.60000002, -15.5197906494
15.6163445, 1.60000002, -15.5373544693
16.6711407, 1.60000002, -15.5518655777
17.725935, 1.60000002, -15.5641345978
18.7807312, 1.60000002, -15.5747098923
19.8355274, 1.60000002, -15.5839681625
20.8903217, 1.60000002, -15.5921697617
21.945118, 1.60000002, -15.5994977951
22.9999142, 1.60000002, -15.6060857773
24.0547104, 1.60000002, -15.612030983
25.1095047, 1.60000002, -15.6174087524
26.1643009, 1.60000002, -15.6222772598
27.2190971, 1.60000002, -15.6266841888
28.2738934, 1.60000002, -15.6306686401
29.3286877, 1.60000002, -15.6342639923
30.3834839, 1.60000002, -15.6375017166
31.4382801, 1.60000002, -15.6404094696
32.4930763, 1.60000002, -15.6430139542
33.5478706, 1.60000002, -15.6453390121
34.6026649, 1.60000002, -15.6474094391
35.6574631, 1.60000002, -15.6492481232
36.7122574, 1.60000002, -15.6508769989
37.7670555, 1.60000002, -15.6523170471
38.8218498, 1.60000002, -15.6535902023
39.8766441, 1.60000002, -15.6547145844
40.9314423, 1.60000002, -15.6557073593
41.9862366, 1.60000002, -15.6565847397
43.0410309, 1.60000002, -15.6573610306
44.095829, 1.60000002, -15.6580495834
45.1506233, 1.60000002, -15.658662796
46.2054176, 1.60000002, -15.6592102051
47.2602158, 1.60000002, -15.659702301
48.3150101, 1.60000002, -15.6601467133
49.3698082, 1.60000002, -15.6605520248
50.4246025, 1.60000002, -15.6609258652
51.4793968, 1.60000002, -15.6612730026
52.5341949, 1.60000002, -15.6616020203
53.5889893, 1.60000002, -15.6619167328
54.6437836, 1.60000002, -15.6622247696
55.6985817, 1.60000002, -15.6625299454
56.753376, 1.60000002, -15.6628398895
57.8081703, 1.60000002, -15.6631574631
58.8629684, 1.60000002, -15.6634922028
59.9177628, 1.60000002, -15.6638469696
60.9725609, 1.60000002, -15.6642313004
62.0273552, 1.60000002, -15.6646518707
63.0821495, 1.60000002, -15.6651163101
64.1369476, 1.60000002, -15.6656341553
65.1917419, 1.60000002, -15.6662168503
66.2465363, 1.60000002, -15.6668758392
67.3013306, 1.60000002, -15.6676235199
68.3561325, 1.60000002, -15.6684770584
69.4109268, 1.60000002, -15.6694536209
70.4657211, 1.60000002, -15.6705741882
71.5205154, 1.60000002, -15.6718616486
72.5753098, 1.60000002, -15.6733455658
73.6301041, 1.60000002, -15.6750555038
74.684906, 1.60000002, -15.6770296097
75.7397003, 1.60000002, -15.6793088913
76.7944946, 1.60000002, -15.6819410324
77.8492889, 1.60000002, -15.6849832535
78.9040833, 1.60000002, -15.6884975433
79.9588852, 1.60000002, -15.6925573349
81.0136795, 1.60000002, -15.6972408295
82.0684738, 1.60000002, -15.7026386261
83.1232681, 1.60000002, -15.7088479996
84.1780624, 1.60000002, -15.7159767151
85.2328568, 1.60000002, -15.7241449356
86.2876587, 1.60000002, -15.7334775925
87.342453, 1.60000002, -15.7441091537
88.3972473, 1.60000002, -15.7561702728
89.4520416, 1.60000002, -15.7697935104
90.5068359, 1.60000002, -15.7850990295
91.5616379, 1.60000002, -15.8021936417
92.6164322, 1.60000002, -15.8211593628
93.6712265, 1.60000002, -15.8420352936
94.7260208, 1.60000002, -15.8647985458
95.7808151, 1.60000002, -15.8893384933
96.8356094, 1.60000002, -15.9154510498
97.8904114, 1.60000002, -15.9428405762
98.9452057, 1.60000002, -15.9711503983
3.90055919, 2.4000001, -18.2204933167
4.94511843, 2.4000001, -20.2740325928
5.98967743, 2.4000001, -21.4518566132
7.03423643, 2.4000001, -22.0799045563
8.07879543, 2.4000001, -22.4187259674
9.12335491, 2.4000001, -22.6168994904
10.1679144, 2.4000001, -22.7452774048
11.2124729, 2.4000001, -22.8359394073
12.2570324, 2.4000001, -22.9039001465
13.3015919, 2.4000001, -22.9564971924
14.3461504, 2.4000001, -22.9980869293
15.3907099, 2.4000001, -23.0317611694
16.4352684, 2.4000001, -23.0596961975
17.4798279, 2.4000001, -23.083404541
18.5243874, 2.4000001, -23.1039142609
19.5689468, 2.4000001, -23.1219367981
20.6135063, 2.4000001, -23.1379585266
21.6580639, 2.4000001, -23.1523265839
22.7026234, 2.4000001, -23.1652832031
23.7471828, 2.4000001, -23.1770095825
24.7917423, 2.4000001, -23.1876430511
25.8363018, 2.4000001, -23.1972942352
26.8808594, 2.4000001, -23.2060489655
27.9254189, 2.4000001, -23.2139797211
28.9699783, 2.4000001, -23.2211494446
30.0145378, 2.4000001, -23.2276115417
31.0590973, 2.4000001, -23.2334194183
32.1036568, 2.4000001, -23.2386188507
33.1482162, 2.4000001, -23.2432594299
34.1927757, 2.4000001, -23.2473869324
35.2373352, 2.4000001, -23.2510452271
36.2818909, 2.4000001, -23.254278183
37.3264503, 2.4000001, -23.2571296692
38.3710098, 2.4000001, -23.2596378326
39.4155693, 2.4000001, -23.2618427277
40.4601288, 2.4000001, -23.2637805939
41.5046883, 2.4000001, -23.2654819489
42.5492477, 2.4000001, -23.2669792175
43.5938072, 2.4000001, -23.2682952881
44.6383667, 2.4000001, -23.2694587708
45.6829262, 2.4000001, -23.2704868317
46.7274857, 2.4000001, -23.2714042664
47.7720413, 2.4000001, -23.2722244263
48.8166008, 2.4000001, -23.2729625702
49.8611603, 2.4000001, -23.2736377716
50.9057198, 2.4000001, -23.2742595673
51.9502792, 2.4000001, -23.2748413086
52.9948387, 2.4000001, -23.275396347
54.0393982, 2.4000001, -23.275932312
55.0839577, 2.4000001, -23.2764625549
56.1285172, 2.4000001, -23.2769966125
57.1730766, 2.4000001, -23.277545929
58.2176361, 2.4000001, -23.2781219482
59.2621918, 2.4000001, -23.2787361145
60.3067513, 2.4000001, -23.2794036865
61.3513107, 2.4000001, -23.280134201
62.3958702, 2.4000001, -23.2809448242
63.4404297, 2.4000001, -23.2818546295
64.484993, 2.4000001, -23.2828807831
65.5295486, 2.4000001, -23.2840480804
66.5741043, 2.4000001, -23.2853775024
67.6186676, 2.4000001, -23.2868995667
68.6632233, 2.4000001, -23.288646698
69.7077866, 2.4000001, -23.2906589508
70.7523422, 2.4000001, -23.2929782867
71.7969055, 2.4000001, -23.2956542969
72.8414612, 2.4000001, -23.2987480164
73.8860245, 2.4000001, -23.302324295
74.9305801, 2.4000001, -23.3064594269
75.9751434, 2.4000001, -23.3112449646
77.0196991, 2.4000001, -23.3167858124
78.0642548, 2.4000001, -23.3231983185
79.1088181, 2.4000001, -23.3306255341
80.1533737, 2.4000001, -23.3392219543
81.197937, 2.4000001, -23.3491630554
82.2424927, 2.4000001, -23.3606414795
83.287056, 2.4000001, -23.3738689423
84.3316116, 2.4000001, -23.389081955
85.3761749, 2.4000001, -23.406539917
86.4207306, 2.4000001, -23.4265174866
87.4652939, 2.4000001, -23.449300766
88.5098495, 2.4000001, -23.4751644135
89.5544052, 2.4000001, -23.5043773651
90.5989685, 2.4000001, -23.5371894836
91.6435242, 2.4000001, -23.5738220215
92.6880875, 2.4000001, -23.6144638062
93.7326431, 2.4000001, -23.6592311859
94.7772064, 2.4000001, -23.7081260681
95.8217621, 2.4000001, -23.7609634399
96.8663254, 2.4000001, -23.8173160553
97.910881, 2.4000001, -23.8765201569
98.9554443, 2.4000001, -23.9377269745
4.84232235, 3.20000005, -25.4714984894
5.87664509, 3.20000005, -27.397359848
6.91096783, 3.20000005, -28.4076786041
7.94529009, 3.20000005, -28.9512653351
8.9796133, 3.20000005, -29.2762260437
10.0139351, 3.20000005, -29.4937553406
11.0482578, 3.20000005, -29.653629303
12.0825806, 3.20000005, -29.7792491913
13.1169033, 3.20000005, -29.8804798126
14.151226, 3.20000005, -29.9618988037
15.1855488, 3.20000005, -30.0282039642
16.2198715, 3.20000005, -30.0833110809
17.2541943, 3.20000005, -30.1300964355
18.288517, 3.20000005, -30.1705760956
19.3228378, 3.20000005, -30.2061519623
20.3571606, 3.20000005, -30.2377967834
21.3914833, 3.20000005, -30.2661895752
22.425806, 3.20000005, -30.2918128967
23.4601288, 3.20000005, -30.3150272369
24.4944515, 3.20000005, -30.336101532
25.5287743, 3.20000005, -30.3552570343
26.563097, 3.20000005, -30.3726673126
27.5974197, 3.20000005, -30.3884754181
28.6317425, 3.20000005, -30.4027938843
29.6660652, 3.20000005, -30.4157238007
30.700388, 3.20000005, -30.4273548126
31.7347088, 3.20000005, -30.4377784729
32.7690315, 3.20000005, -30.4470901489
33.8033562, 3.20000005, -30.4553775787
34.837677, 3.20000005, -30.4627304077
35.8720016, 3.20000005, -30.4692325592
36.9063225, 3.20000005, -30.4749679565
37.9406433, 3.20000005, -30.4800167084
38.974968, 3.20000005, -30.4844532013
40.0092888, 3.20000005, -30.4883499146
41.0436134, 3.20000005, -30.4917697906
42.0779343, 3.20000005, -30.4947719574
43.1122589, 3.20000005, -30.4974098206
44.1465797, 3.20000005, -30.4997348785
45.1809044, 3.20000005, -30.5017871857
46.2152252, 3.20000005, -30.5036067963
47.2495499, 3.20000005, -30.50522995
48.2838707, 3.20000005, -30.5066890717
49.3181953, 3.20000005, -30.5080089569
50.3525162, 3.20000005, -30.5092220306
51.386837, 3.20000005, -30.510345459
52.4211617, 3.20000005, -30.5114078522
53.4554825, 3.20000005, -30.5124282837
54.4898071, 3.20000005, -30.5134277344
55.524128, 3.20000005, -30.5144252777
56.5584526, 3.20000005, -30.5154457092
57.5927734, 3.20000005, -30.5165042877
58.6270981, 3.20000005, -30.5176277161
59.6614189, 3.20000005, -30.5188388824
60.6957436, 3.20000005, -30.520160675
61.7300644, 3.20000005, -30.5216217041
62.7643852, 3.20000005, -30.5232543945
63.7987099, 3.20000005, -30.5250930786
64.8330307, 3.20000005, -30.527173996
65.8673553, 3.20000005, -30.5295448303
66.90168, 3.20000005, -30.5322570801
67.935997, 3.20000005, -30.5353660583
68.9703217, 3.20000005, -30.5389404297
70.0046463, 3.20000005, -30.543056488
71.0389709, 3.20000005, -30.5478038788
72.073288, 3.20000005, -30.5532836914
73.1076126, 3.20000005, -30.5596160889
74.1419373, 3.20000005, -30.5669345856
75.1762543, 3.20000005, -30.5753955841
76.2105789, 3.20000005, -30.5851840973
77.2449036, 3.20000005, -30.5965118408
78.2792282, 3.20000005, -30.6096305847
79.3135452, 3.20000005, -30.6248226166
80.3478699, 3.20000005, -30.6424102783
81.3821945, 3.20000005, -30.6627521515
82.4165192, 3.20000005, -30.6862449646
83.4508362, 3.20000005, -30.7133293152
84.4851608, 3.20000005, -30.7445068359
85.5194855, 3.20000005, -30.780330658
86.5538101, 3.20000005, -30.821390152
87.5881271, 3.20000005, -30.8682689667
88.6224518, 3.20000005, -30.9215126038
89.6567764, 3.20000005, -30.9816188812
90.6910934, 3.20000005, -31.049041748
91.7254181, 3.20000005, -31.1241912842
92.7597427, 3.20000005, -31.2074203491
93.7940674, 3.20000005, -31.298997879
94.8283844, 3.20000005, -31.3990421295
95.862709, 3.20000005, -31.5073547363
96.8970337, 3.20000005, -31.6231937408
97.9313583, 3.20000005, -31.7451915741
98.9656754, 3.20000005, -31.8714885712
5.78408623, 4.0, -32.0642089844
6.80817223, 4.0, -33.5828895569
7.83225822, 4.0, -34.3892097473
8.85634422, 4.0, -34.8833694458
9.88043022, 4.0, -35.2181663513
10.9045162, 4.0, -35.4703445435
11.9286022, 4.0, -35.6769256592
12.9526882, 4.0, -35.8624343872
13.9767742, 4.0, -36.0168685913
15.0008602, 4.0, -36.1438026428
16.0249462, 4.0, -36.2494773865
17.0490322, 4.0, -36.3391494751
18.0731182, 4.0, -36.4166526794
19.0972042, 4.0, -36.4846763611
20.1212902, 4.0, -36.5451126099
21.1453762, 4.0, -36.5993003845
22.1694622, 4.0, -36.6481781006
23.1935482, 4.0, -36.6924514771
24.2176342, 4.0, -36.7326622009
25.2417202, 4.0, -36.769241333
26.2658062, 4.0, -36.8025436401
27.2898922, 4.0, -36.8328514099
28.3139782, 4.0, -36.8603630066
29.3380642, 4.0, -36.8852500916
30.3621502, 4.0, -36.9076576233
31.3862362, 4.0, -36.9277534485
32.4103241, 4.0, -36.9457092285
33.4344101, 4.0, -36.9617042542
34.4584961, 4.0, -36.9759063721
35.4825821, 4.0, -36.9884757996
36.5066681, 4.0, -36.9995727539
37.5307541, 4.0, -37.009349823
38.5548401, 4.0, -37.0179481506
39.5789261, 4.0, -37.0255012512
40.6030121, 4.0, -37.0321311951
41.6270981, 4.0, -37.0379524231
42.6511841, 4.0, -37.0430679321
43.6752701, 4.0, -37.0475654602
44.6993561, 4.0, -37.0515365601
45.7234421, 4.0, -37.0550498962
46.7475281, 4.0, -37.058177948
47.7716141, 4.0, -37.0609779358
48.7957001, 4.0, -37.0635032654
49.8197861, 4.0, -37.0658073425
50.8438721, 4.0, -37.0679321289
51.8679581, 4.0, -37.0699234009
52.8920441, 4.0, -37.0718231201
53.9161301, 4.0, -37.0736656189
54.9402161, 4.0, -37.0754890442
55.9643021, 4.0, -37.077331543
56.9883881, 4.0, -37.0792312622
58.0124741, 4.0, -37.0812263489
59.0365601, 4.0, -37.08335495
60.0606461, 4.0, -37.0856666565
61.0847321, 4.0, -37.0882110596
62.1088181, 4.0, -37.0910339355
63.1329041, 4.0, -37.0942001343
64.1569901, 4.0, -37.0977745056
65.181076, 4.0, -37.1018295288
66.205162, 4.0, -37.1064567566
67.229248, 4.0, -37.1117553711
68.253334, 4.0, -37.1178321838
69.27742, 4.0, -37.1248245239
70.301506, 4.0, -37.1328735352
71.325592, 4.0, -37.142162323
72.349678, 4.0, -37.1528778076
73.373764, 4.0, -37.1652603149
74.39785, 4.0, -37.179561615
75.421936, 4.0, -37.1960983276
76.446022, 4.0, -37.2152175903
77.470108, 4.0, -37.2373466492
78.494194, 4.0, -37.2629547119
79.51828, 4.0, -37.2925872803
80.542366, 4.0, -37.3268508911
81.566452, 4.0, -37.3664321899
82.590538, 4.0, -37.4121170044
83.614624, 4.0, -37.4648170471
84.63871, 4.0, -37.5255851746
85.662796, 4.0, -37.595615387
86.686882, 4.0, -37.6761932373
87.710968, 4.0, -37.7685470581
88.735054, 4.0, -37.8737411499
89.75914, 4.0, -37.9926300049
90.783226, 4.0, -38.125919342
91.807312, 4.0, -38.2742156982
92.831398, 4.0, -38.4380111694
93.855484, 4.0, -38.6176986694
94.87957, 4.0, -38.8136444092
95.903656, 4.0, -39.0260124207
96.927742, 4.0, -39.2539634705
97.951828, 4.0, -39.4949951172
98.975914, 4.0, -39.7451705933
6.72584963, 4.80000019, -37.1979827881
7.73969889, 4.80000019, -38.2972373962
8.75354862, 4.80000019, -39.0216026306
9.76739788, 4.80000019, -39.4849357605
10.7812471, 4.80000019, -39.8307571411
11.7950964, 4.80000019, -40.0026283264
12.8089466, 4.80000019, -40.3050384521
13.8227959, 4.80000019, -40.582321167
14.8366451, 4.80000019, -40.8150596619
15.8504944, 4.80000019, -41.0095176697
16.8643436, 4.80000019, -41.1744041443
17.8781929, 4.80000019, -41.3166351318
18.8920422, 4.80000019, -41.4411506653
19.9058933, 4.80000019, -41.5514793396
20.9197426, 4.80000019, -41.6501426697
21.9335918, 4.80000019, -41.738948822
22.9474411, 4.80000019, -41.8192558289
23.9612904, 4.80000019, -41.8921318054
24.9751396, 4.80000019, -41.9584159851
25.9889889, 4.80000019, -42.0187606812
27.0028381, 4.80000019, -42.0736846924
28.0166874, 4.80000019, -42.1235847473
29.0305386, 4.80000019, -42.1687774658
30.0443878, 4.80000019, -42.209526062
31.0582371, 4.80000019, -42.246131897
32.0720863, 4.80000019, -42.2789230347
33.0859337, 4.80000019, -42.3082122803
34.0997849, 4.80000019, -42.3342628479
35.113636, 4.80000019, -42.3573493958
36.1274834, 4.80000019, -42.377746582
37.1413345, 4.80000019, -42.3957176208
38.1551819, 4.80000019, -42.4115257263
39.1690331, 4.80000019, -42.4254150391
40.1828804, 4.80000019, -42.4376106262
41.1967316, 4.80000019, -42.4483108521
42.2105789, 4.80000019, -42.4577102661
43.2244301, 4.80000019, -42.4659767151
44.2382813, 4.80000019, -42.4732551575
45.2521286, 4.80000019, -42.4796905518
46.2659798, 4.80000019, -42.4854011536
47.2798271, 4.80000019, -42.4904937744
48.2936783, 4.80000019, -42.4950752258
49.3075256, 4.80000019, -42.4992332458
50.3213768, 4.80000019, -42.5030479431
51.3352242, 4.80000019, -42.5065956116
52.3490753, 4.80000019, -42.5099487305
53.3629265, 4.80000019, -42.5131759644
54.3767738, 4.80000019, -42.5163383484
55.390625, 4.80000019, -42.5195007324
56.4044724, 4.80000019, -42.522731781
57.4183235, 4.80000019, -42.5260925293
58.4321709, 4.80000019, -42.5296554565
59.446022, 4.80000019, -42.5334968567
60.4598694, 4.80000019, -42.5376853943
61.4737206, 4.80000019, -42.5423202515
62.4875717, 4.80000019, -42.547492981
63.5014191, 4.80000019, -42.553314209
64.5152664, 4.80000019, -42.5599021912
65.5291214, 4.80000019, -42.5673980713
66.5429688, 4.80000019, -42.5759658813
67.5568161, 4.80000019, -42.5857810974
68.5706635, 4.80000019, -42.5970535278
69.5845184, 4.80000019, -42.6100311279
70.5983658, 4.80000019, -42.6249847412
71.6122131, 4.80000019, -42.6422386169
72.6260681, 4.80000019, -42.6621551514
73.6399155, 4.80000019, -42.6851654053
74.6537628, 4.80000019, -42.7117614746
75.6676102, 4.80000019, -42.7425079346
76.6814651, 4.80000019, -42.7780647278
77.6953125, 4.80000019, -42.8191757202
78.7091599, 4.80000019, -42.8666534424
79.7230072, 4.80000019, -42.9213638306
80.7368622, 4.80000019, -42.9842758179
81.7507095, 4.80000019, -43.0565681458
82.7645569, 4.80000019, -43.1397743225
83.7784119, 4.80000019, -43.2357673645
84.7922592, 4.80000019, -43.3467292786
85.8061066, 4.80000019, -43.4751701355
86.8199539, 4.80000019, -43.6239585876
87.8338089, 4.80000019, -43.7960739136
88.8476563, 4.80000019, -43.9939537048
89.8615036, 4.80000019, -44.219039917
90.8753586, 4.80000019, -44.4720191956
91.8892059, 4.80000019, -44.7532958984
92.9030533, 4.80000019, -45.0633125305
93.9169006, 4.80000019, -45.4016456604
94.9307556, 4.80000019, -45.7680244446
95.944603, 4.80000019, -46.1639633179
96.9584503, 4.80000019, -46.5907096863
97.9722977, 4.80000019, -47.0447349548
98.9861526, 4.80000019, -47.51770401
7.66761303, 5.5999999, -40.33335495
8.67122555, 5.5999999, -41.5659828186
9.67483902, 5.5999999, -42.5500907898
10.6784515, 5.5999999, -43.3117179871
11.6820641, 5.5999999, -43.8964042664
12.6856775, 5.5999999, -44.3937034607
13.68929, 5.5999999, -44.8149147034
14.6929035, 5.5999999, -45.1625595093
15.696516, 5.5999999, -45.4520530701
16.7001286, 5.5999999, -45.697593689
17.7037411, 5.5999999, -45.9095840454
18.7073555, 5.5999999, -46.0953063965
19.710968, 5.5999999, -46.2599143982
20.7145805, 5.5999999, -46.4071311951
21.7181931, 5.5999999, -46.5395965576
22.7218056, 5.5999999, -46.6593208313
23.72542, 5.5999999, -46.7679824829
24.7290325, 5.5999999, -46.8668212891
25.732645, 5.5999999, -46.9567604065
26.7362576, 5.5999999, -47.0384941101
27.7398701, 5.5999999, -47.1126441956
28.7434845, 5.5999999, -47.1798095703
29.747097, 5.5999999, -47.2404594421
30.7507095, 5.5999999, -47.2950973511
31.7543221, 5.5999999, -47.3442840576
32.7579346, 5.5999999, -47.3884887695
33.7615471, 5.5999999, -47.427986145
34.7651596, 5.5999999, -47.4630737305
35.7687759, 5.5999999, -47.4941101074
36.7723885, 5.5999999, -47.521484375
37.776001, 5.5999999, -47.5455856323
38.7796135, 5.5999999, -47.5667686462
39.783226, 5.5999999, -47.5853729248
40.7868385, 5.5999999, -47.6017074585
41.790451, 5.5999999, -47.6160507202
42.7940636, 5.5999999, -47.6286582947
43.7976761, 5.5999999, -47.6397628784
44.8012886, 5.5999999, -47.6495628357
45.8049049, 5.5999999, -47.6582450867
46.8085175, 5.5999999, -47.6659736633
47.81213, 5.5999999, -47.6729011536
48.8157425, 5.5999999, -47.6791610718
49.819355, 5.5999999, -47.6848754883
50.8229675, 5.5999999, -47.6901550293
51.82658, 5.5999999, -47.6951065063
52.8301926, 5.5999999, -47.6998291016
53.8338051, 5.5999999, -47.7044143677
54.8374176, 5.5999999, -47.7089538574
55.8410339, 5.5999999, -47.7135429382
56.8446465, 5.5999999, -47.7182731628
57.848259, 5.5999999, -47.723236084
58.8518715, 5.5999999, -47.7285346985
59.855484, 5.5999999, -47.7342796326
60.8590965, 5.5999999, -47.7405891418
61.862709, 5.5999999, -47.747592926
62.8663216, 5.5999999, -47.7554359436
63.8699341, 5.5999999, -47.7642822266
64.8735504, 5.5999999, -47.7743186951
65.8771591, 5.5999999, -47.7857475281
66.8807755, 5.5999999, -47.7988204956
67.8843842, 5.5999999, -47.8138008118
68.8880005, 5.5999999, -47.8310165405
69.8916092, 5.5999999, -47.8508224487
70.8952255, 5.5999999, -47.8736457825
71.8988419, 5.5999999, -47.8999633789
72.9024506, 5.5999999, -47.9303321838
73.9060669, 5.5999999, -47.9653930664
74.9096756, 5.5999999, -48.0058860779
75.9132919, 5.5999999, -48.0526657104
76.9169006, 5.5999999, -48.1067123413
77.920517, 5.5999999, -48.1691131592
78.9241257, 5.5999999, -48.2410087585
79.927742, 5.5999999, -48.323513031
80.9313583, 5.5999999, -48.417842865
81.934967, 5.5999999, -48.5256881714
82.9385834, 5.5999999, -48.6494903564
83.9421921, 5.5999999, -48.7922515869
84.9458084, 5.5999999, -48.9572372437
85.9494171, 5.5999999, -49.1480293274
86.9530334, 5.5999999, -49.369354248
87.9566422, 5.5999999, -49.6272201538
88.9602585, 5.5999999, -49.926525116
89.9638672, 5.5999999, -50.2689247131
90.9674835, 5.5999999, -50.6542015076
91.9710999, 5.5999999, -51.0822639465
92.9747086, 5.5999999, -51.5530509949
93.9783249, 5.5999999, -52.0656509399
94.9819336, 5.5999999, -52.6159248352
95.9855499, 5.5999999, -53.2086753845
96.9891586, 5.5999999, -53.8526573181
97.992775, 5.5999999, -54.5441017151
98.9963837, 5.5999999, -55.2645187378
8.60937595, 6.4000001, -43.730304718
9.60275269, 6.4000001, -45.2547302246
10.5961294, 6.4000001, -46.4391326904
11.5895052, 6.4000001, -47.3529701233
12.5828819, 6.4000001, -48.0724639893
13.5762577, 6.4000001, -48.6488571167
14.5696344, 6.4000001, -49.1172409058
15.5630112, 6.4000001, -49.5062065125
16.5563869, 6.4000001, -49.8367729187
17.5497627, 6.4000001, -50.122844696
18.5431404, 6.4000001, -50.374130249
19.5365162, 6.4000001, -50.5975265503
20.529892, 6.4000001, -50.7976799011
21.5232697, 6.4000001, -50.977897644
22.5166454, 6.4000001, -51.1407394409
23.5100212, 6.4000001, -51.2881851196
24.503397, 6.4000001, -51.4220275879
25.4967747, 6.4000001, -51.543598175
26.4901505, 6.4000001, -51.6534194946
27.4835262, 6.4000001, -51.7521247864
28.4769039, 6.4000001, -51.8411483765
29.4702797, 6.4000001, -51.9215393066
30.4636555, 6.4000001, -51.9942131042
31.4570332, 6.4000001, -52.0602989197
32.4504089, 6.4000001, -52.1206169128
33.4437866, 6.4000001, -52.1750564575
34.4371605, 6.4000001, -52.223651886
35.4305382, 6.4000001, -52.2667388916
36.4239159, 6.4000001, -52.3047904968
37.4172897, 6.4000001, -52.3383102417
38.4106674, 6.4000001, -52.3677902222
39.4040413, 6.4000001, -52.3936920166
40.397419, 6.4000001, -52.4164390564
41.3907967, 6.4000001, -52.436416626
42.3841705, 6.4000001, -52.4539756775
43.3775482, 6.4000001, -52.4694252014
44.3709259, 6.4000001, -52.4830551147
45.3642998, 6.4000001, -52.4951133728
46.3576775, 6.4000001, -52.5058250427
47.3510551, 6.4000001, -52.5153999329
48.344429, 6.4000001, -52.524017334
49.3378067, 6.4000001, -52.5318489075
50.3311844, 6.4000001, -52.5390434265
51.3245583, 6.4000001, -52.5457420349
52.3179359, 6.4000001, -52.5520782471
53.3113136, 6.4000001, -52.5581741333
54.3046875, 6.4000001, -52.5641555786
55.2980652, 6.4000001, -52.5701332092
56.2914391, 6.4000001, -52.5762290955
57.2848167, 6.4000001, -52.5825691223
58.2781944, 6.4000001, -52.5892791748
59.2715683, 6.4000001, -52.5964927673
60.264946, 6.4000001, -52.6043586731
61.2583237, 6.4000001, -52.6130371094
62.2516975, 6.4000001, -52.6227111816
63.2450752, 6.4000001, -52.6335754395
64.2384491, 6.4000001, -52.64585495
65.2318268, 6.4000001, -52.6598014832
66.2252045, 6.4000001, -52.6757087708
67.2185822, 6.4000001, -52.6939086914
68.2119598, 6.4000001, -52.7147750854
69.2053299, 6.4000001, -52.7387428284
70.1987076, 6.4000001, -52.7663154602
71.1920853, 6.4000001, -52.7980690002
72.185463, 6.4000001, -52.8346633911
73.1788406, 6.4000001, -52.8768501282
74.1722183, 6.4000001, -52.9255142212
75.1655884, 6.4000001, -52.9816589355
76.1589661, 6.4000001, -53.0464477539
77.1523438, 6.4000001, -53.1212158203
78.1457214, 6.4000001, -53.2074165344
79.1390991, 6.4000001, -53.3065299988
80.1324768, 6.4000001, -53.419757843
81.1258469, 6.4000001, -53.5482406616
82.1192245, 6.4000001, -53.694229126
83.1126022, 6.4000001, -53.8615570068
84.1059799, 6.4000001, -54.0544586182
85.0993576, 6.4000001, -54.2772750854
86.0927277, 6.4000001, -54.5320320129
87.0861053, 6.4000001, -54.8244400024
88.079483, 6.4000001, -55.1692848206
89.0728607, 6.4000001, -55.5797843933
90.0662384, 6.4000001, -56.0534744263
91.0596161, 6.4000001, -56.5869560242
92.0529861, 6.4000001, -57.1803092957
93.0463638, 6.4000001, -57.833240509
94.0397415, 6.4000001, -58.5443077087
95.0331192, 6.4000001, -59.3098220825
96.0264969, 6.4000001, -60.0923614502
97.0198746, 6.4000001, -60.9988899231
98.0132446, 6.4000001, -61.9651756287
99.0066223, 6.4000001, -62.9721565247
9.55113983, 7.19999981, -47.5064125061
10.5342798, 7.19999981, -49.111125946
11.5174198, 7.19999981, -50.3349723816
12.5005589, 7.19999981, -51.2718658447
13.4836988, 7.19999981, -52.0028533936
14.4668388, 7.19999981, -52.5902786255
15.4499788, 7.19999981, -53.0782852173
16.4331188, 7.19999981, -53.4950218201
17.4162579, 7.19999981, -53.8562469482
18.3993969, 7.19999981, -54.1746902466
19.3825378, 7.19999981, -54.4605140686
20.3656769, 7.19999981, -54.7185134888
21.3488178, 7.19999981, -54.9515609741
22.3319569, 7.19999981, -55.1622200012
23.3150959, 7.19999981, -55.3529434204
24.2982368, 7.19999981, -55.525806427
25.2813759, 7.19999981, -55.6821212769
26.2645168, 7.19999981, -55.8212890625
27.2476559, 7.19999981, -55.9419555664
28.2307949, 7.19999981, -56.0487556458
29.2139359, 7.19999981, -56.1447143555
30.1970749, 7.19999981, -56.2316551208
31.1802158, 7.19999981, -56.3121452332
32.163353, 7.19999981, -56.3888511658
33.1464958, 7.19999981, -56.4597663879
34.1296349, 7.19999981, -56.5236701965
35.1127739, 7.19999981, -56.5805473328
36.0959129, 7.19999981, -56.6308555603
37.079052, 7.19999981, -56.6752090454
38.0621948, 7.19999981, -56.7142372131
39.0453339, 7.19999981, -56.7485351562
40.0284729, 7.19999981, -56.7786598206
41.0116119, 7.19999981, -56.8051185608
41.994751, 7.19999981, -56.8283653259
42.9778938, 7.19999981, -56.8488121033
43.9610329, 7.19999981, -56.8668327332
44.9441719, 7.19999981, -56.8827590942
45.9273109, 7.19999981, -56.8968849182
46.91045, 7.19999981, -56.9094772339
47.8935928, 7.19999981, -56.9207763672
48.8767319, 7.19999981, -56.9309959412
49.8598709, 7.19999981, -56.9403419495
50.8430099, 7.19999981, -56.9489860535
51.826149, 7.19999981, -56.9570999146
52.8092918, 7.19999981, -56.9648399353
53.7924309, 7.19999981, -56.9723625183
54.7755699, 7.19999981, -56.9798088074
55.758709, 7.19999981, -56.9873275757
56.741848, 7.19999981, -56.9950714111
57.7249908, 7.19999981, -57.0031890869
58.7081299, 7.19999981, -57.0118484497
59.6912689, 7.19999981, -57.0212211609
60.674408, 7.19999981, -57.0314979553
61.657547, 7.19999981, -57.0428962708
62.6406898, 7.19999981, -57.0556411743
63.6238289, 7.19999981, -57.0700035095
64.6069641, 7.19999981, -57.0862693787
65.5901108, 7.19999981, -57.1047782898
66.5732498, 7.19999981, -57.1259078979
67.5563889, 7.19999981, -57.1500854492
68.5395279, 7.19999981, -57.1778106689
69.5226669, 7.19999981, -57.2096557617
70.505806, 7.19999981, -57.2462730408
71.488945, 7.19999981, -57.2884101868
72.472084, 7.19999981, -57.3369216919
73.4552231, 7.19999981, -57.392791748
74.4383621, 7.19999981, -57.4571418762
75.4215088, 7.19999981, -57.5312767029
76.4046478, 7.19999981, -57.6167068481
77.3877869, 7.19999981, -57.7151527405
78.3709259, 7.19999981, -57.8285064697
79.3540649, 7.19999981, -57.9586677551
80.337204, 7.19999981, -58.1072998047
81.320343, 7.19999981, -58.2741127014
82.3034821, 7.19999981, -58.4634170532
83.2866211, 7.19999981, -58.6806602478
84.2697601, 7.19999981, -58.9309616089
85.2529068, 7.19999981, -59.2192955017
86.2360458, 7.19999981, -59.5498733521
87.2191849, 7.19999981, -59.8753089905
88.2023239, 7.19999981, -60.3036956787
89.185463, 7.19999981, -60.8463668823
90.168602, 7.19999981, -61.4712257385
91.151741, 7.19999981, -62.1760902405
92.1348801, 7.19999981, -62.9614448547
93.1180191, 7.19999981, -63.8280296326
94.1011581, 7.19999981, -64.7747802734
95.0843048, 7.19999981, -65.7954177856
96.0674438, 7.19999981, -66.8958511353
97.0505829, 7.19999981, -68.0832672119
98.0337219, 7.19999981, -69.3464889526
99.016861, 7.19999981, -70.6599197388
10.4929028, 8.0, -51.2553863525
11.465806, 8.0, -52.7760467529
12.4387093, 8.0, -53.9233703613
13.4116125, 8.0, -54.8022460938
14.3845158, 8.0, -55.4991645813
15.357419, 8.0, -56.0807685852
16.3303223, 8.0, -56.5832328796
17.3032265, 8.0, -57.0152511597
18.2761288, 8.0, -57.3950653076
19.249033, 8.0, -57.7473068237
20.2219353, 8.0, -58.0718574524
21.1948395, 8.0, -58.3674163818
22.1677418, 8.0, -58.635269165
23.140646, 8.0, -58.8777885437
24.1135483, 8.0, -59.0973739624
25.0864525, 8.0, -59.2956619263
26.0593548, 8.0, -59.4711303711
27.032259, 8.0, -59.6043128967
28.0051613, 8.0, -59.7144851685
28.9780636, 8.0, -59.8115882874
29.9509678, 8.0, -59.8992118835
30.9238701, 8.0, -59.9816246033
31.8967743, 8.0, -60.0730056763
32.8696785, 8.0, -60.1626205444
33.8425789, 8.0, -60.2446899414
34.8154831, 8.0, -60.3181800842
35.7883873, 8.0, -60.3833389282
36.7612915, 8.0, -60.4408340454
37.7341919, 8.0, -60.4914398193
38.7070961, 8.0, -60.5359153748
39.6800003, 8.0, -60.5749740601
40.6529045, 8.0, -60.6092681885
41.6258049, 8.0, -60.6393928528
42.5987091, 8.0, -60.6658744812
43.5716133, 8.0, -60.6891899109
44.5445175, 8.0, -60.7097702026
45.5174179, 8.0, -60.7279930115
46.4903221, 8.0, -60.7442054749
47.4632263, 8.0, -60.7587127686
48.4361305, 8.0, -60.7717857361
49.4090309, 8.0, -60.7836761475
50.3819351, 8.0, -60.7946166992
51.3548393, 8.0, -60.8048171997
52.3277435, 8.0, -60.8144683838
53.3006439, 8.0, -60.823764801
54.2735481, 8.0, -60.8328819275
55.2464523, 8.0, -60.841999054
56.2193565, 8.0, -60.8512992859
57.1922569, 8.0, -60.8609580994
58.1651611, 8.0, -60.8711776733
59.1380653, 8.0, -60.8821601868
60.1109695, 8.0, -60.8941307068
61.0838699, 8.0, -60.9073371887
62.0567741, 8.0, -60.9220542908
63.0296783, 8.0, -60.9385871887
64.0025787, 8.0, -60.9572753906
64.9754868, 8.0, -60.9784965515
65.9483871, 8.0, -61.0026779175
66.9212875, 8.0, -61.0303039551
67.8941956, 8.0, -61.0619316101
68.8670959, 8.0, -61.0982017517
69.8399963, 8.0, -61.1398353577
70.8129044, 8.0, -61.1876754761
71.7858047, 8.0, -61.2426605225
72.7587128, 8.0, -61.3058700562
73.7316132, 8.0, -61.378528595
74.7045135, 8.0, -61.4620323181
75.6774216, 8.0, -61.5580101013
76.650322, 8.0, -61.6683578491
77.6232224, 8.0, -61.7952957153
78.5961304, 8.0, -61.9412956238
79.5690308, 8.0, -62.108997345
80.5419388, 8.0, -62.3008499146
81.5148392, 8.0, -62.5200653076
82.4877396, 8.0, -62.771194458
83.4606476, 8.0, -63.059715271
84.433548, 8.0, -63.3915061951
85.4064484, 8.0, -63.7725715637
86.3793564, 8.0, -64.2034301758
87.3522568, 8.0, -64.6992416382
88.3251648, 8.0, -65.2840270996
89.2980652, 8.0, -65.9701156616
90.2709656, 8.0, -66.756149292
91.2438736, 8.0, -67.6412734985
92.216774, 8.0, -68.6279602051
93.1896744, 8.0, -69.7191925049
94.1625824, 8.0, -70.9143218994
95.1354828, 8.0, -72.2104415894
96.1083908, 8.0, -73.6060180664
97.0812912, 8.0, -75.0989456177
98.0541916, 8.0, -76.6791381836
99.0270996, 8.0, -78.3213882446
11.4346666, 8.80000019, -54.6425094604
12.3973331, 8.80000019, -55.9829559326
13.3599997, 8.80000019, -56.9938240051
14.3226671, 8.80000019, -57.7878379822
15.2853336, 8.80000019, -58.4565086365
16.2479992, 8.80000019, -59.0560493469
17.2106667, 8.80000019, -59.5471343994
18.1733341, 8.80000019, -59.9545822144
19.1359997, 8.80000019, -60.3902015686
20.0986671, 8.80000019, -60.8113517761
21.0613327, 8.80000019, -61.199886322
22.0240002, 8.80000019, -61.5533638
22.9866657, 8.80000019, -61.8735427856
23.9493332, 8.80000019, -62.1630592346
24.9120007, 8.80000019, -62.4240760803
25.8746662, 8.80000019, -62.6570053101
26.8373337, 8.80000019, -62.8587379456
27.7999992, 8.80000019, -63.034034729
28.7626667, 8.80000019, -63.1890907288
29.7253342, 8.80000019, -63.3280487061
30.6879997, 8.80000019, -63.4546928406
31.6506672, 8.80000019, -63.5741539001
32.6133347, 8.80000019, -63.686050415
33.5760002, 8.80000019, -63.7881011963
34.5386658, 8.80000019, -63.8794975281
35.5013351, 8.80000019, -63.9605445862
36.4640007, 8.80000019, -64.0320510864
37.4266663, 8.80000019, -64.0949859619
38.3893318, 8.80000019, -64.1502914429
39.3520012, 8.80000019, -64.1988601685
40.3146667, 8.80000019, -64.2415008545
41.2773323, 8.80000019, -64.2789459229
42.2400017, 8.80000019, -64.3118515015
43.2026672, 8.80000019, -64.3408126831
44.1653328, 8.80000019, -64.3663482666
45.1279984, 8.80000019, -64.3889312744
46.0906677, 8.80000019, -64.4089889526
47.0533333, 8.80000019, -64.4268951416
48.0159988, 8.80000019, -64.4429855347
48.9786682, 8.80000019, -64.4575576782
49.9413338, 8.80000019, -64.4709014893
50.9039993, 8.80000019, -64.4832611084
51.8666649, 8.80000019, -64.4948806763
52.8293343, 8.80000019, -64.5059738159
53.7919998, 8.80000019, -64.5167617798
54.7546654, 8.80000019, -64.5274429321
55.7173347, 8.80000019, -64.5382385254
56.6800003, 8.80000019, -64.5493392944
57.6426659, 8.80000019, -64.5609893799
58.6053352, 8.80000019, -64.5734024048
59.5680008, 8.80000019, -64.5868377686
60.5306664, 8.80000019, -64.6015777588
61.4933319, 8.80000019, -64.6179199219
62.4560013, 8.80000019, -64.6362228394
63.4186668, 8.80000019, -64.6568603516
64.3813324, 8.80000019, -64.6802444458
65.3440018, 8.80000019, -64.7068405151
66.3066635, 8.80000019, -64.7371826172
67.2693329, 8.80000019, -64.7718505859
68.2320023, 8.80000019, -64.8115463257
69.194664, 8.80000019, -64.8570327759
70.1573334, 8.80000019, -64.9092178345
71.1200027, 8.80000019, -64.9691085815
72.0826645, 8.80000019, -65.0378570557
73.0453339, 8.80000019, -65.1167526245
74.0080032, 8.80000019, -65.207244873
74.970665, 8.80000019, -65.3109893799
75.9333344, 8.80000019, -65.429901123
76.8960037, 8.80000019, -65.5662994385
77.8586655, 8.80000019, -65.7229690552
78.8213348, 8.80000019, -65.9031448364
79.7839966, 8.80000019, -66.1104507446
80.746666, 8.80000019, -66.3490066528
81.7093353, 8.80000019, -66.6235427856
82.6719971, 8.80000019, -66.9393081665
83.6346664, 8.80000019, -67.3020858765
84.5973358, 8.80000019, -67.7185287476
85.5599976, 8.80000019, -68.1957931519
86.5226669, 8.80000019, -68.7434997559
87.4853363, 8.80000019, -69.3750534058
88.447998, 8.80000019, -70.1054077148
89.4106674, 8.80000019, -70.9434738159
90.3733368, 8.80000019, -71.8961257935
91.3359985, 8.80000019, -72.9676895142
92.2986679, 8.80000019, -74.1598129272
93.2613297, 8.80000019, -75.4770889282
94.223999, 8.80000019, -76.9263763428
95.1866684, 8.80000019, -78.5070648193
96.1493301, 8.80000019, -80.1964263916
97.1119995, 8.80000019, -82.022819519
98.0746689, 8.80000019, -83.9500427246
99.0373306, 8.80000019, -85.9530563354
12.3764305, 9.60000038, -57.4533958435
13.3288603, 9.60000038, -58.5920982361
14.2812901, 9.60000038, -59.4737854004
15.2337208, 9.60000038, -60.2111320496
16.1861496, 9.60000038, -60.9611358643
17.1385803, 9.60000038, -61.645816803
18.091011, 9.60000038, -62.2593650818
19.0434418, 9.60000038, -62.8326721191
19.9958706, 9.60000038, -63.3673324585
20.9483013, 9.60000038, -63.857131958
21.900732, 9.60000038, -64.301902771
22.8531609, 9.60000038, -64.7044525146
23.8055916, 9.60000038, -65.0682449341
24.7580223, 9.60000038, -65.3964233398
25.7104511, 9.60000038, -65.691192627
26.6628819, 9.60000038, -65.9537124634
27.6153126, 9.60000038, -66.1867370605
28.5677414, 9.60000038, -66.3940887451
29.5201721, 9.60000038, -66.5793762207
30.4726028, 9.60000038, -66.7459487915
31.4250317, 9.60000038, -66.8970336914
32.3774605, 9.60000038, -67.0341949463
33.3298912, 9.60000038, -67.1576690674
34.2823219, 9.60000038, -67.2677154541
35.2347527, 9.60000038, -67.3650665283
36.1871834, 9.60000038, -67.4508132935
37.1396141, 9.60000038, -67.5262145996
38.0920448, 9.60000038, -67.5924682617
39.0444717, 9.60000038, -67.6506347656
39.9969025, 9.60000038, -67.7016983032
40.9493332, 9.60000038, -67.7465286255
41.9017639, 9.60000038, -67.7859039307
42.8541946, 9.60000038, -67.8205413818
43.8066254, 9.60000038, -67.8510665894
44.7590523, 9.60000038, -67.8780441284
45.711483, 9.60000038, -67.9019622803
46.6639137, 9.60000038, -67.9232711792
47.6163445, 9.60000038, -67.9423751831
48.5687752, 9.60000038, -67.9596252441
49.5212059, 9.60000038, -67.9753417969
50.4736328, 9.60000038, -67.9898300171
51.4260635, 9.60000038, -68.0033569336
52.3784943, 9.60000038, -68.0161819458
53.330925, 9.60000038, -68.0285415649
54.2833557, 9.60000038, -68.0406799316
55.2357864, 9.60000038, -68.0528259277
56.1882133, 9.60000038, -68.0652084351
57.1406441, 9.60000038, -68.0780792236
58.0930748, 9.60000038, -68.0916748047
59.0455055, 9.60000038, -68.1062850952
59.9979362, 9.60000038, -68.1222000122
60.950367, 9.60000038, -68.1397705078
61.9027939, 9.60000038, -68.159362793
62.8552246, 9.60000038, -68.1813964844
63.8076553, 9.60000038, -68.2063293457
64.7600861, 9.60000038, -68.2346496582
65.7125168, 9.60000038, -68.2669067383
66.6649475, 9.60000038, -68.3037185669
67.6173782, 9.60000038, -68.3457870483
68.569809, 9.60000038, -68.3939208984
69.5222397, 9.60000038, -68.4490432739
70.4746704, 9.60000038, -68.51222229
71.4270935, 9.60000038, -68.5846481323
72.3795242, 9.60000038, -68.6676559448
73.331955, 9.60000038, -68.7627410889
74.2843857, 9.60000038, -68.8715286255
75.2368164, 9.60000038, -68.9958496094
76.1892471, 9.60000038, -69.1378631592
77.1416779, 9.60000038, -69.3002471924
78.0941086, 9.60000038, -69.4864807129
79.0465393, 9.60000038, -69.7007522583
79.99897, 9.60000038, -69.9480133057
80.9514008, 9.60000038, -70.2340316772
81.9038315, 9.60000038, -70.5650482178
82.8562546, 9.60000038, -70.9462509155
83.8086853, 9.60000038, -71.3834228516
84.761116, 9.60000038, -71.8838195801
85.7135468, 9.60000038, -72.45753479
86.6659775, 9.60000038, -73.117225647
87.6184082, 9.60000038, -73.8751449585
88.5708389, 9.60000038, -74.7399902344
89.5232697, 9.60000038, -75.7234115601
90.4757004, 9.60000038, -76.8397445679
91.4281311, 9.60000038, -78.1013031006
92.3805618, 9.60000038, -79.5039978027
93.3329926, 9.60000038, -81.0423660278
94.2854156, 9.60000038, -82.7670211792
95.2378464, 9.60000038, -84.6503295898
96.1902771, 9.60000038, -86.6865386963
97.1427078, 9.60000038, -88.8650588989
98.0951385, 9.60000038, -91.1656341553
99.0475693, 9.60000038, -93.5564880371
13.3181934, 10.3999996, -59.6473731995
14.2603874, 10.3999996, -60.7251358032
15.2025805, 10.3999996, -61.7417144775
16.1447735, 10.3999996, -62.6967849731
17.0869675, 10.3999996, -63.5734405518
18.0291615, 10.3999996, -64.3653717041
18.9713554, 10.3999996, -65.0845565796
19.9135475, 10.3999996, -65.7392959595
20.8557415, 10.3999996, -66.333404541
21.7979355, 10.3999996, -66.8709793091
22.7401295, 10.3999996, -67.3568267822
23.6823235, 10.3999996, -67.7956314087
24.6245155, 10.3999996, -68.1915969849
25.5667095, 10.3999996, -68.548286438
26.5089035, 10.3999996, -68.8684005737
27.4510975, 10.3999996, -69.1546478271
28.3932896, 10.3999996, -69.4101104736
29.3354836, 10.3999996, -69.6380844116
30.2776775, 10.3999996, -69.8418579102
31.2198715, 10.3999996, -70.0244369507
32.1620636, 10.3999996, -70.1880111694
33.1042595, 10.3999996, -70.3339157104
34.0464516, 10.3999996, -70.463180542
34.9886436, 10.3999996, -70.5770187378
35.9308395, 10.3999996, -70.6769332886
36.8730316, 10.3999996, -70.7646102905
37.8152275, 10.3999996, -70.8416213989
38.7574196, 10.3999996, -70.9092178345
39.6996117, 10.3999996, -70.9685287476
40.6418076, 10.3999996, -71.0205764771
41.5839996, 10.3999996, -71.0662765503
42.5261917, 10.3999996, -71.1064605713
43.4683876, 10.3999996, -71.1418457031
44.4105797, 10.3999996, -71.1730880737
45.3527756, 10.3999996, -71.2007675171
46.2949677, 10.3999996, -71.2253799438
47.2371597, 10.3999996, -71.2473983765
48.1793556, 10.3999996, -71.2672195435
49.1215477, 10.3999996, -71.2852172852
50.0637436, 10.3999996, -71.3017349243
51.0059357, 10.3999996, -71.3170623779
51.9481277, 10.3999996, -71.3315048218
52.8903236, 10.3999996, -71.3453140259
53.8325157, 10.3999996, -71.3587646484
54.7747078, 10.3999996, -71.3721008301
55.7169037, 10.3999996, -71.3855743408
56.6590958, 10.3999996, -71.3994445801
57.6012917, 10.3999996, -71.4139785767
58.5434837, 10.3999996, -71.4294662476
59.4856758, 10.3999996, -71.4462280273
60.4278717, 10.3999996, -71.4646224976
61.3700638, 10.3999996, -71.4850387573
62.3122597, 10.3999996, -71.5079498291
63.2544518, 10.3999996, -71.5338592529
64.1966476, 10.3999996, -71.5632858276
65.1388397, 10.3999996, -71.5967941284
66.0810318, 10.3999996, -71.6349868774
67.0232239, 10.3999996, -71.6785736084
67.965416, 10.3999996, -71.7283630371
68.9076157, 10.3999996, -71.7852935791
69.8498077, 10.3999996, -71.850440979
70.7919998, 10.3999996, -71.9250259399
71.7341919, 10.3999996, -72.0104141235
72.676384, 10.3999996, -72.1081314087
73.6185837, 10.3999996, -72.2198410034
74.5607758, 10.3999996, -72.3472824097
75.5029678, 10.3999996, -72.4923095703
76.4451599, 10.3999996, -72.6571044922
77.387352, 10.3999996, -72.8446426392
78.3295517, 10.3999996, -73.0591659546
79.2717438, 10.3999996, -73.306312561
80.2139359, 10.3999996, -73.592666626
81.1561279, 10.3999996, -73.9250564575
82.09832, 10.3999996, -74.3101882935
83.0405197, 10.3999996, -74.7539291382
83.9827118, 10.3999996, -75.2604141235
84.9249039, 10.3999996, -75.8365402222
85.8670959, 10.3999996, -76.4968109131
86.809288, 10.3999996, -77.2599029541
87.7514801, 10.3999996, -78.1385955811
88.6936798, 10.3999996, -79.1377563477
89.6358719, 10.3999996, -80.2352905273
90.578064, 10.3999996, -81.5315246582
91.520256, 10.3999996, -82.9963302612
92.4624481, 10.3999996, -84.6342315674
93.4046478, 10.3999996, -86.4576034546
94.3468399, 10.3999996, -88.4730911255
95.289032, 10.3999996, -90.6795349121
96.2312241, 10.3999996, -93.0693740845
97.1734161, 10.3999996, -95.6215744019
98.1156158, 10.3999996, -98.3158111572
99.0578079, 10.3999996, -101.122596741
14.2599573, 11.1999998, -61.7860565186
15.1919136, 11.1999998, -63.0735855103
16.1238708, 11.1999998, -64.2517089844
17.0558281, 11.1999998, -65.3182601929
17.9877853, 11.1999998, -66.276763916
18.9197426, 11.1999998, -67.1380081177
19.8516998, 11.1999998, -67.9134063721
20.7836552, 11.1999998, -68.6123123169
21.7156124, 11.1999998, -69.2427444458
22.6475697, 11.1999998, -69.8117599487
23.5795269, 11.1999998, -70.3252792358
24.5114841, 11.1999998, -70.7884902954
25.4434414, 11.1999998, -71.2062911987
26.3753986, 11.1999998, -71.5823135376
27.307354, 11.1999998, -71.9192962646
28.2393112, 11.1999998, -72.2201461792
29.1712685, 11.1999998, -72.4882507324
30.1032257, 11.1999998, -72.7272109985
31.035183, 11.1999998, -72.9404754639
31.9671402, 11.1999998, -73.1306686401
32.8990974, 11.1999998, -73.2995300293
33.8310547, 11.1999998, -73.4483947754
34.7630119, 11.1999998, -73.5786743164
35.6949692, 11.1999998, -73.6922912598
36.6269264, 11.1999998, -73.7914047241
37.5588799, 11.1999998, -73.8779754639
38.4908371, 11.1999998, -73.9538040161
39.4227943, 11.1999998, -74.0202941895
40.3547516, 11.1999998, -74.0785980225
41.2867088, 11.1999998, -74.1297607422
42.2186661, 11.1999998, -74.1747055054
43.1506233, 11.1999998, -74.2142715454
44.0825806, 11.1999998, -74.2491760254
45.0145378, 11.1999998, -74.2800598145
45.9464951, 11.1999998, -74.3074951172
46.8784523, 11.1999998, -74.3319854736
47.8104095, 11.1999998, -74.3539733887
48.7423668, 11.1999998, -74.373878479
49.674324, 11.1999998, -74.3920669556
50.6062813, 11.1999998, -74.4088668823
51.5382347, 11.1999998, -74.4245910645
52.470192, 11.1999998, -74.4395370483
53.4021492, 11.1999998, -74.4539642334
54.3341064, 11.1999998, -74.4681549072
55.2660637, 11.1999998, -74.4823608398
56.1980209, 11.1999998, -74.4968643188
57.1299782, 11.1999998, -74.5119247437
58.0619354, 11.1999998, -74.52784729
58.9938927, 11.1999998, -74.5449447632
59.9258499, 11.1999998, -74.563583374
60.8578072, 11.1999998, -74.5841674805
61.7897644, 11.1999998, -74.6072006226
62.7217216, 11.1999998, -74.6332397461
63.6536789, 11.1999998, -74.6628799438
64.5856323, 11.1999998, -74.6967163086
65.5175934, 11.1999998, -74.7352981567
66.4495468, 11.1999998, -74.7792892456
67.3815079, 11.1999998, -74.8294830322
68.3134613, 11.1999998, -74.8867797852
69.2454224, 11.1999998, -74.9522476196
70.1773758, 11.1999998, -75.0270843506
71.1093369, 11.1999998, -75.1126708984
72.0412903, 11.1999998, -75.2105178833
72.9732437, 11.1999998, -75.3223266602
73.9052048, 11.1999998, -75.4498977661
74.8371582, 11.1999998, -75.5950546265
75.7691193, 11.1999998, -75.7593154907
76.7010727, 11.1999998, -75.9443664551
77.6330338, 11.1999998, -76.1530227661
78.5649872, 11.1999998, -76.3908691406
79.4969482, 11.1999998, -76.6658477783
80.4289017, 11.1999998, -76.9870300293
81.3608627, 11.1999998, -77.3628692627
82.2928162, 11.1999998, -77.8001937866
83.2247772, 11.1999998, -78.3033981323
84.1567307, 11.1999998, -78.8774795532
85.0886917, 11.1999998, -79.5077209473
86.0206451, 11.1999998, -80.2389831543
86.9525986, 11.1999998, -81.1140441895
87.8845596, 11.1999998, -82.1201629639
88.8165131, 11.1999998, -83.2636566162
89.7484741, 11.1999998, -84.5666351318
90.6804276, 11.1999998, -86.0517044067
91.6123886, 11.1999998, -87.7321014404
92.544342, 11.1999998, -89.6154327393
93.4763031, 11.1999998, -91.7126541138
94.4082565, 11.1999998, -94.0323028564
95.3402176, 11.1999998, -96.567817688
96.272171, 11.1999998, -99.319190979
97.2041321, 11.1999998, -102.268035889
98.1360855, 11.1999998, -105.39263916
99.0680466, 11.1999998, -108.652801514
15.2017202, 12.0, -64.2191848755
16.1234417, 12.0, -65.6170883179
17.0451622, 12.0, -66.8696899414
17.9668808, 12.0, -67.9877624512
18.8886013, 12.0, -68.9859466553
19.8103218, 12.0, -69.8794403076
20.7320423, 12.0, -70.681602478
21.6537628, 12.0, -71.4036941528
22.5754833, 12.0, -72.0551300049
23.4972038, 12.0, -72.6424255371
24.4189243, 12.0, -73.1715087891
25.3406448, 12.0, -73.6472320557
26.2623653, 12.0, -74.074180603
27.1840858, 12.0, -74.4564437866
28.1058064, 12.0, -74.7971496582
29.0275269, 12.0, -75.100227356
29.9492474, 12.0, -75.3700790405
30.8709679, 12.0, -75.6110229492
31.7926884, 12.0, -75.8261184692
32.7144089, 12.0, -76.0169525146
33.6361275, 12.0, -76.1846008301
34.5578499, 12.0, -76.3300247192
35.4795685, 12.0, -76.4554519653
36.4012909, 12.0, -76.5642318726
37.3230095, 12.0, -76.6588973999
38.2447319, 12.0, -76.741394043
39.1664505, 12.0, -76.8134002686
40.0881729, 12.0, -76.8764266968
41.0098915, 12.0, -76.931678772
41.9316139, 12.0, -76.980178833
42.8533325, 12.0, -77.0228424072
43.7750549, 12.0, -77.0604476929
44.6967735, 12.0, -77.0936889648
45.6184959, 12.0, -77.1231765747
46.5402145, 12.0, -77.1494522095
47.461937, 12.0, -77.1730041504
48.3836555, 12.0, -77.1942596436
49.305378, 12.0, -77.2136077881
50.2270966, 12.0, -77.2314071655
51.148819, 12.0, -77.2479705811
52.0705376, 12.0, -77.2636184692
52.9922562, 12.0, -77.2786178589
53.9139786, 12.0, -77.2932510376
54.8356972, 12.0, -77.3077926636
55.7574196, 12.0, -77.3224945068
56.6791382, 12.0, -77.3376464844
57.6008606, 12.0, -77.3535308838
58.5225792, 12.0, -77.3704605103
59.4443016, 12.0, -77.3887786865
60.3660202, 12.0, -77.4088897705
61.2877426, 12.0, -77.4312896729
62.2094612, 12.0, -77.4565963745
63.1311836, 12.0, -77.485534668
64.0529022, 12.0, -77.5188827515
64.9746246, 12.0, -77.5570526123
65.896347, 12.0, -77.6005935669
66.8180618, 12.0, -77.6502227783
67.7397842, 12.0, -77.7068099976
68.6615067, 12.0, -77.7713546753
69.5832291, 12.0, -77.8450393677
70.5049438, 12.0, -77.9291687012
71.4266663, 12.0, -78.0252685547
72.3483887, 12.0, -78.1349945068
73.2701111, 12.0, -78.2601928711
74.1918259, 12.0, -78.4028015137
75.1135483, 12.0, -78.564743042
76.0352707, 12.0, -78.7476654053
76.9569855, 12.0, -78.9492645264
77.8787079, 12.0, -79.1713790894
78.8004303, 12.0, -79.4254684448
79.7221527, 12.0, -79.7203369141
80.6438675, 12.0, -80.0697021484
81.5655899, 12.0, -80.4956436157
82.4873123, 12.0, -80.9907531738
83.4090347, 12.0, -81.5602722168
84.3307495, 12.0, -82.2088851929
85.2524719, 12.0, -82.9500427246
86.1741943, 12.0, -83.8068084717
87.0959167, 12.0, -84.7989501953
88.0176315, 12.0, -85.9380645752
88.9393539, 12.0, -87.2376708984
89.8610764, 12.0, -88.7166442871
90.7827988, 12.0, -90.3943252563
91.7045135, 12.0, -92.28855896
92.626236, 12.0, -94.4154510498
93.5479584, 12.0, -96.7812957764
94.4696808, 12.0, -99.4002532959
95.3913956, 12.0, -102.276763916
96.313118, 12.0, -105.413497925
97.2348404, 12.0, -108.792663574
98.1565628, 12.0, -112.382369995
99.0782776, 12.0, -116.135696411
16.1434841, 12.8000002, -66.7900466919
17.0549679, 12.8000002, -68.2225570679
17.9664516, 12.8000002, -69.4935073853
18.8779354, 12.8000002, -70.622756958
19.7894192, 12.8000002, -71.6302185059
20.7009029, 12.8000002, -72.5328598022
21.6123867, 12.8000002, -73.3426208496
22.5238705, 12.8000002, -74.0694732666
23.4353542, 12.8000002, -74.7231369019
24.346838, 12.8000002, -75.3114547729
25.2583218, 12.8000002, -75.8402709961
26.1698055, 12.8000002, -76.3147277832
27.0812912, 12.8000002, -76.7371673584
27.992775, 12.8000002, -77.1102676392
28.9042587, 12.8000002, -77.4411697388
29.8157425, 12.8000002, -77.7359924316
30.7272263, 12.8000002, -78.0005569458
31.63871, 12.8000002, -78.2387084961
32.5501938, 12.8000002, -78.4506912231
33.4616776, 12.8000002, -78.6369018555
34.3731613, 12.8000002, -78.7962265015
35.2846451, 12.8000002, -78.9301986694
36.1961288, 12.8000002, -79.0454864502
37.1076126, 12.8000002, -79.1454925537
38.0190964, 12.8000002, -79.2325363159
38.9305801, 12.8000002, -79.3084487915
39.8420639, 12.8000002, -79.3747940063
40.7535477, 12.8000002, -79.4328765869
41.6650314, 12.8000002, -79.4838180542
42.5765152, 12.8000002, -79.5285720825
43.487999, 12.8000002, -79.5679855347
44.3994827, 12.8000002, -79.6027908325
45.3109665, 12.8000002, -79.6336288452
46.2224503, 12.8000002, -79.6610641479
47.133934, 12.8000002, -79.6856002808
48.0454178, 12.8000002, -79.7076950073
48.9569016, 12.8000002, -79.7277450562
49.8683853, 12.8000002, -79.7461090088
50.7798691, 12.8000002, -79.763130188
51.6913567, 12.8000002, -79.7791061401
52.6028404, 12.8000002, -79.7943267822
53.5143242, 12.8000002, -79.8090667725
54.425808, 12.8000002, -79.8235931396
55.3372917, 12.8000002, -79.8381729126
56.2487755, 12.8000002, -79.8530654907
57.1602592, 12.8000002, -79.868560791
58.071743, 12.8000002, -79.8849487305
58.9832268, 12.8000002, -79.9025650024
59.8947105, 12.8000002, -79.9217681885
60.8061943, 12.8000002, -79.9430160522
61.7176781, 12.8000002, -79.9668807983
62.6291618, 12.8000002, -79.994178772
63.5406456, 12.8000002, -80.0268249512
64.4521255, 12.8000002, -80.0646743774
65.3636093, 12.8000002, -80.1079483032
66.2750931, 12.8000002, -80.1572647095
67.1865768, 12.8000002, -80.2134246826
68.0980682, 12.8000002, -80.2774047852
69.009552, 12.8000002, -80.3503036499
69.9210358, 12.8000002, -80.4334259033
70.8325195, 12.8000002, -80.5282211304
71.7440033, 12.8000002, -80.6363449097
72.6554871, 12.8000002, -80.7596282959
73.5669708, 12.8000002, -80.9000930786
74.4784546, 12.8000002, -81.0598907471
75.3899384, 12.8000002, -81.2412261963
76.3014221, 12.8000002, -81.4458312988
77.2129059, 12.8000002, -81.6762237549
78.1243896, 12.8000002, -81.93775177
79.0358734, 12.8000002, -82.2380447388
79.9473572, 12.8000002, -82.5868682861
80.8588409, 12.8000002, -82.9964904785
81.7703247, 12.8000002, -83.4762268066
82.6818085, 12.8000002, -84.032043457
83.5932922, 12.8000002, -84.6706619263
84.504776, 12.8000002, -85.4023666382
85.4162598, 12.8000002, -86.2418212891
86.3277435, 12.8000002, -87.2065582275
87.2392273, 12.8000002, -88.3140106201
88.1507111, 12.8000002, -89.5811691284
89.0621948, 12.8000002, -91.025970459
89.9736786, 12.8000002, -92.6686630249
90.8851624, 12.8000002, -94.5320358276
91.7966461, 12.8000002, -96.6310195923
92.7081299, 12.8000002, -98.9880065918
93.6196136, 12.8000002, -101.614524841
94.5310974, 12.8000002, -104.547714233
95.4425812, 12.8000002, -107.790222168
96.3540649, 12.8000002, -111.338150024
97.2655487, 12.8000002, -115.175682068
98.1770325, 12.8000002, -119.266906738
99.0885162, 12.8000002, -123.563316345
17.085247, 13.6000004, -69.3755187988
17.9864941, 13.6000004, -70.7917098999
18.8877411, 13.6000004, -72.0450820923
19.78899, 13.6000004, -73.1591949463
20.690237, 13.6000004, -74.1523132324
21.5914841, 13.6000004, -75.0416183472
22.4927311, 13.6000004, -75.8394851685
23.3939781, 13.6000004, -76.5538406372
24.2952251, 13.6000004, -77.1923294067
25.1964722, 13.6000004, -77.7652282715
26.0977211, 13.6000004, -78.28074646
26.9989681, 13.6000004, -78.7399215698
27.9002151, 13.6000004, -79.1383743286
28.8014622, 13.6000004, -79.4905014038
29.7027092, 13.6000004, -79.8047561646
30.6039562, 13.6000004, -80.0910339355
31.5052052, 13.6000004, -80.3552856445
32.4064522, 13.6000004, -80.5916900635
33.3076973, 13.6000004, -80.8001785278
34.2089462, 13.6000004, -80.981590271
35.1101952, 13.6000004, -81.1380310059
36.0114403, 13.6000004, -81.2732315063
36.9126892, 13.6000004, -81.3905487061
37.8139343, 13.6000004, -81.4926223755
38.7151833, 13.6000004, -81.5816268921
39.6164284, 13.6000004, -81.6593551636
40.5176773, 13.6000004, -81.7273635864
41.4189262, 13.6000004, -81.7869644165
42.3201714, 13.6000004, -81.839302063
43.2214203, 13.6000004, -81.8853530884
44.1226654, 13.6000004, -81.925994873
45.0239143, 13.6000004, -81.9619674683
45.9251595, 13.6000004, -81.9939346313
46.8264084, 13.6000004, -82.0224838257
47.7276573, 13.6000004, -82.0481414795
48.6289024, 13.6000004, -82.0713577271
49.5301514, 13.6000004, -82.0925521851
50.4313965, 13.6000004, -82.1121139526
51.3326454, 13.6000004, -82.1303939819
52.2338943, 13.6000004, -82.1476974487
53.1351395, 13.6000004, -82.164352417
54.0363884, 13.6000004, -82.1806488037
54.9376335, 13.6000004, -82.1968765259
55.8388824, 13.6000004, -82.2133255005
56.7401276, 13.6000004, -82.2302932739
57.6413765, 13.6000004, -82.2481079102
58.5426254, 13.6000004, -82.2670974731
59.4438705, 13.6000004, -82.2876586914
60.3451195, 13.6000004, -82.310218811
61.2463646, 13.6000004, -82.3353118896
62.1476135, 13.6000004, -82.3636322021
63.0488586, 13.6000004, -82.3961334229
63.9501076, 13.6000004, -82.433555603
64.8513565, 13.6000004, -82.4763717651
65.7526016, 13.6000004, -82.5251541138
66.6538467, 13.6000004, -82.5806350708
67.5550995, 13.6000004, -82.6437454224
68.4563446, 13.6000004, -82.7155380249
69.3575897, 13.6000004, -82.7972640991
70.2588425, 13.6000004, -82.8903198242
71.1600876, 13.6000004, -82.9963150024
72.0613327, 13.6000004, -83.1170578003
72.9625778, 13.6000004, -83.2545623779
73.8638306, 13.6000004, -83.4110794067
74.7650757, 13.6000004, -83.5890808105
75.6663208, 13.6000004, -83.7912139893
76.5675735, 13.6000004, -84.0206069946
77.4688187, 13.6000004, -84.2815246582
78.3700638, 13.6000004, -84.5797805786
79.2713089, 13.6000004, -84.9228439331
80.1725616, 13.6000004, -85.3197097778
81.0738068, 13.6000004, -85.7797927856
81.9750519, 13.6000004, -86.3120574951
82.8763046, 13.6000004, -86.9252853394
83.7775497, 13.6000004, -87.6294403076
84.6787949, 13.6000004, -88.4367980957
85.58004, 13.6000004, -89.3622589111
86.4812927, 13.6000004, -90.4227142334
87.3825378, 13.6000004, -91.6360168457
88.283783, 13.6000004, -93.0213241577
89.1850357, 13.6000004, -94.6014251709
90.0862808, 13.6000004, -96.3938980103
90.9875259, 13.6000004, -98.4218978882
91.8887711, 13.6000004, -100.702949524
92.7900238, 13.6000004, -103.292297363
93.6912689, 13.6000004, -106.205131531
94.592514, 13.6000004, -109.463737488
95.4937668, 13.6000004, -113.080543518
96.3950119, 13.6000004, -117.058029175
97.296257, 13.6000004, -121.381484985
98.1975021, 13.6000004, -126.025764465
99.0987549, 13.6000004, -130.925201416
18.02701, 14.3999996, -71.8830795288
18.9180222, 14.3999996, -73.2489776611
19.8090324, 14.3999996, -74.4590530396
20.7000427, 14.3999996, -75.5381393433
21.591053, 14.3999996, -76.5009613037
22.4820652, 14.3999996, -77.3588485718
23.3730755, 14.3999996, -78.125328064
24.2640858, 14.3999996, -78.8055877686
25.1550961, 14.3999996, -79.4132232666
26.0461082, 14.3999996, -79.9672927856
26.9371185, 14.3999996, -80.4853286743
27.8281288, 14.3999996, -80.9507522583
28.7191391, 14.3999996, -81.3647079468
29.6101513, 14.3999996, -81.7327957153
30.5011616, 14.3999996, -82.0618209839
31.3921719, 14.3999996, -82.3572158813
32.2831841, 14.3999996, -82.6204528809
33.1741943, 14.3999996, -82.8526000977
34.0652046, 14.3999996, -83.0556945801
34.9562149, 14.3999996, -83.232383728
35.8472252, 14.3999996, -83.3858795166
36.7382355, 14.3999996, -83.5193328857
37.6292458, 14.3999996, -83.6355285645
38.5202599, 14.3999996, -83.7368621826
39.4112701, 14.3999996, -83.8253555298
40.3022804, 14.3999996, -83.9027557373
41.1932907, 14.3999996, -83.9705734253
42.084301, 14.3999996, -84.0301132202
42.9753113, 14.3999996, -84.0824890137
43.8663216, 14.3999996, -84.1286773682
44.7573318, 14.3999996, -84.1695404053
45.6483459, 14.3999996, -84.2058334351
46.5393562, 14.3999996, -84.2382049561
47.4303665, 14.3999996, -84.2672424316
48.3213768, 14.3999996, -84.29347229
49.2123871, 14.3999996, -84.3173522949
50.1033974, 14.3999996, -84.3393173218
50.9944077, 14.3999996, -84.3597412109
51.8854179, 14.3999996, -84.3789901733
52.7764282, 14.3999996, -84.3973999023
53.6674423, 14.3999996, -84.4152908325
54.5584526, 14.3999996, -84.432975769
55.4494629, 14.3999996, -84.4507598877
56.3404732, 14.3999996, -84.4689788818
57.2314835, 14.3999996, -84.4879379272
58.1224937, 14.3999996, -84.5080032349
59.013504, 14.3999996, -84.5295562744
59.9045143, 14.3999996, -84.5530166626
60.7955284, 14.3999996, -84.5788803101
61.6865387, 14.3999996, -84.6077346802
62.577549, 14.3999996, -84.6402740479
63.4685593, 14.3999996, -84.6772155762
64.3595734, 14.3999996, -84.7192077637
65.2505798, 14.3999996, -84.7669143677
66.1415939, 14.3999996, -84.8210754395
67.0326004, 14.3999996, -84.8825683594
67.9236145, 14.3999996, -84.9524078369
68.814621, 14.3999996, -85.0317611694
69.7056351, 14.3999996, -85.1219711304
70.5966415, 14.3999996, -85.2245559692
71.4876556, 14.3999996, -85.341255188
72.3786697, 14.3999996, -85.4740219116
73.2696762, 14.3999996, -85.6250762939
74.1606903, 14.3999996, -85.7968978882
75.0516968, 14.3999996, -85.9923095703
75.9427109, 14.3999996, -86.2145690918
76.8337173, 14.3999996, -86.4676055908
77.7247314, 14.3999996, -86.756362915
78.6157455, 14.3999996, -87.0869293213
79.506752, 14.3999996, -87.4665985107
80.3977661, 14.3999996, -87.9036941528
81.2887726, 14.3999996, -88.4071350098
82.1797867, 14.3999996, -88.9863739014
83.0707932, 14.3999996, -89.6516418457
83.9618073, 14.3999996, -90.4145126343
84.8528137, 14.3999996, -91.288520813
85.7438278, 14.3999996, -92.2890167236
86.6348419, 14.3999996, -93.4333267212
87.5258484, 14.3999996, -94.7423400879
88.4168625, 14.3999996, -96.2319793701
89.307869, 14.3999996, -97.9242935181
90.1988831, 14.3999996, -99.8340682983
91.0898895, 14.3999996, -102.02142334
91.9809036, 14.3999996, -104.510597229
92.8719177, 14.3999996, -107.335525513
93.7629242, 14.3999996, -110.524986267
94.6539383, 14.3999996, -114.106269836
95.5449448, 14.3999996, -118.103164673
96.4359589, 14.3999996, -122.525222778
97.3269653, 14.3999996, -127.379646301
98.2179794, 14.3999996, -132.626693726
99.1089859, 14.3999996, -138.201370239
18.9687748, 15.1999998, -74.2373809814
19.8495483, 15.1999998, -75.5374755859
20.7303219, 15.1999998, -76.6951293945
21.6110973, 15.1999998, -77.7218856812
22.4918709, 15.1999998, -78.6301422119
23.3726444, 15.1999998, -79.4407806396
24.2534199, 15.1999998, -80.1918334961
25.1341934, 15.1999998, -80.8983917236
26.014967, 15.1999998, -81.54637146
26.8957424, 15.1999998, -82.1373672485
27.776516, 15.1999998, -82.6690444946
28.6572895, 15.1999998, -83.1416702271
29.538065, 15.1999998, -83.5598907471
30.4188385, 15.1999998, -83.9298324585
31.299612, 15.1999998, -84.2572174072
32.1803856, 15.1999998, -84.5462265015
33.061161, 15.1999998, -84.800239563
33.9419365, 15.1999998, -85.0225448608
34.8227081, 15.1999998, -85.2164764404
35.7034836, 15.1999998, -85.3853912354
36.584259, 15.1999998, -85.5325088501
37.4650307, 15.1999998, -85.6607131958
38.3458061, 15.1999998, -85.772567749
39.2265816, 15.1999998, -85.8702774048
40.1073532, 15.1999998, -85.9557495117
40.9881287, 15.1999998, -86.0306472778
41.8689041, 15.1999998, -86.0963897705
42.7496758, 15.1999998, -86.1542205811
43.6304512, 15.1999998, -86.2052230835
44.5112267, 15.1999998, -86.250328064
45.3919983, 15.1999998, -86.2903671265
46.2727737, 15.1999998, -86.3260498047
47.1535492, 15.1999998, -86.3580245972
48.0343208, 15.1999998, -86.3868560791
48.9150963, 15.1999998, -86.4130477905
49.7958717, 15.1999998, -86.4370651245
50.6766434, 15.1999998, -86.4593200684
51.5574188, 15.1999998, -86.4802017212
52.4381943, 15.1999998, -86.5000686646
53.3189659, 15.1999998, -86.5192489624
54.1997414, 15.1999998, -86.5380935669
55.0805168, 15.1999998, -86.5569076538
55.9612885, 15.1999998, -86.5760269165
56.8420639, 15.1999998, -86.5957794189
57.7228394, 15.1999998, -86.6165237427
58.6036148, 15.1999998, -86.638633728
59.4843864, 15.1999998, -86.6625289917
60.3651619, 15.1999998, -86.6886520386
61.2459373, 15.1999998, -86.7175445557
62.126709, 15.1999998, -86.749786377
63.0074844, 15.1999998, -86.786026001
63.8882599, 15.1999998, -86.8269271851
64.7690353, 15.1999998, -86.8731842041
65.6498032, 15.1999998, -86.9255371094
66.5305786, 15.1999998, -86.9848403931
67.4113541, 15.1999998, -87.0520553589
68.2921295, 15.1999998, -87.128288269
69.172905, 15.1999998, -87.2147903442
70.0536804, 15.1999998, -87.3129959106
70.9344482, 15.1999998, -87.4245223999
71.8152237, 15.1999998, -87.5512161255
72.6959991, 15.1999998, -87.6951828003
73.5767746, 15.1999998, -87.8588027954
74.45755, 15.1999998, -88.0447998047
75.3383255, 15.1999998, -88.2563095093
76.2190933, 15.1999998, -88.4969940186
77.0998688, 15.1999998, -88.771232605
77.9806442, 15.1999998, -89.0842514038
78.8614197, 15.1999998, -89.4422683716
79.7421951, 15.1999998, -89.8524780273
80.6229706, 15.1999998, -90.3230438232
81.5037384, 15.1999998, -90.8630218506
82.3845139, 15.1999998, -91.4824447632
83.2652893, 15.1999998, -92.1924819946
84.1460648, 15.1999998, -93.0055236816
85.0268402, 15.1999998, -93.9359436035
85.9076157, 15.1999998, -95.0013427734
86.7883835, 15.1999998, -96.2151489258
87.6691589, 15.1999998, -97.5979690552
88.5499344, 15.1999998, -99.1628799438
89.4307098, 15.1999998, -100.948394775
90.3114853, 15.1999998, -103.002738953
91.1922607, 15.1999998, -105.353820801
92.0730286, 15.1999998, -108.034439087
92.953804, 15.1999998, -111.080421448
93.8345795, 15.1999998, -114.530517578
94.7153549, 15.1999998, -118.425483704
95.5961304, 15.1999998, -122.798019409
96.4769058, 15.1999998, -127.692581177
97.3576736, 15.1999998, -133.110336304
98.2384491, 15.1999998, -139.025421143
99.1192245, 15.1999998, -145.361160278
19.9105377, 16.0, -76.4019851685
20.7810745, 16.0, -77.6317749023
21.6516132, 16.0, -78.7127151489
22.52215, 16.0, -79.6875610352
23.3926888, 16.0, -80.6126708984
24.2632256, 16.0, -81.4880142212
25.1337643, 16.0, -82.3010559082
26.0043011, 16.0, -83.0428314209
26.8748379, 16.0, -83.7101593018
27.7453766, 16.0, -84.3041763306
28.6159134, 16.0, -84.8287734985
29.4864521, 16.0, -85.2900924683
30.3569889, 16.0, -85.6951599121
31.2275276, 16.0, -86.0506896973
32.0980644, 16.0, -86.3624725342
32.9686012, 16.0, -86.6354370117
33.839138, 16.0, -86.8739852905
34.7096786, 16.0, -87.0821304321
35.5802155, 16.0, -87.2636032104
36.4507523, 16.0, -87.4217987061
37.3212891, 16.0, -87.5597610474
38.1918297, 16.0, -87.68019104
39.0623665, 16.0, -87.7854385376
39.9329033, 16.0, -87.877532959
40.8034401, 16.0, -87.9582519531
41.6739769, 16.0, -88.0291290283
42.5445175, 16.0, -88.0914840698
43.4150543, 16.0, -88.1464767456
44.2855911, 16.0, -88.1951141357
45.1561279, 16.0, -88.2382659912
46.0266685, 16.0, -88.2767181396
46.8972054, 16.0, -88.3111419678
47.7677422, 16.0, -88.3421401978
48.638279, 16.0, -88.370262146
49.5088158, 16.0, -88.395980835
50.3793564, 16.0, -88.4197387695
51.2498932, 16.0, -88.4419403076
52.12043, 16.0, -88.4629592896
52.9909668, 16.0, -88.4831619263
53.8615036, 16.0, -88.5028686523
54.7320442, 16.0, -88.5224304199
55.602581, 16.0, -88.5421600342
56.4731178, 16.0, -88.5624084473
57.3436546, 16.0, -88.5835113525
58.2141953, 16.0, -88.6058425903
59.0847321, 16.0, -88.6297912598
59.9552689, 16.0, -88.6557998657
60.8258057, 16.0, -88.6843490601
61.6963425, 16.0, -88.7159576416
62.5668831, 16.0, -88.7512207031
63.4374199, 16.0, -88.7907714844
64.3079605, 16.0, -88.8352737427
65.1784973, 16.0, -88.8854675293
66.0490341, 16.0, -88.9421615601
66.9195709, 16.0, -89.0062713623
67.7901077, 16.0, -89.0788269043
68.6606445, 16.0, -89.1610031128
69.5311813, 16.0, -89.254119873
70.4017181, 16.0, -89.3596878052
71.2722549, 16.0, -89.4793930054
72.1427994, 16.0, -89.6151885986
73.0133362, 16.0, -89.76927948
73.883873, 16.0, -89.9442062378
74.7544098, 16.0, -90.1428451538
75.6249466, 16.0, -90.3685531616
76.4954834, 16.0, -90.6252212524
77.3660202, 16.0, -90.9174346924
78.236557, 16.0, -91.2505569458
79.1070938, 16.0, -91.6308288574
79.9776306, 16.0, -92.0654449463
80.848175, 16.0, -92.5627288818
81.7187119, 16.0, -93.1320114136
82.5892487, 16.0, -93.7836303711
83.4597855, 16.0, -94.530090332
84.3303223, 16.0, -95.3840560913
85.2008591, 16.0, -96.3573379517
86.0713959, 16.0, -97.4671020508
86.9419327, 16.0, -98.7248764038
87.8124695, 16.0, -100.153121948
88.6830139, 16.0, -101.810432434
89.5535507, 16.0, -103.7137146
90.4240875, 16.0, -105.896949768
91.2946243, 16.0, -108.393234253
92.1651611, 16.0, -111.240821838
93.0356979, 16.0, -114.483520508
93.9062347, 16.0, -118.172401428
94.7767715, 16.0, -122.355690002
95.6473083, 16.0, -127.109550476
96.5178528, 16.0, -132.479324341
97.3883896, 16.0, -138.497253418
98.2589264, 16.0, -145.151123047
99.1294632, 16.0, -152.368988037
20.8523006, 16.7999992, -78.3583831787
21.7126026, 16.7999992, -79.522064209
22.5729027, 16.7999992, -80.633354187
23.4332047, 16.7999992, -81.7057495117
24.2935047, 16.7999992, -82.7138671875
25.1538067, 16.7999992, -83.6385192871
26.0141068, 16.7999992, -84.4699554443
26.8744087, 16.7999992, -85.2077941895
27.7347088, 16.7999992, -85.8571166992
28.5950108, 16.7999992, -86.4256515503
29.4553127, 16.7999992, -86.9221572876
30.3156128, 16.7999992, -87.3554077148
31.1759148, 16.7999992, -87.7334976196
32.0362167, 16.7999992, -88.0634841919
32.8965149, 16.7999992, -88.3514480591
33.7568169, 16.7999992, -88.6026535034
34.6171188, 16.7999992, -88.821723938
35.4774208, 16.7999992, -89.0127410889
36.337719, 16.7999992, -89.1793365479
37.1980209, 16.7999992, -89.3247070312
38.0583229, 16.7999992, -89.4516677856
38.9186249, 16.7999992, -89.5626754761
39.778923, 16.7999992, -89.659866333
40.639225, 16.7999992, -89.7450866699
41.499527, 16.7999992, -89.8199462891
42.3598289, 16.7999992, -89.8858261108
43.2201309, 16.7999992, -89.9439544678
44.0804291, 16.7999992, -89.9953613281
44.940731, 16.7999992, -90.0409851074
45.801033, 16.7999992, -90.0816268921
46.661335, 16.7999992, -90.1179885864
47.5216331, 16.7999992, -90.1507110596
48.3819351, 16.7999992, -90.1803436279
49.2422371, 16.7999992, -90.2074050903
50.1025391, 16.7999992, -90.2323303223
50.9628372, 16.7999992, -90.2555541992
51.8231392, 16.7999992, -90.2774581909
52.6834412, 16.7999992, -90.2983932495
53.5437431, 16.7999992, -90.3187179565
54.4040413, 16.7999992, -90.338760376
55.2643433, 16.7999992, -90.3588562012
56.1246452, 16.7999992, -90.3793258667
56.9849472, 16.7999992, -90.4005279541
57.8452492, 16.7999992, -90.4227981567
58.7055473, 16.7999992, -90.4465332031
59.5658493, 16.7999992, -90.4721298218
60.4261513, 16.7999992, -90.5000305176
61.2864532, 16.7999992, -90.5307388306
62.1467514, 16.7999992, -90.564781189
63.0070534, 16.7999992, -90.6027450562
63.8673553, 16.7999992, -90.6452636719
64.7276535, 16.7999992, -90.6930389404
65.5879593, 16.7999992, -90.7468414307
66.4482574, 16.7999992, -90.807510376
67.3085556, 16.7999992, -90.8760299683
68.1688614, 16.7999992, -90.9534683228
69.0291595, 16.7999992, -91.0410461426
69.8894653, 16.7999992, -91.1401443481
70.7497635, 16.7999992, -91.2523193359
71.6100616, 16.7999992, -91.3793182373
72.4703674, 16.7999992, -91.523147583
73.3306656, 16.7999992, -91.6861114502
74.1909714, 16.7999992, -91.8708267212
75.0512695, 16.7999992, -92.0802536011
75.9115677, 16.7999992, -92.3177947998
76.7718735, 16.7999992, -92.5874404907
77.6321716, 16.7999992, -92.8938522339
78.4924698, 16.7999992, -93.2424621582
79.3527756, 16.7999992, -93.6394577026
80.2130737, 16.7999992, -94.0918731689
81.0733795, 16.7999992, -94.6086349487
81.9336777, 16.7999992, -95.1998977661
82.7939758, 16.7999992, -95.8743667603
83.6542816, 16.7999992, -96.6429595947
84.5145798, 16.7999992, -97.5195617676
85.3748779, 16.7999992, -98.5130691528
86.2351837, 16.7999992, -99.6409835815
87.0954819, 16.7999992, -100.949035645
87.9557877, 16.7999992, -102.461196899
88.8160858, 16.7999992, -104.204071045
89.676384, 16.7999992, -106.204444885
90.5366898, 16.7999992, -108.493354797
91.3969879, 16.7999992, -111.107971191
92.2572937, 16.7999992, -114.092414856
93.1175919, 16.7999992, -117.500701904
93.97789, 16.7999992, -121.387069702
94.8381958, 16.7999992, -125.84487915
95.698494, 16.7999992, -130.94909668
96.5587921, 16.7999992, -136.786468506
97.4190979, 16.7999992, -143.425216675
98.2793961, 16.7999992, -150.905517578
99.1397018, 16.7999992, -159.170608521
21.7940636, 17.6000004, -80.2131118774
22.6441288, 17.6000004, -81.5022277832
23.494194, 17.6000004, -82.7396469116
24.3442574, 17.6000004, -83.8890609741
25.1943226, 17.6000004, -84.9240951538
26.0443878, 17.6000004, -85.8379058838
26.8944511, 17.6000004, -86.6361846924
27.7445164, 17.6000004, -87.3300628662
28.5945797, 17.6000004, -87.9320526123
29.4446449, 17.6000004, -88.4541931152
30.2947102, 17.6000004, -88.907371521
31.1447735, 17.6000004, -89.3011398315
31.9948387, 17.6000004, -89.6436462402
32.844902, 17.6000004, -89.9418258667
33.6949692, 17.6000004, -90.2015914917
34.5450325, 17.6000004, -90.427986145
35.3950958, 17.6000004, -90.6253890991
36.245163, 17.6000004, -90.7976150513
37.0952263, 17.6000004, -90.9479675293
37.9452896, 17.6000004, -91.0793685913
38.7953529, 17.6000004, -91.1943283081
39.6454201, 17.6000004, -91.2950439453
40.4954834, 17.6000004, -91.3834152222
41.3455467, 17.6000004, -91.4610900879
42.1956139, 17.6000004, -91.5294876099
43.0456772, 17.6000004, -91.5898590088
43.8957405, 17.6000004, -91.6432876587
44.7458076, 17.6000004, -91.6907043457
45.595871, 17.6000004, -91.7329483032
46.4459343, 17.6000004, -91.7707366943
47.2960014, 17.6000004, -91.804725647
48.1460648, 17.6000004, -91.8354721069
48.9961281, 17.6000004, -91.8635101318
49.8461952, 17.6000004, -91.889289856
50.6962585, 17.6000004, -91.9132385254
51.5463219, 17.6000004, -91.9357452393
52.3963852, 17.6000004, -91.9571762085
53.2464523, 17.6000004, -91.9778747559
54.0965157, 17.6000004, -91.9981765747
54.946579, 17.6000004, -92.0184020996
55.7966461, 17.6000004, -92.0388870239
56.6467094, 17.6000004, -92.0599594116
57.4967728, 17.6000004, -92.0819625854
58.3468399, 17.6000004, -92.1052474976
59.1969032, 17.6000004, -92.1302108765
60.0469666, 17.6000004, -92.1572647095
60.8970337, 17.6000004, -92.1868591309
61.747097, 17.6000004, -92.2194824219
62.5971603, 17.6000004, -92.2556915283
63.4472275, 17.6000004, -92.2960662842
64.297287, 17.6000004, -92.341255188
65.1473541, 17.6000004, -92.3919830322
65.9974213, 17.6000004, -92.4490356445
66.8474808, 17.6000004, -92.5132980347
67.6975479, 17.6000004, -92.5857772827
68.5476151, 17.6000004, -92.6675872803
69.3976746, 17.6000004, -92.759979248
70.2477417, 17.6000004, -92.864364624
71.0978088, 17.6000004, -92.9823226929
71.9478683, 17.6000004, -93.1156311035
72.7979355, 17.6000004, -93.2663497925
73.6480026, 17.6000004, -93.4368133545
74.4980621, 17.6000004, -93.6296691895
75.3481293, 17.6000004, -93.8477935791
76.1981964, 17.6000004, -94.0944976807
77.0482559, 17.6000004, -94.3736343384
77.8983231, 17.6000004, -94.6898803711
78.7483902, 17.6000004, -95.0492477417
79.5984497, 17.6000004, -95.4570465088
80.4485168, 17.6000004, -95.9197235107
81.298584, 17.6000004, -96.4450531006
82.1486435, 17.6000004, -97.0429916382
82.9987106, 17.6000004, -97.7248535156
83.8487778, 17.6000004, -98.4941635132
84.6988373, 17.6000004, -99.371963501
85.5489044, 17.6000004, -100.388237
86.3989639, 17.6000004, -101.571403503
87.2490311, 17.6000004, -102.939697266
88.0990982, 17.6000004, -104.517089844
88.9491577, 17.6000004, -106.327705383
89.7992249, 17.6000004, -108.399978638
90.649292, 17.6000004, -110.767082214
91.4993515, 17.6000004, -113.468635559
92.3494186, 17.6000004, -116.551704407
93.1994858, 17.6000004, -120.077133179
94.0495453, 17.6000004, -124.135772705
94.8996124, 17.6000004, -128.814422607
95.7496796, 17.6000004, -134.219009399
96.5997391, 17.6000004, -140.473007202
97.4498062, 17.6000004, -147.733886719
98.2998734, 17.6000004, -156.129852295
99.1499329, 17.6000004, -165.636108398
22.7358284, 18.3999996, -82.31300354
23.575655, 18.3999996, -83.7384338379
24.4154835, 18.3999996, -85.0382080078
25.255312, 18.3999996, -86.1775054932
26.0951405, 18.3999996, -87.1594390869
26.934967, 18.3999996, -88.0018386841
27.7747955, 18.3999996, -88.724861145
28.614624, 18.3999996, -89.3467788696
29.4544525, 18.3999996, -89.88306427
30.2942791, 18.3999996, -90.3466415405
31.1341076, 18.3999996, -90.748260498
31.9739361, 18.3999996, -91.0968856812
32.8137627, 18.3999996, -91.3999786377
33.6535912, 18.3999996, -91.6638412476
34.4934196, 18.3999996, -91.8937683105
35.3332481, 18.3999996, -92.0943145752
36.1730766, 18.3999996, -92.2693710327
37.0129051, 18.3999996, -92.4223175049
37.8527298, 18.3999996, -92.5560836792
38.6925583, 18.3999996, -92.6732177734
39.5323868, 18.3999996, -92.7759246826
40.3722153, 18.3999996, -92.8661193848
41.2120438, 18.3999996, -92.9454650879
42.0518723, 18.3999996, -93.0153884888
42.8917007, 18.3999996, -93.0771484375
43.7315254, 18.3999996, -93.1318359375
44.5713539, 18.3999996, -93.1803970337
45.4111824, 18.3999996, -93.2236709595
46.2510109, 18.3999996, -93.2623901367
47.0908394, 18.3999996, -93.297203064
47.9306679, 18.3999996, -93.3286819458
48.7704964, 18.3999996, -93.3573532104
49.610321, 18.3999996, -93.3836669922
50.4501495, 18.3999996, -93.4080657959
51.289978, 18.3999996, -93.4309310913
52.1298065, 18.3999996, -93.45262146
52.969635, 18.3999996, -93.4734802246
53.8094635, 18.3999996, -93.4938430786
54.649292, 18.3999996, -93.5140228271
55.4891167, 18.3999996, -93.5343399048
56.3289452, 18.3999996, -93.5551147461
57.1687737, 18.3999996, -93.5766677856
58.0086021, 18.3999996, -93.599357605
58.8484306, 18.3999996, -93.6235275269
59.6882591, 18.3999996, -93.6495819092
60.5280876, 18.3999996, -93.6779174805
61.3679123, 18.3999996, -93.7090072632
62.2077408, 18.3999996, -93.743347168
63.0475693, 18.3999996, -93.7814865112
63.8873978, 18.3999996, -93.8240280151
64.7272263, 18.3999996, -93.8716201782
65.5670547, 18.3999996, -93.9249801636
66.4068832, 18.3999996, -93.9849395752
67.2467117, 18.3999996, -94.052406311
68.0865402, 18.3999996, -94.1283950806
68.9263687, 18.3999996, -94.2140579224
69.7661972, 18.3999996, -94.3106613159
70.6060181, 18.3999996, -94.4196166992
71.4458466, 18.3999996, -94.5425109863
72.285675, 18.3999996, -94.6810760498
73.1255035, 18.3999996, -94.8373260498
73.965332, 18.3999996, -95.0139007568
74.8051605, 18.3999996, -95.2130737305
75.644989, 18.3999996, -95.4375228882
76.4848175, 18.3999996, -95.6904373169
77.324646, 18.3999996, -95.9752502441
78.1644745, 18.3999996, -96.2954025269
79.004303, 18.3999996, -96.6557235718
79.8441315, 18.3999996, -97.0624237061
80.68396, 18.3999996, -97.5227127075
81.5237885, 18.3999996, -98.0406036377
82.3636093, 18.3999996, -98.6276779175
83.2034378, 18.3999996, -99.2997741699
84.0432663, 18.3999996, -100.077384949
84.8830948, 18.3999996, -100.988769531
85.7229233, 18.3999996, -102.046730042
86.5627518, 18.3999996, -103.272537231
87.4025803, 18.3999996, -104.685256958
88.2424088, 18.3999996, -106.306800842
89.0822372, 18.3999996, -108.162338257
89.9220657, 18.3999996, -110.280662537
90.7618942, 18.3999996, -112.695503235
91.6017227, 18.3999996, -115.448173523
92.4415512, 18.3999996, -118.589538574
93.2813797, 18.3999996, -122.190246582
94.1212006, 18.3999996, -126.359214783
94.9610291, 18.3999996, -131.187438965
95.8008575, 18.3999996, -136.808151245
96.640686, 18.3999996, -143.387252808
97.4805145, 18.3999996, -151.175674438
98.320343, 18.3999996, -160.502655029
99.1601715, 18.3999996, -171.546554565
23.6775913, 19.2000008, -84.7399215698
24.5071831, 19.2000008, -86.2016296387
25.3367748, 19.2000008, -87.4256744385
26.1663647, 19.2000008, -88.4482727051
26.9959564, 19.2000008, -89.309463501
27.8255482, 19.2000008, -90.0408248901
28.6551399, 19.2000008, -90.6661376953
29.4847317, 19.2000008, -91.2035140991
30.3143234, 19.2000008, -91.667098999
31.1439133, 19.2000008, -92.0682830811
31.973505, 19.2000008, -92.4163131714
32.8030968, 19.2000008, -92.7188568115
33.6326866, 19.2000008, -92.9822845459
34.4622803, 19.2000008, -93.2119674683
35.2918701, 19.2000008, -93.4124298096
36.1214638, 19.2000008, -93.587562561
36.9510536, 19.2000008, -93.7407302856
37.7806435, 19.2000008, -93.8748245239
38.6102371, 19.2000008, -93.9923706055
39.439827, 19.2000008, -94.0955581665
40.2694206, 19.2000008, -94.1862640381
41.0990105, 19.2000008, -94.2661437988
41.9286003, 19.2000008, -94.3366088867
42.758194, 19.2000008, -94.3989105225
43.5877838, 19.2000008, -94.4541244507
44.4173775, 19.2000008, -94.5031814575
45.2469673, 19.2000008, -94.5469284058
46.076561, 19.2000008, -94.5860824585
46.9061508, 19.2000008, -94.6212844849
47.7357407, 19.2000008, -94.6531143188
48.5653343, 19.2000008, -94.6820831299
49.3949242, 19.2000008, -94.7086410522
50.2245178, 19.2000008, -94.733215332
51.0541077, 19.2000008, -94.7561950684
51.8836975, 19.2000008, -94.7779312134
52.7132912, 19.2000008, -94.7987594604
53.542881, 19.2000008, -94.8190002441
54.3724747, 19.2000008, -94.8389663696
55.2020645, 19.2000008, -94.8589553833
56.0316544, 19.2000008, -94.8792877197
56.861248, 19.2000008, -94.9002685547
57.6908379, 19.2000008, -94.9222183228
58.5204315, 19.2000008, -94.9454879761
59.3500214, 19.2000008, -94.9704284668
60.1796112, 19.2000008, -94.9974212646
61.0092049, 19.2000008, -95.0268936157
61.8387947, 19.2000008, -95.0592956543
62.6683884, 19.2000008, -95.0951461792
63.4979782, 19.2000008, -95.1350479126
64.3275681, 19.2000008, -95.1795196533
65.1571579, 19.2000008, -95.2292404175
65.9867554, 19.2000008, -95.2849502563
66.8163452, 19.2000008, -95.3474960327
67.6459351, 19.2000008, -95.4177932739
68.4755249, 19.2000008, -95.4968795776
69.3051147, 19.2000008, -95.5859069824
70.1347122, 19.2000008, -95.6861572266
70.9643021, 19.2000008, -95.7990341187
71.7938919, 19.2000008, -95.9260559082
72.6234818, 19.2000008, -96.0688400269
73.4530716, 19.2000008, -96.2288665771
74.2826691, 19.2000008, -96.4080505371
75.1122589, 19.2000008, -96.6087799072
75.9418488, 19.2000008, -96.8339920044
76.7714386, 19.2000008, -97.086807251
77.6010361, 19.2000008, -97.3701019287
78.4306259, 19.2000008, -97.6859130859
79.2602158, 19.2000008, -98.0345230103
80.0898056, 19.2000008, -98.4268493652
80.9193954, 19.2000008, -98.8716888428
81.7489929, 19.2000008, -99.3789978027
82.5785828, 19.2000008, -99.9654388428
83.4081726, 19.2000008, -100.654838562
84.2377625, 19.2000008, -101.459152222
85.0673523, 19.2000008, -102.39654541
85.8969498, 19.2000008, -103.482376099
86.7265396, 19.2000008, -104.73400116
87.5561295, 19.2000008, -106.171096802
88.3857193, 19.2000008, -107.815551758
89.2153091, 19.2000008, -109.692230225
90.0449066, 19.2000008, -111.82963562
90.8744965, 19.2000008, -114.260398865
91.7040863, 19.2000008, -117.022949219
92.5336761, 19.2000008, -120.172607422
93.363266, 19.2000008, -123.804229736
94.1928635, 19.2000008, -128.007568359
95.0224533, 19.2000008, -132.891921997
95.8520432, 19.2000008, -138.605545044
96.681633, 19.2000008, -145.35194397
97.5112228, 19.2000008, -153.462814331
98.3408203, 19.2000008, -163.429641724
99.1704102, 19.2000008, -176.328201294
