100.0, 0.0, -2.97679234075e-40
0.0, 0.0, -7.07113085667e-38
-20.0, 0.0, 0.0
-20.0, -20.0, 200.0
100.0, -20.0, 200.0
100.0, 20.0, -200.0
23.7999992, 20.0, -39.1375427246
98.9247284, 0.0, 0.245776936412
97.8494644, 0.0, 0.487662553787
96.7741928, 0.0, 0.722333550453
95.6989212, 0.0, 0.946715474129
94.6236572, 0.0, 1.15812075138
93.5483856, 0.0, 1.35440278053
92.4731216, 0.0, 1.5341193676
91.39785, 0.0, 1.69666314125
90.3225784, 0.0, 1.84222137928
89.2473145, 0.0, 1.97158241272
88.1720428, 0.0, 2.08588004112
87.0967712, 0.0, 2.18640232086
86.0215073, 0.0, 2.27450537682
84.9462357, 0.0, 2.35155344009
83.8709641, 0.0, 2.41885566711
82.7957001, 0.0, 2.4776237011
81.7204285, 0.0, 2.5289516449
80.6451645, 0.0, 2.57380580902
79.5698929, 0.0, 2.61304092407
78.4946213, 0.0, 2.6474108696
77.4193573, 0.0, 2.67757701874
76.3440857, 0.0, 2.7041144371
75.2688141, 0.0, 2.72751879692
74.1935501, 0.0, 2.74821615219
73.1182785, 0.0, 2.76657342911
72.0430145, 0.0, 2.78290677071
70.9677429, 0.0, 2.79748892784
69.8924713, 0.0, 2.81055450439
68.8172073, 0.0, 2.822306633
67.7419357, 0.0, 2.83292102814
66.6666641, 0.0, 2.84255003929
65.5914001, 0.0, 2.85132622719
64.5161285, 0.0, 2.85936641693
63.4408607, 0.0, 2.86677241325
62.365593, 0.0, 2.87363553047
61.2903214, 0.0, 2.88003659248
60.2150536, 0.0, 2.88604855537
59.1397858, 0.0, 2.89173793793
58.064518, 0.0, 2.89716506004
56.9892464, 0.0, 2.90238690376
55.9139786, 0.0, 2.90745639801
54.8387108, 0.0, 2.91242432594
53.7634392, 0.0, 2.91733980179
52.6881714, 0.0, 2.9222509861
51.6129036, 0.0, 2.92720627785
50.5376358, 0.0, 2.93225479126
49.4623642, 0.0, 2.93744659424
48.3870964, 0.0, 2.94283413887
47.3118286, 0.0, 2.94847249985
46.2365608, 0.0, 2.9544210434
45.1612892, 0.0, 2.96074271202
44.0860214, 0.0, 2.96750593185
43.0107536, 0.0, 2.97478485107
41.935482, 0.0, 2.982660532
40.8602142, 0.0, 2.99122142792
39.7849464, 0.0, 3.00056505203
38.7096786, 0.0, 3.01079940796
37.634407, 0.0, 3.02204418182
36.5591393, 0.0, 3.03443288803
35.4838715, 0.0, 3.04811501503
34.4086037, 0.0, 3.06325817108
33.3333321, 0.0, 3.08004999161
32.2580643, 0.0, 3.09870123863
31.1827965, 0.0, 3.11945033073
30.1075268, 0.0, 3.14256906509
29.032259, 0.0, 3.16837120056
27.9569893, 0.0, 3.19722104073
26.8817196, 0.0, 3.22954797745
25.8064518, 0.0, 3.26586723328
24.7311821, 0.0, 3.3068087101
23.6559143, 0.0, 3.35315656662
22.5806446, 0.0, 3.40590548515
21.5053768, 0.0, 3.46632027626
20.4301071, 0.0, 3.53603339195
19.3548393, 0.0, 3.6172003746
18.2795696, 0.0, 3.71274328232
17.2043018, 0.0, 3.82673406601
16.1290321, 0.0, 3.96502709389
15.0537634, 0.0, 4.13629817963
13.9784946, 0.0, 4.35377216339
12.9032259, 0.0, 4.63802289963
11.8279572, 0.0, 5.02156066895
10.7526884, 0.0, 5.55703735352
9.67741966, 0.0, 6.334441185
8.60215092, 0.0, 7.52201700211
7.52688169, 0.0, 9.44895076752
6.45161295, 0.0, 11.8443260193
5.3763442, 0.0, 14.6444768906
4.30107546, 0.0, 17.5036354065
3.22580647, 0.0, 19.6831283569
2.15053773, 0.0, 20.1298923492
1.07526886, 0.0, 16.7591209412
-1.05263162, 0.0, -2.10576777623e-38
-2.10526323, 0.0, -1.99414762731e-38
-3.15789485, 0.0, -1.93560460046e-38
-4.21052647, 0.0, -1.90031934461e-38
-5.26315784, 0.0, -1.87692382597e-38
-6.3157897, 0.0, -1.86034450332e-38
-7.36842108, 0.0, -1.84798883437e-38
-8.42105293, 0.0, -1.83839666612e-38
-9.47368431, 0.0, -1.8306948495e-38
-10.5263157, 0.0, -1.82432622824e-38
-11.5789471, 0.0, -1.81892240097e-38
-12.6315794, 0.0, -1.81422314657e-38
-13.6842108, 0.0, -1.8100493791e-38
-14.7368422, 0.0, -1.80626293052e-38
-15.7894735, 0.0, -1.802760385e-38
-16.8421059, 0.0, -1.79945023777e-38
-17.8947372, 0.0, -1.79626396532e-38
-18.9473686, 0.0, -1.79312337521e-38
-20.0, -1.0, 10.0
-20.0, -2.0, 20.0
-20.0, -3.0, 30.0
-20.0, -4.0, 40.0
-20.0, -5.0, 50.0
-20.0, -6.0, 60.0
-20.0, -7.0, 70.0
-20.0, -8.0, 80.0
-20.0, -9.0, 90.0
-20.0, -10.0, 100.0
-20.0, -11.0, 110.0
-20.0, -12.0, 120.0
-20.0, -13.0, 130.0
-20.0, -14.0, 140.0
-20.0, -15.0, 150.0
-20.0, -16.0, 160.0
-20.0, -17.0, 170.0
-20.0, -18.0, 180.0
-20.0, -19.0, 190.0
-18.9285717, -20.0, 200.191726685
-17.8571434, -20.0, 200.384109497
-16.7857151, -20.0, 200.577835083
-15.7142859, -20.0, 200.773574829
-14.6428576, -20.0, 200.971878052
-13.5714283, -20.0, 201.173202515
-12.5, -20.0, 201.377868652
-11.4285717, -20.0, 201.585998535
-10.3571424, -20.0, 201.797485352
-9.28571415, -20.0, 202.012023926
-8.21428585, -20.0, 202.228927612
-7.14285707, -20.0, 202.447280884
-6.07142878, -20.0, 202.665802002
-5.0, -20.0, 202.882888794
-3.92857146, -20.0, 203.09664917
-2.85714293, -20.0, 203.304946899
-1.78571427, -20.0, 203.505432129
-0.714285731, -20.0, 203.695709229
0.357142866, -20.0, 203.873413086
1.42857146, -20.0, 204.036331177
2.5, -20.0, 204.182510376
3.57142854, -20.0, 204.310379028
4.64285707, -20.0, 204.41885376
5.71428585, -20.0, 204.507324219
6.78571415, -20.0, 204.575759888
7.85714293, -20.0, 204.624603271
8.9285717, -20.0, 204.654785156
10.0, -20.0, 204.66758728
11.0714283, -20.0, 204.664596558
12.1428576, -20.0, 204.647628784
13.2142859, -20.0, 204.618545532
14.2857141, -20.0, 204.579269409
15.3571424, -20.0, 204.531646729
16.4285717, -20.0, 204.477432251
17.5, -20.0, 204.418197632
18.5714283, -20.0, 204.355407715
19.6428566, -20.0, 204.290267944
20.7142849, -20.0, 204.223892212
21.7857151, -20.0, 204.157150269
22.8571434, -20.0, 204.090774536
23.9285717, -20.0, 204.025360107
25.0, -20.0, 203.961364746
26.0714283, -20.0, 203.899139404
27.1428566, -20.0, 203.838928223
28.2142849, -20.0, 203.780929565
29.2857151, -20.0, 203.725234985
30.3571434, -20.0, 203.671890259
31.4285717, -20.0, 203.620910645
32.5, -20.0, 203.572280884
33.5714302, -20.0, 203.525924683
34.6428566, -20.0, 203.481781006
35.7142868, -20.0, 203.439743042
36.7857132, -20.0, 203.399719238
37.8571434, -20.0, 203.361587524
38.9285698, -20.0, 203.32522583
40.0, -20.0, 203.290512085
41.0714302, -20.0, 203.25730896
42.1428566, -20.0, 203.225494385
43.2142868, -20.0, 203.19493103
44.2857132, -20.0, 203.165481567
45.3571434, -20.0, 203.137023926
46.4285698, -20.0, 203.109436035
47.5, -20.0, 203.082565308
48.5714302, -20.0, 203.056289673
49.6428566, -20.0, 203.030487061
50.7142868, -20.0, 203.005020142
51.7857132, -20.0, 202.979766846
52.8571434, -20.0, 202.954605103
53.9285698, -20.0, 202.929397583
55.0, -20.0, 202.904006958
56.0714302, -20.0, 202.878326416
57.1428566, -20.0, 202.852203369
58.2142868, -20.0, 202.825531006
59.2857132, -20.0, 202.798141479
60.3571434, -20.0, 202.769927979
61.4285698, -20.0, 202.740737915
62.5, -20.0, 202.71043396
63.5714302, -20.0, 202.678878784
64.6428604, -20.0, 202.6459198
65.7142868, -20.0, 202.611419678
66.7857132, -20.0, 202.575210571
67.8571396, -20.0, 202.537155151
68.9285736, -20.0, 202.49710083
70.0, -20.0, 202.454864502
71.0714264, -20.0, 202.410324097
72.1428604, -20.0, 202.363296509
73.2142868, -20.0, 202.313644409
74.2857132, -20.0, 202.261199951
75.3571396, -20.0, 202.205810547
76.4285736, -20.0, 202.147354126
77.5, -20.0, 202.085662842
78.5714264, -20.0, 202.020614624
79.6428604, -20.0, 201.952102661
80.7142868, -20.0, 201.880020142
81.7857132, -20.0, 201.804275513
82.8571396, -20.0, 201.724807739
83.9285736, -20.0, 201.641555786
85.0, -20.0, 201.554504395
86.0714264, -20.0, 201.463653564
87.1428604, -20.0, 201.369064331
88.2142868, -20.0, 201.270767212
89.2857132, -20.0, 201.168899536
90.3571396, -20.0, 201.063583374
91.4285736, -20.0, 200.954986572
92.5, -20.0, 200.843338013
93.5714264, -20.0, 200.728851318
94.6428604, -20.0, 200.611816406
95.7142868, -20.0, 200.492553711
96.7857132, -20.0, 200.371368408
97.8571396, -20.0, 200.248626709
98.9285736, -20.0, 200.124710083
100.0, -19.0, 190.0
100.0, -18.0, 180.0
100.0, -17.0, 170.0
100.0, -16.0, 160.0
100.0, -15.0, 150.0
100.0, -14.0, 140.0
100.0, -13.0, 130.0
100.0, -12.0, 120.0
100.0, -11.0, 110.0
100.0, -10.0, 100.0
100.0, -9.0, 90.0
100.0, -8.0, 80.0
100.0, -7.0, 70.0
100.0, -6.0, 60.0
100.0, -5.0, 50.0
100.0, -4.0, 40.0
100.0, -3.0, 30.0
100.0, -2.0, 20.0
100.0, -1.0, 10.0
100.0, 0.800000012, -8.0
100.0, 1.60000002, -16.0
100.0, 2.4000001, -24.0
100.0, 3.20000005, -32.0
100.0, 4.0, -40.0
100.0, 4.80000019, -48.0
100.0, 5.5999999, -56.0
100.0, 6.4000001, -64.0
100.0, 7.19999981, -72.0
100.0, 8.0, -80.0
100.0, 8.80000019, -88.0
100.0, 9.60000038, -96.0
100.0, 10.3999996, -104.0
100.0, 11.1999998, -112.0
100.0, 12.0, -120.0
100.0, 12.8000002, -128.0
100.0, 13.6000004, -136.0
100.0, 14.3999996, -144.0
100.0, 15.1999998, -152.0
100.0, 16.0, -160.0
100.0, 16.7999992, -168.0
100.0, 17.6000004, -176.0
100.0, 18.3999996, -184.0
100.0, 19.2000008, -192.0
99.1806488, 20.0, -166.079696655
98.36129, 20.0, -146.600158691
97.5419388, 20.0, -131.677932739
96.72258, 20.0, -119.731666565
95.9032288, 20.0, -109.833404541
95.0838699, 20.0, -101.444816589
94.2645187, 20.0, -94.3347854614
93.4451599, 20.0, -88.1326599121
92.6258087, 20.0, -82.7044067383
91.8064499, 20.0, -78.0112991333
90.9870987, 20.0, -73.9955215454
90.1677399, 20.0, -70.4496917725
89.3483887, 20.0, -67.3138427734
88.5290298, 20.0, -64.5680847168
87.7096786, 20.0, -62.1933708191
86.8903198, 20.0, -60.1776542664
86.0709686, 20.0, -58.543384552
85.2516098, 20.0, -57.1777267456
84.4322586, 20.0, -56.0438957214
83.6128998, 20.0, -55.0987434387
82.7935486, 20.0, -54.3103561401
81.9741898, 20.0, -53.6525306702
81.1548386, 20.0, -53.1033363342
80.3354874, 20.0, -52.6447143555
79.5161285, 20.0, -52.2616996765
78.6967773, 20.0, -51.9418258667
77.8774185, 20.0, -51.6746788025
77.0580673, 20.0, -51.4515266418
76.2387085, 20.0, -51.2645606995
75.4193573, 20.0, -51.1072120667
74.5999985, 20.0, -50.9752883911
73.7806473, 20.0, -50.8648109436
72.9612885, 20.0, -50.7722053528
72.1419373, 20.0, -50.6944732666
71.3225784, 20.0, -50.6291046143
70.5032272, 20.0, -50.5739784241
69.6838684, 20.0, -50.5274085999
68.8645172, 20.0, -50.4879722595
68.0451584, 20.0, -50.4544906616
67.2258072, 20.0, -50.4259872437
66.4064484, 20.0, -50.4016494751
65.5870972, 20.0, -50.3808021545
64.7677383, 20.0, -50.3628845215
63.9483871, 20.0, -50.3474273682
63.1290321, 20.0, -50.3340377808
62.3096771, 20.0, -50.3223800659
61.4903221, 20.0, -50.3121795654
60.6709671, 20.0, -50.303188324
59.8516121, 20.0, -50.2952041626
59.0322571, 20.0, -50.2880439758
58.2129021, 20.0, -50.2815589905
57.3935471, 20.0, -50.275604248
56.574192, 20.0, -50.2700576782
55.754837, 20.0, -50.2648124695
54.935482, 20.0, -50.2597618103
54.1161308, 20.0, -50.2548103333
53.2967758, 20.0, -50.2498626709
52.4774208, 20.0, -50.2448234558
51.6580658, 20.0, -50.2395973206
50.8387108, 20.0, -50.2340888977
50.0193558, 20.0, -50.2281913757
49.2000008, 20.0, -50.2217826843
48.3806458, 20.0, -50.2147293091
47.5612907, 20.0, -50.2068748474
46.7419357, 20.0, -50.1980438232
45.9225807, 20.0, -50.1880073547
45.1032257, 20.0, -50.1765060425
44.2838707, 20.0, -50.1632003784
43.4645157, 20.0, -50.1476783752
42.6451607, 20.0, -50.1294136047
41.8258057, 20.0, -50.107711792
41.0064507, 20.0, -50.0815887451
40.1870956, 20.0, -50.0499458313
39.3677406, 20.0, -50.0114440918
38.5483856, 20.0, -49.9643783569
37.7290306, 20.0, -49.906539917
36.9096756, 20.0, -49.8351097107
36.0903244, 20.0, -49.7465209961
35.2709694, 20.0, -49.6362762451
34.4516144, 20.0, -49.4987335205
33.6322594, 20.0, -49.3267631531
32.8129044, 20.0, -49.1114845276
31.9935474, 20.0, -48.842376709
31.1741943, 20.0, -48.5069656372
30.3548393, 20.0, -48.090473175
29.5354843, 20.0, -47.5759506226
28.7161293, 20.0, -46.9441337585
27.8967743, 20.0, -46.1734733582
27.0774193, 20.0, -45.2397918701
26.2580643, 20.0, -44.1152763367
25.4387093, 20.0, -42.7651329041
24.6193542, 20.0, -41.1372375488
22.8479996, 19.2000008, -38.4015274048
21.8959999, 18.3999996, -37.9533500671
20.9440002, 17.6000004, -37.5862960815
19.9920006, 16.7999992, -37.2026443481
19.0400009, 16.0, -36.7880706787
18.0879993, 15.1999998, -36.350856781
17.1359997, 14.3999996, -35.8948631287
16.184, 13.6000004, -35.4161148071
15.2320004, 12.8000002, -34.9182357788
14.2799997, 12.0, -34.3997421265
13.3280001, 11.1999998, -33.8445014954
12.3760004, 10.3999996, -33.2060317993
11.4239998, 9.60000038, -32.3917274475
10.4720001, 8.80000019, -31.2555885315
9.52000046, 8.0, -29.6074371338
8.56799984, 7.19999981, -27.2395687103
7.61600018, 6.4000001, -23.9824504852
6.66400003, 5.5999999, -19.7877044678
5.71199989, 4.80000019, -14.6033658981
4.76000023, 4.0, -7.50835132599
3.80800009, 3.20000005, 3.85963392258
2.85599995, 2.4000001, 13.8580551147
1.90400004, 1.60000002, 19.5733795166
0.952000022, 0.800000012, 18.690870285
98.9249268, -1.0, 10.227807045
97.8498459, -1.0, 10.4522762299
96.7747726, -1.0, 10.6706295013
95.6996918, -1.0, 10.8803129196
94.6246185, -1.0, 11.0790977478
93.5495377, -1.0, 11.2652101517
92.4744644, -1.0, 11.437415123
91.3993835, -1.0, 11.595085144
90.3243103, -1.0, 11.738161087
89.2492294, -1.0, 11.8670578003
88.1741562, -1.0, 11.9825143814
87.0990753, -1.0, 12.085474968
86.0240021, -1.0, 12.176984787
84.9489212, -1.0, 12.2581310272
83.873848, -1.0, 12.3299884796
82.7987747, -1.0, 12.3935813904
81.7236938, -1.0, 12.4498596191
80.6486206, -1.0, 12.4996881485
79.5735397, -1.0, 12.5438451767
78.4984665, -1.0, 12.583026886
77.4233856, -1.0, 12.6178531647
76.3483124, -1.0, 12.6488685608
75.2732315, -1.0, 12.6765546799
74.1981583, -1.0, 12.7013301849
73.1230774, -1.0, 12.7235593796
72.0480042, -1.0, 12.743563652
70.9729233, -1.0, 12.7616195679
69.89785, -1.0, 12.7779712677
68.8227692, -1.0, 12.7928323746
67.7476959, -1.0, 12.806388855
66.6726227, -1.0, 12.8188047409
65.5975418, -1.0, 12.8302249908
64.5224686, -1.0, 12.8407783508
63.4473877, -1.0, 12.8505773544
62.3723106, -1.0, 12.8597259521
61.2972336, -1.0, 12.8683166504
60.2221565, -1.0, 12.8764324188
59.1470833, -1.0, 12.8841514587
58.0720062, -1.0, 12.8915452957
56.9969292, -1.0, 12.898680687
55.9218521, -1.0, 12.905620575
54.8467751, -1.0, 12.9124259949
53.771698, -1.0, 12.9191551208
52.6966209, -1.0, 12.9258670807
51.6215439, -1.0, 12.9326190948
50.5464668, -1.0, 12.9394702911
49.4713898, -1.0, 12.9464788437
48.3963127, -1.0, 12.953707695
47.3212357, -1.0, 12.9612207413
46.2461586, -1.0, 12.9690876007
45.1710815, -1.0, 12.9773788452
44.0960045, -1.0, 12.9861736298
43.0209312, -1.0, 12.9955568314
41.9458542, -1.0, 13.0056171417
40.8707771, -1.0, 13.0164556503
39.7957001, -1.0, 13.0281820297
38.720623, -1.0, 13.0409145355
37.645546, -1.0, 13.0547876358
36.5704689, -1.0, 13.0699481964
35.4953918, -1.0, 13.0865621567
34.4203148, -1.0, 13.1048164368
33.3452377, -1.0, 13.1249189377
32.2701607, -1.0, 13.1471061707
31.1950836, -1.0, 13.1716489792
30.1200085, -1.0, 13.1988582611
29.0449314, -1.0, 13.229095459
27.9698544, -1.0, 13.2627859116
26.8947773, -1.0, 13.3004369736
25.8197002, -1.0, 13.3426609039
24.7446232, -1.0, 13.3902101517
23.6695461, -1.0, 13.4440193176
22.594471, -1.0, 13.5052700043
21.5193939, -1.0, 13.5754709244
20.4443169, -1.0, 13.6565732956
19.3692398, -1.0, 13.7511529922
18.2941628, -1.0, 13.8626718521
17.2190857, -1.0, 13.9958896637
16.1440086, -1.0, 14.1574840546
15.0689325, -1.0, 14.3570108414
13.9938555, -1.0, 14.6083745956
12.9187784, -1.0, 14.9320421219
11.8437023, -1.0, 15.3584127426
10.7686253, -1.0, 15.9330682755
9.6935482, -1.0, 16.7243061066
8.61847115, -1.0, 17.8278121948
7.54339457, -1.0, 19.2791366577
6.46831799, -1.0, 21.0234031677
5.39324141, -1.0, 22.8688678741
4.31816435, -1.0, 24.4852771759
3.24308753, -1.0, 25.3279151917
2.16801071, -1.0, 24.5744838715
1.09293389, -1.0, 20.7611026764
0.0178571437, -1.0, 16.0994091034
-1.03571427, -1.0, 12.5630121231
-2.08928561, -1.0, 11.5502119064
-3.14285707, -1.0, 11.0572748184
-4.19642878, -1.0, 10.7770271301
-5.25, -1.0, 10.5985717773
-6.30357122, -1.0, 10.4760074615
-7.35714293, -1.0, 10.3869066238
-8.41071415, -1.0, 10.3191671371
-9.46428585, -1.0, 10.2657289505
-10.5178576, -1.0, 10.2222251892
-11.5714283, -1.0, 10.1858129501
-12.625, -1.0, 10.1545686722
-13.6785717, -1.0, 10.1271362305
-14.7321424, -1.0, 10.1025276184
-15.7857141, -1.0, 10.0799951553
-16.8392849, -1.0, 10.0589504242
-17.8928566, -1.0, 10.0389032364
-18.9464283, -1.0, 10.0194149017
98.9251175, -2.0, 20.2124176025
97.8502274, -2.0, 20.4219512939
96.7753448, -2.0, 20.6262760162
95.7004623, -2.0, 20.8232536316
94.6255798, -2.0, 21.0110206604
93.5506897, -2.0, 21.1880722046
92.4758072, -2.0, 21.3533267975
91.4009247, -2.0, 21.5061531067
90.3260345, -2.0, 21.6463565826
89.251152, -2.0, 21.7741146088
88.1762695, -2.0, 21.8898983002
87.1013794, -2.0, 21.9943733215
86.0264969, -2.0, 22.0883331299
84.9516144, -2.0, 22.1726341248
83.8767319, -2.0, 22.2481498718
82.8018417, -2.0, 22.3157405853
81.7269592, -2.0, 22.3762168884
80.6520767, -2.0, 22.4303417206
79.5771866, -2.0, 22.4788131714
78.5023041, -2.0, 22.5222682953
77.4274216, -2.0, 22.5612754822
76.3525314, -2.0, 22.5963535309
75.2776489, -2.0, 22.627954483
74.2027664, -2.0, 22.6564884186
73.1278839, -2.0, 22.6823120117
72.0529938, -2.0, 22.7057418823
70.9781113, -2.0, 22.7270584106
69.9032288, -2.0, 22.746509552
68.8283386, -2.0, 22.7643146515
67.7534561, -2.0, 22.7806682587
66.6785736, -2.0, 22.7957439423
65.6036835, -2.0, 22.8096942902
64.528801, -2.0, 22.8226585388
63.4539185, -2.0, 22.8347587585
62.3790321, -2.0, 22.8461112976
61.3041458, -2.0, 22.8568153381
60.2292633, -2.0, 22.8669681549
59.154377, -2.0, 22.8766536713
58.0794945, -2.0, 22.8859539032
57.0046082, -2.0, 22.8949451447
55.9297218, -2.0, 22.9036998749
54.8548393, -2.0, 22.9122905731
53.779953, -2.0, 22.9207820892
52.7050705, -2.0, 22.9292430878
51.6301842, -2.0, 22.9377403259
50.5552979, -2.0, 22.9463386536
49.4804153, -2.0, 22.9551105499
48.405529, -2.0, 22.9641227722
47.3306465, -2.0, 22.973449707
46.2557602, -2.0, 22.9831676483
45.1808739, -2.0, 22.9933605194
44.1059914, -2.0, 23.0041122437
43.031105, -2.0, 23.0155162811
41.9562225, -2.0, 23.0276737213
40.8813362, -2.0, 23.0406951904
39.8064499, -2.0, 23.0546970367
38.7315674, -2.0, 23.06980896
37.6566811, -2.0, 23.0861797333
36.5817986, -2.0, 23.1039676666
35.5069122, -2.0, 23.1233501434
34.4320259, -2.0, 23.14453125
33.3571434, -2.0, 23.1677360535
32.2822571, -2.0, 23.1932239532
31.2073727, -2.0, 23.2212905884
30.1324883, -2.0, 23.2522754669
29.0576038, -2.0, 23.2865791321
27.9827194, -2.0, 23.324672699
26.907835, -2.0, 23.3671207428
25.8329487, -2.0, 23.4146022797
24.7580643, -2.0, 23.4679546356
23.6831799, -2.0, 23.528213501
22.6082954, -2.0, 23.5966777802
21.533411, -2.0, 23.6750030518
20.4585247, -2.0, 23.7653141022
19.3836403, -2.0, 23.870382309
18.3087559, -2.0, 23.9938850403
17.2338715, -2.0, 24.1407566071
16.158987, -2.0, 24.3177127838
15.0841017, -2.0, 24.533996582
14.0092163, -2.0, 24.8023872375
12.9343319, -2.0, 25.1405601501
11.8594475, -2.0, 25.5726985931
10.7845621, -2.0, 26.1308765411
9.7096777, -2.0, 26.8537559509
8.63479233, -2.0, 27.7706260681
7.55990791, -2.0, 28.8746852875
6.48502302, -2.0, 30.0914096832
5.41013813, -2.0, 31.2592258453
4.33525324, -2.0, 32.1134223938
3.26036859, -2.0, 32.2833061218
2.18548393, -2.0, 31.3141174316
1.11059904, -2.0, 29.1874980927
0.0357142873, -2.0, 26.484670639
-1.01879704, -2.0, 24.2340393066
-2.07330823, -2.0, 22.7663059235
-3.12781954, -2.0, 21.9699039459
-4.18233061, -2.0, 21.4799613953
-5.23684216, -2.0, 21.1551589966
-6.29135323, -2.0, 20.926317215
-7.34586477, -2.0, 20.7571334839
-8.40037632, -2.0, 20.6269893646
-9.45488739, -2.0, 20.523443222
-10.5093985, -2.0, 20.4386100769
-11.5639095, -2.0, 20.3672618866
-12.6184206, -2.0, 20.3058109283
-13.6729326, -2.0, 20.2516994476
-14.7274437, -2.0, 20.2030506134
-15.7819548, -2.0, 20.1584339142
-16.8364658, -2.0, 20.1167144775
-17.8909779, -2.0, 20.0769500732
-18.945488, -2.0, 20.0383110046
98.9253082, -3.0, 30.1991920471
97.8506165, -3.0, 30.3958721161
96.7759247, -3.0, 30.5880851746
95.7012253, -3.0, 30.7740345001
94.6265335, -3.0, 30.9521369934
93.5518417, -3.0, 31.1211013794
92.47715, -3.0, 31.279964447
91.4024582, -3.0, 31.4281139374
90.3277664, -3.0, 31.5652732849
89.2530746, -3.0, 31.6914730072
88.1783829, -3.0, 31.8069896698
87.1036835, -3.0, 31.9122810364
86.0289917, -3.0, 32.007938385
84.9542999, -3.0, 32.0946273804
83.8796082, -3.0, 32.1730499268
82.8049164, -3.0, 32.2439231873
81.7302246, -3.0, 32.3079376221
80.6555328, -3.0, 32.3657493591
79.5808334, -3.0, 32.4179840088
78.5061417, -3.0, 32.4652099609
77.4314499, -3.0, 32.5079536438
76.3567581, -3.0, 32.5466918945
75.2820663, -3.0, 32.5818557739
74.2073746, -3.0, 32.6138305664
73.1326828, -3.0, 32.6429710388
72.057991, -3.0, 32.6695823669
70.9832916, -3.0, 32.693939209
69.9085999, -3.0, 32.7163009644
68.8339081, -3.0, 32.7368774414
67.7592163, -3.0, 32.7558784485
66.6845245, -3.0, 32.773475647
65.6098328, -3.0, 32.7898330688
64.535141, -3.0, 32.8050994873
63.4604454, -3.0, 32.8194046021
62.3857536, -3.0, 32.8328666687
61.311058, -3.0, 32.8456039429
60.2363663, -3.0, 32.857711792
59.1616745, -3.0, 32.8692932129
58.0869827, -3.0, 32.8804321289
57.0122871, -3.0, 32.8912162781
55.9375954, -3.0, 32.901725769
54.8629036, -3.0, 32.9120368958
53.7882118, -3.0, 32.9222335815
52.7135162, -3.0, 32.932384491
51.6388245, -3.0, 32.942565918
50.5641327, -3.0, 32.9528503418
49.4894409, -3.0, 32.9633216858
48.4147453, -3.0, 32.9740524292
47.3400536, -3.0, 32.9851264954
46.2653618, -3.0, 32.9966239929
45.19067, -3.0, 33.0086402893
44.1159744, -3.0, 33.0212669373
43.0412827, -3.0, 33.0346069336
41.9665909, -3.0, 33.0487632751
40.8918953, -3.0, 33.0638618469
39.8172035, -3.0, 33.0800247192
38.7425117, -3.0, 33.0973892212
37.66782, -3.0, 33.1161193848
36.5931244, -3.0, 33.1363754272
35.5184326, -3.0, 33.1583518982
34.4437408, -3.0, 33.1822624207
33.3690491, -3.0, 33.2083473206
32.2943535, -3.0, 33.2368812561
31.2196617, -3.0, 33.2681732178
30.1449699, -3.0, 33.3025932312
29.0702763, -3.0, 33.3405570984
27.9955845, -3.0, 33.3825721741
26.9208908, -3.0, 33.429233551
25.846199, -3.0, 33.4812583923
24.7715054, -3.0, 33.5395317078
23.6968117, -3.0, 33.6051330566
22.6221199, -3.0, 33.6794090271
21.5474262, -3.0, 33.7640609741
20.4727345, -3.0, 33.8612442017
19.3980408, -3.0, 33.9737167358
18.323349, -3.0, 34.1050720215
17.2486553, -3.0, 34.2599906921
16.1739635, -3.0, 34.4446182251
15.0992708, -3.0, 34.6670341492
14.0245771, -3.0, 34.9377746582
12.9498844, -3.0, 35.2703285217
11.8751917, -3.0, 35.6812362671
10.800499, -3.0, 36.1888885498
9.72580624, -3.0, 36.8085746765
8.65111351, -3.0, 37.5418968201
7.57642078, -3.0, 38.3611106873
6.50172806, -3.0, 39.1934547424
5.42703533, -3.0, 39.9104576111
4.35234261, -3.0, 40.3283462524
3.27764988, -3.0, 40.2297592163
2.20295691, -3.0, 39.4629325867
1.12826419, -3.0, 38.0736312866
0.0535714291, -3.0, 36.3687133789
-1.00187969, -3.0, 34.775806427
-2.05733085, -3.0, 33.5258598328
-3.112782, -3.0, 32.6498146057
-4.16823292, -3.0, 32.0549621582
-5.22368431, -3.0, 31.6356201172
-6.27913523, -3.0, 31.3285522461
-7.33458662, -3.0, 31.0955028534
-8.39003754, -3.0, 30.9128646851
-9.44548893, -3.0, 30.7655582428
-10.5009403, -3.0, 30.6436195374
-11.5563908, -3.0, 30.5402507782
-12.6118422, -3.0, 30.450668335
-13.6672935, -3.0, 30.3714084625
-14.722744, -3.0, 30.2998847961
-15.7781954, -3.0, 30.2341060638
-16.8336468, -3.0, 30.1724777222
-17.8890972, -3.0, 30.1136741638
-18.9445496, -3.0, 30.0565376282
98.925499, -4.0, 40.187789917
97.8509979, -4.0, 40.3733711243
96.7764969, -4.0, 40.5550956726
95.7019958, -4.0, 40.7314338684
94.6274948, -4.0, 40.9010353088
93.5529938, -4.0, 41.0627784729
92.4784927, -4.0, 41.215801239
91.4039917, -4.0, 41.3595161438
90.3294907, -4.0, 41.4936065674
89.2549896, -4.0, 41.6180000305
88.1804886, -4.0, 41.732837677
87.1059875, -4.0, 41.8384246826
86.0314865, -4.0, 41.9351921082
84.9569855, -4.0, 42.023651123
83.8824921, -4.0, 42.1043624878
82.807991, -4.0, 42.1779136658
81.73349, -4.0, 42.244884491
80.658989, -4.0, 42.3058433533
79.5844879, -4.0, 42.3613395691
78.5099869, -4.0, 42.4118766785
77.4354858, -4.0, 42.4579391479
76.3609848, -4.0, 42.4999656677
75.2864838, -4.0, 42.5383529663
74.2119827, -4.0, 42.5734710693
73.1374817, -4.0, 42.6056518555
72.0629807, -4.0, 42.6352005005
70.9884796, -4.0, 42.6623840332
69.9139786, -4.0, 42.6874542236
68.8394775, -4.0, 42.7106323242
67.7649765, -4.0, 42.7321205139
66.6904755, -4.0, 42.7520980835
65.6159744, -4.0, 42.7707366943
64.5414734, -4.0, 42.7881889343
63.4669724, -4.0, 42.8045883179
62.3924713, -4.0, 42.8200645447
61.3179741, -4.0, 42.8347396851
60.2434731, -4.0, 42.8487243652
59.168972, -4.0, 42.8621177673
58.094471, -4.0, 42.8750190735
57.0199699, -4.0, 42.8875236511
55.9454689, -4.0, 42.8997154236
54.8709679, -4.0, 42.9116859436
53.7964668, -4.0, 42.9235191345
52.7219658, -4.0, 42.9352912903
51.6474648, -4.0, 42.9470901489
50.5729637, -4.0, 42.9589996338
49.4984627, -4.0, 42.9710998535
48.4239616, -4.0, 42.9834747314
47.3494606, -4.0, 42.996219635
46.2749634, -4.0, 43.0094223022
45.2004623, -4.0, 43.0231781006
44.1259613, -4.0, 43.0375900269
43.0514603, -4.0, 43.0527687073
41.9769592, -4.0, 43.0688247681
40.9024582, -4.0, 43.0858879089
39.8279572, -4.0, 43.1040878296
38.7534561, -4.0, 43.1235771179
37.6789551, -4.0, 43.1445121765
36.604454, -4.0, 43.1670761108
35.529953, -4.0, 43.1914596558
34.455452, -4.0, 43.2178955078
33.3809509, -4.0, 43.2466239929
32.3064499, -4.0, 43.2779312134
31.2319508, -4.0, 43.3121414185
30.1574497, -4.0, 43.3496284485
29.0829487, -4.0, 43.390827179
28.0084476, -4.0, 43.4362564087
26.9339485, -4.0, 43.4865150452
25.8594475, -4.0, 43.5423431396
24.7849464, -4.0, 43.6046180725
23.7104454, -4.0, 43.6744194031
22.6359444, -4.0, 43.7530784607
21.5614433, -4.0, 43.8422431946
20.4869423, -4.0, 43.9439735413
19.4124432, -4.0, 44.0608482361
18.3379421, -4.0, 44.1961402893
17.2634411, -4.0, 44.3539733887
16.18894, -4.0, 44.5395278931
15.114439, -4.0, 44.7592697144
14.0399389, -4.0, 45.0210456848
12.9654379, -4.0, 45.3339385986
11.8909369, -4.0, 45.7075157166
10.8164358, -4.0, 46.149646759
9.74193573, -4.0, 46.6621284485
8.66743469, -4.0, 47.2336082458
7.59293413, -4.0, 47.8309707642
6.51843309, -4.0, 48.3918151855
5.44393253, -4.0, 48.8220748901
4.3694315, -4.0, 49.0040473938
3.29493093, -4.0, 48.8249435425
2.22043014, -4.0, 48.2273483276
1.14592934, -4.0, 47.2605514526
0.0714285746, -4.0, 46.083568573
-0.984962404, -4.0, 44.920791626
-2.04135346, -4.0, 43.9050140381
-3.09774446, -4.0, 43.0979194641
-4.15413523, -4.0, 42.4855003357
-5.21052647, -4.0, 42.0235977173
-6.26691723, -4.0, 41.6694335938
-7.32330847, -4.0, 41.3918151855
-8.37969971, -4.0, 41.1690673828
-9.43609047, -4.0, 40.9862174988
-10.4924812, -4.0, 40.8328018188
-11.548872, -4.0, 40.7013816833
-12.6052628, -4.0, 40.5865478516
-13.6616545, -4.0, 40.4842948914
-14.7180452, -4.0, 40.3915557861
-15.774436, -4.0, 40.3059387207
-16.8308277, -4.0, 40.2255058289
-17.8872185, -4.0, 40.1486320496
-18.9436092, -4.0, 40.0738983154
98.9256897, -5.0, 50.1779327393
97.8513794, -5.0, 50.3539047241
96.7770767, -5.0, 50.5265159607
95.7027664, -5.0, 50.6944580078
94.6284561, -5.0, 50.8565711975
93.5541458, -5.0, 51.0118675232
92.4798355, -5.0, 51.1595802307
91.4055328, -5.0, 51.2991447449
90.3312225, -5.0, 51.430229187
89.2569122, -5.0, 51.552696228
88.1826019, -5.0, 51.6665878296
87.1082916, -5.0, 51.7720947266
86.033989, -5.0, 51.8695220947
84.9596786, -5.0, 51.9592590332
83.8853683, -5.0, 52.0417442322
82.811058, -5.0, 52.1174621582
81.7367477, -5.0, 52.1868934631
80.6624451, -5.0, 52.2505264282
79.5881348, -5.0, 52.3088340759
78.5138245, -5.0, 52.3622741699
77.4395142, -5.0, 52.4112701416
76.3652039, -5.0, 52.4562263489
75.2909012, -5.0, 52.4975166321
74.2165909, -5.0, 52.535484314
73.1422806, -5.0, 52.5704460144
72.0679703, -5.0, 52.6026916504
70.99366, -5.0, 52.6324882507
69.9193573, -5.0, 52.6600723267
68.845047, -5.0, 52.68567276
67.7707367, -5.0, 52.709487915
66.6964264, -5.0, 52.7317008972
65.6221161, -5.0, 52.7524871826
64.5478134, -5.0, 52.7719955444
63.4735031, -5.0, 52.7903785706
62.3991928, -5.0, 52.8077659607
61.3248863, -5.0, 52.8242874146
60.250576, -5.0, 52.8400497437
59.1762657, -5.0, 52.8551712036
58.1019592, -5.0, 52.8697547913
57.0276489, -5.0, 52.8838996887
55.9533424, -5.0, 52.8977012634
54.8790321, -5.0, 52.9112548828
53.8047218, -5.0, 52.9246482849
52.7304153, -5.0, 52.9379730225
51.656105, -5.0, 52.9513168335
50.5817986, -5.0, 52.9647712708
49.5074883, -5.0, 52.978427887
48.4331779, -5.0, 52.9923744202
47.3588715, -5.0, 53.0067100525
46.2845612, -5.0, 53.0215301514
45.2102547, -5.0, 53.0369377136
44.1359444, -5.0, 53.0530395508
43.0616341, -5.0, 53.0699577332
41.9873276, -5.0, 53.087802887
40.9130173, -5.0, 53.1067123413
39.8387108, -5.0, 53.1268234253
38.7644005, -5.0, 53.1482925415
37.690094, -5.0, 53.1712837219
36.6157837, -5.0, 53.1959838867
35.5414734, -5.0, 53.2225875854
34.4671669, -5.0, 53.2513313293
33.3928566, -5.0, 53.282459259
32.3185501, -5.0, 53.3162651062
31.2442398, -5.0, 53.3530731201
30.1699314, -5.0, 53.3932609558
29.095623, -5.0, 53.4372596741
28.0213127, -5.0, 53.4855804443
26.9470043, -5.0, 53.5388259888
25.8726959, -5.0, 53.5977058411
24.7983875, -5.0, 53.6630744934
23.7240791, -5.0, 53.7359619141
22.6497688, -5.0, 53.8176193237
21.5754604, -5.0, 53.9095687866
20.501152, -5.0, 54.0136795044
19.4268436, -5.0, 54.1322288513
18.3525352, -5.0, 54.2680130005
17.2782249, -5.0, 54.4244155884
16.2039165, -5.0, 54.6054992676
15.1296082, -5.0, 54.8159790039
14.0552998, -5.0, 55.0610847473
12.9809904, -5.0, 55.3460578918
11.906682, -5.0, 55.6750907898
10.8323736, -5.0, 56.049243927
9.75806427, -5.0, 56.4631996155
8.68375587, -5.0, 56.9008789062
7.609447, -5.0, 57.3310165405
6.53513813, -5.0, 57.7044143677
5.46082926, -5.0, 57.9556465149
4.38652086, -5.0, 58.0125389099
3.31221199, -5.0, 57.8154983521
2.23790312, -5.0, 57.3432235718
1.16359448, -5.0, 56.6318511963
0.0892857164, -5.0, 55.7716827393
-0.968045115, -5.0, 54.8909416199
-2.02537584, -5.0, 54.0707778931
-3.08270669, -5.0, 53.3647460938
-4.14003754, -5.0, 52.7853927612
-5.19736862, -5.0, 52.3195610046
-6.25469923, -5.0, 51.945274353
-7.31202984, -5.0, 51.6415100098
-8.36936092, -5.0, 51.3913002014
-9.42669201, -5.0, 51.1817207336
-10.4840221, -5.0, 51.0030975342
-11.5413532, -5.0, 50.8481788635
-12.5986843, -5.0, 50.711479187
-13.6560154, -5.0, 50.5888023376
-14.7133455, -5.0, 50.4768676758
-15.7706766, -5.0, 50.3730430603
-16.8280067, -5.0, 50.275177002
-17.8853378, -5.0, 50.1814346313
-18.9426689, -5.0, 50.0902023315
98.9258804, -6.0, 60.1693878174
97.8517685, -6.0, 60.337020874
96.7776489, -6.0, 60.501701355
95.7035294, -6.0, 60.6623001099
94.6294174, -6.0, 60.8178100586
93.5552979, -6.0, 60.9673614502
92.4811859, -6.0, 61.1102600098
91.4070663, -6.0, 61.2459831238
90.3329468, -6.0, 61.3741874695
89.2588348, -6.0, 61.4946899414
88.1847153, -6.0, 61.6074714661
87.1105957, -6.0, 61.7126312256
86.0364838, -6.0, 61.8103790283
84.9623642, -6.0, 61.9010047913
83.8882523, -6.0, 61.9848518372
82.8141327, -6.0, 62.0623092651
81.7400131, -6.0, 62.1337738037
80.6659012, -6.0, 62.1996650696
79.5917816, -6.0, 62.26039505
78.517662, -6.0, 62.3163566589
77.4435501, -6.0, 62.3679389954
76.3694305, -6.0, 62.4155044556
75.2953186, -6.0, 62.4593963623
74.221199, -6.0, 62.4999351501
73.1470795, -6.0, 62.5374221802
72.0729675, -6.0, 62.5721359253
70.998848, -6.0, 62.6043281555
69.9247284, -6.0, 62.6342353821
68.8506165, -6.0, 62.6620788574
67.7764969, -6.0, 62.6880569458
66.7023773, -6.0, 62.7123565674
65.6282654, -6.0, 62.7351493835
64.5541458, -6.0, 62.7565956116
63.4800301, -6.0, 62.7768440247
62.4059143, -6.0, 62.7960319519
61.3317986, -6.0, 62.814289093
60.257679, -6.0, 62.8317375183
59.1835632, -6.0, 62.8484954834
58.1094475, -6.0, 62.8646736145
57.0353317, -6.0, 62.8803749084
55.9612122, -6.0, 62.8957061768
54.8870964, -6.0, 62.9107589722
53.8129807, -6.0, 62.9256401062
52.7388649, -6.0, 62.9404373169
51.6647453, -6.0, 62.9552459717
50.5906296, -6.0, 62.9701690674
49.5165138, -6.0, 62.9852981567
48.4423981, -6.0, 63.0007324219
47.3682785, -6.0, 63.0165710449
46.2941628, -6.0, 63.0329170227
45.220047, -6.0, 63.0498847961
44.1459312, -6.0, 63.0675811768
43.0718117, -6.0, 63.0861282349
41.9976959, -6.0, 63.1056518555
40.9235802, -6.0, 63.1262893677
39.8494606, -6.0, 63.1481819153
38.7753448, -6.0, 63.1714859009
37.7012291, -6.0, 63.1963768005
36.6271133, -6.0, 63.223033905
35.5529938, -6.0, 63.2516670227
34.478878, -6.0, 63.282497406
33.4047623, -6.0, 63.3157844543
32.3306465, -6.0, 63.3518104553
31.2565289, -6.0, 63.3908996582
30.1824112, -6.0, 63.4334182739
29.1082954, -6.0, 63.4797859192
28.0341778, -6.0, 63.5304985046
26.960062, -6.0, 63.5861244202
25.8859444, -6.0, 63.6473388672
24.8118286, -6.0, 63.7149391174
23.737711, -6.0, 63.7898635864
22.6635952, -6.0, 63.8732452393
21.5894775, -6.0, 63.9664230347
20.5153618, -6.0, 64.0710067749
19.4412441, -6.0, 64.1889038086
18.3671284, -6.0, 64.3223495483
17.2930107, -6.0, 64.4739456177
16.218895, -6.0, 64.6465988159
15.1447773, -6.0, 64.843421936
14.0706606, -6.0, 65.0673828125
12.9965439, -6.0, 65.3207702637
11.9224272, -6.0, 65.6040802002
10.8483105, -6.0, 65.9144668579
9.77419376, -6.0, 66.2434616089
8.70007706, -6.0, 66.5745391846
7.62595987, -6.0, 66.881111145
6.55184317, -6.0, 67.1262359619
5.47772646, -6.0, 67.2655715942
4.40360975, -6.0, 67.2549209595
3.32949305, -6.0, 67.0620117188
2.25537634, -6.0, 66.6794586182
1.18125963, -6.0, 66.1324234009
0.107142858, -6.0, 65.475227356
-0.951127827, -6.0, 64.7865753174
-2.00939846, -6.0, 64.1177062988
-3.06766915, -6.0, 63.5099372864
-4.12593985, -6.0, 62.9819869995
-5.1842103, -6.0, 62.5348739624
-6.24248123, -6.0, 62.1598587036
-7.30075169, -6.0, 61.8449554443
-8.35902214, -6.0, 61.5785140991
-9.41729355, -6.0, 61.3505363464
-10.475564, -6.0, 61.1529083252
-11.5338345, -6.0, 60.9791641235
-12.5921049, -6.0, 60.8241767883
-13.6503763, -6.0, 60.6838722229
-14.7086468, -6.0, 60.5549659729
-15.7669172, -6.0, 60.4347648621
-16.8251877, -6.0, 60.321018219
-17.8834591, -6.0, 60.2117729187
-18.9417286, -6.0, 60.1053009033
98.9260788, -7.0, 70.1619720459
97.85215, -7.0, 70.3223571777
96.7782288, -7.0, 70.4801254272
95.7042999, -7.0, 70.6343002319
94.6303787, -7.0, 70.7839889526
93.5564499, -7.0, 70.9284286499
92.4825287, -7.0, 71.066986084
91.4085999, -7.0, 71.199180603
90.3346786, -7.0, 71.3246612549
89.2607498, -7.0, 71.4432373047
88.1868286, -7.0, 71.5548171997
87.1128998, -7.0, 71.6594543457
86.0389786, -7.0, 71.757270813
84.9650574, -7.0, 71.8484802246
83.8911285, -7.0, 71.9333572388
82.8172073, -7.0, 72.0121917725
81.7432785, -7.0, 72.0853347778
80.6693573, -7.0, 72.1531295776
79.5954285, -7.0, 72.215927124
78.5215073, -7.0, 72.2740783691
77.4475784, -7.0, 72.3279190063
76.3736572, -7.0, 72.3777923584
75.2997284, -7.0, 72.4240112305
74.2258072, -7.0, 72.4668579102
73.1518784, -7.0, 72.5066299438
72.0779572, -7.0, 72.543586731
71.0040359, -7.0, 72.5779647827
69.9301071, -7.0, 72.6100082397
68.8561859, -7.0, 72.6399154663
67.7822571, -7.0, 72.6678924561
66.7083359, -7.0, 72.6941299438
65.634407, -7.0, 72.718788147
64.5604858, -7.0, 72.7420425415
63.4865608, -7.0, 72.7640304565
62.4126358, -7.0, 72.78490448
61.3387108, -7.0, 72.8047943115
60.2647858, -7.0, 72.8238296509
59.1908607, -7.0, 72.842124939
58.1169357, -7.0, 72.8598098755
57.0430107, -7.0, 72.8769760132
55.9690857, -7.0, 72.8937454224
54.8951607, -7.0, 72.9102172852
53.8212357, -7.0, 72.9264984131
52.7473106, -7.0, 72.9426803589
51.6733856, -7.0, 72.9588775635
50.5994606, -7.0, 72.9751815796
49.5255394, -7.0, 72.9916992188
48.4516144, -7.0, 73.0085296631
47.3776894, -7.0, 73.0257873535
46.3037643, -7.0, 73.0435714722
45.2298393, -7.0, 73.06199646
44.1559143, -7.0, 73.0811843872
43.0819893, -7.0, 73.1012496948
42.0080643, -7.0, 73.1223373413
40.9341393, -7.0, 73.1445770264
39.8602142, -7.0, 73.1681137085
38.7862892, -7.0, 73.193107605
37.7123642, -7.0, 73.2197341919
36.6384392, -7.0, 73.2481765747
35.564518, -7.0, 73.2786407471
34.490593, -7.0, 73.3113555908
33.4166679, -7.0, 73.3465576172
32.3427429, -7.0, 73.3845291138
31.2688179, -7.0, 73.4255905151
30.1948929, -7.0, 73.4700775146
29.1209679, -7.0, 73.518409729
28.0470428, -7.0, 73.5710296631
26.9731178, -7.0, 73.6284713745
25.8991928, -7.0, 73.6913604736
24.8252697, -7.0, 73.7603988647
23.7513447, -7.0, 73.8364257812
22.6774197, -7.0, 73.9204101562
21.6034946, -7.0, 74.0134811401
20.5295696, -7.0, 74.1169586182
19.4556446, -7.0, 74.2323303223
18.3817196, -7.0, 74.361289978
17.3077965, -7.0, 74.5056533813
16.2338715, -7.0, 74.6672973633
15.1599464, -7.0, 74.8479614258
14.0860214, -7.0, 75.048866272
13.0120964, -7.0, 75.2701950073
11.9381723, -7.0, 75.5101852417
10.8642473, -7.0, 75.7640228271
9.7903223, -7.0, 76.0224075317
8.71639824, -7.0, 76.2703399658
7.64247322, -7.0, 76.4864273071
6.5685482, -7.0, 76.6436233521
5.49462366, -7.0, 76.7120666504
4.42069912, -7.0, 76.6643447876
3.3467741, -7.0, 76.4824981689
2.27284956, -7.0, 76.164642334
1.19892478, -7.0, 75.728263855
0.125, -7.0, 75.207649231
-0.934210539, -7.0, 74.6537475586
-1.99342108, -7.0, 74.0999679565
-3.05263162, -7.0, 73.5771026611
-4.11184216, -7.0, 73.103302002
-5.17105246, -7.0, 72.6851501465
-6.23026323, -7.0, 72.3212509155
-7.28947353, -7.0, 72.0059661865
-8.34868431, -7.0, 71.7322158813
-9.40789509, -7.0, 71.4929733276
-10.4671049, -7.0, 71.2819595337
-11.5263157, -7.0, 71.0938034058
-12.5855265, -7.0, 70.9240341187
-13.6447372, -7.0, 70.768913269
-14.7039471, -7.0, 70.6253356934
-15.7631578, -7.0, 70.4906845093
-16.8223686, -7.0, 70.3627166748
-17.8815784, -7.0, 70.239440918
-18.9407902, -7.0, 70.1190948486
98.9262695, -8.0, 80.1555328369
97.8525314, -8.0, 80.3096160889
96.778801, -8.0, 80.4613571167
95.7050705, -8.0, 80.6099014282
94.63134, -8.0, 80.7544631958
93.5576019, -8.0, 80.8943710327
92.4838715, -8.0, 81.0290374756
91.410141, -8.0, 81.1580123901
90.3364029, -8.0, 81.2809677124
89.2626724, -8.0, 81.3976745605
88.188942, -8.0, 81.508026123
87.1152039, -8.0, 81.6120223999
86.0414734, -8.0, 81.7097320557
84.9677429, -8.0, 81.8013000488
83.8940125, -8.0, 81.8869247437
82.8202744, -8.0, 81.9668579102
81.7465439, -8.0, 82.0413742065
80.6728134, -8.0, 82.1107559204
79.5990753, -8.0, 82.1753158569
78.5253448, -8.0, 82.2353591919
77.4516144, -8.0, 82.2911834717
76.3778839, -8.0, 82.3430862427
75.3041458, -8.0, 82.3913574219
74.2304153, -8.0, 82.4362792969
73.1566849, -8.0, 82.4781036377
72.0829468, -8.0, 82.5170822144
71.0092163, -8.0, 82.5534591675
69.9354858, -8.0, 82.5874404907
68.8617477, -8.0, 82.6192398071
67.7880173, -8.0, 82.6490631104
66.7142868, -8.0, 82.6770782471
65.6405563, -8.0, 82.7034683228
64.5668182, -8.0, 82.7283859253
63.4930878, -8.0, 82.7519989014
62.4193535, -8.0, 82.7744445801
61.345623, -8.0, 82.7958526611
60.2718887, -8.0, 82.8163604736
59.1981583, -8.0, 82.8360977173
58.124424, -8.0, 82.855178833
57.0506897, -8.0, 82.8737258911
55.9769592, -8.0, 82.8918380737
54.9032249, -8.0, 82.9096374512
53.8294945, -8.0, 82.927230835
52.7557602, -8.0, 82.9447174072
51.6820259, -8.0, 82.9622116089
50.6082954, -8.0, 82.9798126221
49.5345612, -8.0, 82.9976272583
48.4608307, -8.0, 83.0157623291
47.3870964, -8.0, 83.0343399048
46.3133659, -8.0, 83.0534591675
45.2396317, -8.0, 83.0732421875
44.1658974, -8.0, 83.0938110352
43.0921669, -8.0, 83.1152954102
42.0184326, -8.0, 83.1378173828
40.9447021, -8.0, 83.161529541
39.8709679, -8.0, 83.1865768433
38.7972336, -8.0, 83.2131195068
37.7235031, -8.0, 83.2413253784
36.6497688, -8.0, 83.2713851929
35.5760384, -8.0, 83.3034896851
34.5023041, -8.0, 83.3378677368
33.4285698, -8.0, 83.3747558594
32.3548393, -8.0, 83.4144134521
31.281105, -8.0, 83.4571456909
30.2073727, -8.0, 83.5032730103
29.1336403, -8.0, 83.5531768799
28.0599079, -8.0, 83.6072616577
26.9861755, -8.0, 83.666015625
25.9124432, -8.0, 83.7299804688
24.8387089, -8.0, 83.7997665405
23.7649765, -8.0, 83.8760910034
22.6912441, -8.0, 83.9597396851
21.6175117, -8.0, 84.0516281128
20.5437794, -8.0, 84.1527557373
19.470047, -8.0, 84.2642288208
18.3963127, -8.0, 84.3871917725
17.3225803, -8.0, 84.5227890015
16.248848, -8.0, 84.6720123291
15.1751156, -8.0, 84.8355178833
14.1013823, -8.0, 85.0132675171
13.0276499, -8.0, 85.2040786743
11.9539175, -8.0, 85.4049530029
10.8801842, -8.0, 85.6103439331
9.8064518, -8.0, 85.8113555908
8.73271847, -8.0, 85.9951629639
7.65898609, -8.0, 86.1450805664
6.58525324, -8.0, 86.2415084839
5.51152086, -8.0, 86.264251709
4.43778801, -8.0, 86.1959915161
3.3640554, -8.0, 86.0264816284
2.29032254, -8.0, 85.7560195923
1.21658981, -8.0, 85.3968811035
0.142857149, -8.0, 84.9716491699
-0.917293251, -8.0, 84.5146865845
-1.97744358, -8.0, 84.0484237671
-3.03759408, -8.0, 83.5956802368
-4.09774446, -8.0, 83.1720581055
-5.15789461, -8.0, 82.7857513428
-6.21804523, -8.0, 82.4390106201
-7.27819538, -8.0, 82.1301956177
-8.33834553, -8.0, 81.8555908203
-9.39849663, -8.0, 81.6107025146
-10.4586468, -8.0, 81.3910293579
-11.5187969, -8.0, 81.1923828125
-12.5789471, -8.0, 81.0110473633
-13.6390982, -8.0, 80.843788147
-14.6992483, -8.0, 80.687789917
-15.7593985, -8.0, 80.5406188965
-16.8195496, -8.0, 80.4001083374
-17.8796997, -8.0, 80.2643356323
-18.9398499, -8.0, 80.1315231323
98.9264603, -9.0, 90.1499404907
97.8529205, -9.0, 90.2985458374
96.7793808, -9.0, 90.4450378418
95.7058334, -9.0, 90.5886688232
94.6322937, -9.0, 90.728729248
93.558754, -9.0, 90.864616394
92.4852142, -9.0, 90.9958114624
91.4116745, -9.0, 91.1218795776
90.3381348, -9.0, 91.2425003052
89.264595, -9.0, 91.3574447632
88.1910553, -9.0, 91.4665908813
87.1175079, -9.0, 91.5698776245
86.0439682, -9.0, 91.667350769
84.9704285, -9.0, 91.7591018677
83.8968887, -9.0, 91.8452758789
82.823349, -9.0, 91.9260635376
81.7498093, -9.0, 92.0016937256
80.6762695, -9.0, 92.0724105835
79.6027298, -9.0, 92.1384658813
78.5291824, -9.0, 92.2001266479
77.4556427, -9.0, 92.2576675415
76.382103, -9.0, 92.3113555908
75.3085632, -9.0, 92.3614501953
74.2350235, -9.0, 92.408203125
73.1614838, -9.0, 92.4518661499
72.087944, -9.0, 92.4926681519
71.0144043, -9.0, 92.5308303833
69.9408569, -9.0, 92.5665817261
68.8673172, -9.0, 92.6001052856
67.7937775, -9.0, 92.6315994263
66.7202377, -9.0, 92.6612472534
65.646698, -9.0, 92.6892242432
64.5731583, -9.0, 92.7156829834
63.4996147, -9.0, 92.7407836914
62.426075, -9.0, 92.7646713257
61.3525352, -9.0, 92.7874908447
60.2789955, -9.0, 92.8093719482
59.205452, -9.0, 92.8304367065
58.1319122, -9.0, 92.8508224487
57.0583725, -9.0, 92.8706436157
55.9848328, -9.0, 92.890007019
54.9112892, -9.0, 92.9090423584
53.8377495, -9.0, 92.9278564453
52.7642097, -9.0, 92.9465484619
51.69067, -9.0, 92.9652481079
50.6171265, -9.0, 92.984046936
49.5435867, -9.0, 93.0030670166
48.470047, -9.0, 93.0224227905
47.3965073, -9.0, 93.0422134399
46.3229637, -9.0, 93.0625762939
45.249424, -9.0, 93.0836105347
44.1758842, -9.0, 93.1054534912
43.1023407, -9.0, 93.1282348633
42.028801, -9.0, 93.1520843506
40.9552612, -9.0, 93.1771392822
39.8817215, -9.0, 93.2035598755
38.8081779, -9.0, 93.2314987183
37.7346382, -9.0, 93.2611312866
36.6610985, -9.0, 93.2926330566
35.5875587, -9.0, 93.3261947632
34.5140152, -9.0, 93.3620376587
33.4404755, -9.0, 93.4003829956
32.3669357, -9.0, 93.4414825439
31.2933941, -9.0, 93.4856109619
30.2198544, -9.0, 93.5330657959
29.1463127, -9.0, 93.5841903687
28.072773, -9.0, 93.6393585205
26.9992313, -9.0, 93.6989746094
25.9256916, -9.0, 93.7635040283
24.85215, -9.0, 93.8334579468
23.7786102, -9.0, 93.9094161987
22.7050686, -9.0, 93.9919891357
21.6315289, -9.0, 94.0818634033
20.5579872, -9.0, 94.1797561646
19.4844475, -9.0, 94.2863922119
18.4109058, -9.0, 94.4024429321
17.3373661, -9.0, 94.5284805298
16.2638245, -9.0, 94.6648025513
15.1902838, -9.0, 94.8112487793
14.1167431, -9.0, 94.9669418335
13.0432024, -9.0, 95.1298828125
11.9696617, -9.0, 95.296546936
10.896121, -9.0, 95.4613571167
9.82258034, -9.0, 95.6163482666
8.74903965, -9.0, 95.7509460449
7.67549944, -9.0, 95.8523178101
6.60195875, -9.0, 95.9062805176
5.52841759, -9.0, 95.8990249634
4.4548769, -9.0, 95.8194122314
3.38133645, -9.0, 95.6614761353
2.30779576, -9.0, 95.4263000488
1.23425496, -9.0, 95.1226730347
0.160714284, -9.0, 94.7659835815
-0.900375962, -9.0, 94.380241394
-1.96146619, -9.0, 93.9808959961
-3.0225563, -9.0, 93.5849456787
-4.08364677, -9.0, 93.2052001953
-5.14473677, -9.0, 92.8497467041
-6.20582724, -9.0, 92.5224151611
-7.26691723, -9.0, 92.2238616943
-8.3280077, -9.0, 91.9526443481
-9.38909817, -9.0, 91.7062454224
-10.4501877, -9.0, 91.4816436768
-11.5112782, -9.0, 91.2757720947
-12.5723686, -9.0, 91.0857009888
-13.6334591, -9.0, 90.9087295532
-14.6945486, -9.0, 90.7424240112
-15.7556391, -9.0, 90.5845718384
-16.8167286, -9.0, 90.4331817627
-17.8778191, -9.0, 90.2864151001
-18.9389095, -9.0, 90.1425628662
98.926651, -10.0, 100.145088196
97.853302, -10.0, 100.288948059
96.779953, -10.0, 100.430877686
95.706604, -10.0, 100.570213318
94.633255, -10.0, 100.706336975
93.559906, -10.0, 100.838691711
92.486557, -10.0, 100.966796875
91.413208, -10.0, 101.090255737
90.339859, -10.0, 101.208755493
89.26651, -10.0, 101.322067261
88.193161, -10.0, 101.430038452
87.119812, -10.0, 101.532608032
86.0464706, -10.0, 101.629768372
84.9731216, -10.0, 101.721572876
83.8997726, -10.0, 101.808128357
82.8264236, -10.0, 101.889579773
81.7530746, -10.0, 101.966110229
80.6797256, -10.0, 102.03792572
79.6063766, -10.0, 102.105247498
78.5330276, -10.0, 102.168296814
77.4596786, -10.0, 102.227325439
76.3863297, -10.0, 102.282562256
75.3129807, -10.0, 102.334251404
74.2396317, -10.0, 102.382629395
73.1662827, -10.0, 102.42792511
72.0929337, -10.0, 102.470352173
71.0195847, -10.0, 102.510124207
69.9462357, -10.0, 102.547454834
68.8728867, -10.0, 102.58253479
67.7995377, -10.0, 102.61554718
66.7261887, -10.0, 102.646682739
65.6528397, -10.0, 102.676094055
64.5794907, -10.0, 102.703956604
63.5061455, -10.0, 102.730422974
62.4327965, -10.0, 102.755638123
61.3594475, -10.0, 102.779747009
60.2860985, -10.0, 102.802879333
59.2127495, -10.0, 102.825180054
58.1394005, -10.0, 102.846755981
57.0660515, -10.0, 102.867752075
55.9927025, -10.0, 102.888275146
54.9193535, -10.0, 102.908439636
53.8460045, -10.0, 102.928375244
52.7726593, -10.0, 102.948188782
51.6993103, -10.0, 102.967987061
50.6259613, -10.0, 102.98789978
49.5526123, -10.0, 103.008026123
48.4792633, -10.0, 103.028488159
47.4059143, -10.0, 103.049407959
46.3325653, -10.0, 103.070899963
45.2592163, -10.0, 103.093086243
44.1858673, -10.0, 103.116088867
43.1125183, -10.0, 103.140052795
42.0391693, -10.0, 103.165100098
40.9658203, -10.0, 103.191375732
39.8924713, -10.0, 103.219039917
38.8191261, -10.0, 103.24822998
37.7457771, -10.0, 103.279136658
36.6724281, -10.0, 103.311912537
35.5990791, -10.0, 103.346755981
34.5257301, -10.0, 103.383865356
33.4523811, -10.0, 103.423461914
32.3790321, -10.0, 103.465774536
31.3056831, -10.0, 103.511047363
30.2323341, -10.0, 103.559562683
29.158987, -10.0, 103.611602783
28.085638, -10.0, 103.667495728
27.012289, -10.0, 103.727592468
25.93894, -10.0, 103.792274475
24.865591, -10.0, 103.861930847
23.7922421, -10.0, 103.937019348
22.718895, -10.0, 104.017974854
21.645546, -10.0, 104.105270386
20.572197, -10.0, 104.19934845
19.498848, -10.0, 104.300605774
18.425499, -10.0, 104.409332275
17.35215, -10.0, 104.525619507
16.278801, -10.0, 104.649238586
15.2054529, -10.0, 104.779472351
14.1321049, -10.0, 104.914901733
13.0587559, -10.0, 105.053138733
11.9854069, -10.0, 105.190513611
10.9120588, -10.0, 105.321838379
9.83870983, -10.0, 105.440208435
8.76536083, -10.0, 105.537086487
7.69201231, -10.0, 105.602638245
6.61866379, -10.0, 105.626564026
5.54531479, -10.0, 105.59929657
4.47196627, -10.0, 105.513534546
3.39861751, -10.0, 105.365745544
2.32526875, -10.0, 105.157241821
1.2519201, -10.0, 104.894432068
0.178571433, -10.0, 104.588142395
-0.883458674, -10.0, 104.255630493
-1.94548869, -10.0, 103.907806396
-3.00751877, -10.0, 103.55745697
-4.06954908, -10.0, 103.214927673
-5.13157892, -10.0, 102.887527466
-6.19360924, -10.0, 102.579582214
-7.25563908, -10.0, 102.292938232
-8.31766891, -10.0, 102.027626038
-9.37969971, -10.0, 101.782501221
-10.4417295, -10.0, 101.555755615
-11.5037594, -10.0, 101.34526062
-12.5657892, -10.0, 101.14881897
-13.62782, -10.0, 100.964271545
-14.6898499, -10.0, 100.789550781
-15.7518797, -10.0, 100.622741699
-16.8139095, -10.0, 100.462043762
-17.8759403, -10.0, 100.305747986
-18.9379692, -10.0, 100.152252197
98.9268417, -11.0, 110.140899658
97.8536835, -11.0, 110.280654907
96.7805328, -11.0, 110.418632507
95.7073746, -11.0, 110.554244995
94.6342163, -11.0, 110.686935425
93.561058, -11.0, 110.816192627
92.4878998, -11.0, 110.941574097
91.4147491, -11.0, 111.062713623
90.3415909, -11.0, 111.17930603
89.2684326, -11.0, 111.291114807
88.1952744, -11.0, 111.397994995
87.1221161, -11.0, 111.499847412
86.0489655, -11.0, 111.59664917
84.9758072, -11.0, 111.688415527
83.9026489, -11.0, 111.775222778
82.8294907, -11.0, 111.857185364
81.75634, -11.0, 111.934448242
80.6831818, -11.0, 112.007171631
79.6100235, -11.0, 112.075546265
78.5368652, -11.0, 112.139785767
77.463707, -11.0, 112.200088501
76.3905563, -11.0, 112.256668091
75.3173981, -11.0, 112.309753418
74.2442398, -11.0, 112.359550476
73.1710815, -11.0, 112.406280518
72.0979233, -11.0, 112.450141907
71.0247726, -11.0, 112.491348267
69.9516144, -11.0, 112.530097961
68.8784561, -11.0, 112.566566467
67.8052979, -11.0, 112.600944519
66.7321396, -11.0, 112.633407593
65.658989, -11.0, 112.664123535
64.5858307, -11.0, 112.693252563
63.5126724, -11.0, 112.720954895
62.439518, -11.0, 112.747367859
61.3663597, -11.0, 112.772644043
60.2932014, -11.0, 112.796920776
59.220047, -11.0, 112.820335388
58.1468887, -11.0, 112.843002319
57.0737343, -11.0, 112.865066528
56.000576, -11.0, 112.886634827
54.9274178, -11.0, 112.907844543
53.8542633, -11.0, 112.92880249
52.781105, -11.0, 112.949623108
51.7079506, -11.0, 112.970436096
50.6347923, -11.0, 112.991355896
49.5616341, -11.0, 113.012496948
48.4884796, -11.0, 113.033973694
47.4153214, -11.0, 113.055908203
46.3421669, -11.0, 113.078422546
45.2690086, -11.0, 113.101646423
44.1958542, -11.0, 113.125709534
43.1226959, -11.0, 113.150733948
42.0495377, -11.0, 113.176856995
40.9763832, -11.0, 113.204231262
39.9032249, -11.0, 113.23299408
38.8300705, -11.0, 113.263305664
37.7569122, -11.0, 113.295326233
36.683754, -11.0, 113.329231262
35.6105995, -11.0, 113.365188599
34.5374413, -11.0, 113.403388977
33.4642868, -11.0, 113.444046021
32.3911285, -11.0, 113.487358093
31.3179722, -11.0, 113.533554077
30.2448158, -11.0, 113.582870483
29.1716595, -11.0, 113.635566711
28.0985031, -11.0, 113.691917419
27.0253448, -11.0, 113.752189636
25.9521885, -11.0, 113.816680908
24.8790321, -11.0, 113.885704041
23.8058758, -11.0, 113.95954895
22.7327194, -11.0, 114.038528442
21.6595631, -11.0, 114.122894287
20.5864048, -11.0, 114.212867737
19.5132484, -11.0, 114.308563232
18.4400921, -11.0, 114.409942627
17.3669357, -11.0, 114.516731262
16.2937794, -11.0, 114.628334045
15.2206221, -11.0, 114.743667603
14.1474657, -11.0, 114.861000061
13.0743084, -11.0, 114.977790833
12.001152, -11.0, 115.090515137
10.9279957, -11.0, 115.194480896
9.85483837, -11.0, 115.283866882
8.78168201, -11.0, 115.351799011
7.70852518, -11.0, 115.390762329
6.63536882, -11.0, 115.393196106
5.56221199, -11.0, 115.352386475
4.48905516, -11.0, 115.263450623
3.41589856, -11.0, 115.124290466
2.34274197, -11.0, 114.936195374
1.26958525, -11.0, 114.703948975
0.196428567, -11.0, 114.435371399
-0.866541326, -11.0, 114.143188477
-1.92951131, -11.0, 113.835273743
-2.99248123, -11.0, 113.521400452
-4.05545092, -11.0, 113.209877014
-5.11842108, -11.0, 112.907058716
-6.18139076, -11.0, 112.617218018
-7.24436092, -11.0, 112.342750549
-8.30733109, -11.0, 112.084564209
-9.37030029, -11.0, 111.842460632
-10.4332705, -11.0, 111.615509033
-11.4962406, -11.0, 111.402374268
-12.5592108, -11.0, 111.201469421
-13.62218, -11.0, 111.011123657
-14.6851501, -11.0, 110.829666138
-15.7481203, -11.0, 110.655456543
-16.8110905, -11.0, 110.4868927
-17.8740597, -11.0, 110.32245636
-18.9370308, -11.0, 110.160644531
98.9270325, -12.0, 120.137298584
97.8540726, -12.0, 120.273521423
96.781105, -12.0, 120.408103943
95.7081375, -12.0, 120.540504456
94.6351776, -12.0, 120.670219421
93.5622101, -12.0, 120.796791077
92.4892502, -12.0, 120.919792175
91.4162827, -12.0, 121.038887024
90.3433151, -12.0, 121.153778076
89.2703552, -12.0, 121.26424408
88.1973877, -12.0, 121.370109558
87.1244202, -12.0, 121.471282959
86.0514603, -12.0, 121.567703247
84.9784927, -12.0, 121.659378052
83.9055328, -12.0, 121.74634552
82.8325653, -12.0, 121.828697205
81.7595978, -12.0, 121.906539917
80.6866379, -12.0, 121.980010986
79.6136703, -12.0, 122.04927063
78.5407028, -12.0, 122.114501953
77.4677429, -12.0, 122.175895691
76.3947754, -12.0, 122.233627319
75.3218155, -12.0, 122.287918091
74.248848, -12.0, 122.338951111
73.1758804, -12.0, 122.386932373
72.1029205, -12.0, 122.432060242
71.029953, -12.0, 122.474525452
69.9569855, -12.0, 122.514518738
68.8840256, -12.0, 122.552215576
67.811058, -12.0, 122.587806702
66.7380981, -12.0, 122.621452332
65.6651306, -12.0, 122.653327942
64.5921631, -12.0, 122.68359375
63.5191994, -12.0, 122.712394714
62.4462357, -12.0, 122.739891052
61.3732719, -12.0, 122.766212463
60.3003082, -12.0, 122.791519165
59.2273407, -12.0, 122.815925598
58.154377, -12.0, 122.839576721
57.0814133, -12.0, 122.862602234
56.0084496, -12.0, 122.885124207
54.935482, -12.0, 122.90725708
53.8625183, -12.0, 122.929138184
52.7895546, -12.0, 122.950881958
51.7165909, -12.0, 122.972602844
50.6436234, -12.0, 122.994422913
49.5706596, -12.0, 123.016464233
48.4976959, -12.0, 123.038856506
47.4247322, -12.0, 123.061706543
46.3517647, -12.0, 123.085144043
45.278801, -12.0, 123.109298706
44.2058372, -12.0, 123.134292603
43.1328735, -12.0, 123.160263062
42.059906, -12.0, 123.187355042
40.9869423, -12.0, 123.215690613
39.9139786, -12.0, 123.245429993
38.8410149, -12.0, 123.276725769
37.7680473, -12.0, 123.3097229
36.6950836, -12.0, 123.344589233
35.6221199, -12.0, 123.381507874
34.5491562, -12.0, 123.420639038
33.4761887, -12.0, 123.462165833
32.4032249, -12.0, 123.50629425
31.3302612, -12.0, 123.553222656
30.2572956, -12.0, 123.603141785
29.1843319, -12.0, 123.656280518
28.1113663, -12.0, 123.712844849
27.0384026, -12.0, 123.77305603
25.9654369, -12.0, 123.837135315
24.8924732, -12.0, 123.905273438
23.8195076, -12.0, 123.977668762
22.7465439, -12.0, 124.054466248
21.6735783, -12.0, 124.135765076
20.6006145, -12.0, 124.221572876
19.5276489, -12.0, 124.311782837
18.4546852, -12.0, 124.406105042
17.3817196, -12.0, 124.503997803
16.3087559, -12.0, 124.60459137
15.2357912, -12.0, 124.706573486
14.1628265, -12.0, 124.808097839
13.0898619, -12.0, 124.90662384
12.0168972, -12.0, 124.998855591
10.9439325, -12.0, 125.080673218
9.87096786, -12.0, 125.147186279
8.7980032, -12.0, 125.192901611
7.72503853, -12.0, 125.212013245
6.65207386, -12.0, 125.198921204
5.57910919, -12.0, 125.148834229
4.50614452, -12.0, 125.058433533
3.43317962, -12.0, 124.926475525
2.36021495, -12.0, 124.754142761
1.2872504, -12.0, 124.545082092
0.214285716, -12.0, 124.305091858
-0.849624038, -12.0, 124.043762207
-1.91353381, -12.0, 123.766929626
-2.9774437, -12.0, 123.482154846
-4.04135323, -12.0, 123.196151733
-5.10526323, -12.0, 122.914337158
-6.16917276, -12.0, 122.640701294
-7.23308277, -12.0, 122.377838135
-8.2969923, -12.0, 122.127105713
-9.36090183, -12.0, 121.888938904
-10.4248123, -12.0, 121.66305542
-11.4887218, -12.0, 121.448692322
-12.5526314, -12.0, 121.244796753
-13.6165409, -12.0, 121.050132751
-14.6804514, -12.0, 120.863357544
-15.7443609, -12.0, 120.683105469
-16.8082714, -12.0, 120.508010864
-17.8721809, -12.0, 120.33669281
-18.9360905, -12.0, 120.167800903
98.9272308, -13.0, 130.134231567
97.854454, -13.0, 130.267440796
96.7816849, -13.0, 130.399124146
95.7089081, -13.0, 130.528778076
94.6361389, -13.0, 130.655960083
93.5633621, -13.0, 130.780212402
92.490593, -13.0, 130.901153564
91.4178162, -13.0, 131.018478394
90.345047, -13.0, 131.131881714
89.2722702, -13.0, 131.241149902
88.199501, -13.0, 131.346099854
87.1267319, -13.0, 131.446640015
86.0539551, -13.0, 131.542694092
84.9811859, -13.0, 131.634231567
83.9084091, -13.0, 131.721298218
82.83564, -13.0, 131.803939819
81.7628632, -13.0, 131.882232666
80.690094, -13.0, 131.956314087
79.6173172, -13.0, 132.026306152
78.544548, -13.0, 132.092376709
77.4717712, -13.0, 132.154678345
76.3990021, -13.0, 132.213409424
75.3262253, -13.0, 132.268722534
74.2534561, -13.0, 132.32081604
73.180687, -13.0, 132.369873047
72.1079102, -13.0, 132.416091919
71.035141, -13.0, 132.459655762
69.9623642, -13.0, 132.500732422
68.889595, -13.0, 132.539505005
67.8168182, -13.0, 132.576156616
66.7440491, -13.0, 132.610839844
65.6712723, -13.0, 132.643737793
64.5985031, -13.0, 132.675003052
63.5257301, -13.0, 132.704772949
62.4529572, -13.0, 132.733215332
61.3801842, -13.0, 132.760467529
60.3074112, -13.0, 132.786682129
59.2346382, -13.0, 132.811981201
58.1618652, -13.0, 132.836502075
57.0890923, -13.0, 132.86038208
56.0163193, -13.0, 132.883728027
54.9435501, -13.0, 132.906692505
53.8707771, -13.0, 132.929397583
52.7980042, -13.0, 132.951950073
51.7252312, -13.0, 132.974472046
50.6524582, -13.0, 132.99710083
49.5796852, -13.0, 133.019943237
48.5069122, -13.0, 133.043136597
47.4341393, -13.0, 133.066802979
46.3613663, -13.0, 133.091049194
45.2885933, -13.0, 133.116012573
44.2158203, -13.0, 133.141845703
43.1430473, -13.0, 133.168655396
42.0702782, -13.0, 133.196578979
40.9975052, -13.0, 133.225753784
39.9247322, -13.0, 133.256347656
38.8519592, -13.0, 133.288482666
37.7791862, -13.0, 133.32232666
36.7064133, -13.0, 133.358016968
35.6336403, -13.0, 133.395736694
34.5608673, -13.0, 133.435638428
33.4880943, -13.0, 133.477905273
32.4153214, -13.0, 133.522689819
31.3425503, -13.0, 133.570159912
30.2697773, -13.0, 133.620513916
29.1970043, -13.0, 133.673919678
28.1242313, -13.0, 133.730529785
27.0514584, -13.0, 133.790527344
25.9786873, -13.0, 133.854019165
24.9059143, -13.0, 133.921142578
23.8331413, -13.0, 133.991989136
22.7603683, -13.0, 134.066558838
21.6875954, -13.0, 134.144821167
20.6148243, -13.0, 134.226608276
19.5420513, -13.0, 134.311630249
18.4692783, -13.0, 134.399398804
17.3965054, -13.0, 134.489212036
16.3237324, -13.0, 134.579986572
15.2509604, -13.0, 134.670318604
14.1781874, -13.0, 134.75831604
13.1054144, -13.0, 134.841506958
12.0326424, -13.0, 134.916931152
10.9598694, -13.0, 134.980957031
9.88709641, -13.0, 135.029525757
8.81432438, -13.0, 135.058181763
7.7415514, -13.0, 135.062408447
6.6687789, -13.0, 135.038024902
5.59600592, -13.0, 134.981521606
4.52323341, -13.0, 134.890640259
3.45046091, -13.0, 134.76461792
2.37768817, -13.0, 134.604522705
1.30491555, -13.0, 134.413208008
0.232142851, -13.0, 134.195068359
-0.832706749, -13.0, 133.957473755
-1.89755642, -13.0, 133.704879761
-2.96240592, -13.0, 133.443252563
-4.02725554, -13.0, 133.178009033
-5.09210539, -13.0, 132.913818359
-6.15695477, -13.0, 132.654266357
-7.22180462, -13.0, 132.401916504
-8.28665447, -13.0, 132.15838623
-9.35150337, -13.0, 131.924484253
-10.4163532, -13.0, 131.700393677
-11.4812031, -13.0, 131.485778809
-12.5460529, -13.0, 131.279998779
-13.6109018, -13.0, 131.082168579
-14.6757517, -13.0, 130.89125061
-15.7406015, -13.0, 130.706161499
-16.8054504, -13.0, 130.525680542
-17.8703003, -13.0, 130.348648071
-18.9351501, -13.0, 130.173828125
98.9274216, -14.0, 140.131637573
97.8548355, -14.0, 140.262313843
96.7822571, -14.0, 140.391555786
95.7096786, -14.0, 140.51890564
94.6371002, -14.0, 140.643920898
93.5645142, -14.0, 140.766220093
92.4919357, -14.0, 140.885421753
91.4193573, -14.0, 141.001220703
90.3467712, -14.0, 141.113342285
89.2741928, -14.0, 141.221572876
88.2016144, -14.0, 141.32572937
87.1290359, -14.0, 141.425689697
86.0564499, -14.0, 141.521392822
84.9838715, -14.0, 141.612792969
83.911293, -14.0, 141.699905396
82.838707, -14.0, 141.782745361
81.7661285, -14.0, 141.861404419
80.6935501, -14.0, 141.935974121
79.6209641, -14.0, 142.006576538
78.5483856, -14.0, 142.07333374
77.4758072, -14.0, 142.136398315
76.4032288, -14.0, 142.19593811
75.3306427, -14.0, 142.252120972
74.2580643, -14.0, 142.305114746
73.1854858, -14.0, 142.355102539
72.1128998, -14.0, 142.402252197
71.0403214, -14.0, 142.446746826
69.9677429, -14.0, 142.488754272
68.8951645, -14.0, 142.528457642
67.8225784, -14.0, 142.566009521
66.75, -14.0, 142.601593018
65.6774216, -14.0, 142.635375977
64.6048355, -14.0, 142.667495728
63.5322571, -14.0, 142.698104858
62.4596786, -14.0, 142.727386475
61.3870964, -14.0, 142.755447388
60.314518, -14.0, 142.782440186
59.2419357, -14.0, 142.808502197
58.1693535, -14.0, 142.833786011
57.0967751, -14.0, 142.858398438
56.0241928, -14.0, 142.882492065
54.9516144, -14.0, 142.906173706
53.8790321, -14.0, 142.929580688
52.8064499, -14.0, 142.952835083
51.7338715, -14.0, 142.97605896
50.6612892, -14.0, 142.999389648
49.5887108, -14.0, 143.02293396
48.5161285, -14.0, 143.046829224
47.4435501, -14.0, 143.071182251
46.3709679, -14.0, 143.096130371
45.2983856, -14.0, 143.121810913
44.2258072, -14.0, 143.148345947
43.1532249, -14.0, 143.175872803
42.0806465, -14.0, 143.20451355
41.0080643, -14.0, 143.234420776
39.935482, -14.0, 143.265731812
38.8629036, -14.0, 143.298599243
37.7903214, -14.0, 143.333145142
36.7177429, -14.0, 143.369537354
35.6451607, -14.0, 143.407928467
34.5725822, -14.0, 143.448471069
33.5, -14.0, 143.49130249
32.4274178, -14.0, 143.536605835
31.3548393, -14.0, 143.584503174
30.282259, -14.0, 143.635147095
29.2096767, -14.0, 143.688690186
28.1370964, -14.0, 143.745223999
27.0645161, -14.0, 143.804885864
25.9919357, -14.0, 143.867721558
24.9193554, -14.0, 143.933792114
23.8467751, -14.0, 144.003082275
22.7741928, -14.0, 144.075500488
21.7016125, -14.0, 144.150894165
20.6290321, -14.0, 144.228942871
19.5564518, -14.0, 144.309249878
18.4838715, -14.0, 144.391174316
17.4112911, -14.0, 144.473831177
16.3387089, -14.0, 144.556106567
15.2661295, -14.0, 144.636505127
14.1935482, -14.0, 144.713134766
13.1209679, -14.0, 144.783721924
12.0483875, -14.0, 144.84552002
10.9758062, -14.0, 144.895431519
9.9032259, -14.0, 144.929977417
8.83064556, -14.0, 144.945587158
7.75806475, -14.0, 144.938674927
6.68548393, -14.0, 144.906036377
5.61290312, -14.0, 144.845108032
4.54032278, -14.0, 144.754241943
3.46774197, -14.0, 144.633071899
2.39516139, -14.0, 144.482498169
1.3225807, -14.0, 144.304794312
0.25, -14.0, 144.103408813
-0.815789461, -14.0, 143.884109497
-1.88157892, -14.0, 143.650390625
-2.94736838, -14.0, 143.407012939
-4.01315784, -14.0, 143.158508301
-5.07894754, -14.0, 142.908798218
-6.14473677, -14.0, 142.661148071
-7.21052647, -14.0, 142.417984009
-8.27631569, -14.0, 142.181045532
-9.34210491, -14.0, 141.951339722
-10.4078951, -14.0, 141.7293396
-11.4736843, -14.0, 141.515060425
-12.5394735, -14.0, 141.308181763
-13.6052628, -14.0, 141.108078003
-14.6710529, -14.0, 140.914016724
-15.7368422, -14.0, 140.725067139
-16.8026314, -14.0, 140.540252686
-17.8684216, -14.0, 140.358535767
-18.9342098, -14.0, 140.178817749
98.9276123, -15.0, 150.129501343
97.8552246, -15.0, 150.258087158
96.7828369, -15.0, 150.385299683
95.7104492, -15.0, 150.510742188
94.6380539, -15.0, 150.633972168
93.5656662, -15.0, 150.754638672
92.4932785, -15.0, 150.872390747
91.4208908, -15.0, 150.986907959
90.3485031, -15.0, 151.097961426
89.2761154, -15.0, 151.205307007
88.2037277, -15.0, 151.308776855
87.13134, -15.0, 151.408248901
86.0589447, -15.0, 151.503631592
84.986557, -15.0, 151.594894409
83.9141693, -15.0, 151.682006836
82.8417816, -15.0, 151.765014648
81.7693939, -15.0, 151.843948364
80.6970062, -15.0, 151.918899536
79.6246185, -15.0, 151.989974976
78.5522308, -15.0, 152.057296753
77.4798355, -15.0, 152.120986938
76.4074478, -15.0, 152.18119812
75.3350601, -15.0, 152.238098145
74.2626724, -15.0, 152.2918396
73.1902847, -15.0, 152.342590332
72.117897, -15.0, 152.390518188
71.0455093, -15.0, 152.435791016
69.9731216, -15.0, 152.47857666
68.9007263, -15.0, 152.519058228
67.8283386, -15.0, 152.557373047
66.7559509, -15.0, 152.593719482
65.6835632, -15.0, 152.628234863
64.6111755, -15.0, 152.661087036
63.5387878, -15.0, 152.692428589
62.4663963, -15.0, 152.722381592
61.3940086, -15.0, 152.75112915
60.3216209, -15.0, 152.778793335
59.2492332, -15.0, 152.805511475
58.1768417, -15.0, 152.831436157
57.104454, -15.0, 152.856689453
56.0320663, -15.0, 152.881393433
54.9596786, -15.0, 152.905685425
53.8872871, -15.0, 152.929702759
52.8148994, -15.0, 152.953552246
51.7425117, -15.0, 152.977371216
50.6701241, -15.0, 153.001296997
49.5977325, -15.0, 153.025421143
48.5253448, -15.0, 153.049911499
47.4529572, -15.0, 153.074859619
46.3805695, -15.0, 153.100402832
45.3081779, -15.0, 153.126678467
44.2357903, -15.0, 153.153808594
43.1634026, -15.0, 153.181945801
42.0910149, -15.0, 153.211196899
41.0186234, -15.0, 153.241699219
39.9462357, -15.0, 153.273620605
38.873848, -15.0, 153.307067871
37.8014603, -15.0, 153.342208862
36.7290688, -15.0, 153.379165649
35.6566811, -15.0, 153.418106079
34.5842934, -15.0, 153.459152222
33.5119057, -15.0, 153.502441406
32.439518, -15.0, 153.548126221
31.3671284, -15.0, 153.596328735
30.2947388, -15.0, 153.647171021
29.2223511, -15.0, 153.700744629
28.1499615, -15.0, 153.757141113
27.0775738, -15.0, 153.816421509
26.0051842, -15.0, 153.878601074
24.9327965, -15.0, 153.943649292
23.8604069, -15.0, 154.011474609
22.7880192, -15.0, 154.08190918
21.7156296, -15.0, 154.154708862
20.6432419, -15.0, 154.22946167
19.5708523, -15.0, 154.305618286
18.4984646, -15.0, 154.382461548
17.426075, -15.0, 154.45904541
16.3536873, -15.0, 154.534164429
15.2812977, -15.0, 154.606292725
14.208909, -15.0, 154.67364502
13.1365204, -15.0, 154.734039307
12.0641317, -15.0, 154.78503418
10.9917431, -15.0, 154.823867798
9.91935444, -15.0, 154.847640991
8.84696579, -15.0, 154.853347778
7.77457762, -15.0, 154.838134766
6.70218897, -15.0, 154.799499512
5.62980032, -15.0, 154.73550415
4.55741167, -15.0, 154.644958496
3.48502302, -15.0, 154.527664185
2.41263437, -15.0, 154.38444519
1.34024572, -15.0, 154.217178345
0.267857134, -15.0, 154.028594971
-0.798872173, -15.0, 153.823287964
-1.86560154, -15.0, 153.604125977
-2.93233085, -15.0, 153.375015259
-3.99906015, -15.0, 153.139755249
-5.0657897, -15.0, 152.901733398
-6.13251877, -15.0, 152.663864136
-7.19924831, -15.0, 152.428451538
-8.26597786, -15.0, 152.197235107
-9.33270645, -15.0, 151.971343994
-10.399436, -15.0, 151.751480103
-11.4661655, -15.0, 151.537857056
-12.5328951, -15.0, 151.330383301
-13.5996237, -15.0, 151.128707886
-14.6663532, -15.0, 150.932250977
-15.7330828, -15.0, 150.74029541
-16.7998123, -15.0, 150.552032471
-17.8665409, -15.0, 150.366531372
-18.9332714, -15.0, 150.182861328
98.927803, -16.0, 160.1277771
97.8556061, -16.0, 160.254684448
96.7834091, -16.0, 160.380279541
95.7112122, -16.0, 160.504165649
94.6390152, -16.0, 160.625976562
93.5668182, -16.0, 160.745330811
92.4946213, -16.0, 160.8618927
91.4224243, -16.0, 160.975387573
90.3502274, -16.0, 161.08555603
89.2780304, -16.0, 161.192184448
88.2058334, -16.0, 161.295089722
87.1336441, -16.0, 161.39414978
86.0614471, -16.0, 161.489257812
84.9892502, -16.0, 161.580383301
83.9170532, -16.0, 161.667495728
82.8448563, -16.0, 161.750595093
81.7726593, -16.0, 161.829742432
80.7004623, -16.0, 161.904998779
79.6282654, -16.0, 161.976455688
78.5560684, -16.0, 162.044219971
77.4838715, -16.0, 162.108398438
76.4116745, -16.0, 162.169158936
75.3394775, -16.0, 162.226623535
74.2672806, -16.0, 162.280960083
73.1950836, -16.0, 162.332336426
72.1228867, -16.0, 162.380874634
71.0506897, -16.0, 162.42678833
69.9784927, -16.0, 162.470214844
68.9062958, -16.0, 162.511322021
67.8340988, -16.0, 162.55027771
66.7619019, -16.0, 162.587234497
65.6897049, -16.0, 162.622360229
64.6175079, -16.0, 162.655792236
63.5453148, -16.0, 162.687713623
62.4731178, -16.0, 162.71824646
61.4009209, -16.0, 162.747558594
60.3287239, -16.0, 162.775772095
59.2565269, -16.0, 162.803024292
58.18433, -16.0, 162.829467773
57.1121368, -16.0, 162.855224609
56.0399399, -16.0, 162.880447388
54.9677429, -16.0, 162.90524292
53.895546, -16.0, 162.929748535
52.823349, -16.0, 162.954101562
51.751152, -16.0, 162.978408813
50.6789551, -16.0, 163.002807617
49.6067581, -16.0, 163.027420044
48.5345612, -16.0, 163.052383423
47.4623642, -16.0, 163.077819824
46.3901672, -16.0, 163.103851318
45.3179741, -16.0, 163.130615234
44.2457771, -16.0, 163.158233643
43.1735802, -16.0, 163.186843872
42.1013832, -16.0, 163.216583252
41.0291862, -16.0, 163.247589111
39.9569893, -16.0, 163.279983521
38.8847923, -16.0, 163.313919067
37.8125954, -16.0, 163.349517822
36.7403984, -16.0, 163.386932373
35.6682014, -16.0, 163.426300049
34.5960045, -16.0, 163.467727661
33.5238113, -16.0, 163.511367798
32.4516144, -16.0, 163.557342529
31.3794155, -16.0, 163.605758667
30.3072205, -16.0, 163.656707764
29.2350235, -16.0, 163.710266113
28.1628265, -16.0, 163.766479492
27.0906296, -16.0, 163.825378418
26.0184326, -16.0, 163.886932373
24.9462357, -16.0, 163.951049805
23.8740406, -16.0, 164.017593384
22.8018436, -16.0, 164.08631897
21.7296467, -16.0, 164.15687561
20.6574497, -16.0, 164.228820801
19.5852528, -16.0, 164.301513672
18.5130577, -16.0, 164.374160767
17.4408607, -16.0, 164.445755005
16.3686638, -16.0, 164.515060425
15.2964668, -16.0, 164.580566406
14.2242708, -16.0, 164.640548706
13.1520739, -16.0, 164.692962646
12.0798769, -16.0, 164.735595703
11.0076809, -16.0, 164.765975952
9.93548393, -16.0, 164.781600952
8.86328697, -16.0, 164.779953003
7.79109049, -16.0, 164.758682251
6.718894, -16.0, 164.715744019
5.64669752, -16.0, 164.649658203
4.57450056, -16.0, 164.559539795
3.50230408, -16.0, 164.4453125
2.43010759, -16.0, 164.30770874
1.35791087, -16.0, 164.148300171
0.285714298, -16.0, 163.96937561
-0.781954885, -16.0, 163.774612427
-1.84962404, -16.0, 163.566482544
-2.91729331, -16.0, 163.34828186
-3.98496246, -16.0, 163.123245239
-5.05263138, -16.0, 162.894378662
-6.12030077, -16.0, 162.664291382
-7.18797016, -16.0, 162.435150146
-8.25563908, -16.0, 162.20866394
-9.32330799, -16.0, 161.986068726
-10.3909779, -16.0, 161.768112183
-11.4586468, -16.0, 161.555236816
-12.5263157, -16.0, 161.347503662
-13.5939846, -16.0, 161.144729614
-14.6616545, -16.0, 160.946502686
-15.7293234, -16.0, 160.752258301
-16.7969933, -16.0, 160.561309814
-17.8646622, -16.0, 160.372848511
-18.9323311, -16.0, 160.186050415
98.9279938, -17.0, 170.126449585
97.8559875, -17.0, 170.252044678
96.783989, -17.0, 170.376403809
95.7119827, -17.0, 170.49911499
94.6399765, -17.0, 170.619812012
93.5679703, -17.0, 170.73815918
92.4959641, -17.0, 170.853820801
91.4239655, -17.0, 170.966522217
90.3519592, -17.0, 171.076004028
89.279953, -17.0, 171.182067871
88.2079468, -17.0, 171.28453064
87.1359482, -17.0, 171.383255005
86.063942, -17.0, 171.478149414
84.9919357, -17.0, 171.569168091
83.9199295, -17.0, 171.65625
82.8479233, -17.0, 171.739440918
81.7759247, -17.0, 171.818740845
80.7039185, -17.0, 171.894210815
79.6319122, -17.0, 171.965942383
78.559906, -17.0, 172.034042358
77.4878998, -17.0, 172.098602295
76.4159012, -17.0, 172.15977478
75.343895, -17.0, 172.217681885
74.2718887, -17.0, 172.272476196
73.1998825, -17.0, 172.324310303
72.1278839, -17.0, 172.373352051
71.0558777, -17.0, 172.41973877
69.9838715, -17.0, 172.463653564
68.9118652, -17.0, 172.505249023
67.839859, -17.0, 172.544692993
66.7678604, -17.0, 172.582138062
65.6958542, -17.0, 172.617721558
64.623848, -17.0, 172.651626587
63.5518417, -17.0, 172.684005737
62.4798393, -17.0, 172.714981079
61.4078331, -17.0, 172.744720459
60.3358307, -17.0, 172.773361206
59.2638245, -17.0, 172.801040649
58.1918221, -17.0, 172.827896118
57.1198158, -17.0, 172.854049683
56.0478096, -17.0, 172.879669189
54.9758072, -17.0, 172.904846191
53.903801, -17.0, 172.929748535
52.8317986, -17.0, 172.954467773
51.7597923, -17.0, 172.979156494
50.6877899, -17.0, 173.003936768
49.6157837, -17.0, 173.028930664
48.5437775, -17.0, 173.054260254
47.4717751, -17.0, 173.080062866
46.3997688, -17.0, 173.10647583
45.3277664, -17.0, 173.133621216
44.2557602, -17.0, 173.161605835
43.183754, -17.0, 173.190597534
42.1117516, -17.0, 173.220718384
41.0397453, -17.0, 173.252090454
39.9677429, -17.0, 173.284851074
38.8957367, -17.0, 173.319152832
37.8237343, -17.0, 173.355102539
36.7517281, -17.0, 173.392852783
35.6797218, -17.0, 173.432525635
34.6077194, -17.0, 173.474258423
33.5357132, -17.0, 173.5181427
32.4637108, -17.0, 173.564315796
31.3917046, -17.0, 173.612869263
30.3197002, -17.0, 173.663864136
29.2476959, -17.0, 173.717376709
28.1756916, -17.0, 173.773406982
27.1036873, -17.0, 173.831970215
26.031683, -17.0, 173.892974854
24.9596767, -17.0, 173.956314087
23.8876724, -17.0, 174.02180481
22.8156681, -17.0, 174.089126587
21.7436638, -17.0, 174.157897949
20.6716595, -17.0, 174.227600098
19.5996552, -17.0, 174.297561646
18.5276489, -17.0, 174.366912842
17.4556446, -17.0, 174.434631348
16.3836403, -17.0, 174.499450684
15.311636, -17.0, 174.559921265
14.2396317, -17.0, 174.614334106
13.1676264, -17.0, 174.66078186
12.0956221, -17.0, 174.69720459
11.0236177, -17.0, 174.721405029
9.95161247, -17.0, 174.731140137
8.87960815, -17.0, 174.724212646
7.80760384, -17.0, 174.698638916
6.73559904, -17.0, 174.652755737
5.66359425, -17.0, 174.58531189
4.59158993, -17.0, 174.495635986
3.51958537, -17.0, 174.383758545
2.44758058, -17.0, 174.250320435
1.37557602, -17.0, 174.096694946
0.303571433, -17.0, 173.924819946
-0.765037596, -17.0, 173.737747192
-1.83364666, -17.0, 173.537689209
-2.90225554, -17.0, 173.327514648
-3.97086477, -17.0, 173.110061646
-5.03947353, -17.0, 172.888031006
-6.10808277, -17.0, 172.663833618
-7.17669153, -17.0, 172.439498901
-8.24530029, -17.0, 172.216705322
-9.31390953, -17.0, 171.996688843
-10.3825188, -17.0, 171.780334473
-11.451128, -17.0, 171.568130493
-12.5197372, -17.0, 171.360305786
-13.5883455, -17.0, 171.156768799
-14.6569548, -17.0, 170.957260132
-15.725564, -17.0, 170.761306763
-16.7941723, -17.0, 170.568328857
-17.8627815, -17.0, 170.377639771
-18.9313908, -17.0, 170.188476562
98.9281845, -18.0, 180.12550354
97.8563766, -18.0, 180.250183105
96.7845612, -18.0, 180.373641968
95.7127533, -18.0, 180.495513916
94.6409378, -18.0, 180.615432739
93.5691223, -18.0, 180.733047485
92.4973145, -18.0, 180.848068237
91.425499, -18.0, 180.960205078
90.3536835, -18.0, 181.069198608
89.2818756, -18.0, 181.174850464
88.2100601, -18.0, 181.276992798
87.1382523, -18.0, 181.375488281
86.0664368, -18.0, 181.470230103
84.9946213, -18.0, 181.561141968
83.9228134, -18.0, 181.648223877
82.8509979, -18.0, 181.731445312
81.7791824, -18.0, 181.810852051
80.7073746, -18.0, 181.886474609
79.6355591, -18.0, 181.958404541
78.5637512, -18.0, 182.026733398
77.4919357, -18.0, 182.091567993
76.4201202, -18.0, 182.153015137
75.3483124, -18.0, 182.211242676
74.2764969, -18.0, 182.266357422
73.2046814, -18.0, 182.318527222
72.1328735, -18.0, 182.367919922
71.061058, -18.0, 182.414657593
69.9892502, -18.0, 182.45892334
68.9174347, -18.0, 182.500869751
67.8456192, -18.0, 182.540649414
66.7738113, -18.0, 182.578430176
65.7019958, -18.0, 182.614364624
64.630188, -18.0, 182.648590088
63.5583725, -18.0, 182.681289673
62.4865608, -18.0, 182.712585449
61.4147453, -18.0, 182.742645264
60.3429337, -18.0, 182.771575928
59.271122, -18.0, 182.799560547
58.1993103, -18.0, 182.826705933
57.1274948, -18.0, 182.853149414
56.0556831, -18.0, 182.879043579
54.9838715, -18.0, 182.904510498
53.9120598, -18.0, 182.9296875
52.8402443, -18.0, 182.954681396
51.7684326, -18.0, 182.979629517
50.6966209, -18.0, 183.004684448
49.6248093, -18.0, 183.029937744
48.5529938, -18.0, 183.055541992
47.4811821, -18.0, 183.081604004
46.4093704, -18.0, 183.108276367
45.3375587, -18.0, 183.135681152
44.2657433, -18.0, 183.16394043
43.1939316, -18.0, 183.193191528
42.1221199, -18.0, 183.223571777
41.0503082, -18.0, 183.255203247
39.9784927, -18.0, 183.288223267
38.9066811, -18.0, 183.322769165
37.8348694, -18.0, 183.358963013
36.7630577, -18.0, 183.396942139
35.691246, -18.0, 183.436843872
34.6194305, -18.0, 183.478759766
33.5476189, -18.0, 183.52281189
32.4758072, -18.0, 183.569107056
31.4039936, -18.0, 183.617736816
30.3321819, -18.0, 183.668746948
29.2603683, -18.0, 183.722198486
28.1885567, -18.0, 183.778076172
27.1167431, -18.0, 183.836349487
26.0449314, -18.0, 183.896942139
24.9731178, -18.0, 183.959701538
23.9013062, -18.0, 184.024383545
22.8294926, -18.0, 184.090667725
21.7576809, -18.0, 184.15814209
20.6858673, -18.0, 184.226211548
19.6140556, -18.0, 184.294189453
18.5422421, -18.0, 184.361190796
17.4704304, -18.0, 184.426147461
16.3986168, -18.0, 184.487808228
15.3268051, -18.0, 184.54473877
14.2549925, -18.0, 184.595291138
13.1831799, -18.0, 184.637634277
12.1113672, -18.0, 184.669830322
11.0395546, -18.0, 184.689834595
9.96774197, -18.0, 184.695602417
8.89592934, -18.0, 184.685180664
7.82411671, -18.0, 184.656814575
6.75230408, -18.0, 184.609039307
5.68049145, -18.0, 184.540802002
4.60867882, -18.0, 184.451568604
3.53686643, -18.0, 184.341384888
2.4650538, -18.0, 184.210876465
1.39324117, -18.0, 184.061248779
0.321428567, -18.0, 183.894241333
-0.748120308, -18.0, 183.712417603
-1.81766915, -18.0, 183.517868042
-2.887218, -18.0, 183.313171387
-3.95676684, -18.0, 183.10093689
-5.02631569, -18.0, 182.883636475
-6.09586477, -18.0, 182.663513184
-7.16541338, -18.0, 182.4425354
-8.23496246, -18.0, 182.222335815
-9.30451107, -18.0, 182.004165649
-10.3740597, -18.0, 181.78894043
-11.4436092, -18.0, 181.577255249
-12.5131578, -18.0, 181.369369507
-13.5827065, -18.0, 181.165313721
-14.652256, -18.0, 180.964889526
-15.7218046, -18.0, 180.767745972
-16.7913532, -18.0, 180.57333374
-17.8609028, -18.0, 180.381057739
-18.9304504, -18.0, 180.190185547
98.9283829, -19.0, 190.124908447
97.8567581, -19.0, 190.249038696
96.785141, -19.0, 190.371963501
95.7135162, -19.0, 190.493331909
94.6418991, -19.0, 190.61277771
93.5702744, -19.0, 190.72996521
92.4986572, -19.0, 190.844589233
91.4270325, -19.0, 190.956375122
90.3554153, -19.0, 191.065078735
89.2837906, -19.0, 191.17048645
88.2121735, -19.0, 191.27243042
87.1405563, -19.0, 191.370758057
86.0689316, -19.0, 191.465408325
84.9973145, -19.0, 191.556274414
83.9256897, -19.0, 191.643325806
82.8540726, -19.0, 191.726577759
81.7824478, -19.0, 191.806030273
80.7108307, -19.0, 191.881759644
79.6392059, -19.0, 191.953796387
78.5675888, -19.0, 192.022262573
77.4959641, -19.0, 192.087249756
76.4243469, -19.0, 192.148880005
75.3527298, -19.0, 192.207290649
74.281105, -19.0, 192.26260376
73.2094879, -19.0, 192.314971924
72.1378632, -19.0, 192.364562988
71.066246, -19.0, 192.411514282
69.9946213, -19.0, 192.455993652
68.9230042, -19.0, 192.498138428
67.8513794, -19.0, 192.538131714
66.7797623, -19.0, 192.576126099
65.7081375, -19.0, 192.612258911
64.6365204, -19.0, 192.646697998
63.5648994, -19.0, 192.679580688
62.4932785, -19.0, 192.711074829
61.4216576, -19.0, 192.741317749
60.3500366, -19.0, 192.770431519
59.2784195, -19.0, 192.798583984
58.2067986, -19.0, 192.825912476
57.1351776, -19.0, 192.852539062
56.0635567, -19.0, 192.878601074
54.9919357, -19.0, 192.90423584
53.9203148, -19.0, 192.92956543
52.8486938, -19.0, 192.954727173
51.7770729, -19.0, 192.97984314
50.705452, -19.0, 193.0050354
49.633831, -19.0, 193.030456543
48.5622101, -19.0, 193.056213379
47.490593, -19.0, 193.082443237
46.418972, -19.0, 193.109268188
45.3473511, -19.0, 193.136825562
44.2757301, -19.0, 193.165237427
43.2041092, -19.0, 193.194641113
42.1324883, -19.0, 193.22517395
41.0608673, -19.0, 193.256942749
39.9892464, -19.0, 193.290115356
38.9176254, -19.0, 193.324798584
37.8460045, -19.0, 193.361129761
36.7743874, -19.0, 193.399230957
35.7027664, -19.0, 193.439239502
34.6311455, -19.0, 193.481262207
33.5595245, -19.0, 193.525390625
32.4879036, -19.0, 193.571746826
31.4162827, -19.0, 193.620407104
30.3446617, -19.0, 193.671401978
29.2730408, -19.0, 193.72479248
28.2014217, -19.0, 193.780563354
27.1298008, -19.0, 193.838653564
26.0581799, -19.0, 193.898971558
24.9865589, -19.0, 193.961349487
23.914938, -19.0, 194.025527954
22.843317, -19.0, 194.091186523
21.771698, -19.0, 194.157836914
20.7000771, -19.0, 194.22492981
19.6284561, -19.0, 194.291702271
18.5568352, -19.0, 194.357299805
17.4852142, -19.0, 194.420623779
16.4135952, -19.0, 194.480422974
15.3419743, -19.0, 194.535293579
14.2703533, -19.0, 194.583587646
13.1987324, -19.0, 194.623565674
12.1271124, -19.0, 194.653335571
11.0554914, -19.0, 194.670959473
9.98387051, -19.0, 194.674514771
8.91225052, -19.0, 194.662185669
7.84062958, -19.0, 194.63230896
6.76900911, -19.0, 194.583572388
5.69738865, -19.0, 194.515029907
4.62576818, -19.0, 194.426193237
3.55414748, -19.0, 194.317123413
2.48252678, -19.0, 194.188446045
1.41090631, -19.0, 194.041259766
0.339285702, -19.0, 193.877182007
-0.73120302, -19.0, 193.698425293
-1.80169177, -19.0, 193.507080078
-2.87218046, -19.0, 193.305587769
-3.94266915, -19.0, 193.096359253
-5.01315784, -19.0, 192.881790161
-6.08364677, -19.0, 192.664031982
-7.15413523, -19.0, 192.444992065
-8.22462368, -19.0, 192.226272583
-9.29511261, -19.0, 192.009140015
-10.3656015, -19.0, 191.794540405
-11.4360905, -19.0, 191.583099365
-12.5065794, -19.0, 191.375137329
-13.5770674, -19.0, 191.170715332
-14.6475563, -19.0, 190.969711304
-15.7180452, -19.0, 190.771789551
-16.7885342, -19.0, 190.576461792
-17.8590221, -19.0, 190.383178711
-18.929512, -19.0, 190.191253662
2.01703215, 0.800000012, 19.0123996735
3.08206463, 0.800000012, 16.6782913208
4.14709663, 0.800000012, 12.9758739471
5.21212912, 0.800000012, 8.73263835907
6.27716112, 0.800000012, 4.81209278107
7.3421936, 0.800000012, 1.85925781727
8.40722561, 0.800000012, -0.831843793392
9.47225761, 0.800000012, -2.05415296555
10.5372906, 0.800000012, -2.78294444084
11.6023226, 0.800000012, -3.26589298248
12.6673546, 0.800000012, -3.60299801826
13.7323875, 0.800000012, -3.84844255447
14.7974195, 0.800000012, -4.03446054459
15.8624516, 0.800000012, -4.18066215515
16.9274845, 0.800000012, -4.29905986786
17.9925156, 0.800000012, -4.39716529846
19.0575485, 0.800000012, -4.47987699509
20.1225815, 0.800000012, -4.550532341
21.1876125, 0.800000012, -4.61150217056
22.2526455, 0.800000012, -4.66453933716
23.3176765, 0.800000012, -4.71097183228
24.3827095, 0.800000012, -4.7518453598
25.4477425, 0.800000012, -4.78799962997
26.5127735, 0.800000012, -4.82009077072
27.5778065, 0.800000012, -4.84864425659
28.6428394, 0.800000012, -4.87409162521
29.7078705, 0.800000012, -4.89679527283
30.7729034, 0.800000012, -4.91706848145
31.8379364, 0.800000012, -4.93518400192
32.9029694, 0.800000012, -4.95138216019
33.9679985, 0.800000012, -4.96587467194
35.0330315, 0.800000012, -4.97885131836
36.0980644, 0.800000012, -4.99048280716
37.1630974, 0.800000012, -5.00092220306
38.2281303, 0.800000012, -5.01030826569
39.2931595, 0.800000012, -5.01876401901
40.3581924, 0.800000012, -5.02639865875
41.4232254, 0.800000012, -5.03331184387
42.4882584, 0.800000012, -5.03959226608
43.5532913, 0.800000012, -5.0453209877
44.6183243, 0.800000012, -5.05057048798
45.6833534, 0.800000012, -5.05540800095
46.7483864, 0.800000012, -5.05989408493
47.8134193, 0.800000012, -5.06408596039
48.8784523, 0.800000012, -5.06803417206
49.9434853, 0.800000012, -5.07178688049
51.0085144, 0.800000012, -5.07538843155
52.0735474, 0.800000012, -5.0788807869
53.1385803, 0.800000012, -5.08230495453
54.2036133, 0.800000012, -5.08570051193
55.2686462, 0.800000012, -5.08910512924
56.3336792, 0.800000012, -5.09255933762
57.3987083, 0.800000012, -5.09610176086
58.4637413, 0.800000012, -5.09977531433
59.5287743, 0.800000012, -5.1036233902
60.5938072, 0.800000012, -5.10769414902
61.6588402, 0.800000012, -5.11203861237
62.7238693, 0.800000012, -5.11671495438
63.7889023, 0.800000012, -5.12178564072
64.8539352, 0.800000012, -5.12732362747
65.9189682, 0.800000012, -5.13340902328
66.9840012, 0.800000012, -5.14013576508
68.0490341, 0.800000012, -5.14760971069
69.1140671, 0.800000012, -5.15595388412
70.1791, 0.800000012, -5.16531181335
71.2441254, 0.800000012, -5.17584896088
72.3091583, 0.800000012, -5.18776035309
73.3741913, 0.800000012, -5.20127439499
74.4392242, 0.800000012, -5.21665620804
75.5042572, 0.800000012, -5.23421859741
76.5692902, 0.800000012, -5.25432634354
77.6343231, 0.800000012, -5.27740764618
78.6993561, 0.800000012, -5.30396795273
79.764389, 0.800000012, -5.33460140228
80.829422, 0.800000012, -5.37000083923
81.894455, 0.800000012, -5.41095733643
82.9594803, 0.800000012, -5.45836925507
84.0245132, 0.800000012, -5.5132727623
85.0895462, 0.800000012, -5.57686948776
86.1545792, 0.800000012, -5.65051937103
87.2196121, 0.800000012, -5.73571825027
88.2846451, 0.800000012, -5.83405447006
89.349678, 0.800000012, -5.94711685181
90.414711, 0.800000012, -6.0764632225
91.479744, 0.800000012, -6.22360086441
92.5447769, 0.800000012, -6.38972806931
93.6098099, 0.800000012, -6.57528305054
94.6748352, 0.800000012, -6.77963161469
95.7398682, 0.800000012, -7.00107431412
96.8049011, 0.800000012, -7.23708963394
97.8699341, 0.800000012, -7.48460626602
98.934967, 0.800000012, -7.74016189575
2.95879579, 1.60000002, 14.8284664154
4.01359129, 1.60000002, 9.12938785553
5.06838703, 1.60000002, 3.07733869553
6.12318277, 1.60000002, -2.65785551071
7.17797852, 1.60000002, -5.89940404892
8.23277378, 1.60000002, -8.02371501923
9.28757, 1.60000002, -9.31307697296
10.3423653, 1.60000002, -10.0960292816
11.3971615, 1.60000002, -10.6076116562
12.4519567, 1.60000002, -10.9565124512
13.506753, 1.60000002, -11.2052431107
14.5615482, 1.60000002, -11.3913507462
15.6163445, 1.60000002, -11.5372438431
16.6711407, 1.60000002, -11.6560230255
17.725935, 1.60000002, -11.7553482056
18.7807312, 1.60000002, -11.8399438858
19.8355274, 1.60000002, -11.9128904343
20.8903217, 1.60000002, -11.9763126373
21.945118, 1.60000002, -12.0317735672
22.9999142, 1.60000002, -12.0804491043
24.0547104, 1.60000002, -12.123290062
25.1095047, 1.60000002, -12.1611623764
26.1643009, 1.60000002, -12.1947278976
27.2190971, 1.60000002, -12.2245073318
28.2738934, 1.60000002, -12.2509374619
29.3286877, 1.60000002, -12.274394989
30.3834839, 1.60000002, -12.2952098846
31.4382801, 1.60000002, -12.3136777878
32.4930763, 1.60000002, -12.3300638199
33.5478706, 1.60000002, -12.3446016312
34.6026649, 1.60000002, -12.35750103
35.6574631, 1.60000002, -12.3689517975
36.7122574, 1.60000002, -12.3791227341
37.7670555, 1.60000002, -12.3881664276
38.8218498, 1.60000002, -12.3962192535
39.8766441, 1.60000002, -12.4033927917
40.9314423, 1.60000002, -12.4097900391
41.9862366, 1.60000002, -12.4155130386
43.0410309, 1.60000002, -12.4206523895
44.095829, 1.60000002, -12.4252853394
45.1506233, 1.60000002, -12.4294805527
46.2054176, 1.60000002, -12.4333028793
47.2602158, 1.60000002, -12.4368104935
48.3150101, 1.60000002, -12.4400539398
49.3698082, 1.60000002, -12.4430828094
50.4246025, 1.60000002, -12.4459400177
51.4793968, 1.60000002, -12.4486665726
52.5341949, 1.60000002, -12.4513025284
53.5889893, 1.60000002, -12.4538841248
54.6437836, 1.60000002, -12.4564466476
55.6985817, 1.60000002, -12.4590272903
56.753376, 1.60000002, -12.4616622925
57.8081703, 1.60000002, -12.4643888474
58.8629684, 1.60000002, -12.4672470093
59.9177628, 1.60000002, -12.4702796936
60.9725609, 1.60000002, -12.4735326767
62.0273552, 1.60000002, -12.4770584106
63.0821495, 1.60000002, -12.4809141159
64.1369476, 1.60000002, -12.4851636887
65.1917419, 1.60000002, -12.4898834229
66.2465363, 1.60000002, -12.4951572418
67.3013306, 1.60000002, -12.5010843277
68.3561325, 1.60000002, -12.5077800751
69.4109268, 1.60000002, -12.5153779984
70.4657211, 1.60000002, -12.5240354538
71.5205154, 1.60000002, -12.5339393616
72.5753098, 1.60000002, -12.5453090668
73.6301041, 1.60000002, -12.5584049225
74.684906, 1.60000002, -12.5735359192
75.7397003, 1.60000002, -12.5910654068
76.7944946, 1.60000002, -12.6114253998
77.8492889, 1.60000002, -12.6351327896
78.9040833, 1.60000002, -12.6628046036
79.9588852, 1.60000002, -12.6951608658
81.0136795, 1.60000002, -12.7330188751
82.0684738, 1.60000002, -12.7773551941
83.1232681, 1.60000002, -12.8293523788
84.1780624, 1.60000002, -12.8903656006
85.2328568, 1.60000002, -12.9619417191
86.2876587, 1.60000002, -13.0458011627
87.342453, 1.60000002, -13.1442718506
88.3972473, 1.60000002, -13.2601051331
89.4520416, 1.60000002, -13.3953104019
90.5068359, 1.60000002, -13.5514621735
91.5616379, 1.60000002, -13.7309885025
92.6164322, 1.60000002, -13.9363203049
93.6712265, 1.60000002, -14.1688423157
94.7260208, 1.60000002, -14.4280157089
95.7808151, 1.60000002, -14.7112903595
96.8356094, 1.60000002, -15.0147914886
97.8904114, 1.60000002, -15.3340339661
98.9452057, 1.60000002, -15.6641645432
3.90055919, 2.4000001, 6.04583454132
4.94511843, 2.4000001, -2.61850357056
5.98967743, 2.4000001, -8.152967453
7.03423643, 2.4000001, -11.6930370331
8.07879543, 2.4000001, -13.9509963989
9.12335491, 2.4000001, -15.4022521973
10.1679144, 2.4000001, -16.3458900452
11.2124729, 2.4000001, -16.9666252136
12.2570324, 2.4000001, -17.384979248
13.3015919, 2.4000001, -17.6780605316
14.3461504, 2.4000001, -17.8943424225
15.3907099, 2.4000001, -18.0631332397
16.4352684, 2.4000001, -18.2012729645
17.4798279, 2.4000001, -18.3180675507
18.5243874, 2.4000001, -18.4188327789
19.5689468, 2.4000001, -18.5067920685
20.6135063, 2.4000001, -18.5840301514
21.6580639, 2.4000001, -18.6520423889
22.7026234, 2.4000001, -18.7119750977
23.7471828, 2.4000001, -18.7646903992
24.7917423, 2.4000001, -18.8112239838
25.8363018, 2.4000001, -18.8523483276
26.8808594, 2.4000001, -18.888666153
27.9254189, 2.4000001, -18.9207019806
28.9699783, 2.4000001, -18.9489269257
30.0145378, 2.4000001, -18.9737739563
31.0590973, 2.4000001, -18.9956283569
32.1036568, 2.4000001, -19.0148429871
33.1482162, 2.4000001, -19.0317306519
34.1927757, 2.4000001, -19.0465736389
35.2373352, 2.4000001, -19.0596199036
36.2818909, 2.4000001, -19.0710926056
37.3264503, 2.4000001, -19.0811882019
38.3710098, 2.4000001, -19.0900783539
39.4155693, 2.4000001, -19.0979118347
40.4601288, 2.4000001, -19.1047840118
41.5046883, 2.4000001, -19.110830307
42.5492477, 2.4000001, -19.1161842346
43.5938072, 2.4000001, -19.1209373474
44.6383667, 2.4000001, -19.1251716614
45.6829262, 2.4000001, -19.1289634705
46.7274857, 2.4000001, -19.1323776245
47.7720413, 2.4000001, -19.1354789734
48.8166008, 2.4000001, -19.1383190155
49.8611603, 2.4000001, -19.1409492493
50.9057198, 2.4000001, -19.1434135437
51.9502792, 2.4000001, -19.1457557678
52.9948387, 2.4000001, -19.148015976
54.0393982, 2.4000001, -19.1502323151
55.0839577, 2.4000001, -19.1524410248
56.1285172, 2.4000001, -19.1546821594
57.1730766, 2.4000001, -19.156993866
58.2176361, 2.4000001, -19.1594181061
59.2621918, 2.4000001, -19.1619949341
60.3067513, 2.4000001, -19.1647758484
61.3513107, 2.4000001, -19.1678085327
62.3958702, 2.4000001, -19.1711559296
63.4404297, 2.4000001, -19.1748809814
64.484993, 2.4000001, -19.1790618896
65.5295486, 2.4000001, -19.1837863922
66.5741043, 2.4000001, -19.1891555786
67.6186676, 2.4000001, -19.1952915192
68.6632233, 2.4000001, -19.202331543
69.7077866, 2.4000001, -19.2104454041
70.7523422, 2.4000001, -19.219827652
71.7969055, 2.4000001, -19.2307128906
72.8414612, 2.4000001, -19.2433834076
73.8860245, 2.4000001, -19.2581748962
74.9305801, 2.4000001, -19.2754840851
75.9751434, 2.4000001, -19.2957935333
77.0196991, 2.4000001, -19.3196754456
78.0642548, 2.4000001, -19.347826004
79.1088181, 2.4000001, -19.3810882568
80.1533737, 2.4000001, -19.4204788208
81.197937, 2.4000001, -19.4666442871
82.2424927, 2.4000001, -19.5210437775
83.287056, 2.4000001, -19.585691452
84.3316116, 2.4000001, -19.6625442505
85.3761749, 2.4000001, -19.7533378601
86.4207306, 2.4000001, -19.8571796417
87.4652939, 2.4000001, -19.9798126221
88.5098495, 2.4000001, -20.1352024078
89.5544052, 2.4000001, -20.3182926178
90.5989685, 2.4000001, -20.5300292969
91.6435242, 2.4000001, -20.7743778229
92.6880875, 2.4000001, -21.0564079285
93.7326431, 2.4000001, -21.3802547455
94.7772064, 2.4000001, -21.7462387085
95.8217621, 2.4000001, -22.1500434875
96.8663254, 2.4000001, -22.5847606659
97.910881, 2.4000001, -23.0429935455
98.9554443, 2.4000001, -23.5173244476
4.84232235, 3.20000005, -5.83449172974
5.87664509, 3.20000005, -11.9026918411
6.91096783, 3.20000005, -15.8669500351
7.94529009, 3.20000005, -18.503320694
8.9796133, 3.20000005, -20.2311668396
10.0139351, 3.20000005, -21.4406528473
11.0482578, 3.20000005, -22.2561035156
12.0825806, 3.20000005, -22.8057003021
13.1169033, 3.20000005, -23.1862220764
14.151226, 3.20000005, -23.4629878998
15.1855488, 3.20000005, -23.6769771576
16.2198715, 3.20000005, -23.852191925
17.2541943, 3.20000005, -24.0017681122
18.288517, 3.20000005, -24.1326274872
19.3228378, 3.20000005, -24.2484531403
20.3571606, 3.20000005, -24.3513889313
21.3914833, 3.20000005, -24.4428634644
22.425806, 3.20000005, -24.5240077972
23.4601288, 3.20000005, -24.5958156586
24.4944515, 3.20000005, -24.6593055725
25.5287743, 3.20000005, -24.7153549194
26.563097, 3.20000005, -24.7646770477
27.5974197, 3.20000005, -24.807926178
28.6317425, 3.20000005, -24.8457603455
29.6660652, 3.20000005, -24.8788108826
30.700388, 3.20000005, -24.9076480865
31.7347088, 3.20000005, -24.9327716827
32.7690315, 3.20000005, -24.9546413422
33.8033562, 3.20000005, -24.9736785889
34.837677, 3.20000005, -24.9902553558
35.8720016, 3.20000005, -25.004693985
36.9063225, 3.20000005, -25.0172767639
37.9406433, 3.20000005, -25.0282440186
38.974968, 3.20000005, -25.0378131866
40.0092888, 3.20000005, -25.0461673737
41.0436134, 3.20000005, -25.0534687042
42.0779343, 3.20000005, -25.0598678589
43.1122589, 3.20000005, -25.0654850006
44.1465797, 3.20000005, -25.0704345703
45.1809044, 3.20000005, -25.0748081207
46.2152252, 3.20000005, -25.0786952972
47.2495499, 3.20000005, -25.0821704865
48.2838707, 3.20000005, -25.0853061676
49.3181953, 3.20000005, -25.0881614685
50.3525162, 3.20000005, -25.090795517
51.386837, 3.20000005, -25.0932579041
52.4211617, 3.20000005, -25.0955982208
53.4554825, 3.20000005, -25.0978622437
54.4898071, 3.20000005, -25.1000938416
55.524128, 3.20000005, -25.1023349762
56.5584526, 3.20000005, -25.1046333313
57.5927734, 3.20000005, -25.1070308685
58.6270981, 3.20000005, -25.1095809937
59.6614189, 3.20000005, -25.1123352051
60.6957436, 3.20000005, -25.1153488159
61.7300644, 3.20000005, -25.1186904907
62.7643852, 3.20000005, -25.1224327087
63.7987099, 3.20000005, -25.1266613007
64.8330307, 3.20000005, -25.1314754486
65.8673553, 3.20000005, -25.1369857788
66.90168, 3.20000005, -25.1433334351
67.935997, 3.20000005, -25.1506710052
68.9703217, 3.20000005, -25.1591892242
70.0046463, 3.20000005, -25.1691131592
71.0389709, 3.20000005, -25.1807098389
72.073288, 3.20000005, -25.1943016052
73.1076126, 3.20000005, -25.2102775574
74.1419373, 3.20000005, -25.2291049957
75.1762543, 3.20000005, -25.2513389587
76.2105789, 3.20000005, -25.2776489258
77.2449036, 3.20000005, -25.3088283539
78.2792282, 3.20000005, -25.3458652496
79.3135452, 3.20000005, -25.3899860382
80.3478699, 3.20000005, -25.4426498413
81.3821945, 3.20000005, -25.5056056976
82.4165192, 3.20000005, -25.5810127258
83.4508362, 3.20000005, -25.6715316772
84.4851608, 3.20000005, -25.7804088593
85.5194855, 3.20000005, -25.9113845825
86.5538101, 3.20000005, -26.0683002472
87.5881271, 3.20000005, -26.2554264069
88.6224518, 3.20000005, -26.476234436
89.6567764, 3.20000005, -26.732963562
90.6910934, 3.20000005, -27.0280818939
91.7254181, 3.20000005, -27.3663787842
92.7597427, 3.20000005, -27.7570114136
93.7940674, 3.20000005, -28.2112827301
94.8283844, 3.20000005, -28.7334594727
95.862709, 3.20000005, -29.3159542084
96.8970337, 3.20000005, -29.9455814362
97.9313583, 3.20000005, -30.6102161407
98.9656754, 3.20000005, -31.2988071442
5.78408623, 4.0, -14.0066814423
6.80817223, 4.0, -18.5236854553
7.83225822, 4.0, -21.6655769348
8.85634422, 4.0, -23.9243774414
9.88043022, 4.0, -25.501543045
10.9045162, 4.0, -26.5784835815
11.9286022, 4.0, -27.3066196442
12.9526882, 4.0, -27.80701828
13.9767742, 4.0, -28.1656017303
15.0008602, 4.0, -28.4389724731
16.0249462, 4.0, -28.6615657806
17.0490322, 4.0, -28.852596283
18.0731182, 4.0, -29.021818161
19.0972042, 4.0, -29.1738128662
20.1212902, 4.0, -29.3107872009
21.1453762, 4.0, -29.4339370728
22.1694622, 4.0, -29.5441169739
23.1935482, 4.0, -29.6422710419
24.2176342, 4.0, -29.7294654846
25.2417202, 4.0, -29.8066711426
26.2658062, 4.0, -29.874671936
27.2898922, 4.0, -29.9341697693
28.3139782, 4.0, -29.9859962463
29.3380642, 4.0, -30.0310974121
30.3621502, 4.0, -30.0702915192
31.3862362, 4.0, -30.1042156219
32.4103241, 4.0, -30.1334819794
33.4344101, 4.0, -30.158706665
34.4584961, 4.0, -30.1804504395
35.4825821, 4.0, -30.1992053986
36.5066681, 4.0, -30.2153873444
37.5307541, 4.0, -30.2293319702
38.5548401, 4.0, -30.2413520813
39.5789261, 4.0, -30.2517433167
40.6030121, 4.0, -30.260761261
41.6270981, 4.0, -30.2686061859
42.6511841, 4.0, -30.2754440308
43.6752701, 4.0, -30.2814178467
44.6993561, 4.0, -30.2866535187
45.7234421, 4.0, -30.2912635803
46.7475281, 4.0, -30.295343399
47.7716141, 4.0, -30.2989826202
48.7957001, 4.0, -30.3022594452
49.8197861, 4.0, -30.3052406311
50.8438721, 4.0, -30.3079929352
51.8679581, 4.0, -30.3105735779
52.8920441, 4.0, -30.3130340576
53.9161301, 4.0, -30.3154315948
54.9402161, 4.0, -30.3178119659
55.9643021, 4.0, -30.320230484
56.9883881, 4.0, -30.3227348328
58.0124741, 4.0, -30.32538414
59.0365601, 4.0, -30.3282375336
60.0606461, 4.0, -30.3313560486
61.0847321, 4.0, -30.3348140717
62.1088181, 4.0, -30.3386936188
63.1329041, 4.0, -30.3430862427
64.1569901, 4.0, -30.3481044769
65.181076, 4.0, -30.3538703918
66.205162, 4.0, -30.3605365753
67.229248, 4.0, -30.3682765961
68.253334, 4.0, -30.3773021698
69.27742, 4.0, -30.3878631592
70.301506, 4.0, -30.4002571106
71.325592, 4.0, -30.414850235
72.349678, 4.0, -30.4320774078
73.373764, 4.0, -30.4524688721
74.39785, 4.0, -30.4766674042
75.421936, 4.0, -30.5054302216
76.446022, 4.0, -30.5396232605
77.470108, 4.0, -30.5802555084
78.494194, 4.0, -30.6286487579
79.51828, 4.0, -30.6865539551
80.542366, 4.0, -30.7560997009
81.566452, 4.0, -30.8396911621
82.590538, 4.0, -30.9402236938
83.614624, 4.0, -31.0615024567
84.63871, 4.0, -31.2087612152
85.662796, 4.0, -31.3889064789
86.686882, 4.0, -31.6094055176
87.710968, 4.0, -31.8757820129
88.735054, 4.0, -32.1905288696
89.75914, 4.0, -32.554889679
90.783226, 4.0, -32.9705924988
91.807312, 4.0, -33.4390945435
92.831398, 4.0, -33.9687232971
93.855484, 4.0, -34.5886459351
94.87957, 4.0, -35.3219490051
95.903656, 4.0, -36.1539077759
96.927742, 4.0, -37.0543670654
97.951828, 4.0, -38.0062675476
98.975914, 4.0, -38.9936294556
6.72584963, 4.80000019, -19.7567462921
7.73969889, 4.80000019, -23.6053752899
8.75354862, 4.80000019, -26.4377441406
9.76739788, 4.80000019, -28.4581336975
10.7812471, 4.80000019, -29.8597927094
11.7950964, 4.80000019, -30.8149967194
12.8089466, 4.80000019, -31.4678268433
13.8227959, 4.80000019, -31.9278087616
14.8366451, 4.80000019, -32.2709312439
15.8504944, 4.80000019, -32.5459938049
16.8643436, 4.80000019, -32.7815513611
17.8781929, 4.80000019, -32.9922676086
18.8920422, 4.80000019, -33.1844825745
19.9058933, 4.80000019, -33.3606719971
20.9197426, 4.80000019, -33.5215644836
21.9335918, 4.80000019, -33.6670913696
22.9474411, 4.80000019, -33.7976150513
23.9612904, 4.80000019, -33.9140396118
24.9751396, 4.80000019, -34.0177078247
25.9889889, 4.80000019, -34.1095962524
27.0028381, 4.80000019, -34.1903114319
28.0166874, 4.80000019, -34.2607498169
29.0305386, 4.80000019, -34.3223991394
30.0443878, 4.80000019, -34.3765449524
31.0582371, 4.80000019, -34.4235153198
32.0720863, 4.80000019, -34.4637870789
33.0859337, 4.80000019, -34.4981536865
34.0997849, 4.80000019, -34.5274391174
35.113636, 4.80000019, -34.5524101257
36.1274834, 4.80000019, -34.5737037659
37.1413345, 4.80000019, -34.5918159485
38.1551819, 4.80000019, -34.6071739197
39.1690331, 4.80000019, -34.6202507019
40.1828804, 4.80000019, -34.6314697266
41.1967316, 4.80000019, -34.6411399841
42.2105789, 4.80000019, -34.6495056152
43.2244301, 4.80000019, -34.6567611694
44.2382813, 4.80000019, -34.6630744934
45.2521286, 4.80000019, -34.6685905457
46.2659798, 4.80000019, -34.6734390259
47.2798271, 4.80000019, -34.6777229309
48.2936783, 4.80000019, -34.6815452576
49.3075256, 4.80000019, -34.6849899292
50.3213768, 4.80000019, -34.6881332397
51.3352242, 4.80000019, -34.6910438538
52.3490753, 4.80000019, -34.6937904358
53.3629265, 4.80000019, -34.6964302063
54.3767738, 4.80000019, -34.6990203857
55.390625, 4.80000019, -34.701625824
56.4044724, 4.80000019, -34.7042961121
57.4183235, 4.80000019, -34.7070999146
58.4321709, 4.80000019, -34.7100982666
59.446022, 4.80000019, -34.7133636475
60.4598694, 4.80000019, -34.7169761658
61.4737206, 4.80000019, -34.7210235596
62.4875717, 4.80000019, -34.7256088257
63.5014191, 4.80000019, -34.730846405
64.5152664, 4.80000019, -34.7368774414
65.5291214, 4.80000019, -34.7438659668
66.5429688, 4.80000019, -34.7519989014
67.5568161, 4.80000019, -34.7615127563
68.5706635, 4.80000019, -34.7726821899
69.5845184, 4.80000019, -34.7858390808
70.5983658, 4.80000019, -34.8013801575
71.6122131, 4.80000019, -34.8197975159
72.6260681, 4.80000019, -34.8416824341
73.6399155, 4.80000019, -34.8677597046
74.6537628, 4.80000019, -34.8988952637
75.6676102, 4.80000019, -34.9361076355
76.6814651, 4.80000019, -34.9804191589
77.6953125, 4.80000019, -35.0328941345
78.7091599, 4.80000019, -35.0952339172
79.7230072, 4.80000019, -35.1700935364
80.7368622, 4.80000019, -35.2603187561
81.7507095, 4.80000019, -35.3683509827
82.7645569, 4.80000019, -35.4971389771
83.7784119, 4.80000019, -35.6510009766
84.7922592, 4.80000019, -35.8360099792
85.8061066, 4.80000019, -36.0645179749
86.8199539, 4.80000019, -36.3577461243
87.8338089, 4.80000019, -36.7292442322
88.8476563, 4.80000019, -37.176612854
89.8615036, 4.80000019, -37.6944618225
90.8753586, 4.80000019, -38.2839660645
91.8892059, 4.80000019, -38.9452362061
92.9030533, 4.80000019, -39.6654434204
93.9169006, 4.80000019, -40.4192695618
94.9307556, 4.80000019, -41.4545898438
95.944603, 4.80000019, -42.616985321
96.9584503, 4.80000019, -43.8762397766
97.9722977, 4.80000019, -45.208190918
98.9861526, 4.80000019, -46.5906257629
7.66761303, 5.5999999, -24.3418178558
8.67122555, 5.5999999, -27.7767295837
9.67483902, 5.5999999, -30.2860660553
10.6784515, 5.5999999, -32.0637397766
11.6820641, 5.5999999, -33.2936592102
12.6856775, 5.5999999, -34.1364326477
13.68929, 5.5999999, -34.7210731506
14.6929035, 5.5999999, -35.1441307068
15.696516, 5.5999999, -35.4728660583
16.7001286, 5.5999999, -35.7499732971
17.7037411, 5.5999999, -35.9986991882
18.7073555, 5.5999999, -36.2289733887
19.710968, 5.5999999, -36.4445266724
20.7145805, 5.5999999, -36.6463088989
21.7181931, 5.5999999, -36.8320960999
22.7218056, 5.5999999, -36.9995689392
23.72542, 5.5999999, -37.147403717
24.7290325, 5.5999999, -37.2785987854
25.732645, 5.5999999, -37.394859314
26.7362576, 5.5999999, -37.4964294434
27.7398701, 5.5999999, -37.5856933594
28.7434845, 5.5999999, -37.6657600403
29.747097, 5.5999999, -37.74061203
30.7507095, 5.5999999, -37.8077812195
31.7543221, 5.5999999, -37.8656539917
32.7579346, 5.5999999, -37.9147377014
33.7615471, 5.5999999, -37.9561386108
34.7651596, 5.5999999, -37.9909973145
35.7687759, 5.5999999, -38.0203475952
36.7723885, 5.5999999, -38.0450134277
37.776001, 5.5999999, -38.0656242371
38.7796135, 5.5999999, -38.0828857422
39.783226, 5.5999999, -38.0974655151
40.7868385, 5.5999999, -38.10987854
41.790451, 5.5999999, -38.1205062866
42.7940636, 5.5999999, -38.1296386719
43.7976761, 5.5999999, -38.1375236511
44.8012886, 5.5999999, -38.1443595886
45.8049049, 5.5999999, -38.1503219604
46.8085175, 5.5999999, -38.1555519104
47.81213, 5.5999999, -38.1601791382
48.8157425, 5.5999999, -38.1643104553
49.819355, 5.5999999, -38.1680488586
50.8229675, 5.5999999, -38.1714706421
51.82658, 5.5999999, -38.1746635437
52.8301926, 5.5999999, -38.177696228
53.8338051, 5.5999999, -38.1806411743
54.8374176, 5.5999999, -38.1835632324
55.8410339, 5.5999999, -38.1865310669
56.8446465, 5.5999999, -38.1896133423
57.848259, 5.5999999, -38.1928901672
58.8518715, 5.5999999, -38.1964302063
59.855484, 5.5999999, -38.2003326416
60.8590965, 5.5999999, -38.2046928406
61.862709, 5.5999999, -38.2096214294
62.8663216, 5.5999999, -38.2152519226
63.8699341, 5.5999999, -38.2217407227
64.8735504, 5.5999999, -38.2292671204
65.8771591, 5.5999999, -38.2380485535
66.8807755, 5.5999999, -38.2483406067
67.8843842, 5.5999999, -38.2604560852
68.8880005, 5.5999999, -38.2747688293
69.8916092, 5.5999999, -38.2917366028
70.8952255, 5.5999999, -38.3119163513
71.8988419, 5.5999999, -38.3359794617
72.9024506, 5.5999999, -38.3647499084
73.9060669, 5.5999999, -38.3992424011
74.9096756, 5.5999999, -38.4406509399
75.9132919, 5.5999999, -38.4903564453
76.9169006, 5.5999999, -38.5497703552
77.920517, 5.5999999, -38.6194419861
78.9241257, 5.5999999, -38.7024421692
79.927742, 5.5999999, -38.8025436401
80.9313583, 5.5999999, -38.9234008789
81.934967, 5.5999999, -39.0673751831
82.9385834, 5.5999999, -39.2326698303
83.9421921, 5.5999999, -39.4315185547
84.9458084, 5.5999999, -39.6474647522
85.9494171, 5.5999999, -39.8761520386
86.9530334, 5.5999999, -40.2073440552
87.9566422, 5.5999999, -40.7292175293
88.9602585, 5.5999999, -41.3577346802
89.9638672, 5.5999999, -42.0884132385
90.9674835, 5.5999999, -42.9227790833
91.9710999, 5.5999999, -43.8627243042
92.9747086, 5.5999999, -44.9109725952
93.9783249, 5.5999999, -46.1035346985
94.9819336, 5.5999999, -47.4693031311
95.9855499, 5.5999999, -48.9915618896
96.9891586, 5.5999999, -50.632144928
97.992775, 5.5999999, -52.3644065857
98.9963837, 5.5999999, -54.1623954773
8.60937595, 6.4000001, -28.0029602051
9.60275269, 6.4000001, -31.0176792145
10.5961294, 6.4000001, -33.214050293
11.5895052, 6.4000001, -34.7700805664
12.5828819, 6.4000001, -35.8486747742
13.5762577, 6.4000001, -36.5897827148
14.5696344, 6.4000001, -37.10754776
15.5630112, 6.4000001, -37.4899749756
16.5563869, 6.4000001, -37.7996635437
17.5497627, 6.4000001, -38.0746307373
18.5431404, 6.4000001, -38.3314323425
19.5365162, 6.4000001, -38.5756225586
20.529892, 6.4000001, -38.8157424927
21.5232697, 6.4000001, -39.0515632629
22.5166454, 6.4000001, -39.2693099976
23.5100212, 6.4000001, -39.4529724121
24.503397, 6.4000001, -39.6106681824
25.4967747, 6.4000001, -39.7428970337
26.4901505, 6.4000001, -39.8332214355
27.4835262, 6.4000001, -39.9106445312
28.4769039, 6.4000001, -39.9820480347
29.4702797, 6.4000001, -40.0753936768
30.4636555, 6.4000001, -40.1724395752
31.4570332, 6.4000001, -40.2587165833
32.4504089, 6.4000001, -40.3323173523
33.4437866, 6.4000001, -40.3941459656
34.4371605, 6.4000001, -40.4457550049
35.4305382, 6.4000001, -40.4887161255
36.4239159, 6.4000001, -40.5244369507
37.4172897, 6.4000001, -40.5541000366
38.4106674, 6.4000001, -40.5787582397
39.4040413, 6.4000001, -40.5993423462
40.397419, 6.4000001, -40.6166343689
41.3907967, 6.4000001, -40.6312408447
42.3841705, 6.4000001, -40.6436576843
43.3775482, 6.4000001, -40.6542663574
44.3709259, 6.4000001, -40.6633834839
45.3642998, 6.4000001, -40.6712684631
46.3576775, 6.4000001, -40.6781311035
47.3510551, 6.4000001, -40.6841506958
48.344429, 6.4000001, -40.6894874573
49.3378067, 6.4000001, -40.6942672729
50.3311844, 6.4000001, -40.6986083984
51.3245583, 6.4000001, -40.7026100159
52.3179359, 6.4000001, -40.7063751221
53.3113136, 6.4000001, -40.7099838257
54.3046875, 6.4000001, -40.7135238647
55.2980652, 6.4000001, -40.7170829773
56.2914391, 6.4000001, -40.720741272
57.2848167, 6.4000001, -40.7245864868
58.2781944, 6.4000001, -40.728717804
59.2715683, 6.4000001, -40.7332420349
60.264946, 6.4000001, -40.7382698059
61.2583237, 6.4000001, -40.743938446
62.2516975, 6.4000001, -40.7504043579
63.2450752, 6.4000001, -40.7578468323
64.2384491, 6.4000001, -40.7664833069
65.2318268, 6.4000001, -40.7765655518
66.2252045, 6.4000001, -40.7883987427
67.2185822, 6.4000001, -40.8023529053
68.2119598, 6.4000001, -40.8188743591
69.2053299, 6.4000001, -40.838508606
70.1987076, 6.4000001, -40.861907959
71.1920853, 6.4000001, -40.8898887634
72.185463, 6.4000001, -40.9234313965
73.1788406, 6.4000001, -40.9637413025
74.1722183, 6.4000001, -41.012260437
75.1655884, 6.4000001, -41.0707092285
76.1589661, 6.4000001, -41.1410522461
77.1523438, 6.4000001, -41.2253761292
78.1457214, 6.4000001, -41.3264694214
79.1390991, 6.4000001, -41.4481811523
80.1324768, 6.4000001, -41.5951385498
81.1258469, 6.4000001, -41.7721748352
82.1192245, 6.4000001, -41.9836502075
83.1126022, 6.4000001, -42.2361602783
84.1059799, 6.4000001, -42.5354499817
85.0993576, 6.4000001, -42.889415741
86.0927277, 6.4000001, -43.3225097656
87.0861053, 6.4000001, -43.8740692139
88.079483, 6.4000001, -44.5633544922
89.0728607, 6.4000001, -45.3873672485
90.0662384, 6.4000001, -46.342414856
91.0596161, 6.4000001, -47.4341621399
92.0529861, 6.4000001, -48.6704483032
93.0463638, 6.4000001, -50.061164856
94.0397415, 6.4000001, -51.6206550598
95.0331192, 6.4000001, -53.3555717468
96.0264969, 6.4000001, -55.2556495667
97.0198746, 6.4000001, -57.2992477417
98.0132446, 6.4000001, -59.4604072571
99.0066223, 6.4000001, -61.7016029358
9.55113983, 7.19999981, -30.7465248108
10.5342798, 7.19999981, -33.3868637085
11.5174198, 7.19999981, -35.3178634644
12.5005589, 7.19999981, -36.6879005432
13.4836988, 7.19999981, -37.6329650879
14.4668388, 7.19999981, -38.2745933533
15.4499788, 7.19999981, -38.7180137634
16.4331188, 7.19999981, -39.0497055054
17.4162579, 7.19999981, -39.3331680298
18.3993969, 7.19999981, -39.600479126
19.3825378, 7.19999981, -39.8338546753
20.3656769, 7.19999981, -40.0624465942
21.3488178, 7.19999981, -40.3829689026
22.3319569, 7.19999981, -40.7077713013
23.3150959, 7.19999981, -41.0089454651
24.2982368, 7.19999981, -41.2800254822
25.2813759, 7.19999981, -41.5202827454
26.2645168, 7.19999981, -41.7275009155
27.2476559, 7.19999981, -41.9075889587
28.2307949, 7.19999981, -42.0669288635
29.2139359, 7.19999981, -42.2144012451
30.1970749, 7.19999981, -42.3497505188
31.1802158, 7.19999981, -42.4686546326
32.163353, 7.19999981, -42.5699005127
33.1464958, 7.19999981, -42.6547431946
34.1296349, 7.19999981, -42.7252540588
35.1127739, 7.19999981, -42.783618927
36.0959129, 7.19999981, -42.8318519592
37.079052, 7.19999981, -42.8716964722
38.0621948, 7.19999981, -42.9046554565
39.0453339, 7.19999981, -42.9319953918
40.0284729, 7.19999981, -42.954788208
41.0116119, 7.19999981, -42.9738922119
41.994751, 7.19999981, -42.9900016785
42.9778938, 7.19999981, -43.0036659241
43.9610329, 7.19999981, -43.0153312683
44.9441719, 7.19999981, -43.0253562927
45.9273109, 7.19999981, -43.0340270996
46.91045, 7.19999981, -43.0415878296
47.8935928, 7.19999981, -43.0482444763
48.8767319, 7.19999981, -43.0541648865
49.8598709, 7.19999981, -43.0594978333
50.8430099, 7.19999981, -43.0643768311
51.826149, 7.19999981, -43.0689125061
52.8092918, 7.19999981, -43.0732154846
53.7924309, 7.19999981, -43.0773925781
54.7755699, 7.19999981, -43.0815315247
55.758709, 7.19999981, -43.0857429504
56.741848, 7.19999981, -43.0901260376
57.7249908, 7.19999981, -43.094783783
58.7081299, 7.19999981, -43.0998420715
59.6912689, 7.19999981, -43.1054267883
60.674408, 7.19999981, -43.1116867065
61.657547, 7.19999981, -43.1187934875
62.6406898, 7.19999981, -43.1269493103
63.6238289, 7.19999981, -43.136390686
64.6069641, 7.19999981, -43.1473884583
65.5901108, 7.19999981, -43.1602859497
66.5732498, 7.19999981, -43.1754798889
67.5563889, 7.19999981, -43.1934623718
68.5395279, 7.19999981, -43.2148170471
69.5226669, 7.19999981, -43.240272522
70.505806, 7.19999981, -43.2707061768
71.488945, 7.19999981, -43.3071975708
72.472084, 7.19999981, -43.3510513306
73.4552231, 7.19999981, -43.4038734436
74.4383621, 7.19999981, -43.4675788879
75.4215088, 7.19999981, -43.5444602966
76.4046478, 7.19999981, -43.6371765137
77.3877869, 7.19999981, -43.7489471436
78.3709259, 7.19999981, -43.8837966919
79.3540649, 7.19999981, -44.0467300415
80.337204, 7.19999981, -44.2436294556
81.320343, 7.19999981, -44.4810752869
82.3034821, 7.19999981, -44.7667655945
83.2866211, 7.19999981, -45.1097679138
84.2697601, 7.19999981, -45.5213432312
85.2529068, 7.19999981, -46.0174751282
86.2360458, 7.19999981, -46.6198272705
87.2191849, 7.19999981, -47.3502044678
88.2023239, 7.19999981, -48.2249031067
89.185463, 7.19999981, -49.2533149719
90.168602, 7.19999981, -50.4402656555
91.151741, 7.19999981, -51.793800354
92.1348801, 7.19999981, -53.3254547119
93.1180191, 7.19999981, -55.046962738
94.1011581, 7.19999981, -56.9646224976
95.0843048, 7.19999981, -59.0829811096
96.0674438, 7.19999981, -61.3763542175
97.0505829, 7.19999981, -63.8605461121
98.0337219, 7.19999981, -66.4833908081
99.016861, 7.19999981, -69.211227417
10.4929028, 8.0, -32.6920433044
11.465806, 8.0, -35.0360145569
12.4387093, 8.0, -36.7584877014
13.4116125, 8.0, -37.9738731384
14.3845158, 8.0, -38.7941970825
15.357419, 8.0, -39.3278427124
16.3303223, 8.0, -39.6807746887
17.3032265, 8.0, -39.9405288696
18.2761288, 8.0, -40.2715034485
19.249033, 8.0, -40.662147522
20.2219353, 8.0, -41.0770301819
21.1948395, 8.0, -41.5206451416
22.1677418, 8.0, -41.9660606384
23.140646, 8.0, -42.3880157471
24.1135483, 8.0, -42.7754631042
25.0864525, 8.0, -43.1245422363
26.0593548, 8.0, -43.4341506958
27.032259, 8.0, -43.7060966492
28.0051613, 8.0, -43.9439201355
28.9780636, 8.0, -44.152256012
29.9509678, 8.0, -44.3339614868
30.9238701, 8.0, -44.4901123047
31.8967743, 8.0, -44.6221084595
32.8696785, 8.0, -44.7323226929
33.8425789, 8.0, -44.8236198425
34.8154831, 8.0, -44.8989105225
35.7883873, 8.0, -44.9608726501
36.7612915, 8.0, -45.011844635
37.7341919, 8.0, -45.0538253784
38.7070961, 8.0, -45.0884933472
39.6800003, 8.0, -45.1172409058
40.6529045, 8.0, -45.1412010193
41.6258049, 8.0, -45.1612892151
42.5987091, 8.0, -45.1782341003
43.5716133, 8.0, -45.1926193237
44.5445175, 8.0, -45.2049102783
45.5174179, 8.0, -45.2154922485
46.4903221, 8.0, -45.2246742249
47.4632263, 8.0, -45.232711792
48.4361305, 8.0, -45.239818573
49.4090309, 8.0, -45.2461776733
50.3819351, 8.0, -45.2519454956
51.3548393, 8.0, -45.2572631836
52.3277435, 8.0, -45.262260437
53.3006439, 8.0, -45.2670478821
54.2735481, 8.0, -45.2717475891
55.2464523, 8.0, -45.2764701843
56.2193565, 8.0, -45.2813224792
57.1922569, 8.0, -45.2864303589
58.1651611, 8.0, -45.2919197083
59.1380653, 8.0, -45.2979316711
60.1109695, 8.0, -45.3046226501
61.0838699, 8.0, -45.3121757507
62.0567741, 8.0, -45.3207969666
63.0296783, 8.0, -45.3307342529
64.0025787, 8.0, -45.3422813416
64.9754868, 8.0, -45.3557853699
65.9483871, 8.0, -45.3716583252
66.9212875, 8.0, -45.3904075623
67.8941956, 8.0, -45.4126434326
68.8670959, 8.0, -45.4391059875
69.8399963, 8.0, -45.4707069397
70.8129044, 8.0, -45.5085449219
71.7858047, 8.0, -45.5539741516
72.7587128, 8.0, -45.6086502075
73.7316132, 8.0, -45.6745758057
74.7045135, 8.0, -45.7541847229
75.6774216, 8.0, -45.8503723145
76.650322, 8.0, -45.9666023254
77.6232224, 8.0, -46.1070594788
78.5961304, 8.0, -46.2768669128
79.5690308, 8.0, -46.4822235107
80.5419388, 8.0, -46.7304878235
81.5148392, 8.0, -47.0303153992
82.4877396, 8.0, -47.3917808533
83.4606476, 8.0, -47.8266677856
84.433548, 8.0, -48.3494644165
85.4064484, 8.0, -48.9787979126
86.3793564, 8.0, -49.7339935303
87.3522568, 8.0, -50.6322784424
88.3251648, 8.0, -51.6892127991
89.2980652, 8.0, -52.9192848206
90.2709656, 8.0, -54.3345222473
91.2438736, 8.0, -55.9474525452
92.216774, 8.0, -57.7720527649
93.1896744, 8.0, -59.8200569153
94.1625824, 8.0, -62.1030769348
95.1354828, 8.0, -64.6348190308
96.1083908, 8.0, -67.3874664307
97.0812912, 8.0, -70.3403549194
98.0541916, 8.0, -73.4531173706
99.0270996, 8.0, -76.6840744019
11.4346666, 8.80000019, -34.0279960632
12.3973331, 8.80000019, -36.156211853
13.3599997, 8.80000019, -37.719367981
14.3226671, 8.80000019, -38.8023643494
15.2853336, 8.80000019, -39.4989242554
16.2479992, 8.80000019, -39.908782959
17.2106667, 8.80000019, -40.283870697
18.1733341, 8.80000019, -40.757270813
19.1359997, 8.80000019, -41.2953186035
20.0986671, 8.80000019, -41.8655204773
21.0613327, 8.80000019, -42.4476585388
22.0240002, 8.80000019, -43.0206871033
22.9866657, 8.80000019, -43.5651473999
23.9493332, 8.80000019, -44.0687599182
24.9120007, 8.80000019, -44.5254974365
25.8746662, 8.80000019, -44.9332237244
26.8373337, 8.80000019, -45.2925033569
27.7999992, 8.80000019, -45.6057891846
28.7626667, 8.80000019, -45.8767433167
29.7253342, 8.80000019, -46.1091766357
30.6879997, 8.80000019, -46.3065567017
31.6506672, 8.80000019, -46.4723396301
32.6133347, 8.80000019, -46.6102523804
33.5760002, 8.80000019, -46.7241668701
34.5386658, 8.80000019, -46.8178291321
35.5013351, 8.80000019, -46.894657135
36.4640007, 8.80000019, -46.9576339722
37.4266663, 8.80000019, -47.0093040466
38.3893318, 8.80000019, -47.0517997742
39.3520012, 8.80000019, -47.0868797302
40.3146667, 8.80000019, -47.1159820557
41.2773323, 8.80000019, -47.1402587891
42.2400017, 8.80000019, -47.1606407166
43.2026672, 8.80000019, -47.1778564453
44.1653328, 8.80000019, -47.1925048828
45.1279984, 8.80000019, -47.2050552368
46.0906677, 8.80000019, -47.2158966064
47.0533333, 8.80000019, -47.2253417969
48.0159988, 8.80000019, -47.2336502075
48.9786682, 8.80000019, -47.2410392761
49.9413338, 8.80000019, -47.2476959229
50.9039993, 8.80000019, -47.2537841797
51.8666649, 8.80000019, -47.2594528198
52.8293343, 8.80000019, -47.264831543
53.7919998, 8.80000019, -47.2700500488
54.7546654, 8.80000019, -47.2752304077
55.7173347, 8.80000019, -47.2804985046
56.6800003, 8.80000019, -47.2859764099
57.6426659, 8.80000019, -47.2918052673
58.6053352, 8.80000019, -47.2981262207
59.5680008, 8.80000019, -47.305103302
60.5306664, 8.80000019, -47.3129234314
61.4933319, 8.80000019, -47.3218040466
62.4560013, 8.80000019, -47.3319892883
63.4186668, 8.80000019, -47.3437690735
64.3813324, 8.80000019, -47.3575019836
65.3440018, 8.80000019, -47.3735961914
66.3066635, 8.80000019, -47.3925590515
67.2693329, 8.80000019, -47.4149932861
68.2320023, 8.80000019, -47.4416351318
69.194664, 8.80000019, -47.4733848572
70.1573334, 8.80000019, -47.5113296509
71.1200027, 8.80000019, -47.5568161011
72.0826645, 8.80000019, -47.6114654541
73.0453339, 8.80000019, -47.6772727966
74.0080032, 8.80000019, -47.7566795349
74.970665, 8.80000019, -47.8526535034
75.9333344, 8.80000019, -47.9687461853
76.8960037, 8.80000019, -48.1091423035
77.8586655, 8.80000019, -48.2788925171
78.8213348, 8.80000019, -48.4841194153
79.7839966, 8.80000019, -48.7321853638
80.746666, 8.80000019, -49.0319023132
81.7093353, 8.80000019, -49.3941726685
82.6719971, 8.80000019, -49.8311576843
83.6346664, 8.80000019, -50.3561668396
84.5973358, 8.80000019, -50.9849052429
85.5599976, 8.80000019, -51.7355537415
86.5226669, 8.80000019, -52.6278114319
87.4853363, 8.80000019, -53.6806335449
88.447998, 8.80000019, -54.9112968445
89.4106674, 8.80000019, -56.3365821838
90.3733368, 8.80000019, -57.9763679504
91.3359985, 8.80000019, -59.8394889832
92.2986679, 8.80000019, -61.9733924866
93.2613297, 8.80000019, -64.3937759399
94.223999, 8.80000019, -67.0934371948
95.1866684, 8.80000019, -70.0645751953
96.1493301, 8.80000019, -73.2843399048
97.1119995, 8.80000019, -76.7221603394
98.0746689, 8.80000019, -80.3530349731
99.0373306, 8.80000019, -84.1316680908
12.3764305, 9.60000038, -34.9534492493
13.3288603, 9.60000038, -36.93227005
14.2812901, 9.60000038, -38.3732185364
15.2337208, 9.60000038, -39.3411903381
16.1861496, 9.60000038, -39.9183692932
17.1385803, 9.60000038, -40.4279556274
18.091011, 9.60000038, -41.0386161804
19.0434418, 9.60000038, -41.7175941467
19.9958706, 9.60000038, -42.4302444458
20.9483013, 9.60000038, -43.1492538452
21.900732, 9.60000038, -43.8518218994
22.8531609, 9.60000038, -44.5193214417
23.8055916, 9.60000038, -45.1387138367
24.7580223, 9.60000038, -45.7024154663
25.7104511, 9.60000038, -46.2071151733
26.6628819, 9.60000038, -46.6526374817
27.6153126, 9.60000038, -47.0410652161
28.5677414, 9.60000038, -47.3760070801
29.5201721, 9.60000038, -47.6619186401
30.4726028, 9.60000038, -47.9035682678
31.4250317, 9.60000038, -48.1058082581
32.3774605, 9.60000038, -48.2735786438
33.3298912, 9.60000038, -48.4118003845
34.2823219, 9.60000038, -48.5251731873
35.2347527, 9.60000038, -48.6179275513
36.1871834, 9.60000038, -48.6937179565
37.1396141, 9.60000038, -48.7556800842
38.0920448, 9.60000038, -48.806438446
39.0444717, 9.60000038, -48.8481636047
39.9969025, 9.60000038, -48.8826255798
40.9493332, 9.60000038, -48.9112510681
41.9017639, 9.60000038, -48.93516922
42.8541946, 9.60000038, -48.9552879333
43.8066254, 9.60000038, -48.9723320007
44.7590523, 9.60000038, -48.986869812
45.711483, 9.60000038, -48.9993743896
46.6639137, 9.60000038, -49.0102233887
47.6163445, 9.60000038, -49.0197181702
48.5687752, 9.60000038, -49.0281181335
49.5212059, 9.60000038, -49.0356407166
50.4736328, 9.60000038, -49.0424728394
51.4260635, 9.60000038, -49.0487785339
52.3784943, 9.60000038, -49.0547103882
53.330925, 9.60000038, -49.0604019165
54.2833557, 9.60000038, -49.065990448
55.2357864, 9.60000038, -49.0716094971
56.1882133, 9.60000038, -49.0773849487
57.1406441, 9.60000038, -49.0834655762
58.0930748, 9.60000038, -49.0899925232
59.0455055, 9.60000038, -49.0971336365
59.9979362, 9.60000038, -49.1050796509
60.950367, 9.60000038, -49.1140403748
61.9027939, 9.60000038, -49.1242599487
62.8552246, 9.60000038, -49.1360244751
63.8076553, 9.60000038, -49.149684906
64.7600861, 9.60000038, -49.16563797
65.7125168, 9.60000038, -49.1843719482
66.6649475, 9.60000038, -49.2064819336
67.6173782, 9.60000038, -49.2326660156
68.569809, 9.60000038, -49.26379776
69.5222397, 9.60000038, -49.3009262085
70.4746704, 9.60000038, -49.3453292847
71.4270935, 9.60000038, -49.3985748291
72.3795242, 9.60000038, -49.4625701904
73.331955, 9.60000038, -49.5396385193
74.2843857, 9.60000038, -49.6326408386
75.2368164, 9.60000038, -49.7452926636
76.1892471, 9.60000038, -49.881652832
77.1416779, 9.60000038, -50.0465011597
78.0941086, 9.60000038, -50.2456932068
79.0465393, 9.60000038, -50.4862632751
79.99897, 9.60000038, -50.7765541077
80.9514008, 9.60000038, -51.1262931824
81.9038315, 9.60000038, -51.5470466614
82.8562546, 9.60000038, -52.0525512695
83.8086853, 9.60000038, -52.6583175659
84.761116, 9.60000038, -53.3815040588
85.7135468, 9.60000038, -54.2404937744
86.6659775, 9.60000038, -55.2566452026
87.6184082, 9.60000038, -56.4508743286
88.5708389, 9.60000038, -57.8475990295
89.5232697, 9.60000038, -59.4733886719
90.4757004, 9.60000038, -61.3329048157
91.4281311, 9.60000038, -63.5133361816
92.3805618, 9.60000038, -66.0031814575
93.3329926, 9.60000038, -68.8076324463
94.2854156, 9.60000038, -71.9266662598
95.2378464, 9.60000038, -75.3438262939
96.1902771, 9.60000038, -79.0430221558
97.1427078, 9.60000038, -82.997833252
98.0951385, 9.60000038, -87.1762161255
99.0475693, 9.60000038, -91.5327911377
13.3181934, 10.3999996, -35.6367263794
14.2603874, 10.3999996, -37.5140533447
15.2025805, 10.3999996, -38.8628311157
16.1447735, 10.3999996, -39.7487373352
17.0869675, 10.3999996, -40.3704032898
18.0291615, 10.3999996, -41.1082572937
18.9713554, 10.3999996, -41.919178009
19.9135475, 10.3999996, -42.7656440735
20.8557415, 10.3999996, -43.6167106628
21.7979355, 10.3999996, -44.4470710754
22.7401295, 10.3999996, -45.2367286682
23.6823235, 10.3999996, -45.9712295532
24.6245155, 10.3999996, -46.6414833069
25.5667095, 10.3999996, -47.242980957
26.5089035, 10.3999996, -47.7748756409
27.4510975, 10.3999996, -48.2390785217
28.3932896, 10.3999996, -48.6393928528
29.3354836, 10.3999996, -48.9808311462
30.2776775, 10.3999996, -49.2691116333
31.2198715, 10.3999996, -49.5100402832
32.1620636, 10.3999996, -49.7095565796
33.1042595, 10.3999996, -49.8735580444
34.0464516, 10.3999996, -50.0078086853
34.9886436, 10.3999996, -50.1174545288
35.9308395, 10.3999996, -50.2068138123
36.8730316, 10.3999996, -50.2796211243
37.8152275, 10.3999996, -50.3390350342
38.7574196, 10.3999996, -50.3876724243
39.6996117, 10.3999996, -50.4276733398
40.6418076, 10.3999996, -50.4607543945
41.5839996, 10.3999996, -50.4882774353
42.5261917, 10.3999996, -50.5113296509
43.4683876, 10.3999996, -50.5307769775
44.4105797, 10.3999996, -50.5472984314
45.3527756, 10.3999996, -50.5614509583
46.2949677, 10.3999996, -50.5736656189
47.2371597, 10.3999996, -50.584312439
48.1793556, 10.3999996, -50.5936851501
49.1215477, 10.3999996, -50.6020278931
50.0637436, 10.3999996, -50.6095581055
51.0059357, 10.3999996, -50.6164588928
51.9481277, 10.3999996, -50.6228904724
52.8903236, 10.3999996, -50.6290092468
53.8325157, 10.3999996, -50.6349525452
54.7747078, 10.3999996, -50.6408576965
55.7169037, 10.3999996, -50.6468658447
56.6590958, 10.3999996, -50.6531181335
57.6012917, 10.3999996, -50.6597671509
58.5434837, 10.3999996, -50.666973114
59.4856758, 10.3999996, -50.6749191284
60.4278717, 10.3999996, -50.6838188171
61.3700638, 10.3999996, -50.6939048767
62.3122597, 10.3999996, -50.7054595947
63.2544518, 10.3999996, -50.7188110352
64.1966476, 10.3999996, -50.7343444824
65.1388397, 10.3999996, -50.7525291443
66.0810318, 10.3999996, -50.7739143372
67.0232239, 10.3999996, -50.7991790771
67.965416, 10.3999996, -50.8291358948
68.9076157, 10.3999996, -50.8647689819
69.8498077, 10.3999996, -50.9072875977
70.7919998, 10.3999996, -50.9581642151
71.7341919, 10.3999996, -51.0191802979
72.676384, 10.3999996, -51.0925178528
73.6185837, 10.3999996, -51.1808128357
74.5607758, 10.3999996, -51.2871856689
75.5029678, 10.3999996, -51.4155158997
76.4451599, 10.3999996, -51.570526123
77.387352, 10.3999996, -51.7577133179
78.3295517, 10.3999996, -51.9836502075
79.2717438, 10.3999996, -52.2561225891
80.2139359, 10.3999996, -52.584274292
81.1561279, 10.3999996, -52.978679657
82.09832, 10.3999996, -53.4513015747
83.0405197, 10.3999996, -54.0168228149
83.9827118, 10.3999996, -54.6928062439
84.9249039, 10.3999996, -55.4987564087
85.8670959, 10.3999996, -56.4566688538
86.809288, 10.3999996, -57.5909423828
87.7514801, 10.3999996, -58.9284477234
88.6936798, 10.3999996, -60.469379425
89.6358719, 10.3999996, -62.3312530518
90.578064, 10.3999996, -64.5011749268
91.520256, 10.3999996, -67.0005645752
92.4624481, 10.3999996, -69.8432769775
93.4046478, 10.3999996, -73.0358734131
94.3468399, 10.3999996, -76.5713043213
95.289032, 10.3999996, -80.4423370361
96.2312241, 10.3999996, -84.6432876587
97.1734161, 10.3999996, -89.1442642212
98.1156158, 10.3999996, -93.9075622559
99.0578079, 10.3999996, -98.8794174194
14.2599573, 11.1999998, -36.1968002319
15.1919136, 11.1999998, -38.0041160583
16.1238708, 11.1999998, -39.2857704163
17.0558281, 11.1999998, -40.1031570435
17.9877853, 11.1999998, -40.9634399414
18.9197426, 11.1999998, -41.8966560364
19.8516998, 11.1999998, -42.8683853149
20.7836552, 11.1999998, -43.8454322815
21.7156124, 11.1999998, -44.7999382019
22.6475697, 11.1999998, -45.7096633911
23.5795269, 11.1999998, -46.5581245422
24.5114841, 11.1999998, -47.3344116211
25.4434414, 11.1999998, -48.0326499939
26.3753986, 11.1999998, -48.6512069702
27.307354, 11.1999998, -49.1918144226
28.2393112, 11.1999998, -49.6585922241
29.1712685, 11.1999998, -50.0570030212
30.1032257, 11.1999998, -50.3937339783
31.035183, 11.1999998, -50.6751480103
31.9671402, 11.1999998, -50.9079780579
32.8990974, 11.1999998, -51.0989570618
33.8310547, 11.1999998, -51.2545471191
34.7630119, 11.1999998, -51.3808441162
35.6949692, 11.1999998, -51.4833869934
36.6269264, 11.1999998, -51.5666847229
37.5588799, 11.1999998, -51.6343917847
38.4908371, 11.1999998, -51.6895904541
39.4227943, 11.1999998, -51.734790802
40.3547516, 11.1999998, -51.7720108032
41.2867088, 11.1999998, -51.8028488159
42.2186661, 11.1999998, -51.8285713196
43.1506233, 11.1999998, -51.8501815796
44.0825806, 11.1999998, -51.868473053
45.0145378, 11.1999998, -51.8840713501
45.9464951, 11.1999998, -51.8974876404
46.8784523, 11.1999998, -51.909122467
47.8104095, 11.1999998, -51.9193153381
48.7423668, 11.1999998, -51.9283447266
49.674324, 11.1999998, -51.9364471436
50.6062813, 11.1999998, -51.9438171387
51.5382347, 11.1999998, -51.9506416321
52.470192, 11.1999998, -51.957069397
53.4021492, 11.1999998, -51.9632530212
54.3341064, 11.1999998, -51.9693374634
55.2660637, 11.1999998, -51.9754562378
56.1980209, 11.1999998, -51.981754303
57.1299782, 11.1999998, -51.9883804321
58.0619354, 11.1999998, -51.9954986572
58.9938927, 11.1999998, -52.003276825
59.9258499, 11.1999998, -52.0119247437
60.8578072, 11.1999998, -52.0216598511
61.7897644, 11.1999998, -52.032749176
62.7217216, 11.1999998, -52.0454978943
63.6536789, 11.1999998, -52.0602684021
64.5856323, 11.1999998, -52.077495575
65.5175934, 11.1999998, -52.0976905823
66.4495468, 11.1999998, -52.1214752197
67.3815079, 11.1999998, -52.149597168
68.3134613, 11.1999998, -52.1829605103
69.2454224, 11.1999998, -52.2226753235
70.1773758, 11.1999998, -52.2700805664
71.1093369, 11.1999998, -52.3268165588
72.0412903, 11.1999998, -52.3948707581
72.9732437, 11.1999998, -52.4766578674
73.9052048, 11.1999998, -52.5750770569
74.8371582, 11.1999998, -52.6935501099
75.7691193, 11.1999998, -52.8360214233
76.7010727, 11.1999998, -53.0076560974
77.6330338, 11.1999998, -53.2146492004
78.5649872, 11.1999998, -53.4641799927
79.4969482, 11.1999998, -53.7646789551
80.4289017, 11.1999998, -54.125995636
81.3608627, 11.1999998, -54.5596199036
82.2928162, 11.1999998, -55.0790405273
83.2247772, 11.1999998, -55.7001190186
84.1567307, 11.1999998, -56.4415092468
85.0886917, 11.1999998, -57.3234901428
86.0206451, 11.1999998, -58.3751411438
86.9525986, 11.1999998, -59.6233596802
87.8845596, 11.1999998, -61.0953636169
88.8165131, 11.1999998, -62.8872718811
89.7484741, 11.1999998, -65.0013046265
90.6804276, 11.1999998, -67.4582977295
91.6123886, 11.1999998, -70.2750778198
92.544342, 11.1999998, -73.4680252075
93.4763031, 11.1999998, -77.0417098999
94.4082565, 11.1999998, -80.9940795898
95.3402176, 11.1999998, -85.3410568237
96.272171, 11.1999998, -90.0677185059
97.2041321, 11.1999998, -95.1437530518
98.1360855, 11.1999998, -100.532104492
99.0680466, 11.1999998, -106.180435181
15.2017202, 12.0, -36.7020378113
16.1234417, 12.0, -38.4562721252
17.0451622, 12.0, -39.6878509521
17.9668808, 12.0, -40.6118011475
18.8886013, 12.0, -41.6520996094
19.8103218, 12.0, -42.739364624
20.7320423, 12.0, -43.8352165222
21.6537628, 12.0, -44.9090232849
22.5754833, 12.0, -45.9358139038
23.4972038, 12.0, -46.8965301514
24.4189243, 12.0, -47.778011322
25.3406448, 12.0, -48.5726470947
26.2623653, 12.0, -49.2777557373
27.1840858, 12.0, -49.89478302
28.1058064, 12.0, -50.4283256531
29.0275269, 12.0, -50.8845214844
29.9492474, 12.0, -51.2689743042
30.8709679, 12.0, -51.5894584656
31.7926884, 12.0, -51.8544158936
32.7144089, 12.0, -52.0713882446
33.6361275, 12.0, -52.247833252
34.5578499, 12.0, -52.3906440735
35.4795685, 12.0, -52.5058288574
36.4012909, 12.0, -52.5987281799
37.3230095, 12.0, -52.6738967896
38.2447319, 12.0, -52.7349243164
39.1664505, 12.0, -52.7846946716
40.0881729, 12.0, -52.8255081177
41.0098915, 12.0, -52.8591842651
41.9316139, 12.0, -52.8871574402
42.8533325, 12.0, -52.9105682373
43.7750549, 12.0, -52.9303092957
44.6967735, 12.0, -52.9470825195
45.6184959, 12.0, -52.9614562988
46.5402145, 12.0, -52.9738769531
47.461937, 12.0, -52.9847145081
48.3836555, 12.0, -52.9942741394
49.305378, 12.0, -53.0028038025
50.2270966, 12.0, -53.0105209351
51.148819, 12.0, -53.0176124573
52.0705376, 12.0, -53.0242424011
52.9922562, 12.0, -53.0305633545
53.9139786, 12.0, -53.0367240906
54.8356972, 12.0, -53.0428543091
55.7574196, 12.0, -53.0490989685
56.6791382, 12.0, -53.0556030273
57.6008606, 12.0, -53.0625190735
58.5225792, 12.0, -53.0700187683
59.4443016, 12.0, -53.0782814026
60.3660202, 12.0, -53.0875205994
61.2877426, 12.0, -53.097984314
62.2094612, 12.0, -53.1099510193
63.1311836, 12.0, -53.123752594
64.0529022, 12.0, -53.1397857666
64.9746246, 12.0, -53.1585159302
65.896347, 12.0, -53.1805076599
66.8180618, 12.0, -53.2064323425
67.7397842, 12.0, -53.2371063232
68.6615067, 12.0, -53.273525238
69.5832291, 12.0, -53.3168907166
70.5049438, 12.0, -53.3686714172
71.4266663, 12.0, -53.4306526184
72.3483887, 12.0, -53.5050086975
73.2701111, 12.0, -53.5943565369
74.1918259, 12.0, -53.7018508911
75.1135483, 12.0, -53.8312416077
76.0352707, 12.0, -53.9870834351
76.9569855, 12.0, -54.1748695374
77.8787079, 12.0, -54.4011421204
78.8004303, 12.0, -54.6735877991
79.7221527, 12.0, -55.0011978149
80.6438675, 12.0, -55.3944740295
81.5655899, 12.0, -55.8656845093
82.4873123, 12.0, -56.4290924072
83.4090347, 12.0, -57.1015815735
84.3307495, 12.0, -57.9015769958
85.2524719, 12.0, -58.856842041
86.1741943, 12.0, -59.9704589844
87.0959167, 12.0, -61.3741188049
88.0176315, 12.0, -63.0701217651
88.9393539, 12.0, -65.086807251
89.8610764, 12.0, -67.4502258301
90.7827988, 12.0, -70.1828994751
91.7045135, 12.0, -73.3073120117
92.626236, 12.0, -76.840927124
93.5479584, 12.0, -80.7846679688
94.4696808, 12.0, -85.1746749878
95.3913956, 12.0, -90.0122146606
96.313118, 12.0, -95.2863922119
97.2348404, 12.0, -100.97504425
98.1565628, 12.0, -107.041397095
99.0782776, 12.0, -113.408508301
16.1434841, 12.8000002, -37.1815605164
17.0549679, 12.8000002, -38.8860359192
17.9664516, 12.8000002, -40.0307884216
18.8779354, 12.8000002, -41.1890792847
19.7894192, 12.8000002, -42.3836288452
20.7009029, 12.8000002, -43.5902099609
21.6123867, 12.8000002, -44.7775802612
22.5238705, 12.8000002, -45.9177398682
23.4353542, 12.8000002, -46.9885292053
24.346838, 12.8000002, -47.9739990234
25.2583218, 12.8000002, -48.8642997742
26.1698055, 12.8000002, -49.6552658081
27.0812912, 12.8000002, -50.3476600647
27.992775, 12.8000002, -50.9466133118
28.9042587, 12.8000002, -51.45753479
29.8157425, 12.8000002, -51.8883247375
30.7272263, 12.8000002, -52.2472801208
31.63871, 12.8000002, -52.5421981812
32.5501938, 12.8000002, -52.78282547
33.4616776, 12.8000002, -52.9780769348
34.3731613, 12.8000002, -53.1358184814
35.2846451, 12.8000002, -53.2629127502
36.1961288, 12.8000002, -53.3652420044
37.1076126, 12.8000002, -53.4477615356
38.0190964, 12.8000002, -53.5145149231
38.9305801, 12.8000002, -53.5687446594
39.8420639, 12.8000002, -53.6130371094
40.7535477, 12.8000002, -53.6494407654
41.6650314, 12.8000002, -53.679561615
42.5765152, 12.8000002, -53.7046775818
43.487999, 12.8000002, -53.7257728577
44.3994827, 12.8000002, -53.7436408997
45.3109665, 12.8000002, -53.7588996887
46.2224503, 12.8000002, -53.7720413208
47.133934, 12.8000002, -53.7834663391
48.0454178, 12.8000002, -53.7935028076
48.9569016, 12.8000002, -53.8024177551
49.8683853, 12.8000002, -53.8104438782
50.7798691, 12.8000002, -53.8177680969
51.6913567, 12.8000002, -53.8245735168
52.6028404, 12.8000002, -53.8310089111
53.5143242, 12.8000002, -53.8372192383
54.425808, 12.8000002, -53.8433418274
55.3372917, 12.8000002, -53.8495178223
56.2487755, 12.8000002, -53.855884552
57.1602592, 12.8000002, -53.8625907898
58.071743, 12.8000002, -53.8697967529
58.9832268, 12.8000002, -53.8776702881
59.8947105, 12.8000002, -53.8864135742
60.8061943, 12.8000002, -53.8962516785
61.7176781, 12.8000002, -53.9074401855
62.6291618, 12.8000002, -53.9202842712
63.5406456, 12.8000002, -53.9351425171
64.4521255, 12.8000002, -53.9524383545
65.3636093, 12.8000002, -53.9726715088
66.2750931, 12.8000002, -53.9964561462
67.1865768, 12.8000002, -54.024520874
68.0980682, 12.8000002, -54.0577468872
69.009552, 12.8000002, -54.0972175598
69.9210358, 12.8000002, -54.1442298889
70.8325195, 12.8000002, -54.2003822327
71.7440033, 12.8000002, -54.2676124573
72.6554871, 12.8000002, -54.3482666016
73.5669708, 12.8000002, -54.4451828003
74.4784546, 12.8000002, -54.5617790222
75.3899384, 12.8000002, -54.7021560669
76.3014221, 12.8000002, -54.8712425232
77.2129059, 12.8000002, -55.0749053955
78.1243896, 12.8000002, -55.320098877
79.0358734, 12.8000002, -55.6149673462
79.9473572, 12.8000002, -55.9690132141
80.8588409, 12.8000002, -56.3932571411
81.7703247, 12.8000002, -56.9004135132
82.6818085, 12.8000002, -57.5052490234
83.5932922, 12.8000002, -58.2237892151
84.504776, 12.8000002, -59.0806770325
85.4162598, 12.8000002, -60.0746841431
86.3277435, 12.8000002, -61.3578453064
87.2392273, 12.8000002, -62.9313964844
88.1507111, 12.8000002, -64.821434021
89.0621948, 12.8000002, -67.0518722534
89.9736786, 12.8000002, -69.6504135132
90.8851624, 12.8000002, -72.6444396973
91.7966461, 12.8000002, -76.0628051758
92.7081299, 12.8000002, -79.9173049927
93.6196136, 12.8000002, -84.2473754883
94.5310974, 12.8000002, -89.0774078369
95.4425812, 12.8000002, -94.4135284424
96.3540649, 12.8000002, -100.264450073
97.2655487, 12.8000002, -106.609741211
98.1770325, 12.8000002, -113.394859314
99.0885162, 12.8000002, -120.555381775
17.085247, 13.6000004, -37.6433105469
17.9864941, 13.6000004, -39.3093032837
18.8877411, 13.6000004, -40.5339431763
19.78899, 13.6000004, -41.8122329712
20.690237, 13.6000004, -43.1186447144
21.5914841, 13.6000004, -44.4131011963
22.4927311, 13.6000004, -45.6624526978
23.3939781, 13.6000004, -46.840801239
24.2952251, 13.6000004, -47.9288215637
25.1964722, 13.6000004, -48.9137802124
26.0977211, 13.6000004, -49.7894477844
26.9989681, 13.6000004, -50.5555152893
27.9002151, 13.6000004, -51.2166099548
28.8014622, 13.6000004, -51.7799682617
29.7027092, 13.6000004, -52.2544670105
30.6039562, 13.6000004, -52.6482505798
31.5052052, 13.6000004, -52.9718208313
32.4064522, 13.6000004, -53.2355651855
33.3076973, 13.6000004, -53.4492340088
34.2089462, 13.6000004, -53.6215705872
35.1101952, 13.6000004, -53.7601852417
36.0114403, 13.6000004, -53.8715705872
36.9126892, 13.6000004, -53.9611625671
37.8139343, 13.6000004, -54.0334091187
38.7151833, 13.6000004, -54.0919036865
39.6164284, 13.6000004, -54.1395072937
40.5176773, 13.6000004, -54.1784934998
41.4189262, 13.6000004, -54.2106399536
42.3201714, 13.6000004, -54.2373466492
43.2214203, 13.6000004, -54.2597045898
44.1226654, 13.6000004, -54.2785758972
45.0239143, 13.6000004, -54.2946434021
45.9251595, 13.6000004, -54.3084373474
46.8264084, 13.6000004, -54.3203926086
47.7276573, 13.6000004, -54.3308525085
48.6289024, 13.6000004, -54.3401107788
49.5301514, 13.6000004, -54.3484077454
50.4313965, 13.6000004, -54.3559379578
51.3326454, 13.6000004, -54.3628883362
52.2338943, 13.6000004, -54.3694114685
53.1351395, 13.6000004, -54.3756599426
54.0363884, 13.6000004, -54.3817634583
54.9376335, 13.6000004, -54.3878593445
55.8388824, 13.6000004, -54.3940811157
56.7401276, 13.6000004, -54.4005775452
57.6413765, 13.6000004, -54.4074897766
58.5426254, 13.6000004, -54.414981842
59.4438705, 13.6000004, -54.4232444763
60.3451195, 13.6000004, -54.432472229
61.2463646, 13.6000004, -54.4429092407
62.1476135, 13.6000004, -54.4548339844
63.0488586, 13.6000004, -54.4685592651
63.9501076, 13.6000004, -54.4844779968
64.8513565, 13.6000004, -54.5030403137
65.7526016, 13.6000004, -54.5247840881
66.6538467, 13.6000004, -54.5503692627
67.5550995, 13.6000004, -54.5805778503
68.4563446, 13.6000004, -54.6163635254
69.3575897, 13.6000004, -54.6588859558
70.2588425, 13.6000004, -54.7095603943
71.1600876, 13.6000004, -54.7700996399
72.0613327, 13.6000004, -54.842590332
72.9625778, 13.6000004, -54.9295654297
73.8638306, 13.6000004, -55.0340843201
74.7650757, 13.6000004, -55.1598243713
75.6663208, 13.6000004, -55.3111953735
76.5675735, 13.6000004, -55.4934768677
77.4688187, 13.6000004, -55.7129135132
78.3700638, 13.6000004, -55.9768676758
79.2713089, 13.6000004, -56.2939414978
80.1725616, 13.6000004, -56.6741065979
81.0738068, 13.6000004, -57.1287574768
81.9750519, 13.6000004, -57.6708106995
82.8763046, 13.6000004, -58.3146858215
83.7775497, 13.6000004, -59.0787773132
84.6787949, 13.6000004, -59.9612617493
85.58004, 13.6000004, -61.1024703979
86.4812927, 13.6000004, -62.5291862488
87.3825378, 13.6000004, -64.2646789551
88.283783, 13.6000004, -66.3320388794
89.1850357, 13.6000004, -68.758430481
90.0862808, 13.6000004, -71.5731582642
90.9875259, 13.6000004, -74.8129959106
91.8887711, 13.6000004, -78.5059890747
92.7900238, 13.6000004, -82.6789169312
93.6912689, 13.6000004, -87.3903808594
94.592514, 13.6000004, -92.6525802612
95.4937668, 13.6000004, -98.5078811646
96.3950119, 13.6000004, -104.957260132
97.296257, 13.6000004, -111.993423462
98.1975021, 13.6000004, -119.565216064
99.0987549, 13.6000004, -127.604629517
18.02701, 14.3999996, -38.0848121643
18.9180222, 14.3999996, -39.7000083923
19.8090324, 14.3999996, -41.0308227539
20.7000427, 14.3999996, -42.430557251
21.591053, 14.3999996, -43.8267440796
22.4820652, 14.3999996, -45.1809959412
23.3730755, 14.3999996, -46.464225769
24.2640858, 14.3999996, -47.6533203125
25.1550961, 14.3999996, -48.7319030762
26.0461082, 14.3999996, -49.6910209656
26.9371185, 14.3999996, -50.5288658142
27.8281288, 14.3999996, -51.2492904663
28.7191391, 14.3999996, -51.8616676331
29.6101513, 14.3999996, -52.3760452271
30.5011616, 14.3999996, -52.8027954102
31.3921719, 14.3999996, -53.1532440186
32.2831841, 14.3999996, -53.438659668
33.1741943, 14.3999996, -53.6696166992
34.0652046, 14.3999996, -53.855632782
34.9562149, 14.3999996, -54.0050163269
35.8472252, 14.3999996, -54.1248397827
36.7382355, 14.3999996, -54.2210083008
37.6292458, 14.3999996, -54.2983627319
38.5202599, 14.3999996, -54.3608169556
39.4112701, 14.3999996, -54.411491394
40.3022804, 14.3999996, -54.4528617859
41.1932907, 14.3999996, -54.4868659973
42.084301, 14.3999996, -54.5150260925
42.9753113, 14.3999996, -54.5385322571
43.8663216, 14.3999996, -54.5583152771
44.7573318, 14.3999996, -54.5751075745
45.6483459, 14.3999996, -54.5894851685
46.5393562, 14.3999996, -54.6019096375
47.4303665, 14.3999996, -54.6127471924
48.3213768, 14.3999996, -54.6223068237
49.2123871, 14.3999996, -54.6308326721
50.1033974, 14.3999996, -54.6385421753
50.9944077, 14.3999996, -54.6456108093
51.8854179, 14.3999996, -54.6522064209
52.7764282, 14.3999996, -54.6584739685
53.6674423, 14.3999996, -54.6645469666
54.5584526, 14.3999996, -54.6705589294
55.4494629, 14.3999996, -54.6766395569
56.3404732, 14.3999996, -54.682926178
57.2314835, 14.3999996, -54.6895561218
58.1224937, 14.3999996, -54.696685791
59.013504, 14.3999996, -54.7044830322
59.9045143, 14.3999996, -54.7131347656
60.7955284, 14.3999996, -54.7228622437
61.6865387, 14.3999996, -54.7339096069
62.577549, 14.3999996, -54.7465744019
63.4685593, 14.3999996, -54.7611999512
64.3595734, 14.3999996, -54.7781867981
65.2505798, 14.3999996, -54.7980270386
66.1415939, 14.3999996, -54.8212928772
67.0326004, 14.3999996, -54.8486862183
67.9236145, 14.3999996, -54.8810539246
68.814621, 14.3999996, -54.9194107056
69.7056351, 14.3999996, -54.9650115967
70.5966415, 14.3999996, -55.0193634033
71.4876556, 14.3999996, -55.084312439
72.3786697, 14.3999996, -55.1621017456
73.2696762, 14.3999996, -55.2554397583
74.1606903, 14.3999996, -55.367603302
75.0516968, 14.3999996, -55.5025253296
75.9427109, 14.3999996, -55.6649284363
76.8337173, 14.3999996, -55.8604125977
77.7247314, 14.3999996, -56.0956230164
78.6157455, 14.3999996, -56.3783569336
79.506752, 14.3999996, -56.7176856995
80.3977661, 14.3999996, -57.1240463257
81.2887726, 14.3999996, -57.6092300415
82.1797867, 14.3999996, -58.1861915588
83.0707932, 14.3999996, -58.8686218262
83.9618073, 14.3999996, -59.6696548462
84.8528137, 14.3999996, -60.6456375122
85.7438278, 14.3999996, -61.9102630615
86.6348419, 14.3999996, -63.471282959
87.5258484, 14.3999996, -65.3522796631
88.4168625, 14.3999996, -67.5794067383
89.307869, 14.3999996, -70.1822433472
90.1988831, 14.3999996, -73.1925582886
91.0898895, 14.3999996, -76.6552276611
91.9809036, 14.3999996, -80.6014633179
92.8719177, 14.3999996, -85.0932922363
93.7629242, 14.3999996, -90.1654663086
94.6539383, 14.3999996, -95.8602981567
95.5449448, 14.3999996, -102.228111267
96.4359589, 14.3999996, -109.308059692
97.3269653, 14.3999996, -117.075141907
98.2179794, 14.3999996, -125.506599426
99.1089859, 14.3999996, -134.53112793
18.9687748, 15.1999998, -38.4986419678
19.8495483, 15.1999998, -40.0295372009
20.7303219, 15.1999998, -41.5398139954
21.6110973, 15.1999998, -43.0340270996
22.4918709, 15.1999998, -44.4881668091
23.3726444, 15.1999998, -45.8734436035
24.2534199, 15.1999998, -47.162311554
25.1341934, 15.1999998, -48.3335723877
26.014967, 15.1999998, -49.374835968
26.8957424, 15.1999998, -50.2824325562
27.776516, 15.1999998, -51.0595588684
28.6572895, 15.1999998, -51.7172622681
29.538065, 15.1999998, -52.267578125
30.4188385, 15.1999998, -52.7238845825
31.299612, 15.1999998, -53.0983123779
32.1803856, 15.1999998, -53.4029846191
33.061161, 15.1999998, -53.6492805481
33.9419365, 15.1999998, -53.8474311829
34.8227081, 15.1999998, -54.0063591003
35.7034836, 15.1999998, -54.1336555481
36.584259, 15.1999998, -54.2356491089
37.4650307, 15.1999998, -54.3175315857
38.3458061, 15.1999998, -54.3834915161
39.2265816, 15.1999998, -54.4368896484
40.1073532, 15.1999998, -54.4803657532
40.9881287, 15.1999998, -54.5160140991
41.8689041, 15.1999998, -54.5454597473
42.7496758, 15.1999998, -54.5699729919
43.6304512, 15.1999998, -54.5905570984
44.5112267, 15.1999998, -54.6079826355
45.3919983, 15.1999998, -54.6228637695
46.2727737, 15.1999998, -54.6356925964
47.1535492, 15.1999998, -54.6468505859
48.0343208, 15.1999998, -54.656665802
48.9150963, 15.1999998, -54.6653862
49.7958717, 15.1999998, -54.6732406616
50.6766434, 15.1999998, -54.6804084778
51.5574188, 15.1999998, -54.6870574951
52.4381943, 15.1999998, -54.6933288574
53.3189659, 15.1999998, -54.6993637085
54.1997414, 15.1999998, -54.7052879333
55.0805168, 15.1999998, -54.711227417
55.9612885, 15.1999998, -54.7173118591
56.8420639, 15.1999998, -54.7236747742
57.7228394, 15.1999998, -54.7304573059
58.6036148, 15.1999998, -54.7378196716
59.4843864, 15.1999998, -54.7459335327
60.3651619, 15.1999998, -54.7549934387
61.2459373, 15.1999998, -54.7652282715
62.126709, 15.1999998, -54.7769050598
63.0074844, 15.1999998, -54.7903251648
63.8882599, 15.1999998, -54.8058547974
64.7690353, 15.1999998, -54.823928833
65.6498032, 15.1999998, -54.8450546265
66.5305786, 15.1999998, -54.8698539734
67.4113541, 15.1999998, -54.8990707397
68.2921295, 15.1999998, -54.9336051941
69.172905, 15.1999998, -54.9745521545
70.0536804, 15.1999998, -55.0232391357
70.9344482, 15.1999998, -55.0812911987
71.8152237, 15.1999998, -55.1506729126
72.6959991, 15.1999998, -55.2337760925
73.5767746, 15.1999998, -55.3334960938
74.45755, 15.1999998, -55.4533233643
75.3383255, 15.1999998, -55.597442627
76.2190933, 15.1999998, -55.7708702087
77.0998688, 15.1999998, -55.9795570374
77.9806442, 15.1999998, -56.2305526733
78.8614197, 15.1999998, -56.5321159363
79.7421951, 15.1999998, -56.893863678
80.6229706, 15.1999998, -57.3268127441
81.5037384, 15.1999998, -57.8433265686
82.3845139, 15.1999998, -58.4567375183
83.2652893, 15.1999998, -59.1800994873
84.1460648, 15.1999998, -60.0181884766
85.0268402, 15.1999998, -61.1133613586
85.9076157, 15.1999998, -62.4866333008
86.7883835, 15.1999998, -64.1655578613
87.6691589, 15.1999998, -66.1745376587
88.5499344, 15.1999998, -68.5413742065
89.4307098, 15.1999998, -71.2973632812
90.3114853, 15.1999998, -74.4820098877
91.1922607, 15.1999998, -78.1441955566
92.0730286, 15.1999998, -82.3305130005
92.953804, 15.1999998, -87.1069641113
93.8345795, 15.1999998, -92.5124130249
94.7153549, 15.1999998, -98.6321105957
95.5961304, 15.1999998, -105.51713562
96.4769058, 15.1999998, -113.225143433
97.3576736, 15.1999998, -121.777145386
98.2384491, 15.1999998, -131.161697388
99.1192245, 15.1999998, -141.286880493
19.9105377, 16.0, -38.9092254639
20.7810745, 16.0, -40.4840202332
21.6516132, 16.0, -42.0569190979
22.52215, 16.0, -43.6018295288
23.3926888, 16.0, -45.0861930847
24.2632256, 16.0, -46.4741897583
25.1337643, 16.0, -47.7373428345
26.0043011, 16.0, -48.8589363098
26.8748379, 16.0, -49.8337554932
27.7453766, 16.0, -50.6655769348
28.6159134, 16.0, -51.3640098572
29.4864521, 16.0, -51.9453010559
30.3569889, 16.0, -52.4262771606
31.2275276, 16.0, -52.8204574585
32.0980644, 16.0, -53.1408843994
32.9686012, 16.0, -53.3996925354
33.839138, 16.0, -53.6077461243
34.7096786, 16.0, -53.774471283
35.5802155, 16.0, -53.9078788757
36.4507523, 16.0, -54.0146446228
37.3212891, 16.0, -54.1002388
38.1918297, 16.0, -54.1690864563
39.0623665, 16.0, -54.2247200012
39.9329033, 16.0, -54.2699394226
40.8034401, 16.0, -54.3069419861
41.6739769, 16.0, -54.3374519348
42.5445175, 16.0, -54.3628005981
43.4150543, 16.0, -54.3840408325
44.2855911, 16.0, -54.4019851685
45.1561279, 16.0, -54.4172821045
46.0266685, 16.0, -54.4304389954
46.8972054, 16.0, -54.441860199
47.7677422, 16.0, -54.451877594
48.638279, 16.0, -54.4607543945
49.5088158, 16.0, -54.4687194824
50.3793564, 16.0, -54.4759559631
51.2498932, 16.0, -54.482635498
52.12043, 16.0, -54.488899231
52.9909668, 16.0, -54.494884491
53.8615036, 16.0, -54.5007171631
54.7320442, 16.0, -54.5065155029
55.602581, 16.0, -54.5124053955
56.4731178, 16.0, -54.5185127258
57.3436546, 16.0, -54.5249710083
58.2141953, 16.0, -54.5319252014
59.0847321, 16.0, -54.5395317078
59.9552689, 16.0, -54.5479736328
60.8258057, 16.0, -54.5574569702
61.6963425, 16.0, -54.5682144165
62.5668831, 16.0, -54.5805244446
63.4374199, 16.0, -54.5947113037
64.3079605, 16.0, -54.6111564636
65.1784973, 16.0, -54.630317688
66.0490341, 16.0, -54.6527366638
66.9195709, 16.0, -54.679069519
67.7901077, 16.0, -54.7101097107
68.6606445, 16.0, -54.7468109131
69.5311813, 16.0, -54.7903366089
70.4017181, 16.0, -54.8421058655
71.2722549, 16.0, -54.9038391113
72.1427994, 16.0, -54.9776306152
73.0133362, 16.0, -55.0660171509
73.883873, 16.0, -55.1720695496
74.7544098, 16.0, -55.2994804382
75.6249466, 16.0, -55.4526939392
76.4954834, 16.0, -55.637008667
77.3660202, 16.0, -55.8587341309
78.236557, 16.0, -56.1253395081
79.1070938, 16.0, -56.445602417
79.9776306, 16.0, -56.8297576904
80.848175, 16.0, -57.2896080017
81.7187119, 16.0, -57.838470459
82.5892487, 16.0, -58.4909248352
83.4597855, 16.0, -59.261390686
84.3303223, 16.0, -60.1689529419
85.2008591, 16.0, -61.348575592
86.0713959, 16.0, -62.8159179688
86.9419327, 16.0, -64.5947952271
87.8124695, 16.0, -66.7123184204
88.6830139, 16.0, -69.1969680786
89.5535507, 16.0, -72.0802154541
90.4240875, 16.0, -75.4103469849
91.2946243, 16.0, -79.2503128052
92.1651611, 16.0, -83.6504821777
93.0356979, 16.0, -88.6747436523
93.9062347, 16.0, -94.3781585693
94.7767715, 16.0, -100.881187439
95.6473083, 16.0, -108.276237488
96.5178528, 16.0, -116.618759155
97.3883896, 16.0, -125.992004395
98.2589264, 16.0, -136.424804688
99.1294632, 16.0, -147.820327759
20.8523006, 16.7999992, -39.2896995544
21.7126026, 16.7999992, -40.9137458801
22.5729027, 16.7999992, -42.5391654968
23.4332047, 16.7999992, -44.1222267151
24.2935047, 16.7999992, -45.6109237671
25.1538067, 16.7999992, -46.9655036926
26.0141068, 16.7999992, -48.1643447876
26.8744087, 16.7999992, -49.2016716003
27.7347088, 16.7999992, -50.0827522278
28.5950108, 16.7999992, -50.8194656372
29.4553127, 16.7999992, -51.4273872375
30.3156128, 16.7999992, -51.9260940552
31.1759148, 16.7999992, -52.3343353271
32.0362167, 16.7999992, -52.6658477783
32.8965149, 16.7999992, -52.9334564209
33.7568169, 16.7999992, -53.1484832764
34.6171188, 16.7999992, -53.3207168579
35.4774208, 16.7999992, -53.4584579468
36.337719, 16.7999992, -53.5686225891
37.1980209, 16.7999992, -53.6568717957
38.0583229, 16.7999992, -53.7277908325
38.9186249, 16.7999992, -53.7850418091
39.778923, 16.7999992, -53.8315238953
40.639225, 16.7999992, -53.8695144653
41.499527, 16.7999992, -53.9008026123
42.3598289, 16.7999992, -53.9267692566
43.2201309, 16.7999992, -53.9484939575
44.0804291, 16.7999992, -53.9668235779
44.940731, 16.7999992, -53.9824256897
45.801033, 16.7999992, -53.9958190918
46.661335, 16.7999992, -54.0074272156
47.5216331, 16.7999992, -54.0175857544
48.3819351, 16.7999992, -54.0265655518
49.2422371, 16.7999992, -54.0345993042
50.1025391, 16.7999992, -54.0418739319
50.9628372, 16.7999992, -54.0485572815
51.8231392, 16.7999992, -54.0547943115
52.6834412, 16.7999992, -54.0607185364
53.5437431, 16.7999992, -54.0664482117
54.4040413, 16.7999992, -54.0721054077
55.2643433, 16.7999992, -54.0778045654
56.1246452, 16.7999992, -54.0836639404
56.9849472, 16.7999992, -54.0898132324
57.8452492, 16.7999992, -54.0963821411
58.7055473, 16.7999992, -54.103515625
59.5658493, 16.7999992, -54.1113815308
60.4261513, 16.7999992, -54.1201629639
61.2864532, 16.7999992, -54.1300697327
62.1467514, 16.7999992, -54.1413574219
63.0070534, 16.7999992, -54.1543045044
63.8673553, 16.7999992, -54.169254303
64.7276535, 16.7999992, -54.1866111755
65.5879593, 16.7999992, -54.2068481445
66.4482574, 16.7999992, -54.2305488586
67.3085556, 16.7999992, -54.2583961487
68.1688614, 16.7999992, -54.291229248
69.0291595, 16.7999992, -54.3300590515
69.8894653, 16.7999992, -54.376121521
70.7497635, 16.7999992, -54.4309082031
71.6100616, 16.7999992, -54.4962425232
72.4703674, 16.7999992, -54.5743370056
73.3306656, 16.7999992, -54.6678581238
74.1909714, 16.7999992, -54.7800445557
75.0512695, 16.7999992, -54.9147872925
75.9115677, 16.7999992, -55.0767631531
76.7718735, 16.7999992, -55.2715530396
77.6321716, 16.7999992, -55.5058135986
78.4924698, 16.7999992, -55.787437439
79.3527756, 16.7999992, -56.125743866
80.2130737, 16.7999992, -56.5316696167
81.0733795, 16.7999992, -57.0179672241
81.9336777, 16.7999992, -57.5993347168
82.7939758, 16.7999992, -58.2924995422
83.6542816, 16.7999992, -59.1171112061
84.5145798, 16.7999992, -60.0894470215
85.3748779, 16.7999992, -61.3411941528
86.2351837, 16.7999992, -62.8820266724
87.0954819, 16.7999992, -64.7419509888
87.9557877, 16.7999992, -66.9476242065
88.8160858, 16.7999992, -69.5270996094
89.676384, 16.7999992, -72.5112991333
90.5366898, 16.7999992, -75.9547348022
91.3969879, 16.7999992, -79.9344558716
92.2572937, 16.7999992, -84.5161514282
93.1175919, 16.7999992, -89.7462768555
93.97789, 16.7999992, -95.7042999268
94.8381958, 16.7999992, -102.538948059
95.698494, 16.7999992, -110.388648987
96.5587921, 16.7999992, -119.351051331
97.4190979, 16.7999992, -129.575332642
98.2793961, 16.7999992, -141.151824951
99.1397018, 16.7999992, -154.045562744
21.7940636, 17.6000004, -39.6229438782
22.6441288, 17.6000004, -41.3130264282
23.494194, 17.6000004, -43.0031814575
24.3442574, 17.6000004, -44.5992660522
25.1943226, 17.6000004, -46.0449409485
26.0443878, 17.6000004, -47.3151359558
26.8944511, 17.6000004, -48.4064064026
27.7445164, 17.6000004, -49.3278808594
28.5945797, 17.6000004, -50.0950660706
29.4446449, 17.6000004, -50.7262039185
30.2947102, 17.6000004, -51.2397651672
31.1447735, 17.6000004, -51.6553688049
31.9948387, 17.6000004, -51.9921684265
32.844902, 17.6000004, -52.2640533447
33.6949692, 17.6000004, -52.4824905396
34.5450325, 17.6000004, -52.6574668884
35.3950958, 17.6000004, -52.79737854
36.245163, 17.6000004, -52.9092597961
37.0952263, 17.6000004, -52.9988670349
37.9452896, 17.6000004, -53.0708580017
38.7953529, 17.6000004, -53.1289520264
39.6454201, 17.6000004, -53.1761016846
40.4954834, 17.6000004, -53.2146263123
41.3455467, 17.6000004, -53.2463493347
42.1956139, 17.6000004, -53.2726669312
43.0456772, 17.6000004, -53.294670105
43.8957405, 17.6000004, -53.3132209778
44.7458076, 17.6000004, -53.3289909363
45.595871, 17.6000004, -53.3425140381
46.4459343, 17.6000004, -53.3542175293
47.2960014, 17.6000004, -53.3644447327
48.1460648, 17.6000004, -53.3734703064
48.9961281, 17.6000004, -53.3815231323
49.8461952, 17.6000004, -53.3887939453
50.6962585, 17.6000004, -53.395450592
51.5463219, 17.6000004, -53.4016342163
52.3963852, 17.6000004, -53.4074745178
53.2464523, 17.6000004, -53.4130897522
54.0965157, 17.6000004, -53.4185943604
54.946579, 17.6000004, -53.4240989685
55.7966461, 17.6000004, -53.4297180176
56.6467094, 17.6000004, -53.4355697632
57.4967728, 17.6000004, -53.4417686462
58.3468399, 17.6000004, -53.4484558105
59.1969032, 17.6000004, -53.4557800293
60.0469666, 17.6000004, -53.4639091492
60.8970337, 17.6000004, -53.4730300903
61.747097, 17.6000004, -53.4833641052
62.5971603, 17.6000004, -53.4951667786
63.4472275, 17.6000004, -53.5087394714
64.297287, 17.6000004, -53.5244369507
65.1473541, 17.6000004, -53.5426750183
65.9974213, 17.6000004, -53.5639610291
66.8474808, 17.6000004, -53.5888938904
67.6975479, 17.6000004, -53.6182022095
68.5476151, 17.6000004, -53.652759552
69.3976746, 17.6000004, -53.6936302185
70.2477417, 17.6000004, -53.7421112061
71.0978088, 17.6000004, -53.7997741699
71.9478683, 17.6000004, -53.8685264587
72.7979355, 17.6000004, -53.9506759644
73.6480026, 17.6000004, -54.0490188599
74.4980621, 17.6000004, -54.1669273376
75.3481293, 17.6000004, -54.3084716797
76.1981964, 17.6000004, -54.4785423279
77.0482559, 17.6000004, -54.6829833984
77.8983231, 17.6000004, -54.9287567139
78.7483902, 17.6000004, -55.2241325378
79.5984497, 17.6000004, -55.5789413452
80.4485168, 17.6000004, -56.0048370361
81.298584, 17.6000004, -56.5155639648
82.1486435, 17.6000004, -57.1273422241
82.9987106, 17.6000004, -57.8594818115
83.8487778, 17.6000004, -58.7346305847
84.6988373, 17.6000004, -59.7802734375
85.5489044, 17.6000004, -61.0728797913
86.3989639, 17.6000004, -62.6686172485
87.2490311, 17.6000004, -64.5907516479
88.0990982, 17.6000004, -66.8638458252
88.9491577, 17.6000004, -69.5152435303
89.7992249, 17.6000004, -72.574005127
90.649292, 17.6000004, -76.0970230103
91.4993515, 17.6000004, -80.1778259277
92.3494186, 17.6000004, -84.8877868652
93.1994858, 17.6000004, -90.2700119019
94.0495453, 17.6000004, -96.4207458496
94.8996124, 17.6000004, -103.5157547
95.7496796, 17.6000004, -111.7317276
96.5997391, 17.6000004, -121.238555908
97.4498062, 17.6000004, -132.294448853
98.2998734, 17.6000004, -145.113006592
99.1499329, 17.6000004, -159.776000977
22.7358284, 18.3999996, -39.9196968079
23.575655, 18.3999996, -41.7554359436
24.4154835, 18.3999996, -43.4748153687
25.255312, 18.3999996, -45.0090560913
26.0951405, 18.3999996, -46.3385734558
26.934967, 18.3999996, -47.4689559937
27.7747955, 18.3999996, -48.4166564941
28.614624, 18.3999996, -49.202129364
29.4544525, 18.3999996, -49.8466911316
30.2942791, 18.3999996, -50.370929718
31.1341076, 18.3999996, -50.7942504883
31.9739361, 18.3999996, -51.1338233948
32.8137627, 18.3999996, -51.4056243896
33.6535912, 18.3999996, -51.6234436035
34.4934196, 18.3999996, -51.7980422974
35.3332481, 18.3999996, -51.9376525879
36.1730766, 18.3999996, -52.0493049622
37.0129051, 18.3999996, -52.138759613
37.8527298, 18.3999996, -52.2106552124
38.6925583, 18.3999996, -52.2686920166
39.5323868, 18.3999996, -52.3157997131
40.3722153, 18.3999996, -52.3543205261
41.2120438, 18.3999996, -52.3860816956
42.0518723, 18.3999996, -52.4124450684
42.8917007, 18.3999996, -52.4344940186
43.7315254, 18.3999996, -52.4530677795
44.5713539, 18.3999996, -52.4688529968
45.4111824, 18.3999996, -52.4823799133
46.2510109, 18.3999996, -52.4940757751
47.0908394, 18.3999996, -52.504283905
47.9306679, 18.3999996, -52.5132827759
48.7704964, 18.3999996, -52.5212936401
49.610321, 18.3999996, -52.5285148621
50.4501495, 18.3999996, -52.5351028442
51.289978, 18.3999996, -52.5411987305
52.1298065, 18.3999996, -52.5469284058
52.969635, 18.3999996, -52.5524101257
53.8094635, 18.3999996, -52.5577545166
54.649292, 18.3999996, -52.5630569458
55.4891167, 18.3999996, -52.5684356689
56.3289452, 18.3999996, -52.5739898682
57.1687737, 18.3999996, -52.5798339844
58.0086021, 18.3999996, -52.5860977173
58.8484306, 18.3999996, -52.5929069519
59.6882591, 18.3999996, -52.6004180908
60.5280876, 18.3999996, -52.6088027954
61.3679123, 18.3999996, -52.6182518005
62.2077408, 18.3999996, -52.6289901733
63.0475693, 18.3999996, -52.641292572
63.8873978, 18.3999996, -52.6554603577
64.7272263, 18.3999996, -52.6718597412
65.5670547, 18.3999996, -52.6909370422
66.4068832, 18.3999996, -52.7132034302
67.2467117, 18.3999996, -52.7392959595
68.0865402, 18.3999996, -52.7699623108
68.9263687, 18.3999996, -52.8061180115
69.7661972, 18.3999996, -52.8488731384
70.6060181, 18.3999996, -52.8995742798
71.4458466, 18.3999996, -52.9598579407
72.285675, 18.3999996, -53.0317001343
73.1255035, 18.3999996, -53.1174888611
73.965332, 18.3999996, -53.2201080322
74.8051605, 18.3999996, -53.3430480957
75.644989, 18.3999996, -53.4905166626
76.4848175, 18.3999996, -53.6675987244
77.324646, 18.3999996, -53.880355835
78.1644745, 18.3999996, -54.1359405518
79.004303, 18.3999996, -54.4429168701
79.8441315, 18.3999996, -54.8115272522
80.68396, 18.3999996, -55.2539978027
81.5237885, 18.3999996, -55.7849197388
82.3636093, 18.3999996, -56.4217643738
83.2034378, 18.3999996, -57.1856040955
84.0432663, 18.3999996, -58.1022529602
84.8830948, 18.3999996, -59.2084732056
85.7229233, 18.3999996, -60.5243034363
86.5627518, 18.3999996, -62.1611862183
87.4025803, 18.3999996, -64.125038147
88.2424088, 18.3999996, -66.4463272095
89.0822372, 18.3999996, -69.1479949951
89.9220657, 18.3999996, -72.2549133301
90.7618942, 18.3999996, -75.8202362061
91.6017227, 18.3999996, -79.9529190063
92.4415512, 18.3999996, -84.7314834595
93.2813797, 18.3999996, -90.1984634399
94.1212006, 18.3999996, -96.4593582153
94.9610291, 18.3999996, -103.71257782
95.8008575, 18.3999996, -112.169319153
96.640686, 18.3999996, -122.069458008
97.4805145, 18.3999996, -133.807327271
98.320343, 18.3999996, -147.893218994
99.1601715, 18.3999996, -164.705154419
23.6775913, 19.2000008, -40.4323654175
24.5071831, 19.2000008, -42.2923431396
25.3367748, 19.2000008, -43.8999481201
26.1663647, 19.2000008, -45.2637214661
26.9959564, 19.2000008, -46.4089317322
27.8255482, 19.2000008, -47.3624916077
28.6551399, 19.2000008, -48.1500282288
29.4847317, 19.2000008, -48.7953224182
30.3143234, 19.2000008, -49.3201560974
31.1439133, 19.2000008, -49.7442626953
31.973505, 19.2000008, -50.0850715637
32.8030968, 19.2000008, -50.3579063416
33.6326866, 19.2000008, -50.575592041
34.4622803, 19.2000008, -50.7490081787
35.2918701, 19.2000008, -50.8875045776
36.1214638, 19.2000008, -50.9983139038
36.9510536, 19.2000008, -51.0871772766
37.7806435, 19.2000008, -51.1586837769
38.6102371, 19.2000008, -51.216468811
39.439827, 19.2000008, -51.2634086609
40.2694206, 19.2000008, -51.3017349243
41.0990105, 19.2000008, -51.3332138062
41.9286003, 19.2000008, -51.3593101501
42.758194, 19.2000008, -51.3811454773
43.5877838, 19.2000008, -51.3995399475
44.4173775, 19.2000008, -51.4151649475
45.2469673, 19.2000008, -51.4285545349
46.076561, 19.2000008, -51.4401283264
46.9061508, 19.2000008, -51.4502258301
47.7357407, 19.2000008, -51.4591140747
48.5653343, 19.2000008, -51.4670219421
49.3949242, 19.2000008, -51.4741325378
50.2245178, 19.2000008, -51.4806022644
51.0541077, 19.2000008, -51.4865760803
51.8836975, 19.2000008, -51.4921684265
52.7132912, 19.2000008, -51.4974937439
53.542881, 19.2000008, -51.5026512146
54.3724747, 19.2000008, -51.5077438354
55.2020645, 19.2000008, -51.5128746033
56.0316544, 19.2000008, -51.5181350708
56.861248, 19.2000008, -51.5236320496
57.6908379, 19.2000008, -51.5294837952
58.5204315, 19.2000008, -51.5358047485
59.3500214, 19.2000008, -51.5427322388
60.1796112, 19.2000008, -51.5504226685
61.0092049, 19.2000008, -51.5590438843
61.8387947, 19.2000008, -51.5687980652
62.6683884, 19.2000008, -51.579914093
63.4979782, 19.2000008, -51.5926704407
64.3275681, 19.2000008, -51.607383728
65.1571579, 19.2000008, -51.6244277954
65.9867554, 19.2000008, -51.6442604065
66.8163452, 19.2000008, -51.6674156189
67.6459351, 19.2000008, -51.6945419312
68.4755249, 19.2000008, -51.7264175415
69.3051147, 19.2000008, -51.7639884949
70.1347122, 19.2000008, -51.8083953857
70.9643021, 19.2000008, -51.8610229492
71.7938919, 19.2000008, -51.9235496521
72.6234818, 19.2000008, -51.9979934692
73.4530716, 19.2000008, -52.0867996216
74.2826691, 19.2000008, -52.1929092407
75.1122589, 19.2000008, -52.3198509216
75.9418488, 19.2000008, -52.4718856812
76.7714386, 19.2000008, -52.6545257568
77.6010361, 19.2000008, -52.8737487793
78.4306259, 19.2000008, -53.1366958618
79.2602158, 19.2000008, -53.4521369934
80.0898056, 19.2000008, -53.8305435181
80.9193954, 19.2000008, -54.284450531
81.7489929, 19.2000008, -54.8288993835
82.5785828, 19.2000008, -55.4820137024
83.4081726, 19.2000008, -56.265789032
84.2377625, 19.2000008, -57.2074890137
85.0673523, 19.2000008, -58.3383827209
85.8969498, 19.2000008, -59.6984100342
86.7265396, 19.2000008, -61.338760376
87.5561295, 19.2000008, -63.3293533325
88.3857193, 19.2000008, -65.6834793091
89.2153091, 19.2000008, -68.4159317017
90.0449066, 19.2000008, -71.5468444824
90.8744965, 19.2000008, -75.1141204834
91.7040863, 19.2000008, -79.2399368286
92.5336761, 19.2000008, -84.0138015747
93.363266, 19.2000008, -89.4937591553
94.1928635, 19.2000008, -95.7687606812
95.0224533, 19.2000008, -103.046737671
95.8520432, 19.2000008, -111.566825867
96.681633, 19.2000008, -121.622024536
97.5112228, 19.2000008, -133.722320557
98.3408203, 19.2000008, -148.630889893
99.1704102, 19.2000008, -168.015686035
