100.0, 0.0, -7.44229614403e-41
0.0, 0.0, -3.57616188562e-38
-20.0, 0.0, 0.0
-20.0, -20.0, 200.0
100.0, -20.0, 200.0
100.0, 20.0, -200.0
23.7999992, 20.0, -47.1517524719
98.9247284, 0.0, 0.110151588917
97.8494644, 0.0, 0.218419462442
96.7741928, 0.0, 0.323451519012
95.6989212, 0.0, 0.424053758383
94.6236572, 0.0, 0.519256830215
93.5483856, 0.0, 0.608338713646
92.4731216, 0.0, 0.690813183784
91.39785, 0.0, 0.766412436962
90.3225784, 0.0, 0.835060477257
89.2473145, 0.0, 0.89685767889
88.1720428, 0.0, 0.952065765858
87.0967712, 0.0, 1.00107932091
86.0215073, 0.0, 1.0443867445
84.9462357, 0.0, 1.08252584934
83.8709641, 0.0, 1.11604177952
82.7957001, 0.0, 1.14546179771
81.7204285, 0.0, 1.17127966881
80.6451645, 0.0, 1.19394445419
79.5698929, 0.0, 1.21385598183
78.4946213, 0.0, 1.23136377335
77.4193573, 0.0, 1.24677169323
76.3440857, 0.0, 1.26034545898
75.2688141, 0.0, 1.27231967449
74.1935501, 0.0, 1.28290235996
73.1182785, 0.0, 1.29227781296
72.0430145, 0.0, 1.30060768127
70.9677429, 0.0, 1.30803275108
69.8924713, 0.0, 1.31467437744
68.8172073, 0.0, 1.32063746452
67.7419357, 0.0, 1.32601296902
66.6666641, 0.0, 1.33088004589
65.5914001, 0.0, 1.33530807495
64.5161285, 0.0, 1.33935797215
63.4408607, 0.0, 1.34308350086
62.365593, 0.0, 1.34653282166
61.2903214, 0.0, 1.34974873066
60.2150536, 0.0, 1.35276985168
59.1397858, 0.0, 1.35563147068
58.064518, 0.0, 1.35836625099
56.9892464, 0.0, 1.36100423336
55.9139786, 0.0, 1.36357414722
54.8387108, 0.0, 1.36610341072
53.7634392, 0.0, 1.36861872673
52.6881714, 0.0, 1.3711463213
51.6129036, 0.0, 1.37371265888
50.5376358, 0.0, 1.37634503841
49.4623642, 0.0, 1.37907111645
48.3870964, 0.0, 1.38192021847
47.3118286, 0.0, 1.38492321968
46.2365608, 0.0, 1.38811337948
45.1612892, 0.0, 1.39152646065
44.0860214, 0.0, 1.39520132542
43.0107536, 0.0, 1.39918029308
41.935482, 0.0, 1.40350985527
40.8602142, 0.0, 1.40824079514
39.7849464, 0.0, 1.41342926025
38.7096786, 0.0, 1.41913664341
37.634407, 0.0, 1.42543041706
36.5591393, 0.0, 1.43238425255
35.4838715, 0.0, 1.44007861614
34.4086037, 0.0, 1.44860100746
33.3333321, 0.0, 1.45804595947
32.2580643, 0.0, 1.46851623058
31.1827965, 0.0, 1.48012304306
30.1075268, 0.0, 1.49299037457
29.032259, 0.0, 1.50725913048
27.9569893, 0.0, 1.52309453487
26.8817196, 0.0, 1.54069507122
25.8064518, 0.0, 1.560303092
24.7311821, 0.0, 1.58221781254
23.6559143, 0.0, 1.60681295395
22.5806446, 0.0, 1.63456213474
21.5053768, 0.0, 1.66607606411
20.4301071, 0.0, 1.70215761662
19.3548393, 0.0, 1.74387574196
18.2795696, 0.0, 1.79266965389
17.2043018, 0.0, 1.85049879551
16.1290321, 0.0, 1.92007791996
15.0537634, 0.0, 2.00525355339
13.9784946, 0.0, 2.11163210869
12.9032259, 0.0, 2.24763417244
11.8279572, 0.0, 2.42627859116
10.7526884, 0.0, 2.6683447361
9.67741966, 0.0, 3.00739574432
8.60215092, 0.0, 3.49716210365
7.52688169, 0.0, 4.22286558151
6.45161295, 0.0, 5.32167673111
5.3763442, 0.0, 7.02293109894
4.30107546, 0.0, 9.66335582733
3.22580647, 0.0, 12.5194683075
2.15053773, 0.0, 14.3300609589
1.07526886, 0.0, 12.9638471603
-1.05263162, 0.0, -1.12163740616e-38
-2.10526323, 0.0, -1.07794239771e-38
-3.15789485, 0.0, -1.05557865513e-38
-4.21052647, 0.0, -1.04238248736e-38
-5.26315784, 0.0, -1.03378594167e-38
-6.3157897, 0.0, -1.02778642242e-38
-7.36842108, 0.0, -1.02337499473e-38
-8.42105293, 0.0, -1.01999043855e-38
-9.47368431, 0.0, -1.0173013468e-38
-10.5263157, 0.0, -1.01509808522e-38
-11.5789471, 0.0, -1.01324360683e-38
-12.6315794, 0.0, -1.01164108191e-38
-13.6842108, 0.0, -1.01022577046e-38
-14.7368422, 0.0, -1.00894694548e-38
-15.7894735, 0.0, -1.00776747256e-38
-16.8421059, 0.0, -1.00665330015e-38
-17.8947372, 0.0, -1.00558018579e-38
-18.9473686, 0.0, -1.00451800155e-38
-20.0, -1.0, 10.0
-20.0, -2.0, 20.0
-20.0, -3.0, 30.0
-20.0, -4.0, 40.0
-20.0, -5.0, 50.0
-20.0, -6.0, 60.0
-20.0, -7.0, 70.0
-20.0, -8.0, 80.0
-20.0, -9.0, 90.0
-20.0, -10.0, 100.0
-20.0, -11.0, 110.0
-20.0, -12.0, 120.0
-20.0, -13.0, 130.0
-20.0, -14.0, 140.0
-20.0, -15.0, 150.0
-20.0, -16.0, 160.0
-20.0, -17.0, 170.0
-20.0, -18.0, 180.0
-20.0, -19.0, 190.0
-18.9285717, -20.0, 200.111953735
-17.8571434, -20.0, 200.224182129
-16.7857151, -20.0, 200.337051392
-15.7142859, -20.0, 200.450897217
-14.6428576, -20.0, 200.566009521
-13.5714283, -20.0, 200.682601929
-12.5, -20.0, 200.800811768
-11.4285717, -20.0, 200.920639038
-10.3571424, -20.0, 201.04196167
-9.28571415, -20.0, 201.164489746
-8.21428585, -20.0, 201.287780762
-7.14285707, -20.0, 201.411178589
-6.07142878, -20.0, 201.533843994
-5.0, -20.0, 201.654769897
-3.92857146, -20.0, 201.772750854
-2.85714293, -20.0, 201.886489868
-1.78571427, -20.0, 201.994598389
-0.714285731, -20.0, 202.095687866
0.357142866, -20.0, 202.188415527
1.42857146, -20.0, 202.271575928
2.5, -20.0, 202.344192505
3.57142854, -20.0, 202.405502319
4.64285707, -20.0, 202.455078125
5.71428585, -20.0, 202.49281311
6.78571415, -20.0, 202.51890564
7.85714293, -20.0, 202.533828735
8.9285717, -20.0, 202.538345337
10.0, -20.0, 202.533370972
11.0714283, -20.0, 202.519973755
12.1428576, -20.0, 202.499298096
13.2142859, -20.0, 202.472503662
14.2857141, -20.0, 202.440719604
15.3571424, -20.0, 202.405029297
16.4285717, -20.0, 202.366409302
17.5, -20.0, 202.325744629
18.5714283, -20.0, 202.283813477
19.6428566, -20.0, 202.241256714
20.7142849, -20.0, 202.198623657
21.7857151, -20.0, 202.156387329
22.8571434, -20.0, 202.114883423
23.9285717, -20.0, 202.074401855
25.0, -20.0, 202.03515625
26.0714283, -20.0, 201.997283936
27.1428566, -20.0, 201.960876465
28.2142849, -20.0, 201.926025391
29.2857151, -20.0, 201.892730713
30.3571434, -20.0, 201.860992432
31.4285717, -20.0, 201.830810547
32.5, -20.0, 201.802124023
33.5714302, -20.0, 201.774902344
34.6428566, -20.0, 201.749069214
35.7142868, -20.0, 201.724563599
36.7857132, -20.0, 201.701309204
37.8571434, -20.0, 201.679244995
38.9285698, -20.0, 201.658279419
40.0, -20.0, 201.638336182
41.0714302, -20.0, 201.619338989
42.1428566, -20.0, 201.601196289
43.2142868, -20.0, 201.583847046
44.2857132, -20.0, 201.567214966
45.3571434, -20.0, 201.551223755
46.4285698, -20.0, 201.53578186
47.5, -20.0, 201.520812988
48.5714302, -20.0, 201.506271362
49.6428566, -20.0, 201.49206543
50.7142868, -20.0, 201.478118896
51.7857132, -20.0, 201.464385986
52.8571434, -20.0, 201.450775146
53.9285698, -20.0, 201.437225342
55.0, -20.0, 201.423660278
56.0714302, -20.0, 201.410018921
57.1428566, -20.0, 201.396240234
58.2142868, -20.0, 201.382232666
59.2857132, -20.0, 201.367950439
60.3571434, -20.0, 201.353302002
61.4285698, -20.0, 201.338241577
62.5, -20.0, 201.322662354
63.5714302, -20.0, 201.306533813
64.6428604, -20.0, 201.289764404
65.7142868, -20.0, 201.272277832
66.7857132, -20.0, 201.254013062
67.8571396, -20.0, 201.23487854
68.9285736, -20.0, 201.214797974
70.0, -20.0, 201.193710327
71.0714264, -20.0, 201.171539307
72.1428604, -20.0, 201.148208618
73.2142868, -20.0, 201.123641968
74.2857132, -20.0, 201.097763062
75.3571396, -20.0, 201.070495605
76.4285736, -20.0, 201.041793823
77.5, -20.0, 201.011566162
78.5714264, -20.0, 200.979782104
79.6428604, -20.0, 200.946350098
80.7142868, -20.0, 200.911254883
81.7857132, -20.0, 200.874435425
82.8571396, -20.0, 200.835861206
83.9285736, -20.0, 200.795516968
85.0, -20.0, 200.753387451
86.0714264, -20.0, 200.709457397
87.1428604, -20.0, 200.663772583
88.2142868, -20.0, 200.616317749
89.2857132, -20.0, 200.567153931
90.3571396, -20.0, 200.516342163
91.4285736, -20.0, 200.463943481
92.5, -20.0, 200.410018921
93.5714264, -20.0, 200.354705811
94.6428604, -20.0, 200.298065186
95.7142868, -20.0, 200.240264893
96.7857132, -20.0, 200.181411743
97.8571396, -20.0, 200.121643066
98.9285736, -20.0, 200.061126709
100.0, -19.0, 190.0
100.0, -18.0, 180.0
100.0, -17.0, 170.0
100.0, -16.0, 160.0
100.0, -15.0, 150.0
100.0, -14.0, 140.0
100.0, -13.0, 130.0
100.0, -12.0, 120.0
100.0, -11.0, 110.0
100.0, -10.0, 100.0
100.0, -9.0, 90.0
100.0, -8.0, 80.0
100.0, -7.0, 70.0
100.0, -6.0, 60.0
100.0, -5.0, 50.0
100.0, -4.0, 40.0
100.0, -3.0, 30.0
100.0, -2.0, 20.0
100.0, -1.0, 10.0
100.0, 0.800000012, -8.0
100.0, 1.60000002, -16.0
100.0, 2.4000001, -24.0
100.0, 3.20000005, -32.0
100.0, 4.0, -40.0
100.0, 4.80000019, -48.0
100.0, 5.5999999, -56.0
100.0, 6.4000001, -64.0
100.0, 7.19999981, -72.0
100.0, 8.0, -80.0
100.0, 8.80000019, -88.0
100.0, 9.60000038, -96.0
100.0, 10.3999996, -104.0
100.0, 11.1999998, -112.0
100.0, 12.0, -120.0
100.0, 12.8000002, -128.0
100.0, 13.6000004, -136.0
100.0, 14.3999996, -144.0
100.0, 15.1999998, -152.0
100.0, 16.0, -160.0
100.0, 16.7999992, -168.0
100.0, 17.6000004, -176.0
100.0, 18.3999996, -184.0
100.0, 19.2000008, -192.0
99.1806488, 20.0, -166.500152588
98.36129, 20.0, -147.3878479
97.5419388, 20.0, -132.813308716
96.72258, 20.0, -121.198287964
95.9032288, 20.0, -111.634994507
95.0838699, 20.0, -103.567909241
94.2645187, 20.0, -96.7573623657
93.4451599, 20.0, -90.8974304199
92.6258087, 20.0, -85.8008651733
91.8064499, 20.0, -81.3855743408
90.9870987, 20.0, -77.6320266724
90.1677399, 20.0, -74.4279708862
89.3483887, 20.0, -71.6171798706
88.5290298, 20.0, -69.1204071045
87.7096786, 20.0, -66.9131164551
86.8903198, 20.0, -64.972984314
86.0709686, 20.0, -63.2810211182
85.2516098, 20.0, -61.8237571716
84.4322586, 20.0, -60.5966300964
83.6128998, 20.0, -59.6429595947
82.7935486, 20.0, -58.9072647095
81.9741898, 20.0, -58.2850227356
81.1548386, 20.0, -57.8000488281
80.3354874, 20.0, -57.4040527344
79.5161285, 20.0, -57.0742378235
78.6967773, 20.0, -56.806098938
77.8774185, 20.0, -56.5866889954
77.0580673, 20.0, -56.405506134
76.2387085, 20.0, -56.2546615601
75.4193573, 20.0, -56.1289138794
74.5999985, 20.0, -56.0247497559
73.7806473, 20.0, -55.9386978149
72.9612885, 20.0, -55.8674888611
72.1419373, 20.0, -55.808216095
71.3225784, 20.0, -55.7583885193
70.5032272, 20.0, -55.7159347534
69.6838684, 20.0, -55.6792526245
68.8645172, 20.0, -55.6473045349
68.0451584, 20.0, -55.6195526123
67.2258072, 20.0, -55.5955200195
66.4064484, 20.0, -55.5747337341
65.5870972, 20.0, -55.5567512512
64.7677383, 20.0, -55.5411529541
63.9483871, 20.0, -55.5275840759
63.1290321, 20.0, -55.5157203674
62.3096771, 20.0, -55.5053024292
61.4903221, 20.0, -55.4960899353
60.6709671, 20.0, -55.4878921509
59.8516121, 20.0, -55.4805297852
59.0322571, 20.0, -55.4738616943
58.2129021, 20.0, -55.4677505493
57.3935471, 20.0, -55.4620857239
56.574192, 20.0, -55.4567565918
55.754837, 20.0, -55.4516716003
54.935482, 20.0, -55.4467353821
54.1161308, 20.0, -55.4418563843
53.2967758, 20.0, -55.436958313
52.4774208, 20.0, -55.4319496155
51.6580658, 20.0, -55.4267425537
50.8387108, 20.0, -55.4212493896
50.0193558, 20.0, -55.4153747559
49.2000008, 20.0, -55.4090232849
48.3806458, 20.0, -55.4020881653
47.5612907, 20.0, -55.3944625854
46.7419357, 20.0, -55.3860168457
45.9225807, 20.0, -55.3766288757
45.1032257, 20.0, -55.3661499023
44.2838707, 20.0, -55.3544273376
43.4645157, 20.0, -55.3412704468
42.6451607, 20.0, -55.326461792
41.8258057, 20.0, -55.3097457886
41.0064507, 20.0, -55.290813446
40.1870956, 20.0, -55.2693061829
39.3677406, 20.0, -55.2448234558
38.5483856, 20.0, -55.2168655396
37.7290306, 20.0, -55.1847610474
36.9096756, 20.0, -55.1475830078
36.0903244, 20.0, -55.1040992737
35.2709694, 20.0, -55.0526924133
34.4516144, 20.0, -54.9913597107
33.6322594, 20.0, -54.9174842834
32.8129044, 20.0, -54.827255249
31.9935474, 20.0, -54.715007782
31.1741943, 20.0, -54.5723838806
30.3548393, 20.0, -54.3873710632
29.5354843, 20.0, -54.1431732178
28.7161293, 20.0, -53.8168754578
27.8967743, 20.0, -53.3775291443
27.0774193, 20.0, -52.783657074
26.2580643, 20.0, -51.9790763855
25.4387093, 20.0, -50.877948761
24.6193542, 20.0, -49.3440513611
22.8479996, 19.2000008, -46.2438049316
21.8959999, 18.3999996, -45.6265678406
20.9440002, 17.6000004, -44.997631073
19.9920006, 16.7999992, -44.2682342529
19.0400009, 16.0, -43.3971710205
18.0879993, 15.1999998, -42.3693580627
17.1359997, 14.3999996, -41.2070503235
16.184, 13.6000004, -40.0263442993
15.2320004, 12.8000002, -39.321647644
14.2799997, 12.0, -38.4522857666
13.3280001, 11.1999998, -37.6243743896
12.3760004, 10.3999996, -36.8773574829
11.4239998, 9.60000038, -36.1405410767
10.4720001, 8.80000019, -35.3378105164
9.52000046, 8.0, -34.2763061523
8.56799984, 7.19999981, -32.6466369629
7.61600018, 6.4000001, -30.097951889
6.66400003, 5.5999999, -26.3817005157
5.71199989, 4.80000019, -21.4935970306
4.76000023, 4.0, -15.7256908417
3.80800009, 3.20000005, -8.44981575012
2.85599995, 2.4000001, 2.45949912071
1.90400004, 1.60000002, 11.6334705353
0.952000022, 0.800000012, 14.0032806396
98.9249268, -1.0, 10.1028823853
97.8498459, -1.0, 10.2041254044
96.7747726, -1.0, 10.3026189804
95.6996918, -1.0, 10.3973712921
94.6246185, -1.0, 10.4875507355
93.5495377, -1.0, 10.5725107193
92.4744644, -1.0, 10.6517915726
91.3993835, -1.0, 10.7251148224
90.3243103, -1.0, 10.7923679352
89.2492294, -1.0, 10.8535909653
88.1741562, -1.0, 10.908955574
87.0990753, -1.0, 10.9587488174
86.0240021, -1.0, 11.0033359528
84.9489212, -1.0, 11.0431318283
83.873848, -1.0, 11.078576088
82.7987747, -1.0, 11.1101026535
81.7236938, -1.0, 11.1381311417
80.6486206, -1.0, 11.1630506516
79.5735397, -1.0, 11.1852178574
78.4984665, -1.0, 11.20495224
77.4233856, -1.0, 11.2225379944
76.3483124, -1.0, 11.2382297516
75.2732315, -1.0, 11.2522516251
74.1981583, -1.0, 11.2648048401
73.1230774, -1.0, 11.2760696411
72.0480042, -1.0, 11.2862052917
70.9729233, -1.0, 11.2953510284
69.89785, -1.0, 11.3036308289
68.8227692, -1.0, 11.3111524582
67.7476959, -1.0, 11.3180112839
66.6726227, -1.0, 11.3242921829
65.5975418, -1.0, 11.3300685883
64.5224686, -1.0, 11.3354072571
63.4473877, -1.0, 11.3403673172
62.3723106, -1.0, 11.3450021744
61.2972336, -1.0, 11.3493595123
60.2221565, -1.0, 11.3534851074
59.1470833, -1.0, 11.3574180603
58.0720062, -1.0, 11.3611965179
56.9969292, -1.0, 11.3648557663
55.9218521, -1.0, 11.3684301376
54.8467751, -1.0, 11.3719520569
53.771698, -1.0, 11.3754529953
52.6966209, -1.0, 11.3789653778
51.6215439, -1.0, 11.382519722
50.5464668, -1.0, 11.3861474991
49.4713898, -1.0, 11.3898830414
48.3963127, -1.0, 11.3937606812
47.3212357, -1.0, 11.3978157043
46.2461586, -1.0, 11.4020862579
45.1710815, -1.0, 11.4066133499
44.0960045, -1.0, 11.4114408493
43.0209312, -1.0, 11.4166164398
41.9458542, -1.0, 11.4221925735
40.8707771, -1.0, 11.4282255173
39.7957001, -1.0, 11.4347753525
38.720623, -1.0, 11.4419107437
37.645546, -1.0, 11.4497041702
36.5704689, -1.0, 11.4582386017
35.4953918, -1.0, 11.4675998688
34.4203148, -1.0, 11.4778871536
33.3452377, -1.0, 11.4892053604
32.2701607, -1.0, 11.5016727448
31.1950836, -1.0, 11.5154209137
30.1200085, -1.0, 11.5305995941
29.0449314, -1.0, 11.5473804474
27.9698544, -1.0, 11.5659685135
26.8947773, -1.0, 11.5866088867
25.8197002, -1.0, 11.6095981598
24.7446232, -1.0, 11.6353082657
23.6695461, -1.0, 11.6641969681
22.594471, -1.0, 11.6968488693
21.5193939, -1.0, 11.7340126038
20.4443169, -1.0, 11.7766590118
19.3692398, -1.0, 11.8260698318
18.2941628, -1.0, 11.8839445114
17.2190857, -1.0, 11.9525766373
16.1440086, -1.0, 12.0350999832
15.0689325, -1.0, 12.1358776093
13.9938555, -1.0, 12.261097908
12.9187784, -1.0, 12.4197101593
11.8437023, -1.0, 12.6248664856
10.7686253, -1.0, 12.8960676193
9.6935482, -1.0, 13.2620887756
8.61847115, -1.0, 13.7645425797
7.54339457, -1.0, 14.4615116119
6.46831799, -1.0, 15.4279794693
5.39324141, -1.0, 16.733839035
4.31816435, -1.0, 18.2705879211
3.24308753, -1.0, 19.599237442
2.16801071, -1.0, 19.8607654572
1.09293389, -1.0, 17.5824146271
0.0178571437, -1.0, 14.3467292786
-1.03571427, -1.0, 11.7376089096
-2.08928561, -1.0, 11.0219011307
-3.14285707, -1.0, 10.6820793152
-4.19642878, -1.0, 10.4931764603
-5.25, -1.0, 10.3751106262
-6.30357122, -1.0, 10.2953224182
-7.35714293, -1.0, 10.2381372452
-8.41071415, -1.0, 10.1952037811
-9.46428585, -1.0, 10.1617107391
-10.5178576, -1.0, 10.1347112656
-11.5714283, -1.0, 10.1123075485
-12.625, -1.0, 10.0932245255
-13.6785717, -1.0, 10.0765724182
-14.7321424, -1.0, 10.0617074966
-15.7857141, -1.0, 10.0481443405
-16.8392849, -1.0, 10.0355024338
-17.8928566, -1.0, 10.0234651566
-18.9464283, -1.0, 10.0117435455
98.9251175, -2.0, 20.0966777802
97.8502274, -2.0, 20.1919021606
96.7753448, -2.0, 20.2847576141
95.7004623, -2.0, 20.3744125366
94.6255798, -2.0, 20.460149765
93.5506897, -2.0, 20.5413990021
92.4758072, -2.0, 20.6177368164
91.4009247, -2.0, 20.6888866425
90.3260345, -2.0, 20.7547149658
89.251152, -2.0, 20.8152103424
88.1762695, -2.0, 20.8704795837
87.1013794, -2.0, 20.9207267761
86.0264969, -2.0, 20.9662208557
84.9516144, -2.0, 21.0072879791
83.8767319, -2.0, 21.0442733765
82.8018417, -2.0, 21.0775356293
81.7269592, -2.0, 21.1074295044
80.6520767, -2.0, 21.1342906952
79.5771866, -2.0, 21.1584300995
78.5023041, -2.0, 21.1801395416
77.4274216, -2.0, 21.1996803284
76.3525314, -2.0, 21.2172870636
75.2776489, -2.0, 21.2331771851
74.2027664, -2.0, 21.2475395203
73.1278839, -2.0, 21.2605514526
72.0529938, -2.0, 21.2723636627
70.9781113, -2.0, 21.2831192017
69.9032288, -2.0, 21.2929363251
68.8283386, -2.0, 21.3019313812
67.7534561, -2.0, 21.3101959229
66.6785736, -2.0, 21.3178215027
65.6036835, -2.0, 21.3248844147
64.528801, -2.0, 21.3314571381
63.4539185, -2.0, 21.337600708
62.3790321, -2.0, 21.3433761597
61.3041458, -2.0, 21.3488349915
60.2292633, -2.0, 21.3540248871
59.154377, -2.0, 21.3589935303
58.0794945, -2.0, 21.3637828827
57.0046082, -2.0, 21.3684310913
55.9297218, -2.0, 21.3729801178
54.8548393, -2.0, 21.3774642944
53.779953, -2.0, 21.3819217682
52.7050705, -2.0, 21.3863887787
51.6301842, -2.0, 21.3908996582
50.5552979, -2.0, 21.3954944611
49.4804153, -2.0, 21.4002075195
48.405529, -2.0, 21.4050788879
47.3306465, -2.0, 21.410150528
46.2557602, -2.0, 21.4154644012
45.1808739, -2.0, 21.4210643768
44.1059914, -2.0, 21.4270038605
43.031105, -2.0, 21.4333286285
41.9562225, -2.0, 21.4401016235
40.8813362, -2.0, 21.4473800659
39.8064499, -2.0, 21.4552307129
38.7315674, -2.0, 21.463727951
37.6566811, -2.0, 21.472951889
36.5817986, -2.0, 21.4829864502
35.5069122, -2.0, 21.4939308167
34.4320259, -2.0, 21.5058879852
33.3571434, -2.0, 21.5189762115
32.2822571, -2.0, 21.5333251953
31.2073727, -2.0, 21.5490856171
30.1324883, -2.0, 21.5664253235
29.0576038, -2.0, 21.5855426788
27.9827194, -2.0, 21.606672287
26.907835, -2.0, 21.6300926208
25.8329487, -2.0, 21.6561470032
24.7580643, -2.0, 21.6852550507
23.6831799, -2.0, 21.7179393768
22.6082954, -2.0, 21.7548542023
21.533411, -2.0, 21.796836853
20.4585247, -2.0, 21.8449611664
19.3836403, -2.0, 21.9006175995
18.3087559, -2.0, 21.965637207
17.2338715, -2.0, 22.0424365997
16.158987, -2.0, 22.1342563629
15.0841017, -2.0, 22.2454929352
14.0092163, -2.0, 22.3821601868
12.9343319, -2.0, 22.552570343
11.8594475, -2.0, 22.7682132721
10.7845621, -2.0, 23.0448284149
9.7096777, -2.0, 23.403383255
8.63479233, -2.0, 23.8701953888
7.55990791, -2.0, 24.4741458893
6.48502302, -2.0, 25.2348937988
5.41013813, -2.0, 26.123090744
4.33525324, -2.0, 26.9967727661
3.26036859, -2.0, 27.5467758179
2.18548393, -2.0, 27.3084335327
1.11059904, -2.0, 26.1279907227
0.0357142873, -2.0, 24.3675460815
-1.01879704, -2.0, 22.8236064911
-2.07330823, -2.0, 21.8034210205
-3.12781954, -2.0, 21.2620449066
-4.18233061, -2.0, 20.9348144531
-5.23684216, -2.0, 20.7213859558
-6.29135323, -2.0, 20.5731811523
-7.34586477, -2.0, 20.4650325775
-8.40037632, -2.0, 20.3828086853
-9.45488739, -2.0, 20.3180751801
-10.5093985, -2.0, 20.2655334473
-11.5639095, -2.0, 20.2217063904
-12.6184206, -2.0, 20.184223175
-13.6729326, -2.0, 20.1514129639
-14.7274437, -2.0, 20.122051239
-15.7819548, -2.0, 20.0952148438
-16.8364658, -2.0, 20.0701713562
-17.8909779, -2.0, 20.0463123322
-18.945488, -2.0, 20.0230960846
98.9253082, -3.0, 30.0913505554
97.8506165, -3.0, 30.1813964844
96.7759247, -3.0, 30.2693729401
95.7012253, -3.0, 30.3545761108
94.6265335, -3.0, 30.4363899231
93.5518417, -3.0, 30.5143127441
92.47715, -3.0, 30.5879573822
91.4024582, -3.0, 30.6570606232
90.3277664, -3.0, 30.7214717865
89.2530746, -3.0, 30.7811489105
88.1783829, -3.0, 30.8361473083
87.1036835, -3.0, 30.8866043091
86.0289917, -3.0, 30.9327220917
84.9542999, -3.0, 30.9747467041
83.8796082, -3.0, 31.0129585266
82.8049164, -3.0, 31.0476474762
81.7302246, -3.0, 31.0791072845
80.6555328, -3.0, 31.1076316833
79.5808334, -3.0, 31.1334896088
78.5061417, -3.0, 31.1569404602
77.4314499, -3.0, 31.1782226562
76.3567581, -3.0, 31.1975574493
75.2820663, -3.0, 31.2151412964
74.2073746, -3.0, 31.2311592102
73.1326828, -3.0, 31.2457771301
72.057991, -3.0, 31.2591438293
70.9832916, -3.0, 31.2713947296
69.9085999, -3.0, 31.2826519012
68.8339081, -3.0, 31.2930278778
67.7592163, -3.0, 31.3026180267
66.6845245, -3.0, 31.3115177155
65.6098328, -3.0, 31.3198032379
64.535141, -3.0, 31.3275489807
63.4604454, -3.0, 31.3348236084
62.3857536, -3.0, 31.3416900635
61.311058, -3.0, 31.3482036591
60.2363663, -3.0, 31.3544178009
59.1616745, -3.0, 31.3603801727
58.0869827, -3.0, 31.3661422729
57.0122871, -3.0, 31.3717441559
55.9375954, -3.0, 31.3772315979
54.8629036, -3.0, 31.3826446533
53.7882118, -3.0, 31.3880252838
52.7135162, -3.0, 31.3934135437
51.6388245, -3.0, 31.39884758
50.5641327, -3.0, 31.4043731689
49.4894409, -3.0, 31.4100284576
48.4147453, -3.0, 31.4158592224
47.3400536, -3.0, 31.4219074249
46.2653618, -3.0, 31.4282226562
45.19067, -3.0, 31.4348545074
44.1159744, -3.0, 31.4418544769
43.0412827, -3.0, 31.4492816925
41.9665909, -3.0, 31.4571933746
40.8918953, -3.0, 31.4656600952
39.8172035, -3.0, 31.4747486115
38.7425117, -3.0, 31.484539032
37.66782, -3.0, 31.4951133728
36.5931244, -3.0, 31.5065670013
35.5184326, -3.0, 31.5189990997
34.4437408, -3.0, 31.5325260162
33.3690491, -3.0, 31.5472698212
32.2943535, -3.0, 31.563375473
31.2196617, -3.0, 31.5810012817
30.1449699, -3.0, 31.6003322601
29.0702763, -3.0, 31.6215858459
27.9955845, -3.0, 31.6450157166
26.9208908, -3.0, 31.6709270477
25.846199, -3.0, 31.6996879578
24.7715054, -3.0, 31.7317485809
23.6968117, -3.0, 31.7676677704
22.6221199, -3.0, 31.8081378937
21.5474262, -3.0, 31.8540325165
20.4727345, -3.0, 31.9064559937
19.3980408, -3.0, 31.9668216705
18.323349, -3.0, 32.0369529724
17.2486553, -3.0, 32.1192054749
16.1739635, -3.0, 32.2166595459
15.0992708, -3.0, 32.3333473206
14.0245771, -3.0, 32.474571228
12.9498844, -3.0, 32.6472434998
11.8751917, -3.0, 32.8602752686
10.800499, -3.0, 33.1247253418
9.72580624, -3.0, 33.4533843994
8.65111351, -3.0, 33.8588218689
7.57642078, -3.0, 34.3479270935
6.50172806, -3.0, 34.9090270996
5.42703533, -3.0, 35.4898109436
4.35234261, -3.0, 35.9733161926
3.27764988, -3.0, 36.1750640869
2.20295691, -3.0, 35.9214172363
1.12826419, -3.0, 35.1776161194
0.0535714291, -3.0, 34.13073349
-1.00187969, -3.0, 33.0937805176
-2.05733085, -3.0, 32.2625617981
-3.112782, -3.0, 31.679731369
-4.16823292, -3.0, 31.2884464264
-5.22368431, -3.0, 31.0159053802
-6.27913523, -3.0, 30.8186912537
-7.33458662, -3.0, 30.6706829071
-8.39003754, -3.0, 30.5558891296
-9.44548893, -3.0, 30.464176178
-10.5009403, -3.0, 30.3889045715
-11.5563908, -3.0, 30.3255786896
-12.6118422, -3.0, 30.2710590363
-13.6672935, -3.0, 30.2230854034
-14.722744, -3.0, 30.179983139
-15.7781954, -3.0, 30.1404647827
-16.8336468, -3.0, 30.1035118103
-17.8890972, -3.0, 30.068271637
-18.9445496, -3.0, 30.0339984894
98.925499, -4.0, 40.0867576599
97.8509979, -4.0, 40.172328949
96.7764969, -4.0, 40.2560691833
95.7019958, -4.0, 40.3373794556
94.6274948, -4.0, 40.4157295227
93.5529938, -4.0, 40.4906768799
92.4784927, -4.0, 40.5618743896
91.4039917, -4.0, 40.6290664673
90.3294907, -4.0, 40.6921005249
89.2549896, -4.0, 40.7509155273
88.1804886, -4.0, 40.8055229187
87.1059875, -4.0, 40.8560142517
86.0314865, -4.0, 40.9025344849
84.9569855, -4.0, 40.945274353
83.8824921, -4.0, 40.9844512939
82.807991, -4.0, 41.0203018188
81.73349, -4.0, 41.0530776978
80.658989, -4.0, 41.0830192566
79.5844879, -4.0, 41.1103668213
78.5099869, -4.0, 41.1353492737
77.4354858, -4.0, 41.1581802368
76.3609848, -4.0, 41.1790618896
75.2864838, -4.0, 41.1981773376
74.2119827, -4.0, 41.2157020569
73.1374817, -4.0, 41.23179245
72.0629807, -4.0, 41.2465896606
70.9884796, -4.0, 41.2602233887
69.9139786, -4.0, 41.2728233337
68.8394775, -4.0, 41.284488678
67.7649765, -4.0, 41.2953262329
66.6904755, -4.0, 41.3054199219
65.6159744, -4.0, 41.3148612976
64.5414734, -4.0, 41.3237190247
63.4669724, -4.0, 41.332069397
62.3924713, -4.0, 41.3399734497
61.3179741, -4.0, 41.347492218
60.2434731, -4.0, 41.3546829224
59.168972, -4.0, 41.3615989685
58.094471, -4.0, 41.3682899475
57.0199699, -4.0, 41.3748092651
55.9454689, -4.0, 41.3811950684
54.8709679, -4.0, 41.3875007629
53.7964668, -4.0, 41.3937644958
52.7219658, -4.0, 41.4000358582
51.6474648, -4.0, 41.4063606262
50.5729637, -4.0, 41.412776947
49.4984627, -4.0, 41.4193344116
48.4239616, -4.0, 41.4260826111
47.3494606, -4.0, 41.4330673218
46.2749634, -4.0, 41.4403381348
45.2004623, -4.0, 41.4479522705
44.1259613, -4.0, 41.4559669495
43.0514603, -4.0, 41.4644393921
41.9769592, -4.0, 41.4734344482
40.9024582, -4.0, 41.4830245972
39.8279572, -4.0, 41.4932823181
38.7534561, -4.0, 41.5042915344
37.6789551, -4.0, 41.5161399841
36.604454, -4.0, 41.5289230347
35.529953, -4.0, 41.5427474976
34.455452, -4.0, 41.5577354431
33.3809509, -4.0, 41.5740127563
32.3064499, -4.0, 41.5917358398
31.2319508, -4.0, 41.6110687256
30.1574497, -4.0, 41.6322097778
29.0829487, -4.0, 41.655380249
28.0084476, -4.0, 41.6808547974
26.9339485, -4.0, 41.7089424133
25.8594475, -4.0, 41.7400283813
24.7849464, -4.0, 41.7745742798
23.7104454, -4.0, 41.8131446838
22.6359444, -4.0, 41.8564338684
21.5614433, -4.0, 41.9053077698
20.4869423, -4.0, 41.9608421326
19.4124432, -4.0, 42.0243911743
18.3379421, -4.0, 42.09765625
17.2634411, -4.0, 42.1827888489
16.18894, -4.0, 42.2825126648
15.114439, -4.0, 42.4002456665
14.0399389, -4.0, 42.5402526855
12.9654379, -4.0, 42.7077522278
11.8909369, -4.0, 42.9088478088
10.8164358, -4.0, 43.1501655579
9.74193573, -4.0, 43.4376831055
8.66743469, -4.0, 43.7741661072
7.59293413, -4.0, 44.1540641785
6.51843309, -4.0, 44.5551605225
5.44393253, -4.0, 44.9285392761
4.3694315, -4.0, 45.1936035156
3.29493093, -4.0, 45.2523117065
2.22043014, -4.0, 45.0300140381
1.14592934, -4.0, 44.5269432068
0.0714285746, -4.0, 43.8353157043
-0.984962404, -4.0, 43.111125946
-2.04135346, -4.0, 42.4608078003
-3.09774446, -4.0, 41.9392929077
-4.15413523, -4.0, 41.5442276001
-5.21052647, -4.0, 41.2483177185
-6.26691723, -4.0, 41.0233421326
-7.32330847, -4.0, 40.8485374451
-8.37969971, -4.0, 40.7094917297
-9.43609047, -4.0, 40.5962791443
-10.4924812, -4.0, 40.5020027161
-11.548872, -4.0, 40.4217834473
-12.6052628, -4.0, 40.352104187
-13.6616545, -4.0, 40.2903594971
-14.7180452, -4.0, 40.2345848083
-15.774436, -4.0, 40.1832389832
-16.8308277, -4.0, 40.1350822449
-17.8872185, -4.0, 40.0890846252
-18.9436092, -4.0, 40.0443344116
98.9256897, -5.0, 50.0827827454
97.8513794, -5.0, 50.164478302
96.7770767, -5.0, 50.2445297241
95.7027664, -5.0, 50.3224334717
94.6284561, -5.0, 50.3977279663
93.5541458, -5.0, 50.4700202942
92.4798355, -5.0, 50.5389976501
91.4055328, -5.0, 50.6044235229
90.3312225, -5.0, 50.6661453247
89.2569122, -5.0, 50.7240829468
88.1826019, -5.0, 50.7782249451
87.1082916, -5.0, 50.8286247253
86.033989, -5.0, 50.8753814697
84.9596786, -5.0, 50.9186401367
83.8853683, -5.0, 50.9585723877
82.811058, -5.0, 50.9953727722
81.7367477, -5.0, 51.0292434692
80.6624451, -5.0, 51.0603904724
79.5881348, -5.0, 51.0890274048
78.5138245, -5.0, 51.1153488159
77.4395142, -5.0, 51.1395492554
76.3652039, -5.0, 51.1618118286
75.2909012, -5.0, 51.182308197
74.2165909, -5.0, 51.2011985779
73.1422806, -5.0, 51.2186279297
72.0679703, -5.0, 51.2347373962
70.99366, -5.0, 51.2496490479
69.9193573, -5.0, 51.2634887695
68.845047, -5.0, 51.2763557434
67.7707367, -5.0, 51.2883529663
66.6964264, -5.0, 51.299571991
65.6221161, -5.0, 51.3100967407
64.5478134, -5.0, 51.3200035095
63.4735031, -5.0, 51.3293647766
62.3991928, -5.0, 51.3382530212
61.3248863, -5.0, 51.3467254639
60.250576, -5.0, 51.3548431396
59.1762657, -5.0, 51.3626670837
58.1019592, -5.0, 51.3702468872
57.0276489, -5.0, 51.3776321411
55.9533424, -5.0, 51.3848800659
54.8790321, -5.0, 51.3920326233
53.8047218, -5.0, 51.399143219
52.7304153, -5.0, 51.4062614441
51.656105, -5.0, 51.4134292603
50.5817986, -5.0, 51.4206962585
49.5074883, -5.0, 51.4281158447
48.4331779, -5.0, 51.4357376099
47.3588715, -5.0, 51.443611145
46.2845612, -5.0, 51.4517936707
45.2102547, -5.0, 51.4603424072
44.1359444, -5.0, 51.4693145752
43.0616341, -5.0, 51.4787750244
41.9873276, -5.0, 51.4887924194
40.9130173, -5.0, 51.4994430542
39.8387108, -5.0, 51.510799408
38.7644005, -5.0, 51.5229492188
37.690094, -5.0, 51.5359840393
36.6157837, -5.0, 51.5500030518
35.5414734, -5.0, 51.565120697
34.4671669, -5.0, 51.5814552307
33.3928566, -5.0, 51.5991439819
32.3185501, -5.0, 51.6183395386
31.2442398, -5.0, 51.639213562
30.1699314, -5.0, 51.6619682312
29.095623, -5.0, 51.6868362427
28.0213127, -5.0, 51.7140846252
26.9470043, -5.0, 51.7440299988
25.8726959, -5.0, 51.777053833
24.7983875, -5.0, 51.8136062622
23.7240791, -5.0, 51.8542442322
22.6497688, -5.0, 51.8996276855
21.5754604, -5.0, 51.9505805969
20.501152, -5.0, 52.0080947876
19.4268436, -5.0, 52.0734024048
18.3525352, -5.0, 52.1480102539
17.2782249, -5.0, 52.2337608337
16.2039165, -5.0, 52.332901001
15.1296082, -5.0, 52.4481163025
14.0552998, -5.0, 52.5825576782
12.9809904, -5.0, 52.739730835
11.906682, -5.0, 52.923248291
10.8323736, -5.0, 53.1361465454
9.75806427, -5.0, 53.3796157837
8.68375587, -5.0, 53.6507034302
7.609447, -5.0, 53.9388008118
6.53513813, -5.0, 54.2212371826
5.46082926, -5.0, 54.4599723816
4.38652086, -5.0, 54.6035423279
3.31221199, -5.0, 54.5987548828
2.23790312, -5.0, 54.4118347168
1.16359448, -5.0, 54.0488433838
0.0892857164, -5.0, 53.5602493286
-0.968045115, -5.0, 53.0309867859
-2.02537584, -5.0, 52.5229568481
-3.08270669, -5.0, 52.0792160034
-4.14003754, -5.0, 51.713508606
-5.19736862, -5.0, 51.419960022
-6.25469923, -5.0, 51.1852416992
-7.31202984, -5.0, 50.9959182739
-8.36936092, -5.0, 50.841003418
-9.42669201, -5.0, 50.7121047974
-10.4840221, -5.0, 50.6029319763
-11.5413532, -5.0, 50.5087890625
-12.5986843, -5.0, 50.4261398315
-13.6560154, -5.0, 50.3522911072
-14.7133455, -5.0, 50.2851333618
-15.7706766, -5.0, 50.2229957581
-16.8280067, -5.0, 50.1645126343
-17.8853378, -5.0, 50.1085205078
-18.9426689, -5.0, 50.0539932251
98.9258804, -6.0, 60.079334259
97.8517685, -6.0, 60.1576576233
96.7776489, -6.0, 60.234500885
95.7035294, -6.0, 60.3094177246
94.6294174, -6.0, 60.3820114136
93.5552979, -6.0, 60.4519424438
92.4811859, -6.0, 60.5189170837
91.4070663, -6.0, 60.5827255249
90.3329468, -6.0, 60.6432113647
89.2588348, -6.0, 60.7002868652
88.1847153, -6.0, 60.7539215088
87.1105957, -6.0, 60.8041381836
86.0364838, -6.0, 60.8510055542
84.9623642, -6.0, 60.8946304321
83.8882523, -6.0, 60.9351501465
82.8141327, -6.0, 60.9727172852
81.7400131, -6.0, 61.0074996948
80.6659012, -6.0, 61.0396728516
79.5917816, -6.0, 61.0694160461
78.517662, -6.0, 61.0969085693
77.4435501, -6.0, 61.1223144531
76.3694305, -6.0, 61.1458053589
75.2953186, -6.0, 61.1675376892
74.221199, -6.0, 61.1876602173
73.1470795, -6.0, 61.2063064575
72.0729675, -6.0, 61.223613739
70.998848, -6.0, 61.2397003174
69.9247284, -6.0, 61.2546806335
68.8506165, -6.0, 61.268661499
67.7764969, -6.0, 61.2817344666
66.7023773, -6.0, 61.2939987183
65.6282654, -6.0, 61.3055381775
64.5541458, -6.0, 61.3164253235
63.4800301, -6.0, 61.3267402649
62.4059143, -6.0, 61.3365516663
61.3317986, -6.0, 61.3459243774
60.257679, -6.0, 61.3549194336
59.1835632, -6.0, 61.3635978699
58.1094475, -6.0, 61.3720169067
57.0353317, -6.0, 61.38022995
55.9612122, -6.0, 61.3882904053
54.8870964, -6.0, 61.3962516785
53.8129807, -6.0, 61.4041633606
52.7388649, -6.0, 61.4120788574
51.6647453, -6.0, 61.4200515747
50.5906296, -6.0, 61.4281272888
49.5165138, -6.0, 61.4363632202
48.4423981, -6.0, 61.44480896
47.3682785, -6.0, 61.4535255432
46.2941628, -6.0, 61.4625663757
45.220047, -6.0, 61.4719924927
44.1459312, -6.0, 61.4818687439
43.0718117, -6.0, 61.4922599792
41.9976959, -6.0, 61.503238678
40.9235802, -6.0, 61.5148773193
39.8494606, -6.0, 61.5272598267
38.7753448, -6.0, 61.540473938
37.7012291, -6.0, 61.5546112061
36.6271133, -6.0, 61.5697746277
35.5529938, -6.0, 61.5860786438
34.478878, -6.0, 61.60364151
33.4047623, -6.0, 61.6226081848
32.3306465, -6.0, 61.6431312561
31.2565289, -6.0, 61.6653823853
30.1824112, -6.0, 61.6895599365
29.1082954, -6.0, 61.7158966064
28.0341778, -6.0, 61.7446517944
26.960062, -6.0, 61.7761383057
25.8859444, -6.0, 61.8107147217
24.8118286, -6.0, 61.8488235474
23.737711, -6.0, 61.8909683228
22.6635952, -6.0, 61.9377708435
21.5894775, -6.0, 61.9899673462
20.5153618, -6.0, 62.0484390259
19.4412441, -6.0, 62.1142539978
18.3671284, -6.0, 62.1886672974
17.2930107, -6.0, 62.2731704712
16.218895, -6.0, 62.3694915771
15.1447773, -6.0, 62.4795722961
14.0706606, -6.0, 62.6055030823
12.9965439, -6.0, 62.7493209839
11.9224272, -6.0, 62.9126358032
10.8483105, -6.0, 63.095954895
9.77419376, -6.0, 63.2975692749
8.70007706, -6.0, 63.5118942261
7.62595987, -6.0, 63.7274284363
6.55184317, -6.0, 63.9248504639
5.47772646, -6.0, 64.0767211914
4.40360975, -6.0, 64.1506118774
3.32949305, -6.0, 64.1168212891
2.25537634, -6.0, 63.9591598511
1.18125963, -6.0, 63.6837615967
0.107142858, -6.0, 63.3200645447
-0.951127827, -6.0, 62.9180755615
-2.00939846, -6.0, 62.5152359009
-3.06766915, -6.0, 62.1427192688
-4.12593985, -6.0, 61.8164253235
-5.1842103, -6.0, 61.5394821167
-6.24248123, -6.0, 61.3075370789
-7.30075169, -6.0, 61.1134605408
-8.35902214, -6.0, 60.9499969482
-9.41729355, -6.0, 60.8108291626
-10.475564, -6.0, 60.6907806396
-11.5338345, -6.0, 60.5857276917
-12.5921049, -6.0, 60.4924125671
-13.6503763, -6.0, 60.4082336426
-14.7086468, -6.0, 60.3311157227
-15.7669172, -6.0, 60.2593536377
-16.8251877, -6.0, 60.1915206909
-17.8834591, -6.0, 60.1263999939
-18.9417286, -6.0, 60.0628929138
98.9260788, -7.0, 70.0763397217
97.85215, -7.0, 70.1517333984
96.7782288, -7.0, 70.225769043
95.7042999, -7.0, 70.2980728149
94.6303787, -7.0, 70.3682861328
93.5564499, -7.0, 70.4361114502
92.4825287, -7.0, 70.5012969971
91.4085999, -7.0, 70.5636291504
90.3346786, -7.0, 70.6229629517
89.2607498, -7.0, 70.6792068481
88.1868286, -7.0, 70.7323150635
87.1128998, -7.0, 70.7822875977
86.0389786, -7.0, 70.8291778564
84.9650574, -7.0, 70.8730545044
83.8911285, -7.0, 70.914024353
82.8172073, -7.0, 70.9522018433
81.7432785, -7.0, 70.987739563
80.6693573, -7.0, 71.0207824707
79.5954285, -7.0, 71.0514831543
78.5215073, -7.0, 71.0799865723
77.4475784, -7.0, 71.1064529419
76.3736572, -7.0, 71.1310348511
75.2997284, -7.0, 71.1538696289
74.2258072, -7.0, 71.1750946045
73.1518784, -7.0, 71.1948471069
72.0779572, -7.0, 71.2132415771
71.0040359, -7.0, 71.2304000854
69.9301071, -7.0, 71.2464294434
68.8561859, -7.0, 71.261428833
67.7822571, -7.0, 71.2754974365
66.7083359, -7.0, 71.288734436
65.634407, -7.0, 71.3012084961
64.5604858, -7.0, 71.3130187988
63.4865608, -7.0, 71.32421875
62.4126358, -7.0, 71.3348922729
61.3387108, -7.0, 71.3451080322
60.2647858, -7.0, 71.354927063
59.1908607, -7.0, 71.3644104004
58.1169357, -7.0, 71.3736190796
57.0430107, -7.0, 71.3826065063
55.9690857, -7.0, 71.3914337158
54.8951607, -7.0, 71.4001541138
53.8212357, -7.0, 71.4088287354
52.7473106, -7.0, 71.4174957275
51.6733856, -7.0, 71.4262237549
50.5994606, -7.0, 71.4350585938
49.5255394, -7.0, 71.4440612793
48.4516144, -7.0, 71.4532852173
47.3776894, -7.0, 71.4627914429
46.3037643, -7.0, 71.4726409912
45.2298393, -7.0, 71.4828948975
44.1559143, -7.0, 71.4936141968
43.0819893, -7.0, 71.5048751831
42.0080643, -7.0, 71.516746521
40.9341393, -7.0, 71.5293045044
39.8602142, -7.0, 71.542640686
38.7862892, -7.0, 71.5568389893
37.7123642, -7.0, 71.5719833374
36.6384392, -7.0, 71.5881958008
35.564518, -7.0, 71.6055831909
34.490593, -7.0, 71.6242675781
33.4166679, -7.0, 71.6443786621
32.3427429, -7.0, 71.6660842896
31.2688179, -7.0, 71.6895446777
30.1948929, -7.0, 71.7149505615
29.1209679, -7.0, 71.7425384521
28.0470428, -7.0, 71.7725448608
26.9731178, -7.0, 71.805267334
25.8991928, -7.0, 71.8410415649
24.8252697, -7.0, 71.8802719116
23.7513447, -7.0, 71.9234161377
22.6774197, -7.0, 71.9710235596
21.6034946, -7.0, 72.0237350464
20.5295696, -7.0, 72.0822906494
19.4556446, -7.0, 72.147567749
18.3817196, -7.0, 72.2205581665
17.3077965, -7.0, 72.3023910522
16.2338715, -7.0, 72.39427948
15.1599464, -7.0, 72.497505188
14.0860214, -7.0, 72.6132354736
13.0120964, -7.0, 72.7423477173
11.9381723, -7.0, 72.885017395
10.8642473, -7.0, 73.0401763916
9.7903223, -7.0, 73.2046356201
8.71639824, -7.0, 73.3720703125
7.64247322, -7.0, 73.5319900513
6.5685482, -7.0, 73.6691665649
5.49462366, -7.0, 73.7643585205
4.42069912, -7.0, 73.7969741821
3.3467741, -7.0, 73.7498703003
2.27284956, -7.0, 73.6149597168
1.19892478, -7.0, 73.3972473145
0.125, -7.0, 73.1148681641
-0.934210539, -7.0, 72.7990646362
-1.99342108, -7.0, 72.4733657837
-3.05263162, -7.0, 72.1599121094
-4.11184216, -7.0, 71.8727722168
-5.17105246, -7.0, 71.618057251
-6.23026323, -7.0, 71.3961181641
-7.28947353, -7.0, 71.2040557861
-8.34868431, -7.0, 71.0377197266
-9.40789509, -7.0, 70.8928375244
-10.4671049, -7.0, 70.7654953003
-11.5263157, -7.0, 70.6523590088
-12.5855265, -7.0, 70.5505981445
-13.6447372, -7.0, 70.4578781128
-14.7039471, -7.0, 70.3722457886
-15.7631578, -7.0, 70.2920684814
-16.8223686, -7.0, 70.2159347534
-17.8815784, -7.0, 70.1426086426
-18.9407902, -7.0, 70.0709762573
98.9262695, -8.0, 80.0737304688
97.8525314, -8.0, 80.1465682983
96.778801, -8.0, 80.2181625366
95.7050705, -8.0, 80.2881774902
94.63134, -8.0, 80.356300354
93.5576019, -8.0, 80.4222640991
92.4838715, -8.0, 80.4858322144
91.410141, -8.0, 80.5468292236
90.3364029, -8.0, 80.6051025391
89.2626724, -8.0, 80.6605606079
88.188942, -8.0, 80.713142395
87.1152039, -8.0, 80.7628479004
86.0414734, -8.0, 80.8096923828
84.9677429, -8.0, 80.853729248
83.8940125, -8.0, 80.89503479
82.8202744, -8.0, 80.9337158203
81.7465439, -8.0, 80.969871521
80.6728134, -8.0, 81.0036468506
79.5990753, -8.0, 81.03515625
78.5253448, -8.0, 81.0645446777
77.4516144, -8.0, 81.0919418335
76.3778839, -8.0, 81.1174850464
75.3041458, -8.0, 81.1412963867
74.2304153, -8.0, 81.1635131836
73.1566849, -8.0, 81.1842575073
72.0829468, -8.0, 81.2036361694
71.0092163, -8.0, 81.2217636108
69.9354858, -8.0, 81.2387466431
68.8617477, -8.0, 81.2546844482
67.7880173, -8.0, 81.2696685791
66.7142868, -8.0, 81.2837905884
65.6405563, -8.0, 81.2971420288
64.5668182, -8.0, 81.3097915649
63.4930878, -8.0, 81.3218154907
62.4193535, -8.0, 81.3332977295
61.345623, -8.0, 81.3442993164
60.2718887, -8.0, 81.3548812866
59.1981583, -8.0, 81.3651123047
58.124424, -8.0, 81.3750610352
57.0506897, -8.0, 81.3847732544
55.9769592, -8.0, 81.394317627
54.9032249, -8.0, 81.403755188
53.8294945, -8.0, 81.4131317139
52.7557602, -8.0, 81.4225082397
51.6820259, -8.0, 81.4319381714
50.6082954, -8.0, 81.4414901733
49.5345612, -8.0, 81.451210022
48.4608307, -8.0, 81.4611587524
47.3870964, -8.0, 81.4714050293
46.3133659, -8.0, 81.4820022583
45.2396317, -8.0, 81.493019104
44.1658974, -8.0, 81.5045318604
43.0921669, -8.0, 81.5165939331
42.0184326, -8.0, 81.529296875
40.9447021, -8.0, 81.5427093506
39.8709679, -8.0, 81.5569152832
38.7972336, -8.0, 81.572013855
37.7235031, -8.0, 81.5880889893
36.6497688, -8.0, 81.605255127
35.5760384, -8.0, 81.6236114502
34.5023041, -8.0, 81.6432952881
33.4285698, -8.0, 81.6644363403
32.3548393, -8.0, 81.687171936
31.281105, -8.0, 81.7116851807
30.2073727, -8.0, 81.7381439209
29.1336403, -8.0, 81.7667617798
28.0599079, -8.0, 81.7977828979
26.9861755, -8.0, 81.8314590454
25.9124432, -8.0, 81.8681106567
24.8387089, -8.0, 81.9080810547
23.7649765, -8.0, 81.9517745972
22.6912441, -8.0, 81.9996643066
21.6175117, -8.0, 82.0522689819
20.5437794, -8.0, 82.1101913452
19.470047, -8.0, 82.174118042
18.3963127, -8.0, 82.2447662354
17.3225803, -8.0, 82.3229217529
16.248848, -8.0, 82.409362793
15.1751156, -8.0, 82.5047683716
14.1013823, -8.0, 82.6096115112
13.0276499, -8.0, 82.7238998413
11.9539175, -8.0, 82.8469085693
10.8801842, -8.0, 82.9766616821
9.8064518, -8.0, 83.1094512939
8.73271847, -8.0, 83.2392120361
7.65898609, -8.0, 83.3570861816
6.58525324, -8.0, 83.4515075684
5.51152086, -8.0, 83.5090560913
4.43778801, -8.0, 83.5164718628
3.3640554, -8.0, 83.4635162354
2.29032254, -8.0, 83.3460464478
1.21658981, -8.0, 83.1679077148
0.142857149, -8.0, 82.9408187866
-0.917293251, -8.0, 82.685218811
-1.97744358, -8.0, 82.4164199829
-3.03759408, -8.0, 82.1501846313
-4.09774446, -8.0, 81.8979644775
-5.15789461, -8.0, 81.6663131714
-6.21804523, -8.0, 81.4576873779
-7.27819538, -8.0, 81.2717132568
-8.33834553, -8.0, 81.1064758301
-9.39849663, -8.0, 80.9593811035
-10.4586468, -8.0, 80.8277206421
-11.5187969, -8.0, 80.7089385986
-12.5789471, -8.0, 80.6007614136
-13.6390982, -8.0, 80.5011749268
-14.6992483, -8.0, 80.4084472656
-15.7593985, -8.0, 80.3210525513
-16.8195496, -8.0, 80.237663269
-17.8796997, -8.0, 80.157081604
-18.9398499, -8.0, 80.0782012939
98.9264603, -9.0, 90.0714645386
97.8529205, -9.0, 90.1420822144
96.7793808, -9.0, 90.2115402222
95.7058334, -9.0, 90.279548645
94.6322937, -9.0, 90.3458404541
93.558754, -9.0, 90.41015625
92.4852142, -9.0, 90.4722976685
91.4116745, -9.0, 90.5320892334
90.3381348, -9.0, 90.5893936157
89.264595, -9.0, 90.6441116333
88.1910553, -9.0, 90.6961898804
87.1175079, -9.0, 90.7456054688
86.0439682, -9.0, 90.7923583984
84.9704285, -9.0, 90.8364868164
83.8968887, -9.0, 90.8780441284
82.823349, -9.0, 90.9171218872
81.7498093, -9.0, 90.9537963867
80.6762695, -9.0, 90.9881820679
79.6027298, -9.0, 91.0203933716
78.5291824, -9.0, 91.0505447388
77.4556427, -9.0, 91.0787506104
76.382103, -9.0, 91.1051330566
75.3085632, -9.0, 91.1298141479
74.2350235, -9.0, 91.1529083252
73.1614838, -9.0, 91.1745376587
72.087944, -9.0, 91.1947937012
71.0144043, -9.0, 91.2137985229
69.9408569, -9.0, 91.2316513062
68.8673172, -9.0, 91.2484359741
67.7937775, -9.0, 91.2642593384
66.7202377, -9.0, 91.2791976929
65.646698, -9.0, 91.2933425903
64.5731583, -9.0, 91.3067703247
63.4996147, -9.0, 91.3195571899
62.426075, -9.0, 91.33177948
61.3525352, -9.0, 91.34349823
60.2789955, -9.0, 91.3547973633
59.205452, -9.0, 91.3657226562
58.1319122, -9.0, 91.3763504028
57.0583725, -9.0, 91.3867416382
55.9848328, -9.0, 91.3969497681
54.9112892, -9.0, 91.407043457
53.8377495, -9.0, 91.4170761108
52.7642097, -9.0, 91.4271087646
51.69067, -9.0, 91.4372024536
50.6171265, -9.0, 91.4474105835
49.5435867, -9.0, 91.4577941895
48.470047, -9.0, 91.468421936
47.3965073, -9.0, 91.479347229
46.3229637, -9.0, 91.4906387329
45.249424, -9.0, 91.5023727417
44.1758842, -9.0, 91.5146026611
43.1023407, -9.0, 91.5274124146
42.028801, -9.0, 91.5408706665
40.9552612, -9.0, 91.5550613403
39.8817215, -9.0, 91.5700683594
38.8081779, -9.0, 91.5859832764
37.7346382, -9.0, 91.602897644
36.6610985, -9.0, 91.6209182739
35.5875587, -9.0, 91.6401519775
34.5140152, -9.0, 91.6607284546
33.4404755, -9.0, 91.682762146
32.3669357, -9.0, 91.7064056396
31.2933941, -9.0, 91.731803894
30.2198544, -9.0, 91.759147644
29.1463127, -9.0, 91.7886123657
28.072773, -9.0, 91.8204193115
26.9992313, -9.0, 91.8548049927
25.9256916, -9.0, 91.892036438
24.85215, -9.0, 91.9324188232
23.7786102, -9.0, 91.9762878418
22.7050686, -9.0, 92.024017334
21.6315289, -9.0, 92.0760345459
20.5579872, -9.0, 92.1327896118
19.4844475, -9.0, 92.1947631836
18.4109058, -9.0, 92.2624511719
17.3373661, -9.0, 92.3363189697
16.2638245, -9.0, 92.4167709351
15.1902838, -9.0, 92.5040206909
14.1167431, -9.0, 92.5980148315
13.0432024, -9.0, 92.6981811523
11.9696617, -9.0, 92.8032531738
10.896121, -9.0, 92.9108886719
9.82258034, -9.0, 93.0173721313
8.74903965, -9.0, 93.1173095703
7.67549944, -9.0, 93.2035369873
6.60195875, -9.0, 93.2673873901
5.52841759, -9.0, 93.2994689941
4.4548769, -9.0, 93.2910614014
3.38133645, -9.0, 93.2359008789
2.30779576, -9.0, 93.1318054199
1.23425496, -9.0, 92.9817276001
0.160714284, -9.0, 92.7935028076
-0.900375962, -9.0, 92.5810699463
-1.96146619, -9.0, 92.3546676636
-3.0225563, -9.0, 92.1256790161
-4.08364677, -9.0, 91.9031066895
-5.14473677, -9.0, 91.6929931641
-6.20582724, -9.0, 91.4985275269
-7.26691723, -9.0, 91.3207092285
-8.3280077, -9.0, 91.1590576172
-9.38909817, -9.0, 91.0122375488
-10.4501877, -9.0, 90.8785324097
-11.5112782, -9.0, 90.7561416626
-12.5723686, -9.0, 90.6432952881
-13.6334591, -9.0, 90.5383529663
-14.6945486, -9.0, 90.4398193359
-15.7556391, -9.0, 90.3463592529
-16.8167286, -9.0, 90.2567367554
-17.8778191, -9.0, 90.1698303223
-18.9389095, -9.0, 90.0845870972
98.926651, -10.0, 100.069496155
97.853302, -10.0, 100.138183594
96.779953, -10.0, 100.205787659
95.706604, -10.0, 100.27204895
94.633255, -10.0, 100.336730957
93.559906, -10.0, 100.399597168
92.486557, -10.0, 100.460472107
91.413208, -10.0, 100.519187927
90.339859, -10.0, 100.575622559
89.26651, -10.0, 100.62966156
88.193161, -10.0, 100.681266785
87.119812, -10.0, 100.730384827
86.0464706, -10.0, 100.777015686
84.9731216, -10.0, 100.821182251
83.8997726, -10.0, 100.862930298
82.8264236, -10.0, 100.902320862
81.7530746, -10.0, 100.939422607
80.6797256, -10.0, 100.974319458
79.6063766, -10.0, 101.007125854
78.5330276, -10.0, 101.03792572
77.4596786, -10.0, 101.066833496
76.3863297, -10.0, 101.093955994
75.3129807, -10.0, 101.119400024
74.2396317, -10.0, 101.1432724
73.1662827, -10.0, 101.165687561
72.0929337, -10.0, 101.186737061
71.0195847, -10.0, 101.20652771
69.9462357, -10.0, 101.225151062
68.8728867, -10.0, 101.242706299
67.7995377, -10.0, 101.259284973
66.7261887, -10.0, 101.274963379
65.6528397, -10.0, 101.289833069
64.5794907, -10.0, 101.303970337
63.5061455, -10.0, 101.317451477
62.4327965, -10.0, 101.330345154
61.3594475, -10.0, 101.342735291
60.2860985, -10.0, 101.354675293
59.2127495, -10.0, 101.366241455
58.1394005, -10.0, 101.377502441
57.0660515, -10.0, 101.388511658
55.9927025, -10.0, 101.399337769
54.9193535, -10.0, 101.41003418
53.8460045, -10.0, 101.420669556
52.7726593, -10.0, 101.431304932
51.6993103, -10.0, 101.442001343
50.6259613, -10.0, 101.452819824
49.5526123, -10.0, 101.463813782
48.4792633, -10.0, 101.475059509
47.4059143, -10.0, 101.486610413
46.3325653, -10.0, 101.498542786
45.2592163, -10.0, 101.510925293
44.1858673, -10.0, 101.52381897
43.1125183, -10.0, 101.53730011
42.0391693, -10.0, 101.551452637
40.9658203, -10.0, 101.566345215
39.8924713, -10.0, 101.582077026
38.8191261, -10.0, 101.598731995
37.7457771, -10.0, 101.616401672
36.6724281, -10.0, 101.635185242
35.5990791, -10.0, 101.655197144
34.5257301, -10.0, 101.676551819
33.4523811, -10.0, 101.699363708
32.3790321, -10.0, 101.723777771
31.3056831, -10.0, 101.749938965
30.2323341, -10.0, 101.777999878
29.158987, -10.0, 101.808135986
28.085638, -10.0, 101.840538025
27.012289, -10.0, 101.875404358
25.93894, -10.0, 101.912979126
24.865591, -10.0, 101.95349884
23.7922421, -10.0, 101.997238159
22.718895, -10.0, 102.044487
21.645546, -10.0, 102.095558167
20.572197, -10.0, 102.150756836
19.498848, -10.0, 102.210395813
18.425499, -10.0, 102.274757385
17.35215, -10.0, 102.344055176
16.278801, -10.0, 102.418365479
15.2054529, -10.0, 102.497581482
14.1321049, -10.0, 102.581253052
13.0587559, -10.0, 102.668487549
11.9854069, -10.0, 102.757713318
10.9120588, -10.0, 102.846534729
9.83870983, -10.0, 102.931503296
8.76536083, -10.0, 103.008026123
7.69201231, -10.0, 103.070404053
6.61866379, -10.0, 103.112174988
5.54531479, -10.0, 103.126701355
4.47196627, -10.0, 103.108146667
3.39861751, -10.0, 103.05254364
2.32526875, -10.0, 102.958786011
1.2519201, -10.0, 102.829101562
0.178571433, -10.0, 102.668937683
-0.883458674, -10.0, 102.488105774
-1.94548869, -10.0, 102.293655396
-3.00751877, -10.0, 102.093910217
-4.06954908, -10.0, 101.895904541
-5.13157892, -10.0, 101.704841614
-6.19360924, -10.0, 101.524009705
-7.25563908, -10.0, 101.355041504
-8.31766891, -10.0, 101.198318481
-9.37969971, -10.0, 101.053390503
-10.4417295, -10.0, 100.919303894
-11.5037594, -10.0, 100.79486084
-12.5657892, -10.0, 100.678779602
-13.62782, -10.0, 100.569770813
-14.6898499, -10.0, 100.46660614
-15.7518797, -10.0, 100.368125916
-16.8139095, -10.0, 100.273231506
-17.8759403, -10.0, 100.180892944
-18.9379692, -10.0, 100.090133667
98.9268417, -11.0, 110.0677948
97.8536835, -11.0, 110.134811401
96.7805328, -11.0, 110.200805664
95.7073746, -11.0, 110.265556335
94.6342163, -11.0, 110.328826904
93.561058, -11.0, 110.390434265
92.4878998, -11.0, 110.450195312
91.4147491, -11.0, 110.507957458
90.3415909, -11.0, 110.563606262
89.2684326, -11.0, 110.617034912
88.1952744, -11.0, 110.668190002
87.1221161, -11.0, 110.717018127
86.0489655, -11.0, 110.763519287
84.9758072, -11.0, 110.807693481
83.9026489, -11.0, 110.849578857
82.8294907, -11.0, 110.889213562
81.75634, -11.0, 110.92665863
80.6831818, -11.0, 110.961990356
79.6100235, -11.0, 110.995292664
78.5368652, -11.0, 111.026649475
77.463707, -11.0, 111.056167603
76.3905563, -11.0, 111.083930969
75.3173981, -11.0, 111.110038757
74.2442398, -11.0, 111.134597778
73.1710815, -11.0, 111.157699585
72.0979233, -11.0, 111.179450989
71.0247726, -11.0, 111.199943542
69.9516144, -11.0, 111.219261169
68.8784561, -11.0, 111.237503052
67.8052979, -11.0, 111.254753113
66.7321396, -11.0, 111.271102905
65.658989, -11.0, 111.286621094
64.5858307, -11.0, 111.301399231
63.5126724, -11.0, 111.315505981
62.439518, -11.0, 111.329017639
61.3663597, -11.0, 111.342002869
60.2932014, -11.0, 111.354537964
59.220047, -11.0, 111.36668396
58.1468887, -11.0, 111.378517151
57.0737343, -11.0, 111.390090942
56.000576, -11.0, 111.40146637
54.9274178, -11.0, 111.412719727
53.8542633, -11.0, 111.423912048
52.781105, -11.0, 111.435096741
51.7079506, -11.0, 111.446342468
50.6347923, -11.0, 111.457710266
49.5616341, -11.0, 111.469261169
48.4884796, -11.0, 111.481071472
47.4153214, -11.0, 111.49319458
46.3421669, -11.0, 111.505706787
45.2690086, -11.0, 111.518669128
44.1958542, -11.0, 111.532157898
43.1226959, -11.0, 111.546257019
42.0495377, -11.0, 111.561027527
40.9763832, -11.0, 111.576560974
39.9032249, -11.0, 111.592941284
38.8300705, -11.0, 111.61025238
37.7569122, -11.0, 111.628585815
36.683754, -11.0, 111.648048401
35.6105995, -11.0, 111.668739319
34.5374413, -11.0, 111.69077301
33.4642868, -11.0, 111.714256287
32.3911285, -11.0, 111.739326477
31.3179722, -11.0, 111.766113281
30.2448158, -11.0, 111.794754028
29.1716595, -11.0, 111.825408936
28.0985031, -11.0, 111.858230591
27.0253448, -11.0, 111.893409729
25.9521885, -11.0, 111.931129456
24.8790321, -11.0, 111.971572876
23.8058758, -11.0, 112.014953613
22.7327194, -11.0, 112.061477661
21.6595631, -11.0, 112.111351013
20.5864048, -11.0, 112.164764404
19.5132484, -11.0, 112.221870422
18.4400921, -11.0, 112.28276825
17.3669357, -11.0, 112.347457886
16.2937794, -11.0, 112.415786743
15.2206221, -11.0, 112.48739624
14.1474657, -11.0, 112.561607361
13.0743084, -11.0, 112.637306213
12.001152, -11.0, 112.712860107
10.9279957, -11.0, 112.785942078
9.85483837, -11.0, 112.853507996
8.78168201, -11.0, 112.911705017
7.70852518, -11.0, 112.956062317
6.63536882, -11.0, 112.9817276
5.56221199, -11.0, 112.983955383
4.48905516, -11.0, 112.958747864
3.41589856, -11.0, 112.903556824
2.34274197, -11.0, 112.817825317
1.26958525, -11.0, 112.703277588
0.196428567, -11.0, 112.563796997
-0.866541326, -11.0, 112.406494141
-1.92951131, -11.0, 112.236351013
-2.99248123, -11.0, 112.059562683
-4.05545092, -11.0, 111.881622314
-5.11842108, -11.0, 111.70690155
-6.18139076, -11.0, 111.538467407
-7.24436092, -11.0, 111.378196716
-8.30733109, -11.0, 111.22694397
-9.37030029, -11.0, 111.084831238
-10.4332705, -11.0, 110.951461792
-11.4962406, -11.0, 110.826126099
-12.5592108, -11.0, 110.707946777
-13.62218, -11.0, 110.595947266
-14.6851501, -11.0, 110.48915863
-15.7481203, -11.0, 110.38658905
-16.8110905, -11.0, 110.28730011
-17.8740597, -11.0, 110.190368652
-18.9370308, -11.0, 110.094894409
98.9270325, -12.0, 120.066329956
97.8540726, -12.0, 120.131904602
96.781105, -12.0, 120.196517944
95.7081375, -12.0, 120.25995636
94.6351776, -12.0, 120.322021484
93.5622101, -12.0, 120.382530212
92.4892502, -12.0, 120.441314697
91.4162827, -12.0, 120.498245239
90.3433151, -12.0, 120.553192139
89.2703552, -12.0, 120.606079102
88.1973877, -12.0, 120.656822205
87.1244202, -12.0, 120.705383301
86.0514603, -12.0, 120.751747131
84.9784927, -12.0, 120.795906067
83.9055328, -12.0, 120.837875366
82.8325653, -12.0, 120.877708435
81.7595978, -12.0, 120.915435791
80.6866379, -12.0, 120.951126099
79.6136703, -12.0, 120.984848022
78.5407028, -12.0, 121.016685486
77.4677429, -12.0, 121.046714783
76.3947754, -12.0, 121.075027466
75.3218155, -12.0, 121.101715088
74.248848, -12.0, 121.126869202
73.1758804, -12.0, 121.15058136
72.1029205, -12.0, 121.172943115
71.029953, -12.0, 121.194046021
69.9569855, -12.0, 121.213981628
68.8840256, -12.0, 121.232826233
67.811058, -12.0, 121.250679016
66.7380981, -12.0, 121.267616272
65.6651306, -12.0, 121.283721924
64.5921631, -12.0, 121.299072266
63.5191994, -12.0, 121.313735962
62.4462357, -12.0, 121.327796936
61.3732719, -12.0, 121.341323853
60.3003082, -12.0, 121.354393005
59.2273407, -12.0, 121.3670578
58.154377, -12.0, 121.379402161
57.0814133, -12.0, 121.391479492
56.0084496, -12.0, 121.403366089
54.935482, -12.0, 121.415115356
53.8625183, -12.0, 121.426795959
52.7895546, -12.0, 121.438476562
51.7165909, -12.0, 121.450218201
50.6436234, -12.0, 121.462081909
49.5706596, -12.0, 121.474136353
48.4976959, -12.0, 121.486450195
47.4247322, -12.0, 121.499084473
46.3517647, -12.0, 121.512115479
45.278801, -12.0, 121.525604248
44.2058372, -12.0, 121.539627075
43.1328735, -12.0, 121.554267883
42.059906, -12.0, 121.569595337
40.9869423, -12.0, 121.585693359
39.9139786, -12.0, 121.602645874
38.8410149, -12.0, 121.620536804
37.7680473, -12.0, 121.639457703
36.6950836, -12.0, 121.659507751
35.6221199, -12.0, 121.680786133
34.5491562, -12.0, 121.703399658
33.4761887, -12.0, 121.727455139
32.4032249, -12.0, 121.753067017
31.3302612, -12.0, 121.78036499
30.2572956, -12.0, 121.809463501
29.1843319, -12.0, 121.840507507
28.1113663, -12.0, 121.87361908
27.0384026, -12.0, 121.908958435
25.9654369, -12.0, 121.946662903
24.8924732, -12.0, 121.986877441
23.8195076, -12.0, 122.02973938
22.7465439, -12.0, 122.075393677
21.6735783, -12.0, 122.123939514
20.6006145, -12.0, 122.175460815
19.5276489, -12.0, 122.229980469
18.4546852, -12.0, 122.287452698
17.3817196, -12.0, 122.347709656
16.3087559, -12.0, 122.410438538
15.2357912, -12.0, 122.475090027
14.1628265, -12.0, 122.540840149
13.0898619, -12.0, 122.606506348
12.0168972, -12.0, 122.670455933
10.9439325, -12.0, 122.730560303
9.87096786, -12.0, 122.784141541
8.7980032, -12.0, 122.828048706
7.72503853, -12.0, 122.85874176
6.65207386, -12.0, 122.872550964
5.57910919, -12.0, 122.866027832
4.50614452, -12.0, 122.836410522
3.43317962, -12.0, 122.781990051
2.36021495, -12.0, 122.702522278
1.2872504, -12.0, 122.599365234
0.214285716, -12.0, 122.475372314
-0.849624038, -12.0, 122.3358078
-1.91353381, -12.0, 122.184303284
-2.9774437, -12.0, 122.025535583
-4.04135323, -12.0, 121.863838196
-5.10526323, -12.0, 121.702835083
-6.16917276, -12.0, 121.545280457
-7.23308277, -12.0, 121.393066406
-8.2969923, -12.0, 121.247291565
-9.36090183, -12.0, 121.108421326
-10.4248123, -12.0, 120.9764328
-11.4887218, -12.0, 120.851005554
-12.5526314, -12.0, 120.731575012
-13.6165409, -12.0, 120.617446899
-14.6804514, -12.0, 120.507865906
-15.7443609, -12.0, 120.402023315
-16.8082714, -12.0, 120.299133301
-17.8721809, -12.0, 120.198364258
-18.9360905, -12.0, 120.098922729
98.9272308, -13.0, 130.065078735
97.854454, -13.0, 130.129425049
96.7816849, -13.0, 130.192855835
95.7089081, -13.0, 130.255172729
94.6361389, -13.0, 130.316192627
93.5633621, -13.0, 130.375762939
92.490593, -13.0, 130.43371582
91.4178162, -13.0, 130.48991394
90.345047, -13.0, 130.544265747
89.2722702, -13.0, 130.596664429
88.199501, -13.0, 130.647033691
87.1267319, -13.0, 130.695358276
86.0539551, -13.0, 130.741577148
84.9811859, -13.0, 130.785705566
83.9084091, -13.0, 130.82774353
82.83564, -13.0, 130.867721558
81.7628632, -13.0, 130.905685425
80.690094, -13.0, 130.941665649
79.6173172, -13.0, 130.975738525
78.544548, -13.0, 131.007965088
77.4717712, -13.0, 131.03843689
76.3990021, -13.0, 131.067230225
75.3262253, -13.0, 131.094406128
74.2534561, -13.0, 131.120071411
73.180687, -13.0, 131.144317627
72.1079102, -13.0, 131.167205811
71.035141, -13.0, 131.188842773
69.9623642, -13.0, 131.20930481
68.889595, -13.0, 131.228683472
67.8168182, -13.0, 131.247070312
66.7440491, -13.0, 131.264526367
65.6712723, -13.0, 131.281143188
64.5985031, -13.0, 131.296981812
63.5257301, -13.0, 131.312149048
62.4529572, -13.0, 131.326690674
61.3801842, -13.0, 131.340698242
60.3074112, -13.0, 131.354232788
59.2346382, -13.0, 131.367370605
58.1618652, -13.0, 131.380157471
57.0890923, -13.0, 131.392684937
56.0163193, -13.0, 131.405014038
54.9435501, -13.0, 131.417205811
53.8707771, -13.0, 131.429336548
52.7980042, -13.0, 131.441452026
51.7252312, -13.0, 131.45362854
50.6524582, -13.0, 131.465927124
49.5796852, -13.0, 131.478424072
48.5069122, -13.0, 131.491195679
47.4341393, -13.0, 131.504272461
46.3613663, -13.0, 131.51776123
45.2885933, -13.0, 131.531723022
44.2158203, -13.0, 131.546218872
43.1430473, -13.0, 131.561325073
42.0702782, -13.0, 131.577148438
40.9975052, -13.0, 131.593734741
39.9247322, -13.0, 131.611190796
38.8519592, -13.0, 131.629577637
37.7791862, -13.0, 131.649017334
36.7064133, -13.0, 131.669570923
35.6336403, -13.0, 131.691345215
34.5608673, -13.0, 131.714447021
33.4880943, -13.0, 131.738983154
32.4153214, -13.0, 131.765045166
31.3425503, -13.0, 131.792739868
30.2697773, -13.0, 131.82220459
29.1970043, -13.0, 131.853515625
28.1242313, -13.0, 131.886810303
27.0514584, -13.0, 131.922195435
25.9786873, -13.0, 131.959777832
24.9059143, -13.0, 131.999664307
23.8331413, -13.0, 132.041915894
22.7603683, -13.0, 132.086624146
21.6875954, -13.0, 132.133804321
20.6148243, -13.0, 132.183441162
19.5420513, -13.0, 132.235458374
18.4692783, -13.0, 132.28968811
17.3965054, -13.0, 132.345840454
16.3237324, -13.0, 132.4034729
15.2509604, -13.0, 132.461929321
14.1781874, -13.0, 132.520309448
13.1054144, -13.0, 132.577407837
12.0326424, -13.0, 132.63168335
10.9598694, -13.0, 132.68119812
9.88709641, -13.0, 132.723648071
8.81432438, -13.0, 132.756439209
7.7415514, -13.0, 132.776733398
6.6687789, -13.0, 132.781768799
5.59600592, -13.0, 132.768966675
4.52323341, -13.0, 132.736373901
3.45046091, -13.0, 132.682830811
2.37768817, -13.0, 132.608291626
1.30491555, -13.0, 132.513793945
0.232142851, -13.0, 132.401504517
-0.832706749, -13.0, 132.275436401
-1.89755642, -13.0, 132.138259888
-2.96240592, -13.0, 131.993637085
-4.02725554, -13.0, 131.844985962
-5.09210539, -13.0, 131.6953125
-6.15695477, -13.0, 131.547058105
-7.22180462, -13.0, 131.402008057
-8.28665447, -13.0, 131.261367798
-9.35150337, -13.0, 131.125793457
-10.4163532, -13.0, 130.995529175
-11.4812031, -13.0, 130.870513916
-12.5460529, -13.0, 130.750442505
-13.6109018, -13.0, 130.634857178
-14.6757517, -13.0, 130.523162842
-15.7406015, -13.0, 130.414749146
-16.8054504, -13.0, 130.308929443
-17.8703003, -13.0, 130.20501709
-18.9351501, -13.0, 130.102279663
98.9274216, -14.0, 140.06401062
97.8548355, -14.0, 140.127319336
96.7822571, -14.0, 140.189758301
95.7096786, -14.0, 140.25112915
94.6371002, -14.0, 140.311279297
93.5645142, -14.0, 140.370040894
92.4919357, -14.0, 140.42729187
91.4193573, -14.0, 140.482879639
90.3467712, -14.0, 140.536697388
89.2741928, -14.0, 140.588684082
88.2016144, -14.0, 140.638748169
87.1290359, -14.0, 140.686828613
86.0564499, -14.0, 140.732925415
84.9838715, -14.0, 140.777023315
83.911293, -14.0, 140.819107056
82.838707, -14.0, 140.859191895
81.7661285, -14.0, 140.897323608
80.6935501, -14.0, 140.933547974
79.6209641, -14.0, 140.967926025
78.5483856, -14.0, 141.000488281
77.4758072, -14.0, 141.031326294
76.4032288, -14.0, 141.060501099
75.3306427, -14.0, 141.088104248
74.2580643, -14.0, 141.114212036
73.1854858, -14.0, 141.138885498
72.1128998, -14.0, 141.162231445
71.0403214, -14.0, 141.184326172
69.9677429, -14.0, 141.205245972
68.8951645, -14.0, 141.225097656
67.8225784, -14.0, 141.243927002
66.75, -14.0, 141.261825562
65.6774216, -14.0, 141.278884888
64.6048355, -14.0, 141.295166016
63.5322571, -14.0, 141.310760498
62.4596786, -14.0, 141.325714111
61.3870964, -14.0, 141.340133667
60.314518, -14.0, 141.3540802
59.2419357, -14.0, 141.367614746
58.1693535, -14.0, 141.38079834
57.0967751, -14.0, 141.393722534
56.0241928, -14.0, 141.406433105
54.9516144, -14.0, 141.419006348
53.8790321, -14.0, 141.431518555
52.8064499, -14.0, 141.444015503
51.7338715, -14.0, 141.456573486
50.6612892, -14.0, 141.46925354
49.5887108, -14.0, 141.482147217
48.5161285, -14.0, 141.495285034
47.4435501, -14.0, 141.508773804
46.3709679, -14.0, 141.522644043
45.2983856, -14.0, 141.537002563
44.2258072, -14.0, 141.5519104
43.1532249, -14.0, 141.567443848
42.0806465, -14.0, 141.58366394
41.0080643, -14.0, 141.60067749
39.935482, -14.0, 141.618560791
38.8629036, -14.0, 141.637390137
37.7903214, -14.0, 141.657241821
36.7177429, -14.0, 141.678237915
35.6451607, -14.0, 141.700439453
34.5725822, -14.0, 141.723953247
33.5, -14.0, 141.74887085
32.4274178, -14.0, 141.775283813
31.3548393, -14.0, 141.803314209
30.282259, -14.0, 141.833023071
29.2096767, -14.0, 141.864532471
28.1370964, -14.0, 141.897918701
27.0645161, -14.0, 141.933288574
25.9919357, -14.0, 141.970672607
24.9193554, -14.0, 142.010162354
23.8467751, -14.0, 142.051773071
22.7741928, -14.0, 142.095535278
21.7016125, -14.0, 142.141387939
20.6290321, -14.0, 142.189239502
19.5564518, -14.0, 142.238937378
18.4838715, -14.0, 142.290206909
17.4112911, -14.0, 142.342681885
16.3387089, -14.0, 142.395812988
15.2661295, -14.0, 142.448913574
14.1935482, -14.0, 142.501022339
13.1209679, -14.0, 142.550979614
12.0483875, -14.0, 142.597320557
10.9758062, -14.0, 142.638305664
9.9032259, -14.0, 142.671966553
8.83064556, -14.0, 142.696136475
7.75806475, -14.0, 142.708557129
6.68548393, -14.0, 142.707061768
5.61290312, -14.0, 142.689743042
4.54032278, -14.0, 142.655136108
3.46774197, -14.0, 142.602462769
2.39516139, -14.0, 142.53175354
1.3225807, -14.0, 142.443878174
0.25, -14.0, 142.340499878
-0.815789461, -14.0, 142.224700928
-1.88157892, -14.0, 142.098587036
-2.94736838, -14.0, 141.964981079
-4.01315784, -14.0, 141.826705933
-5.07894754, -14.0, 141.686264038
-6.14473677, -14.0, 141.545761108
-7.21052647, -14.0, 141.406890869
-8.27631569, -14.0, 141.270828247
-9.34210491, -14.0, 141.138366699
-10.4078951, -14.0, 141.009918213
-11.4736843, -14.0, 140.885604858
-12.5394735, -14.0, 140.765304565
-13.6052628, -14.0, 140.648727417
-14.6710529, -14.0, 140.535476685
-15.7368422, -14.0, 140.425064087
-16.8026314, -14.0, 140.316925049
-17.8684216, -14.0, 140.210449219
-18.9342098, -14.0, 140.105010986
98.9276123, -15.0, 150.06312561
97.8552246, -15.0, 150.125579834
96.7828369, -15.0, 150.187194824
95.7104492, -15.0, 150.247787476
94.6380539, -15.0, 150.3072052
93.5656662, -15.0, 150.365310669
92.4932785, -15.0, 150.421966553
91.4208908, -15.0, 150.477035522
90.3485031, -15.0, 150.530426025
89.2761154, -15.0, 150.582046509
88.2037277, -15.0, 150.631835938
87.13134, -15.0, 150.679748535
86.0589447, -15.0, 150.725723267
84.986557, -15.0, 150.769775391
83.9141693, -15.0, 150.81187439
82.8417816, -15.0, 150.852050781
81.7693939, -15.0, 150.890335083
80.6970062, -15.0, 150.926757812
79.6246185, -15.0, 150.961349487
78.5522308, -15.0, 150.99420166
77.4798355, -15.0, 151.02532959
76.4074478, -15.0, 151.054840088
75.3350601, -15.0, 151.082778931
74.2626724, -15.0, 151.10925293
73.1902847, -15.0, 151.134307861
72.117897, -15.0, 151.15802002
71.0455093, -15.0, 151.180496216
69.9731216, -15.0, 151.201812744
68.9007263, -15.0, 151.22203064
67.8283386, -15.0, 151.241241455
66.7559509, -15.0, 151.259521484
65.6835632, -15.0, 151.276947021
64.6111755, -15.0, 151.29359436
63.5387878, -15.0, 151.309555054
62.4663963, -15.0, 151.324874878
61.3940086, -15.0, 151.339645386
60.3216209, -15.0, 151.353927612
59.2492332, -15.0, 151.367797852
58.1768417, -15.0, 151.381317139
57.104454, -15.0, 151.394577026
56.0320663, -15.0, 151.407608032
54.9596786, -15.0, 151.420516968
53.8872871, -15.0, 151.433349609
52.8148994, -15.0, 151.446166992
51.7425117, -15.0, 151.45904541
50.6701241, -15.0, 151.472061157
49.5977325, -15.0, 151.485275269
48.5253448, -15.0, 151.498748779
47.4529572, -15.0, 151.512557983
46.3805695, -15.0, 151.526763916
45.3081779, -15.0, 151.54145813
44.2357903, -15.0, 151.55670166
43.1634026, -15.0, 151.57258606
42.0910149, -15.0, 151.589172363
41.0186234, -15.0, 151.606536865
39.9462357, -15.0, 151.624771118
38.873848, -15.0, 151.643951416
37.8014603, -15.0, 151.664169312
36.7290688, -15.0, 151.685501099
35.6566811, -15.0, 151.708053589
34.5842934, -15.0, 151.731903076
33.5119057, -15.0, 151.757125854
32.439518, -15.0, 151.783828735
31.3671284, -15.0, 151.812103271
30.2947388, -15.0, 151.842010498
29.2223511, -15.0, 151.873641968
28.1499615, -15.0, 151.907058716
27.0775738, -15.0, 151.942337036
26.0051842, -15.0, 151.979507446
24.9327965, -15.0, 152.018600464
23.8604069, -15.0, 152.059585571
22.7880192, -15.0, 152.10244751
21.7156296, -15.0, 152.147064209
20.6432419, -15.0, 152.193313599
19.5708523, -15.0, 152.240936279
18.4984646, -15.0, 152.289627075
17.426075, -15.0, 152.338912964
16.3536873, -15.0, 152.38822937
15.2812977, -15.0, 152.436813354
14.208909, -15.0, 152.483734131
13.1365204, -15.0, 152.52784729
12.0641317, -15.0, 152.567810059
10.9917431, -15.0, 152.602050781
9.91935444, -15.0, 152.628875732
8.84696579, -15.0, 152.646453857
7.77457762, -15.0, 152.652938843
6.70218897, -15.0, 152.646621704
5.62980032, -15.0, 152.626022339
4.55741167, -15.0, 152.590057373
3.48502302, -15.0, 152.538192749
2.41263437, -15.0, 152.470474243
1.34024572, -15.0, 152.387634277
0.267857134, -15.0, 152.291000366
-0.798872173, -15.0, 152.183013916
-1.86560154, -15.0, 152.065338135
-2.93233085, -15.0, 151.9402771
-3.99906015, -15.0, 151.810134888
-5.0657897, -15.0, 151.677047729
-6.13251877, -15.0, 151.542861938
-7.19924831, -15.0, 151.409133911
-8.26597786, -15.0, 151.277008057
-9.33270645, -15.0, 151.147323608
-10.399436, -15.0, 151.020599365
-11.4661655, -15.0, 150.897079468
-12.5328951, -15.0, 150.776794434
-13.5996237, -15.0, 150.659606934
-14.6663532, -15.0, 150.545227051
-15.7330828, -15.0, 150.433273315
-16.7998123, -15.0, 150.323303223
-17.8665409, -15.0, 150.214797974
-18.9332714, -15.0, 150.107223511
98.927803, -16.0, 160.062423706
97.8556061, -16.0, 160.124176025
96.7834091, -16.0, 160.185119629
95.7112122, -16.0, 160.24508667
94.6390152, -16.0, 160.303924561
93.5668182, -16.0, 160.361495972
92.4946213, -16.0, 160.417663574
91.4224243, -16.0, 160.472320557
90.3502274, -16.0, 160.525360107
89.2780304, -16.0, 160.576690674
88.2058334, -16.0, 160.626266479
87.1336441, -16.0, 160.67401123
86.0614471, -16.0, 160.719894409
84.9892502, -16.0, 160.763900757
83.9170532, -16.0, 160.806015015
82.8448563, -16.0, 160.8462677
81.7726593, -16.0, 160.884658813
80.7004623, -16.0, 160.921218872
79.6282654, -16.0, 160.956008911
78.5560684, -16.0, 160.989059448
77.4838715, -16.0, 161.020446777
76.4116745, -16.0, 161.050216675
75.3394775, -16.0, 161.078430176
74.2672806, -16.0, 161.105194092
73.1950836, -16.0, 161.13053894
72.1228867, -16.0, 161.154571533
71.0506897, -16.0, 161.177352905
69.9784927, -16.0, 161.198974609
68.9062958, -16.0, 161.219512939
67.8340988, -16.0, 161.239028931
66.7619019, -16.0, 161.257614136
65.6897049, -16.0, 161.275344849
64.6175079, -16.0, 161.292297363
63.5453148, -16.0, 161.308547974
62.4731178, -16.0, 161.324157715
61.4009209, -16.0, 161.33921814
60.3287239, -16.0, 161.353775024
59.2565269, -16.0, 161.367935181
58.18433, -16.0, 161.381729126
57.1121368, -16.0, 161.395248413
56.0399399, -16.0, 161.408569336
54.9677429, -16.0, 161.421737671
53.895546, -16.0, 161.434829712
52.823349, -16.0, 161.447906494
51.751152, -16.0, 161.46105957
50.6789551, -16.0, 161.474334717
49.6067581, -16.0, 161.487808228
48.5345612, -16.0, 161.501556396
47.4623642, -16.0, 161.515625
46.3901672, -16.0, 161.53012085
45.3179741, -16.0, 161.545089722
44.2457771, -16.0, 161.56060791
43.1735802, -16.0, 161.576766968
42.1013832, -16.0, 161.593643188
41.0291862, -16.0, 161.611282349
39.9569893, -16.0, 161.629806519
38.8847923, -16.0, 161.649276733
37.8125954, -16.0, 161.669784546
36.7403984, -16.0, 161.69140625
35.6682014, -16.0, 161.71421814
34.5960045, -16.0, 161.738327026
33.5238113, -16.0, 161.763793945
32.4516144, -16.0, 161.790710449
31.3794155, -16.0, 161.819152832
30.3072205, -16.0, 161.849197388
29.2350235, -16.0, 161.880905151
28.1628265, -16.0, 161.914321899
27.0906296, -16.0, 161.949493408
26.0184326, -16.0, 161.986434937
24.9462357, -16.0, 162.025146484
23.8740406, -16.0, 162.065567017
22.8018436, -16.0, 162.107635498
21.7296467, -16.0, 162.151184082
20.6574497, -16.0, 162.196044922
19.5852528, -16.0, 162.241928101
18.5130577, -16.0, 162.28843689
17.4408607, -16.0, 162.335083008
16.3686638, -16.0, 162.381271362
15.2964668, -16.0, 162.426208496
14.2242708, -16.0, 162.468963623
13.1520739, -16.0, 162.508468628
12.0798769, -16.0, 162.543441772
11.0076809, -16.0, 162.572494507
9.93548393, -16.0, 162.594116211
8.86328697, -16.0, 162.606735229
7.79109049, -16.0, 162.608840942
6.718894, -16.0, 162.599014282
5.64669752, -16.0, 162.576080322
4.57450056, -16.0, 162.539215088
3.50230408, -16.0, 162.488037109
2.43010759, -16.0, 162.422607422
1.35791087, -16.0, 162.343566895
0.285714298, -16.0, 162.251998901
-0.781954885, -16.0, 162.149856567
-1.84962404, -16.0, 162.038543701
-2.91729331, -16.0, 161.919952393
-3.98496246, -16.0, 161.796051025
-5.05263138, -16.0, 161.668670654
-6.12030077, -16.0, 161.539474487
-7.18797016, -16.0, 161.409866333
-8.25563908, -16.0, 161.280960083
-9.32330799, -16.0, 161.153610229
-10.3909779, -16.0, 161.028396606
-11.4586468, -16.0, 160.905670166
-12.5263157, -16.0, 160.785522461
-13.5939846, -16.0, 160.667953491
-14.6616545, -16.0, 160.552749634
-15.7293234, -16.0, 160.439651489
-16.7969933, -16.0, 160.328277588
-17.8646622, -16.0, 160.218200684
-18.9323311, -16.0, 160.108947754
98.9279938, -17.0, 170.061859131
97.8559875, -17.0, 170.123092651
96.783989, -17.0, 170.183517456
95.7119827, -17.0, 170.242996216
94.6399765, -17.0, 170.301391602
93.5679703, -17.0, 170.358551025
92.4959641, -17.0, 170.414352417
91.4239655, -17.0, 170.468688965
90.3519592, -17.0, 170.521453857
89.279953, -17.0, 170.572570801
88.2079468, -17.0, 170.621963501
87.1359482, -17.0, 170.669570923
86.063942, -17.0, 170.715377808
84.9919357, -17.0, 170.759353638
83.9199295, -17.0, 170.801483154
82.8479233, -17.0, 170.841781616
81.7759247, -17.0, 170.880249023
80.7039185, -17.0, 170.916931152
79.6319122, -17.0, 170.951858521
78.559906, -17.0, 170.985076904
77.4878998, -17.0, 171.01663208
76.4159012, -17.0, 171.046600342
75.343895, -17.0, 171.075042725
74.2718887, -17.0, 171.102020264
73.1998825, -17.0, 171.127593994
72.1278839, -17.0, 171.151870728
71.0558777, -17.0, 171.17489624
69.9838715, -17.0, 171.196746826
68.9118652, -17.0, 171.217529297
67.839859, -17.0, 171.237289429
66.7678604, -17.0, 171.256118774
65.6958542, -17.0, 171.274078369
64.623848, -17.0, 171.291275024
63.5518417, -17.0, 171.307739258
62.4798393, -17.0, 171.323577881
61.4078331, -17.0, 171.338867188
60.3358307, -17.0, 171.353637695
59.2638245, -17.0, 171.368011475
58.1918221, -17.0, 171.382019043
57.1198158, -17.0, 171.395751953
56.0478096, -17.0, 171.40927124
54.9758072, -17.0, 171.422653198
53.903801, -17.0, 171.435943604
52.8317986, -17.0, 171.449249268
51.7597923, -17.0, 171.462600708
50.6877899, -17.0, 171.476074219
49.6157837, -17.0, 171.489761353
48.5437775, -17.0, 171.503707886
47.4717751, -17.0, 171.517990112
46.3997688, -17.0, 171.532699585
45.3277664, -17.0, 171.54788208
44.2557602, -17.0, 171.563613892
43.183754, -17.0, 171.579986572
42.1117516, -17.0, 171.597076416
41.0397453, -17.0, 171.614944458
39.9677429, -17.0, 171.633682251
38.8957367, -17.0, 171.653381348
37.8237343, -17.0, 171.674087524
36.7517281, -17.0, 171.695922852
35.6797218, -17.0, 171.718948364
34.6077194, -17.0, 171.743240356
33.5357132, -17.0, 171.768890381
32.4637108, -17.0, 171.795959473
31.3917046, -17.0, 171.824539185
30.3197002, -17.0, 171.854660034
29.2476959, -17.0, 171.886398315
28.1756916, -17.0, 171.919799805
27.1036873, -17.0, 171.954864502
26.031683, -17.0, 171.991592407
24.9596767, -17.0, 172.029968262
23.8876724, -17.0, 172.069915771
22.8156681, -17.0, 172.111328125
21.7436638, -17.0, 172.154006958
20.6716595, -17.0, 172.197753906
19.5996552, -17.0, 172.242233276
18.5276489, -17.0, 172.287017822
17.4556446, -17.0, 172.331619263
16.3836403, -17.0, 172.375366211
15.311636, -17.0, 172.417495728
14.2396317, -17.0, 172.457092285
13.1676264, -17.0, 172.493118286
12.0956221, -17.0, 172.524368286
11.0236177, -17.0, 172.549591064
9.95161247, -17.0, 172.56741333
8.87960815, -17.0, 172.576461792
7.80760384, -17.0, 172.575424194
6.73559904, -17.0, 172.56312561
5.66359425, -17.0, 172.538589478
4.59158993, -17.0, 172.501174927
3.51958537, -17.0, 172.450546265
2.44758058, -17.0, 172.38684082
1.37557602, -17.0, 172.310592651
0.303571433, -17.0, 172.222717285
-0.765037596, -17.0, 172.124801636
-1.83364666, -17.0, 172.018112183
-2.90225554, -17.0, 171.904266357
-3.97086477, -17.0, 171.784973145
-5.03947353, -17.0, 171.661849976
-6.10808277, -17.0, 171.536392212
-7.17669153, -17.0, 171.409912109
-8.24530029, -17.0, 171.283493042
-9.31390953, -17.0, 171.157989502
-10.3825188, -17.0, 171.033996582
-11.451128, -17.0, 170.91192627
-12.5197372, -17.0, 170.79196167
-13.5883455, -17.0, 170.67414856
-14.6569548, -17.0, 170.558380127
-15.725564, -17.0, 170.444442749
-16.7941723, -17.0, 170.332015991
-17.8627815, -17.0, 170.22076416
-18.9313908, -17.0, 170.110229492
98.9281845, -18.0, 180.061462402
97.8563766, -18.0, 180.122299194
96.7845612, -18.0, 180.182373047
95.7127533, -18.0, 180.241500854
94.6409378, -18.0, 180.299575806
93.5691223, -18.0, 180.356445312
92.4973145, -18.0, 180.411987305
91.425499, -18.0, 180.466094971
90.3536835, -18.0, 180.518661499
89.2818756, -18.0, 180.569610596
88.2100601, -18.0, 180.618881226
87.1382523, -18.0, 180.666412354
86.0664368, -18.0, 180.712158203
84.9946213, -18.0, 180.756103516
83.9228134, -18.0, 180.798233032
82.8509979, -18.0, 180.838562012
81.7791824, -18.0, 180.877090454
80.7073746, -18.0, 180.913848877
79.6355591, -18.0, 180.948867798
78.5637512, -18.0, 180.982208252
77.4919357, -18.0, 181.013900757
76.4201202, -18.0, 181.044006348
75.3483124, -18.0, 181.07258606
74.2764969, -18.0, 181.099731445
73.2046814, -18.0, 181.125473022
72.1328735, -18.0, 181.149902344
71.061058, -18.0, 181.173110962
69.9892502, -18.0, 181.195144653
68.9174347, -18.0, 181.216079712
67.8456192, -18.0, 181.236022949
66.7738113, -18.0, 181.255020142
65.7019958, -18.0, 181.273147583
64.630188, -18.0, 181.290496826
63.5583725, -18.0, 181.307144165
62.4865608, -18.0, 181.323135376
61.4147453, -18.0, 181.338577271
60.3429337, -18.0, 181.353515625
59.271122, -18.0, 181.368041992
58.1993103, -18.0, 181.382202148
57.1274948, -18.0, 181.396087646
56.0556831, -18.0, 181.409759521
54.9838715, -18.0, 181.423278809
53.9120598, -18.0, 181.436721802
52.8402443, -18.0, 181.450164795
51.7684326, -18.0, 181.463668823
50.6966209, -18.0, 181.477294922
49.6248093, -18.0, 181.491119385
48.5529938, -18.0, 181.505218506
47.4811821, -18.0, 181.51965332
46.4093704, -18.0, 181.534500122
45.3375587, -18.0, 181.549819946
44.2657433, -18.0, 181.565719604
43.1939316, -18.0, 181.582244873
42.1221199, -18.0, 181.599487305
41.0503082, -18.0, 181.617507935
39.9784927, -18.0, 181.636398315
38.9066811, -18.0, 181.656234741
37.8348694, -18.0, 181.677108765
36.7630577, -18.0, 181.699081421
35.691246, -18.0, 181.722244263
34.6194305, -18.0, 181.746673584
33.5476189, -18.0, 181.77243042
32.4758072, -18.0, 181.799606323
31.4039936, -18.0, 181.82824707
30.3321819, -18.0, 181.858428955
29.2603683, -18.0, 181.890182495
28.1885567, -18.0, 181.923538208
27.1167431, -18.0, 181.958511353
26.0449314, -18.0, 181.99508667
24.9731178, -18.0, 182.033203125
23.9013062, -18.0, 182.072784424
22.8294926, -18.0, 182.113693237
21.7576809, -18.0, 182.15574646
20.6858673, -18.0, 182.198654175
19.6140556, -18.0, 182.242111206
18.5422421, -18.0, 182.285675049
17.4704304, -18.0, 182.328781128
16.3986168, -18.0, 182.370803833
15.3268051, -18.0, 182.410964966
14.2549925, -18.0, 182.448348999
13.1831799, -18.0, 182.481948853
12.1113672, -18.0, 182.510650635
11.0395546, -18.0, 182.533248901
9.96774197, -18.0, 182.54850769
8.89592934, -18.0, 182.555160522
7.82411671, -18.0, 182.552062988
6.75230408, -18.0, 182.538146973
5.68049145, -18.0, 182.51260376
4.60867882, -18.0, 182.474868774
3.53686643, -18.0, 182.424697876
2.4650538, -18.0, 182.362213135
1.39324117, -18.0, 182.287902832
0.321428567, -18.0, 182.202575684
-0.748120308, -18.0, 182.107543945
-1.81766915, -18.0, 182.003997803
-2.887218, -18.0, 181.8934021
-3.95676684, -18.0, 181.777252197
-5.02631569, -18.0, 181.657043457
-6.09586477, -18.0, 181.534179688
-7.16541338, -18.0, 181.409896851
-8.23496246, -18.0, 181.285232544
-9.30451107, -18.0, 181.161026001
-10.3740597, -18.0, 181.037902832
-11.4436092, -18.0, 180.916305542
-12.5131578, -18.0, 180.79649353
-13.5827065, -18.0, 180.678512573
-14.652256, -18.0, 180.562347412
-15.7218046, -18.0, 180.447814941
-16.7913532, -18.0, 180.334655762
-17.8609028, -18.0, 180.222564697
-18.9304504, -18.0, 180.11114502
98.9283829, -19.0, 190.061218262
97.8567581, -19.0, 190.121826172
96.785141, -19.0, 190.181655884
95.7135162, -19.0, 190.240600586
94.6418991, -19.0, 190.298477173
93.5702744, -19.0, 190.355163574
92.4986572, -19.0, 190.410552979
91.4270325, -19.0, 190.464508057
90.3554153, -19.0, 190.516967773
89.2837906, -19.0, 190.567825317
88.2121735, -19.0, 190.617004395
87.1405563, -19.0, 190.664474487
86.0689316, -19.0, 190.710189819
84.9973145, -19.0, 190.754119873
83.9256897, -19.0, 190.79624939
82.8540726, -19.0, 190.836593628
81.7824478, -19.0, 190.875152588
80.7108307, -19.0, 190.911956787
79.6392059, -19.0, 190.947036743
78.5675888, -19.0, 190.980438232
77.4959641, -19.0, 191.012207031
76.4243469, -19.0, 191.042404175
75.3527298, -19.0, 191.071075439
74.281105, -19.0, 191.098312378
73.2094879, -19.0, 191.124160767
72.1378632, -19.0, 191.148696899
71.066246, -19.0, 191.17199707
69.9946213, -19.0, 191.194122314
68.9230042, -19.0, 191.215179443
67.8513794, -19.0, 191.235214233
66.7797623, -19.0, 191.254318237
65.7081375, -19.0, 191.27255249
64.6365204, -19.0, 191.289993286
63.5648994, -19.0, 191.306732178
62.4932785, -19.0, 191.3228302
61.4216576, -19.0, 191.338363647
60.3500366, -19.0, 191.353408813
59.2784195, -19.0, 191.368011475
58.2067986, -19.0, 191.382278442
57.1351776, -19.0, 191.396255493
56.0635567, -19.0, 191.410003662
54.9919357, -19.0, 191.423614502
53.9203148, -19.0, 191.437149048
52.8486938, -19.0, 191.450668335
51.7770729, -19.0, 191.464263916
50.705452, -19.0, 191.477981567
49.633831, -19.0, 191.491882324
48.5622101, -19.0, 191.506072998
47.490593, -19.0, 191.520584106
46.418972, -19.0, 191.535522461
45.3473511, -19.0, 191.550949097
44.2757301, -19.0, 191.566925049
43.2041092, -19.0, 191.583526611
42.1324883, -19.0, 191.600860596
41.0608673, -19.0, 191.618972778
39.9892464, -19.0, 191.637954712
38.9176254, -19.0, 191.657867432
37.8460045, -19.0, 191.678817749
36.7743874, -19.0, 191.700881958
35.7027664, -19.0, 191.724105835
34.6311455, -19.0, 191.74861145
33.5595245, -19.0, 191.774429321
32.4879036, -19.0, 191.801651001
31.4162827, -19.0, 191.830337524
30.3446617, -19.0, 191.860534668
29.2730408, -19.0, 191.892288208
28.2014217, -19.0, 191.925613403
27.1298008, -19.0, 191.960510254
26.0581799, -19.0, 191.996963501
24.9865589, -19.0, 192.034912109
23.914938, -19.0, 192.074264526
22.843317, -19.0, 192.114852905
21.771698, -19.0, 192.156509399
20.7000771, -19.0, 192.198928833
19.6284561, -19.0, 192.241760254
18.5568352, -19.0, 192.284561157
17.4852142, -19.0, 192.326797485
16.4135952, -19.0, 192.367797852
15.3419743, -19.0, 192.406784058
14.2703533, -19.0, 192.442871094
13.1987324, -19.0, 192.475067139
12.1271124, -19.0, 192.502304077
11.0554914, -19.0, 192.523406982
9.98387051, -19.0, 192.537200928
8.91225052, -19.0, 192.542526245
7.84062958, -19.0, 192.538284302
6.76900911, -19.0, 192.523529053
5.69738865, -19.0, 192.4974823
4.62576818, -19.0, 192.459640503
3.55414748, -19.0, 192.409820557
2.48252678, -19.0, 192.348114014
1.41090631, -19.0, 192.274993896
0.339285702, -19.0, 192.191207886
-0.73120302, -19.0, 192.097885132
-1.80169177, -19.0, 191.996170044
-2.87218046, -19.0, 191.887435913
-3.94266915, -19.0, 191.773117065
-5.01315784, -19.0, 191.65461731
-6.08364677, -19.0, 191.53326416
-7.15413523, -19.0, 191.410232544
-8.22462368, -19.0, 191.286575317
-9.29511261, -19.0, 191.163101196
-10.3656015, -19.0, 191.040481567
-11.4360905, -19.0, 190.919143677
-12.5065794, -19.0, 190.799377441
-13.5770674, -19.0, 190.681289673
-14.6475563, -19.0, 190.564849854
-15.7180452, -19.0, 190.449935913
-16.7885342, -19.0, 190.33631897
-17.8590221, -19.0, 190.223693848
-18.929512, -19.0, 190.111709595
2.01703215, 0.800000012, 12.2156896591
3.08206463, 0.800000012, 8.1598033905
4.14709663, 0.800000012, 3.45449209213
5.21212912, 0.800000012, -0.793861210346
6.27716112, 0.800000012, -2.85961318016
7.3421936, 0.800000012, -4.03758430481
8.40722561, 0.800000012, -4.76228666306
9.47225761, 0.800000012, -5.22422266006
10.5372906, 0.800000012, -5.52913856506
11.6023226, 0.800000012, -5.7394657135
12.6673546, 0.800000012, -5.89164352417
13.7323875, 0.800000012, -6.00648164749
14.7974195, 0.800000012, -6.0960316658
15.8624516, 0.800000012, -6.16777133942
16.9274845, 0.800000012, -6.22651720047
17.9925156, 0.800000012, -6.27550649643
19.0575485, 0.800000012, -6.31700277328
20.1225815, 0.800000012, -6.35263252258
21.1876125, 0.800000012, -6.38358879089
22.2526455, 0.800000012, -6.41075229645
23.3176765, 0.800000012, -6.43477630615
24.3827095, 0.800000012, -6.45615053177
25.4477425, 0.800000012, -6.47525310516
26.5127735, 0.800000012, -6.49238300323
27.5778065, 0.800000012, -6.50778150558
28.6428394, 0.800000012, -6.52164411545
29.7078705, 0.800000012, -6.53413105011
30.7729034, 0.800000012, -6.54537534714
31.8379364, 0.800000012, -6.55549001694
32.9029694, 0.800000012, -6.56457519531
33.9679985, 0.800000012, -6.57272338867
35.0330315, 0.800000012, -6.58002281189
36.0980644, 0.800000012, -6.58655834198
37.1630974, 0.800000012, -6.59240865707
38.2281303, 0.800000012, -6.59764814377
39.2931595, 0.800000012, -6.60234498978
40.3581924, 0.800000012, -6.60656166077
41.4232254, 0.800000012, -6.61035633087
42.4882584, 0.800000012, -6.6137804985
43.5532913, 0.800000012, -6.61688137054
44.6183243, 0.800000012, -6.61970186234
45.6833534, 0.800000012, -6.62228059769
46.7483864, 0.800000012, -6.62465190887
47.8134193, 0.800000012, -6.62684822083
48.8784523, 0.800000012, -6.62889957428
49.9434853, 0.800000012, -6.63083171844
51.0085144, 0.800000012, -6.63266992569
52.0735474, 0.800000012, -6.63443803787
53.1385803, 0.800000012, -6.63615894318
54.2036133, 0.800000012, -6.63785362244
55.2686462, 0.800000012, -6.63954401016
56.3336792, 0.800000012, -6.64125156403
57.3987083, 0.800000012, -6.6429977417
58.4637413, 0.800000012, -6.64480543137
59.5287743, 0.800000012, -6.64669895172
60.5938072, 0.800000012, -6.64870357513
61.6588402, 0.800000012, -6.65084791183
62.7238693, 0.800000012, -6.65316152573
63.7889023, 0.800000012, -6.65567970276
64.8539352, 0.800000012, -6.65844011307
65.9189682, 0.800000012, -6.66148662567
66.9840012, 0.800000012, -6.66486883163
68.0490341, 0.800000012, -6.66864347458
69.1140671, 0.800000012, -6.67287492752
70.1791, 0.800000012, -6.67763948441
71.2441254, 0.800000012, -6.68302297592
72.3091583, 0.800000012, -6.68912792206
73.3741913, 0.800000012, -6.69607496262
74.4392242, 0.800000012, -6.70400428772
75.5042572, 0.800000012, -6.71307945251
76.5692902, 0.800000012, -6.72348976135
77.6343231, 0.800000012, -6.73544502258
78.6993561, 0.800000012, -6.74918413162
79.764389, 0.800000012, -6.76497745514
80.829422, 0.800000012, -6.78313922882
81.894455, 0.800000012, -6.80404138565
82.9594803, 0.800000012, -6.82811689377
84.0245132, 0.800000012, -6.85586166382
85.0895462, 0.800000012, -6.88782739639
86.1545792, 0.800000012, -6.92461299896
87.2196121, 0.800000012, -6.96685171127
88.2846451, 0.800000012, -7.01518154144
89.349678, 0.800000012, -7.07019519806
90.414711, 0.800000012, -7.13237380981
91.479744, 0.800000012, -7.2020368576
92.5447769, 0.800000012, -7.27932262421
93.6098099, 0.800000012, -7.36418247223
94.6748352, 0.800000012, -7.45636367798
95.7398682, 0.800000012, -7.55537700653
96.8049011, 0.800000012, -7.66045331955
97.8699341, 0.800000012, -7.77052402496
98.934967, 0.800000012, -7.88423299789
2.95879579, 1.60000002, 4.81739664078
4.01359129, 1.60000002, -2.83270406723
5.06838703, 1.60000002, -7.19099617004
6.12318277, 1.60000002, -9.72437953949
7.17797852, 1.60000002, -11.1890611649
8.23277378, 1.60000002, -12.0714712143
9.28757, 1.60000002, -12.6115617752
10.3423653, 1.60000002, -12.9519538879
11.3971615, 1.60000002, -13.1783447266
12.4519567, 1.60000002, -13.3397626877
13.506753, 1.60000002, -13.4628601074
14.5615482, 1.60000002, -13.5596408844
15.6163445, 1.60000002, -13.6379213333
16.6711407, 1.60000002, -13.7026510239
17.725935, 1.60000002, -13.7570896149
18.7807312, 1.60000002, -13.8035106659
19.8355274, 1.60000002, -13.8435668945
20.8903217, 1.60000002, -13.8785018921
21.945118, 1.60000002, -13.9092636108
22.9999142, 1.60000002, -13.9365587234
24.0547104, 1.60000002, -13.9609069824
25.1095047, 1.60000002, -13.9827032089
26.1643009, 1.60000002, -14.0022630692
27.2190971, 1.60000002, -14.0198392868
28.2738934, 1.60000002, -14.0356416702
29.3286877, 1.60000002, -14.0498399734
30.3834839, 1.60000002, -14.062584877
31.4382801, 1.60000002, -14.074005127
32.4930763, 1.60000002, -14.0842142105
33.5478706, 1.60000002, -14.0933151245
34.6026649, 1.60000002, -14.1014080048
35.6574631, 1.60000002, -14.1085910797
36.7122574, 1.60000002, -14.1149568558
37.7670555, 1.60000002, -14.1205940247
38.8218498, 1.60000002, -14.125585556
39.8766441, 1.60000002, -14.1300077438
40.9314423, 1.60000002, -14.1339292526
41.9862366, 1.60000002, -14.1374139786
43.0410309, 1.60000002, -14.1405162811
44.095829, 1.60000002, -14.1432886124
45.1506233, 1.60000002, -14.1457767487
46.2054176, 1.60000002, -14.148021698
47.2602158, 1.60000002, -14.1500597
48.3150101, 1.60000002, -14.151925087
49.3698082, 1.60000002, -14.1536474228
50.4246025, 1.60000002, -14.1552562714
51.4793968, 1.60000002, -14.1567764282
52.5341949, 1.60000002, -14.1582326889
53.5889893, 1.60000002, -14.1596479416
54.6437836, 1.60000002, -14.1610450745
55.6985817, 1.60000002, -14.1624469757
56.753376, 1.60000002, -14.1638765335
57.8081703, 1.60000002, -14.1653547287
58.8629684, 1.60000002, -14.1669092178
59.9177628, 1.60000002, -14.1685638428
60.9725609, 1.60000002, -14.1703491211
62.0273552, 1.60000002, -14.1722955704
63.0821495, 1.60000002, -14.1744375229
64.1369476, 1.60000002, -14.1768159866
65.1917419, 1.60000002, -14.179476738
66.2465363, 1.60000002, -14.182469368
67.3013306, 1.60000002, -14.1858558655
68.3561325, 1.60000002, -14.1897029877
69.4109268, 1.60000002, -14.1940927505
70.4657211, 1.60000002, -14.1991167068
71.5205154, 1.60000002, -14.2048854828
72.5753098, 1.60000002, -14.2115287781
73.6301041, 1.60000002, -14.2192020416
74.684906, 1.60000002, -14.2280883789
75.7397003, 1.60000002, -14.238404274
76.7944946, 1.60000002, -14.2503929138
77.8492889, 1.60000002, -14.2643356323
78.9040833, 1.60000002, -14.2805452347
79.9588852, 1.60000002, -14.2993888855
81.0136795, 1.60000002, -14.3212995529
82.0684738, 1.60000002, -14.3467988968
83.1232681, 1.60000002, -14.3765106201
84.1780624, 1.60000002, -14.4111595154
85.2328568, 1.60000002, -14.4515743256
86.2876587, 1.60000002, -14.4986963272
87.342453, 1.60000002, -14.5535764694
88.3972473, 1.60000002, -14.6173439026
89.4520416, 1.60000002, -14.6910905838
90.5068359, 1.60000002, -14.7756872177
91.5616379, 1.60000002, -14.8716459274
92.6164322, 1.60000002, -14.9790992737
93.6712265, 1.60000002, -15.0978946686
94.7260208, 1.60000002, -15.2276248932
95.7808151, 1.60000002, -15.3675708771
96.8356094, 1.60000002, -15.5166063309
97.8904114, 1.60000002, -15.6731357574
98.9452057, 1.60000002, -15.8350887299
3.90055919, 2.4000001, -6.66887998581
4.94511843, 2.4000001, -11.9373149872
5.98967743, 2.4000001, -15.1454277039
7.03423643, 2.4000001, -17.1267051697
8.07879543, 2.4000001, -18.3436641693
9.12335491, 2.4000001, -19.0796852112
10.1679144, 2.4000001, -19.5274486542
11.2124729, 2.4000001, -19.8132171631
12.2570324, 2.4000001, -20.0048122406
13.3015919, 2.4000001, -20.1643638611
14.3461504, 2.4000001, -20.2923622131
15.3907099, 2.4000001, -20.3975467682
16.4352684, 2.4000001, -20.4857730865
17.4798279, 2.4000001, -20.560792923
18.5243874, 2.4000001, -20.6252479553
19.5689468, 2.4000001, -20.6810817719
20.6135063, 2.4000001, -20.7298336029
21.6580639, 2.4000001, -20.7727794647
22.7026234, 2.4000001, -20.8109149933
23.7471828, 2.4000001, -20.8449497223
24.7917423, 2.4000001, -20.8753986359
25.8363018, 2.4000001, -20.9026756287
26.8808594, 2.4000001, -20.9271202087
27.9254189, 2.4000001, -20.949010849
28.9699783, 2.4000001, -20.9685783386
30.0145378, 2.4000001, -20.9860420227
31.0590973, 2.4000001, -21.0016136169
32.1036568, 2.4000001, -21.0154743195
33.1482162, 2.4000001, -21.0277786255
34.1927757, 2.4000001, -21.0386657715
35.2373352, 2.4000001, -21.0482749939
36.2818909, 2.4000001, -21.0567378998
37.3264503, 2.4000001, -21.0641803741
38.3710098, 2.4000001, -21.0707168579
39.4155693, 2.4000001, -21.0764560699
40.4601288, 2.4000001, -21.081495285
41.5046883, 2.4000001, -21.0859260559
42.5492477, 2.4000001, -21.0898265839
43.5938072, 2.4000001, -21.0932655334
44.6383667, 2.4000001, -21.0963115692
45.6829262, 2.4000001, -21.0990180969
46.7274857, 2.4000001, -21.1014385223
47.7720413, 2.4000001, -21.1036148071
48.8166008, 2.4000001, -21.1055927277
49.8611603, 2.4000001, -21.1074085236
50.9057198, 2.4000001, -21.1090946198
51.9502792, 2.4000001, -21.1106853485
52.9948387, 2.4000001, -21.1122093201
54.0393982, 2.4000001, -21.1136951447
55.0839577, 2.4000001, -21.1151733398
56.1285172, 2.4000001, -21.1166706085
57.1730766, 2.4000001, -21.1182155609
58.2176361, 2.4000001, -21.1198387146
59.2621918, 2.4000001, -21.1215705872
60.3067513, 2.4000001, -21.1234493256
61.3513107, 2.4000001, -21.1255111694
62.3958702, 2.4000001, -21.1277980804
63.4404297, 2.4000001, -21.1303596497
64.484993, 2.4000001, -21.1332492828
65.5295486, 2.4000001, -21.1365318298
66.5741043, 2.4000001, -21.1402797699
67.6186676, 2.4000001, -21.1445770264
68.6632233, 2.4000001, -21.149520874
69.7077866, 2.4000001, -21.1552257538
70.7523422, 2.4000001, -21.1618270874
71.7969055, 2.4000001, -21.1694850922
72.8414612, 2.4000001, -21.1783924103
73.8860245, 2.4000001, -21.1887760162
74.9305801, 2.4000001, -21.2009048462
75.9751434, 2.4000001, -21.2150878906
77.0196991, 2.4000001, -21.231672287
78.0642548, 2.4000001, -21.2510700226
79.1088181, 2.4000001, -21.273765564
80.1533737, 2.4000001, -21.300327301
81.197937, 2.4000001, -21.3314342499
82.2424927, 2.4000001, -21.367893219
83.287056, 2.4000001, -21.4106636047
84.3316116, 2.4000001, -21.4608688354
85.3761749, 2.4000001, -21.5198440552
86.4207306, 2.4000001, -21.5891952515
87.4652939, 2.4000001, -21.6708564758
88.5098495, 2.4000001, -21.7671298981
89.5544052, 2.4000001, -21.8805141449
90.5989685, 2.4000001, -22.0130844116
91.6435242, 2.4000001, -22.1658058167
92.6880875, 2.4000001, -22.3385181427
93.7326431, 2.4000001, -22.5305118561
94.7772064, 2.4000001, -22.7408905029
95.8217621, 2.4000001, -22.9683876038
96.8663254, 2.4000001, -23.2111206055
97.910881, 2.4000001, -23.4664134979
98.9554443, 2.4000001, -23.7307815552
4.84232235, 3.20000005, -14.7898693085
5.87664509, 3.20000005, -18.943069458
6.91096783, 3.20000005, -21.6356754303
7.94529009, 3.20000005, -23.3941860199
8.9796133, 3.20000005, -24.4818840027
10.0139351, 3.20000005, -25.1487884521
11.0482578, 3.20000005, -25.5736732483
12.0825806, 3.20000005, -25.8662834167
13.1169033, 3.20000005, -26.0879611969
14.151226, 3.20000005, -26.2668094635
15.1855488, 3.20000005, -26.4162559509
16.2198715, 3.20000005, -26.5436668396
17.2541943, 3.20000005, -26.6533145905
18.288517, 3.20000005, -26.7482204437
19.3228378, 3.20000005, -26.830745697
20.3571606, 3.20000005, -26.9028739929
21.3914833, 3.20000005, -26.9664363861
22.425806, 3.20000005, -27.022983551
23.4601288, 3.20000005, -27.0735626221
24.4944515, 3.20000005, -27.118844986
25.5287743, 3.20000005, -27.1593608856
26.563097, 3.20000005, -27.1955299377
27.5974197, 3.20000005, -27.2277526855
28.6317425, 3.20000005, -27.2563591003
29.6660652, 3.20000005, -27.2816867828
30.700388, 3.20000005, -27.3041191101
31.7347088, 3.20000005, -27.3239917755
32.7690315, 3.20000005, -27.3415718079
33.8033562, 3.20000005, -27.3570842743
34.837677, 3.20000005, -27.3707313538
35.8720016, 3.20000005, -27.3827114105
36.9063225, 3.20000005, -27.3932037354
37.9406433, 3.20000005, -27.4023838043
38.974968, 3.20000005, -27.41040802
40.0092888, 3.20000005, -27.4174175262
41.0436134, 3.20000005, -27.4235439301
42.0779343, 3.20000005, -27.4289016724
43.1122589, 3.20000005, -27.4335956573
44.1465797, 3.20000005, -27.4377193451
45.1809044, 3.20000005, -27.4413509369
46.2152252, 3.20000005, -27.444568634
47.2495499, 3.20000005, -27.4474315643
48.2838707, 3.20000005, -27.4500045776
49.3181953, 3.20000005, -27.4523353577
50.3525162, 3.20000005, -27.4544734955
51.386837, 3.20000005, -27.4564628601
52.4211617, 3.20000005, -27.4583454132
53.4554825, 3.20000005, -27.4601593018
54.4898071, 3.20000005, -27.4619426727
55.524128, 3.20000005, -27.4637317657
56.5584526, 3.20000005, -27.4655647278
57.5927734, 3.20000005, -27.4674816132
58.6270981, 3.20000005, -27.4695224762
59.6614189, 3.20000005, -27.4717311859
60.6957436, 3.20000005, -27.474155426
61.7300644, 3.20000005, -27.4768486023
62.7643852, 3.20000005, -27.4798736572
63.7987099, 3.20000005, -27.4832954407
64.8330307, 3.20000005, -27.4871959686
65.8673553, 3.20000005, -27.4916648865
66.90168, 3.20000005, -27.4968070984
67.935997, 3.20000005, -27.502746582
68.9703217, 3.20000005, -27.5096244812
70.0046463, 3.20000005, -27.5176086426
71.0389709, 3.20000005, -27.5268993378
72.073288, 3.20000005, -27.5377349854
73.1076126, 3.20000005, -27.5503997803
74.1419373, 3.20000005, -27.5652332306
75.1762543, 3.20000005, -27.582616806
76.2105789, 3.20000005, -27.6029624939
77.2449036, 3.20000005, -27.6267375946
78.2792282, 3.20000005, -27.6545619965
79.3135452, 3.20000005, -27.6872062683
80.3478699, 3.20000005, -27.7255744934
81.3821945, 3.20000005, -27.7707042694
82.4165192, 3.20000005, -27.8237991333
83.4508362, 3.20000005, -27.8861789703
84.4851608, 3.20000005, -27.959356308
85.5194855, 3.20000005, -28.0453071594
86.5538101, 3.20000005, -28.1465301514
87.5881271, 3.20000005, -28.2660369873
88.6224518, 3.20000005, -28.4080410004
89.6567764, 3.20000005, -28.5785655975
90.6910934, 3.20000005, -28.7836303711
91.7254181, 3.20000005, -29.025724411
92.7597427, 3.20000005, -29.3031673431
93.7940674, 3.20000005, -29.613155365
94.8283844, 3.20000005, -29.9536418915
95.862709, 3.20000005, -30.3224983215
96.8970337, 3.20000005, -30.7165985107
97.9313583, 3.20000005, -31.1315803528
98.9656754, 3.20000005, -31.5617103577
5.78408623, 4.0, -21.0235748291
6.80817223, 4.0, -24.7571048737
7.83225822, 4.0, -27.2280292511
8.85634422, 4.0, -28.7833957672
9.88043022, 4.0, -29.7401561737
10.9045162, 4.0, -30.34192276
11.9286022, 4.0, -30.7484054565
12.9526882, 4.0, -31.0514717102
13.9767742, 4.0, -31.297334671
15.0008602, 4.0, -31.5069713593
16.0249462, 4.0, -31.6895885468
17.0490322, 4.0, -31.8488483429
18.0731182, 4.0, -31.9876480103
19.0972042, 4.0, -32.1085586548
20.1212902, 4.0, -32.2140731812
21.1453762, 4.0, -32.3071708679
22.1694622, 4.0, -32.3904533386
23.1935482, 4.0, -32.4655761719
24.2176342, 4.0, -32.5335044861
25.2417202, 4.0, -32.5948295593
26.2658062, 4.0, -32.6494560242
27.2898922, 4.0, -32.6978302002
28.3139782, 4.0, -32.7404556274
29.3380642, 4.0, -32.77784729
30.3621502, 4.0, -32.81067276
31.3862362, 4.0, -32.8395729065
32.4103241, 4.0, -32.8650283813
33.4344101, 4.0, -32.887424469
34.4584961, 4.0, -32.907081604
35.4825821, 4.0, -32.9242973328
36.5066681, 4.0, -32.9393463135
37.5307541, 4.0, -32.9524765015
38.5548401, 4.0, -32.9639205933
39.5789261, 4.0, -32.9738922119
40.6030121, 4.0, -32.9825744629
41.6270981, 4.0, -32.9901428223
42.6511841, 4.0, -32.9967460632
43.6752701, 4.0, -33.0025177002
44.6993561, 4.0, -33.0075759888
45.7234421, 4.0, -33.0120315552
46.7475281, 4.0, -33.0159683228
47.7716141, 4.0, -33.0194778442
48.7957001, 4.0, -33.0226325989
49.8197861, 4.0, -33.0254974365
50.8438721, 4.0, -33.0281333923
51.8679581, 4.0, -33.0306015015
52.8920441, 4.0, -33.032951355
53.9161301, 4.0, -33.0352363586
54.9402161, 4.0, -33.0375022888
55.9643021, 4.0, -33.0398025513
56.9883881, 4.0, -33.0421867371
58.0124741, 4.0, -33.044708252
59.0365601, 4.0, -33.0474205017
60.0606461, 4.0, -33.0503883362
61.0847321, 4.0, -33.0536766052
62.1088181, 4.0, -33.0573616028
63.1329041, 4.0, -33.0615272522
64.1569901, 4.0, -33.066280365
65.181076, 4.0, -33.071723938
66.205162, 4.0, -33.0779953003
67.229248, 4.0, -33.0852470398
68.253334, 4.0, -33.0936546326
69.27742, 4.0, -33.103427887
70.301506, 4.0, -33.114818573
71.325592, 4.0, -33.128112793
72.349678, 4.0, -33.1436691284
73.373764, 4.0, -33.1619110107
74.39785, 4.0, -33.1833343506
75.421936, 4.0, -33.2084617615
76.446022, 4.0, -33.2377853394
77.470108, 4.0, -33.2718963623
78.494194, 4.0, -33.3117866516
79.51828, 4.0, -33.3587493896
80.542366, 4.0, -33.4141426086
81.566452, 4.0, -33.4795265198
82.590538, 4.0, -33.556678772
83.614624, 4.0, -33.6470489502
84.63871, 4.0, -33.7520751953
85.662796, 4.0, -33.8747062683
86.686882, 4.0, -34.01820755
87.710968, 4.0, -34.1852378845
88.735054, 4.0, -34.3802604675
89.75914, 4.0, -34.6155967712
90.783226, 4.0, -34.9124794006
91.807312, 4.0, -35.2836303711
92.831398, 4.0, -35.7196846008
93.855484, 4.0, -36.2087669373
94.87957, 4.0, -36.7473754883
95.903656, 4.0, -37.3319168091
96.927742, 4.0, -37.9574165344
97.951828, 4.0, -38.6170043945
98.975914, 4.0, -39.3016242981
6.72584963, 4.80000019, -26.3418941498
7.73969889, 4.80000019, -29.6604557037
8.75354862, 4.80000019, -31.7998390198
9.76739788, 4.80000019, -33.1256217957
10.7812471, 4.80000019, -33.9489212036
11.7950964, 4.80000019, -34.4892311096
12.8089466, 4.80000019, -34.8830070496
13.8227959, 4.80000019, -35.2031021118
14.8366451, 4.80000019, -35.4823722839
15.8504944, 4.80000019, -35.7343215942
16.8643436, 4.80000019, -35.95860672
17.8781929, 4.80000019, -36.1550102234
18.8920422, 4.80000019, -36.3242073059
19.9058933, 4.80000019, -36.4688415527
20.9197426, 4.80000019, -36.595790863
21.9335918, 4.80000019, -36.7087783813
22.9474411, 4.80000019, -36.8105392456
23.9612904, 4.80000019, -36.9058799744
24.9751396, 4.80000019, -36.9980049133
25.9889889, 4.80000019, -37.0809707642
27.0028381, 4.80000019, -37.1540985107
28.0166874, 4.80000019, -37.2180747986
29.0305386, 4.80000019, -37.2737388611
30.0443878, 4.80000019, -37.3222045898
31.0582371, 4.80000019, -37.3645553589
32.0720863, 4.80000019, -37.4016532898
33.0859337, 4.80000019, -37.4341583252
34.0997849, 4.80000019, -37.4626159668
35.113636, 4.80000019, -37.487487793
36.1274834, 4.80000019, -37.509185791
37.1413345, 4.80000019, -37.528087616
38.1551819, 4.80000019, -37.5445327759
39.1690331, 4.80000019, -37.5588264465
40.1828804, 4.80000019, -37.5712471008
41.1967316, 4.80000019, -37.5820426941
42.2105789, 4.80000019, -37.5914306641
43.2244301, 4.80000019, -37.5996131897
44.2382813, 4.80000019, -37.6067581177
45.2521286, 4.80000019, -37.6130218506
46.2659798, 4.80000019, -37.6185340881
47.2798271, 4.80000019, -37.6234169006
48.2936783, 4.80000019, -37.6277770996
49.3075256, 4.80000019, -37.6317062378
50.3213768, 4.80000019, -37.6352920532
51.3352242, 4.80000019, -37.6386108398
52.3490753, 4.80000019, -37.6417388916
53.3629265, 4.80000019, -37.644744873
54.3767738, 4.80000019, -37.647693634
55.390625, 4.80000019, -37.6506538391
56.4044724, 4.80000019, -37.6536865234
57.4183235, 4.80000019, -37.656867981
58.4321709, 4.80000019, -37.6602630615
59.446022, 4.80000019, -37.6639518738
60.4598694, 4.80000019, -37.6680221558
61.4737206, 4.80000019, -37.6725692749
62.4875717, 4.80000019, -37.677696228
63.5014191, 4.80000019, -37.6835289001
64.5152664, 4.80000019, -37.6902084351
65.5291214, 4.80000019, -37.6978988647
66.5429688, 4.80000019, -37.7067947388
67.5568161, 4.80000019, -37.7171134949
68.5706635, 4.80000019, -37.7291221619
69.5845184, 4.80000019, -37.7431297302
70.5983658, 4.80000019, -37.7595024109
71.6122131, 4.80000019, -37.7786827087
72.6260681, 4.80000019, -37.8011932373
73.6399155, 4.80000019, -37.8276596069
74.6537628, 4.80000019, -37.8588066101
75.6676102, 4.80000019, -37.8953971863
76.6814651, 4.80000019, -37.9380722046
77.6953125, 4.80000019, -37.9876022339
78.7091599, 4.80000019, -38.0458717346
79.7230072, 4.80000019, -38.1147460938
80.7368622, 4.80000019, -38.1962776184
81.7507095, 4.80000019, -38.2928199768
82.7645569, 4.80000019, -38.4069099426
83.7784119, 4.80000019, -38.5409431458
84.7922592, 4.80000019, -38.6937904358
85.8061066, 4.80000019, -38.872428894
86.8199539, 4.80000019, -39.082157135
87.8338089, 4.80000019, -39.3133735657
88.8476563, 4.80000019, -39.579914093
89.8615036, 4.80000019, -39.8585929871
90.8753586, 4.80000019, -40.184223175
91.8892059, 4.80000019, -40.7490577698
92.9030533, 4.80000019, -41.4133758545
93.9169006, 4.80000019, -42.162853241
94.9307556, 4.80000019, -42.9898948669
95.944603, 4.80000019, -43.8884544373
96.9584503, 4.80000019, -44.8508224487
97.9722977, 4.80000019, -45.866771698
98.9861526, 4.80000019, -46.9223480225
7.66761303, 5.5999999, -30.6001014709
8.67122555, 5.5999999, -33.424446106
9.67483902, 5.5999999, -35.216129303
10.6784515, 5.5999999, -36.3235435486
11.6820641, 5.5999999, -37.0224952698
12.6856775, 5.5999999, -37.5064125061
13.68929, 5.5999999, -37.8922958374
14.6929035, 5.5999999, -38.2340698242
15.696516, 5.5999999, -38.5613517761
16.7001286, 5.5999999, -38.8755531311
17.7037411, 5.5999999, -39.1566925049
18.7073555, 5.5999999, -39.3923454285
19.710968, 5.5999999, -39.5770301819
20.7145805, 5.5999999, -39.7347564697
21.7181931, 5.5999999, -39.8581123352
22.7218056, 5.5999999, -39.9350509644
23.72542, 5.5999999, -40.0126304626
24.7290325, 5.5999999, -40.1416168213
25.732645, 5.5999999, -40.2658500671
26.7362576, 5.5999999, -40.375957489
27.7398701, 5.5999999, -40.4716148376
28.7434845, 5.5999999, -40.554271698
29.747097, 5.5999999, -40.625705719
30.7507095, 5.5999999, -40.6875991821
31.7543221, 5.5999999, -40.7413825989
32.7579346, 5.5999999, -40.7882194519
33.7615471, 5.5999999, -40.829044342
34.7651596, 5.5999999, -40.8646202087
35.7687759, 5.5999999, -40.8955993652
36.7723885, 5.5999999, -40.9225387573
37.776001, 5.5999999, -40.945941925
38.7796135, 5.5999999, -40.9662513733
39.783226, 5.5999999, -40.9838676453
40.7868385, 5.5999999, -40.9991416931
41.790451, 5.5999999, -41.0123977661
42.7940636, 5.5999999, -41.0239143372
43.7976761, 5.5999999, -41.033946991
44.8012886, 5.5999999, -41.0427093506
45.8049049, 5.5999999, -41.0503921509
46.8085175, 5.5999999, -41.0571708679
47.81213, 5.5999999, -41.0631866455
48.8157425, 5.5999999, -41.0685768127
49.819355, 5.5999999, -41.0734558105
50.8229675, 5.5999999, -41.0779342651
51.82658, 5.5999999, -41.0821113586
52.8301926, 5.5999999, -41.0860786438
53.8338051, 5.5999999, -41.0899276733
54.8374176, 5.5999999, -41.0937461853
55.8410339, 5.5999999, -41.097618103
56.8446465, 5.5999999, -41.1016273499
57.848259, 5.5999999, -41.1058731079
58.8518715, 5.5999999, -41.1104507446
59.855484, 5.5999999, -41.1154670715
60.8590965, 5.5999999, -41.1210403442
61.862709, 5.5999999, -41.1273040771
62.8663216, 5.5999999, -41.1344108582
63.8699341, 5.5999999, -41.1425361633
64.8735504, 5.5999999, -41.1518821716
65.8771591, 5.5999999, -41.162689209
66.8807755, 5.5999999, -41.175239563
67.8843842, 5.5999999, -41.1898574829
68.8880005, 5.5999999, -41.2069396973
69.8916092, 5.5999999, -41.2269477844
70.8952255, 5.5999999, -41.2504348755
71.8988419, 5.5999999, -41.2780647278
72.9024506, 5.5999999, -41.3106231689
73.9060669, 5.5999999, -41.349029541
74.9096756, 5.5999999, -41.3943557739
75.9132919, 5.5999999, -41.447769165
76.9169006, 5.5999999, -41.5106391907
77.920517, 5.5999999, -41.5848007202
78.9241257, 5.5999999, -41.6726036072
79.927742, 5.5999999, -41.77684021
80.9313583, 5.5999999, -41.9006729126
81.934967, 5.5999999, -42.0476608276
82.9385834, 5.5999999, -42.221660614
83.9421921, 5.5999999, -42.4262657166
84.9458084, 5.5999999, -42.6662940979
85.9494171, 5.5999999, -42.9482460022
86.9530334, 5.5999999, -43.2772598267
87.9566422, 5.5999999, -43.6599655151
88.9602585, 5.5999999, -44.1029548645
89.9638672, 5.5999999, -44.6233253479
90.9674835, 5.5999999, -45.2619628906
91.9710999, 5.5999999, -46.042842865
92.9747086, 5.5999999, -46.9569396973
93.9783249, 5.5999999, -47.9846382141
94.9819336, 5.5999999, -49.118183136
95.9855499, 5.5999999, -50.3507957458
96.9891586, 5.5999999, -51.6700210571
97.992775, 5.5999999, -53.0629005432
98.9963837, 5.5999999, -54.5136451721
8.60937595, 6.4000001, -33.667339325
9.60275269, 6.4000001, -36.0332221985
10.5961294, 6.4000001, -37.5205345154
11.5895052, 6.4000001, -38.4272613525
12.5828819, 6.4000001, -38.9995384216
13.5762577, 6.4000001, -39.4237747192
14.5696344, 6.4000001, -39.804019928
15.5630112, 6.4000001, -40.1151428223
16.5563869, 6.4000001, -40.5833702087
17.5497627, 6.4000001, -41.0509757996
18.5431404, 6.4000001, -41.4736099243
19.5365162, 6.4000001, -41.839302063
20.529892, 6.4000001, -42.1540489197
21.5232697, 6.4000001, -42.4232292175
22.5166454, 6.4000001, -42.6504631042
23.5100212, 6.4000001, -42.8500022888
24.503397, 6.4000001, -43.0389900208
25.4967747, 6.4000001, -43.2118797302
26.4901505, 6.4000001, -43.363155365
27.4835262, 6.4000001, -43.4934921265
28.4769039, 6.4000001, -43.6053504944
29.4702797, 6.4000001, -43.7014350891
30.4636555, 6.4000001, -43.7842102051
31.4570332, 6.4000001, -43.8557701111
32.4504089, 6.4000001, -43.9178237915
33.4437866, 6.4000001, -43.9717483521
34.4371605, 6.4000001, -44.0186500549
35.4305382, 6.4000001, -44.0594367981
36.4239159, 6.4000001, -44.0948867798
37.4172897, 6.4000001, -44.1256599426
38.4106674, 6.4000001, -44.1523475647
39.4040413, 6.4000001, -44.1754760742
40.397419, 6.4000001, -44.195514679
41.3907967, 6.4000001, -44.2128791809
42.3841705, 6.4000001, -44.2279434204
43.3775482, 6.4000001, -44.2410354614
44.3709259, 6.4000001, -44.2524528503
45.3642998, 6.4000001, -44.2624397278
46.3576775, 6.4000001, -44.2712211609
47.3510551, 6.4000001, -44.2789878845
48.344429, 6.4000001, -44.2859115601
49.3378067, 6.4000001, -44.2921409607
50.3311844, 6.4000001, -44.2978172302
51.3245583, 6.4000001, -44.3030662537
52.3179359, 6.4000001, -44.3080024719
53.3113136, 6.4000001, -44.3127365112
54.3046875, 6.4000001, -44.3173789978
55.2980652, 6.4000001, -44.3220291138
56.2914391, 6.4000001, -44.3267936707
57.2848167, 6.4000001, -44.3317832947
58.2781944, 6.4000001, -44.3371124268
59.2715683, 6.4000001, -44.3429031372
60.264946, 6.4000001, -44.3492889404
61.2583237, 6.4000001, -44.3564300537
62.2516975, 6.4000001, -44.3644943237
63.2450752, 6.4000001, -44.3736839294
64.2384491, 6.4000001, -44.384223938
65.2318268, 6.4000001, -44.3963851929
66.2252045, 6.4000001, -44.4104919434
67.2185822, 6.4000001, -44.4269065857
68.2119598, 6.4000001, -44.4460830688
69.2053299, 6.4000001, -44.4685440063
70.1987076, 6.4000001, -44.4949150085
71.1920853, 6.4000001, -44.5259513855
72.185463, 6.4000001, -44.5625495911
73.1788406, 6.4000001, -44.6057662964
74.1722183, 6.4000001, -44.6568527222
75.1655884, 6.4000001, -44.7172584534
76.1589661, 6.4000001, -44.7886886597
77.1523438, 6.4000001, -44.8732299805
78.1457214, 6.4000001, -44.9734687805
79.1390991, 6.4000001, -45.0925712585
80.1324768, 6.4000001, -45.2343215942
81.1258469, 6.4000001, -45.4030838013
82.1192245, 6.4000001, -45.6037330627
83.1126022, 6.4000001, -45.8415908813
84.1059799, 6.4000001, -46.1228141785
85.0993576, 6.4000001, -46.454788208
86.0927277, 6.4000001, -46.8458900452
87.0861053, 6.4000001, -47.3056602478
88.079483, 6.4000001, -47.845993042
89.0728607, 6.4000001, -48.4809532166
90.0662384, 6.4000001, -49.2298164368
91.0596161, 6.4000001, -50.1127853394
92.0529861, 6.4000001, -51.1419906616
93.0463638, 6.4000001, -52.3202323914
94.0397415, 6.4000001, -53.6395645142
95.0331192, 6.4000001, -55.0934829712
96.0264969, 6.4000001, -56.6798706055
97.0198746, 6.4000001, -58.3874015808
98.0132446, 6.4000001, -60.1762657166
99.0066223, 6.4000001, -62.0662307739
9.55113983, 7.19999981, -35.6780052185
10.5342798, 7.19999981, -37.6851959229
11.5174198, 7.19999981, -38.9168815613
12.5005589, 7.19999981, -39.6261711121
13.4836988, 7.19999981, -40.0625343323
14.4668388, 7.19999981, -40.6639595032
15.4499788, 7.19999981, -41.3152503967
16.4331188, 7.19999981, -42.0078125
17.4162579, 7.19999981, -42.6874237061
18.3993969, 7.19999981, -43.3103027344
19.3825378, 7.19999981, -43.8610992432
20.3656769, 7.19999981, -44.3397521973
21.3488178, 7.19999981, -44.7521095276
22.3319569, 7.19999981, -45.1054840088
23.3150959, 7.19999981, -45.4092826843
24.2982368, 7.19999981, -45.6733894348
25.2813759, 7.19999981, -45.9025001526
26.2645168, 7.19999981, -46.0990943909
27.2476559, 7.19999981, -46.2666091919
28.2307949, 7.19999981, -46.409198761
29.2139359, 7.19999981, -46.5308647156
30.1970749, 7.19999981, -46.6350631714
31.1802158, 7.19999981, -46.7246818542
32.163353, 7.19999981, -46.8020706177
33.1464958, 7.19999981, -46.8691139221
34.1296349, 7.19999981, -46.9273109436
35.1127739, 7.19999981, -46.9778709412
36.0959129, 7.19999981, -47.0217781067
37.079052, 7.19999981, -47.0598831177
38.0621948, 7.19999981, -47.092918396
39.0453339, 7.19999981, -47.1215362549
40.0284729, 7.19999981, -47.1463127136
41.0116119, 7.19999981, -47.167766571
41.994751, 7.19999981, -47.1863555908
42.9778938, 7.19999981, -47.202495575
43.9610329, 7.19999981, -47.2165412903
44.9441719, 7.19999981, -47.228805542
45.9273109, 7.19999981, -47.239566803
46.91045, 7.19999981, -47.2490577698
47.8935928, 7.19999981, -47.2574882507
48.8767319, 7.19999981, -47.2650375366
49.8598709, 7.19999981, -47.2718734741
50.8430099, 7.19999981, -47.2781448364
51.826149, 7.19999981, -47.2839927673
52.8092918, 7.19999981, -47.2895431519
53.7924309, 7.19999981, -47.2949256897
54.7755699, 7.19999981, -47.3002548218
55.758709, 7.19999981, -47.3056526184
56.741848, 7.19999981, -47.3112411499
57.7249908, 7.19999981, -47.317150116
58.7081299, 7.19999981, -47.3235092163
59.6912689, 7.19999981, -47.3304710388
60.674408, 7.19999981, -47.3381996155
61.657547, 7.19999981, -47.3468780518
62.6406898, 7.19999981, -47.3567199707
63.6238289, 7.19999981, -47.3679695129
64.6069641, 7.19999981, -47.3809127808
65.5901108, 7.19999981, -47.3958892822
66.5732498, 7.19999981, -47.4132881165
67.5563889, 7.19999981, -47.4335861206
68.5395279, 7.19999981, -47.4573402405
69.5226669, 7.19999981, -47.4852142334
70.505806, 7.19999981, -47.5180130005
71.488945, 7.19999981, -47.5566864014
72.472084, 7.19999981, -47.6023712158
73.4552231, 7.19999981, -47.6564292908
74.4383621, 7.19999981, -47.720451355
75.4215088, 7.19999981, -47.7962989807
76.4046478, 7.19999981, -47.8862075806
77.3877869, 7.19999981, -47.9929237366
78.3709259, 7.19999981, -48.1197738647
79.3540649, 7.19999981, -48.2708015442
80.337204, 7.19999981, -48.4509925842
81.320343, 7.19999981, -48.6662254333
82.3034821, 7.19999981, -48.9224510193
83.2866211, 7.19999981, -49.2267799377
84.2697601, 7.19999981, -49.5876083374
85.2529068, 7.19999981, -50.0146865845
86.2360458, 7.19999981, -50.5190734863
87.2191849, 7.19999981, -51.1128425598
88.2023239, 7.19999981, -51.810382843
89.185463, 7.19999981, -52.6297492981
90.168602, 7.19999981, -53.5905799866
91.151741, 7.19999981, -54.7045478821
92.1348801, 7.19999981, -55.9839706421
93.1180191, 7.19999981, -57.441318512
94.1011581, 7.19999981, -59.0813217163
95.0843048, 7.19999981, -60.8527374268
96.0674438, 7.19999981, -62.8398132324
97.0505829, 7.19999981, -64.9749221802
98.0337219, 7.19999981, -67.2333679199
99.016861, 7.19999981, -69.5884857178
10.4929028, 8.0, -36.9413299561
11.465806, 8.0, -38.6952400208
12.4387093, 8.0, -39.7236442566
13.4116125, 8.0, -40.3864135742
14.3845158, 8.0, -41.2333908081
15.357419, 8.0, -42.1646385193
16.3303223, 8.0, -43.1103973389
17.3032265, 8.0, -44.0182571411
18.2761288, 8.0, -44.8510017395
19.249033, 8.0, -45.5915679932
20.2219353, 8.0, -46.2375335693
21.1948395, 8.0, -46.7942237854
22.1677418, 8.0, -47.2702331543
23.140646, 8.0, -47.6754188538
24.1135483, 8.0, -48.0195541382
25.0864525, 8.0, -48.311000824
26.0593548, 8.0, -48.5569381714
27.032259, 8.0, -48.763999939
28.0051613, 8.0, -48.9385147095
28.9780636, 8.0, -49.0863075256
29.9509678, 8.0, -49.2119827271
30.9238701, 8.0, -49.319393158
31.8967743, 8.0, -49.411655426
32.8696785, 8.0, -49.4912643433
33.8425789, 8.0, -49.5601844788
34.8154831, 8.0, -49.6199645996
35.7883873, 8.0, -49.6718330383
36.7612915, 8.0, -49.7168273926
37.7341919, 8.0, -49.755821228
38.7070961, 8.0, -49.7895927429
39.6800003, 8.0, -49.8188209534
40.6529045, 8.0, -49.8441123962
41.6258049, 8.0, -49.8660011292
42.5987091, 8.0, -49.8849716187
43.5716133, 8.0, -49.9014625549
44.5445175, 8.0, -49.9158401489
45.5174179, 8.0, -49.9284324646
46.4903221, 8.0, -49.9395141602
47.4632263, 8.0, -49.9493255615
48.4361305, 8.0, -49.9580841064
49.4090309, 8.0, -49.9659729004
50.3819351, 8.0, -49.9731636047
51.3548393, 8.0, -49.9798164368
52.3277435, 8.0, -49.9860725403
53.3006439, 8.0, -49.9920730591
54.2735481, 8.0, -49.9979553223
55.2464523, 8.0, -50.0038414001
56.2193565, 8.0, -50.0098648071
57.1922569, 8.0, -50.016166687
58.1651611, 8.0, -50.0228805542
59.1380653, 8.0, -50.0301704407
60.1109695, 8.0, -50.0382003784
61.0838699, 8.0, -50.047164917
62.0567741, 8.0, -50.0572738647
63.0296783, 8.0, -50.068775177
64.0025787, 8.0, -50.0819664001
64.9754868, 8.0, -50.0971794128
65.9483871, 8.0, -50.114818573
66.9212875, 8.0, -50.1353607178
67.8941956, 8.0, -50.1593666077
68.8670959, 8.0, -50.1875190735
69.8399963, 8.0, -50.2206115723
70.8129044, 8.0, -50.2596244812
71.7858047, 8.0, -50.3057136536
72.7587128, 8.0, -50.3602828979
73.7316132, 8.0, -50.4249916077
74.7045135, 8.0, -50.5017929077
75.6774216, 8.0, -50.5929603577
76.650322, 8.0, -50.7011985779
77.6232224, 8.0, -50.8297958374
78.5961304, 8.0, -50.9828605652
79.5690308, 8.0, -51.1653823853
80.5419388, 8.0, -51.3832397461
81.5148392, 8.0, -51.6433029175
82.4877396, 8.0, -51.9533042908
83.4606476, 8.0, -52.3221588135
84.433548, 8.0, -52.7605056763
85.4064484, 8.0, -53.2804870605
86.3793564, 8.0, -53.8956680298
87.3522568, 8.0, -54.6211395264
88.3251648, 8.0, -55.4697799683
89.2980652, 8.0, -56.4636001587
90.2709656, 8.0, -57.6295089722
91.2438736, 8.0, -58.9874572754
92.216774, 8.0, -60.4879684448
93.1896744, 8.0, -62.2739028931
94.1625824, 8.0, -64.2736206055
95.1354828, 8.0, -66.4828872681
96.1083908, 8.0, -68.8951950073
97.0812912, 8.0, -71.4895477295
98.0541916, 8.0, -74.2270202637
99.0270996, 8.0, -77.0751113892
11.4346666, 8.80000019, -37.797504425
12.3973331, 8.80000019, -39.3865585327
13.3599997, 8.80000019, -40.3421401978
14.3226671, 8.80000019, -41.4529533386
15.2853336, 8.80000019, -42.6520462036
16.2479992, 8.80000019, -43.8558502197
17.2106667, 8.80000019, -45.0030784607
18.1733341, 8.80000019, -46.0544776917
19.1359997, 8.80000019, -46.9912109375
20.0986671, 8.80000019, -47.8097190857
21.0613327, 8.80000019, -48.5153465271
22.0240002, 8.80000019, -49.1175041199
22.9866657, 8.80000019, -49.627822876
23.9493332, 8.80000019, -50.057220459
24.9120007, 8.80000019, -50.4164237976
25.8746662, 8.80000019, -50.7156181335
26.8373337, 8.80000019, -50.9644584656
27.7999992, 8.80000019, -51.1716537476
28.7626667, 8.80000019, -51.3446464539
29.7253342, 8.80000019, -51.4901237488
30.6879997, 8.80000019, -51.6134681702
31.6506672, 8.80000019, -51.7186355591
32.6133347, 8.80000019, -51.8088531494
33.5760002, 8.80000019, -51.8866348267
34.5386658, 8.80000019, -51.9539260864
35.5013351, 8.80000019, -52.0122337341
36.4640007, 8.80000019, -52.0627708435
37.4266663, 8.80000019, -52.1065597534
38.3893318, 8.80000019, -52.1444740295
39.3520012, 8.80000019, -52.1772842407
40.3146667, 8.80000019, -52.2056465149
41.2773323, 8.80000019, -52.2301673889
42.2400017, 8.80000019, -52.2513809204
43.2026672, 8.80000019, -52.2697868347
44.1653328, 8.80000019, -52.2858085632
45.1279984, 8.80000019, -52.2998199463
46.0906677, 8.80000019, -52.3121261597
47.0533333, 8.80000019, -52.3230018616
48.0159988, 8.80000019, -52.3326721191
48.9786682, 8.80000019, -52.3413505554
49.9413338, 8.80000019, -52.3492202759
50.9039993, 8.80000019, -52.3564453125
51.8666649, 8.80000019, -52.3631896973
52.8293343, 8.80000019, -52.3695983887
53.7919998, 8.80000019, -52.3758049011
54.7546654, 8.80000019, -52.3819541931
55.7173347, 8.80000019, -52.3881759644
56.6800003, 8.80000019, -52.3946075439
57.6426659, 8.80000019, -52.4013977051
58.6053352, 8.80000019, -52.4086990356
59.5680008, 8.80000019, -52.4166793823
60.5306664, 8.80000019, -52.4255180359
61.4933319, 8.80000019, -52.4354324341
62.4560013, 8.80000019, -52.4466629028
63.4186668, 8.80000019, -52.4594841003
64.3813324, 8.80000019, -52.4742240906
65.3440018, 8.80000019, -52.4912719727
66.3066635, 8.80000019, -52.5110816956
67.2693329, 8.80000019, -52.5342025757
68.2320023, 8.80000019, -52.5612831116
69.194664, 8.80000019, -52.5930938721
70.1573334, 8.80000019, -52.6305618286
71.1200027, 8.80000019, -52.6748085022
72.0826645, 8.80000019, -52.7272109985
73.0453339, 8.80000019, -52.7894287109
74.0080032, 8.80000019, -52.8634300232
74.970665, 8.80000019, -52.9515075684
75.9333344, 8.80000019, -53.0562934875
76.8960037, 8.80000019, -53.1808815002
77.8586655, 8.80000019, -53.3290481567
78.8213348, 8.80000019, -53.5057067871
79.7839966, 8.80000019, -53.7169837952
80.746666, 8.80000019, -53.9697952271
81.7093353, 8.80000019, -54.2717208862
82.6719971, 8.80000019, -54.6319923401
83.6346664, 8.80000019, -55.061466217
84.5973358, 8.80000019, -55.573425293
85.5599976, 8.80000019, -56.1831550598
86.5226669, 8.80000019, -56.9043731689
87.4853363, 8.80000019, -57.7566070557
88.447998, 8.80000019, -58.7638130188
89.4106674, 8.80000019, -59.9002304077
90.3733368, 8.80000019, -61.2976989746
91.3359985, 8.80000019, -62.9341812134
92.2986679, 8.80000019, -64.8119888306
93.2613297, 8.80000019, -66.9467010498
94.223999, 8.80000019, -69.3377075195
95.1866684, 8.80000019, -71.9730987549
96.1493301, 8.80000019, -74.8341293335
97.1119995, 8.80000019, -77.901802063
98.0746689, 8.80000019, -81.1465682983
99.0373306, 8.80000019, -84.5311508179
12.3764305, 9.60000038, -38.4979515076
13.3288603, 9.60000038, -39.9392700195
14.2812901, 9.60000038, -41.2987976074
15.2337208, 9.60000038, -42.7575950623
16.1861496, 9.60000038, -44.2204551697
17.1385803, 9.60000038, -45.6140518188
18.091011, 9.60000038, -46.8920631409
19.0434418, 9.60000038, -48.0321922302
19.9958706, 9.60000038, -49.0298957825
20.9483013, 9.60000038, -49.8914756775
21.900732, 9.60000038, -50.6264419556
22.8531609, 9.60000038, -51.2454910278
23.8055916, 9.60000038, -51.7625350952
24.7580223, 9.60000038, -52.1918983459
25.7104511, 9.60000038, -52.5460891724
26.6628819, 9.60000038, -52.8373260498
27.6153126, 9.60000038, -53.0767936707
28.5677414, 9.60000038, -53.2742958069
29.5201721, 9.60000038, -53.4380455017
30.4726028, 9.60000038, -53.5747032166
31.4250317, 9.60000038, -53.6899375916
32.3774605, 9.60000038, -53.7879371643
33.3298912, 9.60000038, -53.871887207
34.2823219, 9.60000038, -53.9441986084
35.2347527, 9.60000038, -54.0066947937
36.1871834, 9.60000038, -54.0607910156
37.1396141, 9.60000038, -54.1076393127
38.0920448, 9.60000038, -54.1482086182
39.0444717, 9.60000038, -54.183303833
39.9969025, 9.60000038, -54.2136306763
40.9493332, 9.60000038, -54.2397994995
41.9017639, 9.60000038, -54.2623901367
42.8541946, 9.60000038, -54.2819404602
43.8066254, 9.60000038, -54.2989234924
44.7590523, 9.60000038, -54.3137512207
45.711483, 9.60000038, -54.3267555237
46.6639137, 9.60000038, -54.3382263184
47.6163445, 9.60000038, -54.3484077454
48.5687752, 9.60000038, -54.357509613
49.5212059, 9.60000038, -54.3657264709
50.4736328, 9.60000038, -54.3732299805
51.4260635, 9.60000038, -54.3801803589
52.3784943, 9.60000038, -54.3867263794
53.330925, 9.60000038, -54.3930130005
54.2833557, 9.60000038, -54.3991699219
55.2357864, 9.60000038, -54.405330658
56.1882133, 9.60000038, -54.4116363525
57.1406441, 9.60000038, -54.41822052
58.0930748, 9.60000038, -54.4252357483
59.0455055, 9.60000038, -54.4328346252
59.9979362, 9.60000038, -54.4411964417
60.950367, 9.60000038, -54.4505119324
61.9027939, 9.60000038, -54.4610099792
62.8552246, 9.60000038, -54.4729385376
63.8076553, 9.60000038, -54.4866065979
64.7600861, 9.60000038, -54.502368927
65.7125168, 9.60000038, -54.5206489563
66.6649475, 9.60000038, -54.5419464111
67.6173782, 9.60000038, -54.5668640137
68.569809, 9.60000038, -54.5961112976
69.5222397, 9.60000038, -54.6305274963
70.4746704, 9.60000038, -54.6711235046
71.4270935, 9.60000038, -54.7191581726
72.3795242, 9.60000038, -54.7762145996
73.331955, 9.60000038, -54.8442268372
74.2843857, 9.60000038, -54.9254684448
75.2368164, 9.60000038, -55.022567749
76.1892471, 9.60000038, -55.1384544373
77.1416779, 9.60000038, -55.2764968872
78.0941086, 9.60000038, -55.4409484863
79.0465393, 9.60000038, -55.6377029419
79.99897, 9.60000038, -55.8743438721
80.9514008, 9.60000038, -56.1592483521
81.9038315, 9.60000038, -56.5009269714
82.8562546, 9.60000038, -56.9098587036
83.8086853, 9.60000038, -57.3967628479
84.761116, 9.60000038, -57.9805717468
85.7135468, 9.60000038, -58.6814880371
86.6659775, 9.60000038, -59.5226249695
87.6184082, 9.60000038, -60.4651184082
88.5708389, 9.60000038, -61.6730461121
89.5232697, 9.60000038, -63.1016731262
90.4757004, 9.60000038, -64.7796554565
91.4281311, 9.60000038, -66.7240982056
92.3805618, 9.60000038, -68.9438476562
93.3329926, 9.60000038, -71.4503326416
94.2854156, 9.60000038, -74.2380218506
95.2378464, 9.60000038, -77.2987136841
96.1902771, 9.60000038, -80.6210327148
97.1427078, 9.60000038, -84.1977157593
98.0951385, 9.60000038, -87.9852371216
99.0475693, 9.60000038, -91.9413986206
13.3181934, 10.3999996, -39.1870498657
14.2603874, 10.3999996, -40.7644691467
15.2025805, 10.3999996, -42.4690628052
16.1447735, 10.3999996, -44.1895828247
17.0869675, 10.3999996, -45.8345718384
18.0291615, 10.3999996, -47.3463821411
18.9713554, 10.3999996, -48.6970672607
19.9135475, 10.3999996, -49.8807373047
20.8557415, 10.3999996, -50.9032020569
21.7979355, 10.3999996, -51.7743873596
22.7401295, 10.3999996, -52.5083999634
23.6823235, 10.3999996, -53.118938446
24.6245155, 10.3999996, -53.6206550598
25.5667095, 10.3999996, -54.0305252075
26.5089035, 10.3999996, -54.3639984131
27.4510975, 10.3999996, -54.6348686218
28.3932896, 10.3999996, -54.8552398682
29.3354836, 10.3999996, -55.0354194641
30.2776775, 10.3999996, -55.1838645935
31.2198715, 10.3999996, -55.3073348999
32.1620636, 10.3999996, -55.4110565186
33.1042595, 10.3999996, -55.499042511
34.0464516, 10.3999996, -55.5742835999
34.9886436, 10.3999996, -55.6390075684
35.9308395, 10.3999996, -55.6948890686
36.8730316, 10.3999996, -55.7432327271
37.8152275, 10.3999996, -55.7850914001
38.7574196, 10.3999996, -55.821308136
39.6996117, 10.3999996, -55.8525810242
40.6418076, 10.3999996, -55.8795127869
41.5839996, 10.3999996, -55.9026794434
42.5261917, 10.3999996, -55.9226531982
43.4683876, 10.3999996, -55.9399642944
44.4105797, 10.3999996, -55.9550476074
45.3527756, 10.3999996, -55.9682617188
46.2949677, 10.3999996, -55.9798965454
47.2371597, 10.3999996, -55.9902038574
48.1793556, 10.3999996, -55.9993972778
49.1215477, 10.3999996, -56.0076675415
50.0637436, 10.3999996, -56.0151824951
51.0059357, 10.3999996, -56.0220985413
51.9481277, 10.3999996, -56.0285644531
52.8903236, 10.3999996, -56.0347175598
53.8325157, 10.3999996, -56.040687561
54.7747078, 10.3999996, -56.0466003418
55.7169037, 10.3999996, -56.0525856018
56.6590958, 10.3999996, -56.0587730408
57.6012917, 10.3999996, -56.0652999878
58.5434837, 10.3999996, -56.0723075867
59.4856758, 10.3999996, -56.0799598694
60.4278717, 10.3999996, -56.0884284973
61.3700638, 10.3999996, -56.0979156494
62.3122597, 10.3999996, -56.1086502075
63.2544518, 10.3999996, -56.1208992004
64.1966476, 10.3999996, -56.1349830627
65.1388397, 10.3999996, -56.1512680054
66.0810318, 10.3999996, -56.1702156067
67.0232239, 10.3999996, -56.192363739
67.965416, 10.3999996, -56.2183418274
68.9076157, 10.3999996, -56.2488975525
69.8498077, 10.3999996, -56.2848854065
70.7919998, 10.3999996, -56.3273506165
71.7341919, 10.3999996, -56.3776702881
72.676384, 10.3999996, -56.4376754761
73.6185837, 10.3999996, -56.5096130371
74.5607758, 10.3999996, -56.5960884094
75.5029678, 10.3999996, -56.7000617981
76.4451599, 10.3999996, -56.8248252869
77.387352, 10.3999996, -56.9738502502
78.3295517, 10.3999996, -57.151676178
79.2717438, 10.3999996, -57.365436554
80.2139359, 10.3999996, -57.6252212524
81.1561279, 10.3999996, -57.9401359558
82.09832, 10.3999996, -58.3185310364
83.0405197, 10.3999996, -58.7716636658
83.9827118, 10.3999996, -59.3262710571
84.9249039, 10.3999996, -59.9391403198
85.8670959, 10.3999996, -60.7698135376
86.809288, 10.3999996, -61.7777633667
87.7514801, 10.3999996, -62.9834213257
88.6936798, 10.3999996, -64.4182510376
89.6358719, 10.3999996, -66.106552124
90.578064, 10.3999996, -68.0657958984
91.520256, 10.3999996, -70.3154754639
92.4624481, 10.3999996, -72.873588562
93.4046478, 10.3999996, -75.7440948486
94.3468399, 10.3999996, -78.9311065674
95.289032, 10.3999996, -82.427192688
96.2312241, 10.3999996, -86.2493515015
97.1734161, 10.3999996, -90.3651351929
98.1156158, 10.3999996, -94.7312164307
99.0578079, 10.3999996, -99.2967758179
14.2599573, 11.1999998, -39.8477516174
15.1919136, 11.1999998, -41.7820129395
16.1238708, 11.1999998, -43.7576408386
17.0558281, 11.1999998, -45.6583366394
17.9877853, 11.1999998, -47.4107589722
18.9197426, 11.1999998, -48.9788360596
19.8516998, 11.1999998, -50.3540267944
20.7836552, 11.1999998, -51.5421714783
21.7156124, 11.1999998, -52.5562973022
22.6475697, 11.1999998, -53.4101524353
23.5795269, 11.1999998, -54.1180496216
24.5114841, 11.1999998, -54.6983299255
25.4434414, 11.1999998, -55.1695213318
26.3753986, 11.1999998, -55.5493774414
27.307354, 11.1999998, -55.8542098999
28.2393112, 11.1999998, -56.0986022949
29.1712685, 11.1999998, -56.2951774597
30.1032257, 11.1999998, -56.4544410706
31.035183, 11.1999998, -56.5846939087
31.9671402, 11.1999998, -56.6923484802
32.8990974, 11.1999998, -56.782371521
33.8310547, 11.1999998, -56.8584823608
34.7630119, 11.1999998, -56.9234085083
35.6949692, 11.1999998, -56.979183197
36.6269264, 11.1999998, -57.0273170471
37.5588799, 11.1999998, -57.0689697266
38.4908371, 11.1999998, -57.1050033569
39.4227943, 11.1999998, -57.1360931396
40.3547516, 11.1999998, -57.1627883911
41.2867088, 11.1999998, -57.185634613
42.2186661, 11.1999998, -57.2052459717
43.1506233, 11.1999998, -57.2221870422
44.0825806, 11.1999998, -57.2369194031
45.0145378, 11.1999998, -57.2498054504
45.9464951, 11.1999998, -57.2611427307
46.8784523, 11.1999998, -57.2711715698
47.8104095, 11.1999998, -57.2800979614
48.7423668, 11.1999998, -57.288105011
49.674324, 11.1999998, -57.2953529358
50.6062813, 11.1999998, -57.3019866943
51.5382347, 11.1999998, -57.3081512451
52.470192, 11.1999998, -57.3139648438
53.4021492, 11.1999998, -57.3195571899
54.3341064, 11.1999998, -57.3250465393
55.2660637, 11.1999998, -57.3305397034
56.1980209, 11.1999998, -57.3361663818
57.1299782, 11.1999998, -57.3420410156
58.0619354, 11.1999998, -57.3482971191
58.9938927, 11.1999998, -57.3550682068
59.9258499, 11.1999998, -57.3625106812
60.8578072, 11.1999998, -57.3708000183
61.7897644, 11.1999998, -57.3801307678
62.7217216, 11.1999998, -57.3907318115
63.6536789, 11.1999998, -57.4028739929
64.5856323, 11.1999998, -57.4168815613
65.5175934, 11.1999998, -57.4331436157
66.4495468, 11.1999998, -57.4521255493
67.3815079, 11.1999998, -57.4743919373
68.3134613, 11.1999998, -57.5005950928
69.2454224, 11.1999998, -57.5314598083
70.1773758, 11.1999998, -57.5677680969
71.1093369, 11.1999998, -57.6104927063
72.0412903, 11.1999998, -57.6611557007
72.9732437, 11.1999998, -57.7219696045
73.9052048, 11.1999998, -57.7954444885
74.8371582, 11.1999998, -57.8844985962
75.7691193, 11.1999998, -57.9924316406
76.7010727, 11.1999998, -58.1229133606
77.6330338, 11.1999998, -58.2803688049
78.5649872, 11.1999998, -58.4676971436
79.4969482, 11.1999998, -58.6943778992
80.4289017, 11.1999998, -58.9736862183
81.3608627, 11.1999998, -59.3220329285
82.2928162, 11.1999998, -59.7176589966
83.2247772, 11.1999998, -60.2152061462
84.1567307, 11.1999998, -60.8781929016
85.0886917, 11.1999998, -61.6932601929
86.0206451, 11.1999998, -62.6882553101
86.9525986, 11.1999998, -63.8846092224
87.8845596, 11.1999998, -65.3012619019
88.8165131, 11.1999998, -66.9639205933
89.7484741, 11.1999998, -68.8983383179
90.6804276, 11.1999998, -71.1289138794
91.6123886, 11.1999998, -73.6783905029
92.544342, 11.1999998, -76.5599975586
93.4763031, 11.1999998, -79.7832489014
94.4082565, 11.1999998, -83.3760299683
95.3402176, 11.1999998, -87.3529281616
96.272171, 11.1999998, -91.6996917725
97.2041321, 11.1999998, -96.3847427368
98.1360855, 11.1999998, -101.370147705
99.0680466, 11.1999998, -106.60484314
15.2017202, 12.0, -40.7020263672
16.1234417, 12.0, -42.9275932312
17.0451622, 12.0, -45.0884971619
17.9668808, 12.0, -47.0887908936
18.8886013, 12.0, -48.8809585571
19.8103218, 12.0, -50.4529037476
20.7320423, 12.0, -51.8132553101
21.6537628, 12.0, -52.9766731262
22.5754833, 12.0, -53.9575386047
23.4972038, 12.0, -54.7722930908
24.4189243, 12.0, -55.4396781921
25.3406448, 12.0, -55.9795150757
26.2623653, 12.0, -56.4114723206
27.1840858, 12.0, -56.7542686462
28.1058064, 12.0, -57.0250816345
29.0275269, 12.0, -57.2391548157
29.9492474, 12.0, -57.4093780518
30.8709679, 12.0, -57.5459442139
31.7926884, 12.0, -57.6566047668
32.7144089, 12.0, -57.74741745
33.6361275, 12.0, -57.82289505
34.5578499, 12.0, -57.8863639832
35.4795685, 12.0, -57.9403419495
36.4012909, 12.0, -57.9866714478
37.3230095, 12.0, -58.0266571045
38.2447319, 12.0, -58.0612297058
39.1664505, 12.0, -58.0910072327
40.0881729, 12.0, -58.1164588928
41.0098915, 12.0, -58.138092041
41.9316139, 12.0, -58.156578064
42.8533325, 12.0, -58.1724967957
43.7750549, 12.0, -58.1863136292
44.6967735, 12.0, -58.198387146
45.6184959, 12.0, -58.2089958191
46.5402145, 12.0, -58.2183685303
47.461937, 12.0, -58.2266998291
48.3836555, 12.0, -58.2341537476
49.305378, 12.0, -58.2408790588
50.2270966, 12.0, -58.247013092
51.148819, 12.0, -58.2526779175
52.0705376, 12.0, -58.2579841614
52.9922562, 12.0, -58.2630462646
53.9139786, 12.0, -58.2679672241
54.8356972, 12.0, -58.2728500366
55.7574196, 12.0, -58.277797699
56.6791382, 12.0, -58.2829170227
57.6008606, 12.0, -58.2883148193
58.5225792, 12.0, -58.2941131592
59.4443016, 12.0, -58.3004417419
60.3660202, 12.0, -58.3074378967
61.2877426, 12.0, -58.3152732849
62.2094612, 12.0, -58.3241386414
63.1311836, 12.0, -58.3342475891
64.0529022, 12.0, -58.3458786011
64.9746246, 12.0, -58.3593444824
65.896347, 12.0, -58.375038147
66.8180618, 12.0, -58.3934364319
67.7397842, 12.0, -58.4151039124
68.6615067, 12.0, -58.4406852722
69.5832291, 12.0, -58.4708747864
70.5049438, 12.0, -58.5062904358
71.4266663, 12.0, -58.5475158691
72.3483887, 12.0, -58.596786499
73.2701111, 12.0, -58.6563491821
74.1918259, 12.0, -58.7288398743
75.1135483, 12.0, -58.8175621033
76.0352707, 12.0, -58.9258155823
76.9569855, 12.0, -59.0572357178
77.8787079, 12.0, -59.2175941467
78.8004303, 12.0, -59.4185447693
79.7221527, 12.0, -59.6485481262
80.6438675, 12.0, -59.9325294495
81.5655899, 12.0, -60.335647583
82.4873123, 12.0, -60.8527870178
83.4090347, 12.0, -61.4986572266
84.3307495, 12.0, -62.2964706421
85.2524719, 12.0, -63.2649726868
86.1741943, 12.0, -64.4238739014
87.0959167, 12.0, -65.796043396
88.0176315, 12.0, -67.4060516357
88.9393539, 12.0, -69.2808761597
89.8610764, 12.0, -71.4489135742
90.7827988, 12.0, -73.9398651123
91.7045135, 12.0, -76.7712860107
92.626236, 12.0, -79.9510955811
93.5479584, 12.0, -83.5481567383
94.4696808, 12.0, -87.5791168213
95.3913956, 12.0, -92.0447540283
96.313118, 12.0, -96.9380645752
97.2348404, 12.0, -102.232574463
98.1565628, 12.0, -107.891410828
99.0782776, 12.0, -113.840393066
16.1434841, 12.8000002, -41.7065010071
17.0549679, 12.8000002, -44.1356201172
17.9664516, 12.8000002, -46.3937339783
18.8779354, 12.8000002, -48.4169960022
19.7894192, 12.8000002, -50.1918907166
20.7009029, 12.8000002, -51.730140686
21.6123867, 12.8000002, -53.0494422913
22.5238705, 12.8000002, -54.1672172546
23.4353542, 12.8000002, -55.0992240906
24.346838, 12.8000002, -55.8638916016
25.2583218, 12.8000002, -56.4815406799
26.1698055, 12.8000002, -56.9732437134
27.0812912, 12.8000002, -57.3598251343
27.992775, 12.8000002, -57.6611785889
28.9042587, 12.8000002, -57.8954582214
29.8157425, 12.8000002, -58.0783233643
30.7272263, 12.8000002, -58.2221794128
31.63871, 12.8000002, -58.3363838196
32.5501938, 12.8000002, -58.4280357361
33.4616776, 12.8000002, -58.5024986267
34.3731613, 12.8000002, -58.5637016296
35.2846451, 12.8000002, -58.6148414612
36.1961288, 12.8000002, -58.6582489014
37.1076126, 12.8000002, -58.6954879761
38.0190964, 12.8000002, -58.7276000977
38.9305801, 12.8000002, -58.7552261353
39.8420639, 12.8000002, -58.7787094116
40.7535477, 12.8000002, -58.7984275818
41.6650314, 12.8000002, -58.8151741028
42.5765152, 12.8000002, -58.8295555115
43.487999, 12.8000002, -58.842010498
44.3994827, 12.8000002, -58.8528785706
45.3109665, 12.8000002, -58.8624191284
46.2224503, 12.8000002, -58.8708457947
47.133934, 12.8000002, -58.8783226013
48.0454178, 12.8000002, -58.8850021362
48.9569016, 12.8000002, -58.8910140991
49.8683853, 12.8000002, -58.8964767456
50.7798691, 12.8000002, -58.9014968872
51.6913567, 12.8000002, -58.9061737061
52.6028404, 12.8000002, -58.9105987549
53.5143242, 12.8000002, -58.9148674011
54.425808, 12.8000002, -58.9190673828
55.3372917, 12.8000002, -58.9232788086
56.2487755, 12.8000002, -58.9275970459
57.1602592, 12.8000002, -58.9321098328
58.071743, 12.8000002, -58.9369163513
58.9832268, 12.8000002, -58.9421234131
59.8947105, 12.8000002, -58.9478416443
60.8061943, 12.8000002, -58.954208374
61.7176781, 12.8000002, -58.9613723755
62.6291618, 12.8000002, -58.9695167542
63.5406456, 12.8000002, -58.9788475037
64.4521255, 12.8000002, -58.9896240234
65.3636093, 12.8000002, -59.0021514893
66.2750931, 12.8000002, -59.0168228149
67.1865768, 12.8000002, -59.0340995789
68.0980682, 12.8000002, -59.0545501709
69.009552, 12.8000002, -59.078792572
69.9210358, 12.8000002, -59.107460022
70.8325195, 12.8000002, -59.1412124634
71.7440033, 12.8000002, -59.181312561
72.6554871, 12.8000002, -59.2294616699
73.5669708, 12.8000002, -59.2874259949
74.4784546, 12.8000002, -59.3574943542
75.3899384, 12.8000002, -59.4437675476
76.3014221, 12.8000002, -59.5517730713
77.2129059, 12.8000002, -59.6700706482
78.1243896, 12.8000002, -59.8230781555
79.0358734, 12.8000002, -60.0288658142
79.9473572, 12.8000002, -60.3302688599
80.8588409, 12.8000002, -60.7218780518
81.7703247, 12.8000002, -61.2223815918
82.6818085, 12.8000002, -61.8474311829
83.5932922, 12.8000002, -62.6129493713
84.504776, 12.8000002, -63.5380172729
85.4162598, 12.8000002, -64.6431045532
86.3277435, 12.8000002, -65.9502410889
87.2392273, 12.8000002, -67.4838409424
88.1507111, 12.8000002, -69.2710113525
89.0621948, 12.8000002, -71.3419113159
89.9736786, 12.8000002, -73.7291030884
90.8851624, 12.8000002, -76.4580383301
91.7966461, 12.8000002, -79.5500564575
92.7081299, 12.8000002, -83.0487365723
93.6196136, 12.8000002, -87.029258728
94.5310974, 12.8000002, -91.4979705811
95.4425812, 12.8000002, -96.4664535522
96.3540649, 12.8000002, -101.929321289
97.2655487, 12.8000002, -107.878250122
98.1770325, 12.8000002, -114.255371094
99.0885162, 12.8000002, -120.993919373
17.085247, 13.6000004, -42.8147201538
17.9864941, 13.6000004, -45.3489761353
18.8877411, 13.6000004, -47.6083641052
19.78899, 13.6000004, -49.5927085876
20.690237, 13.6000004, -51.3137893677
21.5914841, 13.6000004, -52.7955703735
22.4927311, 13.6000004, -54.0591812134
23.3939781, 13.6000004, -55.1192321777
24.2952251, 13.6000004, -55.9924736023
25.1964722, 13.6000004, -56.6986427307
26.0977211, 13.6000004, -57.259437561
26.9989681, 13.6000004, -57.6974143982
27.9002151, 13.6000004, -58.0352935791
28.8014622, 13.6000004, -58.2945175171
29.7027092, 13.6000004, -58.4936637878
30.6039562, 13.6000004, -58.6475067139
31.5052052, 13.6000004, -58.7670631409
32.4064522, 13.6000004, -58.8605422974
33.3076973, 13.6000004, -58.9344863892
34.2089462, 13.6000004, -58.9934005737
35.1101952, 13.6000004, -59.0413970947
36.0114403, 13.6000004, -59.0814247131
36.9126892, 13.6000004, -59.1153831482
37.8139343, 13.6000004, -59.1444969177
38.7151833, 13.6000004, -59.1695137024
39.6164284, 13.6000004, -59.19090271
40.5176773, 13.6000004, -59.2090568542
41.4189262, 13.6000004, -59.2245178223
42.3201714, 13.6000004, -59.2377929688
43.2214203, 13.6000004, -59.2492790222
44.1226654, 13.6000004, -59.2592964172
45.0239143, 13.6000004, -59.2680854797
45.9251595, 13.6000004, -59.2758369446
46.8264084, 13.6000004, -59.2827148438
47.7276573, 13.6000004, -59.288848877
48.6289024, 13.6000004, -59.2943611145
49.5301514, 13.6000004, -59.2993545532
50.4313965, 13.6000004, -59.3039207458
51.3326454, 13.6000004, -59.3081550598
52.2338943, 13.6000004, -59.3121376038
53.1351395, 13.6000004, -59.3159484863
54.0363884, 13.6000004, -59.3196640015
54.9376335, 13.6000004, -59.3233604431
55.8388824, 13.6000004, -59.3271141052
56.7401276, 13.6000004, -59.3310050964
57.6413765, 13.6000004, -59.3351097107
58.5426254, 13.6000004, -59.3395195007
59.4438705, 13.6000004, -59.3443336487
60.3451195, 13.6000004, -59.3496589661
61.2463646, 13.6000004, -59.3556251526
62.1476135, 13.6000004, -59.3623695374
63.0488586, 13.6000004, -59.3700675964
63.9501076, 13.6000004, -59.3789291382
64.8513565, 13.6000004, -59.3892021179
65.7526016, 13.6000004, -59.4012031555
66.6538467, 13.6000004, -59.4153213501
67.5550995, 13.6000004, -59.4320373535
68.4563446, 13.6000004, -59.4519195557
69.3575897, 13.6000004, -59.475566864
70.2588425, 13.6000004, -59.5034828186
71.1600876, 13.6000004, -59.5361747742
72.0613327, 13.6000004, -59.5745582581
72.9625778, 13.6000004, -59.6203384399
73.8638306, 13.6000004, -59.6724243164
74.7650757, 13.6000004, -59.7283401489
75.6663208, 13.6000004, -59.8004417419
76.5675735, 13.6000004, -59.8960266113
77.4688187, 13.6000004, -60.0321426392
78.3700638, 13.6000004, -60.2400512695
79.2713089, 13.6000004, -60.522354126
80.1725616, 13.6000004, -60.8929595947
81.0738068, 13.6000004, -61.3649368286
81.9750519, 13.6000004, -61.9523773193
82.8763046, 13.6000004, -62.6715316772
83.7775497, 13.6000004, -63.5399856567
84.6787949, 13.6000004, -64.5770187378
85.58004, 13.6000004, -65.8037796021
86.4812927, 13.6000004, -67.2435302734
87.3825378, 13.6000004, -68.9221878052
88.283783, 13.6000004, -70.869430542
89.1850357, 13.6000004, -73.11769104
90.0862808, 13.6000004, -75.7017059326
90.9875259, 13.6000004, -78.6480484009
91.8887711, 13.6000004, -81.9878845215
92.7900238, 13.6000004, -85.8254852295
93.6912689, 13.6000004, -90.1812744141
94.592514, 13.6000004, -95.0847320557
95.4937668, 13.6000004, -100.565589905
96.3950119, 13.6000004, -106.635009766
97.296257, 13.6000004, -113.268951416
98.1975021, 13.6000004, -120.432647705
99.0987549, 13.6000004, -128.049713135
18.02701, 14.3999996, -43.9958381653
18.9180222, 14.3999996, -46.4831085205
19.8090324, 14.3999996, -48.6760978699
20.7000427, 14.3999996, -50.5865478516
21.591053, 14.3999996, -52.2391586304
22.4820652, 14.3999996, -53.6553726196
23.3730755, 14.3999996, -54.8537788391
24.2640858, 14.3999996, -55.8472175598
25.1550961, 14.3999996, -56.653339386
26.0461082, 14.3999996, -57.2935638428
26.9371185, 14.3999996, -57.7917976379
27.8281288, 14.3999996, -58.1735687256
28.7191391, 14.3999996, -58.4636650085
29.6101513, 14.3999996, -58.6837921143
30.5011616, 14.3999996, -58.8513069153
31.3921719, 14.3999996, -58.9790153503
32.2831841, 14.3999996, -59.0761146545
33.1741943, 14.3999996, -59.1509819031
34.0652046, 14.3999996, -59.2096786499
34.9562149, 14.3999996, -59.2567176819
35.8472252, 14.3999996, -59.2953338623
36.7382355, 14.3999996, -59.327709198
37.6292458, 14.3999996, -59.355255127
38.5202599, 14.3999996, -59.3788795471
39.4112701, 14.3999996, -59.3991661072
40.3022804, 14.3999996, -59.416557312
41.1932907, 14.3999996, -59.4314689636
42.084301, 14.3999996, -59.4443092346
42.9753113, 14.3999996, -59.4554290771
43.8663216, 14.3999996, -59.4651222229
44.7573318, 14.3999996, -59.4736213684
45.6483459, 14.3999996, -59.4811172485
46.5393562, 14.3999996, -59.4877624512
47.4303665, 14.3999996, -59.493686676
48.3213768, 14.3999996, -59.4989967346
49.2123871, 14.3999996, -59.5037994385
50.1033974, 14.3999996, -59.5081748962
50.9944077, 14.3999996, -59.5122146606
51.8854179, 14.3999996, -59.5159912109
52.7764282, 14.3999996, -59.5195808411
53.6674423, 14.3999996, -59.5230522156
54.5584526, 14.3999996, -59.5264778137
55.4494629, 14.3999996, -59.5299224854
56.3404732, 14.3999996, -59.5334625244
57.2314835, 14.3999996, -59.5371665955
58.1224937, 14.3999996, -59.5411186218
59.013504, 14.3999996, -59.5453987122
59.9045143, 14.3999996, -59.5501022339
60.7955284, 14.3999996, -59.5553398132
61.6865387, 14.3999996, -59.5612335205
62.577549, 14.3999996, -59.5679283142
63.4685593, 14.3999996, -59.5756034851
64.3595734, 14.3999996, -59.5844726562
65.2505798, 14.3999996, -59.5947914124
66.1415939, 14.3999996, -59.6068916321
67.0326004, 14.3999996, -59.6211853027
67.9236145, 14.3999996, -59.6381797791
68.814621, 14.3999996, -59.6584587097
69.7056351, 14.3999996, -59.6824455261
70.5966415, 14.3999996, -59.7101821899
71.4876556, 14.3999996, -59.7389640808
72.3786697, 14.3999996, -59.7696800232
73.2696762, 14.3999996, -59.8054656982
74.1606903, 14.3999996, -59.8478775024
75.0516968, 14.3999996, -59.9019889832
75.9427109, 14.3999996, -59.9775772095
76.8337173, 14.3999996, -60.1012229919
77.7247314, 14.3999996, -60.2859077454
78.6157455, 14.3999996, -60.5404968262
79.506752, 14.3999996, -60.8762168884
80.3977661, 14.3999996, -61.3054122925
81.2887726, 14.3999996, -61.8420562744
82.1797867, 14.3999996, -62.5014724731
83.0707932, 14.3999996, -63.3003807068
83.9618073, 14.3999996, -64.2570037842
84.8528137, 14.3999996, -65.3911056519
85.7438278, 14.3999996, -66.7243423462
86.6348419, 14.3999996, -68.280670166
87.5258484, 14.3999996, -70.0869293213
88.4168625, 14.3999996, -72.1739501953
89.307869, 14.3999996, -74.580368042
90.1988831, 14.3999996, -77.3364257812
91.0898895, 14.3999996, -80.470741272
91.9809036, 14.3999996, -84.0912017822
92.8719177, 14.3999996, -88.2360610962
93.7629242, 14.3999996, -92.9499893188
94.6539383, 14.3999996, -98.2927017212
95.5449448, 14.3999996, -104.289573669
96.4359589, 14.3999996, -110.984840393
97.3269653, 14.3999996, -118.356735229
98.2179794, 14.3999996, -126.379318237
99.1089859, 14.3999996, -134.979049683
18.9687748, 15.1999998, -45.0699768066
19.8495483, 15.1999998, -47.4671669006
20.7303219, 15.1999998, -49.572467804
21.6110973, 15.1999998, -51.4011650085
22.4918709, 15.1999998, -52.9782447815
23.3726444, 15.1999998, -54.3245391846
24.2534199, 15.1999998, -55.4491844177
25.1341934, 15.1999998, -56.3661804199
26.014967, 15.1999998, -57.0957183838
26.8957424, 15.1999998, -57.6628036499
27.776516, 15.1999998, -58.0956039429
28.6572895, 15.1999998, -58.4223060608
29.538065, 15.1999998, -58.6680221558
30.4188385, 15.1999998, -58.8530464172
31.299612, 15.1999998, -58.9924125671
32.1803856, 15.1999998, -59.0971298218
33.061161, 15.1999998, -59.176776886
33.9419365, 15.1999998, -59.2385787964
34.8227081, 15.1999998, -59.2875823975
35.7034836, 15.1999998, -59.3273544312
36.584259, 15.1999998, -59.3603630066
37.4650307, 15.1999998, -59.3882598877
38.3458061, 15.1999998, -59.4121131897
39.2265816, 15.1999998, -59.4326286316
40.1073532, 15.1999998, -59.4503059387
40.9881287, 15.1999998, -59.4655418396
41.8689041, 15.1999998, -59.478679657
42.7496758, 15.1999998, -59.4900550842
43.6304512, 15.1999998, -59.499961853
44.5112267, 15.1999998, -59.508644104
45.3919983, 15.1999998, -59.5162963867
46.2727737, 15.1999998, -59.5230789185
47.1535492, 15.1999998, -59.5291213989
48.0343208, 15.1999998, -59.5345306396
48.9150963, 15.1999998, -59.5394096375
49.7958717, 15.1999998, -59.5438499451
50.6766434, 15.1999998, -59.5479278564
51.5574188, 15.1999998, -59.5517234802
52.4381943, 15.1999998, -59.555305481
53.3189659, 15.1999998, -59.5587501526
54.1997414, 15.1999998, -59.562122345
55.0805168, 15.1999998, -59.5654830933
55.9612885, 15.1999998, -59.5689086914
56.8420639, 15.1999998, -59.5724601746
57.7228394, 15.1999998, -59.5762176514
58.6036148, 15.1999998, -59.5802612305
59.4843864, 15.1999998, -59.5846710205
60.3651619, 15.1999998, -59.589553833
61.2459373, 15.1999998, -59.5950164795
62.126709, 15.1999998, -59.6011886597
63.0074844, 15.1999998, -59.6082344055
63.8882599, 15.1999998, -59.6163330078
64.7690353, 15.1999998, -59.6257171631
65.6498032, 15.1999998, -59.6366653442
66.5305786, 15.1999998, -59.6495361328
67.4113541, 15.1999998, -59.6647758484
68.2921295, 15.1999998, -59.682926178
69.172905, 15.1999998, -59.7045593262
70.0536804, 15.1999998, -59.7298927307
70.9344482, 15.1999998, -59.7548446655
71.8152237, 15.1999998, -59.7822532654
72.6959991, 15.1999998, -59.8130607605
73.5767746, 15.1999998, -59.8489074707
74.45755, 15.1999998, -59.8933753967
75.3383255, 15.1999998, -59.9527816772
76.2190933, 15.1999998, -60.0462112427
77.0998688, 15.1999998, -60.1958618164
77.9806442, 15.1999998, -60.4098739624
78.8614197, 15.1999998, -60.6976623535
79.7421951, 15.1999998, -61.0713233948
80.6229706, 15.1999998, -61.5441627502
81.5037384, 15.1999998, -62.1309700012
82.3845139, 15.1999998, -62.8478889465
83.2652893, 15.1999998, -63.7122612
84.1460648, 15.1999998, -64.7427215576
85.0268402, 15.1999998, -65.959312439
85.9076157, 15.1999998, -67.3838043213
86.7883835, 15.1999998, -69.0403060913
87.6691589, 15.1999998, -70.9559326172
88.5499344, 15.1999998, -73.1610031128
89.4307098, 15.1999998, -75.7012863159
90.3114853, 15.1999998, -78.6155319214
91.1922607, 15.1999998, -81.9455032349
92.0730286, 15.1999998, -85.8069992065
92.953804, 15.1999998, -90.2377548218
93.8345795, 15.1999998, -95.2891998291
94.7153549, 15.1999998, -101.044189453
95.5961304, 15.1999998, -107.572967529
96.4769058, 15.1999998, -114.898193359
97.3576736, 15.1999998, -123.058929443
98.2384491, 15.1999998, -132.038650513
99.1192245, 15.1999998, -141.737640381
19.9105377, 16.0, -45.9897880554
20.7810745, 16.0, -48.2888679504
21.6516132, 16.0, -50.3038597107
22.52215, 16.0, -52.0529403687
23.3926888, 16.0, -53.5540084839
24.2632256, 16.0, -54.819190979
25.1337643, 16.0, -55.8559646606
26.0043011, 16.0, -56.6822128296
26.8748379, 16.0, -57.324131012
27.7453766, 16.0, -57.8127555847
28.6159134, 16.0, -58.1799125671
29.4864521, 16.0, -58.4543952942
30.3569889, 16.0, -58.6598091125
31.2275276, 16.0, -58.8140830994
32.0980644, 16.0, -58.9302597046
32.9686012, 16.0, -59.0185050964
33.839138, 16.0, -59.0868759155
34.7096786, 16.0, -59.1408309937
35.5802155, 16.0, -59.1843261719
36.4507523, 16.0, -59.2202033997
37.3212891, 16.0, -59.2503852844
38.1918297, 16.0, -59.2761306763
39.0623665, 16.0, -59.2982826233
39.9329033, 16.0, -59.3174095154
40.8034401, 16.0, -59.3339118958
41.6739769, 16.0, -59.3481292725
42.5445175, 16.0, -59.3603973389
43.4150543, 16.0, -59.371055603
44.2855911, 16.0, -59.3803863525
45.1561279, 16.0, -59.3886108398
46.0266685, 16.0, -59.3958930969
46.8972054, 16.0, -59.4023780823
47.7677422, 16.0, -59.4081840515
48.638279, 16.0, -59.4134101868
49.5088158, 16.0, -59.4181518555
50.3793564, 16.0, -59.4224967957
51.2498932, 16.0, -59.426525116
52.12043, 16.0, -59.430305481
52.9909668, 16.0, -59.4339141846
53.8615036, 16.0, -59.4374237061
54.7320442, 16.0, -59.4408950806
55.602581, 16.0, -59.4444046021
56.4731178, 16.0, -59.4480133057
57.3436546, 16.0, -59.4518013
58.2141953, 16.0, -59.4558410645
59.0847321, 16.0, -59.4602203369
59.9552689, 16.0, -59.4650344849
60.8258057, 16.0, -59.4703903198
61.6963425, 16.0, -59.4764099121
62.5668831, 16.0, -59.4832420349
63.4374199, 16.0, -59.4910583496
64.3079605, 16.0, -59.5000648499
65.1784973, 16.0, -59.5105171204
66.0490341, 16.0, -59.5227279663
66.9195709, 16.0, -59.5370826721
67.7901077, 16.0, -59.554069519
68.6606445, 16.0, -59.5742530823
69.5311813, 16.0, -59.5982208252
70.4017181, 16.0, -59.6260643005
71.2722549, 16.0, -59.6584396362
72.1427994, 16.0, -59.6940498352
73.0133362, 16.0, -59.7309150696
73.883873, 16.0, -59.7746315002
74.7544098, 16.0, -59.828086853
75.6249466, 16.0, -59.8975563049
76.4954834, 16.0, -59.9965400696
77.3660202, 16.0, -60.1590156555
78.236557, 16.0, -60.38621521
79.1070938, 16.0, -60.6919174194
79.9776306, 16.0, -61.0882148743
80.848175, 16.0, -61.5895309448
81.7187119, 16.0, -62.2117729187
82.5892487, 16.0, -62.9717216492
83.4597855, 16.0, -63.8874015808
84.3303223, 16.0, -64.9776611328
85.2008591, 16.0, -66.2624435425
86.0713959, 16.0, -67.763168335
86.9419327, 16.0, -69.5034255981
87.8124695, 16.0, -71.5099411011
88.6830139, 16.0, -73.8131561279
89.5535507, 16.0, -76.4616165161
90.4240875, 16.0, -79.511932373
91.2946243, 16.0, -83.0258560181
92.1651611, 16.0, -87.0973815918
93.0356979, 16.0, -91.7777481079
93.9062347, 16.0, -97.1426849365
94.7767715, 16.0, -103.282897949
95.6473083, 16.0, -110.312995911
96.5178528, 16.0, -118.283508301
97.3883896, 16.0, -127.26991272
98.2589264, 16.0, -137.300354004
99.1294632, 16.0, -148.272445679
20.8523006, 16.7999992, -46.7569236755
21.7126026, 16.7999992, -48.9649353027
22.5729027, 16.7999992, -50.8970146179
23.4332047, 16.7999992, -52.5661964417
24.2935047, 16.7999992, -53.9797897339
25.1538067, 16.7999992, -55.1418113708
26.0141068, 16.7999992, -56.0672225952
26.8744087, 16.7999992, -56.7845497131
27.7347088, 16.7999992, -57.3289642334
28.5950108, 16.7999992, -57.7365646362
29.4553127, 16.7999992, -58.0400238037
30.3156128, 16.7999992, -58.2663002014
31.1759148, 16.7999992, -58.4361457825
32.0362167, 16.7999992, -58.5649147034
32.8965149, 16.7999992, -58.6639060974
33.7568169, 16.7999992, -58.7413215637
34.6171188, 16.7999992, -58.8025817871
35.4774208, 16.7999992, -58.851940155
36.337719, 16.7999992, -58.8926391602
37.1980209, 16.7999992, -58.9268455505
38.0583229, 16.7999992, -58.9560089111
38.9186249, 16.7999992, -58.9811134338
39.778923, 16.7999992, -59.002822876
40.639225, 16.7999992, -59.0215682983
41.499527, 16.7999992, -59.0376625061
42.3598289, 16.7999992, -59.0514755249
43.2201309, 16.7999992, -59.0634384155
44.0804291, 16.7999992, -59.0738983154
44.940731, 16.7999992, -59.0831184387
45.801033, 16.7999992, -59.0912857056
46.661335, 16.7999992, -59.0985565186
47.5216331, 16.7999992, -59.1050643921
48.3819351, 16.7999992, -59.1109199524
49.2422371, 16.7999992, -59.1162185669
50.1025391, 16.7999992, -59.1210632324
50.9628372, 16.7999992, -59.1255378723
51.8231392, 16.7999992, -59.1297187805
52.6834412, 16.7999992, -59.1336898804
53.5437431, 16.7999992, -59.1375198364
54.4040413, 16.7999992, -59.1412887573
55.2643433, 16.7999992, -59.1450614929
56.1246452, 16.7999992, -59.1489181519
56.9849472, 16.7999992, -59.1529312134
57.8452492, 16.7999992, -59.1571769714
58.7055473, 16.7999992, -59.1617507935
59.5658493, 16.7999992, -59.1667404175
60.4261513, 16.7999992, -59.1722602844
61.2864532, 16.7999992, -59.1784248352
62.1467514, 16.7999992, -59.185382843
63.0070534, 16.7999992, -59.1933021545
63.8673553, 16.7999992, -59.2023735046
64.7276535, 16.7999992, -59.2128448486
65.5879593, 16.7999992, -59.2250022888
66.4482574, 16.7999992, -59.2391929626
67.3085556, 16.7999992, -59.2558479309
68.1688614, 16.7999992, -59.2754707336
69.0291595, 16.7999992, -59.2986564636
69.8894653, 16.7999992, -59.326007843
70.7497635, 16.7999992, -59.3582954407
71.6100616, 16.7999992, -59.396282196
72.4703674, 16.7999992, -59.4409561157
73.3306656, 16.7999992, -59.4945983887
74.1909714, 16.7999992, -59.559387207
75.0512695, 16.7999992, -59.6295204163
75.9115677, 16.7999992, -59.7131652832
76.7718735, 16.7999992, -59.824306488
77.6321716, 16.7999992, -59.9743270874
78.4924698, 16.7999992, -60.2003555298
79.3527756, 16.7999992, -60.5077133179
80.2130737, 16.7999992, -60.9098815918
81.0733795, 16.7999992, -61.4243164062
81.9336777, 16.7999992, -62.06640625
82.7939758, 16.7999992, -62.8547363281
83.6542816, 16.7999992, -63.8076438904
84.5145798, 16.7999992, -64.9440383911
85.3748779, 16.7999992, -66.2833251953
86.2351837, 16.7999992, -67.8458099365
87.0954819, 16.7999992, -69.6538238525
87.9557877, 16.7999992, -71.7325515747
88.8160858, 16.7999992, -74.1128921509
89.676384, 16.7999992, -76.8482818604
90.5366898, 16.7999992, -79.9997558594
91.3969879, 16.7999992, -83.6759109497
92.2572937, 16.7999992, -87.9195861816
93.1175919, 16.7999992, -92.8037490845
93.97789, 16.7999992, -98.4345474243
94.8381958, 16.7999992, -104.922180176
95.698494, 16.7999992, -112.399154663
96.5587921, 16.7999992, -120.994110107
97.4190979, 16.7999992, -130.846038818
98.2793961, 16.7999992, -142.02355957
99.1397018, 16.7999992, -154.495681763
21.7940636, 17.6000004, -47.3994255066
22.6441288, 17.6000004, -49.5325469971
23.494194, 17.6000004, -51.3887863159
24.3442574, 17.6000004, -52.9595184326
25.1943226, 17.6000004, -54.247089386
26.0443878, 17.6000004, -55.2661056519
26.8944511, 17.6000004, -56.050868988
27.7445164, 17.6000004, -56.6435050964
28.5945797, 17.6000004, -57.085609436
29.4446449, 17.6000004, -57.413860321
30.2947102, 17.6000004, -57.6581764221
31.1447735, 17.6000004, -57.8415718079
31.9948387, 17.6000004, -57.981174469
32.844902, 17.6000004, -58.0893669128
33.6949692, 17.6000004, -58.1748504639
34.5450325, 17.6000004, -58.2435073853
35.3950958, 17.6000004, -58.2995605469
36.245163, 17.6000004, -58.3460884094
37.0952263, 17.6000004, -58.3852996826
37.9452896, 17.6000004, -58.4187698364
38.7953529, 17.6000004, -58.4476127625
39.6454201, 17.6000004, -58.472618103
40.4954834, 17.6000004, -58.4942741394
41.3455467, 17.6000004, -58.5128669739
42.1956139, 17.6000004, -58.528755188
43.0456772, 17.6000004, -58.5425109863
43.8957405, 17.6000004, -58.5545578003
44.7458076, 17.6000004, -58.5651855469
45.595871, 17.6000004, -58.5746116638
46.4459343, 17.6000004, -58.5830078125
47.2960014, 17.6000004, -58.5905189514
48.1460648, 17.6000004, -58.5972747803
48.9961281, 17.6000004, -58.6033859253
49.8461952, 17.6000004, -58.6089553833
50.6962585, 17.6000004, -58.6140823364
51.5463219, 17.6000004, -58.6188621521
52.3963852, 17.6000004, -58.623374939
53.2464523, 17.6000004, -58.6277046204
54.0965157, 17.6000004, -58.6319351196
54.946579, 17.6000004, -58.6361465454
55.7966461, 17.6000004, -58.640411377
56.6467094, 17.6000004, -58.6448173523
57.4967728, 17.6000004, -58.6494483948
58.3468399, 17.6000004, -58.6543960571
59.1969032, 17.6000004, -58.6597633362
60.0469666, 17.6000004, -58.6656532288
60.8970337, 17.6000004, -58.6721992493
61.747097, 17.6000004, -58.6795425415
62.5971603, 17.6000004, -58.6878547668
63.4472275, 17.6000004, -58.6973304749
64.297287, 17.6000004, -58.7082023621
65.1473541, 17.6000004, -58.7207565308
65.9974213, 17.6000004, -58.7353172302
66.8474808, 17.6000004, -58.752281189
67.6975479, 17.6000004, -58.7721138
68.5476151, 17.6000004, -58.7953453064
69.3976746, 17.6000004, -58.822555542
70.2477417, 17.6000004, -58.8543815613
71.0978088, 17.6000004, -58.8915977478
71.9478683, 17.6000004, -58.9354133606
72.7979355, 17.6000004, -58.9879646301
73.6480026, 17.6000004, -59.0517272949
74.4980621, 17.6000004, -59.1285858154
75.3481293, 17.6000004, -59.2222213745
76.1981964, 17.6000004, -59.3382606506
77.0482559, 17.6000004, -59.480342865
77.8983231, 17.6000004, -59.6389274597
78.7483902, 17.6000004, -59.8447036743
79.5984497, 17.6000004, -60.1287231445
80.4485168, 17.6000004, -60.5239105225
81.298584, 17.6000004, -61.0321655273
82.1486435, 17.6000004, -61.6784095764
82.9987106, 17.6000004, -62.4799461365
83.8487778, 17.6000004, -63.4558944702
84.6988373, 17.6000004, -64.6257705688
85.5489044, 17.6000004, -66.0068359375
86.3989639, 17.6000004, -67.6176147461
87.2490311, 17.6000004, -69.4783630371
88.0990982, 17.6000004, -71.6122512817
88.9491577, 17.6000004, -74.0481109619
89.7992249, 17.6000004, -76.8469772339
90.649292, 17.6000004, -80.0828399658
91.4993515, 17.6000004, -83.8656692505
92.3494186, 17.6000004, -88.2338256836
93.1994858, 17.6000004, -93.2669677734
94.0495453, 17.6000004, -99.0939407349
94.8996124, 17.6000004, -105.857597351
95.7496796, 17.6000004, -113.708389282
96.5997391, 17.6000004, -122.851173401
97.4498062, 17.6000004, -133.541717529
98.2998734, 17.6000004, -145.976730347
99.1499329, 17.6000004, -160.226425171
22.7358284, 18.3999996, -47.9736061096
23.575655, 18.3999996, -50.0517501831
24.4154835, 18.3999996, -51.8008537292
25.255312, 18.3999996, -53.2048873901
26.0951405, 18.3999996, -54.2992019653
26.934967, 18.3999996, -55.1314811707
27.7747955, 18.3999996, -55.7549209595
28.614624, 18.3999996, -56.2180709839
29.4544525, 18.3999996, -56.5614433289
30.2942791, 18.3999996, -56.8170509338
31.1341076, 18.3999996, -57.0091896057
31.9739361, 18.3999996, -57.1559486389
32.8137627, 18.3999996, -57.2703285217
33.6535912, 18.3999996, -57.361366272
34.4934196, 18.3999996, -57.4351768494
35.3332481, 18.3999996, -57.4959449768
36.1730766, 18.3999996, -57.5466156006
37.0129051, 18.3999996, -57.5893707275
37.8527298, 18.3999996, -57.625869751
38.6925583, 18.3999996, -57.6573371887
39.5323868, 18.3999996, -57.6846694946
40.3722153, 18.3999996, -57.7084655762
41.2120438, 18.3999996, -57.7291564941
42.0518723, 18.3999996, -57.747127533
42.8917007, 18.3999996, -57.7628288269
43.7315254, 18.3999996, -57.7766456604
44.5713539, 18.3999996, -57.7888679504
45.4111824, 18.3999996, -57.7997283936
46.2510109, 18.3999996, -57.8094139099
47.0908394, 18.3999996, -57.8180809021
47.9306679, 18.3999996, -57.8258743286
48.7704964, 18.3999996, -57.8329162598
49.610321, 18.3999996, -57.8393249512
50.4501495, 18.3999996, -57.8452110291
51.289978, 18.3999996, -57.8506813049
52.1298065, 18.3999996, -57.8558235168
52.969635, 18.3999996, -57.8607368469
53.8094635, 18.3999996, -57.8655090332
54.649292, 18.3999996, -57.870223999
55.4891167, 18.3999996, -57.8749732971
56.3289452, 18.3999996, -57.8798408508
57.1687737, 18.3999996, -57.8849220276
58.0086021, 18.3999996, -57.8903121948
58.8484306, 18.3999996, -57.8961143494
59.6882591, 18.3999996, -57.9024505615
60.5280876, 18.3999996, -57.9094429016
61.3679123, 18.3999996, -57.9172477722
62.2077408, 18.3999996, -57.9260292053
63.0475693, 18.3999996, -57.9359893799
63.8873978, 18.3999996, -57.9473609924
64.7272263, 18.3999996, -57.9604187012
65.5670547, 18.3999996, -57.9754905701
66.4068832, 18.3999996, -57.9929504395
67.2467117, 18.3999996, -58.0132408142
68.0865402, 18.3999996, -58.036857605
68.9263687, 18.3999996, -58.0643424988
69.7661972, 18.3999996, -58.0962600708
70.6060181, 18.3999996, -58.1332054138
71.4458466, 18.3999996, -58.1755752563
72.285675, 18.3999996, -58.2255020142
73.1255035, 18.3999996, -58.2854576111
73.965332, 18.3999996, -58.3581237793
74.8051605, 18.3999996, -58.4467201233
75.644989, 18.3999996, -58.5551872253
76.4848175, 18.3999996, -58.6876106262
77.324646, 18.3999996, -58.8472518921
78.1644745, 18.3999996, -59.0428199768
79.004303, 18.3999996, -59.2863426208
79.8441315, 18.3999996, -59.5668869019
80.68396, 18.3999996, -59.9112815857
81.5237885, 18.3999996, -60.3992805481
82.3636093, 18.3999996, -61.0333175659
83.2034378, 18.3999996, -61.8286590576
84.0432663, 18.3999996, -62.8165206909
84.8830948, 18.3999996, -64.0081100464
85.7229233, 18.3999996, -65.4199829102
86.5627518, 18.3999996, -67.0674362183
87.4025803, 18.3999996, -68.9671630859
88.2424088, 18.3999996, -71.1405410767
89.0822372, 18.3999996, -73.6139678955
89.9220657, 18.3999996, -76.4471664429
90.7618942, 18.3999996, -79.7342147827
91.6017227, 18.3999996, -83.5675735474
92.4415512, 18.3999996, -88.0042266846
93.2813797, 18.3999996, -93.1228942871
94.1212006, 18.3999996, -99.0598449707
94.9610291, 18.3999996, -105.994110107
95.8008575, 18.3999996, -114.098121643
96.640686, 18.3999996, -123.6456604
97.4805145, 18.3999996, -135.026138306
98.320343, 18.3999996, -148.740402222
99.1601715, 18.3999996, -165.151519775
23.6775913, 19.2000008, -48.604347229
24.5071831, 19.2000008, -50.5598144531
25.3367748, 19.2000008, -52.0626907349
26.1663647, 19.2000008, -53.1936149597
26.9959564, 19.2000008, -54.0380897522
27.8255482, 19.2000008, -54.6645469666
28.6551399, 19.2000008, -55.1280860901
29.4847317, 19.2000008, -55.4716148376
30.3143234, 19.2000008, -55.727809906
31.1439133, 19.2000008, -55.9210777283
31.973505, 19.2000008, -56.0693740845
32.8030968, 19.2000008, -56.1855545044
33.6326866, 19.2000008, -56.2785453796
34.4622803, 19.2000008, -56.354385376
35.2918701, 19.2000008, -56.4171333313
36.1214638, 19.2000008, -56.4695854187
36.9510536, 19.2000008, -56.5138664246
37.7806435, 19.2000008, -56.5516700745
38.6102371, 19.2000008, -56.584274292
39.439827, 19.2000008, -56.6126327515
40.2694206, 19.2000008, -56.6374168396
41.0990105, 19.2000008, -56.6591186523
41.9286003, 19.2000008, -56.6781539917
42.758194, 19.2000008, -56.6949043274
43.5877838, 19.2000008, -56.7097091675
44.4173775, 19.2000008, -56.7228431702
45.2469673, 19.2000008, -56.7345314026
46.076561, 19.2000008, -56.7449645996
46.9061508, 19.2000008, -56.7543067932
47.7357407, 19.2000008, -56.7627067566
48.5653343, 19.2000008, -56.7702980042
49.3949242, 19.2000008, -56.7771987915
50.2245178, 19.2000008, -56.7835235596
51.0541077, 19.2000008, -56.7893867493
51.8836975, 19.2000008, -56.794883728
52.7132912, 19.2000008, -56.800113678
53.542881, 19.2000008, -56.8051643372
54.3724747, 19.2000008, -56.810131073
55.2020645, 19.2000008, -56.8150978088
56.0316544, 19.2000008, -56.8201599121
56.861248, 19.2000008, -56.8254051208
57.6908379, 19.2000008, -56.8309364319
58.5204315, 19.2000008, -56.8368492126
59.3500214, 19.2000008, -56.8432693481
60.1796112, 19.2000008, -56.8503112793
61.0092049, 19.2000008, -56.858127594
61.8387947, 19.2000008, -56.8668785095
62.6683884, 19.2000008, -56.8767547607
63.4979782, 19.2000008, -56.8879737854
64.3275681, 19.2000008, -56.9008026123
65.1571579, 19.2000008, -56.9155387878
65.9867554, 19.2000008, -56.9325370789
66.8163452, 19.2000008, -56.9522094727
67.6459351, 19.2000008, -56.9750061035
68.4755249, 19.2000008, -57.0014228821
69.3051147, 19.2000008, -57.0319786072
70.1347122, 19.2000008, -57.0672225952
70.9643021, 19.2000008, -57.1078071594
71.7938919, 19.2000008, -57.1551399231
72.6234818, 19.2000008, -57.2112426758
73.4530716, 19.2000008, -57.2786026001
74.2826691, 19.2000008, -57.3601379395
75.1122589, 19.2000008, -57.4592018127
75.9418488, 19.2000008, -57.579498291
76.7714386, 19.2000008, -57.7248306274
77.6010361, 19.2000008, -57.8991661072
78.4306259, 19.2000008, -58.1098861694
79.2602158, 19.2000008, -58.3660850525
80.0898056, 19.2000008, -58.6804161072
80.9193954, 19.2000008, -59.0735206604
81.7489929, 19.2000008, -59.534740448
82.5785828, 19.2000008, -60.0965232849
83.4081726, 19.2000008, -60.8883209229
84.2377625, 19.2000008, -61.8731689453
85.0673523, 19.2000008, -63.0765533447
85.8969498, 19.2000008, -64.5131225586
86.7265396, 19.2000008, -66.1873474121
87.5561295, 19.2000008, -68.1133728027
88.3857193, 19.2000008, -70.3109436035
89.2153091, 19.2000008, -72.8038024902
90.0449066, 19.2000008, -75.6383361816
90.8744965, 19.2000008, -78.9280395508
91.7040863, 19.2000008, -82.7513961792
92.5336761, 19.2000008, -87.2000732422
93.363266, 19.2000008, -92.3382644653
94.1928635, 19.2000008, -98.2832336426
95.0224533, 19.2000008, -105.252250671
95.8520432, 19.2000008, -113.435493469
96.681633, 19.2000008, -123.151031494
97.5112228, 19.2000008, -134.904174805
98.3408203, 19.2000008, -149.452819824
99.1704102, 19.2000008, -168.452453613
