100.0, 0.0, -1.62064371295e-40
0.0, 0.0, -5.84800384871e-39
-20.0, 0.0, 0.0
-20.0, -20.0, 200.0
100.0, -20.0, 200.0
100.0, 20.0, -200.0
23.7999992, 20.0, -68.5793609619
98.9247284, 0.0, 0.622241079807
97.8494644, 0.0, 1.23446416855
96.7741928, 0.0, 1.82710599899
95.6989212, 0.0, 2.39162945747
94.6236572, 0.0, 2.92146229744
93.5483856, 0.0, 3.41261291504
92.4731216, 0.0, 3.86332035065
91.39785, 0.0, 4.27325391769
90.3225784, 0.0, 4.6429681778
89.2473145, 0.0, 4.97380161285
88.1720428, 0.0, 5.26781320572
87.0967712, 0.0, 5.52759552002
86.0215073, 0.0, 5.75606155396
84.9462357, 0.0, 5.95625734329
83.8709641, 0.0, 6.13121175766
82.7957001, 0.0, 6.28384780884
81.7204285, 0.0, 6.41691160202
80.6451645, 0.0, 6.53292131424
79.5698929, 0.0, 6.63414478302
78.4946213, 0.0, 6.72259473801
77.4193573, 0.0, 6.80003643036
76.3440857, 0.0, 6.86800909042
75.2688141, 0.0, 6.92784118652
74.1935501, 0.0, 6.98067474365
73.1182785, 0.0, 7.02749013901
72.0430145, 0.0, 7.06912279129
70.9677429, 0.0, 7.10628938675
69.8924713, 0.0, 7.13960027695
68.8172073, 0.0, 7.16957902908
67.7419357, 0.0, 7.19667577744
66.6666641, 0.0, 7.2212767601
65.5914001, 0.0, 7.24371433258
64.5161285, 0.0, 7.26427793503
63.4408607, 0.0, 7.28321838379
62.365593, 0.0, 7.30075597763
61.2903214, 0.0, 7.31708478928
60.2150536, 0.0, 7.33237695694
59.1397858, 0.0, 7.3467874527
58.064518, 0.0, 7.36045789719
56.9892464, 0.0, 7.37351799011
55.9139786, 0.0, 7.38608980179
54.8387108, 0.0, 7.39828777313
53.7634392, 0.0, 7.41022253036
52.6881714, 0.0, 7.42200040817
51.6129036, 0.0, 7.43372821808
50.5376358, 0.0, 7.44551277161
49.4623642, 0.0, 7.45746469498
48.3870964, 0.0, 7.46969842911
47.3118286, 0.0, 7.48233556747
46.2365608, 0.0, 7.4955072403
45.1612892, 0.0, 7.50935792923
44.0860214, 0.0, 7.52404594421
43.0107536, 0.0, 7.53975009918
41.935482, 0.0, 7.55667304993
40.8602142, 0.0, 7.57504653931
39.7849464, 0.0, 7.59513950348
38.7096786, 0.0, 7.61726617813
37.634407, 0.0, 7.64179944992
36.5591393, 0.0, 7.66918802261
35.4838715, 0.0, 7.6999874115
34.4086037, 0.0, 7.73490762711
33.3333321, 0.0, 7.77491235733
32.2580643, 0.0, 7.82141971588
31.1827965, 0.0, 7.87679576874
30.1075268, 0.0, 7.94580173492
29.032259, 0.0, 8.04068279266
27.9569893, 0.0, 8.21247768402
26.8817196, 0.0, 8.48317432404
25.8064518, 0.0, 8.75723457336
24.7311821, 0.0, 8.97089290619
23.6559143, 0.0, 9.16262149811
22.5806446, 0.0, 9.35591030121
21.5053768, 0.0, 9.56106758118
20.4301071, 0.0, 9.78541564941
19.3548393, 0.0, 10.0362415314
18.2795696, 0.0, 10.3219060898
17.2043018, 0.0, 10.6528015137
16.1290321, 0.0, 11.0422821045
15.0537634, 0.0, 11.5071125031
13.9784946, 0.0, 12.0676651001
12.9032259, 0.0, 12.7477893829
11.8279572, 0.0, 13.5730361938
10.7526884, 0.0, 14.5623607635
9.67741966, 0.0, 15.6963205338
8.60215092, 0.0, 16.8223667145
7.52688169, 0.0, 17.7633686066
6.45161295, 0.0, 18.3592720032
5.3763442, 0.0, 18.4490146637
4.30107546, 0.0, 17.8866691589
3.22580647, 0.0, 16.5362873077
2.15053773, 0.0, 14.1768598557
1.07526886, 0.0, 10.0997095108
-1.05263162, 0.0, -1.42165372582e-39
-2.10526323, 0.0, -1.23216454228e-39
-3.15789485, 0.0, -1.12527069282e-39
-4.21052647, 0.0, -1.05659025249e-39
-5.26315784, 0.0, -1.00845424894e-39
-6.3157897, 0.0, -9.72628652402e-40
-7.36842108, 0.0, -9.44733003872e-40
-8.42105293, 0.0, -9.22216940148e-40
-9.47368431, 0.0, -9.03495592664e-40
-10.5263157, 0.0, -8.8753059926e-40
-11.5789471, 0.0, -8.73612902912e-40
-12.6315794, 0.0, -8.61235233577e-40
-13.6842108, 0.0, -8.50026247161e-40
-14.7368422, 0.0, -8.39701480076e-40
-15.7894735, 0.0, -8.30036724567e-40
-16.8421059, 0.0, -8.20847009238e-40
-17.8947372, 0.0, -8.11976789959e-40
-18.9473686, 0.0, -8.0328033169e-40
-20.0, -1.0, 10.0
-20.0, -2.0, 20.0
-20.0, -3.0, 30.0
-20.0, -4.0, 40.0
-20.0, -5.0, 50.0
-20.0, -6.0, 60.0
-20.0, -7.0, 70.0
-20.0, -8.0, 80.0
-20.0, -9.0, 90.0
-20.0, -10.0, 100.0
-20.0, -11.0, 110.0
-20.0, -12.0, 120.0
-20.0, -13.0, 130.0
-20.0, -14.0, 140.0
-20.0, -15.0, 150.0
-20.0, -16.0, 160.0
-20.0, -17.0, 170.0
-20.0, -18.0, 180.0
-20.0, -19.0, 190.0
-18.9285717, -20.0, 200.270767212
-17.8571434, -20.0, 200.542816162
-16.7857151, -20.0, 200.817352295
-15.7142859, -20.0, 201.095626831
-14.6428576, -20.0, 201.378707886
-13.5714283, -20.0, 201.667648315
-12.5, -20.0, 201.963302612
-11.4285717, -20.0, 202.266357422
-10.3571424, -20.0, 202.577301025
-9.28571415, -20.0, 202.896316528
-8.21428585, -20.0, 203.223312378
-7.14285707, -20.0, 203.557815552
-6.07142878, -20.0, 203.898971558
-5.0, -20.0, 204.245529175
-3.92857146, -20.0, 204.595809937
-2.85714293, -20.0, 204.94770813
-1.78571427, -20.0, 205.298782349
-0.714285731, -20.0, 205.646224976
0.357142866, -20.0, 205.987075806
1.42857146, -20.0, 206.318206787
2.5, -20.0, 206.636520386
3.57142854, -20.0, 206.939056396
4.64285707, -20.0, 207.223098755
5.71428585, -20.0, 207.486297607
6.78571415, -20.0, 207.726791382
7.85714293, -20.0, 207.94317627
8.9285717, -20.0, 208.134643555
10.0, -20.0, 208.30090332
11.0714283, -20.0, 208.442169189
12.1428576, -20.0, 208.559112549
13.2142859, -20.0, 208.652786255
14.2857141, -20.0, 208.724578857
15.3571424, -20.0, 208.776077271
16.4285717, -20.0, 208.809036255
17.5, -20.0, 208.825302124
18.5714283, -20.0, 208.82673645
19.6428566, -20.0, 208.815185547
20.7142849, -20.0, 208.792404175
21.7857151, -20.0, 208.760070801
22.8571434, -20.0, 208.719772339
23.9285717, -20.0, 208.672912598
25.0, -20.0, 208.620819092
26.0714283, -20.0, 208.564651489
27.1428566, -20.0, 208.505432129
28.2142849, -20.0, 208.444076538
29.2857151, -20.0, 208.381362915
30.3571434, -20.0, 208.317947388
31.4285717, -20.0, 208.254379272
32.5, -20.0, 208.191085815
33.5714302, -20.0, 208.128448486
34.6428566, -20.0, 208.066726685
35.7142868, -20.0, 208.006118774
36.7857132, -20.0, 207.946731567
37.8571434, -20.0, 207.888656616
38.9285698, -20.0, 207.831893921
40.0, -20.0, 207.776428223
41.0714302, -20.0, 207.722183228
42.1428566, -20.0, 207.669082642
43.2142868, -20.0, 207.616989136
44.2857132, -20.0, 207.56578064
45.3571434, -20.0, 207.515274048
46.4285698, -20.0, 207.465301514
47.5, -20.0, 207.415679932
48.5714302, -20.0, 207.366210938
49.6428566, -20.0, 207.316665649
50.7142868, -20.0, 207.266845703
51.7857132, -20.0, 207.216506958
52.8571434, -20.0, 207.165420532
53.9285698, -20.0, 207.113342285
55.0, -20.0, 207.060028076
56.0714302, -20.0, 207.005203247
57.1428566, -20.0, 206.948623657
58.2142868, -20.0, 206.889984131
59.2857132, -20.0, 206.829025269
60.3571434, -20.0, 206.765457153
61.4285698, -20.0, 206.698944092
62.5, -20.0, 206.629211426
63.5714302, -20.0, 206.555923462
64.6428604, -20.0, 206.478729248
65.7142868, -20.0, 206.397323608
66.7857132, -20.0, 206.311340332
67.8571396, -20.0, 206.220428467
68.9285736, -20.0, 206.124237061
70.0, -20.0, 206.022369385
71.0714264, -20.0, 205.914474487
72.1428604, -20.0, 205.800170898
73.2142868, -20.0, 205.679092407
74.2857132, -20.0, 205.550888062
75.3571396, -20.0, 205.415176392
76.4285736, -20.0, 205.271636963
77.5, -20.0, 205.119934082
78.5714264, -20.0, 204.959777832
79.6428604, -20.0, 204.790878296
80.7142868, -20.0, 204.613006592
81.7857132, -20.0, 204.425994873
82.8571396, -20.0, 204.229690552
83.9285736, -20.0, 204.024002075
85.0, -20.0, 203.808944702
86.0714264, -20.0, 203.584533691
87.1428604, -20.0, 203.35093689
88.2142868, -20.0, 203.10836792
89.2857132, -20.0, 202.857147217
90.3571396, -20.0, 202.597640991
91.4285736, -20.0, 202.330368042
92.5, -20.0, 202.055908203
93.5714264, -20.0, 201.77494812
94.6428604, -20.0, 201.488220215
95.7142868, -20.0, 201.196594238
96.7857132, -20.0, 200.900970459
97.8571396, -20.0, 200.602310181
98.9285736, -20.0, 200.301635742
100.0, -19.0, 190.0
100.0, -18.0, 180.0
100.0, -17.0, 170.0
100.0, -16.0, 160.0
100.0, -15.0, 150.0
100.0, -14.0, 140.0
100.0, -13.0, 130.0
100.0, -12.0, 120.0
100.0, -11.0, 110.0
100.0, -10.0, 100.0
100.0, -9.0, 90.0
100.0, -8.0, 80.0
100.0, -7.0, 70.0
100.0, -6.0, 60.0
100.0, -5.0, 50.0
100.0, -4.0, 40.0
100.0, -3.0, 30.0
100.0, -2.0, 20.0
100.0, -1.0, 10.0
100.0, 0.800000012, -8.0
100.0, 1.60000002, -16.0
100.0, 2.4000001, -24.0
100.0, 3.20000005, -32.0
100.0, 4.0, -40.0
100.0, 4.80000019, -48.0
100.0, 5.5999999, -56.0
100.0, 6.4000001, -64.0
100.0, 7.19999981, -72.0
100.0, 8.0, -80.0
100.0, 8.80000019, -88.0
100.0, 9.60000038, -96.0
100.0, 10.3999996, -104.0
100.0, 11.1999998, -112.0
100.0, 12.0, -120.0
100.0, 12.8000002, -128.0
100.0, 13.6000004, -136.0
100.0, 14.3999996, -144.0
100.0, 15.1999998, -152.0
100.0, 16.0, -160.0
100.0, 16.7999992, -168.0
100.0, 17.6000004, -176.0
100.0, 18.3999996, -184.0
100.0, 19.2000008, -192.0
99.1806488, 20.0, -190.037841797
98.36129, 20.0, -183.005172729
97.5419388, 20.0, -176.959365845
96.72258, 20.0, -171.592987061
95.9032288, 20.0, -166.699447632
95.0838699, 20.0, -162.157165527
94.2645187, 20.0, -157.893066406
93.4451599, 20.0, -153.868484497
92.6258087, 20.0, -150.034713745
91.8064499, 20.0, -146.35496521
90.9870987, 20.0, -142.808563232
90.1677399, 20.0, -139.366241455
89.3483887, 20.0, -136.032516479
88.5290298, 20.0, -132.788848877
87.7096786, 20.0, -129.621505737
86.8903198, 20.0, -126.526222229
86.0709686, 20.0, -123.502906799
85.2516098, 20.0, -120.536987305
84.4322586, 20.0, -117.660514832
83.6128998, 20.0, -114.862922668
82.7935486, 20.0, -112.139892578
81.9741898, 20.0, -109.494270325
81.1548386, 20.0, -106.938240051
80.3354874, 20.0, -104.490158081
79.5161285, 20.0, -102.163673401
78.6967773, 20.0, -99.9332809448
77.8774185, 20.0, -97.8943405151
77.0580673, 20.0, -96.0089035034
76.2387085, 20.0, -94.2661590576
75.4193573, 20.0, -92.6697158813
74.5999985, 20.0, -91.2278823853
73.7806473, 20.0, -89.9433822632
72.9612885, 20.0, -88.804901123
72.1419373, 20.0, -87.7849578857
71.3225784, 20.0, -86.8677520752
70.5032272, 20.0, -86.0693817139
69.6838684, 20.0, -85.4096908569
68.8645172, 20.0, -84.8829193115
68.0451584, 20.0, -84.4548721313
67.2258072, 20.0, -84.1037902832
66.4064484, 20.0, -83.8139801025
65.5870972, 20.0, -83.5734939575
64.7677383, 20.0, -83.3730239868
63.9483871, 20.0, -83.2051696777
63.1290321, 20.0, -83.0640029907
62.3096771, 20.0, -82.9447021484
61.4903221, 20.0, -82.8432846069
60.6709671, 20.0, -82.756477356
59.8516121, 20.0, -82.6815567017
59.0322571, 20.0, -82.6162338257
58.2129021, 20.0, -82.5585861206
57.3935471, 20.0, -82.506980896
56.574192, 20.0, -82.4599685669
55.754837, 20.0, -82.4162826538
54.935482, 20.0, -82.3747558594
54.1161308, 20.0, -82.3342895508
53.2967758, 20.0, -82.2938156128
52.4774208, 20.0, -82.252281189
51.6580658, 20.0, -82.2085876465
50.8387108, 20.0, -82.1615524292
50.0193558, 20.0, -82.1098632812
49.2000008, 20.0, -82.0520095825
48.3806458, 20.0, -81.9861907959
47.5612907, 20.0, -81.9100723267
46.7419357, 20.0, -81.8201141357
45.9225807, 20.0, -81.7089004517
45.1032257, 20.0, -81.5784225464
44.2838707, 20.0, -81.4281387329
43.4645157, 20.0, -81.2567977905
42.6451607, 20.0, -81.0630493164
41.8258057, 20.0, -80.8458099365
41.0064507, 20.0, -80.6045455933
40.1870956, 20.0, -80.3395996094
39.3677406, 20.0, -80.0535049438
38.5483856, 20.0, -79.75806427
37.7290306, 20.0, -79.4395828247
36.9096756, 20.0, -79.0871582031
36.0903244, 20.0, -78.6940002441
35.2709694, 20.0, -78.2541503906
34.4516144, 20.0, -77.7613601685
33.6322594, 20.0, -77.2096099854
32.8129044, 20.0, -76.5964660645
31.9935474, 20.0, -75.9290237427
31.1741943, 20.0, -75.2202377319
30.3548393, 20.0, -74.4732055664
29.5354843, 20.0, -73.6847686768
28.7161293, 20.0, -72.8483810425
27.8967743, 20.0, -71.9683761597
27.0774193, 20.0, -71.0916290283
26.2580643, 20.0, -70.2869110107
25.4387093, 20.0, -69.5858306885
24.6193542, 20.0, -69.0123291016
22.8479996, 19.2000008, -62.6980323792
21.8959999, 18.3999996, -58.0052185059
20.9440002, 17.6000004, -54.835357666
19.9920006, 16.7999992, -52.1916847229
19.0400009, 16.0, -49.8505744934
18.0879993, 15.1999998, -47.8271903992
17.1359997, 14.3999996, -46.1384315491
16.184, 13.6000004, -44.7338752747
15.2320004, 12.8000002, -43.4057350159
14.2799997, 12.0, -42.2105560303
13.3280001, 11.1999998, -41.0297317505
12.3760004, 10.3999996, -39.2486190796
11.4239998, 9.60000038, -37.6232032776
10.4720001, 8.80000019, -35.4832572937
9.52000046, 8.0, -32.6787757874
8.56799984, 7.19999981, -29.0583877563
7.61600018, 6.4000001, -24.4395885468
6.66400003, 5.5999999, -18.7022609711
5.71199989, 4.80000019, -12.3391246796
4.76000023, 4.0, -6.26018857956
3.80800009, 3.20000005, -1.7474386692
2.85599995, 2.4000001, 0.952526211739
1.90400004, 1.60000002, 3.9709610939
0.952000022, 0.800000012, 5.45817232132
98.9249268, -1.0, 10.5739955902
97.8498459, -1.0, 11.1398000717
96.7747726, -1.0, 11.689655304
95.6996918, -1.0, 12.2167310715
94.6246185, -1.0, 12.7155742645
93.5495377, -1.0, 13.1824026108
92.4744644, -1.0, 13.6150054932
91.3993835, -1.0, 14.0124568939
90.3243103, -1.0, 14.3747854233
89.2492294, -1.0, 14.702791214
88.1741562, -1.0, 14.9978990555
87.0990753, -1.0, 15.2620267868
86.0240021, -1.0, 15.4974136353
84.9489212, -1.0, 15.706489563
83.873848, -1.0, 15.8917360306
82.7987747, -1.0, 16.0556049347
81.7236938, -1.0, 16.2004489899
80.6486206, -1.0, 16.3284645081
79.5735397, -1.0, 16.4416713715
78.4984665, -1.0, 16.5418987274
77.4233856, -1.0, 16.630777359
76.3483124, -1.0, 16.7097530365
75.2732315, -1.0, 16.7800979614
74.1981583, -1.0, 16.8429203033
73.1230774, -1.0, 16.8991909027
72.0480042, -1.0, 16.9497470856
70.9729233, -1.0, 16.9953174591
69.89785, -1.0, 17.0365314484
68.8227692, -1.0, 17.0739421844
67.7476959, -1.0, 17.1080207825
66.6726227, -1.0, 17.1391849518
65.5975418, -1.0, 17.167798996
64.5224686, -1.0, 17.1941795349
63.4473877, -1.0, 17.2186069489
62.3723106, -1.0, 17.2413311005
61.2972336, -1.0, 17.2625751495
60.2221565, -1.0, 17.282535553
59.1470833, -1.0, 17.3013954163
58.0720062, -1.0, 17.3193206787
56.9969292, -1.0, 17.3364658356
55.9218521, -1.0, 17.352973938
54.8467751, -1.0, 17.3689823151
53.771698, -1.0, 17.3846225739
52.6966209, -1.0, 17.4000244141
51.6215439, -1.0, 17.4153137207
50.5464668, -1.0, 17.4306201935
49.4713898, -1.0, 17.4460716248
48.3963127, -1.0, 17.4618091583
47.3212357, -1.0, 17.477973938
46.2461586, -1.0, 17.494720459
45.1710815, -1.0, 17.5122184753
44.0960045, -1.0, 17.5306529999
43.0209312, -1.0, 17.5502338409
41.9458542, -1.0, 17.5711956024
40.8707771, -1.0, 17.5938129425
39.7957001, -1.0, 17.6184043884
38.720623, -1.0, 17.6453437805
37.645546, -1.0, 17.6750888824
36.5704689, -1.0, 17.7082004547
35.4953918, -1.0, 17.7453937531
34.4203148, -1.0, 17.7876186371
33.3452377, -1.0, 17.8362064362
32.2701607, -1.0, 17.8931541443
31.1950836, -1.0, 17.9617614746
30.1200085, -1.0, 18.0480537415
29.0449314, -1.0, 18.1647071838
27.9698544, -1.0, 18.3254585266
26.8947773, -1.0, 18.5260868073
25.8197002, -1.0, 18.7414398193
24.7446232, -1.0, 18.9487400055
23.6695461, -1.0, 19.1460857391
22.594471, -1.0, 19.3444957733
21.5193939, -1.0, 19.5529518127
20.4443169, -1.0, 19.778465271
19.3692398, -1.0, 20.0277633667
18.2941628, -1.0, 20.3081912994
17.2190857, -1.0, 20.6282787323
16.1440086, -1.0, 20.9980640411
15.0689325, -1.0, 21.4290504456
13.9938555, -1.0, 21.9336013794
12.9187784, -1.0, 22.5231971741
11.8437023, -1.0, 23.204082489
10.7686253, -1.0, 23.9668178558
9.6935482, -1.0, 24.7649059296
8.61847115, -1.0, 25.5083255768
7.54339457, -1.0, 26.0766124725
6.46831799, -1.0, 26.3424949646
5.39324141, -1.0, 26.1817703247
4.31816435, -1.0, 25.4737796783
3.24308753, -1.0, 24.0863666534
2.16801071, -1.0, 21.8212432861
1.09293389, -1.0, 18.2090454102
0.0178571437, -1.0, 14.6778974533
-1.03571427, -1.0, 12.265381813
-2.08928561, -1.0, 11.4905767441
-3.14285707, -1.0, 11.0850467682
-4.19642878, -1.0, 10.8384819031
-5.25, -1.0, 10.6721172333
-6.30357122, -1.0, 10.551817894
-7.35714293, -1.0, 10.4602432251
-8.41071415, -1.0, 10.3876848221
-9.46428585, -1.0, 10.3282880783
-10.5178576, -1.0, 10.2783126831
-11.5714283, -1.0, 10.235250473
-12.625, -1.0, 10.1973562241
-13.6785717, -1.0, 10.1633634567
-14.7321424, -1.0, 10.1323289871
-15.7857141, -1.0, 10.103518486
-16.8392849, -1.0, 10.0763454437
-17.8928566, -1.0, 10.050318718
-18.9464283, -1.0, 10.0250082016
98.9251175, -2.0, 20.5330028534
97.8502274, -2.0, 21.0592823029
96.7753448, -2.0, 21.572479248
95.7004623, -2.0, 22.0669631958
94.6255798, -2.0, 22.5380992889
93.5506897, -2.0, 22.9824314117
92.4758072, -2.0, 23.3976745605
91.4009247, -2.0, 23.7825984955
90.3260345, -2.0, 24.136844635
89.251152, -2.0, 24.4607601166
88.1762695, -2.0, 24.7552757263
87.1013794, -2.0, 25.0217761993
86.0264969, -2.0, 25.2619628906
84.9516144, -2.0, 25.4777488708
83.8767319, -2.0, 25.6711559296
82.8018417, -2.0, 25.8442211151
81.7269592, -2.0, 25.9989376068
80.6520767, -2.0, 26.1372127533
79.5771866, -2.0, 26.2608299255
78.5023041, -2.0, 26.371427536
77.4274216, -2.0, 26.470500946
76.3525314, -2.0, 26.5593910217
75.2776489, -2.0, 26.6392974854
74.2027664, -2.0, 26.7112865448
73.1278839, -2.0, 26.7762947083
72.0529938, -2.0, 26.8351554871
70.9781113, -2.0, 26.8885917664
69.9032288, -2.0, 26.9372444153
68.8283386, -2.0, 26.9816799164
67.7534561, -2.0, 27.0223884583
66.6785736, -2.0, 27.0598106384
65.6036835, -2.0, 27.094329834
64.528801, -2.0, 27.1262893677
63.4539185, -2.0, 27.1559944153
62.3790321, -2.0, 27.1837177277
61.3041458, -2.0, 27.2097072601
60.2292633, -2.0, 27.2341842651
59.154377, -2.0, 27.257352829
58.0794945, -2.0, 27.2794036865
57.0046082, -2.0, 27.3005104065
55.9297218, -2.0, 27.3208370209
54.8548393, -2.0, 27.3405456543
53.779953, -2.0, 27.3597831726
52.7050705, -2.0, 27.378698349
51.6301842, -2.0, 27.397441864
50.5552979, -2.0, 27.4161567688
49.4804153, -2.0, 27.4349937439
48.405529, -2.0, 27.4541110992
47.3306465, -2.0, 27.4736709595
46.2557602, -2.0, 27.4938468933
45.1808739, -2.0, 27.5148334503
44.1059914, -2.0, 27.5368366241
43.031105, -2.0, 27.5600910187
41.9562225, -2.0, 27.5848617554
40.8813362, -2.0, 27.61145401
39.8064499, -2.0, 27.6402244568
38.7315674, -2.0, 27.6715946198
37.6566811, -2.0, 27.7060813904
36.5817986, -2.0, 27.7443237305
35.5069122, -2.0, 27.7871341705
34.4320259, -2.0, 27.8355922699
33.3571434, -2.0, 27.8911895752
32.2822571, -2.0, 27.9560718536
31.2073727, -2.0, 28.0334815979
30.1324883, -2.0, 28.1284313202
29.0576038, -2.0, 28.2471599579
27.9827194, -2.0, 28.3934669495
26.907835, -2.0, 28.5641098022
25.8329487, -2.0, 28.749250412
24.7580643, -2.0, 28.9392204285
23.6831799, -2.0, 29.1306991577
22.6082954, -2.0, 29.3265571594
21.533411, -2.0, 29.5321445465
20.4585247, -2.0, 29.7529220581
19.3836403, -2.0, 29.9943618774
18.3087559, -2.0, 30.2622776031
17.2338715, -2.0, 30.5629806519
16.158987, -2.0, 30.9032249451
15.0841017, -2.0, 31.2897491455
14.0092163, -2.0, 31.7281513214
12.9343319, -2.0, 32.2206192017
11.8594475, -2.0, 32.7616043091
10.7845621, -2.0, 33.3305740356
9.7096777, -2.0, 33.8847351074
8.63479233, -2.0, 34.3568687439
7.55990791, -2.0, 34.6614151001
6.48502302, -2.0, 34.7045783997
5.41013813, -2.0, 34.3928642273
4.33525324, -2.0, 33.6365394592
3.26036859, -2.0, 32.348941803
2.18548393, -2.0, 30.4482574463
1.11059904, -2.0, 28.0979785919
0.0357142873, -2.0, 25.7282180786
-1.01879704, -2.0, 23.9135417938
-2.07330823, -2.0, 22.7399959564
-3.12781954, -2.0, 22.0601863861
-4.18233061, -2.0, 21.6182022095
-5.23684216, -2.0, 21.309627533
-6.29135323, -2.0, 21.0817317963
-7.34586477, -2.0, 20.9058532715
-8.40037632, -2.0, 20.7651767731
-9.45488739, -2.0, 20.6492424011
-10.5093985, -2.0, 20.5512142181
-11.5639095, -2.0, 20.4664344788
-12.6184206, -2.0, 20.3916168213
-13.6729326, -2.0, 20.3243598938
-14.7274437, -2.0, 20.2628517151
-15.7819548, -2.0, 20.2056827545
-16.8364658, -2.0, 20.1517124176
-17.8909779, -2.0, 20.0999889374
-18.945488, -2.0, 20.0496749878
98.9253082, -3.0, 30.4979705811
97.8506165, -3.0, 30.9903697968
96.7759247, -3.0, 31.4719352722
95.7012253, -3.0, 31.9379405975
94.6265335, -3.0, 32.3843994141
93.5518417, -3.0, 32.8081970215
92.47715, -3.0, 33.2071266174
91.4024582, -3.0, 33.5798225403
90.3277664, -3.0, 33.9256629944
89.2530746, -3.0, 34.2446670532
88.1783829, -3.0, 34.5373764038
87.1036835, -3.0, 34.8047523499
86.0289917, -3.0, 35.0480613708
84.9542999, -3.0, 35.2687988281
83.8796082, -3.0, 35.4685897827
82.8049164, -3.0, 35.6491165161
81.7302246, -3.0, 35.8120574951
80.6555328, -3.0, 35.9590492249
79.5808334, -3.0, 36.0916595459
78.5061417, -3.0, 36.2113456726
77.4314499, -3.0, 36.3194580078
76.3567581, -3.0, 36.4172325134
75.2820663, -3.0, 36.5057907104
74.2073746, -3.0, 36.586139679
73.1326828, -3.0, 36.6591796875
72.057991, -3.0, 36.7257194519
70.9832916, -3.0, 36.78647995
69.9085999, -3.0, 36.8420944214
68.8339081, -3.0, 36.8931312561
67.7592163, -3.0, 36.9401016235
66.6845245, -3.0, 36.9834518433
65.6098328, -3.0, 37.0235862732
64.535141, -3.0, 37.0608673096
63.4604454, -3.0, 37.0956192017
62.3857536, -3.0, 37.1281318665
61.311058, -3.0, 37.1586799622
60.2363663, -3.0, 37.1875
59.1616745, -3.0, 37.2148170471
58.0869827, -3.0, 37.2408447266
57.0122871, -3.0, 37.2657699585
55.9375954, -3.0, 37.2897872925
54.8629036, -3.0, 37.3130645752
53.7882118, -3.0, 37.335773468
52.7135162, -3.0, 37.3580780029
51.6388245, -3.0, 37.3801460266
50.5641327, -3.0, 37.4021453857
49.4894409, -3.0, 37.4242324829
48.4147453, -3.0, 37.4465904236
47.3400536, -3.0, 37.4693984985
46.2653618, -3.0, 37.4928436279
45.19067, -3.0, 37.5171394348
44.1159744, -3.0, 37.542514801
43.0412827, -3.0, 37.5692176819
41.9665909, -3.0, 37.5975418091
40.8918953, -3.0, 37.6278076172
39.8172035, -3.0, 37.6604042053
38.7425117, -3.0, 37.6957778931
37.66782, -3.0, 37.7344818115
36.5931244, -3.0, 37.7771835327
35.5184326, -3.0, 37.8247375488
34.4437408, -3.0, 37.8782348633
33.3690491, -3.0, 37.9391403198
32.2943535, -3.0, 38.0094070435
31.2196617, -3.0, 38.0916748047
30.1449699, -3.0, 38.1891784668
29.0702763, -3.0, 38.3049507141
27.9955845, -3.0, 38.4402198792
26.9208908, -3.0, 38.5930862427
25.846199, -3.0, 38.759098053
24.7715054, -3.0, 38.9336891174
23.6968117, -3.0, 39.1146202087
22.6221199, -3.0, 39.3026046753
21.5474262, -3.0, 39.5003738403
20.4727345, -3.0, 39.7115440369
19.3980408, -3.0, 39.9400520325
18.323349, -3.0, 40.1899909973
17.2486553, -3.0, 40.4654808044
16.1739635, -3.0, 40.7703475952
15.0992708, -3.0, 41.1074256897
14.0245771, -3.0, 41.4773521423
12.9498844, -3.0, 41.8764572144
11.8751917, -3.0, 42.2935943604
10.800499, -3.0, 42.706287384
9.72580624, -3.0, 43.0776786804
8.65111351, -3.0, 43.3563194275
7.57642078, -3.0, 43.4796524048
6.50172806, -3.0, 43.3801002502
5.42703533, -3.0, 42.9917411804
4.35234261, -3.0, 42.2570838928
3.27764988, -3.0, 41.1375350952
2.20295691, -3.0, 39.6544265747
1.12826419, -3.0, 37.9350509644
0.0535714291, -3.0, 36.2159423828
-1.00187969, -3.0, 34.757270813
-2.05733085, -3.0, 33.6446533203
-3.112782, -3.0, 32.8529319763
-4.16823292, -3.0, 32.293586731
-5.22368431, -3.0, 31.882774353
-6.27913523, -3.0, 31.5696315765
-7.33458662, -3.0, 31.3227806091
-8.39003754, -3.0, 31.1223831177
-9.44548893, -3.0, 30.9554405212
-10.5009403, -3.0, 30.8131465912
-11.5563908, -3.0, 30.6893348694
-12.6118422, -3.0, 30.5795612335
-13.6672935, -3.0, 30.4805259705
-14.722744, -3.0, 30.389705658
-15.7781954, -3.0, 30.3051147461
-16.8336468, -3.0, 30.2251358032
-17.8890972, -3.0, 30.1484050751
-18.9445496, -3.0, 30.0737247467
98.925499, -4.0, 40.4678688049
97.8509979, -4.0, 40.9310798645
96.7764969, -4.0, 41.3852157593
95.7019958, -4.0, 41.8262672424
94.6274948, -4.0, 42.2507858276
93.5529938, -4.0, 42.6559867859
92.4784927, -4.0, 43.0397872925
91.4039917, -4.0, 43.4007797241
90.3294907, -4.0, 43.7381973267
89.2549896, -4.0, 44.0518112183
88.1804886, -4.0, 44.3418693542
87.1059875, -4.0, 44.6090049744
86.0314865, -4.0, 44.854133606
84.9569855, -4.0, 45.0784111023
83.8824921, -4.0, 45.2831192017
82.807991, -4.0, 45.4696426392
81.73349, -4.0, 45.6393890381
80.658989, -4.0, 45.7937507629
79.5844879, -4.0, 45.9340896606
78.5099869, -4.0, 46.0616989136
77.4354858, -4.0, 46.1777877808
76.3609848, -4.0, 46.2834854126
75.2864838, -4.0, 46.3798294067
74.2119827, -4.0, 46.4677658081
73.1374817, -4.0, 46.5481491089
72.0629807, -4.0, 46.6217575073
70.9884796, -4.0, 46.689289093
69.9139786, -4.0, 46.7513809204
68.8394775, -4.0, 46.80859375
67.7649765, -4.0, 46.8614387512
66.6904755, -4.0, 46.9103775024
65.6159744, -4.0, 46.9558181763
64.5414734, -4.0, 46.9981460571
63.4669724, -4.0, 47.0376930237
62.3924713, -4.0, 47.0747718811
61.3179741, -4.0, 47.1096687317
60.2434731, -4.0, 47.1426429749
59.168972, -4.0, 47.1739349365
58.094471, -4.0, 47.2037696838
57.0199699, -4.0, 47.2323646545
55.9454689, -4.0, 47.2599143982
54.8709679, -4.0, 47.2866172791
53.7964668, -4.0, 47.3126602173
52.7219658, -4.0, 47.3382148743
51.6474648, -4.0, 47.3634719849
50.5729637, -4.0, 47.3886070251
49.4984627, -4.0, 47.4138031006
48.4239616, -4.0, 47.4392471313
47.3494606, -4.0, 47.4651374817
46.2749634, -4.0, 47.4916763306
45.2004623, -4.0, 47.5190925598
44.1259613, -4.0, 47.5476226807
43.0514603, -4.0, 47.5775413513
41.9769592, -4.0, 47.6091384888
40.9024582, -4.0, 47.6427650452
39.8279572, -4.0, 47.6788101196
38.7534561, -4.0, 47.7177391052
37.6789551, -4.0, 47.7601013184
36.604454, -4.0, 47.8065719604
35.529953, -4.0, 47.8579788208
34.455452, -4.0, 47.915348053
33.3809509, -4.0, 47.9799804688
32.3064499, -4.0, 48.0534973145
31.2319508, -4.0, 48.1378211975
30.1574497, -4.0, 48.2349777222
29.0829487, -4.0, 48.3465499878
28.0084476, -4.0, 48.4730072021
26.9339485, -4.0, 48.6132965088
25.8594475, -4.0, 48.765209198
24.7849464, -4.0, 48.926410675
23.7104454, -4.0, 49.0955429077
22.6359444, -4.0, 49.2726898193
21.5614433, -4.0, 49.4592018127
20.4869423, -4.0, 49.6571998596
19.4124432, -4.0, 49.8691329956
18.3379421, -4.0, 50.0974807739
17.2634411, -4.0, 50.3444061279
16.18894, -4.0, 50.6113433838
15.114439, -4.0, 50.8982582092
14.0399389, -4.0, 51.2025299072
12.9654379, -4.0, 51.517375946
11.8909369, -4.0, 51.8298072815
10.8164358, -4.0, 52.118637085
9.74193573, -4.0, 52.3532829285
8.66743469, -4.0, 52.4942817688
7.59293413, -4.0, 52.4959106445
6.51843309, -4.0, 52.3106193542
5.44393253, -4.0, 51.894859314
4.3694315, -4.0, 51.2167396545
3.29493093, -4.0, 50.2690582275
2.22043014, -4.0, 49.0874671936
1.14592934, -4.0, 47.7633972168
0.0714285746, -4.0, 46.4300308228
-0.984962404, -4.0, 45.2376480103
-2.04135346, -4.0, 44.2407569885
-3.09774446, -4.0, 43.4537162781
-4.15413523, -4.0, 42.8463249207
-5.21052647, -4.0, 42.3751449585
-6.26691723, -4.0, 42.0024261475
-7.32330847, -4.0, 41.7009162903
-8.37969971, -4.0, 41.4515342712
-9.43609047, -4.0, 41.2408981323
-10.4924812, -4.0, 41.0594749451
-11.548872, -4.0, 40.9003486633
-12.6052628, -4.0, 40.7583847046
-13.6616545, -4.0, 40.6296882629
-14.7180452, -4.0, 40.5112266541
-15.774436, -4.0, 40.4005737305
-16.8308277, -4.0, 40.2957305908
-17.8872185, -4.0, 40.1950035095
-18.9436092, -4.0, 40.0968856812
98.9256897, -5.0, 50.4418869019
97.8513794, -5.0, 50.8798370361
96.7770767, -5.0, 51.3101081848
95.7027664, -5.0, 51.7292671204
94.6284561, -5.0, 52.134311676
93.5541458, -5.0, 52.5227508545
92.4798355, -5.0, 52.8926467896
91.4055328, -5.0, 53.2426109314
90.3312225, -5.0, 53.5717964172
89.2569122, -5.0, 53.8798027039
88.1826019, -5.0, 54.1666641235
87.1082916, -5.0, 54.4327430725
86.033989, -5.0, 54.6786956787
84.9596786, -5.0, 54.905380249
83.8853683, -5.0, 55.1138153076
82.811058, -5.0, 55.3051147461
81.7367477, -5.0, 55.4804496765
80.6624451, -5.0, 55.6410102844
79.5881348, -5.0, 55.7879638672
78.5138245, -5.0, 55.9224472046
77.4395142, -5.0, 56.0455436707
76.3652039, -5.0, 56.1582717896
75.2909012, -5.0, 56.2615890503
74.2165909, -5.0, 56.3563728333
73.1422806, -5.0, 56.4434356689
72.0679703, -5.0, 56.5235137939
70.99366, -5.0, 56.5972862244
69.9193573, -5.0, 56.6653671265
68.845047, -5.0, 56.7283172607
67.7707367, -5.0, 56.7866477966
66.6964264, -5.0, 56.8408203125
65.6221161, -5.0, 56.891254425
64.5478134, -5.0, 56.9383392334
63.4735031, -5.0, 56.9824180603
62.3991928, -5.0, 57.0238227844
61.3248863, -5.0, 57.0628471375
60.250576, -5.0, 57.0997657776
59.1762657, -5.0, 57.1348419189
58.1019592, -5.0, 57.1683082581
57.0276489, -5.0, 57.2003974915
55.9533424, -5.0, 57.2313232422
54.8790321, -5.0, 57.2612953186
53.8047218, -5.0, 57.290512085
52.7304153, -5.0, 57.3191680908
51.656105, -5.0, 57.3474578857
50.5817986, -5.0, 57.375579834
49.5074883, -5.0, 57.4037208557
48.4331779, -5.0, 57.4320869446
47.3588715, -5.0, 57.4608840942
46.2845612, -5.0, 57.4903335571
45.2102547, -5.0, 57.5206604004
44.1359444, -5.0, 57.5521278381
43.0616341, -5.0, 57.5850028992
41.9873276, -5.0, 57.619594574
40.9130173, -5.0, 57.65625
39.8387108, -5.0, 57.6953620911
38.7644005, -5.0, 57.7373924255
37.690094, -5.0, 57.7828712463
36.6157837, -5.0, 57.8324394226
35.5414734, -5.0, 57.8868598938
34.4671669, -5.0, 57.9470481873
33.3928566, -5.0, 58.0140953064
32.3185501, -5.0, 58.0892601013
31.2442398, -5.0, 58.1739120483
30.1699314, -5.0, 58.269329071
29.095623, -5.0, 58.376411438
28.0213127, -5.0, 58.4953727722
26.9470043, -5.0, 58.6256217957
25.8726959, -5.0, 58.7659683228
24.7983875, -5.0, 58.9151153564
23.7240791, -5.0, 59.0721931458
22.6497688, -5.0, 59.2370414734
21.5754604, -5.0, 59.4102210999
20.501152, -5.0, 59.5927581787
19.4268436, -5.0, 59.7858810425
18.3525352, -5.0, 59.9906730652
17.2782249, -5.0, 60.2077217102
16.2039165, -5.0, 60.4366645813
15.1296082, -5.0, 60.6755180359
14.0552998, -5.0, 60.9198036194
12.9809904, -5.0, 61.161441803
11.906682, -5.0, 61.3875427246
10.8323736, -5.0, 61.5794181824
9.75806427, -5.0, 61.712310791
8.68375587, -5.0, 61.7561950684
7.609447, -5.0, 61.6779747009
6.53513813, -5.0, 61.4450492859
5.46082926, -5.0, 61.030166626
4.38652086, -5.0, 60.4179801941
3.31221199, -5.0, 59.61328125
2.23790312, -5.0, 58.6489181519
1.16359448, -5.0, 57.5874595642
0.0892857164, -5.0, 56.510887146
-0.968045115, -5.0, 55.5142364502
-2.02537584, -5.0, 54.6339836121
-3.08270669, -5.0, 53.8915786743
-4.14003754, -5.0, 53.2814216614
-5.19736862, -5.0, 52.7834701538
-6.25469923, -5.0, 52.3746566772
-7.31202984, -5.0, 52.0347328186
-8.36936092, -5.0, 51.747718811
-9.42669201, -5.0, 51.5014572144
-10.4840221, -5.0, 51.2867660522
-11.5413532, -5.0, 51.0966758728
-12.5986843, -5.0, 50.9258308411
-13.6560154, -5.0, 50.7700500488
-14.7133455, -5.0, 50.6260108948
-15.7706766, -5.0, 50.4909934998
-16.8280067, -5.0, 50.362739563
-17.8853378, -5.0, 50.2392921448
-18.9426689, -5.0, 50.1189155579
98.9258804, -6.0, 60.4193840027
97.8517685, -6.0, 60.8354072571
96.7776489, -6.0, 61.2448692322
95.7035294, -6.0, 61.6448059082
94.6294174, -6.0, 62.0325775146
93.5552979, -6.0, 62.4059638977
92.4811859, -6.0, 62.7631721497
91.4070663, -6.0, 63.1028747559
90.3329468, -6.0, 63.4241638184
89.2588348, -6.0, 63.7265434265
88.1847153, -6.0, 64.0098800659
87.1105957, -6.0, 64.2743453979
86.0364838, -6.0, 64.520362854
84.9623642, -6.0, 64.7485809326
83.8882523, -6.0, 64.9597625732
82.8141327, -6.0, 65.1548309326
81.7400131, -6.0, 65.3347320557
80.6659012, -6.0, 65.5004653931
79.5917816, -6.0, 65.6530532837
78.517662, -6.0, 65.7934799194
77.4435501, -6.0, 65.9226989746
76.3694305, -6.0, 66.0416488647
75.2953186, -6.0, 66.1511764526
74.221199, -6.0, 66.2521209717
73.1470795, -6.0, 66.3452224731
72.0729675, -6.0, 66.4311904907
70.998848, -6.0, 66.5106735229
69.9247284, -6.0, 66.584274292
68.8506165, -6.0, 66.6525268555
67.7764969, -6.0, 66.7159500122
66.7023773, -6.0, 66.7749938965
65.6282654, -6.0, 66.8300933838
64.5541458, -6.0, 66.8816299438
63.4800301, -6.0, 66.9299697876
62.4059143, -6.0, 66.9754486084
61.3317986, -6.0, 67.0183639526
60.257679, -6.0, 67.0590133667
59.1835632, -6.0, 67.0976715088
58.1094475, -6.0, 67.1345748901
57.0353317, -6.0, 67.1699752808
55.9612122, -6.0, 67.2041015625
54.8870964, -6.0, 67.2371673584
53.8129807, -6.0, 67.2693939209
52.7388649, -6.0, 67.3009872437
51.6647453, -6.0, 67.3321456909
50.5906296, -6.0, 67.3630905151
49.5165138, -6.0, 67.3940048218
48.4423981, -6.0, 67.4251174927
47.3682785, -6.0, 67.4566421509
46.2941628, -6.0, 67.4888000488
45.220047, -6.0, 67.5218353271
44.1459312, -6.0, 67.5560073853
43.0718117, -6.0, 67.591583252
41.9976959, -6.0, 67.6288833618
40.9235802, -6.0, 67.6682434082
39.8494606, -6.0, 67.7100524902
38.7753448, -6.0, 67.754737854
37.7012291, -6.0, 67.8028182983
36.6271133, -6.0, 67.8548660278
35.5529938, -6.0, 67.9115600586
34.478878, -6.0, 67.9736862183
33.4047623, -6.0, 68.0421142578
32.3306465, -6.0, 68.1178131104
31.2565289, -6.0, 68.2017288208
30.1824112, -6.0, 68.2947006226
29.1082954, -6.0, 68.3972625732
28.0341778, -6.0, 68.509513855
26.960062, -6.0, 68.6310958862
25.8859444, -6.0, 68.7612838745
24.8118286, -6.0, 68.899269104
23.737711, -6.0, 69.0443878174
22.6635952, -6.0, 69.1963348389
21.5894775, -6.0, 69.3551254272
20.5153618, -6.0, 69.5210266113
19.4412441, -6.0, 69.6942977905
18.3671284, -6.0, 69.8749389648
17.2930107, -6.0, 70.0623474121
16.218895, -6.0, 70.2549209595
15.1447773, -6.0, 70.4494857788
14.0706606, -6.0, 70.6406936646
12.9965439, -6.0, 70.8202514648
11.9224272, -6.0, 70.9762954712
10.8483105, -6.0, 71.0929870605
9.77419376, -6.0, 71.1506347656
8.70007706, -6.0, 71.1266174316
7.62595987, -6.0, 70.9972915649
6.55184317, -6.0, 70.7407531738
5.47772646, -6.0, 70.3406677246
4.40360975, -6.0, 69.7907867432
3.32949305, -6.0, 69.0996246338
2.25537634, -6.0, 68.2936248779
1.18125963, -6.0, 67.4161148071
0.107142858, -6.0, 66.5204925537
-0.951127827, -6.0, 65.6711502075
-2.00939846, -6.0, 64.8929901123
-3.06766915, -6.0, 64.2066268921
-4.12593985, -6.0, 63.6160049438
-5.1842103, -6.0, 63.1137275696
-6.24248123, -6.0, 62.687171936
-7.30075169, -6.0, 62.3228912354
-8.35902214, -6.0, 62.0088043213
-9.41729355, -6.0, 61.7348442078
-10.475564, -6.0, 61.4928817749
-11.5338345, -6.0, 61.276424408
-12.5921049, -6.0, 61.080280304
-13.6503763, -6.0, 60.9002723694
-14.7086468, -6.0, 60.7329750061
-15.7669172, -6.0, 60.57554245
-16.8251877, -6.0, 60.4255523682
-17.8834591, -6.0, 60.2808799744
-18.9417286, -6.0, 60.1396217346
98.9260788, -7.0, 70.399848938
97.85215, -7.0, 70.7967987061
96.7782288, -7.0, 71.1880950928
95.7042999, -7.0, 71.571144104
94.6303787, -7.0, 71.9436187744
93.5564499, -7.0, 72.3035430908
92.4825287, -7.0, 72.6492538452
91.4085999, -7.0, 72.9794845581
90.3346786, -7.0, 73.2933197021
89.2607498, -7.0, 73.5902023315
88.1868286, -7.0, 73.8698654175
87.1128998, -7.0, 74.1323394775
86.0389786, -7.0, 74.3778839111
84.9650574, -7.0, 74.6069335938
83.8911285, -7.0, 74.820098877
82.8172073, -7.0, 75.0180892944
81.7432785, -7.0, 75.2016906738
80.6693573, -7.0, 75.3717346191
79.5954285, -7.0, 75.5290985107
78.5215073, -7.0, 75.6746368408
77.4475784, -7.0, 75.8091964722
76.3736572, -7.0, 75.9336013794
75.2997284, -7.0, 76.0486602783
74.2258072, -7.0, 76.1550979614
73.1518784, -7.0, 76.2536392212
72.0779572, -7.0, 76.3449478149
71.0040359, -7.0, 76.4296340942
69.9301071, -7.0, 76.5082702637
68.8561859, -7.0, 76.5814056396
67.7822571, -7.0, 76.649520874
66.7083359, -7.0, 76.7130813599
65.634407, -7.0, 76.7725143433
64.5604858, -7.0, 76.8282012939
63.4865608, -7.0, 76.8805160522
62.4126358, -7.0, 76.9298019409
61.3387108, -7.0, 76.9763717651
60.2647858, -7.0, 77.0205230713
59.1908607, -7.0, 77.0625305176
58.1169357, -7.0, 77.1026763916
57.0430107, -7.0, 77.1411895752
55.9690857, -7.0, 77.1783294678
54.8951607, -7.0, 77.2143173218
53.8212357, -7.0, 77.2493743896
52.7473106, -7.0, 77.2837295532
51.6733856, -7.0, 77.3175888062
50.5994606, -7.0, 77.3511734009
49.5255394, -7.0, 77.3846893311
48.4516144, -7.0, 77.4183731079
47.3776894, -7.0, 77.4524230957
46.3037643, -7.0, 77.4870986938
45.2298393, -7.0, 77.5226211548
44.1559143, -7.0, 77.5592575073
43.0819893, -7.0, 77.5972900391
42.0080643, -7.0, 77.6370162964
40.9341393, -7.0, 77.6787643433
39.8602142, -7.0, 77.7229003906
38.7862892, -7.0, 77.7698440552
37.7123642, -7.0, 77.8200454712
36.6384392, -7.0, 77.8740234375
35.564518, -7.0, 77.9323654175
34.490593, -7.0, 77.9957122803
33.4166679, -7.0, 78.0647583008
32.3427429, -7.0, 78.1402206421
31.2688179, -7.0, 78.2227554321
30.1948929, -7.0, 78.3129119873
29.1209679, -7.0, 78.4110031128
28.0470428, -7.0, 78.5170593262
26.9731178, -7.0, 78.6308059692
25.8991928, -7.0, 78.7517242432
24.8252697, -7.0, 78.8792037964
23.7513447, -7.0, 79.0126571655
22.6774197, -7.0, 79.1516113281
21.6034946, -7.0, 79.2957229614
20.5295696, -7.0, 79.4446640015
19.4556446, -7.0, 79.5979995728
18.3817196, -7.0, 79.7549362183
17.3077965, -7.0, 79.9140396118
16.2338715, -7.0, 80.0729064941
15.1599464, -7.0, 80.2277679443
14.0860214, -7.0, 80.3730163574
13.0120964, -7.0, 80.5007858276
11.9381723, -7.0, 80.6006240845
10.8642473, -7.0, 80.6594085693
9.7903223, -7.0, 80.6617050171
8.71639824, -7.0, 80.5906448364
7.64247322, -7.0, 80.4294662476
6.5685482, -7.0, 80.1637268066
5.49462366, -7.0, 79.7839355469
4.42069912, -7.0, 79.28855896
3.3467741, -7.0, 78.6865005493
2.27284956, -7.0, 77.9982452393
1.19892478, -7.0, 77.2544174194
0.125, -7.0, 76.4914093018
-0.934210539, -7.0, 75.7549438477
-1.99342108, -7.0, 75.0624771118
-3.05263162, -7.0, 74.4317398071
-4.11184216, -7.0, 73.8700408936
-5.17105246, -7.0, 73.376411438
-6.23026323, -7.0, 72.9448623657
-7.28947353, -7.0, 72.5672073364
-8.34868431, -7.0, 72.2350006104
-9.40789509, -7.0, 71.9404754639
-10.4671049, -7.0, 71.6768951416
-11.5263157, -7.0, 71.4385681152
-12.5855265, -7.0, 71.2207489014
-13.6447372, -7.0, 71.0194702148
-14.7039471, -7.0, 70.8313751221
-15.7631578, -7.0, 70.6536102295
-16.8223686, -7.0, 70.4837112427
-17.8815784, -7.0, 70.3194580078
-18.9407902, -7.0, 70.1588516235
98.9262695, -8.0, 80.3828659058
97.8525314, -8.0, 80.7632217407
96.778801, -8.0, 81.1386489868
95.7050705, -8.0, 81.5068664551
94.63134, -8.0, 81.8658370972
93.5576019, -8.0, 82.2137527466
92.4838715, -8.0, 82.5490951538
91.410141, -8.0, 82.8706588745
90.3364029, -8.0, 83.1775588989
89.2626724, -8.0, 83.4691619873
88.188942, -8.0, 83.7451477051
87.1152039, -8.0, 84.0054168701
86.0414734, -8.0, 84.2500915527
84.9677429, -8.0, 84.4794769287
83.8940125, -8.0, 84.6940002441
82.8202744, -8.0, 84.8942337036
81.7465439, -8.0, 85.0808029175
80.6728134, -8.0, 85.2544174194
79.5990753, -8.0, 85.4158096313
78.5253448, -8.0, 85.5657272339
77.4516144, -8.0, 85.7049102783
76.3778839, -8.0, 85.8341064453
75.3041458, -8.0, 85.9540328979
74.2304153, -8.0, 86.0653686523
73.1566849, -8.0, 86.1687850952
72.0829468, -8.0, 86.2648925781
71.0092163, -8.0, 86.3542861938
69.9354858, -8.0, 86.4375228882
68.8617477, -8.0, 86.5151062012
67.7880173, -8.0, 86.5875244141
66.7142868, -8.0, 86.6552429199
65.6405563, -8.0, 86.7186660767
64.5668182, -8.0, 86.7781906128
63.4930878, -8.0, 86.834197998
62.4193535, -8.0, 86.8870162964
61.345623, -8.0, 86.9369812012
60.2718887, -8.0, 86.9843978882
59.1981583, -8.0, 87.029548645
58.124424, -8.0, 87.0727081299
57.0506897, -8.0, 87.1141357422
55.9769592, -8.0, 87.1540908813
54.9032249, -8.0, 87.1928024292
53.8294945, -8.0, 87.2305145264
52.7557602, -8.0, 87.2674484253
51.6820259, -8.0, 87.3038253784
50.6082954, -8.0, 87.3398742676
49.5345612, -8.0, 87.3758087158
48.4608307, -8.0, 87.411857605
47.3870964, -8.0, 87.4482574463
46.3133659, -8.0, 87.4852294922
45.2396317, -8.0, 87.5230331421
44.1658974, -8.0, 87.5619125366
43.0921669, -8.0, 87.602142334
42.0184326, -8.0, 87.6440200806
40.9447021, -8.0, 87.6878585815
39.8709679, -8.0, 87.7339935303
38.7972336, -8.0, 87.7828140259
37.7235031, -8.0, 87.8347167969
36.6497688, -8.0, 87.8901672363
35.5760384, -8.0, 87.9496383667
34.5023041, -8.0, 88.0136566162
33.4285698, -8.0, 88.0827560425
32.3548393, -8.0, 88.1574554443
31.281105, -8.0, 88.2382125854
30.2073727, -8.0, 88.3253631592
29.1336403, -8.0, 88.4190826416
28.0599079, -8.0, 88.519317627
26.9861755, -8.0, 88.6258087158
25.9124432, -8.0, 88.7381210327
24.8387089, -8.0, 88.8556900024
23.7649765, -8.0, 88.9779052734
22.6912441, -8.0, 89.1041564941
21.6175117, -8.0, 89.2338027954
20.5437794, -8.0, 89.3661117554
19.470047, -8.0, 89.5001449585
18.3963127, -8.0, 89.634552002
17.3225803, -8.0, 89.7673721313
16.248848, -8.0, 89.8957672119
15.1751156, -8.0, 90.0157394409
14.1013823, -8.0, 90.1218414307
13.0276499, -8.0, 90.2069091797
11.9539175, -8.0, 90.2619934082
10.8801842, -8.0, 90.2763977051
9.8064518, -8.0, 90.2381439209
8.73271847, -8.0, 90.1347351074
7.65898609, -8.0, 89.9543914795
6.58525324, -8.0, 89.6876602173
5.51152086, -8.0, 89.3292922974
4.43778801, -8.0, 88.8800354004
3.3640554, -8.0, 88.3480072021
2.29032254, -8.0, 87.7489547729
1.21658981, -8.0, 87.1050109863
0.142857149, -8.0, 86.4418945312
-0.917293251, -8.0, 85.793258667
-1.97744358, -8.0, 85.1715927124
-3.03759408, -8.0, 84.5916290283
-4.09774446, -8.0, 84.0614013672
-5.15789461, -8.0, 83.5830612183
-6.21804523, -8.0, 83.1545715332
-7.27819538, -8.0, 82.7714385986
-8.33834553, -8.0, 82.4281616211
-9.39849663, -8.0, 82.1190795898
-10.4586468, -8.0, 81.8388977051
-11.5187969, -8.0, 81.5828704834
-12.5789471, -8.0, 81.3468399048
-13.6390982, -8.0, 81.1271896362
-14.6992483, -8.0, 80.9207687378
-15.7593985, -8.0, 80.7248306274
-16.8195496, -8.0, 80.5369262695
-17.8796997, -8.0, 80.3548278809
-18.9398499, -8.0, 80.1764984131
98.9264603, -9.0, 90.3681182861
97.8529205, -9.0, 90.7340240479
96.7793808, -9.0, 91.0955963135
95.7058334, -9.0, 91.4508361816
94.6322937, -9.0, 91.7978973389
93.558754, -9.0, 92.1351470947
92.4852142, -9.0, 92.4611968994
91.4116745, -9.0, 92.7749099731
90.3381348, -9.0, 93.0754013062
89.264595, -9.0, 93.3620452881
88.1910553, -9.0, 93.634437561
87.1175079, -9.0, 93.8924026489
86.0439682, -9.0, 94.1359634399
84.9704285, -9.0, 94.3652877808
83.8968887, -9.0, 94.580696106
82.823349, -9.0, 94.7826156616
81.7498093, -9.0, 94.9715652466
80.6762695, -9.0, 95.148109436
79.6027298, -9.0, 95.3128890991
78.5291824, -9.0, 95.4665374756
77.4556427, -9.0, 95.6097183228
76.382103, -9.0, 95.7430801392
75.3085632, -9.0, 95.8672866821
74.2350235, -9.0, 95.9829559326
73.1614838, -9.0, 96.0907058716
72.087944, -9.0, 96.191116333
71.0144043, -9.0, 96.2847518921
69.9408569, -9.0, 96.3721313477
68.8673172, -9.0, 96.4537506104
67.7937775, -9.0, 96.5300979614
66.7202377, -9.0, 96.601600647
65.646698, -9.0, 96.6686859131
64.5731583, -9.0, 96.7317352295
63.4996147, -9.0, 96.7911300659
62.426075, -9.0, 96.8472137451
61.3525352, -9.0, 96.9003219604
60.2789955, -9.0, 96.9507522583
59.205452, -9.0, 96.9988021851
58.1319122, -9.0, 97.0447692871
57.0583725, -9.0, 97.0888977051
55.9848328, -9.0, 97.1314620972
54.9112892, -9.0, 97.172706604
53.8377495, -9.0, 97.2128753662
52.7642097, -9.0, 97.2521972656
51.69067, -9.0, 97.2909011841
50.6171265, -9.0, 97.3292236328
49.5435867, -9.0, 97.3673934937
48.470047, -9.0, 97.4056243896
47.3965073, -9.0, 97.4441680908
46.3229637, -9.0, 97.4832458496
45.249424, -9.0, 97.5231018066
44.1758842, -9.0, 97.5639953613
43.1023407, -9.0, 97.6061935425
42.028801, -9.0, 97.6499633789
40.9552612, -9.0, 97.695602417
39.8817215, -9.0, 97.7434387207
38.8081779, -9.0, 97.793800354
37.7346382, -9.0, 97.8470535278
36.6610985, -9.0, 97.9035720825
35.5875587, -9.0, 97.963760376
34.5140152, -9.0, 98.0280380249
33.4404755, -9.0, 98.096786499
32.3669357, -9.0, 98.1703872681
31.2933941, -9.0, 98.249130249
30.2198544, -9.0, 98.3332214355
29.1463127, -9.0, 98.4226913452
28.072773, -9.0, 98.5174407959
26.9992313, -9.0, 98.6171646118
25.9256916, -9.0, 98.7214355469
24.85215, -9.0, 98.8296737671
23.7786102, -9.0, 98.9412155151
22.7050686, -9.0, 99.0553207397
21.6315289, -9.0, 99.1711120605
20.5579872, -9.0, 99.2875747681
19.4844475, -9.0, 99.4034194946
18.4109058, -9.0, 99.5169525146
17.3373661, -9.0, 99.6259078979
16.2638245, -9.0, 99.7272644043
15.1902838, -9.0, 99.8170623779
14.1167431, -9.0, 99.8901977539
13.0432024, -9.0, 99.9403686523
11.9696617, -9.0, 99.9600067139
10.896121, -9.0, 99.9405212402
9.82258034, -9.0, 99.8726501465
8.74903965, -9.0, 99.747177124
7.67549944, -9.0, 99.5558547974
6.60195875, -9.0, 99.2925872803
5.52841759, -9.0, 98.9546432495
4.4548769, -9.0, 98.543838501
3.38133645, -9.0, 98.0671539307
2.30779576, -9.0, 97.5367584229
1.23425496, -9.0, 96.969039917
0.160714284, -9.0, 96.3827133179
-0.900375962, -9.0, 95.8032302856
-1.96146619, -9.0, 95.2397384644
-3.0225563, -9.0, 94.7043228149
-4.08364677, -9.0, 94.2046890259
-5.14473677, -9.0, 93.7443695068
-6.20582724, -9.0, 93.3235778809
-7.26691723, -9.0, 92.9402770996
-8.3280077, -9.0, 92.5911560059
-9.38909817, -9.0, 92.2723083496
-10.4501877, -9.0, 91.9797668457
-11.5112782, -9.0, 91.7097091675
-12.5723686, -9.0, 91.4586334229
-13.6334591, -9.0, 91.2233581543
-14.6945486, -9.0, 91.0010223389
-15.7556391, -9.0, 90.7890319824
-16.8167286, -9.0, 90.5850448608
-17.8778191, -9.0, 90.3868865967
-18.9389095, -9.0, 90.1925201416
98.926651, -10.0, 100.355316162
97.853302, -10.0, 100.708679199
96.779953, -10.0, 101.058204651
95.706604, -10.0, 101.40209198
94.633255, -10.0, 101.738700867
93.559906, -10.0, 102.06652832
92.486557, -10.0, 102.384307861
91.413208, -10.0, 102.690948486
90.339859, -10.0, 102.985603333
89.26651, -10.0, 103.26763916
88.193161, -10.0, 103.536605835
87.119812, -10.0, 103.792266846
86.0464706, -10.0, 104.034561157
84.9731216, -10.0, 104.263557434
83.8997726, -10.0, 104.479484558
82.8264236, -10.0, 104.682655334
81.7530746, -10.0, 104.873474121
80.6797256, -10.0, 105.052429199
79.6063766, -10.0, 105.220031738
78.5330276, -10.0, 105.376846313
77.4596786, -10.0, 105.523452759
76.3863297, -10.0, 105.660430908
75.3129807, -10.0, 105.788375854
74.2396317, -10.0, 105.907852173
73.1662827, -10.0, 106.019439697
72.0929337, -10.0, 106.123680115
71.0195847, -10.0, 106.221092224
69.9462357, -10.0, 106.312194824
68.8728867, -10.0, 106.397453308
67.7995377, -10.0, 106.477340698
66.7261887, -10.0, 106.552276611
65.6528397, -10.0, 106.622688293
64.5794907, -10.0, 106.688949585
63.5061455, -10.0, 106.751441956
62.4327965, -10.0, 106.810508728
61.3594475, -10.0, 106.866485596
60.2860985, -10.0, 106.919685364
59.2127495, -10.0, 106.970405579
58.1394005, -10.0, 107.018936157
57.0660515, -10.0, 107.065551758
55.9927025, -10.0, 107.110519409
54.9193535, -10.0, 107.154090881
53.8460045, -10.0, 107.196510315
52.7726593, -10.0, 107.23802948
51.6993103, -10.0, 107.278869629
50.6259613, -10.0, 107.319282532
49.5526123, -10.0, 107.359481812
48.4792633, -10.0, 107.399703979
47.4059143, -10.0, 107.440193176
46.3325653, -10.0, 107.481163025
45.2592163, -10.0, 107.522872925
44.1858673, -10.0, 107.565567017
43.1125183, -10.0, 107.609489441
42.0391693, -10.0, 107.654907227
40.9658203, -10.0, 107.702102661
39.8924713, -10.0, 107.751358032
38.8191261, -10.0, 107.802978516
37.7457771, -10.0, 107.857261658
36.6724281, -10.0, 107.914543152
35.5990791, -10.0, 107.975128174
34.5257301, -10.0, 108.039344788
33.4523811, -10.0, 108.10748291
32.3790321, -10.0, 108.179771423
31.3056831, -10.0, 108.256401062
30.2323341, -10.0, 108.33744812
29.158987, -10.0, 108.422851562
28.085638, -10.0, 108.512435913
27.012289, -10.0, 108.605857849
25.93894, -10.0, 108.702644348
24.865591, -10.0, 108.802185059
23.7922421, -10.0, 108.9037323
22.718895, -10.0, 109.00642395
21.645546, -10.0, 109.1092453
20.572197, -10.0, 109.210960388
19.498848, -10.0, 109.310058594
18.425499, -10.0, 109.404647827
17.35215, -10.0, 109.492324829
16.278801, -10.0, 109.57006073
15.2054529, -10.0, 109.63407135
14.1321049, -10.0, 109.679733276
13.0587559, -10.0, 109.701560974
11.9854069, -10.0, 109.693260193
10.9120588, -10.0, 109.64793396
9.83870983, -10.0, 109.55847168
8.76536083, -10.0, 109.418083191
7.69201231, -10.0, 109.22101593
6.61866379, -10.0, 108.963371277
5.54531479, -10.0, 108.643959045
4.47196627, -10.0, 108.264961243
3.39861751, -10.0, 107.832290649
2.32526875, -10.0, 107.355461121
1.2519201, -10.0, 106.846832275
0.178571433, -10.0, 106.320419312
-0.883458674, -10.0, 105.795883179
-1.94548869, -10.0, 105.280082703
-3.00751877, -10.0, 104.782936096
-4.06954908, -10.0, 104.311424255
-5.13157892, -10.0, 103.869544983
-6.19360924, -10.0, 103.458763123
-7.25563908, -10.0, 103.078605652
-8.31766891, -10.0, 102.727310181
-9.37969971, -10.0, 102.402359009
-10.4417295, -10.0, 102.100875854
-11.5037594, -10.0, 101.819915771
-12.5657892, -10.0, 101.556610107
-13.62782, -10.0, 101.308227539
-14.6898499, -10.0, 101.072227478
-15.7518797, -10.0, 100.846237183
-16.8139095, -10.0, 100.628059387
-17.8759403, -10.0, 100.415596008
-18.9379692, -10.0, 100.206878662
98.9268417, -11.0, 110.34425354
97.8536835, -11.0, 110.686759949
96.7805328, -11.0, 111.02583313
95.7073746, -11.0, 111.359855652
94.6342163, -11.0, 111.687324524
93.561058, -11.0, 112.006889343
92.4878998, -11.0, 112.317352295
91.4147491, -11.0, 112.61769104
90.3415909, -11.0, 112.907089233
89.2684326, -11.0, 113.184906006
88.1952744, -11.0, 113.450668335
87.1221161, -11.0, 113.704101562
86.0489655, -11.0, 113.94506073
84.9758072, -11.0, 114.173561096
83.9026489, -11.0, 114.389732361
82.8294907, -11.0, 114.593803406
81.75634, -11.0, 114.786094666
80.6831818, -11.0, 114.966995239
79.6100235, -11.0, 115.136947632
78.5368652, -11.0, 115.296432495
77.463707, -11.0, 115.445960999
76.3905563, -11.0, 115.586051941
75.3173981, -11.0, 115.71723175
74.2442398, -11.0, 115.840042114
73.1710815, -11.0, 115.954994202
72.0979233, -11.0, 116.062606812
71.0247726, -11.0, 116.163375854
69.9516144, -11.0, 116.257781982
68.8784561, -11.0, 116.346290588
67.8052979, -11.0, 116.429351807
66.7321396, -11.0, 116.507377625
65.658989, -11.0, 116.5807724
64.5858307, -11.0, 116.649932861
63.5126724, -11.0, 116.71522522
62.439518, -11.0, 116.776992798
61.3663597, -11.0, 116.835571289
60.2932014, -11.0, 116.891281128
59.220047, -11.0, 116.94442749
58.1468887, -11.0, 116.995292664
57.0737343, -11.0, 117.044174194
56.000576, -11.0, 117.091323853
54.9274178, -11.0, 117.137008667
53.8542633, -11.0, 117.181488037
52.781105, -11.0, 117.224990845
51.7079506, -11.0, 117.267776489
50.6347923, -11.0, 117.310073853
49.5616341, -11.0, 117.352119446
48.4884796, -11.0, 117.394134521
47.4153214, -11.0, 117.43636322
46.3421669, -11.0, 117.479042053
45.2690086, -11.0, 117.522399902
44.1958542, -11.0, 117.566673279
43.1226959, -11.0, 117.612106323
42.0495377, -11.0, 117.658958435
40.9763832, -11.0, 117.707466125
39.9032249, -11.0, 117.757904053
38.8300705, -11.0, 117.810523987
37.7569122, -11.0, 117.865592957
36.683754, -11.0, 117.923377991
35.6105995, -11.0, 117.98412323
34.5374413, -11.0, 118.048072815
33.4642868, -11.0, 118.115409851
32.3911285, -11.0, 118.186294556
31.3179722, -11.0, 118.260787964
30.2448158, -11.0, 118.338882446
29.1716595, -11.0, 118.420440674
28.0985031, -11.0, 118.505218506
27.0253448, -11.0, 118.592811584
25.9521885, -11.0, 118.682693481
24.8790321, -11.0, 118.774208069
23.8058758, -11.0, 118.866539001
22.7327194, -11.0, 118.958724976
21.6595631, -11.0, 119.049621582
20.5864048, -11.0, 119.137886047
19.5132484, -11.0, 119.221862793
18.4400921, -11.0, 119.299568176
17.3669357, -11.0, 119.36857605
16.2937794, -11.0, 119.425956726
15.2206221, -11.0, 119.468177795
14.1474657, -11.0, 119.491127014
13.0743084, -11.0, 119.490074158
12.001152, -11.0, 119.45980835
10.9279957, -11.0, 119.394828796
9.85483837, -11.0, 119.289665222
8.78168201, -11.0, 119.139305115
7.70852518, -11.0, 118.939743042
6.63536882, -11.0, 118.688560486
5.56221199, -11.0, 118.385452271
4.48905516, -11.0, 118.032676697
3.41589856, -11.0, 117.6352005
2.34274197, -11.0, 117.200553894
1.26958525, -11.0, 116.73828125
0.196428567, -11.0, 116.259101868
-0.866541326, -11.0, 115.778503418
-1.92951131, -11.0, 115.301742554
-2.99248123, -11.0, 114.837020874
-4.05545092, -11.0, 114.3904953
-5.11842108, -11.0, 113.966201782
-6.18139076, -11.0, 113.566230774
-7.24436092, -11.0, 113.191070557
-8.30733109, -11.0, 112.840042114
-9.37030029, -11.0, 112.511642456
-10.4332705, -11.0, 112.203910828
-11.4962406, -11.0, 111.914627075
-12.5592108, -11.0, 111.64150238
-13.62218, -11.0, 111.382255554
-14.6851501, -11.0, 111.134674072
-15.7481203, -11.0, 110.896614075
-16.8110905, -11.0, 110.666046143
-17.8740597, -11.0, 110.441017151
-18.9370308, -11.0, 110.219612122
98.9270325, -12.0, 120.334739685
97.8540726, -12.0, 120.667907715
96.781105, -12.0, 120.99797821
95.7081375, -12.0, 121.323478699
94.6351776, -12.0, 121.643028259
93.5622101, -12.0, 121.95539093
92.4892502, -12.0, 122.25944519
91.4162827, -12.0, 122.554229736
90.3433151, -12.0, 122.838943481
89.2703552, -12.0, 123.112953186
88.1973877, -12.0, 123.375785828
87.1244202, -12.0, 123.627113342
86.0514603, -12.0, 123.866744995
84.9784927, -12.0, 124.094642639
83.9055328, -12.0, 124.31085968
82.8325653, -12.0, 124.515556335
81.7595978, -12.0, 124.708992004
80.6866379, -12.0, 124.891464233
79.6136703, -12.0, 125.063354492
78.5407028, -12.0, 125.225082397
77.4677429, -12.0, 125.377082825
76.3947754, -12.0, 125.519828796
75.3218155, -12.0, 125.653800964
74.248848, -12.0, 125.77948761
73.1758804, -12.0, 125.897369385
72.1029205, -12.0, 126.007926941
71.029953, -12.0, 126.11164093
69.9569855, -12.0, 126.208961487
68.8840256, -12.0, 126.300338745
67.811058, -12.0, 126.386199951
66.7380981, -12.0, 126.466964722
65.6651306, -12.0, 126.543029785
64.5921631, -12.0, 126.614768982
63.5191994, -12.0, 126.682556152
62.4462357, -12.0, 126.746742249
61.3732719, -12.0, 126.807655334
60.3003082, -12.0, 126.865615845
59.2273407, -12.0, 126.920936584
58.154377, -12.0, 126.973907471
57.0814133, -12.0, 127.02481842
56.0084496, -12.0, 127.073936462
54.935482, -12.0, 127.121520996
53.8625183, -12.0, 127.16783905
52.7895546, -12.0, 127.213142395
51.7165909, -12.0, 127.257667542
50.6436234, -12.0, 127.301651001
49.5706596, -12.0, 127.345336914
48.4976959, -12.0, 127.388961792
47.4247322, -12.0, 127.432739258
46.3517647, -12.0, 127.476921082
45.278801, -12.0, 127.521720886
44.2058372, -12.0, 127.567382812
43.1328735, -12.0, 127.614128113
42.059906, -12.0, 127.662193298
40.9869423, -12.0, 127.711807251
39.9139786, -12.0, 127.763214111
38.8410149, -12.0, 127.816627502
37.7680473, -12.0, 127.872276306
36.6950836, -12.0, 127.930374146
35.6221199, -12.0, 127.991104126
34.5491562, -12.0, 128.054641724
33.4761887, -12.0, 128.12109375
32.4032249, -12.0, 128.190536499
31.3302612, -12.0, 128.262954712
30.2572956, -12.0, 128.338256836
29.1843319, -12.0, 128.416244507
28.1113663, -12.0, 128.49659729
27.0384026, -12.0, 128.578857422
25.9654369, -12.0, 128.662460327
24.8924732, -12.0, 128.746688843
23.8195076, -12.0, 128.8306427
22.7465439, -12.0, 128.913314819
21.6735783, -12.0, 128.993484497
20.6006145, -12.0, 129.069702148
19.5276489, -12.0, 129.140274048
18.4546852, -12.0, 129.203186035
17.3817196, -12.0, 129.256057739
16.3087559, -12.0, 129.296112061
15.2357912, -12.0, 129.320129395
14.1628265, -12.0, 129.324447632
13.0898619, -12.0, 129.305023193
12.0168972, -12.0, 129.257568359
10.9439325, -12.0, 129.177658081
9.87096786, -12.0, 129.061096191
8.7980032, -12.0, 128.904174805
7.72503853, -12.0, 128.704101562
6.65207386, -12.0, 128.459442139
5.57910919, -12.0, 128.170394897
4.50614452, -12.0, 127.839149475
3.43317962, -12.0, 127.469902039
2.36021495, -12.0, 127.068695068
1.2872504, -12.0, 126.643051147
0.214285716, -12.0, 126.20136261
-0.849624038, -12.0, 125.755996704
-1.91353381, -12.0, 125.311134338
-2.9774437, -12.0, 124.873588562
-4.04135323, -12.0, 124.448760986
-5.10526323, -12.0, 124.040504456
-6.16917276, -12.0, 123.651184082
-7.23308277, -12.0, 123.28187561
-8.2969923, -12.0, 122.932594299
-9.36090183, -12.0, 122.602615356
-10.4248123, -12.0, 122.290657043
-11.4887218, -12.0, 121.995117188
-12.5526314, -12.0, 121.71421814
-13.6165409, -12.0, 121.44606781
-14.6804514, -12.0, 121.188766479
-15.7443609, -12.0, 120.940429688
-16.8082714, -12.0, 120.699188232
-17.8721809, -12.0, 120.463226318
-18.9360905, -12.0, 120.230758667
98.9272308, -13.0, 130.326629639
97.854454, -13.0, 130.65184021
96.7816849, -13.0, 130.974212646
95.7089081, -13.0, 131.292419434
94.6361389, -13.0, 131.605178833
93.5633621, -13.0, 131.911346436
92.490593, -13.0, 132.209854126
91.4178162, -13.0, 132.499786377
90.345047, -13.0, 132.780395508
89.2722702, -13.0, 133.051040649
88.199501, -13.0, 133.311233521
87.1267319, -13.0, 133.56060791
86.0539551, -13.0, 133.798980713
84.9811859, -13.0, 134.026229858
83.9084091, -13.0, 134.242370605
82.83564, -13.0, 134.447494507
81.7628632, -13.0, 134.641784668
80.690094, -13.0, 134.825515747
79.6173172, -13.0, 134.99899292
78.544548, -13.0, 135.162582397
77.4717712, -13.0, 135.316650391
76.3990021, -13.0, 135.461639404
75.3262253, -13.0, 135.597991943
74.2534561, -13.0, 135.726135254
73.180687, -13.0, 135.846542358
72.1079102, -13.0, 135.959640503
71.035141, -13.0, 136.06590271
69.9623642, -13.0, 136.165756226
68.889595, -13.0, 136.259628296
67.8168182, -13.0, 136.347946167
66.7440491, -13.0, 136.431121826
65.6712723, -13.0, 136.509521484
64.5985031, -13.0, 136.583526611
63.5257301, -13.0, 136.653518677
62.4529572, -13.0, 136.719833374
61.3801842, -13.0, 136.782806396
60.3074112, -13.0, 136.842773438
59.2346382, -13.0, 136.900009155
58.1618652, -13.0, 136.954849243
57.0890923, -13.0, 137.007553101
56.0163193, -13.0, 137.058410645
54.9435501, -13.0, 137.107681274
53.8707771, -13.0, 137.15562439
52.7980042, -13.0, 137.202514648
51.7252312, -13.0, 137.248580933
50.6524582, -13.0, 137.294052124
49.5796852, -13.0, 137.339187622
48.5069122, -13.0, 137.384216309
47.4341393, -13.0, 137.429351807
46.3613663, -13.0, 137.474853516
45.2885933, -13.0, 137.520904541
44.2158203, -13.0, 137.567749023
43.1430473, -13.0, 137.615615845
42.0702782, -13.0, 137.664718628
40.9975052, -13.0, 137.715240479
39.9247322, -13.0, 137.767440796
38.8519592, -13.0, 137.821472168
37.7791862, -13.0, 137.877532959
36.7064133, -13.0, 137.935791016
35.6336403, -13.0, 137.996398926
34.5608673, -13.0, 138.059432983
33.4880943, -13.0, 138.124984741
32.4153214, -13.0, 138.193023682
31.3425503, -13.0, 138.26348877
30.2697773, -13.0, 138.336212158
29.1970043, -13.0, 138.410934448
28.1242313, -13.0, 138.487289429
27.0514584, -13.0, 138.56477356
25.9786873, -13.0, 138.642745972
24.9059143, -13.0, 138.720443726
23.8331413, -13.0, 138.796966553
22.7603683, -13.0, 138.871185303
21.6875954, -13.0, 138.941879272
20.6148243, -13.0, 139.007522583
19.5420513, -13.0, 139.066421509
18.4692783, -13.0, 139.116592407
17.3965054, -13.0, 139.15574646
16.3237324, -13.0, 139.181259155
15.2509604, -13.0, 139.190216064
14.1781874, -13.0, 139.179397583
13.1054144, -13.0, 139.145339966
12.0326424, -13.0, 139.084472656
10.9598694, -13.0, 138.993286133
9.88709641, -13.0, 138.868469238
8.81432438, -13.0, 138.707305908
7.7415514, -13.0, 138.507873535
6.6687789, -13.0, 138.269332886
5.59600592, -13.0, 137.992233276
4.52323341, -13.0, 137.678588867
3.45046091, -13.0, 137.331985474
2.37768817, -13.0, 136.957351685
1.30491555, -13.0, 136.560745239
0.232142851, -13.0, 136.148864746
-0.832706749, -13.0, 135.731750488
-1.89755642, -13.0, 135.312820435
-2.96240592, -13.0, 134.897827148
-4.02725554, -13.0, 134.491485596
-5.09210539, -13.0, 134.097381592
-6.15695477, -13.0, 133.717971802
-7.22180462, -13.0, 133.354660034
-8.28665447, -13.0, 133.00793457
-9.35150337, -13.0, 132.677581787
-10.4163532, -13.0, 132.362884521
-11.4812031, -13.0, 132.062728882
-12.5460529, -13.0, 131.775726318
-13.6109018, -13.0, 131.500350952
-14.6757517, -13.0, 131.23500061
-15.7406015, -13.0, 130.978012085
-16.8054504, -13.0, 130.727706909
-17.8703003, -13.0, 130.482376099
-18.9351501, -13.0, 130.240371704
98.9274216, -14.0, 140.31980896
97.8548355, -14.0, 140.638305664
96.7822571, -14.0, 140.954208374
95.7096786, -14.0, 141.26625061
94.6371002, -14.0, 141.573272705
93.5645142, -14.0, 141.874160767
92.4919357, -14.0, 142.167938232
91.4193573, -14.0, 142.453735352
90.3467712, -14.0, 142.730804443
89.2741928, -14.0, 142.998504639
88.2016144, -14.0, 143.256378174
87.1290359, -14.0, 143.50402832
86.0564499, -14.0, 143.741226196
84.9838715, -14.0, 143.967834473
83.911293, -14.0, 144.183807373
82.838707, -14.0, 144.389205933
81.7661285, -14.0, 144.584152222
80.6935501, -14.0, 144.768875122
79.6209641, -14.0, 144.943634033
78.5483856, -14.0, 145.108734131
77.4758072, -14.0, 145.264526367
76.4032288, -14.0, 145.411392212
75.3306427, -14.0, 145.549728394
74.2580643, -14.0, 145.679946899
73.1854858, -14.0, 145.802490234
72.1128998, -14.0, 145.917755127
71.0403214, -14.0, 146.026184082
69.9677429, -14.0, 146.128204346
68.8951645, -14.0, 146.224227905
67.8225784, -14.0, 146.314651489
66.75, -14.0, 146.399887085
65.6774216, -14.0, 146.480300903
64.6048355, -14.0, 146.556274414
63.5322571, -14.0, 146.628173828
62.4596786, -14.0, 146.696334839
61.3870964, -14.0, 146.76109314
60.314518, -14.0, 146.822784424
59.2419357, -14.0, 146.881698608
58.1693535, -14.0, 146.938140869
57.0967751, -14.0, 146.992416382
56.0241928, -14.0, 147.044784546
54.9516144, -14.0, 147.09552002
53.8790321, -14.0, 147.144897461
52.8064499, -14.0, 147.193161011
51.7338715, -14.0, 147.24055481
50.6612892, -14.0, 147.287322998
49.5887108, -14.0, 147.333709717
48.5161285, -14.0, 147.379943848
47.4435501, -14.0, 147.426254272
46.3709679, -14.0, 147.472869873
45.2983856, -14.0, 147.520004272
44.2258072, -14.0, 147.567855835
43.1532249, -14.0, 147.616668701
42.0806465, -14.0, 147.666610718
41.0080643, -14.0, 147.717895508
39.935482, -14.0, 147.770706177
38.8629036, -14.0, 147.825210571
37.7903214, -14.0, 147.881561279
36.7177429, -14.0, 147.93989563
35.6451607, -14.0, 148.000289917
34.5725822, -14.0, 148.062820435
33.5, -14.0, 148.127471924
32.4274178, -14.0, 148.194198608
31.3548393, -14.0, 148.262878418
30.282259, -14.0, 148.333282471
29.2096767, -14.0, 148.405105591
28.1370964, -14.0, 148.477920532
27.0645161, -14.0, 148.551193237
25.9919357, -14.0, 148.624237061
24.9193554, -14.0, 148.696243286
23.8467751, -14.0, 148.76625061
22.7741928, -14.0, 148.8331604
21.7016125, -14.0, 148.895645142
20.6290321, -14.0, 148.952209473
19.5564518, -14.0, 149.001174927
18.4838715, -14.0, 149.04057312
17.4112911, -14.0, 149.068237305
16.3387089, -14.0, 149.081741333
15.2661295, -14.0, 149.078430176
14.1935482, -14.0, 149.055450439
13.1209679, -14.0, 149.009857178
12.0483875, -14.0, 148.93862915
10.9758062, -14.0, 148.838943481
9.9032259, -14.0, 148.708206177
8.83064556, -14.0, 148.544403076
7.75806475, -14.0, 148.346176147
6.68548393, -14.0, 148.11315918
5.61290312, -14.0, 147.84602356
4.54032278, -14.0, 147.546661377
3.46774197, -14.0, 147.218139648
2.39516139, -14.0, 146.864578247
1.3225807, -14.0, 146.490936279
0.25, -14.0, 146.102722168
-0.815789461, -14.0, 145.708129883
-1.88157892, -14.0, 145.31010437
-2.94736838, -14.0, 144.913574219
-4.01315784, -14.0, 144.522659302
-5.07894754, -14.0, 144.140716553
-6.14473677, -14.0, 143.770141602
-7.21052647, -14.0, 143.412506104
-8.27631569, -14.0, 143.068618774
-9.34210491, -14.0, 142.73866272
-10.4078951, -14.0, 142.422271729
-11.4736843, -14.0, 142.118728638
-12.5394735, -14.0, 141.82699585
-13.6052628, -14.0, 141.545837402
-14.6710529, -14.0, 141.273910522
-15.7368422, -14.0, 141.009750366
-16.8026314, -14.0, 140.751831055
-17.8684216, -14.0, 140.49861145
-18.9342098, -14.0, 140.248535156
98.9276123, -15.0, 150.314163208
97.8552246, -15.0, 150.627120972
96.7828369, -15.0, 150.937667847
95.7104492, -15.0, 151.244613647
94.6380539, -15.0, 151.546859741
93.5656662, -15.0, 151.843383789
92.4932785, -15.0, 152.133209229
91.4208908, -15.0, 152.415527344
90.3485031, -15.0, 152.689605713
89.2761154, -15.0, 152.954833984
88.2037277, -15.0, 153.210723877
87.13134, -15.0, 153.456863403
86.0589447, -15.0, 153.693023682
84.986557, -15.0, 153.919021606
83.9141693, -15.0, 154.134796143
82.8417816, -15.0, 154.34034729
81.7693939, -15.0, 154.535797119
80.6970062, -15.0, 154.721298218
79.6246185, -15.0, 154.897064209
78.5522308, -15.0, 155.063400269
77.4798355, -15.0, 155.220581055
76.4074478, -15.0, 155.368972778
75.3350601, -15.0, 155.50894165
74.2626724, -15.0, 155.640884399
73.1902847, -15.0, 155.765182495
72.117897, -15.0, 155.882247925
71.0455093, -15.0, 155.992492676
69.9731216, -15.0, 156.096328735
68.9007263, -15.0, 156.194137573
67.8283386, -15.0, 156.286346436
66.7559509, -15.0, 156.373306274
65.6835632, -15.0, 156.455429077
64.6111755, -15.0, 156.533065796
63.5387878, -15.0, 156.606567383
62.4663963, -15.0, 156.676300049
61.3940086, -15.0, 156.74256897
60.3216209, -15.0, 156.805725098
59.2492332, -15.0, 156.86605835
58.1768417, -15.0, 156.923873901
57.104454, -15.0, 156.97946167
56.0320663, -15.0, 157.033126831
54.9596786, -15.0, 157.085098267
53.8872871, -15.0, 157.135681152
52.8148994, -15.0, 157.18510437
51.7425117, -15.0, 157.233627319
50.6701241, -15.0, 157.281494141
49.5977325, -15.0, 157.328933716
48.5253448, -15.0, 157.376190186
47.4529572, -15.0, 157.423492432
46.3805695, -15.0, 157.471038818
45.3081779, -15.0, 157.519058228
44.2357903, -15.0, 157.567749023
43.1634026, -15.0, 157.617324829
42.0910149, -15.0, 157.66796875
41.0186234, -15.0, 157.719863892
39.9462357, -15.0, 157.773162842
38.873848, -15.0, 157.828018188
37.8014603, -15.0, 157.884567261
36.7290688, -15.0, 157.942886353
35.6566811, -15.0, 158.003051758
34.5842934, -15.0, 158.065078735
33.5119057, -15.0, 158.12890625
32.439518, -15.0, 158.194473267
31.3671284, -15.0, 158.261566162
30.2947388, -15.0, 158.329956055
29.2223511, -15.0, 158.399261475
28.1499615, -15.0, 158.469039917
27.0775738, -15.0, 158.538696289
26.0051842, -15.0, 158.607528687
24.9327965, -15.0, 158.674682617
23.8604069, -15.0, 158.739181519
22.7880192, -15.0, 158.79989624
21.7156296, -15.0, 158.85546875
20.6432419, -15.0, 158.904449463
19.5708523, -15.0, 158.945144653
18.4984646, -15.0, 158.975662231
17.426075, -15.0, 158.993942261
16.3536873, -15.0, 158.997741699
15.2812977, -15.0, 158.984619141
14.208909, -15.0, 158.952056885
13.1365204, -15.0, 158.897476196
12.0641317, -15.0, 158.818359375
10.9917431, -15.0, 158.712341309
9.91935444, -15.0, 158.577423096
8.84696579, -15.0, 158.412017822
7.77457762, -15.0, 158.215255737
6.70218897, -15.0, 157.986999512
5.62980032, -15.0, 157.728042603
4.55741167, -15.0, 157.440109253
3.48502302, -15.0, 157.12588501
2.41263437, -15.0, 156.788879395
1.34024572, -15.0, 156.433258057
0.267857134, -15.0, 156.06362915
-0.798872173, -15.0, 155.686782837
-1.86560154, -15.0, 155.305404663
-2.93233085, -15.0, 154.923706055
-3.99906015, -15.0, 154.545410156
-5.0657897, -15.0, 154.173568726
-6.13251877, -15.0, 153.810546875
-7.19924831, -15.0, 153.457992554
-8.26597786, -15.0, 153.116897583
-9.33270645, -15.0, 152.787689209
-10.399436, -15.0, 152.470306396
-11.4661655, -15.0, 152.164306641
-12.5328951, -15.0, 151.868942261
-13.5996237, -15.0, 151.583236694
-14.6663532, -15.0, 151.306015015
-15.7330828, -15.0, 151.035995483
-16.7998123, -15.0, 150.771835327
-17.8665409, -15.0, 150.512084961
-18.9332714, -15.0, 150.255310059
98.927803, -16.0, 160.309631348
97.8556061, -16.0, 160.618148804
96.7834091, -16.0, 160.924377441
95.7112122, -16.0, 161.227233887
94.6390152, -16.0, 161.525634766
93.5668182, -16.0, 161.818618774
92.4946213, -16.0, 162.105255127
91.4224243, -16.0, 162.384765625
90.3502274, -16.0, 162.656402588
89.2780304, -16.0, 162.919586182
88.2058334, -16.0, 163.173828125
87.1336441, -16.0, 163.418731689
86.0614471, -16.0, 163.654006958
84.9892502, -16.0, 163.879470825
83.9170532, -16.0, 164.095016479
82.8448563, -16.0, 164.300674438
81.7726593, -16.0, 164.496459961
80.7004623, -16.0, 164.682540894
79.6282654, -16.0, 164.859115601
78.5560684, -16.0, 165.026397705
77.4838715, -16.0, 165.184677124
76.4116745, -16.0, 165.334289551
75.3394775, -16.0, 165.475570679
74.2672806, -16.0, 165.608886719
73.1950836, -16.0, 165.734603882
72.1228867, -16.0, 165.853118896
71.0506897, -16.0, 165.964828491
69.9784927, -16.0, 166.070129395
68.9062958, -16.0, 166.169403076
67.8340988, -16.0, 166.263046265
66.7619019, -16.0, 166.35144043
65.6897049, -16.0, 166.434936523
64.6175079, -16.0, 166.513931274
63.5453148, -16.0, 166.588745117
62.4731178, -16.0, 166.659759521
61.4009209, -16.0, 166.727264404
60.3287239, -16.0, 166.791625977
59.2565269, -16.0, 166.853118896
58.18433, -16.0, 166.912063599
57.1121368, -16.0, 166.96875
56.0399399, -16.0, 167.023452759
54.9677429, -16.0, 167.076446533
53.895546, -16.0, 167.128005981
52.823349, -16.0, 167.178390503
51.751152, -16.0, 167.227828979
50.6789551, -16.0, 167.276596069
49.6067581, -16.0, 167.324905396
48.5345612, -16.0, 167.37298584
47.4623642, -16.0, 167.421081543
46.3901672, -16.0, 167.469390869
45.3179741, -16.0, 167.518127441
44.2457771, -16.0, 167.567489624
43.1735802, -16.0, 167.61769104
42.1013832, -16.0, 167.668869019
41.0291862, -16.0, 167.721237183
39.9569893, -16.0, 167.774902344
38.8847923, -16.0, 167.830032349
37.8125954, -16.0, 167.886688232
36.7403984, -16.0, 167.944976807
35.6682014, -16.0, 168.004898071
34.5960045, -16.0, 168.066467285
33.5238113, -16.0, 168.129592896
32.4516144, -16.0, 168.194137573
31.3794155, -16.0, 168.259902954
30.3072205, -16.0, 168.326599121
29.2350235, -16.0, 168.393814087
28.1628265, -16.0, 168.46105957
27.0906296, -16.0, 168.527740479
26.0184326, -16.0, 168.593109131
24.9462357, -16.0, 168.656295776
23.8740406, -16.0, 168.716278076
22.8018436, -16.0, 168.77192688
21.7296467, -16.0, 168.821914673
20.6574497, -16.0, 168.864761353
19.5852528, -16.0, 168.898803711
18.5130577, -16.0, 168.922241211
17.4408607, -16.0, 168.93309021
16.3686638, -16.0, 168.929260254
15.2964668, -16.0, 168.90852356
14.2242708, -16.0, 168.868591309
13.1520739, -16.0, 168.8072052
12.0798769, -16.0, 168.722198486
11.0076809, -16.0, 168.611587524
9.93548393, -16.0, 168.473754883
8.86328697, -16.0, 168.307495117
7.79109049, -16.0, 168.112197876
6.718894, -16.0, 167.887908936
5.64669752, -16.0, 167.635482788
4.57450056, -16.0, 167.356506348
3.50230408, -16.0, 167.053375244
2.43010759, -16.0, 166.729125977
1.35791087, -16.0, 166.387390137
0.285714298, -16.0, 166.032104492
-0.781954885, -16.0, 165.668945312
-1.84962404, -16.0, 165.300430298
-2.91729331, -16.0, 164.930343628
-3.98496246, -16.0, 164.562026978
-5.05263138, -16.0, 164.198318481
-6.12030077, -16.0, 163.84147644
-7.18797016, -16.0, 163.493179321
-8.25563908, -16.0, 163.154556274
-9.32330799, -16.0, 162.826202393
-10.3909779, -16.0, 162.508270264
-11.4586468, -16.0, 162.200531006
-12.5263157, -16.0, 161.902420044
-13.5939846, -16.0, 161.61315918
-14.6616545, -16.0, 161.331771851
-15.7293234, -16.0, 161.057113647
-16.7969933, -16.0, 160.787948608
-17.8646622, -16.0, 160.522964478
-18.9323311, -16.0, 160.260787964
98.9279938, -17.0, 170.306152344
97.8559875, -17.0, 170.611251831
96.783989, -17.0, 170.914169312
95.7119827, -17.0, 171.213867188
94.6399765, -17.0, 171.50932312
93.5679703, -17.0, 171.799575806
92.4959641, -17.0, 172.083755493
91.4239655, -17.0, 172.361068726
90.3519592, -17.0, 172.630828857
89.279953, -17.0, 172.892425537
88.2079468, -17.0, 173.145370483
87.1359482, -17.0, 173.389266968
86.063942, -17.0, 173.623840332
84.9919357, -17.0, 173.848861694
83.9199295, -17.0, 174.064224243
82.8479233, -17.0, 174.26991272
81.7759247, -17.0, 174.465957642
80.7039185, -17.0, 174.65246582
79.6319122, -17.0, 174.829605103
78.559906, -17.0, 174.997619629
77.4878998, -17.0, 175.156738281
76.4159012, -17.0, 175.307266235
75.343895, -17.0, 175.449554443
74.2718887, -17.0, 175.583908081
73.1998825, -17.0, 175.710723877
72.1278839, -17.0, 175.830352783
71.0558777, -17.0, 175.943206787
69.9838715, -17.0, 176.049636841
68.9118652, -17.0, 176.150039673
67.839859, -17.0, 176.244796753
66.7678604, -17.0, 176.334289551
65.6958542, -17.0, 176.418869019
64.623848, -17.0, 176.498901367
63.5518417, -17.0, 176.574752808
62.4798393, -17.0, 176.646759033
61.4078331, -17.0, 176.715240479
60.3358307, -17.0, 176.780517578
59.2638245, -17.0, 176.842926025
58.1918221, -17.0, 176.902740479
57.1198158, -17.0, 176.960266113
56.0478096, -17.0, 177.015792847
54.9758072, -17.0, 177.069595337
53.903801, -17.0, 177.121917725
52.8317986, -17.0, 177.173034668
51.7597923, -17.0, 177.223205566
50.6877899, -17.0, 177.272659302
49.6157837, -17.0, 177.321640015
48.5437775, -17.0, 177.370361328
47.4717751, -17.0, 177.419067383
46.3997688, -17.0, 177.467971802
45.3277664, -17.0, 177.51725769
44.2557602, -17.0, 177.567138672
43.183754, -17.0, 177.617782593
42.1117516, -17.0, 177.669387817
41.0397453, -17.0, 177.722091675
39.9677429, -17.0, 177.776046753
38.8957367, -17.0, 177.831344604
37.8237343, -17.0, 177.888076782
36.7517281, -17.0, 177.946289062
35.6797218, -17.0, 178.006011963
34.6077194, -17.0, 178.067184448
33.5357132, -17.0, 178.129730225
32.4637108, -17.0, 178.193466187
31.3917046, -17.0, 178.258178711
30.3197002, -17.0, 178.323516846
29.2476959, -17.0, 178.389083862
28.1756916, -17.0, 178.454360962
27.1036873, -17.0, 178.518707275
26.031683, -17.0, 178.581375122
24.9596767, -17.0, 178.641464233
23.8876724, -17.0, 178.697952271
22.8156681, -17.0, 178.749694824
21.7436638, -17.0, 178.79536438
20.6716595, -17.0, 178.833496094
19.5996552, -17.0, 178.862472534
18.5276489, -17.0, 178.88053894
17.4556446, -17.0, 178.885787964
16.3836403, -17.0, 178.876251221
15.311636, -17.0, 178.849853516
14.2396317, -17.0, 178.804519653
13.1676264, -17.0, 178.738189697
12.0956221, -17.0, 178.648971558
11.0236177, -17.0, 178.535171509
9.95161247, -17.0, 178.395431519
8.87960815, -17.0, 178.228775024
7.80760384, -17.0, 178.034790039
6.73559904, -17.0, 177.813674927
5.66359425, -17.0, 177.566253662
4.59158993, -17.0, 177.294052124
3.51958537, -17.0, 176.999221802
2.44758058, -17.0, 176.684494019
1.37557602, -17.0, 176.35307312
0.303571433, -17.0, 176.008453369
-0.765037596, -17.0, 175.655426025
-1.83364666, -17.0, 175.296508789
-2.90225554, -17.0, 174.93510437
-3.97086477, -17.0, 174.574295044
-5.03947353, -17.0, 174.216751099
-6.10808277, -17.0, 173.864654541
-7.17669153, -17.0, 173.519699097
-8.24530029, -17.0, 173.183074951
-9.31390953, -17.0, 172.855499268
-10.3825188, -17.0, 172.537231445
-11.451128, -17.0, 172.228240967
-12.5197372, -17.0, 171.928100586
-13.5883455, -17.0, 171.636184692
-14.6569548, -17.0, 171.351638794
-15.725564, -17.0, 171.073425293
-16.7941723, -17.0, 170.800415039
-17.8627815, -17.0, 170.53137207
-18.9313908, -17.0, 170.265014648
98.9281845, -18.0, 180.30368042
97.8563766, -18.0, 180.606338501
96.7845612, -18.0, 180.906921387
95.7127533, -18.0, 181.204376221
94.6409378, -18.0, 181.497741699
93.5691223, -18.0, 181.78604126
92.4973145, -18.0, 182.068466187
91.425499, -18.0, 182.344207764
90.3536835, -18.0, 182.612609863
89.2818756, -18.0, 182.873062134
88.2100601, -18.0, 183.125076294
87.1382523, -18.0, 183.368255615
86.0664368, -18.0, 183.602310181
84.9946213, -18.0, 183.82699585
83.9228134, -18.0, 184.042221069
82.8509979, -18.0, 184.247909546
81.7791824, -18.0, 184.444107056
80.7073746, -18.0, 184.630905151
79.6355591, -18.0, 184.808456421
78.5637512, -18.0, 184.976959229
77.4919357, -18.0, 185.136657715
76.4201202, -18.0, 185.287857056
75.3483124, -18.0, 185.430831909
74.2764969, -18.0, 185.565933228
73.2046814, -18.0, 185.693527222
72.1328735, -18.0, 185.813949585
71.061058, -18.0, 185.927597046
69.9892502, -18.0, 186.034835815
68.9174347, -18.0, 186.136047363
67.8456192, -18.0, 186.2315979
66.7738113, -18.0, 186.321868896
65.7019958, -18.0, 186.407226562
64.630188, -18.0, 186.488021851
63.5583725, -18.0, 186.564605713
62.4865608, -18.0, 186.637313843
61.4147453, -18.0, 186.706481934
60.3429337, -18.0, 186.772445679
59.271122, -18.0, 186.835494995
58.1993103, -18.0, 186.895950317
57.1274948, -18.0, 186.954086304
56.0556831, -18.0, 187.010192871
54.9838715, -18.0, 187.064559937
53.9120598, -18.0, 187.117431641
52.8402443, -18.0, 187.169082642
51.7684326, -18.0, 187.21975708
50.6966209, -18.0, 187.269714355
49.6248093, -18.0, 187.319168091
48.5529938, -18.0, 187.368347168
47.4811821, -18.0, 187.417495728
46.4093704, -18.0, 187.466796875
45.3375587, -18.0, 187.516464233
44.2657433, -18.0, 187.566711426
43.1939316, -18.0, 187.61769104
42.1221199, -18.0, 187.669570923
41.0503082, -18.0, 187.722518921
39.9784927, -18.0, 187.776641846
38.9066811, -18.0, 187.832046509
37.8348694, -18.0, 187.888809204
36.7630577, -18.0, 187.946975708
35.691246, -18.0, 188.006530762
34.6194305, -18.0, 188.06741333
33.5476189, -18.0, 188.129516602
32.4758072, -18.0, 188.192657471
31.4039936, -18.0, 188.256591797
30.3321819, -18.0, 188.320953369
29.2603683, -18.0, 188.385345459
28.1885567, -18.0, 188.449188232
27.1167431, -18.0, 188.511871338
26.0449314, -18.0, 188.572601318
24.9731178, -18.0, 188.630493164
23.9013062, -18.0, 188.684509277
22.8294926, -18.0, 188.73348999
21.7576809, -18.0, 188.776107788
20.6858673, -18.0, 188.810943604
19.6140556, -18.0, 188.836364746
18.5422421, -18.0, 188.850692749
17.4704304, -18.0, 188.852081299
16.3986168, -18.0, 188.838623047
15.3268051, -18.0, 188.808380127
14.2549925, -18.0, 188.759384155
13.1831799, -18.0, 188.689758301
12.1113672, -18.0, 188.597793579
11.0395546, -18.0, 188.481964111
9.96774197, -18.0, 188.341064453
8.89592934, -18.0, 188.174331665
7.82411671, -18.0, 187.981460571
6.75230408, -18.0, 187.762710571
5.68049145, -18.0, 187.51890564
4.60867882, -18.0, 187.251480103
3.53686643, -18.0, 186.962478638
2.4650538, -18.0, 186.654388428
1.39324117, -18.0, 186.33013916
0.321428567, -18.0, 185.992935181
-0.748120308, -18.0, 185.646865845
-1.81766915, -18.0, 185.294525146
-2.887218, -18.0, 184.939102173
-3.95676684, -18.0, 184.583465576
-5.02631569, -18.0, 184.230209351
-6.09586477, -18.0, 183.88142395
-7.16541338, -18.0, 183.538803101
-8.23496246, -18.0, 183.203567505
-9.30451107, -18.0, 182.876525879
-10.3740597, -18.0, 182.558044434
-11.4436092, -18.0, 182.248153687
-12.5131578, -18.0, 181.946563721
-13.5827065, -18.0, 181.652755737
-14.652256, -18.0, 181.365921021
-15.7218046, -18.0, 181.085159302
-16.7913532, -18.0, 180.809387207
-17.8609028, -18.0, 180.537445068
-18.9304504, -18.0, 180.268066406
98.9283829, -19.0, 190.3021698
97.8567581, -19.0, 190.603363037
96.785141, -19.0, 190.902526855
95.7135162, -19.0, 191.198638916
94.6418991, -19.0, 191.490722656
93.5702744, -19.0, 191.777862549
92.4986572, -19.0, 192.05921936
91.4270325, -19.0, 192.334014893
90.3554153, -19.0, 192.601593018
89.2837906, -19.0, 192.861343384
88.2121735, -19.0, 193.112792969
87.1405563, -19.0, 193.355514526
86.0689316, -19.0, 193.589233398
84.9973145, -19.0, 193.813720703
83.9256897, -19.0, 194.028839111
82.8540726, -19.0, 194.234527588
81.7824478, -19.0, 194.43081665
80.7108307, -19.0, 194.617782593
79.6392059, -19.0, 194.795562744
78.5675888, -19.0, 194.964355469
77.4959641, -19.0, 195.124404907
76.4243469, -19.0, 195.275985718
75.3527298, -19.0, 195.419387817
74.281105, -19.0, 195.554931641
73.2094879, -19.0, 195.682983398
72.1378632, -19.0, 195.803894043
71.066246, -19.0, 195.918014526
69.9946213, -19.0, 196.025741577
68.9230042, -19.0, 196.127441406
67.8513794, -19.0, 196.223480225
66.7797623, -19.0, 196.314224243
65.7081375, -19.0, 196.400039673
64.6365204, -19.0, 196.481292725
63.5648994, -19.0, 196.558319092
62.4932785, -19.0, 196.631469727
61.4216576, -19.0, 196.701049805
60.3500366, -19.0, 196.767410278
59.2784195, -19.0, 196.830856323
58.2067986, -19.0, 196.891693115
57.1351776, -19.0, 196.950195312
56.0635567, -19.0, 197.006652832
54.9919357, -19.0, 197.061355591
53.9203148, -19.0, 197.114562988
52.8486938, -19.0, 197.166534424
51.7770729, -19.0, 197.217529297
50.705452, -19.0, 197.26776123
49.633831, -19.0, 197.317504883
48.5622101, -19.0, 197.366958618
47.490593, -19.0, 197.416351318
46.418972, -19.0, 197.465896606
45.3473511, -19.0, 197.515808105
44.2757301, -19.0, 197.566253662
43.2041092, -19.0, 197.617416382
42.1324883, -19.0, 197.669464111
41.0608673, -19.0, 197.72253418
39.9892464, -19.0, 197.776748657
38.9176254, -19.0, 197.832214355
37.8460045, -19.0, 197.88899231
36.7743874, -19.0, 197.947113037
35.7027664, -19.0, 198.006546021
34.6311455, -19.0, 198.067245483
33.5595245, -19.0, 198.129074097
32.4879036, -19.0, 198.191848755
31.4162827, -19.0, 198.2552948
30.3446617, -19.0, 198.319076538
29.2730408, -19.0, 198.382736206
28.2014217, -19.0, 198.445739746
27.1298008, -19.0, 198.507415771
26.0581799, -19.0, 198.567001343
24.9865589, -19.0, 198.623580933
23.914938, -19.0, 198.676132202
22.843317, -19.0, 198.723480225
21.771698, -19.0, 198.764328003
20.7000771, -19.0, 198.797210693
19.6284561, -19.0, 198.820587158
18.5568352, -19.0, 198.832763672
17.4852142, -19.0, 198.831924438
16.4135952, -19.0, 198.816253662
15.3419743, -19.0, 198.783828735
14.2703533, -19.0, 198.732818604
13.1987324, -19.0, 198.661407471
12.1271124, -19.0, 198.567977905
11.0554914, -19.0, 198.45111084
9.98387051, -19.0, 198.309738159
8.91225052, -19.0, 198.143157959
7.84062958, -19.0, 197.951126099
6.76900911, -19.0, 197.733932495
5.69738865, -19.0, 197.492416382
4.62576818, -19.0, 197.227981567
3.55414748, -19.0, 196.942520142
2.48252678, -19.0, 196.638458252
1.41090631, -19.0, 196.318527222
0.339285702, -19.0, 195.98576355
-0.73120302, -19.0, 195.643707275
-1.80169177, -19.0, 195.295150757
-2.87218046, -19.0, 194.943130493
-3.94266915, -19.0, 194.59046936
-5.01315784, -19.0, 194.239608765
-6.08364677, -19.0, 193.892669678
-7.15413523, -19.0, 193.551330566
-8.22462368, -19.0, 193.216827393
-9.29511261, -19.0, 192.889984131
-10.3656015, -19.0, 192.571273804
-11.4360905, -19.0, 192.260757446
-12.5065794, -19.0, 191.958221436
-13.5770674, -19.0, 191.66317749
-14.6475563, -19.0, 191.374893188
-15.7180452, -19.0, 191.092529297
-16.7885342, -19.0, 190.8150177
-17.8590221, -19.0, 190.541229248
-18.929512, -19.0, 190.269973755
2.01703215, 0.800000012, 8.76059055328
3.08206463, 0.800000012, 10.8926095963
4.14709663, 0.800000012, 12.1805438995
5.21212912, 0.800000012, 12.651758194
6.27716112, 0.800000012, 12.3816137314
7.3421936, 0.800000012, 11.5145559311
8.40722561, 0.800000012, 10.2462120056
9.47225761, 0.800000012, 8.75354957581
10.5372906, 0.800000012, 7.23287582397
11.6023226, 0.800000012, 5.99993515015
12.6673546, 0.800000012, 5.02745962143
13.7323875, 0.800000012, 4.25671815872
14.7974195, 0.800000012, 3.63982081413
15.8624516, 0.800000012, 3.14022350311
16.9274845, 0.800000012, 2.72983264923
17.9925156, 0.800000012, 2.3868598938
19.0575485, 0.800000012, 2.09463143349
20.1225815, 0.800000012, 1.84110987186
21.1876125, 0.800000012, 1.61737239361
22.2526455, 0.800000012, 1.41626977921
23.3176765, 0.800000012, 1.2314363718
24.3827095, 0.800000012, 1.05671966076
25.4477425, 0.800000012, 0.877973556519
26.5127735, 0.800000012, 0.643809199333
27.5778065, 0.800000012, 0.169046640396
28.6428394, 0.800000012, -0.0652076601982
29.7078705, 0.800000012, -0.131083250046
30.7729034, 0.800000012, -0.182222679257
31.8379364, 0.800000012, -0.22602443397
32.9029694, 0.800000012, -0.264209330082
33.9679985, 0.800000012, -0.297750532627
35.0330315, 0.800000012, -0.327355116606
36.0980644, 0.800000012, -0.353590965271
37.1630974, 0.800000012, -0.376933157444
38.2281303, 0.800000012, -0.397787541151
39.2931595, 0.800000012, -0.416504174471
40.3581924, 0.800000012, -0.433387160301
41.4232254, 0.800000012, -0.448701649904
42.4882584, 0.800000012, -0.462678521872
43.5532913, 0.800000012, -0.475519239902
44.6183243, 0.800000012, -0.487400978804
45.6833534, 0.800000012, -0.498479992151
46.7483864, 0.800000012, -0.508894681931
47.8134193, 0.800000012, -0.518769800663
48.8784523, 0.800000012, -0.52821803093
49.9434853, 0.800000012, -0.537343144417
51.0085144, 0.800000012, -0.546241223812
52.0735474, 0.800000012, -0.555003643036
53.1385803, 0.800000012, -0.563718557358
54.2036133, 0.800000012, -0.57247197628
55.2686462, 0.800000012, -0.581349372864
56.3336792, 0.800000012, -0.590438008308
57.3987083, 0.800000012, -0.599828124046
58.4637413, 0.800000012, -0.609614908695
59.5287743, 0.800000012, -0.619900941849
60.5938072, 0.800000012, -0.630795955658
61.6588402, 0.800000012, -0.642419874668
62.7238693, 0.800000012, -0.654905557632
63.7889023, 0.800000012, -0.668403506279
64.8539352, 0.800000012, -0.683085858822
65.9189682, 0.800000012, -0.699149250984
66.9840012, 0.800000012, -0.716821670532
68.0490341, 0.800000012, -0.736367881298
69.1140671, 0.800000012, -0.758097231388
70.1791, 0.800000012, -0.782373726368
71.2441254, 0.800000012, -0.809623479843
72.3091583, 0.800000012, -0.840349912643
73.3741913, 0.800000012, -0.875147759914
74.4392242, 0.800000012, -0.914718747139
75.5042572, 0.800000012, -0.959894299507
76.5692902, 0.800000012, -1.01165878773
77.6343231, 0.800000012, -1.07117438316
78.6993561, 0.800000012, -1.13980996609
79.764389, 0.800000012, -1.21916651726
80.829422, 0.800000012, -1.31110417843
81.894455, 0.800000012, -1.41776907444
82.9594803, 0.800000012, -1.54160964489
84.0245132, 0.800000012, -1.68538558483
85.0895462, 0.800000012, -1.85214054585
86.1545792, 0.800000012, -2.04515123367
87.2196121, 0.800000012, -2.26786017418
88.2846451, 0.800000012, -2.52378582954
89.349678, 0.800000012, -2.81638240814
90.414711, 0.800000012, -3.14879822731
91.479744, 0.800000012, -3.52357029915
92.5447769, 0.800000012, -3.94237804413
93.6098099, 0.800000012, -4.4061126709
94.6748352, 0.800000012, -4.9151673317
95.7398682, 0.800000012, -5.46877002716
96.8049011, 0.800000012, -6.06298589706
97.8699341, 0.800000012, -6.68992137909
98.934967, 0.800000012, -7.33926439285
2.95879579, 1.60000002, 5.75864982605
4.01359129, 1.60000002, 6.97554349899
5.06838703, 1.60000002, 7.33478832245
6.12318277, 1.60000002, 6.83046722412
7.17797852, 1.60000002, 5.60588693619
8.23277378, 1.60000002, 3.89995217323
9.28757, 1.60000002, 2.010607481
10.3423653, 1.60000002, -0.170354485512
11.3971615, 1.60000002, -1.67365944386
12.4519567, 1.60000002, -2.78232455254
13.506753, 1.60000002, -3.62921190262
14.5615482, 1.60000002, -4.28931856155
15.6163445, 1.60000002, -4.81233167648
16.6711407, 1.60000002, -5.23400449753
17.725935, 1.60000002, -5.58080863953
18.7807312, 1.60000002, -5.87342834473
19.8355274, 1.60000002, -6.12506246567
20.8903217, 1.60000002, -6.3450627327
21.945118, 1.60000002, -6.53933763504
22.9999142, 1.60000002, -6.71477365494
24.0547104, 1.60000002, -6.87264347076
25.1095047, 1.60000002, -7.01140022278
26.1643009, 1.60000002, -7.13436031342
27.2190971, 1.60000002, -7.24661684036
28.2738934, 1.60000002, -7.33239603043
29.3286877, 1.60000002, -7.39249706268
30.3834839, 1.60000002, -7.44042396545
31.4382801, 1.60000002, -7.48199748993
32.4930763, 1.60000002, -7.51847171783
33.5478706, 1.60000002, -7.55053663254
34.6026649, 1.60000002, -7.57874441147
35.6574631, 1.60000002, -7.60358667374
36.7122574, 1.60000002, -7.62550163269
37.7670555, 1.60000002, -7.64488077164
38.8218498, 1.60000002, -7.6620721817
39.8766441, 1.60000002, -7.67738294601
40.9314423, 1.60000002, -7.69108247757
41.9862366, 1.60000002, -7.70340776443
43.0410309, 1.60000002, -7.71456384659
44.095829, 1.60000002, -7.72473049164
45.1506233, 1.60000002, -7.73406457901
46.2054176, 1.60000002, -7.74270296097
47.2602158, 1.60000002, -7.75076723099
48.3150101, 1.60000002, -7.7583656311
49.3698082, 1.60000002, -7.7655954361
50.4246025, 1.60000002, -7.77254581451
51.4793968, 1.60000002, -7.77929973602
52.5341949, 1.60000002, -7.78593540192
53.5889893, 1.60000002, -7.79252815247
54.6437836, 1.60000002, -7.79915142059
55.6985817, 1.60000002, -7.80588006973
56.753376, 1.60000002, -7.81278944016
57.8081703, 1.60000002, -7.81996011734
58.8629684, 1.60000002, -7.82748126984
59.9177628, 1.60000002, -7.8354473114
60.9725609, 1.60000002, -7.84395742416
62.0273552, 1.60000002, -7.85311889648
63.0821495, 1.60000002, -7.86305427551
64.1369476, 1.60000002, -7.87390756607
65.1917419, 1.60000002, -7.88584470749
66.2465363, 1.60000002, -7.89906024933
67.3013306, 1.60000002, -7.91378211975
68.3561325, 1.60000002, -7.9302816391
69.4109268, 1.60000002, -7.94887733459
70.4657211, 1.60000002, -7.96994543076
71.5205154, 1.60000002, -7.99393415451
72.5753098, 1.60000002, -8.0213804245
73.6301041, 1.60000002, -8.05292320251
74.684906, 1.60000002, -8.08933067322
75.7397003, 1.60000002, -8.1315202713
76.7944946, 1.60000002, -8.1805934906
77.8492889, 1.60000002, -8.2378692627
78.9040833, 1.60000002, -8.30491161346
79.9588852, 1.60000002, -8.38357162476
81.0136795, 1.60000002, -8.47601032257
82.0684738, 1.60000002, -8.58474445343
83.1232681, 1.60000002, -8.71268081665
84.1780624, 1.60000002, -8.86313724518
85.2328568, 1.60000002, -9.03981685638
86.2876587, 1.60000002, -9.24671077728
87.342453, 1.60000002, -9.48798561096
88.3972473, 1.60000002, -9.76790809631
89.4520416, 1.60000002, -10.0907459259
90.5068359, 1.60000002, -10.4604606628
91.5616379, 1.60000002, -10.8802013397
92.6164322, 1.60000002, -11.3518848419
93.6712265, 1.60000002, -11.8760128021
94.7260208, 1.60000002, -12.4527111053
95.7808151, 1.60000002, -13.0831708908
96.8356094, 1.60000002, -13.7649374008
97.8904114, 1.60000002, -14.4875431061
98.9452057, 1.60000002, -15.2369604111
3.90055919, 2.4000001, 2.29470920563
4.94511843, 2.4000001, 2.57966780663
5.98967743, 2.4000001, 1.78544521332
7.03423643, 2.4000001, 0.125943139195
8.07879543, 2.4000001, -2.2295923233
9.12335491, 2.4000001, -4.505007267
10.1679144, 2.4000001, -6.59212350845
11.2124729, 2.4000001, -8.22932434082
12.2570324, 2.4000001, -9.43913173676
13.3015919, 2.4000001, -10.3506851196
14.3461504, 2.4000001, -11.0472946167
15.3907099, 2.4000001, -11.5847797394
16.4352684, 2.4000001, -12.0046424866
17.4798279, 2.4000001, -12.3380975723
18.5243874, 2.4000001, -12.6086864471
19.5689468, 2.4000001, -12.8329610825
20.6135063, 2.4000001, -13.0219898224
21.6580639, 2.4000001, -13.183678627
22.7026234, 2.4000001, -13.3237361908
23.7471828, 2.4000001, -13.4457187653
24.7917423, 2.4000001, -13.5520477295
25.8363018, 2.4000001, -13.6448087692
26.8808594, 2.4000001, -13.7249660492
27.9254189, 2.4000001, -13.7929840088
28.9699783, 2.4000001, -13.8505525589
30.0145378, 2.4000001, -13.9001598358
31.0590973, 2.4000001, -13.9435014725
32.1036568, 2.4000001, -13.9814662933
33.1482162, 2.4000001, -14.0147228241
34.1927757, 2.4000001, -14.0438241959
35.2373352, 2.4000001, -14.0692491531
36.2818909, 2.4000001, -14.0914525986
37.3264503, 2.4000001, -14.1108522415
38.3710098, 2.4000001, -14.1278305054
39.4155693, 2.4000001, -14.1427268982
40.4601288, 2.4000001, -14.1558456421
41.5046883, 2.4000001, -14.1674499512
42.5492477, 2.4000001, -14.1777706146
43.5938072, 2.4000001, -14.1870069504
44.6383667, 2.4000001, -14.1953315735
45.6829262, 2.4000001, -14.2028932571
46.7274857, 2.4000001, -14.209821701
47.7720413, 2.4000001, -14.2162303925
48.8166008, 2.4000001, -14.2222185135
49.8611603, 2.4000001, -14.2278776169
50.9057198, 2.4000001, -14.2332878113
51.9502792, 2.4000001, -14.2385234833
52.9948387, 2.4000001, -14.2436571121
54.0393982, 2.4000001, -14.2487564087
55.0839577, 2.4000001, -14.2538881302
56.1285172, 2.4000001, -14.2591199875
57.1730766, 2.4000001, -14.2645235062
58.2176361, 2.4000001, -14.2701797485
59.2621918, 2.4000001, -14.2761850357
60.3067513, 2.4000001, -14.2826395035
61.3513107, 2.4000001, -14.2896261215
62.3958702, 2.4000001, -14.2972450256
63.4404297, 2.4000001, -14.3056221008
64.484993, 2.4000001, -14.3149061203
65.5295486, 2.4000001, -14.3252735138
66.5741043, 2.4000001, -14.3369350433
67.6186676, 2.4000001, -14.3501682281
68.6632233, 2.4000001, -14.3653087616
69.7077866, 2.4000001, -14.3827066422
70.7523422, 2.4000001, -14.4027528763
71.7969055, 2.4000001, -14.4259634018
72.8414612, 2.4000001, -14.4529628754
73.8860245, 2.4000001, -14.484503746
74.9305801, 2.4000001, -14.5214986801
75.9751434, 2.4000001, -14.5650568008
77.0196991, 2.4000001, -14.6165218353
78.0642548, 2.4000001, -14.6775169373
79.1088181, 2.4000001, -14.7499933243
80.1533737, 2.4000001, -14.8362588882
81.197937, 2.4000001, -14.9390134811
82.2424927, 2.4000001, -15.0613937378
83.287056, 2.4000001, -15.2070484161
84.3316116, 2.4000001, -15.3802194595
85.3761749, 2.4000001, -15.5857210159
86.4207306, 2.4000001, -15.828707695
87.4652939, 2.4000001, -16.1144008636
88.5098495, 2.4000001, -16.4479999542
89.5544052, 2.4000001, -16.8347759247
90.5989685, 2.4000001, -17.2798042297
91.6435242, 2.4000001, -17.7870426178
92.6880875, 2.4000001, -18.3584003448
93.7326431, 2.4000001, -18.9940891266
94.7772064, 2.4000001, -19.6920833588
95.8217621, 2.4000001, -20.4466247559
96.8663254, 2.4000001, -21.278383255
97.910881, 2.4000001, -22.1585025787
98.9554443, 2.4000001, -23.0710372925
4.84232235, 3.20000005, -1.46863532066
5.87664509, 3.20000005, -2.6407661438
6.91096783, 3.20000005, -4.79887342453
7.94529009, 3.20000005, -7.35664844513
8.9796133, 3.20000005, -9.82273101807
10.0139351, 3.20000005, -11.9556522369
11.0482578, 3.20000005, -13.6562204361
12.0825806, 3.20000005, -14.9479036331
13.1169033, 3.20000005, -15.9269542694
14.151226, 3.20000005, -16.6772575378
15.1855488, 3.20000005, -17.2497806549
16.2198715, 3.20000005, -17.6882286072
17.2541943, 3.20000005, -18.0281410217
18.288517, 3.20000005, -18.296875
19.3228378, 3.20000005, -18.5146121979
20.3571606, 3.20000005, -18.6953449249
21.3914833, 3.20000005, -18.8490276337
22.425806, 3.20000005, -18.9818305969
23.4601288, 3.20000005, -19.0982093811
24.4944515, 3.20000005, -19.2012271881
25.5287743, 3.20000005, -19.2925720215
26.563097, 3.20000005, -19.3726730347
27.5974197, 3.20000005, -19.4433498383
28.6317425, 3.20000005, -19.5056056976
29.6660652, 3.20000005, -19.5604076385
30.700388, 3.20000005, -19.6085968018
31.7347088, 3.20000005, -19.6500740051
32.7690315, 3.20000005, -19.6858539581
33.8033562, 3.20000005, -19.7170276642
34.837677, 3.20000005, -19.7441005707
35.8720016, 3.20000005, -19.7675476074
36.9063225, 3.20000005, -19.787820816
37.9406433, 3.20000005, -19.8053455353
38.974968, 3.20000005, -19.8205070496
40.0092888, 3.20000005, -19.833650589
41.0436134, 3.20000005, -19.845079422
42.0779343, 3.20000005, -19.8550624847
43.1122589, 3.20000005, -19.863822937
44.1465797, 3.20000005, -19.8715610504
45.1809044, 3.20000005, -19.8784427643
46.2152252, 3.20000005, -19.8846168518
47.2495499, 3.20000005, -19.8902072906
48.2838707, 3.20000005, -19.8953227997
49.3181953, 3.20000005, -19.9000587463
50.3525162, 3.20000005, -19.904499054
51.386837, 3.20000005, -19.9087181091
52.4211617, 3.20000005, -19.9127883911
53.4554825, 3.20000005, -19.9167747498
54.4898071, 3.20000005, -19.9207401276
55.524128, 3.20000005, -19.924747467
56.5584526, 3.20000005, -19.9288597107
57.5927734, 3.20000005, -19.9331493378
58.6270981, 3.20000005, -19.9377002716
59.6614189, 3.20000005, -19.9423732758
60.6957436, 3.20000005, -19.9473361969
61.7300644, 3.20000005, -19.9527893066
62.7643852, 3.20000005, -19.9588336945
63.7987099, 3.20000005, -19.9655971527
64.8330307, 3.20000005, -19.9732227325
65.8673553, 3.20000005, -19.9818897247
66.90168, 3.20000005, -19.991815567
67.935997, 3.20000005, -20.0037879944
68.9703217, 3.20000005, -20.0191688538
70.0046463, 3.20000005, -20.0371227264
71.0389709, 3.20000005, -20.0581588745
72.073288, 3.20000005, -20.0829105377
73.1076126, 3.20000005, -20.1121501923
74.1419373, 3.20000005, -20.1468143463
75.1762543, 3.20000005, -20.1880550385
76.2105789, 3.20000005, -20.2372817993
77.2449036, 3.20000005, -20.2962303162
78.2792282, 3.20000005, -20.367017746
79.3135452, 3.20000005, -20.4522209167
80.3478699, 3.20000005, -20.554901123
81.3821945, 3.20000005, -20.6785945892
82.4165192, 3.20000005, -20.8273162842
83.4508362, 3.20000005, -21.0056972504
84.4851608, 3.20000005, -21.2192668915
85.5194855, 3.20000005, -21.4745864868
86.5538101, 3.20000005, -21.7786979675
87.5881271, 3.20000005, -22.1381607056
88.6224518, 3.20000005, -22.5590705872
89.6567764, 3.20000005, -23.0475788116
90.6910934, 3.20000005, -23.6100444794
91.7254181, 3.20000005, -24.2514514923
92.7597427, 3.20000005, -24.9734249115
93.7940674, 3.20000005, -25.7746105194
94.8283844, 3.20000005, -26.6538105011
95.862709, 3.20000005, -27.6116428375
96.8970337, 3.20000005, -28.6422729492
97.9313583, 3.20000005, -29.7297973633
98.9656754, 3.20000005, -30.8549480438
5.78408623, 4.0, -7.14937400818
6.80817223, 4.0, -9.19732379913
7.83225822, 4.0, -11.7019672394
8.85634422, 4.0, -14.1505460739
9.88043022, 4.0, -16.2814979553
10.9045162, 4.0, -18.0212402344
11.9286022, 4.0, -19.3790817261
12.9526882, 4.0, -20.4088344574
13.9767742, 4.0, -21.2376022339
15.0008602, 4.0, -21.8776817322
16.0249462, 4.0, -22.3676052094
17.0490322, 4.0, -22.7448253632
18.0731182, 4.0, -23.0399417877
19.0972042, 4.0, -23.2765464783
20.1212902, 4.0, -23.4718151093
21.1453762, 4.0, -23.637840271
22.1694622, 4.0, -23.7825260162
23.1935482, 4.0, -23.9109382629
24.2176342, 4.0, -24.0262622833
25.2417202, 4.0, -24.1303138733
26.2658062, 4.0, -24.2239894867
27.2898922, 4.0, -24.3081188202
28.3139782, 4.0, -24.3833656311
29.3380642, 4.0, -24.4503059387
30.3621502, 4.0, -24.509552002
31.3862362, 4.0, -24.5616569519
32.4103241, 4.0, -24.6072349548
33.4344101, 4.0, -24.6469192505
34.4584961, 4.0, -24.6812973022
35.4825821, 4.0, -24.710943222
36.5066681, 4.0, -24.7364177704
37.5307541, 4.0, -24.7582607269
38.5548401, 4.0, -24.776971817
39.5789261, 4.0, -24.7930030823
40.6030121, 4.0, -24.8067588806
41.6270981, 4.0, -24.8185920715
42.6511841, 4.0, -24.8288040161
43.6752701, 4.0, -24.8376560211
44.6993561, 4.0, -24.8453731537
45.7234421, 4.0, -24.8521499634
46.7475281, 4.0, -24.8581523895
47.7716141, 4.0, -24.8635253906
48.7957001, 4.0, -24.8683929443
49.8197861, 4.0, -24.8728580475
50.8438721, 4.0, -24.8770160675
51.8679581, 4.0, -24.8809528351
52.8920441, 4.0, -24.8847408295
53.9161301, 4.0, -24.8884544373
54.9402161, 4.0, -24.8921642303
55.9643021, 4.0, -24.8959407806
56.9883881, 4.0, -24.8998584747
58.0124741, 4.0, -24.9039955139
59.0365601, 4.0, -24.9084606171
60.0606461, 4.0, -24.913356781
61.0847321, 4.0, -24.9187831879
62.1088181, 4.0, -24.9248504639
63.1329041, 4.0, -24.9316997528
64.1569901, 4.0, -24.9395008087
65.181076, 4.0, -24.9484539032
66.205162, 4.0, -24.9588088989
67.229248, 4.0, -24.9708843231
68.253334, 4.0, -24.9851055145
69.27742, 4.0, -25.0019245148
70.301506, 4.0, -25.0218544006
71.325592, 4.0, -25.0455493927
72.349678, 4.0, -25.0738048553
73.373764, 4.0, -25.1075935364
74.39785, 4.0, -25.1481075287
75.421936, 4.0, -25.1968173981
76.446022, 4.0, -25.2555427551
77.470108, 4.0, -25.3265361786
78.494194, 4.0, -25.4126148224
79.51828, 4.0, -25.517288208
80.542366, 4.0, -25.6447982788
81.566452, 4.0, -25.7999362946
82.590538, 4.0, -25.9878330231
83.614624, 4.0, -26.2141189575
84.63871, 4.0, -26.4857006073
85.662796, 4.0, -26.8114089966
86.686882, 4.0, -27.2011127472
87.710968, 4.0, -27.6633434296
88.735054, 4.0, -28.2045516968
89.75914, 4.0, -28.8312568665
90.783226, 4.0, -29.5512237549
91.807312, 4.0, -30.3702735901
92.831398, 4.0, -31.2885456085
93.855484, 4.0, -32.3028144836
94.87957, 4.0, -33.4116783142
95.903656, 4.0, -34.6102676392
96.927742, 4.0, -35.8866081238
97.951828, 4.0, -37.222618103
98.975914, 4.0, -38.6000328064
6.72584963, 4.80000019, -13.6224374771
7.73969889, 4.80000019, -15.6309757233
8.75354862, 4.80000019, -17.7866954803
9.76739788, 4.80000019, -19.7612266541
10.7812471, 4.80000019, -21.4586639404
11.7950964, 4.80000019, -22.8839244843
12.8089466, 4.80000019, -24.0399494171
13.8227959, 4.80000019, -24.9658794403
14.8366451, 4.80000019, -25.6929950714
15.8504944, 4.80000019, -26.2553672791
16.8643436, 4.80000019, -26.6893768311
17.8781929, 4.80000019, -27.0277557373
18.8920422, 4.80000019, -27.2971343994
19.9058933, 4.80000019, -27.5177078247
20.9197426, 4.80000019, -27.7042560577
21.9335918, 4.80000019, -27.8668708801
22.9474411, 4.80000019, -28.0119934082
23.9612904, 4.80000019, -28.1434593201
24.9751396, 4.80000019, -28.263376236
25.9889889, 4.80000019, -28.3728065491
27.0028381, 4.80000019, -28.4723205566
28.0166874, 4.80000019, -28.562297821
29.0305386, 4.80000019, -28.6430950165
30.0443878, 4.80000019, -28.715139389
31.0582371, 4.80000019, -28.7789382935
32.0720863, 4.80000019, -28.8350467682
33.0859337, 4.80000019, -28.8840370178
34.0997849, 4.80000019, -28.9265193939
35.113636, 4.80000019, -28.9631290436
36.1274834, 4.80000019, -28.9945335388
37.1413345, 4.80000019, -29.0213775635
38.1551819, 4.80000019, -29.0442638397
39.1690331, 4.80000019, -29.0637531281
40.1828804, 4.80000019, -29.0803451538
41.1967316, 4.80000019, -29.0944824219
42.2105789, 4.80000019, -29.1065425873
43.2244301, 4.80000019, -29.116853714
44.2382813, 4.80000019, -29.1256980896
45.2521286, 4.80000019, -29.1333236694
46.2659798, 4.80000019, -29.1399478912
47.2798271, 4.80000019, -29.1457576752
48.2936783, 4.80000019, -29.1509094238
49.3075256, 4.80000019, -29.1555404663
50.3213768, 4.80000019, -29.1597652435
51.3352242, 4.80000019, -29.1636810303
52.3490753, 4.80000019, -29.167383194
53.3629265, 4.80000019, -29.1709518433
54.3767738, 4.80000019, -29.1744651794
55.390625, 4.80000019, -29.1780014038
56.4044724, 4.80000019, -29.1816387177
57.4183235, 4.80000019, -29.1854610443
58.4321709, 4.80000019, -29.1895580292
59.446022, 4.80000019, -29.1940402985
60.4598694, 4.80000019, -29.1990184784
61.4737206, 4.80000019, -29.204624176
62.4875717, 4.80000019, -29.2110023499
63.5014191, 4.80000019, -29.2183265686
64.5152664, 4.80000019, -29.2268047333
65.5291214, 4.80000019, -29.2366886139
66.5429688, 4.80000019, -29.2482872009
67.5568161, 4.80000019, -29.2619915009
68.5706635, 4.80000019, -29.2782783508
69.5845184, 4.80000019, -29.297744751
70.5983658, 4.80000019, -29.3211116791
71.6122131, 4.80000019, -29.3492450714
72.6260681, 4.80000019, -29.3831710815
73.6399155, 4.80000019, -29.4241199493
74.6537628, 4.80000019, -29.4736175537
75.6676102, 4.80000019, -29.5335388184
76.6814651, 4.80000019, -29.6062030792
77.6953125, 4.80000019, -29.6944961548
78.7091599, 4.80000019, -29.8021430969
79.7230072, 4.80000019, -29.9340496063
80.7368622, 4.80000019, -30.0964641571
81.7507095, 4.80000019, -30.2963886261
82.7645569, 4.80000019, -30.5404777527
83.7784119, 4.80000019, -30.8349246979
84.7922592, 4.80000019, -31.1876125336
85.8061066, 4.80000019, -31.6106300354
86.8199539, 4.80000019, -32.1185379028
87.8338089, 4.80000019, -32.7220954895
88.8476563, 4.80000019, -33.4261131287
89.8615036, 4.80000019, -34.23802948
90.8753586, 4.80000019, -35.1676445007
91.8892059, 4.80000019, -36.2174339294
92.9030533, 4.80000019, -37.3812103271
93.9169006, 4.80000019, -38.6533241272
94.9307556, 4.80000019, -40.0516853333
95.944603, 4.80000019, -41.5330886841
96.9584503, 4.80000019, -43.0826950073
97.9722977, 4.80000019, -44.6884803772
98.9861526, 4.80000019, -46.3336105347
7.66761303, 5.5999999, -19.6570568085
8.67122555, 5.5999999, -21.1481246948
9.67483902, 5.5999999, -22.7493057251
10.6784515, 5.5999999, -24.2978954315
11.6820641, 5.5999999, -25.7007827759
12.6856775, 5.5999999, -26.9111423492
13.68929, 5.5999999, -27.9191951752
14.6929035, 5.5999999, -28.7347831726
15.696516, 5.5999999, -29.3797149658
16.7001286, 5.5999999, -29.8836612701
17.7037411, 5.5999999, -30.2772884369
18.7073555, 5.5999999, -30.5883541107
19.710968, 5.5999999, -30.8401660919
20.7145805, 5.5999999, -31.0506095886
21.7181931, 5.5999999, -31.2325534821
22.7218056, 5.5999999, -31.3945808411
23.72542, 5.5999999, -31.5418968201
24.7290325, 5.5999999, -31.6773071289
25.732645, 5.5999999, -31.8021221161
26.7362576, 5.5999999, -31.9168548584
27.7398701, 5.5999999, -32.0217056274
28.7434845, 5.5999999, -32.1168441772
29.747097, 5.5999999, -32.2025260925
30.7507095, 5.5999999, -32.279094696
31.7543221, 5.5999999, -32.3469390869
32.7579346, 5.5999999, -32.4064941406
33.7615471, 5.5999999, -32.4583206177
34.7651596, 5.5999999, -32.5030555725
35.7687759, 5.5999999, -32.5414466858
36.7723885, 5.5999999, -32.5742683411
37.776001, 5.5999999, -32.6022377014
38.7796135, 5.5999999, -32.6260070801
39.783226, 5.5999999, -32.6461677551
40.7868385, 5.5999999, -32.6632537842
41.790451, 5.5999999, -32.677734375
42.7940636, 5.5999999, -32.6900062561
43.7976761, 5.5999999, -32.7004165649
44.8012886, 5.5999999, -32.7092628479
45.8049049, 5.5999999, -32.7168197632
46.8085175, 5.5999999, -32.7233276367
47.81213, 5.5999999, -32.7289886475
48.8157425, 5.5999999, -32.7339782715
49.819355, 5.5999999, -32.7384376526
50.8229675, 5.5999999, -32.7424926758
51.82658, 5.5999999, -32.7462463379
52.8301926, 5.5999999, -32.749797821
53.8338051, 5.5999999, -32.7532348633
54.8374176, 5.5999999, -32.7566490173
55.8410339, 5.5999999, -32.7601203918
56.8446465, 5.5999999, -32.7637405396
57.848259, 5.5999999, -32.7675971985
58.8518715, 5.5999999, -32.7718009949
59.855484, 5.5999999, -32.7764701843
60.8590965, 5.5999999, -32.7817459106
61.862709, 5.5999999, -32.7877960205
62.8663216, 5.5999999, -32.7947921753
63.8699341, 5.5999999, -32.8029556274
64.8735504, 5.5999999, -32.8125343323
65.8771591, 5.5999999, -32.8238449097
66.8807755, 5.5999999, -32.8372840881
67.8843842, 5.5999999, -32.853351593
68.8880005, 5.5999999, -32.8726921082
69.8916092, 5.5999999, -32.8961296082
70.8952255, 5.5999999, -32.9246788025
71.8988419, 5.5999999, -32.9595336914
72.9024506, 5.5999999, -33.00207901
73.9060669, 5.5999999, -33.0539283752
74.9096756, 5.5999999, -33.1170196533
75.9132919, 5.5999999, -33.1937065125
76.9169006, 5.5999999, -33.2868614197
77.920517, 5.5999999, -33.4000968933
78.9241257, 5.5999999, -33.5381278992
79.927742, 5.5999999, -33.7077255249
80.9313583, 5.5999999, -33.9188308716
81.934967, 5.5999999, -34.1831970215
82.9385834, 5.5999999, -34.5098495483
83.9421921, 5.5999999, -34.9041023254
84.9458084, 5.5999999, -35.3726081848
85.9494171, 5.5999999, -35.9341125488
86.9530334, 5.5999999, -36.6113204956
87.9566422, 5.5999999, -37.4145545959
88.9602585, 5.5999999, -38.3392715454
89.9638672, 5.5999999, -39.3912353516
90.9674835, 5.5999999, -40.6359558105
91.9710999, 5.5999999, -41.9790115356
92.9747086, 5.5999999, -43.4386978149
93.9783249, 5.5999999, -45.009311676
94.9819336, 5.5999999, -46.6844558716
95.9855499, 5.5999999, -48.4467048645
96.9891586, 5.5999999, -50.2742042542
97.992775, 5.5999999, -52.1517524719
98.9963837, 5.5999999, -54.0651512146
8.60937595, 6.4000001, -24.7442073822
9.60275269, 6.4000001, -25.6217517853
10.5961294, 6.4000001, -26.767080307
11.5895052, 6.4000001, -27.9834499359
12.5828819, 6.4000001, -29.1459121704
13.5762577, 6.4000001, -30.1822357178
14.5696344, 6.4000001, -31.0617713928
15.5630112, 6.4000001, -31.7826900482
16.5563869, 6.4000001, -32.359462738
17.5497627, 6.4000001, -32.8150253296
18.5431404, 6.4000001, -33.1747703552
19.5365162, 6.4000001, -33.4627342224
20.529892, 6.4000001, -33.6994400024
21.5232697, 6.4000001, -33.9009513855
22.5166454, 6.4000001, -34.0787734985
23.5100212, 6.4000001, -34.240272522
24.503397, 6.4000001, -34.3895339966
25.4967747, 6.4000001, -34.5284194946
26.4901505, 6.4000001, -34.657497406
27.4835262, 6.4000001, -34.7767486572
28.4769039, 6.4000001, -34.886138916
29.4702797, 6.4000001, -34.9858703613
30.4636555, 6.4000001, -35.0762367249
31.4570332, 6.4000001, -35.1574172974
32.4504089, 6.4000001, -35.2294273376
33.4437866, 6.4000001, -35.2924957275
34.4371605, 6.4000001, -35.3470954895
35.4305382, 6.4000001, -35.3939628601
36.4239159, 6.4000001, -35.4340820312
37.4172897, 6.4000001, -35.4683380127
38.4106674, 6.4000001, -35.4974708557
39.4040413, 6.4000001, -35.5221099854
40.397419, 6.4000001, -35.5428848267
41.3907967, 6.4000001, -35.5604286194
42.3841705, 6.4000001, -35.5752372742
43.3775482, 6.4000001, -35.5877227783
44.3709259, 6.4000001, -35.5982437134
45.3642998, 6.4000001, -35.6071243286
46.3576775, 6.4000001, -35.6146583557
47.3510551, 6.4000001, -35.6211128235
48.344429, 6.4000001, -35.6266975403
49.3378067, 6.4000001, -35.6315994263
50.3311844, 6.4000001, -35.6359672546
51.3245583, 6.4000001, -35.6399345398
52.3179359, 6.4000001, -35.643611908
53.3113136, 6.4000001, -35.6471099854
54.3046875, 6.4000001, -35.6505241394
55.2980652, 6.4000001, -35.6539459229
56.2914391, 6.4000001, -35.6574707031
57.2848167, 6.4000001, -35.6612014771
58.2781944, 6.4000001, -35.6652450562
59.2715683, 6.4000001, -35.6697273254
60.264946, 6.4000001, -35.6747932434
61.2583237, 6.4000001, -35.6806144714
62.2516975, 6.4000001, -35.6873817444
63.2450752, 6.4000001, -35.6953163147
64.2384491, 6.4000001, -35.7046813965
65.2318268, 6.4000001, -35.7157936096
66.2252045, 6.4000001, -35.7290496826
67.2185822, 6.4000001, -35.7449645996
68.2119598, 6.4000001, -35.7642059326
69.2053299, 6.4000001, -35.7876663208
70.1987076, 6.4000001, -35.8165359497
71.1920853, 6.4000001, -35.8523750305
72.185463, 6.4000001, -35.8971405029
73.1788406, 6.4000001, -35.9530792236
74.1722183, 6.4000001, -36.0224227905
75.1655884, 6.4000001, -36.1074676514
76.1589661, 6.4000001, -36.2110290527
77.1523438, 6.4000001, -36.3367156982
78.1457214, 6.4000001, -36.4890136719
79.1390991, 6.4000001, -36.6736793518
80.1324768, 6.4000001, -36.8982658386
81.1258469, 6.4000001, -37.1798858643
82.1192245, 6.4000001, -37.5419082642
83.1126022, 6.4000001, -37.9975624084
84.1059799, 6.4000001, -38.5429611206
85.0993576, 6.4000001, -39.1861839294
86.0927277, 6.4000001, -39.942237854
87.0861053, 6.4000001, -40.9103775024
88.079483, 6.4000001, -41.9942398071
89.0728607, 6.4000001, -43.2174568176
90.0662384, 6.4000001, -44.5877456665
91.0596161, 6.4000001, -46.1029853821
92.0529861, 6.4000001, -47.7513923645
93.0463638, 6.4000001, -49.5151672363
94.0397415, 6.4000001, -51.3820571899
95.0331192, 6.4000001, -53.3442420959
96.0264969, 6.4000001, -55.3855857849
97.0198746, 6.4000001, -57.4839630127
98.0132446, 6.4000001, -59.6262550354
99.0066223, 6.4000001, -61.8117980957
9.55113983, 7.19999981, -28.7693252563
10.5342798, 7.19999981, -29.1774940491
11.5174198, 7.19999981, -29.9675216675
12.5005589, 7.19999981, -30.9166889191
13.4836988, 7.19999981, -31.8793964386
14.4668388, 7.19999981, -32.7683067322
15.4499788, 7.19999981, -33.5402526855
16.4331188, 7.19999981, -34.1825065613
17.4162579, 7.19999981, -34.7015762329
18.3993969, 7.19999981, -35.1145629883
19.3825378, 7.19999981, -35.4428977966
20.3656769, 7.19999981, -35.7081260681
21.3488178, 7.19999981, -35.9292564392
22.3319569, 7.19999981, -36.1212921143
23.3150959, 7.19999981, -36.2946395874
24.2982368, 7.19999981, -36.4553718567
25.2813759, 7.19999981, -36.6063804626
26.2645168, 7.19999981, -36.7484970093
27.2476559, 7.19999981, -36.8812255859
28.2307949, 7.19999981, -37.003944397
29.2139359, 7.19999981, -37.1168937683
30.1970749, 7.19999981, -37.2210044861
31.1802158, 7.19999981, -37.3170700073
32.163353, 7.19999981, -37.4044570923
33.1464958, 7.19999981, -37.4820747375
34.1296349, 7.19999981, -37.5496902466
35.1127739, 7.19999981, -37.6076812744
36.0959129, 7.19999981, -37.6573448181
37.079052, 7.19999981, -37.6998786926
38.0621948, 7.19999981, -37.7361602783
39.0453339, 7.19999981, -37.7667427063
40.0284729, 7.19999981, -37.7921829224
41.0116119, 7.19999981, -37.8135375977
41.994751, 7.19999981, -37.83152771
42.9778938, 7.19999981, -37.8466758728
43.9610329, 7.19999981, -37.8594017029
44.9441719, 7.19999981, -37.8700866699
45.9273109, 7.19999981, -37.8790779114
46.91045, 7.19999981, -37.8866882324
47.8935928, 7.19999981, -37.8931884766
48.8767319, 7.19999981, -37.8987998962
49.8598709, 7.19999981, -37.903717041
50.8430099, 7.19999981, -37.9080963135
51.826149, 7.19999981, -37.9120788574
52.8092918, 7.19999981, -37.9157905579
53.7924309, 7.19999981, -37.919342041
54.7755699, 7.19999981, -37.9228477478
55.758709, 7.19999981, -37.9264068604
56.741848, 7.19999981, -37.9301300049
57.7249908, 7.19999981, -37.934135437
58.7081299, 7.19999981, -37.9385566711
59.6912689, 7.19999981, -37.9435386658
60.674408, 7.19999981, -37.9492416382
61.657547, 7.19999981, -37.9557952881
62.6406898, 7.19999981, -37.9633979797
63.6238289, 7.19999981, -37.9723968506
64.6069641, 7.19999981, -37.9831161499
65.5901108, 7.19999981, -37.9959564209
66.5732498, 7.19999981, -38.0114250183
67.5563889, 7.19999981, -38.0301780701
68.5395279, 7.19999981, -38.0531082153
69.5226669, 7.19999981, -38.0813484192
70.505806, 7.19999981, -38.1162414551
71.488945, 7.19999981, -38.1601257324
72.472084, 7.19999981, -38.2178153992
73.4552231, 7.19999981, -38.2949638367
74.4383621, 7.19999981, -38.3945503235
75.4215088, 7.19999981, -38.517250061
76.4046478, 7.19999981, -38.6669235229
77.3877869, 7.19999981, -38.8483314514
78.3709259, 7.19999981, -39.0678977966
79.3540649, 7.19999981, -39.332408905
80.337204, 7.19999981, -39.651889801
81.320343, 7.19999981, -40.0342979431
82.3034821, 7.19999981, -40.5771217346
83.2866211, 7.19999981, -41.2386627197
84.2697601, 7.19999981, -42.0209197998
85.2529068, 7.19999981, -42.9318809509
86.2360458, 7.19999981, -43.9953041077
87.2191849, 7.19999981, -45.2217407227
88.2023239, 7.19999981, -46.6050300598
89.185463, 7.19999981, -48.1416778564
90.168602, 7.19999981, -49.8257408142
91.151741, 7.19999981, -51.6451683044
92.1348801, 7.19999981, -53.5956840515
93.1180191, 7.19999981, -55.6616210938
94.1011581, 7.19999981, -57.8178939819
95.0843048, 7.19999981, -60.0700950623
96.0674438, 7.19999981, -62.3971099854
97.0505829, 7.19999981, -64.7452087402
98.0337219, 7.19999981, -67.1351318359
99.016861, 7.19999981, -69.5579452515
10.4929028, 8.0, -31.9221515656
11.465806, 8.0, -31.9600543976
12.4387093, 8.0, -32.4634475708
13.4116125, 8.0, -33.1955604553
14.3845158, 8.0, -33.9954795837
15.357419, 8.0, -34.7631607056
16.3303223, 8.0, -35.4445953369
17.3032265, 8.0, -36.0184402466
18.2761288, 8.0, -36.4849281311
19.249033, 8.0, -36.8570213318
20.2219353, 8.0, -37.1538200378
21.1948395, 8.0, -37.3958358765
22.1677418, 8.0, -37.6016235352
23.140646, 8.0, -37.7854347229
24.1135483, 8.0, -37.9560432434
25.0864525, 8.0, -38.117816925
26.0593548, 8.0, -38.2728385925
27.032259, 8.0, -38.4199790955
28.0051613, 8.0, -38.5560913086
28.9780636, 8.0, -38.6801567078
29.9509678, 8.0, -38.7939491272
30.9238701, 8.0, -38.9028892517
31.8967743, 8.0, -39.0101051331
32.8696785, 8.0, -39.1086807251
33.8425789, 8.0, -39.1961708069
34.8154831, 8.0, -39.271697998
35.7883873, 8.0, -39.3366279602
36.7612915, 8.0, -39.3925018311
37.7341919, 8.0, -39.4404411316
38.7070961, 8.0, -39.4810791016
39.6800003, 8.0, -39.5143051147
40.6529045, 8.0, -39.5419578552
41.6258049, 8.0, -39.5652122498
42.5987091, 8.0, -39.5847969055
43.5716133, 8.0, -39.601272583
44.5445175, 8.0, -39.6151123047
45.5174179, 8.0, -39.626739502
46.4903221, 8.0, -39.6365318298
47.4632263, 8.0, -39.6448287964
48.4361305, 8.0, -39.6519126892
49.4090309, 8.0, -39.6580314636
50.3819351, 8.0, -39.663394928
51.3548393, 8.0, -39.668182373
52.3277435, 8.0, -39.6725616455
53.3006439, 8.0, -39.6766700745
54.2735481, 8.0, -39.6806488037
55.2464523, 8.0, -39.6846237183
56.2193565, 8.0, -39.6887207031
57.1922569, 8.0, -39.6930885315
58.1651611, 8.0, -39.6978645325
59.1380653, 8.0, -39.7032318115
60.1109695, 8.0, -39.7093696594
61.0838699, 8.0, -39.7163963318
62.0567741, 8.0, -39.7239532471
63.0296783, 8.0, -39.73279953
64.0025787, 8.0, -39.7433624268
64.9754868, 8.0, -39.7560768127
65.9483871, 8.0, -39.7714614868
66.9212875, 8.0, -39.7901916504
67.8941956, 8.0, -39.8131637573
68.8670959, 8.0, -39.8415985107
69.8399963, 8.0, -39.8769989014
70.8129044, 8.0, -39.914894104
71.7858047, 8.0, -39.960723877
72.7587128, 8.0, -40.0172767639
73.7316132, 8.0, -40.1370353699
74.7045135, 8.0, -40.2913742065
75.6774216, 8.0, -40.4823379517
76.650322, 8.0, -40.7155418396
77.6232224, 8.0, -40.9986686707
78.5961304, 8.0, -41.3409156799
79.5690308, 8.0, -41.7535209656
80.5419388, 8.0, -42.2502326965
81.5148392, 8.0, -42.8614883423
82.4877396, 8.0, -43.6101379395
83.4606476, 8.0, -44.5033493042
84.433548, 8.0, -45.5438766479
85.4064484, 8.0, -46.7402648926
86.3793564, 8.0, -48.1035194397
87.3522568, 8.0, -49.6371421814
88.3251648, 8.0, -51.3329200745
89.2980652, 8.0, -53.1881752014
90.2709656, 8.0, -55.1927833557
91.2438736, 8.0, -57.3196716309
92.216774, 8.0, -59.5520401001
93.1896744, 8.0, -61.9700279236
94.1625824, 8.0, -64.3844451904
95.1354828, 8.0, -66.8702163696
96.1083908, 8.0, -69.4201049805
97.0812912, 8.0, -72.0166854858
98.0541916, 8.0, -74.6474761963
99.0270996, 8.0, -77.3092575073
11.4346666, 8.80000019, -34.3547286987
12.3973331, 8.80000019, -34.0985450745
13.3599997, 8.80000019, -34.3741836548
14.3226671, 8.80000019, -34.93126297
15.2853336, 8.80000019, -35.5978012085
16.2479992, 8.80000019, -36.2637634277
17.2106667, 8.80000019, -36.8665008545
18.1733341, 8.80000019, -37.3781509399
19.1359997, 8.80000019, -37.7946815491
20.0986671, 8.80000019, -38.1269416809
21.0613327, 8.80000019, -38.3937034607
22.0240002, 8.80000019, -38.6160583496
22.9866657, 8.80000019, -38.8126792908
23.9493332, 8.80000019, -38.9955711365
24.9120007, 8.80000019, -39.1691856384
25.8746662, 8.80000019, -39.339012146
26.8373337, 8.80000019, -39.5085411072
27.7999992, 8.80000019, -39.667049408
28.7626667, 8.80000019, -39.8073921204
29.7253342, 8.80000019, -39.9244155884
30.6879997, 8.80000019, -40.0167388916
31.6506672, 8.80000019, -40.146572113
32.6133347, 8.80000019, -40.2756195068
33.5760002, 8.80000019, -40.3943786621
34.5386658, 8.80000019, -40.5001792908
35.5013351, 8.80000019, -40.5929718018
36.4640007, 8.80000019, -40.6737251282
37.4266663, 8.80000019, -40.7435760498
38.3893318, 8.80000019, -40.8034934998
39.3520012, 8.80000019, -40.8542366028
40.3146667, 8.80000019, -40.8970298767
41.2773323, 8.80000019, -40.9331474304
42.2400017, 8.80000019, -40.9636535645
43.2026672, 8.80000019, -40.9893913269
44.1653328, 8.80000019, -41.0110778809
45.1279984, 8.80000019, -41.0293426514
46.0906677, 8.80000019, -41.0447425842
47.0533333, 8.80000019, -41.0577659607
48.0159988, 8.80000019, -41.0688438416
48.9786682, 8.80000019, -41.0783462524
49.9413338, 8.80000019, -41.0865936279
50.9039993, 8.80000019, -41.0938682556
51.8666649, 8.80000019, -41.1004180908
52.8293343, 8.80000019, -41.1064682007
53.7919998, 8.80000019, -41.1122169495
54.7546654, 8.80000019, -41.1178665161
55.7173347, 8.80000019, -41.1236076355
56.6800003, 8.80000019, -41.1296310425
57.6426659, 8.80000019, -41.1361579895
58.6053352, 8.80000019, -41.143409729
59.5680008, 8.80000019, -41.1516494751
60.5306664, 8.80000019, -41.1611213684
61.4933319, 8.80000019, -41.1720046997
62.4560013, 8.80000019, -41.184715271
63.4186668, 8.80000019, -41.1998252869
64.3813324, 8.80000019, -41.2180137634
65.3440018, 8.80000019, -41.2400588989
66.3066635, 8.80000019, -41.2669334412
67.2693329, 8.80000019, -41.2998962402
68.2320023, 8.80000019, -41.3405570984
69.194664, 8.80000019, -41.390914917
70.1573334, 8.80000019, -41.4524726868
71.1200027, 8.80000019, -41.5285224915
72.0826645, 8.80000019, -41.6256866455
73.0453339, 8.80000019, -41.7574310303
74.0080032, 8.80000019, -41.9312324524
74.970665, 8.80000019, -42.1505050659
75.9333344, 8.80000019, -42.4203262329
76.8960037, 8.80000019, -42.7492980957
77.8586655, 8.80000019, -43.1480712891
78.8213348, 8.80000019, -43.6292228699
79.7839966, 8.80000019, -44.2074356079
80.746666, 8.80000019, -44.9018630981
81.7093353, 8.80000019, -45.7336158752
82.6719971, 8.80000019, -46.7194824219
83.6346664, 8.80000019, -47.8697853088
84.5973358, 8.80000019, -49.1942749023
85.5599976, 8.80000019, -50.6946868896
86.5226669, 8.80000019, -52.3714523315
87.4853363, 8.80000019, -54.2299041748
88.447998, 8.80000019, -56.2571411133
89.4106674, 8.80000019, -58.4262771606
90.3733368, 8.80000019, -60.8302879333
91.3359985, 8.80000019, -63.2310676575
92.2986679, 8.80000019, -65.7257461548
93.2613297, 8.80000019, -68.3148422241
94.223999, 8.80000019, -70.9794998169
95.1866684, 8.80000019, -73.7004776001
96.1493301, 8.80000019, -76.4755249023
97.1119995, 8.80000019, -79.3024902344
98.0746689, 8.80000019, -82.1797561646
99.0373306, 8.80000019, -85.0766296387
12.3764305, 9.60000038, -36.2066192627
13.3288603, 9.60000038, -35.7257728577
14.2812901, 9.60000038, -35.8186798096
15.2337208, 9.60000038, -36.2324333191
16.1861496, 9.60000038, -36.7877082825
17.1385803, 9.60000038, -37.3661270142
18.091011, 9.60000038, -37.8986091614
19.0434418, 9.60000038, -38.353099823
19.9958706, 9.60000038, -38.7239723206
20.9483013, 9.60000038, -39.0230293274
21.900732, 9.60000038, -39.2713088989
22.8531609, 9.60000038, -39.4913024902
23.8055916, 9.60000038, -39.6999130249
24.7580223, 9.60000038, -39.8971748352
25.7104511, 9.60000038, -40.0767478943
26.6628819, 9.60000038, -40.2870254517
27.6153126, 9.60000038, -40.4969100952
28.5677414, 9.60000038, -40.6950645447
29.5201721, 9.60000038, -40.8774452209
30.4726028, 9.60000038, -41.0465888977
31.4250317, 9.60000038, -41.2159309387
32.3774605, 9.60000038, -41.3808021545
33.3298912, 9.60000038, -41.5338897705
34.2823219, 9.60000038, -41.6721229553
35.2347527, 9.60000038, -41.7948493958
36.1871834, 9.60000038, -41.9026451111
37.1396141, 9.60000038, -41.9965782166
38.0920448, 9.60000038, -42.0778198242
39.0444717, 9.60000038, -42.147518158
39.9969025, 9.60000038, -42.2069549561
40.9493332, 9.60000038, -42.2574615479
41.9017639, 9.60000038, -42.3002929688
42.8541946, 9.60000038, -42.3365440369
43.8066254, 9.60000038, -42.3671760559
44.7590523, 9.60000038, -42.3930358887
45.711483, 9.60000038, -42.4148712158
46.6639137, 9.60000038, -42.43334198
47.6163445, 9.60000038, -42.4490280151
48.5687752, 9.60000038, -42.4624404907
49.5212059, 9.60000038, -42.4740219116
50.4736328, 9.60000038, -42.4841537476
51.4260635, 9.60000038, -42.493183136
52.3784943, 9.60000038, -42.501411438
53.330925, 9.60000038, -42.5091171265
54.2833557, 9.60000038, -42.5165634155
55.2357864, 9.60000038, -42.5240058899
56.1882133, 9.60000038, -42.5316925049
57.1406441, 9.60000038, -42.5398979187
58.0930748, 9.60000038, -42.5489120483
59.0455055, 9.60000038, -42.5590553284
59.9979362, 9.60000038, -42.5706787109
60.950367, 9.60000038, -42.5841522217
61.9027939, 9.60000038, -42.5999641418
62.8552246, 9.60000038, -42.6187362671
63.8076553, 9.60000038, -42.6412506104
64.7600861, 9.60000038, -42.6684608459
65.7125168, 9.60000038, -42.70154953
66.6649475, 9.60000038, -42.7420043945
67.6173782, 9.60000038, -42.791721344
68.569809, 9.60000038, -42.853099823
69.5222397, 9.60000038, -42.9290275574
70.4746704, 9.60000038, -43.0233268738
71.4270935, 9.60000038, -43.1415481567
72.3795242, 9.60000038, -43.2916030884
73.331955, 9.60000038, -43.4820327759
74.2843857, 9.60000038, -43.7207946777
75.2368164, 9.60000038, -44.0160446167
76.1892471, 9.60000038, -44.3775558472
77.1416779, 9.60000038, -44.8172073364
78.0941086, 9.60000038, -45.3488769531
79.0465393, 9.60000038, -45.988368988
79.99897, 9.60000038, -46.7535247803
80.9514008, 9.60000038, -47.6633796692
81.9038315, 9.60000038, -48.7370223999
82.8562546, 9.60000038, -49.9897766113
83.8086853, 9.60000038, -51.4280357361
84.761116, 9.60000038, -53.0563812256
85.7135468, 9.60000038, -54.884475708
86.6659775, 9.60000038, -56.9000167847
87.6184082, 9.60000038, -59.082660675
88.5708389, 9.60000038, -61.5521965027
89.5232697, 9.60000038, -64.0060272217
90.4757004, 9.60000038, -66.5583953857
91.4281311, 9.60000038, -69.203338623
92.3805618, 9.60000038, -71.9316864014
93.3329926, 9.60000038, -74.7391891479
94.2854156, 9.60000038, -77.6175308228
95.2378464, 9.60000038, -80.5827713013
96.1902771, 9.60000038, -83.5767440796
97.1427078, 9.60000038, -86.6202392578
98.0951385, 9.60000038, -89.7116088867
99.0475693, 9.60000038, -92.8418502808
13.3181934, 10.3999996, -37.6620979309
14.2603874, 10.3999996, -36.9745292664
15.2025805, 10.3999996, -36.9097061157
16.1447735, 10.3999996, -37.2026557922
17.0869675, 10.3999996, -37.6621513367
18.0291615, 10.3999996, -38.1638069153
18.9713554, 10.3999996, -38.6346054077
19.9135475, 10.3999996, -39.0422935486
20.8557415, 10.3999996, -39.3852806091
21.7979355, 10.3999996, -39.6811981201
22.7401295, 10.3999996, -39.9529914856
23.6823235, 10.3999996, -40.2221870422
24.6245155, 10.3999996, -40.4919319153
25.5667095, 10.3999996, -40.7568206787
26.5089035, 10.3999996, -41.0264663696
27.4510975, 10.3999996, -41.2947311401
28.3932896, 10.3999996, -41.5530853271
29.3354836, 10.3999996, -41.7974090576
30.2776775, 10.3999996, -42.0275268555
31.2198715, 10.3999996, -42.2460632324
32.1620636, 10.3999996, -42.4520072937
33.1042595, 10.3999996, -42.6422729492
34.0464516, 10.3999996, -42.814781189
34.9886436, 10.3999996, -42.9689559937
35.9308395, 10.3999996, -43.1052742004
36.8730316, 10.3999996, -43.2247772217
37.8152275, 10.3999996, -43.3287658691
38.7574196, 10.3999996, -43.4186286926
39.6996117, 10.3999996, -43.4958229065
40.6418076, 10.3999996, -43.5618133545
41.5839996, 10.3999996, -43.6180267334
42.5261917, 10.3999996, -43.6657752991
43.4683876, 10.3999996, -43.7062416077
44.4105797, 10.3999996, -43.7404937744
45.3527756, 10.3999996, -43.7694664001
46.2949677, 10.3999996, -43.7940063477
47.2371597, 10.3999996, -43.8148536682
48.1793556, 10.3999996, -43.8326530457
49.1215477, 10.3999996, -43.8479728699
50.0637436, 10.3999996, -43.8613166809
51.0059357, 10.3999996, -43.8731117249
51.9481277, 10.3999996, -43.8837547302
52.8903236, 10.3999996, -43.8935966492
53.8325157, 10.3999996, -43.9029655457
54.7747078, 10.3999996, -43.9121780396
55.7169037, 10.3999996, -43.9215507507
56.6590958, 10.3999996, -43.9314002991
57.6012917, 10.3999996, -43.9420700073
58.5434837, 10.3999996, -43.9539451599
59.4856758, 10.3999996, -43.9674339294
60.4278717, 10.3999996, -43.9830284119
61.3700638, 10.3999996, -44.001285553
62.3122597, 10.3999996, -44.0228996277
63.2544518, 10.3999996, -44.0487289429
64.1966476, 10.3999996, -44.0798301697
65.1388397, 10.3999996, -44.1175117493
66.0810318, 10.3999996, -44.1634063721
67.0232239, 10.3999996, -44.219581604
67.965416, 10.3999996, -44.2886581421
68.9076157, 10.3999996, -44.3739204407
69.8498077, 10.3999996, -44.4795341492
70.7919998, 10.3999996, -44.6108360291
71.7341919, 10.3999996, -44.7746353149
72.676384, 10.3999996, -44.9790649414
73.6185837, 10.3999996, -45.2332611084
74.5607758, 10.3999996, -45.5473670959
75.5029678, 10.3999996, -45.9329147339
76.4451599, 10.3999996, -46.4032745361
77.387352, 10.3999996, -46.9738426208
78.3295517, 10.3999996, -47.6617469788
79.2717438, 10.3999996, -48.4855690002
80.2139359, 10.3999996, -49.4669723511
81.1561279, 10.3999996, -50.6228485107
82.09832, 10.3999996, -51.9680900574
83.0405197, 10.3999996, -53.5147018433
83.9827118, 10.3999996, -55.2769432068
84.9249039, 10.3999996, -57.24659729
85.8670959, 10.3999996, -59.4093170166
86.809288, 10.3999996, -61.9111480713
87.7514801, 10.3999996, -64.3850402832
88.6936798, 10.3999996, -66.967124939
89.6358719, 10.3999996, -69.64793396
90.578064, 10.3999996, -72.4161911011
91.520256, 10.3999996, -75.2706375122
92.4624481, 10.3999996, -78.2073669434
93.4046478, 10.3999996, -81.2535476685
94.3468399, 10.3999996, -84.3320846558
95.289032, 10.3999996, -87.4741210938
96.2312241, 10.3999996, -90.6793518066
97.1734161, 10.3999996, -93.9390640259
98.1156158, 10.3999996, -97.2469711304
99.0578079, 10.3999996, -100.605575562
14.2599573, 11.1999998, -38.8569755554
15.1919136, 11.1999998, -37.9575233459
16.1238708, 11.1999998, -37.756526947
17.0558281, 11.1999998, -37.9393463135
17.9877853, 11.1999998, -38.3142662048
18.9197426, 11.1999998, -38.7516212463
19.8516998, 11.1999998, -39.1812553406
20.7836552, 11.1999998, -39.5837860107
21.7156124, 11.1999998, -39.9728469849
22.6475697, 11.1999998, -40.3698043823
23.5795269, 11.1999998, -40.7322921753
24.5114841, 11.1999998, -41.0811500549
25.4434414, 11.1999998, -41.4223442078
26.3753986, 11.1999998, -41.7591590881
27.307354, 11.1999998, -42.0894546509
28.2393112, 11.1999998, -42.4083442688
29.1712685, 11.1999998, -42.7119598389
30.1032257, 11.1999998, -42.9984321594
31.035183, 11.1999998, -43.26720047
31.9671402, 11.1999998, -43.5172767639
32.8990974, 11.1999998, -43.7471656799
33.8310547, 11.1999998, -43.9557914734
34.7630119, 11.1999998, -44.1429443359
35.6949692, 11.1999998, -44.3091964722
36.6269264, 11.1999998, -44.4556465149
37.5588799, 11.1999998, -44.5837059021
38.4908371, 11.1999998, -44.6949501038
39.4227943, 11.1999998, -44.7910041809
40.3547516, 11.1999998, -44.8735275269
41.2867088, 11.1999998, -44.9441223145
42.2186661, 11.1999998, -45.0043106079
43.1506233, 11.1999998, -45.055480957
44.0825806, 11.1999998, -45.0989151001
45.0145378, 11.1999998, -45.1357460022
45.9464951, 11.1999998, -45.1669998169
46.8784523, 11.1999998, -45.1935806274
47.8104095, 11.1999998, -45.2162818909
48.7423668, 11.1999998, -45.2358016968
49.674324, 11.1999998, -45.252746582
50.6062813, 11.1999998, -45.2676544189
51.5382347, 11.1999998, -45.28099823
52.470192, 11.1999998, -45.2932090759
53.4021492, 11.1999998, -45.3046913147
54.3341064, 11.1999998, -45.3158149719
55.2660637, 11.1999998, -45.3269577026
56.1980209, 11.1999998, -45.3384933472
57.1299782, 11.1999998, -45.3508148193
58.0619354, 11.1999998, -45.3643493652
58.9938927, 11.1999998, -45.3795700073
59.9258499, 11.1999998, -45.397026062
60.8578072, 11.1999998, -45.4173469543
61.7897644, 11.1999998, -45.4412918091
62.7217216, 11.1999998, -45.4697799683
63.6536789, 11.1999998, -45.5039367676
64.5856323, 11.1999998, -45.5451469421
65.5175934, 11.1999998, -45.5951461792
66.4495468, 11.1999998, -45.6561050415
67.3815079, 11.1999998, -45.7307662964
68.3134613, 11.1999998, -45.8225822449
69.2454224, 11.1999998, -45.9359207153
70.1773758, 11.1999998, -46.0762214661
71.1093369, 11.1999998, -46.250213623
72.0412903, 11.1999998, -46.4659767151
72.9732437, 11.1999998, -46.7330513
73.9052048, 11.1999998, -47.0626220703
74.8371582, 11.1999998, -47.4677391052
75.7691193, 11.1999998, -47.9632797241
76.7010727, 11.1999998, -48.5659255981
77.6330338, 11.1999998, -49.2955284119
78.5649872, 11.1999998, -50.1725196838
79.4969482, 11.1999998, -51.2156143188
80.4289017, 11.1999998, -52.4454650879
81.3608627, 11.1999998, -53.8809967041
82.2928162, 11.1999998, -55.5425567627
83.2247772, 11.1999998, -57.4317703247
84.1567307, 11.1999998, -59.538646698
85.0886917, 11.1999998, -62.037273407
86.0206451, 11.1999998, -64.5013504028
86.9525986, 11.1999998, -67.0820617676
87.8845596, 11.1999998, -69.7694244385
88.8165131, 11.1999998, -72.5508117676
89.7484741, 11.1999998, -75.4247741699
90.6804276, 11.1999998, -78.3871078491
91.6123886, 11.1999998, -81.4761734009
92.544342, 11.1999998, -84.5941848755
93.4763031, 11.1999998, -87.7853851318
94.4082565, 11.1999998, -91.051864624
95.3402176, 11.1999998, -94.3862838745
96.272171, 11.1999998, -97.7871704102
97.2041321, 11.1999998, -101.263221741
98.1360855, 11.1999998, -104.792457581
99.0680466, 11.1999998, -108.373016357
15.2017202, 12.0, -39.8613395691
16.1234417, 12.0, -38.8350601196
17.0451622, 12.0, -38.4647407532
17.9668808, 12.0, -38.5440254211
18.8886013, 12.0, -38.8488273621
19.8103218, 12.0, -39.2599220276
20.7320423, 12.0, -39.736530304
21.6537628, 12.0, -40.3305778503
22.5754833, 12.0, -40.8336219788
23.4972038, 12.0, -41.2849617004
24.4189243, 12.0, -41.7101707458
25.3406448, 12.0, -42.1220741272
26.2623653, 12.0, -42.5248260498
27.1840858, 12.0, -42.9173927307
28.1058064, 12.0, -43.2962036133
29.0275269, 12.0, -43.6575469971
29.9492474, 12.0, -43.9986572266
30.8709679, 12.0, -44.3177375793
31.7926884, 12.0, -44.6134719849
32.7144089, 12.0, -44.8848457336
33.6361275, 12.0, -45.1313591003
34.5578499, 12.0, -45.3531303406
35.4795685, 12.0, -45.5508804321
36.4012909, 12.0, -45.7257995605
37.3230095, 12.0, -45.8793983459
38.2447319, 12.0, -46.0133934021
39.1664505, 12.0, -46.1296005249
40.0881729, 12.0, -46.2298583984
41.0098915, 12.0, -46.3159751892
41.9316139, 12.0, -46.3896713257
42.8533325, 12.0, -46.4525527954
43.7750549, 12.0, -46.5060920715
44.6967735, 12.0, -46.5516242981
45.6184959, 12.0, -46.5903587341
46.5402145, 12.0, -46.6233673096
47.461937, 12.0, -46.651599884
48.3836555, 12.0, -46.6758842468
49.305378, 12.0, -46.6969413757
50.2270966, 12.0, -46.7154045105
51.148819, 12.0, -46.731842041
52.0705376, 12.0, -46.7467651367
52.9922562, 12.0, -46.7606430054
53.9139786, 12.0, -46.7739257812
54.8356972, 12.0, -46.7870368958
55.7574196, 12.0, -46.8004112244
56.6791382, 12.0, -46.814491272
57.6008606, 12.0, -46.8297576904
58.5225792, 12.0, -46.846736908
59.4443016, 12.0, -46.8660202026
60.3660202, 12.0, -46.8882980347
61.2877426, 12.0, -46.9143829346
62.2094612, 12.0, -46.9452552795
63.1311836, 12.0, -46.9820899963
64.0529022, 12.0, -47.0263442993
64.9746246, 12.0, -47.0798187256
65.896347, 12.0, -47.1447525024
66.8180618, 12.0, -47.2239685059
67.7397842, 12.0, -47.3210372925
68.6615067, 12.0, -47.4404640198
69.5832291, 12.0, -47.5879249573
70.5049438, 12.0, -47.7704048157
71.4266663, 12.0, -47.9962692261
72.3483887, 12.0, -48.2753715515
73.2701111, 12.0, -48.6193771362
74.1918259, 12.0, -49.0422897339
75.1135483, 12.0, -49.5617599487
76.0352707, 12.0, -50.1956291199
76.9569855, 12.0, -50.9630737305
77.8787079, 12.0, -51.8857879639
78.8004303, 12.0, -52.9874458313
79.7221527, 12.0, -54.2900009155
80.6438675, 12.0, -55.8212089539
81.5655899, 12.0, -57.5953979492
82.4873123, 12.0, -59.6108818054
83.4090347, 12.0, -62.0700683594
84.3307495, 12.0, -64.4900894165
85.2524719, 12.0, -67.0347442627
86.1741943, 12.0, -69.6959152222
87.0959167, 12.0, -72.4614562988
88.0176315, 12.0, -75.3282470703
88.9393539, 12.0, -78.2892532349
89.8610764, 12.0, -81.3923187256
90.7827988, 12.0, -84.5160217285
91.7045135, 12.0, -87.7152938843
92.626236, 12.0, -90.9955444336
93.5479584, 12.0, -94.3523254395
94.4696808, 12.0, -97.7863082886
95.3913956, 12.0, -101.314468384
96.313118, 12.0, -104.910598755
97.2348404, 12.0, -108.581687927
98.1565628, 12.0, -112.327468872
99.0782776, 12.0, -116.135253906
16.1434841, 12.8000002, -41.3945808411
17.0549679, 12.8000002, -39.7151794434
17.9664516, 12.8000002, -39.2038116455
18.8779354, 12.8000002, -39.1812591553
19.7894192, 12.8000002, -39.487701416
20.7009029, 12.8000002, -40.0450325012
21.6123867, 12.8000002, -40.8334121704
22.5238705, 12.8000002, -41.4309196472
23.4353542, 12.8000002, -41.9508247375
24.346838, 12.8000002, -42.4385108948
25.2583218, 12.8000002, -42.9114952087
26.1698055, 12.8000002, -43.374584198
27.0812912, 12.8000002, -43.8264961243
27.992775, 12.8000002, -44.2634048462
28.9042587, 12.8000002, -44.6811065674
29.8157425, 12.8000002, -45.0760536194
30.7272263, 12.8000002, -45.4456634521
31.63871, 12.8000002, -45.788230896
32.5501938, 12.8000002, -46.1028251648
33.4616776, 12.8000002, -46.3891830444
34.3731613, 12.8000002, -46.6475982666
35.2846451, 12.8000002, -46.8788719177
36.1961288, 12.8000002, -47.0842475891
37.1076126, 12.8000002, -47.2653007507
38.0190964, 12.8000002, -47.4238700867
38.9305801, 12.8000002, -47.5619239807
39.8420639, 12.8000002, -47.6815109253
40.7535477, 12.8000002, -47.7846755981
41.6650314, 12.8000002, -47.8733406067
42.5765152, 12.8000002, -47.949306488
43.487999, 12.8000002, -48.0142288208
44.3994827, 12.8000002, -48.0696296692
45.3109665, 12.8000002, -48.1169013977
46.2224503, 12.8000002, -48.1572914124
47.133934, 12.8000002, -48.1919212341
48.0454178, 12.8000002, -48.2217559814
48.9569016, 12.8000002, -48.2476387024
49.8683853, 12.8000002, -48.2703018188
50.7798691, 12.8000002, -48.2904014587
51.6913567, 12.8000002, -48.3085365295
52.6028404, 12.8000002, -48.3252563477
53.5143242, 12.8000002, -48.3410835266
54.425808, 12.8000002, -48.3565063477
55.3372917, 12.8000002, -48.3720245361
56.2487755, 12.8000002, -48.3881378174
57.1602592, 12.8000002, -48.405380249
58.071743, 12.8000002, -48.4243240356
58.9832268, 12.8000002, -48.4456214905
59.8947105, 12.8000002, -48.4700164795
60.8061943, 12.8000002, -48.4983673096
61.7176781, 12.8000002, -48.5317153931
62.6291618, 12.8000002, -48.5713005066
63.5406456, 12.8000002, -48.618637085
64.4521255, 12.8000002, -48.6755905151
65.3636093, 12.8000002, -48.7444610596
66.2750931, 12.8000002, -48.8281517029
67.1865768, 12.8000002, -48.930316925
68.0980682, 12.8000002, -49.0555992126
69.009552, 12.8000002, -49.2098960876
69.9210358, 12.8000002, -49.4008293152
70.8325195, 12.8000002, -49.6373634338
71.7440033, 12.8000002, -49.929725647
72.6554871, 12.8000002, -50.289981842
73.5669708, 12.8000002, -50.7327728271
74.4784546, 12.8000002, -51.2750434875
75.3899384, 12.8000002, -51.9371490479
76.3014221, 12.8000002, -52.7424545288
77.2129059, 12.8000002, -53.7148094177
78.1243896, 12.8000002, -54.8781318665
79.0358734, 12.8000002, -56.264415741
79.9473572, 12.8000002, -57.8924255371
80.8588409, 12.8000002, -59.7718009949
81.7703247, 12.8000002, -62.1539840698
82.6818085, 12.8000002, -64.4937744141
83.5932922, 12.8000002, -66.9659729004
84.504776, 12.8000002, -69.5647659302
85.4162598, 12.8000002, -72.2774887085
86.3277435, 12.8000002, -75.1033554077
87.2392273, 12.8000002, -78.0357971191
88.1507111, 12.8000002, -81.1328125
89.0621948, 12.8000002, -84.2374801636
89.9736786, 12.8000002, -87.4151000977
90.8851624, 12.8000002, -90.6716995239
91.7966461, 12.8000002, -94.0082550049
92.7081299, 12.8000002, -97.4258346558
93.6196136, 12.8000002, -100.94985199
94.5310974, 12.8000002, -104.546356201
95.4425812, 12.8000002, -108.231842041
96.3540649, 12.8000002, -112.01385498
97.2655487, 12.8000002, -115.887138367
98.1770325, 12.8000002, -119.849510193
99.0885162, 12.8000002, -123.893363953
17.085247, 13.6000004, -42.7092819214
17.9864941, 13.6000004, -41.3551254272
18.8877411, 13.6000004, -40.5201721191
19.78899, 13.6000004, -40.5741729736
20.690237, 13.6000004, -41.0706596375
21.5914841, 13.6000004, -41.7012138367
22.4927311, 13.6000004, -42.2811546326
23.3939781, 13.6000004, -42.818447113
24.2952251, 13.6000004, -43.3404769897
25.1964722, 13.6000004, -43.8580245972
26.0977211, 13.6000004, -44.3717842102
26.9989681, 13.6000004, -44.8776168823
27.9002151, 13.6000004, -45.3697166443
28.8014622, 13.6000004, -45.8423957825
29.7027092, 13.6000004, -46.2909393311
30.6039562, 13.6000004, -46.7118492126
31.5052052, 13.6000004, -47.1028862
32.4064522, 13.6000004, -47.4629669189
33.3076973, 13.6000004, -47.7918815613
34.2089462, 13.6000004, -48.0898666382
35.1101952, 13.6000004, -48.3576316833
36.0114403, 13.6000004, -48.5963630676
36.9126892, 13.6000004, -48.8076477051
37.8139343, 13.6000004, -48.9933891296
38.7151833, 13.6000004, -49.1557159424
39.6164284, 13.6000004, -49.2968902588
40.5176773, 13.6000004, -49.4193878174
41.4189262, 13.6000004, -49.5252723694
42.3201714, 13.6000004, -49.6165084839
43.2214203, 13.6000004, -49.6948661804
44.1226654, 13.6000004, -49.7619972229
45.0239143, 13.6000004, -49.8194694519
45.9251595, 13.6000004, -49.8687324524
46.8264084, 13.6000004, -49.9110794067
47.7276573, 13.6000004, -49.9476394653
48.6289024, 13.6000004, -49.9793968201
49.5301514, 13.6000004, -50.0072021484
50.4313965, 13.6000004, -50.0318069458
51.3326454, 13.6000004, -50.0539016724
52.2338943, 13.6000004, -50.0741348267
53.1351395, 13.6000004, -50.0931015015
54.0363884, 13.6000004, -50.1113815308
54.9376335, 13.6000004, -50.1295433044
55.8388824, 13.6000004, -50.1481552124
56.7401276, 13.6000004, -50.1678085327
57.6413765, 13.6000004, -50.1891517639
58.5426254, 13.6000004, -50.2128829956
59.4438705, 13.6000004, -50.2398109436
60.3451195, 13.6000004, -50.2708625793
61.2463646, 13.6000004, -50.3071365356
62.1476135, 13.6000004, -50.3499450684
63.0488586, 13.6000004, -50.4008827209
63.9501076, 13.6000004, -50.4618835449
64.8513565, 13.6000004, -50.5353393555
65.7526016, 13.6000004, -50.6242294312
66.6538467, 13.6000004, -50.7322998047
67.5550995, 13.6000004, -50.8643531799
68.4563446, 13.6000004, -51.0265808105
69.3575897, 13.6000004, -51.2267837524
70.2588425, 13.6000004, -51.4744949341
71.1600876, 13.6000004, -51.7807731628
72.0613327, 13.6000004, -52.1579322815
72.9625778, 13.6000004, -52.6209983826
73.8638306, 13.6000004, -53.1895675659
74.7650757, 13.6000004, -53.8866882324
75.6663208, 13.6000004, -54.7341766357
76.5675735, 13.6000004, -55.768321991
77.4688187, 13.6000004, -57.0169525146
78.3700638, 13.6000004, -58.4972801208
79.2713089, 13.6000004, -60.2642974854
80.1725616, 13.6000004, -62.4570503235
81.0738068, 13.6000004, -64.6603469849
81.9750519, 13.6000004, -67.0214385986
82.8763046, 13.6000004, -69.520401001
83.7775497, 13.6000004, -72.1426391602
84.6787949, 13.6000004, -74.8899383545
85.58004, 13.6000004, -77.7567062378
86.4812927, 13.6000004, -80.7873764038
87.3825378, 13.6000004, -83.8800048828
88.283783, 13.6000004, -87.0178756714
89.1850357, 13.6000004, -90.2275619507
90.0862808, 13.6000004, -93.5144348145
90.9875259, 13.6000004, -96.8786087036
91.8887711, 13.6000004, -100.341247559
92.7900238, 13.6000004, -103.901344299
93.6912689, 13.6000004, -107.538978577
94.592514, 13.6000004, -111.280906677
95.4937668, 13.6000004, -115.131332397
96.3950119, 13.6000004, -119.09336853
97.296257, 13.6000004, -123.173439026
98.1975021, 13.6000004, -127.358924866
99.0987549, 13.6000004, -131.640304565
18.02701, 14.3999996, -44.3095169067
18.9180222, 14.3999996, -43.090763092
19.8090324, 14.3999996, -42.5936431885
20.7000427, 14.3999996, -42.6791152954
21.591053, 14.3999996, -43.0394935608
22.4820652, 14.3999996, -43.4910850525
23.3730755, 14.3999996, -43.9817848206
24.2640858, 14.3999996, -44.5010604858
25.1550961, 14.3999996, -45.0414276123
26.0461082, 14.3999996, -45.5933036804
26.9371185, 14.3999996, -46.1462135315
27.8281288, 14.3999996, -46.6902503967
28.7191391, 14.3999996, -47.2170066833
29.6101513, 14.3999996, -47.7198944092
30.5011616, 14.3999996, -48.1940498352
31.3921719, 14.3999996, -48.6364364624
32.2831841, 14.3999996, -49.0456695557
33.1741943, 14.3999996, -49.4216423035
34.0652046, 14.3999996, -49.7639045715
34.9562149, 14.3999996, -50.0727653503
35.8472252, 14.3999996, -50.34923172
36.7382355, 14.3999996, -50.5948410034
37.6292458, 14.3999996, -50.8115577698
38.5202599, 14.3999996, -51.001663208
39.4112701, 14.3999996, -51.1676635742
40.3022804, 14.3999996, -51.3121261597
41.1932907, 14.3999996, -51.437877655
42.084301, 14.3999996, -51.5473213196
42.9753113, 14.3999996, -51.6419487
43.8663216, 14.3999996, -51.7234115601
44.7573318, 14.3999996, -51.7934188843
45.6483459, 14.3999996, -51.8535766602
46.5393562, 14.3999996, -51.9053535461
47.4303665, 14.3999996, -51.9500694275
48.3213768, 14.3999996, -51.9889183044
49.2123871, 14.3999996, -52.0229225159
50.1033974, 14.3999996, -52.0529556274
50.9944077, 14.3999996, -52.0798187256
51.8854179, 14.3999996, -52.1042709351
52.7764282, 14.3999996, -52.1270103455
53.6674423, 14.3999996, -52.1487083435
54.5584526, 14.3999996, -52.1700134277
55.4494629, 14.3999996, -52.1915779114
56.3404732, 14.3999996, -52.2140655518
57.2314835, 14.3999996, -52.2381896973
58.1224937, 14.3999996, -52.2647209167
59.013504, 14.3999996, -52.2945289612
59.9045143, 14.3999996, -52.3286094666
60.7955284, 14.3999996, -52.3681297302
61.6865387, 14.3999996, -52.414478302
62.577549, 14.3999996, -52.4693222046
63.4685593, 14.3999996, -52.5346870422
64.3595734, 14.3999996, -52.6130523682
65.2505798, 14.3999996, -52.7074775696
66.1415939, 14.3999996, -52.8217926025
67.0326004, 14.3999996, -52.9608764648
67.9236145, 14.3999996, -53.1311836243
68.814621, 14.3999996, -53.3415260315
69.7056351, 14.3999996, -53.6035728455
70.5966415, 14.3999996, -53.9303817749
71.4876556, 14.3999996, -54.3338623047
72.3786697, 14.3999996, -54.8252410889
73.2696762, 14.3999996, -55.4219779968
74.1606903, 14.3999996, -56.1637611389
75.0516968, 14.3999996, -57.0840148926
75.9427109, 14.3999996, -58.199962616
76.8337173, 14.3999996, -59.505027771
77.7247314, 14.3999996, -61.3839607239
78.6157455, 14.3999996, -63.1723403931
79.506752, 14.3999996, -65.1760864258
80.3977661, 14.3999996, -67.3660736084
81.2887726, 14.3999996, -69.713684082
82.1797867, 14.3999996, -72.2040481567
83.0707932, 14.3999996, -74.8343429565
83.9618073, 14.3999996, -77.5964813232
84.8528137, 14.3999996, -80.5175857544
85.7438278, 14.3999996, -83.5656661987
86.6348419, 14.3999996, -86.638420105
87.5258484, 14.3999996, -89.7843704224
88.4168625, 14.3999996, -93.0055160522
89.307869, 14.3999996, -96.2956771851
90.1988831, 14.3999996, -99.669128418
91.0898895, 14.3999996, -103.156799316
91.9809036, 14.3999996, -106.70475769
92.8719177, 14.3999996, -110.354194641
93.7629242, 14.3999996, -114.113510132
94.6539383, 14.3999996, -117.988517761
95.5449448, 14.3999996, -121.999580383
96.4359589, 14.3999996, -126.142662048
97.3269653, 14.3999996, -130.422943115
98.2179794, 14.3999996, -134.837020874
99.1089859, 14.3999996, -139.371627808
18.9687748, 15.1999998, -46.2037353516
19.8495483, 15.1999998, -45.2453041077
20.7303219, 15.1999998, -44.8714866638
21.6110973, 15.1999998, -44.892906189
22.4918709, 15.1999998, -45.1425132751
23.3726444, 15.1999998, -45.5312271118
24.2534199, 15.1999998, -46.0119895935
25.1341934, 15.1999998, -46.5533981323
26.014967, 15.1999998, -47.1309776306
26.8957424, 15.1999998, -47.724811554
27.776516, 15.1999998, -48.3188323975
28.6572895, 15.1999998, -48.9005661011
29.538065, 15.1999998, -49.4606552124
30.4188385, 15.1999998, -49.9921569824
31.299612, 15.1999998, -50.4910812378
32.1803856, 15.1999998, -50.9554862976
33.061161, 15.1999998, -51.3837547302
33.9419365, 15.1999998, -51.7744827271
34.8227081, 15.1999998, -52.1281585693
35.7034836, 15.1999998, -52.4456787109
36.584259, 15.1999998, -52.728679657
37.4650307, 15.1999998, -52.9792671204
38.3458061, 15.1999998, -53.1999130249
39.2265816, 15.1999998, -53.3935050964
40.1073532, 15.1999998, -53.5634841919
40.9881287, 15.1999998, -53.7138214111
41.8689041, 15.1999998, -53.8475799561
42.7496758, 15.1999998, -53.9650154114
43.6304512, 15.1999998, -54.0669593811
44.5112267, 15.1999998, -54.1549377441
45.3919983, 15.1999998, -54.2306404114
46.2727737, 15.1999998, -54.2955513
47.1535492, 15.1999998, -54.3510894775
48.0343208, 15.1999998, -54.3989868164
48.9150963, 15.1999998, -54.4407577515
49.7958717, 15.1999998, -54.4775352478
50.6766434, 15.1999998, -54.5102882385
51.5574188, 15.1999998, -54.539932251
52.4381943, 15.1999998, -54.5673027039
53.3189659, 15.1999998, -54.5931930542
54.1997414, 15.1999998, -54.6183509827
55.0805168, 15.1999998, -54.6435279846
55.9612885, 15.1999998, -54.6694793701
56.8420639, 15.1999998, -54.6969909668
57.7228394, 15.1999998, -54.7269210815
58.6036148, 15.1999998, -54.7602157593
59.4843864, 15.1999998, -54.7979469299
60.3651619, 15.1999998, -54.8413619995
61.2459373, 15.1999998, -54.8919334412
62.126709, 15.1999998, -54.9514274597
63.0074844, 15.1999998, -55.0219802856
63.8882599, 15.1999998, -55.1061859131
64.7690353, 15.1999998, -55.2072219849
65.6498032, 15.1999998, -55.3290290833
66.5305786, 15.1999998, -55.4765739441
67.4113541, 15.1999998, -55.6563110352
68.2921295, 15.1999998, -55.8772583008
69.172905, 15.1999998, -56.1543769836
70.0536804, 15.1999998, -56.5112876892
70.9344482, 15.1999998, -56.9694213867
71.8152237, 15.1999998, -57.5293693542
72.6959991, 15.1999998, -58.1778640747
73.5767746, 15.1999998, -58.9473876953
74.45755, 15.1999998, -59.9028968811
75.3383255, 15.1999998, -61.4168891907
76.2190933, 15.1999998, -62.800201416
77.0998688, 15.1999998, -64.4021453857
77.9806442, 15.1999998, -66.2005004883
78.8614197, 15.1999998, -68.1689834595
79.7421951, 15.1999998, -70.3055801392
80.6229706, 15.1999998, -72.6149978638
81.5037384, 15.1999998, -75.0837173462
82.3845139, 15.1999998, -77.700958252
83.2652893, 15.1999998, -80.4876327515
84.1460648, 15.1999998, -83.4333114624
85.0268402, 15.1999998, -86.4045639038
85.9076157, 15.1999998, -89.4587554932
86.7883835, 15.1999998, -92.5918731689
87.6691589, 15.1999998, -95.7938156128
88.5499344, 15.1999998, -99.0729446411
89.4307098, 15.1999998, -102.462036133
90.3114853, 15.1999998, -105.898780823
91.1922607, 15.1999998, -109.425872803
92.0730286, 15.1999998, -113.053436279
92.953804, 15.1999998, -116.789413452
93.8345795, 15.1999998, -120.657142639
94.7153549, 15.1999998, -124.660415649
95.5961304, 15.1999998, -128.810913086
96.4769058, 15.1999998, -133.127914429
97.3576736, 15.1999998, -137.617034912
98.2384491, 15.1999998, -142.272628784
99.1192245, 15.1999998, -147.074768066
19.9105377, 16.0, -48.4359588623
20.7810745, 16.0, -47.6221809387
21.6516132, 16.0, -47.2883071899
22.52215, 16.0, -47.3006706238
23.3926888, 16.0, -47.5538482666
24.2632256, 16.0, -47.9718360901
25.1337643, 16.0, -48.4991455078
26.0043011, 16.0, -49.0945968628
26.8748379, 16.0, -49.7272644043
27.7453766, 16.0, -50.3736114502
28.6159134, 16.0, -51.0133781433
29.4864521, 16.0, -51.6321182251
30.3569889, 16.0, -52.2225494385
31.2275276, 16.0, -52.7814369202
32.0980644, 16.0, -53.3085823059
32.9686012, 16.0, -53.8028450012
33.839138, 16.0, -54.2538604736
34.7096786, 16.0, -54.6593322754
35.5802155, 16.0, -55.0226211548
36.4507523, 16.0, -55.3468322754
37.3212891, 16.0, -55.634727478
38.1918297, 16.0, -55.889175415
39.0623665, 16.0, -56.1135597229
39.9329033, 16.0, -56.3126487732
40.8034401, 16.0, -56.4943275452
41.6739769, 16.0, -56.6685714722
42.5445175, 16.0, -56.827003479
43.4150543, 16.0, -56.9667549133
44.2855911, 16.0, -57.088344574
45.1561279, 16.0, -57.193145752
46.0266685, 16.0, -57.2819137573
46.8972054, 16.0, -57.3547706604
47.7677422, 16.0, -57.4154396057
48.638279, 16.0, -57.4675674438
49.5088158, 16.0, -57.5130882263
50.3793564, 16.0, -57.5533447266
51.2498932, 16.0, -57.5895347595
52.12043, 16.0, -57.6227111816
52.9909668, 16.0, -57.6538391113
53.8615036, 16.0, -57.6838035583
54.7320442, 16.0, -57.7134780884
55.602581, 16.0, -57.743724823
56.4731178, 16.0, -57.7754364014
57.3436546, 16.0, -57.8095664978
58.2141953, 16.0, -57.8471603394
59.0847321, 16.0, -57.8893852234
59.9552689, 16.0, -57.937587738
60.8258057, 16.0, -57.993347168
61.6963425, 16.0, -58.0585479736
62.5668831, 16.0, -58.1354637146
63.4374199, 16.0, -58.2268447876
64.3079605, 16.0, -58.3360481262
65.1784973, 16.0, -58.4671974182
66.0490341, 16.0, -58.6254310608
66.9195709, 16.0, -58.8173141479
67.7901077, 16.0, -59.0515975952
68.6606445, 16.0, -59.3412590027
69.5311813, 16.0, -59.7102432251
70.4017181, 16.0, -60.2546272278
71.2722549, 16.0, -61.0554084778
72.1427994, 16.0, -61.8547706604
73.0133362, 16.0, -62.6824607849
73.883873, 16.0, -63.6515388489
74.7544098, 16.0, -64.8543243408
75.6249466, 16.0, -66.2399978638
76.4954834, 16.0, -67.7938079834
77.3660202, 16.0, -69.517578125
78.236557, 16.0, -71.4257202148
79.1070938, 16.0, -73.5147171021
79.9776306, 16.0, -75.7778778076
80.848175, 16.0, -78.2113037109
81.7187119, 16.0, -80.8445358276
82.5892487, 16.0, -83.6199264526
83.4597855, 16.0, -86.4487075806
84.3303223, 16.0, -89.3738708496
85.2008591, 16.0, -92.3870544434
86.0713959, 16.0, -95.4761428833
86.9419327, 16.0, -98.6441116333
87.8124695, 16.0, -101.924385071
88.6830139, 16.0, -105.241523743
89.5535507, 16.0, -108.63583374
90.4240875, 16.0, -112.117286682
91.2946243, 16.0, -115.69405365
92.1651611, 16.0, -119.379127502
93.0356979, 16.0, -123.198745728
93.9062347, 16.0, -127.147239685
94.7767715, 16.0, -131.254653931
95.6473083, 16.0, -135.540344238
96.5178528, 16.0, -140.027603149
97.3883896, 16.0, -144.72845459
98.2589264, 16.0, -149.638565063
99.1294632, 16.0, -154.743133545
20.8523006, 16.7999992, -50.9414634705
21.7126026, 16.7999992, -50.2567977905
22.5729027, 16.7999992, -50.0296058655
23.4332047, 16.7999992, -50.1421699524
24.2935047, 16.7999992, -50.4927520752
25.1538067, 16.7999992, -51.0017700195
26.0141068, 16.7999992, -51.6110839844
26.8744087, 16.7999992, -52.2822303772
27.7347088, 16.7999992, -52.9879150391
28.5950108, 16.7999992, -53.6955184937
29.4553127, 16.7999992, -54.3819503784
30.3156128, 16.7999992, -55.0380973816
31.1759148, 16.7999992, -55.6633644104
32.0362167, 16.7999992, -56.2687072754
32.8965149, 16.7999992, -56.8656768799
33.7568169, 16.7999992, -57.4024429321
34.6171188, 16.7999992, -57.8725891113
35.4774208, 16.7999992, -58.2892875671
36.337719, 16.7999992, -58.6602478027
37.1980209, 16.7999992, -58.9901161194
38.0583229, 16.7999992, -59.2826843262
38.9186249, 16.7999992, -59.5419769287
39.778923, 16.7999992, -59.7738037109
40.639225, 16.7999992, -59.9921455383
41.499527, 16.7999992, -60.2571029663
42.3598289, 16.7999992, -60.5115814209
43.2201309, 16.7999992, -60.7404212952
44.0804291, 16.7999992, -60.9414749146
44.940731, 16.7999992, -61.1157531738
45.801033, 16.7999992, -61.2628669739
46.661335, 16.7999992, -61.3699493408
47.5216331, 16.7999992, -61.449054718
48.3819351, 16.7999992, -61.5142707825
49.2422371, 16.7999992, -61.5701522827
50.1025391, 16.7999992, -61.618976593
50.9628372, 16.7999992, -61.6624755859
51.8231392, 16.7999992, -61.7020378113
52.6834412, 16.7999992, -61.7388496399
53.5437431, 16.7999992, -61.773979187
54.4040413, 16.7999992, -61.8084335327
55.2643433, 16.7999992, -61.8431892395
56.1246452, 16.7999992, -61.8792495728
56.9849472, 16.7999992, -61.9176712036
57.8452492, 16.7999992, -61.9595947266
58.7055473, 16.7999992, -62.0062789917
59.5658493, 16.7999992, -62.059173584
60.4261513, 16.7999992, -62.1199531555
61.2864532, 16.7999992, -62.190612793
62.1467514, 16.7999992, -62.2735481262
63.0070534, 16.7999992, -62.3716583252
63.8673553, 16.7999992, -62.4884643555
64.7276535, 16.7999992, -62.628276825
65.5879593, 16.7999992, -62.7964553833
66.4482574, 16.7999992, -62.9997749329
67.3085556, 16.7999992, -63.2470932007
68.1688614, 16.7999992, -63.5506744385
69.0291595, 16.7999992, -63.9291954041
69.8894653, 16.7999992, -64.4171524048
70.7497635, 16.7999992, -65.0481338501
71.6100616, 16.7999992, -65.7962722778
72.4703674, 16.7999992, -66.6440505981
73.3306656, 16.7999992, -67.6048278809
74.1909714, 16.7999992, -68.7228775024
75.0512695, 16.7999992, -70.0217132568
75.9115677, 16.7999992, -71.5026321411
76.7718735, 16.7999992, -73.1625747681
77.6321716, 16.7999992, -75.0042572021
78.4924698, 16.7999992, -77.0308074951
79.3527756, 16.7999992, -79.2363891602
80.2130737, 16.7999992, -81.7165756226
81.0733795, 16.7999992, -84.2491073608
81.9336777, 16.7999992, -86.8918075562
82.7939758, 16.7999992, -89.6474609375
83.6542816, 16.7999992, -92.5042953491
84.5145798, 16.7999992, -95.4490509033
85.3748779, 16.7999992, -98.4805145264
86.2351837, 16.7999992, -101.628387451
87.0954819, 16.7999992, -104.819152832
87.9557877, 16.7999992, -108.075187683
88.8160858, 16.7999992, -111.408203125
89.676384, 16.7999992, -114.823989868
90.5366898, 16.7999992, -118.329734802
91.3969879, 16.7999992, -121.951698303
92.2572937, 16.7999992, -125.679153442
93.1175919, 16.7999992, -129.538635254
93.97789, 16.7999992, -133.555175781
94.8381958, 16.7999992, -137.753112793
95.698494, 16.7999992, -142.162445068
96.5587921, 16.7999992, -146.805343628
97.4190979, 16.7999992, -151.717300415
98.2793961, 16.7999992, -156.907318115
99.1397018, 16.7999992, -162.358093262
21.7940636, 17.6000004, -53.8221244812
22.6441288, 17.6000004, -53.3923721313
23.494194, 17.6000004, -53.3947105408
24.3442574, 17.6000004, -53.696395874
25.1943226, 17.6000004, -54.198299408
26.0443878, 17.6000004, -54.8314285278
26.8944511, 17.6000004, -55.5560722351
27.7445164, 17.6000004, -56.357585907
28.5945797, 17.6000004, -57.1635742188
29.4446449, 17.6000004, -57.9291915894
30.2947102, 17.6000004, -58.6569900513
31.1447735, 17.6000004, -59.3564567566
31.9948387, 17.6000004, -60.0696487427
32.844902, 17.6000004, -60.9177322388
33.6949692, 17.6000004, -61.6157722473
34.5450325, 17.6000004, -62.1633110046
35.3950958, 17.6000004, -62.6319961548
36.245163, 17.6000004, -63.044708252
37.0952263, 17.6000004, -63.4111289978
37.9452896, 17.6000004, -63.7372283936
38.7953529, 17.6000004, -64.0282440186
39.6454201, 17.6000004, -64.2903518677
40.4954834, 17.6000004, -64.5329208374
41.3455467, 17.6000004, -64.771484375
42.1956139, 17.6000004, -64.9973983765
43.0456772, 17.6000004, -65.2028274536
43.8957405, 17.6000004, -65.3851470947
44.7458076, 17.6000004, -65.5443878174
45.595871, 17.6000004, -65.6807556152
46.4459343, 17.6000004, -65.7927093506
47.2960014, 17.6000004, -65.8837127686
48.1460648, 17.6000004, -65.9594497681
48.9961281, 17.6000004, -66.0239639282
49.8461952, 17.6000004, -66.079826355
50.6962585, 17.6000004, -66.1292266846
51.5463219, 17.6000004, -66.1738433838
52.3963852, 17.6000004, -66.2150497437
53.2464523, 17.6000004, -66.2540588379
54.0965157, 17.6000004, -66.2919616699
54.946579, 17.6000004, -66.329826355
55.7966461, 17.6000004, -66.3687210083
56.6467094, 17.6000004, -66.4097518921
57.4967728, 17.6000004, -66.4540863037
58.3468399, 17.6000004, -66.5030288696
59.1969032, 17.6000004, -66.5580444336
60.0469666, 17.6000004, -66.6208190918
60.8970337, 17.6000004, -66.6933364868
61.747097, 17.6000004, -66.7779693604
62.5971603, 17.6000004, -66.8776016235
63.4472275, 17.6000004, -66.9956970215
64.297287, 17.6000004, -67.1364746094
65.1473541, 17.6000004, -67.3051528931
65.9974213, 17.6000004, -67.5082168579
66.8474808, 17.6000004, -67.7539520264
67.6975479, 17.6000004, -68.0531921387
68.5476151, 17.6000004, -68.4207763672
69.3976746, 17.6000004, -68.877532959
70.2477417, 17.6000004, -69.4452438354
71.0978088, 17.6000004, -70.1329116821
71.9478683, 17.6000004, -70.9405517578
72.7979355, 17.6000004, -71.8692932129
73.6480026, 17.6000004, -72.9345703125
74.4980621, 17.6000004, -74.162689209
75.3481293, 17.6000004, -75.5721054077
76.1981964, 17.6000004, -77.1673431396
77.0482559, 17.6000004, -78.9307174683
77.8983231, 17.6000004, -80.9341964722
78.7483902, 17.6000004, -83.1280212402
79.5984497, 17.6000004, -85.4113311768
80.4485168, 17.6000004, -87.8327407837
81.298584, 17.6000004, -90.3806228638
82.1486435, 17.6000004, -93.0439376831
82.9987106, 17.6000004, -95.8110122681
83.8487778, 17.6000004, -98.6778030396
84.6988373, 17.6000004, -101.668556213
85.5489044, 17.6000004, -104.712081909
86.3989639, 17.6000004, -107.818161011
87.2490311, 17.6000004, -110.997612
88.0990982, 17.6000004, -114.252159119
88.9491577, 17.6000004, -117.584579468
89.7992249, 17.6000004, -121.013580322
90.649292, 17.6000004, -124.537139893
91.4993515, 17.6000004, -128.158538818
92.3494186, 17.6000004, -131.90536499
93.1994858, 17.6000004, -135.795700073
94.0495453, 17.6000004, -139.859329224
94.8996124, 17.6000004, -144.12802124
95.7496796, 17.6000004, -148.628997803
96.5997391, 17.6000004, -153.413909912
97.4498062, 17.6000004, -158.532653809
98.2998734, 17.6000004, -164.02192688
99.1499329, 17.6000004, -169.868286133
22.7358284, 18.3999996, -57.4971961975
23.575655, 18.3999996, -57.4817428589
24.4154835, 18.3999996, -57.7860908508
25.255312, 18.3999996, -58.3062896729
26.0951405, 18.3999996, -58.977848053
26.934967, 18.3999996, -59.7816543579
27.7747955, 18.3999996, -60.8223457336
28.614624, 18.3999996, -61.8323020935
29.4544525, 18.3999996, -62.6883468628
30.2942791, 18.3999996, -63.4760627747
31.1341076, 18.3999996, -64.2240219116
31.9739361, 18.3999996, -64.9532470703
32.8137627, 18.3999996, -65.6806335449
33.6535912, 18.3999996, -66.3354492188
34.4934196, 18.3999996, -66.8997192383
35.3332481, 18.3999996, -67.3921661377
36.1730766, 18.3999996, -67.8274078369
37.0129051, 18.3999996, -68.2144851685
37.8527298, 18.3999996, -68.5601348877
38.6925583, 18.3999996, -68.8700942993
39.5323868, 18.3999996, -69.1503143311
40.3722153, 18.3999996, -69.4070053101
41.2120438, 18.3999996, -69.6452941895
42.0518723, 18.3999996, -69.8645858765
42.8917007, 18.3999996, -70.0628890991
43.7315254, 18.3999996, -70.2394104004
44.5713539, 18.3999996, -70.3945541382
45.4111824, 18.3999996, -70.5291519165
46.2510109, 18.3999996, -70.6439819336
47.0908394, 18.3999996, -70.7409515381
47.9306679, 18.3999996, -70.8230209351
48.7704964, 18.3999996, -70.8933029175
49.610321, 18.3999996, -70.9542922974
50.4501495, 18.3999996, -71.0081100464
51.289978, 18.3999996, -71.0564880371
52.1298065, 18.3999996, -71.1009140015
52.969635, 18.3999996, -71.1426620483
53.8094635, 18.3999996, -71.1829071045
54.649292, 18.3999996, -71.2227401733
55.4891167, 18.3999996, -71.2632675171
56.3289452, 18.3999996, -71.3055953979
57.1687737, 18.3999996, -71.3509216309
58.0086021, 18.3999996, -71.4005203247
58.8484306, 18.3999996, -71.4558258057
59.6882591, 18.3999996, -71.5184860229
60.5280876, 18.3999996, -71.5903930664
61.3679123, 18.3999996, -71.673828125
62.2077408, 18.3999996, -71.7715301514
63.0475693, 18.3999996, -71.8867874146
63.8873978, 18.3999996, -72.0235900879
64.7272263, 18.3999996, -72.1868133545
65.5670547, 18.3999996, -72.3824768066
66.4068832, 18.3999996, -72.6181030273
67.2467117, 18.3999996, -72.9032669067
68.0865402, 18.3999996, -73.2504043579
68.9263687, 18.3999996, -73.6756439209
69.7661972, 18.3999996, -74.1997146606
70.6060181, 18.3999996, -74.8419952393
71.4458466, 18.3999996, -75.6139526367
72.285675, 18.3999996, -76.5083618164
73.1255035, 18.3999996, -77.5233764648
73.965332, 18.3999996, -78.6758270264
74.8051605, 18.3999996, -80.0023574829
75.644989, 18.3999996, -81.6155471802
76.4848175, 18.3999996, -83.3310241699
77.324646, 18.3999996, -85.1724243164
78.1644745, 18.3999996, -87.181892395
79.004303, 18.3999996, -89.3438568115
79.8441315, 18.3999996, -91.6474456787
80.68396, 18.3999996, -94.0839080811
81.5237885, 18.3999996, -96.6401748657
82.3636093, 18.3999996, -99.3138122559
83.2034378, 18.3999996, -102.132339478
84.0432663, 18.3999996, -104.996421814
84.8830948, 18.3999996, -107.934417725
85.7229233, 18.3999996, -110.948379517
86.5627518, 18.3999996, -114.036575317
87.4025803, 18.3999996, -117.197349548
88.2424088, 18.3999996, -120.440750122
89.0822372, 18.3999996, -123.775428772
89.9220657, 18.3999996, -127.181838989
90.7618942, 18.3999996, -130.686248779
91.6017227, 18.3999996, -134.302581787
92.4415512, 18.3999996, -138.050231934
93.2813797, 18.3999996, -141.956359863
94.1212006, 18.3999996, -146.036804199
94.9610291, 18.3999996, -150.337799072
95.8008575, 18.3999996, -154.902313232
96.640686, 18.3999996, -159.79347229
97.4805145, 18.3999996, -165.085739136
98.320343, 18.3999996, -170.871200562
99.1601715, 18.3999996, -177.213973999
23.6775913, 19.2000008, -62.8404388428
24.5071831, 19.2000008, -63.2072601318
25.3367748, 19.2000008, -63.755279541
26.1663647, 19.2000008, -64.4471511841
26.9959564, 19.2000008, -65.257522583
27.8255482, 19.2000008, -66.1709136963
28.6551399, 19.2000008, -67.0856552124
29.4847317, 19.2000008, -67.9389038086
30.3143234, 19.2000008, -68.7388534546
31.1439133, 19.2000008, -69.4968643188
31.973505, 19.2000008, -70.2200241089
32.8030968, 19.2000008, -70.9075622559
33.6326866, 19.2000008, -71.5371398926
34.4622803, 19.2000008, -72.0986175537
35.2918701, 19.2000008, -72.5969543457
36.1214638, 19.2000008, -73.040222168
36.9510536, 19.2000008, -73.4355697632
37.7806435, 19.2000008, -73.7890777588
38.6102371, 19.2000008, -74.1072692871
39.439827, 19.2000008, -74.3975219727
40.2694206, 19.2000008, -74.6659927368
41.0990105, 19.2000008, -74.9126739502
41.9286003, 19.2000008, -75.1371765137
42.758194, 19.2000008, -75.3392410278
43.5877838, 19.2000008, -75.5191726685
44.4173775, 19.2000008, -75.6778869629
45.2469673, 19.2000008, -75.8165664673
46.076561, 19.2000008, -75.9363861084
46.9061508, 19.2000008, -76.0386276245
47.7357407, 19.2000008, -76.1249313354
48.5653343, 19.2000008, -76.1987838745
49.3949242, 19.2000008, -76.2629165649
50.2245178, 19.2000008, -76.3194503784
51.0541077, 19.2000008, -76.3701248169
51.8836975, 19.2000008, -76.4164352417
52.7132912, 19.2000008, -76.4596862793
53.542881, 19.2000008, -76.5010681152
54.3724747, 19.2000008, -76.5416946411
55.2020645, 19.2000008, -76.582649231
56.0316544, 19.2000008, -76.625038147
56.861248, 19.2000008, -76.6700210571
57.6908379, 19.2000008, -76.7188186646
58.5204315, 19.2000008, -76.7727966309
59.3500214, 19.2000008, -76.8335189819
60.1796112, 19.2000008, -76.9027557373
61.0092049, 19.2000008, -76.9826202393
61.8387947, 19.2000008, -77.0756378174
62.6683884, 19.2000008, -77.1848449707
63.4979782, 19.2000008, -77.3138809204
64.3275681, 19.2000008, -77.4672012329
65.1571579, 19.2000008, -77.6502227783
65.9867554, 19.2000008, -77.8696670532
66.8163452, 19.2000008, -78.1339645386
67.6459351, 19.2000008, -78.4538269043
68.4755249, 19.2000008, -78.8431167603
69.3051147, 19.2000008, -79.3201065063
70.1347122, 19.2000008, -79.9099655151
70.9643021, 19.2000008, -80.6733093262
71.7938919, 19.2000008, -81.5810241699
72.6234818, 19.2000008, -82.5850296021
73.4530716, 19.2000008, -83.6741256714
74.2826691, 19.2000008, -84.9036865234
75.1122589, 19.2000008, -86.3118438721
75.9418488, 19.2000008, -87.8852310181
76.7714386, 19.2000008, -89.6097640991
77.6010361, 19.2000008, -91.4840164185
78.4306259, 19.2000008, -93.510925293
79.2602158, 19.2000008, -95.6842651367
80.0898056, 19.2000008, -97.9991531372
80.9193954, 19.2000008, -100.455070496
81.7489929, 19.2000008, -103.061882019
82.5785828, 19.2000008, -105.729202271
83.4081726, 19.2000008, -108.482925415
84.2377625, 19.2000008, -111.316375732
85.0673523, 19.2000008, -114.226242065
85.8969498, 19.2000008, -117.209724426
86.7265396, 19.2000008, -120.27280426
87.5561295, 19.2000008, -123.425079346
88.3857193, 19.2000008, -126.634902954
89.2153091, 19.2000008, -129.92401123
90.0449066, 19.2000008, -133.301422119
90.8744965, 19.2000008, -136.777511597
91.7040863, 19.2000008, -140.372329712
92.5336761, 19.2000008, -144.103164673
93.363266, 19.2000008, -147.984710693
94.1928635, 19.2000008, -152.055496216
95.0224533, 19.2000008, -156.355560303
95.8520432, 19.2000008, -160.941085815
96.681633, 19.2000008, -165.874145508
97.5112228, 19.2000008, -171.260604858
98.3408203, 19.2000008, -177.268341064
99.1704102, 19.2000008, -184.212844849
