100, 0, 35.6271
0, 0, 6.1977
-20, 0, 1.96182e-44
-20, -20, 200
100, -20, 190.4349
100, 20, -178.9937
23.8, 20, -53.5456
98.9247, 0, 34.0204
97.8495, 0, 31.9435
96.7742, 0, 31.0075
95.6989, 0, 30.7014
94.6237, 0, 30.5904
93.5484, 0, 30.5436
92.4731, 0, 30.8795
91.3979, 0, 33.2818
90.3226, 0, 37.8999
89.2473, 0, 37.2516
88.172, 0, 34.4746
87.0968, 0, 34.278
86.0215, 0, 35.4271
84.9462, 0, 36.7815
83.871, 0, 38.3071
82.7957, 0, 40.3477
81.7204, 0, 43.9215
80.6452, 0, 49.8426
79.5699, 0, 51.5592
78.4946, 0, 46.2451
77.4194, 0, 43.0103
76.3441, 0, 41.2955
75.2688, 0, 40.2442
74.1936, 0, 39.6882
73.1183, 0, 39.7607
72.043, 0, 41.0833
70.9677, 0, 44.9433
69.8925, 0, 47.7785
68.8172, 0, 41.9078
67.7419, 0, 37.0543
66.6667, 0, 34.5668
65.5914, 0, 33.1209
64.5161, 0, 32.1667
63.4409, 0, 31.5401
62.3656, 0, 31.4038
61.2903, 0, 32.562
60.2151, 0, 34.2073
59.1398, 0, 31.1804
58.0645, 0, 27.0373
56.9892, 0, 24.531
55.914, 0, 22.8649
54.8387, 0, 21.4081
53.7634, 0, 20.0488
52.6882, 0, 18.9457
51.6129, 0, 18.968
50.5376, 0, 20.609
49.4624, 0, 19.4285
48.3871, 0, 15.7023
47.3118, 0, 13.7341
46.2366, 0, 12.8768
45.1613, 0, 12.2372
44.086, 0, 11.6238
43.0108, 0, 11.074
41.9355, 0, 10.9806
40.8602, 0, 11.6618
39.7849, 0, 11.7948
38.7097, 0, 10.8842
37.6344, 0, 10.4047
36.5591, 0, 10.6559
35.4839, 0, 11.0782
34.4086, 0, 11.5078
33.3333, 0, 11.9609
32.2581, 0, 12.6225
31.1828, 0, 13.91
30.1075, 0, 15.2971
29.0323, 0, 14.343
27.957, 0, 13.4338
26.8817, 0, 13.2625
25.8065, 0, 13.3179
24.7312, 0, 13.353
23.6559, 0, 13.2833
22.5806, 0, 13.0335
21.5054, 0, 12.488
20.4301, 0, 11.4938
19.3548, 0, 11.9632
18.2796, 0, 13.1877
17.2043, 0, 14.0561
16.129, 0, 14.6273
15.0538, 0, 15.0312
13.9785, 0, 15.358
12.9032, 0, 15.6961
11.828, 0, 16.22
10.7527, 0, 17.2271
9.67742, 0, 18.6146
8.60215, 0, 17.5452
7.52688, 0, 17.1505
6.45161, 0, 17.0024
5.37634, 0, 17.398
4.30108, 0, 13.6142
3.22581, 0, 16.8068
2.15054, 0, 14.9412
1.07527, 0, 13.5828
-1.05263, 0, 11.4578
-2.10526, 0, 12.0907
-3.15789, 0, 11.5022
-4.21053, 0, 10.4735
-5.2632, 0, 9.113
-6.3158, 0, 7.4421
-7.3684, 0, 5.5532
-8.4211, 0, 3.4824
-9.4737, 0, 1.2249
-10.5263, 0, 0.252108
-11.5789, 0, 0.609699
-12.6316, 0, 0.82393
-13.6842, 0, 0.92789
-14.7368, 0, 0.941756
-15.7895, 0, 0.878738
-16.8421, 0, 0.748189
-17.8947, 0, 0.556505
-18.9474, 0, 0.307634
-20, -1, 9.5
-20, -2, 19
-20, -3, 28.5
-20, -4, 38
-20, -5, 47.5
-20, -6, 57
-20, -7, 66.5
-20, -8, 76
-20, -9, 85.5
-20, -10, 100
-20, -11, 114.5
-20, -12, 124
-20, -13, 133.5
-20, -14, 143
-20, -15, 152.5
-20, -16, 162
-20, -17, 171.5
-20, -18, 181
-20, -19, 190.5
-18.92857, -20, 200.3046
-17.85714, -20, 200.6093
-16.78572, -20, 200.9139
-15.71429, -20, 201.2186
-14.64286, -20, 201.5232
-13.57143, -20, 201.8279
-12.5, -20, 202.1325
-11.42857, -20, 202.4372
-10.35714, -20, 202.7418
-9.285714, -20, 203.0093
-8.214286, -20, 203.2582
-7.142857, -20, 203.507
-6.071429, -20, 203.7559
-5, -20, 204.0048
-3.928571, -20, 204.2537
-2.857143, -20, 204.5026
-1.785714, -20, 204.7514
-0.7142857, -20, 205.0003
0.3571429, -20, 205.6422
1.428571, -20, 206.0117
2.5, -20, 205.8784
3.571429, -20, 206.3496
4.642857, -20, 206.531
5.714286, -20, 206.6928
6.785714, -20, 206.7561
7.857143, -20, 206.8194
8.928572, -20, 206.8827
10, -20, 206.946
11.07143, -20, 207.219
12.14286, -20, 207.492
13.21429, -20, 207.7651
14.28571, -20, 208.0381
15.35714, -20, 208.3111
16.42857, -20, 208.5842
17.5, -20, 208.8572
18.57143, -20, 209.1302
19.64286, -20, 209.4033
20.71428, -20, 209.3192
21.78572, -20, 209.0566
22.85714, -20, 208.794
23.92857, -20, 208.5315
25, -20, 208.2689
26.07143, -20, 208.0063
27.14286, -20, 207.7437
28.21428, -20, 207.4811
29.28572, -20, 207.2185
30.35714, -20, 207.0148
31.42857, -20, 206.9288
32.5, -20, 206.8428
33.57143, -20, 206.7568
34.64286, -20, 206.6708
35.71429, -20, 206.5849
36.78571, -20, 206.4989
37.85714, -20, 206.4129
38.92857, -20, 206.3269
40, -20, 206.2409
41.07143, -20, 206.0051
42.14286, -20, 205.7693
43.21429, -20, 205.5335
44.28571, -20, 205.2977
45.35714, -20, 205.0619
46.42857, -20, 204.8261
47.5, -20, 204.5903
48.57143, -20, 204.3545
49.64286, -20, 204.1187
50.71429, -20, 204.0307
51.78571, -20, 204.0166
52.85714, -20, 204.0024
53.92857, -20, 203.9883
55, -20, 203.9742
56.07143, -20, 203.9601
57.14286, -20, 203.9459
58.21429, -20, 203.9318
59.28571, -20, 203.9177
60.35714, -20, 203.8504
61.42857, -20, 203.6766
62.5, -20, 203.5029
63.57143, -20, 203.3291
64.64286, -20, 203.1554
65.71429, -20, 202.9816
66.78571, -20, 202.8079
67.85714, -20, 202.6341
68.92857, -20, 202.4604
70, -20, 202.2866
71.07143, -20, 202.0169
72.14286, -20, 201.7471
73.21429, -20, 201.4774
74.28571, -20, 201.2077
75.35714, -20, 200.9379
76.42857, -20, 200.6682
77.5, -20, 200.3984
78.57143, -20, 200.1287
79.64286, -20, 199.859
80.71429, -20, 199.8213
81.78571, -20, 199.8997
82.85714, -20, 199.978
83.92857, -20, 200.0564
85, -20, 200.1348
86.07143, -20, 200.2131
87.14286, -20, 200.2915
88.21429, -20, 200.3699
89.28571, -20, 200.4482
90.35714, -20, 200.141
91.42857, -20, 199.0625
92.5, -20, 197.9841
93.57143, -20, 196.9056
94.64286, -20, 195.8272
95.71429, -20, 194.7487
96.78571, -20, 193.6703
97.85714, -20, 192.5918
98.92857, -20, 191.5134
100, -19, 183.127
100, -18, 175.819
100, -17, 169.0295
100, -16, 162.3009
100, -15, 152.979
100, -14, 142.9654
100, -13, 132.3426
100, -12, 121.4385
100, -11, 115.1857
100, -10, 112.3157
100, -9, 102.2895
100, -8, 84.3118
100, -7, 72.039
100, -6, 69.5458
100, -5, 63.6545
100, -4, 48.2481
100, -3, 35.4932
100, -2, 36.8789
100, -1, 38.0635
100, 0.8, 33.6779
100, 1.6, 27.9448
100, 2.4, 20.4653
100, 3.2, 12.7997
100, 4, 1.78634
100, 4.8, -9.22707
100, 5.6, -22.224
100, 6.4, -37.9485
100, 7.2, -53.6729
100, 8, -76.2277
100, 8.8, -100.6041
100, 9.6, -117.7927
100, 10.4, -96.6471
100, 11.2, -75.5015
100, 12, -77.2306
100, 12.8, -99.5471
100, 13.6, -121.8636
100, 14.4, -124.9812
100, 15.2, -125.8402
100, 16, -131.2455
100, 16.8, -149.3806
100, 17.6, -167.5158
100, 18.4, -175.3483
100, 19.2, -177.171
99.18065, 20, -168.8184
98.36129, 20, -158.643
97.54194, 20, -148.4677
96.72258, 20, -138.2924
95.90323, 20, -128.1171
95.08387, 20, -117.9417
94.26452, 20, -107.7664
93.4452, 20, -97.5911
92.6258, 20, -87.4158
91.8064, 20, -77.2404
90.9871, 20, -67.0652
90.1677, 20, -56.8898
89.3484, 20, -50.0335
88.529, 20, -44.0315
87.7097, 20, -38.0295
86.8903, 20, -32.0275
86.071, 20, -26.0256
85.2516, 20, -20.0236
84.4323, 20, -14.0216
83.6129, 20, -8.0196
82.7935, 20, -2.01765
81.9742, 20, 3.98435
81.1548, 20, 9.9863
80.3355, 20, 15.9882
79.5161, 20, 17.0815
78.6968, 20, 14.7713
77.8774, 20, 12.4611
77.0581, 20, 10.1509
76.2387, 20, 7.84072
75.4194, 20, 5.53053
74.6, 20, 3.22033
73.7806, 20, 0.910149
72.9613, 20, -1.40005
72.1419, 20, -3.71024
71.3226, 20, -6.02044
70.5032, 20, -8.33062
69.6839, 20, -9.45956
68.8645, 20, -8.70813
68.0452, 20, -7.9567
67.2258, 20, -7.20527
66.4064, 20, -6.45384
65.5871, 20, -5.70241
64.7677, 20, -4.95098
63.9484, 20, -4.19955
63.129, 20, -3.44812
62.3097, 20, -2.69669
61.4903, 20, -1.94526
60.671, 20, -1.19383
59.8516, 20, -1.09027
59.0323, 20, -3.91617
58.2129, 20, -6.74206
57.3935, 20, -9.56796
56.5742, 20, -12.3939
55.7548, 20, -15.2198
54.9355, 20, -18.0457
54.1161, 20, -20.8715
53.2968, 20, -23.6974
52.4774, 20, -26.5233
51.6581, 20, -29.3492
50.8387, 20, -32.1751
50.0194, 20, -35.001
49.2, 20, -35.5388
48.3806, 20, -36.0212
47.5613, 20, -36.5037
46.7419, 20, -36.9861
45.9226, 20, -37.4685
45.1032, 20, -37.951
44.2839, 20, -38.4334
43.4645, 20, -38.9158
42.6452, 20, -39.3982
41.8258, 20, -39.8807
41.0065, 20, -40.3631
40.1871, 20, -40.8455
39.3677, 20, -42.3693
38.5484, 20, -44.2011
37.729, 20, -46.033
36.9097, 20, -47.8648
36.0903, 20, -49.6966
35.271, 20, -51.5285
34.4516, 20, -53.3604
33.6323, 20, -55.1922
32.8129, 20, -57.0241
31.9935, 20, -58.8559
31.1742, 20, -60.6878
30.3548, 20, -62.5196
29.5355, 20, -63.2579
28.7161, 20, -62.8935
27.8968, 20, -62.1882
27.0774, 20, -61.1418
26.2581, 20, -59.7543
25.4387, 20, -58.0258
24.6194, 20, -55.9562
22.848, 19.2, -53.1907
21.896, 18.4, -54.2433
20.944, 17.6, -56.9866
19.992, 16.8, -65.3872
19.04, 16, -55.075
18.088, 15.2, -51.1849
17.136, 14.4, -48.5729
16.184, 13.6, -46.3755
15.232, 12.8, -44.3313
14.28, 12, -42.3857
13.328, 11.2, -40.4935
12.376, 10.4, -38.5643
11.424, 9.6, -36.386
10.472, 8.8, -33.8122
9.52, 8, -30.742
8.568, 7.2, -26.8537
7.616, 6.4, -22.9425
6.664, 5.6, -18.6184
5.712, 4.8, -13.3898
4.76, 4, -6.7464
3.808, 3.2, -0.48132
2.856, 2.4, 5.7714
1.904, 1.6, 9.146
0.952, 0.8, 9.7467
98.9249, -1, 35.9052
97.8498, -1, 35.8004
96.7748, -1, 35.9578
95.6997, -1, 36.0231
94.6246, -1, 35.9764
93.5495, -1, 35.813
92.4745, -1, 35.5116
91.3994, -1, 35.0229
90.3243, -1, 33.0998
89.2492, -1, 35.7904
88.1742, -1, 38.5661
87.0991, -1, 40.5706
86.024, -1, 42.3559
84.9489, -1, 44.1126
83.8738, -1, 45.9965
82.7988, -1, 48.1856
81.7237, -1, 50.9229
80.6486, -1, 54.0447
79.5735, -1, 55.5925
78.4985, -1, 54.0123
77.4234, -1, 51.9708
76.3483, -1, 50.3044
75.2732, -1, 49.1277
74.1982, -1, 48.5671
73.1231, -1, 48.8507
72.048, -1, 50.3429
70.9729, -1, 52.9077
69.8979, -1, 55.1058
68.8228, -1, 50.2712
67.7477, -1, 45.7895
66.6726, -1, 42.6745
65.5975, -1, 40.6861
64.5225, -1, 39.4447
63.4474, -1, 38.7026
62.3723, -1, 38.2869
61.2972, -1, 37.9893
60.2222, -1, 37.2143
59.1471, -1, 35.4519
58.072, -1, 33.4014
56.9969, -1, 31.7215
55.9219, -1, 30.3734
54.8468, -1, 29.2444
53.7717, -1, 28.2774
52.6966, -1, 27.4697
51.6215, -1, 26.9689
50.5465, -1, 28.1517
49.4714, -1, 27.3239
48.3963, -1, 23.9812
47.3212, -1, 22.5372
46.2462, -1, 21.461
45.1711, -1, 20.5277
44.096, -1, 19.6851
43.0209, -1, 18.9414
41.9459, -1, 18.4129
40.8708, -1, 19.0727
39.7957, -1, 21.9396
38.7206, -1, 18.0895
37.6455, -1, 18.0052
36.5705, -1, 18.4123
35.4954, -1, 18.9519
34.4203, -1, 19.5779
33.3452, -1, 20.3002
32.2702, -1, 21.153
31.1951, -1, 22.1333
30.12, -1, 22.3755
29.0449, -1, 22.6349
27.9699, -1, 22.4225
26.8948, -1, 22.2632
25.8197, -1, 22.2475
24.7446, -1, 22.2782
23.6695, -1, 22.2776
22.5945, -1, 22.1838
21.5194, -1, 21.9232
20.4443, -1, 21.2067
19.3692, -1, 21.5114
18.2942, -1, 22.435
17.2191, -1, 22.9452
16.144, -1, 23.3289
15.0689, -1, 23.6229
13.9939, -1, 23.8778
12.9188, -1, 24.1621
11.8437, -1, 24.596
10.7686, -1, 25.1773
9.69355, -1, 24.9897
8.61847, -1, 24.9719
7.54339, -1, 24.6184
6.46832, -1, 24.1355
5.39324, -1, 23.1485
4.31816, -1, 20.7744
3.24309, -1, 23.1523
2.16801, -1, 22.456
1.09293, -1, 18.8392
0.0178571, -1, 18.2305
-1.03571, -1, 17.7217
-2.08929, -1, 18.2276
-3.14286, -1, 17.8901
-4.19643, -1, 17.082
-5.25, -1, 15.9776
-6.30357, -1, 14.6683
-7.35714, -1, 13.2089
-8.41071, -1, 11.6648
-9.46429, -1, 10.2054
-10.5179, -1, 9.73633
-11.5714, -1, 9.71088
-12.625, -1, 9.68506
-13.6786, -1, 9.65979
-14.7321, -1, 9.63341
-15.7857, -1, 9.60668
-16.8393, -1, 9.57964
-17.8929, -1, 9.55268
-18.9464, -1, 9.52648
98.9251, -2, 38.011
97.8502, -2, 40.2821
96.7753, -2, 41.3409
95.7005, -2, 41.7661
94.6256, -2, 41.8858
93.5507, -2, 41.675
92.4758, -2, 40.6916
91.4009, -2, 37.2468
90.326, -2, 31.1257
89.2512, -2, 34.9549
88.1763, -2, 42.7305
87.1014, -2, 46.9459
86.0265, -2, 49.4442
84.9516, -2, 51.4947
83.8767, -2, 53.4238
82.8018, -2, 55.2572
81.727, -2, 56.4765
80.6521, -2, 57.0882
79.5772, -2, 58.5454
78.5023, -2, 59.2808
77.4274, -2, 58.9091
76.3525, -2, 57.772
75.2776, -2, 56.6987
74.2028, -2, 55.8981
73.1279, -2, 55.4944
72.053, -2, 55.6562
70.9781, -2, 56.5298
69.9032, -2, 57.5218
68.8283, -2, 53.8791
67.7535, -2, 50.9991
66.6786, -2, 48.7637
65.6037, -2, 47.0892
64.5288, -2, 45.7676
63.4539, -2, 44.6516
62.379, -2, 43.5097
61.3041, -2, 41.6108
60.2293, -2, 39.0566
59.1544, -2, 38.4775
58.0795, -2, 38.8258
57.0046, -2, 38.4455
55.9297, -2, 37.773
54.8548, -2, 37.0996
53.78, -2, 36.4448
52.7051, -2, 35.7152
51.6302, -2, 34.5275
50.5553, -2, 32.9142
49.4804, -2, 32.1572
48.4055, -2, 31.9532
47.3306, -2, 31.2818
46.2558, -2, 30.2588
45.1809, -2, 29.1778
44.106, -2, 28.0664
43.0311, -2, 26.9154
41.9562, -2, 25.8068
40.8813, -2, 25.0046
39.8064, -2, 25.0517
38.7316, -2, 24.8977
37.6567, -2, 25.4896
36.5818, -2, 26.2699
35.5069, -2, 27.0571
34.432, -2, 27.8185
33.3571, -2, 28.5747
32.2823, -2, 29.3145
31.2074, -2, 29.8028
30.1325, -2, 30.0786
29.0576, -2, 30.5734
27.9827, -2, 31.0723
26.9078, -2, 31.2564
25.8329, -2, 31.3582
24.7581, -2, 31.4612
23.6832, -2, 31.5564
22.6083, -2, 31.6193
21.5334, -2, 31.6229
20.4585, -2, 31.6805
19.3836, -2, 31.8456
18.3088, -2, 31.9942
17.2339, -2, 32.1903
16.159, -2, 32.3649
15.0841, -2, 32.5188
14.0092, -2, 32.6318
12.9343, -2, 32.7213
11.8594, -2, 32.7827
10.7846, -2, 32.7783
9.70968, -2, 32.4448
8.63479, -2, 32.4135
7.55991, -2, 32.3119
6.48502, -2, 31.8849
5.41014, -2, 30.5931
4.33525, -2, 31.6345
3.26037, -2, 28.8915
2.18548, -2, 30.2039
1.1106, -2, 26.8135
0.0357143, -2, 27.9744
-1.0188, -2, 26.2784
-2.07331, -2, 25.8388
-3.12782, -2, 25.4268
-4.18233, -2, 24.7652
-5.23684, -2, 23.9146
-6.29135, -2, 22.9276
-7.34586, -2, 21.8598
-8.40038, -2, 20.7862
-9.45489, -2, 19.9426
-10.5094, -2, 19.4786
-11.5639, -2, 19.4256
-12.6184, -2, 19.3743
-13.6729, -2, 19.3193
-14.7274, -2, 19.2654
-15.782, -2, 19.2125
-16.8365, -2, 19.16
-17.891, -2, 19.107
-18.9455, -2, 19.0528
98.9253, -3, 43.2299
97.8506, -3, 45.5443
96.7759, -3, 46.6443
95.7012, -3, 47.2763
94.6265, -3, 47.5099
93.5518, -3, 47.2497
92.4771, -3, 46.2157
91.4025, -3, 43.5752
90.3278, -3, 35.677
89.2531, -3, 41.6072
88.1784, -3, 48.7904
87.1037, -3, 52.818
86.029, -3, 55.7055
84.9543, -3, 57.9786
83.8796, -3, 59.8469
82.8049, -3, 61.3887
81.7302, -3, 62.5428
80.6555, -3, 62.5466
79.5808, -3, 62.9936
78.5061, -3, 64.6758
77.4314, -3, 64.4437
76.3568, -3, 63.7843
75.2821, -3, 62.886
74.2074, -3, 61.7898
73.1327, -3, 60.4954
72.058, -3, 59.036
70.9833, -3, 58.1685
69.9086, -3, 58.9533
68.8339, -3, 55.6009
67.7592, -3, 54.365
66.6845, -3, 53.4216
65.6098, -3, 52.3002
64.5351, -3, 50.9904
63.4604, -3, 49.497
62.3858, -3, 47.7857
61.3111, -3, 45.6798
60.2364, -3, 41.5136
59.1617, -3, 42.9315
58.087, -3, 44.151
57.0123, -3, 44.4933
55.9376, -3, 44.5183
54.8629, -3, 44.3532
53.7882, -3, 44.032
52.7135, -3, 43.518
51.6388, -3, 42.5651
50.5641, -3, 39.0361
49.4894, -3, 37.9638
48.4147, -3, 40.3621
47.3401, -3, 39.9029
46.2654, -3, 38.9772
45.1907, -3, 37.8553
44.116, -3, 36.5805
43.0413, -3, 35.1249
41.9666, -3, 33.3778
40.8919, -3, 30.8182
39.8172, -3, 26.7044
38.7425, -3, 31.5467
37.6678, -3, 33.1807
36.5931, -3, 34.354
35.5184, -3, 35.3074
34.4437, -3, 36.117
33.369, -3, 36.8098
32.2944, -3, 37.3843
31.2197, -3, 37.8161
30.145, -3, 38.0137
29.0703, -3, 39.0359
27.9956, -3, 39.6476
26.9209, -3, 40.0829
25.8462, -3, 40.4126
24.7715, -3, 40.6737
23.6968, -3, 40.8904
22.6221, -3, 41.1013
21.5474, -3, 41.4557
20.4727, -3, 42.197
19.398, -3, 42.1849
18.3233, -3, 41.7077
17.2487, -3, 41.6563
16.174, -3, 41.7521
15.0993, -3, 41.8157
14.0246, -3, 41.7727
12.9499, -3, 41.557
11.8752, -3, 41.1065
10.8005, -3, 40.5282
9.72581, -3, 40.6013
8.65111, -3, 40.4478
7.57642, -3, 40.491
6.50173, -3, 40.6304
5.42704, -3, 40.9328
4.35234, -3, 39.1512
3.27765, -3, 39.9565
2.20296, -3, 36.9186
1.12826, -3, 34.7356
0.0535714, -3, 36.8486
-1.00188, -3, 35.7113
-2.05733, -3, 34.4871
-3.11278, -3, 33.8094
-4.16823, -3, 33.223
-5.22368, -3, 32.5428
-6.27914, -3, 31.7839
-7.33459, -3, 31.013
-8.39004, -3, 30.3561
-9.44549, -3, 29.6609
-10.5009, -3, 29.216
-11.5564, -3, 29.1419
-12.6118, -3, 29.0549
-13.6673, -3, 28.9732
-14.7227, -3, 28.8936
-15.7782, -3, 28.8151
-16.8336, -3, 28.7371
-17.8891, -3, 28.6592
-18.9445, -3, 28.5806
98.9255, -4, 50.7546
97.851, -4, 51.8785
96.7765, -4, 52.7234
95.702, -4, 53.3917
94.6275, -4, 53.717
93.553, -4, 53.6698
92.4785, -4, 53.3023
91.404, -4, 52.8991
90.3295, -4, 50.4117
89.255, -4, 53.8752
88.1805, -4, 57.0547
87.106, -4, 59.8066
86.0315, -4, 62.3137
84.957, -4, 64.4853
83.8825, -4, 66.4101
82.808, -4, 68.1606
81.7335, -4, 69.723
80.659, -4, 70.6811
79.5845, -4, 70.8158
78.51, -4, 71.0063
77.4355, -4, 70.5111
76.361, -4, 69.6914
75.2865, -4, 68.6586
74.212, -4, 67.4008
73.1375, -4, 65.7969
72.063, -4, 63.5255
70.9885, -4, 59.8188
69.914, -4, 57.3125
68.8395, -4, 57.8044
67.765, -4, 58.6961
66.6905, -4, 58.3214
65.616, -4, 57.4061
64.5415, -4, 56.126
63.467, -4, 54.53
62.3925, -4, 52.6884
61.318, -4, 50.6471
60.2435, -4, 48.0899
59.169, -4, 48.9273
58.0945, -4, 50.061
57.02, -4, 50.7606
55.9455, -4, 51.2381
54.871, -4, 51.4886
53.7965, -4, 51.5772
52.722, -4, 51.5149
51.6475, -4, 51.0169
50.573, -4, 49.2052
49.4985, -4, 48.2949
48.424, -4, 49.1911
47.3495, -4, 48.7735
46.275, -4, 47.8044
45.2005, -4, 46.6402
44.126, -4, 45.3143
43.0515, -4, 43.7193
41.977, -4, 41.5193
40.9025, -4, 37.8647
39.828, -4, 34.8755
38.7535, -4, 38.8445
37.679, -4, 41.3798
36.6045, -4, 42.8235
35.53, -4, 43.8679
34.4555, -4, 44.6811
33.381, -4, 45.3202
32.3064, -4, 45.8435
31.232, -4, 46.3358
30.1574, -4, 47.0451
29.0829, -4, 47.9005
28.0084, -4, 48.5448
26.9339, -4, 49.1032
25.8594, -4, 49.6078
24.7849, -4, 50.0312
23.7104, -4, 50.4118
22.6359, -4, 50.7997
21.5614, -4, 51.2743
20.4869, -4, 52.1279
19.4124, -4, 52.0678
18.3379, -4, 51.5658
17.2634, -4, 51.5253
16.1889, -4, 51.5272
15.1144, -4, 51.4922
14.0399, -4, 51.3726
12.9654, -4, 51.0615
11.8909, -4, 50.2978
10.8164, -4, 48.9991
9.74194, -4, 48.0022
8.66743, -4, 48.8482
7.59293, -4, 49.2281
6.51843, -4, 49.4805
5.44393, -4, 50.5363
4.36943, -4, 48.1736
3.29493, -4, 51.3676
2.22043, -4, 47.9102
1.14593, -4, 46.782
0.0714286, -4, 44.8611
-0.984962, -4, 44.3335
-2.04135, -4, 43.6901
-3.09774, -4, 43.1159
-4.15414, -4, 42.5172
-5.21053, -4, 41.884
-6.26692, -4, 41.2307
-7.32331, -4, 40.5784
-8.3797, -4, 39.9485
-9.43609, -4, 39.3664
-10.4925, -4, 38.9748
-11.5489, -4, 38.843
-12.6053, -4, 38.7293
-13.6617, -4, 38.6198
-14.718, -4, 38.5145
-15.7744, -4, 38.4121
-16.8308, -4, 38.3109
-17.8872, -4, 38.2095
-18.9436, -4, 38.1063
98.9257, -5, 59.0907
97.8514, -5, 59.6043
96.7771, -5, 60.5927
95.7028, -5, 61.2709
94.6285, -5, 61.6911
93.5541, -5, 61.9518
92.4798, -5, 62.2256
91.4055, -5, 63.0676
90.3312, -5, 69.5202
89.2569, -5, 67.157
88.1826, -5, 66.6209
87.1083, -5, 68.2763
86.034, -5, 70.0962
84.9597, -5, 71.9305
83.8854, -5, 73.7619
82.8111, -5, 75.638
81.7367, -5, 77.6165
80.6624, -5, 80.2355
79.5881, -5, 80.8751
78.5138, -5, 78.2918
77.4395, -5, 77.0857
76.3652, -5, 76.0092
75.2909, -5, 74.8899
74.2166, -5, 73.5741
73.1423, -5, 71.8534
72.068, -5, 69.3438
70.9937, -5, 64.8975
69.9194, -5, 54.9795
68.845, -5, 62.8868
67.7707, -5, 64.3465
66.6964, -5, 64.3333
65.6221, -5, 63.6094
64.5478, -5, 62.4021
63.4735, -5, 60.787
62.3992, -5, 58.7818
61.3249, -5, 56.6164
60.2506, -5, 56.5327
59.1763, -5, 56.0276
58.102, -5, 56.7778
57.0276, -5, 57.8743
55.9533, -5, 58.6128
54.879, -5, 59.0882
53.8047, -5, 59.419
52.7304, -5, 59.715
51.6561, -5, 60.1327
50.5818, -5, 61.8859
49.5075, -5, 61.7908
48.4332, -5, 58.9144
47.3589, -5, 57.7095
46.2846, -5, 56.6193
45.2103, -5, 55.4885
44.1359, -5, 54.2116
43.0616, -5, 52.6451
41.9873, -5, 50.5822
40.913, -5, 47.8309
39.8387, -5, 45.899
38.7644, -5, 48.1325
37.6901, -5, 50.3208
36.6158, -5, 51.8675
35.5415, -5, 52.9835
34.4672, -5, 53.8117
33.3929, -5, 54.4304
32.3186, -5, 54.8938
31.2442, -5, 55.3582
30.1699, -5, 56.4415
29.0956, -5, 57.0136
28.0213, -5, 57.787
26.947, -5, 58.5379
25.8727, -5, 59.1269
24.7984, -5, 59.631
23.7241, -5, 60.1117
22.6498, -5, 60.613
21.5755, -5, 61.1156
20.5012, -5, 61.5612
19.4268, -5, 61.6341
18.3525, -5, 61.6256
17.2782, -5, 61.5007
16.2039, -5, 61.3544
15.1296, -5, 61.2311
14.0553, -5, 61.0867
12.981, -5, 60.87
11.9067, -5, 60.4445
10.8324, -5, 58.9238
9.75806, -5, 56.8754
8.68376, -5, 58.266
7.60945, -5, 59.0339
6.53514, -5, 59.2015
5.46083, -5, 58.3358
4.38652, -5, 57.4992
3.31221, -5, 60.7116
2.2379, -5, 58.5972
1.16359, -5, 60.3814
0.0892857, -5, 54.495
-0.968045, -5, 52.9909
-2.02538, -5, 53.0802
-3.08271, -5, 52.8048
-4.14004, -5, 52.2908
-5.19737, -5, 51.6604
-6.2547, -5, 50.9719
-7.31203, -5, 50.26
-8.36936, -5, 49.5674
-9.42669, -5, 48.9976
-10.484, -5, 48.6877
-11.5414, -5, 48.5319
-12.5987, -5, 48.3884
-13.656, -5, 48.2558
-14.7133, -5, 48.1281
-15.7707, -5, 48.0028
-16.828, -5, 47.8789
-17.8853, -5, 47.7553
-18.9427, -5, 47.6302
98.9259, -6, 68.5433
97.8518, -6, 69.0863
96.7776, -6, 69.9315
95.7035, -6, 70.5458
94.6294, -6, 71.0328
93.5553, -6, 71.5015
92.4812, -6, 72.1544
91.4071, -6, 73.9871
90.3329, -6, 79.5634
89.2588, -6, 78.1867
88.1847, -6, 76.664
87.1106, -6, 77.3267
86.0365, -6, 78.6218
84.9624, -6, 80.0827
83.8883, -6, 81.6088
82.8141, -6, 83.2797
81.74, -6, 85.5392
80.6659, -6, 88.9911
79.5918, -6, 89.4548
78.5177, -6, 85.961
77.4436, -6, 84.0091
76.3694, -6, 82.8331
75.2953, -6, 81.7754
74.2212, -6, 80.5176
73.1471, -6, 78.8842
72.073, -6, 76.7094
70.9988, -6, 73.2443
69.9247, -6, 67.3965
68.8506, -6, 70.936
67.7765, -6, 71.8306
66.7024, -6, 71.7591
65.6283, -6, 71.1459
64.5541, -6, 70.0336
63.48, -6, 68.4637
62.4059, -6, 66.5394
61.3318, -6, 64.4596
60.2577, -6, 63.2395
59.1836, -6, 63.6408
58.1094, -6, 64.9588
57.0353, -6, 66.0007
55.9612, -6, 66.8163
54.8871, -6, 67.3646
53.813, -6, 67.7525
52.7389, -6, 68.2624
51.6647, -6, 69.6453
50.5906, -6, 73.0964
49.5165, -6, 73.3325
48.4424, -6, 69.1276
47.3683, -6, 66.9326
46.2942, -6, 65.7112
45.22, -6, 64.6724
44.1459, -6, 63.5598
43.0718, -6, 62.2986
41.9977, -6, 60.955
40.9236, -6, 59.7724
39.8495, -6, 58.2417
38.7753, -6, 59.4363
37.7012, -6, 60.5265
36.6271, -6, 61.763
35.553, -6, 62.8001
34.4789, -6, 63.6194
33.4048, -6, 64.2547
32.3306, -6, 64.7539
31.2565, -6, 65.1755
30.1824, -6, 65.6761
29.1083, -6, 66.4551
28.0342, -6, 67.4943
26.9601, -6, 68.2591
25.8859, -6, 68.8639
24.8118, -6, 69.3675
23.7377, -6, 69.8358
22.6636, -6, 70.3414
21.5895, -6, 70.9395
20.5154, -6, 71.1876
19.4412, -6, 71.4423
18.3671, -6, 71.575
17.293, -6, 71.3329
16.2189, -6, 71.1855
15.1448, -6, 71.0824
14.0707, -6, 70.9745
12.9965, -6, 70.8229
11.9224, -6, 70.6416
10.8483, -6, 70.4405
9.77419, -6, 68.4316
8.70008, -6, 70.0102
7.62596, -6, 70.2875
6.55184, -6, 70.1718
5.47773, -6, 69.6115
4.40361, -6, 71.4666
3.32949, -6, 67.4936
2.25538, -6, 68.4606
1.18126, -6, 69.2907
0.107143, -6, 61.3424
-0.951128, -6, 62.5857
-2.0094, -6, 63.0013
-3.06767, -6, 62.7522
-4.12594, -6, 62.2689
-5.18421, -6, 61.6517
-6.24248, -6, 60.9249
-7.30075, -6, 60.1011
-8.35902, -6, 59.3082
-9.41729, -6, 58.6698
-10.4756, -6, 58.3831
-11.5338, -6, 58.196
-12.5921, -6, 58.0964
-13.6504, -6, 58.0906
-14.7086, -6, 58.0166
-15.7669, -6, 57.8474
-16.8252, -6, 57.5876
-17.8835, -6, 57.3029
-18.9417, -6, 57.1507
98.9261, -7, 78.4071
97.8521, -7, 79.6754
96.7782, -7, 79.9732
95.7043, -7, 80.3132
94.6304, -7, 80.8151
93.5564, -7, 81.5239
92.4825, -7, 82.5834
91.4086, -7, 83.9592
90.3347, -7, 82.9363
89.2607, -7, 85.6486
88.1868, -7, 86.373
87.1129, -7, 86.7774
86.039, -7, 87.6246
84.9651, -7, 88.7675
83.8911, -7, 90.0356
82.8172, -7, 91.4057
81.7433, -7, 92.9209
80.6694, -7, 95.1538
79.5954, -7, 95.7567
78.5215, -7, 93.0686
77.4476, -7, 91.7534
76.3737, -7, 90.8711
75.2997, -7, 89.9984
74.2258, -7, 88.9355
73.1519, -7, 87.5529
72.078, -7, 85.7103
71.004, -7, 83.752
69.9301, -7, 85.2253
68.8562, -7, 81.293
67.7823, -7, 81.3561
66.7083, -7, 81.2366
65.6344, -7, 80.6439
64.5605, -7, 79.6154
63.4866, -7, 78.159
62.4126, -7, 76.2554
61.3387, -7, 73.8252
60.2648, -7, 69.5523
59.1909, -7, 72.2107
58.1169, -7, 74.446
57.043, -7, 75.7486
55.9691, -7, 76.5262
54.8952, -7, 77.0145
53.8212, -7, 77.3509
52.7473, -7, 77.7722
51.6734, -7, 78.6486
50.5995, -7, 80.8517
49.5255, -7, 81.1633
48.4516, -7, 78.4647
47.3777, -7, 76.888
46.3038, -7, 75.7912
45.2298, -7, 74.8696
44.1559, -7, 73.974
43.082, -7, 73.1028
42.0081, -7, 72.2556
40.9341, -7, 71.5172
39.8602, -7, 71.2249
38.7863, -7, 71.1881
37.7124, -7, 71.9208
36.6384, -7, 72.7373
35.5645, -7, 73.545
34.4906, -7, 74.2828
33.4167, -7, 74.9177
32.3427, -7, 75.4121
31.2688, -7, 75.6365
30.1949, -7, 74.9852
29.121, -7, 76.5519
28.047, -7, 77.642
26.9731, -7, 78.3436
25.8992, -7, 78.8463
24.8253, -7, 79.2558
23.7513, -7, 79.6364
22.6774, -7, 80.0442
21.6035, -7, 80.5255
20.5296, -7, 81.3069
19.4556, -7, 81.6507
18.3817, -7, 81.2332
17.3078, -7, 81.0862
16.2339, -7, 81.0009
15.1599, -7, 80.9609
14.086, -7, 80.9642
13.0121, -7, 80.996
11.9382, -7, 81.0181
10.8642, -7, 81.6666
9.79032, -7, 84.5162
8.7164, -7, 82.3225
7.64247, -7, 81.5807
6.56855, -7, 81.6048
5.49462, -7, 82.6217
4.4207, -7, 80.0009
3.34677, -7, 76.3311
2.27285, -7, 79.3973
1.19892, -7, 77.7849
0.125, -7, 72.3917
-0.934211, -7, 73.4284
-1.99342, -7, 73.419
-3.05263, -7, 73.0633
-4.11184, -7, 72.5672
-5.17105, -7, 71.974
-6.23026, -7, 71.2772
-7.28947, -7, 70.4367
-8.34868, -7, 69.3717
-9.4079, -7, 68.4112
-10.4671, -7, 68.0163
-11.5263, -7, 68.0509
-12.5855, -7, 68.3515
-13.6447, -7, 68.4412
-14.7039, -7, 68.3764
-15.7632, -7, 68.1804
-16.8224, -7, 67.8456
-17.8816, -7, 67.3281
-18.9408, -7, 66.6791
98.9263, -8, 88.1966
97.8525, -8, 89.2788
96.7788, -8, 89.671
95.7051, -8, 90.0896
94.6313, -8, 90.6134
93.5576, -8, 91.2533
92.4839, -8, 91.9726
91.4101, -8, 92.0653
90.3364, -8, 89.9673
89.2627, -8, 92.1422
88.1889, -8, 94.6713
87.1152, -8, 95.7679
86.0415, -8, 96.7119
84.9677, -8, 97.7117
83.894, -8, 98.7237
82.8203, -8, 99.6216
81.74654, -8, 100.0682
80.6728, -8, 99.7775
79.59908, -8, 100.4739
78.52534, -8, 100.3557
77.45161, -8, 100.3359
76.3779, -8, 99.9623
75.3041, -8, 99.3865
74.2304, -8, 98.657
73.1567, -8, 97.7167
72.0829, -8, 96.5152
71.0092, -8, 96.0397
69.9355, -8, 97.4262
68.8617, -8, 93.9882
67.788, -8, 92.9585
66.7143, -8, 92.5726
65.6406, -8, 91.8772
64.5668, -8, 90.9046
63.4931, -8, 89.63
62.4194, -8, 87.8093
61.3456, -8, 85.131
60.2719, -8, 80.4863
59.1982, -8, 82.4094
58.1244, -8, 85.3275
57.0507, -8, 86.7855
55.977, -8, 87.4641
54.9032, -8, 87.7865
53.8295, -8, 87.9188
52.7558, -8, 87.8758
51.682, -8, 87.5162
50.6083, -8, 86.7766
49.5346, -8, 87.0885
48.4608, -8, 87.1695
47.3871, -8, 87.0149
46.3134, -8, 86.4555
45.2396, -8, 85.8015
44.1659, -8, 85.1073
43.0922, -8, 84.3896
42.0184, -8, 83.6517
40.9447, -8, 83.0381
39.871, -8, 83.0644
38.7972, -8, 83.1038
37.7235, -8, 83.6599
36.6498, -8, 84.3308
35.576, -8, 84.98
34.5023, -8, 85.5954
33.4286, -8, 86.1466
32.3548, -8, 86.5477
31.2811, -8, 86.7065
30.2074, -8, 86.1657
29.1336, -8, 87.352
28.0599, -8, 88.2065
26.9862, -8, 88.7068
25.9124, -8, 89.0238
24.8387, -8, 89.2638
23.765, -8, 89.4794
22.6912, -8, 89.7137
21.6175, -8, 90.0603
20.5438, -8, 91.0236
19.47, -8, 91.3786
18.3963, -8, 90.7775
17.3226, -8, 90.6529
16.2488, -8, 90.6119
15.1751, -8, 90.6427
14.1014, -8, 90.756
13.0276, -8, 91.0081
11.9539, -8, 91.5173
10.8802, -8, 92.3189
9.80645, -8, 95.2196
8.73272, -8, 92.5662
7.65899, -8, 91.8447
6.58525, -8, 91.5301
5.51152, -8, 91.8345
4.43779, -8, 89.6027
3.36406, -8, 87.3262
2.29032, -8, 89.3724
1.21659, -8, 86.6118
0.142857, -8, 86.3828
-0.917293, -8, 84.9228
-1.97744, -8, 84.1988
-3.03759, -8, 83.6334
-4.09774, -8, 83.0947
-5.15789, -8, 82.534
-6.21805, -8, 81.9154
-7.2782, -8, 81.1808
-8.33835, -8, 80.1775
-9.3985, -8, 78.4152
-10.4586, -8, 77.696
-11.5188, -8, 78.7594
-12.5789, -8, 79.1211
-13.6391, -8, 79.178
-14.6992, -8, 79.084
-15.7594, -8, 78.8745
-16.8195, -8, 78.5393
-17.8797, -8, 78.0045
-18.9398, -8, 77.0154
98.9265, -9, 98.042
97.8529, -9, 98.0203
96.7794, -9, 98.6554
95.7058, -9, 99.2701
94.6323, -9, 99.8064
93.55875, -9, 100.2228
92.48521, -9, 100.3156
91.41167, -9, 100.0817
90.33813, -9, 100.5731
89.26459, -9, 100.6522
88.19106, -9, 102.3485
87.11751, -9, 104.0136
86.04397, -9, 105.276
84.97043, -9, 106.2473
83.89689, -9, 107.0445
82.82335, -9, 107.5722
81.74981, -9, 107.639
80.67627, -9, 106.1748
79.60273, -9, 105.3378
78.52918, -9, 108.6785
77.45564, -9, 109.3731
76.3821, -9, 109.316
75.30856, -9, 109.0552
74.23502, -9, 108.7627
73.16148, -9, 108.5759
72.08794, -9, 108.6364
71.0144, -9, 108.415
69.94086, -9, 106.3378
68.86732, -9, 107.2024
67.79378, -9, 106.0755
66.72024, -9, 104.721
65.6467, -9, 103.6215
64.57316, -9, 102.6363
63.49961, -9, 101.6606
62.42607, -9, 100.5685
61.3525, -9, 98.6185
60.279, -9, 95.5145
59.2055, -9, 95.8347
58.1319, -9, 97.667
57.0584, -9, 98.2837
55.9848, -9, 98.5758
54.9113, -9, 98.6918
53.8377, -9, 98.6163
52.7642, -9, 98.1879
51.6907, -9, 97.0916
50.6171, -9, 94.3595
49.5436, -9, 93.5181
48.47, -9, 96.4012
47.3965, -9, 97.1151
46.323, -9, 97.1143
45.2494, -9, 96.7545
44.1759, -9, 96.2441
43.1023, -9, 95.6731
42.0288, -9, 95.1266
40.9553, -9, 94.6261
39.8817, -9, 94.1713
38.8082, -9, 95.067
37.7346, -9, 95.5399
36.6611, -9, 95.9776
35.5876, -9, 96.4556
34.514, -9, 96.9582
33.4405, -9, 97.4708
32.3669, -9, 97.9734
31.2934, -9, 98.3057
30.2199, -9, 98.7122
29.1463, -9, 98.8295
28.0728, -9, 99.1351
26.9992, -9, 99.2158
25.9257, -9, 99.2756
24.8522, -9, 99.3311
23.7786, -9, 99.3791
22.7051, -9, 99.4317
21.6315, -9, 99.5816
20.558, -9, 99.973
19.48445, -9, 100.1774
18.41091, -9, 100.0905
17.33737, -9, 100.0612
16.26382, -9, 100.1525
15.19028, -9, 100.2819
14.11674, -9, 100.4658
13.0432, -9, 100.767
11.96966, -9, 101.3598
10.89612, -9, 102.4421
9.82258, -9, 99.5035
8.74904, -9, 101.7485
7.675499, -9, 101.555
6.601959, -9, 100.8975
5.52842, -9, 99.1595
4.45488, -9, 98.5545
3.381336, -9, 100.9551
2.3078, -9, 97.7542
1.23425, -9, 94.3579
0.160714, -9, 98.6837
-0.900376, -9, 96.5171
-1.96147, -9, 95.0592
-3.02256, -9, 94.3039
-4.08365, -9, 93.7313
-5.14474, -9, 93.2177
-6.20583, -9, 92.7095
-7.26692, -9, 92.1509
-8.32801, -9, 91.43
-9.3891, -9, 90.007
-10.4502, -9, 89.038
-11.5113, -9, 90.0861
-12.5724, -9, 90.2276
-13.6335, -9, 90.1696
-14.6945, -9, 90.0214
-15.7556, -9, 89.8074
-16.8167, -9, 89.5204
-17.8778, -9, 89.1102
-18.9389, -9, 88.3655
98.92665, -10, 108.067
97.8533, -10, 107.2504
96.77995, -10, 107.6332
95.7066, -10, 108.1795
94.63326, -10, 108.6887
93.55991, -10, 109.0843
92.48656, -10, 109.2805
91.41321, -10, 109.4581
90.33986, -10, 110.3341
89.26651, -10, 110.3577
88.19316, -10, 111.2838
87.11981, -10, 112.5966
86.04647, -10, 113.6933
84.97312, -10, 114.5677
83.89977, -10, 115.281
82.82642, -10, 115.8092
81.75307, -10, 116.0865
80.67973, -10, 115.3839
79.60638, -10, 114.6553
78.53303, -10, 117.6973
77.45968, -10, 118.4172
76.38633, -10, 118.6671
75.31298, -10, 118.765
74.23963, -10, 118.9108
73.16628, -10, 119.2384
72.09293, -10, 119.8402
71.01958, -10, 120.4401
69.94624, -10, 119.076
68.87289, -10, 119.8779
67.79954, -10, 118.2609
66.72619, -10, 116.6934
65.65284, -10, 115.4362
64.57949, -10, 114.4351
63.50615, -10, 113.6288
62.4328, -10, 113.0179
61.35945, -10, 112.931
60.2861, -10, 112.2439
59.21275, -10, 111.914
58.1394, -10, 110.4168
57.06605, -10, 109.9447
55.9927, -10, 109.806
54.91935, -10, 109.7078
53.846, -10, 109.5152
52.77266, -10, 109.0392
51.69931, -10, 107.9709
50.62596, -10, 105.1852
49.55261, -10, 103.9411
48.47926, -10, 106.9312
47.40591, -10, 107.7988
46.33257, -10, 107.9619
45.25922, -10, 107.7674
44.18587, -10, 107.4298
43.11252, -10, 107.0418
42.03917, -10, 106.6651
40.96582, -10, 106.3348
39.89247, -10, 106.0594
38.81913, -10, 106.9136
37.74578, -10, 107.2399
36.67243, -10, 107.5407
35.59908, -10, 107.8815
34.52573, -10, 108.282
33.45238, -10, 108.7452
32.37903, -10, 109.289
31.30568, -10, 110.0805
30.23233, -10, 111.0126
29.15899, -10, 110.7381
28.08564, -10, 110.0478
27.01229, -10, 109.7577
25.93894, -10, 109.596
24.86559, -10, 109.4825
23.79224, -10, 109.3806
22.71889, -10, 109.2588
21.64555, -10, 109.0591
20.5722, -10, 108.5388
19.49885, -10, 108.4731
18.4255, -10, 109.154
17.35215, -10, 109.4925
16.2788, -10, 109.7182
15.20545, -10, 109.9102
14.1321, -10, 110.126
13.05876, -10, 110.3968
11.98541, -10, 110.7078
10.91206, -10, 110.9057
9.83871, -10, 111.7687
8.765361, -10, 110.8247
7.692012, -10, 110.4952
6.618664, -10, 110.145
5.545315, -10, 109.6598
4.471966, -10, 111.4251
3.398618, -10, 110.6067
2.325269, -10, 106.7991
1.25192, -10, 106.6122
0.1785714, -10, 108.4004
-0.8834587, -10, 107.109
-1.945489, -10, 105.7598
-3.007519, -10, 104.889
-4.069549, -10, 104.3174
-5.131579, -10, 103.8779
-6.193609, -10, 103.5083
-7.255639, -10, 103.1737
-8.317669, -10, 102.8476
-9.3797, -10, 102.4296
-10.44173, -10, 101.9944
-11.50376, -10, 101.7331
-12.56579, -10, 101.5047
-13.62782, -10, 101.2859
-14.68985, -10, 101.0706
-15.75188, -10, 100.8567
-16.81391, -10, 100.6435
-17.87594, -10, 100.431
-18.93797, -10, 100.2177
98.92684, -11, 117.104
97.85368, -11, 117.0038
96.78053, -11, 117.1176
95.70737, -11, 117.4822
94.63422, -11, 117.9475
93.56106, -11, 118.4709
92.4879, -11, 119.1147
91.41475, -11, 119.6255
90.34159, -11, 119.0649
89.26843, -11, 120.2432
88.19527, -11, 121.3016
87.12212, -11, 121.8707
86.04897, -11, 122.4806
84.97581, -11, 123.1473
83.90265, -11, 123.8234
82.82949, -11, 124.5189
81.75634, -11, 125.1939
80.68318, -11, 126.1894
79.61002, -11, 127.9052
78.53687, -11, 127.0114
77.46371, -11, 127.3535
76.39056, -11, 127.6363
75.3174, -11, 127.9382
74.24424, -11, 128.3554
73.17108, -11, 128.9799
72.09792, -11, 129.9033
71.02477, -11, 131.5195
69.95161, -11, 135.264
68.87846, -11, 131.2312
67.8053, -11, 129.1748
66.73214, -11, 127.6575
65.65899, -11, 126.4757
64.58583, -11, 125.6007
63.51267, -11, 125.0352
62.43952, -11, 124.9455
61.36636, -11, 125.8275
60.2932, -11, 129.7327
59.22005, -11, 126.1385
58.14689, -11, 123.0349
57.07373, -11, 121.7584
56.00058, -11, 121.1768
54.92742, -11, 120.8855
53.85426, -11, 120.6807
52.7811, -11, 120.4557
51.70795, -11, 119.9381
50.63479, -11, 118.7865
49.56163, -11, 118.4629
48.48848, -11, 118.7604
47.41532, -11, 119.0831
46.34217, -11, 118.9985
45.26901, -11, 118.7972
44.19585, -11, 118.5678
43.1227, -11, 118.3693
42.04954, -11, 118.2327
40.97638, -11, 118.16
39.90322, -11, 118.6539
38.83007, -11, 118.5502
37.75691, -11, 118.6749
36.68375, -11, 118.8116
35.6106, -11, 119.0366
34.53744, -11, 119.362
33.46429, -11, 119.7999
32.39113, -11, 120.411
31.31797, -11, 121.3298
30.24482, -11, 122.9964
29.17166, -11, 121.8995
28.0985, -11, 120.8079
27.02534, -11, 120.2436
25.95219, -11, 119.913
24.87903, -11, 119.6718
23.80588, -11, 119.4372
22.73272, -11, 119.1346
21.65956, -11, 118.6109
20.5864, -11, 117.5325
19.51325, -11, 117.2745
18.44009, -11, 118.2754
17.36694, -11, 118.8698
16.29378, -11, 119.1834
15.22062, -11, 119.3836
14.14747, -11, 119.5498
13.07431, -11, 119.7073
12.00115, -11, 119.7386
10.928, -11, 119.5428
9.854838, -11, 122.3173
8.781682, -11, 120.0483
7.708525, -11, 119.5313
6.635369, -11, 119.5501
5.562212, -11, 120.6389
4.489055, -11, 119.1697
3.415899, -11, 117.1479
2.342742, -11, 115.2926
1.269585, -11, 119.3238
0.1964286, -11, 117.3672
-0.8665413, -11, 116.5045
-1.929511, -11, 115.8408
-2.992481, -11, 115.1681
-4.055451, -11, 114.676
-5.118421, -11, 114.3518
-6.181391, -11, 114.1535
-7.244361, -11, 114.0569
-8.307331, -11, 114.0892
-9.3703, -11, 114.7033
-10.43327, -11, 114.9463
-11.49624, -11, 113.3722
-12.55921, -11, 112.7808
-13.62218, -11, 112.3998
-14.68515, -11, 112.1157
-15.74812, -11, 111.9026
-16.81109, -11, 111.7645
-17.87406, -11, 111.7486
-18.93703, -11, 112.0661
98.92703, -12, 124.9418
97.85407, -12, 126.2358
96.7811, -12, 126.6421
95.70814, -12, 127.002
94.63518, -12, 127.4381
93.56221, -12, 127.9787
92.48925, -12, 128.6494
91.41628, -12, 129.3942
90.34332, -12, 129.2275
89.27036, -12, 130.6095
88.19739, -12, 130.9435
87.12442, -12, 131.0791
86.05146, -12, 131.409
84.97849, -12, 131.8927
83.90553, -12, 132.4832
82.83257, -12, 133.2195
81.7596, -12, 134.2969
80.68664, -12, 136.8373
79.61367, -12, 138.7193
78.5407, -12, 136.3831
77.46774, -12, 136.019
76.39478, -12, 136.1834
75.32182, -12, 136.5502
74.24885, -12, 137.0843
73.17588, -12, 137.8687
72.10292, -12, 139.115
71.02995, -12, 141.5303
69.95699, -12, 146.3142
68.88403, -12, 141.3042
67.81106, -12, 138.9806
66.7381, -12, 137.6132
65.66513, -12, 136.6704
64.59216, -12, 136.0435
63.5192, -12, 135.7474
62.44624, -12, 135.8852
61.37327, -12, 136.7859
60.30031, -12, 140.8487
59.22734, -12, 137.3778
58.15438, -12, 134.5438
57.08141, -12, 133.2226
56.00845, -12, 132.4956
54.93548, -12, 132.0922
53.86252, -12, 131.897
52.78955, -12, 131.8442
51.71659, -12, 132.0673
50.64362, -12, 133.2919
49.57066, -12, 133.1376
48.4977, -12, 131.2471
47.42473, -12, 130.4425
46.35176, -12, 130.0505
45.2788, -12, 129.7688
44.20584, -12, 129.5718
43.13287, -12, 129.4773
42.05991, -12, 129.555
40.98694, -12, 129.9846
39.91398, -12, 130.44
38.84101, -12, 129.918
37.76805, -12, 129.6938
36.69508, -12, 129.7135
35.62212, -12, 129.8731
34.54916, -12, 130.1491
33.47619, -12, 130.548
32.40322, -12, 131.1003
31.33026, -12, 131.8648
30.2573, -12, 133.3521
29.18433, -12, 132.1662
28.11137, -12, 131.1817
27.0384, -12, 130.5917
25.96544, -12, 130.188
24.89247, -12, 129.8636
23.81951, -12, 129.5366
22.74654, -12, 129.1114
21.67358, -12, 128.46
20.60061, -12, 127.4813
19.52765, -12, 127.1145
18.45469, -12, 127.8868
17.38172, -12, 128.337
16.30876, -12, 128.6208
15.23579, -12, 128.7771
14.16283, -12, 128.8261
13.08986, -12, 128.7886
12.0169, -12, 128.7759
10.94393, -12, 129.1017
9.870968, -12, 126.3518
8.798003, -12, 128.6162
7.725039, -12, 128.6373
6.652074, -12, 128.3345
5.579109, -12, 128.0261
4.506145, -12, 127.1449
3.43318, -12, 124.7528
2.360215, -12, 125.4163
1.28725, -12, 128.3485
0.2142857, -12, 126.0585
-0.849624, -12, 125.3688
-1.913534, -12, 125.1239
-2.977444, -12, 124.9021
-4.041353, -12, 124.7438
-5.105263, -12, 124.6111
-6.169173, -12, 124.5358
-7.233083, -12, 124.5863
-8.296992, -12, 124.9297
-9.360902, -12, 125.9605
-10.42481, -12, 126.1354
-11.48872, -12, 124.6848
-12.55263, -12, 123.8653
-13.61654, -12, 123.367
-14.68045, -12, 123.0308
-15.74436, -12, 122.8164
-16.80827, -12, 122.7309
-17.87218, -12, 122.8445
-18.93609, -12, 123.4073
98.92723, -13, 133.4499
97.85445, -13, 134.7947
96.78168, -13, 135.5617
95.70891, -13, 136.0618
94.63614, -13, 136.5322
93.56336, -13, 137.0309
92.49059, -13, 137.5699
91.41782, -13, 138.435
90.34505, -13, 140.8223
89.27227, -13, 140.5315
88.1995, -13, 139.9103
87.12673, -13, 139.9687
86.05396, -13, 140.2488
84.98119, -13, 140.6458
83.90841, -13, 141.146
82.83564, -13, 141.8353
81.76286, -13, 143.0171
80.69009, -13, 145.0574
79.61732, -13, 145.7268
78.54455, -13, 144.9942
77.47177, -13, 144.5025
76.399, -13, 144.5958
75.32623, -13, 144.9716
74.25346, -13, 145.5274
73.18069, -13, 146.3189
72.10791, -13, 147.5334
71.03514, -13, 149.4761
69.96236, -13, 150.2888
68.88959, -13, 149.4372
67.81682, -13, 147.7513
66.74405, -13, 146.709
65.67127, -13, 146.0174
64.5985, -13, 145.5954
63.52573, -13, 145.4543
62.45296, -13, 145.6292
61.38018, -13, 146.1382
60.30741, -13, 145.3283
59.23464, -13, 145.983
58.16187, -13, 144.8582
57.08909, -13, 143.8095
56.01632, -13, 143.1102
54.94355, -13, 142.732
53.87078, -13, 142.6378
52.798, -13, 142.8964
51.72523, -13, 143.7604
50.65246, -13, 145.6371
49.57969, -13, 145.9522
48.50691, -13, 143.261
47.43414, -13, 141.7546
46.36137, -13, 140.961
45.28859, -13, 140.558
44.21582, -13, 140.3637
43.14305, -13, 140.3473
42.07028, -13, 140.5407
40.99751, -13, 140.9554
39.92473, -13, 141.1178
38.85196, -13, 140.6118
37.77919, -13, 140.2833
36.70641, -13, 140.2377
35.63364, -13, 140.3435
34.56087, -13, 140.5623
33.48809, -13, 140.884
32.41532, -13, 141.2969
31.34255, -13, 141.8058
30.26978, -13, 142.0107
29.197, -13, 141.8345
28.12423, -13, 141.1942
27.05146, -13, 140.7015
25.97869, -13, 140.3097
24.90591, -13, 139.9707
23.83314, -13, 139.6363
22.76037, -13, 139.2458
21.6876, -13, 138.7475
20.61482, -13, 137.9706
19.54205, -13, 137.6353
18.46928, -13, 138.0759
17.39651, -13, 138.2858
16.32373, -13, 138.3913
15.25096, -13, 138.4252
14.17819, -13, 138.4036
13.10541, -13, 138.3418
12.03264, -13, 138.2476
10.95987, -13, 138.0126
9.887096, -13, 137.5279
8.814324, -13, 137.4887
7.741551, -13, 137.521
6.668779, -13, 137.2218
5.596006, -13, 135.8173
4.523233, -13, 133.3638
3.450461, -13, 134.3098
2.377688, -13, 138.5867
1.304916, -13, 138.0598
0.2321429, -13, 134.8877
-0.8327067, -13, 133.9609
-1.897556, -13, 134.2823
-2.962406, -13, 134.6198
-4.027256, -13, 134.7312
-5.092105, -13, 134.7487
-6.156955, -13, 134.7721
-7.221805, -13, 134.8972
-8.286654, -13, 135.2646
-9.351503, -13, 135.7055
-10.41635, -13, 135.7301
-11.4812, -13, 135.3144
-12.54605, -13, 134.5776
-13.6109, -13, 134.0544
-14.67575, -13, 133.6959
-15.7406, -13, 133.4754
-16.80545, -13, 133.3971
-17.8703, -13, 133.5012
-18.93515, -13, 133.7378
98.92742, -14, 143.1579
97.85484, -14, 143.4919
96.78226, -14, 144.1055
95.70968, -14, 144.6886
94.6371, -14, 145.2374
93.56451, -14, 145.7829
92.49194, -14, 146.3819
91.41936, -14, 147.2428
90.34677, -14, 149.9426
89.27419, -14, 149.1239
88.20161, -14, 148.544
87.12904, -14, 148.7498
86.05645, -14, 149.0541
84.98387, -14, 149.4129
83.91129, -14, 149.842
82.83871, -14, 150.3618
81.76613, -14, 150.9397
80.69355, -14, 151.1651
79.62096, -14, 151.4799
78.54839, -14, 152.2269
77.47581, -14, 152.5981
76.40323, -14, 152.8748
75.33064, -14, 153.2434
74.25806, -14, 153.7307
73.18549, -14, 154.348
72.1129, -14, 155.0624
71.04032, -14, 155.3301
69.96774, -14, 154.9206
68.89516, -14, 155.5647
67.82258, -14, 155.488
66.75, -14, 154.959
65.67742, -14, 154.5245
64.60484, -14, 154.2443
63.53226, -14, 154.1322
62.45968, -14, 154.176
61.3871, -14, 154.0087
60.31452, -14, 151.4444
59.24194, -14, 152.9601
58.16935, -14, 153.7751
57.09678, -14, 153.2924
56.02419, -14, 152.8663
54.95161, -14, 152.6581
53.87903, -14, 152.7101
52.80645, -14, 153.0929
51.73387, -14, 153.9001
50.66129, -14, 155.2538
49.58871, -14, 155.9068
48.51613, -14, 153.648
47.44355, -14, 152.3394
46.37097, -14, 151.53
45.29839, -14, 151.0728
44.22581, -14, 150.8554
43.15322, -14, 150.8092
42.08065, -14, 150.8819
41.00806, -14, 150.9467
39.93548, -14, 151.218
38.8629, -14, 150.5743
37.79032, -14, 150.4282
36.71774, -14, 150.3811
35.64516, -14, 150.4468
34.57258, -14, 150.5996
33.5, -14, 150.8216
32.42742, -14, 151.092
31.35484, -14, 151.3044
30.28226, -14, 150.975
29.20968, -14, 151.0824
28.1371, -14, 150.9516
27.06452, -14, 150.6007
25.99194, -14, 150.2803
24.91936, -14, 149.9969
23.84678, -14, 149.7358
22.77419, -14, 149.4789
21.70161, -14, 149.2085
20.62903, -14, 148.9378
19.55645, -14, 148.7343
18.48387, -14, 148.5428
17.41129, -14, 148.4853
16.33871, -14, 148.3939
15.26613, -14, 148.2879
14.19355, -14, 148.1835
13.12097, -14, 148.0726
12.04839, -14, 147.8418
10.97581, -14, 147.2075
9.903226, -14, 149.3439
8.830646, -14, 147.2523
7.758065, -14, 147.0598
6.685484, -14, 147.0597
5.612903, -14, 146.9829
4.540323, -14, 146.0173
3.467742, -14, 147.3677
2.395161, -14, 148.2752
1.322581, -14, 146.0007
0.25, -14, 143.2093
-0.8157895, -14, 142.7756
-1.881579, -14, 143.9997
-2.947368, -14, 144.4961
-4.013158, -14, 144.6939
-5.078948, -14, 144.782
-6.144737, -14, 144.8548
-7.210526, -14, 144.9717
-8.276316, -14, 145.0781
-9.342105, -14, 145.2155
-10.4079, -14, 145.3362
-11.47368, -14, 145.0418
-12.53947, -14, 144.7312
-13.60526, -14, 144.326
-14.67105, -14, 143.9915
-15.73684, -14, 143.7568
-16.80263, -14, 143.616
-17.86842, -14, 143.5031
-18.93421, -14, 143.2561
98.92761, -15, 152.6274
97.85522, -15, 152.5521
96.78284, -15, 152.8537
95.71045, -15, 153.3713
94.63805, -15, 153.9603
93.56567, -15, 154.5964
92.49328, -15, 155.3013
91.42089, -15, 156.0287
90.3485, -15, 155.97
89.27612, -15, 156.7119
88.20373, -15, 157.0696
87.13134, -15, 157.3559
86.05894, -15, 157.646
84.98656, -15, 157.9417
83.91417, -15, 158.2391
82.84178, -15, 158.4708
81.76939, -15, 158.3817
80.69701, -15, 157.6373
79.62462, -15, 157.3832
78.55223, -15, 159.0271
77.47984, -15, 160.0212
76.40745, -15, 160.6149
75.33506, -15, 161.0415
74.26267, -15, 161.4276
73.19028, -15, 161.742
72.1179, -15, 161.7562
71.04551, -15, 161.3476
69.97312, -15, 160.9317
68.90073, -15, 161.6625
67.82834, -15, 162.2558
66.75595, -15, 162.451
65.68356, -15, 162.3577
64.61118, -15, 162.2039
63.53879, -15, 162.0214
62.4664, -15, 161.6701
61.39401, -15, 161.0523
60.32162, -15, 160.8913
59.24923, -15, 160.8294
58.17684, -15, 161.389
57.10445, -15, 161.7041
56.03207, -15, 161.7269
54.95968, -15, 161.7336
53.88729, -15, 161.8443
52.8149, -15, 162.0914
51.74251, -15, 162.5061
50.67012, -15, 163.4183
49.59773, -15, 163.4788
48.52534, -15, 162.5575
47.45296, -15, 161.8026
46.38057, -15, 161.2823
45.30818, -15, 160.9249
44.23579, -15, 160.7198
43.1634, -15, 160.6191
42.09101, -15, 160.534
41.01862, -15, 160.4355
39.94624, -15, 160.0624
38.87385, -15, 160.1503
37.80146, -15, 160.1385
36.72907, -15, 160.1614
35.65668, -15, 160.2112
34.58429, -15, 160.3122
33.51191, -15, 160.4477
32.43952, -15, 160.5574
31.36713, -15, 160.567
30.29474, -15, 160.569
29.22235, -15, 160.4973
28.14996, -15, 160.4585
27.07757, -15, 160.3219
26.00518, -15, 160.1312
24.9328, -15, 159.9489
23.86041, -15, 159.7903
22.78802, -15, 159.6639
21.71563, -15, 159.6302
20.64324, -15, 159.8562
19.57085, -15, 159.7801
18.49846, -15, 159.0993
17.42608, -15, 158.6473
16.35369, -15, 158.3662
15.2813, -15, 158.1324
14.20891, -15, 157.8943
13.13652, -15, 157.6295
12.06413, -15, 157.3931
10.99174, -15, 157.422
9.919354, -15, 155.2573
8.846966, -15, 157.1139
7.774578, -15, 157.2551
6.702189, -15, 157.4048
5.6298, -15, 158.4027
4.557412, -15, 159.003
3.485023, -15, 157.6348
2.412634, -15, 156.5857
1.340246, -15, 154.8243
0.2678571, -15, 150.88
-0.7988722, -15, 153.0769
-1.865602, -15, 154.1297
-2.932331, -15, 154.5012
-3.99906, -15, 154.66
-5.06579, -15, 154.7282
-6.132519, -15, 154.7507
-7.199248, -15, 154.7532
-8.265978, -15, 154.7611
-9.332706, -15, 154.817
-10.39944, -15, 154.8886
-11.46617, -15, 154.5932
-12.5329, -15, 154.3189
-13.59962, -15, 154.0547
-14.66635, -15, 153.7948
-15.73308, -15, 153.536
-16.79981, -15, 153.2778
-17.86654, -15, 153.0208
-18.93327, -15, 152.7624
98.9278, -16, 161.2612
97.85561, -16, 161.3146
96.78341, -16, 161.6289
95.71121, -16, 162.1221
94.63902, -16, 162.7271
93.56682, -16, 163.3961
92.49462, -16, 164.0666
91.42242, -16, 164.5021
90.35023, -16, 163.1131
89.27803, -16, 164.3106
88.20583, -16, 165.4881
87.13364, -16, 165.7885
86.06145, -16, 166.0062
84.98925, -16, 166.1949
83.91705, -16, 166.3282
82.84486, -16, 166.3487
81.77266, -16, 166.1457
80.70046, -16, 165.3506
79.62827, -16, 164.9107
78.55607, -16, 166.5496
77.48387, -16, 167.3541
76.41167, -16, 167.9445
75.33948, -16, 168.3835
74.26728, -16, 168.6808
73.19508, -16, 168.8139
72.12289, -16, 168.7288
71.05069, -16, 168.398
69.97849, -16, 167.5096
68.9063, -16, 168.7448
67.8341, -16, 169.2607
66.7619, -16, 169.5775
65.6897, -16, 169.6926
64.61751, -16, 169.6441
63.54531, -16, 169.4493
62.47312, -16, 169.1219
61.40092, -16, 168.8214
60.32872, -16, 169.9262
59.25653, -16, 169.3654
58.18433, -16, 169.2246
57.11214, -16, 169.6035
56.03994, -16, 169.866
54.96774, -16, 170.0365
53.89555, -16, 170.1781
52.82335, -16, 170.3526
51.75115, -16, 170.5929
50.67896, -16, 170.5724
49.60676, -16, 170.4251
48.53456, -16, 170.7539
47.46236, -16, 170.5229
46.39017, -16, 170.2724
45.31797, -16, 170.0816
44.24578, -16, 169.9461
43.17358, -16, 169.856
42.10138, -16, 169.7932
41.02919, -16, 169.6332
39.95699, -16, 169.0969
38.88479, -16, 169.5654
37.8126, -16, 169.5932
36.7404, -16, 169.6036
35.6682, -16, 169.6507
34.596, -16, 169.7202
33.52381, -16, 169.7961
32.45161, -16, 169.8646
31.37942, -16, 169.931
30.30722, -16, 170.1426
29.23502, -16, 170.0803
28.16283, -16, 169.96
27.09063, -16, 169.9012
26.01843, -16, 169.8362
24.94624, -16, 169.7756
23.87404, -16, 169.7405
22.80184, -16, 169.7628
21.72965, -16, 169.9
20.65745, -16, 170.2736
19.58525, -16, 170.3021
18.51306, -16, 169.4479
17.44086, -16, 168.8764
16.36866, -16, 168.4377
15.29647, -16, 168.083
14.22427, -16, 167.7541
13.15207, -16, 167.4359
12.07988, -16, 167.1767
11.00768, -16, 166.9844
9.935484, -16, 166.2124
8.863287, -16, 166.7688
7.79109, -16, 166.9806
6.718894, -16, 167.1595
5.646698, -16, 167.2606
4.574501, -16, 166.7702
3.502304, -16, 165.6711
2.430108, -16, 164.1463
1.357911, -16, 162.2537
0.2857143, -16, 162.6203
-0.7819549, -16, 164.3074
-1.849624, -16, 164.5819
-2.917293, -16, 164.6428
-3.984962, -16, 164.6475
-5.052631, -16, 164.6248
-6.120301, -16, 164.5865
-7.18797, -16, 164.5423
-8.255639, -16, 164.5016
-9.323308, -16, 164.4804
-10.39098, -16, 164.3907
-11.45865, -16, 164.1245
-12.52632, -16, 163.8531
-13.59398, -16, 163.5879
-14.66165, -16, 163.3234
-15.72932, -16, 163.0587
-16.79699, -16, 162.794
-17.86466, -16, 162.5297
-18.93233, -16, 162.2665
98.92799, -17, 169.2418
97.85599, -17, 169.5136
96.78399, -17, 170.0127
95.71198, -17, 170.6002
94.63998, -17, 171.2533
93.56797, -17, 171.9241
92.49596, -17, 172.5063
91.42397, -17, 172.7765
90.35196, -17, 172.888
89.27995, -17, 173.1107
88.20795, -17, 173.7978
87.13595, -17, 174.1798
86.06394, -17, 174.354
84.99194, -17, 174.4541
83.91993, -17, 174.4931
82.84792, -17, 174.4473
81.77592, -17, 174.2934
80.70392, -17, 174.0561
79.63191, -17, 174.2673
78.55991, -17, 174.6836
77.4879, -17, 175.1905
76.4159, -17, 175.6272
75.3439, -17, 175.9831
74.27189, -17, 176.2394
73.19988, -17, 176.3816
72.12788, -17, 176.4141
71.05588, -17, 176.2617
69.98387, -17, 176.1919
68.91187, -17, 176.621
67.83986, -17, 177.0345
66.76786, -17, 177.2567
65.69585, -17, 177.3893
64.62385, -17, 177.4165
63.55184, -17, 177.3567
62.47984, -17, 177.2801
61.40783, -17, 177.3303
60.33583, -17, 177.2679
59.26382, -17, 177.5214
58.19182, -17, 177.6449
57.11982, -17, 177.8389
56.04781, -17, 178.0735
54.97581, -17, 178.2627
53.9038, -17, 178.4144
52.8318, -17, 178.527
51.75979, -17, 178.4782
50.68779, -17, 178.0829
49.61578, -17, 177.994
48.54378, -17, 178.6082
47.47178, -17, 178.8977
46.39977, -17, 178.9327
45.32777, -17, 178.9015
44.25576, -17, 178.8705
43.18375, -17, 178.8452
42.11175, -17, 178.7931
41.03975, -17, 178.7496
39.96774, -17, 178.8713
38.89574, -17, 178.8641
37.82373, -17, 178.9027
36.75173, -17, 178.936
35.67972, -17, 178.9769
34.60772, -17, 179.0335
33.53571, -17, 179.1009
32.46371, -17, 179.1829
31.3917, -17, 179.313
30.3197, -17, 179.4996
29.2477, -17, 179.5393
28.17569, -17, 179.4818
27.10369, -17, 179.4714
26.03168, -17, 179.4954
24.95968, -17, 179.5394
23.88767, -17, 179.6127
22.81567, -17, 179.7371
21.74366, -17, 179.9357
20.67166, -17, 180.2618
19.59966, -17, 180.2383
18.52765, -17, 179.4934
17.45564, -17, 178.9926
16.38364, -17, 178.5573
15.31164, -17, 178.1646
14.23963, -17, 177.7927
13.16763, -17, 177.4114
12.09562, -17, 176.9428
11.02362, -17, 176.2717
9.951612, -17, 178.7589
8.879608, -17, 176.3803
7.807604, -17, 176.387
6.735599, -17, 176.5792
5.663594, -17, 176.2251
4.59159, -17, 174.7049
3.519585, -17, 172.9855
2.447581, -17, 174.242
1.375576, -17, 175.2361
0.3035714, -17, 177.8973
-0.7650376, -17, 175.9394
-1.833647, -17, 175.1302
-2.902256, -17, 174.8599
-3.970865, -17, 174.7032
-5.039474, -17, 174.5799
-6.108083, -17, 174.4691
-7.176692, -17, 174.365
-8.2453, -17, 174.2631
-9.31391, -17, 174.1516
-10.38252, -17, 173.9097
-11.45113, -17, 173.6486
-12.51974, -17, 173.3936
-13.58835, -17, 173.128
-14.65695, -17, 172.8581
-15.72556, -17, 172.5862
-16.79417, -17, 172.3133
-17.86278, -17, 172.04
-18.93139, -17, 171.7676
98.92818, -18, 176.7907
97.85638, -18, 177.3733
96.78456, -18, 178.017
95.71275, -18, 178.7341
94.64094, -18, 179.4749
93.56912, -18, 180.1971
92.49731, -18, 180.8618
91.4255, -18, 181.4982
90.35368, -18, 182.9684
89.28188, -18, 182.8042
88.21006, -18, 182.4904
87.13825, -18, 182.6522
86.06644, -18, 182.769
84.99462, -18, 182.8242
83.92281, -18, 182.8305
82.851, -18, 182.8025
81.77918, -18, 182.7879
80.70737, -18, 183.2399
79.63556, -18, 183.7173
78.56375, -18, 183.1887
77.49194, -18, 183.4491
76.42012, -18, 183.7639
75.34831, -18, 184.0496
74.2765, -18, 184.293
73.20468, -18, 184.4814
72.13287, -18, 184.5965
71.06106, -18, 184.6904
69.98925, -18, 184.8814
68.91743, -18, 184.9908
67.84562, -18, 185.2906
66.77381, -18, 185.5165
65.702, -18, 185.6597
64.63019, -18, 185.755
63.55837, -18, 185.8241
62.48656, -18, 185.8731
61.41475, -18, 185.8355
60.34293, -18, 184.9609
59.27112, -18, 185.585
58.19931, -18, 186.1865
57.12749, -18, 186.3715
56.05568, -18, 186.5133
54.98387, -18, 186.6326
53.91206, -18, 186.7138
52.84024, -18, 186.7245
51.76843, -18, 186.6059
50.69662, -18, 186.3182
49.62481, -18, 186.2824
48.55299, -18, 186.8297
47.48118, -18, 187.1752
46.40937, -18, 187.3833
45.33756, -18, 187.5118
44.26574, -18, 187.5977
43.19393, -18, 187.6661
42.12212, -18, 187.7459
41.05031, -18, 187.9255
39.97849, -18, 188.5497
38.90668, -18, 188.152
37.83487, -18, 188.1373
36.76306, -18, 188.1806
35.69125, -18, 188.2371
34.61943, -18, 188.303
33.54762, -18, 188.3808
32.47581, -18, 188.4773
31.40399, -18, 188.6016
30.33218, -18, 188.7283
29.26037, -18, 188.8145
28.18856, -18, 188.9086
27.11674, -18, 188.9945
26.04493, -18, 189.1011
24.97312, -18, 189.2272
23.90131, -18, 189.3745
22.82949, -18, 189.5497
21.75768, -18, 189.7621
20.68587, -18, 189.9147
19.61406, -18, 189.7761
18.54224, -18, 189.4069
17.47043, -18, 188.9412
16.39862, -18, 188.5393
15.32681, -18, 188.158
14.25499, -18, 187.7622
13.18318, -18, 187.3164
12.11137, -18, 186.7829
11.03955, -18, 186.2315
9.967742, -18, 184.4111
8.895929, -18, 185.8838
7.824117, -18, 186.2972
6.752304, -18, 186.5802
5.680491, -18, 186.8371
4.608679, -18, 186.784
3.536866, -18, 184.9375
2.465054, -18, 187.053
1.393241, -18, 189.2288
0.3214286, -18, 188.0141
-0.7481203, -18, 187.0471
-1.817669, -18, 185.6032
-2.887218, -18, 185.066
-3.956767, -18, 184.7646
-5.026316, -18, 184.5439
-6.095865, -18, 184.358
-7.165413, -18, 184.1884
-8.234962, -18, 184.0213
-9.304511, -18, 183.8032
-10.37406, -18, 183.4166
-11.44361, -18, 183.1973
-12.51316, -18, 182.9437
-13.58271, -18, 182.6744
-14.65226, -18, 182.3979
-15.7218, -18, 182.1179
-16.79135, -18, 181.8361
-17.8609, -18, 181.5537
-18.93045, -18, 181.2729
98.92838, -19, 184.1258
97.85676, -19, 185.037
96.78514, -19, 185.8985
95.71352, -19, 186.7703
94.6419, -19, 187.6552
93.57027, -19, 188.5429
92.49866, -19, 189.4498
91.42703, -19, 190.5137
90.35542, -19, 191.8889
89.28379, -19, 192.0343
88.21217, -19, 191.6069
87.14056, -19, 191.4583
86.06893, -19, 191.4354
84.99731, -19, 191.4224
83.92569, -19, 191.4063
82.85407, -19, 191.4087
81.78245, -19, 191.533
80.71083, -19, 191.9113
79.63921, -19, 192.1081
78.56759, -19, 191.8859
77.49596, -19, 191.9481
76.42435, -19, 192.1694
75.35273, -19, 192.4205
74.2811, -19, 192.6648
73.20949, -19, 192.8941
72.13786, -19, 193.1293
71.06625, -19, 193.3881
69.99462, -19, 193.582
68.923, -19, 193.6792
67.85138, -19, 193.8482
66.77976, -19, 194.0372
65.70814, -19, 194.2075
64.63652, -19, 194.351
63.5649, -19, 194.4693
62.49328, -19, 194.5422
61.42166, -19, 194.4564
60.35004, -19, 194.0289
59.27842, -19, 194.298
58.2068, -19, 194.8079
57.13518, -19, 195.0134
56.06356, -19, 195.1109
54.99194, -19, 195.1716
53.92031, -19, 195.2009
52.84869, -19, 195.1882
51.77707, -19, 195.1274
50.70545, -19, 194.9744
49.63383, -19, 195.0491
48.56221, -19, 195.472
47.49059, -19, 195.7523
46.41897, -19, 195.9924
45.34735, -19, 196.1986
44.27573, -19, 196.3839
43.20411, -19, 196.5649
42.13249, -19, 196.7709
41.06087, -19, 197.053
39.98925, -19, 197.3913
38.91763, -19, 197.3464
37.846, -19, 197.3321
36.77439, -19, 197.3789
35.70277, -19, 197.4458
34.63115, -19, 197.5219
33.55952, -19, 197.6061
32.4879, -19, 197.6987
31.41628, -19, 197.7944
30.34466, -19, 197.8896
29.27304, -19, 198.0294
28.20142, -19, 198.2176
27.1298, -19, 198.4102
26.05818, -19, 198.5997
24.98656, -19, 198.7965
23.91494, -19, 199.0028
22.84332, -19, 199.2179
21.7717, -19, 199.4192
20.70008, -19, 199.5614
19.62846, -19, 199.4777
18.55684, -19, 199.2195
17.48521, -19, 198.8824
16.4136, -19, 198.5192
15.34197, -19, 198.1629
14.27035, -19, 197.7986
13.19873, -19, 197.4119
12.12711, -19, 196.9988
11.05549, -19, 196.3673
9.983871, -19, 194.106
8.912251, -19, 195.5907
7.84063, -19, 196.2685
6.769009, -19, 196.6572
5.697389, -19, 197.4624
4.625768, -19, 198.8975
3.554147, -19, 198.5176
2.482527, -19, 197.9276
1.410906, -19, 197.789
0.3392857, -19, 197.2843
-0.731203, -19, 196.3412
-1.801692, -19, 195.6515
-2.87218, -19, 195.0696
-3.942669, -19, 194.7018
-5.013158, -19, 194.4183
-6.083647, -19, 194.1737
-7.154135, -19, 193.9467
-8.224624, -19, 193.7172
-9.295113, -19, 193.3807
-10.3656, -19, 193.0043
-11.43609, -19, 192.7873
-12.50658, -19, 192.518
-13.57707, -19, 192.2364
-14.64756, -19, 191.9491
-15.71805, -19, 191.659
-16.78853, -19, 191.3674
-17.85902, -19, 191.0753
-18.92951, -19, 190.7845
2.01703, 0.8, 10.305
3.08206, 0.8, 11.8876
4.1471, 0.8, 10.848
5.21213, 0.8, 11.641
6.27716, 0.8, 10.8801
7.34219, 0.8, 10.7198
8.40723, 0.8, 10.9953
9.47226, 0.8, 11.7339
10.5373, 0.8, 10.8658
11.6023, 0.8, 9.55949
12.6674, 0.8, 9.12893
13.7324, 0.8, 8.80747
14.7974, 0.8, 8.46209
15.8625, 0.8, 8.04355
16.9275, 0.8, 7.48563
17.9925, 0.8, 6.6356
19.0575, 0.8, 5.33381
20.1226, 0.8, 3.97717
21.1876, 0.8, 5.26388
22.2526, 0.8, 6.00685
23.3177, 0.8, 6.38269
24.3827, 0.8, 6.51745
25.4477, 0.8, 6.51837
26.5128, 0.8, 6.43151
27.5778, 0.8, 6.31156
28.6428, 0.8, 6.49614
29.7079, 0.8, 8.73281
30.7729, 0.8, 7.23429
31.8379, 0.8, 6.01377
32.903, 0.8, 5.74293
33.968, 0.8, 5.54798
35.033, 0.8, 5.32431
36.0981, 0.8, 5.05168
37.1631, 0.8, 4.73596
38.2281, 0.8, 4.40474
39.2932, 0.8, 3.91667
40.3582, 0.8, 3.16177
41.4232, 0.8, 4.67187
42.4883, 0.8, 5.13257
43.5533, 0.8, 5.59757
44.6183, 0.8, 6.03687
45.6834, 0.8, 6.46676
46.7484, 0.8, 6.93683
47.8134, 0.8, 7.56352
48.8785, 0.8, 8.95291
49.9435, 0.8, 11.4434
51.0085, 0.8, 11.4352
52.0735, 0.8, 11.8604
53.1386, 0.8, 13.206
54.2036, 0.8, 14.7572
55.2686, 0.8, 16.3988
56.3337, 0.8, 18.1104
57.3987, 0.8, 19.9714
58.4637, 0.8, 22.3825
59.5288, 0.8, 27.4923
60.5938, 0.8, 28.1754
61.6588, 0.8, 25.7057
62.7239, 0.8, 25.5646
63.7889, 0.8, 25.9109
64.8539, 0.8, 26.4189
65.919, 0.8, 27.0552
66.984, 0.8, 27.8954
68.049, 0.8, 29.2986
69.1141, 0.8, 33.4549
70.1791, 0.8, 40.394
71.2441, 0.8, 33.1953
72.3092, 0.8, 31.7261
73.3742, 0.8, 31.7386
74.4392, 0.8, 32.1477
75.5043, 0.8, 32.8305
76.5693, 0.8, 33.8522
77.6343, 0.8, 35.4535
78.6994, 0.8, 38.4869
79.7644, 0.8, 46.1744
80.8294, 0.8, 40.87
81.8945, 0.8, 36.1316
82.9595, 0.8, 33.9286
84.0245, 0.8, 32.5549
85.0895, 0.8, 31.5859
86.1546, 0.8, 30.8398
87.2196, 0.8, 30.3319
88.2846, 0.8, 30.5011
89.3497, 0.8, 35.0849
90.4147, 0.8, 37.1577
91.4797, 0.8, 29.5107
92.5448, 0.8, 28.0285
93.6098, 0.8, 27.4577
94.6748, 0.8, 27.155
95.7399, 0.8, 27.1105
96.8049, 0.8, 27.501
97.8699, 0.8, 28.6078
98.935, 0.8, 30.7282
2.9588, 1.6, 6.3273
4.0136, 1.6, 5.8997
5.0684, 1.6, 4.3167
6.1232, 1.6, 3.8619
7.178, 1.6, 3.9101
8.2328, 1.6, 3.842
9.2876, 1.6, 3.875
10.3424, 1.6, 3.6535
11.3972, 1.6, 2.97162
12.452, 1.6, 2.68665
13.5068, 1.6, 2.42138
14.5615, 1.6, 2.08339
15.6163, 1.6, 1.65015
16.6711, 1.6, 1.11702
17.7259, 1.6, 0.469348
18.7807, 1.6, -0.556221
19.8355, 1.6, -2.18371
20.8903, 1.6, -1.42633
21.9451, 1.6, -0.575021
22.9999, 1.6, -0.267164
24.0547, 1.6, -0.114752
25.1095, 1.6, -0.0660763
26.1643, 1.6, -0.124606
27.2191, 1.6, -0.287127
28.2739, 1.6, -0.584695
29.3287, 1.6, -0.647948
30.3835, 1.6, -0.056434
31.4383, 1.6, -0.892015
32.4931, 1.6, -0.536805
33.5479, 1.6, -0.344304
34.6027, 1.6, -0.287992
35.6575, 1.6, -0.36264
36.7123, 1.6, -0.590667
37.7671, 1.6, -1.11358
38.8218, 1.6, -2.58011
39.8766, 1.6, -4.94979
40.9314, 1.6, -3.07537
41.9862, 1.6, -0.985759
43.041, 1.6, -0.113178
44.0958, 1.6, 0.373523
45.1506, 1.6, 0.684729
46.2054, 1.6, 0.847598
47.2602, 1.6, 0.855063
48.315, 1.6, 0.49204
49.3698, 1.6, -0.382327
50.4246, 1.6, 1.028
51.4794, 1.6, 3.44562
52.5342, 1.6, 6.02052
53.589, 1.6, 8.10646
54.6438, 1.6, 10.0372
55.6986, 1.6, 11.8853
56.7534, 1.6, 13.6855
57.8082, 1.6, 15.3624
58.863, 1.6, 16.8298
59.9178, 1.6, 21.6766
60.9726, 1.6, 19.0896
62.0274, 1.6, 19.5718
63.0821, 1.6, 19.9473
64.1369, 1.6, 20.2044
65.1917, 1.6, 20.4158
66.2465, 1.6, 20.5462
67.3013, 1.6, 20.5733
68.3561, 1.6, 20.3524
69.4109, 1.6, 21.1526
70.4657, 1.6, 22.6395
71.5205, 1.6, 21.838
72.5753, 1.6, 22.9224
73.6301, 1.6, 23.6667
74.6849, 1.6, 24.3935
75.7397, 1.6, 25.0943
76.7945, 1.6, 25.91
77.8493, 1.6, 27.1017
78.9041, 1.6, 28.7707
79.9589, 1.6, 34.6379
81.0137, 1.6, 29.6015
82.0685, 1.6, 28.2636
83.1233, 1.6, 27.5417
84.1781, 1.6, 27.1706
85.2329, 1.6, 26.9511
86.2877, 1.6, 26.8075
87.3425, 1.6, 26.65
88.3972, 1.6, 26.4392
89.452, 1.6, 28.9139
90.5068, 1.6, 29.0763
91.5616, 1.6, 25.6965
92.6164, 1.6, 25.1928
93.6712, 1.6, 24.575
94.726, 1.6, 23.931
95.7808, 1.6, 23.5331
96.8356, 1.6, 23.541
97.8904, 1.6, 24.1282
98.9452, 1.6, 25.6607
3.9006, 2.4, 2.2205
4.9451, 2.4, -3.8599
5.9897, 2.4, -2.7275
7.0342, 2.4, -2.4339
8.0788, 2.4, -2.9262
9.1234, 2.4, -3.8723
10.1679, 2.4, -4.33451
11.2125, 2.4, -3.61483
12.257, 2.4, -3.51517
13.3016, 2.4, -3.68351
14.3462, 2.4, -4.0205
15.3907, 2.4, -4.47402
16.4353, 2.4, -5.01896
17.4798, 2.4, -5.60553
18.5244, 2.4, -6.22228
19.5689, 2.4, -7.17636
20.6135, 2.4, -7.2086
21.6581, 2.4, -6.84143
22.7026, 2.4, -6.65082
23.7472, 2.4, -6.47947
24.7917, 2.4, -6.36721
25.8363, 2.4, -6.37189
26.8809, 2.4, -6.53488
27.9254, 2.4, -6.95237
28.97, 2.4, -7.86815
30.0145, 2.4, -9.9984
31.0591, 2.4, -8.01088
32.1037, 2.4, -6.91048
33.1482, 2.4, -6.23698
34.1928, 2.4, -5.87022
35.2373, 2.4, -5.72394
36.2819, 2.4, -5.78814
37.3265, 2.4, -6.18618
38.371, 2.4, -7.32417
39.4156, 2.4, -9.8608
40.4601, 2.4, -10.2533
41.5047, 2.4, -7.46166
42.5492, 2.4, -5.89842
43.5938, 2.4, -5.09778
44.6384, 2.4, -4.71237
45.6829, 2.4, -4.62551
46.7275, 2.4, -4.91533
47.772, 2.4, -5.86795
48.8166, 2.4, -7.73035
49.8612, 2.4, -11.2943
50.9057, 2.4, -6.56845
51.9503, 2.4, -2.15626
52.9948, 2.4, 1.03634
54.0394, 2.4, 3.45055
55.084, 2.4, 5.49358
56.1285, 2.4, 7.36365
57.1731, 2.4, 9.10015
58.2176, 2.4, 10.4328
59.2622, 2.4, 10.3881
60.3068, 2.4, 9.34062
61.3513, 2.4, 12.963
62.3959, 2.4, 13.9386
63.4404, 2.4, 14.2769
64.485, 2.4, 14.4077
65.5295, 2.4, 14.3435
66.5741, 2.4, 13.896
67.6187, 2.4, 12.6609
68.6632, 2.4, 10.2193
69.7078, 2.4, 3.23723
70.7523, 2.4, 8.1005
71.7969, 2.4, 12.4139
72.8415, 2.4, 14.8297
73.886, 2.4, 16.3066
74.9306, 2.4, 17.1905
75.9751, 2.4, 17.6875
77.0197, 2.4, 17.8709
78.0643, 2.4, 17.8127
79.1088, 2.4, 17.9223
80.1534, 2.4, 16.455
81.1979, 2.4, 19.5382
82.2425, 2.4, 20.5244
83.2871, 2.4, 21.3794
84.3316, 2.4, 21.9228
85.3762, 2.4, 22.3272
86.4207, 2.4, 22.6767
87.4653, 2.4, 22.9166
88.5098, 2.4, 22.4573
89.5544, 2.4, 18.0882
90.599, 2.4, 19.7223
91.6435, 2.4, 22.3641
92.6881, 2.4, 21.939
93.7326, 2.4, 20.7812
94.7772, 2.4, 19.6396
95.8218, 2.4, 18.7775
96.8663, 2.4, 18.3528
97.9109, 2.4, 18.4268
98.9554, 2.4, 19.1742
4.8423, 3.2, -8.0416
5.8766, 3.2, -7.4455
6.911, 3.2, -7.7614
7.9453, 3.2, -8.6478
8.97961, 3.2, -10.0332
10.0139, 3.2, -12.4671
11.0483, 3.2, -10.0346
12.0826, 3.2, -9.4393
13.1169, 3.2, -9.43986
14.1512, 3.2, -9.68147
15.1855, 3.2, -10.1149
16.2199, 3.2, -10.7216
17.2542, 3.2, -11.4563
18.2885, 3.2, -12.0119
19.3228, 3.2, -12.0411
20.3572, 3.2, -12.2156
21.3915, 3.2, -12.7279
22.4258, 3.2, -12.7539
23.4601, 3.2, -12.4436
24.4945, 3.2, -12.2243
25.5288, 3.2, -12.1823
26.5631, 3.2, -12.3452
27.5974, 3.2, -12.771
28.6317, 3.2, -13.7274
29.6661, 3.2, -17.2214
30.7004, 3.2, -15.4081
31.7347, 3.2, -13.0642
32.769, 3.2, -12.0059
33.8034, 3.2, -11.3748
34.8377, 3.2, -11.0164
35.872, 3.2, -10.8967
36.9063, 3.2, -11.0429
37.9406, 3.2, -11.5502
38.975, 3.2, -12.626
40.0093, 3.2, -16.1247
41.0436, 3.2, -12.6047
42.0779, 3.2, -11.2845
43.1123, 3.2, -10.3942
44.1466, 3.2, -9.85635
45.1809, 3.2, -9.66735
46.2152, 3.2, -9.89474
47.2495, 3.2, -10.7005
48.2839, 3.2, -12.4234
49.3182, 3.2, -15.9377
50.3525, 3.2, -17.6522
51.3868, 3.2, -10.4279
52.4212, 3.2, -6.25683
53.4555, 3.2, -3.30173
54.4898, 3.2, -1.00328
55.5241, 3.2, 0.931241
56.5585, 3.2, 2.67684
57.5928, 3.2, 4.31458
58.6271, 3.2, 5.52667
59.6614, 3.2, 1.95223
60.6957, 3.2, 5.14827
61.7301, 3.2, 7.89039
62.7644, 3.2, 8.32282
63.7987, 3.2, 8.55976
64.833, 3.2, 8.61796
65.8674, 3.2, 8.30758
66.9017, 3.2, 7.3104
67.936, 3.2, 5.03023
68.9703, 3.2, -0.180914
70.0046, 3.2, -17.8493
71.039, 3.2, -0.0665309
72.0733, 3.2, 5.42036
73.1076, 3.2, 8.2396
74.1419, 3.2, 9.80394
75.1763, 3.2, 10.5631
76.2106, 3.2, 10.6922
77.2449, 3.2, 10.2035
78.2792, 3.2, 8.89123
79.3135, 3.2, 5.61548
80.3479, 3.2, 3.89122
81.3822, 3.2, 10.7903
82.4165, 3.2, 13.8379
83.4508, 3.2, 15.6152
84.4852, 3.2, 16.7933
85.5195, 3.2, 17.6641
86.5538, 3.2, 18.3804
87.5881, 3.2, 18.9495
88.6225, 3.2, 18.6269
89.6568, 3.2, 9.43829
90.6911, 3.2, 14.866
91.7254, 3.2, 18.8393
92.7597, 3.2, 17.6218
93.7941, 3.2, 15.8732
94.8284, 3.2, 14.176
95.8627, 3.2, 12.7267
96.897, 3.2, 11.6866
97.9314, 3.2, 11.2505
98.9657, 3.2, 11.3314
5.78409, 4, -10.6932
6.80817, 4, -12.0185
7.83226, 4, -13.2371
8.85634, 4, -14.8516
9.88043, 4, -16.8989
10.9045, 4, -15.6658
11.9286, 4, -14.902
12.9527, 4, -14.6944
13.9768, 4, -14.8391
15.0009, 4, -15.2193
16.0249, 4, -15.8055
17.049, 4, -16.5763
18.0731, 4, -17.4852
19.0972, 4, -17.8438
20.1213, 4, -16.2936
21.1454, 4, -18.4959
22.1695, 4, -18.2549
23.1935, 4, -17.808
24.2176, 4, -17.5143
25.2417, 4, -17.4226
26.2658, 4, -17.5658
27.2899, 4, -17.9926
28.314, 4, -18.8728
29.3381, 4, -20.8427
30.3622, 4, -21.7661
31.3862, 4, -18.8268
32.4103, 4, -17.3879
33.4344, 4, -16.5182
34.4585, 4, -15.9478
35.4826, 4, -15.6318
36.5067, 4, -15.5459
37.5308, 4, -15.6317
38.5548, 4, -15.6767
39.5789, 4, -16.0405
40.603, 4, -15.8069
41.6271, 4, -15.3641
42.6512, 4, -14.8701
43.6753, 4, -14.3545
44.6994, 4, -14.0722
45.7234, 4, -14.1061
46.7475, 4, -14.5557
47.7716, 4, -15.6596
48.7957, 4, -17.9709
49.8198, 4, -22.0918
50.8439, 4, -17.8218
51.868, 4, -12.8294
52.892, 4, -9.54977
53.9161, 4, -7.12021
54.9402, 4, -5.1432
55.9643, 4, -3.43711
56.9884, 4, -1.88762
58.0125, 4, -0.397332
59.0366, 4, 0.754828
60.0606, 4, 0.57113
61.0847, 4, 1.97419
62.1088, 4, 2.58181
63.1329, 4, 2.945
64.157, 4, 3.12078
65.1811, 4, 3.06919
66.2052, 4, 2.66709
67.2292, 4, 1.52118
68.2533, 4, -1.60981
69.2774, 4, -8.80866
70.3015, 4, -13.4011
71.3256, 4, -4.23139
72.3497, 4, 0.71187
73.3738, 4, 3.04491
74.3979, 4, 4.18092
75.4219, 4, 4.66489
76.446, 4, 4.51723
77.4701, 4, 3.47098
78.4942, 4, 0.732556
79.5183, 4, -4.66257
80.5424, 4, -2.95785
81.5665, 4, 4.21377
82.5905, 4, 8.18764
83.6146, 4, 10.4263
84.6387, 4, 11.9108
85.6628, 4, 13.0525
86.6869, 4, 14.0564
87.711, 4, 14.8172
88.7351, 4, 14.5085
89.7591, 4, 10.8985
90.7832, 4, 13.9132
91.8073, 4, 14.1823
92.8314, 4, 12.3683
93.8555, 4, 9.84979
94.8796, 4, 7.4247
95.9037, 4, 5.36429
96.9277, 4, 3.78281
97.9518, 4, 2.56692
98.9759, 4, 1.91426
6.72585, 4.8, -15.4207
7.7397, 4.8, -16.8786
8.75355, 4.8, -18.396
9.7674, 4.8, -20.3078
10.7812, 4.8, -20.254
11.7951, 4.8, -19.6391
12.8089, 4.8, -19.4044
13.8228, 4.8, -19.466
14.8366, 4.8, -19.7845
15.8505, 4.8, -20.3219
16.8643, 4.8, -21.0736
17.8782, 4.8, -22.0772
18.892, 4.8, -23.3062
19.9059, 4.8, -22.9363
20.9197, 4.8, -23.9579
21.9336, 4.8, -23.191
22.9474, 4.8, -22.5598
23.9613, 4.8, -22.1907
24.9751, 4.8, -22.0505
25.989, 4.8, -22.146
27.0028, 4.8, -22.5312
28.0167, 4.8, -23.2989
29.0305, 4.8, -24.3838
30.0444, 4.8, -24.0858
31.0582, 4.8, -23.6632
32.0721, 4.8, -22.1815
33.0859, 4.8, -21.0671
34.0998, 4.8, -20.306
35.1136, 4.8, -19.7958
36.1275, 4.8, -19.4816
37.1413, 4.8, -19.2816
38.1552, 4.8, -19.0758
39.169, 4.8, -18.2833
40.1829, 4.8, -16.1767
41.1967, 4.8, -18.2976
42.2106, 4.8, -18.2303
43.2244, 4.8, -17.9433
44.2383, 4.8, -17.7113
45.2521, 4.8, -17.6383
46.266, 4.8, -17.8032
47.2798, 4.8, -18.2793
48.2937, 4.8, -19.3437
49.3075, 4.8, -21.3372
50.3214, 4.8, -21.0018
51.3352, 4.8, -17.8674
52.3491, 4.8, -14.8109
53.3629, 4.8, -12.5031
54.3768, 4.8, -10.5839
55.3906, 4.8, -8.93556
56.4045, 4.8, -7.49345
57.4183, 4.8, -6.2156
58.4322, 4.8, -4.83042
59.446, 4.8, -0.77994
60.4599, 4.8, 0.64567
61.4737, 4.8, -2.63897
62.4876, 4.8, -2.50554
63.5014, 4.8, -2.27946
64.5153, 4.8, -2.24719
65.5291, 4.8, -2.40354
66.543, 4.8, -2.80062
67.5568, 4.8, -3.66064
68.5707, 4.8, -5.8867
69.5845, 4.8, -9.16556
70.5984, 4.8, -9.44685
71.6122, 4.8, -5.51051
72.6261, 4.8, -3.1688
73.6399, 4.8, -1.84238
74.6538, 4.8, -1.02132
75.6676, 4.8, -0.660464
76.6815, 4.8, -0.931451
77.6953, 4.8, -2.21947
78.7092, 4.8, -5.14702
79.723, 4.8, -8.90901
80.7369, 4.8, -5.53135
81.7507, 4.8, -0.141818
82.7646, 4.8, 3.39506
83.7784, 4.8, 5.65128
84.7923, 4.8, 7.15903
85.8061, 4.8, 8.33068
86.82, 4.8, 9.38046
87.8338, 4.8, 10.4887
88.8477, 4.8, 12.0792
89.8615, 4.8, 21.8419
90.8754, 4.8, 12.6895
91.8892, 4.8, 8.91501
92.9031, 4.8, 5.52631
93.9169, 4.8, 2.1685
94.9308, 4.8, -1.00908
95.9446, 4.8, -3.79474
96.9585, 4.8, -6.08049
97.9723, 4.8, -7.68919
98.9862, 4.8, -8.68646
7.66761, 5.6, -19.954
8.67123, 5.6, -21.3668
9.67484, 5.6, -23.0044
10.6785, 5.6, -23.6644
11.6821, 5.6, -23.5695
12.6857, 5.6, -23.4468
13.6893, 5.6, -23.5582
14.6929, 5.6, -23.8695
15.6965, 5.6, -24.371
16.7001, 5.6, -25.0615
17.7037, 5.6, -25.9754
18.7074, 5.6, -27.3857
19.711, 5.6, -30.6756
20.7146, 5.6, -29.0717
21.7182, 5.6, -27.4549
22.7218, 5.6, -26.76
23.7254, 5.6, -26.3618
24.729, 5.6, -26.1713
25.7326, 5.6, -26.1888
26.7363, 5.6, -26.4359
27.7399, 5.6, -26.9398
28.7435, 5.6, -27.4669
29.7471, 5.6, -26.949
30.7507, 5.6, -26.7148
31.7543, 5.6, -26.0906
32.7579, 5.6, -24.9865
33.7615, 5.6, -24.0906
34.7652, 5.6, -23.4131
35.7688, 5.6, -22.9087
36.7724, 5.6, -22.5168
37.776, 5.6, -22.154
38.7796, 5.6, -21.4483
39.7832, 5.6, -18.6854
40.7868, 5.6, -20.1991
41.7905, 5.6, -20.8725
42.7941, 5.6, -20.7599
43.7977, 5.6, -20.5972
44.8013, 5.6, -20.5137
45.8049, 5.6, -20.535
46.8085, 5.6, -20.7014
47.8121, 5.6, -21.0082
48.8157, 5.6, -21.0093
49.8194, 5.6, -21.0988
50.823, 5.6, -19.5784
51.8266, 5.6, -18.5656
52.8302, 5.6, -16.8738
53.8338, 5.6, -15.2324
54.8374, 5.6, -13.732
55.841, 5.6, -12.3987
56.8446, 5.6, -11.1888
57.8483, 5.6, -9.96366
58.8519, 5.6, -7.7467
59.8555, 5.6, 0.264934
60.8591, 5.6, -5.09708
61.8627, 5.6, -7.01687
62.8663, 5.6, -7.24783
63.8699, 5.6, -7.34995
64.8736, 5.6, -7.45674
65.8772, 5.6, -7.68127
66.8808, 5.6, -7.84333
67.8844, 5.6, -7.68009
68.888, 5.6, -5.89963
69.8916, 5.6, -5.31464
70.8952, 5.6, -5.50643
71.8988, 5.6, -7.34646
72.9025, 5.6, -7.06529
73.9061, 5.6, -6.32988
74.9097, 5.6, -5.5947
75.9133, 5.6, -5.18991
76.9169, 5.6, -5.2533
77.9205, 5.6, -6.02292
78.9241, 5.6, -7.23204
79.9277, 5.6, -10.7034
80.9314, 5.6, -5.59603
81.935, 5.6, -2.75855
82.9386, 5.6, -0.338466
83.9422, 5.6, 1.34861
84.9458, 5.6, 2.57695
85.9494, 5.6, 3.60041
86.953, 5.6, 4.76326
87.9566, 5.6, 6.66964
88.9603, 5.6, 11.6687
89.9639, 5.6, 24.1862
90.9675, 5.6, 10.6281
91.9711, 5.6, 2.67978
92.9747, 5.6, -2.50357
93.9783, 5.6, -6.96318
94.9819, 5.6, -10.957
95.9855, 5.6, -14.5807
96.9892, 5.6, -17.575
97.9928, 5.6, -19.6763
98.9964, 5.6, -20.7407
8.60938, 6.4, -24.3238
9.60275, 6.4, -25.4992
10.5961, 6.4, -26.5655
11.5895, 6.4, -26.7701
12.5829, 6.4, -26.8979
13.5763, 6.4, -27.1059
14.5696, 6.4, -27.4594
15.563, 6.4, -27.9563
16.5564, 6.4, -28.6032
17.5498, 6.4, -29.4444
18.5431, 6.4, -30.6834
19.5365, 6.4, -33.9724
20.5299, 6.4, -33.7747
21.5233, 6.4, -31.1725
22.5166, 6.4, -30.4084
23.51, 6.4, -29.9576
24.5034, 6.4, -29.673
25.4968, 6.4, -29.5736
26.4902, 6.4, -29.6815
27.4835, 6.4, -29.9454
28.4769, 6.4, -30.0883
29.4703, 6.4, -30.2315
30.4637, 6.4, -29.7282
31.457, 6.4, -28.8715
32.4504, 6.4, -28.1252
33.4438, 6.4, -27.2527
34.4372, 6.4, -26.503
35.4305, 6.4, -25.9074
36.4239, 6.4, -25.4031
37.4173, 6.4, -24.8811
38.4107, 6.4, -24.1911
39.404, 6.4, -23.4717
40.3974, 6.4, -23.0209
41.3908, 6.4, -22.908
42.3842, 6.4, -23.0477
43.3775, 6.4, -23.1234
44.3709, 6.4, -23.1413
45.3643, 6.4, -23.1308
46.3577, 6.4, -23.0669
47.3511, 6.4, -22.8435
48.3444, 6.4, -22.1694
49.3378, 6.4, -20.7799
50.3312, 6.4, -19.7609
51.3246, 6.4, -20.147
52.3179, 6.4, -19.8512
53.3113, 6.4, -18.8307
54.3047, 6.4, -17.4908
55.2981, 6.4, -16.1747
56.2914, 6.4, -15.0465
57.2848, 6.4, -14.1001
58.2782, 6.4, -12.7121
59.2716, 6.4, -10.8489
60.2649, 6.4, -10.0083
61.2583, 6.4, -10.0348
62.2517, 6.4, -11.0213
63.2451, 6.4, -11.0186
64.2384, 6.4, -10.8159
65.2318, 6.4, -10.8846
66.2252, 6.4, -11.2496
67.2186, 6.4, -11.5277
68.212, 6.4, -9.82584
69.2053, 6.4, -4.46596
70.1987, 6.4, -0.761525
71.1921, 6.4, -6.74528
72.1855, 6.4, -9.99494
73.1788, 6.4, -9.93785
74.1722, 6.4, -8.9936
75.1656, 6.4, -8.22399
76.159, 6.4, -7.81349
77.1523, 6.4, -7.67645
78.1457, 6.4, -7.31307
79.1391, 6.4, -7.39552
80.1325, 6.4, -7.76697
81.1258, 6.4, -5.47098
82.1192, 6.4, -4.07448
83.1126, 6.4, -2.96227
84.106, 6.4, -1.92885
85.0994, 6.4, -1.10884
86.0927, 6.4, -0.336136
87.0861, 6.4, 0.785575
88.0795, 6.4, 3.41876
89.0729, 6.4, 9.02458
90.0662, 6.4, 13.5178
91.0596, 6.4, 4.54221
92.053, 6.4, -4.61443
93.0464, 6.4, -10.9279
94.0397, 6.4, -15.8875
95.0331, 6.4, -20.5025
96.0265, 6.4, -25.077
97.0199, 6.4, -29.6234
98.0132, 6.4, -33.4504
99.0066, 6.4, -35.3465
9.55114, 7.2, -28.2614
10.5343, 7.2, -29.1342
11.5174, 7.2, -29.5025
12.5006, 7.2, -29.8333
13.4837, 7.2, -30.1958
14.4668, 7.2, -30.6108
15.45, 7.2, -31.1253
16.4331, 7.2, -31.7637
17.4163, 7.2, -32.5613
18.3994, 7.2, -33.6332
19.3825, 7.2, -35.3947
20.3657, 7.2, -36.2237
21.3488, 7.2, -34.4782
22.332, 7.2, -33.564
23.3151, 7.2, -32.9539
24.2982, 7.2, -32.5357
25.2814, 7.2, -32.2738
26.2645, 7.2, -32.1612
27.2477, 7.2, -32.2124
28.2308, 7.2, -32.4502
29.2139, 7.2, -32.7824
30.1971, 7.2, -33.1272
31.1802, 7.2, -31.5447
32.1634, 7.2, -30.4564
33.1465, 7.2, -29.6053
34.1296, 7.2, -28.9394
35.1128, 7.2, -28.3777
36.0959, 7.2, -27.8585
37.0791, 7.2, -27.3326
38.0622, 7.2, -26.7793
39.0453, 7.2, -26.4976
40.0285, 7.2, -28.2968
41.0116, 7.2, -25.4613
41.9948, 7.2, -25.2061
42.9779, 7.2, -25.3852
43.961, 7.2, -25.5637
44.9442, 7.2, -25.6369
45.9273, 7.2, -25.528
46.9104, 7.2, -25.1377
47.8936, 7.2, -24.316
48.8767, 7.2, -22.9008
49.8599, 7.2, -19.6039
50.843, 7.2, -21.5298
51.8261, 7.2, -21.8928
52.8093, 7.2, -21.3393
53.7924, 7.2, -20.2284
54.7756, 7.2, -18.879
55.7587, 7.2, -17.5371
56.7418, 7.2, -16.4395
57.725, 7.2, -15.8685
58.7081, 7.2, -16.1002
59.6913, 7.2, -19.0699
60.6744, 7.2, -16.0988
61.6575, 7.2, -14.0723
62.6407, 7.2, -12.8143
63.6238, 7.2, -12.0821
64.607, 7.2, -11.7968
65.5901, 7.2, -11.8704
66.5732, 7.2, -12.2263
67.5564, 7.2, -12.6922
68.5395, 7.2, -12.296
69.5227, 7.2, -4.93689
70.5058, 7.2, -4.76285
71.4889, 7.2, -11.1374
72.4721, 7.2, -10.9406
73.4552, 7.2, -10.0121
74.4384, 7.2, -9.17829
75.4215, 7.2, -8.53042
76.4046, 7.2, -8.05866
77.3878, 7.2, -7.7302
78.3709, 7.2, -7.43721
79.3541, 7.2, -6.4026
80.3372, 7.2, -5.68072
81.3203, 7.2, -5.58894
82.3035, 7.2, -4.87378
83.2866, 7.2, -4.40998
84.2698, 7.2, -4.09846
85.2529, 7.2, -3.78393
86.236, 7.2, -3.3054
87.2192, 7.2, -2.45575
88.2023, 7.2, -0.901521
89.1855, 7.2, 1.68302
90.1686, 7.2, 2.24076
91.1517, 7.2, -5.22797
92.1349, 7.2, -12.6135
93.118, 7.2, -18.5473
94.1012, 7.2, -23.8563
95.0843, 7.2, -29.0128
96.0674, 7.2, -34.3773
97.0506, 7.2, -40.2835
98.0337, 7.2, -46.9443
99.0169, 7.2, -52.5485
10.4929, 8, -31.5343
11.4658, 8, -31.9788
12.4387, 8, -32.429
13.4116, 8, -32.8683
14.3845, 8, -33.3495
15.3574, 8, -33.9043
16.3303, 8, -34.5522
17.3032, 8, -35.3132
18.2761, 8, -36.2233
19.249, 8, -36.7837
20.2219, 8, -35.6206
21.1948, 8, -37.0824
22.1677, 8, -36.2945
23.1406, 8, -35.5608
24.1135, 8, -35.0116
25.0865, 8, -34.5947
26.0594, 8, -34.266
27.0323, 8, -34.0746
28.0052, 8, -34.1897
28.9781, 8, -34.7656
29.951, 8, -35.3553
30.9239, 8, -34.0323
31.8968, 8, -32.5189
32.8697, 8, -31.5766
33.8426, 8, -30.9838
34.8155, 8, -30.5204
35.7884, 8, -30.0896
36.7613, 8, -29.6863
37.7342, 8, -29.3289
38.7071, 8, -29.1601
39.68, 8, -29.8411
40.6529, 8, -28.6433
41.6258, 8, -27.9081
42.5987, 8, -27.9389
43.5716, 8, -28.1106
44.5445, 8, -28.2211
45.5174, 8, -28.2232
46.4903, 8, -28.0292
47.4632, 8, -27.4568
48.4361, 8, -26.2835
49.409, 8, -24.0026
50.3819, 8, -23.1056
51.3548, 8, -24.4866
52.3277, 8, -24.012
53.3006, 8, -22.776
54.2735, 8, -21.2245
55.2465, 8, -19.6084
56.2194, 8, -18.1392
57.1923, 8, -17.2102
58.1652, 8, -17.6375
59.1381, 8, -21.0595
60.111, 8, -24.2151
61.0839, 8, -18.9031
62.0568, 8, -14.518
63.0297, 8, -12.4079
64.0026, 8, -11.5402
64.9755, 8, -11.2656
65.9484, 8, -11.312
66.9213, 8, -11.7845
67.8942, 8, -13.1916
68.8671, 8, -15.5675
69.84, 8, -10.557
70.8129, 8, -14.6905
71.7858, 8, -12.0115
72.7587, 8, -9.91508
73.7316, 8, -8.79321
74.7045, 8, -8.15339
75.6774, 8, -7.61549
76.6503, 8, -7.15616
77.6232, 8, -6.96891
78.5961, 8, -6.63013
79.569, 8, -5.17722
80.5419, 8, -5.1675
81.5148, 8, -5.69372
82.4877, 8, -5.67949
83.4606, 8, -5.79944
84.4335, 8, -6.0723
85.4064, 8, -6.27991
86.3794, 8, -6.3721
87.3523, 8, -6.44068
88.3252, 8, -6.89702
89.2981, 8, -8.67114
90.271, 8, -10.5187
91.2439, 8, -16.2339
92.2168, 8, -20.7032
93.1897, 8, -25.9257
94.1626, 8, -31.2982
95.1355, 8, -36.8186
96.1084, 8, -42.7037
97.0813, 8, -49.47
98.0542, 8, -58.0946
99.0271, 8, -69.6508
11.4347, 8.8, -34.2217
12.3973, 8.8, -34.6984
13.36, 8.8, -35.1808
14.3227, 8.8, -35.6915
15.2853, 8.8, -36.2759
16.248, 8.8, -36.9507
17.2107, 8.8, -37.7087
18.1733, 8.8, -38.4077
19.136, 8.8, -38.3627
20.0987, 8.8, -37.0135
21.0613, 8.8, -38.6893
22.024, 8.8, -38.5383
22.9867, 8.8, -37.9718
23.9493, 8.8, -37.4572
24.912, 8.8, -37.0024
25.8747, 8.8, -36.5589
26.8373, 8.8, -36.0815
27.8, 8.8, -35.6163
28.7627, 8.8, -35.7252
29.7253, 8.8, -36.7445
30.688, 8.8, -35.7162
31.6507, 8.8, -34.1563
32.6133, 8.8, -33.547
33.576, 8.8, -33.1996
34.5387, 8.8, -32.84
35.5013, 8.8, -32.4523
36.464, 8.8, -32.0802
37.4267, 8.8, -31.8125
38.3893, 8.8, -31.7002
39.352, 8.8, -31.4031
40.3147, 8.8, -30.5488
41.2773, 8.8, -30.9149
42.24, 8.8, -30.8856
43.2027, 8.8, -30.873
44.1653, 8.8, -30.956
45.128, 8.8, -31.0465
46.0907, 8.8, -31.0719
47.0533, 8.8, -30.9529
48.016, 8.8, -30.5021
48.9787, 8.8, -29.0658
49.9413, 8.8, -27.4893
50.904, 8.8, -27.8266
51.8667, 8.8, -27.4231
52.8293, 8.8, -25.889
53.792, 8.8, -24.0603
54.7547, 8.8, -22.1652
55.7173, 8.8, -20.3175
56.68, 8.8, -18.7052
57.6427, 8.8, -17.7996
58.6053, 8.8, -18.9508
59.568, 8.8, -23.7721
60.5307, 8.8, -22.9693
61.4933, 8.8, -16.3152
62.456, 8.8, -13.0453
63.4187, 8.8, -11.8714
64.3813, 8.8, -11.4556
65.344, 8.8, -11.3165
66.3067, 8.8, -11.3145
67.2693, 8.8, -11.6051
68.232, 8.8, -13.1883
69.1947, 8.8, -19.5433
70.1573, 8.8, -29.5587
71.12, 8.8, -15.0336
72.0827, 8.8, -10.2113
73.0453, 8.8, -9.04927
74.008, 8.8, -8.61058
74.9707, 8.8, -8.1846
75.9333, 8.8, -7.59207
76.896, 8.8, -6.77612
77.8587, 8.8, -5.77726
78.8213, 8.8, -5.30756
79.784, 8.8, -4.80991
80.7467, 8.8, -4.98334
81.7093, 8.8, -5.85538
82.672, 8.8, -7.10421
83.6347, 8.8, -8.22321
84.5973, 8.8, -9.12063
85.56, 8.8, -9.86156
86.5227, 8.8, -10.5831
87.4853, 8.8, -11.6825
88.448, 8.8, -13.8204
89.4107, 8.8, -18.1147
90.3733, 8.8, -23.1568
91.336, 8.8, -25.1632
92.2987, 8.8, -28.8658
93.2613, 8.8, -33.6487
94.224, 8.8, -39.0658
95.1867, 8.8, -44.8131
96.1493, 8.8, -50.9689
97.112, 8.8, -57.9218
98.0747, 8.8, -66.7261
99.0373, 8.8, -80.6749
12.3764, 9.6, -36.9455
13.3289, 9.6, -37.5047
14.2813, 9.6, -37.9941
15.2337, 9.6, -38.4564
16.1861, 9.6, -38.9679
17.1386, 9.6, -39.6238
18.091, 9.6, -40.1921
19.0434, 9.6, -40.39
19.9959, 9.6, -40.9832
20.9483, 9.6, -40.378
21.9007, 9.6, -40.3622
22.8532, 9.6, -40.1459
23.8056, 9.6, -39.7882
24.758, 9.6, -39.4119
25.7105, 9.6, -38.9922
26.6629, 9.6, -38.4492
27.6153, 9.6, -37.6628
28.5677, 9.6, -36.5935
29.5202, 9.6, -36.5927
30.4726, 9.6, -36.2374
31.425, 9.6, -35.5117
32.3775, 9.6, -35.7238
33.3299, 9.6, -35.6641
34.2823, 9.6, -35.394
35.2348, 9.6, -35.0127
36.1872, 9.6, -34.6052
37.1396, 9.6, -34.2501
38.092, 9.6, -34.009
39.0445, 9.6, -33.638
39.9969, 9.6, -31.6472
40.9493, 9.6, -33.5015
41.9018, 9.6, -33.712
42.8542, 9.6, -33.7016
43.8066, 9.6, -33.7874
44.7591, 9.6, -33.9459
45.7115, 9.6, -34.1323
46.6639, 9.6, -34.2989
47.6163, 9.6, -34.3902
48.5688, 9.6, -34.3433
49.5212, 9.6, -33.7543
50.4736, 9.6, -33.0433
51.4261, 9.6, -31.5555
52.3785, 9.6, -29.5528
53.3309, 9.6, -27.4217
54.2834, 9.6, -25.2322
55.2358, 9.6, -23.0541
56.1882, 9.6, -20.9592
57.1406, 9.6, -19.0445
58.0931, 9.6, -17.4841
59.0455, 9.6, -16.8487
59.9979, 9.6, -23.2982
60.9504, 9.6, -15.1416
61.9028, 9.6, -13.1815
62.8552, 9.6, -12.4716
63.8077, 9.6, -12.2183
64.7601, 9.6, -12.1585
65.7125, 9.6, -12.1453
66.6649, 9.6, -12.0986
67.6174, 9.6, -12.0865
68.5698, 9.6, -13.0837
69.5222, 9.6, -25.0859
70.4747, 9.6, -24.4602
71.4271, 9.6, -11.5534
72.3795, 9.6, -10.1571
73.332, 9.6, -9.96209
74.2844, 9.6, -9.77147
75.2368, 9.6, -9.34531
76.1892, 9.6, -8.5783
77.1417, 9.6, -7.37023
78.0941, 9.6, -5.63396
79.0465, 9.6, -3.97754
79.999, 9.6, -3.71826
80.9514, 9.6, -4.73022
81.9038, 9.6, -7.54862
82.8563, 9.6, -10.0198
83.8087, 9.6, -11.8461
84.7611, 9.6, -13.2816
85.7135, 9.6, -14.5561
86.666, 9.6, -15.8899
87.6184, 9.6, -17.5623
88.5708, 9.6, -20.0982
89.5233, 9.6, -25.6894
90.4757, 9.6, -30.3595
91.4281, 9.6, -32.1929
92.3806, 9.6, -36.5674
93.333, 9.6, -41.6511
94.2854, 9.6, -47.1522
95.2378, 9.6, -53
96.1903, 9.6, -59.226
97.1427, 9.6, -65.9888
98.0951, 9.6, -73.7951
99.0476, 9.6, -85.3704
13.3182, 10.4, -39.3618
14.2604, 10.4, -40.1074
15.2026, 10.4, -40.7507
16.1448, 10.4, -41.1366
17.087, 10.4, -41.3684
18.0292, 10.4, -41.841
18.9714, 10.4, -42.7041
19.9135, 10.4, -44.5118
20.8557, 10.4, -42.8254
21.7979, 10.4, -42.2485
22.7401, 10.4, -42.0653
23.6823, 10.4, -41.8798
24.6245, 10.4, -41.6484
25.5667, 10.4, -41.3484
26.5089, 10.4, -40.9325
27.4511, 10.4, -40.2464
28.3933, 10.4, -38.8631
29.3355, 10.4, -36.4032
30.2777, 10.4, -35.6386
31.2199, 10.4, -37.0496
32.1621, 10.4, -38.135
33.1043, 10.4, -38.2793
34.0465, 10.4, -37.9743
34.9886, 10.4, -37.5316
35.9308, 10.4, -37.0669
36.873, 10.4, -36.6313
37.8152, 10.4, -36.1971
38.7574, 10.4, -35.745
39.6996, 10.4, -35.3874
40.6418, 10.4, -35.8496
41.584, 10.4, -36.1156
42.5262, 10.4, -36.2658
43.4684, 10.4, -36.35
44.4106, 10.4, -36.5059
45.3528, 10.4, -36.7932
46.295, 10.4, -37.235
47.2372, 10.4, -37.8295
48.1794, 10.4, -38.5476
49.1215, 10.4, -39.7193
50.0637, 10.4, -40.1932
51.0059, 10.4, -36.9252
51.9481, 10.4, -33.7254
52.8903, 10.4, -30.9971
53.8325, 10.4, -28.3198
54.7747, 10.4, -25.761
55.7169, 10.4, -23.3114
56.6591, 10.4, -20.9005
57.6013, 10.4, -18.2865
58.5435, 10.4, -14.7598
59.4857, 10.4, -10.4722
60.4279, 10.4, -9.23462
61.3701, 10.4, -10.7669
62.3123, 10.4, -12.1439
63.2545, 10.4, -12.5704
64.1966, 10.4, -12.6954
65.1388, 10.4, -12.8162
66.081, 10.4, -13.0029
67.0232, 10.4, -13.197
67.9654, 10.4, -13.0322
68.9076, 10.4, -12.8495
69.8498, 10.4, -16.1969
70.792, 10.4, -12.5659
71.7342, 10.4, -12.0392
72.6764, 10.4, -12.0949
73.6186, 10.4, -11.8652
74.5608, 10.4, -11.5446
75.503, 10.4, -11.123
76.4452, 10.4, -10.4424
77.3874, 10.4, -9.21073
78.3296, 10.4, -6.97228
79.2717, 10.4, -3.2628
80.2139, 10.4, -2.22589
81.1561, 10.4, -7.01555
82.0983, 10.4, -11.2185
83.0405, 10.4, -14.0727
83.9827, 10.4, -16.1497
84.9249, 10.4, -17.8914
85.8671, 10.4, -19.5603
86.8093, 10.4, -21.351
87.7515, 10.4, -23.3693
88.6937, 10.4, -25.8334
89.6359, 10.4, -29.9791
90.5781, 10.4, -34.0547
91.5203, 10.4, -38.3803
92.4624, 10.4, -43.5763
93.4046, 10.4, -48.9229
94.3468, 10.4, -54.5254
95.289, 10.4, -60.4443
96.2312, 10.4, -66.6813
97.1734, 10.4, -73.2008
98.1156, 10.4, -79.8093
99.0578, 10.4, -86.8978
14.26, 11.2, -41.548
15.1919, 11.2, -42.5092
16.1239, 11.2, -43.3243
17.0558, 11.2, -43.765
17.9878, 11.2, -43.7939
18.9197, 11.2, -44.7215
19.8517, 11.2, -46.3087
20.7837, 11.2, -45.3339
21.7156, 11.2, -44.3991
22.6476, 11.2, -44.0816
23.5795, 11.2, -44.0135
24.5115, 11.2, -43.9062
25.4434, 11.2, -43.7077
26.3754, 11.2, -43.4032
27.3074, 11.2, -42.9431
28.2393, 11.2, -42.1003
29.1713, 11.2, -39.4655
30.1032, 11.2, -33.675
31.0352, 11.2, -39.4854
31.9671, 11.2, -40.8242
32.8991, 11.2, -40.7687
33.8311, 11.2, -40.3549
34.763, 11.2, -39.8106
35.695, 11.2, -39.2393
36.6269, 11.2, -38.689
37.5589, 11.2, -38.1993
38.4908, 11.2, -37.8269
39.4228, 11.2, -38.0064
40.3548, 11.2, -38.797
41.2867, 11.2, -38.241
42.2187, 11.2, -38.2839
43.1506, 11.2, -38.317
44.0826, 11.2, -38.444
45.0145, 11.2, -38.7394
45.9465, 11.2, -39.2785
46.8785, 11.2, -40.1756
47.8104, 11.2, -41.5768
48.7424, 11.2, -43.456
49.6743, 11.2, -46.6831
50.6063, 11.2, -43.1932
51.5382, 11.2, -38.4462
52.4702, 11.2, -34.4658
53.4021, 11.2, -31.0513
54.3341, 11.2, -28.0434
55.2661, 11.2, -25.2454
56.198, 11.2, -22.4894
57.13, 11.2, -19.5157
58.0619, 11.2, -15.8953
58.9939, 11.2, -10.1116
59.9258, 11.2, 4.15518
60.8578, 11.2, -5.68099
61.7898, 11.2, -10.0942
62.7217, 11.2, -11.565
63.6537, 11.2, -12.1573
64.5856, 11.2, -12.4365
65.5176, 11.2, -12.6996
66.4495, 11.2, -13.0983
67.3815, 11.2, -13.677
68.3135, 11.2, -13.8381
69.2454, 11.2, -8.09288
70.1774, 11.2, 7.64204
71.1093, 11.2, -11.9172
72.0413, 11.2, -14.1382
72.9732, 11.2, -13.7585
73.9052, 11.2, -13.3781
74.8372, 11.2, -13.1909
75.7691, 11.2, -13.037
76.7011, 11.2, -12.7224
77.633, 11.2, -11.8998
78.565, 11.2, -9.68804
79.4969, 11.2, -3.71534
80.4289, 11.2, -4.32433
81.3609, 11.2, -12.1231
82.2928, 11.2, -15.9986
83.2248, 11.2, -18.544
84.1567, 11.2, -20.5914
85.0887, 11.2, -22.4521
86.0206, 11.2, -24.3207
86.9526, 11.2, -26.3584
87.8846, 11.2, -28.6864
88.8165, 11.2, -31.0013
89.7485, 11.2, -30.7475
90.6804, 11.2, -37.2874
91.6124, 11.2, -44.0268
92.5443, 11.2, -49.3932
93.4763, 11.2, -54.9012
94.4083, 11.2, -60.6601
95.3402, 11.2, -66.6521
96.2722, 11.2, -72.8277
97.2041, 11.2, -79.043
98.1361, 11.2, -84.9127
99.068, 11.2, -87.8099
15.2017, 12, -43.7091
16.1234, 12, -44.9435
17.0452, 12, -46.0289
17.9669, 12, -46.5335
18.8886, 12, -46.3653
19.8103, 12, -47.8079
20.732, 12, -47.1808
21.6538, 12, -46.6064
22.5755, 12, -46.5658
23.4972, 12, -46.5421
24.4189, 12, -46.4563
25.3406, 12, -46.2948
26.2624, 12, -46.0737
27.1841, 12, -45.7731
28.1058, 12, -45.3331
29.0275, 12, -44.2857
29.9492, 12, -38.6957
30.871, 12, -43.3201
31.7927, 12, -43.7548
32.7144, 12, -43.2901
33.6361, 12, -42.6366
34.5578, 12, -41.9237
35.4796, 12, -41.2148
36.4013, 12, -40.5438
37.323, 12, -39.9772
38.2447, 12, -39.6302
39.1665, 12, -39.8275
40.0882, 12, -40.9824
41.0099, 12, -40.1604
41.9316, 12, -39.7894
42.8533, 12, -39.6975
43.7751, 12, -39.77
44.6968, 12, -40.0308
45.6185, 12, -40.533
46.5402, 12, -41.3996
47.4619, 12, -42.8222
48.3837, 12, -45.127
49.3054, 12, -48.7169
50.2271, 12, -50.0497
51.1488, 12, -42.9482
52.0705, 12, -37.6078
52.9923, 12, -33.4378
53.914, 12, -29.9247
54.8357, 12, -26.756
55.7574, 12, -23.766
56.6791, 12, -20.7241
57.6009, 12, -17.279
58.5226, 12, -12.71
59.4443, 12, -3.63886
60.366, 12, 1.67909
61.2877, 12, -6.94006
62.2095, 12, -9.64898
63.1312, 12, -10.6774
64.0529, 12, -11.1404
64.9746, 12, -11.4432
65.8963, 12, -11.778
66.8181, 12, -12.2628
67.7398, 12, -12.8329
68.6615, 12, -11.9087
69.5832, 12, 0.396838
70.5049, 12, -2.47241
71.4267, 12, -13.3132
72.3484, 12, -14.3959
73.2701, 12, -14.3858
74.1918, 12, -14.5069
75.1135, 12, -14.7779
76.0353, 12, -15.097
76.957, 12, -15.2634
77.8787, 12, -14.9486
78.8004, 12, -13.5261
79.7222, 12, -7.60427
80.6439, 12, -13.0362
81.5656, 12, -18.0919
82.4873, 12, -20.9247
83.409, 12, -23.1241
84.3307, 12, -25.0164
85.2525, 12, -26.8459
86.1742, 12, -28.7366
87.0959, 12, -30.8003
88.0176, 12, -33.1185
88.9394, 12, -35.1138
89.8611, 12, -34.213
90.7828, 12, -41.6389
91.7045, 12, -48.3745
92.6262, 12, -54.0405
93.548, 12, -59.7571
94.4697, 12, -65.7115
95.3914, 12, -71.7722
96.3131, 12, -77.8382
97.2348, 12, -83.7899
98.1566, 12, -88.8384
99.0783, 12, -89.1084
16.1435, 12.8, -45.9809
17.055, 12.8, -47.5802
17.9665, 12.8, -48.9475
18.8779, 12.8, -48.7416
19.7894, 12.8, -48.5358
20.7009, 12.8, -48.4723
21.6124, 12.8, -49.0962
22.5239, 12.8, -49.372
23.4354, 12.8, -49.3028
24.3468, 12.8, -49.0845
25.2583, 12.8, -48.8747
26.1698, 12.8, -48.7193
27.0813, 12.8, -48.6227
27.9928, 12.8, -48.5706
28.9043, 12.8, -48.5973
29.8157, 12.8, -50.1128
30.7272, 12.8, -48.2794
31.6387, 12.8, -46.9595
32.5502, 12.8, -45.8803
33.4617, 12.8, -44.8793
34.3732, 12.8, -43.9902
35.2846, 12.8, -43.1764
36.1961, 12.8, -42.4081
37.1076, 12.8, -41.6863
38.0191, 12.8, -41.1313
38.9306, 12.8, -41.0543
39.8421, 12.8, -41.0356
40.7535, 12.8, -41.2643
41.665, 12.8, -40.7832
42.5765, 12.8, -40.6002
43.488, 12.8, -40.6534
44.3995, 12.8, -40.8136
45.311, 12.8, -41.1433
46.2225, 12.8, -41.7684
47.1339, 12.8, -42.8748
48.0454, 12.8, -44.7621
48.9569, 12.8, -48.0491
49.8684, 12.8, -51.8327
50.7799, 12.8, -46.6026
51.6914, 12.8, -39.9838
52.6028, 12.8, -35.1505
53.5143, 12.8, -31.0787
54.4258, 12.8, -27.495
55.3373, 12.8, -24.2525
56.2488, 12.8, -21.222
57.1603, 12.8, -18.2091
58.0717, 12.8, -14.6716
58.9832, 12.8, -9.81969
59.8947, 12.8, -5.83231
60.8062, 12.8, -5.37173
61.7177, 12.8, -7.43052
62.6292, 12.8, -8.62933
63.5406, 12.8, -9.17243
64.4521, 12.8, -9.55996
65.3636, 12.8, -9.9121
66.2751, 12.8, -10.1999
67.1866, 12.8, -10.2731
68.0981, 12.8, -9.85332
69.0096, 12.8, -9.82606
69.921, 12.8, -14.2583
70.8325, 12.8, -11.2787
71.744, 12.8, -12.1765
72.6555, 12.8, -13.5731
73.567, 12.8, -14.5139
74.4785, 12.8, -15.2314
75.3899, 12.8, -15.9483
76.3014, 12.8, -16.7709
77.2129, 12.8, -17.7306
78.1244, 12.8, -18.6198
79.0359, 12.8, -19.2091
79.9474, 12.8, -21.1649
80.8588, 12.8, -21.9237
81.7703, 12.8, -23.9535
82.6818, 12.8, -25.6322
83.5933, 12.8, -27.2141
84.5048, 12.8, -28.9689
85.4163, 12.8, -30.8597
86.3277, 12.8, -32.8024
87.2392, 12.8, -34.6963
88.1507, 12.8, -36.529
89.0622, 12.8, -38.8557
89.9737, 12.8, -42.084
90.8852, 12.8, -46.0427
91.7966, 12.8, -51.5216
92.7081, 12.8, -57.9573
93.6196, 12.8, -64.4689
94.5311, 12.8, -70.8104
95.4426, 12.8, -76.9338
96.3541, 12.8, -82.7245
97.2655, 12.8, -87.8906
98.177, 12.8, -91.8234
99.0885, 12.8, -94.2745
17.0852, 13.6, -48.4132
17.9865, 13.6, -50.4169
18.8877, 13.6, -51.7409
19.789, 13.6, -48.8242
20.6902, 13.6, -50.6082
21.5915, 13.6, -51.9625
22.4927, 13.6, -52.0019
23.394, 13.6, -51.6234
24.2952, 13.6, -51.2563
25.1965, 13.6, -50.9998
26.0977, 13.6, -50.8942
26.999, 13.6, -50.9868
27.9002, 13.6, -51.3837
28.8015, 13.6, -52.4957
29.7027, 13.6, -57.6019
30.604, 13.6, -54.3535
31.5052, 13.6, -50.2157
32.4065, 13.6, -48.3086
33.3077, 13.6, -46.9998
34.2089, 13.6, -45.9777
35.1102, 13.6, -45.1074
36.0114, 13.6, -44.3086
36.9127, 13.6, -43.5211
37.8139, 13.6, -42.6971
38.7152, 13.6, -41.8611
39.6164, 13.6, -41.247
40.5177, 13.6, -40.9788
41.4189, 13.6, -41.1073
42.3202, 13.6, -41.2398
43.2214, 13.6, -41.2567
44.1227, 13.6, -41.239
45.0239, 13.6, -41.2955
45.9252, 13.6, -41.5451
46.8264, 13.6, -42.139
47.7277, 13.6, -43.297
48.6289, 13.6, -45.3441
49.5302, 13.6, -48.6072
50.4314, 13.6, -47.557
51.3326, 13.6, -41.0531
52.2339, 13.6, -35.7111
53.1351, 13.6, -31.2043
54.0364, 13.6, -27.2754
54.9376, 13.6, -23.7564
55.8389, 13.6, -20.5525
56.7401, 13.6, -17.6208
57.6414, 13.6, -14.9697
58.5426, 13.6, -12.7144
59.4439, 13.6, -12.3921
60.3451, 13.6, -12.4297
61.2464, 13.6, -7.6441
62.1476, 13.6, -6.65065
63.0489, 13.6, -6.63097
63.9501, 13.6, -7.00641
64.8514, 13.6, -7.49115
65.7526, 13.6, -7.88825
66.6538, 13.6, -8.04461
67.5551, 13.6, -7.91132
68.4563, 13.6, -8.14451
69.3576, 13.6, -16.4319
70.2588, 13.6, -27.6566
71.1601, 13.6, -11.7552
72.0613, 13.6, -11.6498
72.9626, 13.6, -13.1697
73.8638, 13.6, -14.4703
74.7651, 13.6, -15.5475
75.6663, 13.6, -16.6124
76.5676, 13.6, -17.9398
77.4688, 13.6, -19.8902
78.3701, 13.6, -22.9753
79.2713, 13.6, -27.9946
80.1726, 13.6, -34.0865
81.0738, 13.6, -29.2063
81.9751, 13.6, -28.5333
82.8763, 13.6, -29.1069
83.7775, 13.6, -30.5232
84.6788, 13.6, -32.4135
85.58, 13.6, -34.5096
86.4813, 13.6, -36.5926
87.3825, 13.6, -38.4654
88.2838, 13.6, -40.0446
89.185, 13.6, -42.7667
90.0863, 13.6, -49.5418
90.9875, 13.6, -49.9202
91.8888, 13.6, -55.631
92.79, 13.6, -62.6803
93.6913, 13.6, -69.6288
94.5925, 13.6, -76.2414
95.4938, 13.6, -82.4034
96.395, 13.6, -87.9947
97.2963, 13.6, -92.8846
98.1975, 13.6, -97.1284
99.09875, 13.6, -103.4855
18.027, 14.4, -51.146
18.918, 14.4, -53.808
19.809, 14.4, -51.7413
20.7, 14.4, -54.0656
21.5911, 14.4, -54.637
22.4821, 14.4, -53.9491
23.3731, 14.4, -53.3395
24.2641, 14.4, -52.9152
25.1551, 14.4, -52.6544
26.0461, 14.4, -52.5652
26.9371, 14.4, -52.7342
27.8281, 14.4, -53.4449
28.7191, 14.4, -55.3806
29.6102, 14.4, -59.6318
30.5012, 14.4, -58.279
31.3922, 14.4, -53.1393
32.2832, 14.4, -50.4208
33.1742, 14.4, -48.8801
34.0652, 14.4, -47.7952
34.9562, 14.4, -46.9022
35.8472, 14.4, -46.1071
36.7382, 14.4, -45.3408
37.6292, 14.4, -44.4469
38.5203, 14.4, -43.1474
39.4113, 14.4, -41.1759
40.3023, 14.4, -40.291
41.1933, 14.4, -40.9969
42.0843, 14.4, -41.6405
42.9753, 14.4, -41.6407
43.8663, 14.4, -41.3906
44.7573, 14.4, -41.1297
45.6483, 14.4, -40.9553
46.5394, 14.4, -40.9428
47.4304, 14.4, -41.2328
48.3214, 14.4, -41.8921
49.2124, 14.4, -43.1161
50.1034, 14.4, -44.7817
50.9944, 14.4, -39.6555
51.8854, 14.4, -34.8663
52.7764, 14.4, -30.2999
53.6674, 14.4, -26.2855
54.5585, 14.4, -22.6675
55.4495, 14.4, -19.2884
56.3405, 14.4, -16.1464
57.2315, 14.4, -13.4903
58.1225, 14.4, -12.0401
59.0135, 14.4, -13.2166
59.9045, 14.4, -15.2185
60.7955, 14.4, -11.5209
61.6865, 14.4, -6.51214
62.5775, 14.4, -4.73103
63.4686, 14.4, -4.6702
64.3596, 14.4, -5.1968
65.2506, 14.4, -5.84406
66.1416, 14.4, -6.45853
67.0326, 14.4, -7.03115
67.9236, 14.4, -7.86736
68.8146, 14.4, -10.8274
69.7056, 14.4, -21.2312
70.5966, 14.4, -17.014
71.4877, 14.4, -12.8619
72.3787, 14.4, -12.6854
73.2697, 14.4, -13.6974
74.1607, 14.4, -14.7211
75.0517, 14.4, -15.7932
75.9427, 14.4, -17.1127
76.8337, 14.4, -18.9906
77.7247, 14.4, -21.9955
78.6157, 14.4, -27.5319
79.5068, 14.4, -36.2571
80.3978, 14.4, -38.1943
81.2888, 14.4, -33.0241
82.1798, 14.4, -31.0292
83.0708, 14.4, -31.5654
83.9618, 14.4, -33.1766
84.8528, 14.4, -35.3611
85.7438, 14.4, -37.8625
86.6348, 14.4, -40.4497
87.5258, 14.4, -42.7391
88.4169, 14.4, -44.5039
89.3079, 14.4, -45.77
90.1989, 14.4, -49.605
91.0899, 14.4, -54.7401
91.9809, 14.4, -61.9297
92.8719, 14.4, -69.1529
93.7629, 14.4, -75.9906
94.6539, 14.4, -82.5556
95.5449, 14.4, -88.8763
96.436, 14.4, -94.8716
97.32697, 14.4, -100.4337
98.21798, 14.4, -106.0762
99.10899, 14.4, -113.825
18.9688, 15.2, -54.9168
19.8495, 15.2, -58.0522
20.7303, 15.2, -57.8032
21.6111, 15.2, -56.3687
22.4919, 15.2, -55.3233
23.3726, 15.2, -54.6755
24.2534, 15.2, -54.2841
25.1342, 15.2, -54.0782
26.015, 15.2, -54.0414
26.8957, 15.2, -54.2358
27.7765, 15.2, -54.8579
28.6573, 15.2, -56.4135
29.5381, 15.2, -58.38
30.4188, 15.2, -57.6544
31.2996, 15.2, -54.6225
32.1804, 15.2, -52.1349
33.0612, 15.2, -50.5754
33.9419, 15.2, -49.4249
34.8227, 15.2, -48.4722
35.7035, 15.2, -47.6317
36.5843, 15.2, -46.8583
37.465, 15.2, -46.0653
38.3458, 15.2, -44.9471
39.2266, 15.2, -42.5786
40.1074, 15.2, -39.3319
40.9881, 15.2, -41.3838
41.8689, 15.2, -41.9541
42.7497, 15.2, -41.6956
43.6305, 15.2, -41.2484
44.5112, 15.2, -40.7378
45.392, 15.2, -40.2228
46.2728, 15.2, -39.6949
47.1535, 15.2, -39.0813
48.0343, 15.2, -38.4029
48.9151, 15.2, -38.1661
49.7959, 15.2, -37.1961
50.6766, 15.2, -35.8915
51.5574, 15.2, -32.1474
52.4382, 15.2, -28.5249
53.319, 15.2, -25.1297
54.1997, 15.2, -21.7466
55.0805, 15.2, -18.4072
55.9613, 15.2, -15.1489
56.8421, 15.2, -12.1103
57.7228, 15.2, -9.73312
58.6036, 15.2, -9.24623
59.4844, 15.2, -11.608
60.3652, 15.2, -10.9451
61.2459, 15.2, -6.26572
62.1267, 15.2, -3.90891
63.0075, 15.2, -3.49582
63.8883, 15.2, -3.89097
64.769, 15.2, -4.64793
65.6498, 15.2, -5.55637
66.5306, 15.2, -6.64927
67.4114, 15.2, -8.22838
68.2921, 15.2, -10.1357
69.1729, 15.2, -10.5245
70.0537, 15.2, -2.09062
70.9344, 15.2, -13.2114
71.8152, 15.2, -14.3785
72.696, 15.2, -14.2419
73.5768, 15.2, -14.374
74.4575, 15.2, -14.9739
75.3383, 15.2, -15.9304
76.2191, 15.2, -17.3883
77.0999, 15.2, -19.7113
77.9806, 15.2, -23.3987
78.8614, 15.2, -29.3908
79.7422, 15.2, -38.4359
80.623, 15.2, -36.9053
81.5037, 15.2, -32.7521
82.3845, 15.2, -31.9044
83.2653, 15.2, -32.8238
84.1461, 15.2, -34.8033
85.0268, 15.2, -37.4263
85.9076, 15.2, -40.4693
86.7884, 15.2, -43.7887
87.6692, 15.2, -47.1746
88.5499, 15.2, -49.5672
89.4307, 15.2, -48.3696
90.3115, 15.2, -49.1012
91.1923, 15.2, -61.6094
92.073, 15.2, -69.7229
92.9538, 15.2, -76.2794
93.8346, 15.2, -82.7743
94.7154, 15.2, -89.4147
95.5961, 15.2, -96.1308
96.47691, 15.2, -102.9281
97.35767, 15.2, -110.0212
98.23845, 15.2, -117.2267
99.11922, 15.2, -123.4517
19.9105, 16, -65.5084
20.7811, 16, -59.5295
21.6516, 16, -57.1176
22.5221, 16, -56.1382
23.3927, 16, -55.6331
24.2632, 16, -55.3786
25.1338, 16, -55.2866
26.0043, 16, -55.3243
26.8748, 16, -55.4868
27.7454, 16, -55.7606
28.6159, 16, -55.9661
29.4865, 16, -55.9019
30.357, 16, -55.2429
31.2275, 16, -54.2137
32.0981, 16, -53.1724
32.9686, 16, -51.9574
33.8391, 16, -50.8333
34.7097, 16, -49.8132
35.5802, 16, -48.8831
36.4508, 16, -48.0275
37.3213, 16, -47.2255
38.1918, 16, -46.4129
39.0624, 16, -45.1389
39.9329, 16, -40.5685
40.8034, 16, -42.8027
41.674, 16, -42.4904
42.5445, 16, -41.6678
43.4151, 16, -40.8828
44.2856, 16, -40.1257
45.1561, 16, -39.3448
46.0267, 16, -38.4761
46.8972, 16, -37.4336
47.7677, 16, -36.0808
48.6383, 16, -34.1403
49.5088, 16, -31.6151
50.3794, 16, -29.7633
51.2499, 16, -28.2099
52.1204, 16, -26.2853
52.991, 16, -23.7184
53.8615, 16, -20.8219
54.732, 16, -17.7448
55.6026, 16, -14.5814
56.4731, 16, -11.4062
57.3437, 16, -8.29154
58.2142, 16, -5.31767
59.0847, 16, -2.74203
59.9553, 16, -6.42707
60.8258, 16, -0.711694
61.6963, 16, -1.43309
62.5669, 16, -2.35367
63.4374, 16, -3.24186
64.308, 16, -4.19372
65.1785, 16, -5.26337
66.049, 16, -6.49059
66.9196, 16, -7.88238
67.7901, 16, -9.28261
68.6606, 16, -9.45955
69.5312, 16, -1.36207
70.4017, 16, -1.16896
71.2723, 16, -12.6036
72.1428, 16, -14.398
73.0133, 16, -14.4917
73.8839, 16, -14.5359
74.7544, 16, -14.8561
75.6249, 16, -15.5874
76.4955, 16, -16.8554
77.366, 16, -18.8317
78.2366, 16, -21.729
79.1071, 16, -25.5277
79.9776, 16, -36.3036
80.8482, 16, -30.0565
81.7187, 16, -29.9144
82.5892, 16, -30.8283
83.4598, 16, -32.7324
84.3303, 16, -35.3831
85.2009, 16, -38.5927
86.0714, 16, -42.2377
86.9419, 16, -46.2247
87.8125, 16, -50.4121
88.683, 16, -54.1663
89.5536, 16, -52.6699
90.4241, 16, -56.9397
91.2946, 16, -69.2102
92.1652, 16, -76.228
93.0357, 16, -82.8369
93.9062, 16, -89.6227
94.7768, 16, -96.6553
95.64731, 16, -103.9427
96.51785, 16, -111.4854
97.38839, 16, -119.2554
98.25893, 16, -127.0068
99.12946, 16, -132.6351
20.8523, 16.8, -59.2527
21.7126, 16.8, -56.9663
22.5729, 16.8, -56.2986
23.4332, 16.8, -56.0769
24.2935, 16.8, -56.0406
25.1538, 16.8, -56.0992
26.0141, 16.8, -56.1979
26.8744, 16.8, -56.2641
27.7347, 16.8, -56.0931
28.595, 16.8, -55.1857
29.4553, 16.8, -53.2952
30.3156, 16.8, -52.4163
31.1759, 16.8, -53.266
32.0362, 16.8, -53.4452
32.8965, 16.8, -52.8102
33.7568, 16.8, -51.8365
34.6171, 16.8, -50.8074
35.4774, 16.8, -49.8016
36.3377, 16.8, -48.852
37.198, 16.8, -47.9877
38.0583, 16.8, -47.2659
38.9186, 16.8, -46.9363
39.7789, 16.8, -46.8652
40.6392, 16.8, -45.2933
41.4995, 16.8, -43.1887
42.3598, 16.8, -41.7605
43.2201, 16.8, -40.65
44.0804, 16.8, -39.6586
44.9407, 16.8, -38.6778
45.801, 16.8, -37.6146
46.6613, 16.8, -36.3526
47.5216, 16.8, -34.6879
48.3819, 16.8, -32.1567
49.2422, 16.8, -28.0983
50.1025, 16.8, -24.8397
50.9628, 16.8, -24.0936
51.8231, 16.8, -23.7425
52.6834, 16.8, -22.1941
53.5437, 16.8, -19.8512
54.404, 16.8, -17.1025
55.2643, 16.8, -14.1017
56.1246, 16.8, -10.9013
56.9849, 16.8, -7.45855
57.8452, 16.8, -3.48985
58.7055, 16.8, 1.62338
59.5658, 16.8, 7.6496
60.4262, 16.8, 8.56902
61.2865, 16.8, 4.22289
62.1468, 16.8, 0.745528
63.0071, 16.8, -1.42944
63.8674, 16.8, -2.96534
64.7277, 16.8, -4.28839
65.588, 16.8, -5.54335
66.4483, 16.8, -6.75185
67.3086, 16.8, -7.74923
68.1689, 16.8, -7.72298
69.0292, 16.8, -6.06661
69.8895, 16.8, -4.0723
70.7498, 16.8, -7.31011
71.6101, 16.8, -11.0134
72.4704, 16.8, -12.7052
73.3307, 16.8, -12.9737
74.191, 16.8, -12.9524
75.0513, 16.8, -13.0315
75.9116, 16.8, -13.363
76.7719, 16.8, -14.0212
77.6322, 16.8, -14.9574
78.4925, 16.8, -15.9104
79.3528, 16.8, -17.8857
80.2131, 16.8, -20.4579
81.0734, 16.8, -22.6319
81.9337, 16.8, -25.2133
82.794, 16.8, -28.0648
83.6543, 16.8, -31.1295
84.5146, 16.8, -34.614
85.3749, 16.8, -38.4996
86.2352, 16.8, -42.748
87.0955, 16.8, -47.3304
87.9558, 16.8, -52.1958
88.8161, 16.8, -57.5148
89.6764, 16.8, -62.8934
90.5367, 16.8, -68.9461
91.397, 16.8, -74.6926
92.2573, 16.8, -81.2505
93.1176, 16.8, -88.2299
93.9779, 16.8, -95.5225
94.8382, 16.8, -103.0986
95.69849, 16.8, -110.9249
96.55879, 16.8, -118.9661
97.4191, 16.8, -127.1253
98.2794, 16.8, -135.0172
99.1397, 16.8, -142.5037
21.7941, 17.6, -56.0118
22.6441, 17.6, -55.8542
23.4942, 17.6, -56.0027
24.3443, 17.6, -56.2512
25.1943, 17.6, -56.4946
26.0444, 17.6, -56.6567
26.8945, 17.6, -56.6297
27.7445, 17.6, -56.2519
28.5946, 17.6, -55.1982
29.4446, 17.6, -52.5545
30.2947, 17.6, -50.6824
31.1448, 17.6, -53.2927
31.9948, 17.6, -53.6378
32.8449, 17.6, -53.2131
33.695, 17.6, -52.4168
34.545, 17.6, -51.4267
35.3951, 17.6, -50.3646
36.2452, 17.6, -49.3157
37.0952, 17.6, -48.3693
37.9453, 17.6, -47.6973
38.7954, 17.6, -47.729
39.6454, 17.6, -50.6721
40.4955, 17.6, -48.352
41.3455, 17.6, -43.9372
42.1956, 17.6, -41.9105
43.0457, 17.6, -40.5155
43.8957, 17.6, -39.3582
44.7458, 17.6, -38.2593
45.5959, 17.6, -37.0999
46.4459, 17.6, -35.7532
47.296, 17.6, -34.0421
48.1461, 17.6, -31.6682
48.9961, 17.6, -28.0604
49.8462, 17.6, -21.4204
50.6963, 17.6, -21.9485
51.5463, 17.6, -22.0806
52.3964, 17.6, -20.9421
53.2465, 17.6, -19.0294
54.0965, 17.6, -16.6122
54.9466, 17.6, -13.8029
55.7966, 17.6, -10.6547
56.6467, 17.6, -7.09736
57.4968, 17.6, -2.96781
58.3468, 17.6, 2.16122
59.1969, 17.6, 9.92267
60.047, 17.6, 24.3535
60.897, 17.6, 10.2013
61.7471, 17.6, 4.80674
62.5972, 17.6, 1.61244
63.4472, 17.6, -0.688651
64.2973, 17.6, -2.45989
65.1474, 17.6, -3.85635
65.9974, 17.6, -4.97477
66.8475, 17.6, -5.75552
67.6975, 17.6, -6.20323
68.5476, 17.6, -6.50012
69.3977, 17.6, -9.93765
70.2477, 17.6, -15.3932
71.0978, 17.6, -8.99469
71.9479, 17.6, -9.26699
72.7979, 17.6, -9.65038
73.648, 17.6, -9.69737
74.4981, 17.6, -9.47828
75.3481, 17.6, -9.14215
76.1982, 17.6, -8.79731
77.0483, 17.6, -8.47936
77.8983, 17.6, -8.30212
78.7484, 17.6, -8.19623
79.5984, 17.6, -5.56483
80.4485, 17.6, -8.58948
81.2986, 17.6, -15.5236
82.1486, 17.6, -19.7115
82.9987, 17.6, -23.8139
83.8488, 17.6, -28.0481
84.6988, 17.6, -32.4277
85.5489, 17.6, -37.0112
86.399, 17.6, -41.8378
87.249, 17.6, -47.0174
88.0991, 17.6, -52.8674
88.9492, 17.6, -60.4811
89.7992, 17.6, -76.821
90.6493, 17.6, -76.2852
91.4994, 17.6, -78.6893
92.3494, 17.6, -85.0146
93.1995, 17.6, -92.4051
94.04955, 17.6, -100.2831
94.89961, 17.6, -108.4238
95.74968, 17.6, -116.7512
96.59974, 17.6, -125.1944
97.44981, 17.6, -133.7445
98.29987, 17.6, -142.5174
99.14993, 17.6, -152.4914
22.7358, 18.4, -55.0241
23.5757, 18.4, -55.7044
24.4155, 18.4, -56.3008
25.2553, 18.4, -56.797
26.0951, 18.4, -57.1531
26.935, 18.4, -57.2954
27.7748, 18.4, -57.086
28.6146, 18.4, -56.2454
29.4545, 18.4, -53.7928
30.2943, 18.4, -52.2823
31.1341, 18.4, -54.5016
31.9739, 18.4, -54.5363
32.8138, 18.4, -53.9182
33.6536, 18.4, -52.982
34.4934, 18.4, -51.8849
35.3332, 18.4, -50.7234
36.1731, 18.4, -49.5763
37.0129, 18.4, -48.5387
37.8527, 18.4, -47.7817
38.6926, 18.4, -47.7857
39.5324, 18.4, -50.0022
40.3722, 18.4, -49.4787
41.212, 18.4, -44.4555
42.0519, 18.4, -41.9961
42.8917, 18.4, -40.4508
43.7315, 18.4, -39.2276
44.5714, 18.4, -38.1127
45.4112, 18.4, -36.9847
46.251, 18.4, -35.7396
47.0908, 18.4, -34.2523
47.9307, 18.4, -32.3412
48.7705, 18.4, -29.7747
49.6103, 18.4, -25.0679
50.4501, 18.4, -22.4889
51.29, 18.4, -22.6058
52.1298, 18.4, -21.2543
52.9696, 18.4, -19.3323
53.8095, 18.4, -16.9668
54.6493, 18.4, -14.258
55.4891, 18.4, -11.2388
56.3289, 18.4, -7.8781
57.1688, 18.4, -4.05343
58.0086, 18.4, 0.561301
58.8484, 18.4, 7.02132
59.6883, 18.4, 19.1128
60.5281, 18.4, 15.4869
61.3679, 18.4, 7.31672
62.2077, 18.4, 3.51663
63.0476, 18.4, 1.05425
63.8874, 18.4, -0.79052
64.7272, 18.4, -2.26584
65.5671, 18.4, -3.48228
66.4069, 18.4, -4.50408
67.2467, 18.4, -5.41872
68.0865, 18.4, -6.56505
68.9264, 18.4, -9.74832
69.7662, 18.4, -18.21
70.606, 18.4, -14.139
71.4458, 18.4, -9.04595
72.2857, 18.4, -7.35384
73.1255, 18.4, -6.49038
73.9653, 18.4, -5.64909
74.8052, 18.4, -4.74265
75.645, 18.4, -3.7899
76.4848, 18.4, -2.82495
77.3246, 18.4, -1.86351
78.1645, 18.4, -0.786879
79.0043, 18.4, 1.35382
79.8441, 18.4, 6.73395
80.684, 18.4, -1.06975
81.5238, 18.4, -8.51658
82.3636, 18.4, -13.9732
83.2034, 18.4, -18.9852
84.0433, 18.4, -23.9903
84.8831, 18.4, -29.0924
85.7229, 18.4, -34.3529
86.5628, 18.4, -39.8595
87.4026, 18.4, -45.796
88.2424, 18.4, -52.6677
89.0822, 18.4, -62.3479
89.9221, 18.4, -78.5203
90.7619, 18.4, -78.063
91.6017, 18.4, -81.1738
92.4416, 18.4, -87.7977
93.2814, 18.4, -95.6549
94.1212, 18.4, -104.0466
94.96103, 18.4, -112.7334
95.80086, 18.4, -121.6161
96.64069, 18.4, -130.6668
97.48051, 18.4, -139.9434
98.32034, 18.4, -149.7811
99.16017, 18.4, -161.513
23.6776, 19.2, -55.0039
24.5072, 19.2, -56.4674
25.3368, 19.2, -57.5177
26.1664, 19.2, -58.237
26.996, 19.2, -58.7415
27.8255, 19.2, -58.9517
28.6551, 19.2, -58.6326
29.4847, 19.2, -57.5047
30.3143, 19.2, -57.1163
31.1439, 19.2, -56.9235
31.9735, 19.2, -56.2837
32.8031, 19.2, -55.187
33.6327, 19.2, -53.9097
34.4623, 19.2, -52.5425
35.2919, 19.2, -51.1415
36.1215, 19.2, -49.7585
36.9511, 19.2, -48.461
37.7806, 19.2, -47.3753
38.6102, 19.2, -46.7403
39.4398, 19.2, -46.9827
40.2694, 19.2, -45.9616
41.099, 19.2, -43.5867
41.9286, 19.2, -41.6237
42.7582, 19.2, -40.2648
43.5878, 19.2, -39.197
44.4174, 19.2, -38.2489
45.247, 19.2, -37.3251
46.0766, 19.2, -36.3601
46.9062, 19.2, -35.2934
47.7357, 19.2, -34.0692
48.5653, 19.2, -32.4656
49.3949, 19.2, -30.0119
50.2245, 19.2, -27.9238
51.0541, 19.2, -25.7724
51.8837, 19.2, -23.9396
52.7133, 19.2, -21.6435
53.5429, 19.2, -19.1229
54.3725, 19.2, -16.4085
55.2021, 19.2, -13.5044
56.0317, 19.2, -10.3921
56.8612, 19.2, -7.00638
57.6908, 19.2, -3.18198
58.5204, 19.2, 1.53021
59.35, 19.2, 8.00962
60.1796, 19.2, 10.6672
61.0092, 19.2, 6.62309
61.8388, 19.2, 2.91754
62.6684, 19.2, 0.70193
63.498, 19.2, -0.91549
64.3276, 19.2, -2.24712
65.1572, 19.2, -3.40957
65.9868, 19.2, -4.48063
66.8163, 19.2, -5.56518
67.6459, 19.2, -6.94995
68.4755, 19.2, -9.04615
69.3051, 19.2, -12.5922
70.1347, 19.2, -14.4643
70.9643, 19.2, -10.9473
71.7939, 19.2, -7.44202
72.6235, 19.2, -5.01839
73.4531, 19.2, -3.1548
74.2827, 19.2, -1.47134
75.1123, 19.2, 0.177579
75.9418, 19.2, 1.82708
76.7714, 19.2, 3.50009
77.601, 19.2, 5.2865
78.4306, 19.2, 7.43909
79.2602, 19.2, 10.4462
80.0898, 19.2, 12.0973
80.9194, 19.2, 4.958
81.749, 19.2, -1.89884
82.5786, 19.2, -7.98941
83.4082, 19.2, -13.7334
84.2378, 19.2, -19.3873
85.0674, 19.2, -25.0763
85.8969, 19.2, -30.8715
86.7265, 19.2, -36.8638
87.5561, 19.2, -43.2455
88.3857, 19.2, -50.4824
89.2153, 19.2, -59.6042
90.0449, 19.2, -67.5201
90.8745, 19.2, -74.96
91.7041, 19.2, -81.1991
92.5337, 19.2, -89.0594
93.3633, 19.2, -97.7403
94.19286, 19.2, -106.8482
95.02245, 19.2, -116.1934
95.85204, 19.2, -125.7074
96.68163, 19.2, -135.3909
97.51122, 19.2, -145.3511
98.34082, 19.2, -155.808
99.17041, 19.2, -167.1199
