100, 0, -12.1127
0, 0, 6.2646
-20, 0, 1.12104e-44
-20, -20, 200
100, -20, 192.7815
100, 20, -217.1599
23.8, 20, -71.04
98.9247, 0, -10.6953
97.8495, 0, -9.07634
96.7742, 0, -7.51252
95.6989, 0, -5.91787
94.6237, 0, -4.35947
93.5484, 0, -2.98211
92.4731, 0, -1.93225
91.3979, 0, -1.2797
90.3226, 0, -1.27942
89.2473, 0, 0.925532
88.172, 0, 3.47952
87.0968, 0, 5.32545
86.0215, 0, 6.95855
84.9462, 0, 8.3361
83.871, 0, 9.55138
82.7957, 0, 10.8145
81.7204, 0, 12.8261
80.6452, 0, 16.302
79.5699, 0, 17.7179
78.4946, 0, 15.0455
77.4194, 0, 13.592
76.3441, 0, 12.935
75.2688, 0, 12.4563
74.1936, 0, 12.0828
73.1183, 0, 11.8897
72.043, 0, 12.0071
70.9677, 0, 12.5179
69.8925, 0, 12.6676
68.8172, 0, 11.5763
67.7419, 0, 10.441
66.6667, 0, 9.67732
65.5914, 0, 9.18854
64.5161, 0, 8.86459
63.4409, 0, 8.65338
62.3656, 0, 8.67918
61.2903, 0, 9.57511
60.2151, 0, 11.1522
59.1398, 0, 10.1349
58.0645, 0, 8.35624
56.9892, 0, 7.62511
55.914, 0, 7.40824
54.8387, 0, 7.32982
53.7634, 0, 7.38388
52.6882, 0, 7.7313
51.6129, 0, 8.90248
50.5376, 0, 11.3348
49.4624, 0, 10.9792
48.3871, 0, 8.12356
47.3118, 0, 6.67262
46.2366, 0, 6.02422
45.1613, 0, 5.62974
44.086, 0, 5.29969
43.0108, 0, 4.96566
41.9355, 0, 4.74525
40.8602, 0, 4.6638
39.7849, 0, 4.51956
38.7097, 0, 5.44604
37.6344, 0, 6.36748
36.5591, 0, 7.51785
35.4839, 0, 8.66661
34.4086, 0, 9.7758
33.3333, 0, 10.9046
32.2581, 0, 12.2144
31.1828, 0, 14.0297
30.1075, 0, 16.069
29.0323, 0, 15.6213
27.957, 0, 15.1878
26.8817, 0, 15.3589
25.8065, 0, 15.7235
24.7312, 0, 16.0953
23.6559, 0, 16.3832
22.5806, 0, 16.4801
21.5054, 0, 16.224
20.4301, 0, 15.5335
19.3548, 0, 15.8973
18.2796, 0, 16.8663
17.2043, 0, 17.4891
16.129, 0, 17.798
15.0538, 0, 17.9186
13.9785, 0, 17.9292
12.9032, 0, 17.8837
11.828, 0, 17.8773
10.7527, 0, 18.3431
9.67742, 0, 20.9904
8.60215, 0, 19.1447
7.52688, 0, 19.0158
6.45161, 0, 19.3471
5.37634, 0, 20.0403
4.30108, 0, 16.4659
3.22581, 0, 18.2293
2.15054, 0, 14.6691
1.07527, 0, 13.1796
-1.05263, 0, 11.4922
-2.10526, 0, 12.1557
-3.15789, 0, 11.5741
-4.21053, 0, 10.4696
-5.2632, 0, 9.0477
-6.3158, 0, 7.3778
-7.3684, 0, 5.5018
-8.4211, 0, 3.4479
-9.4737, 0, 1.2129
-10.5263, 0, 0.251454
-11.5789, 0, 0.602292
-12.6316, 0, 0.806989
-13.6842, 0, 0.901729
-14.7368, 0, 0.908786
-15.7895, 0, 0.842662
-16.8421, 0, 0.713431
-17.8947, 0, 0.527985
-18.9474, 0, 0.29071
-20, -1, 9.5
-20, -2, 19
-20, -3, 28.5
-20, -4, 38
-20, -5, 47.5
-20, -6, 57
-20, -7, 66.5
-20, -8, 76
-20, -9, 85.5
-20, -10, 100
-20, -11, 114.5
-20, -12, 124
-20, -13, 133.5
-20, -14, 143
-20, -15, 152.5
-20, -16, 162
-20, -17, 171.5
-20, -18, 181
-20, -19, 190.5
-18.92857, -20, 200.3533
-17.85714, -20, 200.7067
-16.78572, -20, 201.06
-15.71429, -20, 201.4133
-14.64286, -20, 201.7667
-13.57143, -20, 202.12
-12.5, -20, 202.4733
-11.42857, -20, 202.8267
-10.35714, -20, 203.18
-9.285714, -20, 203.5154
-8.214286, -20, 203.8418
-7.142857, -20, 204.1682
-6.071429, -20, 204.4946
-5, -20, 204.821
-3.928571, -20, 205.1474
-2.857143, -20, 205.4738
-1.785714, -20, 205.8002
-0.7142857, -20, 206.1266
0.3571429, -20, 206.9991
1.428571, -20, 207.713
2.5, -20, 207.5626
3.571429, -20, 208.1606
4.642857, -20, 208.9004
5.714286, -20, 209.2468
6.785714, -20, 209.2303
7.857143, -20, 209.2138
8.928572, -20, 209.1973
10, -20, 209.1808
11.07143, -20, 209.4204
12.14286, -20, 209.6601
13.21429, -20, 209.8997
14.28571, -20, 210.1393
15.35714, -20, 210.3789
16.42857, -20, 210.6185
17.5, -20, 210.8582
18.57143, -20, 211.0978
19.64286, -20, 211.3374
20.71428, -20, 211.3848
21.78572, -20, 211.3361
22.85714, -20, 211.2873
23.92857, -20, 211.2386
25, -20, 211.1899
26.07143, -20, 211.1411
27.14286, -20, 211.0924
28.21428, -20, 211.0437
29.28572, -20, 210.9949
30.35714, -20, 210.9028
31.42857, -20, 210.7238
32.5, -20, 210.5449
33.57143, -20, 210.3659
34.64286, -20, 210.187
35.71429, -20, 210.008
36.78571, -20, 209.829
37.85714, -20, 209.6501
38.92857, -20, 209.4711
40, -20, 209.2922
41.07143, -20, 209.1615
42.14286, -20, 209.0308
43.21429, -20, 208.9001
44.28571, -20, 208.7695
45.35714, -20, 208.6388
46.42857, -20, 208.5081
47.5, -20, 208.3774
48.57143, -20, 208.2468
49.64286, -20, 208.1161
50.71429, -20, 208.0596
51.78571, -20, 208.0402
52.85714, -20, 208.0207
53.92857, -20, 208.0013
55, -20, 207.9819
56.07143, -20, 207.9625
57.14286, -20, 207.943
58.21429, -20, 207.9236
59.28571, -20, 207.9042
60.35714, -20, 207.8101
61.42857, -20, 207.5665
62.5, -20, 207.323
63.57143, -20, 207.0794
64.64286, -20, 206.8359
65.71429, -20, 206.5923
66.78571, -20, 206.3488
67.85714, -20, 206.1052
68.92857, -20, 205.8617
70, -20, 205.6181
71.07143, -20, 205.3565
72.14286, -20, 205.0949
73.21429, -20, 204.8333
74.28571, -20, 204.5718
75.35714, -20, 204.3102
76.42857, -20, 204.0486
77.5, -20, 203.787
78.57143, -20, 203.5254
79.64286, -20, 203.2638
80.71429, -20, 203.0555
81.78571, -20, 202.8739
82.85714, -20, 202.6922
83.92857, -20, 202.5106
85, -20, 202.329
86.07143, -20, 202.1474
87.14286, -20, 201.9658
88.21429, -20, 201.7841
89.28571, -20, 201.6025
90.35714, -20, 201.1707
91.42857, -20, 200.2386
92.5, -20, 199.3065
93.57143, -20, 198.3743
94.64286, -20, 197.4422
95.71429, -20, 196.5101
96.78571, -20, 195.5779
97.85714, -20, 194.6458
98.92857, -20, 193.7137
100, -19, 184.875
100, -18, 176.9685
100, -17, 167.5366
100, -16, 157.9253
100, -15, 149.475
100, -14, 141.3343
100, -13, 128.9773
100, -12, 114.6742
100, -11, 104.0194
100, -10, 96.0181
100, -9, 83.9639
100, -8, 67.4067
100, -7, 54.598
100, -6, 48.2154
100, -5, 40.2518
100, -4, 27.8615
100, -3, 16.8411
100, -2, 13.1267
100, -1, 8.52173
100, 0.8, -28.6203
100, 1.6, -35.4428
100, 2.4, -37.7954
100, 3.2, -40.862
100, 4, -56.7813
100, 4.8, -72.7007
100, 5.6, -83.992
100, 6.4, -88.9198
100, 7.2, -93.8477
100, 8, -110.1376
100, 8.8, -129.4574
100, 9.6, -142.9257
100, 10.4, -125.1861
100, 11.2, -107.4465
100, 12, -113.3987
100, 12.8, -140.6736
100, 13.6, -167.9486
100, 14.4, -183.9161
100, 15.2, -198.5535
100, 16, -212.6108
100, 16.8, -225.0441
100, 17.6, -237.4775
100, 18.4, -236.0826
100, 19.2, -226.6212
99.18065, 20, -207.9286
98.36129, 20, -198.6972
97.54194, 20, -189.4659
96.72258, 20, -180.2345
95.90323, 20, -171.0032
95.08387, 20, -161.7718
94.26452, 20, -152.5405
93.44516, 20, -143.3091
92.62581, 20, -134.0778
91.80645, 20, -124.8464
90.9871, 20, -115.6151
90.16774, 20, -106.3837
89.3484, 20, -99.9142
88.529, 20, -94.1555
87.7097, 20, -88.3969
86.8903, 20, -82.6382
86.071, 20, -76.8796
85.2516, 20, -71.121
84.4323, 20, -65.3624
83.6129, 20, -59.6037
82.7935, 20, -53.8451
81.9742, 20, -48.0865
81.1548, 20, -42.3279
80.3355, 20, -36.5693
79.5161, 20, -36.5297
78.6968, 20, -40.4553
77.8774, 20, -44.381
77.0581, 20, -48.3066
76.2387, 20, -52.2323
75.4194, 20, -56.1579
74.6, 20, -60.0836
73.7806, 20, -64.0092
72.9613, 20, -67.9348
72.1419, 20, -71.8605
71.3226, 20, -75.7861
70.5032, 20, -79.7118
69.6839, 20, -81.8093
68.8645, 20, -80.9969
68.0452, 20, -80.1844
67.2258, 20, -79.372
66.4064, 20, -78.5595
65.5871, 20, -77.747
64.7677, 20, -76.9346
63.9484, 20, -76.1221
63.129, 20, -75.3097
62.3097, 20, -74.4972
61.4903, 20, -73.6848
60.671, 20, -72.8723
59.8516, 20, -72.1878
59.0323, 20, -72.0817
58.2129, 20, -71.9756
57.3935, 20, -71.8696
56.5742, 20, -71.7635
55.7548, 20, -71.6575
54.9355, 20, -71.5514
54.1161, 20, -71.4453
53.2968, 20, -71.3393
52.4774, 20, -71.2332
51.6581, 20, -71.1271
50.8387, 20, -71.0211
50.0194, 20, -70.915
49.2, 20, -71.8145
48.3806, 20, -72.7383
47.5613, 20, -73.6622
46.7419, 20, -74.586
45.9226, 20, -75.5098
45.1032, 20, -76.4336
44.2839, 20, -77.3575
43.4645, 20, -78.2813
42.6452, 20, -79.2051
41.8258, 20, -80.1289
41.0065, 20, -81.0528
40.1871, 20, -81.9766
39.3677, 20, -82.234
38.5484, 20, -82.2942
37.729, 20, -82.3544
36.9097, 20, -82.4146
36.0903, 20, -82.4748
35.271, 20, -82.535
34.4516, 20, -82.5952
33.6323, 20, -82.6554
32.8129, 20, -82.7155
31.9935, 20, -82.7757
31.1742, 20, -82.8359
30.3548, 20, -82.8961
29.5355, 20, -82.5365
28.7161, 20, -81.6571
27.8968, 20, -80.5233
27.0774, 20, -79.1352
26.2581, 20, -77.4929
25.4387, 20, -75.5962
24.6194, 20, -73.4453
22.848, 19.2, -69.1289
21.896, 18.4, -68.3654
20.944, 17.6, -68.911
19.992, 16.8, -73.2965
19.04, 16, -65.0775
18.088, 15.2, -60.5661
17.136, 14.4, -57.0728
16.184, 13.6, -53.973
15.232, 12.8, -51.0313
14.28, 12, -48.1627
13.328, 11.2, -45.3208
12.376, 10.4, -42.4136
11.424, 9.6, -39.182
10.472, 8.8, -34.9408
9.52, 8, -30.6202
8.568, 7.2, -26.9611
7.616, 6.4, -22.8429
6.664, 5.6, -18.3585
5.712, 4.8, -13.3904
4.76, 4, -7.1472
3.808, 3.2, -0.36284
2.856, 2.4, 5.9453
1.904, 1.6, 9.5372
0.952, 0.8, 9.3996
98.9249, -1, 0.832514
97.8498, -1, 1.18635
96.7748, -1, 2.59321
95.6997, -1, 4.08327
94.6246, -1, 5.48693
93.5495, -1, 6.71682
92.4745, -1, 7.68816
91.3994, -1, 8.41093
90.3243, -1, 10.1153
89.2492, -1, 11.1587
88.1742, -1, 12.8086
87.0991, -1, 14.543
86.024, -1, 15.9301
84.9489, -1, 17.1598
83.8738, -1, 18.4237
82.7988, -1, 19.938
81.7237, -1, 22.0296
80.6486, -1, 25.3401
79.5735, -1, 26.8526
78.4985, -1, 24.2252
77.4234, -1, 22.6364
76.3483, -1, 21.5471
75.2732, -1, 20.8422
74.1982, -1, 20.4983
73.1231, -1, 20.5583
72.048, -1, 21.0983
70.9729, -1, 21.6586
69.8979, -1, 20.432
68.8228, -1, 20.4565
67.7477, -1, 18.9568
66.6726, -1, 17.7724
65.5975, -1, 17.0296
64.5225, -1, 16.595
63.4474, -1, 16.3572
62.3723, -1, 16.1939
61.2972, -1, 15.7186
60.2222, -1, 11.8278
59.1471, -1, 14.4917
58.072, -1, 15.2182
56.9969, -1, 15.1231
55.9219, -1, 15.0532
54.8468, -1, 15.0709
53.7717, -1, 15.1916
52.6966, -1, 15.4481
51.6215, -1, 15.9515
50.5465, -1, 17.3308
49.4714, -1, 17.4709
48.3963, -1, 15.6083
47.3212, -1, 14.8625
46.2462, -1, 14.4477
45.1711, -1, 14.1602
44.096, -1, 13.9066
43.0209, -1, 13.6329
41.9459, -1, 13.3649
40.8708, -1, 14.0584
39.7957, -1, 17.1587
38.7206, -1, 14.4136
37.6455, -1, 15.3199
36.5705, -1, 16.4744
35.4954, -1, 17.5961
34.4203, -1, 18.7119
33.3452, -1, 19.8863
32.2702, -1, 21.2072
31.1951, -1, 22.7539
30.12, -1, 23.9638
29.0449, -1, 24.1731
27.9699, -1, 24.193
26.8948, -1, 24.3299
25.8197, -1, 24.622
24.7446, -1, 24.9653
23.6695, -1, 25.2708
22.5945, -1, 25.4391
21.5194, -1, 25.2504
20.4443, -1, 24.1398
19.3692, -1, 24.5715
18.2942, -1, 25.8211
17.2191, -1, 26.2995
16.144, -1, 26.5163
15.0689, -1, 26.5954
13.9939, -1, 26.588
12.9188, -1, 26.5415
11.8437, -1, 26.5716
10.7686, -1, 26.8911
9.69355, -1, 25.808
8.61847, -1, 26.8243
7.54339, -1, 26.6987
6.46832, -1, 26.4961
5.39324, -1, 26.4016
4.31816, -1, 23.903
3.24309, -1, 24.7447
2.16801, -1, 22.3535
1.09293, -1, 18.8124
0.0178571, -1, 18.3455
-1.03571, -1, 17.9259
-2.08929, -1, 18.4915
-3.14286, -1, 18.1406
-4.19643, -1, 17.3015
-5.25, -1, 16.1605
-6.30357, -1, 14.8124
-7.35714, -1, 13.3176
-8.41071, -1, 11.7384
-9.46429, -1, 10.2411
-10.5179, -1, 9.7645
-11.5714, -1, 9.74453
-12.625, -1, 9.71471
-13.6786, -1, 9.68439
-14.7321, -1, 9.65368
-15.7857, -1, 9.62295
-16.8393, -1, 9.59213
-17.8929, -1, 9.56125
-18.9464, -1, 9.53039
98.9251, -2, 12.1738
97.8502, -2, 12.1507
96.7753, -2, 13.1318
95.7005, -2, 14.3738
94.6256, -2, 15.704
93.5507, -2, 17.0569
92.4758, -2, 18.3478
91.4009, -2, 19.4935
90.326, -2, 20.4075
89.2512, -2, 21.6242
88.1763, -2, 23.0852
87.1014, -2, 24.3056
86.0265, -2, 25.3417
84.9516, -2, 26.3626
83.8767, -2, 27.4581
82.8018, -2, 28.7097
81.727, -2, 30.2398
80.6521, -2, 32.4026
79.5772, -2, 33.404
78.5023, -2, 31.6679
77.4274, -2, 30.4301
76.3525, -2, 29.511
75.2776, -2, 28.8399
74.2028, -2, 28.3515
73.1279, -2, 28.0705
72.053, -2, 28.2505
70.9781, -2, 29.1824
69.9032, -2, 29.5688
68.8283, -2, 27.4289
67.7535, -2, 25.8357
66.6786, -2, 24.9811
65.6037, -2, 24.4468
64.5288, -2, 24.0034
63.4539, -2, 23.5503
62.379, -2, 22.8783
61.3041, -2, 21.1068
60.2293, -2, 17.8073
59.1544, -2, 19.1966
58.0795, -2, 21.4685
57.0046, -2, 22.3091
55.9297, -2, 22.6003
54.8548, -2, 22.7531
53.78, -2, 22.8344
52.7051, -2, 22.8094
51.6302, -2, 22.458
50.5553, -2, 21.8651
49.4804, -2, 22.1243
48.4055, -2, 22.7272
47.3306, -2, 22.9505
46.2558, -2, 22.9514
45.1809, -2, 22.8892
44.106, -2, 22.7768
43.0311, -2, 22.6137
41.9562, -2, 22.4672
40.8813, -2, 22.6104
39.8064, -2, 23.4277
38.7316, -2, 23.7116
37.6567, -2, 24.6273
36.5818, -2, 25.6979
35.5069, -2, 26.7482
34.432, -2, 27.7826
33.3571, -2, 28.8369
32.2823, -2, 29.9276
31.2074, -2, 30.9469
30.1325, -2, 31.8876
29.0576, -2, 32.3472
27.9827, -2, 32.8211
26.9078, -2, 33.1989
25.8329, -2, 33.571
24.7581, -2, 33.9637
23.6832, -2, 34.3386
22.6083, -2, 34.6368
21.5334, -2, 34.7615
20.4585, -2, 34.3937
19.3836, -2, 34.7285
18.3088, -2, 35.3048
17.2339, -2, 35.519
16.159, -2, 35.6093
15.0841, -2, 35.6319
14.0092, -2, 35.5901
12.9343, -2, 35.5145
11.8594, -2, 35.4179
10.7846, -2, 34.9274
9.70968, -2, 33.7722
8.63479, -2, 34.2785
7.55991, -2, 34.3111
6.48502, -2, 33.8924
5.41014, -2, 32.6295
4.33525, -2, 32.7704
3.26037, -2, 32.0675
2.18548, -2, 32.3646
1.1106, -2, 27.5269
0.0357143, -2, 28.1038
-1.0188, -2, 26.7801
-2.07331, -2, 26.3391
-3.12782, -2, 25.9162
-4.18233, -2, 25.2125
-5.23684, -2, 24.2951
-6.29135, -2, 23.2303
-7.34586, -2, 22.0831
-8.40038, -2, 20.9454
-9.45489, -2, 20.0433
-10.5094, -2, 19.5544
-11.5639, -2, 19.4932
-12.6184, -2, 19.4305
-13.6729, -2, 19.3671
-14.7274, -2, 19.3053
-15.782, -2, 19.2444
-16.8365, -2, 19.184
-17.891, -2, 19.1233
-18.9455, -2, 19.0616
98.9253, -3, 22.032
97.8506, -3, 22.9386
96.7759, -3, 23.6223
95.7012, -3, 24.5931
94.6265, -3, 25.8399
93.5518, -3, 27.3402
92.4771, -3, 29.0735
91.4025, -3, 30.8183
90.3278, -3, 30.8308
89.2531, -3, 32.4971
88.1784, -3, 33.5279
87.1037, -3, 33.893
86.029, -3, 34.4726
84.9543, -3, 35.2359
83.8796, -3, 36.104
82.8049, -3, 36.9989
81.7302, -3, 37.8232
80.6555, -3, 38.2011
79.5808, -3, 38.2675
78.5061, -3, 38.1393
77.4314, -3, 37.5824
76.3568, -3, 37.0815
75.2821, -3, 36.5638
74.2074, -3, 35.98
73.1327, -3, 35.294
72.058, -3, 34.5481
70.9833, -3, 34.7413
69.9086, -3, 38.591
68.8339, -3, 33.0431
67.7592, -3, 32.2045
66.6845, -3, 32.0034
65.6098, -3, 31.7065
64.5351, -3, 31.2148
63.4604, -3, 30.4718
62.3858, -3, 29.3906
61.3111, -3, 27.865
60.2364, -3, 26.1831
59.1617, -3, 26.662
58.087, -3, 28.1581
57.0123, -3, 29.2371
55.9376, -3, 29.8859
54.8629, -3, 30.2213
53.7882, -3, 30.2931
52.7135, -3, 30.0874
51.6388, -3, 29.4802
50.5641, -3, 27.5704
49.4894, -3, 27.5585
48.4147, -3, 30.1888
47.3401, -3, 31.1248
46.2654, -3, 31.5752
45.1907, -3, 31.7866
44.116, -3, 31.8703
43.0413, -3, 31.8845
41.9666, -3, 31.8198
40.8919, -3, 31.0688
39.8172, -3, 28.3971
38.7425, -3, 32.9202
37.6678, -3, 34.1536
36.5931, -3, 35.0815
35.5184, -3, 35.968
34.4437, -3, 36.8385
33.369, -3, 37.6844
32.2944, -3, 38.4821
31.2197, -3, 39.1925
30.145, -3, 39.8499
29.0703, -3, 40.6738
27.9956, -3, 41.2943
26.9209, -3, 41.8822
25.8462, -3, 42.4463
24.7715, -3, 42.9782
23.6968, -3, 43.4742
22.6221, -3, 43.9527
21.5474, -3, 44.5435
20.4727, -3, 45.5017
19.398, -3, 45.524
18.3233, -3, 45.08
17.2487, -3, 45.0343
16.174, -3, 45.0725
15.0993, -3, 45.0657
14.0246, -3, 44.9773
12.9499, -3, 44.7663
11.8752, -3, 44.3058
10.8005, -3, 43.5073
9.72581, -3, 43.7904
8.65111, -3, 43.0212
7.57642, -3, 42.7927
6.50173, -3, 42.5273
5.42704, -3, 41.8331
4.35234, -3, 41.1653
3.27765, -3, 42.8798
2.20296, -3, 39.552
1.12826, -3, 35.7786
0.0535714, -3, 37.8122
-1.00188, -3, 36.5536
-2.05733, -3, 35.3605
-3.11278, -3, 34.5953
-4.16823, -3, 33.8959
-5.22368, -3, 33.1112
-6.27914, -3, 32.2553
-7.33459, -3, 31.3865
-8.39004, -3, 30.6144
-9.44549, -3, 29.8367
-10.5009, -3, 29.3428
-11.5564, -3, 29.2383
-12.6118, -3, 29.139
-13.6673, -3, 29.0452
-14.7227, -3, 28.9535
-15.7782, -3, 28.863
-16.8336, -3, 28.7731
-17.8891, -3, 28.6833
-18.9445, -3, 28.593
98.9255, -4, 30.6027
97.851, -4, 32.2378
96.7765, -4, 33.2697
95.702, -4, 34.3892
94.6275, -4, 35.6165
93.553, -4, 36.9828
92.4785, -4, 38.6338
91.404, -4, 40.8181
90.3295, -4, 43.1492
89.255, -4, 43.7074
88.1805, -4, 42.8747
87.106, -4, 42.824
86.0315, -4, 43.211
84.957, -4, 43.7643
83.8825, -4, 44.3867
82.808, -4, 44.9807
81.7335, -4, 45.1827
80.659, -4, 44.3475
79.5845, -4, 43.8705
78.51, -4, 44.7092
77.4355, -4, 44.9482
76.361, -4, 44.6643
75.2865, -4, 44.2143
74.212, -4, 43.6617
73.1375, -4, 42.9266
72.063, -4, 41.7347
70.9885, -4, 39.816
69.914, -4, 39.4739
68.8395, -4, 39.0669
67.765, -4, 39.6553
66.6905, -4, 39.6586
65.616, -4, 39.3517
64.5415, -4, 38.8158
63.467, -4, 38.0301
62.3925, -4, 37.0424
61.318, -4, 36.2457
60.2435, -4, 35.5839
59.169, -4, 35.7575
58.0945, -4, 36.2094
57.02, -4, 36.937
55.9455, -4, 37.6023
54.871, -4, 38.0151
53.7965, -4, 38.1854
52.722, -4, 38.1071
51.6475, -4, 37.5847
50.573, -4, 35.8482
49.4985, -4, 35.8653
48.424, -4, 38.4363
47.3495, -4, 39.7487
46.275, -4, 40.4391
45.2005, -4, 40.8643
44.126, -4, 41.1424
43.0515, -4, 41.291
41.977, -4, 41.1753
40.9025, -4, 40.2894
39.828, -4, 39.3855
38.7535, -4, 42.0724
37.679, -4, 43.5788
36.6045, -4, 44.4919
35.53, -4, 45.2642
34.4555, -4, 45.9543
33.381, -4, 46.5583
32.3064, -4, 47.0973
31.232, -4, 47.5892
30.1574, -4, 48.2019
29.0829, -4, 49.1126
28.0084, -4, 49.9223
26.9339, -4, 50.6933
25.8594, -4, 51.452
24.7849, -4, 52.152
23.7104, -4, 52.8212
22.6359, -4, 53.5143
21.5614, -4, 54.3426
20.4869, -4, 55.9879
19.4124, -4, 56.0033
18.3379, -4, 55.0462
17.2634, -4, 54.8828
16.1889, -4, 54.8184
15.1144, -4, 54.7433
14.0399, -4, 54.6107
12.9654, -4, 54.3454
11.8909, -4, 53.7975
10.8164, -4, 53.1478
9.74194, -4, 52.3086
8.66743, -4, 52.4657
7.59293, -4, 52.2325
6.51843, -4, 51.9359
5.44393, -4, 52.2295
4.36943, -4, 50.0409
3.29493, -4, 52.9288
2.22043, -4, 51.0643
1.14593, -4, 48.1819
0.0714286, -4, 46.5909
-0.984962, -4, 45.7473
-2.04135, -4, 44.876
-3.09774, -4, 44.0946
-4.15414, -4, 43.3426
-5.21053, -4, 42.5827
-6.26692, -4, 41.8172
-7.32331, -4, 41.0592
-8.3797, -4, 40.3211
-9.43609, -4, 39.5958
-10.4925, -4, 39.124
-11.5489, -4, 38.9718
-12.6053, -4, 38.8414
-13.6617, -4, 38.7154
-14.718, -4, 38.5941
-15.7744, -4, 38.4758
-16.8308, -4, 38.3589
-17.8872, -4, 38.2416
-18.9436, -4, 38.1225
98.9257, -5, 39.3741
97.8514, -5, 40.863
96.7771, -5, 42.5353
95.7028, -5, 43.9581
94.6285, -5, 45.2037
93.5541, -5, 46.3798
92.4798, -5, 47.636
91.4055, -5, 49.5138
90.3312, -5, 54.8952
89.2569, -5, 53.117
88.1826, -5, 51.3903
87.1083, -5, 51.4213
86.034, -5, 51.7021
84.9597, -5, 52.0258
83.8854, -5, 52.3465
82.8111, -5, 52.6184
81.7367, -5, 52.7355
80.6624, -5, 52.125
79.5881, -5, 51.2343
78.5138, -5, 52.1935
77.4395, -5, 52.265
76.3652, -5, 52.0506
75.2909, -5, 51.7141
74.2166, -5, 51.2702
73.1423, -5, 50.6574
72.068, -5, 49.6626
70.9937, -5, 47.0368
69.9194, -5, 38.4121
68.845, -5, 46.7877
67.7707, -5, 48.0058
66.6964, -5, 48.0712
65.6221, -5, 47.8252
64.5478, -5, 47.3936
63.4735, -5, 46.7846
62.3992, -5, 45.9826
61.3249, -5, 45.0947
60.2506, -5, 45.3367
59.1763, -5, 45.0359
58.102, -5, 45.3091
57.0276, -5, 45.9541
55.9533, -5, 46.4416
54.879, -5, 46.7658
53.8047, -5, 46.9332
52.7304, -5, 46.9461
51.6561, -5, 46.7595
50.5818, -5, 46.6968
49.5075, -5, 47.0978
48.4332, -5, 47.7975
47.3589, -5, 48.7552
46.2846, -5, 49.4951
45.2103, -5, 50.0716
44.1359, -5, 50.5042
43.0616, -5, 50.7737
41.9873, -5, 50.8555
40.913, -5, 50.9934
39.8387, -5, 52.7122
38.7644, -5, 52.1038
37.6901, -5, 53.1199
36.6158, -5, 54.0323
35.5415, -5, 54.768
34.4672, -5, 55.3476
33.3929, -5, 55.7747
32.3186, -5, 56.0407
31.2442, -5, 56.2443
30.1699, -5, 56.7147
29.0956, -5, 57.6801
28.0213, -5, 58.8017
26.947, -5, 59.886
25.8727, -5, 60.7952
24.7984, -5, 61.606
23.7241, -5, 62.3869
22.6498, -5, 63.2068
21.5755, -5, 64.1591
20.5012, -5, 65.3033
19.4268, -5, 65.5825
18.3525, -5, 65.1876
17.2782, -5, 64.8542
16.2039, -5, 64.6256
15.1296, -5, 64.4605
14.0553, -5, 64.3114
12.981, -5, 64.1703
11.9067, -5, 64.0396
10.8324, -5, 63.3302
9.75806, -5, 61.9703
8.68376, -5, 62.3931
7.60945, -5, 62.3673
6.53514, -5, 62.0522
5.46083, -5, 61.268
4.38652, -5, 60.4533
3.31221, -5, 61.698
2.2379, -5, 59.2577
1.16359, -5, 61.1583
0.0892857, -5, 55.9563
-0.968045, -5, 54.8082
-2.02538, -5, 54.4324
-3.08271, -5, 53.9101
-4.14004, -5, 53.2212
-5.19737, -5, 52.4505
-6.2547, -5, 51.6398
-7.31203, -5, 50.8146
-8.36936, -5, 50.0091
-9.42669, -5, 49.2956
-10.484, -5, 48.8578
-11.5414, -5, 48.692
-12.5987, -5, 48.5274
-13.656, -5, 48.3741
-14.7133, -5, 48.2265
-15.7707, -5, 48.0816
-16.828, -5, 47.9382
-17.8853, -5, 47.7952
-18.9427, -5, 47.6503
98.9259, -6, 48.9198
97.8518, -6, 50.6471
96.7776, -6, 52.3058
95.7035, -6, 53.7098
94.6294, -6, 54.9329
93.5553, -6, 56.0271
92.4812, -6, 57.065
91.4071, -6, 58.2263
90.3329, -6, 61.1742
89.2588, -6, 60.3268
88.1847, -6, 60.0421
87.1106, -6, 60.0972
86.0365, -6, 60.2444
84.9624, -6, 60.3468
83.8883, -6, 60.3299
82.8141, -6, 60.2609
81.74, -6, 60.4586
80.6659, -6, 60.9272
79.5918, -6, 60.4221
78.5177, -6, 60.0645
77.4436, -6, 59.634
76.3694, -6, 59.5167
75.2953, -6, 59.3988
74.2212, -6, 59.078
73.1471, -6, 58.5396
72.073, -6, 57.8386
70.9988, -6, 56.1999
69.9247, -6, 52.0493
68.8506, -6, 55.814
67.7765, -6, 56.7752
66.7024, -6, 57.0311
65.6283, -6, 57.0682
64.5541, -6, 56.8517
63.48, -6, 56.392
62.4059, -6, 55.7197
61.3318, -6, 54.765
60.2577, -6, 54.1863
59.1836, -6, 54.4299
58.1094, -6, 55.2982
57.0353, -6, 55.8517
55.9612, -6, 56.2251
54.8871, -6, 56.4127
53.813, -6, 56.4353
52.7389, -6, 56.4037
51.6647, -6, 56.7146
50.5906, -6, 57.8574
49.5165, -6, 58.4181
48.4424, -6, 58.0179
47.3683, -6, 58.2737
46.2942, -6, 58.9538
45.22, -6, 59.6328
44.1459, -6, 60.2061
43.0718, -6, 60.7024
41.9977, -6, 61.3023
40.9236, -6, 62.4523
39.8495, -6, 63.6989
38.7753, -6, 63.1221
37.7012, -6, 63.3674
36.6271, -6, 64.0249
35.553, -6, 64.6602
34.4789, -6, 65.1689
33.4048, -6, 65.5213
32.3306, -6, 65.6972
31.2565, -6, 65.6164
30.1824, -6, 65.3886
29.1083, -6, 66.5611
28.0342, -6, 68.2276
26.9601, -6, 69.4359
25.8859, -6, 70.4145
24.8118, -6, 71.2622
23.7377, -6, 72.0636
22.6636, -6, 72.9056
21.5895, -6, 73.8454
20.5154, -6, 74.3521
19.4412, -6, 74.8332
18.3671, -6, 75.027
17.293, -6, 74.7234
16.2189, -6, 74.4993
15.1448, -6, 74.3405
14.0707, -6, 74.2165
12.9965, -6, 74.1083
11.9224, -6, 74.0413
10.8483, -6, 74.0996
9.77419, -6, 73.3365
8.70008, -6, 73.4449
7.62596, -6, 73.1198
6.55184, -6, 72.638
5.47773, -6, 71.8574
4.40361, -6, 73.5081
3.32949, -6, 70.1779
2.25538, -6, 69.4889
1.18126, -6, 69.7831
0.107143, -6, 64.5686
-0.951128, -6, 64.3779
-2.0094, -6, 64.4058
-3.06767, -6, 63.9148
-4.12594, -6, 63.2561
-5.18421, -6, 62.496
-6.24248, -6, 61.6423
-7.30075, -6, 60.6987
-8.35902, -6, 59.7837
-9.41729, -6, 58.997
-10.4756, -6, 58.5845
-11.5338, -6, 58.3834
-12.5921, -6, 58.2611
-13.6504, -6, 58.2331
-14.7086, -6, 58.1359
-15.7669, -6, 57.9428
-16.8252, -6, 57.6586
-17.8835, -6, 57.3498
-18.9417, -6, 57.1739
98.9261, -7, 59.388
97.8521, -7, 61.4073
96.7782, -7, 62.7931
95.7043, -7, 64.0589
94.6304, -7, 65.2286
93.5564, -7, 66.257
92.4825, -7, 67.058
91.4086, -7, 67.3548
90.3347, -7, 64.5685
89.2607, -7, 67.4184
88.1868, -7, 68.9749
87.1129, -7, 69.4699
86.039, -7, 69.6952
84.9651, -7, 69.6986
83.8911, -7, 69.4507
82.8172, -7, 68.9302
81.7433, -7, 68.2696
80.6694, -7, 69.0913
79.5954, -7, 70.0155
78.5215, -7, 67.7853
77.4476, -7, 68.0142
76.3737, -7, 68.3949
75.2997, -7, 68.499
74.2258, -7, 68.2632
73.1519, -7, 67.6611
72.078, -7, 66.7212
71.004, -7, 66.4558
69.9301, -7, 71.0812
68.8562, -7, 65.9564
67.7823, -7, 66.3939
66.7083, -7, 67.0912
65.6344, -7, 67.4007
64.5605, -7, 67.3624
63.4866, -7, 67.0266
62.4126, -7, 66.4078
61.3387, -7, 65.4585
60.2648, -7, 63.0141
59.1909, -7, 64.8101
58.1169, -7, 66.1409
57.043, -7, 66.7384
55.9691, -7, 67.0026
54.8952, -7, 67.0669
53.8212, -7, 66.9799
52.7473, -7, 66.8395
51.6734, -7, 66.8304
50.5995, -7, 67.8283
49.5255, -7, 68.5243
48.4516, -7, 68.1169
47.3777, -7, 68.6816
46.3038, -7, 69.3999
45.2298, -7, 70.1246
44.1559, -7, 70.8085
43.082, -7, 71.5051
42.0081, -7, 72.2747
40.9341, -7, 73.2298
39.8602, -7, 73.5248
38.7863, -7, 74.0295
37.7124, -7, 74.3247
36.6384, -7, 74.7749
35.5645, -7, 75.2558
34.4906, -7, 75.6821
33.4167, -7, 75.9899
32.3427, -7, 76.0964
31.2688, -7, 75.8023
30.1949, -7, 74.3434
29.121, -7, 76.4514
28.047, -7, 78.196
26.9731, -7, 79.4107
25.8992, -7, 80.3401
24.8253, -7, 81.1294
23.7513, -7, 81.8577
22.6774, -7, 82.5743
21.6035, -7, 83.2608
20.5296, -7, 84.0639
19.4556, -7, 84.5745
18.3817, -7, 84.4606
17.3078, -7, 84.3895
16.2339, -7, 84.2739
15.1599, -7, 84.1732
14.086, -7, 84.1037
13.0121, -7, 84.0528
11.9382, -7, 83.9832
10.8642, -7, 84.4008
9.79032, -7, 86.2818
8.7164, -7, 84.479
7.64247, -7, 83.5953
6.56855, -7, 83.257
5.49462, -7, 83.4927
4.4207, -7, 82.2642
3.34677, -7, 78.8378
2.27285, -7, 80.5505
1.19892, -7, 79.7117
0.125, -7, 74.2405
-0.934211, -7, 74.9802
-1.99342, -7, 74.7406
-3.05263, -7, 74.2122
-4.11184, -7, 73.5666
-5.17105, -7, 72.8385
-6.23026, -7, 72.0154
-7.28947, -7, 71.0495
-8.34868, -7, 69.8504
-9.4079, -7, 68.7563
-10.4671, -7, 68.2656
-11.5263, -7, 68.2655
-12.5855, -7, 68.5471
-13.6447, -7, 68.6106
-14.7039, -7, 68.5178
-15.7632, -7, 68.2935
-16.8224, -7, 67.9301
-17.8816, -7, 67.3832
-18.9408, -7, 66.7055
98.9263, -8, 70.5497
97.8525, -8, 72.2743
96.7788, -8, 73.6194
95.7051, -8, 74.8593
94.6313, -8, 75.9847
93.5576, -8, 76.9392
92.4839, -8, 77.5344
91.4101, -8, 77.1096
90.3364, -8, 73.8366
89.2627, -8, 76.1162
88.1889, -8, 78.7967
87.1152, -8, 79.7519
86.0415, -8, 80.0664
84.9677, -8, 80.0409
83.894, -8, 79.7293
82.8203, -8, 79.0046
81.7465, -8, 77.634
80.6728, -8, 76.0334
79.5991, -8, 76.7987
78.5253, -8, 77.0698
77.4516, -8, 78.2141
76.3779, -8, 78.8501
75.3041, -8, 79.0375
74.2304, -8, 78.9098
73.1567, -8, 78.4677
72.0829, -8, 77.7358
71.0092, -8, 77.8075
69.9355, -8, 80.9985
68.8617, -8, 77.7723
67.788, -8, 77.8945
66.7143, -8, 78.5317
65.6406, -8, 78.8545
64.5668, -8, 78.9167
63.4931, -8, 78.7559
62.4194, -8, 78.2925
61.3456, -8, 77.4467
60.2719, -8, 75.2376
59.1982, -8, 76.5212
58.1244, -8, 77.8778
57.0507, -8, 78.4529
55.977, -8, 78.6273
54.9032, -8, 78.5872
53.8295, -8, 78.3839
52.7558, -8, 77.9995
51.682, -8, 77.3753
50.6083, -8, 76.6962
49.5346, -8, 77.2548
48.4608, -8, 78.3385
47.3871, -8, 79.5883
46.3134, -8, 80.5468
45.2396, -8, 81.3583
44.1659, -8, 82.0748
43.0922, -8, 82.7311
42.0184, -8, 83.3079
40.9447, -8, 83.6025
39.871, -8, 83.9914
38.7972, -8, 84.7759
37.7235, -8, 85.4845
36.6498, -8, 85.978
35.576, -8, 86.3957
34.5023, -8, 86.7491
33.4286, -8, 87.001
32.3548, -8, 87.0553
31.2811, -8, 86.8014
30.2074, -8, 85.7378
29.1336, -8, 87.3993
28.0599, -8, 88.7687
26.9862, -8, 89.7546
25.9124, -8, 90.5171
24.8387, -8, 91.1559
23.765, -8, 91.7226
22.6912, -8, 92.2529
21.6175, -8, 92.8174
20.5438, -8, 93.8464
19.47, -8, 94.2961
18.3963, -8, 93.9137
17.3226, -8, 93.8616
16.2488, -8, 93.8045
15.1751, -8, 93.7567
14.1014, -8, 93.7425
13.0276, -8, 93.8093
11.9539, -8, 94.0269
10.8802, -8, 94.2962
9.80645, -8, 95.7199
8.73272, -8, 93.8967
7.65899, -8, 93.2569
6.58525, -8, 92.7695
5.51152, -8, 92.7777
4.43779, -8, 92.1531
3.36406, -8, 89.7659
2.29032, -8, 90.5825
1.21659, -8, 88.1558
0.142857, -8, 86.8184
-0.917293, -8, 86.1365
-1.97744, -8, 85.3745
-3.03759, -8, 84.7093
-4.09774, -8, 84.0551
-5.15789, -8, 83.3764
-6.21805, -8, 82.6397
-7.2782, -8, 81.7849
-8.33835, -8, 80.6602
-9.3985, -8, 78.7649
-10.4586, -8, 77.9751
-11.5188, -8, 79.0175
-12.5789, -8, 79.3461
-13.6391, -8, 79.371
-14.6992, -8, 79.2449
-15.7594, -8, 79.0033
-16.8195, -8, 78.6357
-17.8797, -8, 78.0689
-18.9398, -8, 77.0476
98.9265, -9, 82.2733
97.8529, -9, 83.3064
96.7794, -9, 84.6434
95.7058, -9, 85.8667
94.6323, -9, 86.9423
93.5588, -9, 87.8359
92.4852, -9, 88.4106
91.4117, -9, 88.3939
90.3381, -9, 88.6234
89.2646, -9, 88.357
88.1911, -9, 89.839
87.1175, -9, 90.5876
86.044, -9, 90.827
84.9704, -9, 90.7783
83.8969, -9, 90.5102
82.8233, -9, 89.9713
81.7498, -9, 88.834
80.6763, -9, 85.1797
79.6027, -9, 82.9493
78.5292, -9, 88.4255
77.4556, -9, 89.7892
76.3821, -9, 90.2016
75.3086, -9, 90.3765
74.235, -9, 90.4301
73.1615, -9, 90.4596
72.0879, -9, 90.505
71.0144, -9, 89.7698
69.9409, -9, 85.5887
68.8673, -9, 90.3452
67.7938, -9, 90.9312
66.7202, -9, 90.9096
65.6467, -9, 90.9447
64.5732, -9, 90.9984
63.4996, -9, 91.0407
62.4261, -9, 91.0479
61.3525, -9, 90.6569
60.279, -9, 90.279
59.2055, -9, 89.9732
58.1319, -9, 90.4935
57.0584, -9, 90.5919
55.9848, -9, 90.5704
54.9113, -9, 90.4572
53.8377, -9, 90.1992
52.7642, -9, 89.6864
51.6907, -9, 88.6996
50.6171, -9, 86.5009
49.5436, -9, 86.066
48.47, -9, 89.2503
47.3965, -9, 90.8815
46.323, -9, 92.0164
45.2494, -9, 92.8632
44.1759, -9, 93.5385
43.1023, -9, 94.0819
42.0288, -9, 94.4883
40.9553, -9, 94.6807
39.8817, -9, 94.8599
38.8082, -9, 96.0105
37.7346, -9, 96.7589
36.6611, -9, 97.2554
35.5876, -9, 97.6348
34.514, -9, 97.9523
33.4405, -9, 98.2204
32.3669, -9, 98.4359
31.2934, -9, 98.4994
30.2199, -9, 98.9052
29.1463, -9, 99.1764
28.0728, -9, 99.904
26.99923, -9, 100.427
25.92569, -9, 100.9019
24.85215, -9, 101.3445
23.77861, -9, 101.7537
22.70507, -9, 102.145
21.63153, -9, 102.5974
20.55799, -9, 103.2021
19.48445, -9, 103.4786
18.41091, -9, 103.3907
17.33737, -9, 103.3211
16.26382, -9, 103.3291
15.19028, -9, 103.34
14.11674, -9, 103.3593
13.0432, -9, 103.4236
11.96966, -9, 103.6407
10.89612, -9, 104.0536
9.82258, -9, 101.3324
8.74904, -9, 103.1161
7.675499, -9, 102.9128
6.601959, -9, 102.2892
5.528418, -9, 100.7828
4.454877, -9, 100.727
3.381336, -9, 102.3224
2.3078, -9, 99.448
1.23425, -9, 96.3653
0.160714, -9, 99.847
-0.900376, -9, 97.355
-1.96147, -9, 96.086
-3.02256, -9, 95.2814
-4.08365, -9, 94.6233
-5.14474, -9, 94.013
-6.20583, -9, 93.4028
-7.26692, -9, 92.7407
-8.32801, -9, 91.9145
-9.3891, -9, 90.3815
-10.4502, -9, 89.3674
-11.5113, -9, 90.384
-12.5724, -9, 90.4839
-13.6335, -9, 90.3872
-14.6945, -9, 90.2022
-15.7556, -9, 89.9521
-16.8167, -9, 89.6296
-17.8778, -9, 89.184
-18.9389, -9, 88.4029
98.9267, -10, 94.5827
97.8533, -10, 95.0365
96.78, -10, 96.1002
95.7066, -10, 97.1607
94.6333, -10, 98.1622
93.5599, -10, 99.0973
92.4866, -10, 99.9769
91.41321, -10, 101.2631
90.33986, -10, 103.3281
89.26651, -10, 102.9723
88.19316, -10, 101.9829
87.11981, -10, 101.9223
86.04647, -10, 101.9228
84.97312, -10, 101.8302
83.89977, -10, 101.6527
82.82642, -10, 101.3453
81.75307, -10, 100.7618
80.6797, -10, 98.4811
79.6064, -10, 96.13
78.53303, -10, 100.5775
77.45968, -10, 101.5291
76.38633, -10, 101.9398
75.31298, -10, 102.1824
74.23963, -10, 102.4091
73.16628, -10, 102.6621
72.09293, -10, 102.8551
71.01958, -10, 102.1569
69.9462, -10, 98.2581
68.87289, -10, 102.9074
67.79954, -10, 103.5245
66.72619, -10, 103.4236
65.65284, -10, 103.3263
64.57949, -10, 103.3231
63.50615, -10, 103.4205
62.4328, -10, 103.6429
61.35945, -10, 104.2626
60.2861, -10, 105.2491
59.21275, -10, 104.659
58.1394, -10, 103.3496
57.06605, -10, 102.9293
55.9927, -10, 102.7584
54.91935, -10, 102.6156
53.846, -10, 102.4037
52.77266, -10, 101.9557
51.69931, -10, 100.9968
50.626, -10, 98.6175
49.5526, -10, 97.9224
48.47926, -10, 101.2262
47.40591, -10, 102.8589
46.33257, -10, 103.9103
45.25922, -10, 104.6502
44.18587, -10, 105.2449
43.11252, -10, 105.7303
42.03917, -10, 106.1117
40.96582, -10, 106.4941
39.89247, -10, 106.7852
38.81913, -10, 107.7882
37.74578, -10, 108.2371
36.67243, -10, 108.6242
35.59908, -10, 108.9415
34.52573, -10, 109.2443
33.45238, -10, 109.5614
32.37903, -10, 109.927
31.30568, -10, 110.5774
30.23233, -10, 111.571
29.15899, -10, 111.4779
28.08564, -10, 111.1603
27.01229, -10, 111.2708
25.93894, -10, 111.4859
24.86559, -10, 111.7335
23.79224, -10, 111.9893
22.71889, -10, 112.2327
21.64555, -10, 112.4293
20.5722, -10, 112.388
19.49885, -10, 112.4254
18.4255, -10, 112.7769
17.35215, -10, 112.9127
16.2788, -10, 112.9801
15.20545, -10, 113.0125
14.1321, -10, 113.0442
13.05876, -10, 113.0739
11.98541, -10, 113.0437
10.91206, -10, 112.9224
9.83871, -10, 113.5146
8.765361, -10, 112.6099
7.692012, -10, 112.2197
6.618664, -10, 111.8407
5.545315, -10, 111.4129
4.471966, -10, 112.7685
3.398618, -10, 112.0045
2.325269, -10, 107.2315
1.25192, -10, 107.4121
0.1785714, -10, 109.1948
-0.8834587, -10, 107.9874
-1.945489, -10, 106.6193
-3.007519, -10, 105.7679
-4.069549, -10, 105.1448
-5.131579, -10, 104.6294
-6.193609, -10, 104.1716
-7.255639, -10, 103.7447
-8.317669, -10, 103.3255
-9.3797, -10, 102.8616
-10.44173, -10, 102.3819
-11.50376, -10, 102.061
-12.56579, -10, 101.7883
-13.62782, -10, 101.526
-14.68985, -10, 101.2693
-15.75188, -10, 101.016
-16.81391, -10, 100.7641
-17.87594, -10, 100.5124
-18.93797, -10, 100.259
98.92684, -11, 106.5744
97.85368, -11, 107.3406
96.78053, -11, 107.929
95.70737, -11, 108.7196
94.63422, -11, 109.6587
93.56106, -11, 110.7575
92.4879, -11, 112.2061
91.41475, -11, 114.1291
90.34159, -11, 116.9514
89.26843, -11, 116.3712
88.19527, -11, 114.6604
87.12212, -11, 113.7221
86.04897, -11, 113.2522
84.97581, -11, 113.0245
83.90265, -11, 112.9155
82.82949, -11, 112.9199
81.75634, -11, 113.0103
80.68318, -11, 113.8824
79.61002, -11, 115.5381
78.53687, -11, 112.9998
77.46371, -11, 113.1083
76.39056, -11, 113.3246
75.3174, -11, 113.5782
74.24424, -11, 113.8929
73.17108, -11, 114.2584
72.09792, -11, 114.6013
71.02477, -11, 115.0841
69.95161, -11, 118.2109
68.87846, -11, 115.5475
67.8053, -11, 115.418
66.73214, -11, 115.3111
65.65899, -11, 115.2152
64.58583, -11, 115.2316
63.51267, -11, 115.4139
62.43952, -11, 115.8925
61.36636, -11, 117.0052
60.2932, -11, 119.6933
59.22005, -11, 117.9619
58.14689, -11, 116.1213
57.07373, -11, 115.3169
56.00058, -11, 114.9543
54.92742, -11, 114.7912
53.85426, -11, 114.6974
52.7811, -11, 114.5871
51.70795, -11, 114.2019
50.63479, -11, 113.085
49.56163, -11, 113.1145
48.48848, -11, 114.3622
47.41532, -11, 115.3535
46.34217, -11, 115.9516
45.26901, -11, 116.4693
44.19585, -11, 116.977
43.1227, -11, 117.5163
42.04954, -11, 118.111
40.97638, -11, 118.6502
39.90322, -11, 119.6664
38.83007, -11, 119.6779
37.75691, -11, 119.8548
36.68375, -11, 119.9606
35.6106, -11, 120.1585
34.53744, -11, 120.4459
33.46429, -11, 120.8403
32.39113, -11, 121.4195
31.31797, -11, 122.2705
30.24482, -11, 123.6991
29.17166, -11, 123.0532
28.0985, -11, 122.3612
27.02534, -11, 122.1109
25.95219, -11, 122.0982
24.87903, -11, 122.1863
23.80588, -11, 122.2973
22.73272, -11, 122.3735
21.65956, -11, 122.3098
20.5864, -11, 121.8711
19.51325, -11, 121.7555
18.44009, -11, 122.2516
17.36694, -11, 122.5098
16.29378, -11, 122.5918
15.22062, -11, 122.599
14.14747, -11, 122.5821
13.07431, -11, 122.5589
12.00115, -11, 122.4551
10.928, -11, 122.1061
9.854838, -11, 124.204
8.781682, -11, 122.1476
7.708525, -11, 121.5721
6.635369, -11, 121.4312
5.562212, -11, 122.2178
4.489055, -11, 121.5438
3.415899, -11, 119.7103
2.342742, -11, 116.1491
1.269585, -11, 119.5273
0.1964286, -11, 118.3513
-0.8665413, -11, 117.4936
-1.929511, -11, 116.7157
-2.992481, -11, 116.031
-4.055451, -11, 115.5256
-5.118421, -11, 115.1347
-6.181391, -11, 114.835
-7.244361, -11, 114.6328
-8.307331, -11, 114.6004
-9.3703, -11, 115.1761
-10.43327, -11, 115.3682
-11.49624, -11, 113.725
-12.55921, -11, 113.0803
-13.62218, -11, 112.6533
-14.68515, -11, 112.3262
-15.74812, -11, 112.0711
-16.81109, -11, 111.8918
-17.87406, -11, 111.835
-18.93703, -11, 112.111
98.92703, -12, 117.8972
97.85407, -12, 118.927
96.7811, -12, 119.5573
95.70814, -12, 120.2935
94.63518, -12, 121.2103
93.56221, -12, 122.3561
92.48925, -12, 123.8084
91.41628, -12, 125.6703
90.34332, -12, 128.4168
89.27036, -12, 128.0444
88.19739, -12, 126.3237
87.12442, -12, 125.2155
86.05146, -12, 124.5607
84.97849, -12, 124.2135
83.90553, -12, 124.0977
82.83257, -12, 124.2509
81.7596, -12, 125.0008
80.68664, -12, 128.2926
79.61367, -12, 130.4125
78.5407, -12, 125.5809
77.46774, -12, 124.4758
76.39478, -12, 124.3526
75.32182, -12, 124.5382
74.24885, -12, 124.8847
73.17588, -12, 125.3929
72.10292, -12, 126.2229
71.02995, -12, 128.3793
69.95699, -12, 132.9147
68.88403, -12, 128.4021
67.81106, -12, 126.9929
66.7381, -12, 126.6591
65.66513, -12, 126.5828
64.59216, -12, 126.6722
63.5192, -12, 126.9569
62.44624, -12, 127.5221
61.37327, -12, 128.5426
60.30031, -12, 130.9254
59.22734, -12, 129.4161
58.15438, -12, 128.0609
57.08141, -12, 127.3494
56.00845, -12, 126.9905
54.93548, -12, 126.8535
53.86252, -12, 126.8808
52.78955, -12, 127.0456
51.71659, -12, 127.4761
50.64362, -12, 128.6415
49.57066, -12, 128.8436
48.4977, -12, 127.9925
47.42473, -12, 127.7658
46.35176, -12, 127.9172
45.2788, -12, 128.2026
44.20584, -12, 128.5943
43.13287, -12, 129.1099
42.05991, -12, 129.8258
40.98694, -12, 130.9341
39.91398, -12, 131.8775
38.84101, -12, 131.3975
37.76805, -12, 131.0714
36.69508, -12, 131.0442
35.62212, -12, 131.1878
34.54916, -12, 131.464
33.47619, -12, 131.877
32.40322, -12, 132.4599
31.33026, -12, 133.2506
30.2573, -12, 134.5272
29.18433, -12, 133.7702
28.11137, -12, 133.1143
27.0384, -12, 132.7888
25.96544, -12, 132.6584
24.89247, -12, 132.6273
23.81951, -12, 132.623
22.74654, -12, 132.562
21.67358, -12, 132.3425
20.60061, -12, 131.9258
19.52765, -12, 131.7286
18.45469, -12, 132.043
17.38172, -12, 132.1797
16.30876, -12, 132.2154
15.23579, -12, 132.1711
14.16283, -12, 132.062
13.08986, -12, 131.9099
12.0169, -12, 131.8272
10.94393, -12, 132.0871
9.870968, -12, 129.403
8.798003, -12, 131.2355
7.725039, -12, 131.0381
6.652074, -12, 130.5257
5.579109, -12, 129.9518
4.506145, -12, 129.2123
3.43318, -12, 127.9176
2.360215, -12, 127.3596
1.28725, -12, 129.1322
0.2142857, -12, 127.1772
-0.849624, -12, 126.4003
-1.913534, -12, 126.2653
-2.977444, -12, 126.0353
-4.041353, -12, 125.7807
-5.105263, -12, 125.5384
-6.169173, -12, 125.3505
-7.233083, -12, 125.2831
-8.296992, -12, 125.4973
-9.360902, -12, 126.4478
-10.42481, -12, 126.5609
-11.48872, -12, 125.0493
-12.55263, -12, 124.1773
-13.61654, -12, 123.6329
-14.68045, -12, 123.2522
-15.74436, -12, 122.9935
-16.80827, -12, 122.864
-17.87218, -12, 122.9342
-18.93609, -12, 123.4537
98.92723, -13, 128.8604
97.85445, -13, 129.59
96.78168, -13, 130.3737
95.70891, -13, 131.1598
94.63614, -13, 132.0569
93.56336, -13, 133.1123
92.49059, -13, 134.3405
91.41782, -13, 135.9078
90.34505, -13, 137.7659
89.27227, -13, 137.9711
88.1995, -13, 136.7942
87.12673, -13, 135.9334
86.05396, -13, 135.3639
84.98119, -13, 135.0446
83.90841, -13, 134.9627
82.83564, -13, 135.233
81.76286, -13, 136.2678
80.69009, -13, 138.472
79.61732, -13, 138.6063
78.54455, -13, 137.0854
77.47177, -13, 135.7617
76.399, -13, 135.3642
75.32623, -13, 135.4585
74.25346, -13, 135.8216
73.18069, -13, 136.4857
72.10791, -13, 137.7098
71.03514, -13, 139.6625
69.96236, -13, 140.3929
68.88959, -13, 139.682
67.81682, -13, 138.3048
66.74405, -13, 137.6904
65.67127, -13, 137.5372
64.5985, -13, 137.6311
63.52573, -13, 137.9295
62.45296, -13, 138.4258
61.38018, -13, 139.0516
60.30741, -13, 138.9112
59.23464, -13, 139.4891
58.16187, -13, 139.1024
57.08909, -13, 138.6963
56.01632, -13, 138.4519
54.94355, -13, 138.4147
53.87078, -13, 138.6062
52.798, -13, 139.1259
51.72523, -13, 140.2431
50.65246, -13, 142.4876
49.57969, -13, 143.3553
48.50691, -13, 141.0124
47.43414, -13, 139.982
46.36137, -13, 139.6515
45.28859, -13, 139.7101
44.21582, -13, 139.9819
43.14305, -13, 140.4306
42.07028, -13, 141.109
40.99751, -13, 142.1852
39.92473, -13, 143.1689
38.85196, -13, 142.2722
37.77919, -13, 141.8014
36.70641, -13, 141.7574
35.63364, -13, 141.8843
34.56087, -13, 142.1255
33.48809, -13, 142.4776
32.41532, -13, 142.9415
31.34255, -13, 143.5464
30.26978, -13, 144.0068
29.197, -13, 143.8708
28.12423, -13, 143.4072
27.05146, -13, 143.1313
25.97869, -13, 142.9656
24.90591, -13, 142.876
23.83314, -13, 142.8272
22.76037, -13, 142.7682
21.6876, -13, 142.6333
20.61482, -13, 142.261
19.54205, -13, 142.0522
18.46928, -13, 142.2027
17.39651, -13, 142.1595
16.32373, -13, 142.0374
15.25096, -13, 141.8922
14.17819, -13, 141.738
13.10541, -13, 141.5831
12.03264, -13, 141.4317
10.95987, -13, 141.2782
9.887096, -13, 141.101
8.814324, -13, 140.5879
7.741551, -13, 140.2326
6.668779, -13, 139.6865
5.596006, -13, 138.2035
4.523233, -13, 135.5907
3.450461, -13, 136.7461
2.377688, -13, 140.1651
1.304916, -13, 139.321
0.2321429, -13, 135.9335
-0.8327067, -13, 135.3292
-1.897556, -13, 135.776
-2.962406, -13, 135.9809
-4.027256, -13, 135.9498
-5.092105, -13, 135.8278
-6.156955, -13, 135.7142
-7.221805, -13, 135.7008
-8.286654, -13, 135.9211
-9.351503, -13, 136.186
-10.41635, -13, 136.1389
-11.4812, -13, 135.6828
-12.54605, -13, 134.9046
-13.6109, -13, 134.3367
-14.67575, -13, 133.9318
-15.7406, -13, 133.664
-16.80545, -13, 133.5379
-17.8703, -13, 133.5942
-18.93515, -13, 133.7835
98.92742, -14, 139.6912
97.85484, -14, 139.8867
96.78226, -14, 140.5437
95.70968, -14, 141.3159
94.6371, -14, 142.1689
93.56451, -14, 143.1155
92.49194, -14, 144.1807
91.41936, -14, 145.3278
90.34677, -14, 146.3154
89.27419, -14, 146.3749
88.20161, -14, 146.2967
87.12904, -14, 145.9395
86.05645, -14, 145.6367
84.98387, -14, 145.4658
83.91129, -14, 145.4644
82.83871, -14, 145.6622
81.76613, -14, 145.9688
80.69355, -14, 145.3966
79.62096, -14, 145.2116
78.54839, -14, 146.3184
77.47581, -14, 146.3056
76.40323, -14, 146.1947
75.33064, -14, 146.2938
74.25806, -14, 146.6287
73.18549, -14, 147.2092
72.1129, -14, 148.014
71.04032, -14, 148.4809
69.96774, -14, 148.2899
68.89516, -14, 148.8028
67.82258, -14, 148.5906
66.75, -14, 148.1888
65.67742, -14, 148.0257
64.60484, -14, 148.0684
63.53226, -14, 148.2626
62.45968, -14, 148.547
61.3871, -14, 148.6718
60.31452, -14, 147.5908
59.24194, -14, 148.6406
58.16935, -14, 149.293
57.09678, -14, 149.2595
56.02419, -14, 149.2454
54.95161, -14, 149.3785
53.87903, -14, 149.7306
52.80645, -14, 150.4119
51.73387, -14, 151.5944
50.66129, -14, 153.6532
49.58871, -14, 154.7852
48.51613, -14, 152.4551
47.44355, -14, 151.4382
46.37097, -14, 150.9956
45.29839, -14, 150.9186
44.22581, -14, 151.0787
43.15322, -14, 151.3961
42.08065, -14, 151.8119
41.00806, -14, 152.2466
39.93548, -14, 153.3971
38.8629, -14, 152.2425
37.79032, -14, 152.1504
36.71774, -14, 152.1584
35.64516, -14, 152.2575
34.57258, -14, 152.4337
33.5, -14, 152.6824
32.42742, -14, 153.0014
31.35484, -14, 153.3339
30.28226, -14, 153.4139
29.20968, -14, 153.4575
28.1371, -14, 153.359
27.06452, -14, 153.1407
25.99194, -14, 152.9849
24.91936, -14, 152.8934
23.84678, -14, 152.8556
22.77419, -14, 152.8675
21.70161, -14, 152.9238
20.62903, -14, 152.9103
19.55645, -14, 152.7543
18.48387, -14, 152.4685
17.41129, -14, 152.1615
16.33871, -14, 151.8755
15.26613, -14, 151.6256
14.19355, -14, 151.4196
13.12097, -14, 151.2508
12.04839, -14, 151.0257
10.97581, -14, 150.5009
9.903226, -14, 152.9556
8.830646, -14, 150.2996
7.758065, -14, 149.7797
6.685484, -14, 149.5219
5.612903, -14, 149.2551
4.540323, -14, 147.7923
3.467742, -14, 148.6483
2.395161, -14, 149.3404
1.322581, -14, 147.3048
0.25, -14, 144.4479
-0.8157895, -14, 144.8127
-1.881579, -14, 145.7579
-2.947368, -14, 146.0292
-4.013158, -14, 146.0412
-5.078948, -14, 145.9676
-6.144737, -14, 145.8914
-7.210526, -14, 145.8622
-8.276316, -14, 145.8086
-9.342105, -14, 145.7545
-10.4079, -14, 145.7373
-11.47368, -14, 145.4204
-12.53947, -14, 145.0771
-13.60526, -14, 144.6264
-14.67105, -14, 144.2426
-15.73684, -14, 143.9575
-16.80263, -14, 143.7658
-17.86842, -14, 143.6008
-18.93421, -14, 143.3022
98.92761, -15, 149.858
97.85522, -15, 149.9862
96.78284, -15, 150.4549
95.71045, -15, 151.124
94.63805, -15, 151.9005
93.56567, -15, 152.743
92.49328, -15, 153.5794
91.42089, -15, 154.2743
90.3485, -15, 154.6234
89.27612, -15, 154.8316
88.20373, -15, 155.066
87.13134, -15, 155.2353
86.05894, -15, 155.2369
84.98656, -15, 155.2048
83.91417, -15, 155.1865
82.84178, -15, 155.0838
81.76939, -15, 154.5061
80.69701, -15, 153.1461
79.62462, -15, 152.6701
78.55223, -15, 154.5291
77.47984, -15, 155.564
76.40745, -15, 156.0222
75.33506, -15, 156.2867
74.26267, -15, 156.5685
73.19028, -15, 156.8574
72.1179, -15, 156.9434
71.04551, -15, 156.8957
69.97312, -15, 157.0751
68.90073, -15, 157.3547
67.82834, -15, 157.6689
66.75595, -15, 157.8418
65.68356, -15, 157.8744
64.61118, -15, 157.9239
63.53879, -15, 157.985
62.4664, -15, 157.9486
61.39401, -15, 157.7698
60.32162, -15, 157.7816
59.24923, -15, 158.107
58.17684, -15, 158.703
57.10445, -15, 159.128
56.03207, -15, 159.3983
54.95968, -15, 159.6826
53.88729, -15, 160.082
52.8149, -15, 160.6596
51.74251, -15, 161.508
50.67012, -15, 162.9512
49.59773, -15, 163.2804
48.52534, -15, 162.4064
47.45296, -15, 161.8102
46.38057, -15, 161.5408
45.30818, -15, 161.47
44.23579, -15, 161.5617
43.1634, -15, 161.7548
42.09101, -15, 161.93
41.01862, -15, 161.9183
39.94624, -15, 161.3144
38.87385, -15, 161.9505
37.80146, -15, 162.143
36.72907, -15, 162.2251
35.65668, -15, 162.3027
34.58429, -15, 162.4243
33.51191, -15, 162.5812
32.43952, -15, 162.7252
31.36713, -15, 162.8222
30.29474, -15, 162.9488
29.22235, -15, 163.0049
28.14996, -15, 162.9651
27.07757, -15, 162.9053
26.00518, -15, 162.8284
24.9328, -15, 162.7737
23.86041, -15, 162.7547
22.78802, -15, 162.7864
21.71563, -15, 162.9526
20.64324, -15, 163.4741
19.57085, -15, 163.4918
18.49846, -15, 162.5635
17.42608, -15, 161.9562
16.35369, -15, 161.5612
15.2813, -15, 161.2364
14.20891, -15, 160.9295
13.13652, -15, 160.6249
12.06413, -15, 160.3954
10.99174, -15, 160.4507
9.919354, -15, 158.0641
8.846966, -15, 159.8268
7.774578, -15, 159.7661
6.702189, -15, 159.6759
5.6298, -15, 160.2948
4.557412, -15, 160.8533
3.485023, -15, 159.4843
2.412634, -15, 157.7131
1.340246, -15, 156.053
0.2678571, -15, 154.0869
-0.7988722, -15, 155.5302
-1.865602, -15, 156.0477
-2.932331, -15, 156.1343
-3.99906, -15, 156.0843
-5.06579, -15, 155.9785
-6.132519, -15, 155.8449
-7.199248, -15, 155.6985
-8.265978, -15, 155.556
-9.332706, -15, 155.4247
-10.39944, -15, 155.3046
-11.46617, -15, 155.0048
-12.5329, -15, 154.683
-13.59962, -15, 154.3684
-14.66635, -15, 154.0567
-15.73308, -15, 153.7454
-16.79981, -15, 153.4344
-17.86654, -15, 153.1245
-18.93327, -15, 152.813
98.9278, -16, 159.139
97.85561, -16, 159.5848
96.78341, -16, 160.0239
95.71121, -16, 160.6201
94.63902, -16, 161.3127
93.56682, -16, 162.0366
92.49462, -16, 162.7206
91.42242, -16, 163.2522
90.35023, -16, 163.3672
89.27803, -16, 163.6981
88.20583, -16, 163.9817
87.13364, -16, 164.1494
86.06145, -16, 164.2513
84.98925, -16, 164.2779
83.91705, -16, 164.2026
82.84486, -16, 163.9759
81.77266, -16, 163.5095
80.70046, -16, 162.5704
79.62827, -16, 161.9939
78.55607, -16, 163.6182
77.48387, -16, 164.4458
76.41167, -16, 165.0139
75.33948, -16, 165.4048
74.26728, -16, 165.6623
73.19508, -16, 165.8033
72.12289, -16, 165.829
71.05069, -16, 165.8012
69.97849, -16, 165.9521
68.9063, -16, 166.2898
67.8341, -16, 166.6693
66.7619, -16, 166.9764
65.6897, -16, 167.1761
64.61751, -16, 167.2857
63.54531, -16, 167.3142
62.47312, -16, 167.2672
61.40092, -16, 167.2161
60.32872, -16, 167.8082
59.25653, -16, 167.8212
58.18433, -16, 168.1391
57.11214, -16, 168.6257
56.03994, -16, 169.0262
54.96774, -16, 169.3856
53.89555, -16, 169.759
52.82335, -16, 170.1993
51.75115, -16, 170.7202
50.67896, -16, 170.8897
49.60676, -16, 170.9297
48.53456, -16, 171.4725
47.46236, -16, 171.3944
46.39017, -16, 171.3156
45.31797, -16, 171.3212
44.24578, -16, 171.3967
43.17358, -16, 171.5192
42.10138, -16, 171.6429
41.02919, -16, 171.4897
39.95699, -16, 169.9764
38.88479, -16, 171.6593
37.8126, -16, 171.8778
36.7404, -16, 171.9399
35.6682, -16, 172.0156
34.596, -16, 172.1075
33.52381, -16, 172.2024
32.45161, -16, 172.2834
31.37942, -16, 172.3332
30.30722, -16, 172.4536
29.23502, -16, 172.5206
28.16283, -16, 172.5154
27.09063, -16, 172.5249
26.01843, -16, 172.5212
24.94624, -16, 172.5183
23.87404, -16, 172.5343
22.80184, -16, 172.5968
21.72965, -16, 172.7649
20.65745, -16, 173.3154
19.58525, -16, 173.4787
18.51306, -16, 172.3425
17.44086, -16, 171.7511
16.36866, -16, 171.2923
15.29647, -16, 170.9025
14.22427, -16, 170.5326
13.15207, -16, 170.1703
12.07988, -16, 169.8548
11.00768, -16, 169.6061
9.935484, -16, 168.6825
8.863287, -16, 169.1469
7.79109, -16, 169.2456
6.718894, -16, 169.2742
5.646698, -16, 169.189
4.574501, -16, 168.8043
3.502304, -16, 167.3631
2.430108, -16, 165.6451
1.357911, -16, 164.3123
0.2857143, -16, 166.0353
-0.7819549, -16, 166.8634
-1.849624, -16, 166.5422
-2.917293, -16, 166.3028
-3.984962, -16, 166.0924
-5.052631, -16, 165.8935
-6.120301, -16, 165.7001
-7.18797, -16, 165.5126
-8.255639, -16, 165.3321
-9.323308, -16, 165.1581
-10.39098, -16, 164.891
-11.45865, -16, 164.5675
-12.52632, -16, 164.2364
-13.59398, -16, 163.9133
-14.66165, -16, 163.5933
-15.72932, -16, 163.2748
-16.79699, -16, 162.9571
-17.86466, -16, 162.6397
-18.93233, -16, 162.3221
98.92799, -17, 167.9799
97.85599, -17, 168.5859
96.78399, -17, 169.2014
95.71198, -17, 169.828
94.63998, -17, 170.4981
93.56797, -17, 171.1759
92.49596, -17, 171.8025
91.42397, -17, 172.3146
90.35196, -17, 172.7363
89.27995, -17, 172.9679
88.20795, -17, 173.194
87.13595, -17, 173.3247
86.06394, -17, 173.412
84.99194, -17, 173.4477
83.91993, -17, 173.4155
82.84792, -17, 173.3044
81.77592, -17, 173.1435
80.70392, -17, 172.9174
79.63191, -17, 173.0846
78.55991, -17, 173.4278
77.4879, -17, 173.8908
76.4159, -17, 174.3139
75.3439, -17, 174.6611
74.27189, -17, 174.9209
73.19988, -17, 175.0984
72.12788, -17, 175.2099
71.05588, -17, 175.1928
69.98387, -17, 175.1406
68.91187, -17, 175.6671
67.83986, -17, 176.1039
66.76786, -17, 176.3991
65.69585, -17, 176.6268
64.62385, -17, 176.7869
63.55184, -17, 176.8906
62.47984, -17, 176.969
61.40783, -17, 177.0789
60.33583, -17, 177.096
59.26382, -17, 177.4348
58.19182, -17, 177.8227
57.11982, -17, 178.2152
56.04781, -17, 178.581
54.97581, -17, 178.9068
53.9038, -17, 179.2106
52.8318, -17, 179.4759
51.75979, -17, 179.536
50.68779, -17, 179.2175
49.61578, -17, 179.2532
48.54378, -17, 180.0662
47.47178, -17, 180.5214
46.39977, -17, 180.6863
45.32777, -17, 180.7807
44.25576, -17, 180.8794
43.18375, -17, 180.9825
42.11175, -17, 181.0386
41.03975, -17, 181.0844
39.96774, -17, 181.4625
38.89574, -17, 181.3334
37.82373, -17, 181.439
36.75173, -17, 181.5247
35.67972, -17, 181.6001
34.60772, -17, 181.6834
33.53571, -17, 181.7666
32.46371, -17, 181.8356
31.3917, -17, 181.882
30.3197, -17, 181.889
29.2477, -17, 181.9975
28.17569, -17, 182.0924
27.10369, -17, 182.1426
26.03168, -17, 182.1771
24.95968, -17, 182.2095
23.88767, -17, 182.253
22.81567, -17, 182.3228
21.74366, -17, 182.4286
20.67166, -17, 182.5958
19.59966, -17, 182.5079
18.52765, -17, 181.9076
17.45564, -17, 181.4746
16.38364, -17, 181.0649
15.31164, -17, 180.6721
14.23963, -17, 180.2808
13.16763, -17, 179.8609
12.09562, -17, 179.3213
11.02362, -17, 178.5086
9.951612, -17, 181.0649
8.879608, -17, 178.5528
7.807604, -17, 178.5379
6.735599, -17, 178.7198
5.663594, -17, 178.3706
4.59159, -17, 176.9254
3.519585, -17, 175.2478
2.447581, -17, 176.4709
1.375576, -17, 177.1728
0.3035714, -17, 179.477
-0.7650376, -17, 178.1434
-1.833647, -17, 177.0059
-2.902256, -17, 176.4699
-3.970865, -17, 176.1118
-5.039474, -17, 175.8215
-6.108083, -17, 175.5629
-7.176692, -17, 175.3224
-8.2453, -17, 175.09
-9.31391, -17, 174.8533
-10.38252, -17, 174.4965
-11.45113, -17, 174.1142
-12.51974, -17, 173.787
-13.58835, -17, 173.4604
-14.65695, -17, 173.1337
-15.72556, -17, 172.8069
-16.79417, -17, 172.4802
-17.86278, -17, 172.1534
-18.93139, -17, 171.8272
98.92818, -18, 176.8045
97.85638, -18, 177.3521
96.78456, -18, 178.043
95.71275, -18, 178.7654
94.64094, -18, 179.4919
93.56912, -18, 180.2075
92.49731, -18, 180.8972
91.4255, -18, 181.5557
90.35368, -18, 182.3075
89.28188, -18, 182.5714
88.21006, -18, 182.6275
87.13825, -18, 182.7575
86.06644, -18, 182.8607
84.99462, -18, 182.9369
83.92281, -18, 182.9898
82.851, -18, 183.0253
81.77918, -18, 183.0821
80.70737, -18, 183.6002
79.63556, -18, 184.1554
78.56375, -18, 183.5405
77.49194, -18, 183.7667
76.42012, -18, 184.063
75.34831, -18, 184.3427
74.2765, -18, 184.5916
73.20468, -18, 184.7978
72.13287, -18, 184.9374
71.06106, -18, 184.9678
69.98925, -18, 184.475
68.91743, -18, 185.3831
67.84562, -18, 185.8413
66.77381, -18, 186.1604
65.702, -18, 186.4058
64.63019, -18, 186.6092
63.55837, -18, 186.7849
62.48656, -18, 186.9342
61.41475, -18, 187.0187
60.34293, -18, 186.6724
59.27112, -18, 187.1515
58.19931, -18, 187.6411
57.12749, -18, 187.9286
56.05568, -18, 188.1788
54.98387, -18, 188.3971
53.91206, -18, 188.5676
52.84024, -18, 188.6579
51.76843, -18, 188.6075
50.69662, -18, 188.3675
49.62481, -18, 188.3845
48.55299, -18, 189.0711
47.48118, -18, 189.4985
46.40937, -18, 189.7752
45.33756, -18, 189.9647
44.26574, -18, 190.1079
43.19393, -18, 190.2352
42.12212, -18, 190.3944
41.05031, -18, 190.8182
39.97849, -18, 192.6257
38.90668, -18, 191.1012
37.83487, -18, 190.9512
36.76306, -18, 191.0134
35.69125, -18, 191.107
34.61943, -18, 191.2067
33.54762, -18, 191.3052
32.47581, -18, 191.3978
31.40399, -18, 191.4737
30.33218, -18, 191.4245
29.26037, -18, 191.5187
28.18856, -18, 191.6776
27.11674, -18, 191.7571
26.04493, -18, 191.8147
24.97312, -18, 191.8646
23.90131, -18, 191.9127
22.82949, -18, 191.9606
21.75768, -18, 191.9913
20.68587, -18, 191.7441
19.61406, -18, 191.325
18.54224, -18, 191.4502
17.47043, -18, 191.1103
16.39862, -18, 190.7632
15.32681, -18, 190.4044
14.25499, -18, 190.0076
13.18318, -18, 189.5354
12.11137, -18, 188.9407
11.03955, -18, 188.2811
9.967742, -18, 186.2021
8.895929, -18, 187.9236
7.824117, -18, 188.4473
6.752304, -18, 188.8026
5.680491, -18, 189.1547
4.608679, -18, 189.018
3.536866, -18, 187.3568
2.465054, -18, 189.2195
1.393241, -18, 190.7096
0.3214286, -18, 189.5078
-0.7481203, -18, 188.5353
-1.817669, -18, 187.2237
-2.887218, -18, 186.5275
-3.956767, -18, 186.0653
-5.026316, -18, 185.6998
-6.095865, -18, 185.3814
-7.165413, -18, 185.0865
-8.234962, -18, 184.7959
-9.304511, -18, 184.4551
-10.37406, -18, 184.0036
-11.44361, -18, 183.6698
-12.51316, -18, 183.3389
-13.58271, -18, 183.0067
-14.65226, -18, 182.6729
-15.7218, -18, 182.3382
-16.79135, -18, 182.0031
-17.8609, -18, 181.668
-18.93045, -18, 181.3336
98.92838, -19, 185.4535
97.85676, -19, 186.0923
96.78514, -19, 186.8509
95.71352, -19, 187.6531
94.6419, -19, 188.4673
93.57027, -19, 189.2824
92.49866, -19, 190.0975
91.42703, -19, 190.934
90.35542, -19, 191.7705
89.28379, -19, 192.1445
88.21217, -19, 192.2399
87.14056, -19, 192.3467
86.06893, -19, 192.4792
84.99731, -19, 192.6115
83.92569, -19, 192.7441
82.85407, -19, 192.8968
81.78245, -19, 193.1637
80.71083, -19, 193.7238
79.63921, -19, 194.0616
78.56759, -19, 193.7717
77.49596, -19, 193.8168
76.42435, -19, 194.0272
75.35273, -19, 194.2705
74.2811, -19, 194.5096
73.20949, -19, 194.7312
72.13786, -19, 194.929
71.06625, -19, 195.0472
69.99462, -19, 195.0491
68.923, -19, 195.4418
67.85138, -19, 195.8241
66.77976, -19, 196.1273
65.70814, -19, 196.389
64.63652, -19, 196.6221
63.5649, -19, 196.8319
62.49328, -19, 197.01
61.42166, -19, 197.1033
60.35004, -19, 197.0275
59.27842, -19, 197.2685
58.2068, -19, 197.616
57.13518, -19, 197.8051
56.06356, -19, 197.9402
54.99194, -19, 198.0469
53.92031, -19, 198.1219
52.84869, -19, 198.1528
51.77707, -19, 198.1342
50.70545, -19, 197.9903
49.63383, -19, 198.0728
48.56221, -19, 198.5434
47.49059, -19, 198.8123
46.41897, -19, 199.035
45.34735, -19, 199.2239
44.27573, -19, 199.3951
43.20411, -19, 199.575
42.13249, -19, 199.831
41.06087, -19, 200.3229
39.98925, -19, 200.9542
38.91763, -19, 200.6373
37.846, -19, 200.4533
36.77439, -19, 200.4895
35.70277, -19, 200.5959
34.63115, -19, 200.7216
33.55952, -19, 200.8531
32.4879, -19, 200.9848
31.41628, -19, 201.1006
30.34466, -19, 201.123
29.27304, -19, 201.1684
28.20142, -19, 201.2965
27.1298, -19, 201.384
26.05818, -19, 201.4471
24.98656, -19, 201.4995
23.91494, -19, 201.5439
22.84332, -19, 201.5728
21.7717, -19, 201.5336
20.70008, -19, 201.268
19.62846, -19, 200.9594
18.55684, -19, 201.0576
17.48521, -19, 200.8616
16.4136, -19, 200.563
15.34197, -19, 200.2424
14.27035, -19, 199.8956
13.19873, -19, 199.5096
12.12711, -19, 199.0785
11.05549, -19, 198.3847
9.983871, -19, 195.9112
8.912251, -19, 197.6456
7.84063, -19, 198.4811
6.769009, -19, 198.9784
5.697389, -19, 199.8909
4.625768, -19, 201.1238
3.554147, -19, 200.4879
2.482527, -19, 199.8072
1.410906, -19, 199.5745
0.3392857, -19, 198.7401
-0.731203, -19, 197.5653
-1.801692, -19, 196.8841
-2.87218, -19, 196.274
-3.942669, -19, 195.8086
-5.013158, -19, 195.4179
-6.083647, -19, 195.0659
-7.154135, -19, 194.7311
-8.224624, -19, 194.3889
-9.295113, -19, 193.9671
-10.3656, -19, 193.5195
-11.43609, -19, 193.2349
-12.50658, -19, 192.8992
-13.57707, -19, 192.5583
-14.64756, -19, 192.2158
-15.71805, -19, 191.8725
-16.78853, -19, 191.5289
-17.85902, -19, 191.1851
-18.92951, -19, 190.8411
2.01703, 0.8, 12.2767
3.08206, 0.8, 13.7409
4.1471, 0.8, 13.0119
5.21213, 0.8, 13.832
6.27716, 0.8, 12.9746
7.34219, 0.8, 12.4715
8.40723, 0.8, 12.294
9.47226, 0.8, 12.8888
10.5373, 0.8, 11.7794
11.6023, 0.8, 11.1227
12.6674, 0.8, 11.1689
13.7324, 0.8, 11.2244
14.7974, 0.8, 11.2156
15.8625, 0.8, 11.1222
16.9275, 0.8, 10.9054
17.9925, 0.8, 10.4661
19.0575, 0.8, 9.86886
20.1226, 0.8, 9.09322
21.1876, 0.8, 9.59752
22.2526, 0.8, 9.67796
23.3177, 0.8, 9.56908
24.3827, 0.8, 9.27343
25.4477, 0.8, 8.88494
26.5128, 0.8, 8.45498
27.5778, 0.8, 8.04584
28.6428, 0.8, 7.92617
29.7079, 0.8, 9.2611
30.7729, 0.8, 7.3
31.8379, 0.8, 5.47367
32.903, 0.8, 4.34329
33.968, 0.8, 3.31253
35.033, 0.8, 2.28494
36.0981, 0.8, 1.22013
37.1631, 0.8, 0.0848073
38.2281, 0.8, -1.21002
39.2932, 0.8, -3.41918
40.3582, 0.8, -5.33317
41.4232, 0.8, -2.44785
42.4883, 0.8, -1.79683
43.5533, 0.8, -1.43426
44.6183, 0.8, -1.13602
45.6834, 0.8, -0.790889
46.7484, 0.8, -0.279229
47.8134, 0.8, 0.575728
48.8785, 0.8, 2.1771
49.9435, 0.8, 5.31707
51.0085, 0.8, 3.22857
52.0735, 0.8, 1.83929
53.1386, 0.8, 1.34404
54.2036, 0.8, 1.2591
55.2686, 0.8, 1.39634
56.3337, 0.8, 1.66102
57.3987, 0.8, 2.05698
58.4637, 0.8, 2.92882
59.5288, 0.8, 7.45729
60.5938, 0.8, 6.54367
61.6588, 0.8, 2.97286
62.7239, 0.8, 2.57597
63.7889, 0.8, 2.61477
64.8539, 0.8, 2.7278
65.919, 0.8, 2.84912
66.984, 0.8, 2.96935
68.049, 0.8, 3.17347
69.1141, 0.8, 4.18618
70.1791, 0.8, 6.13137
71.2441, 0.8, 4.10894
72.3092, 0.8, 4.23589
73.3742, 0.8, 4.81118
74.4392, 0.8, 5.39975
75.5043, 0.8, 5.90409
76.5693, 0.8, 6.26802
77.6343, 0.8, 6.47261
78.6994, 0.8, 6.91556
79.7644, 0.8, 8.58312
80.8294, 0.8, 6.70845
81.8945, 0.8, 4.87534
82.9595, 0.8, 4.04829
84.0245, 0.8, 3.11571
85.0895, 0.8, 1.94869
86.1546, 0.8, 0.502922
87.2196, 0.8, -1.2887
88.2846, 0.8, -3.55994
89.3497, 0.8, -6.69787
90.4147, 0.8, -9.23094
91.4797, 0.8, -8.27839
92.5448, 0.8, -8.91752
93.6098, 0.8, -10.2665
94.6748, 0.8, -11.9692
95.7399, 0.8, -13.8046
96.8049, 0.8, -15.6076
97.8699, 0.8, -17.3076
98.935, 0.8, -19.7503
2.9588, 1.6, 8.8558
4.0136, 1.6, 7.5648
5.0684, 1.6, 6.7975
6.1232, 1.6, 5.9111
7.178, 1.6, 5.6493
8.2328, 1.6, 5.1897
9.2876, 1.6, 4.1182
10.3424, 1.6, 3.84138
11.3972, 1.6, 4.61465
12.452, 1.6, 4.66795
13.5068, 1.6, 4.72966
14.5615, 1.6, 4.71946
15.6163, 1.6, 4.63065
16.6711, 1.6, 4.48653
17.7259, 1.6, 4.34486
18.7807, 1.6, 4.08476
19.8355, 1.6, 3.68266
20.8903, 1.6, 3.51762
21.9451, 1.6, 3.37882
22.9999, 1.6, 2.98905
24.0547, 1.6, 2.59214
25.1095, 1.6, 2.16724
26.1643, 1.6, 1.70583
27.2191, 1.6, 1.21786
28.2739, 1.6, 0.692162
29.3287, 1.6, 0.349842
30.3835, 1.6, 0.0914918
31.4383, 1.6, -1.53917
32.4931, 1.6, -2.28897
33.5479, 1.6, -3.10455
34.6027, 1.6, -3.97933
35.6575, 1.6, -4.93311
36.7123, 1.6, -6.00715
37.7671, 1.6, -7.33552
38.8218, 1.6, -9.53335
39.8766, 1.6, -13.7465
40.9314, 1.6, -10.7768
41.9862, 1.6, -8.83585
43.041, 1.6, -8.1379
44.0958, 1.6, -7.77047
45.1506, 1.6, -7.49284
46.2054, 1.6, -7.21133
47.2602, 1.6, -6.80662
48.315, 1.6, -6.23231
49.3698, 1.6, -5.33385
50.4246, 1.6, -4.2295
51.4794, 1.6, -4.99207
52.5342, 1.6, -5.07568
53.589, 1.6, -4.97789
54.6438, 1.6, -4.71405
55.6986, 1.6, -4.34693
56.7534, 1.6, -3.90574
57.8082, 1.6, -3.44425
58.863, 1.6, -2.54444
59.9178, 1.6, 2.73
60.9726, 1.6, -2.1638
62.0274, 1.6, -3.11397
63.0821, 1.6, -3.27687
64.1369, 1.6, -3.38666
65.1917, 1.6, -3.49639
66.2465, 1.6, -3.65333
67.3013, 1.6, -3.89254
68.3561, 1.6, -4.1886
69.4109, 1.6, -3.96002
70.4657, 1.6, -3.79267
71.5205, 1.6, -3.86832
72.5753, 1.6, -2.84484
73.6301, 1.6, -1.875
74.6849, 1.6, -1.04894
75.7397, 1.6, -0.423294
76.7945, 1.6, -0.0772406
77.8493, 1.6, -0.280484
78.9041, 1.6, -1.64445
79.9589, 1.6, -1.60905
81.0137, 1.6, -2.6119
82.0685, 1.6, -1.66233
83.1233, 1.6, -1.83479
84.1781, 1.6, -2.61459
85.2329, 1.6, -3.75638
86.2877, 1.6, -5.22175
87.3425, 1.6, -7.12302
88.3972, 1.6, -9.64699
89.452, 1.6, -13.1873
90.5068, 1.6, -14.926
91.5616, 1.6, -14.4586
92.6164, 1.6, -15.4888
93.6712, 1.6, -17.2595
94.726, 1.6, -19.3736
95.7808, 1.6, -21.6377
96.8356, 1.6, -23.9007
97.8904, 1.6, -26.0655
98.9452, 1.6, -28.8748
3.9006, 2.4, 2.8477
4.9451, 2.4, -1.1171
5.9897, 2.4, -0.74223
7.0342, 2.4, -0.8575
8.0788, 2.4, -1.5877
9.1234, 2.4, -2.9908
10.1679, 2.4, -4.26499
11.2125, 2.4, -1.94739
12.257, 2.4, -1.54845
13.3016, 2.4, -1.46014
14.3462, 2.4, -1.49386
15.3907, 2.4, -1.60396
16.4353, 2.4, -1.74318
17.4798, 2.4, -1.8224
18.5244, 2.4, -1.77293
19.5689, 2.4, -1.6866
20.6135, 2.4, -2.00266
21.6581, 2.4, -2.73408
22.7026, 2.4, -3.36807
23.7472, 2.4, -3.89062
24.7917, 2.4, -4.37095
25.8363, 2.4, -4.87125
26.8809, 2.4, -5.42903
27.9254, 2.4, -6.12404
28.97, 2.4, -7.14328
30.0145, 2.4, -9.06059
31.0591, 2.4, -8.76548
32.1037, 2.4, -9.05421
33.1482, 2.4, -9.55892
34.1928, 2.4, -10.2363
35.2373, 2.4, -11.0468
36.2819, 2.4, -12.0079
37.3265, 2.4, -13.2307
38.371, 2.4, -14.9931
39.4156, 2.4, -17.5078
40.4601, 2.4, -17.9524
41.5047, 2.4, -16.1781
42.5492, 2.4, -15.0116
43.5938, 2.4, -14.3928
44.6384, 2.4, -14.0681
45.6829, 2.4, -13.8975
46.7275, 2.4, -13.8563
47.772, 2.4, -13.9968
48.8166, 2.4, -14.0596
49.8612, 2.4, -14.5296
50.9057, 2.4, -13.2571
51.9503, 2.4, -12.4513
52.9948, 2.4, -11.7432
54.0394, 2.4, -11.2284
55.084, 2.4, -10.7595
56.1285, 2.4, -10.2371
57.1731, 2.4, -9.60202
58.2176, 2.4, -8.95628
59.2622, 2.4, -9.20508
60.3068, 2.4, -11.0187
61.3513, 2.4, -8.68636
62.3959, 2.4, -8.86484
63.4404, 2.4, -9.24596
64.485, 2.4, -9.50281
65.5295, 2.4, -9.73998
66.5741, 2.4, -10.0963
67.6187, 2.4, -10.7226
68.6632, 2.4, -11.7166
69.7078, 2.4, -14.0908
70.7523, 2.4, -12.7011
71.7969, 2.4, -10.8102
72.8415, 2.4, -9.23296
73.886, 2.4, -7.99582
74.9306, 2.4, -7.06908
75.9751, 2.4, -6.41198
77.0197, 2.4, -6.09523
78.0643, 2.4, -6.55669
79.1088, 2.4, -9.19479
80.1534, 2.4, -12.8514
81.1979, 2.4, -8.57691
82.2425, 2.4, -7.06395
83.2871, 2.4, -7.23881
84.3316, 2.4, -8.0127
85.3762, 2.4, -9.09427
86.4207, 2.4, -10.4634
87.4653, 2.4, -12.2133
88.5098, 2.4, -14.6095
89.5544, 2.4, -17.5189
90.599, 2.4, -18.9591
91.6435, 2.4, -19.8782
92.6881, 2.4, -21.677
93.7326, 2.4, -23.9802
94.7772, 2.4, -26.5828
95.8218, 2.4, -29.3658
96.8663, 2.4, -32.2685
97.9109, 2.4, -35.2877
98.9554, 2.4, -37.8436
4.8423, 3.2, -6.092
5.8766, 3.2, -5.9433
6.911, 3.2, -6.4252
7.9453, 3.2, -7.3471
8.9796, 3.2, -8.4936
10.0139, 3.2, -9.16135
11.0483, 3.2, -8.51863
12.0826, 3.2, -7.60302
13.1169, 3.2, -7.33834
14.1512, 3.2, -7.31385
15.1855, 3.2, -7.44309
16.2199, 3.2, -7.67591
17.2542, 3.2, -7.93972
18.2885, 3.2, -7.95293
19.3228, 3.2, -7.30011
20.3572, 3.2, -7.25047
21.3915, 3.2, -8.75625
22.4258, 3.2, -9.64939
23.4601, 3.2, -10.1606
24.4945, 3.2, -10.6522
25.5288, 3.2, -11.2095
26.5631, 3.2, -11.8627
27.5974, 3.2, -12.6545
28.6317, 3.2, -13.7721
29.6661, 3.2, -16.6429
30.7004, 3.2, -16.251
31.7347, 3.2, -15.7192
32.769, 3.2, -15.9827
33.8034, 3.2, -16.4764
34.8377, 3.2, -17.1294
35.872, 3.2, -17.9423
36.9063, 3.2, -18.9498
37.9406, 3.2, -20.2062
38.975, 3.2, -21.5667
40.0093, 3.2, -22.3534
41.0436, 3.2, -22.278
42.0779, 3.2, -21.5826
43.1123, 3.2, -20.9412
44.1466, 3.2, -20.541
45.1809, 3.2, -20.364
46.2152, 3.2, -20.4109
47.2495, 3.2, -20.7226
48.2839, 3.2, -21.4015
49.3182, 3.2, -22.6231
50.3525, 3.2, -23.2846
51.3868, 3.2, -20.5913
52.4212, 3.2, -19.0706
53.4555, 3.2, -18.1593
54.4898, 3.2, -17.5298
55.5241, 3.2, -16.9851
56.5585, 3.2, -16.3818
57.5928, 3.2, -15.6317
58.6271, 3.2, -15.0785
59.6614, 3.2, -19.6035
60.6957, 3.2, -16.7834
61.7301, 3.2, -14.7183
62.7644, 3.2, -15.1102
63.7987, 3.2, -15.4379
64.833, 3.2, -15.6564
65.8674, 3.2, -15.9078
66.9017, 3.2, -16.388
67.936, 3.2, -17.3968
68.9703, 3.2, -19.5434
70.0046, 3.2, -25.0781
71.039, 3.2, -19.271
72.0733, 3.2, -16.6107
73.1076, 3.2, -14.864
74.1419, 3.2, -13.625
75.1763, 3.2, -12.7286
76.2106, 3.2, -12.1136
77.2449, 3.2, -11.8074
78.2792, 3.2, -12.0497
79.3135, 3.2, -14.8303
80.3479, 3.2, -17.6079
81.3822, 3.2, -12.4292
82.4165, 3.2, -12.0217
83.4508, 3.2, -12.4109
84.4852, 3.2, -13.1302
85.5195, 3.2, -14.0775
86.5538, 3.2, -15.2413
87.5881, 3.2, -16.6576
88.6225, 3.2, -18.3595
89.6568, 3.2, -20.0339
90.6911, 3.2, -21.7919
91.7254, 3.2, -24.6404
92.7597, 3.2, -27.4101
93.7941, 3.2, -30.3955
94.8284, 3.2, -33.5799
95.8627, 3.2, -36.94
96.897, 3.2, -40.4539
97.9314, 3.2, -44.0151
98.9657, 3.2, -46.5236
5.7841, 4, -9.9504
6.80817, 4, -10.9501
7.83226, 4, -11.9811
8.85634, 4, -13.154
9.88043, 4, -14.2474
10.9045, 4, -14.0545
11.9286, 4, -13.3187
12.9527, 4, -12.8503
13.9768, 4, -12.7614
15.0009, 4, -12.9012
16.0249, 4, -13.1941
17.049, 4, -13.5932
18.0731, 4, -14.0107
19.0972, 4, -13.8276
20.1213, 4, -12.3908
21.1454, 4, -14.9233
22.1695, 4, -15.6534
23.1935, 4, -16.1165
24.2176, 4, -16.6263
25.2417, 4, -17.2303
26.2658, 4, -17.9546
27.2899, 4, -18.8389
28.314, 4, -20.0066
29.3381, 4, -21.8881
30.3622, 4, -23.2007
31.3862, 4, -22.1903
32.4103, 4, -22.1784
33.4344, 4, -22.4891
34.4585, 4, -22.958
35.4826, 4, -23.5895
36.5067, 4, -24.3898
37.5308, 4, -25.2928
38.5548, 4, -25.9652
39.5789, 4, -26.3287
40.603, 4, -26.7482
41.6271, 4, -27.0313
42.6512, 4, -26.8597
43.6753, 4, -26.5044
44.6994, 4, -26.3006
45.7234, 4, -26.337
46.7475, 4, -26.6614
47.7716, 4, -27.3543
48.7957, 4, -28.8481
49.8198, 4, -31.1496
50.8439, 4, -29.302
51.868, 4, -26.6508
52.892, 4, -25.2384
53.9161, 4, -24.3913
54.9402, 4, -23.8154
55.9643, 4, -23.3468
56.9884, 4, -22.8595
58.0125, 4, -22.3169
59.0366, 4, -22.2097
60.0606, 4, -23.4434
61.0847, 4, -21.8157
62.1088, 4, -21.5571
63.1329, 4, -21.6904
64.157, 4, -21.8556
65.1811, 4, -21.9849
66.2052, 4, -22.1239
67.2292, 4, -22.4927
68.2533, 4, -23.8116
69.2774, 4, -26.7991
70.3015, 4, -28.1911
71.3256, 4, -23.9981
72.3497, 4, -21.4321
73.3738, 4, -19.9992
74.3979, 4, -19.0344
75.4219, 4, -18.2037
76.446, 4, -17.4779
77.4701, 4, -16.9364
78.4942, 4, -16.5882
79.5183, 4, -17.1571
80.5424, 4, -16.6323
81.5665, 4, -16.1739
82.5905, 4, -16.6658
83.6146, 4, -17.3466
84.6387, 4, -18.1508
85.6628, 4, -18.9412
86.6869, 4, -19.6533
87.711, 4, -20.4225
88.7351, 4, -21.1031
89.7591, 4, -21.8346
90.7832, 4, -24.7202
91.8073, 4, -28.8458
92.8314, 4, -32.7317
93.8555, 4, -36.7368
94.8796, 4, -40.662
95.9037, 4, -44.4621
96.9277, 4, -48.1994
97.9518, 4, -51.9903
98.9759, 4, -55.1192
6.72585, 4.8, -14.8302
7.7397, 4.8, -15.9998
8.75355, 4.8, -17.2687
9.7674, 4.8, -19.1691
10.7812, 4.8, -18.663
11.7951, 4.8, -18.1974
12.8089, 4.8, -17.8993
13.8228, 4.8, -17.8414
14.8366, 4.8, -17.9988
15.8505, 4.8, -18.3311
16.8643, 4.8, -18.8127
17.8782, 4.8, -19.4273
18.892, 4.8, -20.1762
19.9059, 4.8, -19.714
20.9197, 4.8, -21.1937
21.9336, 4.8, -21.3991
22.9474, 4.8, -21.7611
23.9613, 4.8, -22.2686
24.9751, 4.8, -22.9094
25.989, 4.8, -23.6894
27.0028, 4.8, -24.6335
28.0167, 4.8, -25.7971
29.0305, 4.8, -27.1714
30.0444, 4.8, -27.5886
31.0582, 4.8, -28.1857
32.0721, 4.8, -28.0488
33.0859, 4.8, -28.114
34.0998, 4.8, -28.376
35.1136, 4.8, -28.7871
36.1275, 4.8, -29.3363
37.1413, 4.8, -29.9698
38.1552, 4.8, -30.5992
39.169, 4.8, -30.8198
40.1829, 4.8, -30.7642
41.1967, 4.8, -31.6828
42.2106, 4.8, -31.7667
43.2244, 4.8, -31.5777
44.2383, 4.8, -31.4308
45.2521, 4.8, -31.4546
46.266, 4.8, -31.7383
47.2798, 4.8, -32.3854
48.2937, 4.8, -33.62
49.3075, 4.8, -35.777
50.3214, 4.8, -36.6493
51.3352, 4.8, -33.8838
52.3491, 4.8, -32.1327
53.3629, 4.8, -31.0453
54.3768, 4.8, -30.4131
55.3906, 4.8, -30.0525
56.4045, 4.8, -29.8468
57.4183, 4.8, -29.7501
58.4322, 4.8, -29.4302
59.446, 4.8, -26.4715
60.4599, 4.8, -25.4734
61.4737, 4.8, -28.5893
62.4876, 4.8, -28.6865
63.5014, 4.8, -28.6775
64.5153, 4.8, -28.7483
65.5291, 4.8, -28.7979
66.543, 4.8, -28.788
67.5568, 4.8, -28.7724
68.5707, 4.8, -29.274
69.5845, 4.8, -31.2066
70.5984, 4.8, -30.2838
71.6122, 4.8, -27.5275
72.6261, 4.8, -26.3996
73.6399, 4.8, -25.6185
74.6538, 4.8, -24.773
75.6676, 4.8, -23.8313
76.6815, 4.8, -22.7996
77.6953, 4.8, -21.6462
78.7092, 4.8, -20.1986
79.723, 4.8, -14.0862
80.7369, 4.8, -17.8488
81.7507, 4.8, -20.1964
82.7646, 4.8, -21.475
83.7784, 4.8, -22.6289
84.7923, 4.8, -23.5877
85.8061, 4.8, -24.272
86.82, 4.8, -24.5085
87.8338, 4.8, -24.129
88.8477, 4.8, -23.7323
89.8615, 4.8, -23.1372
90.8754, 4.8, -28.1459
91.8892, 4.8, -33.2523
92.9031, 4.8, -38.8705
93.9169, 4.8, -43.9638
94.9308, 4.8, -48.5066
95.9446, 4.8, -52.6348
96.9585, 4.8, -56.3735
97.9723, 4.8, -59.8524
98.9862, 4.8, -64.1988
7.66761, 5.6, -19.4729
8.67123, 5.6, -20.8575
9.67484, 5.6, -22.6536
10.6785, 5.6, -22.7009
11.6821, 5.6, -22.2993
12.6857, 5.6, -22.3049
13.6893, 5.6, -22.4326
14.6929, 5.6, -22.6708
15.6965, 5.6, -23.0494
16.7001, 5.6, -23.5796
17.7037, 5.6, -24.306
18.7074, 5.6, -25.4367
19.711, 5.6, -28.0124
20.7146, 5.6, -27.2972
21.7182, 5.6, -26.8484
22.7218, 5.6, -27.0677
23.7254, 5.6, -27.5571
24.729, 5.6, -28.2247
25.7326, 5.6, -29.0478
26.7363, 5.6, -30.0193
27.7399, 5.6, -31.1342
28.7435, 5.6, -32.1853
29.7471, 5.6, -32.4843
30.7507, 5.6, -33.1503
31.7543, 5.6, -33.4699
32.7579, 5.6, -33.4054
33.7615, 5.6, -33.4424
34.7652, 5.6, -33.6114
35.7688, 5.6, -33.9064
36.7724, 5.6, -34.3132
37.776, 5.6, -34.837
38.7796, 5.6, -35.4446
39.7832, 5.6, -35.3552
40.7868, 5.6, -36.1584
41.7905, 5.6, -36.0946
42.7941, 5.6, -35.8823
43.7977, 5.6, -35.7716
44.8013, 5.6, -35.8207
45.8049, 5.6, -36.0612
46.8085, 5.6, -36.5894
47.8121, 5.6, -37.5295
48.8157, 5.6, -38.9184
49.8194, 5.6, -41.5113
50.823, 5.6, -39.3563
51.8266, 5.6, -38.0295
52.8302, 5.6, -37.0878
53.8338, 5.6, -36.5618
54.8374, 5.6, -36.3234
55.841, 5.6, -36.3077
56.8446, 5.6, -36.396
57.8483, 5.6, -36.3822
58.8519, 5.6, -35.2541
59.8555, 5.6, -28.1999
60.8591, 5.6, -33.6332
61.8627, 5.6, -35.5201
62.8663, 5.6, -35.8331
63.8699, 5.6, -35.9705
64.8736, 5.6, -36.0026
65.8772, 5.6, -36.0028
66.8808, 5.6, -35.7423
67.8844, 5.6, -34.9846
68.888, 5.6, -33.249
69.8916, 5.6, -33.9971
70.8952, 5.6, -31.6902
71.8988, 5.6, -32.4387
72.9025, 5.6, -32.3477
73.9061, 5.6, -31.7132
74.9097, 5.6, -30.7191
75.9133, 5.6, -29.5471
76.9169, 5.6, -28.1083
77.9205, 5.6, -26.2395
78.9241, 5.6, -22.8143
79.9277, 5.6, -13.8493
80.9314, 5.6, -21.4992
81.935, 5.6, -25.0976
82.9386, 5.6, -26.9926
83.9422, 5.6, -28.4412
84.9458, 5.6, -29.5306
85.9494, 5.6, -30.2268
86.953, 5.6, -30.2653
87.9566, 5.6, -29.2866
88.9603, 5.6, -26.8785
89.9639, 5.6, -25.7163
90.9675, 5.6, -32.3016
91.9711, 5.6, -40.0358
92.9747, 5.6, -46.6292
93.9783, 5.6, -52.2564
94.9819, 5.6, -57.1641
95.9855, 5.6, -61.6337
96.9892, 5.6, -65.6345
97.9928, 5.6, -69.3311
98.9964, 5.6, -73.9112
8.60938, 6.4, -23.9156
9.60275, 6.4, -25.2992
10.5961, 6.4, -25.9936
11.5895, 6.4, -26.0701
12.5829, 6.4, -26.265
13.5763, 6.4, -26.5371
14.5696, 6.4, -26.89
15.563, 6.4, -27.3438
16.5564, 6.4, -27.9358
17.5498, 6.4, -28.7434
18.5431, 6.4, -29.9849
19.5365, 6.4, -32.793
20.5299, 6.4, -33.1239
21.5233, 6.4, -31.8356
22.5166, 6.4, -31.9557
23.51, 6.4, -32.3939
24.5034, 6.4, -33.0181
25.4968, 6.4, -33.8318
26.4902, 6.4, -34.8423
27.4835, 6.4, -35.9884
28.4769, 6.4, -36.9557
29.4703, 6.4, -37.7513
30.4637, 6.4, -38.1567
31.457, 6.4, -38.2906
32.4504, 6.4, -38.2992
33.4438, 6.4, -38.1613
34.4372, 6.4, -38.1513
35.4305, 6.4, -38.2846
36.4239, 6.4, -38.5086
37.4173, 6.4, -38.7901
38.4107, 6.4, -39.2758
39.404, 6.4, -40.3217
40.3974, 6.4, -40.8194
41.3908, 6.4, -40.0183
42.3842, 6.4, -39.7115
43.3775, 6.4, -39.7412
44.3709, 6.4, -39.8629
45.3643, 6.4, -40.0594
46.3577, 6.4, -40.3725
47.3511, 6.4, -40.8644
48.3444, 6.4, -41.6452
49.3378, 6.4, -42.9409
50.3312, 6.4, -43.2779
51.3246, 6.4, -42.3058
52.3179, 6.4, -41.8937
53.3113, 6.4, -41.6333
54.3047, 6.4, -41.4612
55.2981, 6.4, -41.5001
56.2914, 6.4, -41.8073
57.2848, 6.4, -42.2984
58.2782, 6.4, -42.2421
59.2716, 6.4, -41.3108
60.2649, 6.4, -40.986
61.2583, 6.4, -41.4456
62.2517, 6.4, -42.427
63.2451, 6.4, -42.2836
64.2384, 6.4, -41.9439
65.2318, 6.4, -41.8509
66.2252, 6.4, -42.0345
67.2186, 6.4, -42.2153
68.212, 6.4, -40.9709
69.2053, 6.4, -37.024
70.1987, 6.4, -33.9566
71.1921, 6.4, -37.1748
72.1855, 6.4, -38.8508
73.1788, 6.4, -38.2081
74.1722, 6.4, -37.0043
75.1656, 6.4, -35.8373
76.159, 6.4, -34.6726
77.1523, 6.4, -33.2247
78.1457, 6.4, -30.7026
79.1391, 6.4, -26.6826
80.1325, 6.4, -24.5351
81.1258, 6.4, -27.4756
82.1192, 6.4, -30.9348
83.1126, 6.4, -33.0512
84.106, 6.4, -34.475
85.0994, 6.4, -35.6072
86.0927, 6.4, -36.4926
87.0861, 6.4, -36.9559
88.0795, 6.4, -36.1853
89.0729, 6.4, -32.7466
90.0662, 6.4, -30.1743
91.0596, 6.4, -40.1678
92.053, 6.4, -49.2205
93.0464, 6.4, -55.487
94.0397, 6.4, -60.6801
95.0331, 6.4, -65.61
96.0265, 6.4, -70.559
97.0199, 6.4, -75.628
98.0132, 6.4, -80.5159
99.0066, 6.4, -84.5877
9.55114, 7.2, -27.6093
10.5343, 7.2, -28.7435
11.5174, 7.2, -29.5378
12.5006, 7.2, -29.9584
13.4837, 7.2, -30.3464
14.4668, 7.2, -30.7782
15.45, 7.2, -31.2971
16.4331, 7.2, -31.9485
17.4163, 7.2, -32.8016
18.3994, 7.2, -33.991
19.3825, 7.2, -35.967
20.3657, 7.2, -37.2042
21.3488, 7.2, -36.3463
22.332, 7.2, -36.3101
23.3151, 7.2, -36.6313
24.2982, 7.2, -37.1834
25.2814, 7.2, -37.9285
26.2645, 7.2, -38.863
27.2477, 7.2, -40.0079
28.2308, 7.2, -41.3769
29.2139, 7.2, -42.6345
30.1971, 7.2, -43.556
31.1802, 7.2, -43.1123
32.1634, 7.2, -42.6243
33.1465, 7.2, -42.3386
34.1296, 7.2, -42.2871
35.1128, 7.2, -42.3815
36.0959, 7.2, -42.5494
37.0791, 7.2, -42.7361
38.0622, 7.2, -42.9324
39.0453, 7.2, -43.5579
40.0285, 7.2, -46.2466
41.0116, 7.2, -43.6761
41.9948, 7.2, -43.3644
42.9779, 7.2, -43.5358
43.961, 7.2, -43.7351
44.9442, 7.2, -43.9184
45.9273, 7.2, -44.0883
46.9104, 7.2, -44.2589
47.8936, 7.2, -44.4618
48.8767, 7.2, -44.8256
49.8599, 7.2, -44.8579
50.843, 7.2, -45.4763
51.8261, 7.2, -45.5386
52.8093, 7.2, -45.4906
53.7924, 7.2, -45.4146
54.7756, 7.2, -45.4164
55.7587, 7.2, -45.6083
56.7418, 7.2, -46.127
57.725, 7.2, -47.1534
58.7081, 7.2, -48.7808
59.6913, 7.2, -52.3964
60.6744, 7.2, -50.2064
61.6575, 7.2, -48.5201
62.6407, 7.2, -47.1543
63.6238, 7.2, -46.2112
64.607, 7.2, -45.7273
65.5901, 7.2, -45.6937
66.5732, 7.2, -46.1209
67.5564, 7.2, -46.9601
68.5395, 7.2, -47.4312
69.5227, 7.2, -41.6742
70.5058, 7.2, -41.1195
71.4889, 7.2, -45.1711
72.4721, 7.2, -43.6941
73.4552, 7.2, -42.0796
74.4384, 7.2, -40.8363
75.4215, 7.2, -39.8331
76.4046, 7.2, -38.8682
77.3878, 7.2, -37.7006
78.3709, 7.2, -36.0147
79.3541, 7.2, -34.3132
80.3372, 7.2, -34.4767
81.3203, 7.2, -35.1602
82.3035, 7.2, -37.2796
83.2866, 7.2, -38.9567
84.2698, 7.2, -40.3395
85.2529, 7.2, -41.5528
86.236, 7.2, -42.6717
87.2192, 7.2, -43.7012
88.2023, 7.2, -44.3663
89.1855, 7.2, -42.2097
90.1686, 7.2, -36.8751
91.1517, 7.2, -51.5841
92.1349, 7.2, -58.5898
93.118, 7.2, -63.6091
94.1012, 7.2, -68.3586
95.0843, 7.2, -73.2581
96.0674, 7.2, -78.5482
97.0506, 7.2, -84.44
98.0337, 7.2, -90.9991
99.0169, 7.2, -96.1374
10.4929, 8, -31.619
11.4658, 8, -32.7544
12.4387, 8, -33.3746
13.4116, 8, -33.8712
14.3845, 8, -34.3751
15.3574, 8, -34.9374
16.3303, 8, -35.6047
17.3032, 8, -36.4349
18.2761, 8, -37.5002
19.249, 8, -38.5743
20.2219, 8, -38.7101
21.1948, 8, -40.0544
22.1677, 8, -40.1256
23.1406, 8, -40.3807
24.1135, 8, -40.863
25.0865, 8, -41.5293
26.0594, 8, -42.3602
27.0323, 8, -43.4102
28.0052, 8, -44.8348
28.9781, 8, -46.8304
29.951, 8, -48.4249
30.9239, 8, -47.759
31.8968, 8, -46.5953
32.8697, 8, -46.1338
33.8426, 8, -46.0929
34.8155, 8, -46.2438
35.7884, 8, -46.456
36.7613, 8, -46.6696
37.7342, 8, -46.8431
38.7071, 8, -46.8808
39.68, 8, -47.6787
40.6529, 8, -46.9298
41.6258, 8, -47.0254
42.5987, 8, -47.3733
43.5716, 8, -47.6101
44.5445, 8, -47.7538
45.5174, 8, -47.8447
46.4903, 8, -47.8982
47.4632, 8, -47.852
48.4361, 8, -47.5208
49.409, 8, -46.7453
50.3819, 8, -47.2011
51.3548, 8, -48.4778
52.3277, 8, -48.8273
53.3006, 8, -48.7202
54.2735, 8, -48.5833
55.2465, 8, -48.592
56.2194, 8, -48.8879
57.1923, 8, -49.7723
58.1652, 8, -51.9504
59.1381, 8, -56.9748
60.111, 8, -61.0564
61.0839, 8, -56.224
62.0568, 8, -51.7735
63.0297, 8, -49.5033
64.0026, 8, -48.4286
64.9755, 8, -48.0125
65.9484, 8, -48.063
66.9213, 8, -48.7391
67.8942, 8, -50.5959
68.8671, 8, -53.7293
69.84, 8, -50.3292
70.8129, 8, -53.2376
71.7858, 8, -49.2628
72.7587, 8, -46.3897
73.7316, 8, -44.8214
74.7045, 8, -43.9138
75.6774, 8, -43.2785
76.6503, 8, -42.8101
77.6232, 8, -42.4865
78.5961, 8, -42.6485
79.569, 8, -43.2679
80.5419, 8, -43.3585
81.5148, 8, -43.0889
82.4877, 8, -43.7763
83.4606, 8, -44.955
84.4335, 8, -46.1812
85.4064, 8, -47.4743
86.3794, 8, -48.8788
87.3523, 8, -50.5324
88.3252, 8, -52.799
89.2981, 8, -55.1412
90.271, 8, -54.3861
91.2439, 8, -62.8674
92.2168, 8, -66.5418
93.1897, 8, -70.6353
94.1626, 8, -75.1893
95.1355, 8, -80.087
96.1084, 8, -85.3785
97.0813, 8, -91.4019
98.0542, 8, -98.7273
99.0271, 8, -107.0522
11.4347, 8.8, -35.9001
12.3973, 8.8, -36.5799
13.36, 8.8, -37.1616
14.3227, 8.8, -37.7158
15.2853, 8.8, -38.2989
16.248, 8.8, -38.9462
17.2107, 8.8, -39.6879
18.1733, 8.8, -40.5216
19.136, 8.8, -40.9868
20.0987, 8.8, -40.9644
21.0613, 8.8, -42.669
22.024, 8.8, -43.3253
22.9867, 8.8, -43.7414
23.9493, 8.8, -44.2813
24.912, 8.8, -44.939
25.8747, 8.8, -45.6971
26.8373, 8.8, -46.5654
27.8, 8.8, -47.6429
28.7627, 8.8, -49.4327
29.7253, 8.8, -52.6549
30.688, 8.8, -51.6439
31.6507, 8.8, -50.0388
32.6133, 8.8, -49.7227
33.576, 8.8, -49.8747
34.5387, 8.8, -50.1517
35.5013, 8.8, -50.4501
36.464, 8.8, -50.7109
37.4267, 8.8, -50.8759
38.3893, 8.8, -50.8469
39.352, 8.8, -50.0235
40.3147, 8.8, -48.8279
41.2773, 8.8, -50.726
42.24, 8.8, -51.3102
43.2027, 8.8, -51.5622
44.1653, 8.8, -51.6331
45.128, 8.8, -51.6092
46.0907, 8.8, -51.535
47.0533, 8.8, -51.4
48.016, 8.8, -51.0637
48.9787, 8.8, -50.0901
49.9413, 8.8, -48.5771
50.904, 8.8, -50.8241
51.8667, 8.8, -51.7309
52.8293, 8.8, -51.7126
53.792, 8.8, -51.5128
54.7547, 8.8, -51.3842
55.7173, 8.8, -51.4489
56.68, 8.8, -51.8745
57.6427, 8.8, -53.099
58.6053, 8.8, -56.3758
59.568, 8.8, -63.4534
60.5307, 8.8, -63.3913
61.4933, 8.8, -56.3616
62.456, 8.8, -52.7605
63.4187, 8.8, -51.2456
64.3813, 8.8, -50.5899
65.344, 8.8, -50.3523
66.3067, 8.8, -50.4235
67.2693, 8.8, -50.9656
68.232, 8.8, -52.9632
69.1947, 8.8, -59.8992
70.1573, 8.8, -70.0219
71.12, 8.8, -55.688
72.0827, 8.8, -50.4506
73.0453, 8.8, -48.7005
74.008, 8.8, -47.8359
74.9707, 8.8, -47.3004
75.9333, 8.8, -47.0096
76.896, 8.8, -47.0829
77.8587, 8.8, -47.8578
78.8213, 8.8, -49.37
79.784, 8.8, -50.9278
80.7467, 8.8, -50.7712
81.7093, 8.8, -50.198
82.672, 8.8, -50.1898
83.6347, 8.8, -50.842
84.5973, 8.8, -51.9886
85.56, 8.8, -53.4364
86.5227, 8.8, -55.191
87.4853, 8.8, -57.49
88.448, 8.8, -60.9452
89.4107, 8.8, -68.2219
90.3733, 8.8, -74.5652
91.336, 8.8, -71.1806
92.2987, 8.8, -73.3541
93.2613, 8.8, -77.3175
94.224, 8.8, -81.935
95.1867, 8.8, -86.8535
96.1493, 8.8, -92.0006
97.112, 8.8, -97.4636
98.07467, 8.8, -103.8551
99.03733, 8.8, -114.1089
12.3764, 9.6, -39.7959
13.3289, 9.6, -40.418
14.2813, 9.6, -40.9801
15.2337, 9.6, -41.5139
16.1861, 9.6, -42.0649
17.1386, 9.6, -42.6615
18.091, 9.6, -43.1718
19.0434, 9.6, -43.6013
19.9959, 9.6, -44.2829
20.9483, 9.6, -45.0422
21.9007, 9.6, -45.9451
22.8532, 9.6, -46.756
23.8056, 9.6, -47.461
24.758, 9.6, -48.1759
25.7105, 9.6, -48.9204
26.6629, 9.6, -49.6873
27.6153, 9.6, -50.4709
28.5677, 9.6, -51.3945
29.5202, 9.6, -53.8062
30.4726, 9.6, -54.2655
31.425, 9.6, -52.9685
32.3775, 9.6, -53.2219
33.3299, 9.6, -53.6487
34.2823, 9.6, -54.1018
35.2348, 9.6, -54.5307
36.1872, 9.6, -54.8955
37.1396, 9.6, -55.1389
38.092, 9.6, -55.1376
39.0445, 9.6, -54.3942
39.9969, 9.6, -50.3466
40.9493, 9.6, -54.4545
41.9018, 9.6, -55.4566
42.8542, 9.6, -55.6637
43.8066, 9.6, -55.6092
44.7591, 9.6, -55.4264
45.7115, 9.6, -55.1754
46.6639, 9.6, -54.8901
47.6163, 9.6, -54.5863
48.5688, 9.6, -54.2122
49.5212, 9.6, -52.8788
50.4736, 9.6, -53.264
51.4261, 9.6, -54.4111
52.3785, 9.6, -54.354
53.3309, 9.6, -54.1436
54.2834, 9.6, -53.9523
55.2358, 9.6, -53.8703
56.1882, 9.6, -53.9901
57.1406, 9.6, -54.4446
58.0931, 9.6, -55.4705
59.0455, 9.6, -57.694
59.9979, 9.6, -67.561
60.9504, 9.6, -58.0832
61.9028, 9.6, -55.2697
62.8552, 9.6, -53.9403
63.8077, 9.6, -53.2784
64.7601, 9.6, -52.9795
65.7125, 9.6, -52.8812
66.6649, 9.6, -52.9089
67.6174, 9.6, -53.149
68.5698, 9.6, -54.5374
69.5222, 9.6, -66.4232
70.4747, 9.6, -66.2167
71.4271, 9.6, -54.0941
72.3795, 9.6, -52.3532
73.332, 9.6, -51.707
74.2844, 9.6, -51.2698
75.2368, 9.6, -50.9933
76.1892, 9.6, -50.987
77.1417, 9.6, -51.445
78.0941, 9.6, -52.6575
79.0465, 9.6, -54.7842
79.999, 9.6, -57.1152
80.9514, 9.6, -56.2958
81.9038, 9.6, -55.6789
82.8563, 9.6, -55.728
83.8087, 9.6, -56.4737
84.7611, 9.6, -57.7334
85.7135, 9.6, -59.4046
86.666, 9.6, -61.4741
87.6184, 9.6, -64.0826
88.5708, 9.6, -67.974
89.5233, 9.6, -78.8291
90.4757, 9.6, -82.3625
91.4281, 9.6, -77.3506
92.3806, 9.6, -79.9202
93.333, 9.6, -84.0544
94.2854, 9.6, -88.7447
95.2378, 9.6, -93.6691
96.1903, 9.6, -98.6751
97.14271, 9.6, -103.711
98.09514, 9.6, -109.0012
99.04757, 9.6, -117.1826
13.3182, 10.4, -43.2031
14.2604, 10.4, -43.9771
15.2026, 10.4, -44.684
16.1448, 10.4, -45.1931
17.087, 10.4, -45.5523
18.0292, 10.4, -45.9346
18.9714, 10.4, -46.4047
19.9135, 10.4, -47.4727
20.8557, 10.4, -47.6987
21.7979, 10.4, -48.542
22.7401, 10.4, -49.5019
23.6823, 10.4, -50.3761
24.6245, 10.4, -51.1914
25.5667, 10.4, -51.9714
26.5089, 10.4, -52.7231
27.4511, 10.4, -53.4073
28.3933, 10.4, -53.8586
29.3355, 10.4, -54.0857
30.2777, 10.4, -54.9259
31.2199, 10.4, -55.5397
32.1621, 10.4, -56.6053
33.1043, 10.4, -57.3633
34.0465, 10.4, -57.9576
34.9886, 10.4, -58.507
35.9308, 10.4, -59.033
36.873, 10.4, -59.4977
37.8152, 10.4, -59.71
38.7574, 10.4, -59.3541
39.6996, 10.4, -58.2123
40.6418, 10.4, -58.8996
41.584, 10.4, -59.8917
42.5262, 10.4, -60.0477
43.4684, 10.4, -59.8128
44.4106, 10.4, -59.4737
45.3528, 10.4, -59.078
46.295, 10.4, -58.6146
47.2372, 10.4, -58.107
48.1794, 10.4, -57.7836
49.1215, 10.4, -57.8046
50.0637, 10.4, -57.6008
51.0059, 10.4, -57.296
51.9481, 10.4, -56.7729
52.8903, 10.4, -56.5365
53.8325, 10.4, -56.4699
54.7747, 10.4, -56.369
55.7169, 10.4, -56.2147
56.6591, 10.4, -56.0359
57.6013, 10.4, -55.8702
58.5435, 10.4, -55.4358
59.4857, 10.4, -54.9713
60.4279, 10.4, -55.1423
61.3701, 10.4, -55.0564
62.3123, 10.4, -55.4307
63.2545, 10.4, -55.4613
64.1966, 10.4, -55.4434
65.1388, 10.4, -55.4147
66.081, 10.4, -55.3835
67.0232, 10.4, -55.3303
67.9654, 10.4, -55.1568
68.9076, 10.4, -55.1196
69.8498, 10.4, -58.3999
70.792, 10.4, -55.7152
71.7342, 10.4, -55.2694
72.6764, 10.4, -55.1373
73.6186, 10.4, -54.9558
74.5608, 10.4, -54.7993
75.503, 10.4, -54.7066
76.4452, 10.4, -54.7324
77.3874, 10.4, -55.0591
78.3296, 10.4, -56.1886
79.2717, 10.4, -58.607
80.2139, 10.4, -60.3124
81.1561, 10.4, -59.8213
82.0983, 10.4, -59.6089
83.0405, 10.4, -60.3079
83.9827, 10.4, -61.6297
84.9249, 10.4, -63.2239
85.8671, 10.4, -65.0449
86.8093, 10.4, -67.1797
87.7515, 10.4, -69.9181
88.6937, 10.4, -73.9086
89.6359, 10.4, -80.8508
90.5781, 10.4, -82.4273
91.5203, 10.4, -83.0611
92.4624, 10.4, -86.3489
93.4046, 10.4, -90.813
94.3468, 10.4, -95.7147
95.28903, 10.4, -100.7397
96.23122, 10.4, -105.7003
97.17342, 10.4, -110.4527
98.11562, 10.4, -114.9321
99.05781, 10.4, -119.0039
14.26, 11.2, -46.3528
15.1919, 11.2, -47.3318
16.1239, 11.2, -48.2125
17.0558, 11.2, -48.805
17.9878, 11.2, -49.0041
18.9197, 11.2, -49.3946
19.8517, 11.2, -49.961
20.7837, 11.2, -50.513
21.7156, 11.2, -51.3855
22.6476, 11.2, -52.3245
23.5795, 11.2, -53.2709
24.5115, 11.2, -54.149
25.4434, 11.2, -54.9577
26.3754, 11.2, -55.701
27.3074, 11.2, -56.3542
28.2393, 11.2, -56.8056
29.1713, 11.2, -56.2399
30.1032, 11.2, -53.0766
31.0352, 11.2, -58.177
31.9671, 11.2, -59.8753
32.8991, 11.2, -60.8046
33.8311, 11.2, -61.5358
34.763, 11.2, -62.1928
35.695, 11.2, -62.836
36.6269, 11.2, -63.4819
37.5589, 11.2, -64.1223
38.4908, 11.2, -64.6449
39.4228, 11.2, -65.1264
40.3548, 11.2, -65.841
41.2867, 11.2, -65.0288
42.2187, 11.2, -64.6547
43.1506, 11.2, -64.1901
44.0826, 11.2, -63.7512
45.0145, 11.2, -63.3055
45.9465, 11.2, -62.8031
46.8785, 11.2, -62.1981
47.8104, 11.2, -61.4927
48.7424, 11.2, -61.1276
49.6743, 11.2, -63.055
50.6063, 11.2, -61.0763
51.5382, 11.2, -59.3017
52.4702, 11.2, -59.2281
53.4021, 11.2, -59.3428
54.3341, 11.2, -59.3059
55.2661, 11.2, -59.0431
56.198, 11.2, -58.5056
57.13, 11.2, -57.5465
58.0619, 11.2, -55.9836
58.9939, 11.2, -53.3558
59.9258, 11.2, -43.5968
60.8578, 11.2, -51.83
61.7898, 11.2, -55.1356
62.7217, 11.2, -56.6839
63.6537, 11.2, -57.439
64.5856, 11.2, -57.7275
65.5176, 11.2, -57.7795
66.4495, 11.2, -57.6932
67.3815, 11.2, -57.4594
68.3135, 11.2, -56.629
69.2454, 11.2, -50.8775
70.1774, 11.2, -35.88
71.1093, 11.2, -55.2117
72.0413, 11.2, -57.7601
72.9732, 11.2, -58.1882
73.9052, 11.2, -58.3507
74.8372, 11.2, -58.4588
75.7691, 11.2, -58.508
76.7011, 11.2, -58.4523
77.633, 11.2, -58.274
78.565, 11.2, -58.3946
79.4969, 11.2, -60.2687
80.4289, 11.2, -61.9381
81.3609, 11.2, -61.7333
82.2928, 11.2, -63.1857
83.2248, 11.2, -65.0853
84.1567, 11.2, -66.915
85.0887, 11.2, -68.7085
86.0206, 11.2, -70.5656
86.9526, 11.2, -72.6097
87.8846, 11.2, -74.981
88.8165, 11.2, -77.543
89.7485, 11.2, -73.4958
90.6804, 11.2, -81.4495
91.6124, 11.2, -87.9691
92.5443, 11.2, -92.7227
93.4763, 11.2, -97.7478
94.40826, 11.2, -102.9749
95.34022, 11.2, -108.2188
96.27217, 11.2, -113.2821
97.20413, 11.2, -117.9099
98.13609, 11.2, -121.52
99.06805, 11.2, -121.771
15.2017, 12, -49.4526
16.1234, 12, -50.6898
17.0452, 12, -51.8235
17.9669, 12, -52.4967
18.8886, 12, -52.4721
19.8103, 12, -52.4887
20.732, 12, -53.3782
21.6538, 12, -54.4179
22.5755, 12, -55.4399
23.4972, 12, -56.3778
24.4189, 12, -57.2372
25.3406, 12, -58.0314
26.2624, 12, -58.7741
27.1841, 12, -59.4243
28.1058, 12, -59.8833
29.0275, 12, -59.5799
29.9492, 12, -56.2485
30.871, 12, -61.1082
31.7927, 12, -63.1141
32.7144, 12, -64.1297
33.6361, 12, -64.9198
34.5578, 12, -65.6354
35.4796, 12, -66.3701
36.4013, 12, -67.1685
37.323, 12, -68.0829
38.2447, 12, -69.3006
39.1665, 12, -71.3211
40.0882, 12, -73.1256
41.0099, 12, -71.2384
41.9316, 12, -69.5458
42.8533, 12, -68.7175
43.7751, 12, -68.1783
44.6968, 12, -67.7154
45.6185, 12, -67.2732
46.5402, 12, -66.7667
47.4619, 12, -66.0547
48.3837, 12, -65.1416
49.3054, 12, -64.801
50.2271, 12, -65.6106
51.1488, 12, -62.5166
52.0705, 12, -62.6503
52.9923, 12, -62.8486
53.914, 12, -62.7869
54.8357, 12, -62.4166
55.7574, 12, -61.8023
56.6791, 12, -60.7705
57.6009, 12, -58.9731
58.5226, 12, -55.7348
59.4443, 12, -48.829
60.366, 12, -45.5175
61.2877, 12, -53.6819
62.2095, 12, -57.3981
63.1312, 12, -59.0485
64.0529, 12, -59.7657
64.9746, 12, -59.9947
65.8963, 12, -60.008
66.8181, 12, -59.7643
67.7398, 12, -58.9925
68.6615, 12, -56.0043
69.5832, 12, -42.6217
70.5049, 12, -45.5874
71.4267, 12, -57.5465
72.3484, 12, -60.3641
73.2701, 12, -61.3355
74.1918, 12, -61.8688
75.1135, 12, -62.2226
76.0353, 12, -62.416
76.957, 12, -62.2787
77.8787, 12, -61.5821
78.8004, 12, -59.9024
79.7222, 12, -60.8813
80.6439, 12, -61.4134
81.5656, 12, -64.6262
82.4873, 12, -67.8255
83.409, 12, -70.2673
84.3307, 12, -72.3076
85.2525, 12, -74.1491
86.1742, 12, -75.8927
87.0959, 12, -77.5966
88.0176, 12, -79.0551
88.9394, 12, -78.4771
89.8611, 12, -72.1601
90.7828, 12, -82.907
91.7045, 12, -92.3886
92.6262, 12, -98.8241
93.54796, 12, -104.7025
94.46968, 12, -110.4719
95.3914, 12, -116.0602
96.31312, 12, -121.3016
97.23484, 12, -125.8648
98.15656, 12, -128.8112
99.07828, 12, -126.5706
16.1435, 12.8, -52.6228
17.055, 12.8, -54.194
17.9665, 12.8, -55.6212
18.8779, 12.8, -55.9535
19.7894, 12.8, -55.5168
20.7009, 12.8, -56.42
21.6124, 12.8, -57.707
22.5239, 12.8, -58.7637
23.4354, 12.8, -59.5787
24.3468, 12.8, -60.2805
25.2583, 12.8, -60.9899
26.1698, 12.8, -61.734
27.0813, 12.8, -62.4797
27.9928, 12.8, -63.0735
28.9043, 12.8, -63.2988
29.8157, 12.8, -64.191
30.7272, 12.8, -64.9993
31.6387, 12.8, -66.3866
32.5502, 12.8, -67.3413
33.4617, 12.8, -68.0306
34.3732, 12.8, -68.7445
35.2846, 12.8, -69.5576
36.1961, 12.8, -70.509
37.1076, 12.8, -71.6714
38.0191, 12.8, -73.2558
38.9306, 12.8, -75.6783
39.8421, 12.8, -78.8757
40.7535, 12.8, -77.0995
41.665, 12.8, -74.6704
42.5765, 12.8, -73.3118
43.488, 12.8, -72.4442
44.3995, 12.8, -71.8323
45.311, 12.8, -71.3814
46.2225, 12.8, -71.053
47.1339, 12.8, -70.7909
48.0454, 12.8, -70.3223
48.9569, 12.8, -68.8145
49.8684, 12.8, -65.8195
50.7799, 12.8, -66.1716
51.6914, 12.8, -66.9616
52.6028, 12.8, -66.9195
53.5143, 12.8, -66.2843
54.4258, 12.8, -65.5516
55.3373, 12.8, -64.8066
56.2488, 12.8, -64.0048
57.1603, 12.8, -62.9237
58.0717, 12.8, -60.7109
58.9832, 12.8, -55.9487
59.8947, 12.8, -51.6089
60.8062, 12.8, -53.536
61.7177, 12.8, -58.1422
62.6292, 12.8, -60.4057
63.5406, 12.8, -61.0737
64.4521, 12.8, -61.2717
65.3636, 12.8, -61.339
66.2751, 12.8, -61.3249
67.1866, 12.8, -61.0023
68.0981, 12.8, -59.4221
69.0096, 12.8, -56.0974
69.921, 12.8, -56.4508
70.8325, 12.8, -56.2013
71.744, 12.8, -60.3408
72.6555, 12.8, -62.921
73.567, 12.8, -64.1325
74.4785, 12.8, -64.9592
75.3899, 12.8, -65.6453
76.3014, 12.8, -66.1395
77.2129, 12.8, -66.1951
78.1244, 12.8, -65.1694
79.0359, 12.8, -62.338
79.9474, 12.8, -58.7179
80.8588, 12.8, -64.1472
81.7703, 12.8, -69.5804
82.6818, 12.8, -73.1802
83.5933, 12.8, -75.7613
84.5048, 12.8, -77.8671
85.4163, 12.8, -79.6631
86.3277, 12.8, -81.1413
87.2392, 12.8, -82.1096
88.1507, 12.8, -82.0618
89.0622, 12.8, -80.9124
89.9737, 12.8, -81.4442
90.8852, 12.8, -87.8873
91.7966, 12.8, -96.8021
92.70813, 12.8, -104.8576
93.61961, 12.8, -111.8967
94.5311, 12.8, -118.3366
95.44258, 12.8, -124.3207
96.35406, 12.8, -129.7653
97.26555, 12.8, -134.324
98.17703, 12.8, -137.102
99.08852, 12.8, -137.2601
17.0852, 13.6, -55.9305
17.9865, 13.6, -57.9403
18.8877, 13.6, -59.6382
19.789, 13.6, -58.948
20.6902, 13.6, -60.0405
21.5915, 13.6, -61.3005
22.4927, 13.6, -61.9299
23.394, 13.6, -62.3823
24.2952, 13.6, -62.8948
25.1965, 13.6, -63.5062
26.0977, 13.6, -64.2248
26.999, 13.6, -65.0605
27.9002, 13.6, -66.0417
28.8015, 13.6, -67.2948
29.7027, 13.6, -70.3482
30.604, 13.6, -70.2261
31.5052, 13.6, -69.7941
32.4065, 13.6, -70.1487
33.3077, 13.6, -70.7209
34.2089, 13.6, -71.4566
35.1102, 13.6, -72.3512
36.0114, 13.6, -73.4287
36.9127, 13.6, -74.7456
37.8139, 13.6, -76.4105
38.7152, 13.6, -78.6427
39.6164, 13.6, -82.2132
40.5177, 13.6, -81.4988
41.4189, 13.6, -79.0313
42.3202, 13.6, -77.4965
43.2214, 13.6, -76.3861
44.1227, 13.6, -75.5775
45.0239, 13.6, -75.0149
45.9252, 13.6, -74.6781
46.8264, 13.6, -74.5612
47.7277, 13.6, -74.6178
48.6289, 13.6, -74.3936
49.5302, 13.6, -70.4229
50.4314, 13.6, -69.1653
51.3326, 13.6, -71.9288
52.2339, 13.6, -70.8652
53.1351, 13.6, -69.4744
54.0364, 13.6, -68.2351
54.9376, 13.6, -67.1719
55.8389, 13.6, -66.2556
56.7401, 13.6, -65.447
57.6414, 13.6, -64.6773
58.5426, 13.6, -63.6872
59.4439, 13.6, -61.727
60.3451, 13.6, -61.3361
61.2464, 13.6, -61.9047
62.1476, 13.6, -61.8398
63.0489, 13.6, -61.644
63.9501, 13.6, -61.5277
64.8514, 13.6, -61.4682
65.7526, 13.6, -61.424
66.6538, 13.6, -61.3645
67.5551, 13.6, -61.311
68.4563, 13.6, -61.5933
69.3576, 13.6, -66.163
70.2588, 13.6, -72.5633
71.1601, 13.6, -63.2454
72.0613, 13.6, -63.5286
72.9626, 13.6, -64.8475
73.8638, 13.6, -66.2385
74.7651, 13.6, -67.5407
75.6663, 13.6, -68.6946
76.5676, 13.6, -69.6356
77.4688, 13.6, -70.229
78.3701, 13.6, -70.0674
79.2713, 13.6, -66.8933
80.1726, 13.6, -59.5022
81.0738, 13.6, -71.6122
81.9751, 13.6, -76.0325
82.8763, 13.6, -79.0074
83.7775, 13.6, -81.4792
84.6788, 13.6, -83.5727
85.58, 13.6, -85.2592
86.4813, 13.6, -86.4369
87.3825, 13.6, -86.9456
88.2838, 13.6, -86.6626
89.185, 13.6, -86.992
90.0863, 13.6, -91.1487
90.9875, 13.6, -95.6048
91.88877, 13.6, -103.6111
92.79002, 13.6, -111.9656
93.69127, 13.6, -119.6473
94.59251, 13.6, -126.6682
95.49377, 13.6, -133.0711
96.39501, 13.6, -138.8505
97.29626, 13.6, -143.9601
98.1975, 13.6, -148.4425
99.09875, 13.6, -154.1199
18.027, 14.4, -59.5811
18.918, 14.4, -62.3933
19.809, 14.4, -63.0689
20.7, 14.4, -64.2601
21.5911, 14.4, -64.6234
22.4821, 14.4, -64.5655
23.3731, 14.4, -64.7325
24.2641, 14.4, -65.1148
25.1551, 14.4, -65.6556
26.0461, 14.4, -66.3376
26.9371, 14.4, -67.2101
27.8281, 14.4, -68.4795
28.7191, 14.4, -70.6507
29.6102, 14.4, -73.9772
30.5012, 14.4, -74.5869
31.3922, 14.4, -72.9407
32.2832, 14.4, -72.5617
33.1742, 14.4, -72.9842
34.0652, 14.4, -73.7459
34.9562, 14.4, -74.701
35.8472, 14.4, -75.8422
36.7382, 14.4, -77.2067
37.6292, 14.4, -78.8276
38.5203, 14.4, -80.7021
39.4113, 14.4, -83.097
40.3023, 14.4, -84.2741
41.1933, 14.4, -82.0327
42.0843, 14.4, -80.747
42.9753, 14.4, -79.6227
43.8663, 14.4, -78.6925
44.7573, 14.4, -78.0005
45.6483, 14.4, -77.558
46.5394, 14.4, -77.3751
47.4304, 14.4, -77.4686
48.3214, 14.4, -77.8285
49.2124, 14.4, -78.1142
50.1034, 14.4, -75.4799
50.9944, 14.4, -76.7798
51.8854, 14.4, -74.5188
52.7764, 14.4, -72.34
53.6674, 14.4, -70.5899
54.5585, 14.4, -69.1879
55.4495, 14.4, -68.0371
56.3405, 14.4, -67.1255
57.2315, 14.4, -66.6366
58.1225, 14.4, -67.2075
59.0135, 14.4, -70.054
59.9045, 14.4, -71.0405
60.7955, 14.4, -70.4049
61.6865, 14.4, -65.5333
62.5775, 14.4, -62.9547
63.4686, 14.4, -61.9391
64.3596, 14.4, -61.5646
65.2506, 14.4, -61.4111
66.1416, 14.4, -61.396
67.0326, 14.4, -61.7252
67.9236, 14.4, -63.2501
68.8146, 14.4, -68.1959
69.7056, 14.4, -77.4925
70.5966, 14.4, -74.228
71.4877, 14.4, -67.7702
72.3787, 14.4, -66.2283
73.2697, 14.4, -67.1363
74.1607, 14.4, -68.6158
75.0517, 14.4, -70.2432
75.9427, 14.4, -71.9833
76.8337, 14.4, -73.8113
77.7247, 14.4, -75.4082
78.6157, 14.4, -76.5697
79.5068, 14.4, -74.6218
80.3978, 14.4, -74.5238
81.2888, 14.4, -80.4127
82.1798, 14.4, -83.2524
83.0708, 14.4, -85.6688
83.9618, 14.4, -87.5786
84.8528, 14.4, -89.3988
85.7438, 14.4, -91.1831
86.6348, 14.4, -92.7624
87.5258, 14.4, -93.6913
88.4169, 14.4, -94.1892
89.3079, 14.4, -94.8195
90.1989, 14.4, -98.4516
91.08989, 14.4, -105.6382
91.9809, 14.4, -113.3726
92.87192, 14.4, -121.3879
93.76292, 14.4, -128.8394
94.65394, 14.4, -135.9198
95.54494, 14.4, -142.8109
96.43596, 14.4, -149.5506
97.32697, 14.4, -156.09
98.21798, 14.4, -163.1197
99.10899, 14.4, -172.9779
18.9688, 15.2, -64.2165
19.8495, 15.2, -68.0115
20.7303, 15.2, -68.0755
21.6111, 15.2, -67.0718
22.4919, 15.2, -66.7016
23.3726, 15.2, -66.7782
24.2534, 15.2, -67.1267
25.1342, 15.2, -67.6594
26.015, 15.2, -68.3455
26.8957, 15.2, -69.2278
27.7765, 15.2, -70.466
28.6573, 15.2, -72.4945
29.5381, 15.2, -75.4575
30.4188, 15.2, -76.2667
31.2996, 15.2, -74.9338
32.1804, 15.2, -74.5599
33.0612, 15.2, -74.9616
33.9419, 15.2, -75.703
34.8227, 15.2, -76.6386
35.7035, 15.2, -77.7423
36.5843, 15.2, -79.0336
37.465, 15.2, -80.5222
38.3458, 15.2, -82.1819
39.2266, 15.2, -83.6698
40.1074, 15.2, -83.6895
40.9881, 15.2, -84.0373
41.8689, 15.2, -82.9475
42.7497, 15.2, -81.8282
43.6305, 15.2, -80.8698
44.5112, 15.2, -80.0954
45.392, 15.2, -79.5448
46.2728, 15.2, -79.2384
47.1535, 15.2, -79.2025
48.0343, 15.2, -79.5928
48.9151, 15.2, -81.0674
49.7959, 15.2, -87.4547
50.6766, 15.2, -82.244
51.5574, 15.2, -77.5849
52.4382, 15.2, -74.8285
53.319, 15.2, -72.7868
54.1997, 15.2, -71.1789
55.0805, 15.2, -69.8849
55.9613, 15.2, -68.8672
56.8421, 15.2, -68.239
57.7228, 15.2, -68.4385
58.6036, 15.2, -70.6368
59.4844, 15.2, -77.4621
60.3652, 15.2, -79.0418
61.2459, 15.2, -70.0208
62.1267, 15.2, -65.7519
63.0075, 15.2, -63.8473
63.8883, 15.2, -63.0067
64.769, 15.2, -62.6852
65.6498, 15.2, -62.6317
66.5306, 15.2, -62.9088
67.4114, 15.2, -64.0125
68.2921, 15.2, -66.6378
69.1729, 15.2, -72.1104
70.0537, 15.2, -74.5116
70.9344, 15.2, -72.6582
71.8152, 15.2, -69.5908
72.696, 15.2, -69.1193
73.5768, 15.2, -69.8153
74.4575, 15.2, -71.1784
75.3383, 15.2, -72.9329
76.2191, 15.2, -75.1392
77.0999, 15.2, -77.9872
77.9806, 15.2, -81.4278
78.8614, 15.2, -84.2862
79.7422, 15.2, -90.303
80.623, 15.2, -88.5288
81.5037, 15.2, -89.1321
82.3845, 15.2, -90.1165
83.2653, 15.2, -90.8892
84.1461, 15.2, -92.2166
85.0268, 15.2, -94.0529
85.9076, 15.2, -96.29
86.7884, 15.2, -98.8637
87.66916, 15.2, -101.6936
88.54993, 15.2, -103.6317
89.43071, 15.2, -103.3287
90.31149, 15.2, -105.8936
91.19226, 15.2, -116.9065
92.07303, 15.2, -124.9396
92.9538, 15.2, -131.4167
93.83458, 15.2, -138.0978
94.71535, 15.2, -145.1959
95.59613, 15.2, -152.6671
96.47691, 15.2, -160.6434
97.35767, 15.2, -169.5529
98.23845, 15.2, -179.3553
99.11922, 15.2, -189.3051
19.9105, 16, -73.0793
20.7811, 16, -69.9377
21.6516, 16, -68.575
22.5221, 16, -68.3049
23.3927, 16, -68.4842
24.2632, 16, -68.9135
25.1338, 16, -69.5061
26.0043, 16, -70.2278
26.8748, 16, -71.0742
27.7454, 16, -72.0545
28.6159, 16, -73.1494
29.4865, 16, -74.8772
30.357, 16, -75.9203
31.2275, 16, -75.4173
32.0981, 16, -75.9823
32.9686, 16, -76.6015
33.8391, 16, -77.3395
34.7097, 16, -78.1981
35.5802, 16, -79.1817
36.4508, 16, -80.304
37.3213, 16, -81.5827
38.1918, 16, -82.9954
39.0624, 16, -84.0583
39.9329, 16, -83.4039
40.8034, 16, -84.8842
41.674, 16, -84.2833
42.5445, 16, -83.1404
43.4151, 16, -82.1286
44.2856, 16, -81.3044
45.1561, 16, -80.6727
46.0267, 16, -80.254
46.8972, 16, -80.1105
47.7677, 16, -80.4073
48.6383, 16, -81.7105
49.5088, 16, -87.0859
50.3794, 16, -88.2724
51.2499, 16, -80.0259
52.1204, 16, -76.6833
52.991, 16, -74.5544
53.8615, 16, -72.931
54.732, 16, -71.6296
55.6026, 16, -70.5969
56.4731, 16, -69.8469
57.3437, 16, -69.4699
58.2142, 16, -69.7368
59.0847, 16, -71.9921
59.9553, 16, -85.1289
60.8258, 16, -71.1815
61.6963, 16, -67.4595
62.5669, 16, -66.112
63.4374, 16, -65.3935
64.308, 16, -65.0316
65.1785, 16, -64.9375
66.049, 16, -65.0844
66.9196, 16, -65.4727
67.7901, 16, -66.0845
68.6606, 16, -66.6049
69.5312, 16, -67.5654
70.4017, 16, -68.7227
71.2723, 16, -69.715
72.1428, 16, -70.7504
73.0133, 16, -71.4083
73.8839, 16, -72.2616
74.7544, 16, -73.4751
75.6249, 16, -75.1862
76.4955, 16, -77.5875
77.366, 16, -80.9981
78.2366, 16, -86.0138
79.1071, 16, -93.8247
79.97763, 16, -105.6343
80.8482, 16, -98.4556
81.7187, 16, -94.6799
82.5892, 16, -93.4611
83.4598, 16, -93.8406
84.3303, 16, -95.2783
85.2009, 16, -97.5132
86.0714, 16, -100.4235
86.94193, 16, -103.9709
87.81247, 16, -108.1453
88.68301, 16, -112.6399
89.55355, 16, -113.1442
90.42409, 16, -117.7787
91.29462, 16, -127.8893
92.16516, 16, -133.8892
93.0357, 16, -140.0649
93.90623, 16, -146.8223
94.77677, 16, -154.2083
95.64731, 16, -162.279
96.51785, 16, -171.1527
97.38839, 16, -181.0236
98.25893, 16, -192.075
99.12946, 16, -203.1614
20.8523, 16.8, -70.0627
21.7126, 16.8, -69.1952
22.5729, 16.8, -69.278
23.4332, 16.8, -69.7031
24.2935, 16.8, -70.3007
25.1538, 16.8, -70.9999
26.0141, 16.8, -71.7583
26.8744, 16.8, -72.529
27.7347, 16.8, -73.1947
28.595, 16.8, -73.4762
29.4553, 16.8, -73.3042
30.3156, 16.8, -73.8058
31.1759, 16.8, -75.3737
32.0362, 16.8, -76.7705
32.8965, 16.8, -77.7564
33.7568, 16.8, -78.5576
34.6171, 16.8, -79.3527
35.4774, 16.8, -80.199
36.3377, 16.8, -81.1225
37.198, 16.8, -82.1271
38.0583, 16.8, -83.1336
38.9186, 16.8, -84.176
39.7789, 16.8, -85.3047
40.6392, 16.8, -85.4563
41.4995, 16.8, -84.6391
42.3598, 16.8, -83.7062
43.2201, 16.8, -82.7407
44.0804, 16.8, -81.8877
44.9407, 16.8, -81.1922
45.801, 16.8, -80.6829
46.6613, 16.8, -80.4154
47.5216, 16.8, -80.5229
48.3819, 16.8, -81.367
49.2422, 16.8, -83.5969
50.1025, 16.8, -84.9497
50.9628, 16.8, -81.1251
51.8231, 16.8, -77.7372
52.6834, 16.8, -75.5649
53.5437, 16.8, -74.0086
54.404, 16.8, -72.7802
55.2643, 16.8, -71.7741
56.1246, 16.8, -70.9434
56.9849, 16.8, -70.2558
57.8452, 16.8, -69.6275
58.7055, 16.8, -68.8865
59.5658, 16.8, -68.3186
60.4262, 16.8, -67.2352
61.2865, 16.8, -66.5234
62.1468, 16.8, -66.6858
63.0071, 16.8, -66.7542
63.8674, 16.8, -66.754
64.7277, 16.8, -66.7868
65.588, 16.8, -66.8516
66.4483, 16.8, -66.8828
67.3086, 16.8, -66.6612
68.1689, 16.8, -65.3925
69.0292, 16.8, -62.3454
69.8895, 16.8, -59.372
70.7498, 16.8, -63.8436
71.6101, 16.8, -68.8306
72.4704, 16.8, -71.2813
73.3307, 16.8, -72.3472
74.191, 16.8, -73.1654
75.0513, 16.8, -74.1885
75.9116, 16.8, -75.7079
76.7719, 16.8, -78.0712
77.6322, 16.8, -81.898
78.4925, 16.8, -88.631
79.35278, 16.8, -100.7516
80.21307, 16.8, -107.2181
81.07338, 16.8, -100.4076
81.9337, 16.8, -95.165
82.794, 16.8, -93.7248
83.6543, 16.8, -94.4053
84.5146, 16.8, -96.3324
85.3749, 16.8, -99.1615
86.23518, 16.8, -102.7644
87.09548, 16.8, -107.153
87.95579, 16.8, -112.4842
88.81609, 16.8, -119.105
89.67638, 16.8, -125.8709
90.53669, 16.8, -131.2898
91.39699, 16.8, -134.7385
92.25729, 16.8, -139.9464
93.11759, 16.8, -146.2883
93.97789, 16.8, -153.4136
94.8382, 16.8, -161.2317
95.69849, 16.8, -169.7463
96.55879, 16.8, -179.0403
97.4191, 16.8, -189.2536
98.2794, 16.8, -200.4869
99.1397, 16.8, -213.5887
21.7941, 17.6, -69.0401
22.6441, 17.6, -69.6515
23.4942, 17.6, -70.4223
24.3443, 17.6, -71.2604
25.1943, 17.6, -72.1084
26.0444, 17.6, -72.9189
26.8945, 17.6, -73.6223
27.7445, 17.6, -74.1064
28.5946, 17.6, -74.1326
29.4446, 17.6, -72.6278
30.2947, 17.6, -71.8338
31.1448, 17.6, -75.779
31.9948, 17.6, -77.4032
32.8449, 17.6, -78.4874
33.695, 17.6, -79.3511
34.545, 17.6, -80.0992
35.3951, 17.6, -80.8002
36.2452, 17.6, -81.494
37.0952, 17.6, -82.2063
37.9453, 17.6, -83.0052
38.7954, 17.6, -84.0528
39.6454, 17.6, -86.2625
40.4955, 17.6, -86.0097
41.3455, 17.6, -84.4904
42.1956, 17.6, -83.5206
43.0457, 17.6, -82.6395
43.8957, 17.6, -81.8279
44.7458, 17.6, -81.1049
45.5959, 17.6, -80.5117
46.4459, 17.6, -80.1001
47.296, 17.6, -79.9516
48.1461, 17.6, -80.1566
48.9961, 17.6, -80.4019
49.8462, 17.6, -76.5569
50.6963, 17.6, -78.0008
51.5463, 17.6, -77.3041
52.3964, 17.6, -75.6314
53.2465, 17.6, -74.2843
54.0965, 17.6, -73.2069
54.9466, 17.6, -72.2966
55.7966, 17.6, -71.4726
56.6467, 17.6, -70.6398
57.4968, 17.6, -69.6511
58.3468, 17.6, -68.1152
59.1969, 17.6, -63.8458
60.047, 17.6, -50.5933
60.897, 17.6, -62.9833
61.7471, 17.6, -65.7993
62.5972, 17.6, -66.8167
63.4472, 17.6, -67.4464
64.2973, 17.6, -67.8601
65.1474, 17.6, -68.0616
65.9974, 17.6, -68.0133
66.8475, 17.6, -67.5246
67.6975, 17.6, -66.3242
68.5476, 17.6, -63.7747
69.3977, 17.6, -57.756
70.2477, 17.6, -53.7529
71.0978, 17.6, -64.9936
71.9479, 17.6, -69.0602
72.7979, 17.6, -70.8489
73.648, 17.6, -71.6927
74.4981, 17.6, -72.2049
75.3481, 17.6, -72.8196
76.1982, 17.6, -73.9258
77.0483, 17.6, -76.0115
77.8983, 17.6, -79.8887
78.7484, 17.6, -86.9764
79.5984, 17.6, -99.2007
80.44852, 17.6, -101.7227
81.2986, 17.6, -94.4494
82.1486, 17.6, -91.2762
82.9987, 17.6, -90.9835
83.8488, 17.6, -92.4527
84.6988, 17.6, -95.0946
85.5489, 17.6, -98.6106
86.39896, 17.6, -102.8952
87.24903, 17.6, -107.9996
88.0991, 17.6, -114.2197
88.94916, 17.6, -122.5611
89.79922, 17.6, -138.8888
90.64929, 17.6, -136.968
91.49935, 17.6, -138.0873
92.34942, 17.6, -143.2196
93.19949, 17.6, -149.9049
94.04955, 17.6, -157.4829
94.89961, 17.6, -165.6945
95.74968, 17.6, -174.4936
96.59974, 17.6, -183.9053
97.44981, 17.6, -194.1151
98.29987, 17.6, -205.5724
99.14993, 17.6, -219.2828
22.7358, 18.4, -69.6539
23.5757, 18.4, -70.8559
24.4155, 18.4, -71.9866
25.2553, 18.4, -73.0396
26.0951, 18.4, -73.9922
26.935, 18.4, -74.7959
27.7748, 18.4, -75.3423
28.6146, 18.4, -75.3168
29.4545, 18.4, -73.7151
30.2943, 18.4, -73.1737
31.1341, 18.4, -76.8331
31.9739, 18.4, -78.4493
32.8138, 18.4, -79.3936
33.6536, 18.4, -80.0889
34.4934, 18.4, -80.6681
35.3332, 18.4, -81.1927
36.1731, 18.4, -81.7027
37.0129, 18.4, -82.2384
37.8527, 18.4, -82.8666
38.6926, 18.4, -83.7806
39.5324, 18.4, -85.606
40.3722, 18.4, -85.9416
41.212, 18.4, -83.9161
42.0519, 18.4, -82.8537
42.8917, 18.4, -81.9612
43.7315, 18.4, -81.1353
44.5714, 18.4, -80.3729
45.4112, 18.4, -79.6893
46.251, 18.4, -79.1053
47.0908, 18.4, -78.6335
47.9307, 18.4, -78.1946
48.7705, 18.4, -77.0271
49.6103, 18.4, -73.8339
50.4501, 18.4, -72.7993
51.29, 18.4, -74.3976
52.1298, 18.4, -74.3704
52.9696, 18.4, -73.6304
53.8095, 18.4, -72.8817
54.6493, 18.4, -72.1854
55.4891, 18.4, -71.5023
56.3289, 18.4, -70.7525
57.1688, 18.4, -69.7766
58.0086, 18.4, -68.1412
58.8484, 18.4, -64.1402
59.6883, 18.4, -53.9883
60.5281, 18.4, -56.8526
61.3679, 18.4, -64.1176
62.2077, 18.4, -66.8422
63.0476, 18.4, -68.0569
63.8874, 18.4, -68.7933
64.7272, 18.4, -69.2525
65.5671, 18.4, -69.4511
66.4069, 18.4, -69.3177
67.2467, 18.4, -68.6802
68.0865, 18.4, -67.1639
68.9264, 18.4, -63.8147
69.7662, 18.4, -55.4901
70.606, 18.4, -61.7249
71.4458, 18.4, -67.4056
72.2857, 18.4, -69.3346
73.1255, 18.4, -69.7763
73.9653, 18.4, -69.5974
74.8052, 18.4, -69.2484
75.645, 18.4, -69.0554
76.4848, 18.4, -69.3452
77.3246, 18.4, -70.5366
78.1645, 18.4, -73.1832
79.0043, 18.4, -77.8365
79.8441, 18.4, -89.8436
80.684, 18.4, -85.625
81.5238, 18.4, -83.0729
82.3636, 18.4, -83.1298
83.2034, 18.4, -84.6826
84.0433, 18.4, -87.4055
84.8831, 18.4, -90.9845
85.7229, 18.4, -95.2522
86.56275, 18.4, -100.1674
87.40258, 18.4, -105.831
88.24241, 18.4, -112.6104
89.08224, 18.4, -121.933
89.92207, 18.4, -137.4006
90.76189, 18.4, -135.5822
91.60172, 18.4, -137.977
92.44155, 18.4, -143.7911
93.28138, 18.4, -150.9659
94.1212, 18.4, -158.9208
94.96103, 18.4, -167.4336
95.80086, 18.4, -176.4359
96.64069, 18.4, -185.9631
97.48051, 18.4, -196.1618
98.32034, 18.4, -207.3289
99.16017, 18.4, -220.2605
23.6776, 19.2, -71.0963
24.5072, 19.2, -72.8029
25.3368, 19.2, -74.2245
26.1664, 19.2, -75.4342
26.996, 19.2, -76.4793
27.8255, 19.2, -77.2735
28.6551, 19.2, -77.5967
29.4847, 19.2, -77.1685
30.3143, 19.2, -77.7269
31.1439, 19.2, -79.0888
31.9735, 19.2, -80.1192
32.8031, 19.2, -80.7262
33.6327, 19.2, -81.1408
34.4623, 19.2, -81.4661
35.2919, 19.2, -81.7504
36.1215, 19.2, -82.0242
36.9511, 19.2, -82.3184
37.7806, 19.2, -82.6859
38.6102, 19.2, -83.2338
39.4398, 19.2, -84.1673
40.2694, 19.2, -84.2384
41.099, 19.2, -82.8507
41.9286, 19.2, -81.687
42.7582, 19.2, -80.7645
43.5878, 19.2, -79.9028
44.4174, 19.2, -79.0672
45.247, 19.2, -78.2582
46.0766, 19.2, -77.471
46.9062, 19.2, -76.6703
47.7357, 19.2, -75.697
48.5653, 19.2, -74.3785
49.3949, 19.2, -72.4411
50.2245, 19.2, -71.3283
51.0541, 19.2, -71.465
51.8837, 19.2, -71.9593
52.7133, 19.2, -72.1066
53.5429, 19.2, -71.9407
54.3725, 19.2, -71.6481
55.2021, 19.2, -71.289
56.0317, 19.2, -70.8316
56.8612, 19.2, -70.1621
57.6908, 19.2, -68.9668
58.5204, 19.2, -66.7842
59.35, 19.2, -62.7666
60.1796, 19.2, -61.7033
61.0092, 19.2, -64.5703
61.8388, 19.2, -67.8157
62.6684, 19.2, -69.6791
63.498, 19.2, -70.814
64.3276, 19.2, -71.5932
65.1572, 19.2, -72.1461
65.9868, 19.2, -72.4809
66.8163, 19.2, -72.5358
67.6459, 19.2, -72.1658
68.4755, 19.2, -71.0619
69.3051, 19.2, -68.5711
70.1347, 19.2, -68.296
70.9643, 19.2, -69.2027
71.7939, 19.2, -69.8269
72.6235, 19.2, -69.0511
73.4531, 19.2, -67.6255
74.2827, 19.2, -65.9024
75.1123, 19.2, -64.1191
75.9418, 19.2, -62.4567
76.7714, 19.2, -61.0824
77.601, 19.2, -60.1147
78.4306, 19.2, -59.9716
79.2602, 19.2, -61.8848
80.0898, 19.2, -62.8845
80.9194, 19.2, -65.7308
81.749, 19.2, -67.3786
82.5786, 19.2, -70.5491
83.4082, 19.2, -74.3314
84.2378, 19.2, -78.5737
85.0674, 19.2, -83.2428
85.8969, 19.2, -88.2961
86.7265, 19.2, -93.7371
87.5561, 19.2, -99.6379
88.38572, 19.2, -106.4107
89.21531, 19.2, -115.0873
90.04491, 19.2, -121.6441
90.8745, 19.2, -128.4379
91.70409, 19.2, -133.8155
92.53368, 19.2, -141.0175
93.36327, 19.2, -149.0544
94.19286, 19.2, -157.555
95.02245, 19.2, -166.3983
95.85204, 19.2, -175.542
96.68163, 19.2, -184.995
97.51122, 19.2, -194.7958
98.34082, 19.2, -205.1452
99.17041, 19.2, -216.6725
