100, 0, 1.29129
0, 0, 6.4862
-20, 0, 1.4013e-44
-20, -20, 200
100, -20, 190.5867
100, 20, -196.8452
23.8, 20, -56.744
98.9247, 0, 1.09102
97.8495, 0, 0.993561
96.7742, 0, 1.24419
95.6989, 0, 1.73591
94.6237, 0, 2.2197
93.5484, 0, 2.47494
92.4731, 0, 2.43713
91.3979, 0, 2.60134
90.3226, 0, 2.67081
89.2473, 0, 4.75972
88.172, 0, 7.17159
87.0968, 0, 9.58826
86.0215, 0, 12.1485
84.9462, 0, 14.4258
83.871, 0, 16.5243
82.7957, 0, 18.7807
81.7204, 0, 22.1986
80.6452, 0, 27.6509
79.5699, 0, 29.8737
78.4946, 0, 26.0752
77.4194, 0, 23.9735
76.3441, 0, 23.0457
75.2688, 0, 22.4549
74.1936, 0, 22.0761
73.1183, 0, 22.0142
72.043, 0, 22.5871
70.9677, 0, 24.2595
69.8925, 0, 25.3201
68.8172, 0, 22.8259
67.7419, 0, 20.5615
66.6667, 0, 19.3186
65.5914, 0, 18.6069
64.5161, 0, 18.172
63.4409, 0, 17.9371
62.3656, 0, 18.0824
61.2903, 0, 19.4337
60.2151, 0, 21.5873
59.1398, 0, 19.5099
58.0645, 0, 16.4733
56.9892, 0, 14.9369
55.914, 0, 14.1022
54.8387, 0, 13.4501
53.7634, 0, 12.9253
52.6882, 0, 12.6539
51.6129, 0, 13.1094
50.5376, 0, 14.5352
49.4624, 0, 13.6971
48.3871, 0, 11.0206
47.3118, 0, 9.52677
46.2366, 0, 8.72865
45.1613, 0, 8.12558
44.086, 0, 7.54899
43.0108, 0, 6.94423
41.9355, 0, 6.44881
40.8602, 0, 6.11084
39.7849, 0, 5.80687
38.7097, 0, 6.70427
37.6344, 0, 7.58384
36.5591, 0, 8.69379
35.4839, 0, 9.79435
34.4086, 0, 10.8469
33.3333, 0, 11.9152
32.2581, 0, 13.1705
31.1828, 0, 14.9564
30.1075, 0, 16.9802
29.0323, 0, 16.4259
27.957, 0, 15.8992
26.8817, 0, 15.9963
25.8065, 0, 16.2932
24.7312, 0, 16.5963
23.6559, 0, 16.8127
22.5806, 0, 16.8321
21.5054, 0, 16.4725
20.4301, 0, 15.4403
19.3548, 0, 15.9229
18.2796, 0, 17.1336
17.2043, 0, 17.8537
16.129, 0, 18.2481
15.0538, 0, 18.4464
13.9785, 0, 18.523
12.9032, 0, 18.5286
11.828, 0, 18.5723
10.7527, 0, 19.154
9.67742, 0, 21.6679
8.60215, 0, 20.1201
7.52688, 0, 20.0937
6.45161, 0, 20.4749
5.37634, 0, 21.2831
4.30108, 0, 17.6208
3.22581, 0, 19.9273
2.15054, 0, 17.103
1.07527, 0, 15.0551
-1.05263, 0, 12.3156
-2.10526, 0, 13.0938
-3.15789, 0, 12.4913
-4.21053, 0, 11.336
-5.2632, 0, 9.8272
-6.3158, 0, 8.0251
-7.3684, 0, 5.988
-8.4211, 0, 3.7531
-9.4737, 0, 1.3202
-10.5263, 0, 0.274701
-11.5789, 0, 0.656686
-12.6316, 0, 0.878347
-13.6842, 0, 0.980022
-14.7368, 0, 0.986443
-15.7895, 0, 0.913662
-16.8421, 0, 0.772812
-17.8947, 0, 0.571488
-18.9474, 0, 0.314507
-20, -1, 9.5
-20, -2, 19
-20, -3, 28.5
-20, -4, 38
-20, -5, 47.5
-20, -6, 57
-20, -7, 66.5
-20, -8, 76
-20, -9, 85.5
-20, -10, 100
-20, -11, 114.5
-20, -12, 124
-20, -13, 133.5
-20, -14, 143
-20, -15, 152.5
-20, -16, 162
-20, -17, 171.5
-20, -18, 181
-20, -19, 190.5
-18.92857, -20, 200.3646
-17.85714, -20, 200.7292
-16.78572, -20, 201.0938
-15.71429, -20, 201.4584
-14.64286, -20, 201.823
-13.57143, -20, 202.1875
-12.5, -20, 202.5521
-11.42857, -20, 202.9167
-10.35714, -20, 203.2813
-9.285714, -20, 203.6108
-8.214286, -20, 203.9228
-7.142857, -20, 204.2348
-6.071429, -20, 204.5468
-5, -20, 204.8588
-3.928571, -20, 205.1708
-2.857143, -20, 205.4828
-1.785714, -20, 205.7948
-0.7142857, -20, 206.1068
0.3571429, -20, 207.1066
1.428571, -20, 208.0276
2.5, -20, 207.8789
3.571429, -20, 208.3736
4.642857, -20, 209.257
5.714286, -20, 209.7069
6.785714, -20, 209.6275
7.857143, -20, 209.5482
8.928572, -20, 209.4688
10, -20, 209.3895
11.07143, -20, 209.6105
12.14286, -20, 209.8316
13.21429, -20, 210.0527
14.28571, -20, 210.2737
15.35714, -20, 210.4948
16.42857, -20, 210.7159
17.5, -20, 210.9369
18.57143, -20, 211.158
19.64286, -20, 211.3791
20.71428, -20, 211.3762
21.78572, -20, 211.2612
22.85714, -20, 211.1463
23.92857, -20, 211.0314
25, -20, 210.9165
26.07143, -20, 210.8016
27.14286, -20, 210.6866
28.21428, -20, 210.5717
29.28572, -20, 210.4568
30.35714, -20, 210.316
31.42857, -20, 210.1236
32.5, -20, 209.9312
33.57143, -20, 209.7387
34.64286, -20, 209.5463
35.71429, -20, 209.3538
36.78571, -20, 209.1614
37.85714, -20, 208.969
38.92857, -20, 208.7765
40, -20, 208.5841
41.07143, -20, 208.4645
42.14286, -20, 208.3449
43.21429, -20, 208.2253
44.28571, -20, 208.1057
45.35714, -20, 207.9861
46.42857, -20, 207.8665
47.5, -20, 207.7469
48.57143, -20, 207.6273
49.64286, -20, 207.5077
50.71429, -20, 207.392
51.78571, -20, 207.2783
52.85714, -20, 207.1645
53.92857, -20, 207.0508
55, -20, 206.9371
56.07143, -20, 206.8233
57.14286, -20, 206.7096
58.21429, -20, 206.5959
59.28571, -20, 206.4822
60.35714, -20, 206.3539
61.42857, -20, 206.1964
62.5, -20, 206.0389
63.57143, -20, 205.8815
64.64286, -20, 205.724
65.71429, -20, 205.5665
66.78571, -20, 205.4091
67.85714, -20, 205.2516
68.92857, -20, 205.0942
70, -20, 204.9367
71.07143, -20, 204.5633
72.14286, -20, 204.1899
73.21429, -20, 203.8165
74.28571, -20, 203.4431
75.35714, -20, 203.0697
76.42857, -20, 202.6962
77.5, -20, 202.3228
78.57143, -20, 201.9494
79.64286, -20, 201.576
80.71429, -20, 201.3867
81.78571, -20, 201.2895
82.85714, -20, 201.1923
83.92857, -20, 201.095
85, -20, 200.9978
86.07143, -20, 200.9006
87.14286, -20, 200.8033
88.21429, -20, 200.7061
89.28571, -20, 200.6088
90.35714, -20, 200.1884
91.42857, -20, 199.1215
92.5, -20, 198.0547
93.57143, -20, 196.9878
94.64286, -20, 195.921
95.71429, -20, 194.8541
96.78571, -20, 193.7873
97.85714, -20, 192.7204
98.92857, -20, 191.6535
100, -19, 183.1234
100, -18, 175.6601
100, -17, 166.9392
100, -16, 158.0704
100, -15, 149.6559
100, -14, 141.3627
100, -13, 129.4896
100, -12, 115.9642
100, -11, 106.4362
100, -10, 99.8155
100, -9, 88.2301
100, -8, 71.1285
100, -7, 58.0784
100, -6, 51.9735
100, -5, 44.5311
100, -4, 33.3439
100, -3, 24.0535
100, -2, 24.8793
100, -1, 24.4431
100, 0.8, -17.2302
100, 1.6, -24.0727
100, 2.4, -25.5251
100, 3.2, -27.6546
100, 4, -41.9744
100, 4.8, -56.2942
100, 5.6, -70.0354
100, 6.4, -82.981
100, 7.2, -95.9266
100, 8, -112.0266
100, 8.8, -128.9678
100, 9.6, -139.0082
100, 10.4, -112.2449
100, 11.2, -85.4817
100, 12, -92.7456
100, 12.8, -130.634
100, 13.6, -168.5225
100, 14.4, -174.083
100, 15.2, -175.8402
100, 16, -183.175
100, 16.8, -206.1272
100, 17.6, -229.0794
100, 18.4, -227.7698
100, 19.2, -212.3075
99.18065, 20, -186.3156
98.36129, 20, -175.7858
97.54194, 20, -165.2562
96.72258, 20, -154.7264
95.90323, 20, -144.1968
95.08387, 20, -133.667
94.26452, 20, -123.1374
93.44516, 20, -112.6076
92.62581, 20, -102.078
91.8064, 20, -91.5482
90.9871, 20, -81.0186
90.1677, 20, -70.4889
89.3484, 20, -63.8876
88.529, 20, -58.2975
87.7097, 20, -52.7074
86.8903, 20, -47.1173
86.071, 20, -41.5273
85.2516, 20, -35.9372
84.4323, 20, -30.3471
83.6129, 20, -24.757
82.7935, 20, -19.167
81.9742, 20, -13.5769
81.1548, 20, -7.98685
80.3355, 20, -2.39681
79.5161, 20, -3.02232
78.6968, 20, -7.95732
77.8774, 20, -12.8924
77.0581, 20, -17.8274
76.2387, 20, -22.7624
75.4194, 20, -27.6974
74.6, 20, -32.6324
73.7806, 20, -37.5674
72.9613, 20, -42.5025
72.1419, 20, -47.4375
71.3226, 20, -52.3725
70.5032, 20, -57.3075
69.6839, 20, -59.3831
68.8645, 20, -56.9069
68.0452, 20, -54.4307
67.2258, 20, -51.9545
66.4064, 20, -49.4783
65.5871, 20, -47.0021
64.7677, 20, -44.5259
63.9484, 20, -42.0497
63.129, 20, -39.5735
62.3097, 20, -37.0973
61.4903, 20, -34.6211
60.671, 20, -32.1449
59.8516, 20, -30.2857
59.0323, 20, -31.2163
58.2129, 20, -32.1468
57.3935, 20, -33.0774
56.5742, 20, -34.008
55.7548, 20, -34.9386
54.9355, 20, -35.8692
54.1161, 20, -36.7997
53.2968, 20, -37.7303
52.4774, 20, -38.6609
51.6581, 20, -39.5915
50.8387, 20, -40.5221
50.0194, 20, -41.4527
49.2, 20, -42.8758
48.3806, 20, -44.3109
47.5613, 20, -45.746
46.7419, 20, -47.181
45.9226, 20, -48.6161
45.1032, 20, -50.0512
44.2839, 20, -51.4862
43.4645, 20, -52.9213
42.6452, 20, -54.3564
41.8258, 20, -55.7914
41.0065, 20, -57.2265
40.1871, 20, -58.6616
39.3677, 20, -59.4887
38.5484, 20, -60.136
37.729, 20, -60.7833
36.9097, 20, -61.4305
36.0903, 20, -62.0778
35.271, 20, -62.725
34.4516, 20, -63.3723
33.6323, 20, -64.0196
32.8129, 20, -64.6668
31.9935, 20, -65.3141
31.1742, 20, -65.9614
30.3548, 20, -66.6086
29.5355, 20, -66.6063
28.7161, 20, -65.9192
27.8968, 20, -64.9915
27.0774, 20, -63.8232
26.2581, 20, -62.4144
25.4387, 20, -60.7649
24.6194, 20, -58.8748
22.848, 19.2, -55.8114
21.896, 18.4, -55.9294
20.944, 17.6, -57.2573
19.992, 16.8, -62.3717
19.04, 16, -54.6971
18.088, 15.2, -50.847
17.136, 14.4, -48.0521
16.184, 13.6, -45.6692
15.232, 12.8, -43.461
14.28, 12, -41.3154
13.328, 11.2, -39.1847
12.376, 10.4, -36.9653
11.424, 9.6, -34.3646
10.472, 8.8, -30.4542
9.52, 8, -26.2473
8.568, 7.2, -23.0803
7.616, 6.4, -19.2141
6.664, 5.6, -15.0292
5.712, 4.8, -10.4784
4.76, 4, -4.5589
3.808, 3.2, 2.9828
2.856, 2.4, 9.2028
1.904, 1.6, 11.6851
0.952, 0.8, 11.157
98.9249, -1, 11.8582
97.8498, -1, 10.4161
96.7748, -1, 10.564
95.6997, -1, 10.9636
94.6246, -1, 11.3387
93.5495, -1, 11.5397
92.4745, -1, 11.422
91.3994, -1, 10.911
90.3243, -1, 10.6959
89.2492, -1, 12.7897
88.1742, -1, 15.8808
87.0991, -1, 18.7256
86.024, -1, 21.1124
84.9489, -1, 23.3284
83.8738, -1, 25.6499
82.7988, -1, 28.4063
81.7237, -1, 32.1563
80.6486, -1, 38.6021
79.5735, -1, 41.8188
78.4985, -1, 36.1221
77.4234, -1, 33.4638
76.3483, -1, 31.792
75.2732, -1, 30.7521
74.1982, -1, 30.2447
73.1231, -1, 30.298
72.048, -1, 31.038
70.9729, -1, 32.3411
69.8979, -1, 33.4264
68.8228, -1, 30.5091
67.7477, -1, 28.2496
66.6726, -1, 26.7247
65.5975, -1, 25.8184
64.5225, -1, 25.3417
63.4474, -1, 25.1747
62.3723, -1, 25.2198
61.2972, -1, 25.1715
60.2222, -1, 22.3198
59.1471, -1, 23.4744
58.072, -1, 22.9371
56.9969, -1, 21.9523
55.9219, -1, 21.1566
54.8468, -1, 20.5107
53.7717, -1, 19.9592
52.6966, -1, 19.4653
51.6215, -1, 19.0597
50.5465, -1, 19.4182
49.4714, -1, 19.0236
48.3963, -1, 17.2946
47.3212, -1, 16.6548
46.2462, -1, 16.2044
45.1711, -1, 15.7772
44.096, -1, 15.3092
43.0209, -1, 14.7616
41.9459, -1, 14.1673
40.8708, -1, 14.4988
39.7957, -1, 17.219
38.7206, -1, 14.848
37.6455, -1, 15.9144
36.5705, -1, 17.143
35.4954, -1, 18.2901
34.4203, -1, 19.4063
33.3452, -1, 20.5726
32.2702, -1, 21.8861
31.1951, -1, 23.3942
30.12, -1, 24.0818
29.0449, -1, 24.7374
27.9699, -1, 24.7757
26.8948, -1, 24.8417
25.8197, -1, 25.0623
24.7446, -1, 25.3382
23.6695, -1, 25.5773
22.5945, -1, 25.6731
21.5194, -1, 25.3876
20.4443, -1, 24.179
19.3692, -1, 24.6173
18.2942, -1, 25.9465
17.2191, -1, 26.5083
16.144, -1, 26.7922
15.0689, -1, 26.9308
13.9939, -1, 26.9758
12.9188, -1, 26.97
11.8437, -1, 27.0195
10.7686, -1, 27.4358
9.69355, -1, 26.9511
8.61847, -1, 27.6853
7.54339, -1, 27.6701
6.46832, -1, 27.5991
5.39324, -1, 27.2162
4.31816, -1, 24.6746
3.24309, -1, 25.9441
2.16801, -1, 23.9397
1.09293, -1, 19.5325
0.0178571, -1, 18.8736
-1.03571, -1, 18.4641
-2.08929, -1, 19.1147
-3.14286, -1, 18.7515
-4.19643, -1, 17.8592
-5.25, -1, 16.6408
-6.30357, -1, 15.1977
-7.35714, -1, 13.5933
-8.41071, -1, 11.8935
-9.46429, -1, 10.2802
-10.5179, -1, 9.77459
-11.5714, -1, 9.75509
-12.625, -1, 9.72486
-13.6786, -1, 9.69364
-14.7321, -1, 9.66155
-15.7857, -1, 9.6292
-16.8393, -1, 9.59664
-17.8929, -1, 9.56402
-18.9464, -1, 9.53164
98.9251, -2, 21.8051
97.8502, -2, 20.341
96.7753, -2, 20.2979
95.7005, -2, 20.6283
94.6256, -2, 21.0652
93.5507, -2, 21.4726
92.4758, -2, 21.6008
91.4009, -2, 20.8138
90.326, -2, 18.7232
89.2512, -2, 21.3145
88.1763, -2, 25.641
87.1014, -2, 28.5006
86.0265, -2, 30.6547
84.9516, -2, 32.6945
83.8767, -2, 34.8638
82.8018, -2, 37.3603
81.727, -2, 40.4986
80.6521, -2, 45.3458
79.5772, -2, 47.6098
78.5023, -2, 43.581
77.4274, -2, 41.1579
76.3525, -2, 39.5322
75.2776, -2, 38.4012
74.2028, -2, 37.5982
73.1279, -2, 37.0863
72.053, -2, 37.0782
70.9781, -2, 37.7959
69.9032, -2, 38.0295
68.8283, -2, 35.5583
67.7535, -2, 33.9066
66.6786, -2, 32.9955
65.6037, -2, 32.4341
64.5288, -2, 32.0107
63.4539, -2, 31.6474
62.379, -2, 31.1453
61.3041, -2, 29.5867
60.2293, -2, 26.6948
59.1544, -2, 27.2093
58.0795, -2, 28.5248
57.0046, -2, 28.5462
55.9297, -2, 28.0886
54.8548, -2, 27.5431
53.78, -2, 26.9204
52.7051, -2, 26.1181
51.6302, -2, 24.8417
50.5553, -2, 23.0606
49.4804, -2, 22.7884
48.4055, -2, 23.6904
47.3306, -2, 24.0108
46.2558, -2, 23.987
45.1809, -2, 23.806
44.106, -2, 23.5053
43.0311, -2, 23.0945
41.9562, -2, 22.6197
40.8813, -2, 22.2784
39.8064, -2, 22.7918
38.7316, -2, 23.4993
37.6567, -2, 24.7103
36.5818, -2, 25.9214
35.5069, -2, 27.0468
34.432, -2, 28.1273
33.3571, -2, 29.2119
32.2823, -2, 30.3148
31.2074, -2, 31.2935
30.1325, -2, 32.1631
29.0576, -2, 32.7175
27.9827, -2, 33.2178
26.9078, -2, 33.5542
25.8329, -2, 33.8663
24.7581, -2, 34.1972
23.6832, -2, 34.5083
22.6083, -2, 34.7409
21.5334, -2, 34.8099
20.4585, -2, 34.5714
19.3836, -2, 34.8586
18.3088, -2, 35.3361
17.2339, -2, 35.5859
16.159, -2, 35.7236
15.0841, -2, 35.7944
14.0092, -2, 35.7941
12.9343, -2, 35.7576
11.8594, -2, 35.7012
10.7846, -2, 35.2386
9.70968, -2, 34.2657
8.63479, -2, 34.9042
7.55991, -2, 35.1561
6.48502, -2, 34.9781
5.41014, -2, 34.1559
4.33525, -2, 34.2266
3.26037, -2, 32.8611
2.18548, -2, 32.7087
1.1106, -2, 28.1367
0.0357143, -2, 28.7611
-1.0188, -2, 27.2657
-2.07331, -2, 26.7605
-3.12782, -2, 26.3062
-4.18233, -2, 25.5634
-5.23684, -2, 24.5975
-6.29135, -2, 23.4747
-7.34586, -2, 22.2629
-8.40038, -2, 21.0573
-9.45489, -2, 20.1004
-10.5094, -2, 19.5782
-11.5639, -2, 19.5178
-12.6184, -2, 19.454
-13.6729, -2, 19.3881
-14.7274, -2, 19.323
-15.782, -2, 19.2585
-16.8365, -2, 19.1943
-17.891, -2, 19.1298
-18.9455, -2, 19.0644
98.9253, -3, 29.7761
97.8506, -3, 29.9443
96.7759, -3, 29.8741
95.7012, -3, 30.115
94.6265, -3, 30.604
93.5518, -3, 31.249
92.4771, -3, 31.9159
91.4025, -3, 32.1001
90.3278, -3, 28.9379
89.2531, -3, 32.4283
88.1784, -3, 36.0342
87.1037, -3, 37.8791
86.029, -3, 39.5771
84.9543, -3, 41.3371
83.8796, -3, 43.222
82.8049, -3, 45.2798
81.7302, -3, 47.5291
80.6555, -3, 49.0026
79.5808, -3, 49.3147
78.5061, -3, 49.0804
77.4314, -3, 47.5868
76.3568, -3, 46.4065
75.2821, -3, 45.3986
74.2074, -3, 44.4102
73.1327, -3, 43.3044
72.058, -3, 41.9874
70.9833, -3, 41.096
69.9086, -3, 41.8709
68.8339, -3, 39.1483
67.7592, -3, 38.8646
66.6845, -3, 38.8753
65.6098, -3, 38.6644
64.5351, -3, 38.2136
63.4604, -3, 37.5182
62.3858, -3, 36.534
61.3111, -3, 35.1471
60.2364, -3, 33.0493
59.1617, -3, 33.4706
58.087, -3, 34.3273
57.0123, -3, 34.6575
55.9376, -3, 34.6223
54.8629, -3, 34.3097
53.7882, -3, 33.7322
52.7135, -3, 32.8319
51.6388, -3, 31.4133
50.5641, -3, 28.4203
49.4894, -3, 27.9283
48.4147, -3, 30.796
47.3401, -3, 31.7574
46.2654, -3, 32.1309
45.1907, -3, 32.2037
44.116, -3, 32.1034
43.0413, -3, 31.8916
41.9666, -3, 31.5483
40.8919, -3, 30.4098
39.8172, -3, 27.3497
38.7425, -3, 32.3554
37.6678, -3, 33.8225
36.5931, -3, 34.8982
35.5184, -3, 35.8906
34.4437, -3, 36.8404
33.369, -3, 37.7461
32.2944, -3, 38.59
31.2197, -3, 39.3613
30.145, -3, 40.4164
29.0703, -3, 40.9602
27.9956, -3, 41.5061
26.9209, -3, 42.0615
25.8462, -3, 42.5875
24.7715, -3, 43.0728
23.6968, -3, 43.5159
22.6221, -3, 43.9449
21.5474, -3, 44.5329
20.4727, -3, 45.5723
19.398, -3, 45.5678
18.3233, -3, 45.0487
17.2487, -3, 45.0049
16.174, -3, 45.0888
15.0993, -3, 45.1283
14.0246, -3, 45.0746
12.9499, -3, 44.8828
11.8752, -3, 44.4376
10.8005, -3, 43.6301
9.72581, -3, 43.3485
8.65111, -3, 43.4195
7.57642, -3, 43.5056
6.50173, -3, 43.5548
5.42704, -3, 43.4946
4.35234, -3, 41.7127
3.27765, -3, 43.3586
2.20296, -3, 39.7514
1.12826, -3, 36.6692
0.0535714, -3, 38.5669
-1.00188, -3, 36.9974
-2.05733, -3, 35.6419
-3.11278, -3, 34.8476
-4.16823, -3, 34.1368
-5.22368, -3, 33.3239
-6.27914, -3, 32.4264
-7.33459, -3, 31.5149
-8.39004, -3, 30.7201
-9.44549, -3, 29.911
-10.5009, -3, 29.3849
-11.5564, -3, 29.2811
-12.6118, -3, 29.178
-13.6673, -3, 29.079
-14.7227, -3, 28.9818
-15.7782, -3, 28.8856
-16.8336, -3, 28.7899
-17.8891, -3, 28.6943
-18.9445, -3, 28.5981
98.9255, -4, 36.3588
97.851, -4, 38.0105
96.7765, -4, 38.6179
95.702, -4, 39.2071
94.6275, -4, 39.8362
93.553, -4, 40.5265
92.4785, -4, 41.4171
91.404, -4, 42.8444
90.3295, -4, 43.9464
89.255, -4, 45.4749
88.1805, -4, 45.7187
87.106, -4, 46.6588
86.0315, -4, 47.9676
84.957, -4, 49.3863
83.8825, -4, 50.8759
82.808, -4, 52.391
81.7335, -4, 53.484
80.659, -4, 53.1551
79.5845, -4, 52.7707
78.51, -4, 53.6541
77.4355, -4, 53.6046
76.361, -4, 52.8683
75.2865, -4, 52.0002
74.212, -4, 51.033
73.1375, -4, 49.8025
72.063, -4, 47.8217
70.9885, -4, 44.3146
69.914, -4, 42.2249
68.8395, -4, 43.478
67.765, -4, 45.0573
66.6905, -4, 45.3909
65.616, -4, 45.1907
64.5415, -4, 44.6764
63.467, -4, 43.8775
62.3925, -4, 42.8796
61.318, -4, 42.0693
60.2435, -4, 41.3919
59.169, -4, 41.3434
58.0945, -4, 41.2426
57.02, -4, 41.3838
55.9455, -4, 41.5018
54.871, -4, 41.3772
53.7965, -4, 41.0012
52.722, -4, 40.3534
51.6475, -4, 39.2232
50.573, -4, 36.7817
49.4985, -4, 36.3952
48.424, -4, 38.9444
47.3495, -4, 40.1394
46.275, -4, 40.6991
45.2005, -4, 40.9649
44.126, -4, 41.0472
43.0515, -4, 40.9648
41.977, -4, 40.6285
40.9025, -4, 39.5763
39.828, -4, 38.483
38.7535, -4, 41.3466
37.679, -4, 42.9379
36.6045, -4, 43.9919
35.53, -4, 44.903
34.4555, -4, 45.6966
33.381, -4, 46.3749
32.3064, -4, 47.0021
31.232, -4, 47.6685
30.1574, -4, 48.5468
29.0829, -4, 49.3234
28.0084, -4, 50.0142
26.9339, -4, 50.7472
25.8594, -4, 51.4913
24.7849, -4, 52.1621
23.7104, -4, 52.7908
22.6359, -4, 53.4469
21.5614, -4, 54.2488
20.4869, -4, 55.8071
19.4124, -4, 55.8066
18.3379, -4, 54.9378
17.2634, -4, 54.8302
16.1889, -4, 54.8158
15.1144, -4, 54.7857
14.0399, -4, 54.6883
12.9654, -4, 54.4366
11.8909, -4, 53.846
10.8164, -4, 53.0196
9.74194, -4, 52.4478
8.66743, -4, 52.6763
7.59293, -4, 52.7634
6.51843, -4, 52.7348
5.44393, -4, 53.118
4.36943, -4, 50.3376
3.29493, -4, 53.6146
2.22043, -4, 51.4684
1.14593, -4, 49.0519
0.0714286, -4, 47.1457
-0.984962, -4, 45.9743
-2.04135, -4, 45.1306
-3.09774, -4, 44.3593
-4.15414, -4, 43.5877
-5.21053, -4, 42.7986
-6.26692, -4, 41.999
-7.32331, -4, 41.2037
-8.3797, -4, 40.426
-9.43609, -4, 39.6824
-10.4925, -4, 39.1929
-11.5489, -4, 39.0345
-12.6053, -4, 38.8962
-13.6617, -4, 38.7627
-14.718, -4, 38.6337
-15.7744, -4, 38.5074
-16.8308, -4, 38.3825
-17.8872, -4, 38.2572
-18.9436, -4, 38.1303
98.9257, -5, 43.9056
97.8514, -5, 45.5528
96.7771, -5, 47.1365
95.7028, -5, 48.2774
94.6285, -5, 49.1328
93.5541, -5, 49.8772
92.4798, -5, 50.7399
91.4055, -5, 52.4628
90.3312, -5, 59.5079
89.2569, -5, 56.8166
88.1826, -5, 54.7767
87.1083, -5, 55.2932
86.034, -5, 56.1866
84.9597, -5, 57.14
83.8854, -5, 58.0596
82.8111, -5, 58.8537
81.7367, -5, 59.3926
80.6624, -5, 59.4421
79.5881, -5, 58.8036
78.5138, -5, 59.1506
77.4395, -5, 59.1599
76.3652, -5, 58.8098
75.2909, -5, 58.2211
74.2166, -5, 57.4152
73.1423, -5, 56.3048
72.068, -5, 54.6273
70.9937, -5, 51.0342
69.9194, -5, 41.7862
68.845, -5, 50.6067
67.7707, -5, 52.3938
66.6964, -5, 52.7383
65.6221, -5, 52.599
64.5478, -5, 52.1598
63.4735, -5, 51.4595
62.3992, -5, 50.5044
61.3249, -5, 49.5091
60.2506, -5, 50.4108
59.1763, -5, 49.3758
58.102, -5, 49.1139
57.0276, -5, 49.4268
55.9533, -5, 49.5405
54.879, -5, 49.4512
53.8047, -5, 49.1858
52.7304, -5, 48.7677
51.6561, -5, 48.1838
50.5818, -5, 47.8826
49.5075, -5, 48.0059
48.4332, -5, 48.3215
47.3589, -5, 49.0732
46.2846, -5, 49.6408
45.2103, -5, 50.0507
44.1359, -5, 50.3005
43.0616, -5, 50.3552
41.9873, -5, 50.182
40.913, -5, 50.1743
39.8387, -5, 52.1275
38.7644, -5, 51.1885
37.6901, -5, 52.372
36.6158, -5, 53.4884
35.5415, -5, 54.3859
34.4672, -5, 55.0845
33.3929, -5, 55.5918
32.3186, -5, 55.9046
31.2442, -5, 56.1658
30.1699, -5, 56.6799
29.0956, -5, 57.707
28.0213, -5, 58.8427
26.947, -5, 59.9627
25.8727, -5, 60.868
24.7984, -5, 61.6457
23.7241, -5, 62.3739
22.6498, -5, 63.124
21.5755, -5, 63.971
20.5012, -5, 64.9423
19.4268, -5, 65.2329
18.3525, -5, 65.0069
17.2782, -5, 64.7853
16.2039, -5, 64.628
15.1296, -5, 64.5157
14.0553, -5, 64.4029
12.981, -5, 64.2699
11.9067, -5, 64.0856
10.8324, -5, 63.2748
9.75806, -5, 62.1246
8.68376, -5, 62.6611
7.60945, -5, 62.9181
6.53514, -5, 62.8194
5.46083, -5, 61.9895
4.38652, -5, 60.751
3.31221, -5, 62.2861
2.2379, -5, 60.0043
1.16359, -5, 61.8046
0.0892857, -5, 55.8597
-0.968045, -5, 54.9312
-2.02538, -5, 54.7177
-3.08271, -5, 54.2108
-4.14004, -5, 53.502
-5.19737, -5, 52.6995
-6.2547, -5, 51.852
-7.31203, -5, 50.9867
-8.36936, -5, 50.1376
-9.42669, -5, 49.3885
-10.484, -5, 48.9556
-11.5414, -5, 48.7747
-12.5987, -5, 48.599
-13.656, -5, 48.4348
-14.7133, -5, 48.2768
-15.7707, -5, 48.1219
-16.828, -5, 47.9687
-17.8853, -5, 47.8158
-18.9427, -5, 47.6607
98.9259, -6, 52.9968
97.8518, -6, 54.8176
96.7776, -6, 56.4798
95.7035, -6, 57.7573
94.6294, -6, 58.7939
93.5553, -6, 59.7112
92.4812, -6, 60.6696
91.4071, -6, 62.1656
90.3329, -6, 66.6995
89.2588, -6, 65.107
88.1847, -6, 64.0486
87.1106, -6, 64.1394
86.0365, -6, 64.5574
84.9624, -6, 64.9976
83.8883, -6, 65.3127
82.8141, -6, 65.5172
81.74, -6, 65.93
80.6659, -6, 66.6166
79.5918, -6, 66.2082
78.5177, -6, 65.6354
77.4436, -6, 65.1266
76.3694, -6, 64.926
75.2953, -6, 64.6439
74.2212, -6, 64.0791
73.1471, -6, 63.2355
72.073, -6, 62.238
70.9988, -6, 60.6249
69.9247, -6, 56.3923
68.8506, -6, 59.921
67.7765, -6, 60.6348
66.7024, -6, 60.9091
65.6283, -6, 60.952
64.5541, -6, 60.684
63.48, -6, 60.1072
62.4059, -6, 59.2599
61.3318, -6, 58.1198
60.2577, -6, 57.5872
59.1836, -6, 57.4228
58.1094, -6, 58.1355
57.0353, -6, 58.4968
55.9612, -6, 58.6206
54.8871, -6, 58.5076
53.813, -6, 58.2032
52.7389, -6, 57.8582
51.6647, -6, 57.9512
50.5906, -6, 59.1011
49.5165, -6, 59.466
48.4424, -6, 58.5799
47.3683, -6, 58.581
46.2942, -6, 59.0981
45.22, -6, 59.6296
44.1459, -6, 60.0508
43.0718, -6, 60.3705
41.9977, -6, 60.7194
40.9236, -6, 61.5309
39.8495, -6, 62.6918
38.7753, -6, 62.1942
37.7012, -6, 62.7614
36.6271, -6, 63.6558
35.553, -6, 64.4477
34.4789, -6, 65.0815
33.4048, -6, 65.5312
32.3306, -6, 65.7247
31.2565, -6, 65.5136
30.1824, -6, 65.1296
29.1083, -6, 66.4424
28.0342, -6, 68.3694
26.9601, -6, 69.6509
25.8859, -6, 70.6023
24.8118, -6, 71.3924
23.7377, -6, 72.1188
22.6636, -6, 72.8559
21.5895, -6, 73.6544
20.5154, -6, 73.9964
19.4412, -6, 74.5108
18.3671, -6, 74.8621
17.293, -6, 74.6577
16.2189, -6, 74.5117
15.1448, -6, 74.4131
14.0707, -6, 74.333
12.9965, -6, 74.2538
11.9224, -6, 74.2184
10.8483, -6, 74.3305
9.77419, -6, 73.1496
8.70008, -6, 73.9581
7.62596, -6, 73.9338
6.55184, -6, 73.7051
5.47773, -6, 73.2612
4.40361, -6, 74.5052
3.32949, -6, 70.531
2.25538, -6, 70.1493
1.18126, -6, 70.4463
0.107143, -6, 64.0092
-0.951128, -6, 64.6129
-2.0094, -6, 64.74
-3.06767, -6, 64.2454
-4.12594, -6, 63.5606
-5.18421, -6, 62.7664
-6.24248, -6, 61.8761
-7.30075, -6, 60.8952
-8.35902, -6, 59.943
-9.41729, -6, 59.1202
-10.4756, -6, 58.7046
-11.5338, -6, 58.4853
-12.5921, -6, 58.3465
-13.6504, -6, 58.3037
-14.7086, -6, 58.1939
-15.7669, -6, 57.9894
-16.8252, -6, 57.6944
-17.8835, -6, 57.3747
-18.9417, -6, 57.1869
98.9261, -7, 63.3041
97.8521, -7, 65.4781
96.7782, -7, 66.8051
95.7043, -7, 67.9829
94.6304, -7, 69.0982
93.5564, -7, 70.1577
92.4825, -7, 71.161
91.4086, -7, 71.8599
90.3347, -7, 68.7983
89.2607, -7, 72.0551
88.1868, -7, 73.4281
87.1129, -7, 73.6887
86.039, -7, 73.8908
84.9651, -7, 74.002
83.8911, -7, 73.9008
82.8172, -7, 73.5065
81.7433, -7, 72.8439
80.6694, -7, 73.2349
79.5954, -7, 73.8812
78.5215, -7, 72.2768
77.4476, -7, 72.572
76.3737, -7, 72.8792
75.2997, -7, 72.8662
74.2258, -7, 72.5016
73.1519, -7, 71.8193
72.078, -7, 70.9256
71.004, -7, 70.9637
69.9301, -7, 76.5222
68.8562, -7, 70.1435
67.7823, -7, 70.0995
66.7083, -7, 70.5488
65.6344, -7, 70.7251
64.5605, -7, 70.5877
63.4866, -7, 70.1315
62.4126, -7, 69.3228
61.3387, -7, 67.9986
60.2648, -7, 64.3427
59.1909, -7, 66.6772
58.1169, -7, 68.2569
57.043, -7, 68.8038
55.9691, -7, 68.903
54.8952, -7, 68.7451
53.8212, -7, 68.4083
52.7473, -7, 68.0265
51.6734, -7, 67.8303
50.5995, -7, 68.7778
49.5255, -7, 69.3365
48.4516, -7, 68.6384
47.3777, -7, 69.0029
46.3038, -7, 69.5608
45.2298, -7, 70.1471
44.1559, -7, 70.7061
43.082, -7, 71.289
42.0081, -7, 71.9279
40.9341, -7, 72.4849
39.8602, -7, 71.7602
38.7863, -7, 73.396
37.7124, -7, 73.9853
36.6384, -7, 74.5561
35.5645, -7, 75.1466
34.4906, -7, 75.6917
33.4167, -7, 76.1287
32.3427, -7, 76.3566
31.2688, -7, 76.0327
30.1949, -7, 74.0169
29.121, -7, 76.6161
28.047, -7, 78.5669
26.9731, -7, 79.7236
25.8992, -7, 80.5747
24.8253, -7, 81.2903
23.7513, -7, 81.9481
22.6774, -7, 82.5887
21.6035, -7, 83.1783
20.5296, -7, 83.853
19.4556, -7, 84.39
18.3817, -7, 84.3869
17.3078, -7, 84.3912
16.2339, -7, 84.3367
15.1599, -7, 84.2953
14.086, -7, 84.2921
13.0121, -7, 84.3237
11.9382, -7, 84.3505
10.8642, -7, 84.8356
9.79032, -7, 86.9858
8.7164, -7, 85.2713
7.64247, -7, 84.5702
6.56855, -7, 84.5115
5.49462, -7, 85.3648
4.4207, -7, 83.2402
3.34677, -7, 79
2.27285, -7, 81.0042
1.19892, -7, 79.6916
0.125, -7, 74.8752
-0.934211, -7, 75.422
-1.99342, -7, 75.1349
-3.05263, -7, 74.5741
-4.11184, -7, 73.8923
-5.17105, -7, 73.1267
-6.23026, -7, 72.2665
-7.28947, -7, 71.2651
-8.34868, -7, 70.0365
-9.4079, -7, 68.9217
-10.4671, -7, 68.4029
-11.5263, -7, 68.3788
-12.5855, -7, 68.6386
-13.6447, -7, 68.6863
-14.7039, -7, 68.58
-15.7632, -7, 68.3435
-16.8224, -7, 67.9684
-17.8816, -7, 67.4101
-18.9408, -7, 66.7203
98.9263, -8, 74.4276
97.8525, -8, 76.1238
96.7788, -8, 77.4428
95.7051, -8, 78.6597
94.6313, -8, 79.8048
93.5576, -8, 80.8603
92.4839, -8, 81.6555
91.4101, -8, 81.3756
90.3364, -8, 77.6657
89.2627, -8, 80.2036
88.1889, -8, 83.0304
87.1152, -8, 83.8358
86.0415, -8, 84.0518
84.9677, -8, 84.0077
83.894, -8, 83.708
82.8203, -8, 82.9488
81.7465, -8, 81.3679
80.6728, -8, 79.1271
79.5991, -8, 79.6326
78.5253, -8, 80.6446
77.4516, -8, 81.9929
76.3779, -8, 82.6493
75.3041, -8, 82.7964
74.2304, -8, 82.6177
73.1567, -8, 82.1616
72.0829, -8, 81.5377
71.0092, -8, 81.968
69.9355, -8, 85.9107
68.8617, -8, 81.6567
67.788, -8, 81.2889
66.7143, -8, 81.6642
65.6406, -8, 81.8324
64.5668, -8, 81.7661
63.4931, -8, 81.4534
62.4194, -8, 80.7486
61.3456, -8, 79.4076
60.2719, -8, 75.9863
59.1982, -8, 77.6998
58.1244, -8, 79.5039
57.0507, -8, 80.1351
55.977, -8, 80.211
54.9032, -8, 80.0014
53.8295, -8, 79.5901
52.7558, -8, 78.9788
51.682, -8, 78.1139
50.6083, -8, 77.1928
49.5346, -8, 77.6793
48.4608, -8, 78.7105
47.3871, -8, 79.8674
46.3134, -8, 80.7024
45.2396, -8, 81.394
44.1659, -8, 81.9968
43.0922, -8, 82.5573
42.0184, -8, 83.0698
40.9447, -8, 83.2653
39.871, -8, 83.0737
38.7972, -8, 84.5156
37.7235, -8, 85.2718
36.6498, -8, 85.8057
35.576, -8, 86.3006
34.5023, -8, 86.7586
33.4286, -8, 87.1459
32.3548, -8, 87.3936
31.2811, -8, 87.4313
30.2074, -8, 86.2959
29.1336, -8, 88.1807
28.0599, -8, 89.2651
26.9862, -8, 90.0714
25.9124, -8, 90.7282
24.8387, -8, 91.2952
23.765, -8, 91.8081
22.6912, -8, 92.3016
21.6175, -8, 92.8437
20.5438, -8, 93.8536
19.47, -8, 94.3049
18.3963, -8, 93.9295
17.3226, -8, 93.918
16.2488, -8, 93.9106
15.1751, -8, 93.9237
14.1014, -8, 93.9868
13.0276, -8, 94.1548
11.9539, -8, 94.4973
10.8802, -8, 94.9526
9.80645, -8, 96.8616
8.73272, -8, 94.8468
7.65899, -8, 94.2224
6.58525, -8, 93.8326
5.51152, -8, 94.0088
4.43779, -8, 92.6158
3.36406, -8, 89.8337
2.29032, -8, 90.9373
1.21659, -8, 88.0034
0.142857, -8, 88.0978
-0.917293, -8, 86.8047
-1.97744, -8, 85.8459
-3.03759, -8, 85.103
-4.09774, -8, 84.398
-5.15789, -8, 83.6781
-6.21805, -8, 82.905
-7.2782, -8, 82.0177
-8.33835, -8, 80.8656
-9.3985, -8, 78.9549
-10.4586, -8, 78.1188
-11.5188, -8, 79.129
-12.5789, -8, 79.4395
-13.6391, -8, 79.4496
-14.6992, -8, 79.3101
-15.7594, -8, 79.0555
-16.8195, -8, 78.6753
-17.8797, -8, 78.0959
-18.9398, -8, 77.0621
98.9265, -9, 85.9298
97.8529, -9, 86.7712
96.7794, -9, 88.0507
95.7058, -9, 89.2683
94.6323, -9, 90.3755
93.5588, -9, 91.3421
92.4852, -9, 92.0009
91.4117, -9, 92.0903
90.3381, -9, 92.8308
89.2646, -9, 92.1368
88.1911, -9, 93.3915
87.1175, -9, 94.0758
86.044, -9, 94.2666
84.9704, -9, 94.1703
83.8969, -9, 93.8518
82.8233, -9, 93.2086
81.7498, -9, 91.8671
80.6763, -9, 87.9031
79.6027, -9, 85.6594
78.5292, -9, 91.3266
77.4556, -9, 92.8789
76.3821, -9, 93.3744
75.3086, -9, 93.5755
74.235, -9, 93.6281
73.1615, -9, 93.6493
72.0879, -9, 93.7132
71.0144, -9, 93.1752
69.9409, -9, 89.023
68.8673, -9, 93.5678
67.7938, -9, 93.8542
66.7202, -9, 93.6892
65.6467, -9, 93.5996
64.5732, -9, 93.5185
63.4996, -9, 93.3942
62.4261, -9, 93.1678
61.3525, -9, 92.4007
60.279, -9, 91.6869
59.2055, -9, 91.1837
58.1319, -9, 91.8963
57.0584, -9, 92.0261
55.9848, -9, 91.9388
54.9113, -9, 91.6984
53.8377, -9, 91.2652
52.7642, -9, 90.5226
51.6907, -9, 89.2442
50.6171, -9, 86.6919
49.5436, -9, 86.1373
48.47, -9, 89.4614
47.3965, -9, 91.094
46.323, -9, 92.1699
45.2494, -9, 92.9153
44.1759, -9, 93.4734
43.1023, -9, 93.9032
42.0288, -9, 94.2408
40.9553, -9, 94.6113
39.8817, -9, 95.8088
38.8082, -9, 95.9296
37.7346, -9, 96.5475
36.6611, -9, 97.0702
35.5876, -9, 97.5172
34.514, -9, 97.9292
33.4405, -9, 98.324
32.3669, -9, 98.7313
31.2934, -9, 99.1966
30.21985, -9, 100.9354
29.14631, -9, 100.2146
28.07277, -9, 100.3798
26.99923, -9, 100.7113
25.92569, -9, 101.0929
24.85215, -9, 101.4781
23.77861, -9, 101.8442
22.70507, -9, 102.2031
21.63153, -9, 102.6623
20.55799, -9, 103.3453
19.48445, -9, 103.5956
18.41091, -9, 103.4545
17.33737, -9, 103.3973
16.26382, -9, 103.4591
15.19028, -9, 103.5304
14.11674, -9, 103.6159
13.0432, -9, 103.7638
11.96966, -9, 104.1228
10.89612, -9, 104.8394
9.82258, -9, 102.1904
8.74904, -9, 103.951
7.675499, -9, 103.6986
6.601959, -9, 102.9844
5.528418, -9, 101.1264
4.454877, -9, 100.5733
3.381336, -9, 102.8174
2.3078, -9, 99.5191
1.23425, -9, 96.4638
0.1607143, -9, 100.5318
-0.900376, -9, 98.1354
-1.96147, -9, 96.6214
-3.02256, -9, 95.7053
-4.08365, -9, 94.9837
-5.14474, -9, 94.328
-6.20583, -9, 93.681
-7.26692, -9, 92.9877
-8.32801, -9, 92.1312
-9.3891, -9, 90.5569
-10.4502, -9, 89.4929
-11.5113, -9, 90.4898
-12.5724, -9, 90.5775
-13.6335, -9, 90.4672
-14.6945, -9, 90.2686
-15.7556, -9, 90.0053
-16.8167, -9, 89.6696
-17.8778, -9, 89.2106
-18.9389, -9, 88.4161
98.9267, -10, 97.7953
97.8533, -10, 97.9769
96.78, -10, 98.9206
95.7066, -10, 99.9352
94.63326, -10, 100.9299
93.55991, -10, 101.8876
92.48656, -10, 102.845
91.41321, -10, 104.3564
90.33986, -10, 107.1057
89.26651, -10, 106.3573
88.19316, -10, 104.8588
87.11981, -10, 104.6412
86.04647, -10, 104.5893
84.97312, -10, 104.4723
83.89977, -10, 104.2642
82.82642, -10, 103.9161
81.75307, -10, 103.3085
80.67973, -10, 101.158
79.6064, -10, 98.7717
78.53303, -10, 103.0699
77.45968, -10, 104.0752
76.38633, -10, 104.5765
75.31298, -10, 104.8841
74.23963, -10, 105.1444
73.16628, -10, 105.3976
72.09293, -10, 105.5275
71.01958, -10, 104.5483
69.94624, -10, 100.4114
68.87289, -10, 105.259
67.79954, -10, 106.0338
66.72619, -10, 105.8944
65.65284, -10, 105.7012
64.57949, -10, 105.5723
63.50615, -10, 105.5183
62.4328, -10, 105.5741
61.35945, -10, 106.1157
60.2861, -10, 107.2333
59.21275, -10, 106.413
58.1394, -10, 104.7814
57.06605, -10, 104.27
55.9927, -10, 104.0255
54.91935, -10, 103.7824
53.846, -10, 103.4378
52.77266, -10, 102.8056
51.69931, -10, 101.5785
50.626, -10, 98.7618
49.5526, -10, 97.9032
48.47926, -10, 101.4495
47.40591, -10, 103.1221
46.33257, -10, 104.1135
45.25922, -10, 104.741
44.18587, -10, 105.2086
43.11252, -10, 105.5726
42.03917, -10, 105.8853
40.96582, -10, 106.4833
39.89247, -10, 107.7394
38.81913, -10, 107.7403
37.74578, -10, 108.0044
36.67243, -10, 108.4016
35.59908, -10, 108.7795
34.52573, -10, 109.1693
33.45238, -10, 109.6003
32.37903, -10, 110.1314
31.30568, -10, 111.0931
30.23233, -10, 113.2434
29.15899, -10, 112.2635
28.08564, -10, 111.5358
27.01229, -10, 111.5183
25.93894, -10, 111.6745
24.86559, -10, 111.8878
23.79224, -10, 112.1177
22.71889, -10, 112.3337
21.64555, -10, 112.4944
20.5722, -10, 112.4591
19.49885, -10, 112.4758
18.4255, -10, 112.8476
17.35215, -10, 113.0499
16.2788, -10, 113.1686
15.20545, -10, 113.2476
14.1321, -10, 113.3296
13.05876, -10, 113.4242
11.98541, -10, 113.4895
10.91206, -10, 113.5002
9.83871, -10, 114.2795
8.765361, -10, 113.2055
7.692012, -10, 112.7239
6.618664, -10, 112.2524
5.545315, -10, 111.6418
4.471966, -10, 113.1291
3.398618, -10, 112.5942
2.325269, -10, 107.8887
1.25192, -10, 107.9734
0.1785714, -10, 109.6932
-0.8834587, -10, 108.5762
-1.945489, -10, 107.1562
-3.007519, -10, 106.2081
-4.069549, -10, 105.5204
-5.131579, -10, 104.9565
-6.193609, -10, 104.4588
-7.255639, -10, 103.9947
-8.317669, -10, 103.5364
-9.3797, -10, 103.0005
-10.44173, -10, 102.4796
-11.50376, -10, 102.1634
-12.56579, -10, 101.8789
-13.62782, -10, 101.6047
-14.68985, -10, 101.3355
-15.75188, -10, 101.0688
-16.81391, -10, 100.8033
-17.87594, -10, 100.5382
-18.93797, -10, 100.2715
98.92684, -11, 109.0488
97.85368, -11, 109.6356
96.78053, -11, 110.1319
95.70737, -11, 110.8673
94.63422, -11, 111.7703
93.56106, -11, 112.8502
92.4879, -11, 114.3234
91.41475, -11, 116.3948
90.34159, -11, 119.3974
89.26843, -11, 118.8056
88.19527, -11, 116.8045
87.12212, -11, 115.7579
86.04897, -11, 115.2666
84.97581, -11, 115.0479
83.90265, -11, 114.9527
82.82949, -11, 114.9902
81.75634, -11, 115.1707
80.68318, -11, 116.2559
79.61002, -11, 117.933
78.53687, -11, 115.1783
77.46371, -11, 115.2809
76.39056, -11, 115.5643
75.3174, -11, 115.8903
74.24424, -11, 116.2507
73.17108, -11, 116.6135
72.09792, -11, 116.8408
71.02477, -11, 116.9147
69.95161, -11, 119.2623
68.87846, -11, 117.4098
67.8053, -11, 117.6002
66.73214, -11, 117.5352
65.65899, -11, 117.3789
64.58583, -11, 117.2975
63.51267, -11, 117.3733
62.43952, -11, 117.7872
61.36636, -11, 118.9656
60.2932, -11, 122.0578
59.22005, -11, 119.9885
58.14689, -11, 117.7407
57.07373, -11, 116.7239
56.00058, -11, 116.2304
54.92742, -11, 115.9658
53.85426, -11, 115.7772
52.7811, -11, 115.5754
51.70795, -11, 115.0461
50.63479, -11, 113.5468
49.56163, -11, 113.3753
48.48848, -11, 114.8149
47.41532, -11, 115.7586
46.34217, -11, 116.2189
45.26901, -11, 116.5943
44.19585, -11, 116.9689
43.1227, -11, 117.3982
42.04954, -11, 117.929
40.97638, -11, 118.4303
39.90322, -11, 118.951
38.83007, -11, 119.4416
37.75691, -11, 119.5793
36.68375, -11, 119.6923
35.6106, -11, 119.946
34.53744, -11, 120.313
33.46429, -11, 120.8021
32.39113, -11, 121.4921
31.31797, -11, 122.455
30.24482, -11, 123.3778
29.17166, -11, 123.2427
28.0985, -11, 122.5776
27.02534, -11, 122.3037
25.95219, -11, 122.2752
24.87903, -11, 122.3531
23.80588, -11, 122.4571
22.73272, -11, 122.5239
21.65956, -11, 122.4098
20.5864, -11, 121.7891
19.51325, -11, 121.6639
18.44009, -11, 122.3606
17.36694, -11, 122.7097
16.29378, -11, 122.8306
15.22062, -11, 122.8692
14.14747, -11, 122.8848
13.07431, -11, 122.8928
12.00115, -11, 122.7948
10.928, -11, 122.4115
9.854838, -11, 124.6734
8.781682, -11, 122.4666
7.708525, -11, 121.8636
6.635369, -11, 121.7186
5.562212, -11, 122.6194
4.489055, -11, 121.9175
3.415899, -11, 120.164
2.342742, -11, 116.8949
1.269585, -11, 120.1251
0.1964286, -11, 118.845
-0.8665413, -11, 117.8773
-1.929511, -11, 117.1402
-2.992481, -11, 116.4272
-4.055451, -11, 115.8682
-5.118421, -11, 115.4353
-6.181391, -11, 115.1024
-7.244361, -11, 114.8652
-8.307331, -11, 114.7783
-9.3703, -11, 115.2993
-10.43327, -11, 115.4617
-11.49624, -11, 113.8227
-12.55921, -11, 113.1724
-13.62218, -11, 112.7347
-14.68515, -11, 112.3947
-15.74812, -11, 112.1258
-16.81109, -11, 111.9321
-17.87406, -11, 111.8607
-18.93703, -11, 112.1229
98.92703, -12, 119.385
97.85407, -12, 120.5318
96.7811, -12, 121.1446
95.70814, -12, 121.8364
94.63518, -12, 122.7007
93.56221, -12, 123.7871
92.48925, -12, 125.167
91.41628, -12, 126.8796
90.34332, -12, 129.4071
89.27036, -12, 129.1003
88.19739, -12, 127.6344
87.12442, -12, 126.6289
86.05146, -12, 126.0419
84.97849, -12, 125.7566
83.90553, -12, 125.7012
82.83257, -12, 125.9144
81.7596, -12, 126.7172
80.68664, -12, 130.0868
79.61367, -12, 132.3206
78.5407, -12, 127.4177
77.46774, -12, 126.3743
76.39478, -12, 126.3196
75.32182, -12, 126.5649
74.24885, -12, 126.9524
73.17588, -12, 127.4604
72.10292, -12, 128.2143
71.02995, -12, 130.1671
69.95699, -12, 133.8932
68.88403, -12, 130.2308
67.81106, -12, 128.9927
66.7381, -12, 128.7023
65.66513, -12, 128.5966
64.59216, -12, 128.6281
63.5192, -12, 128.8577
62.44624, -12, 129.3934
61.37327, -12, 130.4499
60.30031, -12, 133.1591
59.22734, -12, 131.3667
58.15438, -12, 129.7425
57.08141, -12, 128.8384
56.00845, -12, 128.3314
54.93548, -12, 128.0804
53.86252, -12, 128.0238
52.78955, -12, 128.1349
51.71659, -12, 128.5611
50.64362, -12, 129.7478
49.57066, -12, 129.7364
48.4977, -12, 128.7072
47.42473, -12, 128.2425
46.35176, -12, 128.2054
45.2788, -12, 128.3307
44.20584, -12, 128.581
43.13287, -12, 128.9707
42.05991, -12, 129.551
40.98694, -12, 130.2952
39.91398, -12, 130.3656
38.84101, -12, 130.697
37.76805, -12, 130.6323
36.69508, -12, 130.6906
35.62212, -12, 130.9088
34.54916, -12, 131.2604
33.47619, -12, 131.7402
32.40322, -12, 132.3483
31.33026, -12, 132.9602
30.2573, -12, 133.3323
29.18433, -12, 133.2643
28.11137, -12, 133.1155
27.0384, -12, 132.8987
25.96544, -12, 132.7997
24.89247, -12, 132.7797
23.81951, -12, 132.7799
22.74654, -12, 132.7195
21.67358, -12, 132.4851
20.60061, -12, 131.9084
19.52765, -12, 131.709
18.45469, -12, 132.2352
17.38172, -12, 132.3967
16.30876, -12, 132.4512
15.23579, -12, 132.4252
14.16283, -12, 132.3287
13.08986, -12, 132.1758
12.0169, -12, 132.0655
10.94393, -12, 132.229
9.870968, -12, 129.1152
8.798003, -12, 131.3289
7.725039, -12, 131.2277
6.652074, -12, 130.7585
5.579109, -12, 130.187
4.506145, -12, 129.5736
3.43318, -12, 128.1061
2.360215, -12, 127.7433
1.28725, -12, 129.5875
0.2142857, -12, 127.3892
-0.849624, -12, 126.6984
-1.913534, -12, 126.5263
-2.977444, -12, 126.2798
-4.041353, -12, 126.0191
-5.105263, -12, 125.761
-6.169173, -12, 125.5501
-7.233083, -12, 125.458
-8.296992, -12, 125.6519
-9.360902, -12, 126.5711
-10.42481, -12, 126.6725
-11.48872, -12, 125.1533
-12.55263, -12, 124.2743
-13.61654, -12, 123.7177
-14.68045, -12, 123.3232
-15.74436, -12, 123.0503
-16.80827, -12, 122.9062
-17.87218, -12, 122.9614
-18.93609, -12, 123.466
98.92723, -13, 129.5791
97.85445, -13, 130.4844
96.78168, -13, 131.3218
95.70891, -13, 132.0895
94.63614, -13, 132.9283
93.56336, -13, 133.88
92.49059, -13, 134.9154
91.41782, -13, 136.1525
90.34505, -13, 137.4166
89.27227, -13, 137.9276
88.1995, -13, 137.2656
87.12673, -13, 136.7087
86.05396, -13, 136.3175
84.98119, -13, 136.116
83.90841, -13, 136.124
82.83564, -13, 136.4642
81.76286, -13, 137.5403
80.69009, -13, 139.7068
79.61732, -13, 139.8694
78.54455, -13, 138.6318
77.47177, -13, 137.4154
76.399, -13, 137.0754
75.32623, -13, 137.2205
74.25346, -13, 137.634
73.18069, -13, 138.349
72.10791, -13, 139.6299
71.03514, -13, 141.6159
69.96236, -13, 142.7178
68.88959, -13, 141.6655
67.81682, -13, 140.2635
66.74405, -13, 139.5863
65.67127, -13, 139.3753
64.5985, -13, 139.4234
63.52573, -13, 139.6997
62.45296, -13, 140.2023
61.38018, -13, 140.8264
60.30741, -13, 140.5252
59.23464, -13, 141.1905
58.16187, -13, 140.7044
57.08909, -13, 140.1334
56.01632, -13, 139.7461
54.94355, -13, 139.6045
53.87078, -13, 139.7293
52.798, -13, 140.2299
51.72523, -13, 141.4289
50.65246, -13, 144.0474
49.57969, -13, 144.977
48.50691, -13, 141.8348
47.43414, -13, 140.4486
46.36137, -13, 139.9069
45.28859, -13, 139.7962
44.21582, -13, 139.9077
43.14305, -13, 140.1788
42.07028, -13, 140.6049
40.99751, -13, 141.318
39.92473, -13, 142.0599
38.85196, -13, 141.2507
37.77919, -13, 141.071
36.70641, -13, 141.2344
35.63364, -13, 141.482
34.56087, -13, 141.8013
33.48809, -13, 142.1867
32.41532, -13, 142.5869
31.34255, -13, 142.9674
30.26978, -13, 143.2346
29.197, -13, 143.2282
28.12423, -13, 143.1857
27.05146, -13, 143.1233
25.97869, -13, 143.0433
24.90591, -13, 142.9892
23.83314, -13, 142.9554
22.76037, -13, 142.901
21.6876, -13, 142.7848
20.61482, -13, 142.5334
19.54205, -13, 142.3975
18.46928, -13, 142.4511
17.39651, -13, 142.3881
16.32373, -13, 142.2678
15.25096, -13, 142.1269
14.17819, -13, 141.9728
13.10541, -13, 141.8063
12.03264, -13, 141.6165
10.95987, -13, 141.3555
9.887096, -13, 140.9785
8.814324, -13, 140.6073
7.741551, -13, 140.3639
6.668779, -13, 139.8719
5.596006, -13, 138.3927
4.523233, -13, 135.6605
3.450461, -13, 136.5723
2.377688, -13, 140.5374
1.304916, -13, 139.7294
0.2321429, -13, 136.1625
-0.8327067, -13, 135.5068
-1.897556, -13, 135.9095
-2.962406, -13, 136.1284
-4.027256, -13, 136.1033
-5.092105, -13, 135.9802
-6.156955, -13, 135.8609
-7.221805, -13, 135.8407
-8.286654, -13, 136.0583
-9.351503, -13, 136.3328
-10.41635, -13, 136.2705
-11.4812, -13, 135.8014
-12.54605, -13, 135.0065
-13.6109, -13, 134.4238
-14.67575, -13, 134.0044
-15.7406, -13, 133.722
-16.80545, -13, 133.5815
-17.8703, -13, 133.6235
-18.93515, -13, 133.7985
98.92742, -14, 139.9657
97.85484, -14, 140.2025
96.78226, -14, 140.8847
95.70968, -14, 141.6461
94.6371, -14, 142.4439
93.56451, -14, 143.2763
92.49194, -14, 144.1397
91.41936, -14, 144.9484
90.34677, -14, 145.2861
89.27419, -14, 145.7054
88.20161, -14, 146.1856
87.12904, -14, 146.1726
86.05645, -14, 146.0922
84.98387, -14, 146.0726
83.91129, -14, 146.1835
82.83871, -14, 146.4735
81.76613, -14, 146.8625
80.69355, -14, 146.2772
79.62096, -14, 146.142
78.54839, -14, 147.6159
77.47581, -14, 147.685
76.40323, -14, 147.6281
75.33064, -14, 147.7826
74.25806, -14, 148.187
73.18549, -14, 148.8664
72.1129, -14, 149.8356
71.04032, -14, 150.6906
69.96774, -14, 151.3763
68.89516, -14, 151.0123
67.82258, -14, 150.4478
66.75, -14, 149.8852
65.67742, -14, 149.6235
64.60484, -14, 149.6066
63.53226, -14, 149.7759
62.45968, -14, 150.0728
61.3871, -14, 150.2242
60.31452, -14, 148.8418
59.24194, -14, 150.0244
58.16935, -14, 150.6483
57.09678, -14, 150.4782
56.02419, -14, 150.3574
54.95161, -14, 150.42
53.87903, -14, 150.7372
52.80645, -14, 151.4271
51.73387, -14, 152.6897
50.66129, -14, 155.1014
49.58871, -14, 156.3841
48.51613, -14, 153.2129
47.44355, -14, 151.8601
46.37097, -14, 151.1944
45.29839, -14, 150.934
44.22581, -14, 150.9152
43.15322, -14, 151.0304
42.08065, -14, 151.199
41.00806, -14, 151.4126
39.93548, -14, 152.5274
38.8629, -14, 151.2522
37.79032, -14, 151.2956
36.71774, -14, 151.4787
35.64516, -14, 151.708
34.57258, -14, 151.9663
33.5, -14, 152.2492
32.42742, -14, 152.5543
31.35484, -14, 152.8831
30.28226, -14, 153.1447
29.20968, -14, 153.2167
28.1371, -14, 153.1464
27.06452, -14, 153.062
25.99194, -14, 152.9994
24.91936, -14, 152.9625
23.84678, -14, 152.9581
22.77419, -14, 153.0008
21.70161, -14, 153.1234
20.62903, -14, 153.3952
19.55645, -14, 153.3704
18.48387, -14, 152.764
17.41129, -14, 152.4126
16.33871, -14, 152.1121
15.26613, -14, 151.8532
14.19355, -14, 151.6377
13.12097, -14, 151.4551
12.04839, -14, 151.2041
10.97581, -14, 150.623
9.903226, -14, 153.1864
8.830646, -14, 150.4744
7.758065, -14, 149.9873
6.685484, -14, 149.788
5.612903, -14, 149.5956
4.540323, -14, 147.891
3.467742, -14, 148.8644
2.395161, -14, 149.8658
1.322581, -14, 147.8782
0.25, -14, 144.8358
-0.8157895, -14, 144.8022
-1.881579, -14, 145.8186
-2.947368, -14, 146.1231
-4.013158, -14, 146.1519
-5.078948, -14, 146.0859
-6.144737, -14, 146.0125
-7.210526, -14, 145.9853
-8.276316, -14, 145.9391
-9.342105, -14, 145.9057
-10.4079, -14, 145.8951
-11.47368, -14, 145.5514
-12.53947, -14, 145.1851
-13.60526, -14, 144.7171
-14.67105, -14, 144.3177
-15.73684, -14, 144.0176
-16.80263, -14, 143.8114
-17.86842, -14, 143.6321
-18.93421, -14, 143.3192
98.92761, -15, 149.8208
97.85522, -15, 149.8947
96.78284, -15, 150.3372
95.71045, -15, 150.9838
94.63805, -15, 151.7153
93.56567, -15, 152.4751
92.49328, -15, 153.1768
91.42089, -15, 153.6291
90.3485, -15, 153.6273
89.27612, -15, 153.983
88.20373, -15, 154.668
87.13134, -15, 155.1127
86.05894, -15, 155.3068
84.98656, -15, 155.4212
83.91417, -15, 155.525
82.84178, -15, 155.5374
81.76939, -15, 155.0756
80.69701, -15, 153.8697
79.62462, -15, 153.6543
78.55223, -15, 155.5429
77.47984, -15, 156.6346
76.40745, -15, 157.1414
75.33506, -15, 157.4693
74.26267, -15, 157.8385
73.19028, -15, 158.2582
72.1179, -15, 158.58
71.04551, -15, 159.0018
69.97312, -15, 159.6414
68.90073, -15, 159.4491
67.82834, -15, 159.3098
66.75595, -15, 159.2577
65.68356, -15, 159.1654
64.61118, -15, 159.1348
63.53879, -15, 159.1452
62.4664, -15, 159.0811
61.39401, -15, 158.9079
60.32162, -15, 159.0531
59.24923, -15, 159.169
58.17684, -15, 159.6275
57.10445, -15, 159.9938
56.03207, -15, 160.2179
54.95968, -15, 160.4724
53.88729, -15, 160.8637
52.8149, -15, 161.4584
51.74251, -15, 162.354
50.67012, -15, 163.8497
49.59773, -15, 164.0028
48.52534, -15, 162.9932
47.45296, -15, 162.1512
46.38057, -15, 161.6734
45.30818, -15, 161.4225
44.23579, -15, 161.3447
43.1634, -15, 161.3681
42.09101, -15, 161.3818
41.01862, -15, 161.1849
39.94624, -15, 160.3335
38.87385, -15, 161.1431
37.80146, -15, 161.4209
36.72907, -15, 161.5734
35.65668, -15, 161.7386
34.58429, -15, 161.9418
33.51191, -15, 162.1775
32.43952, -15, 162.4329
31.36713, -15, 162.6992
30.29474, -15, 163.0619
29.22235, -15, 163.1141
28.14996, -15, 162.9961
27.07757, -15, 162.912
26.00518, -15, 162.8658
24.9328, -15, 162.8555
23.86041, -15, 162.8872
22.78802, -15, 162.9866
21.71563, -15, 163.2554
20.64324, -15, 163.9208
19.57085, -15, 163.9703
18.49846, -15, 162.9202
17.42608, -15, 162.2384
16.35369, -15, 161.808
15.2813, -15, 161.462
14.20891, -15, 161.1392
13.13652, -15, 160.8212
12.06413, -15, 160.5896
10.99174, -15, 160.7048
9.919354, -15, 158.3429
8.846966, -15, 160.1403
7.774578, -15, 160.0992
6.702189, -15, 160.0453
5.6298, -15, 160.7231
4.557412, -15, 161.261
3.485023, -15, 159.8964
2.412634, -15, 158.2706
1.340246, -15, 156.5173
0.2678571, -15, 153.8569
-0.7988722, -15, 155.4539
-1.865602, -15, 156.0712
-2.932331, -15, 156.2051
-3.99906, -15, 156.1775
-5.06579, -15, 156.0832
-6.132519, -15, 155.9568
-7.199248, -15, 155.8164
-8.265978, -15, 155.6817
-9.332706, -15, 155.5711
-10.39944, -15, 155.4759
-11.46617, -15, 155.1384
-12.5329, -15, 154.7961
-13.59962, -15, 154.463
-14.66635, -15, 154.1347
-15.73308, -15, 153.808
-16.79981, -15, 153.4821
-17.86654, -15, 153.1572
-18.93327, -15, 152.83
98.9278, -16, 158.8357
97.85561, -16, 159.1641
96.78341, -16, 159.5681
95.71121, -16, 160.1432
94.63902, -16, 160.8115
93.56682, -16, 161.4976
92.49462, -16, 162.1214
91.42242, -16, 162.5801
90.35023, -16, 162.6631
89.27803, -16, 163.0795
88.20583, -16, 163.4798
87.13364, -16, 163.8033
86.06145, -16, 164.0383
84.98925, -16, 164.18
83.91705, -16, 164.2129
82.84486, -16, 164.1021
81.77266, -16, 163.7892
80.70046, -16, 163.1678
79.62827, -16, 162.8622
78.55607, -16, 164.3015
77.48387, -16, 165.1497
76.41167, -16, 165.7738
75.33948, -16, 166.2414
74.26728, -16, 166.6024
73.19508, -16, 166.8865
72.12289, -16, 167.1123
71.05069, -16, 167.3185
69.97849, -16, 167.8623
68.9063, -16, 167.7908
67.8341, -16, 167.9324
66.7619, -16, 168.0438
65.6897, -16, 168.1042
64.61751, -16, 168.1107
63.54531, -16, 168.0563
62.47312, -16, 167.9372
61.40092, -16, 167.8406
60.32872, -16, 168.7207
59.25653, -16, 168.4255
58.18433, -16, 168.584
57.11214, -16, 169.0607
56.03994, -16, 169.4646
54.96774, -16, 169.8317
53.89555, -16, 170.2191
52.82335, -16, 170.6801
51.75115, -16, 171.2072
50.67896, -16, 171.1267
49.60676, -16, 170.9003
48.53456, -16, 171.7657
47.46236, -16, 171.5826
46.39017, -16, 171.3538
45.31797, -16, 171.2137
44.24578, -16, 171.1535
43.17358, -16, 171.1501
42.10138, -16, 171.1531
41.02919, -16, 170.8407
39.95699, -16, 168.9907
38.88479, -16, 171.013
37.8126, -16, 171.312
36.7404, -16, 171.4256
35.6682, -16, 171.5627
34.596, -16, 171.7348
33.52381, -16, 171.9373
32.45161, -16, 172.166
31.37942, -16, 172.4192
30.30722, -16, 172.789
29.23502, -16, 172.8196
28.16283, -16, 172.7142
27.09063, -16, 172.6627
26.01843, -16, 172.6471
24.94624, -16, 172.6673
23.87404, -16, 172.7321
22.80184, -16, 172.8625
21.72965, -16, 173.1044
20.65745, -16, 173.5963
19.58525, -16, 173.6805
18.51306, -16, 172.6956
17.44086, -16, 172.0558
16.36866, -16, 171.5534
15.29647, -16, 171.1366
14.22427, -16, 170.7502
13.15207, -16, 170.3811
12.07988, -16, 170.0788
11.00768, -16, 169.8757
9.935484, -16, 169.0285
8.863287, -16, 169.5032
7.79109, -16, 169.6156
6.718894, -16, 169.6853
5.646698, -16, 169.6321
4.574501, -16, 169.0917
3.502304, -16, 167.6573
2.430108, -16, 166.0988
1.357911, -16, 164.2918
0.2857143, -16, 165.6034
-0.7819549, -16, 166.7866
-1.849624, -16, 166.5757
-2.917293, -16, 166.3679
-3.984962, -16, 166.1751
-5.052631, -16, 165.9888
-6.120301, -16, 165.8054
-7.18797, -16, 165.6278
-8.255639, -16, 165.4578
-9.323308, -16, 165.301
-10.39098, -16, 165.0486
-11.45865, -16, 164.6983
-12.52632, -16, 164.3481
-13.59398, -16, 164.0077
-14.66165, -16, 163.6715
-15.72932, -16, 163.3375
-16.79699, -16, 163.0045
-17.86466, -16, 162.6719
-18.93233, -16, 162.3387
98.92799, -17, 167.3482
97.85599, -17, 167.8696
96.78399, -17, 168.4511
95.71198, -17, 169.0765
94.63998, -17, 169.7551
93.56797, -17, 170.4458
92.49596, -17, 171.1043
91.42397, -17, 171.714
90.35196, -17, 172.3253
89.27995, -17, 172.5464
88.20795, -17, 172.7001
87.13595, -17, 172.8358
86.06394, -17, 172.9796
84.99194, -17, 173.084
83.91993, -17, 173.1306
82.84792, -17, 173.123
81.77592, -17, 173.1308
80.70392, -17, 173.1679
79.63191, -17, 173.445
78.55991, -17, 173.6973
77.4879, -17, 174.1575
76.4159, -17, 174.6401
75.3439, -17, 175.072
74.27189, -17, 175.4353
73.19988, -17, 175.7318
72.12788, -17, 175.9477
71.05588, -17, 175.9728
69.98387, -17, 175.856
68.91187, -17, 176.4191
67.83986, -17, 176.808
66.76786, -17, 176.9991
65.69585, -17, 177.1077
64.62385, -17, 177.1587
63.55184, -17, 177.161
62.47984, -17, 177.141
61.40783, -17, 177.1647
60.33583, -17, 177.0509
59.26382, -17, 177.4053
58.19182, -17, 177.7894
57.11982, -17, 178.2071
56.04781, -17, 178.607
54.97581, -17, 178.9662
53.9038, -17, 179.2999
52.8318, -17, 179.5794
51.75979, -17, 179.5856
50.68779, -17, 179.0999
49.61578, -17, 179.0947
48.54378, -17, 179.9919
47.47178, -17, 180.4684
46.39977, -17, 180.565
45.32777, -17, 180.5647
44.25576, -17, 180.5662
43.18375, -17, 180.5743
42.11175, -17, 180.5331
41.03975, -17, 180.5026
39.96774, -17, 180.8911
38.89574, -17, 180.79
37.82373, -17, 180.9442
36.75173, -17, 181.0832
35.67972, -17, 181.2182
34.60772, -17, 181.3773
33.53571, -17, 181.5601
32.46371, -17, 181.7618
31.3917, -17, 181.9946
30.3197, -17, 182.2799
29.2477, -17, 182.3373
28.17569, -17, 182.2925
27.10369, -17, 182.2959
26.03168, -17, 182.3208
24.95968, -17, 182.3712
23.88767, -17, 182.4516
22.81567, -17, 182.5661
21.74366, -17, 182.691
20.67166, -17, 182.8075
19.59966, -17, 182.6894
18.52765, -17, 182.1595
17.45564, -17, 181.7455
16.38364, -17, 181.3188
15.31164, -17, 180.9089
14.23963, -17, 180.5063
13.16763, -17, 180.0802
12.09562, -17, 179.5338
11.02362, -17, 178.7082
9.951612, -17, 181.4408
8.879608, -17, 178.8217
7.807604, -17, 178.8244
6.735599, -17, 179.0484
5.663594, -17, 178.7871
4.59159, -17, 177.1866
3.519585, -17, 175.1629
2.447581, -17, 176.5967
1.375576, -17, 177.0133
0.3035714, -17, 179.6066
-0.7650376, -17, 178.1696
-1.833647, -17, 177.0558
-2.902256, -17, 176.536
-3.970865, -17, 176.1903
-5.039474, -17, 175.9111
-6.108083, -17, 175.6635
-7.176692, -17, 175.4342
-8.2453, -17, 175.2147
-9.31391, -17, 174.9857
-10.38252, -17, 174.6229
-11.45113, -17, 174.2396
-12.51974, -17, 173.8937
-13.58835, -17, 173.5508
-14.65695, -17, 173.2087
-15.72556, -17, 172.867
-16.79417, -17, 172.5255
-17.86278, -17, 172.1841
-18.93139, -17, 171.8429
98.92818, -18, 175.7148
97.85638, -18, 176.3005
96.78456, -18, 177.0137
95.71275, -18, 177.7725
94.64094, -18, 178.5506
93.56912, -18, 179.3352
92.49731, -18, 180.1191
91.4255, -18, 180.9183
90.35368, -18, 181.9608
89.28188, -18, 182.1459
88.21006, -18, 182.0736
87.13825, -18, 182.1554
86.06644, -18, 182.2467
84.99462, -18, 182.3351
83.92281, -18, 182.4218
82.851, -18, 182.5161
81.77918, -18, 182.6627
80.70737, -18, 183.2508
79.63556, -18, 183.8213
78.56375, -18, 183.2633
77.49194, -18, 183.5182
76.42012, -18, 183.8751
75.34831, -18, 184.2365
74.2765, -18, 184.5752
73.20468, -18, 184.8663
72.13287, -18, 185.0654
71.06106, -18, 185.0605
69.98925, -18, 184.1086
68.91743, -18, 185.4456
67.84562, -18, 185.9337
66.77381, -18, 186.1951
65.702, -18, 186.356
64.63019, -18, 186.4636
63.55837, -18, 186.5382
62.48656, -18, 186.5815
61.41475, -18, 186.5293
60.34293, -18, 185.7699
59.27112, -18, 186.4411
58.19931, -18, 187.1231
57.12749, -18, 187.4744
56.05568, -18, 187.7796
54.98387, -18, 188.0479
53.91206, -18, 188.2576
52.84024, -18, 188.3674
51.76843, -18, 188.3102
50.69662, -18, 188.1463
49.62481, -18, 188.2679
48.55299, -18, 188.7736
47.48118, -18, 189.1905
46.40937, -18, 189.4411
45.33756, -18, 189.5842
44.26574, -18, 189.6702
43.19393, -18, 189.7394
42.12212, -18, 189.8546
41.05031, -18, 190.3007
39.97849, -18, 192.3969
38.90668, -18, 190.6198
37.83487, -18, 190.4665
36.76306, -18, 190.5654
35.69125, -18, 190.7097
34.61943, -18, 190.8722
33.54762, -18, 191.0504
32.47581, -18, 191.2496
31.40399, -18, 191.4778
30.33218, -18, 191.6598
29.26037, -18, 191.6967
28.18856, -18, 191.7612
27.11674, -18, 191.8067
26.04493, -18, 191.8685
24.97312, -18, 191.9416
23.90131, -18, 192.0206
22.82949, -18, 192.0982
21.75768, -18, 192.1506
20.68587, -18, 191.9635
19.61406, -18, 191.5929
18.54224, -18, 191.6239
17.47043, -18, 191.2965
16.39862, -18, 190.9579
15.32681, -18, 190.6005
14.25499, -18, 190.2001
13.18318, -18, 189.7205
12.11137, -18, 189.114
11.03955, -18, 188.4287
9.967742, -18, 186.1941
8.895929, -18, 188.0672
7.824117, -18, 188.6604
6.752304, -18, 189.0587
5.680491, -18, 189.4299
4.608679, -18, 189.1892
3.536866, -18, 187.3593
2.465054, -18, 189.3314
1.393241, -18, 190.8785
0.3214286, -18, 189.684
-0.7481203, -18, 188.7284
-1.817669, -18, 187.2943
-2.887218, -18, 186.5936
-3.956767, -18, 186.1382
-5.026316, -18, 185.7824
-6.095865, -18, 185.4752
-7.165413, -18, 185.1928
-8.234962, -18, 184.9148
-9.304511, -18, 184.5871
-10.37406, -18, 184.1259
-11.44361, -18, 183.7807
-12.51316, -18, 183.4384
-13.58271, -18, 183.0914
-14.65226, -18, 182.7432
-15.7218, -18, 182.3945
-16.79135, -18, 182.0455
-17.8609, -18, 181.6964
-18.93045, -18, 181.3472
98.92838, -19, 183.855
97.85676, -19, 184.6185
96.78514, -19, 185.4736
95.71352, -19, 186.3674
94.6419, -19, 187.2791
93.57027, -19, 188.2013
92.49866, -19, 189.1381
91.42703, -19, 190.1248
90.35542, -19, 191.1915
89.28379, -19, 191.533
88.21217, -19, 191.4913
87.14056, -19, 191.5267
86.06893, -19, 191.6072
84.99731, -19, 191.7016
83.92569, -19, 191.8081
82.85407, -19, 191.9445
81.78245, -19, 192.1916
80.71083, -19, 192.7226
79.63921, -19, 193.0467
78.56759, -19, 192.8358
77.49596, -19, 192.9729
76.42435, -19, 193.2683
75.35273, -19, 193.5998
74.2811, -19, 193.9276
73.20949, -19, 194.2301
72.13786, -19, 194.4815
71.06625, -19, 194.581
69.99462, -19, 194.522
68.923, -19, 194.9582
67.85138, -19, 195.3642
66.77976, -19, 195.6228
65.70814, -19, 195.8113
64.63652, -19, 195.9582
63.5649, -19, 196.0725
62.49328, -19, 196.1379
61.42166, -19, 196.0629
60.35004, -19, 195.723
59.27842, -19, 196.067
58.2068, -19, 196.6281
57.13518, -19, 196.9283
56.06356, -19, 197.143
54.99194, -19, 197.3206
53.92031, -19, 197.4601
52.84869, -19, 197.5511
51.77707, -19, 197.6103
50.70545, -19, 197.606
49.63383, -19, 197.7794
48.56221, -19, 198.1364
47.49059, -19, 198.3416
46.41897, -19, 198.5357
45.34735, -19, 198.6993
44.27573, -19, 198.8445
43.20411, -19, 199.0031
42.13249, -19, 199.2579
41.06087, -19, 199.7962
39.98925, -19, 200.4868
38.91763, -19, 200.1291
37.846, -19, 199.9218
36.77439, -19, 199.9748
35.70277, -19, 200.1126
34.63115, -19, 200.2793
33.55952, -19, 200.4626
32.4879, -19, 200.6598
31.41628, -19, 200.8584
30.34466, -19, 201.0001
29.27304, -19, 201.0537
28.20142, -19, 201.1523
27.1298, -19, 201.2496
26.05818, -19, 201.3382
24.98656, -19, 201.4269
23.91494, -19, 201.5133
22.84332, -19, 201.5868
21.7717, -19, 201.6022
20.70008, -19, 201.4331
19.62846, -19, 201.1692
18.55684, -19, 201.1982
17.48521, -19, 200.9892
16.4136, -19, 200.6988
15.34197, -19, 200.3872
14.27035, -19, 200.0473
13.19873, -19, 199.6655
12.12711, -19, 199.2332
11.05549, -19, 198.5143
9.983871, -19, 195.871
8.912251, -19, 197.7463
7.84063, -19, 198.6784
6.769009, -19, 199.2252
5.697389, -19, 200.1198
4.625768, -19, 201.3444
3.554147, -19, 200.8099
2.482527, -19, 200.1643
1.410906, -19, 199.8524
0.3392857, -19, 199.0343
-0.731203, -19, 197.717
-1.801692, -19, 196.9739
-2.87218, -19, 196.3344
-3.942669, -19, 195.8703
-5.013158, -19, 195.4884
-6.083647, -19, 195.1477
-7.154135, -19, 194.8259
-8.224624, -19, 194.4997
-9.295113, -19, 194.0888
-10.3656, -19, 193.6381
-11.43609, -19, 193.3346
-12.50658, -19, 192.9869
-13.57707, -19, 192.6343
-14.64756, -19, 192.2793
-15.71805, -19, 191.9234
-16.78853, -19, 191.5668
-17.85902, -19, 191.2101
-18.92951, -19, 190.8536
2.01703, 0.8, 14.49
3.08206, 0.8, 15.5963
4.1471, 0.8, 14.0968
5.21213, 0.8, 15.4671
6.27716, 0.8, 14.3649
7.34219, 0.8, 13.7332
8.40723, 0.8, 13.4058
9.47226, 0.8, 13.7022
10.5373, 0.8, 12.6228
11.6023, 0.8, 12.0865
12.6674, 0.8, 12.0612
13.7324, 0.8, 12.0379
14.7974, 0.8, 11.9423
15.8625, 0.8, 11.7559
16.9275, 0.8, 11.4421
17.9925, 0.8, 10.8916
19.0575, 0.8, 10.1091
20.1226, 0.8, 8.99828
21.1876, 0.8, 9.88645
22.2526, 0.8, 10.0954
23.3177, 0.8, 10.0735
24.3827, 0.8, 9.85465
25.4477, 0.8, 9.5398
26.5128, 0.8, 9.17841
27.5778, 0.8, 8.83147
28.6428, 0.8, 8.80513
29.7079, 0.8, 10.6486
30.7729, 0.8, 8.5053
31.8379, 0.8, 6.62752
32.903, 0.8, 5.59745
33.968, 0.8, 4.67212
35.033, 0.8, 3.74868
36.0981, 0.8, 2.79202
37.1631, 0.8, 1.77932
38.2281, 0.8, 0.636812
39.2932, 0.8, -1.33814
40.3582, 0.8, -3.0049
41.4232, 0.8, -0.0517606
42.4883, 0.8, 0.827982
43.5533, 0.8, 1.44326
44.6183, 0.8, 2.00988
45.6834, 0.8, 2.63019
46.7484, 0.8, 3.41674
47.8134, 0.8, 4.52752
48.8785, 0.8, 6.26007
49.9435, 0.8, 9.15307
51.0085, 0.8, 8.05214
52.0735, 0.8, 7.30116
53.1386, 0.8, 7.30827
54.2036, 0.8, 7.70767
55.2686, 0.8, 8.32897
56.3337, 0.8, 9.08427
57.3987, 0.8, 9.99353
58.4637, 0.8, 11.4681
59.5288, 0.8, 16.8949
60.5938, 0.8, 16.3234
61.6588, 0.8, 12.5578
62.7239, 0.8, 12.1703
63.7889, 0.8, 12.2872
64.8539, 0.8, 12.522
65.919, 0.8, 12.8251
66.984, 0.8, 13.2293
68.049, 0.8, 13.9019
69.1141, 0.8, 15.74
70.1791, 0.8, 18.003
71.2441, 0.8, 15.3595
72.3092, 0.8, 14.8602
73.3742, 0.8, 15.1103
74.4392, 0.8, 15.517
75.5043, 0.8, 15.9138
76.5693, 0.8, 16.2031
77.6343, 0.8, 16.3302
78.6994, 0.8, 16.6463
79.7644, 0.8, 16.5782
80.8294, 0.8, 15.5388
81.8945, 0.8, 13.1397
82.9595, 0.8, 11.6822
84.0245, 0.8, 10.1368
85.0895, 0.8, 8.32728
86.1546, 0.8, 6.16782
87.2196, 0.8, 3.57553
88.2846, 0.8, 0.534123
89.3497, 0.8, -1.95081
90.4147, 0.8, -3.67468
91.4797, 0.8, -3.77257
92.5448, 0.8, -3.40991
93.6098, 0.8, -3.62632
94.6748, 0.8, -4.27536
95.7399, 0.8, -5.11699
96.8049, 0.8, -5.93229
97.8699, 0.8, -6.58985
98.935, 0.8, -7.89942
2.9588, 1.6, 10.9545
4.0136, 1.6, 9.2513
5.0684, 1.6, 8.5357
6.1232, 1.6, 7.6467
7.178, 1.6, 7.2227
8.2328, 1.6, 6.5999
9.2876, 1.6, 5.3385
10.3424, 1.6, 4.92733
11.3972, 1.6, 5.80105
12.452, 1.6, 5.83649
13.5068, 1.6, 5.78912
14.5615, 1.6, 5.65934
15.6163, 1.6, 5.4533
16.6711, 1.6, 5.19444
17.7259, 1.6, 4.93171
18.7807, 1.6, 4.51816
19.8355, 1.6, 4.12494
20.8903, 1.6, 3.90444
21.9451, 1.6, 3.86393
22.9999, 1.6, 3.55887
24.0547, 1.6, 3.24584
25.1095, 1.6, 2.90717
26.1643, 1.6, 2.52386
27.2191, 1.6, 2.11035
28.2739, 1.6, 1.67172
29.3287, 1.6, 1.56554
30.3835, 1.6, 1.59154
31.4383, 1.6, -0.171595
32.4931, 1.6, -0.804587
33.5479, 1.6, -1.47047
34.6027, 1.6, -2.18975
35.6575, 1.6, -2.99251
36.7123, 1.6, -3.90554
37.7671, 1.6, -5.02886
38.8218, 1.6, -6.91721
39.8766, 1.6, -10.673
40.9314, 1.6, -7.63864
41.9862, 1.6, -5.5679
43.041, 1.6, -4.62606
44.0958, 1.6, -3.96474
45.1506, 1.6, -3.37153
46.2054, 1.6, -2.76496
47.2602, 1.6, -2.01517
48.315, 1.6, -1.0542
49.3698, 1.6, 0.226345
50.4246, 1.6, 1.55762
51.4794, 1.6, 1.19882
52.5342, 1.6, 1.45993
53.589, 1.6, 1.94753
54.6438, 1.6, 2.61857
55.6986, 1.6, 3.37726
56.7534, 1.6, 4.18183
57.8082, 1.6, 4.96501
58.863, 1.6, 5.9782
59.9178, 1.6, 11.6488
60.9726, 1.6, 6.86049
62.0274, 1.6, 6.47285
63.0821, 1.6, 6.59986
64.1369, 1.6, 6.7024
65.1917, 1.6, 6.78359
66.2465, 1.6, 6.82966
67.3013, 1.6, 6.81851
68.3561, 1.6, 6.67408
69.4109, 1.6, 6.79075
70.4657, 1.6, 6.88333
71.5205, 1.6, 6.81287
72.5753, 1.6, 7.74116
73.6301, 1.6, 8.48906
74.6849, 1.6, 9.10975
75.7397, 1.6, 9.49882
76.7945, 1.6, 9.51222
77.8493, 1.6, 8.77842
78.9041, 1.6, 6.02009
79.9589, 1.6, 3.79972
81.0137, 1.6, 4.18655
82.0685, 1.6, 5.95309
83.1233, 1.6, 5.79441
84.1781, 1.6, 4.81502
85.2329, 1.6, 3.31828
86.2877, 1.6, 1.354
87.3425, 1.6, -1.23874
88.3972, 1.6, -4.73152
89.452, 1.6, -8.52334
90.5068, 1.6, -9.85924
91.5616, 1.6, -8.8041
92.6164, 1.6, -8.42765
93.6712, 1.6, -9.0896
94.726, 1.6, -10.3118
95.7808, 1.6, -11.7357
96.8356, 1.6, -13.1891
97.8904, 1.6, -14.6834
98.9452, 1.6, -17.2308
3.9006, 2.4, 5.3568
4.9451, 2.4, 1.0865
5.9897, 2.4, 1.2735
7.0342, 2.4, 1.0358
8.0788, 2.4, 0.19451
9.1234, 2.4, -1.3239
10.1679, 2.4, -2.70931
11.2125, 2.4, -0.470051
12.257, 2.4, -0.148415
13.3016, 2.4, -0.18098
14.3462, 2.4, -0.355369
15.3907, 2.4, -0.607784
16.4353, 2.4, -0.888906
17.4798, 2.4, -1.10273
18.5244, 2.4, -1.15672
19.5689, 2.4, -0.99507
20.6135, 2.4, -1.3692
21.6581, 2.4, -2.16404
22.7026, 2.4, -2.72708
23.7472, 2.4, -3.13482
24.7917, 2.4, -3.49412
25.8363, 2.4, -3.89031
26.8809, 2.4, -4.36997
27.9254, 2.4, -5.00045
28.97, 2.4, -5.92015
30.0145, 2.4, -7.91604
31.0591, 2.4, -7.23343
32.1037, 2.4, -7.32758
33.1482, 2.4, -7.60932
34.1928, 2.4, -8.07594
35.2373, 2.4, -8.69849
36.2819, 2.4, -9.48169
37.3265, 2.4, -10.5095
38.371, 2.4, -11.996
39.4156, 2.4, -14.0963
40.4601, 2.4, -14.2138
41.5047, 2.4, -12.2982
42.5492, 2.4, -10.8855
43.5938, 2.4, -9.93428
44.6384, 2.4, -9.24871
45.6829, 2.4, -8.70883
46.7275, 2.4, -8.28955
47.772, 2.4, -8.01047
48.8166, 2.4, -7.50078
49.8612, 2.4, -7.08688
50.9057, 2.4, -6.04663
51.9503, 2.4, -5.1936
52.9948, 2.4, -4.17971
54.0394, 2.4, -3.30243
55.084, 2.4, -2.49403
56.1285, 2.4, -1.69519
57.1731, 2.4, -0.900106
58.2176, 2.4, -0.297681
59.2622, 2.4, -0.966712
60.3068, 2.4, -3.18087
61.3513, 2.4, 0.413689
62.3959, 2.4, 0.938712
63.4404, 2.4, 1.00866
64.485, 2.4, 1.01507
65.5295, 2.4, 0.955322
66.5741, 2.4, 0.72691
67.6187, 2.4, 0.11644
68.6632, 2.4, -1.1217
69.7078, 2.4, -4.29539
70.7523, 2.4, -2.66988
71.7969, 2.4, -0.413435
72.8415, 2.4, 1.27347
73.886, 2.4, 2.45329
74.9306, 2.4, 3.2093
75.9751, 2.4, 3.52516
77.0197, 2.4, 3.17513
78.0643, 2.4, 1.4722
79.1088, 2.4, -3.02928
80.1534, 2.4, -8.12017
81.1979, 2.4, -2.3598
82.2425, 2.4, 0.402705
83.2871, 2.4, 0.865253
84.3316, 2.4, 0.218864
85.3762, 2.4, -1.0202
86.4207, 2.4, -2.7249
87.4653, 2.4, -4.97651
88.5098, 2.4, -8.32759
89.5544, 2.4, -13.8869
90.599, 2.4, -14.2047
91.6435, 2.4, -12.3579
92.6881, 2.4, -12.9247
93.7326, 2.4, -14.5198
94.7772, 2.4, -16.5156
95.8218, 2.4, -18.6623
96.8663, 2.4, -20.862
97.9109, 2.4, -23.2661
98.9554, 2.4, -25.8275
4.8423, 3.2, -3.4686
5.8766, 3.2, -3.6582
6.911, 3.2, -4.1938
7.9453, 3.2, -5.17
8.9796, 3.2, -6.3793
10.0139, 3.2, -7.13465
11.0483, 3.2, -6.62565
12.0826, 3.2, -5.94748
13.1169, 3.2, -5.83584
14.1512, 3.2, -5.952
15.1855, 3.2, -6.23547
16.2199, 3.2, -6.63857
17.2542, 3.2, -7.07658
18.2885, 3.2, -7.19528
19.3228, 3.2, -6.50042
20.3572, 3.2, -6.45665
21.3915, 3.2, -8.07424
22.4258, 3.2, -8.89706
23.4601, 3.2, -9.23606
24.4945, 3.2, -9.5559
25.5288, 3.2, -9.9677
26.5631, 3.2, -10.5133
27.5974, 3.2, -11.2512
28.6317, 3.2, -12.407
29.6661, 3.2, -15.5768
30.7004, 3.2, -14.7855
31.7347, 3.2, -13.7407
32.769, 3.2, -13.6516
33.8034, 3.2, -13.878
34.8377, 3.2, -14.311
35.872, 3.2, -14.929
36.9063, 3.2, -15.7506
37.9406, 3.2, -16.8131
38.975, 3.2, -17.9415
40.0093, 3.2, -18.2784
41.0436, 3.2, -17.9558
42.0779, 3.2, -16.886
43.1123, 3.2, -15.8401
44.1466, 3.2, -15.0242
45.1809, 3.2, -14.4259
46.2152, 3.2, -14.0475
47.2495, 3.2, -13.9262
48.2839, 3.2, -14.1358
49.3182, 3.2, -14.5627
50.3525, 3.2, -14.603
51.3868, 3.2, -12.4161
52.4212, 3.2, -10.6861
53.4555, 3.2, -9.4609
54.4898, 3.2, -8.52146
55.5241, 3.2, -7.72384
56.5585, 3.2, -6.97907
57.5928, 3.2, -6.27956
58.6271, 3.2, -6.11042
59.6614, 3.2, -11.8246
60.6957, 3.2, -8.23094
61.7301, 3.2, -5.02102
62.7644, 3.2, -4.76595
63.7987, 3.2, -4.72667
64.833, 3.2, -4.75017
65.8674, 3.2, -4.92157
66.9017, 3.2, -5.40798
67.936, 3.2, -6.50948
68.9703, 3.2, -8.96158
70.0046, 3.2, -16.265
71.039, 3.2, -8.96432
72.0733, 3.2, -6.11724
73.1076, 3.2, -4.24634
74.1419, 3.2, -2.95597
75.1763, 3.2, -2.1698
76.2106, 3.2, -1.94281
77.2449, 3.2, -2.46785
78.2792, 3.2, -4.20089
79.3135, 3.2, -8.75768
80.3479, 3.2, -12.423
81.3822, 3.2, -5.56763
82.4165, 3.2, -3.63944
83.4508, 3.2, -3.25588
84.4852, 3.2, -3.72251
85.5195, 3.2, -4.728
86.5538, 3.2, -6.11864
87.5881, 3.2, -7.85266
88.6225, 3.2, -10.1622
89.6568, 3.2, -15.9395
90.6911, 3.2, -14.9198
91.7254, 3.2, -15.0955
92.7597, 3.2, -17.3444
93.7941, 3.2, -20.0496
94.8284, 3.2, -22.9529
95.8627, 3.2, -25.949
96.897, 3.2, -28.9534
97.9314, 3.2, -31.794
98.9657, 3.2, -33.4873
5.7841, 4, -7.3764
6.8082, 4, -8.3662
7.8323, 4, -9.4329
8.85634, 4, -10.6099
9.88043, 4, -11.6947
10.9045, 4, -11.7936
11.9286, 4, -11.3218
12.9527, 4, -11.0245
13.9768, 4, -11.0924
15.0009, 4, -11.3975
16.0249, 4, -11.871
17.049, 4, -12.4658
18.0731, 4, -13.0863
19.0972, 4, -13.0357
20.1213, 4, -11.6678
21.1454, 4, -14.1916
22.1695, 4, -14.718
23.1935, 4, -14.9408
24.2176, 4, -15.2309
25.2417, 4, -15.645
26.2658, 4, -16.2193
27.2899, 4, -17.0167
28.314, 4, -18.2404
29.3381, 4, -20.4655
30.3622, 4, -21.761
31.3862, 4, -19.967
32.4103, 4, -19.4308
33.4344, 4, -19.4069
34.4585, 4, -19.6218
35.4826, 4, -20.042
36.5067, 4, -20.6608
37.5308, 4, -21.4075
38.5548, 4, -21.9654
39.5789, 4, -22.1941
40.603, 4, -22.1939
41.6271, 4, -21.8831
42.6512, 4, -21.1794
43.6753, 4, -20.34
44.6994, 4, -19.6685
45.7234, 4, -19.2322
46.7475, 4, -19.0667
47.7716, 4, -19.2725
48.7957, 4, -20.2735
49.8198, 4, -21.8231
50.8439, 4, -20.0902
51.868, 4, -17.2771
52.892, 4, -15.599
53.9161, 4, -14.5194
54.9402, 4, -13.721
55.9643, 4, -13.0567
56.9884, 4, -12.4662
58.0125, 4, -12.0976
59.0366, 4, -12.6481
60.0606, 4, -14.6888
61.0847, 4, -11.918
62.1088, 4, -10.835
63.1329, 4, -10.586
64.157, 4, -10.6116
65.1811, 4, -10.6936
66.2052, 4, -10.8357
67.2292, 4, -11.2569
68.2533, 4, -12.6914
69.2774, 4, -15.8571
70.3015, 4, -17.5892
71.3256, 4, -13.1431
72.3497, 4, -10.4465
73.3738, 4, -8.83009
74.3979, 4, -7.74081
75.4219, 4, -6.92141
76.446, 4, -6.45135
77.4701, 4, -6.58105
78.4942, 4, -7.50599
79.5183, 4, -10.3051
80.5424, 4, -9.71857
81.5665, 4, -7.08189
82.5905, 4, -6.38681
83.6146, 4, -6.49251
84.6387, 4, -7.12169
85.6628, 4, -7.96735
86.6869, 4, -8.85332
87.711, 4, -9.83204
88.7351, 4, -10.8013
89.7591, 4, -13.0922
90.7832, 4, -14.1745
91.8073, 4, -17.7669
92.8314, 4, -21.7014
93.8555, 4, -25.7855
94.8796, 4, -29.7415
95.9037, 4, -33.49
96.9277, 4, -37.0052
97.9518, 4, -40.1195
98.9759, 4, -41.6394
6.72585, 4.8, -11.9199
7.7397, 4.8, -13.1428
8.75355, 4.8, -14.4398
9.7674, 4.8, -16.1501
10.7812, 4.8, -16.1074
11.7951, 4.8, -15.8243
12.8089, 4.8, -15.6877
13.8228, 4.8, -15.7962
14.8366, 4.8, -16.1216
15.8505, 4.8, -16.6387
16.8643, 4.8, -17.3365
17.8782, 4.8, -18.2113
18.892, 4.8, -19.3325
19.9059, 4.8, -19.1507
20.9197, 4.8, -20.469
21.9336, 4.8, -20.2416
22.9474, 4.8, -20.274
23.9613, 4.8, -20.4998
24.9751, 4.8, -20.9071
25.989, 4.8, -21.502
27.0028, 4.8, -22.3181
28.0167, 4.8, -23.4439
29.0305, 4.8, -24.9947
30.0444, 4.8, -25.7087
31.0582, 4.8, -25.5343
32.0721, 4.8, -24.8221
33.0859, 4.8, -24.5096
34.0998, 4.8, -24.4832
35.1136, 4.8, -24.6612
36.1275, 4.8, -25.0191
37.1413, 4.8, -25.5077
38.1552, 4.8, -26.0472
39.169, 4.8, -26.247
40.1829, 4.8, -26.1835
41.1967, 4.8, -26.1719
42.2106, 4.8, -25.5918
43.2244, 4.8, -24.847
44.2383, 4.8, -24.1973
45.2521, 4.8, -23.7288
46.266, 4.8, -23.4997
47.2798, 4.8, -23.5893
48.2937, 4.8, -24.2358
49.3075, 4.8, -26.0875
50.3214, 4.8, -26.9208
51.3352, 4.8, -23.445
52.3491, 4.8, -21.5214
53.3629, 4.8, -20.3331
54.3768, 4.8, -19.5552
55.3906, 4.8, -19.0099
56.4045, 4.8, -18.6007
57.4183, 4.8, -18.3173
58.4322, 4.8, -17.997
59.446, 4.8, -15.5306
60.4599, 4.8, -14.4557
61.4737, 4.8, -17.0036
62.4876, 4.8, -16.9348
63.5014, 4.8, -16.961
64.5153, 4.8, -17.0879
65.5291, 4.8, -17.1908
66.543, 4.8, -17.2222
67.5568, 4.8, -17.2252
68.5707, 4.8, -17.7248
69.5845, 4.8, -19.0865
70.5984, 4.8, -18.4771
71.6122, 4.8, -15.9266
72.6261, 4.8, -14.5879
73.6399, 4.8, -13.5481
74.6538, 4.8, -12.437
75.6676, 4.8, -11.3034
76.6815, 4.8, -10.2218
77.6953, 4.8, -9.26074
78.7092, 4.8, -8.70326
79.723, 4.8, -4.94874
80.7369, 4.8, -7.26308
81.7507, 4.8, -7.94147
82.7646, 4.8, -8.63853
83.7784, 4.8, -9.60015
84.7923, 4.8, -10.5501
85.8061, 4.8, -11.3503
86.82, 4.8, -11.7608
87.8338, 4.8, -11.535
88.8477, 4.8, -10.8742
89.8615, 4.8, -5.79534
90.8754, 4.8, -14.6735
91.8892, 4.8, -20.9618
92.9031, 4.8, -27.0266
93.9169, 4.8, -32.4801
94.9308, 4.8, -37.3467
95.9446, 4.8, -41.7324
96.9585, 4.8, -45.5889
97.9723, 4.8, -48.827
98.9862, 4.8, -51.6549
7.66761, 5.6, -16.2212
8.67123, 5.6, -17.73
9.67484, 5.6, -19.6295
10.6785, 5.6, -19.834
11.6821, 5.6, -19.5388
12.6857, 5.6, -19.7018
13.6893, 5.6, -19.973
14.6929, 5.6, -20.3588
15.6965, 5.6, -20.9092
16.7001, 5.6, -21.6603
17.7037, 5.6, -22.6945
18.7074, 5.6, -24.261
19.711, 5.6, -27.5894
20.7146, 5.6, -26.4724
21.7182, 5.6, -25.4053
22.7218, 5.6, -25.1726
23.7254, 5.6, -25.3155
24.729, 5.6, -25.7107
25.7326, 5.6, -26.3179
26.7363, 5.6, -27.123
27.7399, 5.6, -28.118
28.7435, 5.6, -29.0715
29.7471, 5.6, -29.5308
30.7507, 5.6, -29.6672
31.7543, 5.6, -29.5945
32.7579, 5.6, -29.1911
33.7615, 5.6, -28.9361
34.7652, 5.6, -28.8547
35.7688, 5.6, -28.9403
36.7724, 5.6, -29.1796
37.776, 5.6, -29.5887
38.7796, 5.6, -30.1653
39.7832, 5.6, -30.2798
40.7868, 5.6, -30.3037
41.7905, 5.6, -29.4456
42.7941, 5.6, -28.6288
43.7977, 5.6, -27.9968
44.8013, 5.6, -27.5535
45.8049, 5.6, -27.293
46.8085, 5.6, -27.278
47.8121, 5.6, -27.6033
48.8157, 5.6, -28.3651
49.8194, 5.6, -31.1432
50.823, 5.6, -28.0153
51.8266, 5.6, -26.5234
52.8302, 5.6, -25.5938
53.8338, 5.6, -25.0078
54.8374, 5.6, -24.6342
55.841, 5.6, -24.4174
56.8446, 5.6, -24.2359
57.8483, 5.6, -23.8567
58.8519, 5.6, -22.1397
59.8555, 5.6, -15.001
60.8591, 5.6, -20.2479
61.8627, 5.6, -22.7731
62.8663, 5.6, -23.4551
63.8699, 5.6, -23.8308
64.8736, 5.6, -24.0229
65.8772, 5.6, -24.1392
66.8808, 5.6, -23.9356
67.8844, 5.6, -23.138
68.888, 5.6, -21.0684
69.8916, 5.6, -20.6323
70.8952, 5.6, -19.1956
71.8988, 5.6, -20.0181
72.9025, 5.6, -19.5526
73.9061, 5.6, -18.4215
74.9097, 5.6, -16.905
75.9133, 5.6, -15.2395
76.9169, 5.6, -13.382
77.9205, 5.6, -11.2295
78.9241, 5.6, -7.69706
79.9277, 5.6, -0.810655
80.9314, 5.6, -6.04556
81.935, 5.6, -9.46378
82.9386, 5.6, -11.3402
83.9422, 5.6, -12.89
84.9458, 5.6, -14.1732
85.9494, 5.6, -15.0839
86.953, 5.6, -15.3317
87.9566, 5.6, -14.393
88.9603, 5.6, -10.915
89.9639, 5.6, -4.35692
90.9675, 5.6, -16.7028
91.9711, 5.6, -26.5074
92.9747, 5.6, -33.9753
93.9783, 5.6, -40.2849
94.9819, 5.6, -45.8107
95.9855, 5.6, -50.8459
96.9892, 5.6, -55.3244
97.9928, 5.6, -59.3166
98.9964, 5.6, -63.629
8.60938, 6.4, -20.3551
9.60275, 6.4, -22.1404
10.5961, 6.4, -22.743
11.5895, 6.4, -22.9246
12.5829, 6.4, -23.2481
13.5763, 6.4, -23.6285
14.5696, 6.4, -24.0931
15.563, 6.4, -24.6856
16.5564, 6.4, -25.47
17.5498, 6.4, -26.5649
18.5431, 6.4, -28.2557
19.5365, 6.4, -31.8038
20.5299, 6.4, -31.9987
21.5233, 6.4, -29.9165
22.5166, 6.4, -29.5015
23.51, 6.4, -29.5477
24.5034, 6.4, -29.8667
25.4968, 6.4, -30.4357
26.4902, 6.4, -31.2455
27.4835, 6.4, -32.21
28.4769, 6.4, -32.9507
29.4703, 6.4, -33.4073
30.4637, 6.4, -33.5375
31.457, 6.4, -33.5371
32.4504, 6.4, -33.3249
33.4438, 6.4, -32.9154
34.4372, 6.4, -32.6446
35.4305, 6.4, -32.5506
36.4239, 6.4, -32.5898
37.4173, 6.4, -32.7346
38.4107, 6.4, -33.136
39.404, 6.4, -34.2301
40.3974, 6.4, -34.4278
41.3908, 6.4, -32.8471
42.3842, 6.4, -31.9209
43.3775, 6.4, -31.4284
44.3709, 6.4, -31.0828
45.3643, 6.4, -30.8233
46.3577, 6.4, -30.6512
47.3511, 6.4, -30.593
48.3444, 6.4, -30.7405
49.3378, 6.4, -31.18
50.3312, 6.4, -30.8009
51.3246, 6.4, -30.068
52.3179, 6.4, -29.7534
53.3113, 6.4, -29.4999
54.3047, 6.4, -29.2363
55.2981, 6.4, -29.0973
56.2914, 6.4, -29.1422
57.2848, 6.4, -29.2443
58.2782, 6.4, -28.4634
59.2716, 6.4, -26.1397
60.2649, 6.4, -25.0545
61.2583, 6.4, -27.1142
62.2517, 6.4, -29.1287
63.2451, 6.4, -29.4682
64.2384, 6.4, -29.3853
65.2318, 6.4, -29.4812
66.2252, 6.4, -29.8375
67.2186, 6.4, -30.1621
68.212, 6.4, -28.8324
69.2053, 6.4, -24.4489
70.1987, 6.4, -21.1855
71.1921, 6.4, -24.1901
72.1855, 6.4, -25.5242
73.1788, 6.4, -24.1921
74.1722, 6.4, -22.2097
75.1656, 6.4, -20.2607
76.159, 6.4, -18.2953
77.1523, 6.4, -15.9775
78.1457, 6.4, -12.4378
79.1391, 6.4, -7.25373
80.1325, 6.4, -4.00184
81.1258, 6.4, -7.73
82.1192, 6.4, -11.8415
83.1126, 6.4, -14.6093
84.106, 6.4, -16.5847
85.0994, 6.4, -18.1497
86.0927, 6.4, -19.3028
87.0861, 6.4, -19.7884
88.0795, 6.4, -18.6719
89.0729, 6.4, -14.3891
90.0662, 6.4, -11.5627
91.0596, 6.4, -23.3849
92.053, 6.4, -34.4067
93.0464, 6.4, -42.0844
94.0397, 6.4, -48.2903
95.0331, 6.4, -54.0536
96.0265, 6.4, -59.8075
97.0199, 6.4, -65.7677
98.0132, 6.4, -71.6558
99.0066, 6.4, -76.843
9.55114, 7.2, -23.7294
10.5343, 7.2, -25.0743
11.5174, 7.2, -25.9959
12.5006, 7.2, -26.4978
13.4837, 7.2, -26.9437
14.4668, 7.2, -27.4401
15.45, 7.2, -28.05
16.4331, 7.2, -28.8386
17.4163, 7.2, -29.9046
18.3994, 7.2, -31.4452
19.3825, 7.2, -34.0519
20.3657, 7.2, -35.4084
21.3488, 7.2, -33.6953
22.332, 7.2, -33.1051
23.3151, 7.2, -33.0279
24.2982, 7.2, -33.2632
25.2814, 7.2, -33.7399
26.2645, 7.2, -34.4351
27.2477, 7.2, -35.3521
28.2308, 7.2, -36.4714
29.2139, 7.2, -37.2915
30.1971, 7.2, -37.455
31.1802, 7.2, -37.3821
32.1634, 7.2, -36.7286
33.1465, 7.2, -36.1956
34.1296, 7.2, -35.8905
35.1128, 7.2, -35.7457
36.0959, 7.2, -35.703
37.0791, 7.2, -35.7242
38.0622, 7.2, -35.82
39.0453, 7.2, -36.3865
40.0285, 7.2, -38.9855
41.0116, 7.2, -35.8034
41.9948, 7.2, -34.9389
42.9779, 7.2, -34.6344
43.961, 7.2, -34.4247
44.9442, 7.2, -34.2267
45.9273, 7.2, -34.0073
46.9104, 7.2, -33.7403
47.8936, 7.2, -33.3939
48.8767, 7.2, -32.9383
49.8599, 7.2, -30.8705
50.843, 7.2, -32.4905
51.8261, 7.2, -32.9414
52.8093, 7.2, -32.9471
53.7924, 7.2, -32.7918
54.7756, 7.2, -32.6207
55.7587, 7.2, -32.5506
56.7418, 7.2, -32.699
57.725, 7.2, -33.1853
58.7081, 7.2, -33.8821
59.6913, 7.2, -34.9984
60.6744, 7.2, -34.1732
61.6575, 7.2, -34.1295
62.6407, 7.2, -33.4205
63.6238, 7.2, -32.8387
64.607, 7.2, -32.594
65.5901, 7.2, -32.7571
66.5732, 7.2, -33.3925
67.5564, 7.2, -34.495
68.5395, 7.2, -35.2709
69.5227, 7.2, -29.6494
70.5058, 7.2, -28.6369
71.4889, 7.2, -31.7014
72.4721, 7.2, -29.1167
73.4552, 7.2, -26.4719
74.4384, 7.2, -24.2484
75.4215, 7.2, -22.2442
76.4046, 7.2, -20.1757
77.3878, 7.2, -17.6915
78.3709, 7.2, -14.2975
79.3541, 7.2, -9.93442
80.3372, 7.2, -8.37234
81.3203, 7.2, -11.8173
82.3035, 7.2, -15.3808
83.2866, 7.2, -18.2303
84.2698, 7.2, -20.53
85.2529, 7.2, -22.3917
86.236, 7.2, -23.8421
87.2192, 7.2, -24.8056
88.2023, 7.2, -24.9726
89.1855, 7.2, -23.0426
90.1686, 7.2, -20.5559
91.1517, 7.2, -34.3059
92.1349, 7.2, -43.1493
93.118, 7.2, -49.7529
94.1012, 7.2, -55.6418
95.0843, 7.2, -61.4572
96.0674, 7.2, -67.6652
97.0506, 7.2, -74.723
98.0337, 7.2, -83.0262
99.0169, 7.2, -90.9677
10.4929, 8, -27.4752
11.4658, 8, -28.8065
12.4387, 8, -29.4308
13.4116, 8, -29.9243
14.3845, 8, -30.4372
15.3574, 8, -31.0314
16.3303, 8, -31.7654
17.3032, 8, -32.7125
18.2761, 8, -33.9713
19.249, 8, -35.3872
20.2219, 8, -35.6421
21.1948, 8, -36.4052
22.1677, 8, -36.0009
23.1406, 8, -35.8944
24.1135, 8, -36.0758
25.0865, 8, -36.47
26.0594, 8, -37.0334
27.0323, 8, -37.8132
28.0052, 8, -38.9668
28.9781, 8, -40.5948
29.951, 8, -41.4997
30.9239, 8, -40.9743
31.8968, 8, -39.699
32.8697, 8, -39.0028
33.8426, 8, -38.7202
34.8155, 8, -38.6288
35.7884, 8, -38.5997
36.7613, 8, -38.5966
37.7342, 8, -38.6145
38.7071, 8, -38.5349
39.68, 8, -39.2437
40.6529, 8, -38.1108
41.6258, 8, -37.7682
42.5987, 8, -37.7549
43.5716, 8, -37.6843
44.5445, 8, -37.5485
45.5174, 8, -37.3621
46.4903, 8, -37.1118
47.4632, 8, -36.671
48.4361, 8, -35.7274
49.409, 8, -33.799
50.3819, 8, -33.5354
51.3548, 8, -35.5783
52.3277, 8, -36.0758
53.3006, 8, -35.8862
54.2735, 8, -35.5326
55.2465, 8, -35.2606
56.2194, 8, -35.2267
57.1923, 8, -35.6904
58.1652, 8, -37.2887
59.1381, 8, -41.4289
60.111, 8, -43.8999
61.0839, 8, -41.0932
62.0568, 8, -37.2446
63.0297, 8, -35.3042
64.0026, 8, -34.4425
64.9755, 8, -34.2125
65.9484, 8, -34.4625
66.9213, 8, -35.4055
67.8942, 8, -37.7462
68.8671, 8, -41.855
69.84, 8, -39.2973
70.8129, 8, -40.7544
71.7858, 8, -34.6401
72.7587, 8, -30.2589
73.7316, 8, -27.4928
74.7045, 8, -25.4756
75.6774, 8, -23.653
76.6503, 8, -21.8156
77.6232, 8, -19.8404
78.5961, 8, -17.6339
79.569, 8, -14.351
80.5419, 8, -14.5711
81.5148, 8, -17.4197
82.4877, 8, -20.09
83.4606, 8, -22.7388
84.4335, 8, -25.1066
85.4064, 8, -27.2392
86.3794, 8, -29.1817
87.3523, 8, -31.012
88.3252, 8, -33.1537
89.2981, 8, -35.8202
90.271, 8, -37.2509
91.2439, 8, -46.303
92.2168, 8, -51.447
93.1897, 8, -56.8361
94.1626, 8, -62.3761
95.1355, 8, -68.1245
96.1084, 8, -74.2976
97.0813, 8, -81.5243
98.0542, 8, -90.991
99.0271, 8, -103.5433
11.4347, 8.8, -31.5142
12.3973, 8.8, -32.1254
13.36, 8.8, -32.6372
14.3227, 8.8, -33.1393
15.2853, 8.8, -33.6905
16.248, 8.8, -34.3256
17.2107, 8.8, -35.0757
18.1733, 8.8, -35.9432
19.136, 8.8, -36.3663
20.0987, 8.8, -36.423
21.0613, 8.8, -37.7498
22.024, 8.8, -38.1617
22.9867, 8.8, -38.3181
23.9493, 8.8, -38.626
24.912, 8.8, -39.0498
25.8747, 8.8, -39.5482
26.8373, 8.8, -40.1074
27.8, 8.8, -40.8103
28.7627, 8.8, -42.2493
29.7253, 8.8, -45.3415
30.688, 8.8, -43.9502
31.6507, 8.8, -42.0903
32.6133, 8.8, -41.6249
33.576, 8.8, -41.6005
34.5387, 8.8, -41.6372
35.5013, 8.8, -41.6553
36.464, 8.8, -41.6176
37.4267, 8.8, -41.4843
38.3893, 8.8, -41.2218
39.352, 8.8, -40.3238
40.3147, 8.8, -38.9679
41.2773, 8.8, -40.4429
42.24, 8.8, -40.797
43.2027, 8.8, -40.8842
44.1653, 8.8, -40.7877
45.128, 8.8, -40.5939
46.0907, 8.8, -40.3418
47.0533, 8.8, -40.0007
48.016, 8.8, -39.3705
48.9787, 8.8, -37.8467
49.9413, 8.8, -36.0088
50.904, 8.8, -38.0068
51.8667, 8.8, -38.9992
52.8293, 8.8, -38.7646
53.792, 8.8, -38.2311
54.7547, 8.8, -37.7436
55.7173, 8.8, -37.457
56.68, 8.8, -37.5583
57.6427, 8.8, -38.4988
58.6053, 8.8, -41.4262
59.568, 8.8, -48.691
60.5307, 8.8, -48.5667
61.4933, 8.8, -41.4213
62.456, 8.8, -37.9
63.4187, 8.8, -36.4599
64.3813, 8.8, -35.9538
65.344, 8.8, -35.9158
66.3067, 8.8, -36.2311
67.2693, 8.8, -37.1072
68.232, 8.8, -39.7204
69.1947, 8.8, -48.1701
70.1573, 8.8, -59.7009
71.12, 8.8, -41.7044
72.0827, 8.8, -34.2635
73.0453, 8.8, -31.1582
74.008, 8.8, -29.1486
74.9707, 8.8, -27.437
75.9333, 8.8, -25.8065
76.896, 8.8, -24.247
77.8587, 8.8, -22.9207
78.8213, 8.8, -21.6992
79.784, 8.8, -19.9776
80.7467, 8.8, -21.0371
81.7093, 8.8, -23.502
82.672, 8.8, -25.7446
83.6347, 8.8, -28.0577
84.5973, 8.8, -30.4819
85.56, 8.8, -32.9343
86.5227, 8.8, -35.5003
87.4853, 8.8, -38.5261
88.448, 8.8, -42.44
89.4107, 8.8, -49.0031
90.3733, 8.8, -55.8028
91.336, 8.8, -55.9684
92.2987, 8.8, -59.3719
93.2613, 8.8, -64.0851
94.224, 8.8, -69.4625
95.1867, 8.8, -75.1299
96.1493, 8.8, -81.0648
97.112, 8.8, -87.5235
98.0747, 8.8, -95.5886
99.03733, 8.8, -109.5356
12.3764, 9.6, -34.8268
13.3289, 9.6, -35.3191
14.2813, 9.6, -35.7681
15.2337, 9.6, -36.2008
16.1861, 9.6, -36.6562
17.1386, 9.6, -37.154
18.091, 9.6, -37.5112
19.0434, 9.6, -37.714
19.9959, 9.6, -38.029
20.9483, 9.6, -38.834
21.9007, 9.6, -39.6811
22.8532, 9.6, -40.4104
23.8056, 9.6, -40.9816
24.758, 9.6, -41.5264
25.7105, 9.6, -42.055
26.6629, 9.6, -42.5371
27.6153, 9.6, -42.9327
28.5677, 9.6, -43.3666
29.5202, 9.6, -45.6462
30.4726, 9.6, -45.8631
31.425, 9.6, -44.15
32.3775, 9.6, -44.3361
33.3299, 9.6, -44.6009
34.2823, 9.6, -44.7959
35.2348, 9.6, -44.8989
36.1872, 9.6, -44.8928
37.1396, 9.6, -44.7405
38.092, 9.6, -44.3427
39.0445, 9.6, -43.2771
39.9969, 9.6, -39.243
40.9493, 9.6, -43.0199
41.9018, 9.6, -43.9526
42.8542, 9.6, -44.1136
43.8066, 9.6, -44.0023
44.7591, 9.6, -43.7548
45.7115, 9.6, -43.436
46.6639, 9.6, -43.087
47.6163, 9.6, -42.7369
48.5688, 9.6, -42.3816
49.5212, 9.6, -41.244
50.4736, 9.6, -41.5066
51.4261, 9.6, -42.0136
52.3785, 9.6, -41.3982
53.3309, 9.6, -40.6733
54.2834, 9.6, -39.9959
55.2358, 9.6, -39.4718
56.1882, 9.6, -39.2212
57.1406, 9.6, -39.426
58.0931, 9.6, -40.4253
59.0455, 9.6, -43.1903
59.9979, 9.6, -55.209
60.9504, 9.6, -43.445
61.9028, 9.6, -39.884
62.8552, 9.6, -38.399
63.8077, 9.6, -37.8118
64.7601, 9.6, -37.7097
65.7125, 9.6, -37.8789
66.6649, 9.6, -38.2169
67.6174, 9.6, -38.8048
68.5698, 9.6, -40.6631
69.5222, 9.6, -54.2551
70.4747, 9.6, -53.2458
71.4271, 9.6, -38.1427
72.3795, 9.6, -35.0221
73.332, 9.6, -33.2496
74.2844, 9.6, -31.6996
75.2368, 9.6, -30.2046
76.1892, 9.6, -28.7662
77.1417, 9.6, -27.4468
78.0941, 9.6, -26.3766
79.0465, 9.6, -25.8927
79.999, 9.6, -25.1363
80.9514, 9.6, -27.1858
81.9038, 9.6, -29.2388
82.8563, 9.6, -31.5265
83.8087, 9.6, -33.9721
84.7611, 9.6, -36.5831
85.7135, 9.6, -39.4064
86.666, 9.6, -42.5416
87.6184, 9.6, -46.2068
88.5708, 9.6, -51.0519
89.5233, 9.6, -60.7087
90.4757, 9.6, -65.4123
91.4281, 9.6, -63.5859
92.3806, 9.6, -66.9722
93.333, 9.6, -71.7118
94.2854, 9.6, -77.0135
95.2378, 9.6, -82.5742
96.1903, 9.6, -88.2319
97.1427, 9.6, -93.9188
98.0951, 9.6, -99.8448
99.04757, 9.6, -108.7484
13.3182, 10.4, -37.5571
14.2604, 10.4, -38.1586
15.2026, 10.4, -38.6995
16.1448, 10.4, -39.0321
17.087, 10.4, -39.1833
18.0292, 10.4, -39.3099
18.9714, 10.4, -39.4164
19.9135, 10.4, -39.7047
20.8557, 10.4, -40.3086
21.7979, 10.4, -41.2893
22.7401, 10.4, -42.2807
23.6823, 10.4, -43.1059
24.6245, 10.4, -43.8155
25.5667, 10.4, -44.4455
26.5089, 10.4, -45.0002
27.4511, 10.4, -45.408
28.3933, 10.4, -45.4283
29.3355, 10.4, -45.0225
30.2777, 10.4, -45.5836
31.2199, 10.4, -46.182
32.1621, 10.4, -47.1984
33.1043, 10.4, -47.7319
34.0465, 10.4, -47.9939
34.9886, 10.4, -48.1593
35.9308, 10.4, -48.2613
36.873, 10.4, -48.2611
37.8152, 10.4, -47.9656
38.7574, 10.4, -47.0606
39.6996, 10.4, -45.4252
40.6418, 10.4, -46.132
41.584, 10.4, -47.3395
42.5262, 10.4, -47.5805
43.4684, 10.4, -47.3919
44.4106, 10.4, -47.0771
45.3528, 10.4, -46.7032
46.295, 10.4, -46.286
47.2372, 10.4, -45.8905
48.1794, 10.4, -45.8488
49.1215, 10.4, -46.5152
50.0637, 10.4, -46.805
51.0059, 10.4, -45.656
51.9481, 10.4, -44.0173
52.8903, 10.4, -42.9398
53.8325, 10.4, -42.1833
54.7747, 10.4, -41.4922
55.7169, 10.4, -40.8532
56.6591, 10.4, -40.3338
57.6013, 10.4, -40.0771
58.5435, 10.4, -40.1169
59.4857, 10.4, -41.0262
60.4279, 10.4, -41.1452
61.3701, 10.4, -39.3803
62.3123, 10.4, -39.0788
63.2545, 10.4, -38.9941
64.1966, 10.4, -39.0793
65.1388, 10.4, -39.3018
66.081, 10.4, -39.6459
67.0232, 10.4, -40.049
67.9654, 10.4, -40.2133
68.9076, 10.4, -40.2137
69.8498, 10.4, -43.6548
70.792, 10.4, -39.5691
71.7342, 10.4, -38.2536
72.6764, 10.4, -37.1678
73.6186, 10.4, -35.8556
74.5608, 10.4, -34.5534
75.503, 10.4, -33.2846
76.4452, 10.4, -32.0124
77.3874, 10.4, -30.7696
78.3296, 10.4, -29.9113
79.2717, 10.4, -29.7887
80.2139, 10.4, -30.2271
81.1561, 10.4, -32.4444
82.0983, 10.4, -34.5213
83.0405, 10.4, -37.0593
83.9827, 10.4, -39.8437
84.9249, 10.4, -42.7241
85.8671, 10.4, -45.7872
86.8093, 10.4, -49.2117
87.7515, 10.4, -53.2909
88.6937, 10.4, -58.6487
89.6359, 10.4, -66.5434
90.5781, 10.4, -69.1451
91.5203, 10.4, -70.3009
92.4624, 10.4, -74.17
93.4046, 10.4, -79.0357
94.3468, 10.4, -84.3422
95.289, 10.4, -89.8687
96.2312, 10.4, -95.4061
97.17342, 10.4, -100.6347
98.11562, 10.4, -104.7704
99.05781, 10.4, -107.0143
14.26, 11.2, -39.9838
15.1919, 11.2, -40.7396
16.1239, 11.2, -41.3857
17.0558, 11.2, -41.7096
17.9878, 11.2, -41.5776
18.9197, 11.2, -41.5358
19.8517, 11.2, -41.5266
20.7837, 11.2, -42.1673
21.7156, 11.2, -43.3032
22.6476, 11.2, -44.3219
23.5795, 11.2, -45.2603
24.5115, 11.2, -46.0759
25.4434, 11.2, -46.7891
26.3754, 11.2, -47.4183
27.3074, 11.2, -47.945
28.2393, 11.2, -48.2098
29.1713, 11.2, -47.0177
30.1032, 11.2, -42.4913
31.0352, 11.2, -48.5428
31.9671, 11.2, -50.1636
32.8991, 11.2, -50.7024
33.8311, 11.2, -51.0015
34.763, 11.2, -51.2153
35.695, 11.2, -51.3939
36.6269, 11.2, -51.5382
37.5589, 11.2, -51.6132
38.4908, 11.2, -51.4661
39.4228, 11.2, -51.0956
40.3548, 11.2, -51.514
41.2867, 11.2, -51.345
42.2187, 11.2, -51.2532
43.1506, 11.2, -50.9456
44.0826, 11.2, -50.6003
45.0145, 11.2, -50.2369
45.9465, 11.2, -49.8459
46.8785, 11.2, -49.4387
47.8104, 11.2, -49.0922
48.7424, 11.2, -49.3536
49.6743, 11.2, -52.4573
50.6063, 11.2, -49.8909
51.5382, 11.2, -46.7542
52.4702, 11.2, -45.549
53.4021, 11.2, -44.7145
54.3341, 11.2, -43.8881
55.2661, 11.2, -42.9803
56.198, 11.2, -41.9539
57.13, 11.2, -40.725
58.0619, 11.2, -39.2073
58.9939, 11.2, -37.1405
59.9258, 11.2, -28.3237
60.8578, 11.2, -35.3007
61.7898, 11.2, -37.7611
62.7217, 11.2, -38.9282
63.6537, 11.2, -39.6008
64.5856, 11.2, -40.024
65.5176, 11.2, -40.384
66.4495, 11.2, -40.7642
67.3815, 11.2, -41.1258
68.3135, 11.2, -40.8287
69.2454, 11.2, -34.2798
70.1774, 11.2, -16.4634
71.1093, 11.2, -38.0642
72.0413, 11.2, -40.0576
72.9732, 11.2, -39.3169
73.9052, 11.2, -38.3586
74.8372, 11.2, -37.4493
75.7691, 11.2, -36.5407
76.7011, 11.2, -35.546
77.633, 11.2, -34.3712
78.565, 11.2, -33.1294
79.4969, 11.2, -32.7005
80.4289, 11.2, -34.543
81.3609, 11.2, -36.8298
82.2928, 11.2, -39.8258
83.2248, 11.2, -42.8822
84.1567, 11.2, -45.8207
85.0887, 11.2, -48.765
86.0206, 11.2, -51.8719
86.9526, 11.2, -55.353
87.8846, 11.2, -59.4461
88.8165, 11.2, -64.1446
89.7485, 11.2, -65.4765
90.6804, 11.2, -70.9077
91.6124, 11.2, -76.0614
92.5443, 11.2, -80.5281
93.4763, 11.2, -85.5688
94.4083, 11.2, -91.0053
95.3402, 11.2, -96.598
96.27217, 11.2, -102.0909
97.20413, 11.2, -107.0664
98.13609, 11.2, -110.5758
99.06805, 11.2, -108.342
15.2017, 12, -42.3383
16.1234, 12, -43.3014
17.0452, 12, -44.1332
17.9669, 12, -44.442
18.8886, 12, -43.943
19.8103, 12, -43.4868
20.732, 12, -44.3858
21.6538, 12, -45.634
22.5755, 12, -46.7555
23.4972, 12, -47.7043
24.4189, 12, -48.5276
25.3406, 12, -49.2615
26.2624, 12, -49.9391
27.1841, 12, -50.5424
28.1058, 12, -50.9816
29.0275, 12, -50.5945
29.9492, 12, -46.0569
30.871, 12, -51.5313
31.7927, 12, -53.109
32.7144, 12, -53.5899
33.6361, 12, -53.872
34.5578, 12, -54.0991
35.4796, 12, -54.3372
36.4013, 12, -54.6076
37.323, 12, -54.9394
38.2447, 12, -55.4644
39.1665, 12, -56.5722
40.0882, 12, -57.3982
41.0099, 12, -56.4007
41.9316, 12, -55.1907
42.8533, 12, -54.6245
43.7751, 12, -54.246
44.6968, 12, -53.9104
45.6185, 12, -53.6024
46.5402, 12, -53.2868
47.4619, 12, -52.8881
48.3837, 12, -52.4841
49.3054, 12, -52.9847
50.2271, 12, -54.5324
51.1488, 12, -49.6932
52.0705, 12, -48.6039
52.9923, 12, -47.7183
53.914, 12, -46.7154
54.8357, 12, -45.5369
55.7574, 12, -44.2361
56.6791, 12, -42.6628
57.6009, 12, -40.5075
58.5226, 12, -37.0574
59.4443, 12, -30.1304
60.366, 12, -26.7002
61.2877, 12, -34.3157
62.2095, 12, -37.8309
63.1312, 12, -39.3293
64.0529, 12, -40.0736
64.9746, 12, -40.4992
65.8963, 12, -40.8478
66.8181, 12, -41.1091
67.7398, 12, -41.0265
68.6615, 12, -38.7036
69.5832, 12, -23.9989
70.5049, 12, -27.0321
71.4267, 12, -39.4927
72.3484, 12, -41.1934
73.2701, 12, -41.1223
74.1918, 12, -40.8024
75.1135, 12, -40.4403
76.0353, 12, -40.0104
76.957, 12, -39.3389
77.8787, 12, -38.1851
78.8004, 12, -36.1541
79.7222, 12, -35.6627
80.6439, 12, -37.7171
81.5656, 12, -41.8344
82.4873, 12, -45.6586
83.409, 12, -48.847
84.3307, 12, -51.7482
85.2525, 12, -54.5771
86.1742, 12, -57.477
87.0959, 12, -60.6381
88.0176, 12, -64.0997
88.9394, 12, -66.8667
89.8611, 12, -66.8157
90.7828, 12, -73.5875
91.7045, 12, -80.4038
92.6262, 12, -85.8238
93.548, 12, -91.3387
94.4697, 12, -97.1148
95.3914, 12, -102.8894
96.31312, 12, -108.4131
97.23484, 12, -113.3717
98.15656, 12, -116.6597
99.07828, 12, -113.7131
16.1435, 12.8, -44.7529
17.055, 12.8, -46.0015
17.9665, 12.8, -47.0607
18.8779, 12.8, -46.9727
19.7894, 12.8, -46.0742
20.7009, 12.8, -47.0136
21.6124, 12.8, -48.3722
22.5239, 12.8, -49.4888
23.4354, 12.8, -50.3175
24.3468, 12.8, -50.9961
25.2583, 12.8, -51.6632
26.1698, 12.8, -52.363
27.0813, 12.8, -53.0849
27.9928, 12.8, -53.7259
28.9043, 12.8, -54.2056
29.8157, 12.8, -55.8275
30.7272, 12.8, -55.6442
31.6387, 12.8, -56.0721
32.5502, 12.8, -56.3669
33.4617, 12.8, -56.5223
34.3732, 12.8, -56.7366
35.2846, 12.8, -57.0441
36.1961, 12.8, -57.4554
37.1076, 12.8, -58.0164
38.0191, 12.8, -58.9139
38.9306, 12.8, -60.5098
39.8421, 12.8, -62.7806
40.7535, 12.8, -61.2906
41.665, 12.8, -59.4065
42.5765, 12.8, -58.3818
43.488, 12.8, -57.7443
44.3995, 12.8, -57.291
45.311, 12.8, -56.9684
46.2225, 12.8, -56.7777
47.1339, 12.8, -56.7041
48.0454, 12.8, -56.5329
48.9569, 12.8, -55.582
49.8684, 12.8, -53.1839
50.7799, 12.8, -52.6409
51.6914, 12.8, -52.0863
52.6028, 12.8, -50.9554
53.5143, 12.8, -49.3551
54.4258, 12.8, -47.722
55.3373, 12.8, -46.1314
56.2488, 12.8, -44.5283
57.1603, 12.8, -42.6703
58.0717, 12.8, -39.6678
58.9832, 12.8, -34.2103
59.8947, 12.8, -28.898
60.8062, 12.8, -31.1835
61.7177, 12.8, -35.8592
62.6292, 12.8, -38.2725
63.5406, 12.8, -39.1331
64.4521, 12.8, -39.5456
65.3636, 12.8, -39.8625
66.2751, 12.8, -40.1379
67.1866, 12.8, -40.1647
68.0981, 12.8, -39.1293
69.0096, 12.8, -37.0413
69.921, 12.8, -39.6156
70.8325, 12.8, -37.5132
71.744, 12.8, -40.1125
72.6555, 12.8, -41.8528
73.567, 12.8, -42.5056
74.4785, 12.8, -42.8682
75.3899, 12.8, -43.1606
76.3014, 12.8, -43.3466
77.2129, 12.8, -43.2375
78.1244, 12.8, -42.3636
79.0359, 12.8, -40.2616
79.9474, 12.8, -37.7398
80.8588, 12.8, -42.9157
81.7703, 12.8, -48.0056
82.6818, 12.8, -51.7506
83.5933, 12.8, -54.8415
84.5048, 12.8, -57.6521
85.4163, 12.8, -60.2973
86.3277, 12.8, -62.7909
87.2392, 12.8, -65.0663
88.1507, 12.8, -67.0508
89.0622, 12.8, -69.2839
89.9737, 12.8, -72.6026
90.8852, 12.8, -77.3459
91.7966, 12.8, -83.6374
92.7081, 12.8, -90.5478
93.6196, 12.8, -97.3012
94.5311, 12.8, -103.7491
95.44258, 12.8, -109.828
96.35406, 12.8, -115.3645
97.26555, 12.8, -120.0166
98.17703, 12.8, -123.2146
99.08852, 12.8, -124.6467
17.0852, 13.6, -47.2998
17.9865, 13.6, -48.9711
18.8877, 13.6, -50.3017
19.789, 13.6, -49.159
20.6902, 13.6, -50.2727
21.5915, 13.6, -51.5616
22.4927, 13.6, -52.174
23.394, 13.6, -52.6069
24.2952, 13.6, -53.0898
25.1965, 13.6, -53.663
26.0977, 13.6, -54.3463
26.999, 13.6, -55.1712
27.9002, 13.6, -56.2159
28.8015, 13.6, -57.7846
29.7027, 13.6, -62.5528
30.604, 13.6, -61.1532
31.5052, 13.6, -59.1446
32.4065, 13.6, -58.7928
33.3077, 13.6, -58.8259
34.2089, 13.6, -59.0681
35.1102, 13.6, -59.4702
36.0114, 13.6, -60.0272
36.9127, 13.6, -60.7673
37.8139, 13.6, -61.7658
38.7152, 13.6, -63.2266
39.6164, 13.6, -66.0378
40.5177, 13.6, -65.1452
41.4189, 13.6, -63.0467
42.3202, 13.6, -61.8756
43.2214, 13.6, -61.0077
44.1227, 13.6, -60.352
45.0239, 13.6, -59.8883
45.9252, 13.6, -59.6251
46.8264, 13.6, -59.5824
47.7277, 13.6, -59.7431
48.6289, 13.6, -59.6928
49.5302, 13.6, -55.9179
50.4314, 13.6, -54.2325
51.3326, 13.6, -55.9493
52.2339, 13.6, -53.8463
53.1351, 13.6, -51.4866
54.0364, 13.6, -49.3088
54.9376, 13.6, -47.3079
55.8389, 13.6, -45.4282
56.7401, 13.6, -43.6007
57.6414, 13.6, -41.7175
58.5426, 13.6, -39.47
59.4439, 13.6, -35.9821
60.3451, 13.6, -34.9899
61.2464, 13.6, -36.4596
62.1476, 13.6, -36.9179
63.0489, 13.6, -37.1698
63.9501, 13.6, -37.4186
64.8514, 13.6, -37.6549
65.7526, 13.6, -37.8487
66.6538, 13.6, -37.9854
67.5551, 13.6, -38.138
68.4563, 13.6, -38.8984
69.3576, 13.6, -46.2434
70.2588, 13.6, -56.0339
71.1601, 13.6, -41.6664
72.0613, 13.6, -41.0928
72.9626, 13.6, -42.1836
73.8638, 13.6, -43.4129
74.7651, 13.6, -44.571
75.6663, 13.6, -45.6243
76.5676, 13.6, -46.5632
77.4688, 13.6, -47.3483
78.3701, 13.6, -47.778
79.2713, 13.6, -46.3938
80.1726, 13.6, -41.9309
81.0738, 13.6, -50.9343
81.9751, 13.6, -54.8984
82.8763, 13.6, -58.023
83.7775, 13.6, -60.907
84.6788, 13.6, -63.5835
85.58, 13.6, -65.9931
86.4813, 13.6, -68.0333
87.3825, 13.6, -69.572
88.2838, 13.6, -70.5636
89.185, 13.6, -72.547
90.0863, 13.6, -78.485
90.9875, 13.6, -81.6124
91.8888, 13.6, -88.5571
92.79, 13.6, -96.5412
93.69127, 13.6, -104.1567
94.59251, 13.6, -111.2387
95.49377, 13.6, -117.7182
96.39501, 13.6, -123.5078
97.29626, 13.6, -128.5223
98.1975, 13.6, -132.9834
99.09875, 13.6, -140.9733
18.027, 14.4, -50.2365
18.918, 14.4, -52.7155
19.809, 14.4, -52.9845
20.7, 14.4, -54.1779
21.5911, 14.4, -54.5164
22.4821, 14.4, -54.4092
23.3731, 14.4, -54.5222
24.2641, 14.4, -54.8485
25.1551, 14.4, -55.3396
26.0461, 14.4, -55.987
26.9371, 14.4, -56.8539
27.8281, 14.4, -58.1811
28.7191, 14.4, -60.6177
29.6102, 14.4, -64.929
30.5012, 14.4, -64.987
31.3922, 14.4, -61.9891
32.2832, 14.4, -60.8717
33.1742, 14.4, -60.7568
34.0652, 14.4, -61.0262
34.9562, 14.4, -61.5056
35.8472, 14.4, -62.1725
36.7382, 14.4, -63.0408
37.6292, 14.4, -64.0873
38.5203, 14.4, -65.31
39.4113, 14.4, -66.9287
40.3023, 14.4, -67.6287
41.1933, 14.4, -65.6902
42.0843, 14.4, -64.6699
42.9753, 14.4, -63.726
43.8663, 14.4, -62.8592
44.7573, 14.4, -62.1855
45.6483, 14.4, -61.7536
46.5394, 14.4, -61.5826
47.4304, 14.4, -61.6581
48.3214, 14.4, -61.9114
49.2124, 14.4, -61.9336
50.1034, 14.4, -59.1142
50.9944, 14.4, -59.4078
51.8854, 14.4, -56.3792
52.7764, 14.4, -53.2859
53.6674, 14.4, -50.5395
54.5585, 14.4, -48.1155
55.4495, 14.4, -45.9246
56.3405, 14.4, -43.9263
57.2315, 14.4, -42.2309
58.1225, 14.4, -41.3299
59.0135, 14.4, -42.21
59.9045, 14.4, -41.2016
60.7955, 14.4, -41.4662
61.6865, 14.4, -37.8342
62.5775, 14.4, -36.0032
63.4686, 14.4, -35.493
64.3596, 14.4, -35.5037
65.2506, 14.4, -35.6491
66.1416, 14.4, -35.8491
67.0326, 14.4, -36.3222
67.9236, 14.4, -38.0102
68.8146, 14.4, -43.454
69.7056, 14.4, -55.6305
70.5966, 14.4, -51.2119
71.4877, 14.4, -43.8049
72.3787, 14.4, -42.222
73.2697, 14.4, -43.2405
74.1607, 14.4, -44.8233
75.0517, 14.4, -46.5418
75.9427, 14.4, -48.4157
76.8337, 14.4, -50.496
77.7247, 14.4, -52.5544
78.6157, 14.4, -54.6012
79.5068, 14.4, -54.6586
80.3978, 14.4, -55.085
81.2888, 14.4, -59.4002
82.1798, 14.4, -62.1012
83.0708, 14.4, -64.7256
83.9618, 14.4, -66.9784
84.8528, 14.4, -69.2714
85.7438, 14.4, -71.6467
86.6348, 14.4, -73.8913
87.5258, 14.4, -75.4059
88.4169, 14.4, -76.0069
89.3079, 14.4, -75.9687
90.1989, 14.4, -80.1314
91.0899, 14.4, -87.793
91.9809, 14.4, -96.545
92.87192, 14.4, -104.9477
93.76292, 14.4, -112.5846
94.65394, 14.4, -119.8234
95.54494, 14.4, -126.8689
96.43596, 14.4, -133.7126
97.32697, 14.4, -140.2151
98.21798, 14.4, -147.1857
99.10899, 14.4, -158.0552
18.9688, 15.2, -54.1991
19.8495, 15.2, -57.685
20.7303, 15.2, -57.6557
21.6111, 15.2, -56.5972
22.4919, 15.2, -56.1469
23.3726, 15.2, -56.1373
24.2534, 15.2, -56.4045
25.1342, 15.2, -56.8683
26.015, 15.2, -57.5068
26.8957, 15.2, -58.3784
27.7765, 15.2, -59.6657
28.6573, 15.2, -61.7936
29.5381, 15.2, -64.4598
30.4188, 15.2, -64.949
31.2996, 15.2, -63.4845
32.1804, 15.2, -62.5294
33.0612, 15.2, -62.3626
33.9419, 15.2, -62.5901
34.8227, 15.2, -63.0548
35.7035, 15.2, -63.7203
36.5843, 15.2, -64.6056
37.465, 15.2, -65.7224
38.3458, 15.2, -66.9556
39.2266, 15.2, -67.7258
40.1074, 15.2, -67.0525
40.9881, 15.2, -67.6257
41.8689, 15.2, -66.6695
42.7497, 15.2, -65.4463
43.6305, 15.2, -64.3604
44.5112, 15.2, -63.4799
45.392, 15.2, -62.8489
46.2728, 15.2, -62.4867
47.1535, 15.2, -62.3999
48.0343, 15.2, -62.6817
48.9151, 15.2, -63.7938
49.7959, 15.2, -69.4779
50.6766, 15.2, -63.6616
51.5574, 15.2, -58.3028
52.4382, 15.2, -54.5982
53.319, 15.2, -51.5064
54.1997, 15.2, -48.8157
55.0805, 15.2, -46.4278
55.9613, 15.2, -44.2907
56.8421, 15.2, -42.4732
57.7228, 15.2, -41.3211
58.6036, 15.2, -41.7885
59.4844, 15.2, -46.2676
60.3652, 15.2, -46.971
61.2459, 15.2, -39.6484
62.1267, 15.2, -36.4454
63.0075, 15.2, -35.2146
63.8883, 15.2, -34.8925
64.769, 15.2, -34.9938
65.6498, 15.2, -35.2698
66.5306, 15.2, -35.77
67.4114, 15.2, -36.9854
68.2921, 15.2, -39.5731
69.1729, 15.2, -44.5109
70.0537, 15.2, -44.0056
70.9344, 15.2, -46.1309
71.8152, 15.2, -44.0358
72.696, 15.2, -44.0431
73.5768, 15.2, -45.0474
74.4575, 15.2, -46.6405
75.3383, 15.2, -48.6036
76.2191, 15.2, -51.0721
77.0999, 15.2, -54.3221
77.9806, 15.2, -58.3806
78.8614, 15.2, -62.0239
79.7422, 15.2, -67.8283
80.623, 15.2, -66.8416
81.5037, 15.2, -67.4929
82.3845, 15.2, -68.4235
83.2653, 15.2, -69.3053
84.1461, 15.2, -70.8721
85.0268, 15.2, -73.0564
85.9076, 15.2, -75.7177
86.7884, 15.2, -78.7028
87.6692, 15.2, -81.7091
88.5499, 15.2, -83.1652
89.4307, 15.2, -80.6753
90.3115, 15.2, -81.9576
91.1923, 15.2, -96.7825
92.07303, 15.2, -106.4758
92.9538, 15.2, -113.6584
93.83458, 15.2, -120.7333
94.71535, 15.2, -128.154
95.59613, 15.2, -135.9535
96.47691, 15.2, -144.2784
97.35767, 15.2, -153.5826
98.23845, 15.2, -163.6512
99.11922, 15.2, -172.5641
19.9105, 16, -62.5234
20.7811, 16, -59.1366
21.6516, 16, -57.6865
22.5221, 16, -57.3107
23.3927, 16, -57.3773
24.2632, 16, -57.7012
25.1338, 16, -58.2022
26.0043, 16, -58.8529
26.8748, 16, -59.6541
27.7454, 16, -60.6064
28.6159, 16, -61.5879
29.4865, 16, -62.5299
30.357, 16, -63.0975
31.2275, 16, -63.1436
32.0981, 16, -63.3762
32.9686, 16, -63.4967
33.8391, 16, -63.7398
34.7097, 16, -64.137
35.5802, 16, -64.7036
36.4508, 16, -65.4631
37.3213, 16, -66.4472
38.1918, 16, -67.6476
39.0624, 16, -68.5078
39.9329, 16, -67.0804
40.8034, 16, -68.7257
41.674, 16, -67.757
42.5445, 16, -66.196
43.4151, 16, -64.8572
44.2856, 16, -63.7796
45.1561, 16, -62.9509
46.0267, 16, -62.38
46.8972, 16, -62.1216
47.7677, 16, -62.3321
48.6383, 16, -63.5412
49.5088, 16, -68.3863
50.3794, 16, -68.7806
51.2499, 16, -59.7962
52.1204, 16, -55.2507
52.991, 16, -51.9424
53.8615, 16, -49.1723
54.732, 16, -46.739
55.6026, 16, -44.5699
56.4731, 16, -42.6583
57.3437, 16, -41.0676
58.2142, 16, -40.0297
59.0847, 16, -40.7947
59.9553, 16, -51.0975
60.8258, 16, -38.792
61.6963, 16, -36.0052
62.5669, 16, -35.4116
63.4374, 16, -35.3564
64.308, 16, -35.5772
65.1785, 16, -35.9798
66.049, 16, -36.5157
66.9196, 16, -37.1334
67.7901, 16, -37.6881
68.6606, 16, -37.4201
69.5312, 16, -35.0064
70.4017, 16, -36.0445
71.2723, 16, -41.5969
72.1428, 16, -44.2377
73.0133, 16, -45.5953
73.8839, 16, -46.8259
74.7544, 16, -48.2854
75.6249, 16, -50.2142
76.4955, 16, -52.8805
77.366, 16, -56.6669
78.2366, 16, -62.1783
79.1071, 16, -70.0806
79.9776, 16, -80.7073
80.8482, 16, -75.2947
81.7187, 16, -71.9056
82.5892, 16, -70.5661
83.4598, 16, -70.9357
84.3303, 16, -72.4917
85.2009, 16, -74.9304
86.0714, 16, -78.0806
86.9419, 16, -81.8449
87.8125, 16, -86.1136
88.683, 16, -90.29
89.5536, 16, -88.1635
90.4241, 16, -92.7135
91.29462, 16, -106.4516
92.16516, 16, -113.6928
93.0357, 16, -120.6272
93.90623, 16, -127.9898
94.77677, 16, -135.9363
95.64731, 16, -144.5793
96.51785, 16, -154.0655
97.38839, 16, -164.5633
98.25893, 16, -175.9717
99.12946, 16, -184.8767
20.8523, 16.8, -58.8548
21.7126, 16.8, -57.8225
22.5729, 16.8, -57.7712
23.4332, 16.8, -58.0604
24.2935, 16.8, -58.5258
25.1538, 16.8, -59.1021
26.0141, 16.8, -59.7484
26.8744, 16.8, -60.4102
27.7347, 16.8, -60.9279
28.595, 16.8, -60.904
29.4553, 16.8, -60.2043
30.3156, 16.8, -60.4242
31.1759, 16.8, -62.0929
32.0362, 16.8, -63.3149
32.8965, 16.8, -63.9248
33.7568, 16.8, -64.2788
34.6171, 16.8, -64.6337
35.4774, 16.8, -65.0742
36.3377, 16.8, -65.6468
37.198, 16.8, -66.3833
38.0583, 16.8, -67.2592
38.9186, 16.8, -68.4546
39.7789, 16.8, -69.9052
40.6392, 16.8, -69.5702
41.4995, 16.8, -67.7103
42.3598, 16.8, -66.0592
43.2201, 16.8, -64.5819
44.0804, 16.8, -63.3365
44.9407, 16.8, -62.3285
45.801, 16.8, -61.5688
46.6613, 16.8, -61.1077
47.5216, 16.8, -61.086
48.3819, 16.8, -61.8978
49.2422, 16.8, -64.226
50.1025, 16.8, -65.2788
50.9628, 16.8, -60.0318
51.8231, 16.8, -55.1472
52.6834, 16.8, -51.638
53.5437, 16.8, -48.8533
54.404, 16.8, -46.4513
55.2643, 16.8, -44.2987
56.1246, 16.8, -42.3334
56.9849, 16.8, -40.5193
57.8452, 16.8, -38.8022
58.7055, 16.8, -37.081
59.5658, 16.8, -35.5588
60.4262, 16.8, -33.8859
61.2865, 16.8, -33.3952
62.1468, 16.8, -34.1126
63.0071, 16.8, -34.8953
63.8674, 16.8, -35.618
64.7277, 16.8, -36.3219
65.588, 16.8, -36.9661
66.4483, 16.8, -37.4275
67.3086, 16.8, -37.3654
68.1689, 16.8, -35.6493
69.0292, 16.8, -31.0077
69.8895, 16.8, -26.1047
70.7498, 16.8, -32.4815
71.6101, 16.8, -40.247
72.4704, 16.8, -44.1721
73.3307, 16.8, -45.9044
74.191, 16.8, -47.0442
75.0513, 16.8, -48.2415
75.9116, 16.8, -49.8875
76.7719, 16.8, -52.3889
77.6322, 16.8, -56.3699
78.4925, 16.8, -63.1775
79.3528, 16.8, -75.5353
80.2131, 16.8, -82.4416
81.0734, 16.8, -75.7678
81.9337, 16.8, -70.5718
82.794, 16.8, -69.1034
83.6543, 16.8, -69.7431
84.5146, 16.8, -71.6997
85.3749, 16.8, -74.6192
86.2352, 16.8, -78.3483
87.0955, 16.8, -82.8698
87.9558, 16.8, -88.3126
88.8161, 16.8, -95.0334
89.67638, 16.8, -101.6816
90.53669, 16.8, -107.5732
91.39699, 16.8, -111.7968
92.25729, 16.8, -117.8476
93.11759, 16.8, -124.9989
93.97789, 16.8, -132.8872
94.8382, 16.8, -141.4575
95.69849, 16.8, -150.7351
96.55879, 16.8, -160.798
97.4191, 16.8, -171.695
98.2794, 16.8, -183.1087
99.1397, 16.8, -195.5409
21.7941, 17.6, -57.1499
22.6441, 17.6, -57.5678
23.4942, 17.6, -58.1618
24.3443, 17.6, -58.8331
25.1943, 17.6, -59.5178
26.0444, 17.6, -60.1616
26.8945, 17.6, -60.6798
27.7445, 17.6, -60.9413
28.5946, 17.6, -60.7009
29.4446, 17.6, -59.1383
30.2947, 17.6, -58.352
31.1448, 17.6, -61.6668
31.9948, 17.6, -62.9867
32.8449, 17.6, -63.7157
33.695, 17.6, -64.1802
34.545, 17.6, -64.5128
35.3951, 17.6, -64.8124
36.2452, 17.6, -65.1487
37.0952, 17.6, -65.587
37.9453, 17.6, -66.2726
38.7954, 17.6, -67.5369
39.6454, 17.6, -70.911
40.4955, 17.6, -69.9748
41.3455, 17.6, -66.8369
42.1956, 17.6, -64.945
43.0457, 17.6, -63.4092
43.8957, 17.6, -62.0882
44.7458, 17.6, -60.9502
45.5959, 17.6, -60.0131
46.4459, 17.6, -59.3229
47.296, 17.6, -58.9702
48.1461, 17.6, -59.0819
48.9961, 17.6, -59.4766
49.8462, 17.6, -56.7856
50.6963, 17.6, -56.0337
51.5463, 17.6, -53.4636
52.3964, 17.6, -50.3493
53.2465, 17.6, -47.7108
54.0965, 17.6, -45.4234
54.9466, 17.6, -43.3587
55.7966, 17.6, -41.4223
56.6467, 17.6, -39.5245
57.4968, 17.6, -37.535
58.3468, 17.6, -35.1188
59.1969, 17.6, -30.3764
60.047, 17.6, -17.9359
60.897, 17.6, -28.7118
61.7471, 17.6, -31.6537
62.5972, 17.6, -33.3132
63.4472, 17.6, -34.7382
64.2973, 17.6, -35.9766
65.1474, 17.6, -36.9559
65.9974, 17.6, -37.5722
66.8475, 17.6, -37.5415
67.6975, 17.6, -36.4641
68.5476, 17.6, -33.5394
69.3977, 17.6, -27.2892
70.2477, 17.6, -23.763
71.0978, 17.6, -35.3978
71.9479, 17.6, -40.7722
72.7979, 17.6, -43.381
73.648, 17.6, -44.642
74.4981, 17.6, -45.3092
75.3481, 17.6, -45.9244
76.1982, 17.6, -46.95
77.0483, 17.6, -48.92
77.8983, 17.6, -52.7321
78.7484, 17.6, -59.9848
79.5984, 17.6, -73.4686
80.4485, 17.6, -76.1893
81.2986, 17.6, -67.9428
82.1486, 17.6, -64.5614
82.9987, 17.6, -64.1924
83.8488, 17.6, -65.6325
84.6988, 17.6, -68.2704
85.5489, 17.6, -71.8143
86.399, 17.6, -76.1633
87.249, 17.6, -81.3946
88.0991, 17.6, -87.8923
88.9492, 17.6, -97.0685
89.79922, 17.6, -117.6577
90.64929, 17.6, -113.5162
91.49935, 17.6, -113.5164
92.34942, 17.6, -119.1124
93.19949, 17.6, -126.5719
94.04955, 17.6, -135.0218
94.89961, 17.6, -144.1219
95.74968, 17.6, -153.8006
96.59974, 17.6, -164.04
97.44981, 17.6, -175.0057
98.29987, 17.6, -187.2306
99.14993, 17.6, -202.8355
22.7358, 18.4, -56.975
23.5757, 18.4, -57.9506
24.4155, 18.4, -58.867
25.2553, 18.4, -59.7126
26.0951, 18.4, -60.459
26.935, 18.4, -61.0523
27.7748, 18.4, -61.3861
28.6146, 18.4, -61.2121
29.4545, 18.4, -59.6883
30.2943, 18.4, -59.1113
31.1341, 18.4, -62.0358
31.9739, 18.4, -63.1233
32.8138, 18.4, -63.6319
33.6536, 18.4, -63.8911
34.4934, 18.4, -64.0349
35.3332, 18.4, -64.1405
36.1731, 18.4, -64.2705
37.0129, 18.4, -64.4996
37.8527, 18.4, -64.9568
38.6926, 18.4, -65.9699
39.5324, 18.4, -68.6202
40.3722, 18.4, -68.8338
41.212, 18.4, -65.031
42.0519, 18.4, -62.9771
42.8917, 18.4, -61.3617
43.7315, 18.4, -59.9549
44.5714, 18.4, -58.7014
45.4112, 18.4, -57.593
46.251, 18.4, -56.6436
47.0908, 18.4, -55.8733
47.9307, 18.4, -55.2349
48.7705, 18.4, -54.0797
49.6103, 18.4, -51.52
50.4501, 18.4, -49.5723
51.29, 18.4, -49.0634
52.1298, 18.4, -47.5133
52.9696, 18.4, -45.4687
53.8095, 18.4, -43.515
54.6493, 18.4, -41.6745
55.4891, 18.4, -39.894
56.3289, 18.4, -38.0934
57.1688, 18.4, -36.1291
58.0086, 18.4, -33.6207
58.8484, 18.4, -29.0696
59.6883, 18.4, -19.2727
60.5281, 18.4, -21.657
61.3679, 18.4, -28.628
62.2077, 18.4, -31.8653
63.0476, 18.4, -33.9407
63.8874, 18.4, -35.6467
64.7272, 18.4, -37.0906
65.5671, 18.4, -38.2296
66.4069, 18.4, -38.939
67.2467, 18.4, -38.9936
68.0865, 18.4, -38.0158
68.9264, 18.4, -35.4619
69.7662, 18.4, -28.1258
70.606, 18.4, -34.4024
71.4458, 18.4, -39.8063
72.2857, 18.4, -41.8425
73.1255, 18.4, -42.3996
73.9653, 18.4, -42.1672
74.8052, 18.4, -41.6325
75.645, 18.4, -41.1715
76.4848, 18.4, -41.1598
77.3246, 18.4, -42.0775
78.1645, 18.4, -44.5994
79.0043, 18.4, -49.6148
79.8441, 18.4, -62.9155
80.684, 18.4, -57.8354
81.5238, 18.4, -54.4337
82.3636, 18.4, -54.1423
83.2034, 18.4, -55.5327
84.0433, 18.4, -58.1646
84.8831, 18.4, -61.6975
85.7229, 18.4, -65.9638
86.5628, 18.4, -70.9423
87.4026, 18.4, -76.7949
88.2424, 18.4, -84.0963
89.0822, 18.4, -95.0806
89.92207, 18.4, -114.4148
90.76189, 18.4, -110.3904
91.60172, 18.4, -111.5973
92.44155, 18.4, -117.6526
93.28138, 18.4, -125.5578
94.1212, 18.4, -134.4125
94.96103, 18.4, -143.8964
95.80086, 18.4, -153.9044
96.64069, 18.4, -164.4717
97.48051, 18.4, -175.8181
98.32034, 18.4, -188.6429
99.16017, 18.4, -205.4006
23.6776, 19.2, -57.526
24.5072, 19.2, -58.994
25.3368, 19.2, -60.1861
26.1664, 19.2, -61.1689
26.996, 19.2, -61.9973
27.8255, 19.2, -62.6003
28.6551, 19.2, -62.7834
29.4847, 19.2, -62.3048
30.3143, 19.2, -62.611
31.1439, 19.2, -63.4151
31.9735, 19.2, -63.8597
32.8031, 19.2, -63.9232
33.6327, 19.2, -63.8259
34.4623, 19.2, -63.6543
35.2919, 19.2, -63.4582
36.1215, 19.2, -63.2789
36.9511, 19.2, -63.1666
37.7806, 19.2, -63.207
38.6102, 19.2, -63.5833
39.4398, 19.2, -64.626
40.2694, 19.2, -64.2941
41.099, 19.2, -61.9953
41.9286, 19.2, -59.9551
42.7582, 19.2, -58.3528
43.5878, 19.2, -56.9042
44.4174, 19.2, -55.5406
45.247, 19.2, -54.248
46.0766, 19.2, -53.0163
46.9062, 19.2, -51.8143
47.7357, 19.2, -50.5012
48.5653, 19.2, -48.9597
49.3949, 19.2, -47.0064
50.2245, 19.2, -45.2948
51.0541, 19.2, -44.0497
51.8837, 19.2, -43.1297
52.7133, 19.2, -42.0265
53.5429, 19.2, -40.6961
54.3725, 19.2, -39.2896
55.2021, 19.2, -37.8534
56.0317, 19.2, -36.3533
56.8612, 19.2, -34.6852
57.6908, 19.2, -32.5686
58.5204, 19.2, -29.611
59.35, 19.2, -25.0916
60.1796, 19.2, -23.5432
61.0092, 19.2, -27.2303
61.8388, 19.2, -31.2897
62.6684, 19.2, -34.1973
63.498, 19.2, -36.5177
64.3276, 19.2, -38.5466
65.1572, 19.2, -40.3612
65.9868, 19.2, -41.9412
66.8163, 19.2, -43.216
67.6459, 19.2, -44.0951
68.4755, 19.2, -44.2915
69.3051, 19.2, -43.1069
70.1347, 19.2, -43.7413
70.9643, 19.2, -44.0834
71.7939, 19.2, -44.0727
72.6235, 19.2, -42.6781
73.4531, 19.2, -40.7041
74.2827, 19.2, -38.4308
75.1123, 19.2, -36.0688
75.9418, 19.2, -33.8132
76.7714, 19.2, -31.863
77.601, 19.2, -30.4005
78.4306, 19.2, -29.9016
79.2602, 19.2, -31.6981
80.0898, 19.2, -32.3855
80.9194, 19.2, -35.0129
81.749, 19.2, -36.1729
82.5786, 19.2, -39.0216
83.4082, 19.2, -42.5958
84.2378, 19.2, -46.6987
85.0674, 19.2, -51.2744
85.8969, 19.2, -56.2835
86.7265, 19.2, -61.7573
87.5561, 19.2, -67.8557
88.3857, 19.2, -75.1572
89.2153, 19.2, -85.0114
90.0449, 19.2, -92.1667
90.8745, 19.2, -99.5419
91.70409, 19.2, -104.8652
92.53368, 19.2, -112.5592
93.36327, 19.2, -121.4233
94.19286, 19.2, -130.937
95.02245, 19.2, -140.8868
95.85204, 19.2, -151.2082
96.68163, 19.2, -161.941
97.51122, 19.2, -173.2764
98.34082, 19.2, -185.6948
99.17041, 19.2, -200.2519
