100.0, 0.0, -4.05346600283e-40
0.0, 0.0, -5.76729045846e-38
-20.0, 0.0, 0.0
-20.0, -20.0, 200.0
100.0, -20.0, 200.0
100.0, 20.0, -200.0
23.7999992, 20.0, -37.3604011536
98.9247284, 0.0, 0.391528517008
97.8494644, 0.0, 0.776697695255
96.7741928, 0.0, 1.14969611168
95.6989212, 0.0, 1.50514388084
94.6236572, 0.0, 1.83842658997
93.5483856, 0.0, 2.14605760574
92.4731216, 0.0, 2.42601060867
91.39785, 0.0, 2.67791509628
90.3225784, 0.0, 2.90277981758
89.2473145, 0.0, 3.10237407684
88.1720428, 0.0, 3.27870678902
87.0967712, 0.0, 3.43382143974
86.0215073, 0.0, 3.56977891922
84.9462357, 0.0, 3.68863177299
83.8709641, 0.0, 3.79236030579
82.7957001, 0.0, 3.88282036781
81.7204285, 0.0, 3.96171212196
80.6451645, 0.0, 4.03056144714
79.5698929, 0.0, 4.09072160721
78.4946213, 0.0, 4.14337730408
77.4193573, 0.0, 4.18956041336
76.3440857, 0.0, 4.2301659584
75.2688141, 0.0, 4.26596641541
74.1935501, 0.0, 4.29762649536
73.1182785, 0.0, 4.325715065
72.0430145, 0.0, 4.35072135925
70.9677429, 0.0, 4.37306547165
69.8924713, 0.0, 4.39310836792
68.8172073, 0.0, 4.41116142273
67.7419357, 0.0, 4.42749261856
66.6666641, 0.0, 4.4423327446
65.5914001, 0.0, 4.45588254929
64.5161285, 0.0, 4.46831703186
63.4408607, 0.0, 4.47979021072
62.365593, 0.0, 4.49043655396
61.2903214, 0.0, 4.50037717819
60.2150536, 0.0, 4.50971984863
59.1397858, 0.0, 4.51856231689
58.064518, 0.0, 4.5269947052
56.9892464, 0.0, 4.53509950638
55.9139786, 0.0, 4.54295539856
54.8387108, 0.0, 4.55063581467
53.7634392, 0.0, 4.55821228027
52.6881714, 0.0, 4.56575536728
51.6129036, 0.0, 4.57333421707
50.5376358, 0.0, 4.58101940155
49.4623642, 0.0, 4.5888838768
48.3870964, 0.0, 4.59700250626
47.3118286, 0.0, 4.60545396805
46.2365608, 0.0, 4.61432266235
45.1612892, 0.0, 4.62369966507
44.0860214, 0.0, 4.63368272781
43.0107536, 0.0, 4.64438009262
41.935482, 0.0, 4.65590953827
40.8602142, 0.0, 4.66840219498
39.7849464, 0.0, 4.68200445175
38.7096786, 0.0, 4.6968793869
37.634407, 0.0, 4.7132101059
36.5591393, 0.0, 4.73120117188
35.4838715, 0.0, 4.75108528137
34.4086037, 0.0, 4.77312707901
33.3333321, 0.0, 4.79762840271
32.2580643, 0.0, 4.82493162155
31.1827965, 0.0, 4.85543012619
30.1075268, 0.0, 4.88957214355
29.032259, 0.0, 4.92787742615
27.9569893, 0.0, 4.97094774246
26.8817196, 0.0, 5.01949167252
25.8064518, 0.0, 5.07435321808
24.7311821, 0.0, 5.13655471802
23.6559143, 0.0, 5.20735740662
22.5806446, 0.0, 5.28835773468
21.5053768, 0.0, 5.38161993027
20.4301071, 0.0, 5.48989486694
19.3548393, 0.0, 5.61696767807
18.2795696, 0.0, 5.76822662354
17.2043018, 0.0, 5.95158624649
16.1290321, 0.0, 6.1790394783
15.0537634, 0.0, 6.46937704086
13.9784946, 0.0, 6.85345935822
12.9032259, 0.0, 7.38603115082
11.8279572, 0.0, 8.17446231842
10.7526884, 0.0, 9.43564414978
9.67741966, 0.0, 10.9533309937
8.60215092, 0.0, 12.7405872345
7.52688169, 0.0, 14.9318723679
6.45161295, 0.0, 17.4244556427
5.3763442, 0.0, 19.928560257
4.30107546, 0.0, 22.0052108765
3.22580647, 0.0, 23.0848121643
2.15053773, 0.0, 22.3111495972
1.07526886, 0.0, 17.7611865997
-1.05263162, 0.0, -1.6537453254e-38
-2.10526323, 0.0, -1.54529281166e-38
-3.15789485, 0.0, -1.48726364096e-38
-4.21052647, 0.0, -1.45166715672e-38
-5.26315784, 0.0, -1.42769668532e-38
-6.3157897, 0.0, -1.41047402654e-38
-7.36842108, 0.0, -1.39747698328e-38
-8.42105293, 0.0, -1.387272868e-38
-9.47368431, 0.0, -1.3789955381e-38
-10.5263157, 0.0, -1.37208839784e-38
-11.5789471, 0.0, -1.36618010312e-38
-12.6315794, 0.0, -1.36100777036e-38
-13.6842108, 0.0, -1.35638726893e-38
-14.7368422, 0.0, -1.35217748809e-38
-15.7894735, 0.0, -1.34827108836e-38
-16.8421059, 0.0, -1.34457600444e-38
-17.8947372, 0.0, -1.34102119049e-38
-18.9473686, 0.0, -1.33753405926e-38
-20.0, -1.0, 10.0
-20.0, -2.0, 20.0
-20.0, -3.0, 30.0
-20.0, -4.0, 40.0
-20.0, -5.0, 50.0
-20.0, -6.0, 60.0
-20.0, -7.0, 70.0
-20.0, -8.0, 80.0
-20.0, -9.0, 90.0
-20.0, -10.0, 100.0
-20.0, -11.0, 110.0
-20.0, -12.0, 120.0
-20.0, -13.0, 130.0
-20.0, -14.0, 140.0
-20.0, -15.0, 150.0
-20.0, -16.0, 160.0
-20.0, -17.0, 170.0
-20.0, -18.0, 180.0
-20.0, -19.0, 190.0
-18.9285717, -20.0, 200.258300781
-17.8571434, -20.0, 200.517562866
-16.7857151, -20.0, 200.778747559
-15.7142859, -20.0, 201.042831421
-14.6428576, -20.0, 201.310653687
-13.5714283, -20.0, 201.582885742
-12.5, -20.0, 201.860076904
-11.4285717, -20.0, 202.14251709
-10.3571424, -20.0, 202.430221558
-9.28571415, -20.0, 202.722885132
-8.21428585, -20.0, 203.019836426
-7.14285707, -20.0, 203.320022583
-6.07142878, -20.0, 203.621948242
-5.0, -20.0, 203.923706055
-3.92857146, -20.0, 204.222946167
-2.85714293, -20.0, 204.516983032
-1.78571427, -20.0, 204.802871704
-0.714285731, -20.0, 205.077453613
0.357142866, -20.0, 205.337554932
1.42857146, -20.0, 205.580123901
2.5, -20.0, 205.802368164
3.57142854, -20.0, 206.00189209
4.64285707, -20.0, 206.176818848
5.71428585, -20.0, 206.325942993
6.78571415, -20.0, 206.448669434
7.85714293, -20.0, 206.545089722
8.9285717, -20.0, 206.615921021
10.0, -20.0, 206.66242981
11.0714283, -20.0, 206.686325073
12.1428576, -20.0, 206.689712524
13.2142859, -20.0, 206.674835205
14.2857141, -20.0, 206.644119263
15.3571424, -20.0, 206.599960327
16.4285717, -20.0, 206.544723511
17.5, -20.0, 206.480575562
18.5714283, -20.0, 206.409561157
19.6428566, -20.0, 206.333480835
20.7142849, -20.0, 206.253952026
21.7857151, -20.0, 206.172317505
22.8571434, -20.0, 206.089752197
23.9285717, -20.0, 206.007202148
25.0, -20.0, 205.925460815
26.0714283, -20.0, 205.845123291
27.1428566, -20.0, 205.766677856
28.2142849, -20.0, 205.690460205
29.2857151, -20.0, 205.616729736
30.3571434, -20.0, 205.545639038
31.4285717, -20.0, 205.477294922
32.5, -20.0, 205.411697388
33.5714302, -20.0, 205.348846436
34.6428566, -20.0, 205.288696289
35.7142868, -20.0, 205.231140137
36.7857132, -20.0, 205.176086426
37.8571434, -20.0, 205.123397827
38.9285698, -20.0, 205.072937012
40.0, -20.0, 205.024551392
41.0714302, -20.0, 204.97807312
42.1428566, -20.0, 204.933319092
43.2142868, -20.0, 204.890151978
44.2857132, -20.0, 204.848388672
45.3571434, -20.0, 204.807846069
46.4285698, -20.0, 204.768341064
47.5, -20.0, 204.729705811
48.5714302, -20.0, 204.691757202
49.6428566, -20.0, 204.654327393
50.7142868, -20.0, 204.617218018
51.7857132, -20.0, 204.58026123
52.8571434, -20.0, 204.543258667
53.9285698, -20.0, 204.506057739
55.0, -20.0, 204.468444824
56.0714302, -20.0, 204.430236816
57.1428566, -20.0, 204.39125061
58.2142868, -20.0, 204.351287842
59.2857132, -20.0, 204.310150146
60.3571434, -20.0, 204.267623901
61.4285698, -20.0, 204.223526001
62.5, -20.0, 204.177642822
63.5714302, -20.0, 204.129745483
64.6428604, -20.0, 204.079620361
65.7142868, -20.0, 204.027053833
66.7857132, -20.0, 203.971801758
67.8571396, -20.0, 203.913635254
68.9285736, -20.0, 203.852325439
70.0, -20.0, 203.787628174
71.0714264, -20.0, 203.719284058
72.1428604, -20.0, 203.647079468
73.2142868, -20.0, 203.570770264
74.2857132, -20.0, 203.490097046
75.3571396, -20.0, 203.404846191
76.4285736, -20.0, 203.314788818
77.5, -20.0, 203.219696045
78.5714264, -20.0, 203.119384766
79.6428604, -20.0, 203.013656616
80.7142868, -20.0, 202.902374268
81.7857132, -20.0, 202.785369873
82.8571396, -20.0, 202.662567139
83.9285736, -20.0, 202.533889771
85.0, -20.0, 202.399291992
86.0714264, -20.0, 202.25881958
87.1428604, -20.0, 202.112503052
88.2142868, -20.0, 201.960494995
89.2857132, -20.0, 201.802932739
90.3571396, -20.0, 201.640045166
91.4285736, -20.0, 201.472137451
92.5, -20.0, 201.299545288
93.5714264, -20.0, 201.122665405
94.6428604, -20.0, 200.941955566
95.7142868, -20.0, 200.757919312
96.7857132, -20.0, 200.571105957
97.8571396, -20.0, 200.382095337
98.9285736, -20.0, 200.191513062
100.0, -19.0, 190.0
100.0, -18.0, 180.0
100.0, -17.0, 170.0
100.0, -16.0, 160.0
100.0, -15.0, 150.0
100.0, -14.0, 140.0
100.0, -13.0, 130.0
100.0, -12.0, 120.0
100.0, -11.0, 110.0
100.0, -10.0, 100.0
100.0, -9.0, 90.0
100.0, -8.0, 80.0
100.0, -7.0, 70.0
100.0, -6.0, 60.0
100.0, -5.0, 50.0
100.0, -4.0, 40.0
100.0, -3.0, 30.0
100.0, -2.0, 20.0
100.0, -1.0, 10.0
100.0, 0.800000012, -8.0
100.0, 1.60000002, -16.0
100.0, 2.4000001, -24.0
100.0, 3.20000005, -32.0
100.0, 4.0, -40.0
100.0, 4.80000019, -48.0
100.0, 5.5999999, -56.0
100.0, 6.4000001, -64.0
100.0, 7.19999981, -72.0
100.0, 8.0, -80.0
100.0, 8.80000019, -88.0
100.0, 9.60000038, -96.0
100.0, 10.3999996, -104.0
100.0, 11.1999998, -112.0
100.0, 12.0, -120.0
100.0, 12.8000002, -128.0
100.0, 13.6000004, -136.0
100.0, 14.3999996, -144.0
100.0, 15.1999998, -152.0
100.0, 16.0, -160.0
100.0, 16.7999992, -168.0
100.0, 17.6000004, -176.0
100.0, 18.3999996, -184.0
100.0, 19.2000008, -192.0
99.1806488, 20.0, -169.123168945
98.36129, 20.0, -150.894760132
97.5419388, 20.0, -136.715393066
96.72258, 20.0, -125.179969788
95.9032288, 20.0, -115.481185913
95.0838699, 20.0, -107.114608765
94.2645187, 20.0, -99.7927627563
93.4451599, 20.0, -93.4335479736
92.6258087, 20.0, -87.7602539062
91.8064499, 20.0, -82.6609191895
90.9870987, 20.0, -78.1221160889
90.1677399, 20.0, -74.2057189941
89.3483887, 20.0, -70.7095718384
88.5290298, 20.0, -67.5707931519
87.7096786, 20.0, -64.7493362427
86.8903198, 20.0, -62.188167572
86.0709686, 20.0, -59.7783432007
85.2516098, 20.0, -57.9154853821
84.4322586, 20.0, -56.4311141968
83.6128998, 20.0, -55.2202453613
82.7935486, 20.0, -54.2172737122
81.9741898, 20.0, -53.377822876
81.1548386, 20.0, -52.6702880859
80.3354874, 20.0, -52.0708808899
79.5161285, 20.0, -51.5611000061
78.6967773, 20.0, -51.1243400574
77.8774185, 20.0, -50.7463111877
77.0580673, 20.0, -50.4214782715
76.2387085, 20.0, -50.1432304382
75.4193573, 20.0, -49.9055252075
74.5999985, 20.0, -49.7028121948
73.7806473, 20.0, -49.5302085876
72.9612885, 20.0, -49.3834190369
72.1419373, 20.0, -49.2587013245
71.3225784, 20.0, -49.1528129578
70.5032272, 20.0, -49.0629615784
69.6838684, 20.0, -48.9867210388
68.8645172, 20.0, -48.9220199585
68.0451584, 20.0, -48.8670768738
67.2258072, 20.0, -48.8203773499
66.4064484, 20.0, -48.780632019
65.5870972, 20.0, -48.7467460632
64.7677383, 20.0, -48.717792511
63.9483871, 20.0, -48.69298172
63.1290321, 20.0, -48.6716537476
62.3096771, 20.0, -48.6532402039
61.4903221, 20.0, -48.6372642517
60.6709671, 20.0, -48.6233139038
59.8516121, 20.0, -48.611038208
59.0322571, 20.0, -48.6001358032
58.2129021, 20.0, -48.5903434753
57.3935471, 20.0, -48.5814323425
56.574192, 20.0, -48.5731925964
55.754837, 20.0, -48.5654411316
54.935482, 20.0, -48.5580024719
54.1161308, 20.0, -48.5507087708
53.2967758, 20.0, -48.5433921814
52.4774208, 20.0, -48.5358886719
51.6580658, 20.0, -48.5280189514
50.8387108, 20.0, -48.5195846558
50.0193558, 20.0, -48.5103683472
49.2000008, 20.0, -48.5001220703
48.3806458, 20.0, -48.4885520935
47.5612907, 20.0, -48.4753036499
46.7419357, 20.0, -48.4599609375
45.9225807, 20.0, -48.4420127869
45.1032257, 20.0, -48.4208488464
44.2838707, 20.0, -48.3957176208
43.4645157, 20.0, -48.3657112122
42.6451607, 20.0, -48.3297309875
41.8258057, 20.0, -48.2864532471
41.0064507, 20.0, -48.2342758179
40.1870956, 20.0, -48.1713027954
39.3677406, 20.0, -48.0952682495
38.5483856, 20.0, -48.0035247803
37.7290306, 20.0, -47.8929710388
36.9096756, 20.0, -47.7600517273
36.0903244, 20.0, -47.6007080078
35.2709694, 20.0, -47.4103927612
34.4516144, 20.0, -47.18409729
33.6322594, 20.0, -46.9163856506
32.8129044, 20.0, -46.6014823914
31.9935474, 20.0, -46.2334022522
31.1741943, 20.0, -45.8060379028
30.3548393, 20.0, -45.3132629395
29.5354843, 20.0, -44.748878479
28.7161293, 20.0, -44.1061706543
27.8967743, 20.0, -43.37657547
27.0774193, 20.0, -42.5461273193
26.2580643, 20.0, -41.5860328674
25.4387093, 20.0, -40.427280426
24.6193542, 20.0, -39.0287590027
22.8479996, 19.2000008, -36.337474823
21.8959999, 18.3999996, -35.9286460876
20.9440002, 17.6000004, -35.5975341797
19.9920006, 16.7999992, -35.2656593323
19.0400009, 16.0, -34.9168663025
18.0879993, 15.1999998, -34.5480613708
17.1359997, 14.3999996, -34.1595420837
16.184, 13.6000004, -33.7489089966
15.2320004, 12.8000002, -33.3053436279
14.2799997, 12.0, -32.8028335571
13.3280001, 11.1999998, -32.1920967102
12.3760004, 10.3999996, -31.3939266205
11.4239998, 9.60000038, -30.2971687317
10.4720001, 8.80000019, -28.7633800507
9.52000046, 8.0, -26.6359405518
8.56799984, 7.19999981, -23.7700977325
7.61600018, 6.4000001, -20.0709667206
6.66400003, 5.5999999, -15.4006900787
5.71199989, 4.80000019, -8.99922561646
4.76000023, 4.0, 0.096587434411
3.80800009, 3.20000005, 10.1287231445
2.85599995, 2.4000001, 17.4478702545
1.90400004, 1.60000002, 21.1679534912
0.952000022, 0.800000012, 19.0943508148
98.9249268, -1.0, 10.3613824844
97.8498459, -1.0, 10.7174024582
96.7747726, -1.0, 11.0632429123
95.6996918, -1.0, 11.3945064545
94.6246185, -1.0, 11.7074375153
93.5495377, -1.0, 11.9991779327
92.4744644, -1.0, 12.2679386139
91.3993835, -1.0, 12.5130634308
90.3243103, -1.0, 12.7348604202
89.2492294, -1.0, 12.9343252182
88.1741562, -1.0, 13.1128292084
87.0990753, -1.0, 13.271935463
86.0240021, -1.0, 13.4132890701
84.9489212, -1.0, 13.5385665894
83.873848, -1.0, 13.6494188309
82.7987747, -1.0, 13.747426033
81.7236938, -1.0, 13.834066391
80.6486206, -1.0, 13.910695076
79.5735397, -1.0, 13.9785366058
78.4984665, -1.0, 14.0386857986
77.4233856, -1.0, 14.0921106339
76.3483124, -1.0, 14.13966465
75.2732315, -1.0, 14.1820964813
74.1981583, -1.0, 14.2200584412
73.1230774, -1.0, 14.2541189194
72.0480042, -1.0, 14.2847719193
70.9729233, -1.0, 14.3124504089
69.89785, -1.0, 14.3375272751
68.8227692, -1.0, 14.3603305817
67.7476959, -1.0, 14.3811454773
66.6726227, -1.0, 14.4002218246
65.5975418, -1.0, 14.4177808762
64.5224686, -1.0, 14.4340143204
63.4473877, -1.0, 14.449095726
62.3723106, -1.0, 14.4631795883
61.2972336, -1.0, 14.4764022827
60.2221565, -1.0, 14.4888896942
59.1470833, -1.0, 14.5007572174
58.0720062, -1.0, 14.5121097565
56.9969292, -1.0, 14.5230464935
55.9218521, -1.0, 14.5336608887
54.8467751, -1.0, 14.5440416336
53.771698, -1.0, 14.554274559
52.6966209, -1.0, 14.5644435883
51.6215439, -1.0, 14.5746335983
50.5464668, -1.0, 14.5849275589
49.4713898, -1.0, 14.5954122543
48.3963127, -1.0, 14.6061763763
47.3212357, -1.0, 14.617313385
46.2461586, -1.0, 14.6289196014
45.1710815, -1.0, 14.6410999298
44.0960045, -1.0, 14.6539678574
43.0209312, -1.0, 14.6676445007
41.9458542, -1.0, 14.6822633743
40.8707771, -1.0, 14.697971344
39.7957001, -1.0, 14.7149295807
38.720623, -1.0, 14.7333183289
37.645546, -1.0, 14.7533397675
36.5704689, -1.0, 14.7752189636
35.4953918, -1.0, 14.7992115021
34.4203148, -1.0, 14.8256053925
33.3452377, -1.0, 14.8547306061
32.2701607, -1.0, 14.8869628906
31.1950836, -1.0, 14.9227352142
30.1200085, -1.0, 14.9625473022
29.0449314, -1.0, 15.0069789886
27.9698544, -1.0, 15.0567150116
26.8947773, -1.0, 15.1125688553
25.8197002, -1.0, 15.1755218506
24.7446232, -1.0, 15.2467756271
23.6695461, -1.0, 15.3278303146
22.594471, -1.0, 15.420592308
21.5193939, -1.0, 15.5275392532
20.4443169, -1.0, 15.6519641876
19.3692398, -1.0, 15.7983493805
18.2941628, -1.0, 15.9729404449
17.2190857, -1.0, 16.1846427917
16.1440086, -1.0, 16.4464416504
15.0689325, -1.0, 16.7776947021
13.9938555, -1.0, 17.2080078125
12.9187784, -1.0, 17.7832279205
11.8437023, -1.0, 18.5704078674
10.7686253, -1.0, 19.6002922058
9.6935482, -1.0, 20.8662261963
8.61847115, -1.0, 22.3414707184
7.54339457, -1.0, 23.9946937561
6.46831799, -1.0, 25.7183055878
5.39324141, -1.0, 27.2822685242
4.31816435, -1.0, 28.3398342133
3.24308753, -1.0, 28.4104881287
2.16801071, -1.0, 26.7907333374
1.09293389, -1.0, 22.146478653
0.0178571437, -1.0, 16.8768024445
-1.03571427, -1.0, 13.0050916672
-2.08928561, -1.0, 11.8611421585
-3.14285707, -1.0, 11.2933168411
-4.19642878, -1.0, 10.9644794464
-5.25, -1.0, 10.7517004013
-6.30357122, -1.0, 10.6034402847
-7.35714293, -1.0, 10.4942464828
-8.41071415, -1.0, 10.4102401733
-9.46428585, -1.0, 10.343255043
-10.5178576, -1.0, 10.2881908417
-11.5714283, -1.0, 10.2417049408
-12.625, -1.0, 10.2015142441
-13.6785717, -1.0, 10.1660013199
-14.7321424, -1.0, 10.1339788437
-15.7857141, -1.0, 10.1045465469
-16.8392849, -1.0, 10.0769910812
-17.8928566, -1.0, 10.0507249832
-18.9464283, -1.0, 10.0252332687
98.9251175, -2.0, 20.3356838226
97.8502274, -2.0, 20.6668319702
96.7753448, -2.0, 20.9894447327
95.7004623, -2.0, 21.2998809814
94.6255798, -2.0, 21.5950317383
93.5506897, -2.0, 21.8724765778
92.4758072, -2.0, 22.1305923462
91.4009247, -2.0, 22.3685817719
90.3260345, -2.0, 22.5863780975
89.251152, -2.0, 22.7844829559
88.1762695, -2.0, 22.9637947083
87.1013794, -2.0, 23.125453949
86.0264969, -2.0, 23.270740509
84.9516144, -2.0, 23.4010009766
83.8767319, -2.0, 23.5175991058
82.8018417, -2.0, 23.6218700409
81.7269592, -2.0, 23.7150802612
80.6520767, -2.0, 23.7984275818
79.5771866, -2.0, 23.873003006
78.5023041, -2.0, 23.9398059845
77.4274216, -2.0, 23.9997348785
76.3525314, -2.0, 24.0535907745
75.2776489, -2.0, 24.1020889282
74.2027664, -2.0, 24.145860672
73.1278839, -2.0, 24.1854629517
72.0529938, -2.0, 24.2213916779
70.9781113, -2.0, 24.2540779114
69.9032288, -2.0, 24.2839050293
68.8283386, -2.0, 24.3112106323
67.7534561, -2.0, 24.3362922668
66.6785736, -2.0, 24.3594150543
65.6036835, -2.0, 24.3808116913
64.528801, -2.0, 24.4006958008
63.4539185, -2.0, 24.4192523956
62.3790321, -2.0, 24.4366493225
61.3041458, -2.0, 24.4530448914
60.2292633, -2.0, 24.4685783386
59.154377, -2.0, 24.4833774567
58.0794945, -2.0, 24.4975624084
57.0046082, -2.0, 24.5112495422
55.9297218, -2.0, 24.5245437622
54.8548393, -2.0, 24.5375480652
53.779953, -2.0, 24.5503616333
52.7050705, -2.0, 24.5630836487
51.6301842, -2.0, 24.5758075714
50.5552979, -2.0, 24.588634491
49.4804153, -2.0, 24.6016616821
48.405529, -2.0, 24.614988327
47.3306465, -2.0, 24.6287212372
46.2557602, -2.0, 24.6429729462
45.1808739, -2.0, 24.6578578949
44.1059914, -2.0, 24.6735019684
43.031105, -2.0, 24.690038681
41.9562225, -2.0, 24.707616806
40.8813362, -2.0, 24.7263965607
39.8064499, -2.0, 24.7465515137
38.7315674, -2.0, 24.7682762146
37.6566811, -2.0, 24.7917900085
36.5817986, -2.0, 24.8173332214
35.5069122, -2.0, 24.8451786041
34.4320259, -2.0, 24.8756351471
33.3571434, -2.0, 24.9090557098
32.2822571, -2.0, 24.9458389282
31.2073727, -2.0, 24.9864501953
30.1324883, -2.0, 25.0314254761
29.0576038, -2.0, 25.0813922882
27.9827194, -2.0, 25.137090683
26.907835, -2.0, 25.1994075775
25.8329487, -2.0, 25.2694168091
24.7580643, -2.0, 25.3484382629
23.6831799, -2.0, 25.4381122589
22.6082954, -2.0, 25.5405292511
21.533411, -2.0, 25.658372879
20.4585247, -2.0, 25.795173645
19.3836403, -2.0, 25.9556369781
18.3087559, -2.0, 26.1461448669
17.2338715, -2.0, 26.375459671
16.158987, -2.0, 26.6557407379
15.0841017, -2.0, 27.0039176941
14.0092163, -2.0, 27.4432582855
12.9343319, -2.0, 28.0037498474
11.8594475, -2.0, 28.7136077881
10.7845621, -2.0, 29.5870380402
9.7096777, -2.0, 30.615398407
8.63479233, -2.0, 31.767616272
7.55990791, -2.0, 32.9815139771
6.48502302, -2.0, 34.1439056396
5.41013813, -2.0, 35.0714416504
4.33525324, -2.0, 35.505317688
3.26036859, -2.0, 35.1163482666
2.18548393, -2.0, 33.5231208801
1.11059904, -2.0, 30.8006534576
0.0357142873, -2.0, 27.6112232208
-1.01879704, -2.0, 25.027721405
-2.07330823, -2.0, 23.3499565125
-3.12781954, -2.0, 22.4230861664
-4.18233061, -2.0, 21.8441829681
-5.23684216, -2.0, 21.4548587799
-6.29135323, -2.0, 21.1769180298
-7.34586477, -2.0, 20.9689159393
-8.40037632, -2.0, 20.8071098328
-9.45488739, -2.0, 20.6770496368
-10.5093985, -2.0, 20.5694980621
-11.5639095, -2.0, 20.4782905579
-12.6184206, -2.0, 20.3991603851
-13.6729326, -2.0, 20.3290519714
-14.7274437, -2.0, 20.2657051086
-15.7819548, -2.0, 20.2073898315
-16.8364658, -2.0, 20.1527309418
-17.8909779, -2.0, 20.1005973816
-18.945488, -2.0, 20.0499916077
98.9253082, -3.0, 30.3136940002
97.8506165, -3.0, 30.6235256195
96.7759247, -3.0, 30.9261627197
95.7012253, -3.0, 31.2185611725
94.6265335, -3.0, 31.4980945587
93.5518417, -3.0, 31.7626800537
92.47715, -3.0, 32.0108413696
91.4024582, -3.0, 32.2417221069
90.3277664, -3.0, 32.4550361633
89.2530746, -3.0, 32.6509742737
88.1783829, -3.0, 32.8300895691
87.1036835, -3.0, 32.993183136
86.0289917, -3.0, 33.1412239075
84.9542999, -3.0, 33.2752799988
83.8796082, -3.0, 33.3964614868
82.8049164, -3.0, 33.5058822632
81.7302246, -3.0, 33.6046333313
80.6555328, -3.0, 33.6937446594
79.5808334, -3.0, 33.7741889954
78.5061417, -3.0, 33.8468704224
77.4314499, -3.0, 33.9126052856
76.3567581, -3.0, 33.9721450806
75.2820663, -3.0, 34.0261611938
74.2073746, -3.0, 34.0752601624
73.1326828, -3.0, 34.1199798584
72.057991, -3.0, 34.1608047485
70.9832916, -3.0, 34.1981697083
69.9085999, -3.0, 34.2324523926
68.8339081, -3.0, 34.263999939
67.7592163, -3.0, 34.2931213379
66.6845245, -3.0, 34.3200836182
65.6098328, -3.0, 34.3451385498
64.535141, -3.0, 34.3685073853
63.4604454, -3.0, 34.3903884888
62.3857536, -3.0, 34.4109687805
61.311058, -3.0, 34.4304122925
60.2363663, -3.0, 34.4488754272
59.1616745, -3.0, 34.4665031433
58.0869827, -3.0, 34.4834213257
57.0122871, -3.0, 34.4997634888
55.9375954, -3.0, 34.5156478882
54.8629036, -3.0, 34.5311889648
53.7882118, -3.0, 34.546497345
52.7135162, -3.0, 34.5616836548
51.6388245, -3.0, 34.5768585205
50.5641327, -3.0, 34.5921287537
49.4894409, -3.0, 34.6076087952
48.4147453, -3.0, 34.6234054565
47.3400536, -3.0, 34.6396369934
46.2653618, -3.0, 34.6564292908
45.19067, -3.0, 34.6739082336
44.1159744, -3.0, 34.6922073364
43.0412827, -3.0, 34.711479187
41.9665909, -3.0, 34.7318725586
40.8918953, -3.0, 34.7535705566
39.8172035, -3.0, 34.7767486572
38.7425117, -3.0, 34.8016204834
37.66782, -3.0, 34.8284111023
36.5931244, -3.0, 34.8573799133
35.5184326, -3.0, 34.8888092041
34.4437408, -3.0, 34.9230232239
33.3690491, -3.0, 34.9603881836
32.2943535, -3.0, 35.0013237
31.2196617, -3.0, 35.0463104248
30.1449699, -3.0, 35.095905304
29.0702763, -3.0, 35.1507644653
27.9955845, -3.0, 35.2116622925
26.9208908, -3.0, 35.2795257568
25.846199, -3.0, 35.3554649353
24.7715054, -3.0, 35.4408493042
23.6968117, -3.0, 35.5373725891
22.6221199, -3.0, 35.6471633911
21.5474262, -3.0, 35.7729301453
20.4727345, -3.0, 35.9181480408
19.3980408, -3.0, 36.087348938
18.323349, -3.0, 36.2864570618
17.2486553, -3.0, 36.5232658386
16.1739635, -3.0, 36.8079528809
15.0992708, -3.0, 37.1535491943
14.0245771, -3.0, 37.5758476257
12.9498844, -3.0, 38.0913238525
11.8751917, -3.0, 38.7122840881
10.800499, -3.0, 39.4402809143
9.72580624, -3.0, 40.2605171204
8.65111351, -3.0, 41.137008667
7.57642078, -3.0, 42.006275177
6.50172806, -3.0, 42.7691841125
5.42703533, -3.0, 43.2858314514
4.35234261, -3.0, 43.3803062439
3.27764988, -3.0, 42.8646812439
2.20295691, -3.0, 41.6351280212
1.12826419, -3.0, 39.7933731079
0.0535714291, -3.0, 37.6947174072
-1.00187969, -3.0, 35.7972145081
-2.05733085, -3.0, 34.3235702515
-3.112782, -3.0, 33.2874984741
-4.16823292, -3.0, 32.5763664246
-5.22368431, -3.0, 32.069355011
-6.27913523, -3.0, 31.6938972473
-7.33458662, -3.0, 31.4058570862
-8.39003754, -3.0, 31.1778202057
-9.44548893, -3.0, 30.9921550751
-10.5009403, -3.0, 30.8371315002
-11.5563908, -3.0, 30.7046890259
-12.6118422, -3.0, 30.5891246796
-13.6672935, -3.0, 30.4862804413
-14.722744, -3.0, 30.393032074
-15.7781954, -3.0, 30.3069648743
-16.8336468, -3.0, 30.226140976
-17.8890972, -3.0, 30.1489543915
-18.9445496, -3.0, 30.0739994049
98.925499, -4.0, 40.2948074341
97.8509979, -4.0, 40.5863037109
96.7764969, -4.0, 40.8716850281
95.7019958, -4.0, 41.1483802795
94.6274948, -4.0, 41.4141578674
93.5529938, -4.0, 41.6671981812
92.4784927, -4.0, 41.9061584473
91.4039917, -4.0, 42.1301689148
90.3294907, -4.0, 42.3388175964
89.2549896, -4.0, 42.5320930481
88.1804886, -4.0, 42.7102966309
87.1059875, -4.0, 42.8739700317
86.0314865, -4.0, 43.0238342285
84.9569855, -4.0, 43.1607170105
83.8824921, -4.0, 43.2855072021
82.807991, -4.0, 43.3991394043
81.73349, -4.0, 43.5025215149
80.658989, -4.0, 43.5965538025
79.5844879, -4.0, 43.6820869446
78.5099869, -4.0, 43.759929657
77.4354858, -4.0, 43.8308258057
76.3609848, -4.0, 43.8954658508
75.2864838, -4.0, 43.9544754028
74.2119827, -4.0, 44.008430481
73.1374817, -4.0, 44.057849884
72.0629807, -4.0, 44.1032028198
70.9884796, -4.0, 44.144908905
69.9139786, -4.0, 44.1833496094
68.8394775, -4.0, 44.218875885
67.7649765, -4.0, 44.2517929077
66.6904755, -4.0, 44.2823829651
65.6159744, -4.0, 44.3109016418
64.5414734, -4.0, 44.3375816345
63.4669724, -4.0, 44.3626327515
62.3924713, -4.0, 44.3862457275
61.3179741, -4.0, 44.4086036682
60.2434731, -4.0, 44.4298744202
59.168972, -4.0, 44.4502067566
58.094471, -4.0, 44.4697532654
57.0199699, -4.0, 44.4886436462
55.9454689, -4.0, 44.5070152283
54.8709679, -4.0, 44.5249938965
53.7964668, -4.0, 44.5427017212
52.7219658, -4.0, 44.5602607727
51.6474648, -4.0, 44.5777893066
50.5729637, -4.0, 44.5954055786
49.4984627, -4.0, 44.6132354736
48.4239616, -4.0, 44.6313972473
47.3494606, -4.0, 44.6500244141
46.2749634, -4.0, 44.6692428589
45.2004623, -4.0, 44.6891937256
44.1259613, -4.0, 44.7100219727
43.0514603, -4.0, 44.7318840027
41.9769592, -4.0, 44.7549476624
40.9024582, -4.0, 44.7793960571
39.8279572, -4.0, 44.8054199219
38.7534561, -4.0, 44.8332366943
37.6789551, -4.0, 44.8630867004
36.604454, -4.0, 44.8952293396
35.529953, -4.0, 44.9299621582
34.455452, -4.0, 44.9676132202
33.3809509, -4.0, 45.0085601807
32.3064499, -4.0, 45.0532302856
31.2319508, -4.0, 45.1021080017
30.1574497, -4.0, 45.1557617188
29.0829487, -4.0, 45.2148513794
28.0084476, -4.0, 45.2801628113
26.9339485, -4.0, 45.3526115417
25.8594475, -4.0, 45.4333152771
24.7849464, -4.0, 45.5236282349
23.7104454, -4.0, 45.6251983643
22.6359444, -4.0, 45.7400817871
21.5614433, -4.0, 45.8708343506
20.4869423, -4.0, 46.0206642151
19.4124432, -4.0, 46.1936264038
18.3379421, -4.0, 46.3948059082
17.2634411, -4.0, 46.6305656433
16.18894, -4.0, 46.9086380005
15.114439, -4.0, 47.2380256653
14.0399389, -4.0, 47.6281547546
12.9654379, -4.0, 48.0869255066
11.8909369, -4.0, 48.617401123
10.8164358, -4.0, 49.2137565613
9.74193573, -4.0, 49.8571624756
8.66743469, -4.0, 50.5119476318
7.59293413, -4.0, 51.1219482422
6.51843309, -4.0, 51.6081390381
5.44393253, -4.0, 51.8703231812
4.3694315, -4.0, 51.7977905273
3.29493093, -4.0, 51.2982749939
2.22043014, -4.0, 50.3454818726
1.14592934, -4.0, 49.0239181519
0.0714285746, -4.0, 47.5232963562
-0.984962404, -4.0, 46.0911216736
-2.04135346, -4.0, 44.8590888977
-3.09774446, -4.0, 43.8834037781
-4.15413523, -4.0, 43.1400680542
-5.21052647, -4.0, 42.575138092
-6.26691723, -4.0, 42.1381988525
-7.32330847, -4.0, 41.7926216125
-8.37969971, -4.0, 41.5129013062
-9.43609047, -4.0, 41.2813606262
-10.4924812, -4.0, 41.0855751038
-11.548872, -4.0, 40.9166641235
-12.6052628, -4.0, 40.7681503296
-13.6616545, -4.0, 40.6351890564
-14.7180452, -4.0, 40.5140686035
-15.774436, -4.0, 40.4018783569
-16.8308277, -4.0, 40.296245575
-17.8872185, -4.0, 40.1951904297
-18.9436092, -4.0, 40.0969696045
98.9256897, -5.0, 50.2785301208
97.8513794, -5.0, 50.5541915894
96.7770767, -5.0, 50.8246154785
95.7027664, -5.0, 51.0876121521
94.6284561, -5.0, 51.341255188
93.5541458, -5.0, 51.5839500427
92.4798355, -5.0, 51.8144683838
91.4055328, -5.0, 52.0319671631
90.3312225, -5.0, 52.2359619141
89.2569122, -5.0, 52.4263038635
88.1826019, -5.0, 52.6031150818
87.1082916, -5.0, 52.7667427063
86.033989, -5.0, 52.9177017212
84.9596786, -5.0, 53.0566253662
83.8853683, -5.0, 53.1842269897
82.811058, -5.0, 53.3012619019
81.7367477, -5.0, 53.4085006714
80.6624451, -5.0, 53.5067100525
79.5881348, -5.0, 53.5966339111
78.5138245, -5.0, 53.6789932251
77.4395142, -5.0, 53.7544517517
76.3652039, -5.0, 53.8236427307
75.2909012, -5.0, 53.8871498108
74.2165909, -5.0, 53.945514679
73.1422806, -5.0, 53.9992218018
72.0679703, -5.0, 54.0487327576
70.99366, -5.0, 54.0944519043
69.9193573, -5.0, 54.1367530823
68.845047, -5.0, 54.1759872437
67.7707367, -5.0, 54.2124595642
66.6964264, -5.0, 54.2464561462
65.6221161, -5.0, 54.2782363892
64.5478134, -5.0, 54.3080406189
63.4735031, -5.0, 54.3360862732
62.3991928, -5.0, 54.3625793457
61.3248863, -5.0, 54.3877105713
60.250576, -5.0, 54.4116477966
59.1762657, -5.0, 54.4345664978
58.1019592, -5.0, 54.4566116333
57.0276489, -5.0, 54.4779396057
55.9533424, -5.0, 54.4986877441
54.8790321, -5.0, 54.5189971924
53.8047218, -5.0, 54.5389976501
52.7304153, -5.0, 54.5588188171
51.656105, -5.0, 54.5785942078
50.5817986, -5.0, 54.5984535217
49.5074883, -5.0, 54.6185264587
48.4331779, -5.0, 54.6389465332
47.3588715, -5.0, 54.6598472595
46.2845612, -5.0, 54.6813697815
45.2102547, -5.0, 54.703666687
44.1359444, -5.0, 54.7268867493
43.0616341, -5.0, 54.7511940002
41.9873276, -5.0, 54.7767677307
40.9130173, -5.0, 54.8037948608
39.8387108, -5.0, 54.8324737549
38.7644005, -5.0, 54.86302948
37.690094, -5.0, 54.8957061768
36.6157837, -5.0, 54.930770874
35.5414734, -5.0, 54.9685173035
34.4671669, -5.0, 55.0092849731
33.3928566, -5.0, 55.0534477234
32.3185501, -5.0, 55.1014289856
31.2442398, -5.0, 55.1537094116
30.1699314, -5.0, 55.2108573914
29.095623, -5.0, 55.2735137939
28.0213127, -5.0, 55.3424453735
26.9470043, -5.0, 55.4185371399
25.8726959, -5.0, 55.5028610229
24.7983875, -5.0, 55.596698761
23.7240791, -5.0, 55.7015838623
22.6497688, -5.0, 55.8194007874
21.5754604, -5.0, 55.9524345398
20.501152, -5.0, 56.1034736633
19.4268436, -5.0, 56.2759132385
18.3525352, -5.0, 56.4738197327
17.2782249, -5.0, 56.7019767761
16.2039165, -5.0, 56.9657402039
15.1296082, -5.0, 57.2706336975
14.0552998, -5.0, 57.6214141846
12.9809904, -5.0, 58.0204582214
11.906682, -5.0, 58.4654464722
10.8323736, -5.0, 58.946685791
9.75806427, -5.0, 59.4443817139
8.68375587, -5.0, 59.9262733459
7.609447, -5.0, 60.3462142944
6.53513813, -5.0, 60.6446533203
5.46082926, -5.0, 60.7530326843
4.38652086, -5.0, 60.6047554016
3.31221199, -5.0, 60.1543807983
2.23790312, -5.0, 59.401184082
1.16359448, -5.0, 58.4042739868
0.0892857164, -5.0, 57.2744789124
-0.968045115, -5.0, 56.1576919556
-2.02537584, -5.0, 55.136592865
-3.08270669, -5.0, 54.2642364502
-4.14003754, -5.0, 53.5487747192
-5.19736862, -5.0, 52.9713554382
-6.25469923, -5.0, 52.5046577454
-7.31202984, -5.0, 52.1232795715
-8.36936092, -5.0, 51.8068771362
-9.42669201, -5.0, 51.5399742126
-10.4840221, -5.0, 51.3109474182
-11.5413532, -5.0, 51.1110687256
-12.5986843, -5.0, 50.9337158203
-13.6560154, -5.0, 50.7737884521
-14.7133455, -5.0, 50.6272773743
-15.7706766, -5.0, 50.4909744263
-16.8280067, -5.0, 50.3622245789
-17.8853378, -5.0, 50.2387771606
-18.9426689, -5.0, 50.1186447144
98.9258804, -6.0, 60.2644615173
97.8517685, -6.0, 60.5264167786
96.7776489, -6.0, 60.7838439941
95.7035294, -6.0, 61.0348587036
94.6294174, -6.0, 61.2777938843
93.5552979, -6.0, 61.5112380981
92.4811859, -6.0, 61.7340698242
91.4070663, -6.0, 61.9454841614
90.3329468, -6.0, 62.1449584961
89.2588348, -6.0, 62.3322525024
88.1847153, -6.0, 62.5073661804
87.1105957, -6.0, 62.6704940796
86.0364838, -6.0, 62.8219947815
84.9623642, -6.0, 62.9623413086
83.8882523, -6.0, 63.0920906067
82.8141327, -6.0, 63.211856842
81.7400131, -6.0, 63.3222846985
80.6659012, -6.0, 63.4240226746
79.5917816, -6.0, 63.5177230835
78.517662, -6.0, 63.6040077209
77.4435501, -6.0, 63.6834831238
76.3694305, -6.0, 63.7567214966
75.2953186, -6.0, 63.8242607117
74.221199, -6.0, 63.8866004944
73.1470795, -6.0, 63.9442100525
72.0729675, -6.0, 63.9975204468
70.998848, -6.0, 64.0469207764
69.9247284, -6.0, 64.0927886963
68.8506165, -6.0, 64.1354598999
67.7764969, -6.0, 64.175239563
66.7023773, -6.0, 64.2124176025
65.6282654, -6.0, 64.2472457886
64.5541458, -6.0, 64.2799911499
63.4800301, -6.0, 64.3108596802
62.4059143, -6.0, 64.3400650024
61.3317986, -6.0, 64.3678131104
60.257679, -6.0, 64.39427948
59.1835632, -6.0, 64.4196395874
58.1094475, -6.0, 64.4440612793
57.0353317, -6.0, 64.4676971436
55.9612122, -6.0, 64.4906997681
54.8870964, -6.0, 64.5132217407
53.8129807, -6.0, 64.5354003906
52.7388649, -6.0, 64.5573730469
51.6647453, -6.0, 64.579284668
50.5906296, -6.0, 64.601272583
49.5165138, -6.0, 64.6234741211
48.4423981, -6.0, 64.6460266113
47.3682785, -6.0, 64.6690826416
46.2941628, -6.0, 64.692779541
45.220047, -6.0, 64.7172851562
44.1459312, -6.0, 64.7427520752
43.0718117, -6.0, 64.7693557739
41.9976959, -6.0, 64.7972717285
40.9235802, -6.0, 64.8266983032
39.8494606, -6.0, 64.8578414917
38.7753448, -6.0, 64.8909225464
37.7012291, -6.0, 64.9261932373
36.6271133, -6.0, 64.9639205933
35.5529938, -6.0, 65.0044021606
34.478878, -6.0, 65.047958374
33.4047623, -6.0, 65.0949707031
32.3306465, -6.0, 65.1458435059
31.2565289, -6.0, 65.2010574341
30.1824112, -6.0, 65.261138916
29.1082954, -6.0, 65.326713562
28.0341778, -6.0, 65.3985061646
26.960062, -6.0, 65.4773406982
25.8859444, -6.0, 65.564201355
24.8118286, -6.0, 65.6602554321
23.737711, -6.0, 65.7668762207
22.6635952, -6.0, 65.8857040405
21.5894775, -6.0, 66.0186691284
20.5153618, -6.0, 66.1680679321
19.4412441, -6.0, 66.3365631104
18.3671284, -6.0, 66.5271606445
17.2930107, -6.0, 66.7431564331
16.218895, -6.0, 66.9878540039
15.1447773, -6.0, 67.2640838623
14.0706606, -6.0, 67.5733337402
12.9965439, -6.0, 67.9145431519
11.9224272, -6.0, 68.2824630737
10.8483105, -6.0, 68.6659240723
9.77419376, -6.0, 69.0461807251
8.70007706, -6.0, 69.3957366943
7.62595987, -6.0, 69.6783218384
6.55184317, -6.0, 69.8505401611
5.47772646, -6.0, 69.8665847778
4.40360975, -6.0, 69.6865081787
3.32949305, -6.0, 69.2878875732
2.25537634, -6.0, 68.6772232056
1.18125963, -6.0, 67.895149231
0.107142858, -6.0, 67.0102081299
-0.951127827, -6.0, 66.1147003174
-2.00939846, -6.0, 65.2621765137
-3.06766915, -6.0, 64.4955368042
-4.12593985, -6.0, 63.8320922852
-5.1842103, -6.0, 63.2699012756
-6.24248123, -6.0, 62.7968177795
-7.30075169, -6.0, 62.3976669312
-8.35902214, -6.0, 62.0580787659
-9.41729355, -6.0, 61.7658576965
-10.475564, -6.0, 61.5111045837
-11.5338345, -6.0, 61.2859458923
-12.5921049, -6.0, 61.0841293335
-13.6503763, -6.0, 60.9006652832
-14.7086468, -6.0, 60.7315177917
-15.7669172, -6.0, 60.5733718872
-16.8251877, -6.0, 60.4234390259
-17.8834591, -6.0, 60.2793045044
-18.9417286, -6.0, 60.1388206482
98.9260788, -7.0, 70.2522735596
97.85215, -7.0, 70.5023422241
96.7782288, -7.0, 70.7484588623
95.7042999, -7.0, 70.9889907837
94.6303787, -7.0, 71.2224731445
93.5564499, -7.0, 71.4476699829
92.4825287, -7.0, 71.6635437012
91.4085999, -7.0, 71.8693313599
90.3346786, -7.0, 72.0644989014
89.2607498, -7.0, 72.2487564087
88.1868286, -7.0, 72.4219970703
87.1128998, -7.0, 72.5843200684
86.0389786, -7.0, 72.7359466553
84.9650574, -7.0, 72.8772277832
83.8911285, -7.0, 73.0085906982
82.8172073, -7.0, 73.130531311
81.7432785, -7.0, 73.2435836792
80.6693573, -7.0, 73.3482894897
79.5954285, -7.0, 73.4452133179
78.5215073, -7.0, 73.5348968506
77.4475784, -7.0, 73.6178970337
76.3736572, -7.0, 73.6947174072
75.2997284, -7.0, 73.7658462524
74.2258072, -7.0, 73.8317642212
73.1518784, -7.0, 73.8928985596
72.0779572, -7.0, 73.9496612549
71.0040359, -7.0, 74.0024337769
69.9301071, -7.0, 74.051574707
68.8561859, -7.0, 74.09740448
67.7822571, -7.0, 74.1402435303
66.7083359, -7.0, 74.1803665161
65.634407, -7.0, 74.2180480957
64.5604858, -7.0, 74.2535247803
63.4865608, -7.0, 74.2870330811
62.4126358, -7.0, 74.3187789917
61.3387108, -7.0, 74.3489837646
60.2647858, -7.0, 74.377822876
59.1908607, -7.0, 74.4054870605
58.1169357, -7.0, 74.432144165
57.0430107, -7.0, 74.4579620361
55.9690857, -7.0, 74.4830932617
54.8951607, -7.0, 74.5077056885
53.8212357, -7.0, 74.5319366455
52.7473106, -7.0, 74.5559463501
51.6733856, -7.0, 74.579864502
50.5994606, -7.0, 74.6038589478
49.5255394, -7.0, 74.6280593872
48.4516144, -7.0, 74.6526260376
47.3776894, -7.0, 74.677696228
46.3037643, -7.0, 74.7034378052
45.2298393, -7.0, 74.7300109863
44.1559143, -7.0, 74.7575759888
43.0819893, -7.0, 74.786315918
42.0080643, -7.0, 74.8164138794
40.9341393, -7.0, 74.8480606079
39.8602142, -7.0, 74.8814697266
38.7862892, -7.0, 74.9168701172
37.7123642, -7.0, 74.954498291
36.6384392, -7.0, 74.9946289062
35.564518, -7.0, 75.0375518799
34.490593, -7.0, 75.0835876465
33.4166679, -7.0, 75.1330871582
32.3427429, -7.0, 75.1864547729
31.2688179, -7.0, 75.2441329956
30.1948929, -7.0, 75.3066329956
29.1209679, -7.0, 75.3745193481
28.0470428, -7.0, 75.4484558105
26.9731178, -7.0, 75.5291976929
25.8991928, -7.0, 75.6176223755
24.8252697, -7.0, 75.7147369385
23.7513447, -7.0, 75.8217163086
22.6774197, -7.0, 75.9399185181
21.6034946, -7.0, 76.0709075928
20.5295696, -7.0, 76.2164306641
19.4556446, -7.0, 76.3784332275
18.3817196, -7.0, 76.5589523315
17.3077965, -7.0, 76.7599945068
16.2338715, -7.0, 76.983215332
15.1599464, -7.0, 77.2294616699
14.0860214, -7.0, 77.4980773926
13.0120964, -7.0, 77.7860031128
11.9381723, -7.0, 78.0866394043
10.8642473, -7.0, 78.3888015747
9.7903223, -7.0, 78.6758117676
8.71639824, -7.0, 78.9251327515
7.64247322, -7.0, 79.1089935303
6.5685482, -7.0, 79.1963195801
5.49462366, -7.0, 79.1566467285
4.42069912, -7.0, 78.9658279419
3.3467741, -7.0, 78.6128082275
2.27284956, -7.0, 78.1053009033
1.19892478, -7.0, 77.4715042114
0.125, -7.0, 76.7558364868
-0.934210539, -7.0, 76.0197525024
-1.99342108, -7.0, 75.2990341187
-3.05263162, -7.0, 74.6268081665
-4.11184216, -7.0, 74.0213623047
-5.17105246, -7.0, 73.4880218506
-6.23026323, -7.0, 73.023399353
-7.28947353, -7.0, 72.6197357178
-8.34868431, -7.0, 72.2678909302
-9.40789509, -7.0, 71.9590759277
-10.4671049, -7.0, 71.6854782104
-11.5263157, -7.0, 71.4404754639
-12.5855265, -7.0, 71.2185134888
-13.6447372, -7.0, 71.0149993896
-14.7039471, -7.0, 70.8260726929
-15.7631578, -7.0, 70.6484909058
-16.8223686, -7.0, 70.4794464111
-17.8815784, -7.0, 70.3164749146
-18.9407902, -7.0, 70.1573562622
98.9262695, -8.0, 80.2417144775
97.8525314, -8.0, 80.4814605713
96.778801, -8.0, 80.7177200317
95.7050705, -8.0, 80.9490814209
94.63134, -8.0, 81.1742477417
93.5576019, -8.0, 81.3920974731
92.4838715, -8.0, 81.6017074585
91.410141, -8.0, 81.8023452759
90.3364029, -8.0, 81.9934768677
89.2626724, -8.0, 82.1747741699
88.188942, -8.0, 82.3460845947
87.1152039, -8.0, 82.5074005127
86.0414734, -8.0, 82.6588516235
84.9677429, -8.0, 82.8006896973
83.8940125, -8.0, 82.9332427979
82.8202744, -8.0, 83.0569000244
81.7465439, -8.0, 83.1720809937
80.6728134, -8.0, 83.2792739868
79.5990753, -8.0, 83.3789367676
78.5253448, -8.0, 83.4715652466
77.4516144, -8.0, 83.5576324463
76.3778839, -8.0, 83.6376037598
75.3041458, -8.0, 83.7119293213
74.2304153, -8.0, 83.781036377
73.1566849, -8.0, 83.8453369141
72.0829468, -8.0, 83.9052276611
71.0092163, -8.0, 83.9610595703
69.9354858, -8.0, 84.0131759644
68.8617477, -8.0, 84.0619125366
67.7880173, -8.0, 84.1075592041
66.7142868, -8.0, 84.1504058838
65.6405563, -8.0, 84.1907119751
64.5668182, -8.0, 84.228729248
63.4930878, -8.0, 84.2646865845
62.4193535, -8.0, 84.2988052368
61.345623, -8.0, 84.3312911987
60.2718887, -8.0, 84.3623504639
59.1981583, -8.0, 84.3921661377
58.124424, -8.0, 84.4209136963
57.0506897, -8.0, 84.4487686157
55.9769592, -8.0, 84.4758987427
54.9032249, -8.0, 84.5024642944
53.8294945, -8.0, 84.5286254883
52.7557602, -8.0, 84.5545349121
51.6820259, -8.0, 84.5803451538
50.6082954, -8.0, 84.6062088013
49.5345612, -8.0, 84.6322860718
48.4608307, -8.0, 84.6587219238
47.3870964, -8.0, 84.6856842041
46.3133659, -8.0, 84.7133255005
45.2396317, -8.0, 84.7418212891
44.1658974, -8.0, 84.7713317871
43.0921669, -8.0, 84.8020477295
42.0184326, -8.0, 84.8341445923
40.9447021, -8.0, 84.8678283691
39.8709679, -8.0, 84.9033126831
38.7972336, -8.0, 84.9408111572
37.7235031, -8.0, 84.9805755615
36.6497688, -8.0, 85.0228652954
35.5760384, -8.0, 85.0679550171
34.5023041, -8.0, 85.1161575317
33.4285698, -8.0, 85.1678085327
32.3548393, -8.0, 85.2232894897
31.281105, -8.0, 85.2830047607
30.2073727, -8.0, 85.3474273682
29.1336403, -8.0, 85.4170684814
28.0599079, -8.0, 85.492515564
26.9861755, -8.0, 85.5744247437
25.9124432, -8.0, 85.66355896
24.8387089, -8.0, 85.7607421875
23.7649765, -8.0, 85.8669509888
22.6912441, -8.0, 85.9832305908
21.6175117, -8.0, 86.1107635498
20.5437794, -8.0, 86.250793457
19.470047, -8.0, 86.4045944214
18.3963127, -8.0, 86.5733718872
17.3225803, -8.0, 86.7580718994
16.248848, -8.0, 86.9591140747
15.1751156, -8.0, 87.1759719849
14.1013823, -8.0, 87.4066696167
13.0276499, -8.0, 87.6470870972
11.9539175, -8.0, 87.8902816772
10.8801842, -8.0, 88.1258392334
9.8064518, -8.0, 88.3395080566
8.73271847, -8.0, 88.5132522583
7.65898609, -8.0, 88.6261138916
6.58525324, -8.0, 88.6559677124
5.51152086, -8.0, 88.5824661255
4.43778801, -8.0, 88.3908004761
3.3640554, -8.0, 88.0756607056
2.29032254, -8.0, 87.6441268921
1.21658981, -8.0, 87.1160812378
0.142857149, -8.0, 86.5214538574
-0.917293251, -8.0, 85.9028244019
-1.97744358, -8.0, 85.2847595215
-3.03759408, -8.0, 84.6925506592
-4.09774446, -8.0, 84.1427078247
-5.15789461, -8.0, 83.643157959
-6.21804523, -8.0, 83.1951599121
-7.27819538, -8.0, 82.7957382202
-8.33834553, -8.0, 82.4397583008
-9.39849663, -8.0, 82.1213607788
-10.4586468, -8.0, 81.8348007202
-11.5187969, -8.0, 81.5748062134
-12.5789471, -8.0, 81.336730957
-13.6390982, -8.0, 81.1165084839
-14.6992483, -8.0, 80.9106292725
-15.7593985, -8.0, 80.7160263062
-16.8195496, -8.0, 80.5300064087
-17.8796997, -8.0, 80.3501205444
-18.9398499, -8.0, 80.174156189
98.9264603, -9.0, 90.2325592041
97.8529205, -9.0, 90.4633407593
96.7793808, -9.0, 90.6910324097
95.7058334, -9.0, 90.9143753052
94.6322937, -9.0, 91.132232666
93.558754, -9.0, 91.3435821533
92.4852142, -9.0, 91.5475769043
91.4116745, -9.0, 91.7435379028
90.3381348, -9.0, 91.9309387207
89.264595, -9.0, 92.1094207764
88.1910553, -9.0, 92.278793335
87.1175079, -9.0, 92.4389953613
86.0439682, -9.0, 92.5900650024
84.9704285, -9.0, 92.7321853638
83.8968887, -9.0, 92.8655853271
82.823349, -9.0, 92.9905700684
81.7498093, -9.0, 93.1074905396
80.6762695, -9.0, 93.2167510986
79.6027298, -9.0, 93.3187408447
78.5291824, -9.0, 93.4138946533
77.4556427, -9.0, 93.5026245117
76.382103, -9.0, 93.5853500366
75.3085632, -9.0, 93.6624908447
74.2350235, -9.0, 93.7344360352
73.1614838, -9.0, 93.801574707
72.087944, -9.0, 93.8642654419
71.0144043, -9.0, 93.9228591919
69.9408569, -9.0, 93.977684021
68.8673172, -9.0, 94.0290603638
67.7937775, -9.0, 94.0772705078
66.7202377, -9.0, 94.1226043701
65.646698, -9.0, 94.1653213501
64.5731583, -9.0, 94.2056732178
63.4996147, -9.0, 94.243888855
62.426075, -9.0, 94.2801971436
61.3525352, -9.0, 94.3148040771
60.2789955, -9.0, 94.3479156494
59.205452, -9.0, 94.3797225952
58.1319122, -9.0, 94.4104156494
57.0583725, -9.0, 94.4401626587
55.9848328, -9.0, 94.4691467285
54.9112892, -9.0, 94.4975280762
53.8377495, -9.0, 94.5254821777
52.7642097, -9.0, 94.5531539917
51.69067, -9.0, 94.5807189941
50.6171265, -9.0, 94.6083297729
49.5435867, -9.0, 94.636138916
48.470047, -9.0, 94.66431427
47.3965073, -9.0, 94.6930236816
46.3229637, -9.0, 94.7224273682
45.249424, -9.0, 94.7526855469
44.1758842, -9.0, 94.7839889526
43.1023407, -9.0, 94.8165130615
42.028801, -9.0, 94.8504486084
40.9552612, -9.0, 94.8859863281
39.8817215, -9.0, 94.9233474731
38.8081779, -9.0, 94.9627456665
37.7346382, -9.0, 95.0044174194
36.6610985, -9.0, 95.048614502
35.5875587, -9.0, 95.0956039429
34.5140152, -9.0, 95.145690918
33.4404755, -9.0, 95.1991729736
32.3669357, -9.0, 95.2564086914
31.2933941, -9.0, 95.3177719116
30.2198544, -9.0, 95.3836746216
29.1463127, -9.0, 95.454574585
28.072773, -9.0, 95.5309753418
26.9992313, -9.0, 95.6134338379
25.9256916, -9.0, 95.7025604248
24.85215, -9.0, 95.7990264893
23.7786102, -9.0, 95.9035644531
22.7050686, -9.0, 96.0169525146
21.6315289, -9.0, 96.1399917603
20.5579872, -9.0, 96.273475647
19.4844475, -9.0, 96.4180984497
18.4109058, -9.0, 96.5743637085
17.3373661, -9.0, 96.7424163818
16.2638245, -9.0, 96.9217681885
15.1902838, -9.0, 97.1110229492
14.1167431, -9.0, 97.3074264526
13.0432024, -9.0, 97.5064544678
11.9696617, -9.0, 97.701385498
10.896121, -9.0, 97.8829421997
9.82258034, -9.0, 98.0392379761
8.74903965, -9.0, 98.1560287476
7.67549944, -9.0, 98.2175979614
6.60195875, -9.0, 98.2081756592
5.52841759, -9.0, 98.1140441895
4.4548769, -9.0, 97.9259872437
3.38133645, -9.0, 97.6416473389
2.30779576, -9.0, 97.2669906616
1.23425496, -9.0, 96.8163375854
0.160714284, -9.0, 96.3105392456
-0.900375962, -9.0, 95.7800292969
-1.96146619, -9.0, 95.2421112061
-3.0225563, -9.0, 94.7161331177
-4.08364677, -9.0, 94.2161483765
-5.14473677, -9.0, 93.7505264282
-6.20582724, -9.0, 93.3227767944
-7.26691723, -9.0, 92.9327850342
-8.3280077, -9.0, 92.5782012939
-9.38909817, -9.0, 92.2554931641
-10.4501877, -9.0, 91.9607086182
-11.5112782, -9.0, 91.6898727417
-12.5723686, -9.0, 91.439239502
-13.6334591, -9.0, 91.2053833008
-14.6945486, -9.0, 90.9852218628
-15.7556391, -9.0, 90.7759475708
-16.8167286, -9.0, 90.575050354
-17.8778191, -9.0, 90.3801879883
-18.9389095, -9.0, 90.1891937256
98.926651, -10.0, 100.224632263
97.853302, -10.0, 100.447654724
96.779953, -10.0, 100.667900085
95.706604, -10.0, 100.884262085
94.633255, -10.0, 101.095703125
93.559906, -10.0, 101.301322937
92.486557, -10.0, 101.500328064
91.413208, -10.0, 101.692077637
90.339859, -10.0, 101.876068115
89.26651, -10.0, 102.051925659
88.193161, -10.0, 102.219421387
87.119812, -10.0, 102.378456116
86.0464706, -10.0, 102.529014587
84.9731216, -10.0, 102.671203613
83.8997726, -10.0, 102.805183411
82.8264236, -10.0, 102.931190491
81.7530746, -10.0, 103.0495224
80.6797256, -10.0, 103.160491943
79.6063766, -10.0, 103.264442444
78.5330276, -10.0, 103.361747742
77.4596786, -10.0, 103.452781677
76.3863297, -10.0, 103.537910461
75.3129807, -10.0, 103.617523193
74.2396317, -10.0, 103.691978455
73.1662827, -10.0, 103.761627197
72.0929337, -10.0, 103.826820374
71.0195847, -10.0, 103.887886047
69.9462357, -10.0, 103.945144653
68.8728867, -10.0, 103.998901367
67.7995377, -10.0, 104.049438477
66.7261887, -10.0, 104.09703064
65.6528397, -10.0, 104.141944885
64.5794907, -10.0, 104.184425354
63.5061455, -10.0, 104.224700928
62.4327965, -10.0, 104.263008118
61.3594475, -10.0, 104.299560547
60.2860985, -10.0, 104.33455658
59.2127495, -10.0, 104.368202209
58.1394005, -10.0, 104.400680542
57.0660515, -10.0, 104.432174683
55.9927025, -10.0, 104.462860107
54.9193535, -10.0, 104.492919922
53.8460045, -10.0, 104.522521973
52.7726593, -10.0, 104.551826477
51.6993103, -10.0, 104.581001282
50.6259613, -10.0, 104.610214233
49.5526123, -10.0, 104.639625549
48.4792633, -10.0, 104.669403076
47.4059143, -10.0, 104.699707031
46.3325653, -10.0, 104.730712891
45.2592163, -10.0, 104.76259613
44.1858673, -10.0, 104.795532227
43.1125183, -10.0, 104.829704285
42.0391693, -10.0, 104.86529541
40.9658203, -10.0, 104.902511597
39.8924713, -10.0, 104.941551208
38.8191261, -10.0, 104.982643127
37.7457771, -10.0, 105.026000977
36.6724281, -10.0, 105.071876526
35.5990791, -10.0, 105.120529175
34.5257301, -10.0, 105.172218323
33.4523811, -10.0, 105.227241516
32.3790321, -10.0, 105.28591156
31.3056831, -10.0, 105.348571777
30.2323341, -10.0, 105.41557312
29.158987, -10.0, 105.487304688
28.085638, -10.0, 105.564193726
27.012289, -10.0, 105.646682739
25.93894, -10.0, 105.735244751
24.865591, -10.0, 105.83039093
23.7922421, -10.0, 105.932624817
22.718895, -10.0, 106.042457581
21.645546, -10.0, 106.160362244
20.572197, -10.0, 106.286735535
19.498848, -10.0, 106.421783447
18.425499, -10.0, 106.565475464
17.35215, -10.0, 106.717346191
16.278801, -10.0, 106.876296997
15.2054529, -10.0, 107.040382385
14.1321049, -10.0, 107.206489563
13.0587559, -10.0, 107.37008667
11.9854069, -10.0, 107.524940491
10.9120588, -10.0, 107.663017273
9.83870983, -10.0, 107.774543762
8.76536083, -10.0, 107.848350525
7.69201231, -10.0, 107.872642517
6.61866379, -10.0, 107.836105347
5.54531479, -10.0, 107.729393005
4.47196627, -10.0, 107.546699524
3.39861751, -10.0, 107.28717804
2.32526875, -10.0, 106.955741882
1.2519201, -10.0, 106.562896729
0.178571433, -10.0, 106.123588562
-0.883458674, -10.0, 105.660171509
-1.94548869, -10.0, 105.18510437
-3.00751877, -10.0, 104.7133255
-4.06954908, -10.0, 104.256492615
-5.13157892, -10.0, 103.822517395
-6.19360924, -10.0, 103.415786743
-7.25563908, -10.0, 103.037826538
-8.31766891, -10.0, 102.688110352
-9.37969971, -10.0, 102.364814758
-10.4417295, -10.0, 102.065414429
-11.5037594, -10.0, 101.787086487
-12.5657892, -10.0, 101.526931763
-13.62782, -10.0, 101.282173157
-14.6898499, -10.0, 101.050163269
-15.7518797, -10.0, 100.828430176
-16.8139095, -10.0, 100.6146698
-17.8759403, -10.0, 100.406707764
-18.9379692, -10.0, 100.202484131
98.9268417, -11.0, 110.217788696
97.8536835, -11.0, 110.434112549
96.7805328, -11.0, 110.647918701
95.7073746, -11.0, 110.858215332
94.6342163, -11.0, 111.064071655
93.561058, -11.0, 111.264663696
92.4878998, -11.0, 111.459266663
91.4147491, -11.0, 111.647262573
90.3415909, -11.0, 111.828163147
89.2684326, -11.0, 112.001609802
88.1952744, -11.0, 112.16734314
87.1221161, -11.0, 112.325218201
86.0489655, -11.0, 112.47518158
84.9758072, -11.0, 112.617294312
83.9026489, -11.0, 112.751655579
82.8294907, -11.0, 112.878448486
81.75634, -11.0, 112.997894287
80.6831818, -11.0, 113.110267639
79.6100235, -11.0, 113.215866089
78.5368652, -11.0, 113.315002441
77.463707, -11.0, 113.40801239
76.3905563, -11.0, 113.495223999
75.3173981, -11.0, 113.57698822
74.2442398, -11.0, 113.653633118
73.1710815, -11.0, 113.725502014
72.0979233, -11.0, 113.792907715
71.0247726, -11.0, 113.856178284
69.9516144, -11.0, 113.915603638
68.8784561, -11.0, 113.971488953
67.8052979, -11.0, 114.024108887
66.7321396, -11.0, 114.073738098
65.658989, -11.0, 114.120628357
64.5858307, -11.0, 114.165031433
63.5126724, -11.0, 114.207183838
62.439518, -11.0, 114.247306824
61.3663597, -11.0, 114.285614014
60.2932014, -11.0, 114.32232666
59.220047, -11.0, 114.357643127
58.1468887, -11.0, 114.391746521
57.0737343, -11.0, 114.424827576
56.000576, -11.0, 114.457077026
54.9274178, -11.0, 114.48866272
53.8542633, -11.0, 114.519760132
52.781105, -11.0, 114.550552368
51.7079506, -11.0, 114.581199646
50.6347923, -11.0, 114.611869812
49.5616341, -11.0, 114.642738342
48.4884796, -11.0, 114.673965454
47.4153214, -11.0, 114.705726624
46.3421669, -11.0, 114.738189697
45.2690086, -11.0, 114.771537781
44.1958542, -11.0, 114.80594635
43.1226959, -11.0, 114.841598511
42.0495377, -11.0, 114.878677368
40.9763832, -11.0, 114.917388916
39.9032249, -11.0, 114.957931519
38.8300705, -11.0, 115.000511169
37.7569122, -11.0, 115.04535675
36.683754, -11.0, 115.092689514
35.6105995, -11.0, 115.142753601
34.5374413, -11.0, 115.195808411
33.4642868, -11.0, 115.252105713
32.3911285, -11.0, 115.311927795
31.3179722, -11.0, 115.375572205
30.2448158, -11.0, 115.443344116
29.1716595, -11.0, 115.515563965
28.0985031, -11.0, 115.592567444
27.0253448, -11.0, 115.674690247
25.9521885, -11.0, 115.762275696
24.8790321, -11.0, 115.855674744
23.8058758, -11.0, 115.955192566
22.7327194, -11.0, 116.061096191
21.6595631, -11.0, 116.173576355
20.5864048, -11.0, 116.292678833
19.5132484, -11.0, 116.418243408
18.4400921, -11.0, 116.549819946
17.3669357, -11.0, 116.68649292
16.2937794, -11.0, 116.826797485
15.2206221, -11.0, 116.968475342
14.1474657, -11.0, 117.108314514
13.0743084, -11.0, 117.241981506
12.001152, -11.0, 117.363868713
10.9279957, -11.0, 117.46711731
9.85483837, -11.0, 117.543746948
8.78168201, -11.0, 117.585021973
7.70852518, -11.0, 117.58203125
6.63536882, -11.0, 117.526611328
5.56221199, -11.0, 117.412284851
4.48905516, -11.0, 117.235374451
3.41589856, -11.0, 116.995819092
2.34274197, -11.0, 116.697601318
1.26958525, -11.0, 116.348617554
0.196428567, -11.0, 115.959838867
-0.866541326, -11.0, 115.548072815
-1.92951131, -11.0, 115.122512817
-2.99248123, -11.0, 114.694793701
-4.05545092, -11.0, 114.274528503
-5.11842108, -11.0, 113.86882782
-6.18139076, -11.0, 113.482261658
-7.24436092, -11.0, 113.117195129
-8.30733109, -11.0, 112.774246216
-9.37030029, -11.0, 112.452789307
-10.4332705, -11.0, 112.151397705
-11.4962406, -11.0, 111.868186951
-12.5592108, -11.0, 111.601013184
-13.62218, -11.0, 111.347679138
-14.6851501, -11.0, 111.105987549
-15.7481203, -11.0, 110.873809814
-16.8110905, -11.0, 110.649078369
-17.8740597, -11.0, 110.42980957
-18.9370308, -11.0, 110.214080811
98.9270325, -12.0, 120.211921692
97.8540726, -12.0, 120.422485352
96.781105, -12.0, 120.630752563
95.7081375, -12.0, 120.835823059
94.6351776, -12.0, 121.036849976
93.5622101, -12.0, 121.233070374
92.4892502, -12.0, 121.423812866
91.4162827, -12.0, 121.60849762
90.3433151, -12.0, 121.786651611
89.2703552, -12.0, 121.95791626
88.1973877, -12.0, 122.122009277
87.1244202, -12.0, 122.278770447
86.0514603, -12.0, 122.428123474
84.9784927, -12.0, 122.570053101
83.9055328, -12.0, 122.70464325
82.8325653, -12.0, 122.832023621
81.7595978, -12.0, 122.952362061
80.6866379, -12.0, 123.065887451
79.6136703, -12.0, 123.172859192
78.5407028, -12.0, 123.273536682
77.4677429, -12.0, 123.368225098
76.3947754, -12.0, 123.457221985
75.3218155, -12.0, 123.540840149
74.248848, -12.0, 123.619400024
73.1758804, -12.0, 123.693199158
72.1029205, -12.0, 123.762550354
71.029953, -12.0, 123.82775116
69.9569855, -12.0, 123.889091492
68.8840256, -12.0, 123.946861267
67.811058, -12.0, 124.001335144
66.7380981, -12.0, 124.052764893
65.6651306, -12.0, 124.101425171
64.5921631, -12.0, 124.147544861
63.5191994, -12.0, 124.191368103
62.4462357, -12.0, 124.23311615
61.3732719, -12.0, 124.273010254
60.3003082, -12.0, 124.311264038
59.2273407, -12.0, 124.348075867
58.154377, -12.0, 124.383644104
57.0814133, -12.0, 124.418151855
56.0084496, -12.0, 124.451805115
54.935482, -12.0, 124.484764099
53.8625183, -12.0, 124.517219543
52.7895546, -12.0, 124.549346924
51.7165909, -12.0, 124.581321716
50.6436234, -12.0, 124.613304138
49.5706596, -12.0, 124.645477295
48.4976959, -12.0, 124.678009033
47.4247322, -12.0, 124.711074829
46.3517647, -12.0, 124.744842529
45.278801, -12.0, 124.779502869
44.2058372, -12.0, 124.815216064
43.1328735, -12.0, 124.85218811
42.059906, -12.0, 124.890586853
40.9869423, -12.0, 124.930618286
39.9139786, -12.0, 124.972480774
38.8410149, -12.0, 125.016365051
37.7680473, -12.0, 125.062492371
36.6950836, -12.0, 125.111076355
35.6221199, -12.0, 125.162345886
34.5491562, -12.0, 125.216529846
33.4761887, -12.0, 125.273864746
32.4032249, -12.0, 125.334594727
31.3302612, -12.0, 125.398963928
30.2572956, -12.0, 125.46723938
29.1843319, -12.0, 125.539665222
28.1113663, -12.0, 125.616500854
27.0384026, -12.0, 125.697975159
25.9654369, -12.0, 125.784317017
24.8924732, -12.0, 125.875717163
23.8195076, -12.0, 125.972312927
22.7465439, -12.0, 126.074157715
21.6735783, -12.0, 126.18119812
20.6006145, -12.0, 126.293212891
19.5276489, -12.0, 126.409736633
18.4546852, -12.0, 126.530006409
17.3817196, -12.0, 126.652832031
16.3087559, -12.0, 126.776504517
15.2357912, -12.0, 126.898628235
14.1628265, -12.0, 127.016044617
13.0898619, -12.0, 127.124725342
12.0168972, -12.0, 127.219718933
10.9439325, -12.0, 127.295204163
9.87096786, -12.0, 127.344680786
8.7980032, -12.0, 127.36125946
7.72503853, -12.0, 127.338195801
6.65207386, -12.0, 127.269508362
5.57910919, -12.0, 127.150665283
4.50614452, -12.0, 126.979309082
3.43317962, -12.0, 126.755775452
2.36021495, -12.0, 126.483314514
1.2872504, -12.0, 126.167976379
0.214285716, -12.0, 125.818031311
-0.849624038, -12.0, 125.446342468
-1.91353381, -12.0, 125.059867859
-2.9774437, -12.0, 124.667808533
-4.04135323, -12.0, 124.278076172
-5.10526323, -12.0, 123.89692688
-6.16917276, -12.0, 123.528770447
-7.23308277, -12.0, 123.176345825
-8.2969923, -12.0, 122.840950012
-9.36090183, -12.0, 122.522766113
-10.4248123, -12.0, 122.221183777
-11.4887218, -12.0, 121.935028076
-12.5526314, -12.0, 121.662811279
-13.6165409, -12.0, 121.402854919
-14.6804514, -12.0, 121.153366089
-15.7443609, -12.0, 120.91254425
-16.8082714, -12.0, 120.678573608
-17.8721809, -12.0, 120.449668884
-18.9360905, -12.0, 120.224060059
98.9272308, -13.0, 130.206924438
97.854454, -13.0, 130.412582397
96.7816849, -13.0, 130.616134644
95.7089081, -13.0, 130.816726685
94.6361389, -13.0, 131.01361084
93.5633621, -13.0, 131.206085205
92.490593, -13.0, 131.393478394
91.4178162, -13.0, 131.575286865
90.345047, -13.0, 131.751037598
89.2722702, -13.0, 131.920349121
88.199501, -13.0, 132.082962036
87.1267319, -13.0, 132.238693237
86.0539551, -13.0, 132.387435913
84.9811859, -13.0, 132.529129028
83.9084091, -13.0, 132.663848877
82.83564, -13.0, 132.791656494
81.7628632, -13.0, 132.912689209
80.690094, -13.0, 133.027160645
79.6173172, -13.0, 133.135253906
78.544548, -13.0, 133.237213135
77.4717712, -13.0, 133.333328247
76.3990021, -13.0, 133.423843384
75.3262253, -13.0, 133.509048462
74.2534561, -13.0, 133.589233398
73.180687, -13.0, 133.664703369
72.1079102, -13.0, 133.735733032
71.035141, -13.0, 133.802612305
69.9623642, -13.0, 133.865631104
68.889595, -13.0, 133.925048828
67.8168182, -13.0, 133.981140137
66.7440491, -13.0, 134.034164429
65.6712723, -13.0, 134.084365845
64.5985031, -13.0, 134.132003784
63.5257301, -13.0, 134.177307129
62.4529572, -13.0, 134.220489502
61.3801842, -13.0, 134.261779785
60.3074112, -13.0, 134.301391602
59.2346382, -13.0, 134.339538574
58.1618652, -13.0, 134.376403809
57.0890923, -13.0, 134.412185669
56.0163193, -13.0, 134.447067261
54.9435501, -13.0, 134.481246948
53.8707771, -13.0, 134.514907837
52.7980042, -13.0, 134.548233032
51.7252312, -13.0, 134.581375122
50.6524582, -13.0, 134.614517212
49.5796852, -13.0, 134.647842407
48.5069122, -13.0, 134.681533813
47.4341393, -13.0, 134.715744019
46.3613663, -13.0, 134.750671387
45.2885933, -13.0, 134.786483765
44.2158203, -13.0, 134.823348999
43.1430473, -13.0, 134.861480713
42.0702782, -13.0, 134.901031494
40.9975052, -13.0, 134.942214966
39.9247322, -13.0, 134.985198975
38.8519592, -13.0, 135.030212402
37.7791862, -13.0, 135.077438354
36.7064133, -13.0, 135.127090454
35.6336403, -13.0, 135.179367065
34.5608673, -13.0, 135.234466553
33.4880943, -13.0, 135.292633057
32.4153214, -13.0, 135.354049683
31.3425503, -13.0, 135.418945312
30.2697773, -13.0, 135.487503052
29.1970043, -13.0, 135.559936523
28.1242313, -13.0, 135.636398315
27.0514584, -13.0, 135.717056274
25.9786873, -13.0, 135.802001953
24.9059143, -13.0, 135.891311646
23.8331413, -13.0, 135.984954834
22.7603683, -13.0, 136.082809448
21.6875954, -13.0, 136.184646606
20.6148243, -13.0, 136.289993286
19.5420513, -13.0, 136.398178101
18.4692783, -13.0, 136.508224487
17.3965054, -13.0, 136.618743896
16.3237324, -13.0, 136.727905273
15.2509604, -13.0, 136.833282471
14.1781874, -13.0, 136.931854248
13.1054144, -13.0, 137.019943237
12.0326424, -13.0, 137.093185425
10.9598694, -13.0, 137.146652222
9.88709641, -13.0, 137.175033569
8.81432438, -13.0, 137.172866821
7.7415514, -13.0, 137.134979248
6.6687789, -13.0, 137.056915283
5.59600592, -13.0, 136.935470581
4.52323341, -13.0, 136.76914978
3.45046091, -13.0, 136.558441162
2.37768817, -13.0, 136.306060791
1.30491555, -13.0, 136.016723633
0.232142851, -13.0, 135.696792603
-0.832706749, -13.0, 135.356323242
-1.89755642, -13.0, 135.000717163
-2.96240592, -13.0, 134.63734436
-4.02725554, -13.0, 134.272796631
-5.09210539, -13.0, 133.912490845
-6.15695477, -13.0, 133.560577393
-7.22180462, -13.0, 133.219863892
-8.28665447, -13.0, 132.892044067
-9.35150337, -13.0, 132.577819824
-10.4163532, -13.0, 132.277160645
-11.4812031, -13.0, 131.989456177
-12.5460529, -13.0, 131.7137146
-13.6109018, -13.0, 131.44871521
-14.6757517, -13.0, 131.193023682
-15.7406015, -13.0, 130.945144653
-16.8054504, -13.0, 130.70350647
-17.8703003, -13.0, 130.466506958
-18.9351501, -13.0, 130.232543945
98.9274216, -14.0, 140.202713013
97.8548355, -14.0, 140.404251099
96.7822571, -14.0, 140.603820801
95.7096786, -14.0, 140.80065918
94.6371002, -14.0, 140.994049072
93.5645142, -14.0, 141.183319092
92.4919357, -14.0, 141.367889404
91.4193573, -14.0, 141.547225952
90.3467712, -14.0, 141.72088623
89.2741928, -14.0, 141.888519287
88.2016144, -14.0, 142.049819946
87.1290359, -14.0, 142.204620361
86.0564499, -14.0, 142.352783203
84.9838715, -14.0, 142.494232178
83.911293, -14.0, 142.628982544
82.838707, -14.0, 142.757095337
81.7661285, -14.0, 142.878692627
80.6935501, -14.0, 142.993896484
79.6209641, -14.0, 143.102920532
78.5483856, -14.0, 143.205947876
77.4758072, -14.0, 143.303222656
76.4032288, -14.0, 143.395004272
75.3306427, -14.0, 143.481552124
74.2580643, -14.0, 143.56312561
73.1854858, -14.0, 143.640014648
72.1128998, -14.0, 143.712478638
71.0403214, -14.0, 143.780792236
69.9677429, -14.0, 143.845230103
68.8951645, -14.0, 143.906066895
67.8225784, -14.0, 143.963546753
66.75, -14.0, 144.017944336
65.6774216, -14.0, 144.069488525
64.6048355, -14.0, 144.118438721
63.5322571, -14.0, 144.165008545
62.4596786, -14.0, 144.209442139
61.3870964, -14.0, 144.251953125
60.314518, -14.0, 144.292755127
59.2419357, -14.0, 144.332046509
58.1693535, -14.0, 144.370040894
57.0967751, -14.0, 144.406921387
56.0241928, -14.0, 144.442901611
54.9516144, -14.0, 144.478134155
53.8790321, -14.0, 144.5128479
52.8064499, -14.0, 144.547195435
51.7338715, -14.0, 144.581359863
50.6612892, -14.0, 144.615509033
49.5887108, -14.0, 144.649856567
48.5161285, -14.0, 144.684539795
47.4435501, -14.0, 144.71975708
46.3709679, -14.0, 144.75567627
45.2983856, -14.0, 144.792480469
44.2258072, -14.0, 144.830337524
43.1532249, -14.0, 144.86946106
42.0806465, -14.0, 144.910003662
41.0080643, -14.0, 144.952163696
39.935482, -14.0, 144.996124268
38.8629036, -14.0, 145.04208374
37.7903214, -14.0, 145.09022522
36.7177429, -14.0, 145.140762329
35.6451607, -14.0, 145.193862915
34.5725822, -14.0, 145.249710083
33.5, -14.0, 145.308517456
32.4274178, -14.0, 145.37046814
31.3548393, -14.0, 145.435699463
30.282259, -14.0, 145.504394531
29.2096767, -14.0, 145.576675415
28.1370964, -14.0, 145.652664185
27.0645161, -14.0, 145.732406616
25.9919357, -14.0, 145.815917969
24.9193554, -14.0, 145.903167725
23.8467751, -14.0, 145.993988037
22.7741928, -14.0, 146.088119507
21.7016125, -14.0, 146.185134888
20.6290321, -14.0, 146.284454346
19.5564518, -14.0, 146.38520813
18.4838715, -14.0, 146.486251831
17.4112911, -14.0, 146.586120605
16.3387089, -14.0, 146.682891846
15.2661295, -14.0, 146.774200439
14.1935482, -14.0, 146.857208252
13.1209679, -14.0, 146.928543091
12.0483875, -14.0, 146.984390259
10.9758062, -14.0, 147.020553589
9.9032259, -14.0, 147.03263855
8.83064556, -14.0, 147.016265869
7.75806475, -14.0, 146.967422485
6.68548393, -14.0, 146.882736206
5.61290312, -14.0, 146.759902954
4.54032278, -14.0, 146.597946167
3.46774197, -14.0, 146.397491455
2.39516139, -14.0, 146.160751343
1.3225807, -14.0, 145.891525269
0.25, -14.0, 145.594848633
-0.815789461, -14.0, 145.278656006
-1.88157892, -14.0, 144.947311401
-2.94736838, -14.0, 144.606842041
-4.01315784, -14.0, 144.262771606
-5.07894754, -14.0, 143.919830322
-6.14473677, -14.0, 143.581817627
-7.21052647, -14.0, 143.251495361
-8.27631569, -14.0, 142.930770874
-9.34210491, -14.0, 142.620651245
-10.4078951, -14.0, 142.321517944
-11.4736843, -14.0, 142.033187866
-12.5394735, -14.0, 141.755081177
-13.6052628, -14.0, 141.486297607
-14.6710529, -14.0, 141.225738525
-15.7368422, -14.0, 140.972167969
-16.8026314, -14.0, 140.724227905
-17.8684216, -14.0, 140.480529785
-18.9342098, -14.0, 140.239608765
98.9276123, -15.0, 150.199249268
97.8552246, -15.0, 150.397384644
96.7828369, -15.0, 150.593658447
95.7104492, -15.0, 150.787384033
94.6380539, -15.0, 150.977874756
93.5656662, -15.0, 151.164505005
92.4932785, -15.0, 151.346694946
91.4208908, -15.0, 151.523971558
90.3485031, -15.0, 151.695877075
89.2761154, -15.0, 151.862060547
88.2037277, -15.0, 152.022262573
87.13134, -15.0, 152.176239014
86.0589447, -15.0, 152.323867798
84.986557, -15.0, 152.465072632
83.9141693, -15.0, 152.599822998
82.8417816, -15.0, 152.728149414
81.7693939, -15.0, 152.850158691
80.6970062, -15.0, 152.965957642
79.6246185, -15.0, 153.075714111
78.5522308, -15.0, 153.179611206
77.4798355, -15.0, 153.27784729
76.4074478, -15.0, 153.370681763
75.3350601, -15.0, 153.458328247
74.2626724, -15.0, 153.541046143
73.1902847, -15.0, 153.619094849
72.117897, -15.0, 153.692749023
71.0455093, -15.0, 153.762268066
69.9731216, -15.0, 153.827911377
68.9007263, -15.0, 153.889938354
67.8283386, -15.0, 153.94859314
66.7559509, -15.0, 154.004135132
65.6835632, -15.0, 154.05682373
64.6111755, -15.0, 154.106872559
63.5387878, -15.0, 154.154525757
62.4663963, -15.0, 154.200012207
61.3940086, -15.0, 154.243545532
60.3216209, -15.0, 154.285354614
59.2492332, -15.0, 154.325622559
58.1768417, -15.0, 154.364578247
57.104454, -15.0, 154.402404785
56.0320663, -15.0, 154.439285278
54.9596786, -15.0, 154.47543335
53.8872871, -15.0, 154.511032104
52.8148994, -15.0, 154.54624939
51.7425117, -15.0, 154.581283569
50.6701241, -15.0, 154.61630249
49.5977325, -15.0, 154.651489258
48.5253448, -15.0, 154.687026978
47.4529572, -15.0, 154.723083496
46.3805695, -15.0, 154.759841919
45.3081779, -15.0, 154.797485352
44.2357903, -15.0, 154.836181641
43.1634026, -15.0, 154.87612915
42.0910149, -15.0, 154.917510986
41.0186234, -15.0, 154.960479736
39.9462357, -15.0, 155.005249023
38.873848, -15.0, 155.052001953
37.8014603, -15.0, 155.100906372
36.7290688, -15.0, 155.152145386
35.6566811, -15.0, 155.2059021
34.5842934, -15.0, 155.26234436
33.5119057, -15.0, 155.321655273
32.439518, -15.0, 155.383956909
31.3671284, -15.0, 155.449417114
30.2947388, -15.0, 155.518127441
29.2223511, -15.0, 155.590179443
28.1499615, -15.0, 155.665634155
27.0775738, -15.0, 155.744476318
26.0051842, -15.0, 155.826629639
24.9327965, -15.0, 155.911941528
23.8604069, -15.0, 156.000183105
22.7880192, -15.0, 156.0909729
21.7156296, -15.0, 156.183746338
20.6432419, -15.0, 156.277786255
19.5708523, -15.0, 156.372116089
18.4984646, -15.0, 156.465499878
17.426075, -15.0, 156.556396484
16.3536873, -15.0, 156.642883301
15.2812977, -15.0, 156.722671509
14.208909, -15.0, 156.793075562
13.1365204, -15.0, 156.851043701
12.0641317, -15.0, 156.893188477
10.9917431, -15.0, 156.915924072
9.91935444, -15.0, 156.915557861
8.84696579, -15.0, 156.888534546
7.77457762, -15.0, 156.831634521
6.70218897, -15.0, 156.742294312
5.62980032, -15.0, 156.618789673
4.55741167, -15.0, 156.460540771
3.48502302, -15.0, 156.268157959
2.41263437, -15.0, 156.043548584
1.34024572, -15.0, 155.789810181
0.267857134, -15.0, 155.511016846
-0.798872173, -15.0, 155.213592529
-1.86560154, -15.0, 154.901153564
-2.93233085, -15.0, 154.578720093
-3.99906015, -15.0, 154.25100708
-5.0657897, -15.0, 153.922180176
-6.13251877, -15.0, 153.595687866
-7.19924831, -15.0, 153.274246216
-8.26597786, -15.0, 152.959793091
-9.33270645, -15.0, 152.653549194
-10.399436, -15.0, 152.356170654
-11.4661655, -15.0, 152.0677948
-12.5328951, -15.0, 151.788101196
-13.5996237, -15.0, 151.516525269
-14.6663532, -15.0, 151.252212524
-15.7330828, -15.0, 150.994140625
-16.7998123, -15.0, 150.741149902
-17.8665409, -15.0, 150.492004395
-18.9332714, -15.0, 150.245407104
98.927803, -16.0, 160.196456909
97.8556061, -16.0, 160.391860962
96.7834091, -16.0, 160.585510254
95.7112122, -16.0, 160.77671814
94.6390152, -16.0, 160.964874268
93.5668182, -16.0, 161.149368286
92.4946213, -16.0, 161.329650879
91.4224243, -16.0, 161.505233765
90.3502274, -16.0, 161.675720215
89.2780304, -16.0, 161.84072876
88.2058334, -16.0, 162.0
87.1336441, -16.0, 162.153289795
86.0614471, -16.0, 162.300476074
84.9892502, -16.0, 162.441436768
83.9170532, -16.0, 162.576156616
82.8448563, -16.0, 162.70463562
81.7726593, -16.0, 162.826965332
80.7004623, -16.0, 162.943222046
79.6282654, -16.0, 163.053543091
78.5560684, -16.0, 163.158111572
77.4838715, -16.0, 163.257125854
76.4116745, -16.0, 163.350784302
75.3394775, -16.0, 163.439300537
74.2672806, -16.0, 163.522949219
73.1950836, -16.0, 163.601959229
72.1228867, -16.0, 163.676574707
71.0506897, -16.0, 163.747070312
69.9784927, -16.0, 163.813674927
68.9062958, -16.0, 163.876663208
67.8340988, -16.0, 163.936279297
66.7619019, -16.0, 163.992767334
65.6897049, -16.0, 164.04637146
64.6175079, -16.0, 164.097320557
63.5453148, -16.0, 164.145858765
62.4731178, -16.0, 164.192214966
61.4009209, -16.0, 164.236602783
60.3287239, -16.0, 164.279220581
59.2565269, -16.0, 164.320297241
58.18433, -16.0, 164.360031128
57.1121368, -16.0, 164.398635864
56.0399399, -16.0, 164.436279297
54.9677429, -16.0, 164.47315979
53.895546, -16.0, 164.509490967
52.823349, -16.0, 164.545425415
51.751152, -16.0, 164.581161499
50.6789551, -16.0, 164.616882324
49.6067581, -16.0, 164.652770996
48.5345612, -16.0, 164.688995361
47.4623642, -16.0, 164.725738525
46.3901672, -16.0, 164.763183594
45.3179741, -16.0, 164.801513672
44.2457771, -16.0, 164.840896606
43.1735802, -16.0, 164.881515503
42.1013832, -16.0, 164.923553467
41.0291862, -16.0, 164.967193604
39.9569893, -16.0, 165.01260376
38.8847923, -16.0, 165.0599823
37.8125954, -16.0, 165.109481812
36.7403984, -16.0, 165.1612854
35.6682014, -16.0, 165.215545654
34.5960045, -16.0, 165.272445679
33.5238113, -16.0, 165.332107544
32.4516144, -16.0, 165.394683838
31.3794155, -16.0, 165.460266113
30.3072205, -16.0, 165.528930664
29.2350235, -16.0, 165.600723267
28.1628265, -16.0, 165.675643921
27.0906296, -16.0, 165.753631592
26.0184326, -16.0, 165.834564209
24.9462357, -16.0, 165.918197632
23.8740406, -16.0, 166.004211426
22.8018436, -16.0, 166.092132568
21.7296467, -16.0, 166.181304932
20.6574497, -16.0, 166.270935059
19.5852528, -16.0, 166.359954834
18.5130577, -16.0, 166.447067261
17.4408607, -16.0, 166.530685425
16.3686638, -16.0, 166.608917236
15.2964668, -16.0, 166.679550171
14.2242708, -16.0, 166.74005127
13.1520739, -16.0, 166.787643433
12.0798769, -16.0, 166.819290161
11.0076809, -16.0, 166.831832886
9.93548393, -16.0, 166.822143555
8.86328697, -16.0, 166.787246704
7.79109049, -16.0, 166.72454834
6.718894, -16.0, 166.631988525
5.64669752, -16.0, 166.508270264
4.57450056, -16.0, 166.353042603
3.50230408, -16.0, 166.166931152
2.43010759, -16.0, 165.951568604
1.35791087, -16.0, 165.709594727
0.285714298, -16.0, 165.444381714
-0.781954885, -16.0, 165.161178589
-1.84962404, -16.0, 164.86315918
-2.91729331, -16.0, 164.554611206
-3.98496246, -16.0, 164.239624023
-5.05263138, -16.0, 163.921920776
-6.12030077, -16.0, 163.604690552
-7.18797016, -16.0, 163.290481567
-8.25563908, -16.0, 162.981277466
-9.32330799, -16.0, 162.678436279
-10.3909779, -16.0, 162.382751465
-11.4586468, -16.0, 162.094604492
-12.5263157, -16.0, 161.813903809
-13.5939846, -16.0, 161.540283203
-14.6616545, -16.0, 161.273117065
-15.7293234, -16.0, 161.011535645
-16.7969933, -16.0, 160.754577637
-17.8646622, -16.0, 160.50112915
-18.9323311, -16.0, 160.250015259
98.9279938, -17.0, 170.19430542
97.8559875, -17.0, 170.38760376
96.783989, -17.0, 170.579238892
95.7119827, -17.0, 170.76852417
94.6399765, -17.0, 170.95489502
93.5679703, -17.0, 171.137741089
92.4959641, -17.0, 171.316543579
91.4239655, -17.0, 171.490829468
90.3519592, -17.0, 171.660186768
89.279953, -17.0, 171.824295044
88.2079468, -17.0, 171.982818604
87.1359482, -17.0, 172.135574341
86.063942, -17.0, 172.282394409
84.9919357, -17.0, 172.423156738
83.9199295, -17.0, 172.557830811
82.8479233, -17.0, 172.686416626
81.7759247, -17.0, 172.808959961
80.7039185, -17.0, 172.925552368
79.6319122, -17.0, 173.036315918
78.559906, -17.0, 173.141403198
77.4878998, -17.0, 173.240982056
76.4159012, -17.0, 173.335266113
75.343895, -17.0, 173.424484253
74.2718887, -17.0, 173.508834839
73.1998825, -17.0, 173.588562012
72.1278839, -17.0, 173.663925171
71.0558777, -17.0, 173.735168457
69.9838715, -17.0, 173.802520752
68.9118652, -17.0, 173.866256714
67.839859, -17.0, 173.926620483
66.7678604, -17.0, 173.983840942
65.6958542, -17.0, 174.038162231
64.623848, -17.0, 174.089813232
63.5518417, -17.0, 174.139053345
62.4798393, -17.0, 174.186065674
61.4078331, -17.0, 174.231109619
60.3358307, -17.0, 174.274368286
59.2638245, -17.0, 174.316085815
58.1918221, -17.0, 174.356430054
57.1198158, -17.0, 174.395614624
56.0478096, -17.0, 174.433853149
54.9758072, -17.0, 174.471313477
53.903801, -17.0, 174.508209229
52.8317986, -17.0, 174.544708252
51.7597923, -17.0, 174.580993652
50.6877899, -17.0, 174.617263794
49.6157837, -17.0, 174.653686523
48.5437775, -17.0, 174.690444946
47.4717751, -17.0, 174.727722168
46.3997688, -17.0, 174.765701294
45.3277664, -17.0, 174.804550171
44.2557602, -17.0, 174.844467163
43.183754, -17.0, 174.885604858
42.1117516, -17.0, 174.928161621
41.0397453, -17.0, 174.972290039
39.9677429, -17.0, 175.018203735
38.8957367, -17.0, 175.066040039
37.8237343, -17.0, 175.115997314
36.7517281, -17.0, 175.168212891
35.6797218, -17.0, 175.222869873
34.6077194, -17.0, 175.280075073
33.5357132, -17.0, 175.340011597
32.4637108, -17.0, 175.402740479
31.3917046, -17.0, 175.46836853
30.3197002, -17.0, 175.536956787
29.2476959, -17.0, 175.60848999
28.1756916, -17.0, 175.682952881
27.1036873, -17.0, 175.760223389
26.031683, -17.0, 175.840133667
24.9596767, -17.0, 175.922393799
23.8876724, -17.0, 176.006591797
22.8156681, -17.0, 176.092193604
21.7436638, -17.0, 176.178527832
20.6716595, -17.0, 176.264663696
19.5996552, -17.0, 176.349533081
18.5276489, -17.0, 176.431777954
17.4556446, -17.0, 176.509796143
16.3836403, -17.0, 176.581726074
15.311636, -17.0, 176.645431519
14.2396317, -17.0, 176.698516846
13.1676264, -17.0, 176.738388062
12.0956221, -17.0, 176.762298584
11.0236177, -17.0, 176.767425537
9.95161247, -17.0, 176.751037598
8.87960815, -17.0, 176.71055603
7.80760384, -17.0, 176.643814087
6.73559904, -17.0, 176.549118042
5.66359425, -17.0, 176.425476074
4.59158993, -17.0, 176.272628784
3.51958537, -17.0, 176.0912323
2.44758058, -17.0, 175.882720947
1.37557602, -17.0, 175.649398804
0.303571433, -17.0, 175.394180298
-0.765037596, -17.0, 175.121398926
-1.83364666, -17.0, 174.833984375
-2.90225554, -17.0, 174.535690308
-3.97086477, -17.0, 174.230209351
-5.03947353, -17.0, 173.92086792
-6.10808277, -17.0, 173.610656738
-7.17669153, -17.0, 173.302032471
-8.24530029, -17.0, 172.996932983
-9.31390953, -17.0, 172.696807861
-10.3825188, -17.0, 172.402572632
-11.451128, -17.0, 172.114730835
-12.5197372, -17.0, 171.833374023
-13.5883455, -17.0, 171.558303833
-14.6569548, -17.0, 171.289001465
-15.725564, -17.0, 171.024810791
-16.7941723, -17.0, 170.764846802
-17.8627815, -17.0, 170.508102417
-18.9313908, -17.0, 170.253540039
98.9281845, -18.0, 180.192779541
97.8563766, -18.0, 180.38458252
96.7845612, -18.0, 180.574768066
95.7127533, -18.0, 180.762710571
94.6409378, -18.0, 180.947784424
93.5691223, -18.0, 181.129455566
92.4973145, -18.0, 181.3072052
91.425499, -18.0, 181.480575562
90.3536835, -18.0, 181.649139404
89.2818756, -18.0, 181.812576294
88.2100601, -18.0, 181.970581055
87.1382523, -18.0, 182.122940063
86.0664368, -18.0, 182.269485474
84.9946213, -18.0, 182.410110474
83.9228134, -18.0, 182.54473877
82.8509979, -18.0, 182.67338562
81.7791824, -18.0, 182.796081543
80.7073746, -18.0, 182.912902832
79.6355591, -18.0, 183.023956299
78.5637512, -18.0, 183.129394531
77.4919357, -18.0, 183.229385376
76.4201202, -18.0, 183.324127197
75.3483124, -18.0, 183.413803101
74.2764969, -18.0, 183.498657227
73.2046814, -18.0, 183.578903198
72.1328735, -18.0, 183.654800415
71.061058, -18.0, 183.726577759
69.9892502, -18.0, 183.794464111
68.9174347, -18.0, 183.858734131
67.8456192, -18.0, 183.919616699
66.7738113, -18.0, 183.977355957
65.7019958, -18.0, 184.032196045
64.630188, -18.0, 184.084365845
63.5583725, -18.0, 184.134078979
62.4865608, -18.0, 184.18157959
61.4147453, -18.0, 184.227096558
60.3429337, -18.0, 184.270812988
59.271122, -18.0, 184.312973022
58.1993103, -18.0, 184.353759766
57.1274948, -18.0, 184.393386841
56.0556831, -18.0, 184.432037354
54.9838715, -18.0, 184.469909668
53.9120598, -18.0, 184.507202148
52.8402443, -18.0, 184.5440979
51.7684326, -18.0, 184.580780029
50.6966209, -18.0, 184.617446899
49.6248093, -18.0, 184.654251099
48.5529938, -18.0, 184.691390991
47.4811821, -18.0, 184.729049683
46.4093704, -18.0, 184.76739502
45.3375587, -18.0, 184.806625366
44.2657433, -18.0, 184.846908569
43.1939316, -18.0, 184.888397217
42.1221199, -18.0, 184.93132019
41.0503082, -18.0, 184.975799561
39.9784927, -18.0, 185.02204895
38.9066811, -18.0, 185.070220947
37.8348694, -18.0, 185.12046814
36.7630577, -18.0, 185.172973633
35.691246, -18.0, 185.227874756
34.6194305, -18.0, 185.285308838
33.5476189, -18.0, 185.345397949
32.4758072, -18.0, 185.408218384
31.4039936, -18.0, 185.473861694
30.3321819, -18.0, 185.542358398
29.2603683, -18.0, 185.613677979
28.1885567, -18.0, 185.687774658
27.1167431, -18.0, 185.76449585
26.0449314, -18.0, 185.84362793
24.9731178, -18.0, 185.924850464
23.9013062, -18.0, 186.007705688
22.8294926, -18.0, 186.091644287
21.7576809, -18.0, 186.175888062
20.6858673, -18.0, 186.259521484
19.6140556, -18.0, 186.341415405
18.5422421, -18.0, 186.420196533
17.4704304, -18.0, 186.494262695
16.3986168, -18.0, 186.561782837
15.3268051, -18.0, 186.620681763
14.2549925, -18.0, 186.668640137
13.1831799, -18.0, 186.70324707
12.1113672, -18.0, 186.721893311
11.0395546, -18.0, 186.722045898
9.96774197, -18.0, 186.701171875
8.89592934, -18.0, 186.657043457
7.82411671, -18.0, 186.58770752
6.75230408, -18.0, 186.491744995
5.68049145, -18.0, 186.368301392
4.60867882, -18.0, 186.217254639
3.53686643, -18.0, 186.039215088
2.4650538, -18.0, 185.835494995
1.39324117, -18.0, 185.608169556
0.321428567, -18.0, 185.359848022
-0.748120308, -18.0, 185.094192505
-1.81766915, -18.0, 184.814025879
-2.887218, -18.0, 184.522781372
-3.95676684, -18.0, 184.223831177
-5.02631569, -18.0, 183.920288086
-6.09586477, -18.0, 183.614959717
-7.16541338, -18.0, 183.310241699
-8.23496246, -18.0, 183.008041382
-9.30451107, -18.0, 182.709854126
-10.3740597, -18.0, 182.416656494
-11.4436092, -18.0, 182.129043579
-12.5131578, -18.0, 181.847244263
-13.5827065, -18.0, 181.571136475
-14.652256, -18.0, 181.300354004
-15.7218046, -18.0, 181.034301758
-16.7913532, -18.0, 180.772171021
-17.8609028, -18.0, 180.513092041
-18.9304504, -18.0, 180.256057739
98.9283829, -19.0, 190.191848755
97.8567581, -19.0, 190.382751465
96.785141, -19.0, 190.572067261
95.7135162, -19.0, 190.759185791
94.6418991, -19.0, 190.943496704
93.5702744, -19.0, 191.124450684
92.4986572, -19.0, 191.301559448
91.4270325, -19.0, 191.474365234
90.3554153, -19.0, 191.642456055
89.2837906, -19.0, 191.805480957
88.2121735, -19.0, 191.963165283
87.1405563, -19.0, 192.115280151
86.0689316, -19.0, 192.261642456
84.9973145, -19.0, 192.402160645
83.9256897, -19.0, 192.536773682
82.8540726, -19.0, 192.66545105
81.7824478, -19.0, 192.788223267
80.7108307, -19.0, 192.905181885
79.6392059, -19.0, 193.016418457
78.5675888, -19.0, 193.122070312
77.4959641, -19.0, 193.222305298
76.4243469, -19.0, 193.31729126
75.3527298, -19.0, 193.40725708
74.281105, -19.0, 193.492416382
73.2094879, -19.0, 193.572982788
72.1378632, -19.0, 193.649185181
71.066246, -19.0, 193.721282959
69.9946213, -19.0, 193.789505005
68.9230042, -19.0, 193.854095459
67.8513794, -19.0, 193.915298462
66.7797623, -19.0, 193.973342896
65.7081375, -19.0, 194.028488159
64.6365204, -19.0, 194.080963135
63.5648994, -19.0, 194.130981445
62.4932785, -19.0, 194.178771973
61.4216576, -19.0, 194.224563599
60.3500366, -19.0, 194.268569946
59.2784195, -19.0, 194.31098938
58.2067986, -19.0, 194.352050781
57.1351776, -19.0, 194.391921997
56.0635567, -19.0, 194.430831909
54.9919357, -19.0, 194.468948364
53.9203148, -19.0, 194.506484985
52.8486938, -19.0, 194.543624878
51.7770729, -19.0, 194.580535889
50.705452, -19.0, 194.617431641
49.633831, -19.0, 194.654464722
48.5622101, -19.0, 194.691833496
47.490593, -19.0, 194.729705811
46.418972, -19.0, 194.768280029
45.3473511, -19.0, 194.807723999
44.2757301, -19.0, 194.848205566
43.2041092, -19.0, 194.889923096
42.1324883, -19.0, 194.933029175
41.0608673, -19.0, 194.977722168
39.9892464, -19.0, 195.024154663
38.9176254, -19.0, 195.072509766
37.8460045, -19.0, 195.122940063
36.7743874, -19.0, 195.175598145
35.7027664, -19.0, 195.230636597
34.6311455, -19.0, 195.28817749
33.5595245, -19.0, 195.348327637
32.4879036, -19.0, 195.411193848
31.4162827, -19.0, 195.476821899
30.3446617, -19.0, 195.545227051
29.2730408, -19.0, 195.616409302
28.2014217, -19.0, 195.690246582
27.1298008, -19.0, 195.766616821
26.0581799, -19.0, 195.84526062
24.9865589, -19.0, 195.925827026
23.914938, -19.0, 196.007873535
22.843317, -19.0, 196.090774536
21.771698, -19.0, 196.17376709
20.7000771, -19.0, 196.255889893
19.6284561, -19.0, 196.335998535
18.5568352, -19.0, 196.412734985
17.4852142, -19.0, 196.484466553
16.4135952, -19.0, 196.549407959
15.3419743, -19.0, 196.605499268
14.2703533, -19.0, 196.650512695
13.1987324, -19.0, 196.682098389
12.1271124, -19.0, 196.697769165
11.0554914, -19.0, 196.695129395
9.98387051, -19.0, 196.671798706
8.91225052, -19.0, 196.625701904
7.84062958, -19.0, 196.555038452
6.76900911, -19.0, 196.458526611
5.69738865, -19.0, 196.335403442
4.62576818, -19.0, 196.185577393
3.55414748, -19.0, 196.009658813
2.48252678, -19.0, 195.808883667
1.41090631, -19.0, 195.585189819
0.339285702, -19.0, 195.341018677
-0.73120302, -19.0, 195.079528809
-1.80169177, -19.0, 194.803588867
-2.87218046, -19.0, 194.516433716
-3.94266915, -19.0, 194.221252441
-5.01315784, -19.0, 193.921051025
-6.08364677, -19.0, 193.618530273
-7.15413523, -19.0, 193.316040039
-8.22462368, -19.0, 193.01550293
-9.29511261, -19.0, 192.71836853
-10.3656015, -19.0, 192.425720215
-11.4360905, -19.0, 192.138183594
-12.5065794, -19.0, 191.856048584
-13.5770674, -19.0, 191.57925415
-14.6475563, -19.0, 191.307495117
-15.7180452, -19.0, 191.040252686
-16.7885342, -19.0, 190.776779175
-17.8590221, -19.0, 190.516220093
-18.929512, -19.0, 190.257629395
2.01703215, 0.800000012, 20.9463939667
3.08206463, 0.800000012, 20.1927051544
4.14709663, 0.800000012, 17.9736289978
5.21212912, 0.800000012, 14.8555755615
6.27716112, 0.800000012, 11.3737354279
7.3421936, 0.800000012, 8.05728435516
8.40722561, 0.800000012, 5.25745773315
9.47225761, 0.800000012, 3.18347382545
10.5372906, 0.800000012, 1.52843141556
11.6023226, 0.800000012, -0.193090736866
12.6673546, 0.800000012, -0.964708864689
13.7323875, 0.800000012, -1.43918478489
14.7974195, 0.800000012, -1.77354872227
15.8624516, 0.800000012, -2.02467727661
16.9274845, 0.800000012, -2.22137403488
17.9925156, 0.800000012, -2.38052272797
19.0575485, 0.800000012, -2.51259851456
20.1225815, 0.800000012, -2.62431979179
21.1876125, 0.800000012, -2.72014045715
22.2526455, 0.800000012, -2.80313324928
23.3176765, 0.800000012, -2.87551403046
24.3827095, 0.800000012, -2.93895554543
25.4477425, 0.800000012, -2.99476528168
26.5127735, 0.800000012, -3.0439927578
27.5778065, 0.800000012, -3.08749890327
28.6428394, 0.800000012, -3.12600708008
29.7078705, 0.800000012, -3.16013550758
30.7729034, 0.800000012, -3.19041872025
31.8379364, 0.800000012, -3.2173230648
32.9029694, 0.800000012, -3.24125814438
33.9679985, 0.800000012, -3.26258444786
35.0330315, 0.800000012, -3.28162145615
36.0980644, 0.800000012, -3.29865050316
37.1630974, 0.800000012, -3.31392002106
38.2281303, 0.800000012, -3.32764720917
39.2931595, 0.800000012, -3.34002304077
40.3581924, 0.800000012, -3.35121631622
41.4232254, 0.800000012, -3.36137866974
42.4882584, 0.800000012, -3.37064504623
43.5532913, 0.800000012, -3.37913608551
44.6183243, 0.800000012, -3.38695979118
45.6833534, 0.800000012, -3.39421272278
46.7483864, 0.800000012, -3.40098285675
47.8134193, 0.800000012, -3.40735006332
48.8784523, 0.800000012, -3.41338777542
49.9434853, 0.800000012, -3.41916418076
51.0085144, 0.800000012, -3.42474246025
52.0735474, 0.800000012, -3.43018317223
53.1385803, 0.800000012, -3.4355442524
54.2036133, 0.800000012, -3.44088244438
55.2686462, 0.800000012, -3.44625377655
56.3336792, 0.800000012, -3.4517147541
57.3987083, 0.800000012, -3.45732402802
58.4637413, 0.800000012, -3.46314191818
59.5287743, 0.800000012, -3.46923327446
60.5938072, 0.800000012, -3.47566795349
61.6588402, 0.800000012, -3.48252153397
62.7238693, 0.800000012, -3.48987793922
63.7889023, 0.800000012, -3.49783110619
64.8539352, 0.800000012, -3.50648736954
65.9189682, 0.800000012, -3.51596689224
66.9840012, 0.800000012, -3.52640795708
68.0490341, 0.800000012, -3.53797006607
69.1140671, 0.800000012, -3.55083799362
70.1791, 0.800000012, -3.56522917747
71.2441254, 0.800000012, -3.58139586449
72.3091583, 0.800000012, -3.59963583946
73.3741913, 0.800000012, -3.62029933929
74.4392242, 0.800000012, -3.64379525185
75.5042572, 0.800000012, -3.67060470581
76.5692902, 0.800000012, -3.70129513741
77.6343231, 0.800000012, -3.73653531075
78.6993561, 0.800000012, -3.77711343765
79.764389, 0.800000012, -3.82395005226
80.829422, 0.800000012, -3.87811636925
81.894455, 0.800000012, -3.94085907936
82.9594803, 0.800000012, -4.0136218071
84.0245132, 0.800000012, -4.09805727005
85.0895462, 0.800000012, -4.19602584839
86.1545792, 0.800000012, -4.30959129333
87.2196121, 0.800000012, -4.44099235535
88.2846451, 0.800000012, -4.59256124496
89.349678, 0.800000012, -4.76663970947
90.414711, 0.800000012, -4.96558713913
91.479744, 0.800000012, -5.19193649292
92.5447769, 0.800000012, -5.44836091995
93.6098099, 0.800000012, -5.73675966263
94.6748352, 0.800000012, -6.05698823929
95.7398682, 0.800000012, -6.40661668777
96.8049011, 0.800000012, -6.78148794174
97.8699341, 0.800000012, -7.17620849609
98.934967, 0.800000012, -7.58457231522
2.95879579, 1.60000002, 18.4172477722
4.01359129, 1.60000002, 14.7331047058
5.06838703, 1.60000002, 10.2910900116
6.12318277, 1.60000002, 5.52193403244
7.17797852, 1.60000002, 1.12859332561
8.23277378, 1.60000002, -2.57834768295
9.28757, 1.60000002, -4.82464790344
10.3423653, 1.60000002, -6.41506624222
11.3971615, 1.60000002, -7.58084774017
12.4519567, 1.60000002, -8.31851482391
13.506753, 1.60000002, -8.78210735321
14.5615482, 1.60000002, -9.10746097565
15.6163445, 1.60000002, -9.35023403168
16.6711407, 1.60000002, -9.53990268707
17.725935, 1.60000002, -9.69380760193
18.7807312, 1.60000002, -9.82246494293
19.8355274, 1.60000002, -9.93234920502
20.8903217, 1.60000002, -10.0275449753
21.945118, 1.60000002, -10.1107416153
22.9999142, 1.60000002, -10.1838216782
24.0547104, 1.60000002, -10.2481975555
25.1095047, 1.60000002, -10.3049879074
26.1643009, 1.60000002, -10.3551139832
27.2190971, 1.60000002, -10.399353981
28.2738934, 1.60000002, -10.4383869171
29.3286877, 1.60000002, -10.4728107452
30.3834839, 1.60000002, -10.5031642914
31.4382801, 1.60000002, -10.5299263
32.4930763, 1.60000002, -10.5535259247
33.5478706, 1.60000002, -10.5743484497
34.6026649, 1.60000002, -10.5927381516
35.6574631, 1.60000002, -10.6090040207
36.7122574, 1.60000002, -10.623415947
37.7670555, 1.60000002, -10.6362113953
38.8218498, 1.60000002, -10.6475973129
39.8766441, 1.60000002, -10.6577529907
40.9314423, 1.60000002, -10.666841507
41.9862366, 1.60000002, -10.6750040054
43.0410309, 1.60000002, -10.6823682785
44.095829, 1.60000002, -10.6890468597
45.1506233, 1.60000002, -10.6951379776
46.2054176, 1.60000002, -10.7007303238
47.2602158, 1.60000002, -10.7059030533
48.3150101, 1.60000002, -10.7107286453
49.3698082, 1.60000002, -10.7152709961
50.4246025, 1.60000002, -10.7195920944
51.4793968, 1.60000002, -10.7237472534
52.5341949, 1.60000002, -10.7277898788
53.5889893, 1.60000002, -10.7317705154
54.6437836, 1.60000002, -10.7357387543
55.6985817, 1.60000002, -10.7397460938
56.753376, 1.60000002, -10.7438411713
57.8081703, 1.60000002, -10.7480783463
58.8629684, 1.60000002, -10.7525110245
59.9177628, 1.60000002, -10.7572002411
60.9725609, 1.60000002, -10.7622108459
62.0273552, 1.60000002, -10.767616272
63.0821495, 1.60000002, -10.7734956741
64.1369476, 1.60000002, -10.7799415588
65.1917419, 1.60000002, -10.7870607376
66.2465363, 1.60000002, -10.7949743271
67.3013306, 1.60000002, -10.8038225174
68.3561325, 1.60000002, -10.8137731552
69.4109268, 1.60000002, -10.8250217438
70.4657211, 1.60000002, -10.8377990723
71.5205154, 1.60000002, -10.8523836136
72.5753098, 1.60000002, -10.8691015244
73.6301041, 1.60000002, -10.8883428574
74.684906, 1.60000002, -10.9105682373
75.7397003, 1.60000002, -10.9363203049
76.7944946, 1.60000002, -10.9662485123
77.8492889, 1.60000002, -11.0011329651
78.9040833, 1.60000002, -11.0419034958
79.9588852, 1.60000002, -11.0896558762
81.0136795, 1.60000002, -11.1456670761
82.0684738, 1.60000002, -11.2114362717
83.1232681, 1.60000002, -11.2887210846
84.1780624, 1.60000002, -11.3795471191
85.2328568, 1.60000002, -11.4862174988
86.2876587, 1.60000002, -11.6113653183
87.342453, 1.60000002, -11.7579059601
88.3972473, 1.60000002, -11.928855896
89.4520416, 1.60000002, -12.1270895004
90.5068359, 1.60000002, -12.3551683426
91.5616379, 1.60000002, -12.615486145
92.6164322, 1.60000002, -12.9126739502
93.6712265, 1.60000002, -13.2522325516
94.7260208, 1.60000002, -13.6349716187
95.7808151, 1.60000002, -14.0567035675
96.8356094, 1.60000002, -14.5118684769
97.8904114, 1.60000002, -14.9931144714
98.9452057, 1.60000002, -15.4920425415
3.90055919, 2.4000001, 12.1708478928
4.94511843, 2.4000001, 6.3056602478
5.98967743, 2.4000001, -0.318825930357
7.03423643, 2.4000001, -5.29847717285
8.07879543, 2.4000001, -8.83113288879
9.12335491, 2.4000001, -11.1973323822
10.1679144, 2.4000001, -12.8026723862
11.2124729, 2.4000001, -13.9045944214
12.2570324, 2.4000001, -14.6438465118
13.3015919, 2.4000001, -15.1474342346
14.3461504, 2.4000001, -15.5043077469
15.3907099, 2.4000001, -15.7690563202
16.4352684, 2.4000001, -15.974612236
17.4798279, 2.4000001, -16.1412715912
18.5243874, 2.4000001, -16.281332016
19.5689468, 2.4000001, -16.4021148682
20.6135063, 2.4000001, -16.5079593658
21.6580639, 2.4000001, -16.6015090942
22.7026234, 2.4000001, -16.6844844818
23.7471828, 2.4000001, -16.7581272125
24.7917423, 2.4000001, -16.8234176636
25.8363018, 2.4000001, -16.8811893463
26.8808594, 2.4000001, -16.93217659
27.9254189, 2.4000001, -16.9770584106
28.9699783, 2.4000001, -17.0164680481
30.0145378, 2.4000001, -17.0510025024
31.0590973, 2.4000001, -17.0812149048
32.1036568, 2.4000001, -17.1076107025
33.1482162, 2.4000001, -17.1306552887
34.1927757, 2.4000001, -17.1507759094
35.2373352, 2.4000001, -17.1683502197
36.2818909, 2.4000001, -17.1837177277
37.3264503, 2.4000001, -17.1971759796
38.3710098, 2.4000001, -17.2089805603
39.4155693, 2.4000001, -17.2193546295
40.4601288, 2.4000001, -17.2284965515
41.5046883, 2.4000001, -17.2365760803
42.5492477, 2.4000001, -17.2437458038
43.5938072, 2.4000001, -17.2501354218
44.6383667, 2.4000001, -17.2558631897
45.6829262, 2.4000001, -17.2610263824
46.7274857, 2.4000001, -17.2657146454
47.7720413, 2.4000001, -17.2700080872
48.8166008, 2.4000001, -17.273973465
49.8611603, 2.4000001, -17.2776794434
50.9057198, 2.4000001, -17.2811832428
51.9502792, 2.4000001, -17.2845363617
52.9948387, 2.4000001, -17.2877941132
54.0393982, 2.4000001, -17.2910041809
55.0839577, 2.4000001, -17.294216156
56.1285172, 2.4000001, -17.2974777222
57.1730766, 2.4000001, -17.3008403778
58.2176361, 2.4000001, -17.3043556213
59.2621918, 2.4000001, -17.3080787659
60.3067513, 2.4000001, -17.3120765686
61.3513107, 2.4000001, -17.316411972
62.3958702, 2.4000001, -17.3211650848
63.4404297, 2.4000001, -17.3264255524
64.484993, 2.4000001, -17.3322906494
65.5295486, 2.4000001, -17.3388824463
66.5741043, 2.4000001, -17.3463344574
67.6186676, 2.4000001, -17.3548126221
68.6632233, 2.4000001, -17.3645095825
69.7077866, 2.4000001, -17.3756599426
70.7523422, 2.4000001, -17.3885402679
71.7969055, 2.4000001, -17.4034919739
72.8414612, 2.4000001, -17.420917511
73.8860245, 2.4000001, -17.4412994385
74.9305801, 2.4000001, -17.4652137756
75.9751434, 2.4000001, -17.4933357239
77.0196991, 2.4000001, -17.5264968872
78.0642548, 2.4000001, -17.5657024384
79.1088181, 2.4000001, -17.6121749878
80.1533737, 2.4000001, -17.6673660278
81.197937, 2.4000001, -17.7329540253
82.2424927, 2.4000001, -17.8109111786
83.287056, 2.4000001, -17.9035205841
84.3316116, 2.4000001, -18.0134029388
85.3761749, 2.4000001, -18.1435966492
86.4207306, 2.4000001, -18.2976436615
87.4652939, 2.4000001, -18.4798221588
88.5098495, 2.4000001, -18.6944599152
89.5544052, 2.4000001, -18.9457626343
90.5989685, 2.4000001, -19.2366027832
91.6435242, 2.4000001, -19.5681095123
92.6880875, 2.4000001, -19.9348487854
93.7326431, 2.4000001, -20.3701400757
94.7772064, 2.4000001, -20.8687210083
95.8217621, 2.4000001, -21.4221992493
96.8663254, 2.4000001, -22.0235958099
97.910881, 2.4000001, -22.6618900299
98.9554443, 2.4000001, -23.3247489929
4.84232235, 3.20000005, 3.05021071434
5.87664509, 3.20000005, -4.42122983932
6.91096783, 3.20000005, -9.8265209198
7.94529009, 3.20000005, -13.5548295975
8.9796133, 3.20000005, -16.1050319672
10.0139351, 3.20000005, -17.8713970184
11.0482578, 3.20000005, -19.088886261
12.0825806, 3.20000005, -19.9027423859
13.1169033, 3.20000005, -20.492855072
14.151226, 3.20000005, -20.9226112366
15.1855488, 3.20000005, -21.239730835
16.2198715, 3.20000005, -21.4832267761
17.2541943, 3.20000005, -21.679145813
18.288517, 3.20000005, -21.8436851501
19.3228378, 3.20000005, -21.9864501953
20.3571606, 3.20000005, -22.1128349304
21.3914833, 3.20000005, -22.2258415222
22.425806, 3.20000005, -22.3272075653
23.4601288, 3.20000005, -22.418050766
24.4944515, 3.20000005, -22.499212265
25.5287743, 3.20000005, -22.5714092255
26.563097, 3.20000005, -22.6353111267
27.5974197, 3.20000005, -22.6915950775
28.6317425, 3.20000005, -22.7409439087
29.6660652, 3.20000005, -22.7840309143
30.700388, 3.20000005, -22.8215141296
31.7347088, 3.20000005, -22.8540325165
32.7690315, 3.20000005, -22.8821773529
33.8033562, 3.20000005, -22.90650177
34.837677, 3.20000005, -22.9275112152
35.8720016, 3.20000005, -22.9456539154
36.9063225, 3.20000005, -22.9613323212
37.9406433, 3.20000005, -22.9748935699
38.974968, 3.20000005, -22.9866428375
40.0092888, 3.20000005, -22.9968471527
41.0436134, 3.20000005, -23.0057353973
42.0779343, 3.20000005, -23.013502121
43.1122589, 3.20000005, -23.0203170776
44.1465797, 3.20000005, -23.0263271332
45.1809044, 3.20000005, -23.0316543579
46.2152252, 3.20000005, -23.0364093781
47.2495499, 3.20000005, -23.040687561
48.2838707, 3.20000005, -23.0445690155
49.3181953, 3.20000005, -23.0481319427
50.3525162, 3.20000005, -23.0514392853
51.386837, 3.20000005, -23.0545520782
52.4211617, 3.20000005, -23.0575294495
53.4554825, 3.20000005, -23.0604248047
54.4898071, 3.20000005, -23.0632858276
55.524128, 3.20000005, -23.0661678314
56.5584526, 3.20000005, -23.0691223145
57.5927734, 3.20000005, -23.0722007751
58.6270981, 3.20000005, -23.0754623413
59.6614189, 3.20000005, -23.0789699554
60.6957436, 3.20000005, -23.0827941895
61.7300644, 3.20000005, -23.0870132446
62.7643852, 3.20000005, -23.091714859
63.7987099, 3.20000005, -23.0970039368
64.8330307, 3.20000005, -23.1030006409
65.8673553, 3.20000005, -23.1098480225
66.90168, 3.20000005, -23.1177139282
67.935997, 3.20000005, -23.1268024445
68.9703217, 3.20000005, -23.1373538971
70.0046463, 3.20000005, -23.1496639252
71.0389709, 3.20000005, -23.1640987396
72.073288, 3.20000005, -23.1810932159
73.1076126, 3.20000005, -23.2011814117
74.1419373, 3.20000005, -23.2249908447
75.1762543, 3.20000005, -23.2532691956
76.2105789, 3.20000005, -23.2869224548
77.2449036, 3.20000005, -23.3270568848
78.2792282, 3.20000005, -23.3750610352
79.3135452, 3.20000005, -23.4326400757
80.3478699, 3.20000005, -23.5018367767
81.3821945, 3.20000005, -23.5850257874
82.4165192, 3.20000005, -23.684928894
83.4508362, 3.20000005, -23.8045749664
84.4851608, 3.20000005, -23.9473361969
85.5194855, 3.20000005, -24.1170520782
86.5538101, 3.20000005, -24.3184585571
87.5881271, 3.20000005, -24.5575733185
88.6224518, 3.20000005, -24.8417549133
89.6567764, 3.20000005, -25.1783161163
90.6910934, 3.20000005, -25.5721549988
91.7254181, 3.20000005, -26.0249233246
92.7597427, 3.20000005, -26.5399150848
93.7940674, 3.20000005, -27.1236343384
94.8283844, 3.20000005, -27.7834568024
95.862709, 3.20000005, -28.5219764709
96.8970337, 3.20000005, -29.3306732178
97.9313583, 3.20000005, -30.1918678284
98.9656754, 3.20000005, -31.0871448517
5.78408623, 4.0, -7.24954748154
6.80817223, 4.0, -12.8446817398
7.83225822, 4.0, -16.8410205841
8.85634422, 4.0, -19.6421928406
9.88043022, 4.0, -21.6748943329
10.9045162, 4.0, -23.1557312012
11.9286022, 4.0, -24.2063751221
12.9526882, 4.0, -24.9548511505
13.9767742, 4.0, -25.4927082062
15.0008602, 4.0, -25.8856887817
16.0249462, 4.0, -26.1831378937
17.0490322, 4.0, -26.4192695618
18.0731182, 4.0, -26.616153717
19.0972042, 4.0, -26.7870616913
20.1212902, 4.0, -26.9394683838
21.1453762, 4.0, -27.0772590637
22.1694622, 4.0, -27.2023239136
23.1935482, 4.0, -27.3156719208
24.2176342, 4.0, -27.4179439545
25.2417202, 4.0, -27.5096569061
26.2658062, 4.0, -27.5913257599
27.2898922, 4.0, -27.663564682
28.3139782, 4.0, -27.7270622253
29.3380642, 4.0, -27.7825279236
30.3621502, 4.0, -27.8307094574
31.3862362, 4.0, -27.8723773956
32.4103241, 4.0, -27.9082698822
33.4344101, 4.0, -27.9390964508
34.4584961, 4.0, -27.9655036926
35.4825821, 4.0, -27.988079071
36.5066681, 4.0, -28.0073490143
37.5307541, 4.0, -28.0237941742
38.5548401, 4.0, -28.0378494263
39.5789261, 4.0, -28.0498962402
40.6030121, 4.0, -28.0602474213
41.6270981, 4.0, -28.0691757202
42.6511841, 4.0, -28.0769023895
43.6752701, 4.0, -28.0836200714
44.6993561, 4.0, -28.0894927979
45.7234421, 4.0, -28.0946559906
46.7475281, 4.0, -28.0992279053
47.7716141, 4.0, -28.103313446
48.7957001, 4.0, -28.107000351
49.8197861, 4.0, -28.1103687286
50.8438721, 4.0, -28.113489151
51.8679581, 4.0, -28.1164264679
52.8920441, 4.0, -28.1192378998
53.9161301, 4.0, -28.1219844818
54.9402161, 4.0, -28.1247177124
55.9643021, 4.0, -28.127494812
56.9883881, 4.0, -28.1303749084
58.0124741, 4.0, -28.1334152222
59.0365601, 4.0, -28.1366844177
60.0606461, 4.0, -28.1402511597
61.0847321, 4.0, -28.144197464
62.1088181, 4.0, -28.1486186981
63.1329041, 4.0, -28.1536178589
64.1569901, 4.0, -28.1593227386
65.181076, 4.0, -28.1658821106
66.205162, 4.0, -28.1734676361
67.229248, 4.0, -28.1822948456
68.253334, 4.0, -28.1926174164
69.27742, 4.0, -28.204744339
70.301506, 4.0, -28.2190608978
71.325592, 4.0, -28.2360343933
72.349678, 4.0, -28.25623703
73.373764, 4.0, -28.2803440094
74.39785, 4.0, -28.3091697693
75.421936, 4.0, -28.3436927795
76.446022, 4.0, -28.3851108551
77.470108, 4.0, -28.4349155426
78.494194, 4.0, -28.4949913025
79.51828, 4.0, -28.5677108765
80.542366, 4.0, -28.6559906006
81.566452, 4.0, -28.7633094788
82.590538, 4.0, -28.8936367035
83.614624, 4.0, -29.0511493683
84.63871, 4.0, -29.2399539948
85.662796, 4.0, -29.46434021
86.686882, 4.0, -29.7294158936
87.710968, 4.0, -30.0424613953
88.735054, 4.0, -30.4150733948
89.75914, 4.0, -30.8620033264
90.783226, 4.0, -31.3934898376
91.807312, 4.0, -32.0102424622
92.831398, 4.0, -32.7075271606
93.855484, 4.0, -33.4797058105
94.87957, 4.0, -34.3435096741
95.903656, 4.0, -35.3231391907
96.927742, 4.0, -36.4096374512
97.951828, 4.0, -37.5668525696
98.975914, 4.0, -38.7710533142
6.72584963, 4.80000019, -14.5834102631
7.73969889, 4.80000019, -18.8470935822
8.75354862, 4.80000019, -22.0115528107
9.76739788, 4.80000019, -24.4373664856
10.7812471, 4.80000019, -26.2440280914
11.7950964, 4.80000019, -27.5594863892
12.8089466, 4.80000019, -28.5057239532
13.8227959, 4.80000019, -29.1844749451
14.8366451, 4.80000019, -29.6762523651
15.8504944, 4.80000019, -30.042591095
16.8643436, 4.80000019, -30.3278942108
17.8781929, 4.80000019, -30.5621833801
18.8920422, 4.80000019, -30.7642707825
19.9058933, 4.80000019, -30.9449615479
20.9197426, 4.80000019, -31.1097373962
21.9335918, 4.80000019, -31.2611122131
22.9474411, 4.80000019, -31.4000720978
23.9612904, 4.80000019, -31.5269794464
24.9751396, 4.80000019, -31.6419944763
25.9889889, 4.80000019, -31.7453231812
27.0028381, 4.80000019, -31.8374042511
28.0166874, 4.80000019, -31.9188919067
29.0305386, 4.80000019, -31.9904575348
30.0443878, 4.80000019, -32.0528717041
31.0582371, 4.80000019, -32.1070022583
32.0720863, 4.80000019, -32.1536827087
33.0859337, 4.80000019, -32.1937675476
34.0997849, 4.80000019, -32.2280464172
35.113636, 4.80000019, -32.2571716309
36.1274834, 4.80000019, -32.2817764282
37.1413345, 4.80000019, -32.3024864197
38.1551819, 4.80000019, -32.3199310303
39.1690331, 4.80000019, -32.3346786499
40.1828804, 4.80000019, -32.3471908569
41.1967316, 4.80000019, -32.357837677
42.2105789, 4.80000019, -32.3669395447
43.2244301, 4.80000019, -32.37474823
44.2382813, 4.80000019, -32.3814849854
45.2521286, 4.80000019, -32.3873252869
46.2659798, 4.80000019, -32.3924331665
47.2798271, 4.80000019, -32.3969268799
48.2936783, 4.80000019, -32.4009284973
49.3075256, 4.80000019, -32.4045295715
50.3213768, 4.80000019, -32.4078140259
51.3352242, 4.80000019, -32.4108581543
52.3490753, 4.80000019, -32.4137306213
53.3629265, 4.80000019, -32.4164962769
54.3767738, 4.80000019, -32.4192199707
55.390625, 4.80000019, -32.4219551086
56.4044724, 4.80000019, -32.4247665405
57.4183235, 4.80000019, -32.4277191162
58.4321709, 4.80000019, -32.4308776855
59.446022, 4.80000019, -32.4343185425
60.4598694, 4.80000019, -32.438129425
61.4737206, 4.80000019, -32.4424057007
62.4875717, 4.80000019, -32.4472541809
63.5014191, 4.80000019, -32.4528083801
64.5152664, 4.80000019, -32.4592208862
65.5291214, 4.80000019, -32.46667099
66.5429688, 4.80000019, -32.4753875732
67.5568161, 4.80000019, -32.4856262207
68.5706635, 4.80000019, -32.4977226257
69.5845184, 4.80000019, -32.5120658875
70.5983658, 4.80000019, -32.5291557312
71.6122131, 4.80000019, -32.5495910645
72.6260681, 4.80000019, -32.5740661621
73.6399155, 4.80000019, -32.6033821106
74.6537628, 4.80000019, -32.6385421753
75.6676102, 4.80000019, -32.6808433533
76.6814651, 4.80000019, -32.7318878174
77.6953125, 4.80000019, -32.7935676575
78.7091599, 4.80000019, -32.8682441711
79.7230072, 4.80000019, -32.9590034485
80.7368622, 4.80000019, -33.0698852539
81.7507095, 4.80000019, -33.2062339783
82.7645569, 4.80000019, -33.374797821
83.7784119, 4.80000019, -33.5824890137
84.7922592, 4.80000019, -33.8342666626
85.8061066, 4.80000019, -34.1334724426
86.8199539, 4.80000019, -34.4840507507
87.8338089, 4.80000019, -34.8901748657
88.8476563, 4.80000019, -35.3634223938
89.8615036, 4.80000019, -35.9363021851
90.8753586, 4.80000019, -36.639667511
91.8892059, 4.80000019, -37.4695549011
92.9030533, 4.80000019, -38.4053382874
93.9169006, 4.80000019, -39.4374542236
94.9307556, 4.80000019, -40.4895935059
95.944603, 4.80000019, -41.8053741455
96.9584503, 4.80000019, -43.2458877563
97.9722977, 4.80000019, -44.7785720825
98.9861526, 4.80000019, -46.3730239868
7.66761303, 5.5999999, -19.793264389
8.67122555, 5.5999999, -23.35896492
9.67483902, 5.5999999, -26.1821212769
10.6784515, 5.5999999, -28.3454036713
11.6820641, 5.5999999, -29.9590778351
12.6856775, 5.5999999, -31.137014389
13.68929, 5.5999999, -31.9872703552
14.6929035, 5.5999999, -32.6012191772
15.696516, 5.5999999, -33.0517349243
16.7001286, 5.5999999, -33.3942718506
17.7037411, 5.5999999, -33.6686820984
18.7073555, 5.5999999, -33.9015693665
19.710968, 5.5999999, -34.1090164185
20.7145805, 5.5999999, -34.2994422913
21.7181931, 5.5999999, -34.4764671326
22.7218056, 5.5999999, -34.6413002014
23.72542, 5.5999999, -34.7940673828
24.7290325, 5.5999999, -34.9343414307
25.732645, 5.5999999, -35.0616455078
26.7362576, 5.5999999, -35.1759605408
27.7398701, 5.5999999, -35.2778816223
28.7434845, 5.5999999, -35.3681564331
29.747097, 5.5999999, -35.4476737976
30.7507095, 5.5999999, -35.5173835754
31.7543221, 5.5999999, -35.5780906677
32.7579346, 5.5999999, -35.6308555603
33.7615471, 5.5999999, -35.6766281128
34.7651596, 5.5999999, -35.7157287598
35.7687759, 5.5999999, -35.7486228943
36.7723885, 5.5999999, -35.7759933472
37.776001, 5.5999999, -35.7987098694
38.7796135, 5.5999999, -35.8176460266
39.783226, 5.5999999, -35.8334960938
40.7868385, 5.5999999, -35.8468132019
41.790451, 5.5999999, -35.8580436707
42.7940636, 5.5999999, -35.8675537109
43.7976761, 5.5999999, -35.8756408691
44.8012886, 5.5999999, -35.8825645447
45.8049049, 5.5999999, -35.8885269165
46.8085175, 5.5999999, -35.8937072754
47.81213, 5.5999999, -35.8982505798
48.8157425, 5.5999999, -35.9022789001
49.819355, 5.5999999, -35.9059028625
50.8229675, 5.5999999, -35.9092102051
51.82658, 5.5999999, -35.9122886658
52.8301926, 5.5999999, -35.9152069092
53.8338051, 5.5999999, -35.9180412292
54.8374176, 5.5999999, -35.9208526611
55.8410339, 5.5999999, -35.9237174988
56.8446465, 5.5999999, -35.9266967773
57.848259, 5.5999999, -35.9298667908
58.8518715, 5.5999999, -35.9333076477
59.855484, 5.5999999, -35.9371109009
60.8590965, 5.5999999, -35.9413719177
61.862709, 5.5999999, -35.9462127686
62.8663216, 5.5999999, -35.9517669678
63.8699341, 5.5999999, -35.9581985474
64.8735504, 5.5999999, -35.9657020569
65.8771591, 5.5999999, -35.9745063782
66.8807755, 5.5999999, -35.9848976135
67.8843842, 5.5999999, -35.997215271
68.8880005, 5.5999999, -36.0118865967
69.8916092, 5.5999999, -36.0294303894
70.8952255, 5.5999999, -36.0504837036
71.8988419, 5.5999999, -36.0758056641
72.9024506, 5.5999999, -36.1061477661
73.9060669, 5.5999999, -36.1422958374
74.9096756, 5.5999999, -36.1854858398
75.9132919, 5.5999999, -36.2376403809
76.9169006, 5.5999999, -36.3008232117
77.920517, 5.5999999, -36.3770980835
78.9241257, 5.5999999, -36.4686546326
79.927742, 5.5999999, -36.5787963867
80.9313583, 5.5999999, -36.7122840881
81.934967, 5.5999999, -36.8752059937
82.9385834, 5.5999999, -37.0818748474
83.9421921, 5.5999999, -37.3510818481
84.9458084, 5.5999999, -37.6900253296
85.9494171, 5.5999999, -38.0939292908
86.9530334, 5.5999999, -38.5646934509
87.9566422, 5.5999999, -39.1055030823
88.9602585, 5.5999999, -39.7013816833
89.9638672, 5.5999999, -40.3430137634
90.9674835, 5.5999999, -41.2848396301
91.9710999, 5.5999999, -42.3868103027
92.9747086, 5.5999999, -43.6316375732
93.9783249, 5.5999999, -45.0015945435
94.9819336, 5.5999999, -46.514919281
95.9855499, 5.5999999, -48.1918067932
96.9891586, 5.5999999, -50.0161857605
97.992775, 5.5999999, -51.9462471008
98.9963837, 5.5999999, -53.9507751465
8.60937595, 6.4000001, -23.8421916962
9.60275269, 6.4000001, -26.9956226349
10.5961294, 6.4000001, -29.5044765472
11.5895052, 6.4000001, -31.431432724
12.5828819, 6.4000001, -32.8712463379
13.5762577, 6.4000001, -33.926486969
14.5696344, 6.4000001, -34.6913795471
15.5630112, 6.4000001, -35.2465171814
16.5563869, 6.4000001, -35.6575889587
17.5497627, 6.4000001, -35.9754638672
18.5431404, 6.4000001, -36.2369194031
19.5365162, 6.4000001, -36.4660606384
20.529892, 6.4000001, -36.6763916016
21.5232697, 6.4000001, -36.8738441467
22.5166454, 6.4000001, -37.0604019165
23.5100212, 6.4000001, -37.2366828918
24.503397, 6.4000001, -37.4018707275
25.4967747, 6.4000001, -37.5537910461
26.4901505, 6.4000001, -37.6904449463
27.4835262, 6.4000001, -37.8115539551
28.4769039, 6.4000001, -37.9184989929
29.4702797, 6.4000001, -38.0133056641
30.4636555, 6.4000001, -38.0964889526
31.4570332, 6.4000001, -38.1699562073
32.4504089, 6.4000001, -38.2359809875
33.4437866, 6.4000001, -38.2973823547
34.4371605, 6.4000001, -38.3518562317
35.4305382, 6.4000001, -38.3982200623
36.4239159, 6.4000001, -38.4368019104
37.4172897, 6.4000001, -38.4686012268
38.4106674, 6.4000001, -38.4948539734
39.4040413, 6.4000001, -38.5165977478
40.397419, 6.4000001, -38.5346565247
41.3907967, 6.4000001, -38.5497016907
42.3841705, 6.4000001, -38.5622711182
43.3775482, 6.4000001, -38.5728225708
44.3709259, 6.4000001, -38.5817260742
45.3642998, 6.4000001, -38.5892868042
46.3576775, 6.4000001, -38.5957603455
47.3510551, 6.4000001, -38.6013526917
48.344429, 6.4000001, -38.6062393188
49.3378067, 6.4000001, -38.6105651855
50.3311844, 6.4000001, -38.6144561768
51.3245583, 6.4000001, -38.618019104
52.3179359, 6.4000001, -38.6213493347
53.3113136, 6.4000001, -38.6245307922
54.3046875, 6.4000001, -38.6276512146
55.2980652, 6.4000001, -38.6307868958
56.2914391, 6.4000001, -38.634021759
57.2848167, 6.4000001, -38.6374320984
58.2781944, 6.4000001, -38.6411132812
59.2715683, 6.4000001, -38.6451644897
60.264946, 6.4000001, -38.6496963501
61.2583237, 6.4000001, -38.6548423767
62.2516975, 6.4000001, -38.6607513428
63.2450752, 6.4000001, -38.6676025391
64.2384491, 6.4000001, -38.675617218
65.2318268, 6.4000001, -38.6850509644
66.2252045, 6.4000001, -38.6962203979
67.2185822, 6.4000001, -38.7095069885
68.2119598, 6.4000001, -38.7253761292
69.2053299, 6.4000001, -38.7444076538
70.1987076, 6.4000001, -38.7672996521
71.1920853, 6.4000001, -38.7949066162
72.185463, 6.4000001, -38.8281860352
73.1788406, 6.4000001, -38.8680915833
74.1722183, 6.4000001, -38.9148292542
75.1655884, 6.4000001, -38.9709014893
76.1589661, 6.4000001, -39.0387687683
77.1523438, 6.4000001, -39.1210403442
78.1457214, 6.4000001, -39.2203369141
79.1390991, 6.4000001, -39.3352050781
80.1324768, 6.4000001, -39.471496582
81.1258469, 6.4000001, -39.629863739
82.1192245, 6.4000001, -39.8087234497
83.1126022, 6.4000001, -39.979511261
84.1059799, 6.4000001, -40.3303604126
85.0993576, 6.4000001, -40.7900428772
86.0927277, 6.4000001, -41.3402290344
87.0861053, 6.4000001, -41.9836959839
88.079483, 6.4000001, -42.7253494263
89.0728607, 6.4000001, -43.5760803223
90.0662384, 6.4000001, -44.5843238831
91.0596161, 6.4000001, -45.7875671387
92.0529861, 6.4000001, -47.1844940186
93.0463638, 6.4000001, -48.7565116882
94.0397415, 6.4000001, -50.4952278137
95.0331192, 6.4000001, -52.4017219543
96.0264969, 6.4000001, -54.4770126343
97.0198746, 6.4000001, -56.7053985596
98.0132446, 6.4000001, -59.0593986511
99.0066223, 6.4000001, -61.5017585754
9.55113983, 7.19999981, -27.0467357635
10.5342798, 7.19999981, -29.8227539062
11.5174198, 7.19999981, -32.0498809814
12.5005589, 7.19999981, -33.7704277039
13.4836988, 7.19999981, -35.0623550415
14.4668388, 7.19999981, -36.0111808777
15.4499788, 7.19999981, -36.6980781555
16.4331188, 7.19999981, -37.1952362061
17.4162579, 7.19999981, -37.5636444092
18.3993969, 7.19999981, -37.8518753052
19.3825378, 7.19999981, -38.0953407288
20.3656769, 7.19999981, -38.3160476685
21.3488178, 7.19999981, -38.5242958069
22.3319569, 7.19999981, -38.7225570679
23.3150959, 7.19999981, -38.9130783081
24.2982368, 7.19999981, -39.1008872986
25.2813759, 7.19999981, -39.2830085754
26.2645168, 7.19999981, -39.4484634399
27.2476559, 7.19999981, -39.5898017883
28.2307949, 7.19999981, -39.7077445984
29.2139359, 7.19999981, -39.8118591309
30.1970749, 7.19999981, -39.8802871704
31.1802158, 7.19999981, -39.9364089966
32.163353, 7.19999981, -39.9885902405
33.1464958, 7.19999981, -40.0616226196
34.1296349, 7.19999981, -40.1375961304
35.1127739, 7.19999981, -40.2050170898
36.0959129, 7.19999981, -40.2622833252
37.079052, 7.19999981, -40.3100585938
38.0621948, 7.19999981, -40.3496170044
39.0453339, 7.19999981, -40.3822937012
40.0284729, 7.19999981, -40.4092788696
41.0116119, 7.19999981, -40.4315834045
41.994751, 7.19999981, -40.4500541687
42.9778938, 7.19999981, -40.4654006958
43.9610329, 7.19999981, -40.4782066345
44.9441719, 7.19999981, -40.488948822
45.9273109, 7.19999981, -40.4980278015
46.91045, 7.19999981, -40.5057640076
47.8935928, 7.19999981, -40.512424469
48.8767319, 7.19999981, -40.5182380676
49.8598709, 7.19999981, -40.5233879089
50.8430099, 7.19999981, -40.5280265808
51.826149, 7.19999981, -40.5322952271
52.8092918, 7.19999981, -40.536315918
53.7924309, 7.19999981, -40.5401954651
54.7755699, 7.19999981, -40.5440444946
55.758709, 7.19999981, -40.5479621887
56.741848, 7.19999981, -40.5520553589
57.7249908, 7.19999981, -40.556438446
58.7081299, 7.19999981, -40.5612297058
59.6912689, 7.19999981, -40.5665664673
60.674408, 7.19999981, -40.5726089478
61.657547, 7.19999981, -40.5795440674
62.6406898, 7.19999981, -40.5875816345
63.6238289, 7.19999981, -40.5969848633
64.6069641, 7.19999981, -40.6080665588
65.5901108, 7.19999981, -40.6212043762
66.5732498, 7.19999981, -40.6368560791
67.5563889, 7.19999981, -40.6555862427
68.5395279, 7.19999981, -40.6780700684
69.5226669, 7.19999981, -40.7051429749
70.505806, 7.19999981, -40.7378005981
71.488945, 7.19999981, -40.7772140503
72.472084, 7.19999981, -40.8247146606
73.4552231, 7.19999981, -40.8816642761
74.4383621, 7.19999981, -40.9500198364
75.4215088, 7.19999981, -41.0324478149
76.4046478, 7.19999981, -41.1321182251
77.3877869, 7.19999981, -41.252494812
78.3709259, 7.19999981, -41.3966407776
79.3540649, 7.19999981, -41.5687522888
80.337204, 7.19999981, -41.7741203308
81.320343, 7.19999981, -42.018699646
82.3034821, 7.19999981, -42.3095436096
83.2866211, 7.19999981, -42.6804008484
84.2697601, 7.19999981, -43.1596870422
85.2529068, 7.19999981, -43.7533302307
86.2360458, 7.19999981, -44.4595603943
87.2191849, 7.19999981, -45.2855453491
88.2023239, 7.19999981, -46.2440834045
89.185463, 7.19999981, -47.3567237854
90.168602, 7.19999981, -48.652973175
91.151741, 7.19999981, -50.1502571106
92.1348801, 7.19999981, -51.8518943787
93.1180191, 7.19999981, -53.7559509277
94.1011581, 7.19999981, -55.8591690063
95.0843048, 7.19999981, -58.1574020386
96.0674438, 7.19999981, -60.6406517029
97.0505829, 7.19999981, -63.3059158325
98.0337219, 7.19999981, -66.111656189
99.016861, 7.19999981, -69.0245361328
10.4929028, 8.0, -29.477602005
11.465806, 8.0, -31.9318733215
12.4387093, 8.0, -33.9247627258
13.4116125, 8.0, -35.4762115479
14.3845158, 8.0, -36.6440048218
15.357419, 8.0, -37.4980278015
16.3303223, 8.0, -38.1093063354
17.3032265, 8.0, -38.5445823669
18.2761288, 8.0, -38.8631401062
19.249033, 8.0, -39.11460495
20.2219353, 8.0, -39.3343238831
21.1948395, 8.0, -39.5425796509
22.1677418, 8.0, -39.7426147461
23.140646, 8.0, -39.9118690491
24.1135483, 8.0, -40.0918731689
25.0864525, 8.0, -40.3291244507
26.0593548, 8.0, -40.5656585693
27.032259, 8.0, -40.7842979431
28.0051613, 8.0, -40.9804153442
28.9780636, 8.0, -41.155330658
29.9509678, 8.0, -41.3067817688
30.9238701, 8.0, -41.4387664795
31.8967743, 8.0, -41.5565414429
32.8696785, 8.0, -41.6673965454
33.8425789, 8.0, -41.7703666687
34.8154831, 8.0, -41.8614578247
35.7883873, 8.0, -41.9393539429
36.7612915, 8.0, -42.0047454834
37.7341919, 8.0, -42.0590934753
38.7070961, 8.0, -42.1040267944
39.6800003, 8.0, -42.1410865784
40.6529045, 8.0, -42.1716346741
41.6258049, 8.0, -42.1968307495
42.5987091, 8.0, -42.2176589966
43.5716133, 8.0, -42.2349319458
44.5445175, 8.0, -42.2493209839
45.5174179, 8.0, -42.2613868713
46.4903221, 8.0, -42.2715759277
47.4632263, 8.0, -42.2802696228
48.4361305, 8.0, -42.2877731323
49.4090309, 8.0, -42.294342041
50.3819351, 8.0, -42.3001861572
51.3548393, 8.0, -42.3054962158
52.3277435, 8.0, -42.3104248047
53.3006439, 8.0, -42.3151130676
54.2735481, 8.0, -42.319694519
55.2464523, 8.0, -42.3242988586
56.2193565, 8.0, -42.3290481567
57.1922569, 8.0, -42.3340797424
58.1651611, 8.0, -42.3395271301
59.1380653, 8.0, -42.3455505371
60.1109695, 8.0, -42.3523330688
61.0838699, 8.0, -42.3600730896
62.0567741, 8.0, -42.3690185547
63.0296783, 8.0, -42.3794555664
64.0025787, 8.0, -42.3917350769
64.9754868, 8.0, -42.4062652588
65.9483871, 8.0, -42.4235649109
66.9212875, 8.0, -42.4442405701
67.8941956, 8.0, -42.4690475464
68.8670959, 8.0, -42.4988937378
69.8399963, 8.0, -42.5348777771
70.8129044, 8.0, -42.5783195496
71.7858047, 8.0, -42.6307601929
72.7587128, 8.0, -42.6939926147
73.7316132, 8.0, -42.7702026367
74.7045135, 8.0, -42.8621330261
75.6774216, 8.0, -42.9731750488
76.650322, 8.0, -43.1073150635
77.6232224, 8.0, -43.2690010071
78.5961304, 8.0, -43.4634170532
79.5690308, 8.0, -43.6969184875
80.5419388, 8.0, -43.9773826599
81.5148392, 8.0, -44.3148994446
82.4877396, 8.0, -44.7252845764
83.4606476, 8.0, -45.2283630371
84.433548, 8.0, -45.8413734436
85.4064484, 8.0, -46.5762367249
86.3793564, 8.0, -47.4433021545
87.3522568, 8.0, -48.4561347961
88.3251648, 8.0, -49.6344261169
89.2980652, 8.0, -50.9951934814
90.2709656, 8.0, -52.5588760376
91.2438736, 8.0, -54.3417816162
92.216774, 8.0, -56.3513259888
93.1896744, 8.0, -58.5917625427
94.1625824, 8.0, -61.0617713928
95.1354828, 8.0, -63.7733612061
96.1083908, 8.0, -66.7016601562
97.0812912, 8.0, -69.8282012939
98.0541916, 8.0, -73.1128234863
99.0270996, 8.0, -76.5137176514
11.4346666, 8.80000019, -31.2543048859
12.3973331, 8.80000019, -33.4539451599
13.3599997, 8.80000019, -35.2630615234
14.3226671, 8.80000019, -36.6788711548
15.2853336, 8.80000019, -37.7409744263
16.2479992, 8.80000019, -38.5069313049
17.2106667, 8.80000019, -39.0405502319
18.1733341, 8.80000019, -39.40574646
19.1359997, 8.80000019, -39.6661300659
20.0986671, 8.80000019, -39.8768844604
21.0613327, 8.80000019, -40.0615959167
22.0240002, 8.80000019, -40.3291816711
22.9866657, 8.80000019, -40.6165847778
23.9493332, 8.80000019, -40.9166793823
24.9120007, 8.80000019, -41.2331924438
25.8746662, 8.80000019, -41.5482292175
26.8373337, 8.80000019, -41.8461074829
27.7999992, 8.80000019, -42.1199226379
28.7626667, 8.80000019, -42.3677101135
29.7253342, 8.80000019, -42.588973999
30.6879997, 8.80000019, -42.7849159241
31.6506672, 8.80000019, -42.9579734802
32.6133347, 8.80000019, -43.111366272
33.5760002, 8.80000019, -43.2467041016
34.5386658, 8.80000019, -43.3642120361
35.5013351, 8.80000019, -43.4644203186
36.4640007, 8.80000019, -43.5487060547
37.4266663, 8.80000019, -43.618927002
38.3893318, 8.80000019, -43.6770744324
39.3520012, 8.80000019, -43.7250556946
40.3146667, 8.80000019, -43.7645683289
41.2773323, 8.80000019, -43.7971076965
42.2400017, 8.80000019, -43.8239326477
43.2026672, 8.80000019, -43.8461036682
44.1653328, 8.80000019, -43.8644943237
45.1279984, 8.80000019, -43.8798294067
46.0906677, 8.80000019, -43.8927116394
47.0533333, 8.80000019, -43.9036178589
48.0159988, 8.80000019, -43.9129600525
48.9786682, 8.80000019, -43.9210624695
49.9413338, 8.80000019, -43.9281997681
50.9039993, 8.80000019, -43.9346046448
51.8666649, 8.80000019, -43.9404792786
52.8293343, 8.80000019, -43.9459915161
53.7919998, 8.80000019, -43.9513092041
54.7546654, 8.80000019, -43.9565734863
55.7173347, 8.80000019, -43.961933136
56.6800003, 8.80000019, -43.9675369263
57.6426659, 8.80000019, -43.9735450745
58.6053352, 8.80000019, -43.9801254272
59.5680008, 8.80000019, -43.9874687195
60.5306664, 8.80000019, -43.995803833
61.4933319, 8.80000019, -44.0053787231
62.4560013, 8.80000019, -44.0165061951
63.4186668, 8.80000019, -44.0295448303
64.3813324, 8.80000019, -44.0449371338
65.3440018, 8.80000019, -44.0632095337
66.3066635, 8.80000019, -44.0850067139
67.2693329, 8.80000019, -44.1111068726
68.2320023, 8.80000019, -44.1424636841
69.194664, 8.80000019, -44.1802139282
70.1573334, 8.80000019, -44.2257499695
71.1200027, 8.80000019, -44.2807159424
72.0826645, 8.80000019, -44.3470802307
73.0453339, 8.80000019, -44.4271888733
74.0080032, 8.80000019, -44.5239028931
74.970665, 8.80000019, -44.6406898499
75.9333344, 8.80000019, -44.7817153931
76.8960037, 8.80000019, -44.9518699646
77.8586655, 8.80000019, -45.1568717957
78.8213348, 8.80000019, -45.4035263062
79.7839966, 8.80000019, -45.7000350952
80.746666, 8.80000019, -46.0564346313
81.7093353, 8.80000019, -46.4853134155
82.6719971, 8.80000019, -47.0019760132
83.6346664, 8.80000019, -47.6230278015
84.5973358, 8.80000019, -48.3644523621
85.5599976, 8.80000019, -49.2425422668
86.5226669, 8.80000019, -50.2733001709
87.4853363, 8.80000019, -51.4712181091
88.447998, 8.80000019, -52.8562278748
89.4106674, 8.80000019, -54.4498405457
90.3733368, 8.80000019, -56.2689247131
91.3359985, 8.80000019, -58.3311958313
92.2986679, 8.80000019, -60.6479568481
93.2613297, 8.80000019, -63.2523078918
94.223999, 8.80000019, -66.1298294067
95.1866684, 8.80000019, -69.273765564
96.1493301, 8.80000019, -72.6626281738
97.1119995, 8.80000019, -76.2631988525
98.0746689, 8.80000019, -80.0526046753
99.0373306, 8.80000019, -83.9828872681
12.3764305, 9.60000038, -32.5239868164
13.3288603, 9.60000038, -34.5329742432
14.2812901, 9.60000038, -36.2021942139
15.2337208, 9.60000038, -37.5090522766
16.1861496, 9.60000038, -38.4789199829
17.1385803, 9.60000038, -39.1602096558
18.091011, 9.60000038, -39.6114883423
19.0434418, 9.60000038, -39.9025878906
19.9958706, 9.60000038, -40.1332626343
20.9483013, 9.60000038, -40.4337844849
21.900732, 9.60000038, -40.7896614075
22.8531609, 9.60000038, -41.1773452759
23.8055916, 9.60000038, -41.5788383484
24.7580223, 9.60000038, -41.9842300415
25.7104511, 9.60000038, -42.3811416626
26.6628819, 9.60000038, -42.7579078674
27.6153126, 9.60000038, -43.1071434021
28.5677414, 9.60000038, -43.4253234863
29.5201721, 9.60000038, -43.7112770081
30.4726028, 9.60000038, -43.965385437
31.4250317, 9.60000038, -44.1891441345
32.3774605, 9.60000038, -44.3847923279
33.3298912, 9.60000038, -44.5545730591
34.2823219, 9.60000038, -44.7004318237
35.2347527, 9.60000038, -44.8243522644
36.1871834, 9.60000038, -44.9285736084
37.1396141, 9.60000038, -45.0155143738
38.0920448, 9.60000038, -45.0876045227
39.0444717, 9.60000038, -45.1471328735
39.9969025, 9.60000038, -45.1961708069
40.9493332, 9.60000038, -45.2365226746
41.9017639, 9.60000038, -45.269744873
42.8541946, 9.60000038, -45.2971458435
43.8066254, 9.60000038, -45.31980896
44.7590523, 9.60000038, -45.3386459351
45.711483, 9.60000038, -45.3543930054
46.6639137, 9.60000038, -45.3676605225
47.6163445, 9.60000038, -45.3789520264
48.5687752, 9.60000038, -45.388671875
49.5212059, 9.60000038, -45.3971633911
50.4736328, 9.60000038, -45.4047050476
51.4260635, 9.60000038, -45.4115486145
52.3784943, 9.60000038, -45.4178886414
53.330925, 9.60000038, -45.4239234924
54.2833557, 9.60000038, -45.4298210144
55.2357864, 9.60000038, -45.4357414246
56.1882133, 9.60000038, -45.4418525696
57.1406441, 9.60000038, -45.4483261108
58.0930748, 9.60000038, -45.4553451538
59.0455055, 9.60000038, -45.463104248
59.9979362, 9.60000038, -45.4718399048
60.950367, 9.60000038, -45.4818153381
61.9027939, 9.60000038, -45.4933395386
62.8552246, 9.60000038, -45.5067863464
63.8076553, 9.60000038, -45.5225944519
64.7600861, 9.60000038, -45.5412979126
65.7125168, 9.60000038, -45.5635452271
66.6649475, 9.60000038, -45.5901145935
67.6173782, 9.60000038, -45.621963501
68.569809, 9.60000038, -45.6602325439
69.5222397, 9.60000038, -45.7063179016
70.4746704, 9.60000038, -45.7618942261
71.4270935, 9.60000038, -45.8289642334
72.3795242, 9.60000038, -45.9099349976
73.331955, 9.60000038, -46.0076904297
74.2843857, 9.60000038, -46.125705719
75.2368164, 9.60000038, -46.2681427002
76.1892471, 9.60000038, -46.4399414062
77.1416779, 9.60000038, -46.6469421387
78.0941086, 9.60000038, -46.8960113525
79.0465393, 9.60000038, -47.1952857971
79.99897, 9.60000038, -47.5544204712
80.9514008, 9.60000038, -47.9849624634
81.9038315, 9.60000038, -48.5003738403
82.8562546, 9.60000038, -49.1158485413
83.8086853, 9.60000038, -49.849029541
84.761116, 9.60000038, -50.7156524658
85.7135468, 9.60000038, -51.7317695618
86.6659775, 9.60000038, -52.9163665771
87.6184082, 9.60000038, -54.2888793945
88.5708389, 9.60000038, -55.8681983948
89.5232697, 9.60000038, -57.6816291809
90.4757004, 9.60000038, -59.7560424805
91.4281311, 9.60000038, -62.1109848022
92.3805618, 9.60000038, -64.780921936
93.3329926, 9.60000038, -67.7654495239
94.2854156, 9.60000038, -71.0601119995
95.2378464, 9.60000038, -74.646522522
96.1902771, 9.60000038, -78.5034332275
97.1427078, 9.60000038, -82.610824585
98.0951385, 9.60000038, -86.9256286621
99.0475693, 9.60000038, -91.4094085693
13.3181934, 10.3999996, -33.4317932129
14.2603874, 10.3999996, -35.3033409119
15.2025805, 10.3999996, -36.8671569824
16.1447735, 10.3999996, -38.0856666565
17.0869675, 10.3999996, -38.9744033813
18.0291615, 10.3999996, -39.5757102966
18.9713554, 10.3999996, -39.946308136
19.9135475, 10.3999996, -40.2669219971
20.8557415, 10.3999996, -40.6601486206
21.7979355, 10.3999996, -41.1077690125
22.7401295, 10.3999996, -41.5875968933
23.6823235, 10.3999996, -42.0809020996
24.6245155, 10.3999996, -42.5731430054
25.5667095, 10.3999996, -43.0516395569
26.5089035, 10.3999996, -43.5057220459
27.4510975, 10.3999996, -43.9278373718
28.3932896, 10.3999996, -44.3135986328
29.3354836, 10.3999996, -44.6610984802
30.2776775, 10.3999996, -44.9702453613
31.2198715, 10.3999996, -45.2422599792
32.1620636, 10.3999996, -45.4792671204
33.1042595, 10.3999996, -45.6838989258
34.0464516, 10.3999996, -45.8589706421
34.9886436, 10.3999996, -46.0074157715
35.9308395, 10.3999996, -46.1322364807
36.8730316, 10.3999996, -46.2364425659
37.8152275, 10.3999996, -46.3229408264
38.7574196, 10.3999996, -46.3944282532
39.6996117, 10.3999996, -46.453338623
40.6418076, 10.3999996, -46.5018157959
41.5839996, 10.3999996, -46.5416984558
42.5261917, 10.3999996, -46.5745506287
43.4683876, 10.3999996, -46.6016769409
44.4105797, 10.3999996, -46.6241569519
45.3527756, 10.3999996, -46.6428947449
46.2949677, 10.3999996, -46.6586151123
47.2371597, 10.3999996, -46.6719207764
48.1793556, 10.3999996, -46.6833114624
49.1215477, 10.3999996, -46.6931877136
50.0637436, 10.3999996, -46.7018890381
51.0059357, 10.3999996, -46.7097015381
51.9481277, 10.3999996, -46.7168655396
52.8903236, 10.3999996, -46.7235946655
53.8325157, 10.3999996, -46.7300872803
54.7747078, 10.3999996, -46.7365188599
55.7169037, 10.3999996, -46.7430725098
56.6590958, 10.3999996, -46.7499313354
57.6012917, 10.3999996, -46.7572784424
58.5434837, 10.3999996, -46.7653236389
59.4856758, 10.3999996, -46.7743034363
60.4278717, 10.3999996, -46.7844772339
61.3700638, 10.3999996, -46.7961616516
62.3122597, 10.3999996, -46.8097190857
63.2544518, 10.3999996, -46.8255882263
64.1966476, 10.3999996, -46.8442878723
65.1388397, 10.3999996, -46.8664550781
66.0810318, 10.3999996, -46.8928489685
67.0232239, 10.3999996, -46.9243927002
67.965416, 10.3999996, -46.9622154236
68.9076157, 10.3999996, -47.0076637268
69.8498077, 10.3999996, -47.0623817444
70.7919998, 10.3999996, -47.1283340454
71.7341919, 10.3999996, -47.2078895569
72.676384, 10.3999996, -47.3038864136
73.6185837, 10.3999996, -47.4197120667
74.5607758, 10.3999996, -47.5594215393
75.5029678, 10.3999996, -47.7278404236
76.4451599, 10.3999996, -47.9306678772
77.387352, 10.3999996, -48.174621582
78.3295517, 10.3999996, -48.4675941467
79.2717438, 10.3999996, -48.8188438416
80.2139359, 10.3999996, -49.2390632629
81.1561279, 10.3999996, -49.7407951355
82.09832, 10.3999996, -50.3395652771
83.0405197, 10.3999996, -51.0487327576
83.9827118, 10.3999996, -51.884552002
84.9249039, 10.3999996, -52.8653335571
85.8670959, 10.3999996, -54.0090751648
86.809288, 10.3999996, -55.3368301392
87.7514801, 10.3999996, -56.8738174438
88.6936798, 10.3999996, -58.6466560364
89.6358719, 10.3999996, -60.6794776917
90.578064, 10.3999996, -63.0341949463
91.520256, 10.3999996, -65.7184829712
92.4624481, 10.3999996, -68.7441482544
93.4046478, 10.3999996, -72.1177902222
94.3468399, 10.3999996, -75.8293380737
95.289032, 10.3999996, -79.8674545288
96.2312241, 10.3999996, -84.2165298462
97.1734161, 10.3999996, -88.84400177
98.1156158, 10.3999996, -93.7178344727
99.0578079, 10.3999996, -98.7873306274
14.2599573, 11.1999998, -34.1017494202
15.1919136, 11.1999998, -35.8762168884
16.1238708, 11.1999998, -37.3603744507
17.0558281, 11.1999998, -38.5074386597
17.9877853, 11.1999998, -39.3285140991
18.9197426, 11.1999998, -39.8701400757
19.8516998, 11.1999998, -40.2671432495
20.7836552, 11.1999998, -40.7443008423
21.7156124, 11.1999998, -41.2769775391
22.6475697, 11.1999998, -41.8423233032
23.5795269, 11.1999998, -42.4206047058
24.5114841, 11.1999998, -42.9952430725
25.4434414, 11.1999998, -43.5524253845
26.3753986, 11.1999998, -44.0810775757
27.307354, 11.1999998, -44.5731506348
28.2393112, 11.1999998, -45.0235939026
29.1712685, 11.1999998, -45.4299240112
30.1032257, 11.1999998, -45.7917251587
31.035183, 11.1999998, -46.110118866
31.9671402, 11.1999998, -46.3873672485
32.8990974, 11.1999998, -46.6264457703
33.8310547, 11.1999998, -46.8307609558
34.7630119, 11.1999998, -47.0039138794
35.6949692, 11.1999998, -47.1495361328
36.6269264, 11.1999998, -47.271194458
37.5588799, 11.1999998, -47.3722648621
38.4908371, 11.1999998, -47.4558639526
39.4227943, 11.1999998, -47.5247955322
40.3547516, 11.1999998, -47.5815238953
41.2867088, 11.1999998, -47.6281852722
42.2186661, 11.1999998, -47.6665878296
43.1506233, 11.1999998, -47.6982574463
44.0825806, 11.1999998, -47.7244529724
45.0145378, 11.1999998, -47.7462272644
45.9464951, 11.1999998, -47.7644386292
46.8784523, 11.1999998, -47.7797927856
47.8104095, 11.1999998, -47.7928657532
48.7423668, 11.1999998, -47.8041305542
49.674324, 11.1999998, -47.8139839172
50.6062813, 11.1999998, -47.8227539062
51.5382347, 11.1999998, -47.8307151794
52.470192, 11.1999998, -47.8381118774
53.4021492, 11.1999998, -47.8451576233
54.3341064, 11.1999998, -47.8520507812
55.2660637, 11.1999998, -47.8589859009
56.1980209, 11.1999998, -47.8661460876
57.1299782, 11.1999998, -47.8737297058
58.0619354, 11.1999998, -47.8819503784
58.9938927, 11.1999998, -47.8910369873
59.9258499, 11.1999998, -47.9012527466
60.8578072, 11.1999998, -47.912902832
61.7897644, 11.1999998, -47.9263381958
62.7217216, 11.1999998, -47.941986084
63.6536789, 11.1999998, -47.9603424072
64.5856323, 11.1999998, -47.9820213318
65.5175934, 11.1999998, -48.0077438354
66.4495468, 11.1999998, -48.0383911133
67.3815079, 11.1999998, -48.0750389099
68.3134613, 11.1999998, -48.1189689636
69.2454224, 11.1999998, -48.171749115
70.1773758, 11.1999998, -48.2352561951
71.1093369, 11.1999998, -48.311756134
72.0412903, 11.1999998, -48.403968811
72.9732437, 11.1999998, -48.5151367188
73.9052048, 11.1999998, -48.6491394043
74.8371582, 11.1999998, -48.8105735779
75.7691193, 11.1999998, -49.004901886
76.7010727, 11.1999998, -49.2385482788
77.6330338, 11.1999998, -49.5190162659
78.5649872, 11.1999998, -49.855052948
79.4969482, 11.1999998, -50.2571105957
80.4289017, 11.1999998, -50.7369384766
81.3608627, 11.1999998, -51.3059806824
82.2928162, 11.1999998, -51.9787254333
83.2247772, 11.1999998, -52.7711830139
84.1567307, 11.1999998, -53.6990623474
85.0886917, 11.1999998, -54.7832489014
86.0206451, 11.1999998, -56.0475082397
86.9525986, 11.1999998, -57.5173835754
87.8845596, 11.1999998, -59.2219047546
88.8165131, 11.1999998, -61.1891822815
89.7484741, 11.1999998, -63.4881134033
90.6804276, 11.1999998, -66.1320648193
91.6123886, 11.1999998, -69.1384277344
92.544342, 11.1999998, -72.5204544067
93.4763031, 11.1999998, -76.281288147
94.4082565, 11.1999998, -80.4183654785
95.3402176, 11.1999998, -84.918762207
96.272171, 11.1999998, -89.7722015381
97.2041321, 11.1999998, -94.9494857788
98.1360855, 11.1999998, -100.418121338
99.0680466, 11.1999998, -106.127906799
15.2017202, 12.0, -34.628276825
16.1234417, 12.0, -36.3337783813
17.0451622, 12.0, -37.7572669983
17.9668808, 12.0, -38.8489379883
18.8886013, 12.0, -39.6223487854
19.8103218, 12.0, -40.1306495667
20.7320423, 12.0, -40.686466217
21.6537628, 12.0, -41.2965545654
22.5754833, 12.0, -41.9402885437
23.4972038, 12.0, -42.597076416
24.4189243, 12.0, -43.2488632202
25.3406448, 12.0, -43.8805351257
26.2623653, 12.0, -44.4800796509
27.1840858, 12.0, -45.0386772156
28.1058064, 12.0, -45.5506134033
29.0275269, 12.0, -46.0129241943
29.9492474, 12.0, -46.4249191284
30.8709679, 12.0, -46.7877120972
31.7926884, 12.0, -47.1037139893
32.7144089, 12.0, -47.3762512207
33.6361275, 12.0, -47.6091804504
34.5578499, 12.0, -47.8066329956
35.4795685, 12.0, -47.972782135
36.4012909, 12.0, -48.1116867065
37.3230095, 12.0, -48.227180481
38.2447319, 12.0, -48.3227767944
39.1664505, 12.0, -48.4016456604
40.0881729, 12.0, -48.4665718079
41.0098915, 12.0, -48.5199699402
41.9316139, 12.0, -48.5638961792
42.8533325, 12.0, -48.6000862122
43.7750549, 12.0, -48.6299781799
44.6967735, 12.0, -48.6547737122
45.6184959, 12.0, -48.6754570007
46.5402145, 12.0, -48.6928329468
47.461937, 12.0, -48.7075653076
48.3836555, 12.0, -48.7201957703
49.305378, 12.0, -48.731174469
50.2270966, 12.0, -48.7408676147
51.148819, 12.0, -48.7495880127
52.0705376, 12.0, -48.757610321
52.9922562, 12.0, -48.7651634216
53.9139786, 12.0, -48.7724685669
54.8356972, 12.0, -48.7797203064
55.7574196, 12.0, -48.7871170044
56.6791382, 12.0, -48.7948570251
57.6008606, 12.0, -48.8031578064
58.5225792, 12.0, -48.8122406006
59.4443016, 12.0, -48.8223686218
60.3660202, 12.0, -48.8338279724
61.2877426, 12.0, -48.8469619751
62.2094612, 12.0, -48.8621749878
63.1311836, 12.0, -48.8799362183
64.0529022, 12.0, -48.9008178711
64.9746246, 12.0, -48.9255104065
65.896347, 12.0, -48.9548301697
66.8180618, 12.0, -48.989780426
67.7397842, 12.0, -49.0315666199
68.6615067, 12.0, -49.0816459656
69.5832291, 12.0, -49.141784668
70.5049438, 12.0, -49.214099884
71.4266663, 12.0, -49.3011322021
72.3483887, 12.0, -49.4059371948
73.2701111, 12.0, -49.5321655273
74.1918259, 12.0, -49.6841468811
75.1135483, 12.0, -49.8670196533
76.0352707, 12.0, -50.0868377686
76.9569855, 12.0, -50.350605011
77.8787079, 12.0, -50.6670379639
78.8004303, 12.0, -51.044719696
79.7221527, 12.0, -51.4935646057
80.6438675, 12.0, -52.0255737305
81.5655899, 12.0, -52.6537322998
82.4873123, 12.0, -53.391368866
83.4090347, 12.0, -54.257484436
84.3307495, 12.0, -55.2723731995
85.2524719, 12.0, -56.4593048096
86.1741943, 12.0, -57.8445701599
87.0959167, 12.0, -59.4589500427
88.0176315, 12.0, -61.3343696594
88.9393539, 12.0, -63.5419692993
89.8610764, 12.0, -66.098236084
90.7827988, 12.0, -69.0277481079
91.7045135, 12.0, -72.3505706787
92.626236, 12.0, -76.0835494995
93.5479584, 12.0, -80.2326583862
94.4696808, 12.0, -84.7956237793
95.3913956, 12.0, -89.7720947266
96.313118, 12.0, -95.150352478
97.2348404, 12.0, -100.912635803
98.1565628, 12.0, -107.019981384
99.0782776, 12.0, -113.404289246
16.1434841, 12.8000002, -35.074848175
17.0549679, 12.8000002, -36.7294311523
17.9664516, 12.8000002, -38.1059417725
18.8779354, 12.8000002, -39.1545562744
19.7894192, 12.8000002, -39.885181427
20.7009029, 12.8000002, -40.4925613403
21.6123867, 12.8000002, -41.1693649292
22.5238705, 12.8000002, -41.8836631775
23.4353542, 12.8000002, -42.6123085022
24.346838, 12.8000002, -43.3355522156
25.2583218, 12.8000002, -44.036819458
26.1698055, 12.8000002, -44.7029075623
27.0812912, 12.8000002, -45.3240585327
27.992775, 12.8000002, -45.8938522339
28.9042587, 12.8000002, -46.4088668823
29.8157425, 12.8000002, -46.8682060242
30.7272263, 12.8000002, -47.2729721069
31.63871, 12.8000002, -47.6257553101
32.5501938, 12.8000002, -47.9301795959
33.4616776, 12.8000002, -48.1905059814
34.3731613, 12.8000002, -48.411315918
35.2846451, 12.8000002, -48.597240448
36.1961288, 12.8000002, -48.7527923584
37.1076126, 12.8000002, -48.8822212219
38.0190964, 12.8000002, -48.9894294739
38.9305801, 12.8000002, -49.0779266357
39.8420639, 12.8000002, -49.1508026123
40.7535477, 12.8000002, -49.2107391357
41.6650314, 12.8000002, -49.2600288391
42.5765152, 12.8000002, -49.3006095886
43.487999, 12.8000002, -49.3340950012
44.3994827, 12.8000002, -49.3618202209
45.3109665, 12.8000002, -49.3848991394
46.2224503, 12.8000002, -49.4042320251
47.133934, 12.8000002, -49.4205627441
48.0454178, 12.8000002, -49.4345016479
48.9569016, 12.8000002, -49.4465484619
49.8683853, 12.8000002, -49.457118988
50.7798691, 12.8000002, -49.4665527344
51.6913567, 12.8000002, -49.475151062
52.6028404, 12.8000002, -49.4831619263
53.5143242, 12.8000002, -49.4908180237
54.425808, 12.8000002, -49.4983329773
55.3372917, 12.8000002, -49.5059013367
56.2487755, 12.8000002, -49.5137329102
57.1602592, 12.8000002, -49.5220336914
58.071743, 12.8000002, -49.5310249329
58.9832268, 12.8000002, -49.5409622192
59.8947105, 12.8000002, -49.552116394
60.8061943, 12.8000002, -49.5648155212
61.7176781, 12.8000002, -49.5794334412
62.6291618, 12.8000002, -49.5964164734
63.5406456, 12.8000002, -49.6162910461
64.4521255, 12.8000002, -49.6396980286
65.3636093, 12.8000002, -49.6673965454
66.2750931, 12.8000002, -49.700302124
67.1865768, 12.8000002, -49.739528656
68.0980682, 12.8000002, -49.7864151001
69.009552, 12.8000002, -49.8425827026
69.9210358, 12.8000002, -49.9099845886
70.8325195, 12.8000002, -49.9909591675
71.7440033, 12.8000002, -50.0883026123
72.6554871, 12.8000002, -50.2053794861
73.5669708, 12.8000002, -50.3462753296
74.4784546, 12.8000002, -50.5157356262
75.3899384, 12.8000002, -50.7194290161
76.3014221, 12.8000002, -50.9641990662
77.2129059, 12.8000002, -51.2565460205
78.1243896, 12.8000002, -51.6047515869
79.0358734, 12.8000002, -52.0183906555
79.9473572, 12.8000002, -52.5075950623
80.8588409, 12.8000002, -53.0844497681
81.7703247, 12.8000002, -53.7642288208
82.6818085, 12.8000002, -54.5639190674
83.5932922, 12.8000002, -55.5031356812
84.504776, 12.8000002, -56.6047210693
85.4162598, 12.8000002, -57.8946151733
86.3277435, 12.8000002, -59.4044799805
87.2392273, 12.8000002, -61.1670608521
88.1507111, 12.8000002, -63.2557182312
89.0621948, 12.8000002, -65.6886062622
89.9736786, 12.8000002, -68.4944763184
90.8851624, 12.8000002, -71.6987991333
91.7966461, 12.8000002, -75.3324966431
92.7081299, 12.8000002, -79.4065246582
93.6196136, 12.8000002, -83.9426651001
94.5310974, 12.8000002, -88.9362030029
95.4425812, 12.8000002, -94.3940658569
96.3540649, 12.8000002, -100.326332092
97.2655487, 12.8000002, -106.707191467
98.1770325, 12.8000002, -113.487258911
99.0885162, 12.8000002, -120.611343384
17.085247, 13.6000004, -35.4783096313
17.9864941, 13.6000004, -37.0925865173
18.8877411, 13.6000004, -38.4312019348
19.78899, 13.6000004, -39.4470024109
20.690237, 13.6000004, -40.1593475342
21.5914841, 13.6000004, -40.8997039795
22.4927311, 13.6000004, -41.6775054932
23.3939781, 13.6000004, -42.4714279175
24.2952251, 13.6000004, -43.2602577209
25.1964722, 13.6000004, -44.0258674622
26.0977211, 13.6000004, -44.7537002563
26.9989681, 13.6000004, -45.4329299927
27.9002151, 13.6000004, -46.0564117432
28.8014622, 13.6000004, -46.6203041077
29.7027092, 13.6000004, -47.1235542297
30.6039562, 13.6000004, -47.5672912598
31.5052052, 13.6000004, -47.954284668
32.4064522, 13.6000004, -48.2884483337
33.3076973, 13.6000004, -48.5743942261
34.2089462, 13.6000004, -48.8171005249
35.1101952, 13.6000004, -49.0216064453
36.0114403, 13.6000004, -49.1928253174
36.9126892, 13.6000004, -49.335395813
37.8139343, 13.6000004, -49.4535598755
38.7151833, 13.6000004, -49.5511512756
39.6164284, 13.6000004, -49.6315422058
40.5176773, 13.6000004, -49.6976699829
41.4189262, 13.6000004, -49.752040863
42.3201714, 13.6000004, -49.7967834473
43.2214203, 13.6000004, -49.8336639404
44.1226654, 13.6000004, -49.8641662598
45.0239143, 13.6000004, -49.8895072937
45.9251595, 13.6000004, -49.9106864929
46.8264084, 13.6000004, -49.9285240173
47.7276573, 13.6000004, -49.9436912537
48.6289024, 13.6000004, -49.9567337036
49.5301514, 13.6000004, -49.9681129456
50.4313965, 13.6000004, -49.9781990051
51.3326454, 13.6000004, -49.9873123169
52.2338943, 13.6000004, -49.9957313538
53.1351395, 13.6000004, -50.0036888123
54.0363884, 13.6000004, -50.0114097595
54.9376335, 13.6000004, -50.0190963745
55.8388824, 13.6000004, -50.0269584656
56.7401276, 13.6000004, -50.0351982117
57.6413765, 13.6000004, -50.0440330505
58.5426254, 13.6000004, -50.0537033081
59.4438705, 13.6000004, -50.0644683838
60.3451195, 13.6000004, -50.0766372681
61.2463646, 13.6000004, -50.0905570984
62.1476135, 13.6000004, -50.1066398621
63.0488586, 13.6000004, -50.125377655
63.9501076, 13.6000004, -50.1473426819
64.8513565, 13.6000004, -50.1732406616
65.7526016, 13.6000004, -50.2039031982
66.6538467, 13.6000004, -50.2403335571
67.5550995, 13.6000004, -50.2837524414
68.4563446, 13.6000004, -50.3356132507
69.3575897, 13.6000004, -50.3976974487
70.2588425, 13.6000004, -50.4721298218
71.1600876, 13.6000004, -50.5614395142
72.0613327, 13.6000004, -50.6686248779
72.9625778, 13.6000004, -50.7973327637
73.8638306, 13.6000004, -50.9520835876
74.7650757, 13.6000004, -51.1383628845
75.6663208, 13.6000004, -51.3612556458
76.5675735, 13.6000004, -51.6272926331
77.4688187, 13.6000004, -51.9439582825
78.3700638, 13.6000004, -52.3190116882
79.2713089, 13.6000004, -52.7630500793
80.1725616, 13.6000004, -53.288105011
81.0738068, 13.6000004, -53.9079551697
81.9750519, 13.6000004, -54.6386909485
82.8763046, 13.6000004, -55.4990653992
83.7775497, 13.6000004, -56.5109672546
84.6787949, 13.6000004, -57.6997337341
85.58004, 13.6000004, -59.0973587036
86.4812927, 13.6000004, -60.733795166
87.3825378, 13.6000004, -62.6843643188
88.283783, 13.6000004, -64.9683609009
89.1850357, 13.6000004, -67.6160888672
90.0862808, 13.6000004, -70.6583786011
90.9875259, 13.6000004, -74.1290969849
91.8887711, 13.6000004, -78.0593566895
92.7900238, 13.6000004, -82.4766769409
93.6912689, 13.6000004, -87.3845214844
94.592514, 13.6000004, -92.7986831665
95.4937668, 13.6000004, -98.7568359375
96.3950119, 13.6000004, -105.25994873
97.296257, 13.6000004, -112.286117554
98.1975021, 13.6000004, -119.797592163
99.0987549, 13.6000004, -127.735557556
18.02701, 14.3999996, -35.8562698364
18.9180222, 14.3999996, -37.435546875
19.8090324, 14.3999996, -38.7406654358
20.7000427, 14.3999996, -39.7288093567
21.591053, 14.3999996, -40.4987258911
22.4820652, 14.3999996, -41.3301811218
23.3730755, 14.3999996, -42.1828536987
24.2640858, 14.3999996, -43.0315093994
25.1550961, 14.3999996, -43.856174469
26.0461082, 14.3999996, -44.6407318115
26.9371185, 14.3999996, -45.37317276
27.8281288, 14.3999996, -46.0456428528
28.7191391, 14.3999996, -46.6539764404
29.6101513, 14.3999996, -47.1970443726
30.5011616, 14.3999996, -47.6760902405
31.3921719, 14.3999996, -48.0940933228
32.2831841, 14.3999996, -48.4552459717
33.1741943, 14.3999996, -48.7644920349
34.0652046, 14.3999996, -49.0271492004
34.9562149, 14.3999996, -49.2486228943
35.8472252, 14.3999996, -49.4341812134
36.7382355, 14.3999996, -49.5887947083
37.6292458, 14.3999996, -49.7170257568
38.5202599, 14.3999996, -49.8229866028
39.4112701, 14.3999996, -49.9103050232
40.3022804, 14.3999996, -49.9821434021
41.1932907, 14.3999996, -50.0412025452
42.084301, 14.3999996, -50.0897789001
42.9753113, 14.3999996, -50.1297988892
43.8663216, 14.3999996, -50.1628608704
44.7573318, 14.3999996, -50.1902885437
45.6483459, 14.3999996, -50.2131652832
46.5393562, 14.3999996, -50.232383728
47.4303665, 14.3999996, -50.2486724854
48.3213768, 14.3999996, -50.2626266479
49.2123871, 14.3999996, -50.2747383118
50.1033974, 14.3999996, -50.28540802
50.9944077, 14.3999996, -50.2949790955
51.8854179, 14.3999996, -50.3037414551
52.7764282, 14.3999996, -50.3119506836
53.6674423, 14.3999996, -50.3198318481
54.5584526, 14.3999996, -50.3275909424
55.4494629, 14.3999996, -50.3354377747
56.3404732, 14.3999996, -50.3435707092
57.2314835, 14.3999996, -50.3522033691
58.1224937, 14.3999996, -50.3615570068
59.013504, 14.3999996, -50.371887207
59.9045143, 14.3999996, -50.3834724426
60.7955284, 14.3999996, -50.3966407776
61.6865387, 14.3999996, -50.4117698669
62.577549, 14.3999996, -50.4293022156
63.4685593, 14.3999996, -50.4497680664
64.3595734, 14.3999996, -50.4737968445
65.2505798, 14.3999996, -50.5021476746
66.1415939, 14.3999996, -50.5357170105
67.0326004, 14.3999996, -50.575592041
67.9236145, 14.3999996, -50.6230773926
68.814621, 14.3999996, -50.6797409058
69.7056351, 14.3999996, -50.7474822998
70.5966415, 14.3999996, -50.8285369873
71.4876556, 14.3999996, -50.925567627
72.3786697, 14.3999996, -51.0417823792
73.2696762, 14.3999996, -51.1811714172
74.1606903, 14.3999996, -51.348487854
75.0516968, 14.3999996, -51.5487937927
75.9427109, 14.3999996, -51.7877311707
76.8337173, 14.3999996, -52.0714302063
77.7247314, 14.3999996, -52.4083938599
78.6157455, 14.3999996, -52.8080635071
79.506752, 14.3999996, -53.2813949585
80.3977661, 14.3999996, -53.8411941528
81.2887726, 14.3999996, -54.5023918152
82.1797867, 14.3999996, -55.2825965881
83.0707932, 14.3999996, -56.2027015686
83.9618073, 14.3999996, -57.287689209
84.8528137, 14.3999996, -58.5674552917
85.7438278, 14.3999996, -60.072971344
86.6348419, 14.3999996, -61.8744506836
87.5258484, 14.3999996, -63.9947319031
88.4168625, 14.3999996, -66.4630661011
89.307869, 14.3999996, -69.3104705811
90.1988831, 14.3999996, -72.570930481
91.0898895, 14.3999996, -76.2939224243
91.9809036, 14.3999996, -80.5153503418
92.8719177, 14.3999996, -85.2501449585
93.7629242, 14.3999996, -90.5169754028
94.6539383, 14.3999996, -96.3556518555
95.5449448, 14.3999996, -102.809661865
96.4359589, 14.3999996, -109.902496338
97.3269653, 14.3999996, -117.609115601
98.2179794, 14.3999996, -125.914077759
99.1089859, 14.3999996, -134.754226685
18.9687748, 15.1999998, -36.2145042419
19.8495483, 15.1999998, -37.7602767944
20.7303219, 15.1999998, -39.0307121277
21.6110973, 15.1999998, -39.9611358643
22.4918709, 15.1999998, -40.8506469727
23.3726444, 15.1999998, -41.7583007812
24.2534199, 15.1999998, -42.6617202759
25.1341934, 15.1999998, -43.5405540466
26.014967, 15.1999998, -44.3769569397
26.8957424, 15.1999998, -45.1575622559
27.776516, 15.1999998, -45.8738594055
28.6572895, 15.1999998, -46.5215492249
29.538065, 15.1999998, -47.0996551514
30.4188385, 15.1999998, -47.6096458435
31.299612, 15.1999998, -48.0547981262
32.1803856, 15.1999998, -48.4395980835
33.061161, 15.1999998, -48.7692909241
33.9419365, 15.1999998, -49.0495109558
34.8227081, 15.1999998, -49.2859611511
35.7034836, 15.1999998, -49.4842147827
36.584259, 15.1999998, -49.6495246887
37.4650307, 15.1999998, -49.7867202759
38.3458061, 15.1999998, -49.9001617432
39.2265816, 15.1999998, -49.9936943054
40.1073532, 15.1999998, -50.0706596375
40.9881287, 15.1999998, -50.1339454651
41.8689041, 15.1999998, -50.1859817505
42.7496758, 15.1999998, -50.2288322449
43.6304512, 15.1999998, -50.2642021179
44.5112267, 15.1999998, -50.2935142517
45.3919983, 15.1999998, -50.3179244995
46.2727737, 15.1999998, -50.3383865356
47.1535492, 15.1999998, -50.3556861877
48.0343208, 15.1999998, -50.3704528809
48.9150963, 15.1999998, -50.3832168579
49.7958717, 15.1999998, -50.3944015503
50.6766434, 15.1999998, -50.4043731689
51.5574188, 15.1999998, -50.413433075
52.4381943, 15.1999998, -50.4218482971
53.3189659, 15.1999998, -50.4298477173
54.1997414, 15.1999998, -50.4376449585
55.0805168, 15.1999998, -50.4454460144
55.9612885, 15.1999998, -50.4534454346
56.8420639, 15.1999998, -50.4618492126
57.7228394, 15.1999998, -50.4708709717
58.6036148, 15.1999998, -50.4807472229
59.4843864, 15.1999998, -50.4917411804
60.3651619, 15.1999998, -50.5041465759
61.2459373, 15.1999998, -50.5183181763
62.126709, 15.1999998, -50.53465271
63.0074844, 15.1999998, -50.5536308289
63.8882599, 15.1999998, -50.5758247375
64.7690353, 15.1999998, -50.6019020081
65.6498032, 15.1999998, -50.6326751709
66.5305786, 15.1999998, -50.6691131592
67.4113541, 15.1999998, -50.7123603821
68.2921295, 15.1999998, -50.7638015747
69.172905, 15.1999998, -50.8250694275
70.0536804, 15.1999998, -50.8981246948
70.9344482, 15.1999998, -50.9853210449
71.8152237, 15.1999998, -51.089427948
72.6959991, 15.1999998, -51.213722229
73.5767746, 15.1999998, -51.3621940613
74.45755, 15.1999998, -51.5399360657
75.3383255, 15.1999998, -51.7517280579
76.2190933, 15.1999998, -52.0040550232
77.0998688, 15.1999998, -52.3042488098
77.9806442, 15.1999998, -52.6608543396
78.8614197, 15.1999998, -53.0838508606
79.7421951, 15.1999998, -53.5848579407
80.6229706, 15.1999998, -54.1775398254
81.5037384, 15.1999998, -54.8780784607
82.3845139, 15.1999998, -55.7059173584
83.2652893, 15.1999998, -56.6847305298
84.1460648, 15.1999998, -57.8439292908
85.0268402, 15.1999998, -59.2203483582
85.9076157, 15.1999998, -60.8616523743
86.7883835, 15.1999998, -62.8136711121
87.6691589, 15.1999998, -65.0936889648
88.5499344, 15.1999998, -67.7304611206
89.4307098, 15.1999998, -70.7591247559
90.3114853, 15.1999998, -74.2215194702
91.1922607, 15.1999998, -78.1733627319
92.0730286, 15.1999998, -82.6654205322
92.953804, 15.1999998, -87.6933517456
93.8345795, 15.1999998, -93.2906036377
94.7153549, 15.1999998, -99.5447540283
95.5961304, 15.1999998, -106.499229431
96.4769058, 15.1999998, -114.176017761
97.3576736, 15.1999998, -122.610122681
98.2384491, 15.1999998, -131.787399292
99.1192245, 15.1999998, -141.627182007
19.9105377, 16.0, -36.5532188416
20.7810745, 16.0, -38.0669059753
21.6516132, 16.0, -39.3114738464
22.52215, 16.0, -40.2590827942
23.3926888, 16.0, -41.2148971558
24.2632256, 16.0, -42.1678390503
25.1337643, 16.0, -43.0969848633
26.0043011, 16.0, -43.9811439514
26.8748379, 16.0, -44.8050079346
27.7453766, 16.0, -45.5596199036
28.6159134, 16.0, -46.2409744263
29.4864521, 16.0, -46.8486022949
30.3569889, 16.0, -47.3844680786
31.2275276, 16.0, -47.8522491455
32.0980644, 16.0, -48.2567672729
32.9686012, 16.0, -48.6035575867
33.839138, 16.0, -48.8985176086
34.7096786, 16.0, -49.147605896
35.5802155, 16.0, -49.356628418
36.4507523, 16.0, -49.5310668945
37.3212891, 16.0, -49.6759567261
38.1918297, 16.0, -49.7958564758
39.0623665, 16.0, -49.8947753906
39.9329033, 16.0, -49.9762268066
40.8034401, 16.0, -50.0432167053
41.6739769, 16.0, -50.0983161926
42.5445175, 16.0, -50.1436767578
43.4150543, 16.0, -50.1811027527
44.2855911, 16.0, -50.2120933533
45.1561279, 16.0, -50.2378730774
46.0266685, 16.0, -50.2594490051
46.8972054, 16.0, -50.2776489258
47.7677422, 16.0, -50.2931480408
48.638279, 16.0, -50.3064880371
49.5088158, 16.0, -50.3181343079
50.3793564, 16.0, -50.328453064
51.2498932, 16.0, -50.3377723694
52.12043, 16.0, -50.3463592529
52.9909668, 16.0, -50.3544540405
53.8615036, 16.0, -50.3622703552
54.7320442, 16.0, -50.370010376
55.602581, 16.0, -50.3778686523
56.4731178, 16.0, -50.3860397339
57.3436546, 16.0, -50.394733429
58.2141953, 16.0, -50.4041671753
59.0847321, 16.0, -50.4145851135
59.9552689, 16.0, -50.4262619019
60.8258057, 16.0, -50.4395141602
61.6963425, 16.0, -50.4547080994
62.5668831, 16.0, -50.4722747803
63.4374199, 16.0, -50.4927253723
64.3079605, 16.0, -50.5166625977
65.1784973, 16.0, -50.5448074341
66.0490341, 16.0, -50.5780143738
66.9195709, 16.0, -50.6173057556
67.7901077, 16.0, -50.663898468
68.6606445, 16.0, -50.7192268372
69.5311813, 16.0, -50.7849884033
70.4017181, 16.0, -50.8631820679
71.2722549, 16.0, -50.9562492371
72.1427994, 16.0, -51.0670509338
73.0133362, 16.0, -51.1988716125
73.883873, 16.0, -51.3554153442
74.7544098, 16.0, -51.5415534973
75.6249466, 16.0, -51.7639923096
76.4954834, 16.0, -52.0291213989
77.3660202, 16.0, -52.3446731567
78.236557, 16.0, -52.7195167542
79.1070938, 16.0, -53.1640853882
79.9776306, 16.0, -53.6906356812
80.848175, 16.0, -54.313747406
81.7187119, 16.0, -55.0509796143
82.5892487, 16.0, -55.9239234924
83.4597855, 16.0, -56.9597549438
84.3303223, 16.0, -58.1936035156
85.2008591, 16.0, -59.6729278564
86.0713959, 16.0, -61.4573707581
86.9419327, 16.0, -63.5524024963
87.8124695, 16.0, -65.9783554077
88.6830139, 16.0, -68.7656021118
89.5535507, 16.0, -71.9517059326
90.4240875, 16.0, -75.5944900513
91.2946243, 16.0, -79.7523117065
92.1651611, 16.0, -84.4867630005
93.0356979, 16.0, -89.7710571289
93.9062347, 16.0, -95.6751251221
94.7767715, 16.0, -102.30569458
95.6473083, 16.0, -109.735328674
96.5178528, 16.0, -118.006263733
97.3883896, 16.0, -127.194412231
98.2589264, 16.0, -137.322769165
99.1294632, 16.0, -148.309173584
20.8523006, 16.7999992, -36.8730926514
21.7126026, 16.7999992, -38.3586463928
22.5729027, 16.7999992, -39.5871124268
23.4332047, 16.7999992, -40.5734291077
24.2935047, 16.7999992, -41.5712280273
25.1538067, 16.7999992, -42.5500221252
26.0141068, 16.7999992, -43.4799766541
26.8744087, 16.7999992, -44.342880249
27.7347088, 16.7999992, -45.1300506592
28.5950108, 16.7999992, -45.8387336731
29.4553127, 16.7999992, -46.4696311951
30.3156128, 16.7999992, -47.0255699158
31.1759148, 16.7999992, -47.5108032227
32.0362167, 16.7999992, -47.9305458069
32.8965149, 16.7999992, -48.2906112671
33.7568169, 16.7999992, -48.5971031189
34.6171188, 16.7999992, -48.856174469
35.4774208, 16.7999992, -49.0737876892
36.337719, 16.7999992, -49.2555770874
37.1980209, 16.7999992, -49.4067382812
38.0583229, 16.7999992, -49.5319442749
38.9186249, 16.7999992, -49.6353416443
39.778923, 16.7999992, -49.7205543518
40.639225, 16.7999992, -49.7906951904
41.499527, 16.7999992, -49.8484153748
42.3598289, 16.7999992, -49.8959503174
43.2201309, 16.7999992, -49.9351806641
44.0804291, 16.7999992, -49.9676475525
44.940731, 16.7999992, -49.9946403503
45.801033, 16.7999992, -50.0172119141
46.661335, 16.7999992, -50.0362167358
47.5216331, 16.7999992, -50.0523681641
48.3819351, 16.7999992, -50.0662307739
49.2422371, 16.7999992, -50.0782852173
50.1025391, 16.7999992, -50.088924408
50.9628372, 16.7999992, -50.0984725952
51.8231392, 16.7999992, -50.1072158813
52.6834412, 16.7999992, -50.1153907776
53.5437431, 16.7999992, -50.1232147217
54.4040413, 16.7999992, -50.1308937073
55.2643433, 16.7999992, -50.1386184692
56.1246452, 16.7999992, -50.146572113
56.9849472, 16.7999992, -50.1549606323
57.8452492, 16.7999992, -50.1639785767
58.7055473, 16.7999992, -50.1738624573
59.5658493, 16.7999992, -50.1848640442
60.4261513, 16.7999992, -50.1972694397
61.2864532, 16.7999992, -50.2114105225
62.1467514, 16.7999992, -50.2276802063
63.0070534, 16.7999992, -50.2465324402
63.8673553, 16.7999992, -50.2685089111
64.7276535, 16.7999992, -50.2942466736
65.5879593, 16.7999992, -50.324508667
66.4482574, 16.7999992, -50.3601989746
67.3085556, 16.7999992, -50.4023895264
68.1688614, 16.7999992, -50.4523544312
69.0291595, 16.7999992, -50.5115890503
69.8894653, 16.7999992, -50.5818634033
70.7497635, 16.7999992, -50.6652793884
71.6100616, 16.7999992, -50.7643165588
72.4703674, 16.7999992, -50.8818855286
73.3306656, 16.7999992, -51.0213088989
74.1909714, 16.7999992, -51.1862945557
75.0512695, 16.7999992, -51.3813056946
75.9115677, 16.7999992, -51.6131629944
76.7718735, 16.7999992, -51.8900604248
77.6321716, 16.7999992, -52.219493866
78.4924698, 16.7999992, -52.6107788086
79.3527756, 16.7999992, -53.0747032166
80.2130737, 16.7999992, -53.6240921021
81.0733795, 16.7999992, -54.274433136
81.9336777, 16.7999992, -55.044757843
82.7939758, 16.7999992, -55.9590950012
83.6542816, 16.7999992, -57.0486602783
84.5145798, 16.7999992, -58.3554992676
85.3748779, 16.7999992, -59.937335968
86.2351837, 16.7999992, -61.8658905029
87.0954819, 16.7999992, -64.095741272
87.9557877, 16.7999992, -66.6522369385
88.8160858, 16.7999992, -69.5686035156
89.676384, 16.7999992, -72.8863296509
90.5366898, 16.7999992, -76.6801071167
91.3969879, 16.7999992, -81.0326538086
92.2572937, 16.7999992, -85.9467010498
93.1175919, 16.7999992, -91.4411010742
93.97789, 16.7999992, -97.6137237549
94.8381958, 16.7999992, -104.574676514
95.698494, 16.7999992, -112.421936035
96.5587921, 16.7999992, -121.269287109
97.4190979, 16.7999992, -131.239730835
98.2793961, 16.7999992, -142.39881897
99.1397018, 16.7999992, -154.725372314
21.7940636, 17.6000004, -37.1813697815
22.6441288, 17.6000004, -38.6453475952
23.494194, 17.6000004, -39.8539619446
24.3442574, 17.6000004, -40.8968238831
25.1943226, 17.6000004, -41.9339599609
26.0443878, 17.6000004, -42.9121932983
26.8944511, 17.6000004, -43.8110237122
27.7445164, 17.6000004, -44.6246604919
28.5945797, 17.6000004, -45.3535385132
29.4446449, 17.6000004, -46.000617981
30.2947102, 17.6000004, -46.5701026917
31.1447735, 17.6000004, -47.0670089722
31.9948387, 17.6000004, -47.4969749451
32.844902, 17.6000004, -47.8660621643
33.6949692, 17.6000004, -48.1805343628
34.5450325, 17.6000004, -48.4466400146
35.3950958, 17.6000004, -48.6704292297
36.245163, 17.6000004, -48.8576202393
37.0952263, 17.6000004, -49.0134658813
37.9452896, 17.6000004, -49.1427230835
38.7953529, 17.6000004, -49.2496032715
39.6454201, 17.6000004, -49.3377876282
40.4954834, 17.6000004, -49.4104576111
41.3455467, 17.6000004, -49.4703216553
42.1956139, 17.6000004, -49.5196647644
43.0456772, 17.6000004, -49.5604095459
43.8957405, 17.6000004, -49.5941429138
44.7458076, 17.6000004, -49.6221885681
45.595871, 17.6000004, -49.6456260681
46.4459343, 17.6000004, -49.6653442383
47.2960014, 17.6000004, -49.6820716858
48.1460648, 17.6000004, -49.6964073181
48.9961281, 17.6000004, -49.7088356018
49.8461952, 17.6000004, -49.7197570801
50.6962585, 17.6000004, -49.7295188904
51.5463219, 17.6000004, -49.7383995056
52.3963852, 17.6000004, -49.7466506958
53.2464523, 17.6000004, -49.7544898987
54.0965157, 17.6000004, -49.7621154785
54.946579, 17.6000004, -49.7697181702
55.7966461, 17.6000004, -49.7774772644
56.6467094, 17.6000004, -49.7855834961
57.4967728, 17.6000004, -49.7942314148
58.3468399, 17.6000004, -49.8036346436
59.1969032, 17.6000004, -49.8140220642
60.0469666, 17.6000004, -49.8256607056
60.8970337, 17.6000004, -49.8388557434
61.747097, 17.6000004, -49.8539505005
62.5971603, 17.6000004, -49.8713645935
63.4472275, 17.6000004, -49.8915710449
64.297287, 17.6000004, -49.9151496887
65.1473541, 17.6000004, -49.9427719116
65.9974213, 17.6000004, -49.9752388
66.8474808, 17.6000004, -50.0135002136
67.6975479, 17.6000004, -50.058681488
68.5476151, 17.6000004, -50.1121139526
69.3976746, 17.6000004, -50.175365448
70.2477417, 17.6000004, -50.2502975464
71.0978088, 17.6000004, -50.3390922546
71.9478683, 17.6000004, -50.444316864
72.7979355, 17.6000004, -50.5689544678
73.6480026, 17.6000004, -50.7164154053
74.4980621, 17.6000004, -50.8906021118
75.3481293, 17.6000004, -51.0961341858
76.1981964, 17.6000004, -51.3383598328
77.0482559, 17.6000004, -51.625328064
77.8983231, 17.6000004, -51.9670677185
78.7483902, 17.6000004, -52.3726959229
79.5984497, 17.6000004, -52.8533210754
80.4485168, 17.6000004, -53.422203064
81.298584, 17.6000004, -54.0956687927
82.1486435, 17.6000004, -54.8942565918
82.9987106, 17.6000004, -55.8445281982
83.8487778, 17.6000004, -56.9819526672
84.6988373, 17.6000004, -58.355670929
85.5489044, 17.6000004, -60.0376777649
86.3989639, 17.6000004, -62.1040916443
87.2490311, 17.6000004, -64.4581375122
88.0990982, 17.6000004, -67.1259231567
88.9491577, 17.6000004, -70.1462631226
89.7992249, 17.6000004, -73.5663986206
90.649292, 17.6000004, -77.4768600464
91.4993515, 17.6000004, -81.9757843018
92.3494186, 17.6000004, -87.0208969116
93.1994858, 17.6000004, -92.6661300659
94.0495453, 17.6000004, -99.0395431519
94.8996124, 17.6000004, -106.26713562
95.7496796, 17.6000004, -114.456672668
96.5997391, 17.6000004, -123.802749634
97.4498062, 17.6000004, -134.528076172
98.2998734, 17.6000004, -146.812591553
99.1499329, 17.6000004, -160.717819214
22.7358284, 18.3999996, -37.5119056702
23.575655, 18.3999996, -38.9838867188
24.4154835, 18.3999996, -40.1720809937
25.255312, 18.3999996, -41.3012428284
26.0951405, 18.3999996, -42.336643219
26.934967, 18.3999996, -43.2685661316
27.7747955, 18.3999996, -44.1013221741
28.614624, 18.3999996, -44.8419876099
29.4544525, 18.3999996, -45.4971847534
30.2942791, 18.3999996, -46.0729637146
31.1341076, 18.3999996, -46.5752258301
31.9739361, 18.3999996, -47.0100021362
32.8137627, 18.3999996, -47.3835334778
33.6535912, 18.3999996, -47.7021446228
34.4934196, 18.3999996, -47.9721069336
35.3332481, 18.3999996, -48.1994743347
36.1730766, 18.3999996, -48.3899421692
37.0129051, 18.3999996, -48.5487709045
37.8527298, 18.3999996, -48.6807136536
38.6925583, 18.3999996, -48.7899856567
39.5323868, 18.3999996, -48.8802909851
40.3722153, 18.3999996, -48.9548149109
41.2120438, 18.3999996, -49.0162963867
42.0518723, 18.3999996, -49.0670394897
42.8917007, 18.3999996, -49.1089820862
43.7315254, 18.3999996, -49.1437416077
44.5713539, 18.3999996, -49.1726531982
45.4111824, 18.3999996, -49.1968193054
46.2510109, 18.3999996, -49.2171440125
47.0908394, 18.3999996, -49.234375
47.9306679, 18.3999996, -49.2491188049
48.7704964, 18.3999996, -49.2618751526
49.610321, 18.3999996, -49.2730522156
50.4501495, 18.3999996, -49.2830047607
51.289978, 18.3999996, -49.2920150757
52.1298065, 18.3999996, -49.3003387451
52.969635, 18.3999996, -49.3081893921
53.8094635, 18.3999996, -49.3157691956
54.649292, 18.3999996, -49.3232650757
55.4891167, 18.3999996, -49.3308525085
56.3289452, 18.3999996, -49.3387107849
57.1687737, 18.3999996, -49.3470230103
58.0086021, 18.3999996, -49.3559913635
58.8484306, 18.3999996, -49.3658332825
59.6882591, 18.3999996, -49.3767852783
60.5280876, 18.3999996, -49.3891296387
61.3679123, 18.3999996, -49.403175354
62.2077408, 18.3999996, -49.4193000793
63.0475693, 18.3999996, -49.4379310608
63.8873978, 18.3999996, -49.4595832825
64.7272263, 18.3999996, -49.4848518372
65.5670547, 18.3999996, -49.5144538879
66.4068832, 18.3999996, -49.5492324829
67.2467117, 18.3999996, -49.5901756287
68.0865402, 18.3999996, -49.6384735107
68.9263687, 18.3999996, -49.695514679
69.7661972, 18.3999996, -49.7629508972
70.6060181, 18.3999996, -49.8427124023
71.4458466, 18.3999996, -49.9370727539
72.285675, 18.3999996, -50.0486831665
73.1255035, 18.3999996, -50.1806106567
73.965332, 18.3999996, -50.3363990784
74.8051605, 18.3999996, -50.520160675
75.644989, 18.3999996, -50.7366409302
76.4848175, 18.3999996, -50.9912834167
77.324646, 18.3999996, -51.2899398804
78.1644745, 18.3999996, -51.6422195435
79.004303, 18.3999996, -52.0601119995
79.8441315, 18.3999996, -52.5544204712
80.68396, 18.3999996, -53.1387176514
81.5237885, 18.3999996, -53.8301429749
82.3636093, 18.3999996, -54.6506690979
83.2034378, 18.3999996, -55.629196167
84.0432663, 18.3999996, -56.8051948547
84.8830948, 18.3999996, -58.2348861694
85.7229233, 18.3999996, -59.9989738464
86.5627518, 18.3999996, -62.2035598755
87.4025803, 18.3999996, -64.6643066406
88.2424088, 18.3999996, -67.4183654785
89.0822372, 18.3999996, -70.5118408203
89.9220657, 18.3999996, -73.9990310669
90.7618942, 18.3999996, -77.9797363281
91.6017227, 18.3999996, -82.5644836426
92.4415512, 18.3999996, -87.6876678467
93.2813797, 18.3999996, -93.4160385132
94.1212006, 18.3999996, -99.9022674561
94.9610291, 18.3999996, -107.298042297
95.8008575, 18.3999996, -115.714851379
96.640686, 18.3999996, -125.425270081
97.4805145, 18.3999996, -136.767745972
98.320343, 18.3999996, -150.193313599
99.1601715, 18.3999996, -166.012069702
23.6775913, 19.2000008, -38.0314483643
24.5071831, 19.2000008, -39.500705719
25.3367748, 19.2000008, -40.7479743958
26.1663647, 19.2000008, -41.8466758728
26.9959564, 19.2000008, -42.8039398193
27.8255482, 19.2000008, -43.6447296143
28.6551399, 19.2000008, -44.386592865
29.4847317, 19.2000008, -45.0406799316
30.3143234, 19.2000008, -45.6148719788
31.1439133, 19.2000008, -46.1157875061
31.973505, 19.2000008, -46.5497055054
32.8030968, 19.2000008, -46.9229049683
33.6326866, 19.2000008, -47.2416610718
34.4622803, 19.2000008, -47.5121688843
35.2918701, 19.2000008, -47.7403755188
36.1214638, 19.2000008, -47.9319000244
36.9510536, 19.2000008, -48.0919075012
37.7806435, 19.2000008, -48.2250862122
38.6102371, 19.2000008, -48.3355979919
39.439827, 19.2000008, -48.4270973206
40.2694206, 19.2000008, -48.5027580261
41.0990105, 19.2000008, -48.565284729
41.9286003, 19.2000008, -48.6169815063
42.758194, 19.2000008, -48.659778595
43.5877838, 19.2000008, -48.6952934265
44.4173775, 19.2000008, -48.7248649597
45.2469673, 19.2000008, -48.7496032715
46.076561, 19.2000008, -48.7704162598
46.9061508, 19.2000008, -48.7880554199
47.7357407, 19.2000008, -48.8031387329
48.5653343, 19.2000008, -48.8161697388
49.3949242, 19.2000008, -48.8275680542
50.2245178, 19.2000008, -48.8376808167
51.0541077, 19.2000008, -48.8468055725
51.8836975, 19.2000008, -48.8551902771
52.7132912, 19.2000008, -48.8630523682
53.542881, 19.2000008, -48.8705940247
54.3724747, 19.2000008, -48.8779945374
55.2020645, 19.2000008, -48.8854293823
56.0316544, 19.2000008, -48.8930664062
56.861248, 19.2000008, -48.9010810852
57.6908379, 19.2000008, -48.9096641541
58.5204315, 19.2000008, -48.9190139771
59.3500214, 19.2000008, -48.9293556213
60.1796112, 19.2000008, -48.9409370422
61.0092049, 19.2000008, -48.9540481567
61.8387947, 19.2000008, -48.9690246582
62.6683884, 19.2000008, -48.9862518311
63.4979782, 19.2000008, -49.006187439
64.3275681, 19.2000008, -49.0293693542
65.1571579, 19.2000008, -49.0564308167
65.9867554, 19.2000008, -49.0881195068
66.8163452, 19.2000008, -49.1253204346
67.6459351, 19.2000008, -49.1690750122
68.4755249, 19.2000008, -49.2206268311
69.3051147, 19.2000008, -49.2814331055
70.1347122, 19.2000008, -49.3532028198
70.9643021, 19.2000008, -49.4379501343
71.7938919, 19.2000008, -49.538028717
72.6234818, 19.2000008, -49.6561584473
73.4530716, 19.2000008, -49.7955093384
74.2826691, 19.2000008, -49.9597396851
75.1122589, 19.2000008, -50.1530723572
75.9418488, 19.2000008, -50.3803443909
76.7714386, 19.2000008, -50.6470146179
77.6010361, 19.2000008, -50.9593849182
78.4306259, 19.2000008, -51.3239097595
79.2602158, 19.2000008, -51.7520256042
80.0898056, 19.2000008, -52.2564697266
80.9193954, 19.2000008, -52.8512115479
81.7489929, 19.2000008, -53.5543479919
82.5785828, 19.2000008, -54.3889198303
83.4081726, 19.2000008, -55.3856811523
84.2377625, 19.2000008, -56.5873184204
85.0673523, 19.2000008, -58.0558319092
85.8969498, 19.2000008, -59.8858680725
86.7265396, 19.2000008, -62.2099113464
87.5561295, 19.2000008, -64.7492294312
88.3857193, 19.2000008, -67.556098938
89.2153091, 19.2000008, -70.6879501343
90.0449066, 19.2000008, -74.198348999
90.8744965, 19.2000008, -78.1926879883
91.7040863, 19.2000008, -82.7975540161
92.5336761, 19.2000008, -87.9336776733
93.363266, 19.2000008, -93.6701278687
94.1928635, 19.2000008, -100.165992737
95.0224533, 19.2000008, -107.595626831
95.8520432, 19.2000008, -116.0806427
96.681633, 19.2000008, -125.936225891
97.5112228, 19.2000008, -137.606307983
98.3408203, 19.2000008, -151.771606445
99.1704102, 19.2000008, -169.885177612
