100, 0, -1.16519
0, 0, 4.3735
-20, 0, -9.80909e-45
-20, -20, 200
100, -20, 200.866
100, 20, -203.1768
23.8, 20, -139.1988
98.9247, 0, -2.45537
97.8495, 0, -3.43566
96.7742, 0, -3.76131
95.6989, 0, -3.85911
94.6237, 0, -3.88176
93.5484, 0, -3.88752
92.4731, 0, -3.9562
91.3979, 0, -4.34894
90.3226, 0, -5.33962
89.2473, 0, -4.81233
88.172, 0, -3.71079
87.0968, 0, -3.09513
86.0215, 0, -2.69873
84.9462, 0, -2.35175
83.871, 0, -2.01376
82.7957, 0, -1.67145
81.7204, 0, -1.31164
80.6452, 0, -0.812896
79.5699, 0, -0.538375
78.4946, 0, -0.845123
77.4194, 0, -1.06151
76.3441, 0, -1.23712
75.2688, 0, -1.38883
74.1936, 0, -1.5203
73.1183, 0, -1.63414
72.043, 0, -1.74672
70.9677, 0, -1.88452
69.8925, 0, -2.02474
68.8172, 0, -1.92626
67.7419, 0, -1.80851
66.6667, 0, -1.72231
65.5914, 0, -1.63857
64.5161, 0, -1.53808
63.4409, 0, -1.41936
62.3656, 0, -1.3073
61.2903, 0, -1.29086
60.2151, 0, -1.33681
59.1398, 0, -1.16658
58.0645, 0, -0.895416
56.9892, 0, -0.714714
55.914, 0, -0.584436
54.8387, 0, -0.449127
53.7634, 0, -0.309745
52.6882, 0, -0.19854
51.6129, 0, -0.238518
50.5376, 0, -0.513695
49.4624, 0, -0.403208
48.3871, 0, 0.0488026
47.3118, 0, 0.248372
46.2366, 0, 0.316664
45.1613, 0, 0.360925
44.086, 0, 0.402289
43.0108, 0, 0.444386
41.9355, 0, 0.497706
40.8602, 0, 0.623643
39.7849, 0, 0.807762
38.7097, 0, 0.842827
37.6344, 0, 0.856097
36.5591, 0, 0.922108
35.4839, 0, 1.0139
34.4086, 0, 1.12286
33.3333, 0, 1.25994
32.2581, 0, 1.47748
31.1828, 0, 1.92233
30.1075, 0, 2.48392
29.0323, 0, 2.2683
27.957, 0, 2.03012
26.8817, 0, 2.07317
25.8065, 0, 2.21847
24.7312, 0, 2.38563
23.6559, 0, 2.54585
22.5806, 0, 2.68141
21.5054, 0, 2.78924
20.4301, 0, 3.0891
19.3548, 0, 2.99823
18.2796, 0, 2.89528
17.2043, 0, 2.93791
16.129, 0, 2.93745
15.0538, 0, 2.90299
13.9785, 0, 2.84655
12.9032, 0, 2.77638
11.828, 0, 2.6811
10.7527, 0, 2.48638
9.6774, 0, 3.3939
8.6022, 0, 2.4689
7.5269, 0, 2.3604
6.4516, 0, 2.4131
5.3763, 0, 3.1412
4.3011, 0, 0.83188
3.2258, 0, 3.1816
2.1505, 0, 1.2253
1.0753, 0, 1.8405
-1.0526, 0, 5.7107
-2.1053, 0, 5.6936
-3.1579, 0, 5.3068
-4.2105, 0, 4.7018
-5.2632, 0, 3.9768
-6.3158, 0, 3.1861
-7.3684, 0, 2.3463
-8.4211, 0, 1.4574
-9.4737, 0, 0.50842
-10.5263, 0, 0.0902476
-11.5789, 0, 0.220906
-12.6316, 0, 0.301562
-13.6842, 0, 0.34269
-14.7368, 0, 0.350637
-15.7895, 0, 0.329611
-16.8421, 0, 0.282567
-17.8947, 0, 0.211497
-18.9474, 0, 0.117556
-20, -1, 9.5
-20, -2, 19
-20, -3, 28.5
-20, -4, 38
-20, -5, 47.5
-20, -6, 57
-20, -7, 66.5
-20, -8, 76
-20, -9, 85.5
-20, -10, 100
-20, -11, 114.5
-20, -12, 124
-20, -13, 133.5
-20, -14, 143
-20, -15, 152.5
-20, -16, 162
-20, -17, 171.5
-20, -18, 181
-20, -19, 190.5
-18.92857, -20, 200.03
-17.85714, -20, 200.06
-16.78572, -20, 200.09
-15.71429, -20, 200.1199
-14.64286, -20, 200.1499
-13.57143, -20, 200.1799
-12.5, -20, 200.2099
-11.42857, -20, 200.2399
-10.35714, -20, 200.2699
-9.285714, -20, 200.3051
-8.214286, -20, 200.3431
-7.142857, -20, 200.381
-6.071429, -20, 200.4189
-5, -20, 200.4569
-3.928571, -20, 200.4948
-2.857143, -20, 200.5327
-1.785714, -20, 200.5707
-0.7142857, -20, 200.6086
0.3571429, -20, 200.6439
1.428571, -20, 200.6635
2.5, -20, 200.6796
3.571429, -20, 200.6157
4.642857, -20, 200.6541
5.714286, -20, 200.6794
6.785714, -20, 200.6368
7.857143, -20, 200.5943
8.928572, -20, 200.5517
10, -20, 200.5092
11.07143, -20, 200.5293
12.14286, -20, 200.5494
13.21429, -20, 200.5695
14.28571, -20, 200.5896
15.35714, -20, 200.6097
16.42857, -20, 200.6297
17.5, -20, 200.6498
18.57143, -20, 200.6699
19.64286, -20, 200.69
20.71428, -20, 200.7319
21.78572, -20, 200.7845
22.85714, -20, 200.8372
23.92857, -20, 200.8899
25, -20, 200.9426
26.07143, -20, 200.9952
27.14286, -20, 201.0479
28.21428, -20, 201.1006
29.28572, -20, 201.1532
30.35714, -20, 201.176
31.42857, -20, 201.1391
32.5, -20, 201.1022
33.57143, -20, 201.0653
34.64286, -20, 201.0284
35.71429, -20, 200.9915
36.78571, -20, 200.9546
37.85714, -20, 200.9177
38.92857, -20, 200.8807
40, -20, 200.8438
41.07143, -20, 200.8972
42.14286, -20, 200.9506
43.21429, -20, 201.0039
44.28571, -20, 201.0573
45.35714, -20, 201.1106
46.42857, -20, 201.164
47.5, -20, 201.2174
48.57143, -20, 201.2707
49.64286, -20, 201.3241
50.71429, -20, 201.3389
51.78571, -20, 201.3344
52.85714, -20, 201.3299
53.92857, -20, 201.3254
55, -20, 201.3209
56.07143, -20, 201.3164
57.14286, -20, 201.3119
58.21429, -20, 201.3074
59.28571, -20, 201.3029
60.35714, -20, 201.2747
61.42857, -20, 201.1991
62.5, -20, 201.1235
63.57143, -20, 201.0478
64.64286, -20, 200.9722
65.71429, -20, 200.8966
66.78571, -20, 200.8209
67.85714, -20, 200.7453
68.92857, -20, 200.6697
70, -20, 200.594
71.07143, -20, 200.7179
72.14286, -20, 200.8418
73.21429, -20, 200.9656
74.28571, -20, 201.0895
75.35714, -20, 201.2134
76.42857, -20, 201.3372
77.5, -20, 201.4611
78.57143, -20, 201.585
79.64286, -20, 201.7088
80.71429, -20, 201.6948
81.78571, -20, 201.6119
82.85714, -20, 201.529
83.92857, -20, 201.4461
85, -20, 201.3632
86.07143, -20, 201.2803
87.14286, -20, 201.1974
88.21429, -20, 201.1145
89.28571, -20, 201.0316
90.35714, -20, 200.9724
91.42857, -20, 200.9606
92.5, -20, 200.9487
93.57143, -20, 200.9369
94.64286, -20, 200.9251
95.71429, -20, 200.9133
96.78571, -20, 200.9014
97.85714, -20, 200.8896
98.92857, -20, 200.8778
100, -19, 191.6419
100, -18, 182.4179
100, -17, 172.98
100, -16, 163.5169
100, -15, 153.8278
100, -14, 144.0783
100, -13, 134.0316
100, -12, 123.8477
100, -11, 110.6398
100, -10, 95.2327
100, -9, 82.8325
100, -8, 73.7734
100, -7, 65.1803
100, -6, 57.3859
100, -5, 48.6629
100, -4, 37.3398
100, -3, 26.5816
100, -2, 18.8367
100, -1, 10.8662
100, 0.8, -10.7903
100, 1.6, -21.5671
100, 2.4, -32.8755
100, 3.2, -43.9477
100, 4, -50.7684
100, 4.8, -57.5891
100, 5.6, -63.1062
100, 6.4, -66.8308
100, 7.2, -70.5554
100, 8, -81.2478
100, 8.8, -93.7982
100, 9.6, -105.155
100, 10.4, -110.1463
100, 11.2, -115.1376
100, 12, -123.31
100, 12.8, -134.3455
100, 13.6, -145.3809
100, 14.4, -153.0646
100, 15.2, -160.354
100, 16, -167.1378
100, 16.8, -172.5062
100, 17.6, -177.8745
100, 18.4, -185.4502
100, 19.2, -194.3135
99.18065, 20, -200.6733
98.36129, 20, -198.1699
97.54194, 20, -195.6664
96.72258, 20, -193.163
95.90323, 20, -190.6595
95.08387, 20, -188.1561
94.26452, 20, -185.6526
93.44516, 20, -183.1492
92.62581, 20, -180.6457
91.80645, 20, -178.1423
90.9871, 20, -175.6388
90.16774, 20, -173.1354
89.34839, 20, -170.5036
88.52903, 20, -167.8388
87.70968, 20, -165.1741
86.89032, 20, -162.5093
86.07097, 20, -159.8445
85.25161, 20, -157.1797
84.43226, 20, -154.515
83.6129, 20, -151.8502
82.79355, 20, -149.1854
81.97419, 20, -146.5206
81.15484, 20, -143.8559
80.33549, 20, -141.1911
79.51613, 20, -140.5704
78.69678, 20, -141.367
77.87742, 20, -142.1636
77.05807, 20, -142.9601
76.23871, 20, -143.7567
75.41936, 20, -144.5533
74.6, 20, -145.3498
73.78065, 20, -146.1464
72.96129, 20, -146.943
72.14194, 20, -147.7396
71.32258, 20, -148.5361
70.50323, 20, -149.3327
69.68387, 20, -149.7878
68.86452, 20, -149.6994
68.04516, 20, -149.611
67.22581, 20, -149.5226
66.40645, 20, -149.4342
65.5871, 20, -149.3458
64.76774, 20, -149.2574
63.94839, 20, -149.169
63.12903, 20, -149.0807
62.30968, 20, -148.9923
61.49032, 20, -148.9039
60.67097, 20, -148.8155
59.85161, 20, -148.7324
59.03226, 20, -148.6734
58.2129, 20, -148.6144
57.39355, 20, -148.5554
56.57419, 20, -148.4964
55.75484, 20, -148.4375
54.93548, 20, -148.3785
54.11613, 20, -148.3195
53.29678, 20, -148.2605
52.47742, 20, -148.2015
51.65807, 20, -148.1425
50.83871, 20, -148.0835
50.01936, 20, -148.0245
49.2, 20, -147.9999
48.38065, 20, -147.976
47.56129, 20, -147.9522
46.74194, 20, -147.9284
45.92258, 20, -147.9045
45.10323, 20, -147.8807
44.28387, 20, -147.8569
43.46452, 20, -147.833
42.64516, 20, -147.8092
41.82581, 20, -147.7854
41.00645, 20, -147.7615
40.1871, 20, -147.7377
39.36774, 20, -147.7474
38.54839, 20, -147.7671
37.72903, 20, -147.7868
36.90968, 20, -147.8065
36.09032, 20, -147.8262
35.27097, 20, -147.8458
34.45161, 20, -147.8655
33.63226, 20, -147.8852
32.8129, 20, -147.9049
31.99355, 20, -147.9246
31.17419, 20, -147.9442
30.35484, 20, -147.9639
29.53548, 20, -147.4923
28.71613, 20, -146.5754
27.89677, 20, -145.5692
27.07742, 20, -144.4737
26.25806, 20, -143.2889
25.43871, 20, -142.0148
24.61935, 20, -140.6515
22.848, 19.2, -134.3364
21.896, 18.4, -129.8727
20.944, 17.6, -125.8934
19.992, 16.8, -123.2161
19.04, 16, -116.1628
18.088, 15.2, -109.8103
17.136, 14.4, -103.9327
16.184, 13.6, -98.2808
15.232, 12.8, -92.7664
14.28, 12, -87.3574
13.328, 11.2, -82.0152
12.376, 10.4, -76.7357
11.424, 9.6, -71.562
10.472, 8.8, -67.3135
9.52, 8, -62.6251
8.568, 7.2, -55.5849
7.616, 6.4, -49.0924
6.664, 5.6, -42.786
5.712, 4.8, -36.8612
4.76, 4, -31.6303
3.808, 3.2, -24.4174
2.856, 2.4, -16.4321
1.904, 1.6, -8.9134
0.952, 0.8, -2.229
98.9249, -1, 8.29461
97.8498, -1, 7.4166
96.7748, -1, 6.96328
95.6997, -1, 6.70923
94.6246, -1, 6.55492
93.5495, -1, 6.43673
92.4745, -1, 6.29515
91.3994, -1, 6.03523
90.3243, -1, 5.37889
89.2492, -1, 5.72061
88.1742, -1, 6.25047
87.0991, -1, 6.65632
86.024, -1, 7.01085
84.9489, -1, 7.32457
83.8738, -1, 7.5956
82.7988, -1, 7.82086
81.7237, -1, 8.03555
80.6486, -1, 8.83664
79.5735, -1, 9.3026
78.4985, -1, 8.36569
77.4234, -1, 8.29449
76.3483, -1, 8.23086
75.2732, -1, 8.12665
74.1982, -1, 7.99616
73.1231, -1, 7.85614
72.048, -1, 7.7113
70.9729, -1, 7.41798
69.8979, -1, 6.15773
68.8228, -1, 7.42896
67.7477, -1, 7.62021
66.6726, -1, 7.70623
65.5975, -1, 7.78291
64.5225, -1, 7.85091
63.4474, -1, 7.89736
62.3723, -1, 7.89828
61.2972, -1, 7.79932
60.2222, -1, 7.34822
59.1471, -1, 7.73017
58.072, -1, 8.02586
56.9969, -1, 8.23983
55.9219, -1, 8.40215
54.8468, -1, 8.50397
53.7717, -1, 8.5223
52.6966, -1, 8.41424
51.6215, -1, 8.10095
50.5465, -1, 7.40283
49.4714, -1, 7.56281
48.3963, -1, 8.51957
47.3212, -1, 9.03912
46.2462, -1, 9.34295
45.1711, -1, 9.53426
44.096, -1, 9.67972
43.0209, -1, 9.83541
41.9459, -1, 10.0712
40.8708, -1, 10.5357
39.7957, -1, 11.3285
38.7206, -1, 10.7369
37.6455, -1, 10.6016
36.5705, -1, 10.5711
35.4954, -1, 10.6029
34.4203, -1, 10.6835
33.3452, -1, 10.8111
32.2702, -1, 10.9915
31.1951, -1, 11.2105
30.12, -1, 11.1885
29.0449, -1, 11.4396
27.9699, -1, 11.514
26.8948, -1, 11.6139
25.8197, -1, 11.7769
24.7446, -1, 11.9706
23.6695, -1, 12.1731
22.5945, -1, 12.3764
21.5194, -1, 12.5998
20.4443, -1, 12.7707
19.3692, -1, 12.7607
18.2942, -1, 12.6503
17.2191, -1, 12.5318
16.144, -1, 12.4428
15.0689, -1, 12.3436
13.9939, -1, 12.2248
12.9188, -1, 12.0879
11.8437, -1, 11.9547
10.7686, -1, 11.5815
9.6935, -1, 9.7771
8.61847, -1, 11.238
7.54339, -1, 11.4578
6.46832, -1, 11.4229
5.39324, -1, 11.0803
4.31816, -1, 10.4464
3.24309, -1, 11.2049
2.16801, -1, 11.3488
1.09293, -1, 10.0923
0.0178571, -1, 13.6131
-1.03571, -1, 13.4641
-2.08929, -1, 13.4901
-3.14286, -1, 13.2489
-4.19643, -1, 12.8498
-5.25, -1, 12.3437
-6.30357, -1, 11.7575
-7.35714, -1, 11.1112
-8.41071, -1, 10.4255
-9.4643, -1, 9.7608
-10.5179, -1, 9.52663
-11.5714, -1, 9.52394
-12.625, -1, 9.5209
-13.6786, -1, 9.51796
-14.7321, -1, 9.51498
-15.7857, -1, 9.51198
-16.8393, -1, 9.50897
-17.8929, -1, 9.50597
-18.9464, -1, 9.50301
98.9251, -2, 18.2705
97.8502, -2, 17.8381
96.7753, -2, 17.4231
95.7005, -2, 17.0963
94.6256, -2, 16.8568
93.5507, -2, 16.6631
92.4758, -2, 16.4982
91.4009, -2, 16.4753
90.326, -2, 16.5647
89.2512, -2, 16.531
88.1763, -2, 16.3985
87.1014, -2, 16.5402
86.0265, -2, 16.8032
84.9516, -2, 17.0664
83.8767, -2, 17.3067
82.8018, -2, 17.5196
81.727, -2, 17.717
80.6521, -2, 17.8828
79.5772, -2, 17.9707
78.5023, -2, 17.8627
77.4274, -2, 17.8347
76.3525, -2, 17.7581
75.2776, -2, 17.6402
74.2028, -2, 17.501
73.1279, -2, 17.3491
72.053, -2, 17.1586
70.9781, -2, 16.8387
69.9032, -2, 16.4581
68.8283, -2, 16.7971
67.7535, -2, 17.0032
66.6786, -2, 17.0883
65.6037, -2, 17.143
64.5288, -2, 17.1854
63.4539, -2, 17.2052
62.379, -2, 17.1757
61.3041, -2, 17.0434
60.2293, -2, 16.8007
59.1544, -2, 16.9145
58.0795, -2, 17.1715
57.0046, -2, 17.3465
55.9297, -2, 17.4582
54.8548, -2, 17.5124
53.78, -2, 17.4928
52.7051, -2, 17.3544
51.6302, -2, 16.9755
50.5553, -2, 16.1327
49.4804, -2, 16.3
48.4055, -2, 17.4585
47.3306, -2, 18.0876
46.2558, -2, 18.4688
45.1809, -2, 18.7455
44.106, -2, 18.9841
43.0311, -2, 19.2362
41.9562, -2, 19.5834
40.8813, -2, 20.2008
39.8064, -2, 20.8212
38.7316, -2, 20.3793
37.6567, -2, 20.1651
36.5818, -2, 20.1118
35.5069, -2, 20.1241
34.432, -2, 20.1725
33.3571, -2, 20.2438
32.2823, -2, 20.3093
31.2074, -2, 20.2556
30.1325, -2, 20.0788
29.0576, -2, 20.4154
27.9827, -2, 20.8269
26.9078, -2, 21.0992
25.8329, -2, 21.3389
24.7581, -2, 21.5863
23.6832, -2, 21.843
22.6083, -2, 22.105
21.5334, -2, 22.3527
20.4585, -2, 22.4732
19.3836, -2, 22.5013
18.3088, -2, 22.411
17.2339, -2, 22.2434
16.159, -2, 22.0862
15.0841, -2, 21.9312
14.0092, -2, 21.7492
12.9343, -2, 21.5266
11.8594, -2, 21.2313
10.7846, -2, 20.7597
9.70968, -2, 19.9902
8.63479, -2, 20.5555
7.55991, -2, 20.7949
6.48502, -2, 20.7708
5.41014, -2, 20.2218
4.33525, -2, 22.6332
3.26037, -2, 20.6695
2.18548, -2, 22.9928
1.1106, -2, 19.3122
0.0357143, -2, 22.2771
-1.0188, -2, 21.9447
-2.07331, -2, 21.7828
-3.12782, -2, 21.6176
-4.18233, -2, 21.3406
-5.23684, -2, 20.9741
-6.29135, -2, 20.5437
-7.34586, -2, 20.076
-8.40038, -2, 19.6111
-9.45489, -2, 19.2379
-10.5094, -2, 19.0551
-11.5639, -2, 19.048
-12.6184, -2, 19.042
-13.6729, -2, 19.0359
-14.7274, -2, 19.0299
-15.782, -2, 19.0239
-16.8365, -2, 19.018
-17.891, -2, 19.012
-18.9455, -2, 19.006
98.9253, -3, 28.0525
97.8506, -3, 27.8344
96.7759, -3, 27.4877
95.7012, -3, 27.2042
94.6265, -3, 26.9787
93.5518, -3, 26.7985
92.4771, -3, 26.6637
91.4025, -3, 26.6403
90.3278, -3, 27.425
89.2531, -3, 26.8461
88.1784, -3, 26.5288
87.1037, -3, 26.6245
86.029, -3, 26.7946
84.9543, -3, 26.9907
83.8796, -3, 27.1963
82.8049, -3, 27.3946
81.7302, -3, 27.5259
80.6555, -3, 27.0331
79.5808, -3, 26.6051
78.5061, -3, 27.5203
77.4314, -3, 27.4796
76.3568, -3, 27.3364
75.2821, -3, 27.1726
74.2074, -3, 26.9993
73.1327, -3, 26.8164
72.058, -3, 26.6248
70.9833, -3, 26.4893
69.9086, -3, 27.0708
68.8339, -3, 26.3659
67.7592, -3, 26.3724
66.6845, -3, 26.4289
65.6098, -3, 26.4807
64.5351, -3, 26.5187
63.4604, -3, 26.5373
62.3858, -3, 26.5288
61.3111, -3, 26.4884
60.2364, -3, 26.5368
59.1617, -3, 26.4516
58.087, -3, 26.529
57.0123, -3, 26.6156
55.9376, -3, 26.6696
54.8629, -3, 26.6868
53.7882, -3, 26.658
52.7135, -3, 26.5621
51.6388, -3, 26.3501
50.5641, -3, 25.9567
49.4894, -3, 26.1034
48.4147, -3, 26.8382
47.3401, -3, 27.3451
46.2654, -3, 27.7225
45.1907, -3, 28.0409
44.116, -3, 28.34
43.0413, -3, 28.6522
41.9666, -3, 29.0171
40.8919, -3, 29.4937
39.8172, -3, 29.9118
38.7425, -3, 29.7158
37.6678, -3, 29.5856
36.5931, -3, 29.5422
35.5184, -3, 29.5395
34.4437, -3, 29.5498
33.369, -3, 29.5504
32.2944, -3, 29.5144
31.2197, -3, 29.3981
30.145, -3, 29.0584
29.0703, -3, 29.5936
27.9956, -3, 30.0742
26.9209, -3, 30.4812
25.8462, -3, 30.8393
24.7715, -3, 31.1693
23.6968, -3, 31.4806
22.6221, -3, 31.7754
21.5474, -3, 32.0568
20.4727, -3, 32.3704
19.398, -3, 32.3798
18.3233, -3, 32.1519
17.2487, -3, 32.0178
16.174, -3, 31.8823
15.0993, -3, 31.7163
14.0246, -3, 31.4906
12.9499, -3, 31.1646
11.8752, -3, 30.6824
10.8005, -3, 30.1998
9.72581, -3, 31.5512
8.65111, -3, 30.4722
7.57642, -3, 30.4999
6.50173, -3, 30.7848
5.42704, -3, 31.1971
4.35234, -3, 31.2383
3.27765, -3, 31.9568
2.20296, -3, 32.2318
1.12826, -3, 29.1404
0.0535714, -3, 31.0235
-1.00188, -3, 30.7756
-2.05733, -3, 30.5346
-3.11278, -3, 30.3504
-4.16823, -3, 30.1408
-5.22368, -3, 29.8782
-6.27914, -3, 29.5765
-7.33459, -3, 29.262
-8.39004, -3, 28.9793
-9.44549, -3, 28.721
-10.5009, -3, 28.5823
-11.5564, -3, 28.5722
-12.6118, -3, 28.5624
-13.6673, -3, 28.553
-14.7227, -3, 28.5439
-15.7782, -3, 28.5352
-16.8336, -3, 28.5266
-17.8891, -3, 28.5179
-18.9445, -3, 28.5091
98.9255, -4, 37.6031
97.851, -4, 37.4893
96.7765, -4, 37.2666
95.702, -4, 37.0664
94.6275, -4, 36.9125
93.553, -4, 36.8004
92.4785, -4, 36.7125
91.404, -4, 36.6354
90.3295, -4, 36.8951
89.255, -4, 36.6241
88.1805, -4, 36.5999
87.106, -4, 36.7091
86.0315, -4, 36.8359
84.957, -4, 36.9806
83.8825, -4, 37.1289
82.808, -4, 37.2528
81.7335, -4, 37.2698
80.659, -4, 36.9421
79.5845, -4, 36.6943
78.51, -4, 37.1575
77.4355, -4, 37.1073
76.361, -4, 36.939
75.2865, -4, 36.7435
74.212, -4, 36.528
73.1375, -4, 36.3029
72.063, -4, 36.1333
70.9885, -4, 36.179
69.914, -4, 36.3944
68.8395, -4, 36.0173
67.765, -4, 35.8171
66.6905, -4, 35.8257
65.616, -4, 35.8909
64.5415, -4, 35.9394
63.467, -4, 35.9573
62.3925, -4, 35.9777
61.318, -4, 36.0775
60.2435, -4, 36.1765
59.169, -4, 36.1366
58.0945, -4, 36.0428
57.02, -4, 36.03
55.9455, -4, 36.064
54.871, -4, 36.0659
53.7965, -4, 36.023
52.722, -4, 35.9619
51.6475, -4, 36.0096
50.573, -4, 36.1895
49.4985, -4, 36.3204
48.424, -4, 36.4705
47.3495, -4, 36.7363
46.275, -4, 37.0935
45.2005, -4, 37.4344
44.126, -4, 37.7506
43.0515, -4, 38.0591
41.977, -4, 38.3756
40.9025, -4, 38.612
39.828, -4, 38.8272
38.7535, -4, 38.8687
37.679, -4, 38.9241
36.6045, -4, 38.9202
35.53, -4, 38.9126
34.4555, -4, 38.8929
33.381, -4, 38.851
32.3064, -4, 38.7802
31.232, -4, 38.6706
30.1574, -4, 38.5018
29.0829, -4, 38.9508
28.0084, -4, 39.4439
26.9339, -4, 39.9089
25.8594, -4, 40.3482
24.7849, -4, 40.757
23.7104, -4, 41.1393
22.6359, -4, 41.4973
21.5614, -4, 41.8397
20.4869, -4, 42.2859
19.4124, -4, 42.3199
18.3379, -4, 42.0554
17.2634, -4, 41.9455
16.1889, -4, 41.8211
15.1144, -4, 41.6559
14.0399, -4, 41.4363
12.9654, -4, 41.1262
11.8909, -4, 40.6478
10.8164, -4, 40.2217
9.74194, -4, 39.463
8.66743, -4, 40.2795
7.59293, -4, 40.4793
6.51843, -4, 40.7096
5.44393, -4, 41.4301
4.36943, -4, 40.4373
3.29493, -4, 42.6854
2.22043, -4, 40.712
1.14593, -4, 40.505
0.0714286, -4, 39.4676
-0.984962, -4, 39.6286
-2.04135, -4, 39.5516
-3.09774, -4, 39.4575
-4.15414, -4, 39.3182
-5.21053, -4, 39.113
-6.26692, -4, 38.8673
-7.32331, -4, 38.6152
-8.3797, -4, 38.3989
-9.43609, -4, 38.2035
-10.4925, -4, 38.1086
-11.5489, -4, 38.0947
-12.6053, -4, 38.081
-13.6617, -4, 38.0686
-14.718, -4, 38.0568
-15.7744, -4, 38.0455
-16.8308, -4, 38.0344
-17.8872, -4, 38.0234
-18.9436, -4, 38.012
98.9257, -5, 47.1299
97.8514, -5, 46.8827
96.7771, -5, 46.7719
95.7028, -5, 46.686
94.6285, -5, 46.6199
93.5541, -5, 46.5815
92.4798, -5, 46.5751
91.4055, -5, 46.55
90.3312, -5, 45.7412
89.2569, -5, 46.267
88.1826, -5, 46.6118
87.1083, -5, 46.6835
86.034, -5, 46.7799
84.9597, -5, 46.8944
83.8854, -5, 47.0029
82.8111, -5, 47.0752
81.7367, -5, 47.095
80.6624, -5, 47.3902
79.5881, -5, 47.6699
78.5138, -5, 46.9295
77.4395, -5, 46.7916
76.3652, -5, 46.6334
75.2909, -5, 46.4316
74.2166, -5, 46.1981
73.1423, -5, 45.9467
72.068, -5, 45.7015
70.9937, -5, 45.5714
69.9194, -5, 45.3986
68.845, -5, 45.3941
67.7707, -5, 45.3947
66.6964, -5, 45.4861
65.6221, -5, 45.5782
64.5478, -5, 45.6472
63.4735, -5, 45.676
62.3992, -5, 45.6513
61.3249, -5, 45.6077
60.2506, -5, 45.7346
59.1763, -5, 45.7064
58.102, -5, 45.6938
57.0276, -5, 45.7744
55.9533, -5, 45.804
54.879, -5, 45.7889
53.8047, -5, 45.7417
52.7304, -5, 45.688
51.6561, -5, 45.6908
50.5818, -5, 46.1508
49.5075, -5, 46.3468
48.4332, -5, 46.097
47.3589, -5, 46.3606
46.2846, -5, 46.6854
45.2103, -5, 47.0049
44.1359, -5, 47.2989
43.0616, -5, 47.5537
41.9873, -5, 47.7483
40.913, -5, 47.8658
39.8387, -5, 47.7218
38.7644, -5, 48.1181
37.6901, -5, 48.2631
36.6158, -5, 48.3317
35.5415, -5, 48.3423
34.4672, -5, 48.311
33.3929, -5, 48.2454
32.3186, -5, 48.1493
31.2442, -5, 48.0444
30.1699, -5, 48.09
29.0956, -5, 48.4206
28.0213, -5, 48.9436
26.947, -5, 49.4648
25.8727, -5, 49.9541
24.7984, -5, 50.422
23.7241, -5, 50.8759
22.6498, -5, 51.3202
21.5755, -5, 51.7497
20.5012, -5, 52.1219
19.4268, -5, 52.2074
18.3525, -5, 52.1756
17.2782, -5, 52.0215
16.2039, -5, 51.8478
15.1296, -5, 51.6736
14.0553, -5, 51.4893
12.981, -5, 51.3042
11.9067, -5, 51.1313
10.8324, -5, 50.4117
9.75806, -5, 48.9556
8.68376, -5, 50.0164
7.60945, -5, 50.4829
6.53514, -5, 50.6271
5.46083, -5, 50.3399
4.38652, -5, 50.4164
3.31221, -5, 52.1162
2.2379, -5, 48.8354
1.16359, -5, 52.2622
0.0892857, -5, 48.7758
-0.968045, -5, 48.613
-2.02538, -5, 48.8737
-3.08271, -5, 48.9696
-4.14004, -5, 48.872
-5.19737, -5, 48.6675
-6.2547, -5, 48.4051
-7.31203, -5, 48.1207
-8.36936, -5, 47.8556
-9.42669, -5, 47.695
-10.484, -5, 47.6325
-11.5414, -5, 47.6138
-12.5987, -5, 47.5976
-13.656, -5, 47.5828
-14.7133, -5, 47.5688
-15.7707, -5, 47.555
-16.828, -5, 47.5416
-17.8853, -5, 47.5281
-18.9427, -5, 47.5144
98.9259, -6, 56.5675
97.8518, -6, 56.2281
96.7776, -6, 56.1725
95.7035, -6, 56.2197
94.6294, -6, 56.2442
93.5553, -6, 56.2385
92.4812, -6, 56.2619
91.4071, -6, 56.2569
90.3329, -6, 55.7541
89.2588, -6, 56.1592
88.1847, -6, 56.467
87.1106, -6, 56.5694
86.0365, -6, 56.7084
84.9624, -6, 56.8356
83.8883, -6, 56.9194
82.8141, -6, 56.9804
81.74, -6, 57.1338
80.6659, -6, 57.6095
79.5918, -6, 57.7964
78.5177, -6, 56.9888
77.4436, -6, 56.6659
76.3694, -6, 56.4941
75.2953, -6, 56.3127
74.2212, -6, 56.062
73.1471, -6, 55.7408
72.073, -6, 55.3881
70.9988, -6, 54.8634
69.9247, -6, 54.412
68.8506, -6, 54.7121
67.7765, -6, 55.1044
66.7024, -6, 55.3503
65.6283, -6, 55.5481
64.5541, -6, 55.6544
63.48, -6, 55.6597
62.4059, -6, 55.5803
61.3318, -6, 55.3599
60.2577, -6, 55.1657
59.1836, -6, 55.2675
58.1094, -6, 55.62
57.0353, -6, 55.7812
55.9612, -6, 55.8548
54.8871, -6, 55.8384
53.813, -6, 55.7439
52.7389, -6, 55.6088
51.6647, -6, 55.496
50.5906, -6, 55.535
49.5165, -6, 55.71
48.4424, -6, 55.8205
47.3683, -6, 56.137
46.2942, -6, 56.4748
45.22, -6, 56.7827
44.1459, -6, 57.0257
43.0718, -6, 57.1986
41.9977, -6, 57.3223
40.9236, -6, 57.3143
39.8495, -6, 57.2577
38.7753, -6, 57.5939
37.7012, -6, 57.7795
36.6271, -6, 57.873
35.553, -6, 57.9202
34.4789, -6, 57.8885
33.4048, -6, 57.782
32.3306, -6, 57.6618
31.2565, -6, 57.5666
30.1824, -6, 57.5555
29.1083, -6, 57.9808
28.0342, -6, 58.5506
26.9601, -6, 59.1123
25.8859, -6, 59.6763
24.8118, -6, 60.1947
23.7377, -6, 60.6823
22.6636, -6, 61.1785
21.5895, -6, 61.7008
20.5154, -6, 62.0951
19.4412, -6, 62.281
18.3671, -6, 62.2617
17.293, -6, 62.122
16.2189, -6, 61.9812
15.1448, -6, 61.8439
14.0707, -6, 61.7091
12.9965, -6, 61.5707
11.9224, -6, 61.4111
10.8483, -6, 61.1753
9.77419, -6, 60.6135
8.70008, -6, 60.9581
7.62596, -6, 61.0329
6.55184, -6, 60.9761
5.47773, -6, 60.721
4.40361, -6, 62.7061
3.32949, -6, 61.1053
2.25538, -6, 60.6421
1.18126, -6, 62.2501
0.107143, -6, 58.3201
-0.951128, -6, 58.2004
-2.0094, -6, 58.7396
-3.06767, -6, 58.8294
-4.12594, -6, 58.7383
-5.18421, -6, 58.5308
-6.24248, -6, 58.22
-7.30075, -6, 57.8169
-8.35902, -6, 57.4435
-9.41729, -6, 57.1991
-10.4756, -6, 57.1512
-11.5338, -6, 57.1297
-12.5921, -6, 57.1712
-13.6504, -6, 57.2999
-14.7086, -6, 57.3584
-15.7669, -6, 57.3208
-16.8252, -6, 57.1919
-17.8835, -6, 57.0378
-18.9417, -6, 57.0164
98.9261, -7, 65.6143
97.8521, -7, 65.7232
96.7782, -7, 66.0053
95.7043, -7, 66.1992
94.6304, -7, 66.28
93.5564, -7, 66.2431
92.4825, -7, 66.0833
91.4086, -7, 65.9128
90.3347, -7, 66.5039
89.2607, -7, 66.2512
88.1868, -7, 66.3106
87.1129, -7, 66.6985
86.039, -7, 66.9824
84.9651, -7, 67.1549
83.8911, -7, 67.2377
82.8172, -7, 67.2586
81.7433, -7, 67.2704
80.6694, -7, 67.3848
79.5954, -7, 67.1871
78.5215, -7, 67.0693
77.4476, -7, 66.942
76.3737, -7, 66.8404
75.2997, -7, 66.6771
74.2258, -7, 66.4055
73.1519, -7, 65.9842
72.078, -7, 65.353
71.004, -7, 64.5568
69.9301, -7, 63.4271
68.8562, -7, 64.449
67.7823, -7, 65.1364
66.7083, -7, 65.6719
65.6344, -7, 65.997
64.5605, -7, 66.1457
63.4866, -7, 66.1289
62.4126, -7, 65.9314
61.3387, -7, 65.5507
60.2648, -7, 64.7407
59.1909, -7, 65.3684
58.1169, -7, 65.9102
57.043, -7, 66.2238
55.9691, -7, 66.3372
54.8952, -7, 66.3003
53.8212, -7, 66.1403
52.7473, -7, 65.8676
51.6734, -7, 65.4857
50.5995, -7, 64.8945
49.5255, -7, 64.846
48.4516, -7, 65.6865
47.3777, -7, 66.2095
46.3038, -7, 66.6243
45.2298, -7, 66.9333
44.1559, -7, 67.1369
43.082, -7, 67.2249
42.0081, -7, 67.1797
40.9341, -7, 67.0998
39.8602, -7, 67.1239
38.7863, -7, 67.3429
37.7124, -7, 67.6303
36.6384, -7, 67.8594
35.5645, -7, 67.9614
34.4906, -7, 67.9402
33.4167, -7, 67.7923
32.3427, -7, 67.5116
31.2688, -7, 67.1996
30.1949, -7, 66.9827
29.121, -7, 67.6036
28.047, -7, 68.3322
26.9731, -7, 69.0821
25.8992, -7, 69.6888
24.8253, -7, 70.1991
23.7513, -7, 70.6608
22.6774, -7, 71.119
21.6035, -7, 71.6164
20.5296, -7, 72.2426
19.4556, -7, 72.5163
18.3817, -7, 72.3037
17.3078, -7, 72.1838
16.2339, -7, 72.082
15.1599, -7, 71.9877
14.086, -7, 71.902
13.0121, -7, 71.8105
11.9382, -7, 71.6898
10.8642, -7, 71.968
9.79032, -7, 73.3232
8.7164, -7, 72.1676
7.64247, -7, 71.689
6.56855, -7, 71.5861
5.49462, -7, 71.8508
4.4207, -7, 71.5796
3.34677, -7, 69.279
2.27285, -7, 72.4042
1.19892, -7, 71.1172
0.125, -7, 67.5115
-0.934211, -7, 68.8108
-1.99342, -7, 69.0728
-3.05263, -7, 69.0731
-4.11184, -7, 68.9589
-5.17105, -7, 68.758
-6.23026, -7, 68.4572
-7.28947, -7, 68.014
-8.34868, -7, 67.3485
-9.4079, -7, 66.7861
-10.4671, -7, 66.6626
-11.5263, -7, 66.8436
-12.5855, -7, 67.2951
-13.6447, -7, 67.5381
-14.7039, -7, 67.6249
-15.7632, -7, 67.579
-16.8224, -7, 67.3935
-17.8816, -7, 67.0261
-18.9408, -7, 66.5281
98.9263, -8, 74.7285
97.8525, -8, 75.8401
96.7788, -8, 76.3886
95.7051, -8, 76.6617
94.6313, -8, 76.7678
93.5576, -8, 76.7287
92.4839, -8, 76.5174
91.4101, -8, 76.1659
90.3364, -8, 76.3584
89.2627, -8, 76.2597
88.1889, -8, 76.7825
87.1152, -8, 77.3058
86.0415, -8, 77.6446
84.9677, -8, 77.8448
83.894, -8, 77.9491
82.8203, -8, 77.9428
81.7465, -8, 77.7355
80.6728, -8, 77.1506
79.5991, -8, 76.9507
78.5253, -8, 77.4277
77.4516, -8, 77.6601
76.3779, -8, 77.6461
75.3041, -8, 77.4883
74.2304, -8, 77.2201
73.1567, -8, 76.7892
72.0829, -8, 76.059
71.0092, -8, 74.8913
69.9355, -8, 73.8367
68.8617, -8, 74.9452
67.788, -8, 75.9628
66.7143, -8, 76.5967
65.6406, -8, 76.9509
64.5668, -8, 77.1322
63.4931, -8, 77.1615
62.4194, -8, 76.9733
61.3456, -8, 76.5006
60.2719, -8, 75.6384
59.1982, -8, 76.1469
58.1244, -8, 76.8686
57.0507, -8, 77.1956
55.977, -8, 77.2585
54.9032, -8, 77.164
53.8295, -8, 76.9482
52.7558, -8, 76.5795
51.682, -8, 75.9638
50.6083, -8, 74.8718
49.5346, -8, 74.7706
48.4608, -8, 75.9939
47.3871, -8, 76.7092
46.3134, -8, 77.1587
45.2396, -8, 77.4566
44.1659, -8, 77.6416
43.0922, -8, 77.7025
42.0184, -8, 77.5906
40.9447, -8, 77.3027
39.871, -8, 77.2851
38.7972, -8, 77.609
37.7235, -8, 78.0559
36.6498, -8, 78.3429
35.576, -8, 78.4639
34.5023, -8, 78.4605
33.4286, -8, 78.3272
32.3548, -8, 77.9883
31.2811, -8, 77.3489
30.2074, -8, 76.7047
29.1336, -8, 77.4349
28.0599, -8, 78.6343
26.9862, -8, 79.4253
25.9124, -8, 79.9742
24.8387, -8, 80.4081
23.765, -8, 80.7915
22.6912, -8, 81.1648
21.6175, -8, 81.5968
20.5438, -8, 82.2901
19.47, -8, 82.6122
18.3963, -8, 82.3498
17.3226, -8, 82.1929
16.2488, -8, 82.0696
15.1751, -8, 81.9842
14.1014, -8, 81.941
13.0276, -8, 81.9714
11.9539, -8, 82.1538
10.8802, -8, 82.4238
9.80645, -8, 83.5
8.73272, -8, 82.2584
7.65899, -8, 81.8983
6.58525, -8, 81.6177
5.51152, -8, 81.4847
4.43779, -8, 80.4368
3.36406, -8, 79.9332
2.29032, -8, 82.3326
1.21659, -8, 80.208
0.142857, -8, 79.7156
-0.917293, -8, 79.9709
-1.97744, -8, 79.7356
-3.03759, -8, 79.5662
-4.09774, -8, 79.4104
-5.15789, -8, 79.2298
-6.21805, -8, 78.9886
-7.2782, -8, 78.6262
-8.33835, -8, 77.9915
-9.3985, -8, 76.6178
-10.4586, -8, 76.2074
-11.5188, -8, 77.4129
-12.5789, -8, 77.9463
-13.6391, -8, 78.1761
-14.6992, -8, 78.251
-15.7594, -8, 78.2078
-16.8195, -8, 78.0373
-17.8797, -8, 77.6681
-18.9398, -8, 76.848
98.9265, -9, 85.2754
97.8529, -9, 86.5869
96.7794, -9, 87.171
95.7058, -9, 87.4661
94.6323, -9, 87.6007
93.5588, -9, 87.6157
92.4852, -9, 87.5167
91.4117, -9, 87.1775
90.3381, -9, 85.8277
89.2646, -9, 86.8539
88.1911, -9, 87.8841
87.1175, -9, 88.2934
86.044, -9, 88.5336
84.9704, -9, 88.6922
83.8969, -9, 88.7889
82.8233, -9, 88.8151
81.7498, -9, 88.6677
80.6763, -9, 87.9247
79.6027, -9, 87.5872
78.5292, -9, 88.4319
77.4556, -9, 88.6256
76.3821, -9, 88.5668
75.3086, -9, 88.4191
74.235, -9, 88.2073
73.1615, -9, 87.9094
72.0879, -9, 87.4449
71.0144, -9, 86.4337
69.9409, -9, 85.0567
68.8673, -9, 86.5854
67.7938, -9, 87.4926
66.7202, -9, 87.9104
65.6467, -9, 88.1834
64.5732, -9, 88.3755
63.4996, -9, 88.5027
62.4261, -9, 88.5543
61.3525, -9, 88.3376
60.279, -9, 87.7576
59.2055, -9, 88.0233
58.1319, -9, 88.4805
57.0584, -9, 88.5021
55.9848, -9, 88.4007
54.9113, -9, 88.2323
53.8377, -9, 87.9885
52.7642, -9, 87.6322
51.6907, -9, 87.0535
50.6171, -9, 86.0781
49.5436, -9, 85.9422
48.47, -9, 86.9386
47.3965, -9, 87.5722
46.323, -9, 87.9619
45.2494, -9, 88.2298
44.1759, -9, 88.4125
43.1023, -9, 88.5189
42.0288, -9, 88.5224
40.9553, -9, 88.2239
39.8817, -9, 87.6339
38.8082, -9, 88.5567
37.7346, -9, 88.9848
36.6611, -9, 89.1481
35.5876, -9, 89.2208
34.514, -9, 89.2249
33.4405, -9, 89.1557
32.3669, -9, 88.972
31.2934, -9, 88.4071
30.2199, -9, 86.7866
29.1463, -9, 88.2637
28.0728, -9, 89.4523
26.9992, -9, 90.0028
25.9257, -9, 90.3872
24.8522, -9, 90.7083
23.7786, -9, 91.002
22.7051, -9, 91.2954
21.6315, -9, 91.6333
20.558, -9, 92.1329
19.4844, -9, 92.4168
18.4109, -9, 92.2489
17.3374, -9, 92.1116
16.2638, -9, 92.034
15.1903, -9, 91.9883
14.1167, -9, 91.9792
13.0432, -9, 92.0321
11.9697, -9, 92.2261
10.8961, -9, 92.6203
9.82258, -9, 90.9332
8.74904, -9, 92.1788
7.6755, -9, 92.1725
6.60196, -9, 91.8751
5.52842, -9, 90.8586
4.45488, -9, 90.8779
3.38134, -9, 93.5712
2.3078, -9, 91.3807
1.23425, -9, 88.417
0.160714, -9, 92.8116
-0.900376, -9, 91.1751
-1.96147, -9, 90.4649
-3.02256, -9, 90.1438
-4.08365, -9, 89.9594
-5.14474, -9, 89.82
-6.20583, -9, 89.6775
-7.26692, -9, 89.4771
-8.32801, -9, 89.101
-9.3891, -9, 88.0078
-10.4502, -9, 87.378
-11.5113, -9, 88.6205
-12.5724, -9, 88.9556
-13.6335, -9, 89.0842
-14.6945, -9, 89.1187
-15.7556, -9, 89.0848
-16.8167, -9, 88.9769
-17.8778, -9, 88.7459
-18.9389, -9, 88.1811
98.9267, -10, 97.1967
97.8533, -10, 97.8683
96.78, -10, 98.3093
95.7066, -10, 98.5728
94.6333, -10, 98.7298
93.5599, -10, 98.8152
92.4866, -10, 98.8103
91.4132, -10, 98.6501
90.3399, -10, 97.4812
89.2665, -10, 98.4623
88.1932, -10, 99.2051
87.1198, -10, 99.4505
86.0465, -10, 99.5725
84.9731, -10, 99.6455
83.8998, -10, 99.6998
82.8264, -10, 99.7405
81.7531, -10, 99.797
80.6797, -10, 99.7994
79.6064, -10, 99.5316
78.533, -10, 99.8161
77.4597, -10, 99.6486
76.3863, -10, 99.5336
75.313, -10, 99.4201
74.2396, -10, 99.3008
73.1663, -10, 99.1712
72.0929, -10, 99.0352
71.0196, -10, 98.972
69.9462, -10, 98.051
68.8729, -10, 99.095
67.7995, -10, 99.2155
66.7262, -10, 99.4107
65.6528, -10, 99.5957
64.5795, -10, 99.7817
63.5061, -10, 99.9856
62.4328, -10, 100.2224
61.35945, -10, 100.6246
60.2861, -10, 100.7221
59.21275, -10, 100.8337
58.1394, -10, 100.2742
57.0661, -10, 99.9438
55.9927, -10, 99.6923
54.9194, -10, 99.4546
53.846, -10, 99.207
52.7727, -10, 98.9138
51.6993, -10, 98.5843
50.626, -10, 98.2212
49.5526, -10, 97.9977
48.4793, -10, 98.4149
47.4059, -10, 98.7128
46.3326, -10, 98.9939
45.2592, -10, 99.2161
44.1859, -10, 99.4004
43.1125, -10, 99.5532
42.0392, -10, 99.6769
40.9658, -10, 99.7837
39.8925, -10, 99.3138
38.81913, -10, 100.0038
37.74578, -10, 100.0841
36.67243, -10, 100.1395
35.59908, -10, 100.1616
34.52573, -10, 100.1637
33.45238, -10, 100.147
32.37903, -10, 100.1017
31.30568, -10, 100.0424
30.2323, -10, 98.9968
29.15899, -10, 100.0949
28.08564, -10, 100.4435
27.01229, -10, 100.6772
25.93894, -10, 100.8832
24.86559, -10, 101.0746
23.79224, -10, 101.2628
22.71889, -10, 101.4551
21.64555, -10, 101.6584
20.5722, -10, 101.8254
19.49885, -10, 101.9606
18.4255, -10, 101.9818
17.35215, -10, 101.9731
16.2788, -10, 101.9608
15.20545, -10, 101.9504
14.1321, -10, 101.9645
13.05876, -10, 102.0015
11.98541, -10, 102.0244
10.91206, -10, 102.0241
9.83871, -10, 102.5748
8.765361, -10, 102.1713
7.692012, -10, 102.1154
6.618664, -10, 102.1502
5.545315, -10, 102.3498
4.471966, -10, 103.9208
3.398618, -10, 102.5792
2.32527, -10, 99.5551
1.25192, -10, 100.0076
0.1785714, -10, 102.7557
-0.8834587, -10, 101.9101
-1.945489, -10, 101.0049
-3.007519, -10, 100.6296
-4.069549, -10, 100.4617
-5.131579, -10, 100.3942
-6.193609, -10, 100.3792
-7.255639, -10, 100.387
-8.317669, -10, 100.3887
-9.3797, -10, 100.3215
-10.44173, -10, 100.1731
-11.50376, -10, 100.164
-12.56579, -10, 100.1473
-13.62782, -10, 100.1274
-14.68985, -10, 100.1064
-15.75188, -10, 100.0851
-16.81391, -10, 100.0635
-17.87594, -10, 100.0418
-18.93797, -10, 100.02
98.92684, -11, 109.5446
97.85368, -11, 109.601
96.78053, -11, 109.6873
95.70737, -11, 109.8086
94.63422, -11, 109.9419
93.56106, -11, 110.0905
92.4879, -11, 110.2648
91.41475, -11, 110.4031
90.34159, -11, 111.1359
89.26843, -11, 110.7331
88.19527, -11, 110.6639
87.12212, -11, 110.6184
86.04897, -11, 110.5785
84.97581, -11, 110.5724
83.90265, -11, 110.6043
82.82949, -11, 110.6999
81.75634, -11, 110.9315
80.68318, -11, 111.6582
79.61002, -11, 112.2638
78.53687, -11, 111.0931
77.46371, -11, 110.7309
76.39056, -11, 110.5428
75.3174, -11, 110.4536
74.24424, -11, 110.4276
73.17108, -11, 110.4862
72.09792, -11, 110.7067
71.02477, -11, 111.2218
69.95161, -11, 112.6419
68.87846, -11, 111.3424
67.8053, -11, 111.0094
66.73214, -11, 110.9065
65.65899, -11, 110.9593
64.58583, -11, 111.1177
63.51267, -11, 111.3912
62.43952, -11, 111.856
61.36636, -11, 112.592
60.2932, -11, 114.2216
59.22005, -11, 113.1408
58.14689, -11, 112.0433
57.07373, -11, 111.3843
56.00058, -11, 110.9622
54.92742, -11, 110.679
53.85426, -11, 110.4748
52.7811, -11, 110.3514
51.70795, -11, 110.3073
50.63479, -11, 110.398
49.56163, -11, 110.4217
48.48848, -11, 110.0905
47.41532, -11, 110.077
46.34217, -11, 110.147
45.26901, -11, 110.2852
44.19585, -11, 110.4584
43.1227, -11, 110.6761
42.04954, -11, 110.9644
40.97638, -11, 111.3363
39.90322, -11, 112.1887
38.83007, -11, 111.456
37.75691, -11, 111.2726
36.68375, -11, 111.1617
35.6106, -11, 111.1188
34.53744, -11, 111.1208
33.46429, -11, 111.1697
32.39113, -11, 111.3059
31.31797, -11, 111.6047
30.24482, -11, 113.0483
29.17166, -11, 111.9352
28.0985, -11, 111.4899
27.02534, -11, 111.3877
25.95219, -11, 111.3959
24.87903, -11, 111.4509
23.80588, -11, 111.5261
22.73272, -11, 111.6065
21.65956, -11, 111.6502
20.5864, -11, 111.5806
19.51325, -11, 111.5289
18.44009, -11, 111.6662
17.36694, -11, 111.7361
16.29378, -11, 111.7333
15.22062, -11, 111.7188
14.14747, -11, 111.7201
13.07431, -11, 111.7443
12.00115, -11, 111.7285
10.928, -11, 111.5288
9.854838, -11, 113.0362
8.781682, -11, 111.951
7.708525, -11, 111.8815
6.635369, -11, 112.1563
5.562212, -11, 113.2618
4.489055, -11, 112.9682
3.415899, -11, 110.6966
2.342742, -11, 108.0395
1.269585, -11, 112.2461
0.1964286, -11, 112.0368
-0.8665413, -11, 111.5689
-1.929511, -11, 111.1595
-2.992481, -11, 110.8829
-4.055451, -11, 110.8026
-5.118421, -11, 110.8413
-6.181391, -11, 110.9705
-7.244361, -11, 111.1933
-8.307331, -11, 111.5771
-9.3703, -11, 112.5224
-10.43327, -11, 113.0341
-11.49624, -11, 111.7195
-12.55921, -11, 111.3421
-13.62218, -11, 111.171
-14.68515, -11, 111.0936
-15.74812, -11, 111.0845
-16.81109, -11, 111.1493
-17.87406, -11, 111.3369
-18.93703, -11, 111.8583
98.92703, -12, 122.0242
97.85407, -12, 121.2797
96.7811, -12, 121.1017
95.70814, -12, 121.0853
94.63518, -12, 121.1611
93.56221, -12, 121.3228
92.48925, -12, 121.6054
91.41628, -12, 122.2146
90.34332, -12, 123.6557
89.27036, -12, 123.0462
88.19739, -12, 122.0149
87.12442, -12, 121.6528
86.05146, -12, 121.4936
84.97849, -12, 121.4318
83.90553, -12, 121.449
82.83257, -12, 121.5598
81.7596, -12, 121.8493
80.68664, -12, 122.7531
79.61367, -12, 123.3669
78.5407, -12, 122.0442
77.46774, -12, 121.6656
76.39478, -12, 121.5121
75.32182, -12, 121.4671
74.24885, -12, 121.5207
73.17588, -12, 121.6949
72.10292, -12, 122.0653
71.02995, -12, 122.9409
69.95699, -12, 124.9205
68.88403, -12, 123.0723
67.81106, -12, 122.4304
66.7381, -12, 122.212
65.66513, -12, 122.1799
64.59216, -12, 122.2939
63.5192, -12, 122.5636
62.44624, -12, 123.0405
61.37327, -12, 123.8809
60.30031, -12, 125.6957
59.22734, -12, 124.5539
58.15438, -12, 123.25
57.08141, -12, 122.5372
56.00845, -12, 122.0967
54.93548, -12, 121.821
53.86252, -12, 121.6689
52.78955, -12, 121.6231
51.71659, -12, 121.7136
50.64362, -12, 122.1084
49.57066, -12, 122.1715
48.4977, -12, 121.5412
47.42473, -12, 121.3361
46.35176, -12, 121.306
45.2788, -12, 121.3682
44.20584, -12, 121.5103
43.13287, -12, 121.7314
42.05991, -12, 122.0684
40.98694, -12, 122.7199
39.91398, -12, 123.8349
38.84101, -12, 122.7617
37.76805, -12, 122.2997
36.69508, -12, 122.1127
35.62212, -12, 122.0356
34.54916, -12, 122.0413
33.47619, -12, 122.1352
32.40322, -12, 122.3553
31.33026, -12, 122.9163
30.2573, -12, 124.7923
29.18433, -12, 123.3896
28.11137, -12, 122.3817
27.0384, -12, 122.0399
25.96544, -12, 121.8816
24.89247, -12, 121.8014
23.81951, -12, 121.7577
22.74654, -12, 121.7171
21.67358, -12, 121.6466
20.60061, -12, 121.4727
19.52765, -12, 121.2788
18.45469, -12, 121.4079
17.38172, -12, 121.4026
16.30876, -12, 121.392
15.23579, -12, 121.3699
14.16283, -12, 121.3294
13.08986, -12, 121.2768
12.0169, -12, 121.2866
10.94393, -12, 121.5174
9.870968, -12, 119.6019
8.798003, -12, 121.3157
7.725039, -12, 121.5709
6.652074, -12, 121.5754
5.579109, -12, 121.4419
4.506145, -12, 120.798
3.43318, -12, 118.9983
2.360215, -12, 118.8963
1.28725, -12, 122.275
0.2142857, -12, 120.8754
-0.849624, -12, 120.562
-1.913534, -12, 120.7488
-2.977444, -12, 120.8788
-4.041353, -12, 121.0217
-5.105263, -12, 121.1924
-6.169173, -12, 121.424
-7.233083, -12, 121.7757
-8.296992, -12, 122.3986
-9.360902, -12, 123.7396
-10.42481, -12, 124.2076
-11.48872, -12, 122.9531
-12.55263, -12, 122.3589
-13.61654, -12, 122.0803
-14.68045, -12, 121.9601
-15.74436, -12, 121.9596
-16.80827, -12, 122.0868
-17.87218, -12, 122.4132
-18.93609, -12, 123.1907
98.92723, -13, 133.5643
97.85445, -13, 132.7625
96.78168, -13, 132.3367
95.70891, -13, 132.19
94.63614, -13, 132.2116
93.56336, -13, 132.3822
92.49059, -13, 132.7714
91.41782, -13, 133.4962
90.34505, -13, 134.4962
89.27227, -13, 134.1168
88.1995, -13, 133.0788
87.12673, -13, 132.5151
86.05396, -13, 132.2468
84.98119, -13, 132.1363
83.90841, -13, 132.1319
82.83564, -13, 132.237
81.76286, -13, 132.4818
80.69009, -13, 132.7718
79.61732, -13, 132.5618
78.54455, -13, 132.5907
77.47177, -13, 132.3467
76.399, -13, 132.2319
75.32623, -13, 132.2275
74.25346, -13, 132.3305
73.18069, -13, 132.5719
72.10791, -13, 133.0225
71.03514, -13, 133.7507
69.96236, -13, 134.0199
68.88959, -13, 133.9217
67.81682, -13, 133.3691
66.74405, -13, 133.0775
65.67127, -13, 132.9871
64.5985, -13, 133.053
63.52573, -13, 133.2693
62.45296, -13, 133.6611
61.38018, -13, 134.3187
60.30741, -13, 134.9631
59.23464, -13, 134.7441
58.16187, -13, 133.8058
57.08909, -13, 133.211
56.01632, -13, 132.8304
54.94355, -13, 132.6005
53.87078, -13, 132.4988
52.798, -13, 132.5265
51.72523, -13, 132.7053
50.65246, -13, 133.0221
49.57969, -13, 132.9736
48.50691, -13, 132.6083
47.43414, -13, 132.325
46.36137, -13, 132.1956
45.28859, -13, 132.1972
44.21582, -13, 132.3083
43.14305, -13, 132.5341
42.07028, -13, 132.9123
40.99751, -13, 133.4773
39.92473, -13, 133.7967
38.85196, -13, 133.5239
37.77919, -13, 133.0883
36.70641, -13, 132.8254
35.63364, -13, 132.7154
34.56087, -13, 132.724
33.48809, -13, 132.8552
32.41532, -13, 133.16
31.34255, -13, 133.6927
30.26978, -13, 133.9769
29.197, -13, 133.8402
28.12423, -13, 133.0465
27.05146, -13, 132.5322
25.97869, -13, 132.2365
24.90591, -13, 132.0509
23.83314, -13, 131.9163
22.76037, -13, 131.7937
21.6876, -13, 131.6508
20.61482, -13, 131.3941
19.54205, -13, 131.1931
18.46928, -13, 131.1925
17.39651, -13, 131.1723
16.32373, -13, 131.1409
15.25096, -13, 131.0946
14.17819, -13, 131.0407
13.10541, -13, 130.984
12.03264, -13, 130.927
10.95987, -13, 130.8908
9.887096, -13, 130.9004
8.814324, -13, 130.9048
7.741551, -13, 131.0633
6.668779, -13, 131.0692
5.596006, -13, 130.2701
4.523233, -13, 128.3604
3.450461, -13, 128.909
2.377688, -13, 132.5731
1.304916, -13, 131.9253
0.2321429, -13, 129.5285
-0.8327067, -13, 129.4551
-1.897556, -13, 130.2201
-2.962406, -13, 130.7973
-4.027256, -13, 131.1588
-5.092105, -13, 131.4384
-6.156955, -13, 131.73
-7.221805, -13, 132.1224
-8.286654, -13, 132.7502
-9.351503, -13, 133.4496
-10.41635, -13, 133.7541
-11.4812, -13, 133.5265
-12.54605, -13, 133.0159
-13.6109, -13, 132.7199
-14.67575, -13, 132.5855
-15.7406, -13, 132.5867
-16.80545, -13, 132.7292
-17.8703, -13, 133.0545
-18.93515, -13, 133.5149
98.92742, -14, 143.8996
97.85484, -14, 143.5597
96.78226, -14, 143.2114
95.70968, -14, 143.0363
94.6371, -14, 143.0202
93.56451, -14, 143.1537
92.49194, -14, 143.4389
91.41936, -14, 143.833
90.34677, -14, 144.3025
89.27419, -14, 143.9121
88.20161, -14, 143.4639
87.12904, -14, 143.0486
86.05645, -14, 142.786
84.98387, -14, 142.6495
83.91129, -14, 142.6083
82.83871, -14, 142.6312
81.76613, -14, 142.6424
80.69355, -14, 142.1881
79.62096, -14, 141.8442
78.54839, -14, 142.5924
77.47581, -14, 142.6645
76.40323, -14, 142.6513
75.33064, -14, 142.6868
74.25806, -14, 142.8045
73.18549, -14, 143.0295
72.1129, -14, 143.3755
71.04032, -14, 143.6173
69.96774, -14, 143.4191
68.89516, -14, 143.8019
67.82258, -14, 143.6639
66.75, -14, 143.4388
65.67742, -14, 143.3379
64.60484, -14, 143.3575
63.53226, -14, 143.4867
62.45968, -14, 143.7153
61.3871, -14, 143.9385
60.31452, -14, 143.8626
59.24194, -14, 143.8486
58.16935, -14, 143.7294
57.09678, -14, 143.3918
56.02419, -14, 143.1323
54.95161, -14, 142.975
53.87903, -14, 142.9195
52.80645, -14, 142.9743
51.73387, -14, 143.1392
50.66129, -14, 143.2468
49.58871, -14, 143.2599
48.51613, -14, 143.1185
47.44355, -14, 142.8772
46.37097, -14, 142.7365
45.29839, -14, 142.7106
44.22581, -14, 142.7897
43.15322, -14, 142.9751
42.08065, -14, 143.271
41.00806, -14, 143.5537
39.93548, -14, 143.6928
38.8629, -14, 143.5976
37.79032, -14, 143.3946
36.71774, -14, 143.1921
35.64516, -14, 143.0967
34.57258, -14, 143.1089
33.5, -14, 143.2315
32.42742, -14, 143.4684
31.35484, -14, 143.7062
30.28226, -14, 143.3279
29.20968, -14, 143.4127
28.1371, -14, 143.199
27.06452, -14, 142.7588
25.99194, -14, 142.4241
24.91936, -14, 142.1809
23.84678, -14, 141.9891
22.77419, -14, 141.8081
21.70161, -14, 141.5884
20.62903, -14, 141.3291
19.55645, -14, 141.1717
18.48387, -14, 141.0268
17.41129, -14, 140.9931
16.33871, -14, 140.92
15.26613, -14, 140.8339
14.19355, -14, 140.7563
13.12097, -14, 140.6936
12.04839, -14, 140.5876
10.97581, -14, 140.2722
9.903226, -14, 142.2626
8.830646, -14, 140.7344
7.758065, -14, 140.8003
6.685484, -14, 141.0903
5.612903, -14, 141.4912
4.540323, -14, 140.6264
3.467742, -14, 141.6044
2.395161, -14, 142.0626
1.322581, -14, 140.1908
0.25, -14, 138.19
-0.8157895, -14, 138.8006
-1.881579, -14, 140.1281
-2.947368, -14, 140.8019
-4.013158, -14, 141.2104
-5.078948, -14, 141.5313
-6.144737, -14, 141.8496
-7.210526, -14, 142.2155
-8.276316, -14, 142.5703
-9.342105, -14, 142.9296
-10.4079, -14, 143.2572
-11.47368, -14, 143.2145
-12.53947, -14, 143.1301
-13.60526, -14, 142.9543
-14.67105, -14, 142.8493
-15.73684, -14, 142.8428
-16.80263, -14, 142.9299
-17.86842, -14, 143.0458
-18.93421, -14, 143.0274
98.92761, -15, 153.6961
97.85522, -15, 153.5621
96.78284, -15, 153.4451
95.71045, -15, 153.3339
94.63805, -15, 153.3047
93.56567, -15, 153.3581
92.49328, -15, 153.438
91.42089, -15, 153.4946
90.3485, -15, 153.4599
89.27612, -15, 153.3953
88.20373, -15, 153.213
87.13134, -15, 153.0724
86.05894, -15, 152.9149
84.98656, -15, 152.7972
83.91417, -15, 152.72
82.84178, -15, 152.6326
81.76939, -15, 152.4085
80.69701, -15, 152.0079
79.62462, -15, 151.937
78.55223, -15, 152.2895
77.47984, -15, 152.5697
76.40745, -15, 152.6929
75.33506, -15, 152.7683
74.26267, -15, 152.8696
73.19028, -15, 153.0057
72.1179, -15, 153.1088
71.04551, -15, 153.2101
69.97312, -15, 153.4634
68.90073, -15, 153.3134
67.82834, -15, 153.3027
66.75595, -15, 153.2846
65.68356, -15, 153.2379
64.61118, -15, 153.2306
63.53879, -15, 153.2551
62.4664, -15, 153.2372
61.39401, -15, 153.1088
60.32162, -15, 152.8558
59.24923, -15, 152.9646
58.17684, -15, 153.1062
57.10445, -15, 153.1257
56.03207, -15, 153.0483
54.95968, -15, 152.9778
53.88729, -15, 152.9522
52.8149, -15, 152.9724
51.74251, -15, 153.0273
50.67012, -15, 153.2518
49.59773, -15, 153.3595
48.52534, -15, 153.0833
47.45296, -15, 152.9575
46.38057, -15, 152.8855
45.30818, -15, 152.8626
44.23579, -15, 152.9046
43.1634, -15, 153.0031
42.09101, -15, 153.1154
41.01862, -15, 153.2832
39.94624, -15, 153.4409
38.87385, -15, 153.2676
37.80146, -15, 153.1666
36.72907, -15, 153.1245
35.65668, -15, 153.0896
34.58429, -15, 153.103
33.51191, -15, 153.1629
32.43952, -15, 153.2111
31.36713, -15, 153.2032
30.29474, -15, 153.2842
29.22235, -15, 153.0248
28.14996, -15, 152.8223
27.07757, -15, 152.6164
26.00518, -15, 152.3656
24.9328, -15, 152.1319
23.86041, -15, 151.917
22.78802, -15, 151.6969
21.71563, -15, 151.4619
20.64324, -15, 151.2452
19.57085, -15, 151.0557
18.49846, -15, 150.9357
17.42608, -15, 150.7736
16.35369, -15, 150.6452
15.2813, -15, 150.5214
14.20891, -15, 150.3845
13.13652, -15, 150.2327
12.06413, -15, 150.1295
10.99174, -15, 150.2309
9.919354, -15, 148.5002
8.846966, -15, 150.373
7.774578, -15, 150.7593
6.702189, -15, 151.1629
5.6298, -15, 152.2967
4.557412, -15, 153.1101
3.485023, -15, 151.7327
2.412634, -15, 150.2703
1.340246, -15, 148.7649
0.2678571, -15, 147.2729
-0.7988722, -15, 149.3852
-1.865602, -15, 150.364
-2.932331, -15, 150.857
-3.99906, -15, 151.2062
-5.06579, -15, 151.4944
-6.132519, -15, 151.7518
-7.199248, -15, 151.9946
-8.265978, -15, 152.2357
-9.332706, -15, 152.4959
-10.39944, -15, 152.7387
-11.46617, -15, 152.717
-12.5329, -15, 152.6879
-13.59962, -15, 152.66
-14.66635, -15, 152.6328
-15.73308, -15, 152.6064
-16.79981, -15, 152.5802
-17.86654, -15, 152.5539
-18.93327, -15, 152.5272
98.9278, -16, 163.3356
97.85561, -16, 163.2154
96.78341, -16, 163.1251
95.71121, -16, 163.0705
94.63902, -16, 163.0426
93.56682, -16, 163.0352
92.49462, -16, 163.0406
91.42242, -16, 163.0205
90.35023, -16, 162.709
89.27803, -16, 162.7849
88.20583, -16, 162.8195
87.13364, -16, 162.7299
86.06145, -16, 162.6469
84.98925, -16, 162.5691
83.91705, -16, 162.4846
82.84486, -16, 162.3806
81.77266, -16, 162.2522
80.70046, -16, 162.2044
79.62827, -16, 162.2405
78.55607, -16, 162.2043
77.48387, -16, 162.3082
76.41167, -16, 162.4084
75.33948, -16, 162.4867
74.26728, -16, 162.551
73.19508, -16, 162.6116
72.12289, -16, 162.6865
71.05069, -16, 162.849
69.97849, -16, 163.326
68.9063, -16, 162.858
67.8341, -16, 162.7608
66.7619, -16, 162.7434
65.6897, -16, 162.7366
64.61751, -16, 162.72
63.54531, -16, 162.6782
62.47312, -16, 162.5908
61.40092, -16, 162.4288
60.32872, -16, 162.1267
59.25653, -16, 162.2808
58.18433, -16, 162.4947
57.11214, -16, 162.6012
56.03994, -16, 162.6408
54.96774, -16, 162.6489
53.89555, -16, 162.6516
52.82335, -16, 162.674
51.75115, -16, 162.7486
50.67896, -16, 162.9405
49.60676, -16, 163.0915
48.53456, -16, 162.8437
47.46236, -16, 162.7398
46.39017, -16, 162.6873
45.31797, -16, 162.6695
44.24578, -16, 162.6767
43.17358, -16, 162.7046
42.10138, -16, 162.7532
41.02919, -16, 162.8265
39.95699, -16, 163.0661
38.88479, -16, 162.8038
37.8126, -16, 162.7383
36.7404, -16, 162.7184
35.6682, -16, 162.7197
34.596, -16, 162.7283
33.52381, -16, 162.7344
32.45161, -16, 162.7321
31.37942, -16, 162.7436
30.30722, -16, 163.0362
29.23502, -16, 162.7064
28.16283, -16, 162.4162
27.09063, -16, 162.2475
26.01843, -16, 162.0748
24.94624, -16, 161.8924
23.87404, -16, 161.705
22.80184, -16, 161.5189
21.72965, -16, 161.3415
20.65745, -16, 161.1497
19.58525, -16, 160.939
18.51306, -16, 160.8167
17.44086, -16, 160.6371
16.36866, -16, 160.4672
15.29647, -16, 160.3075
14.22427, -16, 160.1376
13.15207, -16, 159.9533
12.07988, -16, 159.7835
11.00768, -16, 159.6564
9.935484, -16, 159.0856
8.863287, -16, 159.7846
7.79109, -16, 160.2059
6.718894, -16, 160.5556
5.646698, -16, 160.8172
4.574501, -16, 160.6603
3.502304, -16, 159.6685
2.430108, -16, 158.3457
1.357911, -16, 157.0105
0.2857143, -16, 159.1311
-0.7819549, -16, 160.6613
-1.849624, -16, 160.8105
-2.917293, -16, 160.9945
-3.984962, -16, 161.1869
-5.052631, -16, 161.378
-6.120301, -16, 161.5665
-7.18797, -16, 161.7555
-8.255639, -16, 161.9446
-9.323308, -16, 162.1278
-10.39098, -16, 162.2315
-11.45865, -16, 162.214
-12.52632, -16, 162.1912
-13.59398, -16, 162.1643
-14.66165, -16, 162.1369
-15.72932, -16, 162.1095
-16.79699, -16, 162.0821
-17.86466, -16, 162.0544
-18.93233, -16, 162.0263
98.92799, -17, 172.8406
97.85599, -17, 172.7331
96.78399, -17, 172.6697
95.71198, -17, 172.6235
94.63998, -17, 172.5937
93.56797, -17, 172.573
92.49596, -17, 172.5414
91.42397, -17, 172.4563
90.35196, -17, 172.3409
89.27995, -17, 172.3211
88.20795, -17, 172.371
87.13595, -17, 172.357
86.06394, -17, 172.316
84.99194, -17, 172.2729
83.91993, -17, 172.2296
82.84792, -17, 172.1925
81.77592, -17, 172.2063
80.70392, -17, 172.3278
79.63191, -17, 172.3907
78.55991, -17, 172.2312
77.4879, -17, 172.156
76.4159, -17, 172.1553
75.3439, -17, 172.1755
74.27189, -17, 172.2003
73.19988, -17, 172.2351
72.12788, -17, 172.3036
71.05588, -17, 172.4215
69.98387, -17, 172.479
68.91187, -17, 172.3688
67.83986, -17, 172.2664
66.76786, -17, 172.225
65.69585, -17, 172.2082
64.62385, -17, 172.1886
63.55184, -17, 172.1501
62.47984, -17, 172.0777
61.40783, -17, 171.9432
60.33583, -17, 171.7052
59.26382, -17, 171.796
58.19182, -17, 172.0259
57.11982, -17, 172.1491
56.04781, -17, 172.2194
54.97581, -17, 172.2611
53.9038, -17, 172.2939
52.8318, -17, 172.3335
51.75979, -17, 172.387
50.68779, -17, 172.4717
49.61578, -17, 172.5007
48.54378, -17, 172.4648
47.47178, -17, 172.4152
46.39977, -17, 172.3726
45.32777, -17, 172.3431
44.25576, -17, 172.3272
43.18375, -17, 172.3207
42.11175, -17, 172.3122
41.03975, -17, 172.2946
39.96774, -17, 172.2328
38.89574, -17, 172.2799
37.82373, -17, 172.2807
36.75173, -17, 172.2783
35.67972, -17, 172.2812
34.60772, -17, 172.2878
33.53571, -17, 172.2947
32.46371, -17, 172.3059
31.3917, -17, 172.3413
30.3197, -17, 172.3465
29.2477, -17, 172.2719
28.17569, -17, 172.0887
27.10369, -17, 171.9261
26.03168, -17, 171.782
24.95968, -17, 171.6384
23.88767, -17, 171.4942
22.81567, -17, 171.3532
21.74366, -17, 171.2155
20.67166, -17, 171.0678
19.59966, -17, 170.9029
18.52765, -17, 170.6713
17.45564, -17, 170.5333
16.38364, -17, 170.3862
15.31164, -17, 170.2289
14.23963, -17, 170.0539
13.16763, -17, 169.8401
12.09562, -17, 169.5184
11.02362, -17, 168.9694
9.951612, -17, 171.079
8.879608, -17, 169.3349
7.807604, -17, 169.6172
6.735599, -17, 169.9822
5.663594, -17, 169.6663
4.59159, -17, 168.1988
3.519585, -17, 167.5595
2.447581, -17, 169.3883
1.375576, -17, 170.3487
0.3035714, -17, 173.0828
-0.7650376, -17, 171.943
-1.833647, -17, 171.2776
-2.902256, -17, 171.1681
-3.970865, -17, 171.2047
-5.039474, -17, 171.2924
-6.108083, -17, 171.4029
-7.176692, -17, 171.5263
-8.2453, -17, 171.6567
-9.31391, -17, 171.7704
-10.38252, -17, 171.7337
-11.45113, -17, 171.7154
-12.51974, -17, 171.6918
-13.58835, -17, 171.666
-14.65695, -17, 171.6389
-15.72556, -17, 171.611
-16.79417, -17, 171.5828
-17.86278, -17, 171.5545
-18.93139, -17, 171.5267
98.92818, -18, 182.2581
97.85638, -18, 182.1706
96.78456, -18, 182.1182
95.71275, -18, 182.0849
94.64094, -18, 182.0587
93.56912, -18, 182.0314
92.49731, -18, 181.9957
91.4255, -18, 181.9539
90.35368, -18, 182.0232
89.28188, -18, 181.9723
88.21006, -18, 181.9481
87.13825, -18, 181.9716
86.06644, -18, 181.9843
84.99462, -18, 181.9929
83.92281, -18, 182.007
82.851, -18, 182.0393
81.77918, -18, 182.1109
80.70737, -18, 182.2501
79.63556, -18, 182.3214
78.56375, -18, 182.137
77.49194, -18, 182.0278
76.42012, -18, 181.9586
75.34831, -18, 181.9148
74.2765, -18, 181.889
73.20468, -18, 181.8785
72.13287, -18, 181.8811
71.06106, -18, 181.8636
69.98925, -18, 181.6672
68.91743, -18, 181.7902
67.84562, -18, 181.7708
66.77381, -18, 181.7513
65.702, -18, 181.7435
64.63019, -18, 181.737
63.55837, -18, 181.7203
62.48656, -18, 181.6785
61.41475, -18, 181.5927
60.34293, -18, 181.4816
59.27112, -18, 181.5455
58.19931, -18, 181.6779
57.12749, -18, 181.7834
56.05568, -18, 181.8514
54.98387, -18, 181.8985
53.91206, -18, 181.9355
52.84024, -18, 181.9697
51.76843, -18, 182.0027
50.69662, -18, 181.9666
49.62481, -18, 181.9102
48.55299, -18, 182.0355
47.48118, -18, 182.0131
46.40937, -18, 181.9779
45.33756, -18, 181.9436
44.26574, -18, 181.9105
43.19393, -18, 181.8763
42.12212, -18, 181.8348
41.05031, -18, 181.7491
39.97849, -18, 181.4543
38.90668, -18, 181.7375
37.83487, -18, 181.8032
36.76306, -18, 181.828
35.69125, -18, 181.8458
34.61943, -18, 181.8626
33.54762, -18, 181.8803
32.47581, -18, 181.8983
31.40399, -18, 181.8981
30.33218, -18, 181.7114
29.26037, -18, 181.767
28.18856, -18, 181.7476
27.11674, -18, 181.6371
26.04493, -18, 181.5224
24.97312, -18, 181.4095
23.90131, -18, 181.2982
22.82949, -18, 181.1875
21.75768, -18, 181.0772
20.68587, -18, 180.985
19.61406, -18, 180.8515
18.54224, -18, 180.6046
17.47043, -18, 180.4502
16.39862, -18, 180.325
15.32681, -18, 180.1902
14.25499, -18, 180.0203
13.18318, -18, 179.7845
12.11137, -18, 179.4429
11.03955, -18, 179.0366
9.967742, -18, 177.4285
8.895929, -18, 179.0324
7.824117, -18, 179.6636
6.752304, -18, 180.1382
5.680491, -18, 180.586
4.608679, -18, 180.6226
3.536866, -18, 179.7268
2.465054, -18, 182.2226
1.393241, -18, 184.0697
0.3214286, -18, 183.2536
-0.7481203, -18, 182.4976
-1.817669, -18, 181.5785
-2.887218, -18, 181.281
-3.956767, -18, 181.1925
-5.026316, -18, 181.1861
-6.095865, -18, 181.2191
-7.165413, -18, 181.2729
-8.234962, -18, 181.3338
-9.304511, -18, 181.3576
-10.37406, -18, 181.248
-11.44361, -18, 181.2223
-12.51316, -18, 181.1956
-13.58271, -18, 181.1684
-14.65226, -18, 181.1407
-15.7218, -18, 181.1125
-16.79135, -18, 181.0841
-17.8609, -18, 181.0558
-18.93045, -18, 181.0277
98.92838, -19, 191.6001
97.85676, -19, 191.5585
96.78514, -19, 191.531
95.71352, -19, 191.5127
94.6419, -19, 191.4996
93.57027, -19, 191.4884
92.49866, -19, 191.4801
91.42703, -19, 191.4933
90.35542, -19, 191.5442
89.28379, -19, 191.5582
88.21217, -19, 191.5598
87.14056, -19, 191.5967
86.06893, -19, 191.6467
84.99731, -19, 191.6992
83.92569, -19, 191.757
82.85407, -19, 191.8259
81.78245, -19, 191.9121
80.71083, -19, 192.0386
79.63921, -19, 192.0701
78.56759, -19, 191.9049
77.49596, -19, 191.7919
76.42435, -19, 191.6929
75.35273, -19, 191.605
74.2811, -19, 191.5259
73.20949, -19, 191.452
72.13786, -19, 191.3716
71.06625, -19, 191.262
69.99462, -19, 191.1338
68.923, -19, 191.1922
67.85138, -19, 191.2464
66.77976, -19, 191.2785
65.70814, -19, 191.3066
64.63652, -19, 191.3329
63.5649, -19, 191.3533
62.49328, -19, 191.3634
61.42166, -19, 191.3666
60.35004, -19, 191.3524
59.27842, -19, 191.3893
58.2068, -19, 191.4532
57.13518, -19, 191.5035
56.06356, -19, 191.5462
54.99194, -19, 191.5786
53.92031, -19, 191.6041
52.84869, -19, 191.6238
51.77707, -19, 191.6263
50.70545, -19, 191.5767
49.63383, -19, 191.5458
48.56221, -19, 191.596
47.49059, -19, 191.5934
46.41897, -19, 191.5598
45.34735, -19, 191.518
44.27573, -19, 191.4729
43.20411, -19, 191.423
42.13249, -19, 191.3584
41.06087, -19, 191.2564
39.98925, -19, 191.1506
38.91763, -19, 191.2404
37.846, -19, 191.3253
36.77439, -19, 191.3733
35.70277, -19, 191.4067
34.63115, -19, 191.4351
33.55952, -19, 191.4596
32.4879, -19, 191.4742
31.41628, -19, 191.4517
30.34466, -19, 191.3677
29.27304, -19, 191.3731
28.20142, -19, 191.385
27.1298, -19, 191.3319
26.05818, -19, 191.2557
24.98656, -19, 191.1751
23.91494, -19, 191.0936
22.84332, -19, 191.0121
21.7717, -19, 190.9335
20.70008, -19, 190.8774
19.62846, -19, 190.752
18.55684, -19, 190.6145
17.48521, -19, 190.4963
16.4136, -19, 190.3902
15.34197, -19, 190.2853
14.27035, -19, 190.1631
13.19873, -19, 190.0097
12.12711, -19, 189.8196
11.05549, -19, 189.4095
9.983871, -19, 187.5182
8.912251, -19, 189.0985
7.84063, -19, 189.8959
6.769009, -19, 190.4559
5.697389, -19, 191.5441
4.625768, -19, 193.1307
3.554147, -19, 192.868
2.482527, -19, 192.7205
1.410906, -19, 192.4157
0.3392857, -19, 191.9375
-0.731203, -19, 191.731
-1.801692, -19, 191.4203
-2.87218, -19, 191.1492
-3.942669, -19, 191.0199
-5.013158, -19, 190.9588
-6.083647, -19, 190.9324
-7.154135, -19, 190.9231
-8.224624, -19, 190.9124
-9.295113, -19, 190.8442
-10.3656, -19, 190.7639
-11.43609, -19, 190.7315
-12.50658, -19, 190.7025
-13.57707, -19, 190.6736
-14.64756, -19, 190.6447
-15.71805, -19, 190.6158
-16.78853, -19, 190.5868
-17.85902, -19, 190.5578
-18.92951, -19, 190.529
2.017, 0.8, -4.974
3.0821, 0.8, -4.208
4.1471, 0.8, -5.0095
5.2121, 0.8, -4.6463
6.2772, 0.8, -4.9399
7.3422, 0.8, -4.8813
8.4072, 0.8, -4.5405
9.4723, 0.8, -3.7001
10.5373, 0.8, -4.16926
11.6023, 0.8, -4.73424
12.6674, 0.8, -4.65668
13.7324, 0.8, -4.59472
14.7974, 0.8, -4.56662
15.8625, 0.8, -4.57357
16.9275, 0.8, -4.62689
17.9925, 0.8, -4.73753
19.0575, 0.8, -4.87126
20.1226, 0.8, -4.77134
21.1876, 0.8, -4.95127
22.2526, 0.8, -4.97279
23.3177, 0.8, -5.04925
24.3827, 0.8, -5.17031
25.4477, 0.8, -5.32019
26.5128, 0.8, -5.47502
27.5778, 0.8, -5.59444
28.6428, 0.8, -5.55859
29.7079, 0.8, -4.79121
30.7729, 0.8, -5.49627
31.8379, 0.8, -6.08636
32.903, 0.8, -6.30718
33.968, 0.8, -6.45461
35.033, 0.8, -6.58529
36.0981, 0.8, -6.72135
37.1631, 0.8, -6.88016
38.2281, 0.8, -7.07741
39.2932, 0.8, -7.35743
40.3582, 0.8, -7.64149
41.4232, 0.8, -7.25108
42.4883, 0.8, -7.11949
43.5533, 0.8, -7.06352
44.6183, 0.8, -7.03497
45.6834, 0.8, -6.9932
46.7484, 0.8, -6.89913
47.8134, 0.8, -6.71602
48.8785, 0.8, -6.52641
49.9435, 0.8, -6.0698
51.0085, 0.8, -6.60874
52.0735, 0.8, -6.91813
53.1386, 0.8, -7.29756
54.2036, 0.8, -7.59023
55.2686, 0.8, -7.80055
56.3337, 0.8, -7.93938
57.3987, 0.8, -8.01097
58.4637, 0.8, -8.04733
59.5288, 0.8, -8.13443
60.5938, 0.8, -8.31032
61.6588, 0.8, -8.57045
62.7239, 0.8, -8.84528
63.7889, 0.8, -9.05381
64.8539, 0.8, -9.20319
65.919, 0.8, -9.31031
66.984, 0.8, -9.38606
68.049, 0.8, -9.42737
69.1141, 0.8, -9.31615
70.1791, 0.8, -8.58779
71.2441, 0.8, -9.3681
72.3092, 0.8, -9.34655
73.3742, 0.8, -9.27222
74.4392, 0.8, -9.1686
75.5043, 0.8, -9.02281
76.5693, 0.8, -8.81418
77.6343, 0.8, -8.52149
78.6994, 0.8, -8.22555
79.7644, 0.8, -8.93501
80.8294, 0.8, -8.58546
81.8945, 0.8, -8.86096
82.9595, 0.8, -9.37837
84.0245, 0.8, -9.8221
85.0895, 0.8, -10.211
86.1546, 0.8, -10.5874
87.2196, 0.8, -11.0056
88.2846, 0.8, -11.5778
89.3497, 0.8, -12.6855
90.4147, 0.8, -13.1653
91.4797, 0.8, -12.3561
92.5448, 0.8, -12.2033
93.6098, 0.8, -12.2239
94.6748, 0.8, -12.2971
95.7399, 0.8, -12.3724
96.8049, 0.8, -12.4072
97.8699, 0.8, -12.3263
98.935, 0.8, -11.8533
2.9588, 1.6, -12.3631
4.01359, 1.6, -13.3606
5.06839, 1.6, -13.9373
6.12318, 1.6, -12.9076
7.17798, 1.6, -12.4018
8.23277, 1.6, -12.0339
9.28757, 1.6, -11.7285
10.3424, 1.6, -11.468
11.3972, 1.6, -11.8441
12.452, 1.6, -11.9826
13.5068, 1.6, -11.9506
14.5615, 1.6, -11.9357
15.6163, 1.6, -11.9675
16.6711, 1.6, -12.0517
17.7259, 1.6, -12.1882
18.7807, 1.6, -12.3983
19.8355, 1.6, -13.0399
20.8903, 1.6, -12.6751
21.9451, 1.6, -12.5497
22.9999, 1.6, -12.5695
24.0547, 1.6, -12.6582
25.1095, 1.6, -12.7922
26.1643, 1.6, -12.9561
27.2191, 1.6, -13.1249
28.2739, 1.6, -13.271
29.3287, 1.6, -13.2397
30.3835, 1.6, -13.107
31.4383, 1.6, -13.7197
32.4931, 1.6, -13.8737
33.5479, 1.6, -14.0057
34.6027, 1.6, -14.1324
35.6575, 1.6, -14.287
36.7123, 1.6, -14.4872
37.7671, 1.6, -14.7508
38.8218, 1.6, -15.2089
39.8766, 1.6, -15.8971
40.9314, 1.6, -15.2802
41.9862, 1.6, -14.8119
43.041, 1.6, -14.63
44.0958, 1.6, -14.5231
45.1506, 1.6, -14.4307
46.2054, 1.6, -14.3059
47.2602, 1.6, -14.0565
48.315, 1.6, -13.5275
49.3698, 1.6, -12.497
50.4246, 1.6, -12.3349
51.4794, 1.6, -13.4208
52.5342, 1.6, -14.238
53.589, 1.6, -14.7359
54.6438, 1.6, -15.0612
55.6986, 1.6, -15.2919
56.7534, 1.6, -15.4352
57.8082, 1.6, -15.4353
58.863, 1.6, -15.2172
59.9178, 1.6, -15.1472
60.9726, 1.6, -15.5944
62.0274, 1.6, -16.2286
63.0821, 1.6, -16.592
64.1369, 1.6, -16.8004
65.1917, 1.6, -16.9419
66.2465, 1.6, -17.0535
67.3013, 1.6, -17.1055
68.3561, 1.6, -17.0378
69.4109, 1.6, -16.6035
70.4657, 1.6, -16.5396
71.5205, 1.6, -17.0162
72.5753, 1.6, -17.0639
73.6301, 1.6, -16.9962
74.6849, 1.6, -16.8674
75.7397, 1.6, -16.7103
76.7945, 1.6, -16.4994
77.8493, 1.6, -16.1834
78.9041, 1.6, -15.9118
79.9589, 1.6, -16.4686
81.0137, 1.6, -16.2147
82.0685, 1.6, -16.7064
83.1233, 1.6, -17.2589
84.1781, 1.6, -17.7026
85.2329, 1.6, -18.1051
86.2877, 1.6, -18.5224
87.3425, 1.6, -18.938
88.3972, 1.6, -19.3657
89.452, 1.6, -20.0365
90.5068, 1.6, -20.3898
91.5616, 1.6, -20.3176
92.6164, 1.6, -20.445
93.6712, 1.6, -20.5747
94.726, 1.6, -20.7096
95.7808, 1.6, -20.8973
96.8356, 1.6, -21.1116
97.8904, 1.6, -21.3164
98.9452, 1.6, -21.744
3.90056, 2.4, -20.2667
4.94512, 2.4, -21.9106
5.98968, 2.4, -20.6927
7.03424, 2.4, -19.9225
8.0788, 2.4, -19.6161
9.12335, 2.4, -19.5309
10.1679, 2.4, -19.3408
11.2125, 2.4, -18.9789
12.257, 2.4, -19.0593
13.3016, 2.4, -19.1106
14.3462, 2.4, -19.1379
15.3907, 2.4, -19.1942
16.4353, 2.4, -19.2967
17.4798, 2.4, -19.4504
18.5244, 2.4, -19.7242
19.5689, 2.4, -20.4003
20.6135, 2.4, -20.3623
21.6581, 2.4, -20.0385
22.7026, 2.4, -19.9914
23.7472, 2.4, -20.0436
24.7917, 2.4, -20.1576
25.8363, 2.4, -20.3243
26.8809, 2.4, -20.5385
27.9254, 2.4, -20.8071
28.97, 2.4, -21.1305
30.0145, 2.4, -21.7636
31.0591, 2.4, -21.4591
32.1037, 2.4, -21.4569
33.1482, 2.4, -21.4787
34.1928, 2.4, -21.5529
35.2373, 2.4, -21.689
36.2819, 2.4, -21.9039
37.3265, 2.4, -22.2311
38.371, 2.4, -22.7017
39.4156, 2.4, -23.3948
40.4601, 2.4, -23.3519
41.5047, 2.4, -22.6169
42.5492, 2.4, -22.2329
43.5938, 2.4, -21.9993
44.6384, 2.4, -21.8533
45.6829, 2.4, -21.7282
46.7275, 2.4, -21.5494
47.772, 2.4, -21.1696
48.8166, 2.4, -20.2116
49.8612, 2.4, -18.4591
50.9057, 2.4, -19.7631
51.9503, 2.4, -21.1421
52.9948, 2.4, -21.8469
54.0394, 2.4, -22.2686
55.084, 2.4, -22.5751
56.1285, 2.4, -22.8204
57.1731, 2.4, -23.0039
58.2176, 2.4, -23.0144
59.2622, 2.4, -22.5904
60.3068, 2.4, -22.5155
61.3513, 2.4, -23.5566
62.3959, 2.4, -24.0857
63.4404, 2.4, -24.2984
64.485, 2.4, -24.4373
65.5295, 2.4, -24.5684
66.5741, 2.4, -24.7041
67.6187, 2.4, -24.8051
68.6632, 2.4, -24.7117
69.7078, 2.4, -24.6552
70.7523, 2.4, -24.6314
71.7969, 2.4, -24.8391
72.8415, 2.4, -24.78
73.886, 2.4, -24.6221
74.9306, 2.4, -24.471
75.9751, 2.4, -24.3414
77.0197, 2.4, -24.2292
78.0643, 2.4, -24.0964
79.1088, 2.4, -23.6798
80.1534, 2.4, -23.0278
81.1979, 2.4, -24.1653
82.2425, 2.4, -24.7402
83.2871, 2.4, -25.0712
84.3316, 2.4, -25.4005
85.3762, 2.4, -25.7762
86.4207, 2.4, -26.2284
87.4653, 2.4, -26.7466
88.5098, 2.4, -27.1075
89.5544, 2.4, -26.9519
90.599, 2.4, -27.594
91.6435, 2.4, -28.3118
92.6881, 2.4, -28.5129
93.7326, 2.4, -28.596
94.7772, 2.4, -28.7831
95.8218, 2.4, -29.1136
96.8663, 2.4, -29.6161
97.9109, 2.4, -30.3524
98.9554, 2.4, -31.2984
4.84232, 3.2, -27.8969
5.87665, 3.2, -27.2248
6.91097, 3.2, -26.7062
7.94529, 3.2, -26.5981
8.97961, 3.2, -26.6784
10.0139, 3.2, -26.711
11.0483, 3.2, -26.3368
12.0826, 3.2, -26.0937
13.1169, 3.2, -26.0814
14.1512, 3.2, -26.1176
15.1855, 3.2, -26.1944
16.2199, 3.2, -26.3313
17.2542, 3.2, -26.5547
18.2885, 3.2, -26.8763
19.3228, 3.2, -27.3818
20.3572, 3.2, -27.6806
21.3915, 3.2, -27.3921
22.4258, 3.2, -27.2934
23.4601, 3.2, -27.2828
24.4945, 3.2, -27.3676
25.5288, 3.2, -27.5375
26.5631, 3.2, -27.7855
27.5974, 3.2, -28.119
28.6317, 3.2, -28.6049
29.6661, 3.2, -29.7488
30.7004, 3.2, -29.4154
31.7347, 3.2, -28.9717
32.769, 3.2, -28.8552
33.8034, 3.2, -28.855
34.8377, 3.2, -28.9429
35.872, 3.2, -29.1231
36.9063, 3.2, -29.4197
37.9406, 3.2, -29.877
38.975, 3.2, -30.5
40.0093, 3.2, -31.322
41.0436, 3.2, -30.3273
42.0779, 3.2, -29.7662
43.1123, 3.2, -29.413
44.1466, 3.2, -29.2137
45.1809, 3.2, -29.0859
46.2152, 3.2, -28.9603
47.2495, 3.2, -28.7592
48.2839, 3.2, -28.3498
49.3182, 3.2, -27.2281
50.3525, 3.2, -26.3826
51.3868, 3.2, -28.243
52.4212, 3.2, -28.9782
53.4555, 3.2, -29.4478
54.4898, 3.2, -29.7987
55.5241, 3.2, -30.0907
56.5585, 3.2, -30.3584
57.5928, 3.2, -30.6219
58.6271, 3.2, -30.846
59.6614, 3.2, -30.3656
60.6957, 3.2, -31.1128
61.7301, 3.2, -31.6223
62.7644, 3.2, -31.7307
63.7987, 3.2, -31.8187
64.833, 3.2, -31.9236
65.8674, 3.2, -32.0563
66.9017, 3.2, -32.2271
67.936, 3.2, -32.4528
68.9703, 3.2, -32.7522
70.0046, 3.2, -33.208
71.039, 3.2, -32.7908
72.0733, 3.2, -32.5168
73.1076, 3.2, -32.2819
74.1419, 3.2, -32.0973
75.1763, 3.2, -31.9655
76.2106, 3.2, -31.894
77.2449, 3.2, -31.8917
78.2792, 3.2, -31.9294
79.3135, 3.2, -31.3825
80.3479, 3.2, -30.7997
81.3822, 3.2, -32.2362
82.4165, 3.2, -32.4549
83.4508, 3.2, -32.6141
84.4852, 3.2, -32.8432
85.5195, 3.2, -33.166
86.5538, 3.2, -33.6002
87.5881, 3.2, -34.1625
88.6225, 3.2, -34.7636
89.6568, 3.2, -34.1376
90.6911, 3.2, -35.3047
91.7254, 3.2, -36.0294
92.7597, 3.2, -36.0595
93.7941, 3.2, -36.1836
94.8284, 3.2, -36.4711
95.8627, 3.2, -36.955
96.897, 3.2, -37.6943
97.9314, 3.2, -38.8007
98.9657, 3.2, -40.4325
5.78409, 4, -32.4975
6.80817, 4, -32.5195
7.83226, 4, -32.786
8.85634, 4, -33.2055
9.88043, 4, -33.6198
10.9045, 4, -33.3941
11.9286, 4, -33.1255
12.9527, 4, -32.9835
13.9768, 4, -32.9685
15.0009, 4, -33.0315
16.0249, 4, -33.1791
17.049, 4, -33.425
18.0731, 4, -33.8066
19.0972, 4, -34.2161
20.1213, 4, -34.2686
21.1454, 4, -34.5106
22.1695, 4, -34.361
23.1935, 4, -34.3087
24.2176, 4, -34.384
25.2417, 4, -34.5596
26.2658, 4, -34.8252
27.2899, 4, -35.1932
28.314, 4, -35.7375
29.3381, 4, -36.6469
30.3622, 4, -37.1281
31.3862, 4, -36.4019
32.4103, 4, -36.0957
33.4344, 4, -36.0156
34.4585, 4, -36.0523
35.4826, 4, -36.1772
36.5067, 4, -36.3929
37.5308, 4, -36.7313
38.5548, 4, -37.2361
39.5789, 4, -37.9444
40.603, 4, -37.7477
41.6271, 4, -37.0791
42.6512, 4, -36.6944
43.6753, 4, -36.4805
44.6994, 4, -36.3602
45.7234, 4, -36.2841
46.7475, 4, -36.2151
47.7716, 4, -36.107
48.7957, 4, -35.9413
49.8198, 4, -35.2041
50.8439, 4, -35.9623
51.868, 4, -36.3954
52.892, 4, -36.7421
53.9161, 4, -37.0458
54.9402, 4, -37.3335
55.9643, 4, -37.6293
56.9884, 4, -37.959
58.0125, 4, -38.3812
59.0366, 4, -39.0135
60.0606, 4, -39.2979
61.0847, 4, -39.4828
62.1088, 4, -39.2499
63.1329, 4, -39.1846
64.157, 4, -39.2061
65.1811, 4, -39.2903
66.2052, 4, -39.4452
67.2292, 4, -39.6999
68.2533, 4, -40.1464
69.2774, 4, -40.9693
70.3015, 4, -41.2191
71.3256, 4, -40.4599
72.3497, 4, -39.903
73.3738, 4, -39.6042
74.3979, 4, -39.425
75.4219, 4, -39.3316
76.446, 4, -39.314
77.4701, 4, -39.3804
78.4942, 4, -39.5321
79.5183, 4, -39.5279
80.5424, 4, -39.6531
81.5665, 4, -39.7799
82.5905, 4, -39.7883
83.6146, 4, -39.9065
84.6387, 4, -40.1229
85.6628, 4, -40.3888
86.6869, 4, -40.7016
87.711, 4, -41.1823
88.7351, 4, -41.9313
89.7591, 4, -42.3784
90.7832, 4, -43.1617
91.8073, 4, -43.0741
92.8314, 4, -43.1365
93.8555, 4, -43.4832
94.8796, 4, -43.9462
95.9037, 4, -44.5075
96.9277, 4, -45.2626
97.9518, 4, -46.5037
98.9759, 4, -48.556
6.72585, 4.8, -37.7363
7.7397, 4.8, -38.4982
8.75355, 4.8, -39.2467
9.7674, 4.8, -40.2152
10.7812, 4.8, -40.0953
11.7951, 4.8, -39.8968
12.8089, 4.8, -39.7194
13.8228, 4.8, -39.6123
14.8366, 4.8, -39.6362
15.8505, 4.8, -39.7834
16.8643, 4.8, -40.0438
17.8782, 4.8, -40.3999
18.892, 4.8, -40.7931
19.9059, 4.8, -40.974
20.9197, 4.8, -41.196
21.9336, 4.8, -41.1209
22.9474, 4.8, -41.0976
23.9613, 4.8, -41.1859
24.9751, 4.8, -41.3785
25.989, 4.8, -41.6658
27.0028, 4.8, -42.051
28.0167, 4.8, -42.5594
29.0305, 4.8, -43.2436
30.0444, 4.8, -43.6833
31.0582, 4.8, -43.5201
32.0721, 4.8, -43.1747
33.0859, 4.8, -43.0388
34.0998, 4.8, -43.034
35.1136, 4.8, -43.1126
36.1275, 4.8, -43.2553
37.1413, 4.8, -43.4521
38.1552, 4.8, -43.7288
39.169, 4.8, -44.2431
40.1829, 4.8, -44.7155
41.1967, 4.8, -44.084
42.2106, 4.8, -43.7573
43.2244, 4.8, -43.6102
44.2383, 4.8, -43.5251
45.2521, 4.8, -43.4877
46.266, 4.8, -43.4977
47.2798, 4.8, -43.5752
48.2937, 4.8, -43.7527
49.3075, 4.8, -44.2585
50.3214, 4.8, -45.1072
51.3352, 4.8, -44.2221
52.3491, 4.8, -44.244
53.3629, 4.8, -44.3671
54.3768, 4.8, -44.5775
55.3906, 4.8, -44.8496
56.4045, 4.8, -45.1853
57.4183, 4.8, -45.6219
58.4322, 4.8, -46.2426
59.446, 4.8, -47.5991
60.4599, 4.8, -48.0298
61.4737, 4.8, -46.9175
62.4876, 4.8, -46.6012
63.5014, 4.8, -46.4722
64.5153, 4.8, -46.456
65.5291, 4.8, -46.5339
66.543, 4.8, -46.7253
67.5568, 4.8, -47.0897
68.5707, 4.8, -47.7177
69.5845, 4.8, -48.8699
70.5984, 4.8, -48.5877
71.6122, 4.8, -47.5762
72.6261, 4.8, -47.034
73.6399, 4.8, -46.7449
74.6538, 4.8, -46.6072
75.6676, 4.8, -46.5648
76.6815, 4.8, -46.5929
77.6953, 4.8, -46.6889
78.7092, 4.8, -46.9824
79.723, 4.8, -48.4968
80.7369, 4.8, -47.5552
81.7507, 4.8, -46.9442
82.7646, 4.8, -47.0006
83.7784, 4.8, -47.2227
84.7923, 4.8, -47.4744
85.8061, 4.8, -47.7084
86.82, 4.8, -47.8856
87.8338, 4.8, -48.0335
88.8477, 4.8, -48.7305
89.8615, 4.8, -51.5797
90.8754, 4.8, -49.9894
91.8892, 4.8, -49.7069
92.9031, 4.8, -50.3135
93.9169, 4.8, -50.9611
94.9308, 4.8, -51.5574
95.9446, 4.8, -52.1403
96.9585, 4.8, -52.7737
97.9723, 4.8, -53.6332
98.9862, 4.8, -55.426
7.66761, 5.6, -44.0262
8.67123, 5.6, -45.0918
9.67484, 5.6, -46.2176
10.6785, 5.6, -46.5185
11.6821, 5.6, -46.2891
12.6857, 5.6, -46.0085
13.6893, 5.6, -45.8883
14.6929, 5.6, -45.9075
15.6965, 5.6, -46.0504
16.7001, 5.6, -46.3003
17.7037, 5.6, -46.6304
18.7074, 5.6, -47.0388
19.711, 5.6, -47.7102
20.7146, 5.6, -47.6087
21.7182, 5.6, -47.5063
22.7218, 5.6, -47.5762
23.7254, 5.6, -47.7213
24.729, 5.6, -47.954
25.7326, 5.6, -48.2726
26.7363, 5.6, -48.6703
27.7399, 5.6, -49.1373
28.7435, 5.6, -49.5987
29.7471, 5.6, -49.9975
30.7507, 5.6, -50.0151
31.7543, 5.6, -49.9838
32.7579, 5.6, -49.8965
33.7615, 5.6, -49.8799
34.7652, 5.6, -49.9249
35.7688, 5.6, -50.0204
36.7724, 5.6, -50.1439
37.776, 5.6, -50.2745
38.7796, 5.6, -50.3664
39.7832, 5.6, -50.8242
40.7868, 5.6, -50.6322
41.7905, 5.6, -50.6015
42.7941, 5.6, -50.573
43.7977, 5.6, -50.5557
44.8013, 5.6, -50.5635
45.8049, 5.6, -50.6257
46.8085, 5.6, -50.7657
47.8121, 5.6, -51.0528
48.8157, 5.6, -51.758
49.8194, 5.6, -53.7643
50.823, 5.6, -52.5988
51.8266, 5.6, -51.8627
52.8302, 5.6, -51.7505
53.8338, 5.6, -51.8431
54.8374, 5.6, -52.0365
55.841, 5.6, -52.3327
56.8446, 5.6, -52.7172
57.8483, 5.6, -53.2291
58.8519, 5.6, -54.0718
59.8555, 5.6, -56.3507
60.8591, 5.6, -54.7089
61.8627, 5.6, -53.9876
62.8663, 5.6, -53.7113
63.8699, 5.6, -53.5805
64.8736, 5.6, -53.5442
65.8772, 5.6, -53.6233
66.8808, 5.6, -53.8254
67.8844, 5.6, -54.2047
68.888, 5.6, -54.8443
69.8916, 5.6, -56.2576
70.8952, 5.6, -55.0274
71.8988, 5.6, -54.3122
72.9025, 5.6, -53.9159
73.9061, 5.6, -53.7209
74.9097, 5.6, -53.6532
75.9133, 5.6, -53.669
76.9169, 5.6, -53.7479
77.9205, 5.6, -53.9043
78.9241, 5.6, -54.3592
79.9277, 5.6, -56.4986
80.9314, 5.6, -54.5426
81.935, 5.6, -54.166
82.9386, 5.6, -54.3445
83.9422, 5.6, -54.6389
84.9458, 5.6, -54.9346
85.9494, 5.6, -55.1751
86.953, 5.6, -55.2963
87.9566, 5.6, -55.2525
88.9603, 5.6, -55.2921
89.9639, 5.6, -58.1581
90.9675, 5.6, -56.0625
91.9711, 5.6, -56.8871
92.9747, 5.6, -57.8615
93.9783, 5.6, -58.6581
94.9819, 5.6, -59.3106
95.9855, 5.6, -59.8819
96.9892, 5.6, -60.389
97.9928, 5.6, -60.8459
98.9964, 5.6, -61.1856
8.60938, 6.4, -50.813
9.60275, 6.4, -52.1339
10.5961, 6.4, -52.7514
11.5895, 6.4, -52.206
12.5829, 6.4, -51.8776
13.5763, 6.4, -51.7688
14.5696, 6.4, -51.8135
15.563, 6.4, -51.9691
16.5564, 6.4, -52.2152
17.5498, 6.4, -52.5473
18.5431, 6.4, -52.9854
19.5365, 6.4, -53.6644
20.5299, 6.4, -53.7876
21.5233, 6.4, -53.6099
22.5166, 6.4, -53.7256
23.51, 6.4, -53.9424
24.5034, 6.4, -54.2259
25.4968, 6.4, -54.579
26.4902, 6.4, -55.0029
27.4835, 6.4, -55.4721
28.4769, 6.4, -55.8746
29.4703, 6.4, -56.1963
30.4637, 6.4, -56.3462
31.457, 6.4, -56.4366
32.4504, 6.4, -56.5143
33.4438, 6.4, -56.5104
34.4372, 6.4, -56.5351
35.4305, 6.4, -56.6116
36.4239, 6.4, -56.7244
37.4173, 6.4, -56.827
38.4107, 6.4, -56.793
39.404, 6.4, -56.5734
40.3974, 6.4, -56.6533
41.3908, 6.4, -57.1681
42.3842, 6.4, -57.3539
43.3775, 6.4, -57.3731
44.3709, 6.4, -57.3868
45.3643, 6.4, -57.4655
46.3577, 6.4, -57.658
47.3511, 6.4, -58.0265
48.3444, 6.4, -58.668
49.3378, 6.4, -59.8587
50.3312, 6.4, -60.4012
51.3246, 6.4, -59.5705
52.3179, 6.4, -59.0956
53.3113, 6.4, -58.8802
54.3047, 6.4, -58.867
55.2981, 6.4, -59.0462
56.2914, 6.4, -59.4287
57.2848, 6.4, -60.0208
58.2782, 6.4, -60.6991
59.2716, 6.4, -61.471
60.2649, 6.4, -61.6789
61.2583, 6.4, -61.2546
62.2517, 6.4, -60.8193
63.2451, 6.4, -60.4288
64.2384, 6.4, -60.2162
65.2318, 6.4, -60.1923
66.2252, 6.4, -60.3244
67.2186, 6.4, -60.5758
68.212, 6.4, -60.896
69.2053, 6.4, -61.4104
70.1987, 6.4, -61.6048
71.1921, 6.4, -61.1678
72.1855, 6.4, -60.7916
73.1788, 6.4, -60.6114
74.1722, 6.4, -60.5539
75.1656, 6.4, -60.5854
76.159, 6.4, -60.6783
77.1523, 6.4, -60.8207
78.1457, 6.4, -61.0488
79.1391, 6.4, -61.4123
80.1325, 6.4, -61.4511
81.1258, 6.4, -61.4551
82.1192, 6.4, -61.555
83.1126, 6.4, -61.8382
84.106, 6.4, -62.1822
85.0994, 6.4, -62.5193
86.0927, 6.4, -62.8077
87.0861, 6.4, -62.9899
88.0795, 6.4, -62.9113
89.0729, 6.4, -62.1592
90.0662, 6.4, -61.0905
91.0596, 6.4, -63.0524
92.053, 6.4, -64.6726
93.0464, 6.4, -65.7051
94.0397, 6.4, -66.4558
95.0331, 6.4, -67.0794
96.0265, 6.4, -67.6256
97.0199, 6.4, -68.0719
98.0132, 6.4, -68.1856
99.0066, 6.4, -67.5681
9.55114, 7.2, -58.138
10.5343, 7.2, -58.4385
11.5174, 7.2, -57.6463
12.5006, 7.2, -57.3652
13.4837, 7.2, -57.3242
14.4668, 7.2, -57.4144
15.45, 7.2, -57.6021
16.4331, 7.2, -57.8719
17.4163, 7.2, -58.2192
18.3994, 7.2, -58.6463
19.3825, 7.2, -59.2181
20.3657, 7.2, -59.5355
21.3488, 7.2, -59.4796
22.332, 7.2, -59.6336
23.3151, 7.2, -59.876
24.2982, 7.2, -60.1938
25.2814, 7.2, -60.5763
26.2645, 7.2, -61.0161
27.2477, 7.2, -61.5095
28.2308, 7.2, -62.043
29.2139, 7.2, -62.4683
30.1971, 7.2, -62.6136
31.1802, 7.2, -62.8402
32.1634, 7.2, -62.8404
33.1465, 7.2, -62.8378
34.1296, 7.2, -62.8832
35.1128, 7.2, -62.9668
36.0959, 7.2, -63.0758
37.0791, 7.2, -63.1948
38.0622, 7.2, -63.287
39.0453, 7.2, -63.1333
40.0285, 7.2, -62.0201
41.0116, 7.2, -63.5261
41.9948, 7.2, -63.8731
42.9779, 7.2, -63.923
43.961, 7.2, -63.9392
44.9442, 7.2, -64.0017
45.9273, 7.2, -64.1703
46.9104, 7.2, -64.514
47.8936, 7.2, -65.1201
48.8767, 7.2, -65.9723
49.8599, 7.2, -66.5732
50.843, 7.2, -66.5442
51.8261, 7.2, -66.0981
52.8093, 7.2, -65.577
53.7924, 7.2, -65.3008
54.7756, 7.2, -65.2669
55.7587, 7.2, -65.4766
56.7418, 7.2, -65.9567
57.725, 7.2, -66.7455
58.7081, 7.2, -67.6824
59.6913, 7.2, -67.2797
60.6744, 7.2, -67.6691
61.6575, 7.2, -67.5406
62.6407, 7.2, -66.8234
63.6238, 7.2, -66.4162
64.607, 7.2, -66.2878
65.5901, 7.2, -66.358
66.5732, 7.2, -66.5629
67.5564, 7.2, -66.8477
68.5395, 7.2, -67.1325
69.5227, 7.2, -67.0778
70.5058, 7.2, -67.0829
71.4889, 7.2, -67.1871
72.4721, 7.2, -67.1432
73.4552, 7.2, -67.1792
74.4384, 7.2, -67.2808
75.4215, 7.2, -67.4308
76.4046, 7.2, -67.6164
77.3878, 7.2, -67.8238
78.3709, 7.2, -68.006
79.3541, 7.2, -67.6641
80.3372, 7.2, -67.1609
81.3203, 7.2, -68.5264
82.3035, 7.2, -69.0066
83.2866, 7.2, -69.4132
84.2698, 7.2, -69.8146
85.2529, 7.2, -70.2054
86.236, 7.2, -70.5615
87.2192, 7.2, -70.8268
88.2023, 7.2, -70.8174
89.1855, 7.2, -69.3485
90.1686, 7.2, -65.3058
91.1517, 7.2, -71.1333
92.1349, 7.2, -72.7262
93.118, 7.2, -73.5694
94.1012, 7.2, -74.2218
95.0843, 7.2, -74.7783
96.0674, 7.2, -75.2521
97.0506, 7.2, -75.6119
98.0337, 7.2, -75.7342
99.0169, 7.2, -74.9306
10.4929, 8, -63.3396
11.4658, 8, -62.5964
12.4387, 8, -62.4903
13.4116, 8, -62.5757
14.3845, 8, -62.756
15.3574, 8, -62.9927
16.3303, 8, -63.2847
17.3032, 8, -63.6445
18.2761, 8, -64.07
19.249, 8, -64.4987
20.2219, 8, -64.6638
21.1948, 8, -65.098
22.1677, 8, -65.315
23.1406, 8, -65.5946
24.1135, 8, -65.9448
25.0865, 8, -66.3544
26.0594, 8, -66.8171
27.0323, 8, -67.3387
28.0052, 8, -67.9381
28.9781, 8, -68.6159
29.951, 8, -69.0639
30.9239, 8, -69.1615
31.8968, 8, -69.0315
32.8697, 8, -68.9981
33.8426, 8, -69.0458
34.8155, 8, -69.1443
35.7884, 8, -69.2756
36.7613, 8, -69.4303
37.7342, 8, -69.5951
38.7071, 8, -69.7093
39.68, 8, -69.3282
40.6529, 8, -69.8397
41.6258, 8, -70.1768
42.5987, 8, -70.2377
43.5716, 8, -70.2426
44.5445, 8, -70.2777
45.5174, 8, -70.3833
46.4903, 8, -70.606
47.4632, 8, -71.0203
48.4361, 8, -71.6308
49.409, 8, -72.3437
50.3819, 8, -72.6096
51.3548, 8, -72.235
52.3277, 8, -71.7159
53.3006, 8, -71.2768
54.2735, 8, -71.0756
55.2465, 8, -71.0724
56.2194, 8, -71.2693
57.1923, 8, -71.7501
58.1652, 8, -72.604
59.1381, 8, -73.6584
60.111, 8, -73.5342
61.0839, 8, -73.4597
62.0568, 8, -72.6047
63.0297, 8, -72.0629
64.0026, 8, -71.8855
64.9755, 8, -71.929
65.9484, 8, -72.1184
66.9213, 8, -72.4107
67.8942, 8, -72.7129
68.8671, 8, -72.7814
69.84, 8, -72.5517
70.8129, 8, -72.7877
71.7858, 8, -73.1974
72.7587, 8, -73.4509
73.7316, 8, -73.6646
74.7045, 8, -73.9004
75.6774, 8, -74.178
76.6503, 8, -74.4722
77.6232, 8, -74.703
78.5961, 8, -74.6657
79.569, 8, -73.9857
80.5419, 8, -74.3753
81.5148, 8, -75.6966
82.4877, 8, -76.4517
83.4606, 8, -76.9762
84.4335, 8, -77.4185
85.4064, 8, -77.865
86.3794, 8, -78.326
87.3523, 8, -78.6902
88.3252, 8, -78.7418
89.2981, 8, -77.7231
90.271, 8, -76.0195
91.2439, 8, -79.6445
92.2168, 8, -80.7878
93.1897, 8, -81.4531
94.1626, 8, -81.9538
95.1355, 8, -82.4244
96.1084, 8, -82.8583
97.0813, 8, -83.2016
98.0542, 8, -83.393
99.0271, 8, -83.1526
11.4347, 8.8, -67.1349
12.3973, 8.8, -67.3801
13.36, 8.8, -67.6838
14.3227, 8.8, -67.9887
15.2853, 8.8, -68.288
16.248, 8.8, -68.5847
17.2107, 8.8, -68.894
18.1733, 8.8, -69.2766
19.136, 8.8, -69.6171
20.0987, 8.8, -69.843
21.0613, 8.8, -70.405
22.024, 8.8, -70.7796
22.9867, 8.8, -71.1421
23.9493, 8.8, -71.5639
24.912, 8.8, -72.021
25.8747, 8.8, -72.5076
26.8373, 8.8, -73.0315
27.8, 8.8, -73.6162
28.7627, 8.8, -74.3555
29.7253, 8.8, -75.4845
30.688, 8.8, -75.3715
31.6507, 8.8, -75.063
32.6133, 8.8, -75.0397
33.576, 8.8, -75.1187
34.5387, 8.8, -75.2401
35.5013, 8.8, -75.3914
36.464, 8.8, -75.5673
37.4267, 8.8, -75.7643
38.3893, 8.8, -75.9969
39.352, 8.8, -76.3924
40.3147, 8.8, -76.8476
41.2773, 8.8, -76.4126
42.24, 8.8, -76.3559
43.2027, 8.8, -76.3588
44.1653, 8.8, -76.3728
45.128, 8.8, -76.4176
46.0907, 8.8, -76.5133
47.0533, 8.8, -76.6677
48.016, 8.8, -76.9027
48.9787, 8.8, -77.5024
49.9413, 8.8, -78.4237
50.904, 8.8, -77.8011
51.8667, 8.8, -77.0894
52.8293, 8.8, -76.795
53.792, 8.8, -76.6191
54.7547, 8.8, -76.5133
55.7173, 8.8, -76.4908
56.68, 8.8, -76.5551
57.6427, 8.8, -76.7329
58.6053, 8.8, -77.5013
59.568, 8.8, -79.8017
60.5307, 8.8, -79.4374
61.4933, 8.8, -77.5315
62.456, 8.8, -77.0559
63.4187, 8.8, -77.0474
64.3813, 8.8, -77.136
65.344, 8.8, -77.3095
66.3067, 8.8, -77.564
67.2693, 8.8, -77.8733
68.232, 8.8, -78.1862
69.1947, 8.8, -78.3258
70.1573, 8.8, -78.2536
71.12, 8.8, -78.7397
72.0827, 8.8, -79.217
73.0453, 8.8, -79.5677
74.008, 8.8, -79.9088
74.9707, 8.8, -80.2901
75.9333, 8.8, -80.7078
76.896, 8.8, -81.118
77.8587, 8.8, -81.4125
78.8213, 8.8, -81.4463
79.784, 8.8, -81.5902
80.7467, 8.8, -82.1143
81.7093, 8.8, -83.0746
82.672, 8.8, -83.7423
83.6347, 8.8, -84.2037
84.5973, 8.8, -84.6206
85.56, 8.8, -85.0923
86.5227, 8.8, -85.6644
87.4853, 8.8, -86.3239
88.448, 8.8, -86.8891
89.4107, 8.8, -87.7721
90.3733, 8.8, -89.1076
91.336, 8.8, -88.3117
92.2987, 8.8, -88.7311
93.2613, 8.8, -89.0376
94.224, 8.8, -89.4425
95.1867, 8.8, -89.9313
96.1493, 8.8, -90.4337
97.112, 8.8, -90.8691
98.0747, 8.8, -91.1939
99.0373, 8.8, -91.6876
12.3764, 9.6, -72.1965
13.3289, 9.6, -72.7189
14.2813, 9.6, -73.1621
15.2337, 9.6, -73.5495
16.1861, 9.6, -73.8914
17.1386, 9.6, -74.1685
18.091, 9.6, -74.3758
19.0434, 9.6, -74.6758
19.9959, 9.6, -75.112
20.9483, 9.6, -75.5731
21.9007, 9.6, -76.0633
22.8532, 9.6, -76.6139
23.8056, 9.6, -77.1353
24.758, 9.6, -77.6447
25.7105, 9.6, -78.1549
26.6629, 9.6, -78.6775
27.6153, 9.6, -79.2311
28.5677, 9.6, -79.8772
29.5202, 9.6, -80.9571
30.4726, 9.6, -81.3586
31.425, 9.6, -80.968
32.3775, 9.6, -80.9963
33.3299, 9.6, -81.1085
34.2823, 9.6, -81.2578
35.2348, 9.6, -81.4318
36.1872, 9.6, -81.6283
37.1396, 9.6, -81.8546
38.092, 9.6, -82.1405
39.0445, 9.6, -82.666
39.9969, 9.6, -84.1865
40.9493, 9.6, -82.831
41.9018, 9.6, -82.4728
42.8542, 9.6, -82.3671
43.8066, 9.6, -82.3235
44.7591, 9.6, -82.3067
45.7115, 9.6, -82.305
46.6639, 9.6, -82.3149
47.6163, 9.6, -82.3418
48.5688, 9.6, -82.4255
49.5212, 9.6, -83.0264
50.4736, 9.6, -83.0393
51.4261, 9.6, -82.2316
52.3785, 9.6, -82.0105
53.3309, 9.6, -81.8737
54.2834, 9.6, -81.7578
55.2358, 9.6, -81.643
56.1882, 9.6, -81.521
57.1406, 9.6, -81.3965
58.0931, 9.6, -81.329
59.0455, 9.6, -81.8732
59.9979, 9.6, -86.4603
60.9504, 9.6, -82.0296
61.9028, 9.6, -81.6174
62.8552, 9.6, -81.7728
63.8077, 9.6, -81.9742
64.7601, 9.6, -82.1841
65.7125, 9.6, -82.4174
66.6649, 9.6, -82.7035
67.6174, 9.6, -83.0845
68.5698, 9.6, -83.6057
69.5222, 9.6, -84.0121
70.4747, 9.6, -84.2947
71.4271, 9.6, -84.7461
72.3795, 9.6, -85.0288
73.332, 9.6, -85.4301
74.2844, 9.6, -85.9198
75.2368, 9.6, -86.4637
76.1892, 9.6, -87.0356
77.1417, 9.6, -87.6146
78.0941, 9.6, -88.1883
79.0465, 9.6, -88.8215
79.999, 9.6, -89.5485
80.9514, 9.6, -90.0902
81.9038, 9.6, -90.3897
82.8563, 9.6, -90.7079
83.8087, 9.6, -91.0221
84.7611, 9.6, -91.381
85.7135, 9.6, -91.8461
86.666, 9.6, -92.5043
87.6184, 9.6, -93.5058
88.5708, 9.6, -95.2042
89.5233, 9.6, -98.633
90.4757, 9.6, -99.2554
91.4281, 9.6, -96.7821
92.3806, 9.6, -96.1346
93.333, 9.6, -96.2353
94.2854, 9.6, -96.6857
95.2378, 9.6, -97.3067
96.1903, 9.6, -97.9873
97.1427, 9.6, -98.6487
98.0951, 9.6, -99.2784
99.04757, 9.6, -100.5131
13.3182, 10.4, -77.5085
14.2604, 10.4, -78.1709
15.2026, 10.4, -78.7421
16.1448, 10.4, -79.1823
17.087, 10.4, -79.4996
18.0292, 10.4, -79.6853
18.9714, 10.4, -79.7583
19.9135, 10.4, -80.3228
20.8557, 10.4, -80.7134
21.7979, 10.4, -81.4011
22.7401, 10.4, -82.0857
23.6823, 10.4, -82.6948
24.6245, 10.4, -83.2559
25.5667, 10.4, -83.792
26.5089, 10.4, -84.3196
27.4511, 10.4, -84.8536
28.3933, 10.4, -85.4113
29.3355, 10.4, -86.0771
30.2777, 10.4, -86.7047
31.2199, 10.4, -86.7396
32.1621, 10.4, -86.8818
33.1043, 10.4, -87.0371
34.0465, 10.4, -87.2035
34.9886, 10.4, -87.3911
35.9308, 10.4, -87.6112
36.873, 10.4, -87.8777
37.8152, 10.4, -88.2071
38.7574, 10.4, -88.6854
39.6996, 10.4, -89.4405
40.6418, 10.4, -89.1883
41.584, 10.4, -88.6638
42.5262, 10.4, -88.4117
43.4684, 10.4, -88.2668
44.4106, 10.4, -88.1744
45.3528, 10.4, -88.1086
46.295, 10.4, -88.045
47.2372, 10.4, -87.9555
48.1794, 10.4, -87.794
49.1215, 10.4, -87.4893
50.0637, 10.4, -87.3422
51.0059, 10.4, -87.1369
51.9481, 10.4, -87.1872
52.8903, 10.4, -87.137
53.8325, 10.4, -87.0143
54.7747, 10.4, -86.8503
55.7169, 10.4, -86.6562
56.6591, 10.4, -86.4281
57.6013, 10.4, -86.1228
58.5435, 10.4, -85.634
59.4857, 10.4, -85.1837
60.4279, 10.4, -85.3826
61.3701, 10.4, -85.8255
62.3123, 10.4, -86.3497
63.2545, 10.4, -86.6926
64.1966, 10.4, -86.9778
65.1388, 10.4, -87.244
66.081, 10.4, -87.5024
67.0232, 10.4, -87.7814
67.9654, 10.4, -88.2146
68.9076, 10.4, -88.9787
69.8498, 10.4, -89.8489
70.792, 10.4, -90.2558
71.7342, 10.4, -90.3152
72.6764, 10.4, -90.6841
73.6186, 10.4, -91.2641
74.5608, 10.4, -91.9047
75.503, 10.4, -92.5903
76.4452, 10.4, -93.3461
77.3874, 10.4, -94.2018
78.3296, 10.4, -95.1856
79.2717, 10.4, -96.3964
80.2139, 10.4, -97.3249
81.1561, 10.4, -97.5607
82.0983, 10.4, -97.4172
83.0405, 10.4, -97.4064
83.9827, 10.4, -97.5174
84.9249, 10.4, -97.7864
85.8671, 10.4, -98.2482
86.8093, 10.4, -98.9928
87.75148, 10.4, -100.3042
88.69368, 10.4, -102.9655
89.63587, 10.4, -107.3765
90.57806, 10.4, -107.1673
91.52026, 10.4, -104.1193
92.46245, 10.4, -103.053
93.40465, 10.4, -103.1913
94.34684, 10.4, -103.8092
95.28903, 10.4, -104.6423
96.23122, 10.4, -105.58
97.17342, 10.4, -106.5759
98.11562, 10.4, -107.6945
99.05781, 10.4, -108.9941
14.26, 11.2, -82.8841
15.1919, 11.2, -83.6635
16.1239, 11.2, -84.3562
17.0558, 11.2, -84.8883
17.9878, 11.2, -85.1747
18.9197, 11.2, -85.2118
19.8517, 11.2, -85.2492
20.7837, 11.2, -85.9721
21.7156, 11.2, -86.906
22.6476, 11.2, -87.6464
23.5795, 11.2, -88.2807
24.5115, 11.2, -88.8676
25.4434, 11.2, -89.4288
26.3754, 11.2, -89.9738
27.3074, 11.2, -90.5042
28.2393, 11.2, -91.015
29.1713, 11.2, -91.4172
30.1032, 11.2, -91.3097
31.0352, 11.2, -92.3461
31.9671, 11.2, -92.6736
32.8991, 11.2, -92.8798
33.8311, 11.2, -93.0611
34.763, 11.2, -93.2518
35.695, 11.2, -93.4743
36.6269, 11.2, -93.7536
37.5589, 11.2, -94.1197
38.4908, 11.2, -94.5785
39.4228, 11.2, -94.8756
40.3548, 11.2, -94.8549
41.2867, 11.2, -94.7596
42.2187, 11.2, -94.4227
43.1506, 11.2, -94.1757
44.0826, 11.2, -94.0202
45.0145, 11.2, -93.9123
45.9465, 11.2, -93.8109
46.8785, 11.2, -93.6709
47.8104, 11.2, -93.4271
48.7424, 11.2, -92.9485
49.6743, 11.2, -91.4866
50.6063, 11.2, -91.6982
51.5382, 11.2, -92.3342
52.4702, 11.2, -92.415
53.4021, 11.2, -92.3187
54.3341, 11.2, -92.1235
55.2661, 11.2, -91.8657
56.198, 11.2, -91.5583
57.13, 11.2, -91.1834
58.0619, 11.2, -90.6497
58.9939, 11.2, -89.3648
59.9258, 11.2, -84.3907
60.8578, 11.2, -89.1389
61.7898, 11.2, -90.7091
62.7217, 11.2, -91.3135
63.6537, 11.2, -91.7449
64.5856, 11.2, -92.1141
65.5176, 11.2, -92.4401
66.4495, 11.2, -92.7211
67.3815, 11.2, -92.9611
68.3135, 11.2, -93.2515
69.2454, 11.2, -94.185
70.1774, 11.2, -95.9365
71.1093, 11.2, -95.3202
72.0413, 11.2, -95.7586
72.9732, 11.2, -96.48
73.9052, 11.2, -97.1903
74.8372, 11.2, -97.908
75.7691, 11.2, -98.6843
76.7011, 11.2, -99.5959
77.63303, 11.2, -100.7376
78.56499, 11.2, -102.1544
79.49695, 11.2, -103.7066
80.4289, 11.2, -104.5801
81.36086, 11.2, -104.3082
82.29282, 11.2, -103.8863
83.22478, 11.2, -103.6229
84.15673, 11.2, -103.6099
85.08869, 11.2, -103.8427
86.02065, 11.2, -104.3266
86.9526, 11.2, -105.1535
87.88456, 11.2, -106.4978
88.81651, 11.2, -108.8808
89.74847, 11.2, -112.696
90.68043, 11.2, -111.6119
91.61239, 11.2, -109.9196
92.54434, 11.2, -109.6187
93.4763, 11.2, -110.0537
94.40826, 11.2, -110.9027
95.34022, 11.2, -111.995
96.27217, 11.2, -113.2402
97.20413, 11.2, -114.6115
98.13609, 11.2, -116.0033
99.06805, 11.2, -116.929
15.2017, 12, -88.3327
16.1234, 12, -89.2475
17.0452, 12, -90.093
17.9669, 12, -90.7282
18.8886, 12, -90.9821
19.8103, 12, -90.3645
20.732, 12, -91.5411
21.6538, 12, -92.5674
22.5755, 12, -93.2726
23.4972, 12, -93.8977
24.4189, 12, -94.4913
25.3406, 12, -95.0685
26.2624, 12, -95.6369
27.1841, 12, -96.1825
28.1058, 12, -96.6756
29.0275, 12, -96.9645
29.9492, 12, -96.8123
30.871, 12, -97.8119
31.7927, 12, -98.3582
32.7144, 12, -98.6286
33.6361, 12, -98.8267
34.5578, 12, -99.0105
35.4796, 12, -99.2197
36.4013, 12, -99.4752
37.323, 12, -99.7968
38.24473, 12, -100.1958
39.16645, 12, -100.5302
40.08817, 12, -100.5293
41.00989, 12, -100.5096
41.93161, 12, -100.2458
42.8533, 12, -99.9851
43.7751, 12, -99.8085
44.6968, 12, -99.6828
45.6185, 12, -99.5737
46.5402, 12, -99.4385
47.4619, 12, -99.2077
48.3837, 12, -98.7581
49.3054, 12, -97.7077
50.2271, 12, -96.3482
51.1488, 12, -97.5267
52.0705, 12, -97.7988
52.9923, 12, -97.7166
53.914, 12, -97.4855
54.8357, 12, -97.1726
55.7574, 12, -96.7899
56.6791, 12, -96.3363
57.6009, 12, -95.7784
58.5226, 12, -94.8487
59.4443, 12, -92.0763
60.366, 12, -90.9647
61.2877, 12, -94.6191
62.2095, 12, -95.7727
63.1312, 12, -96.4273
64.0529, 12, -96.9576
64.9746, 12, -97.4149
65.8963, 12, -97.7986
66.8181, 12, -98.0998
67.7398, 12, -98.2789
68.6615, 12, -98.3002
69.5832, 12, -99.126
70.5049, 12, -99.8909
71.42667, 12, -100.5165
72.34839, 12, -101.5441
73.27011, 12, -102.3804
74.19183, 12, -103.1146
75.11355, 12, -103.8438
76.03527, 12, -104.6555
76.95699, 12, -105.6343
77.87871, 12, -106.9108
78.80043, 12, -108.6463
79.72215, 12, -110.6952
80.64387, 12, -110.8034
81.56559, 12, -109.9995
82.48731, 12, -109.4541
83.40903, 12, -109.2133
84.33075, 12, -109.2343
85.25247, 12, -109.4786
86.17419, 12, -109.9349
87.09592, 12, -110.6336
88.01763, 12, -111.5732
88.93935, 12, -112.4773
89.86108, 12, -115.4553
90.7828, 12, -114.0761
91.70451, 12, -114.7697
92.62624, 12, -115.5807
93.54796, 12, -116.6034
94.46968, 12, -117.8462
95.3914, 12, -119.2469
96.31312, 12, -120.7601
97.23484, 12, -122.324
98.15656, 12, -123.7865
99.07828, 12, -124.4965
16.1435, 12.8, -93.8838
17.055, 12.8, -94.9937
17.9665, 12.8, -96.079
18.8779, 12.8, -96.7859
19.7894, 12.8, -96.5539
20.7009, 12.8, -97.5074
21.6124, 12.8, -98.2829
22.5239, 12.8, -98.9199
23.4354, 12.8, -99.4954
24.34684, 12.8, -100.0458
25.25832, 12.8, -100.6158
26.16981, 12.8, -101.212
27.08129, 12.8, -101.8153
27.99278, 12.8, -102.3567
28.90426, 12.8, -102.7326
29.81574, 12.8, -103.1378
30.72723, 12.8, -103.5218
31.63871, 12.8, -103.9729
32.55019, 12.8, -104.2554
33.46168, 12.8, -104.4222
34.37316, 12.8, -104.5873
35.28465, 12.8, -104.7831
36.19613, 12.8, -105.0162
37.10761, 12.8, -105.2829
38.0191, 12.8, -105.5636
38.93058, 12.8, -105.9471
39.84206, 12.8, -106.5356
40.75355, 12.8, -106.1602
41.66503, 12.8, -105.7917
42.57652, 12.8, -105.6121
43.488, 12.8, -105.4679
44.39948, 12.8, -105.3474
45.31097, 12.8, -105.2449
46.22245, 12.8, -105.1415
47.13393, 12.8, -104.9988
48.04542, 12.8, -104.7112
48.9569, 12.8, -104.1066
49.86839, 12.8, -103.5495
50.77987, 12.8, -103.2478
51.69136, 12.8, -103.3747
52.60284, 12.8, -103.2719
53.51432, 12.8, -103.0229
54.42581, 12.8, -102.6985
55.33729, 12.8, -102.2948
56.24878, 12.8, -101.7775
57.16026, 12.8, -101.0886
58.07174, 12.8, -100.1639
58.9832, 12.8, -99.0879
59.8947, 12.8, -98.7945
60.8062, 12.8, -98.8351
61.71768, 12.8, -100.011
62.62916, 12.8, -101.049
63.54065, 12.8, -101.8608
64.45213, 12.8, -102.4788
65.36361, 12.8, -102.9656
66.27509, 12.8, -103.356
67.18658, 12.8, -103.6515
68.09807, 12.8, -103.7608
69.00955, 12.8, -103.431
69.92104, 12.8, -102.6504
70.83252, 12.8, -104.7503
71.744, 12.8, -106.4285
72.65549, 12.8, -107.4308
73.56697, 12.8, -108.146
74.47845, 12.8, -108.8001
75.38994, 12.8, -109.49
76.30142, 12.8, -110.2859
77.21291, 12.8, -111.2634
78.12439, 12.8, -112.537
79.03587, 12.8, -114.4741
79.94736, 12.8, -116.7444
80.85884, 12.8, -115.7457
81.77032, 12.8, -114.6413
82.68181, 12.8, -114.2642
83.59329, 12.8, -114.202
84.50478, 12.8, -114.3283
85.41626, 12.8, -114.59
86.32774, 12.8, -114.934
87.23923, 12.8, -115.2689
88.15071, 12.8, -115.4071
89.06219, 12.8, -115.2761
89.97368, 12.8, -114.2805
90.88516, 12.8, -116.8784
91.79665, 12.8, -119.0311
92.70813, 12.8, -120.9846
93.61961, 12.8, -122.7161
94.5311, 12.8, -124.3946
95.44258, 12.8, -126.0964
96.35406, 12.8, -127.8337
97.26555, 12.8, -129.5602
98.17703, 12.8, -131.1068
99.08852, 12.8, -132.471
17.0852, 13.6, -99.6173
17.98649, 13.6, -101.0336
18.88774, 13.6, -102.4648
19.78899, 13.6, -103.5024
20.69024, 13.6, -103.6153
21.59148, 13.6, -104.0428
22.49273, 13.6, -104.4494
23.39398, 13.6, -104.8747
24.29523, 13.6, -105.3699
25.19647, 13.6, -105.9303
26.09772, 13.6, -106.5477
26.99897, 13.6, -107.2158
27.90022, 13.6, -107.9264
28.80146, 13.6, -108.638
29.70271, 13.6, -109.3758
30.60396, 13.6, -109.613
31.50521, 13.6, -109.6579
32.40645, 13.6, -109.7016
33.3077, 13.6, -109.8041
34.20895, 13.6, -109.9579
35.1102, 13.6, -110.1481
36.01144, 13.6, -110.3642
36.91269, 13.6, -110.6001
37.81393, 13.6, -110.8583
38.71518, 13.6, -111.1836
39.61643, 13.6, -111.9351
40.51768, 13.6, -111.8156
41.41893, 13.6, -111.2627
42.32017, 13.6, -111.0816
43.22142, 13.6, -110.9685
44.12267, 13.6, -110.8764
45.02391, 13.6, -110.7935
45.92516, 13.6, -110.7153
46.82641, 13.6, -110.6394
47.72766, 13.6, -110.5642
48.6289, 13.6, -110.4871
49.53015, 13.6, -110.5449
50.4314, 13.6, -110.2998
51.33265, 13.6, -109.5156
52.23389, 13.6, -109.0745
53.13514, 13.6, -108.7368
54.03639, 13.6, -108.4133
54.93763, 13.6, -108.042
55.83888, 13.6, -107.5659
56.74013, 13.6, -106.9245
57.64138, 13.6, -106.0634
58.54263, 13.6, -105.0888
59.44387, 13.6, -105.8192
60.34512, 13.6, -106.4621
61.24636, 13.6, -104.9343
62.14761, 13.6, -105.9267
63.04886, 13.6, -106.9291
63.95011, 13.6, -107.6976
64.85136, 13.6, -108.2765
65.7526, 13.6, -108.7239
66.65385, 13.6, -109.0849
67.5551, 13.6, -109.3816
68.45634, 13.6, -109.5379
69.35759, 13.6, -108.6085
70.25884, 13.6, -107.4194
71.16009, 13.6, -111.1913
72.06133, 13.6, -112.3665
72.96258, 13.6, -113.038
73.86383, 13.6, -113.6014
74.76508, 13.6, -114.1591
75.66632, 13.6, -114.7673
76.56757, 13.6, -115.4794
77.46882, 13.6, -116.3681
78.37006, 13.6, -117.5569
79.27131, 13.6, -119.3124
80.17256, 13.6, -121.606
81.07381, 13.6, -119.4202
81.97505, 13.6, -118.7535
82.8763, 13.6, -118.6016
83.77755, 13.6, -118.7112
84.67879, 13.6, -118.9436
85.58004, 13.6, -119.2003
86.48129, 13.6, -119.3897
87.38254, 13.6, -119.3973
88.28378, 13.6, -119.0295
89.18504, 13.6, -117.6888
90.08628, 13.6, -113.7526
90.98753, 13.6, -120.4365
91.88877, 13.6, -123.6819
92.79002, 13.6, -126.2411
93.69127, 13.6, -128.4869
94.59251, 13.6, -130.5584
95.49377, 13.6, -132.5343
96.39501, 13.6, -134.4718
97.29626, 13.6, -136.4267
98.1975, 13.6, -138.4825
99.09875, 13.6, -140.9103
18.02701, 14.4, -105.6079
18.91802, 14.4, -107.59
19.80903, 14.4, -109.7623
20.70004, 14.4, -109.6696
21.59105, 14.4, -109.5584
22.48207, 14.4, -109.6876
23.37308, 14.4, -110.0155
24.26409, 14.4, -110.4806
25.1551, 14.4, -111.0419
26.04611, 14.4, -111.6811
26.93712, 14.4, -112.4012
27.82813, 14.4, -113.2392
28.71914, 14.4, -114.2917
29.61015, 14.4, -115.4283
30.50116, 14.4, -115.7035
31.39217, 14.4, -115.2539
32.28318, 14.4, -115.0495
33.17419, 14.4, -115.0717
34.0652, 14.4, -115.1923
34.95621, 14.4, -115.3702
35.84723, 14.4, -115.592
36.73824, 14.4, -115.8486
37.62925, 14.4, -116.117
38.52026, 14.4, -116.4005
39.41127, 14.4, -116.7662
40.30228, 14.4, -117.0562
41.19329, 14.4, -116.6902
42.0843, 14.4, -116.5364
42.97531, 14.4, -116.4259
43.86632, 14.4, -116.3184
44.75733, 14.4, -116.2368
45.64835, 14.4, -116.1926
46.53936, 14.4, -116.192
47.43037, 14.4, -116.2466
48.32138, 14.4, -116.4689
49.21239, 14.4, -117.0747
50.1034, 14.4, -117.3124
50.99441, 14.4, -116.3279
51.88542, 14.4, -115.3039
52.77643, 14.4, -114.7513
53.66744, 14.4, -114.3523
54.55845, 14.4, -113.9837
55.44946, 14.4, -113.6038
56.34047, 14.4, -113.1672
57.23148, 14.4, -112.6028
58.12249, 14.4, -111.9065
59.0135, 14.4, -111.4967
59.90451, 14.4, -112.2743
60.79553, 14.4, -111.3908
61.68654, 14.4, -111.7954
62.57755, 14.4, -112.5771
63.46856, 14.4, -113.2809
64.35957, 14.4, -113.8204
65.25058, 14.4, -114.2751
66.14159, 14.4, -114.6838
67.0326, 14.4, -115.058
67.92361, 14.4, -115.3838
68.81462, 14.4, -115.6236
69.70564, 14.4, -114.5887
70.59664, 14.4, -116.0732
71.48766, 14.4, -117.3241
72.37867, 14.4, -117.9249
73.26968, 14.4, -118.3557
74.16069, 14.4, -118.7442
75.0517, 14.4, -119.1648
75.94271, 14.4, -119.6592
76.83372, 14.4, -120.2572
77.72473, 14.4, -120.9706
78.61575, 14.4, -121.7933
79.50675, 14.4, -123.1339
80.39777, 14.4, -123.569
81.28877, 14.4, -122.6714
82.17979, 14.4, -122.6479
83.07079, 14.4, -122.7838
83.96181, 14.4, -123.0393
84.85281, 14.4, -123.354
85.74383, 14.4, -123.6448
86.63484, 14.4, -123.8068
87.52585, 14.4, -123.682
88.41686, 14.4, -122.9077
89.30787, 14.4, -120.8098
90.19888, 14.4, -119.6927
91.08989, 14.4, -125.0973
91.9809, 14.4, -128.9786
92.87192, 14.4, -131.8942
93.76292, 14.4, -134.4157
94.65394, 14.4, -136.736
95.54494, 14.4, -138.9476
96.43596, 14.4, -141.1267
97.32697, 14.4, -143.3799
98.21798, 14.4, -145.9244
99.10899, 14.4, -149.2325
18.96877, 15.2, -112.1712
19.84955, 15.2, -115.0472
20.73032, 15.2, -115.1105
21.6111, 15.2, -114.5955
22.49187, 15.2, -114.6172
23.37264, 15.2, -114.9344
24.25342, 15.2, -115.4132
25.13419, 15.2, -115.9984
26.01497, 15.2, -116.6678
26.89574, 15.2, -117.4252
27.77652, 15.2, -118.3087
28.65729, 15.2, -119.4327
29.53806, 15.2, -120.9659
30.41884, 15.2, -121.3234
31.29961, 15.2, -120.5352
32.18039, 15.2, -120.2618
33.06116, 15.2, -120.225
33.94194, 15.2, -120.3067
34.82271, 15.2, -120.4618
35.70348, 15.2, -120.6741
36.58426, 15.2, -120.9406
37.46503, 15.2, -121.2595
38.34581, 15.2, -121.5821
39.22658, 15.2, -121.711
40.10735, 15.2, -121.4153
40.98813, 15.2, -121.9369
41.8689, 15.2, -121.9292
42.74968, 15.2, -121.759
43.63045, 15.2, -121.6051
44.51123, 15.2, -121.5126
45.392, 15.2, -121.4876
46.27277, 15.2, -121.544
47.15355, 15.2, -121.7234
48.03432, 15.2, -122.0839
48.9151, 15.2, -122.6931
49.79587, 15.2, -123.8409
50.67664, 15.2, -122.8267
51.55742, 15.2, -121.7353
52.43819, 15.2, -120.9714
53.31897, 15.2, -120.3728
54.19974, 15.2, -119.9418
55.08052, 15.2, -119.6082
55.96129, 15.2, -119.3382
56.84206, 15.2, -119.1387
57.72284, 15.2, -119.0259
58.60361, 15.2, -118.633
59.48439, 15.2, -116.9135
60.36516, 15.2, -116.2356
61.24594, 15.2, -118.4588
62.12671, 15.2, -119.0447
63.00748, 15.2, -119.2661
63.88826, 15.2, -119.5463
64.76904, 15.2, -119.8849
65.6498, 15.2, -120.2588
66.53058, 15.2, -120.6731
67.41135, 15.2, -121.1393
68.29213, 15.2, -121.6193
69.17291, 15.2, -122.2934
70.05368, 15.2, -124.5497
70.93445, 15.2, -122.924
71.81522, 15.2, -122.9239
72.696, 15.2, -123.0703
73.57677, 15.2, -123.2485
74.45755, 15.2, -123.4592
75.33833, 15.2, -123.7271
76.21909, 15.2, -124.0681
77.09987, 15.2, -124.4792
77.98064, 15.2, -124.9499
78.86142, 15.2, -125.4255
79.7422, 15.2, -125.1858
80.62297, 15.2, -125.7368
81.50374, 15.2, -126.0734
82.38451, 15.2, -126.3946
83.26529, 15.2, -126.8269
84.14606, 15.2, -127.301
85.02684, 15.2, -127.7752
85.90762, 15.2, -128.1774
86.78838, 15.2, -128.3953
87.66916, 15.2, -128.2554
88.54993, 15.2, -127.5385
89.43071, 15.2, -126.2284
90.31149, 15.2, -127.1459
91.19226, 15.2, -131.1588
92.07303, 15.2, -134.9155
92.9538, 15.2, -138.0226
93.83458, 15.2, -140.7466
94.71535, 15.2, -143.2582
95.59613, 15.2, -145.6614
96.47691, 15.2, -148.0416
97.35767, 15.2, -150.5195
98.23845, 15.2, -153.2876
99.11922, 15.2, -156.7239
19.91054, 16, -119.8255
20.78107, 16, -119.4199
21.65161, 16, -119.0935
22.52215, 16, -119.2281
23.39269, 16, -119.6165
24.26323, 16, -120.1541
25.13376, 16, -120.7893
26.0043, 16, -121.5004
26.87484, 16, -122.2842
27.74538, 16, -123.1513
28.61591, 16, -124.1322
29.48645, 16, -125.5154
30.35699, 16, -126.1423
31.22753, 16, -125.3813
32.09806, 16, -125.2376
32.9686, 16, -125.2208
33.83914, 16, -125.2878
34.70968, 16, -125.4194
35.58022, 16, -125.6082
36.45075, 16, -125.8539
37.32129, 16, -126.1594
38.19183, 16, -126.5155
39.06237, 16, -126.7506
39.9329, 16, -126.1122
40.80344, 16, -126.9592
41.67398, 16, -127.0227
42.54452, 16, -126.8407
43.41505, 16, -126.6893
44.28559, 16, -126.6017
45.15613, 16, -126.5892
46.02667, 16, -126.6664
46.89721, 16, -126.8581
47.76774, 16, -127.2057
48.63828, 16, -127.7638
49.50882, 16, -128.6718
50.37936, 16, -128.7261
51.24989, 16, -127.5919
52.12043, 16, -126.8481
52.99097, 16, -126.2692
53.8615, 16, -125.8391
54.73204, 16, -125.5357
55.60258, 16, -125.3495
56.47312, 16, -125.2798
57.34365, 16, -125.3227
58.2142, 16, -125.4049
59.08473, 16, -124.7835
59.95527, 16, -120.3902
60.82581, 16, -124.6468
61.69634, 16, -125.4813
62.56688, 16, -125.458
63.43742, 16, -125.4795
64.30796, 16, -125.6145
65.1785, 16, -125.8524
66.04903, 16, -126.18
66.91957, 16, -126.5965
67.79011, 16, -127.1376
68.66064, 16, -128.0053
69.53118, 16, -130.2323
70.40172, 16, -130.7481
71.27225, 16, -128.5694
72.1428, 16, -127.968
73.01334, 16, -127.7702
73.88387, 16, -127.7124
74.75441, 16, -127.736
75.62495, 16, -127.8247
76.49548, 16, -127.9772
77.36602, 16, -128.1948
78.23656, 16, -128.4478
79.10709, 16, -128.3905
79.97763, 16, -126.9412
80.84817, 16, -128.7508
81.71871, 16, -129.5643
82.58925, 16, -130.1729
83.45979, 16, -130.8574
84.33032, 16, -131.5813
85.20086, 16, -132.2819
86.0714, 16, -132.8913
86.94193, 16, -133.3312
87.81247, 16, -133.5152
88.68301, 16, -133.4643
89.55355, 16, -133.5067
90.42409, 16, -135.1481
91.29462, 16, -138.328
92.16516, 16, -141.6083
93.0357, 16, -144.6703
93.90623, 16, -147.4788
94.77677, 16, -150.1182
95.64731, 16, -152.6673
96.51785, 16, -155.1969
97.38839, 16, -157.7798
98.25893, 16, -160.4955
99.12946, 16, -163.3879
20.8523, 16.8, -122.846
21.7126, 16.8, -123.0574
22.5729, 16.8, -123.4626
23.4332, 16.8, -124.0126
24.2935, 16.8, -124.6581
25.15381, 16.8, -125.3691
26.01411, 16.8, -126.1295
26.87441, 16.8, -126.9292
27.73471, 16.8, -127.7525
28.59501, 16.8, -128.5669
29.45531, 16.8, -129.4306
30.31561, 16.8, -129.9611
31.17591, 16.8, -129.9144
32.03622, 16.8, -129.9515
32.89651, 16.8, -130.0084
33.75682, 16.8, -130.0872
34.61712, 16.8, -130.2056
35.47742, 16.8, -130.3675
36.33772, 16.8, -130.5766
37.19802, 16.8, -130.8375
38.05832, 16.8, -131.1442
38.91862, 16.8, -131.5287
39.77892, 16.8, -131.9111
40.63923, 16.8, -131.9913
41.49953, 16.8, -131.7617
42.35983, 16.8, -131.6059
43.22013, 16.8, -131.4833
44.08043, 16.8, -131.4141
44.94073, 16.8, -131.4102
45.80103, 16.8, -131.4818
46.66134, 16.8, -131.644
47.52163, 16.8, -131.9167
48.38194, 16.8, -132.3184
49.24224, 16.8, -132.9958
50.10254, 16.8, -133.4066
50.96284, 16.8, -132.7498
51.82314, 16.8, -132.0887
52.68344, 16.8, -131.6389
53.54374, 16.8, -131.2873
54.40404, 16.8, -131.0425
55.26434, 16.8, -130.9031
56.12465, 16.8, -130.8707
56.98495, 16.8, -130.948
57.84525, 16.8, -131.1097
58.70555, 16.8, -131.3126
59.56585, 16.8, -131.5332
60.42615, 16.8, -131.6343
61.28645, 16.8, -131.5194
62.14675, 16.8, -131.3371
63.00705, 16.8, -131.2123
63.86736, 16.8, -131.1978
64.72765, 16.8, -131.3013
65.58796, 16.8, -131.5123
66.44826, 16.8, -131.8325
67.30856, 16.8, -132.3004
68.16886, 16.8, -133.0749
69.02916, 16.8, -134.4337
69.88947, 16.8, -135.8936
70.74976, 16.8, -134.8766
71.61006, 16.8, -133.3545
72.47037, 16.8, -132.5342
73.33067, 16.8, -132.1059
74.19097, 16.8, -131.8447
75.05127, 16.8, -131.677
75.91157, 16.8, -131.5766
76.77187, 16.8, -131.5302
77.63217, 16.8, -131.5092
78.49247, 16.8, -131.41
79.35278, 16.8, -131.1246
80.21307, 16.8, -130.9771
81.07338, 16.8, -132.0793
81.93368, 16.8, -133.1109
82.79398, 16.8, -134.0975
83.65428, 16.8, -135.1019
84.51458, 16.8, -136.1227
85.37488, 16.8, -137.1206
86.23518, 16.8, -138.053
87.09548, 16.8, -138.8901
87.95579, 16.8, -139.6908
88.81609, 16.8, -140.5585
89.67638, 16.8, -141.3744
90.53669, 16.8, -143.415
91.39699, 16.8, -146.2017
92.25729, 16.8, -148.9733
93.11759, 16.8, -151.8228
93.97789, 16.8, -154.5987
94.8382, 16.8, -157.2789
95.69849, 16.8, -159.8957
96.55879, 16.8, -162.4863
97.4191, 16.8, -165.0741
98.2794, 16.8, -167.6079
99.1397, 16.8, -169.9995
21.79406, 17.6, -126.5574
22.64413, 17.6, -127.3213
23.49419, 17.6, -128.0973
24.34426, 17.6, -128.8951
25.19432, 17.6, -129.7089
26.04439, 17.6, -130.5308
26.89445, 17.6, -131.3488
27.74452, 17.6, -132.1437
28.59458, 17.6, -132.8804
29.44464, 17.6, -133.2056
30.29471, 17.6, -133.4208
31.14477, 17.6, -134.302
31.99484, 17.6, -134.4795
32.8449, 17.6, -134.5847
33.69497, 17.6, -134.6887
34.54503, 17.6, -134.8035
35.3951, 17.6, -134.9379
36.24516, 17.6, -135.1002
37.09523, 17.6, -135.3016
37.94529, 17.6, -135.5743
38.79535, 17.6, -136.0061
39.64542, 17.6, -137.0892
40.49548, 17.6, -136.9813
41.34555, 17.6, -136.2952
42.19561, 17.6, -136.0656
43.04568, 17.6, -135.9584
43.89574, 17.6, -135.9168
44.74581, 17.6, -135.9228
45.59587, 17.6, -135.9793
46.44593, 17.6, -136.0924
47.296, 17.6, -136.2789
48.14606, 17.6, -136.5723
48.99613, 17.6, -136.9801
49.8462, 17.6, -137.1407
50.69626, 17.6, -137.1992
51.54632, 17.6, -136.8026
52.39639, 17.6, -136.4318
53.24645, 17.6, -136.1846
54.09652, 17.6, -136.0284
54.94658, 17.6, -135.9427
55.79665, 17.6, -135.9316
56.64671, 17.6, -136.0002
57.49677, 17.6, -136.1896
58.34684, 17.6, -136.6314
59.1969, 17.6, -138.005
60.04697, 17.6, -142.4067
60.89703, 17.6, -137.9228
61.7471, 17.6, -136.8872
62.59716, 17.6, -136.5679
63.44723, 17.6, -136.4648
64.29729, 17.6, -136.4832
65.14735, 17.6, -136.6025
65.99742, 17.6, -136.8289
66.84748, 17.6, -137.1909
67.69755, 17.6, -137.7441
68.54762, 17.6, -138.5592
69.39767, 17.6, -139.2456
70.24774, 17.6, -139.0426
71.09781, 17.6, -138.5317
71.94787, 17.6, -137.4628
72.79794, 17.6, -136.6593
73.648, 17.6, -136.0754
74.49806, 17.6, -135.6322
75.34813, 17.6, -135.2753
76.1982, 17.6, -134.97
77.04826, 17.6, -134.6881
77.89832, 17.6, -134.4066
78.74839, 17.6, -134.127
79.59845, 17.6, -134.2434
80.44852, 17.6, -134.6833
81.29858, 17.6, -135.5199
82.14864, 17.6, -136.8489
82.99871, 17.6, -138.2308
83.84878, 17.6, -139.6191
84.69884, 17.6, -141.008
85.5489, 17.6, -142.3906
86.39896, 17.6, -143.7663
87.24903, 17.6, -145.1408
88.0991, 17.6, -146.5168
88.94916, 17.6, -147.9353
89.79922, 17.6, -149.7094
90.64929, 17.6, -151.6554
91.49935, 17.6, -154.1465
92.34942, 17.6, -156.7914
93.19949, 17.6, -159.4467
94.04955, 17.6, -162.0945
94.89961, 17.6, -164.7285
95.74968, 17.6, -167.3345
96.59974, 17.6, -169.9064
97.44981, 17.6, -172.4191
98.29987, 17.6, -174.8156
99.14993, 17.6, -176.8906
22.73583, 18.4, -130.9315
23.57566, 18.4, -131.9413
24.41548, 18.4, -132.9131
25.25531, 18.4, -133.8524
26.09514, 18.4, -134.7618
26.93497, 18.4, -135.6386
27.7748, 18.4, -136.464
28.61462, 18.4, -137.1364
29.45445, 18.4, -137.3801
30.29428, 18.4, -137.692
31.13411, 18.4, -138.5914
31.97394, 18.4, -138.9232
32.81376, 18.4, -139.0564
33.65359, 18.4, -139.1511
34.49342, 18.4, -139.2431
35.33325, 18.4, -139.3455
36.17308, 18.4, -139.4685
37.01291, 18.4, -139.6274
37.85273, 18.4, -139.8541
38.69256, 18.4, -140.2439
39.53239, 18.4, -141.1595
40.37222, 18.4, -141.4521
41.21204, 18.4, -140.5979
42.05187, 18.4, -140.3103
42.8917, 18.4, -140.1922
43.73153, 18.4, -140.1467
44.57135, 18.4, -140.1479
45.41118, 18.4, -140.1886
46.25101, 18.4, -140.2699
47.09084, 18.4, -140.3982
47.93067, 18.4, -140.5753
48.7705, 18.4, -140.7257
49.61032, 18.4, -140.8022
50.45015, 18.4, -140.9782
51.28998, 18.4, -140.9678
52.12981, 18.4, -140.8096
52.96963, 18.4, -140.6481
53.80946, 18.4, -140.5479
54.64929, 18.4, -140.5086
55.48912, 18.4, -140.5318
56.32895, 18.4, -140.6316
57.16877, 18.4, -140.851
58.0086, 18.4, -141.3174
58.84843, 18.4, -142.5339
59.68826, 18.4, -145.9773
60.52809, 18.4, -144.8093
61.36791, 18.4, -142.369
62.20774, 18.4, -141.5957
63.04757, 18.4, -141.344
63.8874, 18.4, -141.2849
64.72723, 18.4, -141.3378
65.56705, 18.4, -141.4814
66.40688, 18.4, -141.7173
67.24671, 18.4, -142.058
68.08654, 18.4, -142.4925
68.92637, 18.4, -142.7722
69.7662, 18.4, -142.6755
70.60602, 18.4, -142.2964
71.44585, 18.4, -141.7884
72.28567, 18.4, -141.0286
73.1255, 18.4, -140.2696
73.96533, 18.4, -139.6067
74.80516, 18.4, -139.0205
75.64499, 18.4, -138.4867
76.48482, 18.4, -137.9859
77.32465, 18.4, -137.5059
78.16447, 18.4, -137.0546
79.0043, 18.4, -136.7673
79.84413, 18.4, -137.0387
80.68396, 18.4, -137.7934
81.52379, 18.4, -139.1342
82.36361, 18.4, -140.8154
83.20344, 18.4, -142.5972
84.04327, 18.4, -144.4045
84.88309, 18.4, -146.2201
85.72292, 18.4, -148.0393
86.56275, 18.4, -149.8617
87.40258, 18.4, -151.6925
88.24241, 18.4, -153.5556
89.08224, 18.4, -155.5449
89.92207, 18.4, -157.6977
90.76189, 18.4, -159.7621
91.60172, 18.4, -162.1405
92.44155, 18.4, -164.6815
93.28138, 18.4, -167.2585
94.1212, 18.4, -169.8363
94.96103, 18.4, -172.4031
95.80086, 18.4, -174.9489
96.64069, 18.4, -177.46
97.48051, 18.4, -179.9088
98.32034, 18.4, -182.2254
99.16017, 18.4, -184.1681
23.67759, 19.2, -135.6429
24.50718, 19.2, -136.8579
25.33677, 19.2, -137.9662
26.16636, 19.2, -138.9888
26.99596, 19.2, -139.9575
27.82555, 19.2, -140.8482
28.65514, 19.2, -141.6093
29.48473, 19.2, -142.1747
30.31432, 19.2, -142.7532
31.14391, 19.2, -143.1008
31.9735, 19.2, -143.3395
32.8031, 19.2, -143.4655
33.63269, 19.2, -143.537
34.46228, 19.2, -143.5929
35.29187, 19.2, -143.6498
36.12146, 19.2, -143.7177
36.95105, 19.2, -143.8082
37.78064, 19.2, -143.9444
38.61024, 19.2, -144.1887
39.43983, 19.2, -144.6491
40.26942, 19.2, -144.774
41.09901, 19.2, -144.4867
41.9286, 19.2, -144.2579
42.75819, 19.2, -144.1686
43.58778, 19.2, -144.1383
44.41738, 19.2, -144.1399
45.24697, 19.2, -144.1653
46.07656, 19.2, -144.211
46.90615, 19.2, -144.2734
47.73574, 19.2, -144.3347
48.56533, 19.2, -144.3886
49.39492, 19.2, -144.4252
50.22452, 19.2, -144.4838
51.05411, 19.2, -144.6671
51.8837, 19.2, -144.687
52.71329, 19.2, -144.6776
53.54288, 19.2, -144.6669
54.37247, 19.2, -144.682
55.20206, 19.2, -144.7347
56.03165, 19.2, -144.8387
56.86125, 19.2, -145.025
57.69084, 19.2, -145.3774
58.52043, 19.2, -146.0764
59.35002, 19.2, -147.4679
60.17961, 19.2, -147.856
61.0092, 19.2, -146.9508
61.83879, 19.2, -146.0605
62.66839, 19.2, -145.7062
63.49798, 19.2, -145.5972
64.32757, 19.2, -145.6031
65.15716, 19.2, -145.678
65.98676, 19.2, -145.8051
66.81635, 19.2, -145.973
67.64594, 19.2, -146.143
68.47552, 19.2, -146.2725
69.30511, 19.2, -146.3022
70.13471, 19.2, -146.0889
70.9643, 19.2, -145.469
71.79389, 19.2, -144.8142
72.62348, 19.2, -144.124
73.45307, 19.2, -143.3967
74.28267, 19.2, -142.677
75.11226, 19.2, -141.981
75.94185, 19.2, -141.306
76.77144, 19.2, -140.6482
77.60104, 19.2, -140.013
78.43063, 19.2, -139.4427
79.26022, 19.2, -139.0223
80.08981, 19.2, -138.7707
80.9194, 19.2, -140.8389
81.74899, 19.2, -142.8435
82.57858, 19.2, -144.972
83.40817, 19.2, -147.1684
84.23776, 19.2, -149.3957
85.06735, 19.2, -151.6359
85.89695, 19.2, -153.8842
86.72654, 19.2, -156.142
87.55613, 19.2, -158.4205
88.38572, 19.2, -160.7332
89.21531, 19.2, -163.0969
90.04491, 19.2, -165.3742
90.8745, 19.2, -167.7472
91.70409, 19.2, -170.1555
92.53368, 19.2, -172.6394
93.36327, 19.2, -175.1553
94.19286, 19.2, -177.6793
95.02245, 19.2, -180.1983
95.85204, 19.2, -182.7038
96.68163, 19.2, -185.1842
97.51122, 19.2, -187.6176
98.34082, 19.2, -189.9516
99.17041, 19.2, -192.0659
