100, 0, 7.76909
0, 0, 4.8159
-20, 0, 9.80909e-45
-20, -20, 200
100, -20, 199.9298
100, 20, -203.7129
23.8, 20, -98.8163
98.9247, 0, 5.00436
97.8495, 0, 2.7904
96.7742, 0, 2.00723
95.6989, 0, 1.6933
94.6237, 0, 1.48479
93.5484, 0, 1.2832
92.4731, 0, 1.00287
91.3979, 0, 0.331959
90.3226, 0, -1.2742
89.2473, 0, -0.51534
88.172, 0, 1.22331
87.0968, 0, 2.311
86.0215, 0, 3.10814
84.9462, 0, 3.81149
83.871, 0, 4.46814
82.7957, 0, 5.09696
81.7204, 0, 5.74496
80.6452, 0, 6.55181
79.5699, 0, 7.07654
78.4946, 0, 6.93135
77.4194, 0, 6.91353
76.3441, 0, 6.94663
75.2688, 0, 6.97126
74.1936, 0, 6.9735
73.1183, 0, 6.93972
72.043, 0, 6.81595
70.9677, 0, 6.45738
69.8925, 0, 6.11963
68.8172, 0, 6.63265
67.7419, 0, 6.9735
66.6667, 0, 7.07527
65.5914, 0, 7.09615
64.5161, 0, 7.11549
63.4409, 0, 7.17598
62.3656, 0, 7.30051
61.2903, 0, 7.4959
60.2151, 0, 7.86618
59.1398, 0, 7.12389
58.0645, 0, 6.28352
56.9892, 0, 5.61132
55.914, 0, 5.00676
54.8387, 0, 4.43339
53.7634, 0, 3.82391
52.6882, 0, 3.08676
51.6129, 0, 2.05773
50.5376, 0, 0.455404
49.4624, 0, 0.378987
48.3871, 0, 1.66671
47.3118, 0, 2.31274
46.2366, 0, 2.72168
45.1613, 0, 3.02022
44.086, 0, 3.27609
43.0108, 0, 3.5759
41.9355, 0, 4.16904
40.8602, 0, 5.5021
39.7849, 0, 6.6092
38.7097, 0, 5.45317
37.6344, 0, 4.69944
36.5591, 0, 4.51374
35.4839, 0, 4.51618
34.4086, 0, 4.57446
33.3333, 0, 4.66967
32.2581, 0, 4.89645
31.1828, 0, 5.51783
30.1075, 0, 6.15877
29.0323, 0, 5.61946
27.957, 0, 5.0916
26.8817, 0, 5.04553
25.8065, 0, 5.15308
24.7312, 0, 5.25366
23.6559, 0, 5.30569
22.5806, 0, 5.28817
21.5054, 0, 5.19033
20.4301, 0, 5.19203
19.3548, 0, 5.19074
18.2796, 0, 5.39228
17.2043, 0, 5.67673
16.129, 0, 5.85076
15.0538, 0, 5.94553
13.9785, 0, 5.98866
12.9032, 0, 6.00472
11.828, 0, 6.02142
10.7527, 0, 5.94949
9.6774, 0, 6.9482
8.6022, 0, 5.925
7.5269, 0, 5.7117
6.4516, 0, 5.6939
5.3763, 0, 6.5385
4.3011, 0, 3.4227
3.2258, 0, 6.1603
2.1505, 0, 4.1148
1.0753, 0, 4.4998
-1.0526, 0, 7.3133
-2.1053, 0, 7.533
-3.1579, 0, 7.1194
-4.2105, 0, 6.3949
-5.2632, 0, 5.4789
-6.3158, 0, 4.4264
-7.3684, 0, 3.2767
-8.4211, 0, 2.0431
-9.4737, 0, 0.71644
-10.5263, 0, 0.136935
-11.5789, 0, 0.343208
-12.6316, 0, 0.477491
-13.6842, 0, 0.551007
-14.7368, 0, 0.570972
-15.7895, 0, 0.542428
-16.8421, 0, 0.469128
-17.8947, 0, 0.353673
-18.9474, 0, 0.197539
-20, -1, 9.5
-20, -2, 19
-20, -3, 28.5
-20, -4, 38
-20, -5, 47.5
-20, -6, 57
-20, -7, 66.5
-20, -8, 76
-20, -9, 85.5
-20, -10, 100
-20, -11, 114.5
-20, -12, 124
-20, -13, 133.5
-20, -14, 143
-20, -15, 152.5
-20, -16, 162
-20, -17, 171.5
-20, -18, 181
-20, -19, 190.5
-18.92857, -20, 200.0643
-17.85714, -20, 200.1286
-16.78572, -20, 200.1929
-15.71429, -20, 200.2572
-14.64286, -20, 200.3214
-13.57143, -20, 200.3857
-12.5, -20, 200.45
-11.42857, -20, 200.5143
-10.35714, -20, 200.5786
-9.285714, -20, 200.6732
-8.214286, -20, 200.7831
-7.142857, -20, 200.8929
-6.071429, -20, 201.0028
-5, -20, 201.1126
-3.928571, -20, 201.2224
-2.857143, -20, 201.3323
-1.785714, -20, 201.4421
-0.7142857, -20, 201.5519
0.3571429, -20, 201.6954
1.428571, -20, 201.7395
2.5, -20, 201.8804
3.571429, -20, 201.9602
4.642857, -20, 201.8308
5.714286, -20, 201.8351
6.785714, -20, 201.843
7.857143, -20, 201.8508
8.928572, -20, 201.8586
10, -20, 201.8664
11.07143, -20, 201.9519
12.14286, -20, 202.0373
13.21429, -20, 202.1228
14.28571, -20, 202.2082
15.35714, -20, 202.2937
16.42857, -20, 202.3791
17.5, -20, 202.4646
18.57143, -20, 202.55
19.64286, -20, 202.6355
20.71428, -20, 202.5972
21.78572, -20, 202.4969
22.85714, -20, 202.3967
23.92857, -20, 202.2965
25, -20, 202.1963
26.07143, -20, 202.096
27.14286, -20, 201.9958
28.21428, -20, 201.8956
29.28572, -20, 201.7954
30.35714, -20, 201.7325
31.42857, -20, 201.7442
32.5, -20, 201.756
33.57143, -20, 201.7678
34.64286, -20, 201.7796
35.71429, -20, 201.7913
36.78571, -20, 201.8031
37.85714, -20, 201.8149
38.92857, -20, 201.8267
40, -20, 201.8384
41.07143, -20, 201.892
42.14286, -20, 201.9456
43.21429, -20, 201.9992
44.28571, -20, 202.0528
45.35714, -20, 202.1063
46.42857, -20, 202.1599
47.5, -20, 202.2135
48.57143, -20, 202.2671
49.64286, -20, 202.3207
50.71429, -20, 202.2575
51.78571, -20, 202.136
52.85714, -20, 202.0145
53.92857, -20, 201.8929
55, -20, 201.7714
56.07143, -20, 201.6499
57.14286, -20, 201.5284
58.21429, -20, 201.4068
59.28571, -20, 201.2853
60.35714, -20, 201.1717
61.42857, -20, 201.074
62.5, -20, 200.9764
63.57143, -20, 200.8787
64.64286, -20, 200.781
65.71429, -20, 200.6833
66.78571, -20, 200.5856
67.85714, -20, 200.4879
68.92857, -20, 200.3902
70, -20, 200.2925
71.07143, -20, 200.4037
72.14286, -20, 200.515
73.21429, -20, 200.6262
74.28571, -20, 200.7374
75.35714, -20, 200.8486
76.42857, -20, 200.9599
77.5, -20, 201.0711
78.57143, -20, 201.1823
79.64286, -20, 201.2935
80.71429, -20, 201.2769
81.78571, -20, 201.1964
82.85714, -20, 201.1158
83.92857, -20, 201.0353
85, -20, 200.9547
86.07143, -20, 200.8742
87.14286, -20, 200.7936
88.21429, -20, 200.7131
89.28571, -20, 200.6325
90.35714, -20, 200.5556
91.42857, -20, 200.4861
92.5, -20, 200.4166
93.57143, -20, 200.347
94.64286, -20, 200.2775
95.71429, -20, 200.2079
96.78571, -20, 200.1384
97.85714, -20, 200.0689
98.92857, -20, 199.9993
100, -19, 190.4949
100, -18, 181.0601
100, -17, 171.6279
100, -16, 162.1961
100, -15, 153.1244
100, -14, 144.1487
100, -13, 132.9433
100, -12, 120.7089
100, -11, 107.1827
100, -10, 92.717
100, -9, 81.5566
100, -8, 74.0688
100, -7, 66.3764
100, -6, 58.3331
100, -5, 49.0777
100, -4, 36.4285
100, -3, 24.8068
100, -2, 18.6648
100, -1, 12.5922
100, 0.8, 3.91062
100, 1.6, -7.93251
100, 2.4, -23.4609
100, 3.2, -38.2512
100, 4, -39.7578
100, 4.8, -41.2644
100, 5.6, -49.288
100, 6.4, -66.2726
100, 7.2, -83.2572
100, 8, -91.1119
100, 8.8, -96.532
100, 9.6, -101.362
100, 10.4, -103.045
100, 11.2, -104.728
100, 12, -114.5159
100, 12.8, -131.5982
100, 13.6, -148.6805
100, 14.4, -157.1206
100, 15.2, -164.544
100, 16, -171.854
100, 16.8, -178.8467
100, 17.6, -185.8393
100, 18.4, -192.0869
100, 19.2, -197.8999
99.18065, 20, -197.2658
98.36129, 20, -190.8187
97.54194, 20, -184.3716
96.72258, 20, -177.9244
95.90323, 20, -171.4773
95.08387, 20, -165.0302
94.26452, 20, -158.5831
93.44516, 20, -152.1359
92.62581, 20, -145.6888
91.80645, 20, -139.2417
90.9871, 20, -132.7946
90.16774, 20, -126.3475
89.34839, 20, -123.0778
88.52903, 20, -120.626
87.70968, 20, -118.1743
86.89032, 20, -115.7226
86.07097, 20, -113.2708
85.25161, 20, -110.8191
84.43226, 20, -108.3674
83.6129, 20, -105.9156
82.79355, 20, -103.4639
81.97419, 20, -101.0121
81.1548, 20, -98.5604
80.3355, 20, -96.1087
79.5161, 20, -95.0586
78.6968, 20, -94.9804
77.8774, 20, -94.9022
77.0581, 20, -94.824
76.2387, 20, -94.7458
75.4194, 20, -94.6676
74.6, 20, -94.5894
73.7806, 20, -94.5112
72.9613, 20, -94.433
72.1419, 20, -94.3548
71.3226, 20, -94.2766
70.5032, 20, -94.1984
69.6839, 20, -94.2558
68.8645, 20, -94.5291
68.0452, 20, -94.8023
67.2258, 20, -95.0756
66.4064, 20, -95.3488
65.5871, 20, -95.6221
64.7677, 20, -95.8954
63.9484, 20, -96.1686
63.129, 20, -96.4419
62.3097, 20, -96.7152
61.4903, 20, -96.9884
60.671, 20, -97.2617
59.8516, 20, -97.4145
59.0323, 20, -97.0228
58.2129, 20, -96.631
57.3935, 20, -96.2393
56.5742, 20, -95.8476
55.7548, 20, -95.4558
54.9355, 20, -95.0641
54.1161, 20, -94.6723
53.2968, 20, -94.2806
52.4774, 20, -93.8889
51.6581, 20, -93.4971
50.8387, 20, -93.1054
50.0194, 20, -92.7136
49.2, 20, -93.4949
48.3806, 20, -94.3045
47.5613, 20, -95.1141
46.7419, 20, -95.9238
45.9226, 20, -96.7334
45.1032, 20, -97.543
44.2839, 20, -98.3527
43.4645, 20, -99.1623
42.6452, 20, -99.9719
41.82581, 20, -100.7816
41.00645, 20, -101.5912
40.1871, 20, -102.4008
39.36774, 20, -102.8671
38.54839, 20, -103.2318
37.72903, 20, -103.5964
36.90968, 20, -103.9611
36.09032, 20, -104.3258
35.27097, 20, -104.6904
34.45161, 20, -105.0551
33.63226, 20, -105.4198
32.8129, 20, -105.7844
31.99355, 20, -106.1491
31.17419, 20, -106.5138
30.35484, 20, -106.8784
29.53548, 20, -106.7598
28.71613, 20, -106.138
27.89677, 20, -105.3452
27.07742, 20, -104.3814
26.25806, 20, -103.2466
25.43871, 20, -101.9409
24.61935, 20, -100.4641
22.848, 19.2, -96.0066
21.896, 18.4, -93.9188
20.944, 17.6, -92.7352
19.992, 16.8, -94.2281
19.04, 16, -87.1631
18.088, 15.2, -82.2421
17.136, 14.4, -78.1229
16.184, 13.6, -74.3124
15.232, 12.8, -70.6279
14.28, 12, -67.048
13.328, 11.2, -63.5318
12.376, 10.4, -60.0514
11.424, 9.6, -56.5838
10.472, 8.8, -53.796
9.52, 8, -50.5606
8.568, 7.2, -45.1126
7.616, 6.4, -40.2429
6.664, 5.6, -35.4126
5.712, 4.8, -30.4429
4.76, 4, -24.8704
3.808, 3.2, -17.1474
2.856, 2.4, -10.3106
1.904, 1.6, -3.4487
0.952, 0.8, 1.3887
98.9249, -1, 12.6675
97.8498, -1, 11.7938
96.7748, -1, 11.2463
95.6997, -1, 10.919
94.6246, -1, 10.6465
93.5495, -1, 10.2812
92.4745, -1, 9.66908
91.3994, -1, 8.73806
90.3243, -1, 8.9126
89.2492, -1, 8.77319
88.1742, -1, 9.65181
87.0991, -1, 10.927
86.024, -1, 11.8984
84.9489, -1, 12.6454
83.8738, -1, 13.2592
82.7988, -1, 13.8208
81.7237, -1, 14.4354
80.6486, -1, 15.4198
79.5735, -1, 16.0177
78.4985, -1, 15.7266
77.4234, -1, 15.7106
76.3483, -1, 15.7161
75.2732, -1, 15.7165
74.1982, -1, 15.7082
73.1231, -1, 15.691
72.048, -1, 15.6725
70.9729, -1, 15.7437
69.8979, -1, 16.3843
68.8228, -1, 15.9362
67.7477, -1, 15.9947
66.6726, -1, 16.0381
65.5975, -1, 16.0827
64.5225, -1, 16.175
63.4474, -1, 16.3713
62.3723, -1, 16.7518
61.2972, -1, 17.4157
60.2222, -1, 18.5362
59.1471, -1, 17.2145
58.072, -1, 15.9708
56.9969, -1, 15.0431
55.9219, -1, 14.3422
54.8468, -1, 13.7396
53.7717, -1, 13.131
52.6966, -1, 12.4031
51.6215, -1, 11.3786
50.5465, -1, 9.58414
49.4714, -1, 9.4191
48.3963, -1, 10.8777
47.3212, -1, 11.6126
46.2462, -1, 12.0715
45.1711, -1, 12.402
44.096, -1, 12.6948
43.0209, -1, 13.0338
41.9459, -1, 13.5534
40.8708, -1, 14.7533
39.7957, -1, 16.9743
38.7206, -1, 14.7068
37.6455, -1, 14.177
36.5705, -1, 13.9747
35.4954, -1, 13.9079
34.4203, -1, 13.931
33.3452, -1, 14.0351
32.2702, -1, 14.2315
31.1951, -1, 14.5419
30.12, -1, 14.8609
29.0449, -1, 14.6265
27.9699, -1, 14.478
26.8948, -1, 14.4534
25.8197, -1, 14.5378
24.7446, -1, 14.6679
23.6695, -1, 14.8049
22.5945, -1, 14.9359
21.5194, -1, 15.0967
20.4443, -1, 15.2027
19.3692, -1, 15.1928
18.2942, -1, 15.1686
17.2191, -1, 15.1209
16.144, -1, 15.1211
15.0689, -1, 15.1022
13.9939, -1, 15.0533
12.9188, -1, 14.9907
11.8437, -1, 14.9949
10.7686, -1, 14.833
9.69355, -1, 13.0457
8.61847, -1, 14.3525
7.54339, -1, 14.4095
6.46832, -1, 14.2118
5.39324, -1, 13.7055
4.31816, -1, 12.6096
3.24309, -1, 13.3529
2.16801, -1, 13.2158
1.09293, -1, 12.3219
0.0178571, -1, 14.6748
-1.03571, -1, 14.5287
-2.08929, -1, 14.7813
-3.14286, -1, 14.5302
-4.19643, -1, 14.0227
-5.25, -1, 13.3527
-6.30357, -1, 12.5648
-7.35714, -1, 11.6891
-8.41071, -1, 10.755
-9.4643, -1, 9.8606
-10.5179, -1, 9.57053
-11.5714, -1, 9.56207
-12.625, -1, 9.55358
-13.6786, -1, 9.54579
-14.7321, -1, 9.53811
-15.7857, -1, 9.5305
-16.8393, -1, 9.52292
-17.8929, -1, 9.51537
-18.9464, -1, 9.50787
98.9251, -2, 19.5525
97.8502, -2, 20.4048
96.7753, -2, 20.4171
95.7005, -2, 20.2227
94.6256, -2, 19.9687
93.5507, -2, 19.6079
92.4758, -2, 19.0505
91.4009, -2, 18.3171
90.326, -2, 17.7632
89.2512, -2, 18.2466
88.1763, -2, 19.316
87.1014, -2, 20.2758
86.0265, -2, 21.1156
84.9516, -2, 21.8046
83.8767, -2, 22.3806
82.8018, -2, 22.894
81.727, -2, 23.4513
80.6521, -2, 24.0712
79.5772, -2, 24.5643
78.5023, -2, 24.5934
77.4274, -2, 24.5798
76.3525, -2, 24.6078
75.2776, -2, 24.617
74.2028, -2, 24.5874
73.1279, -2, 24.5392
72.053, -2, 24.607
70.9781, -2, 25.0213
69.9032, -2, 25.4683
68.8283, -2, 25.2025
67.7535, -2, 24.9173
66.6786, -2, 24.8996
65.6037, -2, 24.9657
64.5288, -2, 25.0724
63.4539, -2, 25.2731
62.379, -2, 25.6953
61.3041, -2, 26.5843
60.2293, -2, 27.868
59.1544, -2, 26.7093
58.0795, -2, 25.1512
57.0046, -2, 24.2145
55.9297, -2, 23.5563
54.8548, -2, 23.0103
53.78, -2, 22.4912
52.7051, -2, 21.9164
51.6302, -2, 21.1451
50.5553, -2, 19.8758
49.4804, -2, 19.6048
48.4055, -2, 20.6179
47.3306, -2, 21.2184
46.2558, -2, 21.6074
45.1809, -2, 21.9115
44.106, -2, 22.1945
43.0311, -2, 22.4925
41.9562, -2, 22.8105
40.8813, -2, 23.2055
39.8064, -2, 23.8396
38.7316, -2, 23.4436
37.6567, -2, 23.3766
36.5818, -2, 23.3005
35.5069, -2, 23.2553
34.432, -2, 23.2495
33.3571, -2, 23.273
32.2823, -2, 23.2861
31.2074, -2, 23.1628
30.1325, -2, 23.0135
29.0576, -2, 23.2761
27.9827, -2, 23.632
26.9078, -2, 23.8408
25.8329, -2, 24.0216
24.7581, -2, 24.2211
23.6832, -2, 24.443
22.6083, -2, 24.6851
21.5334, -2, 24.9427
20.4585, -2, 25.1897
19.3836, -2, 25.1887
18.3088, -2, 24.9716
17.2339, -2, 24.7972
16.159, -2, 24.6696
15.0841, -2, 24.5543
14.0092, -2, 24.4105
12.9343, -2, 24.2128
11.8594, -2, 23.9305
10.7846, -2, 23.6206
9.70968, -2, 22.998
8.63479, -2, 23.2658
7.55991, -2, 23.294
6.48502, -2, 23.0609
5.41014, -2, 22.0888
4.33525, -2, 25.1146
3.26037, -2, 23.2437
2.18548, -2, 24.8762
1.1106, -2, 21.16
0.0357143, -2, 23.4726
-1.0188, -2, 23.0316
-2.07331, -2, 22.7945
-3.12782, -2, 22.577
-4.18233, -2, 22.2088
-5.23684, -2, 21.7186
-6.29135, -2, 21.1408
-7.34586, -2, 20.5121
-8.40038, -2, 19.8875
-9.45489, -2, 19.3923
-10.5094, -2, 19.142
-11.5639, -2, 19.1222
-12.6184, -2, 19.1062
-13.6729, -2, 19.0904
-14.7274, -2, 19.0751
-15.782, -2, 19.0602
-16.8365, -2, 19.0453
-17.891, -2, 19.0305
-18.9455, -2, 19.0154
98.9253, -3, 27.9412
97.8506, -3, 28.973
96.7759, -3, 29.3442
95.7012, -3, 29.428
94.6265, -3, 29.3539
93.5518, -3, 29.1857
92.4771, -3, 28.9473
91.4025, -3, 28.5455
90.3278, -3, 26.8489
89.2531, -3, 28.2733
88.1784, -3, 29.6182
87.1037, -3, 30.3157
86.029, -3, 30.9207
84.9543, -3, 31.4797
83.8796, -3, 31.9849
82.8049, -3, 32.4082
81.7302, -3, 32.7043
80.6555, -3, 32.837
79.5808, -3, 33.0921
78.5061, -3, 33.5048
77.4314, -3, 33.7258
76.3568, -3, 33.836
75.2821, -3, 33.8626
74.2074, -3, 33.8296
73.1327, -3, 33.7542
72.058, -3, 33.6654
70.9833, -3, 33.7625
69.9086, -3, 34.3088
68.8339, -3, 33.9022
67.7592, -3, 33.872
66.6845, -3, 33.9063
65.6098, -3, 33.9305
64.5351, -3, 33.9703
63.4604, -3, 34.0681
62.3858, -3, 34.2942
61.3111, -3, 34.8229
60.2364, -3, 36.2062
59.1617, -3, 34.9868
58.087, -3, 33.8452
57.0123, -3, 33.1465
55.9376, -3, 32.6205
54.8629, -3, 32.1872
53.7882, -3, 31.8101
52.7135, -3, 31.4673
51.6388, -3, 31.1372
50.5641, -3, 30.9124
49.4894, -3, 30.6814
48.4147, -3, 30.7199
47.3401, -3, 30.9298
46.2654, -3, 31.1479
45.1907, -3, 31.3756
44.116, -3, 31.6068
43.0413, -3, 31.828
41.9666, -3, 31.9896
40.8919, -3, 31.6947
39.8172, -3, 30.0252
38.7425, -3, 32.1225
37.6678, -3, 32.3478
36.5931, -3, 32.3822
35.5184, -3, 32.3785
34.4437, -3, 32.3508
33.369, -3, 32.2903
32.2944, -3, 32.1712
31.2197, -3, 31.9227
30.145, -3, 31.1801
29.0703, -3, 32.1161
27.9956, -3, 32.6726
26.9209, -3, 33.0721
25.8462, -3, 33.405
24.7715, -3, 33.7109
23.6968, -3, 34.0121
22.6221, -3, 34.3259
21.5474, -3, 34.6803
20.4727, -3, 35.1678
19.398, -3, 35.1422
18.3233, -3, 34.7362
17.2487, -3, 34.5373
16.174, -3, 34.3898
15.0993, -3, 34.2351
14.0246, -3, 34.024
12.9499, -3, 33.6958
11.8752, -3, 33.1591
10.8005, -3, 32.5036
9.72581, -3, 34.0521
8.65111, -3, 32.5963
7.57642, -3, 32.5353
6.50173, -3, 32.7076
5.42704, -3, 32.9128
4.35234, -3, 33.3857
3.27765, -3, 34.2797
2.20296, -3, 34.1646
1.12826, -3, 30.8331
0.0535714, -3, 32.5316
-1.00188, -3, 31.9801
-2.05733, -3, 31.4537
-3.11278, -3, 31.1485
-4.16823, -3, 30.8517
-5.22368, -3, 30.4899
-6.27914, -3, 30.0769
-7.33459, -3, 29.6505
-8.39004, -3, 29.2793
-9.44549, -3, 28.9251
-10.5009, -3, 28.7065
-11.5564, -3, 28.681
-12.6118, -3, 28.6567
-13.6673, -3, 28.6339
-14.7227, -3, 28.6114
-15.7782, -3, 28.5892
-16.8336, -3, 28.567
-17.8891, -3, 28.5449
-18.9445, -3, 28.5228
98.9255, -4, 37.5302
97.851, -4, 38.105
96.7765, -4, 38.4831
95.702, -4, 38.6986
94.6275, -4, 38.8327
93.553, -4, 38.9351
92.4785, -4, 39.0085
91.404, -4, 38.9742
90.3295, -4, 38.3918
89.255, -4, 39.1919
88.1805, -4, 39.97
87.106, -4, 40.5212
86.0315, -4, 40.9778
84.957, -4, 41.4194
83.8825, -4, 41.8376
82.808, -4, 42.1751
81.7335, -4, 42.2884
80.659, -4, 42.0218
79.5845, -4, 42.0952
78.51, -4, 42.7849
77.4355, -4, 43.1722
76.361, -4, 43.3072
75.2865, -4, 43.3291
74.212, -4, 43.2957
73.1375, -4, 43.2062
72.063, -4, 42.9668
70.9885, -4, 42.4373
69.914, -4, 42.2567
68.8395, -4, 42.5338
67.765, -4, 42.9015
66.6905, -4, 42.9603
65.616, -4, 42.9136
64.5415, -4, 42.841
63.467, -4, 42.758
62.3925, -4, 42.6767
61.318, -4, 42.5561
60.2435, -4, 42.8034
59.169, -4, 42.4452
58.0945, -4, 42.1874
57.02, -4, 41.8526
55.9455, -4, 41.5612
54.871, -4, 41.2947
53.7965, -4, 41.0561
52.722, -4, 40.8944
51.6475, -4, 40.9995
50.573, -4, 41.642
49.4985, -4, 41.5597
48.424, -4, 40.7847
47.3495, -4, 40.5897
46.275, -4, 40.6704
45.2005, -4, 40.8169
44.126, -4, 40.9694
43.0515, -4, 41.0931
41.977, -4, 41.0968
40.9025, -4, 40.5965
39.828, -4, 39.7209
38.7535, -4, 40.8336
37.679, -4, 41.2882
36.6045, -4, 41.4013
35.53, -4, 41.42
34.4555, -4, 41.3851
33.381, -4, 41.297
32.3064, -4, 41.1441
31.232, -4, 40.8802
30.1574, -4, 40.5235
29.0829, -4, 41.1873
28.0084, -4, 41.8228
26.9339, -4, 42.3169
25.8594, -4, 42.7554
24.7849, -4, 43.1568
23.7104, -4, 43.5428
22.6359, -4, 43.9372
21.5614, -4, 44.3739
20.4869, -4, 44.9465
19.4124, -4, 44.9484
18.3379, -4, 44.5666
17.2634, -4, 44.3741
16.1889, -4, 44.2163
15.1144, -4, 44.0459
14.0399, -4, 43.8325
12.9654, -4, 43.5191
11.8909, -4, 42.9759
10.8164, -4, 42.2618
9.74194, -4, 40.6551
8.66743, -4, 42.0557
7.59293, -4, 42.3263
6.51843, -4, 42.5154
5.44393, -4, 43.2882
4.36943, -4, 42.7543
3.29493, -4, 44.7469
2.22043, -4, 42.8154
1.14593, -4, 42.3031
0.0714286, -4, 41.4228
-0.984962, -4, 40.7189
-2.04135, -4, 40.472
-3.09774, -4, 40.259
-4.15414, -4, 40.0139
-5.21053, -4, 39.712
-6.26692, -4, 39.3746
-7.32331, -4, 39.0325
-8.3797, -4, 38.7231
-9.43609, -4, 38.4374
-10.4925, -4, 38.2694
-11.5489, -4, 38.2371
-12.6053, -4, 38.2065
-13.6617, -4, 38.1761
-14.718, -4, 38.1465
-15.7744, -4, 38.1172
-16.8308, -4, 38.0882
-17.8872, -4, 38.0591
-18.9436, -4, 38.0298
98.9257, -5, 47.5341
97.8514, -5, 47.6199
96.7771, -5, 47.818
95.7028, -5, 48.0499
94.6285, -5, 48.3161
93.5541, -5, 48.6317
92.4798, -5, 49.0289
91.4055, -5, 49.568
90.3312, -5, 51.0941
89.2569, -5, 50.5407
88.1826, -5, 50.3679
87.1083, -5, 50.5676
86.034, -5, 50.8744
84.9597, -5, 51.2341
83.8854, -5, 51.6109
82.8111, -5, 51.9648
81.7367, -5, 52.216
80.6624, -5, 52.0898
79.5881, -5, 51.9621
78.5138, -5, 52.5686
77.4395, -5, 52.7443
76.3652, -5, 52.7767
75.2909, -5, 52.756
74.2166, -5, 52.704
73.1423, -5, 52.6174
72.068, -5, 52.4512
70.9937, -5, 51.8667
69.9194, -5, 50.0033
68.845, -5, 51.7414
67.7707, -5, 51.9785
66.6964, -5, 51.9427
65.6221, -5, 51.8404
64.5478, -5, 51.6776
63.4735, -5, 51.4255
62.3992, -5, 51.0259
61.3249, -5, 50.396
60.2506, -5, 48.8885
59.1763, -5, 49.9148
58.102, -5, 50.406
57.0276, -5, 50.5731
55.9533, -5, 50.5679
54.879, -5, 50.4792
53.8047, -5, 50.3764
52.7304, -5, 50.3354
51.6561, -5, 50.4939
50.5818, -5, 51.235
49.5075, -5, 51.395
48.4332, -5, 50.5084
47.3589, -5, 50.2722
46.2846, -5, 50.2555
45.2103, -5, 50.3139
44.1359, -5, 50.3762
43.0616, -5, 50.3851
41.9873, -5, 50.2836
40.913, -5, 50.1613
39.8387, -5, 50.7768
38.7644, -5, 50.0771
37.6901, -5, 50.321
36.6158, -5, 50.4898
35.5415, -5, 50.5526
34.4672, -5, 50.5321
33.3929, -5, 50.4416
32.3186, -5, 50.2874
31.2442, -5, 50.1114
30.1699, -5, 50.2453
29.0956, -5, 50.523
28.0213, -5, 51.1188
26.947, -5, 51.6928
25.8727, -5, 52.1937
24.7984, -5, 52.6563
23.7241, -5, 53.1071
22.6498, -5, 53.5658
21.5755, -5, 54.0412
20.5012, -5, 54.5582
19.4268, -5, 54.6193
18.3525, -5, 54.4688
17.2782, -5, 54.2631
16.2039, -5, 54.06
15.1296, -5, 53.8776
14.0553, -5, 53.6966
12.981, -5, 53.518
11.9067, -5, 53.3297
10.8324, -5, 52.4402
9.75806, -5, 50.4243
8.68376, -5, 51.8737
7.60945, -5, 52.3901
6.53514, -5, 52.5128
5.46083, -5, 52.2086
4.38652, -5, 52.6708
3.31221, -5, 53.7746
2.2379, -5, 50.4997
1.16359, -5, 54.0055
0.0892857, -5, 49.5435
-0.968045, -5, 49.543
-2.02538, -5, 49.7659
-3.08271, -5, 49.7832
-4.14004, -5, 49.5952
-5.19737, -5, 49.2975
-6.2547, -5, 48.9419
-7.31203, -5, 48.5638
-8.36936, -5, 48.2029
-9.42669, -5, 47.9427
-10.484, -5, 47.8266
-11.5414, -5, 47.7916
-12.5987, -5, 47.7528
-13.656, -5, 47.7145
-14.7133, -5, 47.678
-15.7707, -5, 47.6425
-16.828, -5, 47.6077
-17.8853, -5, 47.5726
-18.9427, -5, 47.5365
98.9259, -6, 57.5436
97.8518, -6, 57.0683
96.7776, -6, 57.1671
95.7035, -6, 57.484
94.6294, -6, 57.8453
93.5553, -6, 58.2498
92.4812, -6, 58.843
91.4071, -6, 59.958
90.3329, -6, 61.8784
89.2588, -6, 61.4624
88.1847, -6, 60.5543
87.1106, -6, 60.4418
86.0365, -6, 60.6879
84.9624, -6, 61.0231
83.8883, -6, 61.3636
82.8141, -6, 61.7221
81.74, -6, 62.1965
80.6659, -6, 62.6951
79.5918, -6, 62.6143
78.5177, -6, 62.5347
77.4436, -6, 62.3515
76.3694, -6, 62.2902
75.2953, -6, 62.2442
74.2212, -6, 62.1493
73.1471, -6, 62.014
72.073, -6, 61.9274
70.9988, -6, 61.8188
69.9247, -6, 61.014
68.8506, -6, 61.3154
67.7765, -6, 61.1405
66.7024, -6, 61.0031
65.6283, -6, 60.8828
64.5541, -6, 60.6623
63.48, -6, 60.2889
62.4059, -6, 59.7311
61.3318, -6, 58.7495
60.2577, -6, 56.9857
59.1836, -6, 57.8418
58.1094, -6, 59.0169
57.0353, -6, 59.5113
55.9612, -6, 59.7522
54.8871, -6, 59.8308
53.813, -6, 59.8066
52.7389, -6, 59.7644
51.6647, -6, 59.7794
50.5906, -6, 59.9727
49.5165, -6, 60.2287
48.4424, -6, 59.9851
47.3683, -6, 59.9158
46.2942, -6, 59.9181
45.22, -6, 59.942
44.1459, -6, 59.9214
43.0718, -6, 59.8473
41.9977, -6, 59.8097
40.9236, -6, 60.0452
39.8495, -6, 60.4578
38.7753, -6, 59.8964
37.7012, -6, 59.7455
36.6271, -6, 59.8304
35.553, -6, 59.9163
34.4789, -6, 59.9179
33.4048, -6, 59.8331
32.3306, -6, 59.7281
31.2565, -6, 59.6787
30.1824, -6, 59.6803
29.1083, -6, 60.0544
28.0342, -6, 60.6236
26.9601, -6, 61.1931
25.8859, -6, 61.7461
24.8118, -6, 62.2421
23.7377, -6, 62.7025
22.6636, -6, 63.1788
21.5895, -6, 63.7034
20.5154, -6, 64.1467
19.4412, -6, 64.3364
18.3671, -6, 64.2562
17.293, -6, 64.0972
16.2189, -6, 63.9635
15.1448, -6, 63.8418
14.0707, -6, 63.7182
12.9965, -6, 63.5831
11.9224, -6, 63.4353
10.8483, -6, 63.3272
9.77419, -6, 63.4278
8.70008, -6, 63.1837
7.62596, -6, 63.1387
6.55184, -6, 63.0298
5.47773, -6, 62.6502
4.40361, -6, 64.8124
3.32949, -6, 62.6231
2.25538, -6, 62.2139
1.18126, -6, 63.715
0.107143, -6, 58.7077
-0.951128, -6, 59.0193
-2.0094, -6, 59.6052
-3.06767, -6, 59.6345
-4.12594, -6, 59.4626
-5.18421, -6, 59.1685
-6.24248, -6, 58.769
-7.30075, -6, 58.276
-8.35902, -6, 57.8131
-9.41729, -6, 57.4768
-10.4756, -6, 57.3893
-11.5338, -6, 57.3392
-12.5921, -6, 57.3504
-13.6504, -6, 57.4523
-14.7086, -6, 57.485
-15.7669, -6, 57.4221
-16.8252, -6, 57.2683
-17.8835, -6, 57.0894
-18.9417, -6, 57.0428
98.9261, -7, 66.5051
97.8521, -7, 66.5299
96.7782, -7, 66.9169
95.7043, -7, 67.3532
94.6304, -7, 67.7918
93.5564, -7, 68.2322
92.4825, -7, 68.7342
91.4086, -7, 69.5085
90.3347, -7, 70.7908
89.2607, -7, 70.8479
88.1868, -7, 70.3893
87.1129, -7, 70.5539
86.039, -7, 70.8632
84.9651, -7, 71.1962
83.8911, -7, 71.5033
82.8172, -7, 71.7841
81.7433, -7, 72.0894
80.6694, -7, 72.9346
79.5954, -7, 73.4209
78.5215, -7, 72.3859
77.4476, -7, 72.264
76.3737, -7, 72.2549
75.2997, -7, 72.2041
74.2258, -7, 72.0716
73.1519, -7, 71.8448
72.078, -7, 71.5475
71.004, -7, 71.6281
69.9301, -7, 73.2237
68.8562, -7, 70.9281
67.7823, -7, 70.6247
66.7083, -7, 70.6378
65.6344, -7, 70.5551
64.5605, -7, 70.3075
63.4866, -7, 69.8425
62.4126, -7, 69.0796
61.3387, -7, 67.9634
60.2648, -7, 66.6691
59.1909, -7, 67.1367
58.1169, -7, 68.2375
57.043, -7, 69.0435
55.9691, -7, 69.4939
54.8952, -7, 69.6803
53.8212, -7, 69.6681
52.7473, -7, 69.4779
51.6734, -7, 69.1485
50.5995, -7, 68.6999
49.5255, -7, 68.6958
48.4516, -7, 69.4201
47.3777, -7, 69.7665
46.3038, -7, 69.9496
45.2298, -7, 69.9957
44.1559, -7, 69.9383
43.082, -7, 69.8076
42.0081, -7, 69.6482
40.9341, -7, 69.6376
39.8602, -7, 69.4581
38.7863, -7, 69.6257
37.7124, -7, 69.6679
36.6384, -7, 69.7986
35.5645, -7, 69.8918
34.4906, -7, 69.9074
33.4167, -7, 69.8223
32.3427, -7, 69.621
31.2688, -7, 69.358
30.1949, -7, 69.0038
29.121, -7, 69.6748
28.047, -7, 70.376
26.9731, -7, 71.073
25.8992, -7, 71.6373
24.8253, -7, 72.1051
23.7513, -7, 72.5124
22.6774, -7, 72.8959
21.6035, -7, 73.3072
20.5296, -7, 73.8437
19.4556, -7, 74.1367
18.3817, -7, 73.9709
17.3078, -7, 73.9227
16.2339, -7, 73.8874
15.1599, -7, 73.8365
14.086, -7, 73.7787
13.0121, -7, 73.7061
11.9382, -7, 73.607
10.8642, -7, 74.1473
9.79032, -7, 76.0211
8.7164, -7, 74.5678
7.64247, -7, 73.9164
6.56855, -7, 73.7769
5.49462, -7, 73.9979
4.4207, -7, 73.2039
3.34677, -7, 70.3373
2.27285, -7, 73.7667
1.19892, -7, 72.4897
0.125, -7, 68.405
-0.934211, -7, 69.6219
-1.99342, -7, 69.9087
-3.05263, -7, 69.8612
-4.11184, -7, 69.6767
-5.17105, -7, 69.3963
-6.23026, -7, 69.0123
-7.28947, -7, 68.4847
-8.34868, -7, 67.7352
-9.4079, -7, 67.1087
-10.4671, -7, 66.9426
-11.5263, -7, 67.0771
-12.5855, -7, 67.4967
-13.6447, -7, 67.7092
-14.7039, -7, 67.7668
-15.7632, -7, 67.6926
-16.8224, -7, 67.4794
-17.8816, -7, 67.084
-18.9408, -7, 66.5578
98.9263, -8, 74.8827
97.8525, -8, 76.1915
96.7788, -8, 76.9877
95.7051, -8, 77.5917
94.6313, -8, 78.0921
93.5576, -8, 78.5134
92.4839, -8, 78.8142
91.4101, -8, 78.7751
90.3364, -8, 78.9011
89.2627, -8, 79.2155
88.1889, -8, 80.2819
87.1152, -8, 80.9203
86.0415, -8, 81.3463
84.9677, -8, 81.6878
83.894, -8, 81.9809
82.8203, -8, 82.1933
81.7465, -8, 82.2742
80.6728, -8, 82.4808
79.5991, -8, 82.9898
78.5253, -8, 82.5621
77.4516, -8, 82.6533
76.3779, -8, 82.6791
75.3041, -8, 82.6083
74.2304, -8, 82.4649
73.1567, -8, 82.2181
72.0829, -8, 81.8178
71.0092, -8, 81.4652
69.9355, -8, 82.2406
68.8617, -8, 80.9388
67.788, -8, 80.9288
66.7143, -8, 80.9856
65.6406, -8, 80.891
64.5668, -8, 80.6416
63.4931, -8, 80.2032
62.4194, -8, 79.4826
61.3456, -8, 78.4925
60.2719, -8, 77.2565
59.1982, -8, 77.6327
58.1244, -8, 78.6636
57.0507, -8, 79.4413
55.977, -8, 79.8899
54.9032, -8, 80.0924
53.8295, -8, 80.0943
52.7558, -8, 79.8698
51.682, -8, 79.3111
50.6083, -8, 78.1344
49.5346, -8, 78.0531
48.4608, -8, 79.4211
47.3871, -8, 80.1167
46.3134, -8, 80.3985
45.2396, -8, 80.4636
44.1659, -8, 80.3946
43.0922, -8, 80.2087
42.0184, -8, 79.8567
40.9447, -8, 79.1994
39.871, -8, 78.9169
38.7972, -8, 79.4344
37.7235, -8, 79.9822
36.6498, -8, 80.2582
35.576, -8, 80.3874
34.5023, -8, 80.4185
33.4286, -8, 80.3375
32.3548, -8, 80.0608
31.2811, -8, 79.4718
30.2074, -8, 78.8154
29.1336, -8, 79.5296
28.0599, -8, 80.6337
26.9862, -8, 81.3608
25.9124, -8, 81.8616
24.8387, -8, 82.2435
23.765, -8, 82.5552
22.6912, -8, 82.8134
21.6175, -8, 83.0516
20.5438, -8, 83.4876
19.47, -8, 83.7921
18.3963, -8, 83.7898
17.3226, -8, 83.8042
16.2488, -8, 83.7712
15.1751, -8, 83.7365
14.1014, -8, 83.7301
13.0276, -8, 83.8066
11.9539, -8, 84.0848
10.8802, -8, 84.4062
9.80645, -8, 85.5053
8.73272, -8, 84.2427
7.65899, -8, 83.9356
6.58525, -8, 83.6793
5.51152, -8, 83.6959
4.43779, -8, 82.4873
3.36406, -8, 81.3083
2.29032, -8, 83.4244
1.21659, -8, 81.1605
0.142857, -8, 80.9907
-0.917293, -8, 80.9271
-1.97744, -8, 80.5694
-3.03759, -8, 80.3467
-4.09774, -8, 80.1251
-5.15789, -8, 79.8698
-6.21805, -8, 79.5502
-7.2782, -8, 79.1085
-8.33835, -8, 78.4023
-9.3985, -8, 76.9725
-10.4586, -8, 76.505
-11.5188, -8, 77.6689
-12.5789, -8, 78.1652
-13.6391, -8, 78.3616
-14.6992, -8, 78.4051
-15.7594, -8, 78.3311
-16.8195, -8, 78.1304
-17.8797, -8, 77.7312
-18.9398, -8, 76.8803
98.9265, -9, 84.4602
97.8529, -9, 86.1543
96.7794, -9, 87.2218
95.7058, -9, 87.9504
94.6323, -9, 88.4759
93.5588, -9, 88.8457
92.4852, -9, 89.0018
91.4117, -9, 88.751
90.3381, -9, 87.0626
89.2646, -9, 88.7118
88.1911, -9, 90.5017
87.1175, -9, 91.2927
86.044, -9, 91.7639
84.9704, -9, 92.1063
83.8969, -9, 92.4012
82.8233, -9, 92.6681
81.7498, -9, 92.8477
80.6763, -9, 92.3267
79.6027, -9, 91.935
78.5292, -9, 93.2101
77.4556, -9, 93.304
76.3821, -9, 93.2161
75.3086, -9, 93.1235
74.235, -9, 93.0196
73.1615, -9, 92.8837
72.0879, -9, 92.6468
71.0144, -9, 91.8651
69.9409, -9, 89.3927
68.8673, -9, 91.6073
67.7938, -9, 91.9403
66.7202, -9, 91.8509
65.6467, -9, 91.6847
64.5732, -9, 91.46
63.4996, -9, 91.1633
62.4261, -9, 90.786
61.3525, -9, 90.092
60.279, -9, 88.7561
59.2055, -9, 89.2991
58.1319, -9, 90.1831
57.0584, -9, 90.5863
55.9848, -9, 90.8478
54.9113, -9, 91.0093
53.8377, -9, 91.0416
52.7642, -9, 90.8991
51.6907, -9, 90.4153
50.6171, -9, 89.2589
49.5436, -9, 89.0605
48.47, -9, 90.327
47.3965, -9, 90.9313
46.323, -9, 91.1558
45.2494, -9, 91.1791
44.1759, -9, 91.0726
43.1023, -9, 90.8502
42.0288, -9, 90.4699
40.9553, -9, 89.705
39.8817, -9, 88.6664
38.8082, -9, 89.9749
37.7346, -9, 90.6023
36.6611, -9, 90.8809
35.5876, -9, 91.0217
34.514, -9, 91.0799
33.4405, -9, 91.0597
32.3669, -9, 90.9211
31.2934, -9, 90.4403
30.2199, -9, 89.1091
29.1463, -9, 90.3506
28.0728, -9, 91.4086
26.9992, -9, 91.9017
25.9257, -9, 92.235
24.8522, -9, 92.4989
23.7786, -9, 92.7212
22.7051, -9, 92.9117
21.6315, -9, 93.0525
20.558, -9, 93.1072
19.4844, -9, 93.3399
18.4109, -9, 93.6287
17.3374, -9, 93.6794
16.2638, -9, 93.679
15.1903, -9, 93.6793
14.1167, -9, 93.7103
13.0432, -9, 93.8113
11.9697, -9, 94.0606
10.8961, -9, 94.4201
9.82258, -9, 92.0133
8.74904, -9, 93.9402
7.6755, -9, 94.0597
6.60196, -9, 93.7964
5.52842, -9, 92.8089
4.45488, -9, 92.7079
3.38134, -9, 95.1768
2.3078, -9, 93.0842
1.23425, -9, 89.4337
0.160714, -9, 94.0064
-0.900376, -9, 92.2469
-1.96147, -9, 91.3733
-3.02256, -9, 90.9477
-4.08365, -9, 90.6846
-5.14474, -9, 90.4709
-6.20583, -9, 90.2549
-7.26692, -9, 89.9841
-8.32801, -9, 89.5429
-9.3891, -9, 88.3842
-10.4502, -9, 87.6838
-11.5113, -9, 88.8893
-12.5724, -9, 89.1885
-13.6335, -9, 89.2831
-14.6945, -9, 89.2843
-15.7556, -9, 89.2173
-16.8167, -9, 89.0764
-17.8778, -9, 88.8126
-18.9389, -9, 88.2151
98.9267, -10, 95.4011
97.8533, -10, 96.8601
96.78, -10, 97.8321
95.7066, -10, 98.5094
94.6333, -10, 99.0062
93.5599, -10, 99.3644
92.4866, -10, 99.5661
91.4132, -10, 99.5519
90.3399, -10, 98.261
89.2665, -10, 99.832
88.19316, -10, 101.1052
87.11981, -10, 101.7162
86.04647, -10, 102.1223
84.97312, -10, 102.4395
83.89977, -10, 102.7271
82.82642, -10, 103.0257
81.75307, -10, 103.3407
80.67973, -10, 103.2461
79.60638, -10, 102.8515
78.53303, -10, 103.8076
77.45968, -10, 103.778
76.38633, -10, 103.7038
75.31298, -10, 103.6555
74.23963, -10, 103.6206
73.16628, -10, 103.5732
72.09293, -10, 103.4316
71.01958, -10, 102.802
69.94624, -10, 100.5573
68.87289, -10, 102.7116
67.79954, -10, 103.0102
66.72619, -10, 102.9356
65.65284, -10, 102.7814
64.57949, -10, 102.61
63.50615, -10, 102.4383
62.4328, -10, 102.26
61.35945, -10, 102.1432
60.2861, -10, 101.5649
59.21275, -10, 102.0419
58.1394, -10, 102.0087
57.06605, -10, 102.1004
55.9927, -10, 102.2269
54.91935, -10, 102.3341
53.846, -10, 102.404
52.77266, -10, 102.3743
51.69931, -10, 102.2248
50.62596, -10, 101.8822
49.55261, -10, 101.5982
48.47926, -10, 102.0719
47.40591, -10, 102.1939
46.33257, -10, 102.2201
45.25922, -10, 102.1275
44.18587, -10, 101.9648
43.11252, -10, 101.736
42.03917, -10, 101.4414
40.96582, -10, 101.1048
39.89247, -10, 100.1487
38.81913, -10, 101.1873
37.74578, -10, 101.4425
36.67243, -10, 101.6347
35.59908, -10, 101.7638
34.52573, -10, 101.8537
33.45238, -10, 101.915
32.37903, -10, 101.9468
31.30568, -10, 101.9871
30.23233, -10, 101.217
29.15899, -10, 102.133
28.08564, -10, 102.3825
27.01229, -10, 102.556
25.93894, -10, 102.7034
24.86559, -10, 102.8343
23.79224, -10, 102.9566
22.71889, -10, 103.0725
21.64555, -10, 103.1726
20.5722, -10, 103.058
19.49885, -10, 103.1299
18.4255, -10, 103.4273
17.35215, -10, 103.4969
16.2788, -10, 103.5367
15.20545, -10, 103.5631
14.1321, -10, 103.6047
13.05876, -10, 103.6554
11.98541, -10, 103.6718
10.91206, -10, 103.677
9.83871, -10, 104.4851
8.765361, -10, 103.918
7.692012, -10, 103.8562
6.618664, -10, 103.9026
5.545315, -10, 104.0875
4.471966, -10, 105.5669
3.398618, -10, 104.0305
2.325269, -10, 101.072
1.25192, -10, 101.2059
0.1785714, -10, 103.8376
-0.8834587, -10, 102.9849
-1.945489, -10, 101.9713
-3.007519, -10, 101.483
-4.069549, -10, 101.224
-5.131579, -10, 101.0771
-6.193609, -10, 100.9891
-7.255639, -10, 100.9258
-8.317669, -10, 100.8534
-9.3797, -10, 100.6941
-10.44173, -10, 100.4813
-11.50376, -10, 100.4433
-12.56579, -10, 100.3939
-13.62782, -10, 100.3395
-14.68985, -10, 100.2835
-15.75188, -10, 100.2267
-16.81391, -10, 100.1695
-17.87594, -10, 100.112
-18.93797, -10, 100.0546
98.92684, -11, 107.3972
97.85368, -11, 108.2901
96.78053, -11, 108.8771
95.70737, -11, 109.3725
94.63422, -11, 109.8067
93.56106, -11, 110.1942
92.4879, -11, 110.5566
91.41475, -11, 110.8814
90.34159, -11, 112.1763
89.26843, -11, 111.8708
88.19527, -11, 111.9978
87.12212, -11, 112.2829
86.04897, -11, 112.5479
84.97581, -11, 112.798
83.90265, -11, 113.046
82.82949, -11, 113.3103
81.75634, -11, 113.6549
80.68318, -11, 114.585
79.61002, -11, 115.4623
78.53687, -11, 114.1802
77.46371, -11, 114.0477
76.39056, -11, 114.0518
75.3174, -11, 114.0723
74.24424, -11, 114.1038
73.17108, -11, 114.1314
72.09792, -11, 114.1243
71.02477, -11, 114.1373
69.95161, -11, 115.3365
68.87846, -11, 114.1019
67.8053, -11, 114.0391
66.73214, -11, 113.9192
65.65899, -11, 113.7739
64.58583, -11, 113.6569
63.51267, -11, 113.6088
62.43952, -11, 113.7009
61.36636, -11, 114.0326
60.2932, -11, 115.3697
59.22005, -11, 114.5222
58.14689, -11, 113.9202
57.07373, -11, 113.6629
56.00058, -11, 113.5953
54.92742, -11, 113.6573
53.85426, -11, 113.8096
52.7811, -11, 114.0748
51.70795, -11, 114.437
50.63479, -11, 114.8816
49.56163, -11, 115.0328
48.48848, -11, 114.2401
47.41532, -11, 113.7954
46.34217, -11, 113.4323
45.26901, -11, 113.1758
44.19585, -11, 112.9683
43.1227, -11, 112.8017
42.04954, -11, 112.6853
40.97638, -11, 112.6165
39.90322, -11, 113.1898
38.83007, -11, 112.5004
37.75691, -11, 112.4699
36.68375, -11, 112.4953
35.6106, -11, 112.5726
34.53744, -11, 112.6826
33.46429, -11, 112.8353
32.39113, -11, 113.0804
31.31797, -11, 113.4821
30.24482, -11, 114.8913
29.17166, -11, 113.902
28.0985, -11, 113.4258
27.02534, -11, 113.2559
25.95219, -11, 113.2053
24.87903, -11, 113.2057
23.80588, -11, 113.2251
22.73272, -11, 113.2508
21.65956, -11, 113.2785
20.5864, -11, 113.3085
19.51325, -11, 113.2693
18.44009, -11, 113.2189
17.36694, -11, 113.2484
16.29378, -11, 113.2577
15.22062, -11, 113.2558
14.14747, -11, 113.2609
13.07431, -11, 113.2793
12.00115, -11, 113.2551
10.928, -11, 113.0882
9.854838, -11, 115.3028
8.781682, -11, 113.6422
7.708525, -11, 113.4889
6.635369, -11, 113.7639
5.562212, -11, 114.8648
4.489055, -11, 114.3794
3.415899, -11, 112.0724
2.342742, -11, 109.4655
1.269585, -11, 113.6148
0.1964286, -11, 113.0888
-0.8665413, -11, 112.5933
-1.929511, -11, 112.1144
-2.992481, -11, 111.747
-4.055451, -11, 111.5778
-5.118421, -11, 111.5384
-6.181391, -11, 111.5965
-7.244361, -11, 111.7483
-8.307331, -11, 112.0502
-9.3703, -11, 112.9027
-10.43327, -11, 113.3527
-11.49624, -11, 112.0117
-12.55921, -11, 111.6037
-13.62218, -11, 111.3969
-14.68515, -11, 111.2822
-15.74812, -11, 111.2353
-16.81109, -11, 111.2621
-17.87406, -11, 111.4111
-18.93703, -11, 111.8943
98.92703, -12, 120.1764
97.85407, -12, 119.9207
96.7811, -12, 120.1443
95.70814, -12, 120.4617
94.63518, -12, 120.8188
93.56221, -12, 121.2182
92.48925, -12, 121.6931
91.41628, -12, 122.5014
90.34332, -12, 124.5477
89.27036, -12, 123.9638
88.19739, -12, 123.0228
87.12442, -12, 122.9395
86.05146, -12, 123.0374
84.97849, -12, 123.19
83.90553, -12, 123.3808
82.83257, -12, 123.6179
81.7596, -12, 124.011
80.68664, -12, 125.2467
79.61367, -12, 126.1657
78.5407, -12, 124.5681
77.46774, -12, 124.3228
76.39478, -12, 124.3294
75.32182, -12, 124.394
74.24885, -12, 124.4944
73.17588, -12, 124.637
72.10292, -12, 124.8929
71.02995, -12, 125.7543
69.95699, -12, 127.7867
68.88403, -12, 125.7535
67.81106, -12, 125.0212
66.7381, -12, 124.7668
65.66513, -12, 124.6118
64.59216, -12, 124.5375
63.5192, -12, 124.5797
62.44624, -12, 124.8146
61.37327, -12, 125.4639
60.30031, -12, 127.1726
59.22734, -12, 126.294
58.15438, -12, 125.3044
57.08141, -12, 124.9153
56.00845, -12, 124.793
54.93548, -12, 124.8478
53.86252, -12, 125.0643
52.78955, -12, 125.4678
51.71659, -12, 126.1736
50.64362, -12, 127.4702
49.57066, -12, 127.6781
48.4977, -12, 126.08
47.42473, -12, 125.1514
46.35176, -12, 124.5935
45.2788, -12, 124.2212
44.20584, -12, 123.9716
43.13287, -12, 123.8156
42.05991, -12, 123.7684
40.98694, -12, 124.0373
39.91398, -12, 124.8343
38.84101, -12, 123.7409
37.76805, -12, 123.4014
36.69508, -12, 123.3482
35.62212, -12, 123.3931
34.54916, -12, 123.5129
33.47619, -12, 123.7184
32.40322, -12, 124.0535
31.33026, -12, 124.7182
30.2573, -12, 126.524
29.18433, -12, 125.2873
28.11137, -12, 124.288
27.0384, -12, 123.9012
25.96544, -12, 123.6998
24.89247, -12, 123.5815
23.81951, -12, 123.5045
22.74654, -12, 123.4383
21.67358, -12, 123.3714
20.60061, -12, 123.4786
19.52765, -12, 123.3681
18.45469, -12, 123.0607
17.38172, -12, 122.9816
16.30876, -12, 122.9453
15.23579, -12, 122.906
14.16283, -12, 122.8463
13.08986, -12, 122.7682
12.0169, -12, 122.7584
10.94393, -12, 123.0346
9.870968, -12, 120.6039
8.798003, -12, 122.7673
7.725039, -12, 123.0515
6.652074, -12, 123.0518
5.579109, -12, 122.8867
4.506145, -12, 122.3409
3.43318, -12, 120.1886
2.360215, -12, 119.9376
1.28725, -12, 123.3726
0.2142857, -12, 122.056
-0.849624, -12, 121.5477
-1.913534, -12, 121.6385
-2.977444, -12, 121.6906
-4.041353, -12, 121.7645
-5.105263, -12, 121.8688
-6.169173, -12, 122.0349
-7.233083, -12, 122.3213
-8.296992, -12, 122.8784
-9.360902, -12, 124.1466
-10.42481, -12, 124.5486
-11.48872, -12, 123.2669
-12.55263, -12, 122.6356
-13.61654, -12, 122.3182
-14.68045, -12, 122.1586
-15.74436, -12, 122.1183
-16.80827, -12, 122.2057
-17.87218, -12, 122.492
-18.93609, -12, 123.2297
98.92723, -13, 132.1857
97.85445, -13, 131.5877
96.78168, -13, 131.4013
95.70891, -13, 131.5097
94.63614, -13, 131.7821
93.56336, -13, 132.2015
92.49059, -13, 132.8541
91.41782, -13, 133.8062
90.34505, -13, 134.7278
89.27227, -13, 134.7305
88.1995, -13, 134.008
87.12673, -13, 133.6002
86.05396, -13, 133.489
84.98119, -13, 133.5421
83.90841, -13, 133.695
82.83564, -13, 133.9545
81.76286, -13, 134.3519
80.69009, -13, 134.6823
79.61732, -13, 134.4742
78.54455, -13, 134.8159
77.47177, -13, 134.6473
76.399, -13, 134.5911
75.32623, -13, 134.6577
74.25346, -13, 134.8219
73.18069, -13, 135.1267
72.10791, -13, 135.7011
71.03514, -13, 136.5781
69.96236, -13, 137.0326
68.88959, -13, 136.6872
67.81682, -13, 135.9141
66.74405, -13, 135.4274
65.67127, -13, 135.197
64.5985, -13, 135.1304
63.52573, -13, 135.2212
62.45296, -13, 135.5211
61.38018, -13, 136.1119
60.30741, -13, 136.7262
59.23464, -13, 136.7287
58.16187, -13, 136.0221
57.08909, -13, 135.6555
56.01632, -13, 135.5378
54.94355, -13, 135.6069
53.87078, -13, 135.8551
52.798, -13, 136.3282
51.72523, -13, 137.161
50.65246, -13, 138.6163
49.57969, -13, 138.8524
48.50691, -13, 137.1418
47.43414, -13, 136.0603
46.36137, -13, 135.389
45.28859, -13, 134.9586
44.21582, -13, 134.6875
43.14305, -13, 134.5545
42.07028, -13, 134.5851
40.99751, -13, 134.7713
39.92473, -13, 134.5622
38.85196, -13, 134.4677
37.77919, -13, 134.1481
36.70641, -13, 134.004
35.63364, -13, 134.0136
34.56087, -13, 134.1357
33.48809, -13, 134.3731
32.41532, -13, 134.7753
31.34255, -13, 135.4077
30.26978, -13, 135.8893
29.197, -13, 135.7056
28.12423, -13, 134.8936
27.05146, -13, 134.3725
25.97869, -13, 134.0576
24.90591, -13, 133.8508
23.83314, -13, 133.7035
22.76037, -13, 133.5872
21.6876, -13, 133.4829
20.61482, -13, 133.3097
19.54205, -13, 133.0806
18.46928, -13, 132.9607
17.39651, -13, 132.8486
16.32373, -13, 132.7526
15.25096, -13, 132.6635
14.17819, -13, 132.5793
13.10541, -13, 132.4971
12.03264, -13, 132.4039
10.95987, -13, 132.2329
9.887096, -13, 131.9304
8.814324, -13, 132.0827
7.741551, -13, 132.3257
6.668779, -13, 132.3579
5.596006, -13, 131.6181
4.523233, -13, 129.9186
3.450461, -13, 130.0184
2.377688, -13, 133.6073
1.304916, -13, 133.0127
0.2321429, -13, 130.5218
-0.8327067, -13, 130.3746
-1.897556, -13, 131.033
-2.962406, -13, 131.5497
-4.027256, -13, 131.857
-5.092105, -13, 132.082
-6.156955, -13, 132.3184
-7.221805, -13, 132.6568
-8.286654, -13, 133.2351
-9.351503, -13, 133.8832
-10.41635, -13, 134.1317
-11.4812, -13, 133.8647
-12.54605, -13, 133.3085
-13.6109, -13, 132.9696
-14.67575, -13, 132.7931
-15.7406, -13, 132.7529
-16.80545, -13, 132.8541
-17.8703, -13, 133.1384
-18.93515, -13, 133.5572
98.92742, -14, 143.0143
97.85484, -14, 142.5926
96.78226, -14, 142.3798
95.70968, -14, 142.3878
94.6371, -14, 142.5803
93.56451, -14, 142.9457
92.49194, -14, 143.4899
91.41936, -14, 144.1384
90.34677, -14, 144.3747
89.27419, -14, 144.3784
88.20161, -14, 144.2443
87.12904, -14, 143.9355
86.05645, -14, 143.7872
84.98387, -14, 143.7846
83.91129, -14, 143.8895
82.83871, -14, 144.0625
81.76613, -14, 144.1959
80.69355, -14, 143.632
79.62096, -14, 143.2294
78.54839, -14, 144.4817
77.47581, -14, 144.6617
76.40323, -14, 144.7048
75.33064, -14, 144.7996
74.25806, -14, 144.9967
73.18549, -14, 145.3373
72.1129, -14, 145.8576
71.04032, -14, 146.354
69.96774, -14, 146.4543
68.89516, -14, 146.5342
67.82258, -14, 146.1157
66.75, -14, 145.6913
65.67742, -14, 145.4512
64.60484, -14, 145.3733
63.53226, -14, 145.4377
62.45968, -14, 145.6304
61.3871, -14, 145.845
60.31452, -14, 145.7798
59.24194, -14, 145.9098
58.16935, -14, 145.9708
57.09678, -14, 145.8267
56.02419, -14, 145.7876
54.95161, -14, 145.8859
53.87903, -14, 146.1346
52.80645, -14, 146.5643
51.73387, -14, 147.2134
50.66129, -14, 148.0783
49.58871, -14, 148.405
48.51613, -14, 147.1858
47.44355, -14, 146.352
46.37097, -14, 145.7421
45.29839, -14, 145.3221
44.22581, -14, 145.049
43.15322, -14, 144.9009
42.08065, -14, 144.8571
41.00806, -14, 144.7388
39.93548, -14, 144.3383
38.8629, -14, 144.5035
37.79032, -14, 144.4388
36.71774, -14, 144.355
35.64516, -14, 144.3732
34.57258, -14, 144.4936
33.5, -14, 144.7166
32.42742, -14, 145.0421
31.35484, -14, 145.3703
30.28226, -14, 145.2503
29.20968, -14, 145.2487
28.1371, -14, 145.0101
27.06452, -14, 144.5728
25.99194, -14, 144.2273
24.91936, -14, 143.9699
23.84678, -14, 143.7747
22.77419, -14, 143.6153
21.70161, -14, 143.4479
20.62903, -14, 143.0488
19.55645, -14, 142.7526
18.48387, -14, 142.8172
17.41129, -14, 142.6915
16.33871, -14, 142.5372
15.26613, -14, 142.3953
14.19355, -14, 142.2819
13.12097, -14, 142.1924
12.04839, -14, 142.0285
10.97581, -14, 141.5206
9.903226, -14, 143.5768
8.830646, -14, 141.9219
7.758065, -14, 141.9908
6.685484, -14, 142.2961
5.612903, -14, 142.7026
4.540323, -14, 141.9135
3.467742, -14, 142.8293
2.395161, -14, 143.2833
1.322581, -14, 141.3371
0.25, -14, 139.1427
-0.8157895, -14, 139.5868
-1.881579, -14, 140.876
-2.947368, -14, 141.5098
-4.013158, -14, 141.875
-5.078948, -14, 142.1506
-6.144737, -14, 142.4227
-7.210526, -14, 142.7435
-8.276316, -14, 143.0553
-9.342105, -14, 143.387
-10.4079, -14, 143.6804
-11.47368, -14, 143.5693
-12.53947, -14, 143.4371
-13.60526, -14, 143.2156
-14.67105, -14, 143.0663
-15.73684, -14, 143.0166
-16.80263, -14, 143.0608
-17.86842, -14, 143.1339
-18.93421, -14, 143.0722
98.92761, -15, 153.0214
97.85522, -15, 152.7612
96.78284, -15, 152.692
95.71045, -15, 152.7128
94.63805, -15, 152.8473
93.56567, -15, 153.0815
92.49328, -15, 153.3549
91.42089, -15, 153.6397
90.3485, -15, 154.0474
89.27612, -15, 153.893
88.20373, -15, 153.6954
87.13134, -15, 153.6686
86.05894, -15, 153.6351
84.98656, -15, 153.641
83.91417, -15, 153.6864
82.84178, -15, 153.7126
81.76939, -15, 153.5749
80.69701, -15, 153.2527
79.62462, -15, 153.3578
78.55223, -15, 153.7832
77.47984, -15, 154.179
76.40745, -15, 154.3838
75.33506, -15, 154.5312
74.26267, -15, 154.715
73.19028, -15, 154.9583
72.1179, -15, 155.2167
71.04551, -15, 155.6148
69.97312, -15, 156.241
68.90073, -15, 155.7533
67.82834, -15, 155.478
66.75595, -15, 155.3145
65.68356, -15, 155.1703
64.61118, -15, 155.1013
63.53879, -15, 155.0978
62.4664, -15, 155.0849
61.39401, -15, 154.9894
60.32162, -15, 154.7816
59.24923, -15, 154.9638
58.17684, -15, 155.2271
57.10445, -15, 155.4055
56.03207, -15, 155.5096
54.95968, -15, 155.6484
53.88729, -15, 155.8604
52.8149, -15, 156.1366
51.74251, -15, 156.4369
50.67012, -15, 156.8475
49.59773, -15, 156.8216
48.52534, -15, 156.4092
47.45296, -15, 155.9609
46.38057, -15, 155.5647
45.30818, -15, 155.225
44.23579, -15, 154.9626
43.1634, -15, 154.7577
42.09101, -15, 154.5478
41.01862, -15, 154.3679
39.94624, -15, 154.2217
38.87385, -15, 154.1681
37.80146, -15, 154.208
36.72907, -15, 154.2791
35.65668, -15, 154.3466
34.58429, -15, 154.4611
33.51191, -15, 154.6256
32.43952, -15, 154.7856
31.36713, -15, 154.876
30.29474, -15, 154.9736
29.22235, -15, 154.8057
28.14996, -15, 154.6231
27.07757, -15, 154.3961
26.00518, -15, 154.125
24.9328, -15, 153.8789
23.86041, -15, 153.6589
22.78802, -15, 153.4385
21.71563, -15, 153.191
20.64324, -15, 152.9532
19.57085, -15, 152.7497
18.49846, -15, 152.5783
17.42608, -15, 152.3671
16.35369, -15, 152.1873
15.2813, -15, 152.0151
14.20891, -15, 151.8287
13.13652, -15, 151.6219
12.06413, -15, 151.4691
10.99174, -15, 151.5956
9.919354, -15, 149.7016
8.846966, -15, 151.6497
7.774578, -15, 152.0141
6.702189, -15, 152.3722
5.6298, -15, 153.4102
4.557412, -15, 154.1372
3.485023, -15, 152.9212
2.412634, -15, 151.3485
1.340246, -15, 149.7984
0.2678571, -15, 147.9924
-0.7988722, -15, 150.0474
-1.865602, -15, 151.057
-2.932331, -15, 151.5316
-3.99906, -15, 151.8487
-5.06579, -15, 152.0987
-6.132519, -15, 152.3152
-7.199248, -15, 152.5171
-8.265978, -15, 152.721
-9.332706, -15, 152.9559
-10.39944, -15, 153.1726
-11.46617, -15, 153.0867
-12.5329, -15, 153.0048
-13.59962, -15, 152.9297
-14.66635, -15, 152.8569
-15.73308, -15, 152.7858
-16.79981, -15, 152.7153
-17.86654, -15, 152.6449
-18.93327, -15, 152.574
98.9278, -16, 162.4738
97.85561, -16, 162.4603
96.78341, -16, 162.4289
95.71121, -16, 162.4679
94.63902, -16, 162.5575
93.56682, -16, 162.6771
92.49462, -16, 162.8104
91.42242, -16, 162.9507
90.35023, -16, 163.3304
89.27803, -16, 163.1893
88.20583, -16, 163.0325
87.13364, -16, 163.0356
86.06145, -16, 163.0668
84.98925, -16, 163.0985
83.91705, -16, 163.1156
82.84486, -16, 163.1078
81.77266, -16, 163.0889
80.70046, -16, 163.323
79.62827, -16, 163.5871
78.55607, -16, 163.351
77.48387, -16, 163.5106
76.41167, -16, 163.6866
75.33948, -16, 163.8393
74.26728, -16, 163.9814
73.19508, -16, 164.1335
72.12289, -16, 164.3297
71.05069, -16, 164.6749
69.97849, -16, 165.6503
68.9063, -16, 164.7458
67.8341, -16, 164.5319
66.7619, -16, 164.4341
65.6897, -16, 164.3739
64.61751, -16, 164.329
63.54531, -16, 164.2866
62.47312, -16, 164.2344
61.40092, -16, 164.1515
60.32872, -16, 163.932
59.25653, -16, 164.0885
58.18433, -16, 164.3752
57.11214, -16, 164.5811
56.03994, -16, 164.7589
54.96774, -16, 164.9273
53.89555, -16, 165.0962
52.82335, -16, 165.2694
51.75115, -16, 165.4238
50.67896, -16, 165.3096
49.60676, -16, 165.1675
48.53456, -16, 165.3783
47.46236, -16, 165.1778
46.39017, -16, 164.9302
45.31797, -16, 164.689
44.24578, -16, 164.459
43.17358, -16, 164.2396
42.10138, -16, 164.0317
41.02919, -16, 163.8512
39.95699, -16, 163.9562
38.88479, -16, 163.7475
37.8126, -16, 163.7799
36.7404, -16, 163.8535
35.6682, -16, 163.9431
34.596, -16, 164.0422
33.52381, -16, 164.1493
32.45161, -16, 164.2667
31.37942, -16, 164.4118
30.30722, -16, 164.6496
29.23502, -16, 164.4569
28.16283, -16, 164.1605
27.09063, -16, 163.9466
26.01843, -16, 163.7525
24.94624, -16, 163.561
23.87404, -16, 163.3631
22.80184, -16, 163.1522
21.72965, -16, 162.9303
20.65745, -16, 162.8499
19.58525, -16, 162.7538
18.51306, -16, 162.3153
17.44086, -16, 162.1182
16.36866, -16, 161.9262
15.29647, -16, 161.7292
14.22427, -16, 161.5088
13.15207, -16, 161.2704
12.07988, -16, 161.0706
11.00768, -16, 161
9.935484, -16, 160.534
8.863287, -16, 161.1421
7.79109, -16, 161.4715
6.718894, -16, 161.7682
5.646698, -16, 161.9878
4.574501, -16, 161.7646
3.502304, -16, 160.9102
2.430108, -16, 159.4733
1.357911, -16, 157.796
0.2857143, -16, 159.6459
-0.7819549, -16, 161.2791
-1.849624, -16, 161.4666
-2.917293, -16, 161.6477
-3.984962, -16, 161.8156
-5.052631, -16, 161.9723
-6.120301, -16, 162.1227
-7.18797, -16, 162.2739
-8.255639, -16, 162.4288
-9.323308, -16, 162.5804
-10.39098, -16, 162.6534
-11.45865, -16, 162.5898
-12.52632, -16, 162.5148
-13.59398, -16, 162.4376
-14.66165, -16, 162.3632
-15.72932, -16, 162.2908
-16.79699, -16, 162.2194
-17.86466, -16, 162.1475
-18.93233, -16, 162.0734
98.92799, -17, 171.7455
97.85599, -17, 171.8736
96.78399, -17, 171.9419
95.71198, -17, 171.989
94.63998, -17, 172.0508
93.56797, -17, 172.1211
92.49596, -17, 172.1803
91.42397, -17, 172.2087
90.35196, -17, 172.1456
89.27995, -17, 172.312
88.20795, -17, 172.409
87.13595, -17, 172.4464
86.06394, -17, 172.4869
84.99194, -17, 172.5299
83.91993, -17, 172.5735
82.84792, -17, 172.6337
81.77592, -17, 172.7909
80.70392, -17, 173.1128
79.63191, -17, 173.2597
78.55991, -17, 173.0633
77.4879, -17, 172.9831
76.4159, -17, 173.0262
75.3439, -17, 173.1043
74.27189, -17, 173.1924
73.19988, -17, 173.2957
72.12788, -17, 173.4314
71.05588, -17, 173.5899
69.98387, -17, 173.5941
68.91187, -17, 173.6099
67.83986, -17, 173.5341
66.76786, -17, 173.4888
65.69585, -17, 173.4612
64.62385, -17, 173.4421
63.55184, -17, 173.4232
62.47984, -17, 173.3958
61.40783, -17, 173.3469
60.33583, -17, 173.2807
59.26382, -17, 173.338
58.19182, -17, 173.5404
57.11982, -17, 173.7421
56.04781, -17, 173.9182
54.97581, -17, 174.0771
53.9038, -17, 174.2208
52.8318, -17, 174.3314
51.75979, -17, 174.3288
50.68779, -17, 174.1323
49.61578, -17, 174.078
48.54378, -17, 174.2763
47.47178, -17, 174.2995
46.39977, -17, 174.1784
45.32777, -17, 174.0115
44.25576, -17, 173.8335
43.18375, -17, 173.6513
42.11175, -17, 173.4624
41.03975, -17, 173.2912
39.96774, -17, 173.1515
38.89574, -17, 173.2682
37.82373, -17, 173.3237
36.75173, -17, 173.3826
35.67972, -17, 173.4508
34.60772, -17, 173.5283
33.53571, -17, 173.618
32.46371, -17, 173.7319
31.3917, -17, 173.9035
30.3197, -17, 174.1531
29.2477, -17, 173.9998
28.17569, -17, 173.707
27.10369, -17, 173.5037
26.03168, -17, 173.3481
24.95968, -17, 173.2063
23.88767, -17, 173.0645
22.81567, -17, 172.916
21.74366, -17, 172.7663
20.67166, -17, 172.6029
19.59966, -17, 172.4029
18.52765, -17, 172.1511
17.45564, -17, 171.9894
16.38364, -17, 171.8224
15.31164, -17, 171.632
14.23963, -17, 171.414
13.16763, -17, 171.1533
12.09562, -17, 170.7857
11.02362, -17, 170.1965
9.951612, -17, 172.7879
8.879608, -17, 170.5945
7.807604, -17, 170.8061
6.735599, -17, 171.1603
5.663594, -17, 170.8579
4.59159, -17, 169.277
3.519585, -17, 168.535
2.447581, -17, 170.331
1.375576, -17, 171.1078
0.3035714, -17, 173.7776
-0.7650376, -17, 172.588
-1.833647, -17, 171.9401
-2.902256, -17, 171.8197
-3.970865, -17, 171.8302
-5.039474, -17, 171.8831
-6.108083, -17, 171.9548
-7.176692, -17, 172.0398
-8.2453, -17, 172.1359
-9.31391, -17, 172.2196
-10.38252, -17, 172.1462
-11.45113, -17, 172.0845
-12.51974, -17, 172.0095
-13.58835, -17, 171.9351
-14.65695, -17, 171.8619
-15.72556, -17, 171.7897
-16.79417, -17, 171.7178
-17.86278, -17, 171.6458
-18.93139, -17, 171.5731
98.92818, -18, 181.108
97.85638, -18, 181.2079
96.78456, -18, 181.2962
95.71275, -18, 181.3691
94.64094, -18, 181.4305
93.56912, -18, 181.4807
92.49731, -18, 181.5139
91.4255, -18, 181.4955
90.35368, -18, 181.1587
89.28188, -18, 181.4612
88.21006, -18, 181.7771
87.13825, -18, 181.8887
86.06644, -18, 181.9633
84.99462, -18, 182.0335
83.92281, -18, 182.1158
82.851, -18, 182.2264
81.77918, -18, 182.3851
80.70737, -18, 182.5442
79.63556, -18, 182.6296
78.56375, -18, 182.5682
77.49194, -18, 182.4752
76.42012, -18, 182.4286
75.34831, -18, 182.418
74.2765, -18, 182.43
73.20468, -18, 182.4537
72.13287, -18, 182.472
71.06106, -18, 182.3815
69.98925, -18, 181.6819
68.91743, -18, 182.386
67.84562, -18, 182.4911
66.77381, -18, 182.5131
65.702, -18, 182.5298
64.63019, -18, 182.5466
63.55837, -18, 182.5612
62.48656, -18, 182.57
61.41475, -18, 182.573
60.34293, -18, 182.6475
59.27112, -18, 182.6902
58.19931, -18, 182.7765
57.12749, -18, 182.9267
56.05568, -18, 183.0771
54.98387, -18, 183.2141
53.91206, -18, 183.3267
52.84024, -18, 183.3992
51.76843, -18, 183.4089
50.69662, -18, 183.4056
49.62481, -18, 183.3914
48.55299, -18, 183.412
47.48118, -18, 183.4338
46.40937, -18, 183.3851
45.33756, -18, 183.2898
44.26574, -18, 183.1684
43.19393, -18, 183.0343
42.12212, -18, 182.8965
41.05031, -18, 182.7414
39.97849, -18, 182.3965
38.90668, -18, 182.74
37.83487, -18, 182.8329
36.76306, -18, 182.8852
35.69125, -18, 182.9355
34.61943, -18, 182.992
33.54762, -18, 183.061
32.47581, -18, 183.1519
31.40399, -18, 183.2799
30.33218, -18, 183.4767
29.26037, -18, 183.3572
28.18856, -18, 183.1862
27.11674, -18, 183.059
26.04493, -18, 182.9629
24.97312, -18, 182.8824
23.90131, -18, 182.808
22.82949, -18, 182.73
21.75768, -18, 182.628
20.68587, -18, 182.3695
19.61406, -18, 182.0422
18.54224, -18, 182.1016
17.47043, -18, 181.9577
16.39862, -18, 181.8048
15.32681, -18, 181.6305
14.25499, -18, 181.4137
13.18318, -18, 181.1224
12.11137, -18, 180.7114
11.03955, -18, 180.2016
9.967742, -18, 178.2018
8.895929, -18, 180.086
7.824117, -18, 180.7728
6.752304, -18, 181.2582
5.680491, -18, 181.7065
4.608679, -18, 181.7251
3.536866, -18, 180.6418
2.465054, -18, 183.1394
1.393241, -18, 185.0141
0.3214286, -18, 184.0771
-0.7481203, -18, 183.249
-1.817669, -18, 182.2862
-2.887218, -18, 181.9604
-3.956767, -18, 181.8353
-5.026316, -18, 181.7867
-6.095865, -18, 181.7751
-7.165413, -18, 181.7846
-8.234962, -18, 181.8054
-9.304511, -18, 181.803
-10.37406, -18, 181.6614
-11.44361, -18, 181.5726
-12.51316, -18, 181.4968
-13.58271, -18, 181.4242
-14.65226, -18, 181.353
-15.7218, -18, 181.2825
-16.79135, -18, 181.2123
-17.8609, -18, 181.1423
-18.93045, -18, 181.072
98.92838, -19, 190.5356
97.85676, -19, 190.606
96.78514, -19, 190.6815
95.71352, -19, 190.7522
94.6419, -19, 190.8152
93.57027, -19, 190.8681
92.49866, -19, 190.9002
91.42703, -19, 190.8701
90.35542, -19, 190.7039
89.28379, -19, 190.8745
88.21217, -19, 191.1572
87.14056, -19, 191.3126
86.06893, -19, 191.4175
84.99731, -19, 191.5098
83.92569, -19, 191.6034
82.85407, -19, 191.7046
81.78245, -19, 191.8027
80.71083, -19, 191.9138
79.63921, -19, 191.9705
78.56759, -19, 191.8758
77.49596, -19, 191.8102
76.42435, -19, 191.7354
75.35273, -19, 191.6674
74.2811, -19, 191.6058
73.20949, -19, 191.5411
72.13786, -19, 191.4427
71.06625, -19, 191.241
69.99462, -19, 190.992
68.923, -19, 191.2379
67.85138, -19, 191.4295
66.77976, -19, 191.5248
65.70814, -19, 191.5914
64.63652, -19, 191.6508
63.5649, -19, 191.7066
62.49328, -19, 191.7606
61.42166, -19, 191.8243
60.35004, -19, 191.9319
59.27842, -19, 192.0175
58.2068, -19, 192.0934
57.13518, -19, 192.1983
56.06356, -19, 192.319
54.99194, -19, 192.4372
53.92031, -19, 192.5447
52.84869, -19, 192.6371
51.77707, -19, 192.7273
50.70545, -19, 192.7979
49.63383, -19, 192.8199
48.56221, -19, 192.7946
47.49059, -19, 192.7496
46.41897, -19, 192.7022
45.34735, -19, 192.6384
44.27573, -19, 192.5608
43.20411, -19, 192.4746
42.13249, -19, 192.38
41.06087, -19, 192.2539
39.98925, -19, 192.1196
38.91763, -19, 192.2284
37.846, -19, 192.31
36.77439, -19, 192.3511
35.70277, -19, 192.38
34.63115, -19, 192.4092
33.55952, -19, 192.4439
32.4879, -19, 192.4874
31.41628, -19, 192.5431
30.34466, -19, 192.6446
29.27304, -19, 192.6168
28.20142, -19, 192.5666
27.1298, -19, 192.5527
26.05818, -19, 192.5472
24.98656, -19, 192.5483
23.91494, -19, 192.5502
22.84332, -19, 192.5438
21.7717, -19, 192.5002
20.70008, -19, 192.3388
19.62846, -19, 192.1202
18.55684, -19, 192.1816
17.48521, -19, 192.0966
16.4136, -19, 191.9616
15.34197, -19, 191.8097
14.27035, -19, 191.6311
13.19873, -19, 191.4118
12.12711, -19, 191.1391
11.05549, -19, 190.587
9.983871, -19, 188.2365
8.912251, -19, 190.0688
7.84063, -19, 190.9676
6.769009, -19, 191.5443
5.697389, -19, 192.634
4.625768, -19, 194.2909
3.554147, -19, 193.9967
2.482527, -19, 193.7477
1.410906, -19, 193.3499
0.3392857, -19, 192.7948
-0.731203, -19, 192.5786
-1.801692, -19, 192.2104
-2.87218, -19, 191.8819
-3.942669, -19, 191.6987
-5.013158, -19, 191.5824
-6.083647, -19, 191.5004
-7.154135, -19, 191.4362
-8.224624, -19, 191.3752
-9.295113, -19, 191.2668
-10.3656, -19, 191.1499
-11.43609, -19, 191.0528
-12.50658, -19, 190.9785
-13.57707, -19, 190.9085
-14.64756, -19, 190.8399
-15.71805, -19, 190.772
-16.78853, -19, 190.7045
-17.85902, -19, 190.6371
-18.92951, -19, 190.5696
2.017, 0.8, -0.35675
3.0821, 0.8, 0.014673
4.1471, 0.8, -1.1042
5.2121, 0.8, -1.0348
6.2772, 0.8, -1.3409
7.3422, 0.8, -1.2339
8.4072, 0.8, -0.83972
9.4723, 0.8, 0.051439
10.5373, 0.8, -0.491241
11.6023, 0.8, -1.15772
12.6674, 0.8, -1.0792
13.7324, 0.8, -1.06608
14.7974, 0.8, -1.13886
15.8625, 0.8, -1.30277
16.9275, 0.8, -1.58266
17.9925, 0.8, -2.00594
19.0575, 0.8, -2.60706
20.1226, 0.8, -2.91007
21.1876, 0.8, -2.60347
22.2526, 0.8, -2.25992
23.3177, 0.8, -2.08605
24.3827, 0.8, -2.03275
25.4477, 0.8, -2.08109
26.5128, 0.8, -2.20223
27.5778, 0.8, -2.3487
28.6428, 0.8, -2.33272
29.7079, 0.8, -1.30766
30.7729, 0.8, -1.91981
31.8379, 0.8, -2.49665
32.903, 0.8, -2.60246
33.968, 0.8, -2.68986
35.033, 0.8, -2.78868
36.0981, 0.8, -2.87991
37.1631, 0.8, -2.91964
38.2281, 0.8, -2.81983
39.2932, 0.8, -2.44648
40.3582, 0.8, -2.62449
41.4232, 0.8, -3.23212
42.4883, 0.8, -3.69829
43.5533, 0.8, -3.97068
44.6183, 0.8, -4.18485
45.6834, 0.8, -4.40484
46.7484, 0.8, -4.6817
47.8134, 0.8, -5.08153
48.8785, 0.8, -5.69432
49.9435, 0.8, -6.19914
51.0085, 0.8, -5.57214
52.0735, 0.8, -4.63932
53.1386, 0.8, -3.90823
54.2036, 0.8, -3.31257
55.2686, 0.8, -2.79881
56.3337, 0.8, -2.33056
57.3987, 0.8, -1.88334
58.4637, 0.8, -1.42014
59.5288, 0.8, -1.00559
60.5938, 0.8, -0.725088
61.6588, 0.8, -0.560427
62.7239, 0.8, -0.451029
63.7889, 0.8, -0.34371
64.8539, 0.8, -0.255896
65.919, 0.8, -0.197259
66.984, 0.8, -0.194925
68.049, 0.8, -0.303108
69.1141, 0.8, -0.772457
70.1791, 0.8, -1.91961
71.2441, 0.8, -0.46071
72.3092, 0.8, -0.120082
73.3742, 0.8, -0.00179448
74.4392, 0.8, 0.0312862
75.5043, 0.8, 0.0197556
76.5693, 0.8, -0.017321
77.6343, 0.8, -0.0671349
78.6994, 0.8, -0.113174
79.7644, 0.8, -0.240573
80.8294, 0.8, -0.677626
81.8945, 0.8, -1.2315
82.9595, 0.8, -1.90388
84.0245, 0.8, -2.61411
85.0895, 0.8, -3.31278
86.1546, 0.8, -3.9708
87.2196, 0.8, -4.56964
88.2846, 0.8, -5.23382
89.3497, 0.8, -7.34535
90.4147, 0.8, -8.29936
91.4797, 0.8, -5.95819
92.5448, 0.8, -5.80645
93.6098, 0.8, -5.80016
94.6748, 0.8, -5.70646
95.7399, 0.8, -5.51148
96.8049, 0.8, -5.18589
97.8699, 0.8, -4.59692
98.935, 0.8, -2.8078
2.9588, 1.6, -7.1064
4.0136, 1.6, -8.6619
5.06839, 1.6, -10.4365
6.1232, 1.6, -9.0133
7.178, 1.6, -8.4373
8.2328, 1.6, -8.0654
9.2876, 1.6, -7.7657
10.3424, 1.6, -7.5459
11.3972, 1.6, -7.89209
12.452, 1.6, -7.94917
13.5068, 1.6, -7.9225
14.5615, 1.6, -7.99039
15.6163, 1.6, -8.18136
16.6711, 1.6, -8.51034
17.7259, 1.6, -9.00033
18.7807, 1.6, -9.70554
19.8355, 1.6, -11.0364
20.8903, 1.6, -10.2448
21.9451, 1.6, -9.59671
22.9999, 1.6, -9.24733
24.0547, 1.6, -9.0908
25.1095, 1.6, -9.07718
26.1643, 1.6, -9.17967
27.2191, 1.6, -9.38792
28.2739, 1.6, -9.72481
29.3287, 1.6, -10.055
30.3835, 1.6, -9.78492
31.4383, 1.6, -10.0331
32.4931, 1.6, -9.83191
33.5479, 1.6, -9.82973
34.6027, 1.6, -9.91665
35.6575, 1.6, -10.0797
36.7123, 1.6, -10.3048
37.7671, 1.6, -10.5705
38.8218, 1.6, -11.1458
39.8766, 1.6, -11.5799
40.9314, 1.6, -11.546
41.9862, 1.6, -11.1971
43.041, 1.6, -11.2297
44.0958, 1.6, -11.2992
45.1506, 1.6, -11.4157
46.2054, 1.6, -11.6212
47.2602, 1.6, -11.878
48.315, 1.6, -12.1443
49.3698, 1.6, -12.2207
50.4246, 1.6, -12.1413
51.4794, 1.6, -11.8358
52.5342, 1.6, -11.3689
53.589, 1.6, -10.868
54.6438, 1.6, -10.4023
55.6986, 1.6, -10.0341
56.7534, 1.6, -9.74029
57.8082, 1.6, -9.45622
58.863, 1.6, -9.32086
59.9178, 1.6, -9.35809
60.9726, 1.6, -8.85908
62.0274, 1.6, -8.346
63.0821, 1.6, -8.04411
64.1369, 1.6, -7.78257
65.1917, 1.6, -7.58185
66.2465, 1.6, -7.45594
67.3013, 1.6, -7.38542
68.3561, 1.6, -7.43319
69.4109, 1.6, -7.91584
70.4657, 1.6, -7.97918
71.5205, 1.6, -7.19642
72.5753, 1.6, -6.96858
73.6301, 1.6, -6.879
74.6849, 1.6, -6.85061
75.7397, 1.6, -6.87567
76.7945, 1.6, -6.93874
77.8493, 1.6, -7.02362
78.9041, 1.6, -7.19503
79.9589, 1.6, -7.372
81.0137, 1.6, -7.75487
82.0685, 1.6, -8.28787
83.1233, 1.6, -9.00318
84.1781, 1.6, -9.70941
85.2329, 1.6, -10.4071
86.2877, 1.6, -11.1039
87.3425, 1.6, -11.6548
88.3972, 1.6, -11.9985
89.452, 1.6, -13.0662
90.5068, 1.6, -13.356
91.5616, 1.6, -12.7475
92.6164, 1.6, -12.9641
93.6712, 1.6, -12.9915
94.726, 1.6, -12.8828
95.7808, 1.6, -12.7093
96.8356, 1.6, -12.4492
97.8904, 1.6, -12.1497
98.9452, 1.6, -11.7107
3.90056, 2.4, -14.4725
4.94512, 2.4, -17.6214
5.98968, 2.4, -16.3498
7.03424, 2.4, -15.4565
8.0788, 2.4, -15.1691
9.12335, 2.4, -15.26
10.1679, 2.4, -15.1638
11.2125, 2.4, -14.458
12.257, 2.4, -14.386
13.3016, 2.4, -14.4185
14.3462, 2.4, -14.516
15.3907, 2.4, -14.7207
16.4353, 2.4, -15.0569
17.4798, 2.4, -15.55
18.5244, 2.4, -16.3121
19.5689, 2.4, -17.6304
20.6135, 2.4, -17.5159
21.6581, 2.4, -16.6223
22.7026, 2.4, -16.1339
23.7472, 2.4, -15.8961
24.7917, 2.4, -15.8265
25.8363, 2.4, -15.8989
26.8809, 2.4, -16.1115
27.9254, 2.4, -16.5303
28.97, 2.4, -17.355
30.0145, 2.4, -18.8002
31.0591, 2.4, -17.5959
32.1037, 2.4, -17.0345
33.1482, 2.4, -16.8174
34.1928, 2.4, -16.8073
35.2373, 2.4, -16.9585
36.2819, 2.4, -17.2856
37.3265, 2.4, -17.865
38.371, 2.4, -18.7612
39.4156, 2.4, -20.111
40.4601, 2.4, -20.336
41.5047, 2.4, -19.1424
42.5492, 2.4, -18.5413
43.5938, 2.4, -18.1885
44.6384, 2.4, -18.0766
45.6829, 2.4, -18.1541
46.7275, 2.4, -18.3957
47.772, 2.4, -18.7014
48.8166, 2.4, -18.7111
49.8612, 2.4, -18.3502
50.9057, 2.4, -18.4082
51.9503, 2.4, -18.322
52.9948, 2.4, -17.8757
54.0394, 2.4, -17.41
55.084, 2.4, -17.0849
56.1285, 2.4, -16.9317
57.1731, 2.4, -16.9577
58.2176, 2.4, -17.1089
59.2622, 2.4, -17.3082
60.3068, 2.4, -17.3177
61.3513, 2.4, -16.511
62.3959, 2.4, -15.8268
63.4404, 2.4, -15.2211
64.485, 2.4, -14.8115
65.5295, 2.4, -14.5572
66.5741, 2.4, -14.4229
67.6187, 2.4, -14.3759
68.6632, 2.4, -14.3213
69.7078, 2.4, -13.9432
70.7523, 2.4, -14.0382
71.7969, 2.4, -13.862
72.8415, 2.4, -13.6881
73.886, 2.4, -13.5886
74.9306, 2.4, -13.5707
75.9751, 2.4, -13.6265
77.0197, 2.4, -13.7548
78.0643, 2.4, -13.9527
79.1088, 2.4, -14.1765
80.1534, 2.4, -14.3804
81.1979, 2.4, -14.7796
82.2425, 2.4, -15.3879
83.2871, 2.4, -15.9063
84.3316, 2.4, -16.4596
85.3762, 2.4, -17.1068
86.4207, 2.4, -17.8826
87.4653, 2.4, -18.748
88.5098, 2.4, -19.1036
89.5544, 2.4, -17.5406
90.599, 2.4, -18.5269
91.6435, 2.4, -20.1123
92.6881, 2.4, -20.2194
93.7326, 2.4, -20.1053
94.7772, 2.4, -20.0896
95.8218, 2.4, -20.0915
96.8663, 2.4, -20.0119
97.9109, 2.4, -19.8962
98.9554, 2.4, -20.4422
4.84232, 3.2, -22.4034
5.87665, 3.2, -22.0547
6.91097, 3.2, -21.5349
7.94529, 3.2, -21.3933
8.97961, 3.2, -21.5759
10.0139, 3.2, -22.2807
11.0483, 3.2, -20.9961
12.0826, 3.2, -20.5829
13.1169, 3.2, -20.5484
14.1512, 3.2, -20.6376
15.1855, 3.2, -20.8383
16.2199, 3.2, -21.1828
17.2542, 3.2, -21.7172
18.2885, 3.2, -22.4471
19.3228, 3.2, -23.5261
20.3572, 3.2, -24.0716
21.3915, 3.2, -23.1884
22.4258, 3.2, -22.6833
23.4601, 3.2, -22.3579
24.4945, 3.2, -22.2373
25.5288, 3.2, -22.299
26.5631, 3.2, -22.5259
27.5974, 3.2, -22.9319
28.6317, 3.2, -23.6606
29.6661, 3.2, -25.9315
30.7004, 3.2, -25.0216
31.7347, 3.2, -23.9361
32.769, 3.2, -23.5798
33.8034, 3.2, -23.4671
34.8377, 3.2, -23.5483
35.872, 3.2, -23.8458
36.9063, 3.2, -24.4294
37.9406, 3.2, -25.4282
38.975, 3.2, -26.9577
40.0093, 3.2, -29.6557
41.0436, 3.2, -27.0142
42.0779, 3.2, -25.6915
43.1123, 3.2, -24.8566
44.1466, 3.2, -24.4212
45.1809, 3.2, -24.2712
46.2152, 3.2, -24.3438
47.2495, 3.2, -24.6094
48.2839, 3.2, -25.0277
49.3182, 3.2, -25.0656
50.3525, 3.2, -24.7197
51.3868, 3.2, -24.8411
52.4212, 3.2, -24.251
53.4555, 3.2, -23.7702
54.4898, 3.2, -23.4682
55.5241, 3.2, -23.3571
56.5585, 3.2, -23.4692
57.5928, 3.2, -23.8675
58.6271, 3.2, -24.5937
59.6614, 3.2, -25.1364
60.6957, 3.2, -24.5999
61.7301, 3.2, -23.5435
62.7644, 3.2, -22.5297
63.7987, 3.2, -21.8567
64.833, 3.2, -21.4312
65.8674, 3.2, -21.1797
66.9017, 3.2, -21.0516
67.936, 3.2, -20.9918
68.9703, 3.2, -20.7433
70.0046, 3.2, -19.2385
71.039, 3.2, -20.3526
72.0733, 3.2, -20.3161
73.1076, 3.2, -20.1748
74.1419, 3.2, -20.108
75.1763, 3.2, -20.1215
76.2106, 3.2, -20.216
77.2449, 3.2, -20.401
78.2792, 3.2, -20.6906
79.3135, 3.2, -20.971
80.3479, 3.2, -21.2035
81.3822, 3.2, -21.7294
82.4165, 3.2, -22.0376
83.4508, 3.2, -22.3449
84.4852, 3.2, -22.7503
85.5195, 3.2, -23.3122
86.5538, 3.2, -24.0936
87.5881, 3.2, -25.1437
88.6225, 3.2, -26.1812
89.6568, 3.2, -23.1435
90.6911, 3.2, -25.739
91.7254, 3.2, -27.2263
92.7597, 3.2, -27.0017
93.7941, 3.2, -27.0509
94.8284, 3.2, -27.3253
95.8627, 3.2, -27.6731
96.897, 3.2, -27.9516
97.9314, 3.2, -28.0873
98.9657, 3.2, -28.9409
5.78409, 4, -26.565
6.80817, 4, -26.5594
7.83226, 4, -26.6628
8.85634, 4, -26.9757
9.88043, 4, -27.482
10.9045, 4, -26.9605
11.9286, 4, -26.5826
12.9527, 4, -26.4314
13.9768, 4, -26.4546
15.0009, 4, -26.6062
16.0249, 4, -26.9082
17.049, 4, -27.3919
18.0731, 4, -28.127
19.0972, 4, -28.999
20.1213, 4, -29.3939
21.1454, 4, -29.2362
22.1695, 4, -28.678
23.1935, 4, -28.3306
24.2176, 4, -28.2043
25.2417, 4, -28.2682
26.2658, 4, -28.512
27.2899, 4, -28.9347
28.314, 4, -29.5672
29.3381, 4, -30.7071
30.3622, 4, -31.5057
31.3862, 4, -30.3886
32.4103, 4, -29.9433
33.4344, 4, -29.7428
34.4585, 4, -29.7368
35.4826, 4, -29.9433
36.5067, 4, -30.4002
37.5308, 4, -31.1993
38.5548, 4, -32.5451
39.5789, 4, -34.7752
40.603, 4, -34.4052
41.6271, 4, -32.3293
42.6512, 4, -31.1224
43.6753, 4, -30.4242
44.6994, 4, -30.0544
45.7234, 4, -29.922
46.7475, 4, -29.9977
47.7716, 4, -30.3209
48.7957, 4, -30.9916
49.8198, 4, -31.403
50.8439, 4, -31.1445
51.868, 4, -30.1674
52.892, 4, -29.5885
53.9161, 4, -29.279
54.9402, 4, -29.1736
55.9643, 4, -29.2808
56.9884, 4, -29.6528
58.0125, 4, -30.3843
59.0366, 4, -31.6678
60.0606, 4, -32.5037
61.0847, 4, -30.9967
62.1088, 4, -29.5315
63.1329, 4, -28.6066
64.157, 4, -28.0039
65.1811, 4, -27.6295
66.2052, 4, -27.4162
67.2292, 4, -27.2994
68.2533, 4, -27.1458
69.2774, 4, -26.7767
70.3015, 4, -26.2449
71.3256, 4, -26.5179
72.3497, 4, -26.5162
73.3738, 4, -26.4564
74.3979, 4, -26.4537
75.4219, 4, -26.5158
76.446, 4, -26.6355
77.4701, 4, -26.8297
78.4942, 4, -27.1518
79.5183, 4, -27.677
80.5424, 4, -28.039
81.5665, 4, -28.0928
82.5905, 4, -28.1633
83.6146, 4, -28.408
84.6387, 4, -28.783
85.6628, 4, -29.2273
86.6869, 4, -29.7773
87.711, 4, -30.7102
88.7351, 4, -32.2215
89.7591, 4, -32.5571
90.7832, 4, -33.8687
91.8073, 4, -33.313
92.8314, 4, -33.3342
93.8555, 4, -33.9365
94.8796, 4, -34.6875
95.9037, 4, -35.4417
96.9277, 4, -36.1534
97.9518, 4, -36.7979
98.9759, 4, -37.5612
6.72585, 4.8, -31.024
7.7397, 4.8, -31.4023
8.75355, 4.8, -31.7578
9.7674, 4.8, -32.1525
10.7812, 4.8, -32.2984
11.7951, 4.8, -32.1711
12.8089, 4.8, -32.004
13.8228, 4.8, -31.9195
14.8366, 4.8, -31.9967
15.8505, 4.8, -32.2329
16.8643, 4.8, -32.6357
17.8782, 4.8, -33.2384
18.892, 4.8, -33.9814
19.9059, 4.8, -34.5401
20.9197, 4.8, -34.4837
21.9336, 4.8, -34.0727
22.9474, 4.8, -33.7642
23.9613, 4.8, -33.6717
24.9751, 4.8, -33.7546
25.989, 4.8, -34.0022
27.0028, 4.8, -34.4283
28.0167, 4.8, -35.0529
29.0305, 4.8, -35.6964
30.0444, 4.8, -35.1894
31.0582, 4.8, -36.1302
32.0721, 4.8, -35.7912
33.0859, 4.8, -35.5186
34.0998, 4.8, -35.4482
35.1136, 4.8, -35.5676
36.1275, 4.8, -35.8857
37.1413, 4.8, -36.4295
38.1552, 4.8, -37.3196
39.169, 4.8, -38.9292
40.1829, 4.8, -40.4011
41.1967, 4.8, -38.2291
42.2106, 4.8, -36.8159
43.2244, 4.8, -36.0209
44.2383, 4.8, -35.5222
45.2521, 4.8, -35.2285
46.266, 4.8, -35.1096
47.2798, 4.8, -35.1685
48.2937, 4.8, -35.5292
49.3075, 4.8, -36.7362
50.3214, 4.8, -37.6871
51.3352, 4.8, -35.6317
52.3491, 4.8, -34.9043
53.3629, 4.8, -34.5966
54.3768, 4.8, -34.4892
55.3906, 4.8, -34.5587
56.4045, 4.8, -34.8327
57.4183, 4.8, -35.3733
58.4322, 4.8, -36.3684
59.446, 4.8, -38.28
60.4599, 4.8, -38.3421
61.4737, 4.8, -36.0702
62.4876, 4.8, -34.8671
63.5014, 4.8, -34.1474
64.5153, 4.8, -33.6843
65.5291, 4.8, -33.3965
66.543, 4.8, -33.2243
67.5568, 4.8, -33.1052
68.5707, 4.8, -33.0049
69.5845, 4.8, -33.0887
70.5984, 4.8, -32.7505
71.6122, 4.8, -32.5246
72.6261, 4.8, -32.5168
73.6399, 4.8, -32.5784
74.6538, 4.8, -32.6747
75.6676, 4.8, -32.8019
76.6815, 4.8, -32.9431
77.6953, 4.8, -33.0955
78.7092, 4.8, -33.3986
79.723, 4.8, -34.1258
80.7369, 4.8, -34.2802
81.7507, 4.8, -33.9961
82.7646, 4.8, -34.2306
83.7784, 4.8, -34.6232
84.7923, 4.8, -35.0122
85.8061, 4.8, -35.3479
86.82, 4.8, -35.5982
87.8338, 4.8, -35.8788
88.8477, 4.8, -37.5404
89.8615, 4.8, -45.5791
90.8754, 4.8, -39.8284
91.8892, 4.8, -38.8462
92.9031, 4.8, -39.9755
93.9169, 4.8, -41.2311
94.9308, 4.8, -42.4128
95.9446, 4.8, -43.5412
96.9585, 4.8, -44.681
97.9723, 4.8, -45.8413
98.9862, 4.8, -46.2358
7.66761, 5.6, -36.0119
8.67123, 5.6, -36.4203
9.67484, 5.6, -36.7773
10.6785, 5.6, -37.2189
11.6821, 5.6, -37.2593
12.6857, 5.6, -37.0407
13.6893, 5.6, -36.9568
14.6929, 5.6, -37.0075
15.6965, 5.6, -37.1878
16.7001, 5.6, -37.482
17.7037, 5.6, -37.8605
18.7074, 5.6, -38.4236
19.711, 5.6, -39.5153
20.7146, 5.6, -39.2031
21.7182, 5.6, -38.7724
22.7218, 5.6, -38.6974
23.7254, 5.6, -38.7139
24.729, 5.6, -38.8348
25.7326, 5.6, -39.0762
26.7363, 5.6, -39.4535
27.7399, 5.6, -39.9749
28.7435, 5.6, -40.4775
29.7471, 5.6, -39.9556
30.7507, 5.6, -40.7405
31.7543, 5.6, -40.9847
32.7579, 5.6, -40.7788
33.7615, 5.6, -40.681
34.7652, 5.6, -40.7377
35.7688, 5.6, -40.9438
36.7724, 5.6, -41.305
37.776, 5.6, -41.8349
38.7796, 5.6, -42.4547
39.7832, 5.6, -44.0426
40.7868, 5.6, -42.8025
41.7905, 5.6, -41.892
42.7941, 5.6, -41.157
43.7977, 5.6, -40.613
44.8013, 5.6, -40.2299
45.8049, 5.6, -39.9811
46.8085, 5.6, -39.8619
47.8121, 5.6, -39.8999
48.8157, 5.6, -40.2219
49.8194, 5.6, -42.4662
50.823, 5.6, -40.5341
51.8266, 5.6, -39.755
52.8302, 5.6, -39.4625
53.8338, 5.6, -39.3538
54.8374, 5.6, -39.3887
55.841, 5.6, -39.5805
56.8446, 5.6, -39.9643
57.8483, 5.6, -40.6177
58.8519, 5.6, -41.6581
59.8555, 5.6, -44.2825
60.8591, 5.6, -41.9594
61.8627, 5.6, -40.6341
62.8663, 5.6, -39.8112
63.8699, 5.6, -39.2944
64.8736, 5.6, -38.9703
65.8772, 5.6, -38.7882
66.8808, 5.6, -38.6982
67.8844, 5.6, -38.6848
68.888, 5.6, -38.8109
69.8916, 5.6, -39.3789
70.8952, 5.6, -38.6444
71.8988, 5.6, -38.4109
72.9025, 5.6, -38.4662
73.9061, 5.6, -38.6187
74.9097, 5.6, -38.8059
75.9133, 5.6, -39.0173
76.9169, 5.6, -39.213
77.9205, 5.6, -39.3671
78.9241, 5.6, -39.4641
79.9277, 5.6, -40.1661
80.9314, 5.6, -39.9119
81.935, 5.6, -40.1785
82.9386, 5.6, -40.6334
83.9422, 5.6, -41.0949
84.9458, 5.6, -41.4813
85.9494, 5.6, -41.7517
86.953, 5.6, -41.8278
87.9566, 5.6, -41.7276
88.9603, 5.6, -42.394
89.9639, 5.6, -51.0393
90.9675, 5.6, -44.2088
91.9711, 5.6, -45.2939
92.9747, 5.6, -47.2197
93.9783, 5.6, -48.9393
94.9819, 5.6, -50.4663
95.9855, 5.6, -51.9183
96.9892, 5.6, -53.3404
97.9928, 5.6, -54.6996
98.9964, 5.6, -54.9996
8.60938, 6.4, -41.2198
9.60275, 6.4, -41.6528
10.5961, 6.4, -42.137
11.5895, 6.4, -41.8496
12.5829, 6.4, -41.6251
13.5763, 6.4, -41.5547
14.5696, 6.4, -41.6129
15.563, 6.4, -41.7673
16.5564, 6.4, -41.9898
17.5498, 6.4, -42.257
18.5431, 6.4, -42.5823
19.5365, 6.4, -43.366
20.5299, 6.4, -43.4459
21.5233, 6.4, -43.094
22.5166, 6.4, -43.1945
23.51, 6.4, -43.3567
24.5034, 6.4, -43.5517
25.4968, 6.4, -43.8001
26.4902, 6.4, -44.115
27.4835, 6.4, -44.4817
28.4769, 6.4, -44.843
29.4703, 6.4, -45.3254
30.4637, 6.4, -45.507
31.457, 6.4, -45.4152
32.4504, 6.4, -45.469
33.4438, 6.4, -45.4849
34.4372, 6.4, -45.5376
35.4305, 6.4, -45.6691
36.4239, 6.4, -45.8796
37.4173, 6.4, -46.1279
38.4107, 6.4, -46.2802
39.404, 6.4, -46.3384
40.3974, 6.4, -46.2153
41.3908, 6.4, -46.0886
42.3842, 6.4, -45.7649
43.3775, 6.4, -45.3465
44.3709, 6.4, -44.9557
45.3643, 6.4, -44.6383
46.3577, 6.4, -44.3949
47.3511, 6.4, -44.2152
48.3444, 6.4, -44.0912
49.3378, 6.4, -44.1078
50.3312, 6.4, -43.9576
51.3246, 6.4, -43.9887
52.3179, 6.4, -43.8796
53.3113, 6.4, -43.818
54.3047, 6.4, -43.8185
55.2981, 6.4, -43.9289
56.2914, 6.4, -44.189
57.2848, 6.4, -44.6277
58.2782, 6.4, -45.1986
59.2716, 6.4, -46.0373
60.2649, 6.4, -46.2893
61.2583, 6.4, -45.583
62.2517, 6.4, -44.9267
63.2451, 6.4, -44.4027
64.2384, 6.4, -44.0461
65.2318, 6.4, -43.8684
66.2252, 6.4, -43.8449
67.2186, 6.4, -43.9477
68.212, 6.4, -44.121
69.2053, 6.4, -44.4367
70.1987, 6.4, -44.5116
71.1921, 6.4, -44.2795
72.1855, 6.4, -44.2378
73.1788, 6.4, -44.3106
74.1722, 6.4, -44.4808
75.1656, 6.4, -44.7444
76.159, 6.4, -45.0814
77.1523, 6.4, -45.4479
78.1457, 6.4, -45.6687
79.1391, 6.4, -45.5268
80.1325, 6.4, -45.2785
81.1258, 6.4, -46.0383
82.1192, 6.4, -46.7886
83.1126, 6.4, -47.2773
84.106, 6.4, -47.7023
85.0994, 6.4, -48.0999
86.0927, 6.4, -48.4198
87.0861, 6.4, -48.5741
88.0795, 6.4, -48.3916
89.0729, 6.4, -47.3856
90.0662, 6.4, -45.7785
91.0596, 6.4, -49.7731
92.053, 6.4, -52.7214
93.0464, 6.4, -54.903
94.0397, 6.4, -56.7346
95.0331, 6.4, -58.4277
96.0265, 6.4, -60.1078
97.0199, 6.4, -61.8237
98.0132, 6.4, -63.3471
99.0066, 6.4, -64.3962
9.55114, 7.2, -46.8892
10.5343, 7.2, -46.7848
11.5174, 7.2, -46.0466
12.5006, 7.2, -45.8378
13.4837, 7.2, -45.8079
14.4668, 7.2, -45.8756
15.45, 7.2, -46.0271
16.4331, 7.2, -46.2458
17.4163, 7.2, -46.502
18.3994, 7.2, -46.7022
19.3825, 7.2, -46.8134
20.3657, 7.2, -47.0204
21.3488, 7.2, -47.2295
22.332, 7.2, -47.4924
23.3151, 7.2, -47.7003
24.2982, 7.2, -47.9339
25.2814, 7.2, -48.2021
26.2645, 7.2, -48.4923
27.2477, 7.2, -48.7908
28.2308, 7.2, -49.1054
29.2139, 7.2, -49.766
30.1971, 7.2, -50.9144
31.1802, 7.2, -49.7927
32.1634, 7.2, -49.7526
33.1465, 7.2, -49.8478
34.1296, 7.2, -49.9583
35.1128, 7.2, -50.0663
36.0959, 7.2, -50.1658
37.0791, 7.2, -50.2482
38.0622, 7.2, -50.2814
39.0453, 7.2, -50.0385
40.0285, 7.2, -48.084
41.0116, 7.2, -49.8198
41.9948, 7.2, -49.8729
42.9779, 7.2, -49.6404
43.961, 7.2, -49.3493
44.9442, 7.2, -49.0426
45.9273, 7.2, -48.737
46.9104, 7.2, -48.439
47.8936, 7.2, -48.1363
48.8767, 7.2, -47.6641
49.8599, 7.2, -45.3825
50.843, 7.2, -47.2689
51.8261, 7.2, -47.8069
52.8093, 7.2, -47.8524
53.7924, 7.2, -47.8575
54.7756, 7.2, -47.8976
55.7587, 7.2, -48.0132
56.7418, 7.2, -48.2444
57.725, 7.2, -48.6331
58.7081, 7.2, -49.1188
59.6913, 7.2, -48.6251
60.6744, 7.2, -49.178
61.6575, 7.2, -49.2374
62.6407, 7.2, -48.7989
63.6238, 7.2, -48.4997
64.607, 7.2, -48.3607
65.5901, 7.2, -48.3702
66.5732, 7.2, -48.5288
67.5564, 7.2, -48.8504
68.5395, 7.2, -49.3166
69.5227, 7.2, -49.5275
70.5058, 7.2, -49.6537
71.4889, 7.2, -49.7714
72.4721, 7.2, -49.7069
73.4552, 7.2, -49.8026
74.4384, 7.2, -50.0522
75.4215, 7.2, -50.4231
76.4046, 7.2, -50.8914
77.3878, 7.2, -51.4311
78.3709, 7.2, -51.9406
79.3541, 7.2, -51.6458
80.3372, 7.2, -51.0454
81.3203, 7.2, -52.7536
82.3035, 7.2, -53.3608
83.2866, 7.2, -53.8265
84.2698, 7.2, -54.3113
85.2529, 7.2, -54.8042
86.236, 7.2, -55.2572
87.2192, 7.2, -55.5615
88.2023, 7.2, -55.3548
89.1855, 7.2, -52.1565
90.1686, 7.2, -43.5742
91.1517, 7.2, -56.8872
92.1349, 7.2, -60.4709
93.118, 7.2, -62.5884
94.1012, 7.2, -64.3974
95.0843, 7.2, -66.1319
96.0674, 7.2, -67.8902
97.0506, 7.2, -69.7524
98.0337, 7.2, -71.8422
99.0169, 7.2, -74.5776
10.4929, 8, -50.7508
11.4658, 8, -49.8966
12.4387, 8, -49.7198
13.4116, 8, -49.7384
14.3845, 8, -49.8479
15.3574, 8, -50.0129
16.3303, 8, -50.2282
17.3032, 8, -50.4897
18.2761, 8, -50.7483
19.249, 8, -50.6234
20.2219, 8, -49.8915
21.1948, 8, -51.3008
22.1677, 8, -51.6174
23.1406, 8, -51.8505
24.1135, 8, -52.1133
25.0865, 8, -52.4071
26.0594, 8, -52.7226
27.0323, 8, -53.0509
28.0052, 8, -53.4049
28.9781, 8, -53.8962
29.951, 8, -54.9875
30.9239, 8, -54.2462
31.8968, 8, -54.0917
32.8697, 8, -54.1411
33.8426, 8, -54.2199
34.8155, 8, -54.2968
35.7884, 8, -54.3632
36.7613, 8, -54.4056
37.7342, 8, -54.3801
38.7071, 8, -54.1039
39.68, 8, -53.0138
40.6529, 8, -53.2898
41.6258, 8, -53.7841
42.5987, 8, -53.7546
43.5716, 8, -53.5281
44.5445, 8, -53.2296
45.5174, 8, -52.9211
46.4903, 8, -52.6169
47.4632, 8, -52.2499
48.4361, 8, -51.6263
49.409, 8, -50.2836
50.3819, 8, -49.7688
51.3548, 8, -51.1531
52.3277, 8, -51.583
53.3006, 8, -51.6159
54.2735, 8, -51.5519
55.2465, 8, -51.5385
56.2194, 8, -51.627
57.1923, 8, -51.8114
58.1652, 8, -52.0377
59.1381, 8, -52.0901
60.111, 8, -51.7867
61.0839, 8, -52.4776
62.0568, 8, -52.4783
63.0297, 8, -52.3216
64.0026, 8, -52.2496
64.9755, 8, -52.3187
65.9484, 8, -52.5319
66.9213, 8, -52.8851
67.8942, 8, -53.3883
68.8671, 8, -54.0114
69.84, 8, -54.5441
70.8129, 8, -54.7839
71.7858, 8, -54.701
72.7587, 8, -54.753
73.7316, 8, -55.0086
74.7045, 8, -55.4261
75.6774, 8, -55.922
76.6503, 8, -56.4734
77.6232, 8, -57.169
78.5961, 8, -57.9746
79.569, 8, -58.2505
80.5419, 8, -58.5278
81.5148, 8, -59.1581
82.4877, 8, -59.6609
83.4606, 8, -60.2429
84.4335, 8, -60.8512
85.4064, 8, -61.4608
86.3794, 8, -62.0724
87.3523, 8, -62.4921
88.3252, 8, -62.1166
89.2981, 8, -58.8932
90.271, 8, -55.2893
91.2439, 8, -64.6525
92.2168, 8, -68.0908
93.1897, 8, -70.1481
94.1626, 8, -71.8554
95.1355, 8, -73.5768
96.1084, 8, -75.3931
97.0813, 8, -77.4012
98.0542, 8, -80.0217
99.0271, 8, -84.5507
11.4347, 8.8, -53.3418
12.3973, 8.8, -53.3786
13.36, 8.8, -53.5162
14.3227, 8.8, -53.6859
15.2853, 8.8, -53.8735
16.248, 8.8, -54.0739
17.2107, 8.8, -54.2919
18.1733, 8.8, -54.5564
19.136, 8.8, -54.6411
20.0987, 8.8, -53.8716
21.0613, 8.8, -55.2049
22.024, 8.8, -55.5893
22.9867, 8.8, -55.8738
23.9493, 8.8, -56.1947
24.912, 8.8, -56.5394
25.8747, 8.8, -56.8982
26.8373, 8.8, -57.2725
27.8, 8.8, -57.6745
28.7627, 8.8, -58.0837
29.7253, 8.8, -58.0593
30.688, 8.8, -58.4579
31.6507, 8.8, -58.4815
32.6133, 8.8, -58.4819
33.576, 8.8, -58.5133
34.5387, 8.8, -58.5519
35.5013, 8.8, -58.5822
36.464, 8.8, -58.589
37.4267, 8.8, -58.5329
38.3893, 8.8, -58.3416
39.352, 8.8, -58.019
40.3147, 8.8, -58.03
41.2773, 8.8, -57.7454
42.24, 8.8, -57.7354
43.2027, 8.8, -57.5309
44.1653, 8.8, -57.2077
45.128, 8.8, -56.8553
46.0907, 8.8, -56.5149
47.0533, 8.8, -56.1783
48.016, 8.8, -55.7418
48.9787, 8.8, -54.9621
49.9413, 8.8, -54.5798
50.904, 8.8, -54.582
51.8667, 8.8, -54.9853
52.8293, 8.8, -54.9593
53.792, 8.8, -54.7833
54.7547, 8.8, -54.6263
55.7173, 8.8, -54.5617
56.68, 8.8, -54.6049
57.6427, 8.8, -54.7085
58.6053, 8.8, -54.8339
59.568, 8.8, -55.413
60.5307, 8.8, -55.5236
61.4933, 8.8, -55.321
62.456, 8.8, -55.3578
63.4187, 8.8, -55.4515
64.3813, 8.8, -55.6363
65.344, 8.8, -55.9449
66.3067, 8.8, -56.366
67.2693, 8.8, -56.8719
68.232, 8.8, -57.4961
69.1947, 8.8, -58.4916
70.1573, 8.8, -59.572
71.12, 8.8, -59.1915
72.0827, 8.8, -59.2297
73.0453, 8.8, -59.6912
74.008, 8.8, -60.3033
74.9707, 8.8, -60.9689
75.9333, 8.8, -61.6206
76.896, 8.8, -62.2067
77.8587, 8.8, -62.7613
78.8213, 8.8, -63.8432
79.784, 8.8, -66.2696
80.7467, 8.8, -65.4445
81.7093, 8.8, -65.2139
82.672, 8.8, -65.8703
83.6347, 8.8, -66.5377
84.5973, 8.8, -67.0965
85.56, 8.8, -67.6556
86.5227, 8.8, -68.3009
87.4853, 8.8, -68.9745
88.448, 8.8, -69.2514
89.4107, 8.8, -69.5876
90.3733, 8.8, -72.0996
91.336, 8.8, -73.032
92.2987, 8.8, -75.3685
93.2613, 8.8, -77.0598
94.224, 8.8, -78.7877
95.1867, 8.8, -80.6855
96.1493, 8.8, -82.7341
97.112, 8.8, -84.9743
98.0747, 8.8, -87.7595
99.0373, 8.8, -92.2044
12.3764, 9.6, -56.9546
13.3289, 9.6, -57.26
14.2813, 9.6, -57.5067
15.2337, 9.6, -57.7138
16.1861, 9.6, -57.9003
17.1386, 9.6, -58.0743
18.091, 9.6, -58.216
19.0434, 9.6, -58.4892
19.9959, 9.6, -59.2764
20.9483, 9.6, -59.0678
21.9007, 9.6, -59.4042
22.8532, 9.6, -59.8382
23.8056, 9.6, -60.2528
24.758, 9.6, -60.6595
25.7105, 9.6, -61.0659
26.6629, 9.6, -61.4751
27.6153, 9.6, -61.8817
28.5677, 9.6, -62.2366
29.5202, 9.6, -62.1142
30.4726, 9.6, -62.2962
31.425, 9.6, -62.8058
32.3775, 9.6, -62.8437
33.3299, 9.6, -62.8395
34.2823, 9.6, -62.8346
35.2348, 9.6, -62.8245
36.1872, 9.6, -62.7978
37.1396, 9.6, -62.7421
38.092, 9.6, -62.6576
39.0445, 9.6, -62.708
39.9969, 9.6, -63.4217
40.9493, 9.6, -62.3761
41.9018, 9.6, -61.8512
42.8542, 9.6, -61.4523
43.8066, 9.6, -61.0268
44.7591, 9.6, -60.5864
45.7115, 9.6, -60.158
46.6639, 9.6, -59.7754
47.6163, 9.6, -59.4888
48.5688, 9.6, -59.3947
49.5212, 9.6, -59.4928
50.4736, 9.6, -59.2667
51.4261, 9.6, -58.6176
52.3785, 9.6, -58.0432
53.3309, 9.6, -57.6165
54.2834, 9.6, -57.2929
55.2358, 9.6, -57.0634
56.1882, 9.6, -56.9384
57.1406, 9.6, -56.9492
58.0931, 9.6, -57.1627
59.0455, 9.6, -57.728
59.9979, 9.6, -59.2516
60.9504, 9.6, -58.0415
61.9028, 9.6, -57.8008
62.8552, 9.6, -57.926
63.8077, 9.6, -58.2564
64.7601, 9.6, -58.7189
65.7125, 9.6, -59.2762
66.6649, 9.6, -59.9107
67.6174, 9.6, -60.6212
68.5698, 9.6, -61.4385
69.5222, 9.6, -62.7063
70.4747, 9.6, -63.3489
71.4271, 9.6, -63.301
72.3795, 9.6, -63.9799
73.332, 9.6, -64.8718
74.2844, 9.6, -65.8315
75.2368, 9.6, -66.7731
76.1892, 9.6, -67.6246
77.1417, 9.6, -68.3132
78.0941, 9.6, -68.7956
79.0465, 9.6, -69.5925
79.999, 9.6, -73.845
80.9514, 9.6, -71.3117
81.9038, 9.6, -71.6706
82.8563, 9.6, -72.2716
83.8087, 9.6, -72.6675
84.7611, 9.6, -72.9644
85.7135, 9.6, -73.3049
86.666, 9.6, -73.8648
87.6184, 9.6, -74.926
88.5708, 9.6, -77.1742
89.5233, 9.6, -82.6862
90.4757, 9.6, -84.0466
91.4281, 9.6, -81.331
92.3806, 9.6, -81.7223
93.333, 9.6, -83.2107
94.2854, 9.6, -85.2004
95.2378, 9.6, -87.4743
96.1903, 9.6, -89.9194
97.1427, 9.6, -92.4607
98.0951, 9.6, -95.0223
99.0476, 9.6, -97.4513
13.3182, 10.4, -60.6422
14.2604, 10.4, -61.1371
15.2026, 10.4, -61.5424
16.1448, 10.4, -61.7862
17.087, 10.4, -61.9056
18.0292, 10.4, -62.0054
18.9714, 10.4, -62.2403
19.9135, 10.4, -64.1329
20.8557, 10.4, -63.0356
21.7979, 10.4, -63.262
22.7401, 10.4, -63.7805
23.6823, 10.4, -64.2625
24.6245, 10.4, -64.7149
25.5667, 10.4, -65.1612
26.5089, 10.4, -65.6146
27.4511, 10.4, -66.0554
28.3933, 10.4, -66.3746
29.3355, 10.4, -66.521
30.2777, 10.4, -66.6289
31.2199, 10.4, -67.0416
32.1621, 10.4, -67.185
33.1043, 10.4, -67.1563
34.0465, 10.4, -67.0777
34.9886, 10.4, -67.0178
35.9308, 10.4, -66.9882
36.873, 10.4, -66.9876
37.8152, 10.4, -67.0094
38.7574, 10.4, -67.1774
39.6996, 10.4, -67.5813
40.6418, 10.4, -67.2291
41.584, 10.4, -66.3294
42.5262, 10.4, -65.5576
43.4684, 10.4, -64.9368
44.4106, 10.4, -64.3867
45.3528, 10.4, -63.8711
46.295, 10.4, -63.383
47.2372, 10.4, -62.9842
48.1794, 10.4, -62.9788
49.1215, 10.4, -63.6543
50.0637, 10.4, -63.9697
51.0059, 10.4, -62.7229
51.9481, 10.4, -61.2762
52.8903, 10.4, -60.4622
53.8325, 10.4, -60.0354
54.7747, 10.4, -59.6965
55.7169, 10.4, -59.3747
56.6591, 10.4, -59.089
57.6013, 10.4, -58.9931
58.5435, 10.4, -59.3957
59.4857, 10.4, -60.3165
60.4279, 10.4, -60.4802
61.3701, 10.4, -59.9052
62.3123, 10.4, -59.9557
63.2545, 10.4, -60.4587
64.1966, 10.4, -61.1246
65.1388, 10.4, -61.8345
66.081, 10.4, -62.5879
67.0232, 10.4, -63.409
67.9654, 10.4, -64.2925
68.9076, 10.4, -65.1592
69.8498, 10.4, -66.0493
70.792, 10.4, -66.742
71.7342, 10.4, -67.839
72.6764, 10.4, -69.0706
73.6186, 10.4, -70.16
74.5608, 10.4, -71.2489
75.503, 10.4, -72.4261
76.4452, 10.4, -73.7029
77.3874, 10.4, -74.9098
78.3296, 10.4, -75.4579
79.2717, 10.4, -75.3655
80.2139, 10.4, -76.4478
81.1561, 10.4, -77.9068
82.0983, 10.4, -78.6655
83.0405, 10.4, -78.6646
83.9827, 10.4, -78.4284
84.9249, 10.4, -78.3572
85.8671, 10.4, -78.5434
86.8093, 10.4, -79.1158
87.7515, 10.4, -80.6059
88.6937, 10.4, -84.685
89.6359, 10.4, -92.2188
90.5781, 10.4, -92.1713
91.5203, 10.4, -87.7769
92.4624, 10.4, -87.2695
93.4046, 10.4, -88.9578
94.3468, 10.4, -91.3876
95.289, 10.4, -94.09
96.2312, 10.4, -96.8942
97.1734, 10.4, -99.6536
98.11562, 10.4, -101.9376
99.05781, 10.4, -102.7006
14.26, 11.2, -64.2978
15.1919, 11.2, -64.9711
16.1239, 11.2, -65.5454
17.0558, 11.2, -65.905
17.9878, 11.2, -65.9818
18.9197, 11.2, -66.1538
19.8517, 11.2, -66.7021
20.7837, 11.2, -66.9282
21.7156, 11.2, -67.2895
22.6476, 11.2, -67.7542
23.5795, 11.2, -68.2396
24.5115, 11.2, -68.705
25.4434, 11.2, -69.1586
26.3754, 11.2, -69.6173
27.3074, 11.2, -70.094
28.2393, 11.2, -70.5947
29.1713, 11.2, -71.016
30.1032, 11.2, -71.6514
31.0352, 11.2, -71.4459
31.9671, 11.2, -71.4451
32.8991, 11.2, -71.3029
33.8311, 11.2, -71.1595
34.763, 11.2, -71.0541
35.695, 11.2, -71.0083
36.6269, 11.2, -71.0458
37.5589, 11.2, -71.2008
38.4908, 11.2, -71.4725
39.4228, 11.2, -71.6924
40.3548, 11.2, -71.5958
41.2867, 11.2, -70.7744
42.2187, 11.2, -69.8191
43.1506, 11.2, -69.0164
44.0826, 11.2, -68.3603
45.0145, 11.2, -67.7964
45.9465, 11.2, -67.272
46.8785, 11.2, -66.7805
47.8104, 11.2, -66.3559
48.7424, 11.2, -66.3647
49.6743, 11.2, -67.7424
50.6063, 11.2, -66.4386
51.5382, 11.2, -64.4727
52.4702, 11.2, -63.7041
53.4021, 11.2, -63.248
54.3341, 11.2, -62.84
55.2661, 11.2, -62.407
56.198, 11.2, -61.9211
57.13, 11.2, -61.3887
58.0619, 11.2, -60.8812
58.9939, 11.2, -60.9692
59.9258, 11.2, -61.4327
60.8578, 11.2, -61.3061
61.7898, 11.2, -61.5987
62.7217, 11.2, -62.4964
63.6537, 11.2, -63.4073
64.5856, 11.2, -64.2673
65.5176, 11.2, -65.1037
66.4495, 11.2, -65.9575
67.3815, 11.2, -66.8687
68.3135, 11.2, -67.8543
69.2454, 11.2, -68.585
70.1774, 11.2, -68.6375
71.1093, 11.2, -71.0542
72.0413, 11.2, -72.5852
72.9732, 11.2, -73.6777
73.9052, 11.2, -74.7387
74.8372, 11.2, -75.915
75.7691, 11.2, -77.3082
76.7011, 11.2, -79.006
77.633, 11.2, -81.0258
78.565, 11.2, -82.7166
79.4969, 11.2, -80.9011
80.4289, 11.2, -81.5882
81.3609, 11.2, -85.3429
82.2928, 11.2, -84.8676
83.2248, 11.2, -83.8843
84.1567, 11.2, -83.2721
85.0887, 11.2, -83.0957
86.0206, 11.2, -83.3297
86.9526, 11.2, -84.0868
87.8846, 11.2, -85.6265
88.8165, 11.2, -89.0227
89.7485, 11.2, -95.8305
90.6804, 11.2, -93.9549
91.6124, 11.2, -91.6558
92.5443, 11.2, -92.5638
93.4763, 11.2, -94.8128
94.4083, 11.2, -97.6462
95.34022, 11.2, -100.7104
96.27217, 11.2, -103.7947
97.20413, 11.2, -106.6675
98.13609, 11.2, -108.9364
99.06805, 11.2, -109.389
15.2017, 12, -67.9928
16.1234, 12, -68.8708
17.0452, 12, -69.665
17.9669, 12, -70.1536
18.8886, 12, -70.1496
19.8103, 12, -69.3335
20.732, 12, -70.6644
21.6538, 12, -71.3776
22.5755, 12, -71.8459
23.4972, 12, -72.2784
24.4189, 12, -72.7009
25.3406, 12, -73.1254
26.2624, 12, -73.5748
27.1841, 12, -74.0702
28.1058, 12, -74.6662
29.0275, 12, -75.505
29.9492, 12, -76.3351
30.871, 12, -76.0695
31.7927, 12, -75.5841
32.7144, 12, -75.2796
33.6361, 12, -75.0645
34.5578, 12, -74.9178
35.4796, 12, -74.8462
36.4013, 12, -74.8631
37.323, 12, -75.004
38.2447, 12, -75.307
39.1665, 12, -75.7106
40.0882, 12, -75.7649
41.0099, 12, -74.8415
41.9316, 12, -73.8423
42.8533, 12, -73.029
43.7751, 12, -72.3771
44.6968, 12, -71.8168
45.6185, 12, -71.2975
46.5402, 12, -70.7735
47.4619, 12, -70.1758
48.3837, 12, -69.434
49.3054, 12, -68.8911
50.2271, 12, -69.5112
51.1488, 12, -67.3263
52.0705, 12, -67.0993
52.9923, 12, -66.8027
53.914, 12, -66.4098
54.8357, 12, -65.9243
55.7574, 12, -65.336
56.6791, 12, -64.6062
57.6009, 12, -63.6768
58.5226, 12, -62.4102
59.4443, 12, -61.3196
60.366, 12, -61.5013
61.2877, 12, -62.6766
62.2095, 12, -64.3747
63.1312, 12, -65.6289
64.0529, 12, -66.6624
64.9746, 12, -67.579
65.8963, 12, -68.4424
66.8181, 12, -69.3204
67.7398, 12, -70.2646
68.6615, 12, -71.2526
69.5832, 12, -71.8184
70.5049, 12, -73.3056
71.4267, 12, -75.411
72.3484, 12, -76.529
73.2701, 12, -77.4936
74.1918, 12, -78.5467
75.1135, 12, -79.7969
76.0353, 12, -81.3338
76.957, 12, -83.3463
77.8787, 12, -86.0335
78.8004, 12, -89.287
79.7222, 12, -88.0458
80.6439, 12, -91.0428
81.5656, 12, -90.522
82.4873, 12, -88.7708
83.409, 12, -87.6625
84.3307, 12, -87.1671
85.2525, 12, -87.1164
86.1742, 12, -87.4234
87.0959, 12, -88.0644
88.0176, 12, -88.9138
88.9394, 12, -89.3911
89.8611, 12, -94.4472
90.7828, 12, -92.0465
91.7045, 12, -94.5855
92.6262, 12, -97.4519
93.54796, 12, -100.5628
94.46968, 12, -103.8827
95.3914, 12, -107.2954
96.31312, 12, -110.6629
97.23484, 12, -113.7939
98.15656, 12, -116.3931
99.07828, 12, -117.6593
16.1435, 12.8, -71.7902
17.055, 12.8, -72.9387
17.9665, 12.8, -74.0054
18.8779, 12.8, -74.2669
19.7894, 12.8, -73.3381
20.7009, 12.8, -74.4622
21.6124, 12.8, -75.4529
22.5239, 12.8, -75.9667
23.4354, 12.8, -76.3156
24.3468, 12.8, -76.6276
25.2583, 12.8, -76.9856
26.1698, 12.8, -77.4177
27.0813, 12.8, -77.9422
27.9928, 12.8, -78.6012
28.9043, 12.8, -79.4818
29.8157, 12.8, -80.6707
30.7272, 12.8, -80.357
31.6387, 12.8, -79.5707
32.5502, 12.8, -79.0763
33.4617, 12.8, -78.7631
34.3732, 12.8, -78.5796
35.2846, 12.8, -78.4897
36.1961, 12.8, -78.4754
37.1076, 12.8, -78.5333
38.0191, 12.8, -78.6949
38.9306, 12.8, -79.1258
39.8421, 12.8, -79.6976
40.7535, 12.8, -78.6133
41.665, 12.8, -77.4874
42.5765, 12.8, -76.7832
43.488, 12.8, -76.2134
44.3995, 12.8, -75.686
45.311, 12.8, -75.1818
46.2225, 12.8, -74.6782
47.1339, 12.8, -74.1202
48.0454, 12.8, -73.3152
48.9569, 12.8, -71.8533
49.8684, 12.8, -69.3981
50.7799, 12.8, -69.8766
51.6914, 12.8, -70.5038
52.6028, 12.8, -70.4982
53.5143, 12.8, -70.1717
54.4258, 12.8, -69.7188
55.3373, 12.8, -69.1467
56.2488, 12.8, -68.3964
57.1603, 12.8, -67.3563
58.0717, 12.8, -65.827
58.9832, 12.8, -63.5082
59.8947, 12.8, -60.5666
60.8062, 12.8, -63.2198
61.7177, 12.8, -66.0475
62.6292, 12.8, -67.8863
63.5406, 12.8, -69.2083
64.4521, 12.8, -70.227
65.3636, 12.8, -71.0813
66.2751, 12.8, -71.8657
67.1866, 12.8, -72.6551
68.0981, 12.8, -73.5156
69.0096, 12.8, -74.6316
69.921, 12.8, -76.3487
70.8325, 12.8, -77.8363
71.744, 12.8, -78.7743
72.6555, 12.8, -79.7106
73.567, 12.8, -80.7399
74.4785, 12.8, -81.8854
75.3899, 12.8, -83.1963
76.3014, 12.8, -84.7508
77.2129, 12.8, -86.7153
78.1244, 12.8, -89.6184
79.0359, 12.8, -94.8424
79.94736, 12.8, -102.1111
80.8588, 12.8, -96.6874
81.7703, 12.8, -92.5454
82.6818, 12.8, -90.9894
83.5933, 12.8, -90.4225
84.5048, 12.8, -90.2447
85.4163, 12.8, -90.3041
86.3277, 12.8, -90.5049
87.2392, 12.8, -90.6705
88.1507, 12.8, -90.3077
89.0622, 12.8, -88.7927
89.9737, 12.8, -85.0895
90.8852, 12.8, -91.6264
91.7966, 12.8, -97.2654
92.70813, 12.8, -101.8959
93.61961, 12.8, -105.9379
94.5311, 12.8, -109.8421
95.44258, 12.8, -113.7041
96.35406, 12.8, -117.4866
97.26555, 12.8, -121.0905
98.17703, 12.8, -124.3537
99.08852, 12.8, -127.2566
17.0852, 13.6, -75.7556
17.9865, 13.6, -77.2287
18.8877, 13.6, -78.4826
19.789, 13.6, -78.3533
20.6902, 13.6, -78.736
21.5915, 13.6, -79.5295
22.4927, 13.6, -79.8531
23.394, 13.6, -80.0141
24.2952, 13.6, -80.2208
25.1965, 13.6, -80.5207
26.0977, 13.6, -80.931
26.999, 13.6, -81.4706
27.9002, 13.6, -82.1692
28.8015, 13.6, -83.0689
29.7027, 13.6, -84.4221
30.604, 13.6, -84.0598
31.5052, 13.6, -83.1864
32.4065, 13.6, -82.5807
33.3077, 13.6, -82.222
34.2089, 13.6, -82.0286
35.1102, 13.6, -81.9405
36.0114, 13.6, -81.9169
36.9127, 13.6, -81.9288
37.8139, 13.6, -81.9616
38.7152, 13.6, -82.0727
39.6164, 13.6, -82.7732
40.5177, 13.6, -81.9938
41.4189, 13.6, -80.8937
42.3202, 13.6, -80.3402
43.2214, 13.6, -79.8558
44.1227, 13.6, -79.3769
45.0239, 13.6, -78.8916
45.9252, 13.6, -78.3928
46.8264, 13.6, -77.8631
47.7277, 13.6, -77.2436
48.6289, 13.6, -76.2474
49.5302, 13.6, -72.9036
50.4314, 13.6, -71.8096
51.3326, 13.6, -74.1719
52.2339, 13.6, -74.254
53.1351, 13.6, -74.0067
54.0364, 13.6, -73.6559
54.9376, 13.6, -73.194
55.8389, 13.6, -72.5623
56.7401, 13.6, -71.6631
57.6414, 13.6, -70.3337
58.5426, 13.6, -68.27
59.4439, 13.6, -64.5671
60.3451, 13.6, -63.3329
61.2464, 13.6, -68.0626
62.1476, 13.6, -70.4649
63.0489, 13.6, -72.0462
63.9501, 13.6, -73.161
64.8514, 13.6, -73.9992
65.7526, 13.6, -74.6819
66.6538, 13.6, -75.3041
67.5551, 13.6, -75.9655
68.4563, 13.6, -76.8259
69.3576, 13.6, -78.4363
70.2588, 13.6, -81.008
71.1601, 13.6, -80.9014
72.0613, 13.6, -81.6029
72.9626, 13.6, -82.5799
73.8638, 13.6, -83.6783
74.7651, 13.6, -84.8749
75.6663, 13.6, -86.1859
76.5676, 13.6, -87.6713
77.4688, 13.6, -89.4952
78.3701, 13.6, -92.2362
79.2713, 13.6, -99.5256
80.17256, 13.6, -111.6473
81.0738, 13.6, -96.6305
81.9751, 13.6, -93.5309
82.8763, 13.6, -92.7819
83.7775, 13.6, -92.6139
84.6788, 13.6, -92.6418
85.58, 13.6, -92.7
86.4813, 13.6, -92.665
87.3825, 13.6, -92.3743
88.2838, 13.6, -91.462
89.185, 13.6, -88.0972
90.0863, 13.6, -77.3231
90.9875, 13.6, -93.6279
91.88877, 13.6, -100.7503
92.79002, 13.6, -106.1155
93.69127, 13.6, -110.9455
94.59251, 13.6, -115.5112
95.49377, 13.6, -119.9215
96.39501, 13.6, -124.2371
97.29626, 13.6, -128.5136
98.1975, 13.6, -132.8717
99.09875, 13.6, -138.0795
18.027, 14.4, -79.9608
18.918, 14.4, -82.0783
19.809, 14.4, -83.3378
20.7, 14.4, -83.4747
21.5911, 14.4, -83.3735
22.4821, 14.4, -83.2494
23.3731, 14.4, -83.272
24.2641, 14.4, -83.4326
25.1551, 14.4, -83.7015
26.0461, 14.4, -84.07
26.9371, 14.4, -84.5575
27.8281, 14.4, -85.2249
28.7191, 14.4, -86.0928
29.6102, 14.4, -87.2741
30.5012, 14.4, -87.2051
31.3922, 14.4, -86.2361
32.2832, 14.4, -85.7051
33.1742, 14.4, -85.402
34.0652, 14.4, -85.2542
34.9562, 14.4, -85.1934
35.8472, 14.4, -85.1895
36.7382, 14.4, -85.2168
37.6292, 14.4, -85.2156
38.5203, 14.4, -85.0976
39.4113, 14.4, -84.9616
40.3023, 14.4, -84.8674
41.1933, 14.4, -84.1344
42.0843, 14.4, -83.8388
42.9753, 14.4, -83.4342
43.8663, 14.4, -82.945
44.7573, 14.4, -82.4451
45.6483, 14.4, -81.9624
46.5394, 14.4, -81.4921
47.4304, 14.4, -80.9797
48.3214, 14.4, -80.3186
49.2124, 14.4, -79.1415
50.1034, 14.4, -76.6461
50.9944, 14.4, -78.1348
51.8854, 14.4, -78.1975
52.7764, 14.4, -78.0113
53.6674, 14.4, -77.7098
54.5585, 14.4, -77.3381
55.4495, 14.4, -76.8995
56.3405, 14.4, -76.331
57.2315, 14.4, -75.4642
58.1225, 14.4, -74.0054
59.0135, 14.4, -71.6088
59.9045, 14.4, -67.9527
60.7955, 14.4, -71.1166
61.6865, 14.4, -73.8984
62.5775, 14.4, -75.5481
63.4686, 14.4, -76.5856
64.3596, 14.4, -77.2808
65.2506, 14.4, -77.836
66.1416, 14.4, -78.3357
67.0326, 14.4, -78.8269
67.9236, 14.4, -79.3778
68.8146, 14.4, -80.2636
69.7056, 14.4, -82.0461
70.5966, 14.4, -83.0645
71.4877, 14.4, -83.4867
72.3787, 14.4, -84.3154
73.2697, 14.4, -85.3181
74.1607, 14.4, -86.3922
75.0517, 14.4, -87.5559
75.9427, 14.4, -88.839
76.8337, 14.4, -90.2791
77.7247, 14.4, -91.9338
78.6157, 14.4, -94.2397
79.50675, 14.4, -100.0089
80.39777, 14.4, -101.6315
81.2888, 14.4, -95.8688
82.1798, 14.4, -94.8887
83.0708, 14.4, -94.6808
83.9618, 14.4, -94.6813
84.8528, 14.4, -94.7671
85.7438, 14.4, -94.8316
86.6348, 14.4, -94.7426
87.5258, 14.4, -94.2854
88.4169, 14.4, -92.9423
89.3079, 14.4, -89.3176
90.1989, 14.4, -86.1311
91.0899, 14.4, -97.5849
91.9809, 14.4, -104.9517
92.87192, 14.4, -110.8434
93.76292, 14.4, -116.1922
94.65394, 14.4, -121.2872
95.54494, 14.4, -126.2626
96.43596, 14.4, -131.2177
97.32697, 14.4, -136.2748
98.21798, 14.4, -141.7931
99.10899, 14.4, -148.79
18.9688, 15.2, -85.0152
19.8495, 15.2, -88.1502
20.7303, 15.2, -87.7712
21.6111, 15.2, -86.6694
22.4919, 15.2, -86.2542
23.3726, 15.2, -86.2273
24.2534, 15.2, -86.3837
25.1342, 15.2, -86.6492
26.015, 15.2, -86.9907
26.8957, 15.2, -87.392
27.7765, 15.2, -87.8658
28.6573, 15.2, -88.5756
29.5381, 15.2, -89.4638
30.4188, 15.2, -89.4438
31.2996, 15.2, -88.7973
32.1804, 15.2, -88.4483
33.0612, 15.2, -88.3343
33.9419, 15.2, -88.2732
34.8227, 15.2, -88.2461
35.7035, 15.2, -88.2536
36.5843, 15.2, -88.29
37.465, 15.2, -88.3284
38.3458, 15.2, -88.2794
39.2266, 15.2, -87.7514
40.1074, 15.2, -86.5368
40.9881, 15.2, -87.3917
41.8689, 15.2, -87.2831
42.7497, 15.2, -86.8039
43.6305, 15.2, -86.2567
44.5112, 15.2, -85.7203
45.392, 15.2, -85.2264
46.2728, 15.2, -84.7873
47.1535, 15.2, -84.4026
48.0343, 15.2, -84.072
48.9151, 15.2, -83.8426
49.7959, 15.2, -85.9602
50.6766, 15.2, -83.4684
51.5574, 15.2, -82.4147
52.4382, 15.2, -81.99
53.319, 15.2, -81.5958
54.1997, 15.2, -81.2504
55.0805, 15.2, -80.9441
55.9613, 15.2, -80.652
56.8421, 15.2, -80.3365
57.7228, 15.2, -79.9054
58.6036, 15.2, -78.8823
59.4844, 15.2, -77.4869
60.3652, 15.2, -77.4223
61.2459, 15.2, -78.6643
62.1267, 15.2, -79.9041
63.0075, 15.2, -80.4144
63.8883, 15.2, -80.7787
64.769, 15.2, -81.1144
65.6498, 15.2, -81.4558
66.5306, 15.2, -81.8305
67.4114, 15.2, -82.2706
68.2921, 15.2, -82.7747
69.1729, 15.2, -83.349
70.0537, 15.2, -83.6382
70.9344, 15.2, -84.971
71.8152, 15.2, -85.9263
72.696, 15.2, -86.8054
73.5768, 15.2, -87.7245
74.4575, 15.2, -88.7232
75.3383, 15.2, -89.8167
76.2191, 15.2, -91.0272
77.0999, 15.2, -92.376
77.9806, 15.2, -93.8013
78.8614, 15.2, -94.6356
79.7422, 15.2, -88.8447
80.623, 15.2, -93.887
81.5037, 15.2, -96.2194
82.3845, 15.2, -96.3723
83.2653, 15.2, -96.4524
84.1461, 15.2, -96.6342
85.0268, 15.2, -96.8537
85.9076, 15.2, -97.0134
86.7884, 15.2, -96.9764
87.6692, 15.2, -96.5272
88.5499, 15.2, -95.4297
89.4307, 15.2, -94.6254
90.3115, 15.2, -98.0064
91.19226, 15.2, -103.0106
92.07303, 15.2, -109.8821
92.9538, 15.2, -116.0781
93.83458, 15.2, -121.8357
94.71535, 15.2, -127.3838
95.59613, 15.2, -132.8691
96.47691, 15.2, -138.4302
97.35767, 15.2, -144.2896
98.23845, 15.2, -150.7019
99.11922, 15.2, -157.9255
19.9105, 16, -92.728
20.7811, 16, -90.551
21.6516, 16, -89.3323
22.5221, 16, -88.9481
23.3927, 16, -88.9388
24.2632, 16, -89.124
25.1338, 16, -89.4097
26.0043, 16, -89.746
26.8748, 16, -90.1007
27.7454, 16, -90.441
28.6159, 16, -90.7156
29.4865, 16, -91.0849
30.357, 16, -91.1465
31.2275, 16, -90.9585
32.0981, 16, -91.0683
32.9686, 16, -91.1019
33.8391, 16, -91.1093
34.7097, 16, -91.1121
35.5802, 16, -91.1249
36.4508, 16, -91.1597
37.3213, 16, -91.224
38.1918, 16, -91.2959
39.0624, 16, -91.0838
39.9329, 16, -89.0337
40.8034, 16, -90.7474
41.674, 16, -90.5798
42.5445, 16, -89.947
43.4151, 16, -89.3115
44.2856, 16, -88.7244
45.1561, 16, -88.2003
46.0267, 16, -87.7561
46.8972, 16, -87.4274
47.7677, 16, -87.3032
48.6383, 16, -87.7008
49.5088, 16, -89.9171
50.3794, 16, -90.3552
51.2499, 16, -87.1037
52.1204, 16, -85.8744
52.991, 16, -85.2779
53.8615, 16, -84.9184
54.732, 16, -84.698
55.6026, 16, -84.5866
56.4731, 16, -84.5851
57.3437, 16, -84.7253
58.2142, 16, -85.1097
59.0847, 16, -86.0739
59.9553, 16, -86.44
60.8258, 16, -85.8952
61.6963, 16, -85.0233
62.5669, 16, -84.6623
63.4374, 16, -84.5438
64.308, 16, -84.5564
65.1785, 16, -84.6605
66.049, 16, -84.8407
66.9196, 16, -85.092
67.7901, 16, -85.4068
68.6606, 16, -85.7077
69.5312, 16, -85.4674
70.4017, 16, -85.428
71.2723, 16, -86.9489
72.1428, 16, -87.9827
73.0133, 16, -88.8403
73.8839, 16, -89.7011
74.7544, 16, -90.6097
75.6249, 16, -91.5845
76.4955, 16, -92.6237
77.366, 16, -93.6628
78.2366, 16, -94.3279
79.1071, 16, -91.9838
79.9776, 16, -79.0312
80.8482, 16, -92.9872
81.7187, 16, -96.8141
82.5892, 16, -97.5989
83.4598, 16, -98.065
84.3303, 16, -98.5213
85.2009, 16, -98.9635
86.0714, 16, -99.3264
86.9419, 16, -99.5295
87.8125, 16, -99.5259
88.683, 16, -99.668
89.55355, 16, -102.3439
90.42409, 16, -106.0794
91.29462, 16, -109.5836
92.16516, 16, -115.587
93.0357, 16, -121.8018
93.90623, 16, -127.8435
94.77677, 16, -133.7716
95.64731, 16, -139.6963
96.51785, 16, -145.7418
97.38839, 16, -152.0503
98.25893, 16, -158.7552
99.12946, 16, -165.5196
20.8523, 16.8, -92.0341
21.7126, 16.8, -91.3528
22.5729, 16.8, -91.2454
23.4332, 16.8, -91.3979
24.2935, 16.8, -91.6827
25.1538, 16.8, -92.031
26.0141, 16.8, -92.3961
26.8744, 16.8, -92.7315
27.7347, 16.8, -92.9601
28.595, 16.8, -92.9195
29.4553, 16.8, -92.4909
30.3156, 16.8, -92.4746
31.1759, 16.8, -93.1529
32.0362, 16.8, -93.6169
32.8965, 16.8, -93.81
33.7568, 16.8, -93.8709
34.6171, 16.8, -93.8863
35.4774, 16.8, -93.8926
36.3377, 16.8, -93.912
37.198, 16.8, -93.9617
38.0583, 16.8, -94.0463
38.9186, 16.8, -94.2164
39.7789, 16.8, -94.4228
40.6392, 16.8, -94.3474
41.4995, 16.8, -93.6585
42.3598, 16.8, -92.8953
43.2201, 16.8, -92.1746
44.0804, 16.8, -91.5264
44.9407, 16.8, -90.9592
45.801, 16.8, -90.4912
46.6613, 16.8, -90.1678
47.5216, 16.8, -90.1062
48.3819, 16.8, -90.6353
49.2422, 16.8, -92.1711
50.1025, 16.8, -93.0996
50.9628, 16.8, -91.5349
51.8231, 16.8, -89.7516
52.6834, 16.8, -88.7712
53.5437, 16.8, -88.3205
54.404, 16.8, -88.1328
55.2643, 16.8, -88.1312
56.1246, 16.8, -88.3152
56.9849, 16.8, -88.7562
57.8452, 16.8, -89.6929
58.7055, 16.8, -91.6152
59.5658, 16.8, -94.6192
60.4262, 16.8, -94.4015
61.2865, 16.8, -91.2386
62.1468, 16.8, -89.3619
63.0071, 16.8, -88.4868
63.8674, 16.8, -88.0743
64.7277, 16.8, -87.883
65.588, 16.8, -87.8254
66.4483, 16.8, -87.8616
67.3086, 16.8, -87.9624
68.1689, 16.8, -88.0575
69.0292, 16.8, -87.9833
69.8895, 16.8, -87.4715
70.7498, 16.8, -87.7518
71.6101, 16.8, -88.6181
72.4704, 16.8, -89.5892
73.3307, 16.8, -90.4081
74.191, 16.8, -91.1797
75.0513, 16.8, -91.9507
75.9116, 16.8, -92.7207
76.7719, 16.8, -93.4291
77.6322, 16.8, -93.8236
78.4925, 16.8, -93.1339
79.3528, 16.8, -90.8621
80.2131, 16.8, -90.1864
81.0734, 16.8, -94.3441
81.9337, 16.8, -97.1815
82.794, 16.8, -98.6988
83.6543, 16.8, -99.6604
84.51458, 16.8, -100.498
85.37488, 16.8, -101.2828
86.23518, 16.8, -102.0128
87.09548, 16.8, -102.7067
87.95579, 16.8, -103.5969
88.81609, 16.8, -105.2503
89.67638, 16.8, -107.9581
90.53669, 16.8, -112.0053
91.39699, 16.8, -116.5681
92.25729, 16.8, -121.9491
93.11759, 16.8, -127.9648
93.97789, 16.8, -134.1177
94.8382, 16.8, -140.2833
95.69849, 16.8, -146.4921
96.55879, 16.8, -152.8113
97.4191, 16.8, -159.3013
98.2794, 16.8, -165.8897
99.1397, 16.8, -172.517
21.7941, 17.6, -92.788
22.6441, 17.6, -93.138
23.4942, 17.6, -93.5682
24.3443, 17.6, -94.0355
25.1943, 17.6, -94.5046
26.0444, 17.6, -94.9406
26.8945, 17.6, -95.296
27.7445, 17.6, -95.4933
28.5946, 17.6, -95.4013
29.4446, 17.6, -94.5983
30.2947, 17.6, -94.1584
31.1448, 17.6, -95.7237
31.9948, 17.6, -96.2628
32.8449, 17.6, -96.4947
33.695, 17.6, -96.5834
34.545, 17.6, -96.5969
35.3951, 17.6, -96.5779
36.2452, 17.6, -96.5569
37.0952, 17.6, -96.5647
37.9453, 17.6, -96.6627
38.7954, 17.6, -97.0262
39.6454, 17.6, -98.7152
40.4955, 17.6, -98.1686
41.3455, 17.6, -96.49
42.1956, 17.6, -95.5781
43.0457, 17.6, -94.7999
43.8957, 17.6, -94.0993
44.7458, 17.6, -93.4833
45.5959, 17.6, -92.9734
46.4459, 17.6, -92.6165
47.296, 17.6, -92.4922
48.1461, 17.6, -92.7205
48.9961, 17.6, -93.3565
49.8462, 17.6, -93.3317
50.6963, 17.6, -93.4848
51.5463, 17.6, -92.7086
52.3964, 17.6, -91.8742
53.2465, 17.6, -91.391
54.0965, 17.6, -91.195
54.9466, 17.6, -91.2507
55.7966, 17.6, -91.5438
56.6467, 17.6, -92.1374
57.4968, 17.6, -93.1501
58.3468, 17.6, -94.8363
59.1969, 17.6, -97.7655
60.04697, 17.6, -103.1087
60.897, 17.6, -97.0186
61.7471, 17.6, -94.1332
62.5972, 17.6, -92.5376
63.4472, 17.6, -91.6096
64.2973, 17.6, -91.0622
65.1474, 17.6, -90.7416
65.9974, 17.6, -90.5542
66.8475, 17.6, -90.4415
67.6975, 17.6, -90.3441
68.5476, 17.6, -90.1971
69.3977, 17.6, -89.9896
70.2477, 17.6, -89.853
71.0978, 17.6, -89.755
71.9479, 17.6, -90.199
72.7979, 17.6, -90.8284
73.648, 17.6, -91.4969
74.4981, 17.6, -92.1288
75.3481, 17.6, -92.6872
76.1982, 17.6, -93.1277
77.0483, 17.6, -93.355
77.8983, 17.6, -93.3166
78.7484, 17.6, -93.2093
79.5984, 17.6, -96.8987
80.4485, 17.6, -97.4736
81.2986, 17.6, -96.1544
82.1486, 17.6, -98.0853
82.9987, 17.6, -99.8509
83.84878, 17.6, -101.3465
84.69884, 17.6, -102.6694
85.5489, 17.6, -103.9254
86.39896, 17.6, -105.1972
87.24903, 17.6, -106.5934
88.0991, 17.6, -108.2505
88.94916, 17.6, -110.2595
89.79922, 17.6, -111.2937
90.64929, 17.6, -116.855
91.49935, 17.6, -122.8369
92.34942, 17.6, -128.5331
93.19949, 17.6, -134.4685
94.04955, 17.6, -140.5869
94.89961, 17.6, -146.834
95.74968, 17.6, -153.1642
96.59974, 17.6, -159.5669
97.44981, 17.6, -166.0285
98.29987, 17.6, -172.5446
99.14993, 17.6, -179.1023
22.7358, 18.4, -94.77
23.5757, 18.4, -95.5482
24.4155, 18.4, -96.2646
25.2553, 18.4, -96.9164
26.0951, 18.4, -97.4907
26.935, 18.4, -97.9606
27.7748, 18.4, -98.2703
28.6146, 18.4, -98.2904
29.4545, 18.4, -97.5935
30.2943, 18.4, -97.34
31.1341, 18.4, -98.7586
31.9739, 18.4, -99.1969
32.8138, 18.4, -99.3442
33.6536, 18.4, -99.3614
34.4934, 18.4, -99.3137
35.3332, 18.4, -99.2383
36.1731, 18.4, -99.1646
37.0129, 18.4, -99.1289
37.8527, 18.4, -99.2023
38.6926, 18.4, -99.6134
39.53239, 18.4, -101.0241
40.37222, 18.4, -101.1571
41.212, 18.4, -99.0154
42.0519, 18.4, -97.8946
42.8917, 18.4, -97.0526
43.7315, 18.4, -96.3122
44.5714, 18.4, -95.6473
45.4112, 18.4, -95.0649
46.251, 18.4, -94.5875
47.0908, 18.4, -94.2492
47.9307, 18.4, -94.0712
48.7705, 18.4, -93.833
49.6103, 18.4, -93.4382
50.4501, 18.4, -93.511
51.29, 18.4, -93.7497
52.1298, 18.4, -93.6894
52.9696, 18.4, -93.5127
53.8095, 18.4, -93.4875
54.6493, 18.4, -93.6365
55.4891, 18.4, -93.9696
56.3289, 18.4, -94.5186
57.1688, 18.4, -95.3542
58.0086, 18.4, -96.6112
58.8484, 18.4, -98.5281
59.68826, 18.4, -102.8235
60.52809, 18.4, -101.1834
61.3679, 18.4, -97.6597
62.2077, 18.4, -95.8513
63.0476, 18.4, -94.6895
63.8874, 18.4, -93.9215
64.7272, 18.4, -93.3927
65.5671, 18.4, -93.0119
66.4069, 18.4, -92.7191
67.2467, 18.4, -92.4689
68.0865, 18.4, -92.2209
68.9264, 18.4, -91.9644
69.7662, 18.4, -91.7171
70.606, 18.4, -91.6815
71.4458, 18.4, -91.6203
72.2857, 18.4, -91.7645
73.1255, 18.4, -92.0915
73.9653, 18.4, -92.4669
74.8052, 18.4, -92.8351
75.645, 18.4, -93.1626
76.4848, 18.4, -93.4301
77.3246, 18.4, -93.6609
78.1645, 18.4, -94.1126
79.0043, 18.4, -96.2534
79.84413, 18.4, -102.0537
80.684, 18.4, -99.5251
81.5238, 18.4, -98.4559
82.3636, 18.4, -99.7692
83.20344, 18.4, -101.585
84.04327, 18.4, -103.3989
84.88309, 18.4, -105.1701
85.72292, 18.4, -106.9307
86.56275, 18.4, -108.7302
87.40258, 18.4, -110.6252
88.24241, 18.4, -112.6321
89.08224, 18.4, -114.3981
89.92207, 18.4, -115.325
90.76189, 18.4, -121.8045
91.60172, 18.4, -128.4402
92.44155, 18.4, -134.599
93.28138, 18.4, -140.7347
94.1212, 18.4, -146.9509
94.96103, 18.4, -153.2416
95.80086, 18.4, -159.5911
96.64069, 18.4, -165.9868
97.48051, 18.4, -172.4184
98.32034, 18.4, -178.8681
99.16017, 18.4, -185.3459
23.6776, 19.2, -97.3603
24.5072, 19.2, -98.5387
25.3368, 19.2, -99.5051
26.16636, 19.2, -100.2935
26.99596, 19.2, -100.97
27.82555, 19.2, -101.5001
28.65514, 19.2, -101.7877
29.48473, 19.2, -101.7099
30.31432, 19.2, -101.9761
31.14391, 19.2, -102.3305
31.9735, 19.2, -102.4858
32.8031, 19.2, -102.437
33.63269, 19.2, -102.3076
34.46228, 19.2, -102.1399
35.29187, 19.2, -101.9575
36.12146, 19.2, -101.7814
36.95105, 19.2, -101.6405
37.78064, 19.2, -101.5945
38.61024, 19.2, -101.7502
39.43983, 19.2, -102.2957
40.26942, 19.2, -102.0953
41.09901, 19.2, -100.8513
41.9286, 19.2, -99.709
42.7582, 19.2, -98.8169
43.5878, 19.2, -98.0258
44.4174, 19.2, -97.2877
45.247, 19.2, -96.5952
46.0766, 19.2, -95.9502
46.9062, 19.2, -95.3498
47.7357, 19.2, -94.7463
48.5653, 19.2, -94.129
49.3949, 19.2, -93.4968
50.2245, 19.2, -93.1133
51.0541, 19.2, -93.6217
51.8837, 19.2, -93.9454
52.7133, 19.2, -94.2461
53.5429, 19.2, -94.5008
54.3725, 19.2, -94.7926
55.2021, 19.2, -95.1651
56.0317, 19.2, -95.642
56.8612, 19.2, -96.2507
57.6908, 19.2, -97.0221
58.5204, 19.2, -98.1565
59.35002, 19.2, -100.0856
60.17961, 19.2, -100.6758
61.0092, 19.2, -99.1183
61.8388, 19.2, -97.5514
62.6684, 19.2, -96.5939
63.498, 19.2, -95.8944
64.3276, 19.2, -95.3535
65.1572, 19.2, -94.9196
65.9868, 19.2, -94.5539
66.8163, 19.2, -94.2277
67.6459, 19.2, -93.9179
68.4755, 19.2, -93.6229
69.3051, 19.2, -93.318
70.1347, 19.2, -92.8902
70.9643, 19.2, -93.201
71.7939, 19.2, -93.2488
72.6235, 19.2, -93.2976
73.4531, 19.2, -93.4212
74.2827, 19.2, -93.5995
75.1123, 19.2, -93.799
75.9418, 19.2, -94.0156
76.7714, 19.2, -94.2879
77.601, 19.2, -94.797
78.4306, 19.2, -95.8164
79.2602, 19.2, -97.7691
80.0898, 19.2, -98.8808
80.9194, 19.2, -99.7848
81.74899, 19.2, -100.4269
82.57858, 19.2, -101.8961
83.40817, 19.2, -103.8119
84.23776, 19.2, -105.8871
85.06735, 19.2, -108.005
85.89695, 19.2, -110.148
86.72654, 19.2, -112.3215
87.55613, 19.2, -114.5147
88.38572, 19.2, -116.6457
89.21531, 19.2, -118.5691
90.04491, 19.2, -120.6232
90.8745, 19.2, -127.1245
91.70409, 19.2, -133.7149
92.53368, 19.2, -140.1811
93.36327, 19.2, -146.5575
94.19286, 19.2, -152.9111
95.02245, 19.2, -159.2805
95.85204, 19.2, -165.6699
96.68163, 19.2, -172.0743
97.51122, 19.2, -178.4809
98.34082, 19.2, -184.9032
99.17041, 19.2, -191.4082
