100, 0, 40.0812
0, 0, 6.0792
-20, 0, 2.10195e-44
-20, -20, 200
100, -20, 191.4147
100, 20, -180.2806
23.8, 20, -55.7032
98.9247, 0, 38.0887
97.8495, 0, 35.6305
96.7742, 0, 34.4307
95.6989, 0, 33.8733
94.6237, 0, 33.5251
93.5484, 0, 33.2975
92.4731, 0, 33.538
91.3979, 0, 35.8633
90.3226, 0, 40.447
89.2473, 0, 39.6918
88.172, 0, 36.8018
87.0968, 0, 36.5287
86.0215, 0, 37.6331
84.9462, 0, 39.0246
83.871, 0, 40.6407
82.7957, 0, 42.7879
81.7204, 0, 46.4619
80.6452, 0, 52.5158
79.5699, 0, 54.4129
78.4946, 0, 49.3124
77.4194, 0, 46.3129
76.3441, 0, 44.867
75.2688, 0, 44.0981
74.1936, 0, 43.8451
73.1183, 0, 44.261
72.043, 0, 46.0096
70.9677, 0, 50.4634
69.8925, 0, 53.7912
68.8172, 0, 47.2709
67.7419, 0, 41.877
66.6667, 0, 38.9752
65.5914, 0, 37.1733
64.5161, 0, 35.9102
63.4409, 0, 35.0172
62.3656, 0, 34.6314
61.2903, 0, 35.4608
60.2151, 0, 36.6893
59.1398, 0, 33.7371
58.0645, 0, 29.7476
56.9892, 0, 27.31
55.914, 0, 25.697
54.8387, 0, 24.3253
53.7634, 0, 23.0826
52.6882, 0, 22.1262
51.6129, 0, 22.3556
50.5376, 0, 24.3615
49.4624, 0, 23.1598
48.3871, 0, 18.9958
47.3118, 0, 16.7395
46.2366, 0, 15.6808
45.1613, 0, 14.8714
44.086, 0, 14.1015
43.0108, 0, 13.4044
41.9355, 0, 13.1907
40.8602, 0, 13.7972
39.7849, 0, 13.7639
38.7097, 0, 12.4546
37.6344, 0, 11.6228
36.5591, 0, 11.5794
35.4839, 0, 11.7184
34.4086, 0, 11.855
33.3333, 0, 11.9971
32.2581, 0, 12.3338
31.1828, 0, 13.2996
30.1075, 0, 14.3395
29.0323, 0, 13.3121
27.957, 0, 12.3357
26.8817, 0, 12.1035
25.8065, 0, 12.0894
24.7312, 0, 12.0335
23.6559, 0, 11.8558
22.5806, 0, 11.4926
21.5054, 0, 10.8658
20.4301, 0, 10.1617
19.3548, 0, 10.4504
18.2796, 0, 11.4588
17.2043, 0, 12.3469
16.129, 0, 12.9452
15.0538, 0, 13.37
13.9785, 0, 13.7119
12.9032, 0, 14.0609
11.828, 0, 14.5812
10.7527, 0, 15.5335
9.67742, 0, 16.7702
8.60215, 0, 15.8329
7.52688, 0, 15.4537
6.45161, 0, 15.3116
5.37634, 0, 15.8762
4.30108, 0, 12.5609
3.22581, 0, 15.8376
2.15054, 0, 13.7906
1.07527, 0, 12.8794
-1.05263, 0, 11.0977
-2.10526, 0, 11.6886
-3.15789, 0, 11.1138
-4.21053, 0, 10.1192
-5.2632, 0, 8.8046
-6.3158, 0, 7.1891
-7.3684, 0, 5.3656
-8.4211, 0, 3.3666
-9.4737, 0, 1.185
-10.5263, 0, 0.243417
-11.5789, 0, 0.590886
-12.6316, 0, 0.801252
-13.6842, 0, 0.905037
-14.7368, 0, 0.920958
-15.7895, 0, 0.861304
-16.8421, 0, 0.734831
-17.8947, 0, 0.547531
-18.9474, 0, 0.303074
-20, -1, 9.5
-20, -2, 19
-20, -3, 28.5
-20, -4, 38
-20, -5, 47.5
-20, -6, 57
-20, -7, 66.5
-20, -8, 76
-20, -9, 85.5
-20, -10, 100
-20, -11, 114.5
-20, -12, 124
-20, -13, 133.5
-20, -14, 143
-20, -15, 152.5
-20, -16, 162
-20, -17, 171.5
-20, -18, 181
-20, -19, 190.5
-18.92857, -20, 200.2858
-17.85714, -20, 200.5717
-16.78572, -20, 200.8575
-15.71429, -20, 201.1433
-14.64286, -20, 201.4292
-13.57143, -20, 201.715
-12.5, -20, 202.0009
-11.42857, -20, 202.2867
-10.35714, -20, 202.5725
-9.285714, -20, 202.8198
-8.214286, -20, 203.0477
-7.142857, -20, 203.2757
-6.071429, -20, 203.5036
-5, -20, 203.7316
-3.928571, -20, 203.9595
-2.857143, -20, 204.1874
-1.785714, -20, 204.4154
-0.7142857, -20, 204.6433
0.3571429, -20, 205.1862
1.428571, -20, 205.5078
2.5, -20, 205.4412
3.571429, -20, 205.8006
4.642857, -20, 205.8798
5.714286, -20, 205.9922
6.785714, -20, 206.0427
7.857143, -20, 206.0931
8.928572, -20, 206.1436
10, -20, 206.194
11.07143, -20, 206.4407
12.14286, -20, 206.6874
13.21429, -20, 206.9341
14.28571, -20, 207.1807
15.35714, -20, 207.4274
16.42857, -20, 207.6741
17.5, -20, 207.9208
18.57143, -20, 208.1674
19.64286, -20, 208.4141
20.71428, -20, 208.3406
21.78572, -20, 208.1071
22.85714, -20, 207.8735
23.92857, -20, 207.64
25, -20, 207.4064
26.07143, -20, 207.1728
27.14286, -20, 206.9393
28.21428, -20, 206.7057
29.28572, -20, 206.4721
30.35714, -20, 206.2845
31.42857, -20, 206.1888
32.5, -20, 206.0931
33.57143, -20, 205.9974
34.64286, -20, 205.9017
35.71429, -20, 205.806
36.78571, -20, 205.7102
37.85714, -20, 205.6145
38.92857, -20, 205.5188
40, -20, 205.4231
41.07143, -20, 205.2668
42.14286, -20, 205.1105
43.21429, -20, 204.9542
44.28571, -20, 204.7979
45.35714, -20, 204.6416
46.42857, -20, 204.4853
47.5, -20, 204.329
48.57143, -20, 204.1727
49.64286, -20, 204.0164
50.71429, -20, 203.9199
51.78571, -20, 203.8532
52.85714, -20, 203.7866
53.92857, -20, 203.7199
55, -20, 203.6533
56.07143, -20, 203.5866
57.14286, -20, 203.5199
58.21429, -20, 203.4533
59.28571, -20, 203.3866
60.35714, -20, 203.303
61.42857, -20, 203.1857
62.5, -20, 203.0683
63.57143, -20, 202.9509
64.64286, -20, 202.8335
65.71429, -20, 202.7162
66.78571, -20, 202.5988
67.85714, -20, 202.4814
68.92857, -20, 202.364
70, -20, 202.2466
71.07143, -20, 201.9455
72.14286, -20, 201.6444
73.21429, -20, 201.3433
74.28571, -20, 201.0421
75.35714, -20, 200.741
76.42857, -20, 200.4399
77.5, -20, 200.1388
78.57143, -20, 199.8376
79.64286, -20, 199.5365
80.71429, -20, 199.4978
81.78571, -20, 199.5903
82.85714, -20, 199.6828
83.92857, -20, 199.7753
85, -20, 199.8678
86.07143, -20, 199.9603
87.14286, -20, 200.0528
88.21429, -20, 200.1453
89.28571, -20, 200.2378
90.35714, -20, 199.9821
91.42857, -20, 199.0302
92.5, -20, 198.0782
93.57143, -20, 197.1263
94.64286, -20, 196.1744
95.71429, -20, 195.2224
96.78571, -20, 194.2705
97.85714, -20, 193.3185
98.92857, -20, 192.3666
100, -19, 183.7468
100, -18, 176.079
100, -17, 169.9209
100, -16, 163.9405
100, -15, 154.6617
100, -14, 144.5034
100, -13, 134.7319
100, -12, 125.1389
100, -11, 118.587
100, -10, 114.2467
100, -9, 103.7388
100, -8, 86.378
100, -7, 74.8685
100, -6, 73.39
100, -5, 67.9166
100, -4, 51.2575
100, -3, 37.0074
100, -2, 35.6049
100, -1, 34.5665
100, 0.8, 44.493
100, 1.6, 38.6095
100, 2.4, 27.9744
100, 3.2, 17.415
100, 4, 8.2172
100, 4.8, -0.980602
100, 5.6, -13.8681
100, 6.4, -31.8289
100, 7.2, -49.7897
100, 8, -69.4565
100, 8.8, -89.5781
100, 9.6, -104.3137
100, 10.4, -90.3239
100, 11.2, -76.3342
100, 12, -78.634
100, 12.8, -95.5945
100, 13.6, -112.555
100, 14.4, -114.8164
100, 15.2, -115.3485
100, 16, -119.7959
100, 16.8, -135.2059
100, 17.6, -150.6159
100, 18.4, -162.0502
100, 19.2, -171.1654
99.18065, 20, -170.1166
98.36129, 20, -159.9525
97.54194, 20, -149.7885
96.72258, 20, -139.6245
95.90323, 20, -129.4605
95.08387, 20, -119.2964
94.26452, 20, -109.1325
93.4452, 20, -98.9684
92.6258, 20, -88.8044
91.8064, 20, -78.6403
90.9871, 20, -68.4764
90.1677, 20, -58.3123
89.3484, 20, -51.4341
88.529, 20, -45.4017
87.7097, 20, -39.3693
86.8903, 20, -33.3369
86.071, 20, -27.3046
85.2516, 20, -21.2722
84.4323, 20, -15.2398
83.6129, 20, -9.20741
82.7935, 20, -3.17506
81.9742, 20, 2.85735
81.1548, 20, 8.8897
80.3355, 20, 14.9221
79.5161, 20, 16.1565
78.6968, 20, 14.0643
77.8774, 20, 11.9721
77.0581, 20, 9.87996
76.2387, 20, 7.78777
75.4194, 20, 5.69559
74.6, 20, 3.6034
73.7806, 20, 1.51123
72.9613, 20, -0.580959
72.1419, 20, -2.67313
71.3226, 20, -4.76532
70.5032, 20, -6.85749
69.6839, 20, -7.7037
68.8645, 20, -6.56651
68.0452, 20, -5.42932
67.2258, 20, -4.29214
66.4064, 20, -3.15495
65.5871, 20, -2.01776
64.7677, 20, -0.88057
63.9484, 20, 0.256613
63.129, 20, 1.3938
62.3097, 20, 2.53099
61.4903, 20, 3.66818
60.671, 20, 4.80536
59.8516, 20, 5.1155
59.0323, 20, 1.68598
58.2129, 20, -1.74355
57.3935, 20, -5.17308
56.5742, 20, -8.60261
55.7548, 20, -12.0321
54.9355, 20, -15.4617
54.1161, 20, -18.8912
53.2968, 20, -22.3207
52.4774, 20, -25.7502
51.6581, 20, -29.1798
50.8387, 20, -32.6093
50.0194, 20, -36.0388
49.2, 20, -36.4302
48.3806, 20, -36.7481
47.5613, 20, -37.066
46.7419, 20, -37.3839
45.9226, 20, -37.7018
45.1032, 20, -38.0197
44.2839, 20, -38.3376
43.4645, 20, -38.6555
42.6452, 20, -38.9734
41.8258, 20, -39.2914
41.0065, 20, -39.6093
40.1871, 20, -39.9272
39.3677, 20, -41.5478
38.5484, 20, -43.5539
37.729, 20, -45.5601
36.9097, 20, -47.5662
36.0903, 20, -49.5723
35.271, 20, -51.5785
34.4516, 20, -53.5846
33.6323, 20, -55.5908
32.8129, 20, -57.5969
31.9935, 20, -59.603
31.1742, 20, -61.6092
30.3548, 20, -63.6153
29.5355, 20, -64.5085
28.7161, 20, -64.2821
27.8968, 20, -63.7119
27.0774, 20, -62.7979
26.2581, 20, -61.54
25.4387, 20, -59.9382
24.6194, 20, -57.9926
22.848, 19.2, -55.1248
21.896, 18.4, -56.0128
20.944, 17.6, -58.6238
19.992, 16.8, -66.7624
19.04, 16, -56.6458
18.088, 15.2, -52.6521
17.136, 14.4, -49.9577
16.184, 13.6, -47.6865
15.232, 12.8, -45.57
14.28, 12, -43.5558
13.328, 11.2, -41.6013
12.376, 10.4, -39.6266
11.424, 9.6, -37.4557
10.472, 8.8, -35.1265
9.52, 8, -32.3002
8.568, 7.2, -28.3615
7.616, 6.4, -24.4036
6.664, 5.6, -20.0888
5.712, 4.8, -14.921
4.76, 4, -8.4623
3.808, 3.2, -1.9947
2.856, 2.4, 4.1873
1.904, 1.6, 8.1382
0.952, 0.8, 9.164
98.9249, -1, 37.9356
97.8498, -1, 38.5909
96.7748, -1, 38.8146
95.6997, -1, 38.7824
94.6246, -1, 38.5813
93.5495, -1, 38.2481
92.4745, -1, 37.7731
91.3994, -1, 37.0006
90.3243, -1, 33.3875
89.2492, -1, 37.0426
88.1742, -1, 40.4664
87.0991, -1, 42.5168
86.024, -1, 44.3277
84.9489, -1, 46.1084
83.8738, -1, 47.9867
82.7988, -1, 50.0905
81.7237, -1, 52.5556
80.6486, -1, 54.7083
79.5735, -1, 56.0294
78.4985, -1, 56.111
77.4234, -1, 54.792
76.3483, -1, 53.6469
75.2732, -1, 52.8985
74.1982, -1, 52.7157
73.1231, -1, 53.3523
72.048, -1, 55.2031
70.9729, -1, 58.259
69.8979, -1, 61.4576
68.8228, -1, 55.7524
67.7477, -1, 50.8511
66.6726, -1, 47.364
65.5975, -1, 45.0161
64.5225, -1, 43.4454
63.4474, -1, 42.4343
62.3723, -1, 41.8639
61.2972, -1, 41.6557
60.2222, -1, 42.0845
59.1471, -1, 39.1993
58.072, -1, 36.5969
56.9969, -1, 34.7377
55.9219, -1, 33.3589
54.8468, -1, 32.2922
53.7717, -1, 31.4609
52.6966, -1, 30.8639
51.6215, -1, 30.6827
50.5465, -1, 32.5299
49.4714, -1, 31.5614
48.3963, -1, 27.4608
47.3212, -1, 25.6413
46.2462, -1, 24.301
45.1711, -1, 23.1608
44.096, -1, 22.1439
43.0209, -1, 21.2398
41.9459, -1, 20.5302
40.8708, -1, 20.7503
39.7957, -1, 22.5591
38.7206, -1, 19.3969
37.6455, -1, 19.1194
36.5705, -1, 19.2564
35.4954, -1, 19.5176
34.4203, -1, 19.8595
33.3452, -1, 20.286
32.2702, -1, 20.8256
31.1951, -1, 21.5089
30.12, -1, 21.9465
29.0449, -1, 21.6884
27.9699, -1, 21.345
26.8948, -1, 21.1302
25.8197, -1, 21.0505
24.7446, -1, 21.0044
23.6695, -1, 20.918
22.5945, -1, 20.7409
21.5194, -1, 20.4386
20.4443, -1, 19.6874
19.3692, -1, 19.9738
18.2942, -1, 20.828
17.2191, -1, 21.295
16.144, -1, 21.6732
15.0689, -1, 21.9636
13.9939, -1, 22.2072
12.9188, -1, 22.4745
11.8437, -1, 22.9186
10.7686, -1, 23.5892
9.69355, -1, 23.5704
8.61847, -1, 23.4524
7.54339, -1, 23.1328
6.46832, -1, 22.6855
5.39324, -1, 21.5369
4.31816, -1, 19.5648
3.24309, -1, 22.2494
2.16801, -1, 21.4002
1.09293, -1, 17.9667
0.0178571, -1, 17.9185
-1.03571, -1, 17.4257
-2.08929, -1, 17.9027
-3.14286, -1, 17.5769
-4.19643, -1, 16.7989
-5.25, -1, 15.7355
-6.30357, -1, 14.4747
-7.35714, -1, 13.0686
-8.41071, -1, 11.5811
-9.46429, -1, 10.1757
-10.5179, -1, 9.72257
-11.5714, -1, 9.69725
-12.625, -1, 9.6726
-13.6786, -1, 9.64892
-14.7321, -1, 9.62432
-15.7857, -1, 9.59942
-16.8393, -1, 9.57425
-17.8929, -1, 9.54917
-18.9464, -1, 9.52485
98.9251, -2, 38.578
97.8502, -2, 42.2124
96.7753, -2, 43.6336
95.7005, -2, 44.0735
94.6256, -2, 44.0778
93.5507, -2, 43.6689
92.4758, -2, 42.3922
91.4009, -2, 38.4399
90.326, -2, 31.5557
89.2512, -2, 35.7238
88.1763, -2, 44.0155
87.1014, -2, 48.4701
86.0265, -2, 51.0783
84.9516, -2, 53.1683
83.8767, -2, 55.0592
82.8018, -2, 56.7223
81.727, -2, 57.4226
80.6521, -2, 56.797
79.5772, -2, 58.1225
78.5023, -2, 60.7168
77.4274, -2, 61.4411
76.3525, -2, 60.9584
75.2776, -2, 60.3843
74.2028, -2, 60.0265
73.1279, -2, 60.0426
72.053, -2, 60.5546
70.9781, -2, 61.6771
69.9032, -2, 63.1507
68.8283, -2, 59.4014
67.7535, -2, 56.2604
66.6786, -2, 53.6241
65.6037, -2, 51.5473
64.5288, -2, 49.8697
63.4539, -2, 48.4673
62.379, -2, 47.1954
61.3041, -2, 45.6424
60.2293, -2, 44.0346
59.1544, -2, 42.7759
58.0795, -2, 42.1707
57.0046, -2, 41.4673
55.9297, -2, 40.7574
54.8548, -2, 40.1502
53.78, -2, 39.6294
52.7051, -2, 39.1149
51.6302, -2, 38.2888
50.5553, -2, 37.2133
49.4804, -2, 36.2786
48.4055, -2, 35.3932
47.3306, -2, 34.3413
46.2558, -2, 33.0561
45.1809, -2, 31.761
44.106, -2, 30.4556
43.0311, -2, 29.1054
41.9562, -2, 27.7252
40.8813, -2, 26.4104
39.8064, -2, 25.8839
38.7316, -2, 25.924
37.6567, -2, 26.4721
36.5818, -2, 27.0494
35.5069, -2, 27.5917
34.432, -2, 28.0906
33.3571, -2, 28.5686
32.2823, -2, 29.0176
31.2074, -2, 29.24
30.1325, -2, 29.3677
29.0576, -2, 29.6997
27.9827, -2, 30.1123
26.9078, -2, 30.2374
25.8329, -2, 30.2809
24.7581, -2, 30.3162
23.6832, -2, 30.3408
22.6083, -2, 30.3333
21.5334, -2, 30.2534
20.4585, -2, 29.9703
19.3836, -2, 30.1757
18.3088, -2, 30.488
17.2339, -2, 30.6669
16.159, -2, 30.8152
15.0841, -2, 30.9428
14.0092, -2, 31.0259
12.9343, -2, 31.0759
11.8594, -2, 31.0964
10.7846, -2, 31.1731
9.70968, -2, 31.0853
8.63479, -2, 31.0062
7.55991, -2, 30.9637
6.48502, -2, 30.6368
5.41014, -2, 29.4354
4.33525, -2, 30.9192
3.26037, -2, 28.1749
2.18548, -2, 29.4814
1.1106, -2, 25.8977
0.0357143, -2, 27.5591
-1.0188, -2, 25.9459
-2.07331, -2, 25.5343
-3.12782, -2, 25.1374
-4.18233, -2, 24.5029
-5.23684, -2, 23.69
-6.29135, -2, 22.7471
-7.34586, -2, 21.7264
-8.40038, -2, 20.6973
-9.45489, -2, 19.8905
-10.5094, -2, 19.4478
-11.5639, -2, 19.3964
-12.6184, -2, 19.3487
-13.6729, -2, 19.2976
-14.7274, -2, 19.2475
-15.782, -2, 19.1981
-16.8365, -2, 19.1491
-17.891, -2, 19.0997
-18.9455, -2, 19.0492
98.9253, -3, 44.1112
97.8506, -3, 46.9593
96.7759, -3, 48.3971
95.7012, -3, 49.1402
94.6265, -3, 49.3094
93.5518, -3, 48.8372
92.4771, -3, 47.4599
91.4025, -3, 44.4426
90.3278, -3, 37.2623
89.2531, -3, 42.6179
88.1784, -3, 49.6975
87.1037, -3, 54.0202
86.029, -3, 57.091
84.9543, -3, 59.4232
83.8796, -3, 61.2301
82.8049, -3, 62.577
81.7302, -3, 63.3639
80.6555, -3, 62.8948
79.5808, -3, 63.4002
78.5061, -3, 66.1581
77.4314, -3, 66.8107
76.3568, -3, 66.7943
75.2821, -3, 66.4141
74.2074, -3, 65.7833
73.1327, -3, 64.9542
72.058, -3, 63.9936
70.9833, -3, 63.4846
69.9086, -3, 63.759
68.8339, -3, 61.2337
67.7592, -3, 59.6577
66.6845, -3, 58.2657
65.6098, -3, 56.739
64.5351, -3, 55.0798
63.4604, -3, 53.3011
62.3858, -3, 51.3932
61.3111, -3, 49.2686
60.2364, -3, 45.4688
59.1617, -3, 46.4412
58.087, -3, 47.242
57.0123, -3, 47.4554
55.9376, -3, 47.4722
54.8629, -3, 47.3682
53.7882, -3, 47.1578
52.7135, -3, 46.7974
51.6388, -3, 46.039
50.5641, -3, 42.5977
49.4894, -3, 41.3991
48.4147, -3, 43.5544
47.3401, -3, 42.8059
46.2654, -3, 41.6455
45.1907, -3, 40.3135
44.116, -3, 38.8284
43.0413, -3, 37.1396
41.9666, -3, 35.113
40.8919, -3, 32.283
39.8172, -3, 28.2197
38.7425, -3, 32.5384
37.6678, -3, 34.051
36.5931, -3, 35.0685
35.5184, -3, 35.8242
34.4437, -3, 36.4085
33.369, -3, 36.8595
32.2944, -3, 37.1827
31.2197, -3, 37.341
30.145, -3, 36.935
29.0703, -3, 38.209
27.9956, -3, 38.8449
26.9209, -3, 39.2292
25.8462, -3, 39.487
24.7715, -3, 39.6729
23.6968, -3, 39.8176
22.6221, -3, 39.9528
21.5474, -3, 40.1668
20.4727, -3, 40.6596
19.398, -3, 40.6164
18.3233, -3, 40.271
17.2487, -3, 40.2408
16.174, -3, 40.3061
15.0993, -3, 40.3368
14.0246, -3, 40.2607
12.9499, -3, 40.0023
11.8752, -3, 39.4805
10.8005, -3, 38.7748
9.72581, -3, 38.9329
8.65111, -3, 38.9117
7.57642, -3, 39.1447
6.50173, -3, 39.5103
5.42704, -3, 40.2096
4.35234, -3, 38.7606
3.27765, -3, 39.3383
2.20296, -3, 36.556
1.12826, -3, 33.96
0.0535714, -3, 36.3244
-1.00188, -3, 35.3187
-2.05733, -3, 34.1401
-3.11278, -3, 33.5001
-4.16823, -3, 32.9509
-5.22368, -3, 32.3101
-6.27914, -3, 31.5921
-7.33459, -3, 30.8624
-8.39004, -3, 30.2438
-9.44549, -3, 29.5847
-10.5009, -3, 29.1645
-11.5564, -3, 29.0976
-12.6118, -3, 29.0175
-13.6673, -3, 28.9416
-14.7227, -3, 28.8674
-15.7782, -3, 28.7941
-16.8336, -3, 28.7212
-17.8891, -3, 28.6484
-18.9445, -3, 28.575
98.9255, -4, 53.0564
97.851, -4, 53.6021
96.7765, -4, 54.4099
95.702, -4, 55.0817
94.6275, -4, 55.3585
93.553, -4, 55.2085
92.4785, -4, 54.692
91.404, -4, 54.2107
90.3295, -4, 51.8773
89.255, -4, 55.0952
88.1805, -4, 58.259
87.106, -4, 61.1214
86.0315, -4, 63.7202
84.957, -4, 65.929
83.8825, -4, 67.8287
82.808, -4, 69.4976
81.7335, -4, 71.0504
80.659, -4, 72.2055
79.5845, -4, 72.5298
78.51, -4, 73.0773
77.4355, -4, 72.97
76.361, -4, 72.6381
75.2865, -4, 72.0629
74.212, -4, 71.2419
73.1375, -4, 70.1003
72.063, -4, 68.396
70.9885, -4, 65.4017
69.914, -4, 63.2057
68.8395, -4, 63.3494
67.765, -4, 63.7282
66.6905, -4, 62.9279
65.616, -4, 61.6446
64.5415, -4, 60.0375
63.467, -4, 58.1432
62.3925, -4, 55.9792
61.318, -4, 53.3662
60.2435, -4, 50.1985
59.169, -4, 51.0179
58.0945, -4, 52.6333
57.02, -4, 53.5084
55.9455, -4, 54.0585
54.871, -4, 54.3801
53.7965, -4, 54.5423
52.722, -4, 54.5346
51.6475, -4, 53.999
50.573, -4, 52.0121
49.4985, -4, 51.0766
48.424, -4, 52.0138
47.3495, -4, 51.4679
46.275, -4, 50.3138
45.2005, -4, 48.9526
44.126, -4, 47.4189
43.0515, -4, 45.6073
41.977, -4, 43.2087
40.9025, -4, 39.4924
39.828, -4, 36.491
38.7535, -4, 40.0206
37.679, -4, 42.2773
36.6045, -4, 43.5377
35.53, -4, 44.3966
34.4555, -4, 45.019
33.381, -4, 45.4664
32.3064, -4, 45.781
31.232, -4, 45.9916
30.1574, -4, 46.2699
29.0829, -4, 47.1957
28.0084, -4, 47.8883
26.9339, -4, 48.3868
25.8594, -4, 48.7941
24.7849, -4, 49.122
23.7104, -4, 49.4118
22.6359, -4, 49.7114
21.5614, -4, 50.1077
20.4869, -4, 50.972
19.4124, -4, 50.8381
18.3379, -4, 50.2244
17.2634, -4, 50.1446
16.1889, -4, 50.1208
15.1144, -4, 50.0634
14.0399, -4, 49.921
12.9654, -4, 49.5822
11.8909, -4, 48.7611
10.8164, -4, 47.2504
9.74194, -4, 45.7872
8.66743, -4, 47.221
7.59293, -4, 47.8831
6.51843, -4, 48.3671
5.44393, -4, 49.7074
4.36943, -4, 47.714
3.29493, -4, 50.699
2.22043, -4, 47.263
1.14593, -4, 45.9742
0.0714286, -4, 44.343
-0.984962, -4, 43.8806
-2.04135, -4, 43.2875
-3.09774, -4, 42.768
-4.15414, -4, 42.2173
-5.21053, -4, 41.6277
-6.26692, -4, 41.0152
-7.32331, -4, 40.4022
-8.3797, -4, 39.8118
-9.43609, -4, 39.2703
-10.4925, -4, 38.9043
-11.5489, -4, 38.786
-12.6053, -4, 38.681
-13.6617, -4, 38.5793
-14.718, -4, 38.4811
-15.7744, -4, 38.3853
-16.8308, -4, 38.2905
-17.8872, -4, 38.1955
-18.9436, -4, 38.099
98.9257, -5, 62.1812
97.8514, -5, 62.0743
96.7771, -5, 62.6918
95.7028, -5, 63.1691
94.6285, -5, 63.5068
93.5541, -5, 63.7705
92.4798, -5, 64.1161
91.4055, -5, 64.9717
90.3312, -5, 70.3938
89.2569, -5, 68.5939
88.1826, -5, 68.418
87.1083, -5, 70.0174
86.034, -5, 71.8165
84.9597, -5, 73.6844
83.8854, -5, 75.5811
82.8111, -5, 77.5504
81.7367, -5, 79.6579
80.6624, -5, 82.6755
79.5881, -5, 83.7927
78.5138, -5, 80.9401
77.4395, -5, 79.9436
76.3652, -5, 79.1599
75.2909, -5, 78.3633
74.2166, -5, 77.3919
73.1423, -5, 76.0517
72.068, -5, 74.0025
70.9937, -5, 70.3526
69.9194, -5, 62.4218
68.845, -5, 68.0775
67.7707, -5, 68.8985
66.6964, -5, 68.4989
65.6221, -5, 67.4453
64.5478, -5, 65.9169
63.4735, -5, 63.959
62.3992, -5, 61.5397
61.3249, -5, 58.7367
60.2506, -5, 56.8055
59.1763, -5, 57.2989
58.102, -5, 58.7962
57.0276, -5, 60.1952
55.9533, -5, 61.1214
54.879, -5, 61.7162
53.8047, -5, 62.1092
52.7304, -5, 62.3928
51.6561, -5, 62.7017
50.5818, -5, 64.2813
49.5075, -5, 64.2107
48.4332, -5, 61.4315
47.3589, -5, 60.216
46.2846, -5, 59.0127
45.2103, -5, 57.7104
44.1359, -5, 56.2399
43.0616, -5, 54.4889
41.9873, -5, 52.2853
40.913, -5, 49.4541
39.8387, -5, 47.3728
38.7644, -5, 49.4107
37.6901, -5, 51.3182
36.6158, -5, 52.6203
35.5415, -5, 53.5282
34.4672, -5, 54.1746
33.3929, -5, 54.6327
32.3186, -5, 54.9502
31.2442, -5, 55.2483
30.1699, -5, 56.1846
29.0956, -5, 56.5993
28.0213, -5, 57.2665
26.947, -5, 57.8784
25.8727, -5, 58.3478
24.7984, -5, 58.7469
23.7241, -5, 59.1338
22.6498, -5, 59.5599
21.5755, -5, 60.0603
20.5012, -5, 60.6723
19.4268, -5, 60.6516
18.3525, -5, 60.3721
17.2782, -5, 60.1501
16.2039, -5, 59.9752
15.1296, -5, 59.8366
14.0553, -5, 59.6797
12.981, -5, 59.4491
11.9067, -5, 58.9947
10.8324, -5, 57.3678
9.75806, -5, 55.0334
8.68376, -5, 56.7696
7.60945, -5, 57.7047
6.53514, -5, 58.0027
5.46083, -5, 57.2679
4.38652, -5, 56.7832
3.31221, -5, 60.0903
2.2379, -5, 57.9661
1.16359, -5, 59.5977
0.0892857, -5, 54.0551
-0.968045, -5, 52.4955
-2.02538, -5, 52.6477
-3.08271, -5, 52.426
-4.14004, -5, 51.9623
-5.19737, -5, 51.3783
-6.2547, -5, 50.7337
-7.31203, -5, 50.0648
-8.36936, -5, 49.4148
-9.42669, -5, 48.8871
-10.484, -5, 48.607
-11.5414, -5, 48.4641
-12.5987, -5, 48.3313
-13.656, -5, 48.2074
-14.7133, -5, 48.0879
-15.7707, -5, 47.9706
-16.828, -5, 47.8546
-17.8853, -5, 47.7388
-18.9427, -5, 47.6216
98.9259, -6, 71.7096
97.8518, -6, 71.8029
96.7776, -6, 72.3158
95.7035, -6, 72.7254
94.6294, -6, 73.0961
93.5553, -6, 73.524
92.4812, -6, 74.2108
91.4071, -6, 76.0786
90.3329, -6, 81.202
89.2588, -6, 80.1681
88.1847, -6, 78.7153
87.1106, -6, 79.3681
86.0365, -6, 80.6993
84.9624, -6, 82.2529
83.8883, -6, 83.9264
82.8141, -6, 85.7802
81.74, -6, 88.211
80.6659, -6, 91.9281
79.5918, -6, 92.7356
78.5177, -6, 89.1305
77.4436, -6, 87.3087
76.3694, -6, 86.2839
75.2953, -6, 85.4022
74.2212, -6, 84.359
73.1471, -6, 82.9755
72.073, -6, 81.1082
70.9988, -6, 78.1838
69.9247, -6, 73.3064
68.8506, -6, 75.577
67.7765, -6, 75.8789
66.7024, -6, 75.4211
65.6283, -6, 74.4812
64.5541, -6, 73.0477
63.48, -6, 71.133
62.4059, -6, 68.8173
61.3318, -6, 66.222
60.2577, -6, 63.7687
59.1836, -6, 64.7838
58.1094, -6, 66.6153
57.0353, -6, 67.9529
55.9612, -6, 68.9908
54.8871, -6, 69.704
53.813, -6, 70.2044
52.7389, -6, 70.7648
51.6647, -6, 72.1076
50.5906, -6, 75.3882
49.5165, -6, 75.6405
48.4424, -6, 71.5902
47.3683, -6, 69.3903
46.2942, -6, 68.0576
45.22, -6, 66.8524
44.1459, -6, 65.5548
43.0718, -6, 64.1123
41.9977, -6, 62.6066
40.9236, -6, 61.279
39.8495, -6, 59.6251
38.7753, -6, 60.6511
37.7012, -6, 61.5048
36.6271, -6, 62.5035
35.553, -6, 63.3337
34.4789, -6, 63.9693
33.4048, -6, 64.4427
32.3306, -6, 64.8279
31.2565, -6, 65.2526
30.1824, -6, 65.8069
29.1083, -6, 66.3485
28.0342, -6, 67.0376
26.9601, -6, 67.6084
25.8859, -6, 68.089
24.8118, -6, 68.4928
23.7377, -6, 68.8771
22.6636, -6, 69.3228
21.5895, -6, 69.8967
20.5154, -6, 70.2216
19.4412, -6, 70.3901
18.3671, -6, 70.3409
17.293, -6, 70.0332
16.2189, -6, 69.8542
15.1448, -6, 69.7354
14.0707, -6, 69.6185
12.9965, -6, 69.4608
11.9224, -6, 69.2826
10.8483, -6, 69.1435
9.77419, -6, 67.5325
8.70008, -6, 68.7913
7.62596, -6, 69.0462
6.55184, -6, 68.9441
5.47773, -6, 68.3441
4.40361, -6, 70.5575
3.32949, -6, 66.8399
2.25538, -6, 67.876
1.18126, -6, 68.6478
0.107143, -6, 60.6105
-0.951128, -6, 62.076
-2.0094, -6, 62.5542
-3.06767, -6, 62.3631
-4.12594, -6, 61.9303
-5.18421, -6, 61.3585
-6.24248, -6, 60.6747
-7.30075, -6, 59.8936
-8.35902, -6, 59.1449
-9.41729, -6, 58.5508
-10.4756, -6, 58.2963
-11.5338, -6, 58.121
-12.5921, -6, 58.03
-13.6504, -6, 58.0329
-14.7086, -6, 57.9682
-15.7669, -6, 57.8088
-16.8252, -6, 57.5589
-17.8835, -6, 57.284
-18.9417, -6, 57.1413
98.9261, -7, 81.2264
97.8521, -7, 82.2215
96.7782, -7, 82.3471
95.7043, -7, 82.53
94.6304, -7, 82.8887
93.5564, -7, 83.4813
92.4825, -7, 84.4672
91.4086, -7, 85.9235
90.3347, -7, 85.9803
89.2607, -7, 88.0345
88.1868, -7, 88.3944
87.1129, -7, 88.8317
86.039, -7, 89.781
84.9651, -7, 91.0747
83.8911, -7, 92.5586
82.8172, -7, 94.2256
81.7433, -7, 96.1128
80.6694, -7, 98.4117
79.5954, -7, 98.8848
78.5215, -7, 96.6998
77.4476, -7, 95.3273
76.3737, -7, 94.4203
75.2997, -7, 93.6054
74.2258, -7, 92.6607
73.1519, -7, 91.4354
72.078, -7, 89.762
71.004, -7, 87.8708
69.9301, -7, 88.4718
68.8562, -7, 85.1592
67.7823, -7, 84.8912
66.7083, -7, 84.4511
65.6344, -7, 83.5601
64.5605, -7, 82.2322
63.4866, -7, 80.4528
62.4126, -7, 78.1843
61.3387, -7, 75.3815
60.2648, -7, 71.5664
59.1909, -7, 73.6156
58.1169, -7, 75.9392
57.043, -7, 77.5193
55.9691, -7, 78.532
54.8952, -7, 79.2146
53.8212, -7, 79.7141
52.7473, -7, 80.2779
51.6734, -7, 81.2628
50.5995, -7, 83.4491
49.5255, -7, 83.7303
48.4516, -7, 81.0969
47.3777, -7, 79.4012
46.3038, -7, 78.1294
45.2298, -7, 77.0169
44.1559, -7, 75.9239
43.082, -7, 74.8538
42.0081, -7, 73.8101
40.9341, -7, 72.8997
39.8602, -7, 72.5396
38.7863, -7, 72.2484
37.7124, -7, 72.7745
36.6384, -7, 73.4063
35.5645, -7, 74.0367
34.4906, -7, 74.605
33.4167, -7, 75.0814
32.3427, -7, 75.4448
31.2688, -7, 75.6515
30.1949, -7, 75.3755
29.121, -7, 76.4147
28.047, -7, 77.161
26.9731, -7, 77.7136
25.8992, -7, 78.1079
24.8253, -7, 78.4225
23.7513, -7, 78.7134
22.6774, -7, 79.0325
21.6035, -7, 79.415
20.5296, -7, 80.0458
19.4556, -7, 80.3337
18.3817, -7, 79.9625
17.3078, -7, 79.8198
16.2339, -7, 79.7273
15.1599, -7, 79.6792
14.086, -7, 79.6763
13.0121, -7, 79.7084
11.9382, -7, 79.7547
10.8642, -7, 80.5693
9.79032, -7, 83.6493
8.7164, -7, 81.2896
7.64247, -7, 80.4378
6.56855, -7, 80.4022
5.49462, -7, 81.2913
4.4207, -7, 79.0471
3.34677, -7, 75.4922
2.27285, -7, 78.7473
1.19892, -7, 76.984
0.125, -7, 71.7648
-0.934211, -7, 72.9129
-1.99342, -7, 72.9828
-3.05263, -7, 72.6833
-4.11184, -7, 72.2331
-5.17105, -7, 71.6816
-6.23026, -7, 71.0245
-7.28947, -7, 70.2229
-8.34868, -7, 69.1997
-9.4079, -7, 68.2897
-10.4671, -7, 67.9292
-11.5263, -7, 67.9656
-12.5855, -7, 68.2734
-13.6447, -7, 68.3738
-14.7039, -7, 68.3201
-15.7632, -7, 68.1354
-16.8224, -7, 67.8119
-17.8816, -7, 67.3061
-18.9408, -7, 66.6688
98.9263, -8, 90.4562
97.8525, -8, 91.6501
96.7788, -8, 91.9346
95.7051, -8, 92.1845
94.6313, -8, 92.5326
93.5576, -8, 93.0098
92.4839, -8, 93.6149
91.4101, -8, 93.7878
90.3364, -8, 92.6463
89.2627, -8, 94.3583
88.1889, -8, 96.5109
87.1152, -8, 97.6289
86.0415, -8, 98.7072
84.9677, -8, 99.9008
83.89401, -8, 101.1671
82.82027, -8, 102.4152
81.74654, -8, 103.3457
80.67281, -8, 103.5148
79.59908, -8, 104.1107
78.52534, -8, 104.0219
77.45161, -8, 103.8161
76.37788, -8, 103.3518
75.30415, -8, 102.7757
74.23042, -8, 102.0951
73.15668, -8, 101.2187
72.08295, -8, 100.0188
71.0092, -8, 99.1747
69.9355, -8, 99.7489
68.8617, -8, 96.9246
67.788, -8, 95.9523
66.7143, -8, 95.3747
65.6406, -8, 94.4433
64.5668, -8, 93.219
63.4931, -8, 91.6741
62.4194, -8, 89.5661
61.3456, -8, 86.7133
60.2719, -8, 82.591
59.1982, -8, 84.1039
58.1244, -8, 86.9057
57.0507, -8, 88.5552
55.977, -8, 89.4508
54.9032, -8, 89.9773
53.8295, -8, 90.3096
52.7558, -8, 90.4757
51.682, -8, 90.3714
50.6083, -8, 89.9349
49.5346, -8, 90.2058
48.4608, -8, 90.0318
47.3871, -8, 89.6004
46.3134, -8, 88.8001
45.2396, -8, 87.9156
44.1659, -8, 86.9994
43.0922, -8, 86.0638
42.0184, -8, 85.1091
40.9447, -8, 84.2867
39.871, -8, 84.1428
38.7972, -8, 83.97
37.7235, -8, 84.3777
36.6498, -8, 84.9046
35.576, -8, 85.4081
34.5023, -8, 85.8793
33.4286, -8, 86.2881
32.3548, -8, 86.5398
31.2811, -8, 86.5255
30.2074, -8, 86.079
29.1336, -8, 86.899
28.0599, -8, 87.6848
26.9862, -8, 88.1093
25.9124, -8, 88.3366
24.8387, -8, 88.4821
23.765, -8, 88.5963
22.6912, -8, 88.7091
21.6175, -8, 88.8901
20.5438, -8, 89.5323
19.47, -8, 89.8376
18.3963, -8, 89.4815
17.3226, -8, 89.4181
16.2488, -8, 89.3974
15.1751, -8, 89.4335
14.1014, -8, 89.5479
13.0276, -8, 89.8066
11.9539, -8, 90.3528
10.8802, -8, 91.2262
9.80645, -8, 94.1501
8.73272, -8, 91.4436
7.65899, -8, 90.6976
6.58525, -8, 90.3385
5.51152, -8, 90.5867
4.43779, -8, 88.3164
3.36406, -8, 86.3615
2.29032, -8, 88.8049
1.21659, -8, 85.8151
0.142857, -8, 85.8645
-0.917293, -8, 84.4455
-1.97744, -8, 83.7914
-3.03759, -8, 83.27
-4.09774, -8, 82.7702
-5.15789, -8, 82.2467
-6.21805, -8, 81.6646
-7.2782, -8, 80.966
-8.33835, -8, 79.9986
-9.3985, -8, 78.2833
-10.4586, -8, 77.5966
-11.5188, -8, 78.6596
-12.5789, -8, 79.0331
-13.6391, -8, 79.1025
-14.6992, -8, 79.021
-15.7594, -8, 78.8242
-16.8195, -8, 78.5015
-17.8797, -8, 77.9794
-18.9398, -8, 77.0033
98.92646, -9, 100.11
97.85292, -9, 100.2371
96.77938, -9, 100.7607
95.70583, -9, 101.197
94.63229, -9, 101.5397
93.55875, -9, 101.7674
92.48521, -9, 101.6995
91.41167, -9, 101.3711
90.33813, -9, 101.392
89.26459, -9, 101.9889
88.19106, -9, 103.8119
87.11751, -9, 105.5931
86.04397, -9, 107.0326
84.97043, -9, 108.2182
83.89689, -9, 109.2653
82.82335, -9, 110.0905
81.74981, -9, 110.5684
80.67627, -9, 110.027
79.60273, -9, 109.7646
78.52918, -9, 111.9801
77.45564, -9, 112.441
76.3821, -9, 112.328
75.30856, -9, 112.0457
74.23502, -9, 111.742
73.16148, -9, 111.5161
72.08794, -9, 111.4523
71.0144, -9, 110.9584
69.94086, -9, 108.7549
68.86732, -9, 109.5413
67.79378, -9, 108.5134
66.72024, -9, 107.0929
65.6467, -9, 105.8481
64.57316, -9, 104.6898
63.49961, -9, 103.5372
62.42607, -9, 102.2976
61.35254, -9, 100.2417
60.279, -9, 96.6363
59.2055, -9, 97.458
58.1319, -9, 99.4709
57.05837, -9, 100.1896
55.98483, -9, 100.6256
54.91129, -9, 100.9249
53.83775, -9, 101.0652
52.76421, -9, 100.9094
51.69067, -9, 100.1613
50.6171, -9, 97.9359
49.5436, -9, 97.2052
48.47, -9, 99.4343
47.3965, -9, 99.7442
46.323, -9, 99.4246
45.2494, -9, 98.7981
44.1759, -9, 98.0481
43.1023, -9, 97.2513
42.0288, -9, 96.4787
40.9553, -9, 95.721
39.8817, -9, 94.9086
38.8082, -9, 95.7482
37.7346, -9, 96.1151
36.6611, -9, 96.4345
35.5876, -9, 96.7898
34.514, -9, 97.1678
33.4405, -9, 97.5521
32.3669, -9, 97.9081
31.2934, -9, 98.0101
30.2199, -9, 97.667
29.1463, -9, 98.1602
28.0728, -9, 98.5862
26.9992, -9, 98.6213
25.9257, -9, 98.6006
24.8522, -9, 98.5641
23.7786, -9, 98.5121
22.7051, -9, 98.4462
21.6315, -9, 98.4184
20.558, -9, 98.5105
19.4844, -9, 98.6816
18.4109, -9, 98.8099
17.3374, -9, 98.875
16.2638, -9, 98.9954
15.1903, -9, 99.1384
14.1167, -9, 99.3345
13.0432, -9, 99.6512
11.96966, -9, 100.2507
10.89612, -9, 101.267
9.82258, -9, 98.1727
8.74904, -9, 100.5786
7.675499, -9, 100.4334
6.60196, -9, 99.7978
5.52842, -9, 98.0676
4.45488, -9, 97.4665
3.381336, -9, 100.2734
2.3078, -9, 97.2752
1.23425, -9, 93.4359
0.160714, -9, 98.0613
-0.900376, -9, 96.1329
-1.96147, -9, 94.6818
-3.02256, -9, 93.9568
-4.08365, -9, 93.4166
-5.14474, -9, 92.936
-6.20583, -9, 92.4608
-7.26692, -9, 91.9355
-8.32801, -9, 91.2477
-9.3891, -9, 89.8535
-10.4502, -9, 88.9084
-11.5113, -9, 89.974
-12.5724, -9, 90.1304
-13.6335, -9, 90.0863
-14.6945, -9, 89.952
-15.7556, -9, 89.7518
-16.8167, -9, 89.4788
-17.8778, -9, 89.0824
-18.9389, -9, 88.3512
98.92665, -10, 110.2871
97.8533, -10, 109.3261
96.77995, -10, 109.5385
95.7066, -10, 109.8992
94.63326, -10, 110.2099
93.55991, -10, 110.3936
92.48656, -10, 110.351
91.41321, -10, 110.1159
90.33986, -10, 110.019
89.26651, -10, 110.5482
88.19316, -10, 112.2111
87.11981, -10, 113.8313
86.04647, -10, 115.1557
84.97312, -10, 116.2492
83.89977, -10, 117.1849
82.82642, -10, 117.9575
81.75307, -10, 118.5445
80.67973, -10, 118.5508
79.60638, -10, 118.4545
78.53303, -10, 120.529
77.45968, -10, 121.0324
76.38633, -10, 121.1961
75.31298, -10, 121.2444
74.23963, -10, 121.3375
73.16628, -10, 121.5948
72.09293, -10, 122.1205
71.01958, -10, 122.7622
69.94624, -10, 121.424
68.87289, -10, 121.9929
67.79954, -10, 120.2619
66.72619, -10, 118.6557
65.65284, -10, 117.338
64.57949, -10, 116.257
63.50615, -10, 115.3693
62.4328, -10, 114.6835
61.35945, -10, 114.4496
60.2861, -10, 113.1479
59.21275, -10, 113.33
58.1394, -10, 112.2552
57.06605, -10, 111.9355
55.9927, -10, 111.926
54.91935, -10, 111.9814
53.846, -10, 111.9832
52.77266, -10, 111.7566
51.69931, -10, 111.0303
50.62596, -10, 108.8228
49.55261, -10, 107.7096
48.47926, -10, 109.9407
47.40591, -10, 110.3454
46.33257, -10, 110.1651
45.25922, -10, 109.6884
44.18587, -10, 109.1009
43.11252, -10, 108.4773
42.03917, -10, 107.8639
40.96582, -10, 107.2569
39.89247, -10, 106.6023
38.81913, -10, 107.4163
37.74578, -10, 107.6611
36.67243, -10, 107.8601
35.59908, -10, 108.0959
34.52573, -10, 108.3862
33.45238, -10, 108.7314
32.37903, -10, 109.1431
31.30568, -10, 109.726
30.23233, -10, 109.9708
29.15899, -10, 110.0562
28.08564, -10, 109.473
27.01229, -10, 109.1344
25.93894, -10, 108.8975
24.86559, -10, 108.6989
23.79224, -10, 108.5039
22.71889, -10, 108.2817
21.64555, -10, 107.9732
20.5722, -10, 107.3679
19.49885, -10, 107.2817
18.4255, -10, 107.9618
17.35215, -10, 108.333
16.2788, -10, 108.588
15.20545, -10, 108.8004
14.1321, -10, 109.0315
13.05876, -10, 109.3088
11.98541, -10, 109.6096
10.91206, -10, 109.7596
9.83871, -10, 110.5465
8.765361, -10, 109.7103
7.692012, -10, 109.4678
6.618664, -10, 109.1837
5.545315, -10, 108.7836
4.471966, -10, 110.647
3.398618, -10, 109.6376
2.325269, -10, 106.5383
1.25192, -10, 106.0587
0.1785714, -10, 108.0728
-0.8834587, -10, 106.7701
-1.945489, -10, 105.4188
-3.007519, -10, 104.5608
-4.069549, -10, 104.0145
-5.131579, -10, 103.6031
-6.193609, -10, 103.263
-7.255639, -10, 102.9581
-8.317669, -10, 102.6619
-9.3797, -10, 102.2625
-10.44173, -10, 101.8392
-11.50376, -10, 101.6082
-12.56579, -10, 101.3974
-13.62782, -10, 101.1948
-14.68985, -10, 100.9949
-15.75188, -10, 100.7961
-16.81391, -10, 100.5978
-17.87594, -10, 100.4002
-18.93797, -10, 100.2019
98.92684, -11, 119.4559
97.85368, -11, 118.9636
96.78053, -11, 118.8547
95.70737, -11, 119.0233
94.63422, -11, 119.2771
93.56106, -11, 119.546
92.4879, -11, 119.8301
91.41475, -11, 119.8029
90.34159, -11, 118.5601
89.26843, -11, 119.9121
88.19527, -11, 121.672
87.12212, -11, 122.7158
86.04897, -11, 123.6418
84.97581, -11, 124.5426
83.90265, -11, 125.4143
82.82949, -11, 126.2815
81.75634, -11, 127.1308
80.68318, -11, 128.2014
79.61002, -11, 129.7667
78.53687, -11, 129.3025
77.46371, -11, 129.5721
76.39056, -11, 129.7883
75.3174, -11, 130.0304
74.24424, -11, 130.3797
73.17108, -11, 130.9316
72.09792, -11, 131.814
71.02477, -11, 133.4931
69.95161, -11, 137.3934
68.87846, -11, 133.0786
67.8053, -11, 130.8806
66.73214, -11, 129.3208
65.65899, -11, 128.1154
64.58583, -11, 127.2101
63.51267, -11, 126.6094
62.43952, -11, 126.469
61.36636, -11, 127.252
60.2932, -11, 131.1757
59.22005, -11, 127.6016
58.14689, -11, 124.7494
57.07373, -11, 123.6464
56.00058, -11, 123.1951
54.92742, -11, 123.0366
53.85426, -11, 122.9942
52.7811, -11, 122.9762
51.70795, -11, 122.7513
50.63479, -11, 122.0314
49.56163, -11, 121.7222
48.48848, -11, 121.5053
47.41532, -11, 121.4002
46.34217, -11, 120.993
45.26901, -11, 120.5233
44.19585, -11, 120.0522
43.1227, -11, 119.6177
42.04954, -11, 119.2321
40.97638, -11, 118.8941
39.90322, -11, 119.1314
38.83007, -11, 118.8975
37.75691, -11, 118.9443
36.68375, -11, 119.0129
35.6106, -11, 119.1556
34.53744, -11, 119.3843
33.46429, -11, 119.7095
32.39113, -11, 120.1846
31.31797, -11, 120.9645
30.24482, -11, 122.8175
29.17166, -11, 121.3894
28.0985, -11, 120.2154
27.02534, -11, 119.6042
25.95219, -11, 119.2071
24.87903, -11, 118.8857
23.80588, -11, 118.5663
22.73272, -11, 118.1855
21.65956, -11, 117.6325
20.5864, -11, 116.6454
19.51325, -11, 116.3698
18.44009, -11, 117.2124
17.36694, -11, 117.757
16.29378, -11, 118.0718
15.22062, -11, 118.2847
14.14747, -11, 118.4657
13.07431, -11, 118.6376
12.00115, -11, 118.6832
10.928, -11, 118.495
9.854838, -11, 121.2895
8.781682, -11, 119.1014
7.708525, -11, 118.6583
6.635369, -11, 118.7604
5.562212, -11, 119.9402
4.489055, -11, 118.5315
3.415899, -11, 116.5318
2.342742, -11, 114.5411
1.269585, -11, 118.6899
0.1964286, -11, 117.1365
-0.8665413, -11, 116.1837
-1.929511, -11, 115.518
-2.992481, -11, 114.8526
-4.055451, -11, 114.3745
-5.118421, -11, 114.0744
-6.181391, -11, 113.9063
-7.244361, -11, 113.8403
-8.307331, -11, 113.8962
-9.3703, -11, 114.527
-10.43327, -11, 114.7851
-11.49624, -11, 113.2361
-12.55921, -11, 112.6652
-13.62218, -11, 112.3021
-14.68515, -11, 112.0349
-15.74812, -11, 111.8378
-16.81109, -11, 111.7155
-17.87406, -11, 111.7152
-18.93703, -11, 112.0488
98.92703, -12, 127.3585
97.85407, -12, 128.1492
96.7811, -12, 128.2854
95.70814, -12, 128.4206
94.63518, -12, 128.6264
93.56221, -12, 128.8978
92.48925, -12, 129.2181
91.41628, -12, 129.5324
90.34332, -12, 128.8914
89.27036, -12, 130.3423
88.19739, -12, 131.1164
87.12442, -12, 131.6753
86.05146, -12, 132.3214
84.97849, -12, 133.0389
83.90553, -12, 133.8094
82.83257, -12, 134.6716
81.7596, -12, 135.7682
80.68664, -12, 137.8387
79.61367, -12, 139.4535
78.5407, -12, 138.0569
77.46774, -12, 137.8856
76.39478, -12, 138.059
75.32182, -12, 138.3826
74.24885, -12, 138.8528
73.17588, -12, 139.5572
72.10292, -12, 140.7022
71.02995, -12, 142.9846
69.95699, -12, 147.9566
68.88403, -12, 142.7679
67.81106, -12, 140.4494
66.7381, -12, 139.072
65.66513, -12, 138.1109
64.59216, -12, 137.4621
63.5192, -12, 137.1438
62.44624, -12, 137.2682
61.37327, -12, 138.2266
60.30031, -12, 142.5845
59.22734, -12, 139.0401
58.15438, -12, 136.136
57.08141, -12, 134.8877
56.00845, -12, 134.2561
54.93548, -12, 133.9611
53.86252, -12, 133.8945
52.78955, -12, 134.006
51.71659, -12, 134.4331
50.64362, -12, 135.8209
49.57066, -12, 135.6429
48.4977, -12, 133.4896
47.42473, -12, 132.3935
46.35176, -12, 131.7397
45.2788, -12, 131.2296
44.20584, -12, 130.8211
43.13287, -12, 130.5146
42.05991, -12, 130.3591
40.98694, -12, 130.5229
39.91398, -12, 130.7883
38.84101, -12, 130.1628
37.76805, -12, 129.8828
36.69508, -12, 129.847
35.62212, -12, 129.9356
34.54916, -12, 130.1277
33.47619, -12, 130.4315
32.40322, -12, 130.8798
31.33026, -12, 131.6016
30.2573, -12, 133.4595
29.18433, -12, 131.8866
28.11137, -12, 130.6614
27.0384, -12, 129.9893
25.96544, -12, 129.5093
24.89247, -12, 129.1049
23.81951, -12, 128.703
22.74654, -12, 128.2207
21.67358, -12, 127.557
20.60061, -12, 126.6682
19.52765, -12, 126.2872
18.45469, -12, 126.8952
17.38172, -12, 127.2849
16.30876, -12, 127.5513
15.23579, -12, 127.7116
14.16283, -12, 127.775
13.08986, -12, 127.7568
12.0169, -12, 127.771
10.94393, -12, 128.158
9.870968, -12, 125.5289
8.798003, -12, 127.8092
7.725039, -12, 127.9023
6.652074, -12, 127.6946
5.579109, -12, 127.4756
4.506145, -12, 126.5926
3.43318, -12, 123.9511
2.360215, -12, 124.2436
1.28725, -12, 127.8272
0.2142857, -12, 125.636
-0.849624, -12, 125.0434
-1.913534, -12, 124.7761
-2.977444, -12, 124.5546
-4.041353, -12, 124.4181
-5.105263, -12, 124.3139
-6.169173, -12, 124.2697
-7.233083, -12, 124.3524
-8.296992, -12, 124.7276
-9.360902, -12, 125.7811
-10.42481, -12, 125.979
-11.48872, -12, 124.5428
-12.55263, -12, 123.7443
-13.61654, -12, 123.2645
-14.68045, -12, 122.9457
-15.74436, -12, 122.7483
-16.80827, -12, 122.6795
-17.87218, -12, 122.8096
-18.93609, -12, 123.3893
98.92723, -13, 135.7457
97.85445, -13, 136.7183
96.78168, -13, 137.1658
95.70891, -13, 137.4113
94.63614, -13, 137.654
93.56336, -13, 137.931
92.49059, -13, 138.2552
91.41782, -13, 138.852
90.34505, -13, 140.8567
89.27227, -13, 140.578
88.1995, -13, 140.2484
87.12673, -13, 140.5342
86.05396, -13, 141.0269
84.98119, -13, 141.6134
83.90841, -13, 142.2693
82.83564, -13, 143.0531
81.76286, -13, 144.1709
80.69009, -13, 145.8798
79.61732, -13, 146.5941
78.54455, -13, 146.2343
77.47177, -13, 146.0104
76.399, -13, 146.1698
75.32623, -13, 146.5229
74.25346, -13, 147.0221
73.18069, -13, 147.7319
72.10791, -13, 148.8229
71.03514, -13, 150.5618
69.96236, -13, 151.0755
68.88959, -13, 150.5877
67.81682, -13, 149.0088
66.74405, -13, 147.9722
65.67127, -13, 147.2677
64.5985, -13, 146.8342
63.52573, -13, 146.6933
62.45296, -13, 146.9072
61.38018, -13, 147.5444
60.30741, -13, 146.9897
59.23464, -13, 147.5946
58.16187, -13, 146.3085
57.08909, -13, 145.2347
56.01632, -13, 144.5769
54.94355, -13, 144.2645
53.87078, -13, 144.2487
52.798, -13, 144.5885
51.72523, -13, 145.5164
50.65246, -13, 147.4272
49.57969, -13, 147.6685
48.50691, -13, 144.859
47.43414, -13, 143.213
46.36137, -13, 142.26
45.28859, -13, 141.6872
44.21582, -13, 141.3256
43.14305, -13, 141.1425
42.07028, -13, 141.1608
40.99751, -13, 141.3549
39.92473, -13, 141.2519
38.85196, -13, 140.8173
37.77919, -13, 140.463
36.70641, -13, 140.3377
35.63364, -13, 140.3666
34.56087, -13, 140.516
33.48809, -13, 140.7811
32.41532, -13, 141.1692
31.34255, -13, 141.6781
30.26978, -13, 141.7479
29.197, -13, 141.6049
28.12423, -13, 140.8178
27.05146, -13, 140.1775
25.97869, -13, 139.6792
24.90591, -13, 139.2555
23.83314, -13, 138.8492
22.76037, -13, 138.4007
21.6876, -13, 137.8584
20.61482, -13, 137.057
19.54205, -13, 136.6857
18.46928, -13, 137.0703
17.39651, -13, 137.2601
16.32373, -13, 137.3646
15.25096, -13, 137.4073
14.17819, -13, 137.3998
13.10541, -13, 137.3568
12.03264, -13, 137.2892
10.95987, -13, 137.1023
9.887096, -13, 136.7044
8.814324, -13, 136.7272
7.741551, -13, 136.829
6.668779, -13, 136.6274
5.596006, -13, 135.375
4.523233, -13, 132.9191
3.450461, -13, 133.4823
2.377688, -13, 138.0379
1.304916, -13, 137.5802
0.2321429, -13, 134.454
-0.8327067, -13, 133.5581
-1.897556, -13, 133.8736
-2.962406, -13, 134.2356
-4.027256, -13, 134.3773
-5.092105, -13, 134.4277
-6.156955, -13, 134.4851
-7.221805, -13, 134.6447
-8.286654, -13, 135.0473
-9.351503, -13, 135.5266
-10.41635, -13, 135.5715
-11.4812, -13, 135.173
-12.54605, -13, 134.453
-13.6109, -13, 133.9478
-14.67575, -13, 133.6073
-15.7406, -13, 133.4044
-16.80545, -13, 133.3437
-17.8703, -13, 133.4656
-18.93515, -13, 133.7203
98.92742, -14, 145.0911
97.85484, -14, 145.2708
96.78226, -14, 145.6263
95.70968, -14, 145.9797
94.6371, -14, 146.3318
93.56451, -14, 146.7102
92.49194, -14, 147.1731
91.41936, -14, 147.9346
90.34677, -14, 150.4766
89.27419, -14, 149.7005
88.20161, -14, 149.1015
87.12904, -14, 149.3621
86.05645, -14, 149.775
84.98387, -14, 150.2587
83.91129, -14, 150.8044
82.83871, -14, 151.4119
81.76613, -14, 152.0511
80.69355, -14, 152.4682
79.62096, -14, 152.841
78.54839, -14, 153.4423
77.47581, -14, 153.8333
76.40323, -14, 154.1299
75.33064, -14, 154.4802
74.25806, -14, 154.9206
73.18549, -14, 155.4727
72.1129, -14, 156.1098
71.04032, -14, 156.2522
69.96774, -14, 155.2797
68.89516, -14, 156.4946
67.82258, -14, 156.5183
66.75, -14, 156.0082
65.67742, -14, 155.5771
64.60484, -14, 155.3025
63.53226, -14, 155.2103
62.45968, -14, 155.3003
61.3871, -14, 155.2096
60.31452, -14, 152.7973
59.24194, -14, 154.2344
58.16935, -14, 154.975
57.09678, -14, 154.4499
56.02419, -14, 154.0163
54.95161, -14, 153.8206
53.87903, -14, 153.8885
52.80645, -14, 154.2761
51.73387, -14, 155.0545
50.66129, -14, 156.3219
49.58871, -14, 156.8985
48.51613, -14, 154.638
47.44355, -14, 153.2759
46.37097, -14, 152.3762
45.29839, -14, 151.8118
44.22581, -14, 151.4801
43.15322, -14, 151.3225
42.08065, -14, 151.2959
41.00806, -14, 151.2665
39.93548, -14, 151.2842
38.8629, -14, 150.7632
37.79032, -14, 150.5505
36.71774, -14, 150.4241
35.64516, -14, 150.421
34.57258, -14, 150.5215
33.5, -14, 150.7133
32.42742, -14, 150.9811
31.35484, -14, 151.1897
30.28226, -14, 150.5795
29.20968, -14, 150.7789
28.1371, -14, 150.604
27.06452, -14, 150.1189
25.99194, -14, 149.6887
24.91936, -14, 149.3175
23.84678, -14, 148.9802
22.77419, -14, 148.6467
21.70161, -14, 148.2802
20.62903, -14, 147.8416
19.55645, -14, 147.5704
18.48387, -14, 147.4837
17.41129, -14, 147.4671
16.33871, -14, 147.4016
15.26613, -14, 147.3156
14.19355, -14, 147.2289
13.12097, -14, 147.1345
12.04839, -14, 146.9183
10.97581, -14, 146.291
9.903226, -14, 148.4422
8.830646, -14, 146.4399
7.758065, -14, 146.3352
6.685484, -14, 146.4243
5.612903, -14, 146.4671
4.540323, -14, 145.4568
3.467742, -14, 146.8865
2.395161, -14, 147.8702
1.322581, -14, 145.5427
0.25, -14, 142.824
-0.8157895, -14, 142.2401
-1.881579, -14, 143.5243
-2.947368, -14, 144.0727
-4.013158, -14, 144.3127
-5.078948, -14, 144.4389
-6.144737, -14, 144.5484
-7.210526, -14, 144.7014
-8.276316, -14, 144.8456
-9.342105, -14, 145.0228
-10.4079, -14, 145.1748
-11.47368, -14, 144.9009
-12.53947, -14, 144.6053
-13.60526, -14, 144.2172
-14.67105, -14, 143.9006
-15.73684, -14, 143.6841
-16.80263, -14, 143.5617
-17.86842, -14, 143.4673
-18.93421, -14, 143.2386
98.92761, -15, 154.1495
97.85522, -15, 153.9854
96.78284, -15, 154.1656
95.71045, -15, 154.5286
94.63805, -15, 154.9658
93.56567, -15, 155.4679
92.49328, -15, 156.0774
91.42089, -15, 156.8222
90.3485, -15, 157.0558
89.27612, -15, 157.6533
88.20373, -15, 157.7859
87.13134, -15, 158.0186
86.05894, -15, 158.3461
84.98656, -15, 158.7208
83.91417, -15, 159.1191
82.84178, -15, 159.4848
81.76939, -15, 159.6275
80.69701, -15, 159.2571
79.62462, -15, 159.138
78.55223, -15, 160.3775
77.47984, -15, 161.1649
76.40745, -15, 161.6677
75.33506, -15, 162.0445
74.26267, -15, 162.3846
73.19028, -15, 162.6519
72.1179, -15, 162.6223
71.04551, -15, 162.1651
69.97312, -15, 161.7978
68.90073, -15, 162.4133
67.82834, -15, 163.0366
66.75595, -15, 163.2626
65.68356, -15, 163.1862
64.61118, -15, 163.0455
63.53879, -15, 162.8801
62.4664, -15, 162.5478
61.39401, -15, 161.9453
60.32162, -15, 161.7584
59.24923, -15, 161.7021
58.17684, -15, 162.2403
57.10445, -15, 162.5366
56.03207, -15, 162.5399
54.95968, -15, 162.5272
53.88729, -15, 162.6072
52.8149, -15, 162.7947
51.74251, -15, 163.1078
50.67012, -15, 163.861
49.59773, -15, 163.8483
48.52534, -15, 163.0098
47.45296, -15, 162.2653
46.38057, -15, 161.7197
45.30818, -15, 161.3067
44.23579, -15, 161.0292
43.1634, -15, 160.8536
42.09101, -15, 160.7127
41.01862, -15, 160.6284
39.94624, -15, 160.3768
38.87385, -15, 160.251
37.80146, -15, 160.1258
36.72907, -15, 160.0875
35.65668, -15, 160.0883
34.58429, -15, 160.1494
33.51191, -15, 160.2542
32.43952, -15, 160.3353
31.36713, -15, 160.3267
30.29474, -15, 160.4208
29.22235, -15, 160.1581
28.14996, -15, 159.9998
27.07757, -15, 159.7885
26.00518, -15, 159.5172
24.9328, -15, 159.2567
23.86041, -15, 159.0209
22.78802, -15, 158.8079
21.71563, -15, 158.6487
20.64324, -15, 158.6642
19.57085, -15, 158.5051
18.49846, -15, 158.002
17.42608, -15, 157.6381
16.35369, -15, 157.397
15.2813, -15, 157.1906
14.20891, -15, 156.9755
13.13652, -15, 156.7306
12.06413, -15, 156.5043
10.99174, -15, 156.5136
9.919354, -15, 154.2672
8.846966, -15, 156.2604
7.774578, -15, 156.486
6.702189, -15, 156.6947
5.6298, -15, 157.7177
4.557412, -15, 158.4114
3.485023, -15, 157.1949
2.412634, -15, 156.1622
1.340246, -15, 154.4374
0.2678571, -15, 150.1961
-0.7988722, -15, 152.4591
-1.865602, -15, 153.6074
-2.932331, -15, 154.0403
-3.99906, -15, 154.2495
-5.06579, -15, 154.3617
-6.132519, -15, 154.4247
-7.199248, -15, 154.4666
-8.265978, -15, 154.514
-9.332706, -15, 154.615
-10.39944, -15, 154.7308
-11.46617, -15, 154.4465
-12.5329, -15, 154.191
-13.59962, -15, 153.9448
-14.66635, -15, 153.703
-15.73308, -15, 153.4626
-16.79981, -15, 153.2229
-17.86654, -15, 152.9843
-18.93327, -15, 152.7441
98.9278, -16, 162.4567
97.85561, -16, 162.4303
96.78341, -16, 162.6831
95.71121, -16, 163.0837
94.63902, -16, 163.5825
93.56682, -16, 164.1528
92.49462, -16, 164.7605
91.42242, -16, 165.224
90.35023, -16, 164.228
89.27803, -16, 165.2185
88.20583, -16, 166.2031
87.13364, -16, 166.4662
86.06145, -16, 166.702
84.98925, -16, 166.9498
83.91705, -16, 167.1824
82.84486, -16, 167.352
81.77266, -16, 167.3693
80.70046, -16, 166.9115
79.62827, -16, 166.6444
78.55607, -16, 167.8517
77.48387, -16, 168.4309
76.41167, -16, 168.8874
75.33948, -16, 169.2433
74.26728, -16, 169.4836
73.19508, -16, 169.5697
72.12289, -16, 169.4398
71.05069, -16, 169.1242
69.97849, -16, 168.6419
68.9063, -16, 169.3633
67.8341, -16, 169.8227
66.7619, -16, 170.1502
65.6897, -16, 170.2761
64.61751, -16, 170.234
63.54531, -16, 170.0422
62.47312, -16, 169.7157
61.40092, -16, 169.4063
60.32872, -16, 170.3925
59.25653, -16, 169.8496
58.18433, -16, 169.7303
57.11214, -16, 170.0944
56.03994, -16, 170.3378
54.96774, -16, 170.4791
53.89555, -16, 170.5714
52.82335, -16, 170.6612
51.75115, -16, 170.7597
50.67896, -16, 170.5465
49.60676, -16, 170.3263
48.53456, -16, 170.7766
47.46236, -16, 170.6202
46.39017, -16, 170.3836
45.31797, -16, 170.1684
44.24578, -16, 169.9881
43.17358, -16, 169.8476
42.10138, -16, 169.7484
41.02919, -16, 169.627
39.95699, -16, 169.4734
38.88479, -16, 169.5054
37.8126, -16, 169.4237
36.7404, -16, 169.3815
35.6682, -16, 169.3899
34.596, -16, 169.425
33.52381, -16, 169.4667
32.45161, -16, 169.5012
31.37942, -16, 169.5565
30.30722, -16, 170.0057
29.23502, -16, 169.6884
28.16283, -16, 169.3937
27.09063, -16, 169.2711
26.01843, -16, 169.1484
24.94624, -16, 169.0253
23.87404, -16, 168.9203
22.80184, -16, 168.8631
21.72965, -16, 168.9064
20.65745, -16, 169.1533
19.58525, -16, 169.1051
18.51306, -16, 168.3757
17.44086, -16, 167.8704
16.36866, -16, 167.4771
15.29647, -16, 167.1561
14.22427, -16, 166.855
13.15207, -16, 166.5614
12.07988, -16, 166.3223
11.00768, -16, 166.1381
9.935484, -16, 165.3468
8.863287, -16, 165.9551
7.79109, -16, 166.208
6.718894, -16, 166.4092
5.646698, -16, 166.5167
4.574501, -16, 166.1073
3.502304, -16, 165.1617
2.430108, -16, 163.6745
1.357911, -16, 161.6662
0.2857143, -16, 161.7524
-0.7819549, -16, 163.6554
-1.849624, -16, 164.0353
-2.917293, -16, 164.1625
-3.984962, -16, 164.2212
-5.052631, -16, 164.2452
-6.120301, -16, 164.249
-7.18797, -16, 164.245
-8.255639, -16, 164.2454
-9.323308, -16, 164.2709
-10.39098, -16, 164.2262
-11.45865, -16, 163.974
-12.52632, -16, 163.7214
-13.59398, -16, 163.4757
-14.66165, -16, 163.2301
-15.72932, -16, 162.984
-16.79699, -16, 162.7377
-17.86466, -16, 162.492
-18.93233, -16, 162.2477
98.92799, -17, 170.194
97.85599, -17, 170.4327
96.78399, -17, 170.871
95.71198, -17, 171.3855
94.63998, -17, 171.9561
93.56797, -17, 172.5486
92.49596, -17, 173.0735
91.42397, -17, 173.3223
90.35196, -17, 173.3902
89.27995, -17, 173.6843
88.20795, -17, 174.3581
87.13595, -17, 174.7475
86.06394, -17, 174.9482
84.99194, -17, 175.0999
83.91993, -17, 175.2197
82.84792, -17, 175.2889
81.77592, -17, 175.2883
80.70392, -17, 175.2777
79.63191, -17, 175.5381
78.55991, -17, 175.7408
77.4879, -17, 176.0778
76.4159, -17, 176.398
75.3439, -17, 176.674
74.27189, -17, 176.8733
73.19988, -17, 176.9718
72.12788, -17, 176.9796
71.05588, -17, 176.8344
69.98387, -17, 176.6936
68.91187, -17, 177.0878
67.83986, -17, 177.4288
66.76786, -17, 177.6222
65.69585, -17, 177.7443
64.62385, -17, 177.7625
63.55184, -17, 177.6919
62.47984, -17, 177.6001
61.40783, -17, 177.6172
60.33583, -17, 177.5002
59.26382, -17, 177.7034
58.19182, -17, 177.8344
57.11982, -17, 178.0251
56.04781, -17, 178.2447
54.97581, -17, 178.4071
53.9038, -17, 178.5123
52.8318, -17, 178.5466
51.75979, -17, 178.3701
50.68779, -17, 177.7455
49.61578, -17, 177.5617
48.54378, -17, 178.375
47.47178, -17, 178.7449
46.39977, -17, 178.801
45.32777, -17, 178.7574
44.25576, -17, 178.6951
43.18375, -17, 178.6326
42.11175, -17, 178.5532
41.03975, -17, 178.5079
39.96774, -17, 178.6098
38.89574, -17, 178.5967
37.82373, -17, 178.5777
36.75173, -17, 178.5685
35.67972, -17, 178.5778
34.60772, -17, 178.6065
33.53571, -17, 178.6473
32.46371, -17, 178.707
31.3917, -17, 178.8286
30.3197, -17, 178.9604
29.2477, -17, 178.9876
28.17569, -17, 178.8547
27.10369, -17, 178.7776
26.03168, -17, 178.7482
24.95968, -17, 178.7392
23.88767, -17, 178.7569
22.81567, -17, 178.8244
21.74366, -17, 178.9751
20.67166, -17, 179.27
19.59966, -17, 179.2351
18.52765, -17, 178.4918
17.45564, -17, 178.0128
16.38364, -17, 177.6107
15.31164, -17, 177.2507
14.23963, -17, 176.9098
13.16763, -17, 176.5602
12.09562, -17, 176.1288
11.02362, -17, 175.5115
9.951612, -17, 178.1047
8.879608, -17, 175.6807
7.807604, -17, 175.6857
6.735599, -17, 175.8826
5.663594, -17, 175.5108
4.59159, -17, 173.947
3.519585, -17, 172.1936
2.447581, -17, 173.6707
1.375576, -17, 174.7068
0.3035714, -17, 177.339
-0.7650376, -17, 175.3033
-1.833647, -17, 174.5861
-2.902256, -17, 174.3842
-3.970865, -17, 174.2806
-5.039474, -17, 174.2027
-6.108083, -17, 174.1331
-7.176692, -17, 174.0682
-8.2453, -17, 174.0056
-9.31391, -17, 173.935
-10.38252, -17, 173.7298
-11.45113, -17, 173.4958
-12.51974, -17, 173.2604
-13.58835, -17, 173.014
-14.65695, -17, 172.7632
-15.72556, -17, 172.5103
-16.79417, -17, 172.2563
-17.86278, -17, 172.0019
-18.93139, -17, 171.7484
98.92818, -18, 177.5286
97.85638, -18, 178.152
96.78456, -18, 178.7426
95.71275, -18, 179.3829
94.64094, -18, 180.0395
93.56912, -18, 180.6768
92.49731, -18, 181.2582
91.4255, -18, 181.7903
90.35368, -18, 182.8894
89.28188, -18, 182.9079
88.21006, -18, 182.7912
87.13825, -18, 182.9916
86.06644, -18, 183.14
84.99462, -18, 183.2354
83.92281, -18, 183.2948
82.851, -18, 183.3374
81.77918, -18, 183.4134
80.70737, -18, 183.9048
79.63556, -18, 184.3759
78.56375, -18, 183.855
77.49194, -18, 184.029
76.42012, -18, 184.2731
75.34831, -18, 184.5077
74.2765, -18, 184.7144
73.20468, -18, 184.8773
72.13287, -18, 184.9713
71.06106, -18, 184.9949
69.98925, -18, 184.8179
68.91743, -18, 185.2172
67.84562, -18, 185.5113
66.77381, -18, 185.6991
65.702, -18, 185.8094
64.63019, -18, 185.8757
63.55837, -18, 185.9154
62.48656, -18, 185.9302
61.41475, -18, 185.8516
60.34293, -18, 184.9827
59.27112, -18, 185.5463
58.19931, -18, 186.112
57.12749, -18, 186.2993
56.05568, -18, 186.4399
54.98387, -18, 186.548
53.91206, -18, 186.6031
52.84024, -18, 186.5638
51.76843, -18, 186.3543
50.69662, -18, 185.9131
49.62481, -18, 185.7658
48.55299, -18, 186.474
47.48118, -18, 186.881
46.40937, -18, 187.0978
45.33756, -18, 187.2072
44.26574, -18, 187.2596
43.19393, -18, 187.2881
42.12212, -18, 187.3245
41.05031, -18, 187.4251
39.97849, -18, 187.7192
38.90668, -18, 187.625
37.83487, -18, 187.6399
36.76306, -18, 187.669
35.69125, -18, 187.7079
34.61943, -18, 187.757
33.54762, -18, 187.8186
32.47581, -18, 187.8963
31.40399, -18, 187.9769
30.33218, -18, 187.8651
29.26037, -18, 188.0577
28.18856, -18, 188.2128
27.11674, -18, 188.2628
26.04493, -18, 188.3248
24.97312, -18, 188.4067
23.90131, -18, 188.5123
22.82949, -18, 188.6502
21.75768, -18, 188.8357
20.68587, -18, 189.0138
19.61406, -18, 188.9314
18.54224, -18, 188.4706
17.47043, -18, 188.0069
16.39862, -18, 187.6247
15.32681, -18, 187.2701
14.25499, -18, 186.9056
13.18318, -18, 186.4962
12.11137, -18, 186.0083
11.03955, -18, 185.5332
9.967742, -18, 183.8435
8.895929, -18, 185.2668
7.824117, -18, 185.6558
6.752304, -18, 185.9389
5.680491, -18, 186.2101
4.608679, -18, 186.1119
3.536866, -18, 184.1102
2.465054, -18, 186.4667
1.393241, -18, 188.9101
0.3214286, -18, 187.5652
-0.7481203, -18, 186.5162
-1.817669, -18, 185.0983
-2.887218, -18, 184.6173
-3.956767, -18, 184.3633
-5.026316, -18, 184.1838
-6.095865, -18, 184.0355
-7.165413, -18, 183.9019
-8.234962, -18, 183.7706
-9.304511, -18, 183.5911
-10.37406, -18, 183.2345
-11.44361, -18, 183.0415
-12.51316, -18, 182.8096
-13.58271, -18, 182.5599
-14.65226, -18, 182.3026
-15.7218, -18, 182.0417
-16.79135, -18, 181.7788
-17.8609, -18, 181.5153
-18.93045, -18, 181.2532
98.92838, -19, 184.7834
97.85676, -19, 185.7127
96.78514, -19, 186.5167
95.71352, -19, 187.3007
94.6419, -19, 188.0861
93.57027, -19, 188.8669
92.49866, -19, 189.6519
91.42703, -19, 190.5394
90.35542, -19, 191.6488
89.28379, -19, 191.847
88.21217, -19, 191.5835
87.14056, -19, 191.5014
86.06893, -19, 191.5049
84.99731, -19, 191.5121
83.92569, -19, 191.5179
82.85407, -19, 191.5438
81.78245, -19, 191.6767
80.71083, -19, 192.0439
79.63921, -19, 192.248
78.56759, -19, 192.0508
77.49596, -19, 192.1228
76.42435, -19, 192.3335
75.35273, -19, 192.5742
74.2811, -19, 192.8116
73.20949, -19, 193.0339
72.13786, -19, 193.2456
71.06625, -19, 193.4297
69.99462, -19, 193.5301
68.923, -19, 193.6738
67.85138, -19, 193.8604
66.77976, -19, 194.0198
65.70814, -19, 194.1481
64.63652, -19, 194.2478
63.5649, -19, 194.3211
62.49328, -19, 194.3481
61.42166, -19, 194.223
60.35004, -19, 193.7819
59.27842, -19, 194.0295
58.2068, -19, 194.527
57.13518, -19, 194.7413
56.06356, -19, 194.8563
54.99194, -19, 194.9314
53.92031, -19, 194.9674
52.84869, -19, 194.9494
51.77707, -19, 194.8687
50.70545, -19, 194.6472
49.63383, -19, 194.6698
48.56221, -19, 195.1378
47.49059, -19, 195.4155
46.41897, -19, 195.6305
45.34735, -19, 195.796
44.27573, -19, 195.9305
43.20411, -19, 196.0532
42.13249, -19, 196.1869
41.06087, -19, 196.354
39.98925, -19, 196.5682
38.91763, -19, 196.5967
37.846, -19, 196.6465
36.77439, -19, 196.7115
35.70277, -19, 196.7802
34.63115, -19, 196.8529
33.55952, -19, 196.9293
32.4879, -19, 197.0024
31.41628, -19, 197.0395
30.34466, -19, 197.012
29.27304, -19, 197.1878
28.20142, -19, 197.4421
27.1298, -19, 197.6313
26.05818, -19, 197.7933
24.98656, -19, 197.9579
23.91494, -19, 198.132
22.84332, -19, 198.3182
21.7717, -19, 198.5016
20.70008, -19, 198.6731
19.62846, -19, 198.6256
18.55684, -19, 198.3138
17.48521, -19, 197.9737
16.4136, -19, 197.6273
15.34197, -19, 197.2954
14.27035, -19, 196.9602
13.19873, -19, 196.6077
12.12711, -19, 196.2385
11.05549, -19, 195.6699
9.983871, -19, 193.4972
8.912251, -19, 194.9556
7.84063, -19, 195.6222
6.769009, -19, 196.0176
5.697389, -19, 196.8575
4.625768, -19, 198.333
3.554147, -19, 197.8575
2.482527, -19, 197.344
1.410906, -19, 197.3537
0.3392857, -19, 196.7398
-0.731203, -19, 195.8852
-1.801692, -19, 195.2313
-2.87218, -19, 194.6775
-3.942669, -19, 194.3437
-5.013158, -19, 194.0928
-6.083647, -19, 193.8791
-7.154135, -19, 193.6825
-8.224624, -19, 193.4847
-9.295113, -19, 193.1772
-10.3656, -19, 192.8279
-11.43609, -19, 192.6321
-12.50658, -19, 192.3835
-13.57707, -19, 192.1218
-14.64756, -19, 191.8538
-15.71805, -19, 191.5827
-16.78853, -19, 191.31
-17.85902, -19, 191.0368
-18.92951, -19, 190.765
2.017, 0.8, 9.2338
3.08206, 0.8, 10.6681
4.1471, 0.8, 9.7379
5.2121, 0.8, 9.9361
6.2772, 0.8, 9.063
7.3422, 0.8, 8.9168
8.4072, 0.8, 9.1885
9.4723, 0.8, 9.8184
10.5373, 0.8, 9.06635
11.6023, 0.8, 7.95412
12.6674, 0.8, 7.54909
13.7324, 0.8, 7.21457
14.7974, 0.8, 6.84
15.8625, 0.8, 6.38437
16.9275, 0.8, 5.77961
17.9925, 0.8, 4.87347
19.0575, 0.8, 3.57854
20.1226, 0.8, 2.57722
21.1876, 0.8, 3.5707
22.2526, 0.8, 4.41272
23.3177, 0.8, 4.92951
24.3827, 0.8, 5.1954
25.4477, 0.8, 5.31241
26.5128, 0.8, 5.3204
27.5778, 0.8, 5.26216
28.6428, 0.8, 5.45653
29.7079, 0.8, 7.39631
30.7729, 0.8, 6.44796
31.8379, 0.8, 5.68785
32.903, 0.8, 5.77483
33.968, 0.8, 5.89963
35.033, 0.8, 5.97249
36.0981, 0.8, 5.98161
37.1631, 0.8, 5.94445
38.2281, 0.8, 5.92888
39.2932, 0.8, 6.14738
40.3582, 0.8, 6.10535
41.4232, 0.8, 6.92469
42.4883, 0.8, 7.43931
43.5533, 0.8, 8.03492
44.6183, 0.8, 8.61123
45.6834, 0.8, 9.17478
46.7484, 0.8, 9.77378
47.8134, 0.8, 10.5265
48.8785, 0.8, 12.054
49.9435, 0.8, 14.2067
51.0085, 0.8, 14.4871
52.0735, 0.8, 14.8335
53.1386, 0.8, 16.0865
54.2036, 0.8, 17.533
55.2686, 0.8, 19.057
56.3337, 0.8, 20.6364
57.3987, 0.8, 22.3332
58.4637, 0.8, 24.4783
59.5288, 0.8, 28.506
60.5938, 0.8, 29.5794
61.6588, 0.8, 28.204
62.7239, 0.8, 28.4628
63.7889, 0.8, 29.1067
64.8539, 0.8, 29.8991
65.919, 0.8, 30.8487
66.984, 0.8, 32.0675
68.049, 0.8, 33.9572
69.1141, 0.8, 38.6704
70.1791, 0.8, 46.0808
71.2441, 0.8, 38.4643
72.3092, 0.8, 36.4879
73.3742, 0.8, 36.0985
74.4392, 0.8, 36.2123
75.5043, 0.8, 36.6858
76.5693, 0.8, 37.579
77.6343, 0.8, 39.1518
78.6994, 0.8, 42.3394
79.7644, 0.8, 51.5138
80.8294, 0.8, 44.7958
81.8945, 0.8, 39.2789
82.9595, 0.8, 36.6558
84.0245, 0.8, 34.9838
85.0895, 0.8, 33.817
86.1546, 0.8, 32.9854
87.2196, 0.8, 32.546
88.2846, 0.8, 33.0204
89.3497, 0.8, 38.5464
90.4147, 0.8, 41.3307
91.4797, 0.8, 32.4159
92.5448, 0.8, 30.7397
93.6098, 0.8, 30.2713
94.6748, 0.8, 30.2395
95.7399, 0.8, 30.5657
96.8049, 0.8, 31.3955
97.8699, 0.8, 33.0411
98.935, 0.8, 36.2796
2.9588, 1.6, 4.7513
4.0136, 1.6, 4.5033
5.0684, 1.6, 2.0298
6.1232, 1.6, 1.9361
7.178, 1.6, 2.0954
8.2328, 1.6, 2.0836
9.2876, 1.6, 2.1009
10.3424, 1.6, 1.92266
11.3972, 1.6, 1.4286
12.452, 1.6, 1.17168
13.5068, 1.6, 0.872997
14.5615, 1.6, 0.492352
15.6163, 1.6, 0.0141326
16.6711, 1.6, -0.567397
17.7259, 1.6, -1.26749
18.7807, 1.6, -2.37464
19.8355, 1.6, -4.39515
20.8903, 1.6, -3.24069
21.9451, 1.6, -2.18452
22.9999, 1.6, -1.71828
24.0547, 1.6, -1.41115
25.1095, 1.6, -1.21866
26.1643, 1.6, -1.15011
27.2191, 1.6, -1.21883
28.2739, 1.6, -1.50099
29.3287, 1.6, -1.76391
30.3835, 1.6, -1.09804
31.4383, 1.6, -1.23839
32.4931, 1.6, -0.455586
33.5479, 1.6, 0.0723866
34.6027, 1.6, 0.421482
35.6575, 1.6, 0.626034
36.7123, 1.6, 0.675156
37.7671, 1.6, 0.440238
38.8218, 1.6, -0.58438
39.8766, 1.6, -1.72919
40.9314, 1.6, -0.577554
41.9862, 1.6, 1.3729
43.041, 1.6, 2.33048
44.0958, 1.6, 2.92058
45.1506, 1.6, 3.33522
46.2054, 1.6, 3.60055
47.2602, 1.6, 3.67922
48.315, 1.6, 3.29412
49.3698, 1.6, 2.12549
50.4246, 1.6, 3.33959
51.4794, 1.6, 6.06494
52.5342, 1.6, 8.69671
53.589, 1.6, 10.7006
54.6438, 1.6, 12.4993
55.6986, 1.6, 14.1913
56.7534, 1.6, 15.7989
57.8082, 1.6, 17.198
58.863, 1.6, 18.0773
59.9178, 1.6, 21.4351
60.9726, 1.6, 20.417
62.0274, 1.6, 21.7074
63.0821, 1.6, 22.4718
64.1369, 1.6, 23.0205
65.1917, 1.6, 23.5117
66.2465, 1.6, 23.9572
67.3013, 1.6, 24.3692
68.3561, 1.6, 24.6305
69.4109, 1.6, 25.9968
70.4657, 1.6, 27.7949
71.5205, 1.6, 26.6197
72.5753, 1.6, 27.3111
73.6301, 1.6, 27.7691
74.6849, 1.6, 28.3094
75.7397, 1.6, 28.9214
76.7945, 1.6, 29.7532
77.8493, 1.6, 31.123
78.9041, 1.6, 33.4369
79.9589, 1.6, 40.8774
81.0137, 1.6, 34.1421
82.0685, 1.6, 31.6648
83.1233, 1.6, 30.3052
84.1781, 1.6, 29.4996
85.2329, 1.6, 28.9776
86.2877, 1.6, 28.6573
87.3425, 1.6, 28.545
88.3972, 1.6, 28.8317
89.452, 1.6, 32.8226
90.5068, 1.6, 33.2455
91.5616, 1.6, 28.4953
92.6164, 1.6, 27.7005
93.6712, 1.6, 27.2873
94.726, 1.6, 27.0704
95.7808, 1.6, 27.2183
96.8356, 1.6, 27.8832
97.8904, 1.6, 29.3119
98.9452, 1.6, 32.4844
3.9006, 2.4, 0.76692
4.9451, 2.4, -6.0365
5.9897, 2.4, -4.7134
7.0342, 2.4, -4.2057
8.0788, 2.4, -4.5515
9.1234, 2.4, -5.3655
10.1679, 2.4, -5.73896
11.2125, 2.4, -5.03447
12.257, 2.4, -4.97511
13.3016, 2.4, -5.19897
14.3462, 2.4, -5.58908
15.3907, 2.4, -6.09111
16.4353, 2.4, -6.68261
17.4798, 2.4, -7.32197
18.5244, 2.4, -8.03415
19.5689, 2.4, -9.44463
20.6135, 2.4, -9.29985
21.6581, 2.4, -8.48802
22.7026, 2.4, -8.0906
23.7472, 2.4, -7.74291
24.7917, 2.4, -7.46522
25.8363, 2.4, -7.31402
26.8809, 2.4, -7.3404
27.9254, 2.4, -7.67444
28.97, 2.4, -8.65182
30.0145, 2.4, -10.7833
31.0591, 2.4, -8.31591
32.1037, 2.4, -6.73554
33.1482, 2.4, -5.74212
34.1928, 2.4, -5.10374
35.2373, 2.4, -4.69244
36.2819, 2.4, -4.4784
37.3265, 2.4, -4.56262
38.371, 2.4, -5.34218
39.4156, 2.4, -7.56993
40.4601, 2.4, -7.85461
41.5047, 2.4, -4.96224
42.5492, 2.4, -3.41102
43.5938, 2.4, -2.5961
44.6384, 2.4, -2.16143
45.6829, 2.4, -2.00376
46.7275, 2.4, -2.21764
47.772, 2.4, -3.14883
48.8166, 2.4, -5.22653
49.8612, 2.4, -9.20145
50.9057, 2.4, -4.35406
51.9503, 2.4, 0.251397
52.9948, 2.4, 3.40732
54.0394, 2.4, 5.69279
55.084, 2.4, 7.57767
56.1285, 2.4, 9.25879
57.1731, 2.4, 10.7374
58.2176, 2.4, 11.6612
59.2622, 2.4, 11.0643
60.3068, 2.4, 10.1283
61.3513, 2.4, 14.1789
62.3959, 2.4, 15.6773
63.4404, 2.4, 16.3566
64.485, 2.4, 16.7386
65.5295, 2.4, 16.9179
66.5741, 2.4, 16.7533
67.6187, 2.4, 15.8677
68.6632, 2.4, 13.8928
69.7078, 2.4, 7.66297
70.7523, 2.4, 12.5031
71.7969, 2.4, 16.4834
72.8415, 2.4, 18.6546
73.886, 2.4, 19.972
74.9306, 2.4, 20.7982
75.9751, 2.4, 21.3429
77.0197, 2.4, 21.7037
78.0643, 2.4, 22.0425
79.1088, 2.4, 22.9241
80.1534, 2.4, 21.7347
81.1979, 2.4, 23.9622
82.2425, 2.4, 23.8657
83.2871, 2.4, 24.0026
84.3316, 2.4, 24.0488
85.3762, 2.4, 24.076
86.4207, 2.4, 24.1472
87.4653, 2.4, 24.2766
88.5098, 2.4, 24.202
89.5544, 2.4, 20.873
90.599, 2.4, 22.5846
91.6435, 2.4, 24.5032
92.6881, 2.4, 24.0967
93.7326, 2.4, 23.3625
94.7772, 2.4, 22.8019
95.8218, 2.4, 22.637
96.8663, 2.4, 23.0743
97.9109, 2.4, 24.3217
98.9554, 2.4, 26.5096
4.84232, 3.2, -10.0397
5.8766, 3.2, -9.3036
6.911, 3.2, -9.416
7.94529, 3.2, -10.1053
8.97961, 3.2, -11.2633
10.0139, 3.2, -13.3098
11.0483, 3.2, -11.2731
12.0826, 3.2, -10.8565
13.1169, 3.2, -10.9417
14.1512, 3.2, -11.2428
15.1855, 3.2, -11.7271
16.2199, 3.2, -12.3824
17.2542, 3.2, -13.1726
18.2885, 3.2, -13.8283
19.3228, 3.2, -14.0898
20.3572, 3.2, -14.3458
21.3915, 3.2, -14.4523
22.4258, 3.2, -14.2057
23.4601, 3.2, -13.6914
24.4945, 3.2, -13.2847
25.5288, 3.2, -13.0627
26.5631, 3.2, -13.0541
27.5974, 3.2, -13.3224
28.6317, 3.2, -14.1392
29.6661, 3.2, -17.4989
30.7004, 3.2, -15.4207
31.7347, 3.2, -12.754
32.769, 3.2, -11.429
33.8034, 3.2, -10.5568
34.8377, 3.2, -9.95937
35.872, 3.2, -9.58323
36.9063, 3.2, -9.4374
37.9406, 3.2, -9.60742
38.975, 3.2, -10.4422
40.0093, 3.2, -14.7697
41.0436, 3.2, -10.1392
42.0779, 3.2, -8.78617
43.1123, 3.2, -7.961
44.1466, 3.2, -7.4448
45.1809, 3.2, -7.23888
46.2152, 3.2, -7.42483
47.2495, 3.2, -8.18046
48.2839, 3.2, -9.87332
49.3182, 3.2, -13.5444
50.3525, 3.2, -15.4495
51.3868, 3.2, -8.14895
52.4212, 3.2, -4.13409
53.4555, 3.2, -1.32892
54.4898, 3.2, 0.819049
55.5241, 3.2, 2.58466
56.5585, 3.2, 4.12303
57.5928, 3.2, 5.49585
58.6271, 3.2, 6.41752
59.6614, 3.2, 3.1092
60.6957, 3.2, 6.16055
61.7301, 3.2, 8.94501
62.7644, 3.2, 9.64949
63.7987, 3.2, 10.0971
64.833, 3.2, 10.3273
65.8674, 3.2, 10.1905
66.9017, 3.2, 9.41398
67.936, 3.2, 7.46278
68.9703, 3.2, 2.76566
70.0046, 3.2, -13.9775
71.039, 3.2, 3.2718
72.0733, 3.2, 8.57503
73.1076, 3.2, 11.2966
74.1419, 3.2, 12.8595
75.1763, 3.2, 13.7085
76.2106, 3.2, 14.0264
77.2449, 3.2, 13.847
78.2792, 3.2, 12.9817
79.3135, 3.2, 10.0148
80.3479, 3.2, 8.19398
81.3822, 3.2, 14.5722
82.4165, 3.2, 16.8452
83.4508, 3.2, 17.984
84.4852, 3.2, 18.6487
85.5195, 3.2, 19.0896
86.5538, 3.2, 19.4283
87.5881, 3.2, 19.6483
88.6225, 3.2, 18.9898
89.6568, 3.2, 9.81096
90.6911, 3.2, 15.3087
91.7254, 3.2, 19.9336
92.7597, 3.2, 19.3953
93.7941, 3.2, 18.3152
94.8284, 3.2, 17.3311
95.8627, 3.2, 16.6925
96.897, 3.2, 16.6181
97.9314, 3.2, 17.3397
98.9657, 3.2, 18.3227
5.78409, 4, -12.3657
6.80817, 4, -13.5243
7.83226, 4, -14.5651
8.85634, 4, -15.9197
9.88043, 4, -17.6389
10.9045, 4, -16.7806
11.9286, 4, -16.2775
12.9527, 4, -16.1893
13.9768, 4, -16.4048
15.0009, 4, -16.8397
16.0249, 4, -17.4782
17.049, 4, -18.3089
18.0731, 4, -19.296
19.0972, 4, -19.7326
20.1213, 4, -17.9595
21.1454, 4, -20.216
22.1695, 4, -19.7339
23.1935, 4, -19.0568
24.2176, 4, -18.5441
25.2417, 4, -18.2439
26.2658, 4, -18.1865
27.2899, 4, -18.4087
28.314, 4, -19.0224
29.3381, 4, -20.6004
30.3622, 4, -21.2936
31.3862, 4, -18.2789
32.4103, 4, -16.7126
33.4344, 4, -15.6496
34.4585, 4, -14.8706
35.4826, 4, -14.3388
36.5067, 4, -14.0211
37.5308, 4, -13.847
38.5548, 4, -13.6536
39.5789, 4, -13.9824
40.603, 4, -13.5616
41.6271, 4, -13.0221
42.6512, 4, -12.5773
43.6753, 4, -12.1127
44.6994, 4, -11.8514
45.7234, 4, -11.8871
46.7475, 4, -12.3218
47.7716, 4, -13.3616
48.7957, 4, -15.479
49.8198, 4, -19.4715
50.8439, 4, -15.3412
51.868, 4, -10.7954
52.892, 4, -7.77968
53.9161, 4, -5.49993
54.9402, 4, -3.65981
55.9643, 4, -2.11589
56.9884, 4, -0.759031
58.0125, 4, 0.585309
59.0366, 4, 1.78186
60.0606, 4, 1.71775
61.0847, 4, 2.91359
62.1088, 4, 3.4205
63.1329, 4, 3.85353
64.157, 4, 4.14146
65.1811, 4, 4.17052
66.2052, 4, 3.82164
67.2292, 4, 2.75752
68.2533, 4, -0.115637
69.2774, 4, -6.85279
70.3015, 4, -11.1474
71.3256, 4, -2.18451
72.3497, 4, 2.76402
73.3738, 4, 5.22296
74.3979, 4, 6.55122
75.4219, 4, 7.25247
76.446, 4, 7.36459
77.4701, 4, 6.64197
78.4942, 4, 4.17506
79.5183, 4, -1.10166
80.5424, 4, 0.329924
81.5665, 4, 7.09275
82.5905, 4, 10.6301
83.6146, 4, 12.3743
84.6387, 4, 13.3974
85.6628, 4, 14.0747
86.6869, 4, 14.5533
87.711, 4, 14.6359
88.7351, 4, 13.1477
89.7591, 4, 8.30973
90.7832, 4, 12.0543
91.8073, 4, 14.2015
92.8314, 4, 13.6155
93.8555, 4, 12.0563
94.8796, 4, 10.496
95.9037, 4, 9.26747
96.9277, 4, 8.53554
97.9518, 4, 8.21325
98.9759, 4, 8.14299
6.72585, 4.8, -16.8729
7.7397, 4.8, -18.2182
8.75355, 4.8, -19.5536
9.7674, 4.8, -21.1211
10.7812, 4.8, -21.3823
11.7951, 4.8, -21.0052
12.8089, 4.8, -20.8899
13.8228, 4.8, -21.025
14.8366, 4.8, -21.4038
15.8505, 4.8, -21.9992
16.8643, 4.8, -22.8105
17.8782, 4.8, -23.8674
18.892, 4.8, -25.0717
19.9059, 4.8, -24.5067
20.9197, 4.8, -25.5323
21.9336, 4.8, -24.6457
22.9474, 4.8, -23.7812
23.9613, 4.8, -23.1666
24.9751, 4.8, -22.7835
25.989, 4.8, -22.6399
27.0028, 4.8, -22.7795
28.0167, 4.8, -23.2681
29.0305, 4.8, -23.9309
30.0444, 4.8, -23.0083
31.0582, 4.8, -22.8371
32.0721, 4.8, -21.3481
33.0859, 4.8, -20.0983
34.0998, 4.8, -19.1736
35.1136, 4.8, -18.4961
36.1275, 4.8, -18.016
37.1413, 4.8, -17.6586
38.1552, 4.8, -17.2951
39.169, 4.8, -16.2053
40.1829, 4.8, -13.4446
41.1967, 4.8, -16.1669
42.2106, 4.8, -16.1747
43.2244, 4.8, -15.8989
44.2383, 4.8, -15.6845
45.2521, 4.8, -15.6309
46.266, 4.8, -15.8102
47.2798, 4.8, -16.2791
48.2937, 4.8, -17.2459
49.3075, 4.8, -18.7432
50.3214, 4.8, -18.0139
51.3352, 4.8, -15.8301
52.3491, 4.8, -13.0907
53.3629, 4.8, -10.9334
54.3768, 4.8, -9.11792
55.3906, 4.8, -7.57273
56.4045, 4.8, -6.25305
57.4183, 4.8, -5.10272
58.4322, 4.8, -3.8253
59.446, 4.8, 0.143468
60.4599, 4.8, 1.42337
61.4737, 4.8, -1.92607
62.4876, 4.8, -1.82825
63.5014, 4.8, -1.57486
64.5153, 4.8, -1.52853
65.5291, 4.8, -1.72361
66.543, 4.8, -2.22495
67.5568, 4.8, -3.2533
68.5707, 4.8, -5.58488
69.5845, 4.8, -8.66467
70.5984, 4.8, -8.85143
71.6122, 4.8, -4.85796
72.6261, 4.8, -2.12158
73.6399, 4.8, -0.401424
74.6538, 4.8, 0.732283
75.6676, 4.8, 1.35638
76.6815, 4.8, 1.31609
77.6953, 4.8, 0.222902
78.7092, 4.8, -2.49652
79.723, 4.8, -6.10538
80.7369, 4.8, -3.11681
81.7507, 4.8, 1.90805
82.7646, 4.8, 5.16029
83.7784, 4.8, 7.11715
84.7923, 4.8, 8.24742
85.8061, 4.8, 8.94038
86.82, 4.8, 9.31241
87.8338, 4.8, 9.39059
88.8477, 4.8, 9.40828
89.8615, 4.8, 15.7785
90.8754, 4.8, 9.73675
91.8892, 4.8, 8.14709
92.9031, 4.8, 6.36258
93.9169, 4.8, 4.24067
94.9308, 4.8, 2.0325
95.9446, 4.8, 0.0453316
96.9585, 4.8, -1.62204
97.9723, 4.8, -2.76436
98.9862, 4.8, -2.97179
7.66761, 5.6, -21.3989
8.67123, 5.6, -22.753
9.67484, 5.6, -24.2914
10.6785, 5.6, -24.9903
11.6821, 5.6, -24.9646
12.6857, 5.6, -24.9154
13.6893, 5.6, -25.0922
14.6929, 5.6, -25.4647
15.6965, 5.6, -26.0257
16.7001, 5.6, -26.772
17.7037, 5.6, -27.7199
18.7074, 5.6, -29.1088
19.711, 5.6, -32.3637
20.7146, 5.6, -30.5907
21.7182, 5.6, -28.8224
22.7218, 5.6, -27.9078
23.7254, 5.6, -27.247
24.729, 5.6, -26.7833
25.7326, 5.6, -26.5234
26.7363, 5.6, -26.4891
27.7399, 5.6, -26.7019
28.7435, 5.6, -26.9204
29.7471, 5.6, -25.7948
30.7507, 5.6, -25.6607
31.7543, 5.6, -25.0507
32.7579, 5.6, -23.8544
33.7615, 5.6, -22.8503
34.7652, 5.6, -22.0653
35.7688, 5.6, -21.4548
36.7724, 5.6, -20.9657
37.776, 5.6, -20.509
38.7796, 5.6, -19.6289
39.7832, 5.6, -16.0876
40.7868, 5.6, -18.091
41.7905, 5.6, -19.0098
42.7941, 5.6, -18.9211
43.7977, 5.6, -18.768
44.8013, 5.6, -18.7003
45.8049, 5.6, -18.7415
46.8085, 5.6, -18.9237
47.8121, 5.6, -19.2232
48.8157, 5.6, -19.1051
49.8194, 5.6, -18.2167
50.823, 5.6, -17.631
51.8266, 5.6, -16.9197
52.8302, 5.6, -15.2951
53.8338, 5.6, -13.6872
54.8374, 5.6, -12.2231
55.841, 5.6, -10.9375
56.8446, 5.6, -9.81022
57.8483, 5.6, -8.73592
58.8519, 5.6, -6.82558
59.8555, 5.6, 0.780775
60.8591, 5.6, -4.59544
61.8627, 5.6, -6.34604
62.8663, 5.6, -6.52877
63.8699, 5.6, -6.65819
64.8736, 5.6, -6.86565
65.8772, 5.6, -7.2663
66.8808, 5.6, -7.72238
67.8844, 5.6, -8.03054
68.888, 5.6, -6.98296
69.8916, 5.6, -6.57849
70.8952, 5.6, -6.59835
71.8988, 5.6, -7.56284
72.9025, 5.6, -6.644
73.9061, 5.6, -5.46255
74.9097, 5.6, -4.40322
75.9133, 5.6, -3.75257
76.9169, 5.6, -3.62407
77.9205, 5.6, -4.23388
78.9241, 5.6, -5.27887
79.9277, 5.6, -8.53462
80.9314, 5.6, -3.86497
81.935, 5.6, -1.28846
82.9386, 5.6, 0.930878
83.9422, 5.6, 2.39206
84.9458, 5.6, 3.31297
85.9494, 5.6, 3.88913
86.953, 5.6, 4.37268
87.9566, 5.6, 5.20988
88.9603, 5.6, 8.41642
89.9639, 5.6, 17.2385
90.9675, 5.6, 7.61009
91.9711, 5.6, 1.96286
92.9747, 5.6, -1.58683
93.9783, 5.6, -4.79948
94.9819, 5.6, -7.82244
95.9855, 5.6, -10.6728
96.9892, 5.6, -13.0973
97.9928, 5.6, -14.7983
98.9964, 5.6, -15.222
8.60938, 6.4, -25.8853
9.60275, 6.4, -27.2477
10.5961, 6.4, -28.1548
11.5895, 6.4, -28.2277
12.5829, 6.4, -28.3508
13.5763, 6.4, -28.6019
14.5696, 6.4, -29.0099
15.563, 6.4, -29.5636
16.5564, 6.4, -30.2628
17.5498, 6.4, -31.1444
18.5431, 6.4, -32.4125
19.5365, 6.4, -35.7583
20.5299, 6.4, -35.4156
21.5233, 6.4, -32.507
22.5166, 6.4, -31.4707
23.51, 6.4, -30.7569
24.5034, 6.4, -30.2005
25.4968, 6.4, -29.8071
26.4902, 6.4, -29.5905
27.4835, 6.4, -29.5087
28.4769, 6.4, -29.3605
29.4703, 6.4, -29.2986
30.4637, 6.4, -28.6186
31.457, 6.4, -27.6052
32.4504, 6.4, -26.7904
33.4438, 6.4, -25.8968
34.4372, 6.4, -25.1029
35.4305, 6.4, -24.4412
36.4239, 6.4, -23.8634
37.4173, 6.4, -23.2704
38.4107, 6.4, -22.4943
39.404, 6.4, -21.6647
40.3974, 6.4, -21.2039
41.3908, 6.4, -21.1443
42.3842, 6.4, -21.3486
43.3775, 6.4, -21.4516
44.3709, 6.4, -21.4941
45.3643, 6.4, -21.5124
46.3577, 6.4, -21.4762
47.3511, 6.4, -21.2721
48.3444, 6.4, -20.617
49.3378, 6.4, -19.2928
50.3312, 6.4, -18.4206
51.3246, 6.4, -18.6943
52.3179, 6.4, -18.3394
53.3113, 6.4, -17.2942
54.3047, 6.4, -15.9412
55.2981, 6.4, -14.6102
56.2914, 6.4, -13.4681
57.2848, 6.4, -12.5395
58.2782, 6.4, -11.3489
59.2716, 6.4, -10.0278
60.2649, 6.4, -9.5948
61.2583, 6.4, -9.31986
62.2517, 6.4, -10.1247
63.2451, 6.4, -10.1993
64.2384, 6.4, -10.1672
65.2318, 6.4, -10.452
66.2252, 6.4, -11.0979
67.2186, 6.4, -11.7894
68.212, 6.4, -10.8391
69.2053, 6.4, -6.86804
70.1987, 6.4, -4.03886
71.1921, 6.4, -8.40274
72.1855, 6.4, -10.5469
73.1788, 6.4, -9.88004
74.1722, 6.4, -8.52886
75.1656, 6.4, -7.45617
76.159, 6.4, -6.81877
77.1523, 6.4, -6.52133
78.1457, 6.4, -6.03819
79.1391, 6.4, -5.98433
80.1325, 6.4, -6.12538
81.1258, 6.4, -4.17645
82.1192, 6.4, -2.91473
83.1126, 6.4, -1.91132
84.106, 6.4, -1.03204
85.0994, 6.4, -0.452865
86.0927, 6.4, -0.0428119
87.0861, 6.4, 0.533439
88.0795, 6.4, 2.2814
89.0729, 6.4, 6.26958
90.0662, 6.4, 9.51055
91.0596, 6.4, 2.59646
92.053, 6.4, -4.4748
93.0464, 6.4, -9.42679
94.0397, 6.4, -13.3632
95.0331, 6.4, -17.1172
96.0265, 6.4, -20.9096
97.0199, 6.4, -24.7128
98.0132, 6.4, -27.899
99.0066, 6.4, -29.509
9.55114, 7.2, -30.1007
10.5343, 7.2, -30.8877
11.5174, 7.2, -31.0074
12.5006, 7.2, -31.2813
13.4837, 7.2, -31.6495
14.4668, 7.2, -32.1008
15.45, 7.2, -32.6668
16.4331, 7.2, -33.3672
17.4163, 7.2, -34.2357
18.3994, 7.2, -35.3881
19.3825, 7.2, -37.2505
20.3657, 7.2, -37.9969
21.3488, 7.2, -35.8569
22.332, 7.2, -34.6252
23.3151, 7.2, -33.7386
24.2982, 7.2, -33.0479
25.2814, 7.2, -32.5002
26.2645, 7.2, -32.0714
27.2477, 7.2, -31.7571
28.2308, 7.2, -31.5773
29.2139, 7.2, -31.6946
30.1971, 7.2, -32.2019
31.1802, 7.2, -30.0639
32.1634, 7.2, -28.9959
33.1465, 7.2, -28.1959
34.1296, 7.2, -27.5277
35.1128, 7.2, -26.9223
36.0959, 7.2, -26.3359
37.0791, 7.2, -25.7382
38.0622, 7.2, -25.1386
39.0453, 7.2, -24.9418
40.0285, 7.2, -27.4292
41.0116, 7.2, -23.9306
41.9948, 7.2, -23.608
42.9779, 7.2, -23.8142
43.961, 7.2, -24.0395
44.9442, 7.2, -24.1642
45.9273, 7.2, -24.1058
46.9104, 7.2, -23.7638
47.8936, 7.2, -23.0007
48.8767, 7.2, -21.7701
49.8599, 7.2, -19.6722
50.843, 7.2, -20.5749
51.8261, 7.2, -20.5761
52.8093, 7.2, -19.9391
53.7924, 7.2, -18.7735
54.7756, 7.2, -17.3674
55.7587, 7.2, -15.9606
56.7418, 7.2, -14.7904
57.725, 7.2, -14.1544
58.7081, 7.2, -14.4393
59.6913, 7.2, -18.0987
60.6744, 7.2, -15.0251
61.6575, 7.2, -12.8526
62.6407, 7.2, -11.8042
63.6238, 7.2, -11.323
64.607, 7.2, -11.3019
65.5901, 7.2, -11.6677
66.5732, 7.2, -12.3756
67.5564, 7.2, -13.3171
68.5395, 7.2, -13.7096
69.5227, 7.2, -8.36053
70.5058, 7.2, -8.08578
71.4889, 7.2, -12.5724
72.4721, 7.2, -11.6091
73.4552, 7.2, -10.1879
74.4384, 7.2, -8.98323
75.4215, 7.2, -8.04533
76.4046, 7.2, -7.35323
77.3878, 7.2, -6.87695
78.3709, 7.2, -6.51169
79.3541, 7.2, -5.35933
80.3372, 7.2, -4.46454
81.3203, 7.2, -4.48028
82.3035, 7.2, -3.73822
83.2866, 7.2, -3.29506
84.2698, 7.2, -3.07387
85.2529, 7.2, -2.91976
86.236, 7.2, -2.67999
87.2192, 7.2, -2.17059
88.2023, 7.2, -1.11
89.1855, 7.2, 0.796523
90.1686, 7.2, 1.18242
91.1517, 7.2, -5.16847
92.1349, 7.2, -11.2878
93.118, 7.2, -16.318
94.1012, 7.2, -20.8766
95.0843, 7.2, -25.3254
96.0674, 7.2, -29.9446
97.0506, 7.2, -35.002
98.0337, 7.2, -40.7008
99.0169, 7.2, -45.9044
10.4929, 8, -33.1778
11.4658, 8, -33.4441
12.4387, 8, -33.8286
13.4116, 8, -34.2633
14.3845, 8, -34.7702
15.3574, 8, -35.3691
16.3303, 8, -36.0802
17.3032, 8, -36.9343
18.2761, 8, -37.966
19.249, 8, -38.645
20.2219, 8, -37.4757
21.1948, 8, -38.5336
22.1677, 8, -37.4047
23.1406, 8, -36.3783
24.1135, 8, -35.5601
25.0865, 8, -34.8758
26.0594, 8, -34.2639
27.0323, 8, -33.7456
28.0052, 8, -33.4442
28.9781, 8, -33.5128
29.951, 8, -33.971
30.9239, 8, -32.4343
31.8968, 8, -31.0777
32.8697, 8, -30.2253
33.8426, 8, -29.636
34.8155, 8, -29.128
35.7884, 8, -28.6312
36.7613, 8, -28.1568
37.7342, 8, -27.7566
38.7071, 8, -27.6892
39.68, 8, -28.8192
40.6529, 8, -27.49
41.6258, 8, -26.4844
42.5987, 8, -26.4746
43.5716, 8, -26.6896
44.5445, 8, -26.8644
45.5174, 8, -26.9448
46.4903, 8, -26.8466
47.4632, 8, -26.3843
48.4361, 8, -25.3993
49.409, 8, -23.6268
50.3819, 8, -22.9275
51.3548, 8, -23.5612
52.3277, 8, -22.8623
53.3006, 8, -21.5168
54.2735, 8, -19.8538
55.2465, 8, -18.1334
56.2194, 8, -16.5607
57.1923, 8, -15.494
58.1652, 8, -15.6987
59.1381, 8, -18.7975
60.111, 8, -22.2207
61.0839, 8, -16.9876
62.0568, 8, -13.1513
63.0297, 8, -11.4479
64.0026, 8, -10.8928
64.9755, 8, -10.9201
65.9484, 8, -11.3111
66.9213, 8, -12.1858
67.8942, 8, -14.0359
68.8671, 8, -17.0047
69.84, 8, -13.8913
70.8129, 8, -16.5819
71.7858, 8, -13.1808
72.7587, 8, -10.5988
73.7316, 8, -9.05818
74.7045, 8, -8.07356
75.6774, 8, -7.26072
76.6503, 8, -6.57846
77.6232, 8, -6.23581
78.5961, 8, -5.8326
79.569, 8, -4.38021
80.5419, 8, -4.14452
81.5148, 8, -4.43233
82.4877, 8, -4.31523
83.4606, 8, -4.4003
84.4335, 8, -4.69831
85.4064, 8, -4.96099
86.3794, 8, -5.13624
87.3523, 8, -5.29617
88.3252, 8, -5.6798
89.2981, 8, -6.86493
90.271, 8, -8.50305
91.2439, 8, -13.9324
92.2168, 8, -18.2301
93.1897, 8, -23.0004
94.1626, 8, -27.8537
95.1355, 8, -32.8278
96.1084, 8, -38.1169
97.0813, 8, -44.1403
98.0542, 8, -51.7255
99.0271, 8, -62.1089
11.4347, 8.8, -35.516
12.3973, 8.8, -35.9957
13.36, 8.8, -36.5013
14.3227, 8.8, -37.0472
15.2853, 8.8, -37.6741
16.248, 8.8, -38.3994
17.2107, 8.8, -39.2245
18.1733, 8.8, -40.0405
19.136, 8.8, -40.1627
20.0987, 8.8, -38.8864
21.0613, 8.8, -40.1651
22.024, 8.8, -39.6799
22.9867, 8.8, -38.8209
23.9493, 8.8, -38.0436
24.912, 8.8, -37.3377
25.8747, 8.8, -36.6427
26.8373, 8.8, -35.9042
27.8, 8.8, -35.1412
28.7627, 8.8, -34.7428
29.7253, 8.8, -34.6142
30.688, 8.8, -34.0062
31.6507, 8.8, -32.9022
32.6133, 8.8, -32.3544
33.576, 8.8, -31.9661
34.5387, 8.8, -31.5485
35.5013, 8.8, -31.096
36.464, 8.8, -30.6606
37.4267, 8.8, -30.3527
38.3893, 8.8, -30.2595
39.352, 8.8, -30.098
40.3147, 8.8, -29.2966
41.2773, 8.8, -29.6403
42.24, 8.8, -29.5576
43.2027, 8.8, -29.5514
44.1653, 8.8, -29.6804
45.128, 8.8, -29.8454
46.0907, 8.8, -29.9836
47.0533, 8.8, -30.0407
48.016, 8.8, -29.8504
48.9787, 8.8, -28.6461
49.9413, 8.8, -26.9048
50.904, 8.8, -27.28
51.8667, 8.8, -26.6419
52.8293, 8.8, -24.8263
53.792, 8.8, -22.7753
54.7547, 8.8, -20.7127
55.7173, 8.8, -18.7316
56.68, 8.8, -16.9969
57.6427, 8.8, -15.9243
58.6053, 8.8, -16.6633
59.568, 8.8, -20.3442
60.5307, 8.8, -19.8099
61.4933, 8.8, -14.3702
62.456, 8.8, -11.6666
63.4187, 8.8, -10.8172
64.3813, 8.8, -10.6776
65.344, 8.8, -10.8446
66.3067, 8.8, -11.2189
67.2693, 8.8, -11.9655
68.232, 8.8, -14.0086
69.1947, 8.8, -20.485
70.1573, 8.8, -29.8027
71.12, 8.8, -16.1769
72.0827, 8.8, -11.0914
73.0453, 8.8, -9.50891
74.008, 8.8, -8.72234
74.9707, 8.8, -8.0328
75.9333, 8.8, -7.22646
76.896, 8.8, -6.20399
77.8587, 8.8, -4.98328
78.8213, 8.8, -4.43415
79.784, 8.8, -4.14879
80.7467, 8.8, -3.77087
81.7093, 8.8, -4.20667
82.672, 8.8, -5.37716
83.6347, 8.8, -6.46983
84.5973, 8.8, -7.29969
85.56, 8.8, -7.94078
86.5227, 8.8, -8.51963
87.4853, 8.8, -9.3464
88.448, 8.8, -10.9365
89.4107, 8.8, -14.0181
90.3733, 8.8, -18.2562
91.336, 8.8, -21.2744
92.2987, 8.8, -25.264
93.2613, 8.8, -29.9131
94.224, 8.8, -35.0105
95.1867, 8.8, -40.3836
96.1493, 8.8, -46.1364
97.112, 8.8, -52.6303
98.0747, 8.8, -60.7661
99.0373, 8.8, -73.072
12.3764, 9.6, -38.1065
13.3289, 9.6, -38.7266
14.2813, 9.6, -39.2693
15.2337, 9.6, -39.7825
16.1861, 9.6, -40.3418
17.1386, 9.6, -41.0395
18.091, 9.6, -41.6552
19.0434, 9.6, -42.0001
19.9959, 9.6, -42.8039
20.9483, 9.6, -41.7966
21.9007, 9.6, -41.4649
22.8532, 9.6, -41.0019
23.8056, 9.6, -40.4089
24.758, 9.6, -39.8006
25.7105, 9.6, -39.1523
26.6629, 9.6, -38.3846
27.6153, 9.6, -37.3707
28.5677, 9.6, -36.0132
29.5202, 9.6, -35.0519
30.4726, 9.6, -34.5206
31.425, 9.6, -34.4817
32.3775, 9.6, -34.6989
33.3299, 9.6, -34.5735
34.2823, 9.6, -34.2324
35.2348, 9.6, -33.7852
36.1872, 9.6, -33.3183
37.1396, 9.6, -32.9089
38.092, 9.6, -32.6111
39.0445, 9.6, -32.1283
39.9969, 9.6, -30.0424
40.9493, 9.6, -32.0782
41.9018, 9.6, -32.4223
42.8542, 9.6, -32.4522
43.8066, 9.6, -32.5685
44.7591, 9.6, -32.7759
45.7115, 9.6, -33.0504
46.6639, 9.6, -33.3668
47.6163, 9.6, -33.6933
48.5688, 9.6, -33.9459
49.5212, 9.6, -33.1918
50.4736, 9.6, -32.3724
51.4261, 9.6, -30.9889
52.3785, 9.6, -28.6057
53.3309, 9.6, -26.149
54.2834, 9.6, -23.7154
55.2358, 9.6, -21.3526
56.1882, 9.6, -19.1094
57.1406, 9.6, -17.0552
58.0931, 9.6, -15.3044
59.0455, 9.6, -14.1074
59.9979, 9.6, -18.1103
60.9504, 9.6, -12.4783
61.9028, 9.6, -11.2211
62.8552, 9.6, -10.7973
63.8077, 9.6, -10.7673
64.7601, 9.6, -10.943
65.7125, 9.6, -11.2166
66.6649, 9.6, -11.5406
67.6174, 9.6, -12.0048
68.5698, 9.6, -13.4792
69.5222, 9.6, -24.592
70.4747, 9.6, -24.0855
71.4271, 9.6, -12.1432
72.3795, 9.6, -10.4119
73.332, 9.6, -9.91574
74.2844, 9.6, -9.53288
75.2368, 9.6, -8.9811
76.1892, 9.6, -8.10448
77.1417, 9.6, -6.74889
78.0941, 9.6, -4.76769
79.0465, 9.6, -2.79604
79.999, 9.6, -3.08698
80.9514, 9.6, -2.99978
81.9038, 9.6, -5.67014
82.8563, 9.6, -8.04946
83.8087, 9.6, -9.7145
84.7611, 9.6, -10.9179
85.7135, 9.6, -11.8892
86.666, 9.6, -12.8382
87.6184, 9.6, -14.0137
88.5708, 9.6, -15.8548
89.5233, 9.6, -19.9884
90.4757, 9.6, -24.268
91.4281, 9.6, -27.2665
92.3806, 9.6, -31.8958
93.333, 9.6, -36.9621
94.2854, 9.6, -42.3229
95.2378, 9.6, -47.979
96.1903, 9.6, -54.005
97.1427, 9.6, -60.58
98.0951, 9.6, -68.1465
99.0476, 9.6, -78.5784
13.3182, 10.4, -40.4986
14.2604, 10.4, -41.302
15.2026, 10.4, -41.9934
16.1448, 10.4, -42.4248
17.087, 10.4, -42.6934
18.0292, 10.4, -43.179
18.9714, 10.4, -44.0493
19.9135, 10.4, -46.1683
20.8557, 10.4, -44.0844
21.7979, 10.4, -43.2891
22.7401, 10.4, -42.9101
23.6823, 10.4, -42.5242
24.6245, 10.4, -42.0875
25.5667, 10.4, -41.5772
26.5089, 10.4, -40.9484
27.4511, 10.4, -40.0578
28.3933, 10.4, -38.4994
29.3355, 10.4, -35.8583
30.2777, 10.4, -34.768
31.2199, 10.4, -36.2442
32.1621, 10.4, -37.2342
33.1043, 10.4, -37.2954
34.0465, 10.4, -36.9114
34.9886, 10.4, -36.3929
35.9308, 10.4, -35.8622
36.873, 10.4, -35.3709
37.8152, 10.4, -34.8541
38.7574, 10.4, -34.2058
39.6996, 10.4, -33.5702
40.6418, 10.4, -34.1444
41.584, 10.4, -34.6888
42.5262, 10.4, -34.9687
43.4684, 10.4, -35.0664
44.4106, 10.4, -35.2305
45.3528, 10.4, -35.5626
46.295, 10.4, -36.1044
47.2372, 10.4, -36.863
48.1794, 10.4, -37.7891
49.1215, 10.4, -39.2574
50.0637, 10.4, -39.8683
51.0059, 10.4, -36.2895
51.9481, 10.4, -32.6657
52.8903, 10.4, -29.583
53.8325, 10.4, -26.6225
54.7747, 10.4, -23.846
55.7169, 10.4, -21.2203
56.6591, 10.4, -18.6517
57.6013, 10.4, -15.8815
58.5435, 10.4, -12.1754
59.4857, 10.4, -7.54968
60.4279, 10.4, -6.22571
61.3701, 10.4, -8.18452
62.3123, 10.4, -9.75989
63.2545, 10.4, -10.3498
64.1966, 10.4, -10.6424
65.1388, 10.4, -10.9484
66.081, 10.4, -11.3603
67.0232, 10.4, -11.8476
67.9654, 10.4, -12.0678
68.9076, 10.4, -12.2985
69.8498, 10.4, -15.7311
70.792, 10.4, -12.2616
71.7342, 10.4, -11.5418
72.6764, 10.4, -11.4748
73.6186, 10.4, -11.1565
74.5608, 10.4, -10.807
75.503, 10.4, -10.4104
76.4452, 10.4, -9.78728
77.3874, 10.4, -8.5722
78.3296, 10.4, -6.08554
79.2717, 10.4, -1.78112
80.2139, 10.4, -0.440075
81.1561, 10.4, -5.19334
82.0983, 10.4, -9.39047
83.0405, 10.4, -11.9866
83.9827, 10.4, -13.6978
84.9249, 10.4, -15.0389
85.8671, 10.4, -16.2435
86.8093, 10.4, -17.4619
87.7515, 10.4, -18.8063
88.6937, 10.4, -20.5541
89.6359, 10.4, -23.7053
90.5781, 10.4, -27.84
91.5203, 10.4, -32.5885
92.4624, 10.4, -37.9366
93.4046, 10.4, -43.3967
94.3468, 10.4, -49.0196
95.289, 10.4, -54.88
96.2312, 10.4, -61.0368
97.1734, 10.4, -67.5199
98.1156, 10.4, -74.1766
99.0578, 10.4, -81.2822
14.26, 11.2, -42.7011
15.1919, 11.2, -43.6986
16.1239, 11.2, -44.5414
17.0558, 11.2, -45.0066
17.9878, 11.2, -45.0492
18.9197, 11.2, -45.9075
19.8517, 11.2, -47.443
20.7837, 11.2, -46.4107
21.7156, 11.2, -45.3861
22.6476, 11.2, -44.9289
23.5795, 11.2, -44.6936
24.5115, 11.2, -44.4077
25.4434, 11.2, -44.0224
26.3754, 11.2, -43.524
27.3074, 11.2, -42.8677
28.2393, 11.2, -41.8641
29.1713, 11.2, -39.3927
30.1032, 11.2, -34.7125
31.0352, 11.2, -39.0043
31.9671, 11.2, -40.039
32.8991, 11.2, -39.8654
33.8311, 11.2, -39.3491
34.763, 11.2, -38.7012
35.695, 11.2, -38.0329
36.6269, 11.2, -37.3984
37.5589, 11.2, -36.8384
38.4908, 11.2, -36.3771
39.4228, 11.2, -36.2662
40.3548, 11.2, -36.909
41.2867, 11.2, -36.6834
42.2187, 11.2, -36.7682
43.1506, 11.2, -36.7659
44.0826, 11.2, -36.8667
45.0145, 11.2, -37.1611
45.9465, 11.2, -37.7398
46.8785, 11.2, -38.7209
47.8104, 11.2, -40.2743
48.7424, 11.2, -42.4486
49.6743, 11.2, -46.6473
50.6063, 11.2, -42.6659
51.5382, 11.2, -37.0768
52.4702, 11.2, -32.6924
53.4021, 11.2, -29.0116
54.3341, 11.2, -25.7994
55.2661, 11.2, -22.8311
56.198, 11.2, -19.9208
57.13, 11.2, -16.7912
58.0619, 11.2, -13.0318
58.9939, 11.2, -7.3431
59.9258, 11.2, 5.42212
60.8578, 11.2, -2.95861
61.7898, 11.2, -7.05744
62.7217, 11.2, -8.587
63.6537, 11.2, -9.28161
64.5856, 11.2, -9.65704
65.5176, 11.2, -10.0164
66.4495, 11.2, -10.5205
67.3815, 11.2, -11.2278
68.3135, 11.2, -11.6523
69.2454, 11.2, -6.94723
70.1774, 11.2, 6.67084
71.1093, 11.2, -10.4389
72.0413, 11.2, -12.4137
72.9732, 11.2, -12.0907
73.9052, 11.2, -11.8106
74.8372, 11.2, -11.7456
75.7691, 11.2, -11.7585
76.7011, 11.2, -11.6617
77.633, 11.2, -11.0991
78.565, 11.2, -9.00615
79.4969, 11.2, -2.10419
80.4289, 11.2, -2.28491
81.3609, 11.2, -10.737
82.2928, 11.2, -14.2263
83.2248, 11.2, -16.2587
84.1567, 11.2, -17.8348
85.0887, 11.2, -19.2305
86.0206, 11.2, -20.576
86.9526, 11.2, -21.9655
87.8846, 11.2, -23.4598
88.8165, 11.2, -24.94
89.7485, 11.2, -25.0072
90.6804, 11.2, -30.9877
91.6124, 11.2, -37.5003
92.5443, 11.2, -43.2015
93.4763, 11.2, -48.9328
94.4083, 11.2, -54.7677
95.3402, 11.2, -60.7406
96.2722, 11.2, -66.8673
97.2041, 11.2, -73.0807
98.1361, 11.2, -79.168
99.068, 11.2, -83.2561
15.2017, 12, -44.8971
16.1234, 12, -46.1414
17.0452, 12, -47.2263
17.9669, 12, -47.7237
18.8886, 12, -47.5078
19.8103, 12, -48.4964
20.732, 12, -48.1472
21.6538, 12, -47.586
22.5755, 12, -47.4324
23.4972, 12, -47.2689
24.4189, 12, -47.0307
25.3406, 12, -46.7096
26.2624, 12, -46.3246
27.1841, 12, -45.86
28.1058, 12, -45.2907
29.0275, 12, -44.3704
29.9492, 12, -39.9711
30.871, 12, -43.2288
31.7927, 12, -43.166
32.7144, 12, -42.4961
33.6361, 12, -41.6789
34.5578, 12, -40.8141
35.4796, 12, -39.9611
36.4013, 12, -39.1604
37.323, 12, -38.505
38.2447, 12, -38.1321
39.1665, 12, -38.349
40.0882, 12, -39.0925
41.0099, 12, -38.5525
41.9316, 12, -37.9968
42.8533, 12, -37.7599
43.7751, 12, -37.7385
44.6968, 12, -37.9534
45.6185, 12, -38.438
46.5402, 12, -39.3268
47.4619, 12, -40.8473
48.3837, 12, -43.3715
49.3054, 12, -47.5268
50.2271, 12, -49.5722
51.1488, 12, -41.2305
52.0705, 12, -35.3728
52.9923, 12, -30.9206
53.914, 12, -27.2263
54.8357, 12, -23.9285
55.7574, 12, -20.8216
56.6791, 12, -17.6703
57.6009, 12, -14.1392
58.5226, 12, -9.59547
59.4443, 12, -1.25064
60.366, 12, 3.70164
61.2877, 12, -3.67738
62.2095, 12, -6.12596
63.1312, 12, -7.09878
64.0529, 12, -7.54607
64.9746, 12, -7.8397
65.8963, 12, -8.14157
66.8181, 12, -8.60467
67.7398, 12, -9.22711
68.6615, 12, -8.63652
69.5832, 12, 1.92273
70.5049, 12, -0.727419
71.4267, 12, -10.4347
72.3484, 12, -11.4847
73.2701, 12, -11.6226
74.1918, 12, -11.9524
75.1135, 12, -12.4666
76.0353, 12, -13.0739
76.957, 12, -13.6331
77.8787, 12, -13.8585
78.8004, 12, -13.1002
79.7222, 12, -6.43607
80.6439, 12, -12.2874
81.5656, 12, -16.8561
82.4873, 12, -18.9357
83.409, 12, -20.575
84.3307, 12, -21.9995
85.2525, 12, -23.3894
86.1742, 12, -24.8113
87.0959, 12, -26.254
88.0176, 12, -27.7169
88.9394, 12, -28.7404
89.8611, 12, -28.1218
90.7828, 12, -34.8499
91.7045, 12, -41.8034
92.6262, 12, -47.8398
93.548, 12, -53.7353
94.4697, 12, -59.6896
95.3914, 12, -65.6895
96.3131, 12, -71.705
97.2348, 12, -77.6857
98.1566, 12, -83.123
99.0783, 12, -85.2311
16.1435, 12.8, -47.2104
17.055, 12.8, -48.7902
17.9665, 12.8, -50.125
18.8779, 12.8, -49.8784
19.7894, 12.8, -49.3295
20.7009, 12.8, -49.4431
21.6124, 12.8, -50.098
22.5239, 12.8, -50.2808
23.4354, 12.8, -50.0885
24.3468, 12.8, -49.7392
25.2583, 12.8, -49.3954
26.1698, 12.8, -49.1104
27.0813, 12.8, -48.9019
27.9928, 12.8, -48.7838
28.9043, 12.8, -48.7902
29.8157, 12.8, -50.0663
30.7272, 12.8, -48.2602
31.6387, 12.8, -46.6331
32.5502, 12.8, -45.2551
33.4617, 12.8, -44.0275
34.3732, 12.8, -42.9474
35.2846, 12.8, -41.9523
36.1961, 12.8, -41.0027
37.1076, 12.8, -40.1052
38.0191, 12.8, -39.4397
38.9306, 12.8, -39.4539
39.8421, 12.8, -39.7248
40.7535, 12.8, -39.5744
41.665, 12.8, -38.6556
42.5765, 12.8, -38.2606
43.488, 12.8, -38.2359
44.3995, 12.8, -38.3366
45.311, 12.8, -38.6016
46.2225, 12.8, -39.1583
47.1339, 12.8, -40.2121
48.0454, 12.8, -42.1388
48.9569, 12.8, -45.6751
49.8684, 12.8, -49.5597
50.7799, 12.8, -44.1951
51.6914, 12.8, -37.169
52.6028, 12.8, -32.1184
53.5143, 12.8, -27.9731
54.4258, 12.8, -24.3456
55.3373, 12.8, -21.0503
56.2488, 12.8, -17.945
57.1603, 12.8, -14.8464
58.0717, 12.8, -11.2968
58.9832, 12.8, -6.55859
59.8947, 12.8, -2.35289
60.8062, 12.8, -1.94157
61.7177, 12.8, -3.68972
62.6292, 12.8, -4.68945
63.5406, 12.8, -5.19514
64.4521, 12.8, -5.54727
65.3636, 12.8, -5.8008
66.2751, 12.8, -5.90075
67.1866, 12.8, -5.71341
68.0981, 12.8, -5.13895
69.0096, 12.8, -5.23483
69.921, 12.8, -9.31595
70.8325, 12.8, -7.0157
71.744, 12.8, -7.9731
72.6555, 12.8, -9.60047
73.567, 12.8, -10.9015
74.4785, 12.8, -11.9294
75.3899, 12.8, -12.9228
76.3014, 12.8, -14.0541
77.2129, 12.8, -15.4526
78.1244, 12.8, -17.0741
79.0359, 12.8, -18.9344
79.9474, 12.8, -22.7002
80.8588, 12.8, -21.6538
81.7703, 12.8, -22.3333
82.6818, 12.8, -23.2084
83.5933, 12.8, -24.1805
84.5048, 12.8, -25.454
85.4163, 12.8, -26.959
86.3277, 12.8, -28.5857
87.2392, 12.8, -30.1859
88.1507, 12.8, -31.5228
89.0622, 12.8, -32.6392
89.9737, 12.8, -34.0798
90.8852, 12.8, -39.3303
91.7966, 12.8, -45.6014
92.7081, 12.8, -52.0454
93.6196, 12.8, -58.3448
94.5311, 12.8, -64.5078
95.4426, 12.8, -70.5329
96.3541, 12.8, -76.3401
97.2655, 12.8, -81.7127
98.177, 12.8, -86.2151
99.0885, 12.8, -89.8139
17.0852, 13.6, -49.6894
17.9865, 13.6, -51.6438
18.8877, 13.6, -52.9103
19.789, 13.6, -50.1181
20.6902, 13.6, -51.6787
21.5915, 13.6, -52.9941
22.4927, 13.6, -52.9612
23.394, 13.6, -52.485
24.2952, 13.6, -52.0069
25.1965, 13.6, -51.6376
26.0977, 13.6, -51.4287
26.999, 13.6, -51.4387
27.9002, 13.6, -51.7769
28.8015, 13.6, -52.7607
29.7027, 13.6, -56.913
30.604, 13.6, -53.9679
31.5052, 13.6, -50.0196
32.4065, 13.6, -47.8669
33.3077, 13.6, -46.3162
34.2089, 13.6, -45.0782
35.1102, 13.6, -44.0049
36.0114, 13.6, -42.999
36.9127, 13.6, -41.9848
37.8139, 13.6, -40.9074
38.7152, 13.6, -39.867
39.6164, 13.6, -39.7435
40.5177, 13.6, -39.1346
41.4189, 13.6, -38.5766
42.3202, 13.6, -38.6199
43.2214, 13.6, -38.5947
44.1227, 13.6, -38.5104
45.0239, 13.6, -38.4688
45.9252, 13.6, -38.5898
46.8264, 13.6, -39.0246
47.7277, 13.6, -39.9925
48.6289, 13.6, -41.8263
49.5302, 13.6, -44.7718
50.4314, 13.6, -43.5695
51.3326, 13.6, -37.3445
52.2339, 13.6, -32.1538
53.1351, 13.6, -27.7627
54.0364, 13.6, -23.9119
54.9376, 13.6, -20.4362
55.8389, 13.6, -17.2398
56.7401, 13.6, -14.2727
57.6414, 13.6, -11.5255
58.5426, 13.6, -9.06661
59.4439, 13.6, -8.0858
60.3451, 13.6, -7.61724
61.2464, 13.6, -3.5534
62.1476, 13.6, -2.69098
63.0489, 13.6, -2.72688
63.9501, 13.6, -3.09524
64.8514, 13.6, -3.49495
65.7526, 13.6, -3.70127
66.6538, 13.6, -3.51791
67.5551, 13.6, -2.82965
68.4563, 13.6, -2.20459
69.3576, 13.6, -9.179
70.2588, 13.6, -19.4312
71.1601, 13.6, -5.70628
72.0613, 13.6, -6.58715
72.9626, 13.6, -8.74031
73.8638, 13.6, -10.4253
74.7651, 13.6, -11.7496
75.6663, 13.6, -13.0134
76.5676, 13.6, -14.5775
77.4688, 13.6, -16.9157
78.3701, 13.6, -20.7618
79.2713, 13.6, -27.7965
80.1726, 13.6, -37.2474
81.0738, 13.6, -28.0742
81.9751, 13.6, -26.0646
82.8763, 13.6, -25.8222
83.7775, 13.6, -26.6351
84.6788, 13.6, -28.0742
85.58, 13.6, -29.8624
86.4813, 13.6, -31.7914
87.3825, 13.6, -33.676
88.2838, 13.6, -35.3498
89.185, 13.6, -37.1237
90.0863, 13.6, -40.055
90.9875, 13.6, -44.1107
91.8888, 13.6, -50.0243
92.79, 13.6, -56.5418
93.6913, 13.6, -63.0447
94.5925, 13.6, -69.3767
95.4938, 13.6, -75.4316
96.395, 13.6, -81.0967
97.2963, 13.6, -86.2514
98.1975, 13.6, -90.9137
99.0988, 13.6, -97.137
18.027, 14.4, -52.4722
18.918, 14.4, -55.0853
19.809, 14.4, -53.3101
20.7, 14.4, -55.3078
21.5911, 14.4, -55.7083
22.4821, 14.4, -54.9632
23.3731, 14.4, -54.2739
24.2641, 14.4, -53.7556
25.1551, 14.4, -53.3958
26.0461, 14.4, -53.2098
26.9371, 14.4, -53.287
27.8281, 14.4, -53.8971
28.7191, 14.4, -55.6076
29.6102, 14.4, -59.2561
30.5012, 14.4, -57.8377
31.3922, 14.4, -52.881
32.2832, 14.4, -50.0676
33.1742, 14.4, -48.3358
34.0652, 14.4, -47.0507
34.9562, 14.4, -45.9548
35.8472, 14.4, -44.9464
36.7382, 14.4, -43.9392
37.6292, 14.4, -42.7402
38.5203, 14.4, -41.0357
39.4113, 14.4, -38.7146
40.3023, 14.4, -37.8692
41.1933, 14.4, -38.1531
42.0843, 14.4, -38.8679
42.9753, 14.4, -38.8687
43.8663, 14.4, -38.5484
44.7573, 14.4, -38.1671
45.6483, 14.4, -37.822
46.5394, 14.4, -37.5766
47.4304, 14.4, -37.549
48.3214, 14.4, -37.7205
49.2124, 14.4, -38.1213
50.1034, 14.4, -39.2875
50.9944, 14.4, -34.7237
51.8854, 14.4, -30.6596
52.7764, 14.4, -26.4985
53.6674, 14.4, -22.7306
54.5585, 14.4, -19.2684
55.4495, 14.4, -15.9869
56.3405, 14.4, -12.8942
57.2315, 14.4, -10.2019
58.1225, 14.4, -8.49627
59.0135, 14.4, -8.96185
59.9045, 14.4, -10.0978
60.7955, 14.4, -6.74445
61.6865, 14.4, -2.49432
62.5775, 14.4, -1.08136
63.4686, 14.4, -1.12289
64.3596, 14.4, -1.6035
65.2506, 14.4, -2.11301
66.1416, 14.4, -2.47067
67.0326, 14.4, -2.5584
67.9236, 14.4, -2.41349
68.8146, 14.4, -3.4496
69.7056, 14.4, -11.2181
70.5966, 14.4, -7.98164
71.4877, 14.4, -6.4322
72.3787, 14.4, -7.58666
73.2697, 14.4, -9.17331
74.1607, 14.4, -10.4448
75.0517, 14.4, -11.6246
75.9427, 14.4, -12.9902
76.8337, 14.4, -14.9264
77.7247, 14.4, -18.1695
78.6157, 14.4, -24.403
79.5068, 14.4, -35.2074
80.3978, 14.4, -37.762
81.2888, 14.4, -30.3283
82.1798, 14.4, -27.1988
83.0708, 14.4, -26.9988
83.9618, 14.4, -28.1565
84.8528, 14.4, -30.0043
85.7438, 14.4, -32.2406
86.6348, 14.4, -34.6757
87.5258, 14.4, -37.1119
88.4169, 14.4, -39.4255
89.3079, 14.4, -41.3583
90.1989, 14.4, -43.8315
91.0899, 14.4, -49.3683
91.9809, 14.4, -55.5256
92.8719, 14.4, -62.0097
93.7629, 14.4, -68.4747
94.6539, 14.4, -74.841
95.5449, 14.4, -81.0361
96.436, 14.4, -86.9654
97.327, 14.4, -92.5705
98.218, 14.4, -98.2148
99.10899, 14.4, -105.2112
18.9688, 15.2, -56.3506
19.8495, 15.2, -59.558
20.7303, 15.2, -59.1532
21.6111, 15.2, -57.5421
22.4919, 15.2, -56.3983
23.3726, 15.2, -55.6758
24.2534, 15.2, -55.2002
25.1342, 15.2, -54.8991
26.015, 15.2, -54.7571
26.8957, 15.2, -54.8268
27.7765, 15.2, -55.2872
28.6573, 15.2, -56.6646
29.5381, 15.2, -58.6743
30.4188, 15.2, -57.764
31.2996, 15.2, -54.3596
32.1804, 15.2, -51.7805
33.0612, 15.2, -50.105
33.9419, 15.2, -48.7925
34.8227, 15.2, -47.6521
35.7035, 15.2, -46.6055
36.5843, 15.2, -45.6002
37.465, 15.2, -44.5271
38.3458, 15.2, -43.0158
39.2266, 15.2, -39.8673
40.1074, 15.2, -35.2772
40.9881, 15.2, -38.3641
41.8689, 15.2, -39.1878
42.7497, 15.2, -38.9319
43.6305, 15.2, -38.4107
44.5112, 15.2, -37.7732
45.392, 15.2, -37.0739
46.2728, 15.2, -36.283
47.1535, 15.2, -35.282
48.0343, 15.2, -34.0227
48.9151, 15.2, -32.9261
49.7959, 15.2, -30.6566
50.6766, 15.2, -30.0384
51.5574, 15.2, -27.2929
52.4382, 15.2, -24.3292
53.319, 15.2, -21.3535
54.1997, 15.2, -18.2217
55.0805, 15.2, -15.0395
55.9613, 15.2, -11.8835
56.8421, 15.2, -8.89856
57.7228, 15.2, -6.4822
58.6036, 15.2, -5.68879
59.4844, 15.2, -7.37905
60.3652, 15.2, -6.49288
61.2459, 15.2, -2.40048
62.1267, 15.2, -0.512992
63.0075, 15.2, -0.211203
63.8883, 15.2, -0.587115
64.769, 15.2, -1.25372
65.6498, 15.2, -2.00209
66.5306, 15.2, -2.81318
67.4114, 15.2, -3.8503
68.2921, 15.2, -4.6459
69.1729, 15.2, -2.60155
70.0537, 15.2, 8.35038
70.9344, 15.2, -5.61894
71.8152, 15.2, -8.77634
72.696, 15.2, -9.41518
73.5768, 15.2, -9.86179
74.4575, 15.2, -10.5597
75.3383, 15.2, -11.4936
76.2191, 15.2, -12.8429
77.0999, 15.2, -14.9962
77.9806, 15.2, -18.5384
78.8614, 15.2, -24.7712
79.7422, 15.2, -33.4354
80.623, 15.2, -32.7247
81.5037, 15.2, -27.9296
82.3845, 15.2, -26.5478
83.2653, 15.2, -27.2221
84.1461, 15.2, -28.9875
85.0268, 15.2, -31.3731
85.9076, 15.2, -34.1502
86.7884, 15.2, -37.1995
87.6692, 15.2, -40.4203
88.5499, 15.2, -43.3618
89.4307, 15.2, -44.8906
90.3115, 15.2, -47.2774
91.1923, 15.2, -55.097
92.073, 15.2, -61.7861
92.9538, 15.2, -68.0909
93.8346, 15.2, -74.5142
94.7154, 15.2, -81.0503
95.5961, 15.2, -87.583
96.4769, 15.2, -94.0696
97.35767, 15.2, -100.6244
98.23845, 15.2, -107.1331
99.11922, 15.2, -112.9331
19.9105, 16, -66.8119
20.7811, 16, -60.9559
21.6516, 16, -58.4281
22.5221, 16, -57.3305
23.3927, 16, -56.7217
24.2632, 16, -56.3689
25.1338, 16, -56.1729
26.0043, 16, -56.0948
26.8748, 16, -56.1259
27.7454, 16, -56.2546
28.6159, 16, -56.3498
29.4865, 16, -56.5313
30.357, 16, -55.8122
31.2275, 16, -54.1278
32.0981, 16, -52.8984
32.9686, 16, -51.5533
33.8391, 16, -50.283
34.7097, 16, -49.0947
35.5802, 16, -47.9758
36.4508, 16, -46.9101
37.3213, 16, -45.8675
38.1918, 16, -44.744
39.0624, 16, -42.8339
39.9329, 16, -35.9314
40.8034, 16, -39.8041
41.674, 16, -39.8731
42.5445, 16, -39.0382
43.4151, 16, -38.1691
44.2856, 16, -37.2852
45.1561, 16, -36.3258
46.0267, 16, -35.2048
46.8972, 16, -33.8013
47.7677, 16, -31.9253
48.6383, 16, -29.2283
49.5088, 16, -25.5924
50.3794, 16, -23.5543
51.2499, 16, -23.165
52.1204, 16, -21.9277
52.991, 16, -19.8088
53.8615, 16, -17.1938
54.732, 16, -14.2936
55.6026, 16, -11.2466
56.4731, 16, -8.1629
57.3437, 16, -5.15076
58.2142, 16, -2.33738
59.0847, 16, -0.0239565
59.9553, 16, -3.17104
60.8258, 16, 1.9893
61.6963, 16, 1.44168
62.5669, 16, 0.668388
63.4374, 16, -0.130884
64.308, 16, -1.00993
65.1785, 16, -1.99238
66.049, 16, -3.0885
66.9196, 16, -4.26906
67.7901, 16, -5.32546
68.6606, 16, -4.94452
69.5312, 16, 5.04378
70.4017, 16, 5.76659
71.2723, 16, -7.47887
72.1428, 16, -9.69124
73.0133, 16, -10.0071
73.8839, 16, -10.1318
74.7544, 16, -10.4185
75.6249, 16, -11.0102
76.4955, 16, -12.0216
77.366, 16, -13.5847
78.2366, 16, -15.8005
79.1071, 16, -18.2536
79.9776, 16, -26.9857
80.8482, 16, -22.6032
81.7187, 16, -23.3619
82.5892, 16, -24.6001
83.4598, 16, -26.5813
84.3303, 16, -29.1621
85.2009, 16, -32.1877
86.0714, 16, -35.5461
86.9419, 16, -39.1526
87.8125, 16, -42.9148
88.683, 16, -46.5607
89.5536, 16, -48.5701
90.4241, 16, -52.8732
91.2946, 16, -60.8781
92.1652, 16, -67.502
93.0357, 16, -74.1584
93.9062, 16, -80.9732
94.7768, 16, -87.9162
95.6473, 16, -94.9448
96.51785, 16, -102.0088
97.38839, 16, -109.0182
98.25893, 16, -115.6967
99.12946, 16, -120.5194
20.8523, 16.8, -60.7478
21.7126, 16.8, -58.4205
22.5729, 16.8, -57.6409
23.4332, 16.8, -57.3066
24.2935, 16.8, -57.1599
25.1538, 16.8, -57.1063
26.0141, 16.8, -57.0878
26.8744, 16.8, -57.0326
27.7347, 16.8, -56.7533
28.595, 16.8, -55.8012
29.4553, 16.8, -53.9507
30.3156, 16.8, -52.97
31.1759, 16.8, -53.4531
32.0362, 16.8, -53.3729
32.8965, 16.8, -52.5557
33.7568, 16.8, -51.4231
34.6171, 16.8, -50.229
35.4774, 16.8, -49.0465
36.3377, 16.8, -47.9066
37.198, 16.8, -46.8328
38.0583, 16.8, -45.8587
38.9186, 16.8, -45.173
39.7789, 16.8, -44.5875
40.6392, 16.8, -42.8958
41.4995, 16.8, -40.8549
42.3598, 16.8, -39.3955
43.2201, 16.8, -38.2024
44.0804, 16.8, -37.0976
44.9407, 16.8, -35.9649
45.801, 16.8, -34.6939
46.6613, 16.8, -33.1433
47.5216, 16.8, -31.079
48.3819, 16.8, -28.0098
49.2422, 16.8, -23.1426
50.1025, 16.8, -19.3777
50.9628, 16.8, -19.4241
51.8231, 16.8, -19.6819
52.6834, 16.8, -18.468
53.5437, 16.8, -16.3435
54.404, 16.8, -13.7272
55.2643, 16.8, -10.8116
56.1246, 16.8, -7.69023
56.9849, 16.8, -4.37468
57.8452, 16.8, -0.688711
58.7055, 16.8, 3.79045
59.5658, 16.8, 8.74323
60.4262, 16.8, 9.50499
61.2865, 16.8, 6.0931
62.1468, 16.8, 3.25314
63.0071, 16.8, 1.37859
63.8674, 16.8, -0.0309838
64.7277, 16.8, -1.30059
65.588, 16.8, -2.53456
66.4483, 16.8, -3.74126
67.3086, 16.8, -4.78056
68.1689, 16.8, -4.99176
69.0292, 16.8, -3.85039
69.8895, 16.8, -2.0946
70.7498, 16.8, -4.60571
71.6101, 16.8, -7.48856
72.4704, 16.8, -8.82017
73.3307, 16.8, -8.97099
74.191, 16.8, -8.85175
75.0513, 16.8, -8.77762
75.9116, 16.8, -8.85561
76.7719, 16.8, -9.09634
77.6322, 16.8, -9.30581
78.4925, 16.8, -8.83412
79.3528, 16.8, -8.16894
80.2131, 16.8, -9.52614
81.0734, 16.8, -13.7311
81.9337, 16.8, -17.9621
82.794, 16.8, -21.5619
83.6543, 16.8, -24.8935
84.5146, 16.8, -28.3999
85.3749, 16.8, -32.1355
86.2352, 16.8, -36.0803
87.0955, 16.8, -40.1971
87.9558, 16.8, -44.4206
88.8161, 16.8, -48.9244
89.6764, 16.8, -53.8399
90.5367, 16.8, -59.5771
91.397, 16.8, -65.7366
92.2573, 16.8, -72.6084
93.1176, 16.8, -79.787
93.9779, 16.8, -87.1429
94.8382, 16.8, -94.6191
95.69849, 16.8, -102.1574
96.55879, 16.8, -109.6834
97.4191, 16.8, -117.048
98.2794, 16.8, -123.828
99.1397, 16.8, -129.5894
21.7941, 17.6, -57.6038
22.6441, 17.6, -57.36
23.4942, 17.6, -57.4028
24.3443, 17.6, -57.5401
25.1943, 17.6, -57.6724
26.0444, 17.6, -57.7257
26.8945, 17.6, -57.5967
27.7445, 17.6, -57.1264
28.5946, 17.6, -55.9848
29.4446, 17.6, -53.1047
30.2947, 17.6, -51.0009
31.1448, 17.6, -53.6729
31.9948, 17.6, -53.8133
32.8449, 17.6, -53.1887
33.695, 17.6, -52.2079
34.545, 17.6, -51.0424
35.3951, 17.6, -49.8063
36.2452, 17.6, -48.5792
37.0952, 17.6, -47.4469
37.9453, 17.6, -46.584
38.7954, 17.6, -46.4848
39.6454, 17.6, -50.1006
40.4955, 17.6, -47.3308
41.3455, 17.6, -42.1156
42.1956, 17.6, -39.949
43.0457, 17.6, -38.4753
43.8957, 17.6, -37.2338
44.7458, 17.6, -36.0294
45.5959, 17.6, -34.7314
46.4459, 17.6, -33.1999
47.296, 17.6, -31.2382
48.1461, 17.6, -28.5148
48.9961, 17.6, -24.4501
49.8462, 17.6, -17.5052
50.6963, 17.6, -18.2561
51.5463, 17.6, -18.7069
52.3964, 17.6, -17.7851
53.2465, 17.6, -15.9544
54.0965, 17.6, -13.5501
54.9466, 17.6, -10.7333
55.7966, 17.6, -7.59168
56.6467, 17.6, -4.10637
57.4968, 17.6, -0.183708
58.3468, 17.6, 4.46836
59.1969, 17.6, 11.0968
60.047, 17.6, 22.867
60.897, 17.6, 11.1995
61.7471, 17.6, 6.77802
62.5972, 17.6, 4.03564
63.4472, 17.6, 1.94761
64.2973, 17.6, 0.241763
65.1474, 17.6, -1.1987
65.9974, 17.6, -2.45357
66.8475, 17.6, -3.49209
67.6975, 17.6, -4.37464
68.5476, 17.6, -5.47204
69.3977, 17.6, -11.1614
70.2477, 17.6, -18.5867
71.0978, 17.6, -7.74938
71.9479, 17.6, -6.76786
72.7979, 17.6, -6.60511
73.648, 17.6, -6.34996
74.4981, 17.6, -5.90716
75.3481, 17.6, -5.3239
76.1982, 17.6, -4.62161
77.0483, 17.6, -3.72198
77.8983, 17.6, -2.55731
78.7484, 17.6, -0.733216
79.5984, 17.6, 4.86857
80.4485, 17.6, 2.31057
81.2986, 17.6, -7.14098
82.1486, 17.6, -12.7876
82.9987, 17.6, -17.6584
83.8488, 17.6, -22.2471
84.6988, 17.6, -26.7068
85.5489, 17.6, -31.1684
86.399, 17.6, -35.6893
87.249, 17.6, -40.3502
88.0991, 17.6, -45.3319
88.9492, 17.6, -51.0863
89.7992, 17.6, -60.0269
90.6493, 17.6, -64.4083
91.4994, 17.6, -70.0527
92.3494, 17.6, -77.2555
93.1995, 17.6, -84.9807
94.0495, 17.6, -92.9382
94.89961, 17.6, -100.9859
95.74968, 17.6, -109.0497
96.59974, 17.6, -117.0384
97.44981, 17.6, -124.8626
98.29987, 17.6, -132.4447
99.14993, 17.6, -140.2056
22.7358, 18.4, -56.6973
23.5757, 18.4, -57.2779
24.4155, 18.4, -57.7715
25.2553, 18.4, -58.1631
26.0951, 18.4, -58.4143
26.935, 18.4, -58.4521
27.7748, 18.4, -58.1337
28.6146, 18.4, -57.1384
29.4545, 18.4, -54.3723
30.2943, 18.4, -52.6538
31.1341, 18.4, -55.0048
31.9739, 18.4, -54.921
32.8138, 18.4, -54.1225
33.6536, 18.4, -53.0041
34.4934, 18.4, -51.7292
35.3332, 18.4, -50.3933
36.1731, 18.4, -49.0754
37.0129, 18.4, -47.8756
37.8527, 18.4, -46.992
38.6926, 18.4, -47.0594
39.5324, 18.4, -49.9322
40.3722, 18.4, -49.4549
41.212, 18.4, -43.406
42.0519, 18.4, -40.5897
42.8917, 18.4, -38.9475
43.7315, 18.4, -37.6794
44.5714, 18.4, -36.524
45.4112, 18.4, -35.3426
46.251, 18.4, -34.0196
47.0908, 18.4, -32.4193
47.9307, 18.4, -30.3568
48.7705, 18.4, -27.6727
49.6103, 18.4, -22.8359
50.4501, 18.4, -20.2447
51.29, 18.4, -20.3361
52.1298, 18.4, -18.9112
52.9696, 18.4, -16.9026
53.8095, 18.4, -14.4068
54.6493, 18.4, -11.5493
55.4891, 18.4, -8.39279
56.3289, 18.4, -4.94034
57.1688, 18.4, -1.12042
58.0086, 18.4, 3.29882
58.8484, 18.4, 9.14318
59.6883, 18.4, 19.4076
60.5281, 18.4, 16.1783
61.3679, 18.4, 9.28964
62.2077, 18.4, 5.98173
63.0476, 18.4, 3.69573
63.8874, 18.4, 1.85789
64.7272, 18.4, 0.274469
65.5671, 18.4, -1.14796
66.4069, 18.4, -2.48255
67.2467, 18.4, -3.86231
68.0865, 18.4, -5.76705
68.9264, 18.4, -10.5326
69.7662, 18.4, -22.9071
70.606, 18.4, -16.2156
71.4458, 18.4, -8.38586
72.2857, 18.4, -5.61149
73.1255, 18.4, -4.24635
73.9653, 18.4, -3.1057
74.8052, 18.4, -1.95957
75.645, 18.4, -0.740611
76.4848, 18.4, 0.595386
77.3246, 18.4, 2.12926
78.1645, 18.4, 4.1077
79.0043, 18.4, 7.63333
79.8441, 18.4, 16.2841
80.684, 18.4, 7.02373
81.5238, 18.4, -2.04076
82.3636, 18.4, -8.4754
83.2034, 18.4, -14.0712
84.0433, 18.4, -19.3688
84.8831, 18.4, -24.5496
85.7229, 18.4, -29.7086
86.5628, 18.4, -34.9239
87.4026, 18.4, -40.2976
88.2424, 18.4, -46.032
89.0822, 18.4, -52.7668
89.9221, 18.4, -62.192
90.7619, 18.4, -67.3378
91.6017, 18.4, -73.8677
92.4416, 18.4, -81.6702
93.2814, 18.4, -89.9829
94.1212, 18.4, -98.5229
94.96103, 18.4, -107.1655
95.80086, 18.4, -115.8388
96.64069, 18.4, -124.4942
97.48051, 18.4, -133.1141
98.32034, 18.4, -141.8494
99.16017, 18.4, -151.5157
23.6776, 19.2, -56.8102
24.5072, 19.2, -58.143
25.3368, 19.2, -59.0711
26.1664, 19.2, -59.6841
26.996, 19.2, -60.0789
27.8255, 19.2, -60.1651
28.6551, 19.2, -59.6875
29.4847, 19.2, -58.335
30.3143, 19.2, -57.8252
31.1439, 19.2, -57.5947
31.9735, 19.2, -56.8468
32.8031, 19.2, -55.5932
33.6327, 19.2, -54.1437
34.4623, 19.2, -52.6034
35.2919, 19.2, -51.033
36.1215, 19.2, -49.4882
36.9511, 19.2, -48.0482
37.7806, 19.2, -46.8769
38.6102, 19.2, -46.2739
39.4398, 19.2, -46.7621
40.2694, 19.2, -45.6936
41.099, 19.2, -43.0206
41.9286, 19.2, -40.8251
42.7582, 19.2, -39.3838
43.5878, 19.2, -38.3202
44.4174, 19.2, -37.4076
45.247, 19.2, -36.526
46.0766, 19.2, -35.6002
46.9062, 19.2, -34.5685
47.7357, 19.2, -33.3903
48.5653, 19.2, -31.8323
49.3949, 19.2, -29.3877
50.2245, 19.2, -27.223
51.0541, 19.2, -24.834
51.8837, 19.2, -22.6706
52.7133, 19.2, -20.0178
53.5429, 19.2, -17.146
54.3725, 19.2, -14.082
55.2021, 19.2, -10.8372
56.0317, 19.2, -7.41005
56.8612, 19.2, -3.76129
57.6908, 19.2, 0.229451
58.5204, 19.2, 4.91791
59.35, 19.2, 10.9881
60.1796, 19.2, 13.6072
61.0092, 19.2, 9.67516
61.8388, 19.2, 6.25132
62.6684, 19.2, 4.05807
63.498, 19.2, 2.32523
64.3276, 19.2, 0.788135
65.1572, 19.2, -0.651527
65.9868, 19.2, -2.07244
66.8163, 19.2, -3.60309
67.6459, 19.2, -5.60286
68.4755, 19.2, -8.64386
69.3051, 19.2, -13.7843
70.1347, 19.2, -16.1872
70.9643, 19.2, -11.5012
71.7939, 19.2, -6.85036
72.6235, 19.2, -3.8706
73.4531, 19.2, -1.73712
74.2827, 19.2, 0.0906374
75.1123, 19.2, 1.8469
75.9418, 19.2, 3.61969
76.7714, 19.2, 5.47438
77.601, 19.2, 7.53
78.4306, 19.2, 10.1524
79.2602, 19.2, 14.1558
80.0898, 19.2, 16.5015
80.9194, 19.2, 9.06181
81.749, 19.2, 1.42141
82.5786, 19.2, -5.1285
83.4082, 19.2, -11.1674
84.2378, 19.2, -16.9818
85.0674, 19.2, -22.7085
85.8969, 19.2, -28.4184
86.7265, 19.2, -34.1698
87.5561, 19.2, -40.0404
88.3857, 19.2, -46.2164
89.2153, 19.2, -53.1473
90.0449, 19.2, -60.0533
90.8745, 19.2, -68.6842
91.7041, 19.2, -76.8969
92.5337, 19.2, -85.6877
93.3633, 19.2, -94.7804
94.19286, 19.2, -104.0393
95.02245, 19.2, -113.3829
95.85204, 19.2, -122.7721
96.68163, 19.2, -132.1992
97.51122, 19.2, -141.7272
98.34082, 19.2, -151.4743
99.17041, 19.2, -161.5554
