100.0, 0.0, -1.96181785005e-44
0.0, 0.0, -1.01400058826e-39
-20.0, 0.0, -0.0
-20.0, -20.0, 200.0
100.0, -20.0, 200.0
100.0, 20.0, -200.0
23.7999992, 20.0, -184.888168335
98.9247284, 0.0, 9.42195401876e-05
97.8494644, 0.0, 0.000153353030328
96.7741928, 0.0, 0.000193816391402
95.6989212, 0.0, 0.000221666952712
94.6236572, 0.0, 0.000239997185417
93.5483856, 0.0, 0.000250648561632
92.4731216, 0.0, 0.000254865677562
91.39785, 0.0, 0.000253565085586
90.3225784, 0.0, 0.000247455143835
89.2473145, 0.0, 0.000237082451349
88.1720428, 0.0, 0.000222825823585
87.0967712, 0.0, 0.000204769690754
86.0215073, 0.0, 0.000182139730896
84.9462357, 0.0, 0.000150017891428
83.8709641, 0.0, 9.66862498899e-05
82.7957001, 0.0, 4.18146373704e-05
81.7204285, 0.0, -2.20849574362e-06
80.6451645, 0.0, -1.02768872239e-05
79.5698929, 0.0, -1.75370914803e-05
78.4946213, 0.0, -2.45643113885e-05
77.4193573, 0.0, -3.15042088914e-05
76.3440857, 0.0, -3.83709666494e-05
75.2688141, 0.0, -4.51559972134e-05
74.1935501, 0.0, -5.18438282597e-05
73.1182785, 0.0, -5.84170338698e-05
72.0430145, 0.0, -6.48579880362e-05
70.9677429, 0.0, -7.11495158612e-05
69.8924713, 0.0, -7.72747880546e-05
68.8172073, 0.0, -8.32175210235e-05
67.7419357, 0.0, -8.8961693109e-05
66.6666641, 0.0, -9.44909479585e-05
65.5914001, 0.0, -9.97889801511e-05
64.5161285, 0.0, -0.000104838843981
63.4408607, 0.0, -0.000109622662421
62.365593, 0.0, -0.000114121845399
61.2903214, 0.0, -0.000118316289445
60.2150536, 0.0, -0.000122184617794
59.1397858, 0.0, -0.000125703882077
58.064518, 0.0, -0.000128849351313
56.9892464, 0.0, -0.000131594322738
55.9139786, 0.0, -0.000133910012664
54.8387108, 0.0, -0.00013576564379
53.7634392, 0.0, -0.000137127935886
52.6881714, 0.0, -0.000137961324072
51.6129036, 0.0, -0.000138227827847
50.5376358, 0.0, -0.000137886876473
49.4623642, 0.0, -0.000136895207106
48.3870964, 0.0, -0.000135206952109
47.3118286, 0.0, -0.000132773580845
46.2365608, 0.0, -0.000129543608637
45.1612892, 0.0, -0.000125462611322
44.0860214, 0.0, -0.000120473014249
43.0107536, 0.0, -0.000114513815788
41.935482, 0.0, -0.000107519874291
40.8602142, 0.0, -9.94209913188e-05
39.7849464, 0.0, -9.01396997506e-05
38.7096786, 0.0, -7.95868618297e-05
37.634407, 0.0, -6.76514391671e-05
36.5591393, 0.0, -5.41731060366e-05
35.4838715, 0.0, -3.88209664379e-05
34.4086037, 0.0, -2.04265015782e-05
33.3333321, 0.0, 2.93588527711e-05
32.2580643, 0.0, 0.000181872557732
31.1827965, 0.0, 0.000337899517035
30.1075268, 0.0, 0.000454212509794
29.032259, 0.0, 0.000565981317777
27.9569893, 0.0, 0.000680909201037
26.8817196, 0.0, 0.000801013142336
25.8064518, 0.0, 0.000926940352656
24.7311821, 0.0, 0.00105886161327
23.6559143, 0.0, 0.00119674834423
22.5806446, 0.0, 0.00134049053304
21.5053768, 0.0, 0.00148996594362
20.4301071, 0.0, 0.00164511066396
19.3548393, 0.0, 0.00180600001477
18.2795696, 0.0, 0.00197296729311
17.2043018, 0.0, 0.00214677257463
16.1290321, 0.0, 0.0023288668599
15.0537634, 0.0, 0.00252180290408
13.9784946, 0.0, 0.00272990972735
12.9032259, 0.0, 0.00296043488197
11.8279572, 0.0, 0.00322556914762
10.7526884, 0.0, 0.00354623096064
9.67741966, 0.0, 0.00395960966125
8.60215092, 0.0, 0.00453540915623
7.52688169, 0.0, 0.00541420839727
6.45161295, 0.0, 0.00690777460113
5.3763442, 0.0, 0.00978569407016
4.30107546, 0.0, 0.0161159355193
3.22580647, 0.0, 0.0315499454737
2.15053773, 0.0, 0.069464571774
1.07526886, 0.0, 0.14254784584
-1.05263162, 0.0, -4.26887360277e-40
-2.10526323, 0.0, -4.25208604716e-40
-3.15789485, 0.0, -4.2439304901e-40
-4.21052647, 0.0, -4.23926416621e-40
-5.26315784, 0.0, -4.23625137452e-40
-6.3157897, 0.0, -4.23410738787e-40
-7.36842108, 0.0, -4.23248188165e-40
-8.42105293, 0.0, -4.23119268706e-40
-9.47368431, 0.0, -4.23009967426e-40
-10.5263157, 0.0, -4.22913277832e-40
-11.5789471, 0.0, -4.22826397327e-40
-12.6315794, 0.0, -4.22745122016e-40
-13.6842108, 0.0, -4.22665248004e-40
-14.7368422, 0.0, -4.2258677529e-40
-15.7894735, 0.0, -4.22505499979e-40
-16.8421059, 0.0, -4.22418619474e-40
-17.8947372, 0.0, -4.22323331178e-40
-18.9473686, 0.0, -4.22211227301e-40
-20.0, -1.0, 10.0
-20.0, -2.0, 20.0
-20.0, -3.0, 30.0
-20.0, -4.0, 40.0
-20.0, -5.0, 50.0
-20.0, -6.0, 60.0
-20.0, -7.0, 70.0
-20.0, -8.0, 80.0
-20.0, -9.0, 90.0
-20.0, -10.0, 100.0
-20.0, -11.0, 110.0
-20.0, -12.0, 120.0
-20.0, -13.0, 130.0
-20.0, -14.0, 140.0
-20.0, -15.0, 150.0
-20.0, -16.0, 160.0
-20.0, -17.0, 170.0
-20.0, -18.0, 180.0
-20.0, -19.0, 190.0
-18.9285717, -20.0, 200.001785278
-17.8571434, -20.0, 200.003509521
-16.7857151, -20.0, 200.005172729
-15.7142859, -20.0, 200.006774902
-14.6428576, -20.0, 200.00831604
-13.5714283, -20.0, 200.009811401
-12.5, -20.0, 200.011245728
-11.4285717, -20.0, 200.012649536
-10.3571424, -20.0, 200.01399231
-9.28571415, -20.0, 200.015304565
-8.21428585, -20.0, 200.016540527
-7.14285707, -20.0, 200.017745972
-6.07142878, -20.0, 200.018875122
-5.0, -20.0, 200.019943237
-3.92857146, -20.0, 200.0209198
-2.85714293, -20.0, 200.021820068
-1.78571427, -20.0, 200.022628784
-0.714285731, -20.0, 200.023345947
0.357142866, -20.0, 200.02394104
1.42857146, -20.0, 200.024414062
2.5, -20.0, 200.024780273
3.57142854, -20.0, 200.025009155
4.64285707, -20.0, 200.025131226
5.71428585, -20.0, 200.025115967
6.78571415, -20.0, 200.024993896
7.85714293, -20.0, 200.024734497
8.9285717, -20.0, 200.024383545
10.0, -20.0, 200.023925781
11.0714283, -20.0, 200.023376465
12.1428576, -20.0, 200.022735596
13.2142859, -20.0, 200.022033691
14.2857141, -20.0, 200.021255493
15.3571424, -20.0, 200.02041626
16.4285717, -20.0, 200.01953125
17.5, -20.0, 200.018600464
18.5714283, -20.0, 200.01763916
19.6428566, -20.0, 200.016647339
20.7142849, -20.0, 200.015640259
21.7857151, -20.0, 200.014633179
22.8571434, -20.0, 200.01361084
23.9285717, -20.0, 200.012588501
25.0, -20.0, 200.011581421
26.0714283, -20.0, 200.0105896
27.1428566, -20.0, 200.009613037
28.2142849, -20.0, 200.008666992
29.2857151, -20.0, 200.007751465
30.3571434, -20.0, 200.006851196
31.4285717, -20.0, 200.005996704
32.5, -20.0, 200.005172729
33.5714302, -20.0, 200.004394531
34.6428566, -20.0, 200.003646851
35.7142868, -20.0, 200.002944946
36.7857132, -20.0, 200.002288818
37.8571434, -20.0, 200.001678467
38.9285698, -20.0, 200.001098633
40.0, -20.0, 200.000579834
41.0714302, -20.0, 200.000091553
42.1428566, -20.0, 199.999649048
43.2142868, -20.0, 199.999252319
44.2857132, -20.0, 199.998901367
45.3571434, -20.0, 199.998580933
46.4285698, -20.0, 199.998306274
47.5, -20.0, 199.998062134
48.5714302, -20.0, 199.99786377
49.6428566, -20.0, 199.997695923
50.7142868, -20.0, 199.997558594
51.7857132, -20.0, 199.997451782
52.8571434, -20.0, 199.997375488
53.9285698, -20.0, 199.997329712
55.0, -20.0, 199.997314453
56.0714302, -20.0, 199.997314453
57.1428566, -20.0, 199.997344971
58.2142868, -20.0, 199.997390747
59.2857132, -20.0, 199.997467041
60.3571434, -20.0, 199.997558594
61.4285698, -20.0, 199.997665405
62.5, -20.0, 199.997787476
63.5714302, -20.0, 199.997924805
64.6428604, -20.0, 199.998077393
65.7142868, -20.0, 199.998245239
66.7857132, -20.0, 199.998428345
67.8571396, -20.0, 199.99861145
68.9285736, -20.0, 199.998794556
70.0, -20.0, 199.999008179
71.0714264, -20.0, 199.999206543
72.1428604, -20.0, 199.999420166
73.2142868, -20.0, 199.999633789
74.2857132, -20.0, 199.999832153
75.3571396, -20.0, 200.000045776
76.4285736, -20.0, 200.000259399
77.5, -20.0, 200.000457764
78.5714264, -20.0, 200.000656128
79.6428604, -20.0, 200.000854492
80.7142868, -20.0, 200.001022339
81.7857132, -20.0, 200.001190186
82.8571396, -20.0, 200.001342773
83.9285736, -20.0, 200.001480103
85.0, -20.0, 200.001602173
86.0714264, -20.0, 200.001708984
87.1428604, -20.0, 200.001785278
88.2142868, -20.0, 200.001831055
89.2857132, -20.0, 200.001846313
90.3571396, -20.0, 200.001846313
91.4285736, -20.0, 200.001800537
92.5, -20.0, 200.001724243
93.5714264, -20.0, 200.001617432
94.6428604, -20.0, 200.001464844
95.7142868, -20.0, 200.001266479
96.7857132, -20.0, 200.001022339
97.8571396, -20.0, 200.000732422
98.9285736, -20.0, 200.000396729
100.0, -19.0, 190.0
100.0, -18.0, 180.0
100.0, -17.0, 170.0
100.0, -16.0, 160.0
100.0, -15.0, 150.0
100.0, -14.0, 140.0
100.0, -13.0, 130.0
100.0, -12.0, 120.0
100.0, -11.0, 110.0
100.0, -10.0, 100.0
100.0, -9.0, 90.0
100.0, -8.0, 80.0
100.0, -7.0, 70.0
100.0, -6.0, 60.0
100.0, -5.0, 50.0
100.0, -4.0, 40.0
100.0, -3.0, 30.0
100.0, -2.0, 20.0
100.0, -1.0, 10.0
100.0, 0.800000012, -8.0
100.0, 1.60000002, -16.0
100.0, 2.4000001, -24.0
100.0, 3.20000005, -32.0
100.0, 4.0, -40.0
100.0, 4.80000019, -48.0
100.0, 5.5999999, -56.0
100.0, 6.4000001, -64.0
100.0, 7.19999981, -72.0
100.0, 8.0, -80.0
100.0, 8.80000019, -88.0
100.0, 9.60000038, -96.0
100.0, 10.3999996, -104.0
100.0, 11.1999998, -112.0
100.0, 12.0, -120.0
100.0, 12.8000002, -128.0
100.0, 13.6000004, -136.0
100.0, 14.3999996, -144.0
100.0, 15.1999998, -152.0
100.0, 16.0, -160.0
100.0, 16.7999992, -168.0
100.0, 17.6000004, -176.0
100.0, 18.3999996, -184.0
100.0, 19.2000008, -192.0
99.1806488, 20.0, -197.226104736
98.36129, 20.0, -195.571578979
97.5419388, 20.0, -194.283477783
96.72258, 20.0, -193.241027832
95.9032288, 20.0, -192.373519897
95.0838699, 20.0, -191.639892578
94.2645187, 20.0, -191.012741089
93.4451599, 20.0, -190.47253418
92.6258087, 20.0, -190.004653931
91.8064499, 20.0, -189.597625732
90.9870987, 20.0, -189.242553711
90.1677399, 20.0, -188.932159424
89.3483887, 20.0, -188.660354614
88.5290298, 20.0, -188.422042847
87.7096786, 20.0, -188.212890625
86.8903198, 20.0, -188.029205322
86.0709686, 20.0, -187.867782593
85.2516098, 20.0, -187.725906372
84.4322586, 20.0, -187.601150513
83.6128998, 20.0, -187.491409302
82.7935486, 20.0, -187.394866943
81.9741898, 20.0, -187.309906006
81.1548386, 20.0, -187.235137939
80.3354874, 20.0, -187.169296265
79.5161285, 20.0, -187.111343384
78.6967773, 20.0, -187.060317993
77.8774185, 20.0, -187.015396118
77.0580673, 20.0, -186.975860596
76.2387085, 20.0, -186.941055298
75.4193573, 20.0, -186.910446167
74.5999985, 20.0, -186.883529663
73.7806473, 20.0, -186.85987854
72.9612885, 20.0, -186.839096069
72.1419373, 20.0, -186.82081604
71.3225784, 20.0, -186.804748535
70.5032272, 20.0, -186.790603638
69.6838684, 20.0, -186.778152466
68.8645172, 20.0, -186.767181396
68.0451584, 20.0, -186.757507324
67.2258072, 20.0, -186.748977661
66.4064484, 20.0, -186.741409302
65.5870972, 20.0, -186.734725952
64.7677383, 20.0, -186.728775024
63.9483871, 20.0, -186.723464966
63.1290321, 20.0, -186.718704224
62.3096771, 20.0, -186.714431763
61.4903221, 20.0, -186.710540771
60.6709671, 20.0, -186.706985474
59.8516121, 20.0, -186.703704834
59.0322571, 20.0, -186.700637817
58.2129021, 20.0, -186.697738647
57.3935471, 20.0, -186.694946289
56.574192, 20.0, -186.692230225
55.754837, 20.0, -186.68951416
54.935482, 20.0, -186.686782837
54.1161308, 20.0, -186.683959961
53.2967758, 20.0, -186.681030273
52.4774208, 20.0, -186.677932739
51.6580658, 20.0, -186.674606323
50.8387108, 20.0, -186.67098999
50.0193558, 20.0, -186.667053223
49.2000008, 20.0, -186.662704468
48.3806458, 20.0, -186.657897949
47.5612907, 20.0, -186.652526855
46.7419357, 20.0, -186.646530151
45.9225807, 20.0, -186.639801025
45.1032257, 20.0, -186.632217407
44.2838707, 20.0, -186.623687744
43.4645157, 20.0, -186.614059448
42.6451607, 20.0, -186.603179932
41.8258057, 20.0, -186.590881348
41.0064507, 20.0, -186.576980591
40.1870956, 20.0, -186.561233521
39.3677406, 20.0, -186.543411255
38.5483856, 20.0, -186.523223877
37.7290306, 20.0, -186.500366211
36.9096756, 20.0, -186.474456787
36.0903244, 20.0, -186.445098877
35.2709694, 20.0, -186.411819458
34.4516144, 20.0, -186.374053955
33.6322594, 20.0, -186.331207275
32.8129044, 20.0, -186.282562256
31.9935474, 20.0, -186.227279663
31.1741943, 20.0, -186.164367676
30.3548393, 20.0, -186.092697144
29.5354843, 20.0, -186.010864258
28.7161293, 20.0, -185.917175293
27.8967743, 20.0, -185.809509277
27.0774193, 20.0, -185.685043335
26.2580643, 20.0, -185.539886475
25.4387093, 20.0, -185.367935181
24.6193542, 20.0, -185.158370972
22.8479996, 19.2000008, -177.775634766
21.8959999, 18.3999996, -170.721405029
20.9440002, 17.6000004, -163.673233032
19.9920006, 16.7999992, -156.622390747
19.0400009, 16.0, -149.553955078
18.0879993, 15.1999998, -142.467712402
17.1359997, 14.3999996, -135.360992432
16.184, 13.6000004, -128.222366333
15.2320004, 12.8000002, -121.063407898
14.2799997, 12.0, -113.882118225
13.3280001, 11.1999998, -106.655982971
12.3760004, 10.3999996, -99.4106369019
11.4239998, 9.60000038, -92.1159133911
10.4720001, 8.80000019, -84.7602081299
9.52000046, 8.0, -77.361656189
8.56799984, 7.19999981, -69.8330001831
7.61600018, 6.4000001, -62.307888031
6.66400003, 5.5999999, -54.8077316284
5.71199989, 4.80000019, -47.1401596069
4.76000023, 4.0, -39.5955429077
3.80800009, 3.20000005, -31.6233959198
2.85599995, 2.4000001, -23.6305923462
1.90400004, 1.60000002, -15.6656332016
0.952000022, 0.800000012, -7.66173124313
98.9249268, -1.0, 10.0001544952
97.8498459, -1.0, 10.0002641678
96.7747726, -1.0, 10.0003433228
95.6996918, -1.0, 10.0003995895
94.6246185, -1.0, 10.0004386902
93.5495377, -1.0, 10.0004634857
92.4744644, -1.0, 10.0004749298
91.3993835, -1.0, 10.0004768372
90.3243103, -1.0, 10.0004692078
89.2492294, -1.0, 10.000453949
88.1741562, -1.0, 10.0004301071
87.0990753, -1.0, 10.0003995895
86.0240021, -1.0, 10.0003614426
84.9489212, -1.0, 10.0003128052
83.873848, -1.0, 10.0002536774
82.7987747, -1.0, 10.0001955032
81.7236938, -1.0, 10.0001468658
80.6486206, -1.0, 10.0001049042
79.5735397, -1.0, 10.0000696182
78.4984665, -1.0, 10.0000352859
77.4233856, -1.0, 10.0000009537
76.3483124, -1.0, 9.99996757507
75.2732315, -1.0, 9.99993515015
74.1981583, -1.0, 9.99990177155
73.1230774, -1.0, 9.99986934662
72.0480042, -1.0, 9.99983787537
70.9729233, -1.0, 9.99980640411
69.89785, -1.0, 9.99977684021
68.8227692, -1.0, 9.99974727631
67.7476959, -1.0, 9.99971866608
66.6726227, -1.0, 9.99969100952
65.5975418, -1.0, 9.99966526031
64.5224686, -1.0, 9.99964046478
63.4473877, -1.0, 9.9996175766
62.3723106, -1.0, 9.99959659576
61.2972336, -1.0, 9.9995765686
60.2221565, -1.0, 9.99955844879
59.1470833, -1.0, 9.99954223633
58.0720062, -1.0, 9.99952888489
56.9969292, -1.0, 9.9995174408
55.9218521, -1.0, 9.99950885773
54.8467751, -1.0, 9.99950218201
53.771698, -1.0, 9.99949932098
52.6966209, -1.0, 9.99949932098
51.6215439, -1.0, 9.99950218201
50.5464668, -1.0, 9.99950885773
49.4713898, -1.0, 9.99951839447
48.3963127, -1.0, 9.99953269958
47.3212357, -1.0, 9.99955177307
46.2461586, -1.0, 9.99957466125
45.1710815, -1.0, 9.99960136414
44.0960045, -1.0, 9.99963474274
43.0209312, -1.0, 9.99967288971
41.9458542, -1.0, 9.99971675873
40.8707771, -1.0, 9.99976634979
39.7957001, -1.0, 9.99982261658
38.720623, -1.0, 9.99988555908
37.645546, -1.0, 9.99995708466
36.5704689, -1.0, 10.0000371933
35.4953918, -1.0, 10.0001277924
34.4203148, -1.0, 10.0002374649
33.3452377, -1.0, 10.0003738403
32.2701607, -1.0, 10.0005540848
31.1950836, -1.0, 10.0007648468
30.1200085, -1.0, 10.0009737015
29.0449314, -1.0, 10.0011835098
27.9698544, -1.0, 10.0013990402
26.8947773, -1.0, 10.001625061
25.8197002, -1.0, 10.0018606186
24.7446232, -1.0, 10.0021066666
23.6695461, -1.0, 10.0023641586
22.594471, -1.0, 10.0026311874
21.5193939, -1.0, 10.002907753
20.4443169, -1.0, 10.0031957626
19.3692398, -1.0, 10.003493309
18.2941628, -1.0, 10.0038013458
17.2190857, -1.0, 10.0041227341
16.1440086, -1.0, 10.0044593811
15.0689325, -1.0, 10.004817009
13.9938555, -1.0, 10.0052022934
12.9187784, -1.0, 10.0056295395
11.8437023, -1.0, 10.0061197281
10.7686253, -1.0, 10.0067090988
9.6935482, -1.0, 10.0074586868
8.61847115, -1.0, 10.0084781647
7.54339457, -1.0, 10.0099687576
6.46831799, -1.0, 10.0123271942
5.39324141, -1.0, 10.0163545609
4.31816435, -1.0, 10.0236415863
3.24308753, -1.0, 10.0367393494
2.16801071, -1.0, 10.0563354492
1.09293389, -1.0, 10.0548229218
0.0178571437, -1.0, 10.0375137329
-1.03571427, -1.0, 10.0136957169
-2.08928561, -1.0, 10.0081224442
-3.14285707, -1.0, 10.0056333542
-4.19642878, -1.0, 10.0043096542
-5.25, -1.0, 10.0034971237
-6.30357122, -1.0, 10.0029459
-7.35714293, -1.0, 10.0025424957
-8.41071415, -1.0, 10.0022287369
-9.46428585, -1.0, 10.0019712448
-10.5178576, -1.0, 10.0017499924
-11.5714283, -1.0, 10.0015525818
-12.625, -1.0, 10.00137043
-13.6785717, -1.0, 10.0011959076
-14.7321424, -1.0, 10.0010251999
-15.7857141, -1.0, 10.0008525848
-16.8392849, -1.0, 10.0006732941
-17.8928566, -1.0, 10.0004806519
-18.9464283, -1.0, 10.0002641678
98.9251175, -2.0, 20.0001983643
97.8502274, -2.0, 20.0003471375
96.7753448, -2.0, 20.000459671
95.7004623, -2.0, 20.0005435944
94.6255798, -2.0, 20.0006008148
93.5506897, -2.0, 20.0006389618
92.4758072, -2.0, 20.0006599426
91.4009247, -2.0, 20.000667572
90.3260345, -2.0, 20.0006599426
89.251152, -2.0, 20.0006408691
88.1762695, -2.0, 20.0006122589
87.1013794, -2.0, 20.0005722046
86.0264969, -2.0, 20.0005245209
84.9516144, -2.0, 20.0004673004
83.8767319, -2.0, 20.0004024506
82.8018417, -2.0, 20.0003356934
81.7269592, -2.0, 20.0002708435
80.6520767, -2.0, 20.000207901
79.5771866, -2.0, 20.0001487732
78.5023041, -2.0, 20.0000915527
77.4274216, -2.0, 20.0000343323
76.3525314, -2.0, 19.9999771118
75.2776489, -2.0, 19.9999198914
74.2027664, -2.0, 19.9998626709
73.1278839, -2.0, 19.9998073578
72.0529938, -2.0, 19.9997520447
70.9781113, -2.0, 19.9996986389
69.9032288, -2.0, 19.9996471405
68.8283386, -2.0, 19.9995956421
67.7534561, -2.0, 19.9995479584
66.6785736, -2.0, 19.9995002747
65.6036835, -2.0, 19.9994544983
64.528801, -2.0, 19.9994125366
63.4539185, -2.0, 19.9993724823
62.3790321, -2.0, 19.9993362427
61.3041458, -2.0, 19.9993019104
60.2292633, -2.0, 19.9992713928
59.154377, -2.0, 19.9992446899
58.0794945, -2.0, 19.9992218018
57.0046082, -2.0, 19.9992046356
55.9297218, -2.0, 19.9991893768
54.8548393, -2.0, 19.9991817474
53.779953, -2.0, 19.9991760254
52.7050705, -2.0, 19.9991779327
51.6301842, -2.0, 19.9991855621
50.5552979, -2.0, 19.9991989136
49.4804153, -2.0, 19.9992198944
48.405529, -2.0, 19.9992465973
47.3306465, -2.0, 19.9992809296
46.2557602, -2.0, 19.9993247986
45.1808739, -2.0, 19.999376297
44.1059914, -2.0, 19.9994354248
43.031105, -2.0, 19.9995059967
41.9562225, -2.0, 19.9995861053
40.8813362, -2.0, 19.9996757507
39.8064499, -2.0, 19.9997768402
38.7315674, -2.0, 19.9998912811
37.6566811, -2.0, 20.0000190735
36.5817986, -2.0, 20.0001621246
35.5069122, -2.0, 20.0003223419
34.4320259, -2.0, 20.0005054474
33.3571434, -2.0, 20.0007152557
32.2822571, -2.0, 20.000957489
31.2073727, -2.0, 20.0012226105
30.1324883, -2.0, 20.0015068054
29.0576038, -2.0, 20.0018005371
27.9827194, -2.0, 20.0021076202
26.907835, -2.0, 20.0024280548
25.8329487, -2.0, 20.0027637482
24.7580643, -2.0, 20.0031108856
23.6831799, -2.0, 20.0034751892
22.6082954, -2.0, 20.0038509369
21.533411, -2.0, 20.0042419434
20.4585247, -2.0, 20.0046443939
19.3836403, -2.0, 20.0050621033
18.3087559, -2.0, 20.0054931641
17.2338715, -2.0, 20.0059432983
16.158987, -2.0, 20.0064125061
15.0841017, -2.0, 20.0069084167
14.0092163, -2.0, 20.0074424744
12.9343319, -2.0, 20.0080318451
11.8594475, -2.0, 20.0087013245
10.7845621, -2.0, 20.0094947815
9.7096777, -2.0, 20.0104827881
8.63479233, -2.0, 20.0117778778
7.55990791, -2.0, 20.0135784149
6.48502302, -2.0, 20.016204834
5.41013813, -2.0, 20.0201778412
4.33525324, -2.0, 20.0261306763
3.26036859, -2.0, 20.0340919495
2.18548393, -2.0, 20.0401363373
1.11059904, -2.0, 20.039806366
0.0357142873, -2.0, 20.0315933228
-1.01879704, -2.0, 20.0216693878
-2.07330823, -2.0, 20.0141410828
-3.12781954, -2.0, 20.0103626251
-4.18233061, -2.0, 20.0081329346
-5.23684216, -2.0, 20.006690979
-6.29135323, -2.0, 20.0056800842
-7.34586477, -2.0, 20.0049247742
-8.40037632, -2.0, 20.0043258667
-9.45488739, -2.0, 20.0038299561
-10.5093985, -2.0, 20.0033988953
-11.5639095, -2.0, 20.0030136108
-12.6184206, -2.0, 20.0026550293
-13.6729326, -2.0, 20.0023136139
-14.7274437, -2.0, 20.0019760132
-15.7819548, -2.0, 20.0016345978
-16.8364658, -2.0, 20.0012798309
-17.8909779, -2.0, 20.0009002686
-18.945488, -2.0, 20.0004825592
98.9253082, -3.0, 30.0002307892
97.8506165, -3.0, 30.0004119873
96.7759247, -3.0, 30.0005531311
95.7012253, -3.0, 30.0006580353
94.6265335, -3.0, 30.0007343292
93.5518417, -3.0, 30.000787735
92.47715, -3.0, 30.0008182526
91.4024582, -3.0, 30.0008296967
90.3277664, -3.0, 30.0008239746
89.2530746, -3.0, 30.0008049011
88.1783829, -3.0, 30.0007724762
87.1036835, -3.0, 30.0007266998
86.0289917, -3.0, 30.0006713867
84.9542999, -3.0, 30.0006065369
83.8796082, -3.0, 30.0005340576
82.8049164, -3.0, 30.0004577637
81.7302246, -3.0, 30.0003795624
80.6555328, -3.0, 30.0002994537
79.5808334, -3.0, 30.0002212524
78.5061417, -3.0, 30.0001430511
77.4314499, -3.0, 30.0000648499
76.3567581, -3.0, 29.9999866486
75.2820663, -3.0, 29.9999084473
74.2073746, -3.0, 29.9998321533
73.1326828, -3.0, 29.999753952
72.057991, -3.0, 29.9996795654
70.9832916, -3.0, 29.9996051788
69.9085999, -3.0, 29.9995326996
68.8339081, -3.0, 29.9994621277
67.7592163, -3.0, 29.9993953705
66.6845245, -3.0, 29.9993305206
65.6098328, -3.0, 29.9992675781
64.535141, -3.0, 29.9992084503
63.4604454, -3.0, 29.9991550446
62.3857536, -3.0, 29.9991035461
61.311058, -3.0, 29.9990577698
60.2363663, -3.0, 29.9990158081
59.1616745, -3.0, 29.9989795685
58.0869827, -3.0, 29.9989490509
57.0122871, -3.0, 29.9989261627
55.9375954, -3.0, 29.9989070892
54.8629036, -3.0, 29.9988956451
53.7882118, -3.0, 29.9988918304
52.7135162, -3.0, 29.9988956451
51.6388245, -3.0, 29.9989089966
50.5641327, -3.0, 29.9989299774
49.4894409, -3.0, 29.998960495
48.4147453, -3.0, 29.9990005493
47.3400536, -3.0, 29.9990520477
46.2653618, -3.0, 29.9991149902
45.19067, -3.0, 29.9991912842
44.1159744, -3.0, 29.9992771149
43.0412827, -3.0, 29.9993782043
41.9665909, -3.0, 29.9994926453
40.8918953, -3.0, 29.999622345
39.8172035, -3.0, 29.9997673035
38.7425117, -3.0, 29.9999294281
37.66782, -3.0, 30.0001106262
36.5931244, -3.0, 30.0003108978
35.5184326, -3.0, 30.0005340576
34.4437408, -3.0, 30.0007801056
33.3690491, -3.0, 30.0010566711
32.2943535, -3.0, 30.0013599396
31.2196617, -3.0, 30.0016880035
30.1449699, -3.0, 30.0020389557
29.0702763, -3.0, 30.0024089813
27.9955845, -3.0, 30.0027980804
26.9208908, -3.0, 30.0032043457
25.846199, -3.0, 30.0036277771
24.7715054, -3.0, 30.0040683746
23.6968117, -3.0, 30.004524231
22.6221199, -3.0, 30.0049991608
21.5474262, -3.0, 30.005487442
20.4727345, -3.0, 30.0059928894
19.3980408, -3.0, 30.0065135956
18.323349, -3.0, 30.0070514679
17.2486553, -3.0, 30.0076084137
16.1739635, -3.0, 30.0081882477
15.0992708, -3.0, 30.0087985992
14.0245771, -3.0, 30.0094528198
12.9498844, -3.0, 30.0101661682
11.8751917, -3.0, 30.0109672546
10.800499, -3.0, 30.0118961334
9.72580624, -3.0, 30.0130176544
8.65111351, -3.0, 30.0144309998
7.57642078, -3.0, 30.0162754059
6.50172806, -3.0, 30.0187473297
5.42703533, -3.0, 30.0220470428
4.35234261, -3.0, 30.0261898041
3.27764988, -3.0, 30.030412674
2.20295691, -3.0, 30.0330581665
1.12826419, -3.0, 30.0324001312
0.0535714291, -3.0, 30.0283679962
-1.00187969, -3.0, 30.0227565765
-2.05733085, -3.0, 30.0175952911
-3.112782, -3.0, 30.0137863159
-4.16823292, -3.0, 30.0112285614
-5.22368431, -3.0, 30.009431839
-6.27913523, -3.0, 30.0081062317
-7.33458662, -3.0, 30.0070800781
-8.39003754, -3.0, 30.0062484741
-9.44548893, -3.0, 30.0055446625
-10.5009403, -3.0, 30.0049285889
-11.5563908, -3.0, 30.0043697357
-12.6118422, -3.0, 30.0038471222
-13.6672935, -3.0, 30.0033454895
-14.722744, -3.0, 30.0028495789
-15.7781954, -3.0, 30.0023479462
-16.8336468, -3.0, 30.00182724
-17.8890972, -3.0, 30.0012760162
-18.9445496, -3.0, 30.0006732941
98.925499, -4.0, 40.0002555847
97.8509979, -4.0, 40.0004615784
96.7764969, -4.0, 40.0006256104
95.7019958, -4.0, 40.0007514954
94.6274948, -4.0, 40.0008468628
93.5529938, -4.0, 40.0009117126
92.4784927, -4.0, 40.0009498596
91.4039917, -4.0, 40.0009689331
90.3294907, -4.0, 40.0009651184
89.2549896, -4.0, 40.0009460449
88.1804886, -4.0, 40.0009117126
87.1059875, -4.0, 40.0008621216
86.0314865, -4.0, 40.0008010864
84.9569855, -4.0, 40.0007324219
83.8824921, -4.0, 40.0006523132
82.807991, -4.0, 40.0005645752
81.73349, -4.0, 40.0004768372
80.658989, -4.0, 40.0003814697
79.5844879, -4.0, 40.0002861023
78.5099869, -4.0, 40.0001907349
77.4354858, -4.0, 40.0000953674
76.3609848, -4.0, 40.0
75.2864838, -4.0, 39.9999008179
74.2119827, -4.0, 39.9998054504
73.1374817, -4.0, 39.999710083
72.0629807, -4.0, 39.9996147156
70.9884796, -4.0, 39.9995231628
69.9139786, -4.0, 39.9994316101
68.8394775, -4.0, 39.9993438721
67.7649765, -4.0, 39.9992599487
66.6904755, -4.0, 39.9991798401
65.6159744, -4.0, 39.9991035461
64.5414734, -4.0, 39.9990272522
63.4669724, -4.0, 39.9989624023
62.3924713, -4.0, 39.9988975525
61.3179741, -4.0, 39.998840332
60.2434731, -4.0, 39.998790741
59.168972, -4.0, 39.9987449646
58.094471, -4.0, 39.9987068176
57.0199699, -4.0, 39.9986801147
55.9454689, -4.0, 39.9986572266
54.8709679, -4.0, 39.9986457825
53.7964668, -4.0, 39.9986419678
52.7219658, -4.0, 39.9986495972
51.6474648, -4.0, 39.9986686707
50.5729637, -4.0, 39.9986953735
49.4984627, -4.0, 39.9987373352
48.4239616, -4.0, 39.9987945557
47.3494606, -4.0, 39.9988594055
46.2749634, -4.0, 39.9989433289
45.2004623, -4.0, 39.999042511
44.1259613, -4.0, 39.9991531372
43.0514603, -4.0, 39.9992828369
41.9769592, -4.0, 39.9994316101
40.9024582, -4.0, 39.9995994568
39.8279572, -4.0, 39.999786377
38.7534561, -4.0, 39.9999923706
37.6789551, -4.0, 40.0002212524
36.604454, -4.0, 40.0004768372
35.529953, -4.0, 40.0007553101
34.455452, -4.0, 40.0010604858
33.3809509, -4.0, 40.0013961792
32.3064499, -4.0, 40.0017585754
31.2319508, -4.0, 40.0021476746
30.1574497, -4.0, 40.0025634766
29.0829487, -4.0, 40.0030021667
28.0084476, -4.0, 40.0034637451
26.9339485, -4.0, 40.003944397
25.8594475, -4.0, 40.004447937
24.7849464, -4.0, 40.0049705505
23.7104454, -4.0, 40.0055122375
22.6359444, -4.0, 40.0060691833
21.5614433, -4.0, 40.0066452026
20.4869423, -4.0, 40.0072364807
19.4124432, -4.0, 40.0078468323
18.3379421, -4.0, 40.0084724426
17.2634411, -4.0, 40.0091209412
16.18894, -4.0, 40.0097923279
15.114439, -4.0, 40.0104942322
14.0399389, -4.0, 40.0112380981
12.9654379, -4.0, 40.0120429993
11.8909369, -4.0, 40.012928009
10.8164358, -4.0, 40.0139312744
9.74193573, -4.0, 40.0150985718
8.66743469, -4.0, 40.0165023804
7.59293413, -4.0, 40.0182228088
6.51843309, -4.0, 40.0203399658
5.44393253, -4.0, 40.0228614807
4.3694315, -4.0, 40.0255889893
3.29493093, -4.0, 40.0279769897
2.22043014, -4.0, 40.029209137
1.14592934, -4.0, 40.028629303
0.0714285746, -4.0, 40.026222229
-0.984962404, -4.0, 40.022769928
-2.04135346, -4.0, 40.0191612244
-3.09774446, -4.0, 40.0160331726
-4.15413523, -4.0, 40.0135688782
-5.21052647, -4.0, 40.0116691589
-6.26691723, -4.0, 40.0101776123
-7.32330847, -4.0, 40.0089759827
-8.37969971, -4.0, 40.0079689026
-9.43609047, -4.0, 40.0070991516
-10.4924812, -4.0, 40.0063209534
-11.548872, -4.0, 40.0056114197
-12.6052628, -4.0, 40.004940033
-13.6616545, -4.0, 40.0042915344
-14.7180452, -4.0, 40.0036468506
-15.774436, -4.0, 40.0029983521
-16.8308277, -4.0, 40.0023231506
-17.8872185, -4.0, 40.0016098022
-18.9436092, -4.0, 40.0008430481
98.9256897, -5.0, 50.0002784729
97.8513794, -5.0, 50.00050354
96.7770767, -5.0, 50.0006866455
95.7027664, -5.0, 50.0008277893
94.6284561, -5.0, 50.0009384155
93.5541458, -5.0, 50.0010147095
92.4798355, -5.0, 50.0010643005
91.4055328, -5.0, 50.0010871887
90.3312225, -5.0, 50.0010910034
89.2569122, -5.0, 50.0010719299
88.1826019, -5.0, 50.0010375977
87.1082916, -5.0, 50.0009841919
86.033989, -5.0, 50.000919342
84.9596786, -5.0, 50.0008430481
83.8853683, -5.0, 50.0007553101
82.811058, -5.0, 50.0006637573
81.7367477, -5.0, 50.0005607605
80.6624451, -5.0, 50.0004577637
79.5881348, -5.0, 50.0003471375
78.5138245, -5.0, 50.0002365112
77.4395142, -5.0, 50.000125885
76.3652039, -5.0, 50.0000114441
75.2909012, -5.0, 49.9999008179
74.2165909, -5.0, 49.999786377
73.1422806, -5.0, 49.999671936
72.0679703, -5.0, 49.9995613098
70.99366, -5.0, 49.9994544983
69.9193573, -5.0, 49.9993476868
68.845047, -5.0, 49.9992446899
67.7707367, -5.0, 49.9991416931
66.6964264, -5.0, 49.9990463257
65.6221161, -5.0, 49.9989547729
64.5478134, -5.0, 49.9988708496
63.4735031, -5.0, 49.998790741
62.3991928, -5.0, 49.998714447
61.3248863, -5.0, 49.9986495972
60.250576, -5.0, 49.998588562
59.1762657, -5.0, 49.9985389709
58.1019592, -5.0, 49.9984931946
57.0276489, -5.0, 49.998462677
55.9533424, -5.0, 49.9984359741
54.8790321, -5.0, 49.99842453
53.8047218, -5.0, 49.99842453
52.7304153, -5.0, 49.9984359741
51.656105, -5.0, 49.9984588623
50.5817986, -5.0, 49.9984970093
49.5074883, -5.0, 49.998550415
48.4331779, -5.0, 49.9986152649
47.3588715, -5.0, 49.9986991882
46.2845612, -5.0, 49.9988021851
45.2102547, -5.0, 49.9989204407
44.1359444, -5.0, 49.9990615845
43.0616341, -5.0, 49.9992179871
41.9873276, -5.0, 49.9993972778
40.9130173, -5.0, 49.9995994568
39.8387108, -5.0, 49.9998245239
38.7644005, -5.0, 50.0000762939
37.690094, -5.0, 50.0003509521
36.6157837, -5.0, 50.0006523132
35.5414734, -5.0, 50.0009803772
34.4671669, -5.0, 50.0013389587
33.3928566, -5.0, 50.0017280579
32.3185501, -5.0, 50.0021476746
31.2442398, -5.0, 50.0025939941
30.1699314, -5.0, 50.0030708313
29.095623, -5.0, 50.0035743713
28.0213127, -5.0, 50.0041007996
26.9470043, -5.0, 50.004650116
25.8726959, -5.0, 50.0052223206
24.7983875, -5.0, 50.0058174133
23.7240791, -5.0, 50.0064315796
22.6497688, -5.0, 50.0070648193
21.5754604, -5.0, 50.0077133179
20.501152, -5.0, 50.0083808899
19.4268436, -5.0, 50.0090675354
18.3525352, -5.0, 50.0097694397
17.2782249, -5.0, 50.0104904175
16.2039165, -5.0, 50.0112342834
15.1296082, -5.0, 50.0120048523
14.0552998, -5.0, 50.0128135681
12.9809904, -5.0, 50.0136756897
11.906682, -5.0, 50.0146064758
10.8323736, -5.0, 50.0156326294
9.75806427, -5.0, 50.016784668
8.68375587, -5.0, 50.0181045532
7.609447, -5.0, 50.0196228027
6.53513813, -5.0, 50.0213508606
5.46082926, -5.0, 50.0232162476
4.38652086, -5.0, 50.0250244141
3.31221199, -5.0, 50.0264358521
2.23790312, -5.0, 50.0270271301
1.16359448, -5.0, 50.026512146
0.0892857164, -5.0, 50.0249023438
-0.968045115, -5.0, 50.0225715637
-2.02537584, -5.0, 50.0199623108
-3.08270669, -5.0, 50.0174636841
-4.14003754, -5.0, 50.0152740479
-5.19736862, -5.0, 50.0134353638
-6.25469923, -5.0, 50.0118980408
-7.31202984, -5.0, 50.010597229
-8.36936092, -5.0, 50.009475708
-9.42669201, -5.0, 50.0084762573
-10.4840221, -5.0, 50.0075721741
-11.5413532, -5.0, 50.006729126
-12.5986843, -5.0, 50.0059280396
-13.6560154, -5.0, 50.0051460266
-14.7133455, -5.0, 50.0043716431
-15.7706766, -5.0, 50.0035820007
-16.8280067, -5.0, 50.0027694702
-17.8853378, -5.0, 50.0019111633
-18.9426689, -5.0, 50.000995636
98.9258804, -6.0, 60.0002937317
97.8517685, -6.0, 60.0005378723
96.7776489, -6.0, 60.0007362366
95.7035294, -6.0, 60.0008926392
94.6294174, -6.0, 60.0010147095
93.5552979, -6.0, 60.0011024475
92.4811859, -6.0, 60.001159668
91.4070663, -6.0, 60.0011901855
90.3329468, -6.0, 60.0011978149
89.2588348, -6.0, 60.0011825562
88.1847153, -6.0, 60.0011444092
87.1105957, -6.0, 60.0010948181
86.0364838, -6.0, 60.0010261536
84.9623642, -6.0, 60.0009422302
83.8882523, -6.0, 60.0008506775
82.8141327, -6.0, 60.0007476807
81.7400131, -6.0, 60.0006408691
80.6659012, -6.0, 60.0005264282
79.5917816, -6.0, 60.0004043579
78.517662, -6.0, 60.0002822876
77.4435501, -6.0, 60.0001564026
76.3694305, -6.0, 60.0000267029
75.2953186, -6.0, 59.9999008179
74.221199, -6.0, 59.9997711182
73.1470795, -6.0, 59.9996452332
72.0729675, -6.0, 59.9995193481
70.998848, -6.0, 59.9993934631
69.9247284, -6.0, 59.9992713928
68.8506165, -6.0, 59.9991531372
67.7764969, -6.0, 59.999042511
66.7023773, -6.0, 59.9989318848
65.6282654, -6.0, 59.9988288879
64.5541458, -6.0, 59.9987297058
63.4800301, -6.0, 59.9986381531
62.4059143, -6.0, 59.9985542297
61.3317986, -6.0, 59.9984779358
60.257679, -6.0, 59.9984130859
59.1835632, -6.0, 59.9983558655
58.1094475, -6.0, 59.9983062744
57.0353317, -6.0, 59.9982719421
55.9612122, -6.0, 59.9982452393
54.8870964, -6.0, 59.9982337952
53.8129807, -6.0, 59.9982337952
52.7388649, -6.0, 59.998249054
51.6647453, -6.0, 59.9982795715
50.5906296, -6.0, 59.9983253479
49.5165138, -6.0, 59.9983863831
48.4423981, -6.0, 59.9984703064
47.3682785, -6.0, 59.9985694885
46.2941628, -6.0, 59.9986877441
45.220047, -6.0, 59.9988288879
44.1459312, -6.0, 59.9989891052
43.0718117, -6.0, 59.9991760254
41.9976959, -6.0, 59.9993858337
40.9235802, -6.0, 59.9996185303
39.8494606, -6.0, 59.9998817444
38.7753448, -6.0, 60.0001678467
37.7012291, -6.0, 60.0004844666
36.6271133, -6.0, 60.000831604
35.5529938, -6.0, 60.001209259
34.478878, -6.0, 60.0016136169
33.4047623, -6.0, 60.0020561218
32.3306465, -6.0, 60.0025253296
31.2565289, -6.0, 60.0030250549
30.1824112, -6.0, 60.0035552979
29.1082954, -6.0, 60.0041160583
28.0341778, -6.0, 60.0047035217
26.960062, -6.0, 60.0053138733
25.8859444, -6.0, 60.005947113
24.8118286, -6.0, 60.006603241
23.737711, -6.0, 60.0072822571
22.6635952, -6.0, 60.0079803467
21.5894775, -6.0, 60.0086936951
20.5153618, -6.0, 60.0094261169
19.4412441, -6.0, 60.0101737976
18.3671284, -6.0, 60.0109367371
17.2930107, -6.0, 60.01171875
16.218895, -6.0, 60.0125160217
15.1447773, -6.0, 60.0133399963
14.0706606, -6.0, 60.0141944885
12.9965439, -6.0, 60.0150871277
11.9224272, -6.0, 60.0160331726
10.8483105, -6.0, 60.0170440674
9.77419376, -6.0, 60.0181427002
8.70007706, -6.0, 60.0193443298
7.62595987, -6.0, 60.0206489563
6.55184317, -6.0, 60.0220298767
5.47772646, -6.0, 60.0234069824
4.40360975, -6.0, 60.0246315002
3.32949305, -6.0, 60.0254859924
2.25537634, -6.0, 60.0257530212
1.18125963, -6.0, 60.0252876282
0.107142858, -6.0, 60.0241088867
-0.951127827, -6.0, 60.0224113464
-2.00939846, -6.0, 60.0204353333
-3.06766915, -6.0, 60.0184211731
-4.12593985, -6.0, 60.0165214539
-5.1842103, -6.0, 60.0148124695
-6.24248123, -6.0, 60.0133018494
-7.30075169, -6.0, 60.0119667053
-8.35902214, -6.0, 60.0107688904
-9.41729355, -6.0, 60.0096855164
-10.475564, -6.0, 60.0086784363
-11.5338345, -6.0, 60.0077285767
-12.5921049, -6.0, 60.0068130493
-13.6503763, -6.0, 60.0059165955
-14.7086468, -6.0, 60.0050201416
-15.7669172, -6.0, 60.004108429
-16.8251877, -6.0, 60.0031661987
-17.8834591, -6.0, 60.0021820068
-18.9417286, -6.0, 60.0011291504
98.9260788, -7.0, 70.0003051758
97.85215, -7.0, 70.0005645752
96.7782288, -7.0, 70.0007781982
95.7042999, -7.0, 70.0009460449
94.6303787, -7.0, 70.001083374
93.5564499, -7.0, 70.0011825562
92.4825287, -7.0, 70.0012435913
91.4085999, -7.0, 70.0012817383
90.3346786, -7.0, 70.0012893677
89.2607498, -7.0, 70.0012741089
88.1868286, -7.0, 70.0012435913
87.1128998, -7.0, 70.0011901855
86.0389786, -7.0, 70.001121521
84.9650574, -7.0, 70.0010375977
83.8911285, -7.0, 70.0009384155
82.8172073, -7.0, 70.000831604
81.7432785, -7.0, 70.0007095337
80.6693573, -7.0, 70.0005874634
79.5954285, -7.0, 70.0004577637
78.5215073, -7.0, 70.0003204346
77.4475784, -7.0, 70.0001831055
76.3736572, -7.0, 70.0000457764
75.2997284, -7.0, 69.9999008179
74.2258072, -7.0, 69.9997634888
73.1518784, -7.0, 69.9996185303
72.0779572, -7.0, 69.9994812012
71.0040359, -7.0, 69.9993438721
69.9301071, -7.0, 69.999206543
68.8561859, -7.0, 69.9990768433
67.7822571, -7.0, 69.9989547729
66.7083359, -7.0, 69.9988327026
65.634407, -7.0, 69.9987182617
64.5604858, -7.0, 69.9986114502
63.4865608, -7.0, 69.9985046387
62.4126358, -7.0, 69.9984130859
61.3387108, -7.0, 69.9983291626
60.2647858, -7.0, 69.998260498
59.1908607, -7.0, 69.9981994629
58.1169357, -7.0, 69.9981460571
57.0430107, -7.0, 69.9981079102
55.9690857, -7.0, 69.9980773926
54.8951607, -7.0, 69.9980697632
53.8212357, -7.0, 69.9980697632
52.7473106, -7.0, 69.9980926514
51.6733856, -7.0, 69.9981231689
50.5994606, -7.0, 69.9981765747
49.5255394, -7.0, 69.9982528687
48.4516144, -7.0, 69.9983444214
47.3776894, -7.0, 69.9984588623
46.3037643, -7.0, 69.9985961914
45.2298393, -7.0, 69.9987564087
44.1559143, -7.0, 69.9989395142
43.0819893, -7.0, 69.9991531372
42.0080643, -7.0, 69.9993896484
40.9341393, -7.0, 69.9996566772
39.8602142, -7.0, 69.9999465942
38.7862892, -7.0, 70.0002746582
37.7123642, -7.0, 70.0006256104
36.6384392, -7.0, 70.0010147095
35.564518, -7.0, 70.0014343262
34.490593, -7.0, 70.0018844604
33.4166679, -7.0, 70.0023651123
32.3427429, -7.0, 70.0028839111
31.2688179, -7.0, 70.0034332275
30.1948929, -7.0, 70.0040130615
29.1209679, -7.0, 70.0046234131
28.0470428, -7.0, 70.0052642822
26.9731178, -7.0, 70.0059280396
25.8991928, -7.0, 70.0066223145
24.8252697, -7.0, 70.0073318481
23.7513447, -7.0, 70.00806427
22.6774197, -7.0, 70.0088195801
21.6034946, -7.0, 70.0095901489
20.5295696, -7.0, 70.0103759766
19.4556446, -7.0, 70.011177063
18.3817196, -7.0, 70.0119857788
17.3077965, -7.0, 70.0128173828
16.2338715, -7.0, 70.0136566162
15.1599464, -7.0, 70.0145187378
14.0860214, -7.0, 70.0153961182
13.0120964, -7.0, 70.0162963867
11.9381723, -7.0, 70.0172348022
10.8642473, -7.0, 70.0182189941
9.7903223, -7.0, 70.019241333
8.71639824, -7.0, 70.0203170776
7.64247322, -7.0, 70.0214233398
6.5685482, -7.0, 70.0225219727
5.49462366, -7.0, 70.0235519409
4.42069912, -7.0, 70.0243988037
3.3467741, -7.0, 70.0249252319
2.27284956, -7.0, 70.0250091553
1.19892478, -7.0, 70.0245819092
0.125, -7.0, 70.023651123
-0.934210539, -7.0, 70.0223312378
-1.99342108, -7.0, 70.0207672119
-3.05263162, -7.0, 70.0191040039
-4.11184216, -7.0, 70.0174484253
-5.17105246, -7.0, 70.0158843994
-6.23026323, -7.0, 70.0144348145
-7.28947353, -7.0, 70.0130996704
-8.34868431, -7.0, 70.0118713379
-9.40789509, -7.0, 70.0107269287
-10.4671049, -7.0, 70.0096435547
-11.5263157, -7.0, 70.008605957
-12.5855265, -7.0, 70.0075912476
-13.6447372, -7.0, 70.0065994263
-14.7039471, -7.0, 70.0055923462
-15.7631578, -7.0, 70.0045776367
-16.8223686, -7.0, 70.0035247803
-17.8815784, -7.0, 70.0024185181
-18.9407902, -7.0, 70.0012512207
98.9262695, -8.0, 80.0003204346
97.8525314, -8.0, 80.0005874634
96.778801, -8.0, 80.0008163452
95.7050705, -8.0, 80.0009994507
94.63134, -8.0, 80.0011367798
93.5576019, -8.0, 80.0012435913
92.4838715, -8.0, 80.0013198853
91.410141, -8.0, 80.0013580322
90.3364029, -8.0, 80.001373291
89.2626724, -8.0, 80.0013656616
88.188942, -8.0, 80.0013275146
87.1152039, -8.0, 80.0012741089
86.0414734, -8.0, 80.0012054443
84.9677429, -8.0, 80.0011138916
83.8940125, -8.0, 80.0010147095
82.8202744, -8.0, 80.0009002686
81.7465439, -8.0, 80.0007781982
80.6728134, -8.0, 80.0006408691
79.5990753, -8.0, 80.00050354
78.5253448, -8.0, 80.0003585815
77.4516144, -8.0, 80.000213623
76.3778839, -8.0, 80.0000610352
75.3041458, -8.0, 79.9999084473
74.2304153, -8.0, 79.9997558594
73.1566849, -8.0, 79.9996032715
72.0829468, -8.0, 79.9994506836
71.0092163, -8.0, 79.9993057251
69.9354858, -8.0, 79.9991607666
68.8617477, -8.0, 79.9990158081
67.7880173, -8.0, 79.998878479
66.7142868, -8.0, 79.9987487793
65.6405563, -8.0, 79.9986190796
64.5668182, -8.0, 79.9985046387
63.4930878, -8.0, 79.9983978271
62.4193535, -8.0, 79.998298645
61.345623, -8.0, 79.9982070923
60.2718887, -8.0, 79.9981231689
59.1981583, -8.0, 79.9980545044
58.124424, -8.0, 79.9980010986
57.0506897, -8.0, 79.9979629517
55.9769592, -8.0, 79.9979324341
54.9032249, -8.0, 79.9979248047
53.8294945, -8.0, 79.9979324341
52.7557602, -8.0, 79.9979553223
51.6820259, -8.0, 79.9979934692
50.6082954, -8.0, 79.9980545044
49.5345612, -8.0, 79.9981384277
48.4608307, -8.0, 79.9982452393
47.3870964, -8.0, 79.998374939
46.3133659, -8.0, 79.9985275269
45.2396317, -8.0, 79.9987030029
44.1658974, -8.0, 79.9989089966
43.0921669, -8.0, 79.9991455078
42.0184326, -8.0, 79.9994049072
40.9447021, -8.0, 79.9996948242
39.8709679, -8.0, 80.0000228882
38.7972336, -8.0, 80.0003814697
37.7235031, -8.0, 80.0007705688
36.6497688, -8.0, 80.0011901855
35.5760384, -8.0, 80.0016479492
34.5023041, -8.0, 80.0021362305
33.4285698, -8.0, 80.0026626587
32.3548393, -8.0, 80.0032272339
31.281105, -8.0, 80.0038223267
30.2073727, -8.0, 80.004447937
29.1336403, -8.0, 80.0051040649
28.0599079, -8.0, 80.0057907104
26.9861755, -8.0, 80.0065002441
25.9124432, -8.0, 80.0072402954
24.8387089, -8.0, 80.0080032349
23.7649765, -8.0, 80.0087814331
22.6912441, -8.0, 80.0095825195
21.6175117, -8.0, 80.0103988647
20.5437794, -8.0, 80.0112304688
19.470047, -8.0, 80.0120773315
18.3963127, -8.0, 80.0129318237
17.3225803, -8.0, 80.0137939453
16.248848, -8.0, 80.0146636963
15.1751156, -8.0, 80.0155410767
14.1013823, -8.0, 80.0164337158
13.0276499, -8.0, 80.0173416138
11.9539175, -8.0, 80.0182571411
10.8801842, -8.0, 80.0191955566
9.8064518, -8.0, 80.0201416016
8.73271847, -8.0, 80.0210952759
7.65898609, -8.0, 80.0220336914
6.58525324, -8.0, 80.0229187012
5.51152086, -8.0, 80.0236968994
4.43778801, -8.0, 80.0242843628
3.3640554, -8.0, 80.0246124268
2.29032254, -8.0, 80.0245895386
1.21658981, -8.0, 80.0241851807
0.142857149, -8.0, 80.0234069824
-0.917293251, -8.0, 80.0223312378
-1.97744358, -8.0, 80.0210342407
-3.03759408, -8.0, 80.0196228027
-4.09774446, -8.0, 80.0181655884
-5.15789461, -8.0, 80.0167312622
-6.21804523, -8.0, 80.0153503418
-7.27819538, -8.0, 80.0140457153
-8.33834553, -8.0, 80.012802124
-9.39849663, -8.0, 80.0116119385
-10.4586468, -8.0, 80.0104751587
-11.5187969, -8.0, 80.0093688965
-12.5789471, -8.0, 80.0082778931
-13.6390982, -8.0, 80.007194519
-14.6992483, -8.0, 80.0061035156
-15.7593985, -8.0, 80.0049819946
-16.8195496, -8.0, 80.0038299561
-17.8796997, -8.0, 80.0026321411
-18.9398499, -8.0, 80.0013580322
98.9264603, -9.0, 90.000328064
97.8529205, -9.0, 90.0006103516
96.7793808, -9.0, 90.0008468628
95.7058334, -9.0, 90.0010375977
94.6322937, -9.0, 90.0011901855
93.558754, -9.0, 90.0013046265
92.4852142, -9.0, 90.0013809204
91.4116745, -9.0, 90.0014266968
90.3381348, -9.0, 90.001449585
89.264595, -9.0, 90.0014419556
88.1910553, -9.0, 90.0014038086
87.1175079, -9.0, 90.0013504028
86.0439682, -9.0, 90.0012817383
84.9704285, -9.0, 90.0011901855
83.8968887, -9.0, 90.001083374
82.823349, -9.0, 90.0009689331
81.7498093, -9.0, 90.0008392334
80.6762695, -9.0, 90.0006942749
79.6027298, -9.0, 90.0005493164
78.5291824, -9.0, 90.0003967285
77.4556427, -9.0, 90.0002441406
76.382103, -9.0, 90.0000839233
75.3085632, -9.0, 89.9999160767
74.2350235, -9.0, 89.9997558594
73.1614838, -9.0, 89.9995956421
72.087944, -9.0, 89.9994277954
71.0144043, -9.0, 89.9992675781
69.9408569, -9.0, 89.9991149902
68.8673172, -9.0, 89.9989624023
67.7937775, -9.0, 89.9988174438
66.7202377, -9.0, 89.9986724854
65.646698, -9.0, 89.9985427856
64.5731583, -9.0, 89.9984130859
63.4996147, -9.0, 89.998298645
62.426075, -9.0, 89.9981918335
61.3525352, -9.0, 89.9980926514
60.2789955, -9.0, 89.998008728
59.205452, -9.0, 89.9979400635
58.1319122, -9.0, 89.9978790283
57.0583725, -9.0, 89.9978408813
55.9848328, -9.0, 89.9978103638
54.9112892, -9.0, 89.9978027344
53.8377495, -9.0, 89.9978103638
52.7642097, -9.0, 89.997833252
51.69067, -9.0, 89.9978866577
50.6171265, -9.0, 89.9979553223
49.5435867, -9.0, 89.998046875
48.470047, -9.0, 89.9981613159
47.3965073, -9.0, 89.998298645
46.3229637, -9.0, 89.9984664917
45.249424, -9.0, 89.998664856
44.1758842, -9.0, 89.9988937378
43.1023407, -9.0, 89.9991455078
42.028801, -9.0, 89.9994277954
40.9552612, -9.0, 89.99974823
39.8817215, -9.0, 90.0000991821
38.8081779, -9.0, 90.0004882812
37.7346382, -9.0, 90.0009078979
36.6610985, -9.0, 90.0013580322
35.5875587, -9.0, 90.0018539429
34.5140152, -9.0, 90.0023803711
33.4404755, -9.0, 90.0029449463
32.3669357, -9.0, 90.0035400391
31.2933941, -9.0, 90.0041732788
30.2198544, -9.0, 90.0048446655
29.1463127, -9.0, 90.0055389404
28.072773, -9.0, 90.0062713623
26.9992313, -9.0, 90.0070266724
25.9256916, -9.0, 90.0078048706
24.85215, -9.0, 90.008605957
23.7786102, -9.0, 90.0094299316
22.7050686, -9.0, 90.0102767944
21.6315289, -9.0, 90.0111312866
20.5579872, -9.0, 90.0120010376
19.4844475, -9.0, 90.012878418
18.4109058, -9.0, 90.0137634277
17.3373661, -9.0, 90.0146484375
16.2638245, -9.0, 90.0155410767
15.1902838, -9.0, 90.0164413452
14.1167431, -9.0, 90.0173339844
13.0432024, -9.0, 90.0182266235
11.9696617, -9.0, 90.0191192627
10.896121, -9.0, 90.0200042725
9.82258034, -9.0, 90.0208816528
8.74903965, -9.0, 90.0217285156
7.67549944, -9.0, 90.0225296021
6.60195875, -9.0, 90.0232543945
5.52841759, -9.0, 90.0238494873
4.4548769, -9.0, 90.024269104
3.38133645, -9.0, 90.0244598389
2.30779576, -9.0, 90.0243682861
1.23425496, -9.0, 90.023979187
0.160714284, -9.0, 90.0233001709
-0.900375962, -9.0, 90.0223846436
-1.96146619, -9.0, 90.021270752
-3.0225563, -9.0, 90.02003479
-4.08364677, -9.0, 90.0187301636
-5.14473677, -9.0, 90.0174102783
-6.20582724, -9.0, 90.0160980225
-7.26691723, -9.0, 90.0148162842
-8.3280077, -9.0, 90.0135726929
-9.38909817, -9.0, 90.0123672485
-10.4501877, -9.0, 90.0111846924
-11.5112782, -9.0, 90.0100250244
-12.5723686, -9.0, 90.0088653564
-13.6334591, -9.0, 90.0077133179
-14.6945486, -9.0, 90.0065383911
-15.7556391, -9.0, 90.0053405762
-16.8167286, -9.0, 90.0041046143
-17.8778191, -9.0, 90.0028076172
-18.9389095, -9.0, 90.001449585
98.926651, -10.0, 100.000343323
97.853302, -10.0, 100.00063324
96.779953, -10.0, 100.00087738
95.706604, -10.0, 100.001075745
94.633255, -10.0, 100.001235962
93.559906, -10.0, 100.001350403
92.486557, -10.0, 100.001441956
91.413208, -10.0, 100.001487732
90.339859, -10.0, 100.00151062
89.26651, -10.0, 100.00151062
88.193161, -10.0, 100.001472473
87.119812, -10.0, 100.001419067
86.0464706, -10.0, 100.001350403
84.9731216, -10.0, 100.00125885
83.8997726, -10.0, 100.001144409
82.8264236, -10.0, 100.001022339
81.7530746, -10.0, 100.000892639
80.6797256, -10.0, 100.000747681
79.6063766, -10.0, 100.000595093
78.5330276, -10.0, 100.000434875
77.4596786, -10.0, 100.000267029
76.3863297, -10.0, 100.000099182
75.3129807, -10.0, 99.9999313354
74.2396317, -10.0, 99.9997558594
73.1662827, -10.0, 99.9995880127
72.0929337, -10.0, 99.9994125366
71.0195847, -10.0, 99.9992446899
69.9462357, -10.0, 99.9990768433
68.8728867, -10.0, 99.998916626
67.7995377, -10.0, 99.9987640381
66.7261887, -10.0, 99.9986114502
65.6528397, -10.0, 99.9984741211
64.5794907, -10.0, 99.998336792
63.5061455, -10.0, 99.9982147217
62.4327965, -10.0, 99.9981002808
61.3594475, -10.0, 99.9980010986
60.2860985, -10.0, 99.9979095459
59.2127495, -10.0, 99.9978408813
58.1394005, -10.0, 99.9977798462
57.0660515, -10.0, 99.9977340698
55.9927025, -10.0, 99.9977035522
54.9193535, -10.0, 99.9976959229
53.8460045, -10.0, 99.9977035522
52.7726593, -10.0, 99.9977340698
51.6993103, -10.0, 99.9977874756
50.6259613, -10.0, 99.9978637695
49.5526123, -10.0, 99.9979705811
48.4792633, -10.0, 99.9980926514
47.4059143, -10.0, 99.9982452393
46.3325653, -10.0, 99.9984283447
45.2592163, -10.0, 99.9986419678
44.1858673, -10.0, 99.998878479
43.1125183, -10.0, 99.9991531372
42.0391693, -10.0, 99.999458313
40.9658203, -10.0, 99.9998016357
39.8924713, -10.0, 100.000175476
38.8191261, -10.0, 100.000587463
37.7457771, -10.0, 100.001037598
36.6724281, -10.0, 100.001525879
35.5990791, -10.0, 100.002044678
34.5257301, -10.0, 100.002609253
33.4523811, -10.0, 100.003204346
32.3790321, -10.0, 100.003837585
31.3056831, -10.0, 100.004501343
30.2323341, -10.0, 100.005203247
29.158987, -10.0, 100.005943298
28.085638, -10.0, 100.006706238
27.012289, -10.0, 100.007499695
25.93894, -10.0, 100.00831604
24.865591, -10.0, 100.009155273
23.7922421, -10.0, 100.010017395
22.718895, -10.0, 100.010894775
21.645546, -10.0, 100.011787415
20.572197, -10.0, 100.012680054
19.498848, -10.0, 100.013587952
18.425499, -10.0, 100.01449585
17.35215, -10.0, 100.015411377
16.278801, -10.0, 100.016311646
15.2054529, -10.0, 100.017211914
14.1321049, -10.0, 100.018104553
13.0587559, -10.0, 100.018989563
11.9854069, -10.0, 100.019851685
10.9120588, -10.0, 100.020690918
9.83870983, -10.0, 100.021492004
8.76536083, -10.0, 100.022254944
7.69201231, -10.0, 100.022949219
6.61866379, -10.0, 100.023544312
5.54531479, -10.0, 100.024009705
4.47196627, -10.0, 100.02431488
3.39861751, -10.0, 100.024414062
2.32526875, -10.0, 100.024276733
1.2519201, -10.0, 100.023902893
0.178571433, -10.0, 100.023284912
-0.883458674, -10.0, 100.022468567
-1.94548869, -10.0, 100.021484375
-3.00751877, -10.0, 100.020378113
-4.06954908, -10.0, 100.019187927
-5.13157892, -10.0, 100.017951965
-6.19360924, -10.0, 100.016700745
-7.25563908, -10.0, 100.015457153
-8.31766891, -10.0, 100.014221191
-9.37969971, -10.0, 100.013000488
-10.4417295, -10.0, 100.011787415
-11.5037594, -10.0, 100.01058197
-12.5657892, -10.0, 100.009376526
-13.62782, -10.0, 100.008155823
-14.6898499, -10.0, 100.006919861
-15.7518797, -10.0, 100.005653381
-16.8139095, -10.0, 100.004341125
-17.8759403, -10.0, 100.002967834
-18.9379692, -10.0, 100.001525879
98.9268417, -11.0, 110.000350952
97.8536835, -11.0, 110.000648499
96.7805328, -11.0, 110.000900269
95.7073746, -11.0, 110.001106262
94.6342163, -11.0, 110.001274109
93.561058, -11.0, 110.001396179
92.4878998, -11.0, 110.001487732
91.4147491, -11.0, 110.001548767
90.3415909, -11.0, 110.001571655
89.2684326, -11.0, 110.001571655
88.1952744, -11.0, 110.001541138
87.1221161, -11.0, 110.001487732
86.0489655, -11.0, 110.001411438
84.9758072, -11.0, 110.001319885
83.9026489, -11.0, 110.001205444
82.8294907, -11.0, 110.001083374
81.75634, -11.0, 110.000938416
80.6831818, -11.0, 110.000793457
79.6100235, -11.0, 110.00063324
78.5368652, -11.0, 110.000465393
77.463707, -11.0, 110.000297546
76.3905563, -11.0, 110.00012207
75.3173981, -11.0, 109.999938965
74.2442398, -11.0, 109.999763489
73.1710815, -11.0, 109.999580383
72.0979233, -11.0, 109.999404907
71.0247726, -11.0, 109.999229431
69.9516144, -11.0, 109.999053955
68.8784561, -11.0, 109.998886108
67.8052979, -11.0, 109.998718262
66.7321396, -11.0, 109.998565674
65.658989, -11.0, 109.998413086
64.5858307, -11.0, 109.998275757
63.5126724, -11.0, 109.998146057
62.439518, -11.0, 109.998031616
61.3663597, -11.0, 109.997924805
60.2932014, -11.0, 109.997833252
59.220047, -11.0, 109.997749329
58.1468887, -11.0, 109.997688293
57.0737343, -11.0, 109.997642517
56.000576, -11.0, 109.997619629
54.9274178, -11.0, 109.997612
53.8542633, -11.0, 109.997619629
52.781105, -11.0, 109.997657776
51.7079506, -11.0, 109.997711182
50.6347923, -11.0, 109.997795105
49.5616341, -11.0, 109.997901917
48.4884796, -11.0, 109.998039246
47.4153214, -11.0, 109.998199463
46.3421669, -11.0, 109.998397827
45.2690086, -11.0, 109.99861908
44.1958542, -11.0, 109.998878479
43.1226959, -11.0, 109.999168396
42.0495377, -11.0, 109.99949646
40.9763832, -11.0, 109.999855042
39.9032249, -11.0, 110.00025177
38.8300705, -11.0, 110.000686646
37.7569122, -11.0, 110.001159668
36.683754, -11.0, 110.001670837
35.6105995, -11.0, 110.002220154
34.5374413, -11.0, 110.002815247
33.4642868, -11.0, 110.003440857
32.3911285, -11.0, 110.004104614
31.3179722, -11.0, 110.004798889
30.2448158, -11.0, 110.005531311
29.1716595, -11.0, 110.00630188
28.0985031, -11.0, 110.007095337
27.0253448, -11.0, 110.007926941
25.9521885, -11.0, 110.008773804
24.8790321, -11.0, 110.009643555
23.8058758, -11.0, 110.010536194
22.7327194, -11.0, 110.011444092
21.6595631, -11.0, 110.012359619
20.5864048, -11.0, 110.013282776
19.5132484, -11.0, 110.014213562
18.4400921, -11.0, 110.015144348
17.3669357, -11.0, 110.016067505
16.2937794, -11.0, 110.016983032
15.2206221, -11.0, 110.017883301
14.1474657, -11.0, 110.018768311
13.0743084, -11.0, 110.019630432
12.001152, -11.0, 110.020469666
10.9279957, -11.0, 110.021263123
9.85483837, -11.0, 110.022010803
8.78168201, -11.0, 110.022697449
7.70852518, -11.0, 110.023300171
6.63536882, -11.0, 110.023803711
5.56221199, -11.0, 110.024177551
4.48905516, -11.0, 110.024391174
3.41589856, -11.0, 110.024429321
2.34274197, -11.0, 110.024269104
1.26958525, -11.0, 110.023895264
0.196428567, -11.0, 110.023330688
-0.866541326, -11.0, 110.022583008
-1.92951131, -11.0, 110.021682739
-2.99248123, -11.0, 110.02066803
-4.05545092, -11.0, 110.019561768
-5.11842108, -11.0, 110.01839447
-6.18139076, -11.0, 110.017196655
-7.24436092, -11.0, 110.015975952
-8.30733109, -11.0, 110.014755249
-9.37030029, -11.0, 110.013519287
-10.4332705, -11.0, 110.012290955
-11.4962406, -11.0, 110.011054993
-12.5592108, -11.0, 110.009803772
-13.62218, -11.0, 110.008537292
-14.6851501, -11.0, 110.007240295
-15.7481203, -11.0, 110.005912781
-16.8110905, -11.0, 110.00453186
-17.8740597, -11.0, 110.003097534
-18.9370308, -11.0, 110.001594543
98.9270325, -12.0, 120.000358582
97.8540726, -12.0, 120.000663757
96.781105, -12.0, 120.000923157
95.7081375, -12.0, 120.00113678
94.6351776, -12.0, 120.001304626
93.5622101, -12.0, 120.001441956
92.4892502, -12.0, 120.001533508
91.4162827, -12.0, 120.001594543
90.3433151, -12.0, 120.001625061
89.2703552, -12.0, 120.001625061
88.1973877, -12.0, 120.001594543
87.1244202, -12.0, 120.001541138
86.0514603, -12.0, 120.001464844
84.9784927, -12.0, 120.001373291
83.9055328, -12.0, 120.00125885
82.8325653, -12.0, 120.00112915
81.7595978, -12.0, 120.000991821
80.6866379, -12.0, 120.000831604
79.6136703, -12.0, 120.000671387
78.5407028, -12.0, 120.00050354
77.4677429, -12.0, 120.000320435
76.3947754, -12.0, 120.000144958
75.3218155, -12.0, 119.999954224
74.248848, -12.0, 119.999771118
73.1758804, -12.0, 119.999580383
72.1029205, -12.0, 119.999397278
71.029953, -12.0, 119.999214172
69.9569855, -12.0, 119.999031067
68.8840256, -12.0, 119.998855591
67.811058, -12.0, 119.998687744
66.7380981, -12.0, 119.998527527
65.6651306, -12.0, 119.99836731
64.5921631, -12.0, 119.998222351
63.5191994, -12.0, 119.998092651
62.4462357, -12.0, 119.997970581
61.3732719, -12.0, 119.99785614
60.3003082, -12.0, 119.997764587
59.2273407, -12.0, 119.997680664
58.154377, -12.0, 119.997619629
57.0814133, -12.0, 119.997573853
56.0084496, -12.0, 119.997543335
54.935482, -12.0, 119.997535706
53.8625183, -12.0, 119.997550964
52.7895546, -12.0, 119.997589111
51.7165909, -12.0, 119.997650146
50.6436234, -12.0, 119.99773407
49.5706596, -12.0, 119.997848511
48.4976959, -12.0, 119.997993469
47.4247322, -12.0, 119.998168945
46.3517647, -12.0, 119.998374939
45.278801, -12.0, 119.99861145
44.2058372, -12.0, 119.998878479
43.1328735, -12.0, 119.999183655
42.059906, -12.0, 119.999526978
40.9869423, -12.0, 119.999908447
39.9139786, -12.0, 120.000320435
38.8410149, -12.0, 120.000778198
37.7680473, -12.0, 120.001274109
36.6950836, -12.0, 120.001808167
35.6221199, -12.0, 120.002380371
34.5491562, -12.0, 120.002998352
33.4761887, -12.0, 120.003646851
32.4032249, -12.0, 120.004341125
31.3302612, -12.0, 120.005065918
30.2572956, -12.0, 120.005828857
29.1843319, -12.0, 120.006622314
28.1113663, -12.0, 120.007446289
27.0384026, -12.0, 120.008300781
25.9654369, -12.0, 120.009178162
24.8924732, -12.0, 120.01007843
23.8195076, -12.0, 120.010993958
22.7465439, -12.0, 120.011924744
21.6735783, -12.0, 120.012863159
20.6006145, -12.0, 120.013809204
19.5276489, -12.0, 120.014762878
18.4546852, -12.0, 120.015701294
17.3817196, -12.0, 120.016639709
16.3087559, -12.0, 120.017555237
15.2357912, -12.0, 120.018463135
14.1628265, -12.0, 120.019332886
13.0898619, -12.0, 120.020179749
12.0168972, -12.0, 120.020988464
10.9439325, -12.0, 120.021743774
9.87096786, -12.0, 120.022445679
8.7980032, -12.0, 120.023071289
7.72503853, -12.0, 120.023605347
6.65207386, -12.0, 120.024040222
5.57910919, -12.0, 120.024337769
4.50614452, -12.0, 120.024497986
3.43317962, -12.0, 120.024490356
2.36021495, -12.0, 120.024299622
1.2872504, -12.0, 120.02394104
0.214285716, -12.0, 120.023399353
-0.849624038, -12.0, 120.022705078
-1.91353381, -12.0, 120.021865845
-2.9774437, -12.0, 120.02091217
-4.04135323, -12.0, 120.019874573
-5.10526323, -12.0, 120.018760681
-6.16917276, -12.0, 120.017601013
-7.23308277, -12.0, 120.016410828
-8.2969923, -12.0, 120.015190125
-9.36090183, -12.0, 120.013954163
-10.4248123, -12.0, 120.012710571
-11.4887218, -12.0, 120.011444092
-12.5526314, -12.0, 120.010154724
-13.6165409, -12.0, 120.008850098
-14.6804514, -12.0, 120.007507324
-15.7443609, -12.0, 120.006126404
-16.8082714, -12.0, 120.004699707
-17.8721809, -12.0, 120.003211975
-18.9360905, -12.0, 120.001647949
98.9272308, -13.0, 130.000366211
97.854454, -13.0, 130.000671387
96.7816849, -13.0, 130.000946045
95.7089081, -13.0, 130.001159668
94.6361389, -13.0, 130.001342773
93.5633621, -13.0, 130.001480103
92.490593, -13.0, 130.001571655
91.4178162, -13.0, 130.00163269
90.345047, -13.0, 130.001678467
89.2722702, -13.0, 130.001678467
88.199501, -13.0, 130.001647949
87.1267319, -13.0, 130.001586914
86.0539551, -13.0, 130.00151062
84.9811859, -13.0, 130.001419067
83.9084091, -13.0, 130.001312256
82.83564, -13.0, 130.001174927
81.7628632, -13.0, 130.001037598
80.690094, -13.0, 130.000869751
79.6173172, -13.0, 130.000701904
78.544548, -13.0, 130.000534058
77.4717712, -13.0, 130.000350952
76.3990021, -13.0, 130.000167847
75.3262253, -13.0, 129.999969482
74.2534561, -13.0, 129.999771118
73.180687, -13.0, 129.999588013
72.1079102, -13.0, 129.999389648
71.035141, -13.0, 129.999206543
69.9623642, -13.0, 129.999023438
68.889595, -13.0, 129.998840332
67.8168182, -13.0, 129.998657227
66.7440491, -13.0, 129.99848938
65.6712723, -13.0, 129.998336792
64.5985031, -13.0, 129.998184204
63.5257301, -13.0, 129.998046875
62.4529572, -13.0, 129.997909546
61.3801842, -13.0, 129.997802734
60.3074112, -13.0, 129.997711182
59.2346382, -13.0, 129.997619629
58.1618652, -13.0, 129.997558594
57.0890923, -13.0, 129.997512817
56.0163193, -13.0, 129.9974823
54.9435501, -13.0, 129.9974823
53.8707771, -13.0, 129.997497559
52.7980042, -13.0, 129.997528076
51.7252312, -13.0, 129.997589111
50.6524582, -13.0, 129.997695923
49.5796852, -13.0, 129.997802734
48.5069122, -13.0, 129.997955322
47.4341393, -13.0, 129.998138428
46.3613663, -13.0, 129.998352051
45.2885933, -13.0, 129.998596191
44.2158203, -13.0, 129.998886108
43.1430473, -13.0, 129.999206543
42.0702782, -13.0, 129.999557495
40.9975052, -13.0, 129.999954224
39.9247322, -13.0, 130.00038147
38.8519592, -13.0, 130.000854492
37.7791862, -13.0, 130.001373291
36.7064133, -13.0, 130.001922607
35.6336403, -13.0, 130.0025177
34.5608673, -13.0, 130.003158569
33.4880943, -13.0, 130.003829956
32.4153214, -13.0, 130.004547119
31.3425503, -13.0, 130.0052948
30.2697773, -13.0, 130.006088257
29.1970043, -13.0, 130.006896973
28.1242313, -13.0, 130.007751465
27.0514584, -13.0, 130.008621216
25.9786873, -13.0, 130.009521484
24.9059143, -13.0, 130.010452271
23.8331413, -13.0, 130.011398315
22.7603683, -13.0, 130.01234436
21.6875954, -13.0, 130.013305664
20.6148243, -13.0, 130.014266968
19.5420513, -13.0, 130.015228271
18.4692783, -13.0, 130.016189575
17.3965054, -13.0, 130.017120361
16.3237324, -13.0, 130.018051147
15.2509604, -13.0, 130.018951416
14.1781874, -13.0, 130.019821167
13.1054144, -13.0, 130.020645142
12.0326424, -13.0, 130.02142334
10.9598694, -13.0, 130.022155762
9.88709641, -13.0, 130.02281189
8.81432438, -13.0, 130.023391724
7.7415514, -13.0, 130.023864746
6.6687789, -13.0, 130.024246216
5.59600592, -13.0, 130.024490356
4.52323341, -13.0, 130.024612427
3.45046091, -13.0, 130.02456665
2.37768817, -13.0, 130.024368286
1.30491555, -13.0, 130.024002075
0.232142851, -13.0, 130.023483276
-0.832706749, -13.0, 130.022827148
-1.89755642, -13.0, 130.022033691
-2.96240592, -13.0, 130.021133423
-4.02725554, -13.0, 130.020126343
-5.09210539, -13.0, 130.019058228
-6.15695477, -13.0, 130.017929077
-7.22180462, -13.0, 130.01675415
-8.28665447, -13.0, 130.015548706
-9.35150337, -13.0, 130.014312744
-10.4163532, -13.0, 130.013046265
-11.4812031, -13.0, 130.011764526
-12.5460529, -13.0, 130.010452271
-13.6109018, -13.0, 130.009109497
-14.6757517, -13.0, 130.007736206
-15.7406015, -13.0, 130.00630188
-16.8054504, -13.0, 130.004837036
-17.8703003, -13.0, 130.003295898
-18.9351501, -13.0, 130.001693726
98.9274216, -14.0, 140.000366211
97.8548355, -14.0, 140.000686646
96.7822571, -14.0, 140.000961304
95.7096786, -14.0, 140.001190186
94.6371002, -14.0, 140.001373291
93.5645142, -14.0, 140.00151062
92.4919357, -14.0, 140.001617432
91.4193573, -14.0, 140.001678467
90.3467712, -14.0, 140.001708984
89.2741928, -14.0, 140.001708984
88.2016144, -14.0, 140.001693726
87.1290359, -14.0, 140.00163269
86.0564499, -14.0, 140.001556396
84.9838715, -14.0, 140.001464844
83.911293, -14.0, 140.001342773
82.838707, -14.0, 140.001220703
81.7661285, -14.0, 140.001068115
80.6935501, -14.0, 140.000915527
79.6209641, -14.0, 140.000732422
78.5483856, -14.0, 140.000564575
77.4758072, -14.0, 140.000366211
76.4032288, -14.0, 140.000183105
75.3306427, -14.0, 139.999984741
74.2580643, -14.0, 139.999786377
73.1854858, -14.0, 139.999588013
72.1128998, -14.0, 139.999389648
71.0403214, -14.0, 139.999191284
69.9677429, -14.0, 139.999008179
68.8951645, -14.0, 139.998825073
67.8225784, -14.0, 139.998641968
66.75, -14.0, 139.998474121
65.6774216, -14.0, 139.998306274
64.6048355, -14.0, 139.998153687
63.5322571, -14.0, 139.998001099
62.4596786, -14.0, 139.997879028
61.3870964, -14.0, 139.997756958
60.314518, -14.0, 139.997665405
59.2419357, -14.0, 139.997573853
58.1693535, -14.0, 139.997512817
57.0967751, -14.0, 139.997451782
56.0241928, -14.0, 139.997436523
54.9516144, -14.0, 139.997421265
53.8790321, -14.0, 139.997436523
52.8064499, -14.0, 139.9974823
51.7338715, -14.0, 139.997558594
50.6612892, -14.0, 139.997650146
49.5887108, -14.0, 139.997772217
48.5161285, -14.0, 139.997924805
47.4435501, -14.0, 139.998123169
46.3709679, -14.0, 139.998336792
45.2983856, -14.0, 139.998596191
44.2258072, -14.0, 139.998886108
43.1532249, -14.0, 139.999221802
42.0806465, -14.0, 139.999588013
41.0080643, -14.0, 140.0
39.935482, -14.0, 140.000442505
38.8629036, -14.0, 140.000930786
37.7903214, -14.0, 140.001464844
36.7177429, -14.0, 140.002029419
35.6451607, -14.0, 140.002639771
34.5725822, -14.0, 140.003295898
33.5, -14.0, 140.003997803
32.4274178, -14.0, 140.004730225
31.3548393, -14.0, 140.005493164
30.282259, -14.0, 140.00630188
29.2096767, -14.0, 140.007141113
28.1370964, -14.0, 140.008010864
27.0645161, -14.0, 140.008911133
25.9919357, -14.0, 140.00982666
24.9193554, -14.0, 140.010772705
23.8467751, -14.0, 140.011734009
22.7741928, -14.0, 140.012695312
21.7016125, -14.0, 140.013671875
20.6290321, -14.0, 140.014648438
19.5564518, -14.0, 140.015625
18.4838715, -14.0, 140.016586304
17.4112911, -14.0, 140.017532349
16.3387089, -14.0, 140.018463135
15.2661295, -14.0, 140.019363403
14.1935482, -14.0, 140.020217896
13.1209679, -14.0, 140.021026611
12.0483875, -14.0, 140.021789551
10.9758062, -14.0, 140.022491455
9.9032259, -14.0, 140.023117065
8.83064556, -14.0, 140.023651123
7.75806475, -14.0, 140.024093628
6.68548393, -14.0, 140.024429321
5.61290312, -14.0, 140.024642944
4.54032278, -14.0, 140.024719238
3.46774197, -14.0, 140.024658203
2.39516139, -14.0, 140.02444458
1.3225807, -14.0, 140.024078369
0.25, -14.0, 140.023574829
-0.815789461, -14.0, 140.02293396
-1.88157892, -14.0, 140.022186279
-2.94736838, -14.0, 140.021316528
-4.01315784, -14.0, 140.020339966
-5.07894754, -14.0, 140.019302368
-6.14473677, -14.0, 140.018203735
-7.21052647, -14.0, 140.017044067
-8.27631569, -14.0, 140.015838623
-9.34210491, -14.0, 140.014602661
-10.4078951, -14.0, 140.013320923
-11.4736843, -14.0, 140.012023926
-12.5394735, -14.0, 140.010681152
-13.6052628, -14.0, 140.00932312
-14.6710529, -14.0, 140.007904053
-15.7368422, -14.0, 140.006454468
-16.8026314, -14.0, 140.004943848
-17.8684216, -14.0, 140.003372192
-18.9342098, -14.0, 140.001724243
98.9276123, -15.0, 150.00038147
97.8552246, -15.0, 150.000701904
96.7828369, -15.0, 150.000976562
95.7104492, -15.0, 150.001205444
94.6380539, -15.0, 150.00138855
93.5656662, -15.0, 150.001541138
92.4932785, -15.0, 150.001647949
91.4208908, -15.0, 150.001708984
90.3485031, -15.0, 150.001754761
89.2761154, -15.0, 150.001754761
88.2037277, -15.0, 150.001724243
87.13134, -15.0, 150.001678467
86.0589447, -15.0, 150.001602173
84.986557, -15.0, 150.00151062
83.9141693, -15.0, 150.00138855
82.8417816, -15.0, 150.001251221
81.7693939, -15.0, 150.001098633
80.6970062, -15.0, 150.000946045
79.6246185, -15.0, 150.000762939
78.5522308, -15.0, 150.000579834
77.4798355, -15.0, 150.000396729
76.4074478, -15.0, 150.000198364
75.3350601, -15.0, 150.0
74.2626724, -15.0, 149.999801636
73.1902847, -15.0, 149.999603271
72.117897, -15.0, 149.999389648
71.0455093, -15.0, 149.999191284
69.9731216, -15.0, 149.999008179
68.9007263, -15.0, 149.998809814
67.8283386, -15.0, 149.998626709
66.7559509, -15.0, 149.998443604
65.6835632, -15.0, 149.998275757
64.6111755, -15.0, 149.998123169
63.5387878, -15.0, 149.99798584
62.4663963, -15.0, 149.997848511
61.3940086, -15.0, 149.99772644
60.3216209, -15.0, 149.997619629
59.2492332, -15.0, 149.997543335
58.1768417, -15.0, 149.997467041
57.104454, -15.0, 149.997421265
56.0320663, -15.0, 149.997390747
54.9596786, -15.0, 149.997390747
53.8872871, -15.0, 149.997406006
52.8148994, -15.0, 149.997451782
51.7425117, -15.0, 149.997512817
50.6701241, -15.0, 149.997619629
49.5977325, -15.0, 149.997741699
48.5253448, -15.0, 149.997909546
47.4529572, -15.0, 149.99810791
46.3805695, -15.0, 149.998336792
45.3081779, -15.0, 149.998596191
44.2357903, -15.0, 149.998901367
43.1634026, -15.0, 149.999237061
42.0910149, -15.0, 149.99961853
41.0186234, -15.0, 150.000030518
39.9462357, -15.0, 150.000488281
38.873848, -15.0, 150.000991821
37.8014603, -15.0, 150.001525879
36.7290688, -15.0, 150.002120972
35.6566811, -15.0, 150.002746582
34.5842934, -15.0, 150.003417969
33.5119057, -15.0, 150.004119873
32.439518, -15.0, 150.004867554
31.3671284, -15.0, 150.005661011
30.2947388, -15.0, 150.006484985
29.2223511, -15.0, 150.007339478
28.1499615, -15.0, 150.008224487
27.0775738, -15.0, 150.009140015
26.0051842, -15.0, 150.010070801
24.9327965, -15.0, 150.011032104
23.8604069, -15.0, 150.012008667
22.7880192, -15.0, 150.012985229
21.7156296, -15.0, 150.013977051
20.6432419, -15.0, 150.014968872
19.5708523, -15.0, 150.015960693
18.4984646, -15.0, 150.016921997
17.426075, -15.0, 150.017883301
16.3536873, -15.0, 150.018798828
15.2812977, -15.0, 150.019699097
14.208909, -15.0, 150.020553589
13.1365204, -15.0, 150.021347046
12.0641317, -15.0, 150.022094727
10.9917431, -15.0, 150.022766113
9.91935444, -15.0, 150.023376465
8.84696579, -15.0, 150.023880005
7.77457762, -15.0, 150.024291992
6.70218897, -15.0, 150.024597168
5.62980032, -15.0, 150.024780273
4.55741167, -15.0, 150.02482605
3.48502302, -15.0, 150.024749756
2.41263437, -15.0, 150.024520874
1.34024572, -15.0, 150.024169922
0.267857134, -15.0, 150.023666382
-0.798872173, -15.0, 150.023040771
-1.86560154, -15.0, 150.02230835
-2.93233085, -15.0, 150.021453857
-3.99906015, -15.0, 150.020523071
-5.0657897, -15.0, 150.019500732
-6.13251877, -15.0, 150.018417358
-7.19924831, -15.0, 150.01725769
-8.26597786, -15.0, 150.016067505
-9.33270645, -15.0, 150.014831543
-10.399436, -15.0, 150.013549805
-11.4661655, -15.0, 150.01222229
-12.5328951, -15.0, 150.010879517
-13.5996237, -15.0, 150.009475708
-14.6663532, -15.0, 150.008041382
-15.7330828, -15.0, 150.006561279
-16.7998123, -15.0, 150.005020142
-17.8665409, -15.0, 150.003417969
-18.9332714, -15.0, 150.001754761
98.927803, -16.0, 160.00038147
97.8556061, -16.0, 160.000717163
96.7834091, -16.0, 160.000991821
95.7112122, -16.0, 160.001220703
94.6390152, -16.0, 160.001419067
93.5668182, -16.0, 160.001571655
92.4946213, -16.0, 160.001678467
91.4224243, -16.0, 160.001739502
90.3502274, -16.0, 160.001785278
89.2780304, -16.0, 160.001785278
88.2058334, -16.0, 160.00177002
87.1336441, -16.0, 160.001708984
86.0614471, -16.0, 160.00163269
84.9892502, -16.0, 160.001541138
83.9170532, -16.0, 160.001419067
82.8448563, -16.0, 160.001281738
81.7726593, -16.0, 160.00112915
80.7004623, -16.0, 160.000976562
79.6282654, -16.0, 160.000793457
78.5560684, -16.0, 160.000610352
77.4838715, -16.0, 160.000411987
76.4116745, -16.0, 160.000213623
75.3394775, -16.0, 160.000015259
74.2672806, -16.0, 159.999816895
73.1950836, -16.0, 159.999603271
72.1228867, -16.0, 159.999404907
71.0506897, -16.0, 159.999191284
69.9784927, -16.0, 159.99899292
68.9062958, -16.0, 159.998809814
67.8340988, -16.0, 159.99861145
66.7619019, -16.0, 159.998443604
65.6897049, -16.0, 159.998260498
64.6175079, -16.0, 159.99810791
63.5453148, -16.0, 159.997955322
62.4731178, -16.0, 159.997817993
61.4009209, -16.0, 159.997695923
60.3287239, -16.0, 159.997589111
59.2565269, -16.0, 159.997512817
58.18433, -16.0, 159.997436523
57.1121368, -16.0, 159.997390747
56.0399399, -16.0, 159.997360229
54.9677429, -16.0, 159.997360229
53.895546, -16.0, 159.997375488
52.823349, -16.0, 159.997421265
51.751152, -16.0, 159.997497559
50.6789551, -16.0, 159.997589111
49.6067581, -16.0, 159.99772644
48.5345612, -16.0, 159.997894287
47.4623642, -16.0, 159.998092651
46.3901672, -16.0, 159.998321533
45.3179741, -16.0, 159.998596191
44.2457771, -16.0, 159.998901367
43.1735802, -16.0, 159.999252319
42.1013832, -16.0, 159.999633789
41.0291862, -16.0, 160.000061035
39.9569893, -16.0, 160.000518799
38.8847923, -16.0, 160.001037598
37.8125954, -16.0, 160.001586914
36.7403984, -16.0, 160.002182007
35.6682014, -16.0, 160.002822876
34.5960045, -16.0, 160.003509521
33.5238113, -16.0, 160.004226685
32.4516144, -16.0, 160.004989624
31.3794155, -16.0, 160.005783081
30.3072205, -16.0, 160.006622314
29.2350235, -16.0, 160.007492065
28.1628265, -16.0, 160.008392334
27.0906296, -16.0, 160.00932312
26.0184326, -16.0, 160.010269165
24.9462357, -16.0, 160.011245728
23.8740406, -16.0, 160.012237549
22.8018436, -16.0, 160.01322937
21.7296467, -16.0, 160.014221191
20.6574497, -16.0, 160.015228271
19.5852528, -16.0, 160.016220093
18.5130577, -16.0, 160.017196655
17.4408607, -16.0, 160.0181427
16.3686638, -16.0, 160.019073486
15.2964668, -16.0, 160.019958496
14.2242708, -16.0, 160.020812988
13.1520739, -16.0, 160.021606445
12.0798769, -16.0, 160.022338867
11.0076809, -16.0, 160.022994995
9.93548393, -16.0, 160.023574829
8.86328697, -16.0, 160.02406311
7.79109049, -16.0, 160.024459839
6.718894, -16.0, 160.024734497
5.64669752, -16.0, 160.024887085
4.57450056, -16.0, 160.024932861
3.50230408, -16.0, 160.02482605
2.43010759, -16.0, 160.024612427
1.35791087, -16.0, 160.024246216
0.285714298, -16.0, 160.023757935
-0.781954885, -16.0, 160.023147583
-1.84962404, -16.0, 160.022415161
-2.91729331, -16.0, 160.021591187
-3.98496246, -16.0, 160.0206604
-5.05263138, -16.0, 160.01965332
-6.12030077, -16.0, 160.018569946
-7.18797016, -16.0, 160.017440796
-8.25563908, -16.0, 160.016235352
-9.32330799, -16.0, 160.01499939
-10.3909779, -16.0, 160.013717651
-11.4586468, -16.0, 160.012390137
-12.5263157, -16.0, 160.011016846
-13.5939846, -16.0, 160.009597778
-14.6616545, -16.0, 160.008148193
-15.7293234, -16.0, 160.006637573
-16.7969933, -16.0, 160.005081177
-17.8646622, -16.0, 160.003463745
-18.9323311, -16.0, 160.00177002
98.9279938, -17.0, 170.00038147
97.8559875, -17.0, 170.000717163
96.783989, -17.0, 170.00100708
95.7119827, -17.0, 170.001235962
94.6399765, -17.0, 170.001434326
93.5679703, -17.0, 170.001586914
92.4959641, -17.0, 170.001693726
91.4239655, -17.0, 170.00177002
90.3519592, -17.0, 170.001800537
89.279953, -17.0, 170.001815796
88.2079468, -17.0, 170.001785278
87.1359482, -17.0, 170.001739502
86.063942, -17.0, 170.001663208
84.9919357, -17.0, 170.001571655
83.9199295, -17.0, 170.001449585
82.8479233, -17.0, 170.001312256
81.7759247, -17.0, 170.001159668
80.7039185, -17.0, 170.000991821
79.6319122, -17.0, 170.000808716
78.559906, -17.0, 170.00062561
77.4878998, -17.0, 170.000427246
76.4159012, -17.0, 170.000228882
75.343895, -17.0, 170.000030518
74.2718887, -17.0, 169.999816895
73.1998825, -17.0, 169.99961853
72.1278839, -17.0, 169.999404907
71.0558777, -17.0, 169.999206543
69.9838715, -17.0, 169.99899292
68.9118652, -17.0, 169.998794556
67.839859, -17.0, 169.99861145
66.7678604, -17.0, 169.998428345
65.6958542, -17.0, 169.998260498
64.623848, -17.0, 169.998092651
63.5518417, -17.0, 169.997940063
62.4798393, -17.0, 169.997802734
61.4078331, -17.0, 169.997680664
60.3358307, -17.0, 169.997573853
59.2638245, -17.0, 169.9974823
58.1918221, -17.0, 169.997421265
57.1198158, -17.0, 169.997360229
56.0478096, -17.0, 169.997344971
54.9758072, -17.0, 169.997329712
53.903801, -17.0, 169.997360229
52.8317986, -17.0, 169.997406006
51.7597923, -17.0, 169.997467041
50.6877899, -17.0, 169.997573853
49.6157837, -17.0, 169.997711182
48.5437775, -17.0, 169.997879028
47.4717751, -17.0, 169.998077393
46.3997688, -17.0, 169.998321533
45.3277664, -17.0, 169.998596191
44.2557602, -17.0, 169.998901367
43.183754, -17.0, 169.999252319
42.1117516, -17.0, 169.999649048
41.0397453, -17.0, 170.000076294
39.9677429, -17.0, 170.000549316
38.8957367, -17.0, 170.001068115
37.8237343, -17.0, 170.00163269
36.7517281, -17.0, 170.002243042
35.6797218, -17.0, 170.002883911
34.6077194, -17.0, 170.003570557
33.5357132, -17.0, 170.004302979
32.4637108, -17.0, 170.005081177
31.3917046, -17.0, 170.005889893
30.3197002, -17.0, 170.006729126
29.2476959, -17.0, 170.007614136
28.1756916, -17.0, 170.008529663
27.1036873, -17.0, 170.009460449
26.031683, -17.0, 170.010421753
24.9596767, -17.0, 170.011413574
23.8876724, -17.0, 170.012405396
22.8156681, -17.0, 170.013412476
21.7436638, -17.0, 170.014419556
20.6716595, -17.0, 170.015426636
19.5996552, -17.0, 170.016418457
18.5276489, -17.0, 170.01739502
17.4556446, -17.0, 170.018356323
16.3836403, -17.0, 170.019287109
15.311636, -17.0, 170.020172119
14.2396317, -17.0, 170.021011353
13.1676264, -17.0, 170.02180481
12.0956221, -17.0, 170.022521973
11.0236177, -17.0, 170.023162842
9.95161247, -17.0, 170.023727417
8.87960815, -17.0, 170.024200439
7.80760384, -17.0, 170.024581909
6.73559904, -17.0, 170.024841309
5.66359425, -17.0, 170.024993896
4.59158993, -17.0, 170.025009155
3.51958537, -17.0, 170.024902344
2.44758058, -17.0, 170.024673462
1.37557602, -17.0, 170.024307251
0.303571433, -17.0, 170.02381897
-0.765037596, -17.0, 170.023223877
-1.83364666, -17.0, 170.022506714
-2.90225554, -17.0, 170.021682739
-3.97086477, -17.0, 170.020767212
-5.03947353, -17.0, 170.019775391
-6.10808277, -17.0, 170.018707275
-7.17669153, -17.0, 170.017562866
-8.24530029, -17.0, 170.016372681
-9.31390953, -17.0, 170.01512146
-10.3825188, -17.0, 170.013839722
-11.451128, -17.0, 170.012496948
-12.5197372, -17.0, 170.011123657
-13.5883455, -17.0, 170.009689331
-14.6569548, -17.0, 170.008224487
-15.725564, -17.0, 170.006698608
-16.7941723, -17.0, 170.005126953
-17.8627815, -17.0, 170.003479004
-18.9313908, -17.0, 170.001785278
98.9281845, -18.0, 180.000396729
97.8563766, -18.0, 180.000732422
96.7845612, -18.0, 180.001022339
95.7127533, -18.0, 180.001251221
94.6409378, -18.0, 180.001449585
93.5691223, -18.0, 180.001602173
92.4973145, -18.0, 180.001708984
91.425499, -18.0, 180.001785278
90.3536835, -18.0, 180.001831055
89.2818756, -18.0, 180.001831055
88.2100601, -18.0, 180.001815796
87.1382523, -18.0, 180.001754761
86.0664368, -18.0, 180.001678467
84.9946213, -18.0, 180.001586914
83.9228134, -18.0, 180.001464844
82.8509979, -18.0, 180.001327515
81.7791824, -18.0, 180.001174927
80.7073746, -18.0, 180.00100708
79.6355591, -18.0, 180.000839233
78.5637512, -18.0, 180.000640869
77.4919357, -18.0, 180.000442505
76.4201202, -18.0, 180.000244141
75.3483124, -18.0, 180.000045776
74.2764969, -18.0, 179.999832153
73.2046814, -18.0, 179.99961853
72.1328735, -18.0, 179.999404907
71.061058, -18.0, 179.999206543
69.9892502, -18.0, 179.99899292
68.9174347, -18.0, 179.998794556
67.8456192, -18.0, 179.99861145
66.7738113, -18.0, 179.998428345
65.7019958, -18.0, 179.998245239
64.630188, -18.0, 179.998092651
63.5583725, -18.0, 179.997940063
62.4865608, -18.0, 179.997802734
61.4147453, -18.0, 179.997665405
60.3429337, -18.0, 179.997558594
59.271122, -18.0, 179.997467041
58.1993103, -18.0, 179.997406006
57.1274948, -18.0, 179.997344971
56.0556831, -18.0, 179.997329712
54.9838715, -18.0, 179.997314453
53.9120598, -18.0, 179.997344971
52.8402443, -18.0, 179.997390747
51.7684326, -18.0, 179.997467041
50.6966209, -18.0, 179.997558594
49.6248093, -18.0, 179.997695923
48.5529938, -18.0, 179.99786377
47.4811821, -18.0, 179.998077393
46.4093704, -18.0, 179.998306274
45.3375587, -18.0, 179.998580933
44.2657433, -18.0, 179.998901367
43.1939316, -18.0, 179.999252319
42.1221199, -18.0, 179.999649048
41.0503082, -18.0, 180.000091553
39.9784927, -18.0, 180.000564575
38.9066811, -18.0, 180.001098633
37.8348694, -18.0, 180.001663208
36.7630577, -18.0, 180.00227356
35.691246, -18.0, 180.002929688
34.6194305, -18.0, 180.003616333
33.5476189, -18.0, 180.004364014
32.4758072, -18.0, 180.005142212
31.4039936, -18.0, 180.005950928
30.3321819, -18.0, 180.00680542
29.2603683, -18.0, 180.00769043
28.1885567, -18.0, 180.008621216
27.1167431, -18.0, 180.009552002
26.0449314, -18.0, 180.010528564
24.9731178, -18.0, 180.011520386
23.9013062, -18.0, 180.012512207
22.8294926, -18.0, 180.013534546
21.7576809, -18.0, 180.014541626
20.6858673, -18.0, 180.015548706
19.6140556, -18.0, 180.016555786
18.5422421, -18.0, 180.017532349
17.4704304, -18.0, 180.018493652
16.3986168, -18.0, 180.019424438
15.3268051, -18.0, 180.020309448
14.2549925, -18.0, 180.021148682
13.1831799, -18.0, 180.02192688
12.1113672, -18.0, 180.022644043
11.0395546, -18.0, 180.023284912
9.96774197, -18.0, 180.023849487
8.89592934, -18.0, 180.024307251
7.82411671, -18.0, 180.024673462
6.75230408, -18.0, 180.024917603
5.68049145, -18.0, 180.025054932
4.60867882, -18.0, 180.02507019
3.53686643, -18.0, 180.024963379
2.4650538, -18.0, 180.024734497
1.39324117, -18.0, 180.024368286
0.321428567, -18.0, 180.023880005
-0.748120308, -18.0, 180.023284912
-1.81766915, -18.0, 180.022567749
-2.887218, -18.0, 180.021759033
-3.95676684, -18.0, 180.020843506
-5.02631569, -18.0, 180.019851685
-6.09586477, -18.0, 180.018783569
-7.16541338, -18.0, 180.017654419
-8.23496246, -18.0, 180.016464233
-9.30451107, -18.0, 180.015213013
-10.3740597, -18.0, 180.013916016
-11.4436092, -18.0, 180.012573242
-12.5131578, -18.0, 180.011184692
-13.5827065, -18.0, 180.009750366
-14.652256, -18.0, 180.008270264
-15.7218046, -18.0, 180.006729126
-16.7913532, -18.0, 180.005142212
-17.8609028, -18.0, 180.003494263
-18.9304504, -18.0, 180.001785278
98.9283829, -19.0, 190.000396729
97.8567581, -19.0, 190.000732422
96.785141, -19.0, 190.001022339
95.7135162, -19.0, 190.001266479
94.6418991, -19.0, 190.001464844
93.5702744, -19.0, 190.001617432
92.4986572, -19.0, 190.001724243
91.4270325, -19.0, 190.001800537
90.3554153, -19.0, 190.001846313
89.2837906, -19.0, 190.001846313
88.2121735, -19.0, 190.001831055
87.1405563, -19.0, 190.00177002
86.0689316, -19.0, 190.001693726
84.9973145, -19.0, 190.001602173
83.9256897, -19.0, 190.001480103
82.8540726, -19.0, 190.001342773
81.7824478, -19.0, 190.001190186
80.7108307, -19.0, 190.001022339
79.6392059, -19.0, 190.000839233
78.5675888, -19.0, 190.000656128
77.4959641, -19.0, 190.000457764
76.4243469, -19.0, 190.000259399
75.3527298, -19.0, 190.000045776
74.281105, -19.0, 189.999832153
73.2094879, -19.0, 189.99961853
72.1378632, -19.0, 189.999420166
71.066246, -19.0, 189.999206543
69.9946213, -19.0, 189.999008179
68.9230042, -19.0, 189.998794556
67.8513794, -19.0, 189.99861145
66.7797623, -19.0, 189.998428345
65.7081375, -19.0, 189.998245239
64.6365204, -19.0, 189.998077393
63.5648994, -19.0, 189.997924805
62.4932785, -19.0, 189.997787476
61.4216576, -19.0, 189.997665405
60.3500366, -19.0, 189.997558594
59.2784195, -19.0, 189.997467041
58.2067986, -19.0, 189.997390747
57.1351776, -19.0, 189.997344971
56.0635567, -19.0, 189.997314453
54.9919357, -19.0, 189.997314453
53.9203148, -19.0, 189.997329712
52.8486938, -19.0, 189.997375488
51.7770729, -19.0, 189.997451782
50.705452, -19.0, 189.997558594
49.633831, -19.0, 189.997695923
48.5622101, -19.0, 189.99786377
47.490593, -19.0, 189.998062134
46.418972, -19.0, 189.998306274
45.3473511, -19.0, 189.998580933
44.2757301, -19.0, 189.998901367
43.2041092, -19.0, 189.999252319
42.1324883, -19.0, 189.999649048
41.0608673, -19.0, 190.000091553
39.9892464, -19.0, 190.000579834
38.9176254, -19.0, 190.001098633
37.8460045, -19.0, 190.001678467
36.7743874, -19.0, 190.002288818
35.7027664, -19.0, 190.002944946
34.6311455, -19.0, 190.003646851
33.5595245, -19.0, 190.004379272
32.4879036, -19.0, 190.005172729
31.4162827, -19.0, 190.005981445
30.3446617, -19.0, 190.006851196
29.2730408, -19.0, 190.007736206
28.2014217, -19.0, 190.008666992
27.1298008, -19.0, 190.009613037
26.0581799, -19.0, 190.0105896
24.9865589, -19.0, 190.011581421
23.914938, -19.0, 190.012588501
22.843317, -19.0, 190.013595581
21.771698, -19.0, 190.01461792
20.7000771, -19.0, 190.015625
19.6284561, -19.0, 190.01663208
18.5568352, -19.0, 190.017623901
17.4852142, -19.0, 190.018585205
16.4135952, -19.0, 190.019500732
15.3419743, -19.0, 190.020401001
14.2703533, -19.0, 190.021224976
13.1987324, -19.0, 190.022018433
12.1271124, -19.0, 190.022720337
11.0554914, -19.0, 190.023361206
9.98387051, -19.0, 190.023910522
8.91225052, -19.0, 190.024368286
7.84062958, -19.0, 190.024719238
6.76900911, -19.0, 190.024978638
5.69738865, -19.0, 190.025100708
4.62576818, -19.0, 190.025115967
3.55414748, -19.0, 190.024993896
2.48252678, -19.0, 190.024765015
1.41090631, -19.0, 190.024398804
0.339285702, -19.0, 190.023925781
-0.73120302, -19.0, 190.02331543
-1.80169177, -19.0, 190.022613525
-2.87218046, -19.0, 190.02180481
-3.94266915, -19.0, 190.020904541
-5.01315784, -19.0, 190.01991272
-6.08364677, -19.0, 190.018844604
-7.15413523, -19.0, 190.017715454
-8.22462368, -19.0, 190.016525269
-9.29511261, -19.0, 190.015274048
-10.3656015, -19.0, 190.013977051
-11.4360905, -19.0, 190.012619019
-12.5065794, -19.0, 190.011230469
-13.5770674, -19.0, 190.009796143
-14.6475563, -19.0, 190.008300781
-15.7180452, -19.0, 190.006759644
-16.7885342, -19.0, 190.005157471
-17.8590221, -19.0, 190.003509521
-18.929512, -19.0, 190.001785278
2.01703215, 0.800000012, -7.91761445999
3.08206463, 0.800000012, -7.98042345047
4.14709663, 0.800000012, -7.99440765381
5.21212912, 0.800000012, -7.99765062332
6.27716112, 0.800000012, -7.99853801727
7.3421936, 0.800000012, -7.99887418747
8.40722561, 0.800000012, -7.99904918671
9.47225761, 0.800000012, -7.9991607666
10.5372906, 0.800000012, -7.99924182892
11.6023226, 0.800000012, -7.99930620193
12.6673546, 0.800000012, -7.99936056137
13.7323875, 0.800000012, -7.9994096756
14.7974195, 0.800000012, -7.99945545197
15.8624516, 0.800000012, -7.99949884415
16.9274845, 0.800000012, -7.99954032898
17.9925156, 0.800000012, -7.9995803833
19.0575485, 0.800000012, -7.99961996078
20.1225815, 0.800000012, -7.99965763092
21.1876125, 0.800000012, -7.99969482422
22.2526455, 0.800000012, -7.99973058701
23.3176765, 0.800000012, -7.99976491928
24.3827095, 0.800000012, -7.99979782104
25.4477425, 0.800000012, -7.9998292923
26.5127735, 0.800000012, -7.99985933304
27.5778065, 0.800000012, -7.99988746643
28.6428394, 0.800000012, -7.99991416931
29.7078705, 0.800000012, -7.99993896484
30.7729034, 0.800000012, -7.99996185303
31.8379364, 0.800000012, -7.9999833107
32.9029694, 0.800000012, -8.00000190735
33.9679985, 0.800000012, -8.00001239777
35.0330315, 0.800000012, -8.00001811981
36.0980644, 0.800000012, -8.00002098083
37.1630974, 0.800000012, -8.00002384186
38.2281303, 0.800000012, -8.00002670288
39.2931595, 0.800000012, -8.00002861023
40.3581924, 0.800000012, -8.00003051758
41.4232254, 0.800000012, -8.00003147125
42.4882584, 0.800000012, -8.0000333786
43.5532913, 0.800000012, -8.00003433228
44.6183243, 0.800000012, -8.00003528595
45.6833534, 0.800000012, -8.00003528595
46.7483864, 0.800000012, -8.00003623962
47.8134193, 0.800000012, -8.00003623962
48.8784523, 0.800000012, -8.00003623962
49.9434853, 0.800000012, -8.00003623962
51.0085144, 0.800000012, -8.00003623962
52.0735474, 0.800000012, -8.00003623962
53.1385803, 0.800000012, -8.00003528595
54.2036133, 0.800000012, -8.00003528595
55.2686462, 0.800000012, -8.00003433228
56.3336792, 0.800000012, -8.0000333786
57.3987083, 0.800000012, -8.0000333786
58.4637413, 0.800000012, -8.00003242493
59.5287743, 0.800000012, -8.00003147125
60.5938072, 0.800000012, -8.00003051758
61.6588402, 0.800000012, -8.0000295639
62.7238693, 0.800000012, -8.00002765656
63.7889023, 0.800000012, -8.00002670288
64.8539352, 0.800000012, -8.00002574921
65.9189682, 0.800000012, -8.00002479553
66.9840012, 0.800000012, -8.00002288818
68.0490341, 0.800000012, -8.00002193451
69.1140671, 0.800000012, -8.00002002716
70.1791, 0.800000012, -8.00001907349
71.2441254, 0.800000012, -8.00001716614
72.3091583, 0.800000012, -8.00001621246
73.3741913, 0.800000012, -8.00001430511
74.4392242, 0.800000012, -8.00001239777
75.5042572, 0.800000012, -8.00001144409
76.5692902, 0.800000012, -8.00000953674
77.6343231, 0.800000012, -8.00000762939
78.6993561, 0.800000012, -8.00000572205
79.764389, 0.800000012, -8.0000038147
80.829422, 0.800000012, -8.00000190735
81.894455, 0.800000012, -7.99999904633
82.9594803, 0.800000012, -7.99999427795
84.0245132, 0.800000012, -7.99998807907
85.0895462, 0.800000012, -7.99998140335
86.1545792, 0.800000012, -7.99997520447
87.2196121, 0.800000012, -7.99996948242
88.2846451, 0.800000012, -7.99996471405
89.349678, 0.800000012, -7.99995994568
90.414711, 0.800000012, -7.99995613098
91.479744, 0.800000012, -7.99995326996
92.5447769, 0.800000012, -7.99995136261
93.6098099, 0.800000012, -7.99995040894
94.6748352, 0.800000012, -7.99995088577
95.7398682, 0.800000012, -7.99995326996
96.8049011, 0.800000012, -7.99995756149
97.8699341, 0.800000012, -7.99996471405
98.934967, 0.800000012, -7.99997663498
2.95879579, 1.60000002, -15.9231996536
4.01359129, 1.60000002, -15.9833402634
5.06838703, 1.60000002, -15.9962644577
6.12318277, 1.60000002, -15.9988355637
7.17797852, 1.60000002, -15.9994087219
8.23277378, 1.60000002, -15.9995918274
9.28757, 1.60000002, -15.9996776581
10.3423653, 1.60000002, -15.9997282028
11.3971615, 1.60000002, -15.9997625351
12.4519567, 1.60000002, -15.9997882843
13.506753, 1.60000002, -15.9998083115
14.5615482, 1.60000002, -15.9998264313
15.6163445, 1.60000002, -15.9998416901
16.6711407, 1.60000002, -15.9998550415
17.725935, 1.60000002, -15.9998683929
18.7807312, 1.60000002, -15.9998807907
19.8355274, 1.60000002, -15.9998922348
20.8903217, 1.60000002, -15.9999027252
21.945118, 1.60000002, -15.9999132156
22.9999142, 1.60000002, -15.9999227524
24.0547104, 1.60000002, -15.9999322891
25.1095047, 1.60000002, -15.9999399185
26.1643009, 1.60000002, -15.9999485016
27.2190971, 1.60000002, -15.9999551773
28.2738934, 1.60000002, -15.999961853
29.3286877, 1.60000002, -15.9999675751
30.3834839, 1.60000002, -15.9999732971
31.4382801, 1.60000002, -15.9999771118
32.4930763, 1.60000002, -15.9999809265
33.5478706, 1.60000002, -15.9999828339
34.6026649, 1.60000002, -15.9999847412
35.6574631, 1.60000002, -15.9999856949
36.7122574, 1.60000002, -15.9999866486
37.7670555, 1.60000002, -15.9999876022
38.8218498, 1.60000002, -15.9999885559
39.8766441, 1.60000002, -15.9999885559
40.9314423, 1.60000002, -15.9999885559
41.9862366, 1.60000002, -15.9999895096
43.0410309, 1.60000002, -15.9999895096
44.095829, 1.60000002, -15.9999895096
45.1506233, 1.60000002, -15.9999895096
46.2054176, 1.60000002, -15.9999895096
47.2602158, 1.60000002, -15.9999895096
48.3150101, 1.60000002, -15.9999895096
49.3698082, 1.60000002, -15.9999885559
50.4246025, 1.60000002, -15.9999885559
51.4793968, 1.60000002, -15.9999885559
52.5341949, 1.60000002, -15.9999885559
53.5889893, 1.60000002, -15.9999876022
54.6437836, 1.60000002, -15.9999876022
55.6985817, 1.60000002, -15.9999876022
56.753376, 1.60000002, -15.9999866486
57.8081703, 1.60000002, -15.9999866486
58.8629684, 1.60000002, -15.9999866486
59.9177628, 1.60000002, -15.9999856949
60.9725609, 1.60000002, -15.9999856949
62.0273552, 1.60000002, -15.9999847412
63.0821495, 1.60000002, -15.9999847412
64.1369476, 1.60000002, -15.9999847412
65.1917419, 1.60000002, -15.9999837875
66.2465363, 1.60000002, -15.9999837875
67.3013306, 1.60000002, -15.9999828339
68.3561325, 1.60000002, -15.9999828339
69.4109268, 1.60000002, -15.9999818802
70.4657211, 1.60000002, -15.9999818802
71.5205154, 1.60000002, -15.9999809265
72.5753098, 1.60000002, -15.9999809265
73.6301041, 1.60000002, -15.9999799728
74.684906, 1.60000002, -15.9999799728
75.7397003, 1.60000002, -15.9999790192
76.7944946, 1.60000002, -15.9999790192
77.8492889, 1.60000002, -15.9999780655
78.9040833, 1.60000002, -15.9999780655
79.9588852, 1.60000002, -15.9999771118
81.0136795, 1.60000002, -15.9999761581
82.0684738, 1.60000002, -15.9999761581
83.1232681, 1.60000002, -15.9999752045
84.1780624, 1.60000002, -15.9999742508
85.2328568, 1.60000002, -15.9999732971
86.2876587, 1.60000002, -15.9999732971
87.342453, 1.60000002, -15.9999723434
88.3972473, 1.60000002, -15.9999713898
89.4520416, 1.60000002, -15.9999713898
90.5068359, 1.60000002, -15.9999713898
91.5616379, 1.60000002, -15.9999723434
92.6164322, 1.60000002, -15.9999723434
93.6712265, 1.60000002, -15.9999732971
94.7260208, 1.60000002, -15.9999752045
95.7808151, 1.60000002, -15.9999771118
96.8356094, 1.60000002, -15.9999799728
97.8904114, 1.60000002, -15.9999828339
98.9452057, 1.60000002, -15.9999876022
3.90055919, 2.4000001, -23.9101219177
4.94511843, 2.4000001, -23.9790782928
5.98967743, 2.4000001, -23.9936351776
7.03423643, 2.4000001, -23.9970664978
8.07879543, 2.4000001, -23.9982070923
9.12335491, 2.4000001, -23.9987335205
10.1679144, 2.4000001, -23.9990291595
11.2124729, 2.4000001, -23.999212265
12.2570324, 2.4000001, -23.9993343353
13.3015919, 2.4000001, -23.9994182587
14.3461504, 2.4000001, -23.9994792938
15.3907099, 2.4000001, -23.9995269775
16.4352684, 2.4000001, -23.9995651245
17.4798279, 2.4000001, -23.9995956421
18.5243874, 2.4000001, -23.9996204376
19.5689468, 2.4000001, -23.9996433258
20.6135063, 2.4000001, -23.9996623993
21.6580639, 2.4000001, -23.9996776581
22.7026234, 2.4000001, -23.9996929169
23.7471828, 2.4000001, -23.9997062683
24.7917423, 2.4000001, -23.9997177124
25.8363018, 2.4000001, -23.9997272491
26.8808594, 2.4000001, -23.9997348785
27.9254189, 2.4000001, -23.9997425079
28.9699783, 2.4000001, -23.9997501373
30.0145378, 2.4000001, -23.9997558594
31.0590973, 2.4000001, -23.9997596741
32.1036568, 2.4000001, -23.9997634888
33.1482162, 2.4000001, -23.9997673035
34.1927757, 2.4000001, -23.9997711182
35.2373352, 2.4000001, -23.9997730255
36.2818909, 2.4000001, -23.9997749329
37.3264503, 2.4000001, -23.9997768402
38.3710098, 2.4000001, -23.9997768402
39.4155693, 2.4000001, -23.9997787476
40.4601288, 2.4000001, -23.9997787476
41.5046883, 2.4000001, -23.9997806549
42.5492477, 2.4000001, -23.9997806549
43.5938072, 2.4000001, -23.9997806549
44.6383667, 2.4000001, -23.9997806549
45.6829262, 2.4000001, -23.9997806549
46.7274857, 2.4000001, -23.9997806549
47.7720413, 2.4000001, -23.9997806549
48.8166008, 2.4000001, -23.9997806549
49.8611603, 2.4000001, -23.9997806549
50.9057198, 2.4000001, -23.9997806549
51.9502792, 2.4000001, -23.9997806549
52.9948387, 2.4000001, -23.9997806549
54.0393982, 2.4000001, -23.9997806549
55.0839577, 2.4000001, -23.9997806549
56.1285172, 2.4000001, -23.9997806549
57.1730766, 2.4000001, -23.9997806549
58.2176361, 2.4000001, -23.9997806549
59.2621918, 2.4000001, -23.9997806549
60.3067513, 2.4000001, -23.9997806549
61.3513107, 2.4000001, -23.9997806549
62.3958702, 2.4000001, -23.9997787476
63.4404297, 2.4000001, -23.9997787476
64.484993, 2.4000001, -23.9997787476
65.5295486, 2.4000001, -23.9997787476
66.5741043, 2.4000001, -23.9997787476
67.6186676, 2.4000001, -23.9997787476
68.6632233, 2.4000001, -23.9997787476
69.7077866, 2.4000001, -23.9997787476
70.7523422, 2.4000001, -23.9997787476
71.7969055, 2.4000001, -23.9997787476
72.8414612, 2.4000001, -23.9997787476
73.8860245, 2.4000001, -23.9997806549
74.9305801, 2.4000001, -23.9997806549
75.9751434, 2.4000001, -23.9997806549
77.0196991, 2.4000001, -23.9997825623
78.0642548, 2.4000001, -23.9997825623
79.1088181, 2.4000001, -23.9997844696
80.1533737, 2.4000001, -23.999786377
81.197937, 2.4000001, -23.9997882843
82.2424927, 2.4000001, -23.9997901917
83.287056, 2.4000001, -23.9997940063
84.3316116, 2.4000001, -23.9997959137
85.3761749, 2.4000001, -23.9998016357
86.4207306, 2.4000001, -23.9998054504
87.4652939, 2.4000001, -23.9998111725
88.5098495, 2.4000001, -23.9998188019
89.5544052, 2.4000001, -23.9998283386
90.5989685, 2.4000001, -23.9998378754
91.6435242, 2.4000001, -23.9998493195
92.6880875, 2.4000001, -23.9998626709
93.7326431, 2.4000001, -23.9998760223
94.7772064, 2.4000001, -23.9998931885
95.8217621, 2.4000001, -23.9999103546
96.8663254, 2.4000001, -23.9999294281
97.910881, 2.4000001, -23.9999504089
98.9554443, 2.4000001, -23.9999732971
4.84232235, 3.20000005, -31.9023094177
5.87664509, 3.20000005, -31.9648551941
6.91096783, 3.20000005, -31.9818477631
7.94529009, 3.20000005, -31.9884262085
8.9796133, 3.20000005, -31.9917125702
10.0139351, 3.20000005, -31.9936180115
11.0482578, 3.20000005, -31.9948196411
12.0825806, 3.20000005, -31.9956169128
13.1169033, 3.20000005, -31.9961700439
14.151226, 3.20000005, -31.9965705872
15.1855488, 3.20000005, -31.9968700409
16.2198715, 3.20000005, -31.9971046448
17.2541943, 3.20000005, -31.9972915649
18.288517, 3.20000005, -31.9974441528
19.3228378, 3.20000005, -31.9975738525
20.3571606, 3.20000005, -31.9976806641
21.3914833, 3.20000005, -31.9977741241
22.425806, 3.20000005, -31.9978542328
23.4601288, 3.20000005, -31.9979248047
24.4944515, 3.20000005, -31.9979858398
25.5287743, 3.20000005, -31.9980392456
26.563097, 3.20000005, -31.998085022
27.5974197, 3.20000005, -31.9981269836
28.6317425, 3.20000005, -31.9981613159
29.6660652, 3.20000005, -31.9981918335
30.700388, 3.20000005, -31.9982185364
31.7347088, 3.20000005, -31.9982414246
32.7690315, 3.20000005, -31.998260498
33.8033562, 3.20000005, -31.9982776642
34.837677, 3.20000005, -31.9982910156
35.8720016, 3.20000005, -31.9983024597
36.9063225, 3.20000005, -31.9983119965
37.9406433, 3.20000005, -31.9983215332
38.974968, 3.20000005, -31.9983291626
40.0092888, 3.20000005, -31.9983348846
41.0436134, 3.20000005, -31.9983386993
42.0779343, 3.20000005, -31.9983444214
43.1122589, 3.20000005, -31.9983463287
44.1465797, 3.20000005, -31.9983501434
45.1809044, 3.20000005, -31.9983520508
46.2152252, 3.20000005, -31.9983539581
47.2495499, 3.20000005, -31.9983558655
48.2838707, 3.20000005, -31.9983577728
49.3181953, 3.20000005, -31.9983577728
50.3525162, 3.20000005, -31.9983596802
51.386837, 3.20000005, -31.9983596802
52.4211617, 3.20000005, -31.9983615875
53.4554825, 3.20000005, -31.9983615875
54.4898071, 3.20000005, -31.9983615875
55.524128, 3.20000005, -31.9983615875
56.5584526, 3.20000005, -31.9983634949
57.5927734, 3.20000005, -31.9983634949
58.6270981, 3.20000005, -31.9983634949
59.6614189, 3.20000005, -31.9983634949
60.6957436, 3.20000005, -31.9983654022
61.7300644, 3.20000005, -31.9983654022
62.7643852, 3.20000005, -31.9983654022
63.7987099, 3.20000005, -31.9983673096
64.8330307, 3.20000005, -31.9983673096
65.8673553, 3.20000005, -31.9983692169
66.90168, 3.20000005, -31.9983711243
67.935997, 3.20000005, -31.9983711243
68.9703217, 3.20000005, -31.998374939
70.0046463, 3.20000005, -31.9983768463
71.0389709, 3.20000005, -31.9983787537
72.073288, 3.20000005, -31.9983825684
73.1076126, 3.20000005, -31.9983882904
74.1419373, 3.20000005, -31.9983921051
75.1762543, 3.20000005, -31.9983997345
76.2105789, 3.20000005, -31.9984073639
77.2449036, 3.20000005, -31.9984149933
78.2792282, 3.20000005, -31.9984264374
79.3135452, 3.20000005, -31.9984397888
80.3478699, 3.20000005, -31.9984550476
81.3821945, 3.20000005, -31.9984722137
82.4165192, 3.20000005, -31.9984931946
83.4508362, 3.20000005, -31.9985198975
84.4851608, 3.20000005, -31.9985485077
85.5194855, 3.20000005, -31.9985847473
86.5538101, 3.20000005, -31.998626709
87.5881271, 3.20000005, -31.9986763
88.6224518, 3.20000005, -31.9987316132
89.6567764, 3.20000005, -31.9987983704
90.6910934, 3.20000005, -31.998872757
91.7254181, 3.20000005, -31.9989585876
92.7597427, 3.20000005, -31.9990558624
93.7940674, 3.20000005, -31.999162674
94.8283844, 3.20000005, -31.9992809296
95.862709, 3.20000005, -31.9994087219
96.8970337, 3.20000005, -31.999546051
97.9313583, 3.20000005, -31.9996910095
98.9656754, 3.20000005, -31.9998416901
5.78408623, 4.0, -39.8172721863
6.80817223, 4.0, -39.8930206299
7.83225822, 4.0, -39.9278678894
8.85634422, 4.0, -39.9467735291
9.88043022, 4.0, -39.9582290649
10.9045162, 4.0, -39.9656524658
11.9286022, 4.0, -39.9706726074
12.9526882, 4.0, -39.9742012024
13.9767742, 4.0, -39.9767723083
15.0008602, 4.0, -39.9787139893
16.0249462, 4.0, -39.9802360535
17.0490322, 4.0, -39.9814529419
18.0731182, 4.0, -39.9824562073
19.0972042, 4.0, -39.9832954407
20.1212902, 4.0, -39.9840049744
21.1453762, 4.0, -39.9846191406
22.1694622, 4.0, -39.9851493835
23.1935482, 4.0, -39.9856109619
24.2176342, 4.0, -39.9860153198
25.2417202, 4.0, -39.9863700867
26.2658062, 4.0, -39.9866828918
27.2898922, 4.0, -39.9869537354
28.3139782, 4.0, -39.9871940613
29.3380642, 4.0, -39.9874038696
30.3621502, 4.0, -39.9875831604
31.3862362, 4.0, -39.987739563
32.4103241, 4.0, -39.9878730774
33.4344101, 4.0, -39.9879875183
34.4584961, 4.0, -39.9880867004
35.4825821, 4.0, -39.9881744385
36.5066681, 4.0, -39.988243103
37.5307541, 4.0, -39.9883041382
38.5548401, 4.0, -39.9883575439
39.5789261, 4.0, -39.9884033203
40.6030121, 4.0, -39.9884376526
41.6270981, 4.0, -39.9884719849
42.6511841, 4.0, -39.9884986877
43.6752701, 4.0, -39.9885177612
44.6993561, 4.0, -39.9885368347
45.7234421, 4.0, -39.9885559082
46.7475281, 4.0, -39.9885673523
47.7716141, 4.0, -39.9885787964
48.7957001, 4.0, -39.9885902405
49.8197861, 4.0, -39.9885978699
50.8438721, 4.0, -39.9886054993
51.8679581, 4.0, -39.988609314
52.8920441, 4.0, -39.9886169434
53.9161301, 4.0, -39.9886207581
54.9402161, 4.0, -39.9886245728
55.9643021, 4.0, -39.9886283875
56.9883881, 4.0, -39.9886322021
58.0124741, 4.0, -39.9886398315
59.0365601, 4.0, -39.9886436462
60.0606461, 4.0, -39.9886474609
61.0847321, 4.0, -39.9886512756
62.1088181, 4.0, -39.988658905
63.1329041, 4.0, -39.9886627197
64.1569901, 4.0, -39.9886703491
65.181076, 4.0, -39.9886817932
66.205162, 4.0, -39.9886894226
67.229248, 4.0, -39.9887008667
68.253334, 4.0, -39.9887161255
69.27742, 4.0, -39.988735199
70.301506, 4.0, -39.9887542725
71.325592, 4.0, -39.9887771606
72.349678, 4.0, -39.9888076782
73.373764, 4.0, -39.9888381958
74.39785, 4.0, -39.9888801575
75.421936, 4.0, -39.9889259338
76.446022, 4.0, -39.9889831543
77.470108, 4.0, -39.9890518188
78.494194, 4.0, -39.9891319275
79.51828, 4.0, -39.9892234802
80.542366, 4.0, -39.9893379211
81.566452, 4.0, -39.9894676208
82.590538, 4.0, -39.9896240234
83.614624, 4.0, -39.9898071289
84.63871, 4.0, -39.9900245667
85.662796, 4.0, -39.9902801514
86.686882, 4.0, -39.9905738831
87.710968, 4.0, -39.9909210205
88.735054, 4.0, -39.991317749
89.75914, 4.0, -39.9917755127
90.783226, 4.0, -39.9923019409
91.807312, 4.0, -39.992893219
92.831398, 4.0, -39.993560791
93.855484, 4.0, -39.994304657
94.87957, 4.0, -39.9951171875
95.903656, 4.0, -39.9959983826
96.927742, 4.0, -39.9969406128
97.951828, 4.0, -39.9979286194
98.975914, 4.0, -39.9989547729
6.72584963, 4.80000019, -47.4329414368
7.73969889, 4.80000019, -47.5929412842
8.75354862, 4.80000019, -47.687412262
9.76739788, 4.80000019, -47.7478561401
10.7812471, 4.80000019, -47.7885055542
11.7950964, 4.80000019, -47.8167686462
12.8089466, 4.80000019, -47.8370437622
13.8227959, 4.80000019, -47.8520698547
14.8366451, 4.80000019, -47.8635787964
15.8504944, 4.80000019, -47.8726577759
16.8643436, 4.80000019, -47.8800125122
17.8781929, 4.80000019, -47.886100769
18.8920422, 4.80000019, -47.8912315369
19.9058933, 4.80000019, -47.8956184387
20.9197426, 4.80000019, -47.8994102478
21.9335918, 4.80000019, -47.902721405
22.9474411, 4.80000019, -47.9056243896
23.9612904, 4.80000019, -47.9081802368
24.9751396, 4.80000019, -47.9104347229
25.9889889, 4.80000019, -47.9124298096
27.0028381, 4.80000019, -47.9141845703
28.0166874, 4.80000019, -47.9157295227
29.0305386, 4.80000019, -47.9170837402
30.0443878, 4.80000019, -47.9182662964
31.0582371, 4.80000019, -47.9192962646
32.0720863, 4.80000019, -47.9201889038
33.0859337, 4.80000019, -47.9209632874
34.0997849, 4.80000019, -47.9216270447
35.113636, 4.80000019, -47.9221992493
36.1274834, 4.80000019, -47.9226875305
37.1413345, 4.80000019, -47.9231071472
38.1551819, 4.80000019, -47.9234657288
39.1690331, 4.80000019, -47.9237709045
40.1828804, 4.80000019, -47.924030304
41.1967316, 4.80000019, -47.9242515564
42.2105789, 4.80000019, -47.9244384766
43.2244301, 4.80000019, -47.9245948792
44.2382813, 4.80000019, -47.9247322083
45.2521286, 4.80000019, -47.9248466492
46.2659798, 4.80000019, -47.9249420166
47.2798271, 4.80000019, -47.9250259399
48.2936783, 4.80000019, -47.9250984192
49.3075256, 4.80000019, -47.9251594543
50.3213768, 4.80000019, -47.9252128601
51.3352242, 4.80000019, -47.9252586365
52.3490753, 4.80000019, -47.9252967834
53.3629265, 4.80000019, -47.9253349304
54.3767738, 4.80000019, -47.9253692627
55.390625, 4.80000019, -47.9253997803
56.4044724, 4.80000019, -47.9254302979
57.4183235, 4.80000019, -47.9254570007
58.4321709, 4.80000019, -47.9254875183
59.446022, 4.80000019, -47.9255218506
60.4598694, 4.80000019, -47.9255561829
61.4737206, 4.80000019, -47.9255905151
62.4875717, 4.80000019, -47.9256362915
63.5014191, 4.80000019, -47.9256820679
64.5152664, 4.80000019, -47.9257392883
65.5291214, 4.80000019, -47.9258041382
66.5429688, 4.80000019, -47.9258766174
67.5568161, 4.80000019, -47.9259681702
68.5706635, 4.80000019, -47.926071167
69.5845184, 4.80000019, -47.9261932373
70.5983658, 4.80000019, -47.9263381958
71.6122131, 4.80000019, -47.9265098572
72.6260681, 4.80000019, -47.9267120361
73.6399155, 4.80000019, -47.9269523621
74.6537628, 4.80000019, -47.9272346497
75.6676102, 4.80000019, -47.927570343
76.6814651, 4.80000019, -47.9279670715
77.6953125, 4.80000019, -47.9284362793
78.7091599, 4.80000019, -47.9289894104
79.7230072, 4.80000019, -47.9296455383
80.7368622, 4.80000019, -47.9304122925
81.7507095, 4.80000019, -47.9313201904
82.7645569, 4.80000019, -47.932384491
83.7784119, 4.80000019, -47.9336357117
84.7922592, 4.80000019, -47.9350967407
85.8061066, 4.80000019, -47.9367980957
86.8199539, 4.80000019, -47.9387817383
87.8338089, 4.80000019, -47.9410743713
88.8476563, 4.80000019, -47.9437179565
89.8615036, 4.80000019, -47.9467468262
90.8753586, 4.80000019, -47.9501914978
91.8892059, 4.80000019, -47.954082489
92.9030533, 4.80000019, -47.9584350586
93.9169006, 4.80000019, -47.9632530212
94.9307556, 4.80000019, -47.9685287476
95.944603, 4.80000019, -47.97423172
96.9584503, 4.80000019, -47.9803085327
97.9722977, 4.80000019, -47.9866905212
98.9861526, 4.80000019, -47.9932899475
7.66761303, 5.5999999, -55.1039619446
8.67122555, 5.5999999, -55.2888565063
9.67483902, 5.5999999, -55.4139442444
10.6784515, 5.5999999, -55.5010299683
11.6820641, 5.5999999, -55.5629692078
12.6856775, 5.5999999, -55.6081695557
13.68929, 5.5999999, -55.6421394348
14.6929035, 5.5999999, -55.6684570312
15.696516, 5.5999999, -55.6894264221
16.7001286, 5.5999999, -55.7065505981
17.7037411, 5.5999999, -55.7208251953
18.7073555, 5.5999999, -55.7329292297
19.710968, 5.5999999, -55.7433357239
20.7145805, 5.5999999, -55.7523727417
21.7181931, 5.5999999, -55.7602958679
22.7218056, 5.5999999, -55.7672729492
23.72542, 5.5999999, -55.7734489441
24.7290325, 5.5999999, -55.7789230347
25.732645, 5.5999999, -55.7837753296
26.7362576, 5.5999999, -55.7880706787
27.7398701, 5.5999999, -55.7918663025
28.7434845, 5.5999999, -55.7952079773
29.747097, 5.5999999, -55.7981414795
30.7507095, 5.5999999, -55.8007049561
31.7543221, 5.5999999, -55.8029403687
32.7579346, 5.5999999, -55.8048782349
33.7615471, 5.5999999, -55.8065605164
34.7651596, 5.5999999, -55.8080062866
35.7687759, 5.5999999, -55.8092536926
36.7723885, 5.5999999, -55.8103218079
37.776001, 5.5999999, -55.8112411499
38.7796135, 5.5999999, -55.8120231628
39.783226, 5.5999999, -55.8126945496
40.7868385, 5.5999999, -55.8132667542
41.790451, 5.5999999, -55.8137512207
42.7940636, 5.5999999, -55.8141670227
43.7976761, 5.5999999, -55.8145217896
44.8012886, 5.5999999, -55.8148231506
45.8049049, 5.5999999, -55.81508255
46.8085175, 5.5999999, -55.8153038025
47.81213, 5.5999999, -55.8154907227
48.8157425, 5.5999999, -55.8156547546
49.819355, 5.5999999, -55.8157920837
50.8229675, 5.5999999, -55.8159141541
51.82658, 5.5999999, -55.8160247803
52.8301926, 5.5999999, -55.8161201477
53.8338051, 5.5999999, -55.8162078857
54.8374176, 5.5999999, -55.8162879944
55.8410339, 5.5999999, -55.8163642883
56.8446465, 5.5999999, -55.8164405823
57.848259, 5.5999999, -55.8165168762
58.8518715, 5.5999999, -55.8165931702
59.855484, 5.5999999, -55.8166770935
60.8590965, 5.5999999, -55.8167648315
61.862709, 5.5999999, -55.8168678284
62.8663216, 5.5999999, -55.8169784546
63.8699341, 5.5999999, -55.8171043396
64.8735504, 5.5999999, -55.8172531128
65.8771591, 5.5999999, -55.8174247742
66.8807755, 5.5999999, -55.8176231384
67.8843842, 5.5999999, -55.8178596497
68.8880005, 5.5999999, -55.8181304932
69.8916092, 5.5999999, -55.8184547424
70.8952255, 5.5999999, -55.8188362122
71.8988419, 5.5999999, -55.8192825317
72.9024506, 5.5999999, -55.8198127747
73.9060669, 5.5999999, -55.8204345703
74.9096756, 5.5999999, -55.8211708069
75.9132919, 5.5999999, -55.8220367432
76.9169006, 5.5999999, -55.823059082
77.920517, 5.5999999, -55.8242645264
78.9241257, 5.5999999, -55.8256797791
79.927742, 5.5999999, -55.8273429871
80.9313583, 5.5999999, -55.8292999268
81.934967, 5.5999999, -55.8315963745
82.9385834, 5.5999999, -55.8342819214
83.9421921, 5.5999999, -55.8374214172
84.9458084, 5.5999999, -55.8410835266
85.9494171, 5.5999999, -55.8453445435
86.9530334, 5.5999999, -55.850276947
87.9566422, 5.5999999, -55.85597229
88.9602585, 5.5999999, -55.8625183105
89.9638672, 5.5999999, -55.8699913025
90.9674835, 5.5999999, -55.8784790039
91.9710999, 5.5999999, -55.8880310059
92.9747086, 5.5999999, -55.8987007141
93.9783249, 5.5999999, -55.9104919434
94.9819336, 5.5999999, -55.9233779907
95.9855499, 5.5999999, -55.937286377
96.9891586, 5.5999999, -55.952091217
97.992775, 5.5999999, -55.967628479
98.9963837, 5.5999999, -55.9836769104
8.60937595, 6.4000001, -62.6028404236
9.60275269, 6.4000001, -62.8198051453
10.5961294, 6.4000001, -62.976474762
11.5895052, 6.4000001, -63.0906867981
12.5828819, 6.4000001, -63.1758346558
13.5762577, 6.4000001, -63.2410469055
14.5696344, 6.4000001, -63.2923812866
15.5630112, 6.4000001, -63.3338394165
16.5563869, 6.4000001, -63.3680915833
17.5497627, 6.4000001, -63.3969345093
18.5431404, 6.4000001, -63.4216079712
19.5365162, 6.4000001, -63.44298172
20.529892, 6.4000001, -63.4616851807
21.5232697, 6.4000001, -63.4781761169
22.5166454, 6.4000001, -63.4928016663
23.5100212, 6.4000001, -63.5058097839
24.503397, 6.4000001, -63.5174026489
25.4967747, 6.4000001, -63.5277328491
26.4901505, 6.4000001, -63.5369262695
27.4835262, 6.4000001, -63.545085907
28.4769039, 6.4000001, -63.5523109436
29.4702797, 6.4000001, -63.558681488
30.4636555, 6.4000001, -63.5642776489
31.4570332, 6.4000001, -63.5691795349
32.4504089, 6.4000001, -63.5734558105
33.4437866, 6.4000001, -63.5771713257
34.4371605, 6.4000001, -63.5803909302
35.4305382, 6.4000001, -63.5831756592
36.4239159, 6.4000001, -63.5855789185
37.4172897, 6.4000001, -63.5876464844
38.4106674, 6.4000001, -63.5894203186
39.4040413, 6.4000001, -63.5909461975
40.397419, 6.4000001, -63.592250824
41.3907967, 6.4000001, -63.5933685303
42.3841705, 6.4000001, -63.5943260193
43.3775482, 6.4000001, -63.5951461792
44.3709259, 6.4000001, -63.5958480835
45.3642998, 6.4000001, -63.596446991
46.3576775, 6.4000001, -63.5969619751
47.3510551, 6.4000001, -63.59740448
48.344429, 6.4000001, -63.5977859497
49.3378067, 6.4000001, -63.5981178284
50.3311844, 6.4000001, -63.5984077454
51.3245583, 6.4000001, -63.5986595154
52.3179359, 6.4000001, -63.5988883972
53.3113136, 6.4000001, -63.5990905762
54.3046875, 6.4000001, -63.5992774963
55.2980652, 6.4000001, -63.5994567871
56.2914391, 6.4000001, -63.5996284485
57.2848167, 6.4000001, -63.5997962952
58.2781944, 6.4000001, -63.5999679565
59.2715683, 6.4000001, -63.600151062
60.264946, 6.4000001, -63.6003417969
61.2583237, 6.4000001, -63.6005554199
62.2516975, 6.4000001, -63.6007919312
63.2450752, 6.4000001, -63.6010551453
64.2384491, 6.4000001, -63.601360321
65.2318268, 6.4000001, -63.6017112732
66.2252045, 6.4000001, -63.6021156311
67.2185822, 6.4000001, -63.6025886536
68.2119598, 6.4000001, -63.6031417847
69.2053299, 6.4000001, -63.6037902832
70.1987076, 6.4000001, -63.6045455933
71.1920853, 6.4000001, -63.6054382324
72.185463, 6.4000001, -63.6064834595
73.1788406, 6.4000001, -63.607711792
74.1722183, 6.4000001, -63.6091575623
75.1655884, 6.4000001, -63.6108551025
76.1589661, 6.4000001, -63.6128463745
77.1523438, 6.4000001, -63.6151847839
78.1457214, 6.4000001, -63.617931366
79.1390991, 6.4000001, -63.6211509705
80.1324768, 6.4000001, -63.6249237061
81.1258469, 6.4000001, -63.6293373108
82.1192245, 6.4000001, -63.6344909668
83.1126022, 6.4000001, -63.6405067444
84.1059799, 6.4000001, -63.6475143433
85.0993576, 6.4000001, -63.6556510925
86.0927277, 6.4000001, -63.6650810242
87.0861053, 6.4000001, -63.6759681702
88.079483, 6.4000001, -63.688495636
89.0728607, 6.4000001, -63.7028427124
90.0662384, 6.4000001, -63.7191810608
91.0596161, 6.4000001, -63.7376708984
92.0529861, 6.4000001, -63.7584457397
93.0463638, 6.4000001, -63.7815856934
94.0397415, 6.4000001, -63.8071098328
95.0331192, 6.4000001, -63.8349533081
96.0264969, 6.4000001, -63.8649673462
97.0198746, 6.4000001, -63.8968811035
98.0132446, 6.4000001, -63.9303398132
99.0066223, 6.4000001, -63.9648857117
9.55113983, 7.19999981, -70.1447753906
10.5342798, 7.19999981, -70.3700408936
11.5174198, 7.19999981, -70.5361862183
12.5005589, 7.19999981, -70.6621246338
13.4836988, 7.19999981, -70.7601699829
14.4668388, 7.19999981, -70.838470459
15.4499788, 7.19999981, -70.9025115967
16.4331188, 7.19999981, -70.9559783936
17.4162579, 7.19999981, -71.0014266968
18.3993969, 7.19999981, -71.0405960083
19.3825378, 7.19999981, -71.074760437
20.3656769, 7.19999981, -71.1048202515
21.3488178, 7.19999981, -71.1314620972
22.3319569, 7.19999981, -71.1551971436
23.3150959, 7.19999981, -71.1764068604
24.2982368, 7.19999981, -71.1953811646
25.2813759, 7.19999981, -71.2123565674
26.2645168, 7.19999981, -71.2275238037
27.2476559, 7.19999981, -71.2410354614
28.2307949, 7.19999981, -71.253036499
29.2139359, 7.19999981, -71.2636566162
30.1970749, 7.19999981, -71.2730178833
31.1802158, 7.19999981, -71.2812423706
32.163353, 7.19999981, -71.288444519
33.1464958, 7.19999981, -71.2947235107
34.1296349, 7.19999981, -71.3001861572
35.1127739, 7.19999981, -71.3049163818
36.0959129, 7.19999981, -71.3090133667
37.079052, 7.19999981, -71.3125534058
38.0621948, 7.19999981, -71.3156051636
39.0453339, 7.19999981, -71.3182296753
40.0284729, 7.19999981, -71.3204803467
41.0116119, 7.19999981, -71.3224182129
41.994751, 7.19999981, -71.3240814209
42.9778938, 7.19999981, -71.3255081177
43.9610329, 7.19999981, -71.3267364502
44.9441719, 7.19999981, -71.3277893066
45.9273109, 7.19999981, -71.3286895752
46.91045, 7.19999981, -71.3294677734
47.8935928, 7.19999981, -71.3301391602
48.8767319, 7.19999981, -71.3307266235
49.8598709, 7.19999981, -71.3312301636
50.8430099, 7.19999981, -71.3316802979
51.826149, 7.19999981, -71.3320770264
52.8092918, 7.19999981, -71.3324356079
53.7924309, 7.19999981, -71.3327636719
54.7755699, 7.19999981, -71.3330688477
55.758709, 7.19999981, -71.3333587646
56.741848, 7.19999981, -71.3336410522
57.7249908, 7.19999981, -71.3339233398
58.7081299, 7.19999981, -71.3342208862
59.6912689, 7.19999981, -71.3345336914
60.674408, 7.19999981, -71.3348693848
61.657547, 7.19999981, -71.3352432251
62.6406898, 7.19999981, -71.3356552124
63.6238289, 7.19999981, -71.3361206055
64.6069641, 7.19999981, -71.3366622925
65.5901108, 7.19999981, -71.3372802734
66.5732498, 7.19999981, -71.3379974365
67.5563889, 7.19999981, -71.3388290405
68.5395279, 7.19999981, -71.3397979736
69.5226669, 7.19999981, -71.3409347534
70.505806, 7.19999981, -71.3422622681
71.488945, 7.19999981, -71.3438186646
72.472084, 7.19999981, -71.3456420898
73.4552231, 7.19999981, -71.3477783203
74.4383621, 7.19999981, -71.3502807617
75.4215088, 7.19999981, -71.3532104492
76.4046478, 7.19999981, -71.3566513062
77.3877869, 7.19999981, -71.3606719971
78.3709259, 7.19999981, -71.3653793335
79.3540649, 7.19999981, -71.3708877563
80.337204, 7.19999981, -71.3773117065
81.320343, 7.19999981, -71.3848190308
82.3034821, 7.19999981, -71.3935623169
83.2866211, 7.19999981, -71.4037322998
84.2697601, 7.19999981, -71.4155502319
85.2529068, 7.19999981, -71.4292373657
86.2360458, 7.19999981, -71.44506073
87.2191849, 7.19999981, -71.4632949829
88.2023239, 7.19999981, -71.4842147827
89.185463, 7.19999981, -71.5081329346
90.168602, 7.19999981, -71.5353240967
91.151741, 7.19999981, -71.5660552979
92.1348801, 7.19999981, -71.6005172729
93.1180191, 7.19999981, -71.6388702393
94.1011581, 7.19999981, -71.6811294556
95.0843048, 7.19999981, -71.7272033691
96.0674438, 7.19999981, -71.77684021
97.0505829, 7.19999981, -71.8295974731
98.0337219, 7.19999981, -71.8848953247
99.016861, 7.19999981, -71.9419784546
10.4929028, 8.0, -77.6474609375
11.465806, 8.0, -77.8618164062
12.4387093, 8.0, -78.027961731
13.4116125, 8.0, -78.1598892212
14.3845158, 8.0, -78.2670288086
15.357419, 8.0, -78.3559112549
16.3303223, 8.0, -78.4310836792
17.3032265, 8.0, -78.4956665039
18.2761288, 8.0, -78.5518341064
19.249033, 8.0, -78.6011962891
20.2219353, 8.0, -78.6449279785
21.1948395, 8.0, -78.6839065552
22.1677418, 8.0, -78.7188110352
23.140646, 8.0, -78.7501449585
24.1135483, 8.0, -78.7783126831
25.0864525, 8.0, -78.8036117554
26.0593548, 8.0, -78.8263015747
27.032259, 8.0, -78.8465881348
28.0051613, 8.0, -78.8646621704
28.9780636, 8.0, -78.8807220459
29.9509678, 8.0, -78.8949203491
30.9238701, 8.0, -78.9074249268
31.8967743, 8.0, -78.9184036255
32.8696785, 8.0, -78.9280166626
33.8425789, 8.0, -78.9363937378
34.8154831, 8.0, -78.9436798096
35.7883873, 8.0, -78.9500045776
36.7612915, 8.0, -78.9554824829
37.7341919, 8.0, -78.9602127075
38.7070961, 8.0, -78.964302063
39.6800003, 8.0, -78.9678268433
40.6529045, 8.0, -78.9708557129
41.6258049, 8.0, -78.9734725952
42.5987091, 8.0, -78.9757156372
43.5716133, 8.0, -78.9776535034
44.5445175, 8.0, -78.9793167114
45.5174179, 8.0, -78.9807510376
46.4903221, 8.0, -78.9819869995
47.4632263, 8.0, -78.9830627441
48.4361305, 8.0, -78.9839935303
49.4090309, 8.0, -78.9848022461
50.3819351, 8.0, -78.9855194092
51.3548393, 8.0, -78.9861450195
52.3277435, 8.0, -78.9867172241
53.3006439, 8.0, -78.9872283936
54.2735481, 8.0, -78.9877090454
55.2464523, 8.0, -78.9881515503
56.2193565, 8.0, -78.9885940552
57.1922569, 8.0, -78.9890213013
58.1651611, 8.0, -78.9894638062
59.1380653, 8.0, -78.9899215698
60.1109695, 8.0, -78.9904098511
61.0838699, 8.0, -78.9909439087
62.0567741, 8.0, -78.9915313721
63.0296783, 8.0, -78.9921951294
64.0025787, 8.0, -78.9929428101
64.9754868, 8.0, -78.9938049316
65.9483871, 8.0, -78.9947967529
66.9212875, 8.0, -78.9959411621
67.8941956, 8.0, -78.9972686768
68.8670959, 8.0, -78.9988250732
69.8399963, 8.0, -79.0006256104
70.8129044, 8.0, -79.0027389526
71.7858047, 8.0, -79.0052032471
72.7587128, 8.0, -79.0080871582
73.7316132, 8.0, -79.0114517212
74.7045135, 8.0, -79.0153884888
75.6774216, 8.0, -79.0199890137
76.650322, 8.0, -79.0253677368
77.6232224, 8.0, -79.0316467285
78.5961304, 8.0, -79.0389709473
79.5690308, 8.0, -79.0475082397
80.5419388, 8.0, -79.0574569702
81.5148392, 8.0, -79.0690383911
82.4877396, 8.0, -79.0824890137
83.4606476, 8.0, -79.0981063843
84.433548, 8.0, -79.1162033081
85.4064484, 8.0, -79.1371154785
86.3793564, 8.0, -79.161239624
87.3522568, 8.0, -79.1889801025
88.3251648, 8.0, -79.2207641602
89.2980652, 8.0, -79.2570266724
90.2709656, 8.0, -79.2981948853
91.2438736, 8.0, -79.3446655273
92.216774, 8.0, -79.3967590332
93.1896744, 8.0, -79.4546737671
94.1625824, 8.0, -79.5184783936
95.1354828, 8.0, -79.5880279541
96.1083908, 8.0, -79.6629486084
97.0812912, 8.0, -79.7426147461
98.0541916, 8.0, -79.8261184692
99.0270996, 8.0, -79.9123458862
11.4346666, 8.80000019, -85.0165557861
12.3973331, 8.80000019, -85.2221755981
13.3599997, 8.80000019, -85.3891448975
14.3226671, 8.80000019, -85.5272140503
15.2853336, 8.80000019, -85.6435928345
16.2479992, 8.80000019, -85.7434997559
17.2106667, 8.80000019, -85.8304138184
18.1733341, 8.80000019, -85.9068222046
19.1359997, 8.80000019, -85.9745635986
20.0986671, 8.80000019, -86.0350189209
21.0613327, 8.80000019, -86.0892791748
22.0240002, 8.80000019, -86.1381454468
22.9866657, 8.80000019, -86.182258606
23.9493332, 8.80000019, -86.2220993042
24.9120007, 8.80000019, -86.2580413818
25.8746662, 8.80000019, -86.2904052734
26.8373337, 8.80000019, -86.3194580078
27.7999992, 8.80000019, -86.3454360962
28.7626667, 8.80000019, -86.3685760498
29.7253342, 8.80000019, -86.3890991211
30.6879997, 8.80000019, -86.4072418213
31.6506672, 8.80000019, -86.4232177734
32.6133347, 8.80000019, -86.4372253418
33.5760002, 8.80000019, -86.4494857788
34.5386658, 8.80000019, -86.4601745605
35.5013351, 8.80000019, -86.4694824219
36.4640007, 8.80000019, -86.4775619507
37.4266663, 8.80000019, -86.4845657349
38.3893318, 8.80000019, -86.4906311035
39.3520012, 8.80000019, -86.4958724976
40.3146667, 8.80000019, -86.5004043579
41.2773323, 8.80000019, -86.5043182373
42.2400017, 8.80000019, -86.5076904297
43.2026672, 8.80000019, -86.5106048584
44.1653328, 8.80000019, -86.5131225586
45.1279984, 8.80000019, -86.5152893066
46.0906677, 8.80000019, -86.5171737671
47.0533333, 8.80000019, -86.5187988281
48.0159988, 8.80000019, -86.5202178955
48.9786682, 8.80000019, -86.5214538574
49.9413338, 8.80000019, -86.5225372314
50.9039993, 8.80000019, -86.5234985352
51.8666649, 8.80000019, -86.5243606567
52.8293343, 8.80000019, -86.525138855
53.7919998, 8.80000019, -86.5258560181
54.7546654, 8.80000019, -86.5265274048
55.7173347, 8.80000019, -86.5271682739
56.6800003, 8.80000019, -86.5277938843
57.6426659, 8.80000019, -86.5284347534
58.6053352, 8.80000019, -86.529083252
59.5680008, 8.80000019, -86.5297698975
60.5306664, 8.80000019, -86.5305099487
61.4933319, 8.80000019, -86.5313262939
62.4560013, 8.80000019, -86.5322265625
63.4186668, 8.80000019, -86.533241272
64.3813324, 8.80000019, -86.5344009399
65.3440018, 8.80000019, -86.5357208252
66.3066635, 8.80000019, -86.5372467041
67.2693329, 8.80000019, -86.5390090942
68.2320023, 8.80000019, -86.5410461426
69.194664, 8.80000019, -86.5434188843
70.1573334, 8.80000019, -86.5461807251
71.1200027, 8.80000019, -86.5494003296
72.0826645, 8.80000019, -86.5531463623
73.0453339, 8.80000019, -86.557510376
74.0080032, 8.80000019, -86.5626068115
74.970665, 8.80000019, -86.5685424805
75.9333344, 8.80000019, -86.5754547119
76.8960037, 8.80000019, -86.5835113525
77.8586655, 8.80000019, -86.5928955078
78.8213348, 8.80000019, -86.6038131714
79.7839966, 8.80000019, -86.6165084839
80.746666, 8.80000019, -86.6312561035
81.7093353, 8.80000019, -86.6483688354
82.6719971, 8.80000019, -86.6682052612
83.6346664, 8.80000019, -86.6911697388
84.5973358, 8.80000019, -86.7177124023
85.5599976, 8.80000019, -86.7483215332
86.5226669, 8.80000019, -86.7835388184
87.4853363, 8.80000019, -86.82396698
88.447998, 8.80000019, -86.8702011108
89.4106674, 8.80000019, -86.9228744507
90.3733368, 8.80000019, -86.9826126099
91.3359985, 8.80000019, -87.0499801636
92.2986679, 8.80000019, -87.1254425049
93.2613297, 8.80000019, -87.2093276978
94.223999, 8.80000019, -87.3017349243
95.1866684, 8.80000019, -87.4024810791
96.1493301, 8.80000019, -87.5110473633
97.1119995, 8.80000019, -87.6265335083
98.0746689, 8.80000019, -87.7476577759
99.0373306, 8.80000019, -87.8727798462
12.3764305, 9.60000038, -92.3557434082
13.3288603, 9.60000038, -92.5534286499
14.2812901, 9.60000038, -92.7195510864
15.2337208, 9.60000038, -92.8616943359
16.1861496, 9.60000038, -92.985710144
17.1385803, 9.60000038, -93.0949859619
18.091011, 9.60000038, -93.1920166016
19.0434418, 9.60000038, -93.2787399292
19.9958706, 9.60000038, -93.3566894531
20.9483013, 9.60000038, -93.4270706177
21.900732, 9.60000038, -93.4908218384
22.8531609, 9.60000038, -93.5486450195
23.8055916, 9.60000038, -93.6011047363
24.7580223, 9.60000038, -93.6486206055
25.7104511, 9.60000038, -93.6915512085
26.6628819, 9.60000038, -93.7302017212
27.6153126, 9.60000038, -93.7648696899
28.5677414, 9.60000038, -93.7958297729
29.5201721, 9.60000038, -93.8233566284
30.4726028, 9.60000038, -93.8477401733
31.4250317, 9.60000038, -93.8692474365
32.3774605, 9.60000038, -93.888168335
33.3298912, 9.60000038, -93.9047470093
34.2823219, 9.60000038, -93.9192428589
35.2347527, 9.60000038, -93.931892395
36.1871834, 9.60000038, -93.9428939819
37.1396141, 9.60000038, -93.9524612427
38.0920448, 9.60000038, -93.9607620239
39.0444717, 9.60000038, -93.967956543
39.9969025, 9.60000038, -93.9741897583
40.9493332, 9.60000038, -93.9795761108
41.9017639, 9.60000038, -93.9842453003
42.8541946, 9.60000038, -93.9882736206
43.8066254, 9.60000038, -93.9917678833
44.7590523, 9.60000038, -93.9947891235
45.711483, 9.60000038, -93.9974060059
46.6639137, 9.60000038, -93.9996795654
47.6163445, 9.60000038, -94.001663208
48.5687752, 9.60000038, -94.0033950806
49.5212059, 9.60000038, -94.0049133301
50.4736328, 9.60000038, -94.0062561035
51.4260635, 9.60000038, -94.0074539185
52.3784943, 9.60000038, -94.0085372925
53.330925, 9.60000038, -94.0095214844
54.2833557, 9.60000038, -94.0104446411
55.2357864, 9.60000038, -94.0113143921
56.1882133, 9.60000038, -94.0121688843
57.1406441, 9.60000038, -94.0130081177
58.0930748, 9.60000038, -94.0138626099
59.0455055, 9.60000038, -94.014755249
59.9979362, 9.60000038, -94.0157089233
60.950367, 9.60000038, -94.0167388916
61.9027939, 9.60000038, -94.0178756714
62.8552246, 9.60000038, -94.0191421509
63.8076553, 9.60000038, -94.0205764771
64.7600861, 9.60000038, -94.0222091675
65.7125168, 9.60000038, -94.0240707397
66.6649475, 9.60000038, -94.026222229
67.6173782, 9.60000038, -94.0287017822
68.569809, 9.60000038, -94.031578064
69.5222397, 9.60000038, -94.03490448
70.4746704, 9.60000038, -94.0387802124
71.4270935, 9.60000038, -94.0432739258
72.3795242, 9.60000038, -94.048500061
73.331955, 9.60000038, -94.0545806885
74.2843857, 9.60000038, -94.0616531372
75.2368164, 9.60000038, -94.0698776245
76.1892471, 9.60000038, -94.0794372559
77.1416779, 9.60000038, -94.0905532837
78.0941086, 9.60000038, -94.1034545898
79.0465393, 9.60000038, -94.1184387207
79.99897, 9.60000038, -94.1358108521
80.9514008, 9.60000038, -94.1559524536
81.9038315, 9.60000038, -94.1792678833
82.8562546, 9.60000038, -94.206237793
83.8086853, 9.60000038, -94.2373886108
84.761116, 9.60000038, -94.2733078003
85.7135468, 9.60000038, -94.314666748
86.6659775, 9.60000038, -94.3621826172
87.6184082, 9.60000038, -94.416633606
88.5708389, 9.60000038, -94.4788360596
89.5232697, 9.60000038, -94.5496368408
90.4757004, 9.60000038, -94.6298828125
91.4281311, 9.60000038, -94.7203445435
92.3805618, 9.60000038, -94.821685791
93.3329926, 9.60000038, -94.9343719482
94.2854156, 9.60000038, -95.0585784912
95.2378464, 9.60000038, -95.1940994263
96.1902771, 9.60000038, -95.3402862549
97.1427078, 9.60000038, -95.4959335327
98.0951385, 9.60000038, -95.6593170166
99.0475693, 9.60000038, -95.8282165527
13.3181934, 10.3999996, -99.6332092285
14.2603874, 10.3999996, -99.8236236572
15.2025805, 10.3999996, -99.9889450073
16.1447735, 10.3999996, -100.136428833
17.0869675, 10.3999996, -100.268135071
18.0291615, 10.3999996, -100.386199951
18.9713554, 10.3999996, -100.49256134
19.9135475, 10.3999996, -100.58883667
20.8557415, 10.3999996, -100.676307678
21.7979355, 10.3999996, -100.755981445
22.7401295, 10.3999996, -100.828613281
23.6823235, 10.3999996, -100.894790649
24.6245155, 10.3999996, -100.954978943
25.5667095, 10.3999996, -101.009536743
26.5089035, 10.3999996, -101.058799744
27.4510975, 10.3999996, -101.103088379
28.3932896, 10.3999996, -101.142723083
29.3354836, 10.3999996, -101.178039551
30.2776775, 10.3999996, -101.209373474
31.2198715, 10.3999996, -101.237060547
32.1620636, 10.3999996, -101.261459351
33.1042595, 10.3999996, -101.282875061
34.0464516, 10.3999996, -101.301643372
34.9886436, 10.3999996, -101.31803894
35.9308395, 10.3999996, -101.332336426
36.8730316, 10.3999996, -101.344795227
37.8152275, 10.3999996, -101.355621338
38.7574196, 10.3999996, -101.365028381
39.6996117, 10.3999996, -101.373191833
40.6418076, 10.3999996, -101.380271912
41.5839996, 10.3999996, -101.386413574
42.5261917, 10.3999996, -101.391738892
43.4683876, 10.3999996, -101.396354675
44.4105797, 10.3999996, -101.400352478
45.3527756, 10.3999996, -101.403831482
46.2949677, 10.3999996, -101.406852722
47.2371597, 10.3999996, -101.409484863
48.1793556, 10.3999996, -101.41178894
49.1215477, 10.3999996, -101.413818359
50.0637436, 10.3999996, -101.415603638
51.0059357, 10.3999996, -101.417198181
51.9481277, 10.3999996, -101.418624878
52.8903236, 10.3999996, -101.419929504
53.8325157, 10.3999996, -101.421142578
54.7747078, 10.3999996, -101.422279358
55.7169037, 10.3999996, -101.423370361
56.6590958, 10.3999996, -101.424446106
57.6012917, 10.3999996, -101.42552948
58.5434837, 10.3999996, -101.426643372
59.4856758, 10.3999996, -101.427810669
60.4278717, 10.3999996, -101.429069519
61.3700638, 10.3999996, -101.43044281
62.3122597, 10.3999996, -101.43196106
63.2544518, 10.3999996, -101.433662415
64.1966476, 10.3999996, -101.435592651
65.1388397, 10.3999996, -101.437782288
66.0810318, 10.3999996, -101.440299988
67.0232239, 10.3999996, -101.443183899
67.965416, 10.3999996, -101.446517944
68.9076157, 10.3999996, -101.450378418
69.8498077, 10.3999996, -101.454841614
70.7919998, 10.3999996, -101.460014343
71.7341919, 10.3999996, -101.466011047
72.676384, 10.3999996, -101.472969055
73.6185837, 10.3999996, -101.481048584
74.5607758, 10.3999996, -101.49042511
75.5029678, 10.3999996, -101.501304626
76.4451599, 10.3999996, -101.513916016
77.387352, 10.3999996, -101.528541565
78.3295517, 10.3999996, -101.54549408
79.2717438, 10.3999996, -101.565124512
80.2139359, 10.3999996, -101.587837219
81.1561279, 10.3999996, -101.614112854
82.09832, 10.3999996, -101.644462585
83.0405197, 10.3999996, -101.679496765
83.9827118, 10.3999996, -101.71987915
84.9249039, 10.3999996, -101.766372681
85.8670959, 10.3999996, -101.81980896
86.809288, 10.3999996, -101.881118774
87.7514801, 10.3999996, -101.951293945
88.6936798, 10.3999996, -102.031394958
89.6358719, 10.3999996, -102.122528076
90.578064, 10.3999996, -102.225791931
91.520256, 10.3999996, -102.34223938
92.4624481, 10.3999996, -102.472763062
93.4046478, 10.3999996, -102.618034363
94.3468399, 10.3999996, -102.778358459
95.289032, 10.3999996, -102.953552246
96.2312241, 10.3999996, -103.142829895
97.1734161, 10.3999996, -103.344688416
98.1156158, 10.3999996, -103.556884766
99.0578079, 10.3999996, -103.776489258
14.2599573, 11.1999998, -106.875518799
15.1919136, 11.1999998, -107.067169189
16.1238708, 11.1999998, -107.237670898
17.0558281, 11.1999998, -107.390884399
17.9877853, 11.1999998, -107.529266357
18.9197426, 11.1999998, -107.654823303
19.8516998, 11.1999998, -107.769210815
20.7836552, 11.1999998, -107.873764038
21.7156124, 11.1999998, -107.969528198
22.6475697, 11.1999998, -108.057258606
23.5795269, 11.1999998, -108.137550354
24.5114841, 11.1999998, -108.210838318
25.4434414, 11.1999998, -108.27746582
26.3753986, 11.1999998, -108.337783813
27.307354, 11.1999998, -108.392112732
28.2393112, 11.1999998, -108.440811157
29.1712685, 11.1999998, -108.48425293
30.1032257, 11.1999998, -108.522850037
31.035183, 11.1999998, -108.556999207
31.9671402, 11.1999998, -108.587112427
32.8990974, 11.1999998, -108.613594055
33.8310547, 11.1999998, -108.636825562
34.7630119, 11.1999998, -108.657150269
35.6949692, 11.1999998, -108.67490387
36.6269264, 11.1999998, -108.690391541
37.5588799, 11.1999998, -108.703887939
38.4908371, 11.1999998, -108.715629578
39.4227943, 11.1999998, -108.725837708
40.3547516, 11.1999998, -108.734710693
41.2867088, 11.1999998, -108.742416382
42.2186661, 11.1999998, -108.74911499
43.1506233, 11.1999998, -108.754928589
44.0825806, 11.1999998, -108.759979248
45.0145378, 11.1999998, -108.764373779
45.9464951, 11.1999998, -108.768203735
46.8784523, 11.1999998, -108.77154541
47.8104095, 11.1999998, -108.774467468
48.7423668, 11.1999998, -108.777038574
49.674324, 11.1999998, -108.779304504
50.6062813, 11.1999998, -108.781326294
51.5382347, 11.1999998, -108.78313446
52.470192, 11.1999998, -108.78477478
53.4021492, 11.1999998, -108.7862854
54.3341064, 11.1999998, -108.787704468
55.2660637, 11.1999998, -108.789047241
56.1980209, 11.1999998, -108.790359497
57.1299782, 11.1999998, -108.791671753
58.0619354, 11.1999998, -108.792999268
58.9938927, 11.1999998, -108.794380188
59.9258499, 11.1999998, -108.795852661
60.8578072, 11.1999998, -108.797447205
61.7897644, 11.1999998, -108.799186707
62.7217216, 11.1999998, -108.801132202
63.6536789, 11.1999998, -108.803314209
64.5856323, 11.1999998, -108.805778503
65.5175934, 11.1999998, -108.808601379
66.4495468, 11.1999998, -108.811820984
67.3815079, 11.1999998, -108.81552887
68.3134613, 11.1999998, -108.819801331
69.2454224, 11.1999998, -108.824729919
70.1773758, 11.1999998, -108.830429077
71.1093369, 11.1999998, -108.837028503
72.0412903, 11.1999998, -108.844665527
72.9732437, 11.1999998, -108.853500366
73.9052048, 11.1999998, -108.863739014
74.8371582, 11.1999998, -108.875595093
75.7691193, 11.1999998, -108.889328003
76.7010727, 11.1999998, -108.905212402
77.6330338, 11.1999998, -108.923599243
78.5649872, 11.1999998, -108.944862366
79.4969482, 11.1999998, -108.969436646
80.4289017, 11.1999998, -108.997817993
81.3608627, 11.1999998, -109.030570984
82.2928162, 11.1999998, -109.068351746
83.2247772, 11.1999998, -109.111869812
84.1567307, 11.1999998, -109.161949158
85.0886917, 11.1999998, -109.219520569
86.0206451, 11.1999998, -109.285614014
86.9525986, 11.1999998, -109.361358643
87.8845596, 11.1999998, -109.447990417
88.8165131, 11.1999998, -109.546844482
89.7484741, 11.1999998, -109.659309387
90.6804276, 11.1999998, -109.78678894
91.6123886, 11.1999998, -109.930648804
92.544342, 11.1999998, -110.09210968
93.4763031, 11.1999998, -110.272117615
94.4082565, 11.1999998, -110.471183777
95.3402176, 11.1999998, -110.689201355
96.272171, 11.1999998, -110.925292969
97.2041321, 11.1999998, -111.177703857
98.1360855, 11.1999998, -111.443595886
99.0680466, 11.1999998, -111.719207764
15.2017202, 12.0, -114.095573425
16.1234417, 12.0, -114.286979675
17.0451622, 12.0, -114.460411072
17.9668808, 12.0, -114.618217468
18.8886013, 12.0, -114.762359619
19.8103218, 12.0, -114.89453125
20.7320423, 12.0, -115.016075134
21.6537628, 12.0, -115.128013611
22.5754833, 12.0, -115.23110199
23.4972038, 12.0, -115.325843811
24.4189243, 12.0, -115.412628174
25.3406448, 12.0, -115.491760254
26.2623653, 12.0, -115.563529968
27.1840858, 12.0, -115.62827301
28.1058064, 12.0, -115.68636322
29.0275269, 12.0, -115.738227844
29.9492474, 12.0, -115.784332275
30.8709679, 12.0, -115.825149536
31.7926884, 12.0, -115.861175537
32.7144089, 12.0, -115.892875671
33.6361275, 12.0, -115.920707703
34.5578499, 12.0, -115.945091248
35.4795685, 12.0, -115.966423035
36.4012909, 12.0, -115.985046387
37.3230095, 12.0, -116.001304626
38.2447319, 12.0, -116.015472412
39.1664505, 12.0, -116.027809143
40.0881729, 12.0, -116.038551331
41.0098915, 12.0, -116.047897339
41.9316139, 12.0, -116.056037903
42.8533325, 12.0, -116.063110352
43.7750549, 12.0, -116.069274902
44.6967735, 12.0, -116.074638367
45.6184959, 12.0, -116.079322815
46.5402145, 12.0, -116.08341217
47.461937, 12.0, -116.086990356
48.3836555, 12.0, -116.090141296
49.305378, 12.0, -116.092926025
50.2270966, 12.0, -116.09539032
51.148819, 12.0, -116.097602844
52.0705376, 12.0, -116.099609375
52.9922562, 12.0, -116.10144043
53.9139786, 12.0, -116.103149414
54.8356972, 12.0, -116.104759216
55.7574196, 12.0, -116.106315613
56.6791382, 12.0, -116.107849121
57.6008606, 12.0, -116.109397888
58.5225792, 12.0, -116.110992432
59.4443016, 12.0, -116.112663269
60.3660202, 12.0, -116.114456177
61.2877426, 12.0, -116.116409302
62.2094612, 12.0, -116.118560791
63.1311836, 12.0, -116.12096405
64.0529022, 12.0, -116.123664856
64.9746246, 12.0, -116.126731873
65.896347, 12.0, -116.130233765
66.8180618, 12.0, -116.134239197
67.7397842, 12.0, -116.138832092
68.6615067, 12.0, -116.144126892
69.5832291, 12.0, -116.150230408
70.5049438, 12.0, -116.157279968
71.4266663, 12.0, -116.165412903
72.3483887, 12.0, -116.174812317
73.2701111, 12.0, -116.185684204
74.1918259, 12.0, -116.198242188
75.1135483, 12.0, -116.212760925
76.0352707, 12.0, -116.229530334
76.9569855, 12.0, -116.248908997
77.8787079, 12.0, -116.271286011
78.8004303, 12.0, -116.297111511
79.7221527, 12.0, -116.326904297
80.6438675, 12.0, -116.361251831
81.5655899, 12.0, -116.400817871
82.4873123, 12.0, -116.446365356
83.4090347, 12.0, -116.498748779
84.3307495, 12.0, -116.558944702
85.2524719, 12.0, -116.628051758
86.1741943, 12.0, -116.707298279
87.0959167, 12.0, -116.798057556
88.0176315, 12.0, -116.901817322
88.9393539, 12.0, -117.020195007
89.8610764, 12.0, -117.154899597
90.7827988, 12.0, -117.30771637
91.7045135, 12.0, -117.480392456
92.626236, 12.0, -117.674568176
93.5479584, 12.0, -117.891555786
94.4696808, 12.0, -118.13218689
95.3913956, 12.0, -118.396537781
96.313118, 12.0, -118.683692932
97.2348404, 12.0, -118.991630554
98.1565628, 12.0, -119.316993713
99.0782776, 12.0, -119.655029297
16.1434841, 12.8000002, -121.273147583
17.0549679, 12.8000002, -121.465667725
17.9664516, 12.8000002, -121.642082214
18.8779354, 12.8000002, -121.804237366
19.7894192, 12.8000002, -121.953872681
20.7009029, 12.8000002, -122.092353821
21.6123867, 12.8000002, -122.220657349
22.5238705, 12.8000002, -122.339424133
23.4353542, 12.8000002, -122.449066162
24.346838, 12.8000002, -122.549842834
25.2583218, 12.8000002, -122.641960144
26.1698055, 12.8000002, -122.725646973
27.0812912, 12.8000002, -122.801200867
27.992775, 12.8000002, -122.869018555
28.9042587, 12.8000002, -122.929573059
29.8157425, 12.8000002, -122.983406067
30.7272263, 12.8000002, -123.031082153
31.63871, 12.8000002, -123.073158264
32.5501938, 12.8000002, -123.110206604
33.4616776, 12.8000002, -123.142753601
34.3731613, 12.8000002, -123.171287537
35.2846451, 12.8000002, -123.196281433
36.1961288, 12.8000002, -123.218132019
37.1076126, 12.8000002, -123.237220764
38.0190964, 12.8000002, -123.253883362
38.9305801, 12.8000002, -123.268417358
39.8420639, 12.8000002, -123.281089783
40.7535477, 12.8000002, -123.292137146
41.6650314, 12.8000002, -123.301765442
42.5765152, 12.8000002, -123.310157776
43.487999, 12.8000002, -123.317474365
44.3994827, 12.8000002, -123.323860168
45.3109665, 12.8000002, -123.329437256
46.2224503, 12.8000002, -123.334320068
47.133934, 12.8000002, -123.338600159
48.0454178, 12.8000002, -123.34236145
48.9569016, 12.8000002, -123.345680237
49.8683853, 12.8000002, -123.348632812
50.7798691, 12.8000002, -123.351272583
51.6913567, 12.8000002, -123.353652954
52.6028404, 12.8000002, -123.355827332
53.5143242, 12.8000002, -123.357833862
54.425808, 12.8000002, -123.359725952
55.3372917, 12.8000002, -123.361534119
56.2487755, 12.8000002, -123.363304138
57.1602592, 12.8000002, -123.365066528
58.071743, 12.8000002, -123.366867065
58.9832268, 12.8000002, -123.368743896
59.8947105, 12.8000002, -123.370727539
60.8061943, 12.8000002, -123.37286377
61.7176781, 12.8000002, -123.375213623
62.6291618, 12.8000002, -123.377807617
63.5406456, 12.8000002, -123.380714417
64.4521255, 12.8000002, -123.383995056
65.3636093, 12.8000002, -123.387718201
66.2750931, 12.8000002, -123.391967773
67.1865768, 12.8000002, -123.396827698
68.0980682, 12.8000002, -123.402404785
69.009552, 12.8000002, -123.408813477
69.9210358, 12.8000002, -123.416191101
70.8325195, 12.8000002, -123.424690247
71.7440033, 12.8000002, -123.434494019
72.6554871, 12.8000002, -123.445808411
73.5669708, 12.8000002, -123.458854675
74.4784546, 12.8000002, -123.473899841
75.3899384, 12.8000002, -123.491264343
76.3014221, 12.8000002, -123.511291504
77.2129059, 12.8000002, -123.534378052
78.1243896, 12.8000002, -123.56098938
79.0358734, 12.8000002, -123.591644287
79.9473572, 12.8000002, -123.626945496
80.8588409, 12.8000002, -123.667564392
81.7703247, 12.8000002, -123.714286804
82.6818085, 12.8000002, -123.767967224
83.5932922, 12.8000002, -123.829605103
84.504776, 12.8000002, -123.900337219
85.4162598, 12.8000002, -123.981437683
86.3277435, 12.8000002, -124.074356079
87.2392273, 12.8000002, -124.180709839
88.1507111, 12.8000002, -124.302268982
89.0621948, 12.8000002, -124.440963745
89.9736786, 12.8000002, -124.598884583
90.8851624, 12.8000002, -124.778236389
91.7966461, 12.8000002, -124.981269836
92.7081299, 12.8000002, -125.210151672
93.6196136, 12.8000002, -125.46672821
94.5310974, 12.8000002, -125.75227356
95.4425812, 12.8000002, -126.067214966
96.3540649, 12.8000002, -126.410812378
97.2655487, 12.8000002, -126.780784607
98.1770325, 12.8000002, -127.173164368
99.0885162, 12.8000002, -127.582069397
17.085247, 13.6000004, -128.433349609
17.9864941, 13.6000004, -128.627075195
18.8877411, 13.6000004, -128.806015015
19.78899, 13.6000004, -128.972244263
20.690237, 13.6000004, -129.127120972
21.5914841, 13.6000004, -129.271499634
22.4927311, 13.6000004, -129.405883789
23.3939781, 13.6000004, -129.530487061
24.2952251, 13.6000004, -129.645401001
25.1964722, 13.6000004, -129.750640869
26.0977211, 13.6000004, -129.846343994
26.9989681, 13.6000004, -129.932739258
27.9002151, 13.6000004, -130.010269165
28.8014622, 13.6000004, -130.079437256
29.7027092, 13.6000004, -130.140899658
30.6039562, 13.6000004, -130.195297241
31.5052052, 13.6000004, -130.243301392
32.4064522, 13.6000004, -130.285552979
33.3076973, 13.6000004, -130.322692871
34.2089462, 13.6000004, -130.355270386
35.1101952, 13.6000004, -130.38381958
36.0114403, 13.6000004, -130.408798218
36.9126892, 13.6000004, -130.430664062
37.8139343, 13.6000004, -130.449752808
38.7151833, 13.6000004, -130.466445923
39.6164284, 13.6000004, -130.481002808
40.5176773, 13.6000004, -130.493728638
41.4189262, 13.6000004, -130.504821777
42.3201714, 13.6000004, -130.514526367
43.2214203, 13.6000004, -130.522979736
44.1226654, 13.6000004, -130.530380249
45.0239143, 13.6000004, -130.536849976
45.9251595, 13.6000004, -130.542510986
46.8264084, 13.6000004, -130.547485352
47.7276573, 13.6000004, -130.551864624
48.6289024, 13.6000004, -130.555740356
49.5301514, 13.6000004, -130.559173584
50.4313965, 13.6000004, -130.562240601
51.3326454, 13.6000004, -130.565002441
52.2338943, 13.6000004, -130.567504883
53.1351395, 13.6000004, -130.569824219
54.0363884, 13.6000004, -130.571990967
54.9376335, 13.6000004, -130.574050903
55.8388824, 13.6000004, -130.576049805
56.7401276, 13.6000004, -130.578018188
57.6413765, 13.6000004, -130.580001831
58.5426254, 13.6000004, -130.582061768
59.4438705, 13.6000004, -130.584213257
60.3451195, 13.6000004, -130.586517334
61.2463646, 13.6000004, -130.589019775
62.1476135, 13.6000004, -130.591781616
63.0488586, 13.6000004, -130.594848633
63.9501076, 13.6000004, -130.59828186
64.8513565, 13.6000004, -130.602157593
65.7526016, 13.6000004, -130.606567383
66.6538467, 13.6000004, -130.611602783
67.5550995, 13.6000004, -130.617355347
68.4563446, 13.6000004, -130.623947144
69.3575897, 13.6000004, -130.631515503
70.2588425, 13.6000004, -130.640213013
71.1600876, 13.6000004, -130.650238037
72.0613327, 13.6000004, -130.661758423
72.9625778, 13.6000004, -130.675033569
73.8638306, 13.6000004, -130.690307617
74.7650757, 13.6000004, -130.70791626
75.6663208, 13.6000004, -130.728179932
76.5675735, 13.6000004, -130.75151062
77.4688187, 13.6000004, -130.778366089
78.3700638, 13.6000004, -130.809265137
79.2713089, 13.6000004, -130.844787598
80.1725616, 13.6000004, -130.885635376
81.0738068, 13.6000004, -130.932556152
81.9750519, 13.6000004, -130.986434937
82.8763046, 13.6000004, -131.048248291
83.7775497, 13.6000004, -131.119110107
84.6787949, 13.6000004, -131.200286865
85.58004, 13.6000004, -131.293289185
86.4812927, 13.6000004, -131.399765015
87.3825378, 13.6000004, -131.521591187
88.283783, 13.6000004, -131.660827637
89.1850357, 13.6000004, -131.819763184
90.0862808, 13.6000004, -132.000854492
90.9875259, 13.6000004, -132.206802368
91.8887711, 13.6000004, -132.440490723
92.7900238, 13.6000004, -132.704788208
93.6912689, 13.6000004, -133.002227783
94.592514, 13.6000004, -133.334747314
95.4937668, 13.6000004, -133.703338623
96.3950119, 13.6000004, -134.107620239
97.296257, 13.6000004, -134.54536438
98.1975021, 13.6000004, -135.011962891
99.0987549, 13.6000004, -135.500061035
18.02701, 14.3999996, -135.570098877
18.9180222, 14.3999996, -135.764328003
19.8090324, 14.3999996, -135.946289062
20.7000427, 14.3999996, -136.117126465
21.591053, 14.3999996, -136.277435303
22.4820652, 14.3999996, -136.427490234
23.3730755, 14.3999996, -136.56729126
24.2640858, 14.3999996, -136.696578979
25.1550961, 14.3999996, -136.815155029
26.0461082, 14.3999996, -136.922958374
26.9371185, 14.3999996, -137.020202637
27.8281288, 14.3999996, -137.107315063
28.7191391, 14.3999996, -137.184936523
29.6101513, 14.3999996, -137.253799438
30.5011616, 14.3999996, -137.314666748
31.3921719, 14.3999996, -137.368347168
32.2831841, 14.3999996, -137.415588379
33.1741943, 14.3999996, -137.457092285
34.0652046, 14.3999996, -137.493530273
34.9562149, 14.3999996, -137.52545166
35.8472252, 14.3999996, -137.553421021
36.7382355, 14.3999996, -137.577911377
37.6292458, 14.3999996, -137.599334717
38.5202599, 14.3999996, -137.618087769
39.4112701, 14.3999996, -137.634460449
40.3022804, 14.3999996, -137.648788452
41.1932907, 14.3999996, -137.661315918
42.084301, 14.3999996, -137.672271729
42.9753113, 14.3999996, -137.681838989
43.8663216, 14.3999996, -137.690231323
44.7573318, 14.3999996, -137.697570801
45.6483459, 14.3999996, -137.70401001
46.5393562, 14.3999996, -137.709655762
47.4303665, 14.3999996, -137.714645386
48.3213768, 14.3999996, -137.719055176
49.2123871, 14.3999996, -137.722961426
50.1033974, 14.3999996, -137.72644043
50.9944077, 14.3999996, -137.72958374
51.8854179, 14.3999996, -137.732437134
52.7764282, 14.3999996, -137.735046387
53.6674423, 14.3999996, -137.737487793
54.5584526, 14.3999996, -137.739776611
55.4494629, 14.3999996, -137.741989136
56.3404732, 14.3999996, -137.744155884
57.2314835, 14.3999996, -137.746337891
58.1224937, 14.3999996, -137.748550415
59.013504, 14.3999996, -137.750854492
59.9045143, 14.3999996, -137.753295898
60.7955284, 14.3999996, -137.755935669
61.6865387, 14.3999996, -137.75881958
62.577549, 14.3999996, -137.761993408
63.4685593, 14.3999996, -137.765548706
64.3595734, 14.3999996, -137.76953125
65.2505798, 14.3999996, -137.774047852
66.1415939, 14.3999996, -137.779174805
67.0326004, 14.3999996, -137.785003662
67.9236145, 14.3999996, -137.791687012
68.814621, 14.3999996, -137.799331665
69.7056351, 14.3999996, -137.80809021
70.5966415, 14.3999996, -137.818161011
71.4876556, 14.3999996, -137.829711914
72.3786697, 14.3999996, -137.843002319
73.2696762, 14.3999996, -137.858276367
74.1606903, 14.3999996, -137.875839233
75.0516968, 14.3999996, -137.896026611
75.9427109, 14.3999996, -137.919219971
76.8337173, 14.3999996, -137.945892334
77.7247314, 14.3999996, -137.976516724
78.6157455, 14.3999996, -138.011703491
79.506752, 14.3999996, -138.052108765
80.3977661, 14.3999996, -138.098464966
81.2887726, 14.3999996, -138.151657104
82.1797867, 14.3999996, -138.212646484
83.0707932, 14.3999996, -138.282516479
83.9618073, 14.3999996, -138.362426758
84.8528137, 14.3999996, -138.453842163
85.7438278, 14.3999996, -138.558486938
86.6348419, 14.3999996, -138.678253174
87.5258484, 14.3999996, -138.815246582
88.4168625, 14.3999996, -138.971832275
89.307869, 14.3999996, -139.150634766
90.1988831, 14.3999996, -139.354568481
91.0898895, 14.3999996, -139.586837769
91.9809036, 14.3999996, -139.850982666
92.8719177, 14.3999996, -140.151107788
93.7629242, 14.3999996, -140.490722656
94.6539383, 14.3999996, -140.872192383
95.5449448, 14.3999996, -141.297531128
96.4359589, 14.3999996, -141.767196655
97.3269653, 14.3999996, -142.279266357
98.2179794, 14.3999996, -142.82862854
99.1089859, 14.3999996, -143.406387329
18.9687748, 15.1999998, -142.675292969
19.8495483, 15.1999998, -142.872344971
20.7303219, 15.1999998, -143.058898926
21.6110973, 15.1999998, -143.235153198
22.4918709, 15.1999998, -143.401153564
23.3726444, 15.1999998, -143.556503296
24.2534199, 15.1999998, -143.700576782
25.1341934, 15.1999998, -143.832748413
26.014967, 15.1999998, -143.952758789
26.8957424, 15.1999998, -144.06072998
27.776516, 15.1999998, -144.157211304
28.6572895, 15.1999998, -144.242935181
29.538065, 15.1999998, -144.318817139
30.4188385, 15.1999998, -144.385787964
31.299612, 15.1999998, -144.444763184
32.1803856, 15.1999998, -144.496627808
33.061161, 15.1999998, -144.542175293
33.9419365, 15.1999998, -144.582168579
34.8227081, 15.1999998, -144.617233276
35.7034836, 15.1999998, -144.647964478
36.584259, 15.1999998, -144.67489624
37.4650307, 15.1999998, -144.698486328
38.3458061, 15.1999998, -144.71913147
39.2265816, 15.1999998, -144.737213135
40.1073532, 15.1999998, -144.753051758
40.9881287, 15.1999998, -144.766906738
41.8689041, 15.1999998, -144.779052734
42.7496758, 15.1999998, -144.789672852
43.6304512, 15.1999998, -144.798995972
44.5112267, 15.1999998, -144.807174683
45.3919983, 15.1999998, -144.814346313
46.2727737, 15.1999998, -144.820663452
47.1535492, 15.1999998, -144.826217651
48.0343208, 15.1999998, -144.83114624
48.9150963, 15.1999998, -144.835510254
49.7958717, 15.1999998, -144.839416504
50.6766434, 15.1999998, -144.842910767
51.5574188, 15.1999998, -144.846084595
52.4381943, 15.1999998, -144.848999023
53.3189659, 15.1999998, -144.85168457
54.1997414, 15.1999998, -144.854217529
55.0805168, 15.1999998, -144.856628418
55.9612885, 15.1999998, -144.85899353
56.8420639, 15.1999998, -144.861328125
57.7228394, 15.1999998, -144.863693237
58.6036148, 15.1999998, -144.866134644
59.4843864, 15.1999998, -144.86869812
60.3651619, 15.1999998, -144.871444702
61.2459373, 15.1999998, -144.874420166
62.126709, 15.1999998, -144.877685547
63.0074844, 15.1999998, -144.88130188
63.8882599, 15.1999998, -144.885345459
64.7690353, 15.1999998, -144.889907837
65.6498032, 15.1999998, -144.895050049
66.5305786, 15.1999998, -144.900909424
67.4113541, 15.1999998, -144.907592773
68.2921295, 15.1999998, -144.915206909
69.172905, 15.1999998, -144.923919678
70.0536804, 15.1999998, -144.933914185
70.9344482, 15.1999998, -144.945358276
71.8152237, 15.1999998, -144.958480835
72.6959991, 15.1999998, -144.973556519
73.5767746, 15.1999998, -144.990844727
74.45755, 15.1999998, -145.010696411
75.3383255, 15.1999998, -145.033462524
76.2190933, 15.1999998, -145.05960083
77.0998688, 15.1999998, -145.089569092
77.9806442, 15.1999998, -145.123962402
78.8614197, 15.1999998, -145.163391113
79.7421951, 15.1999998, -145.208587646
80.6229706, 15.1999998, -145.260391235
81.5037384, 15.1999998, -145.319732666
82.3845139, 15.1999998, -145.387695312
83.2652893, 15.1999998, -145.465454102
84.1460648, 15.1999998, -145.554428101
85.0268402, 15.1999998, -145.656219482
85.9076157, 15.1999998, -145.772720337
86.7883835, 15.1999998, -145.906005859
87.6691589, 15.1999998, -146.058441162
88.5499344, 15.1999998, -146.232696533
89.4307098, 15.1999998, -146.431777954
90.3114853, 15.1999998, -146.6590271
91.1922607, 15.1999998, -146.918258667
92.0730286, 15.1999998, -147.2137146
92.953804, 15.1999998, -147.549911499
93.8345795, 15.1999998, -147.931335449
94.7153549, 15.1999998, -148.362182617
95.5961304, 15.1999998, -148.845916748
96.4769058, 15.1999998, -149.384567261
97.3576736, 15.1999998, -149.977294922
98.2384491, 15.1999998, -150.618896484
99.1192245, 15.1999998, -151.298599243
19.9105377, 16.0, -149.766311646
20.7810745, 16.0, -149.968414307
21.6516132, 16.0, -150.160583496
22.52215, 16.0, -150.34274292
23.3926888, 16.0, -150.514129639
24.2632256, 16.0, -150.673400879
25.1337643, 16.0, -150.819320679
26.0043011, 16.0, -150.95135498
26.8748379, 16.0, -151.069625854
27.7453766, 16.0, -151.174835205
28.6159134, 16.0, -151.267959595
29.4864521, 16.0, -151.350128174
30.3569889, 16.0, -151.422470093
31.2275276, 16.0, -151.486083984
32.0980644, 16.0, -151.541976929
32.9686012, 16.0, -151.591033936
33.839138, 16.0, -151.634094238
34.7096786, 16.0, -151.671875
35.5802155, 16.0, -151.705001831
36.4507523, 16.0, -151.734054565
37.3212891, 16.0, -151.759521484
38.1918297, 16.0, -151.781860352
39.0623665, 16.0, -151.801437378
39.9329033, 16.0, -151.818588257
40.8034401, 16.0, -151.833633423
41.6739769, 16.0, -151.846832275
42.5445175, 16.0, -151.858413696
43.4150543, 16.0, -151.868560791
44.2855911, 16.0, -151.877487183
45.1561279, 16.0, -151.8853302
46.0266685, 16.0, -151.892242432
46.8972054, 16.0, -151.898330688
47.7677422, 16.0, -151.9037323
48.638279, 16.0, -151.90852356
49.5088158, 16.0, -151.912796021
50.3793564, 16.0, -151.916641235
51.2498932, 16.0, -151.92010498
52.12043, 16.0, -151.923278809
52.9909668, 16.0, -151.926193237
53.8615036, 16.0, -151.928939819
54.7320442, 16.0, -151.931549072
55.602581, 16.0, -151.934066772
56.4731178, 16.0, -151.936538696
57.3436546, 16.0, -151.939025879
58.2141953, 16.0, -151.941574097
59.0847321, 16.0, -151.944229126
59.9552689, 16.0, -151.947052002
60.8258057, 16.0, -151.950088501
61.6963425, 16.0, -151.953399658
62.5668831, 16.0, -151.957046509
63.4374199, 16.0, -151.961090088
64.3079605, 16.0, -151.965637207
65.1784973, 16.0, -151.97076416
66.0490341, 16.0, -151.976547241
66.9195709, 16.0, -151.983139038
67.7901077, 16.0, -151.990631104
68.6606445, 16.0, -151.999191284
69.5311813, 16.0, -152.008956909
70.4017181, 16.0, -152.020141602
71.2722549, 16.0, -152.032943726
72.1427994, 16.0, -152.047592163
73.0133362, 16.0, -152.06439209
73.883873, 16.0, -152.083633423
74.7544098, 16.0, -152.105682373
75.6249466, 16.0, -152.130950928
76.4954834, 16.0, -152.159881592
77.3660202, 16.0, -152.19303894
78.236557, 16.0, -152.230987549
79.1070938, 16.0, -152.27444458
79.9776306, 16.0, -152.324188232
80.848175, 16.0, -152.381103516
81.7187119, 16.0, -152.446228027
82.5892487, 16.0, -152.520721436
83.4597855, 16.0, -152.605911255
84.3303223, 16.0, -152.703323364
85.2008591, 16.0, -152.814758301
86.0713959, 16.0, -152.942230225
86.9419327, 16.0, -153.088058472
87.8124695, 16.0, -153.254821777
88.6830139, 16.0, -153.445465088
89.5535507, 16.0, -153.663330078
90.4240875, 16.0, -153.912261963
91.2946243, 16.0, -154.196609497
92.1651611, 16.0, -154.521286011
93.0356979, 16.0, -154.891677856
93.9062347, 16.0, -155.313613892
94.7767715, 16.0, -155.793075562
95.6473083, 16.0, -156.335876465
96.5178528, 16.0, -156.946640015
97.3883896, 16.0, -157.626907349
98.2589264, 16.0, -158.372528076
99.1294632, 16.0, -159.170883179
20.8523006, 16.7999992, -156.839904785
21.7126026, 16.7999992, -157.048080444
22.5729027, 16.7999992, -157.247116089
23.4332047, 16.7999992, -157.435623169
24.2935047, 16.7999992, -157.610992432
25.1538067, 16.7999992, -157.771026611
26.0141068, 16.7999992, -157.914855957
26.8744087, 16.7999992, -158.042770386
27.7347088, 16.7999992, -158.155822754
28.5950108, 16.7999992, -158.255371094
29.4553127, 16.7999992, -158.342880249
30.3156128, 16.7999992, -158.419708252
31.1759148, 16.7999992, -158.487136841
32.0362167, 16.7999992, -158.546325684
32.8965149, 16.7999992, -158.598251343
33.7568169, 16.7999992, -158.643814087
34.6171188, 16.7999992, -158.683807373
35.4774208, 16.7999992, -158.718902588
36.337719, 16.7999992, -158.749694824
37.1980209, 16.7999992, -158.776733398
38.0583229, 16.7999992, -158.800460815
38.9186249, 16.7999992, -158.821273804
39.778923, 16.7999992, -158.839553833
40.639225, 16.7999992, -158.855606079
41.499527, 16.7999992, -158.869689941
42.3598289, 16.7999992, -158.882080078
43.2201309, 16.7999992, -158.892959595
44.0804291, 16.7999992, -158.902526855
44.940731, 16.7999992, -158.910949707
45.801033, 16.7999992, -158.918380737
46.661335, 16.7999992, -158.924942017
47.5216331, 16.7999992, -158.930755615
48.3819351, 16.7999992, -158.935913086
49.2422371, 16.7999992, -158.94052124
50.1025391, 16.7999992, -158.944656372
50.9628372, 16.7999992, -158.948394775
51.8231392, 16.7999992, -158.951797485
52.6834412, 16.7999992, -158.954940796
53.5437431, 16.7999992, -158.957855225
54.4040413, 16.7999992, -158.960617065
55.2643433, 16.7999992, -158.963272095
56.1246452, 16.7999992, -158.965881348
56.9849472, 16.7999992, -158.968475342
57.8452492, 16.7999992, -158.971099854
58.7055473, 16.7999992, -158.973831177
59.5658493, 16.7999992, -158.97668457
60.4261513, 16.7999992, -158.979751587
61.2864532, 16.7999992, -158.983062744
62.1467514, 16.7999992, -158.986694336
63.0070534, 16.7999992, -158.990722656
63.8673553, 16.7999992, -158.995193481
64.7276535, 16.7999992, -159.000228882
65.5879593, 16.7999992, -159.005905151
66.4482574, 16.7999992, -159.012329102
67.3085556, 16.7999992, -159.019607544
68.1688614, 16.7999992, -159.027908325
69.0291595, 16.7999992, -159.037368774
69.8894653, 16.7999992, -159.048156738
70.7497635, 16.7999992, -159.060501099
71.6100616, 16.7999992, -159.074584961
72.4703674, 16.7999992, -159.090713501
73.3306656, 16.7999992, -159.109161377
74.1909714, 16.7999992, -159.130264282
75.0512695, 16.7999992, -159.154403687
75.9115677, 16.7999992, -159.182006836
76.7718735, 16.7999992, -159.213592529
77.6321716, 16.7999992, -159.249710083
78.4924698, 16.7999992, -159.291000366
79.3527756, 16.7999992, -159.338195801
80.2130737, 16.7999992, -159.392120361
81.0733795, 16.7999992, -159.453781128
81.9336777, 16.7999992, -159.524230957
82.7939758, 16.7999992, -159.604705811
83.6542816, 16.7999992, -159.696670532
84.5145798, 16.7999992, -159.801757812
85.3748779, 16.7999992, -159.921890259
86.2351837, 16.7999992, -160.059356689
87.0954819, 16.7999992, -160.216674805
87.9557877, 16.7999992, -160.396514893
88.8160858, 16.7999992, -160.602081299
89.676384, 16.7999992, -160.837051392
90.5366898, 16.7999992, -161.105682373
91.3969879, 16.7999992, -161.412902832
92.2572937, 16.7999992, -161.764343262
93.1175919, 16.7999992, -162.166442871
93.97789, 16.7999992, -162.62651062
94.8381958, 16.7999992, -163.152664185
95.698494, 16.7999992, -163.753707886
96.5587921, 16.7999992, -164.438247681
97.4190979, 16.7999992, -165.212600708
98.2793961, 16.7999992, -166.076049805
99.1397018, 16.7999992, -167.015106201
21.7940636, 17.6000004, -163.89805603
22.6441288, 17.6000004, -164.116073608
23.494194, 17.6000004, -164.324630737
24.3442574, 17.6000004, -164.518447876
25.1943226, 17.6000004, -164.693634033
26.0443878, 17.6000004, -164.849243164
26.8944511, 17.6000004, -164.986160278
27.7445164, 17.6000004, -165.106140137
28.5945797, 17.6000004, -165.211151123
29.4446449, 17.6000004, -165.30305481
30.2947102, 17.6000004, -165.383514404
31.1447735, 17.6000004, -165.454025269
31.9948387, 17.6000004, -165.515823364
32.844902, 17.6000004, -165.570053101
33.6949692, 17.6000004, -165.617645264
34.5450325, 17.6000004, -165.659423828
35.3950958, 17.6000004, -165.696105957
36.245163, 17.6000004, -165.72833252
37.0952263, 17.6000004, -165.756652832
37.9452896, 17.6000004, -165.781524658
38.7953529, 17.6000004, -165.803390503
39.6454201, 17.6000004, -165.822601318
40.4954834, 17.6000004, -165.839508057
41.3455467, 17.6000004, -165.854354858
42.1956139, 17.6000004, -165.867431641
43.0456772, 17.6000004, -165.878936768
43.8957405, 17.6000004, -165.889068604
44.7458076, 17.6000004, -165.897994995
45.595871, 17.6000004, -165.905883789
46.4459343, 17.6000004, -165.912857056
47.2960014, 17.6000004, -165.919052124
48.1460648, 17.6000004, -165.924545288
48.9961281, 17.6000004, -165.929443359
49.8461952, 17.6000004, -165.933853149
50.6962585, 17.6000004, -165.937820435
51.5463219, 17.6000004, -165.941436768
52.3963852, 17.6000004, -165.944763184
53.2464523, 17.6000004, -165.947845459
54.0965157, 17.6000004, -165.950744629
54.946579, 17.6000004, -165.953521729
55.7966461, 17.6000004, -165.956237793
56.6467094, 17.6000004, -165.958908081
57.4967728, 17.6000004, -165.961608887
58.3468399, 17.6000004, -165.964370728
59.1969032, 17.6000004, -165.967269897
60.0469666, 17.6000004, -165.970336914
60.8970337, 17.6000004, -165.973632812
61.747097, 17.6000004, -165.977233887
62.5971603, 17.6000004, -165.981185913
63.4472275, 17.6000004, -165.985580444
64.297287, 17.6000004, -165.990493774
65.1473541, 17.6000004, -165.996002197
65.9974213, 17.6000004, -166.002227783
66.8474808, 17.6000004, -166.009262085
67.6975479, 17.6000004, -166.01725769
68.5476151, 17.6000004, -166.026351929
69.3976746, 17.6000004, -166.036697388
70.2477417, 17.6000004, -166.048492432
71.0978088, 17.6000004, -166.061950684
71.9478683, 17.6000004, -166.077316284
72.7979355, 17.6000004, -166.09487915
73.6480026, 17.6000004, -166.11491394
74.4980621, 17.6000004, -166.137817383
75.3481293, 17.6000004, -166.163970947
76.1981964, 17.6000004, -166.193847656
77.0482559, 17.6000004, -166.227966309
77.8983231, 17.6000004, -166.266921997
78.7483902, 17.6000004, -166.31137085
79.5984497, 17.6000004, -166.362106323
80.4485168, 17.6000004, -166.420013428
81.298584, 17.6000004, -166.486068726
82.1486435, 17.6000004, -166.561447144
82.9987106, 17.6000004, -166.647460938
83.8487778, 17.6000004, -166.745635986
84.6988373, 17.6000004, -166.857711792
85.5489044, 17.6000004, -166.985717773
86.3989639, 17.6000004, -167.131988525
87.2490311, 17.6000004, -167.299118042
88.0990982, 17.6000004, -167.49005127
88.9491577, 17.6000004, -167.708221436
89.7992249, 17.6000004, -167.957595825
90.649292, 17.6000004, -168.24281311
91.4993515, 17.6000004, -168.569290161
92.3494186, 17.6000004, -168.943374634
93.1994858, 17.6000004, -169.372528076
94.0495453, 17.6000004, -169.865585327
94.8996124, 17.6000004, -170.432998657
95.7496796, 17.6000004, -171.087036133
96.5997391, 17.6000004, -171.841842651
97.4498062, 17.6000004, -172.712249756
98.2998734, 17.6000004, -173.707244873
99.1499329, 17.6000004, -174.816986084
22.7358284, 18.3999996, -170.960983276
23.575655, 18.3999996, -171.193954468
24.4154835, 18.3999996, -171.408843994
25.255312, 18.3999996, -171.599197388
26.0951405, 18.3999996, -171.76499939
26.934967, 18.3999996, -171.908782959
27.7747955, 18.3999996, -172.033554077
28.614624, 18.3999996, -172.142059326
29.4544525, 18.3999996, -172.236633301
30.2942791, 18.3999996, -172.319274902
31.1341076, 18.3999996, -172.391586304
31.9739361, 18.3999996, -172.454940796
32.8137627, 18.3999996, -172.510528564
33.6535912, 18.3999996, -172.559341431
34.4934196, 18.3999996, -172.602203369
35.3332481, 18.3999996, -172.639892578
36.1730766, 18.3999996, -172.673034668
37.0129051, 18.3999996, -172.702178955
37.8527298, 18.3999996, -172.727813721
38.6925583, 18.3999996, -172.75038147
39.5323868, 18.3999996, -172.770248413
40.3722153, 18.3999996, -172.787734985
41.2120438, 18.3999996, -172.803131104
42.0518723, 18.3999996, -172.816696167
42.8917007, 18.3999996, -172.828643799
43.7315254, 18.3999996, -172.839202881
44.5713539, 18.3999996, -172.848510742
45.4111824, 18.3999996, -172.856735229
46.2510109, 18.3999996, -172.864028931
47.0908394, 18.3999996, -172.870483398
47.9306679, 18.3999996, -172.876235962
48.7704964, 18.3999996, -172.881378174
49.610321, 18.3999996, -172.885986328
50.4501495, 18.3999996, -172.890136719
51.289978, 18.3999996, -172.893920898
52.1298065, 18.3999996, -172.897384644
52.969635, 18.3999996, -172.900588989
53.8094635, 18.3999996, -172.903610229
54.649292, 18.3999996, -172.906463623
55.4891167, 18.3999996, -172.909240723
56.3289452, 18.3999996, -172.911972046
57.1687737, 18.3999996, -172.914703369
58.0086021, 18.3999996, -172.917495728
58.8484306, 18.3999996, -172.920379639
59.6882591, 18.3999996, -172.923416138
60.5280876, 18.3999996, -172.926681519
61.3679123, 18.3999996, -172.930206299
62.2077408, 18.3999996, -172.934051514
63.0475693, 18.3999996, -172.938308716
63.8873978, 18.3999996, -172.943054199
64.7272263, 18.3999996, -172.948348999
65.5670547, 18.3999996, -172.954315186
66.4068832, 18.3999996, -172.961029053
67.2467117, 18.3999996, -172.968643188
68.0865402, 18.3999996, -172.977279663
68.9263687, 18.3999996, -172.987091064
69.7661972, 18.3999996, -172.998245239
70.6060181, 18.3999996, -173.010955811
71.4458466, 18.3999996, -173.025421143
72.285675, 18.3999996, -173.041931152
73.1255035, 18.3999996, -173.060760498
73.965332, 18.3999996, -173.082229614
74.8051605, 18.3999996, -173.106719971
75.644989, 18.3999996, -173.134658813
76.4848175, 18.3999996, -173.166519165
77.324646, 18.3999996, -173.202850342
78.1644745, 18.3999996, -173.244247437
79.004303, 18.3999996, -173.291427612
79.8441315, 18.3999996, -173.345199585
80.68396, 18.3999996, -173.406448364
81.5237885, 18.3999996, -173.476211548
82.3636093, 18.3999996, -173.555709839
83.2034378, 18.3999996, -173.64630127
84.0432663, 18.3999996, -173.749572754
84.8830948, 18.3999996, -173.867324829
85.7229233, 18.3999996, -174.00163269
86.5627518, 18.3999996, -174.15486145
87.4025803, 18.3999996, -174.329727173
88.2424088, 18.3999996, -174.529312134
89.0822372, 18.3999996, -174.757232666
89.9220657, 18.3999996, -175.017669678
90.7618942, 18.3999996, -175.315551758
91.6017227, 18.3999996, -175.656692505
92.4415512, 18.3999996, -176.048034668
93.2813797, 18.3999996, -176.497909546
94.1212006, 18.3999996, -177.01651001
94.9610291, 18.3999996, -177.616455078
95.8008575, 18.3999996, -178.31362915
96.640686, 18.3999996, -179.128189087
97.4805145, 18.3999996, -180.086669922
98.320343, 18.3999996, -181.222640991
99.1601715, 18.3999996, -182.545333862
23.6775913, 19.2000008, -178.042892456
24.5071831, 19.2000008, -178.282943726
25.3367748, 19.2000008, -178.486602783
26.1663647, 19.2000008, -178.658935547
26.9959564, 19.2000008, -178.805892944
27.8255482, 19.2000008, -178.932296753
28.6551399, 19.2000008, -179.041687012
29.4847317, 19.2000008, -179.136825562
30.3143234, 19.2000008, -179.219848633
31.1439133, 19.2000008, -179.292480469
31.973505, 19.2000008, -179.356155396
32.8030968, 19.2000008, -179.412033081
33.6326866, 19.2000008, -179.461135864
34.4622803, 19.2000008, -179.504333496
35.2918701, 19.2000008, -179.542327881
36.1214638, 19.2000008, -179.575790405
36.9510536, 19.2000008, -179.605255127
37.7806435, 19.2000008, -179.631210327
38.6102371, 19.2000008, -179.654083252
39.439827, 19.2000008, -179.674255371
40.2694206, 19.2000008, -179.69203186
41.0990105, 19.2000008, -179.707702637
41.9286003, 19.2000008, -179.721542358
42.758194, 19.2000008, -179.73374939
43.5877838, 19.2000008, -179.744537354
44.4173775, 19.2000008, -179.754074097
45.2469673, 19.2000008, -179.762512207
46.076561, 19.2000008, -179.769989014
46.9061508, 19.2000008, -179.776641846
47.7357407, 19.2000008, -179.782546997
48.5653343, 19.2000008, -179.787841797
49.3949242, 19.2000008, -179.792572021
50.2245178, 19.2000008, -179.796859741
51.0541077, 19.2000008, -179.800735474
51.8836975, 19.2000008, -179.804290771
52.7132912, 19.2000008, -179.80758667
53.542881, 19.2000008, -179.810653687
54.3724747, 19.2000008, -179.813583374
55.2020645, 19.2000008, -179.816390991
56.0316544, 19.2000008, -179.819137573
56.861248, 19.2000008, -179.821868896
57.6908379, 19.2000008, -179.824630737
58.5204315, 19.2000008, -179.827484131
59.3500214, 19.2000008, -179.830474854
60.1796112, 19.2000008, -179.833633423
61.0092049, 19.2000008, -179.837051392
61.8387947, 19.2000008, -179.840774536
62.6683884, 19.2000008, -179.844848633
63.4979782, 19.2000008, -179.849365234
64.3275681, 19.2000008, -179.854415894
65.1571579, 19.2000008, -179.860061646
65.9867554, 19.2000008, -179.866409302
66.8163452, 19.2000008, -179.873580933
67.6459351, 19.2000008, -179.88168335
68.4755249, 19.2000008, -179.890869141
69.3051147, 19.2000008, -179.901306152
70.1347122, 19.2000008, -179.913162231
70.9643021, 19.2000008, -179.926635742
71.7938919, 19.2000008, -179.941986084
72.6234818, 19.2000008, -179.959442139
73.4530716, 19.2000008, -179.9793396
74.2826691, 19.2000008, -180.00201416
75.1122589, 19.2000008, -180.027862549
75.9418488, 19.2000008, -180.057296753
76.7714386, 19.2000008, -180.090820312
77.6010361, 19.2000008, -180.128967285
78.4306259, 19.2000008, -180.17237854
79.2602158, 19.2000008, -180.221786499
80.0898056, 19.2000008, -180.27796936
80.9193954, 19.2000008, -180.341903687
81.7489929, 19.2000008, -180.414627075
82.5785828, 19.2000008, -180.497375488
83.4081726, 19.2000008, -180.591537476
84.2377625, 19.2000008, -180.698745728
85.0673523, 19.2000008, -180.820800781
85.8969498, 19.2000008, -180.959823608
86.7265396, 19.2000008, -181.11819458
87.5561295, 19.2000008, -181.298706055
88.3857193, 19.2000008, -181.504516602
89.2153091, 19.2000008, -181.739318848
90.0449066, 19.2000008, -182.00743103
90.8744965, 19.2000008, -182.313949585
91.7040863, 19.2000008, -182.664932251
92.5336761, 19.2000008, -183.067642212
93.363266, 19.2000008, -183.531097412
94.1928635, 19.2000008, -184.066345215
95.0224533, 19.2000008, -184.687561035
95.8520432, 19.2000008, -185.413360596
96.681633, 19.2000008, -186.269378662
97.5112228, 19.2000008, -187.292938232
98.3408203, 19.2000008, -188.540039062
99.1704102, 19.2000008, -190.12638855
