100, 0, 3.14285
0, 0, 4.5604
-20, 0, 0
-20, -20, 200
100, -20, 200.3667
100, 20, -203.9285
23.8, 20, -119.4878
98.9247, 0, 0.829389
97.8495, 0, -0.968567
96.7742, 0, -1.58136
95.6989, 0, -1.82709
94.6237, 0, -2.01453
93.5484, 0, -2.23099
92.4731, 0, -2.56926
91.3979, 0, -3.36937
90.3226, 0, -5.14433
89.2473, 0, -4.37602
88.172, 0, -2.68806
87.0968, 0, -1.77563
86.0215, 0, -1.18688
84.9462, 0, -0.709528
83.871, 0, -0.287403
82.7957, 0, 0.123538
81.7204, 0, 0.682707
80.6452, 0, 1.6719
79.5699, 0, 2.15827
78.4946, 0, 1.41182
77.4194, 0, 0.999701
76.3441, 0, 0.824327
75.2688, 0, 0.684459
74.1936, 0, 0.528242
73.1183, 0, 0.350887
72.043, 0, 0.202537
70.9677, 0, 0.111967
69.8925, 0, -0.03417
68.8172, 0, 0.104582
67.7419, 0, 0.29779
66.6667, 0, 0.533604
65.5914, 0, 0.747861
64.5161, 0, 0.94411
63.4409, 0, 1.14127
62.3656, 0, 1.33066
61.2903, 0, 1.39983
60.2151, 0, 1.35718
59.1398, 0, 1.48815
58.0645, 0, 1.71382
56.9892, 0, 1.79367
55.914, 0, 1.80072
54.8387, 0, 1.80863
53.7634, 0, 1.8124
52.6882, 0, 1.76992
51.6129, 0, 1.54529
50.5376, 0, 1.04096
49.4624, 0, 1.13857
48.3871, 0, 1.70384
47.3118, 0, 1.93116
46.2366, 0, 2.01664
45.1613, 0, 2.07079
44.086, 0, 2.12076
43.0108, 0, 2.19031
41.9355, 0, 2.37429
40.8602, 0, 2.87957
39.7849, 0, 3.31834
38.7097, 0, 2.83607
37.6344, 0, 2.52007
36.5591, 0, 2.46025
35.4839, 0, 2.48127
34.4086, 0, 2.52322
33.3333, 0, 2.58121
32.2581, 0, 2.70886
31.1828, 0, 3.05065
30.1075, 0, 3.42233
29.0323, 0, 3.22673
27.957, 0, 3.0397
26.8817, 0, 3.12043
25.8065, 0, 3.28499
24.7312, 0, 3.44439
23.6559, 0, 3.5718
22.5806, 0, 3.65212
21.5054, 0, 3.6855
20.4301, 0, 3.9044
19.3548, 0, 3.85077
18.2796, 0, 3.82736
17.2043, 0, 3.94457
16.129, 0, 3.99099
15.0538, 0, 3.98335
13.9785, 0, 3.93956
12.9032, 0, 3.87222
11.828, 0, 3.77324
10.7527, 0, 3.58001
9.6774, 0, 4.6424
8.6022, 0, 3.6032
7.5269, 0, 3.4797
6.4516, 0, 3.5443
5.3763, 0, 4.3667
4.3011, 0, 1.7011
3.2258, 0, 4.4936
2.1505, 0, 2.5019
1.0753, 0, 2.6815
-1.0526, 0, 6.4202
-2.1053, 0, 6.5149
-3.1579, 0, 6.1203
-4.2105, 0, 5.4531
-5.2632, 0, 4.6326
-6.3158, 0, 3.7217
-7.3684, 0, 2.7458
-8.4211, 0, 1.7085
-9.4737, 0, 0.5978
-10.5263, 0, 0.111125
-11.5789, 0, 0.277074
-12.6316, 0, 0.383991
-13.6842, 0, 0.441763
-14.7368, 0, 0.456639
-15.7895, 0, 0.432944
-16.8421, 0, 0.373833
-17.8947, 0, 0.281474
-18.9474, 0, 0.1571
-20, -1, 9.5
-20, -2, 19
-20, -3, 28.5
-20, -4, 38
-20, -5, 47.5
-20, -6, 57
-20, -7, 66.5
-20, -8, 76
-20, -9, 85.5
-20, -10, 100
-20, -11, 114.5
-20, -12, 124
-20, -13, 133.5
-20, -14, 143
-20, -15, 152.5
-20, -16, 162
-20, -17, 171.5
-20, -18, 181
-20, -19, 190.5
-18.92857, -20, 200.0439
-17.85714, -20, 200.0878
-16.78572, -20, 200.1317
-15.71429, -20, 200.1756
-14.64286, -20, 200.2195
-13.57143, -20, 200.2634
-12.5, -20, 200.3073
-11.42857, -20, 200.3512
-10.35714, -20, 200.3951
-9.285714, -20, 200.4547
-8.214286, -20, 200.5221
-7.142857, -20, 200.5896
-6.071429, -20, 200.6571
-5, -20, 200.7246
-3.928571, -20, 200.792
-2.857143, -20, 200.8595
-1.785714, -20, 200.927
-0.7142857, -20, 200.9945
0.3571429, -20, 201.0162
1.428571, -20, 200.9826
2.5, -20, 201.1697
3.571429, -20, 201.1935
4.642857, -20, 201.014
5.714286, -20, 200.9626
6.785714, -20, 200.9397
7.857143, -20, 200.9169
8.928572, -20, 200.894
10, -20, 200.8711
11.07143, -20, 200.935
12.14286, -20, 200.999
13.21429, -20, 201.0629
14.28571, -20, 201.1268
15.35714, -20, 201.1908
16.42857, -20, 201.2547
17.5, -20, 201.3186
18.57143, -20, 201.3826
19.64286, -20, 201.4465
20.71428, -20, 201.4545
21.78572, -20, 201.4345
22.85714, -20, 201.4145
23.92857, -20, 201.3944
25, -20, 201.3744
26.07143, -20, 201.3544
27.14286, -20, 201.3344
28.21428, -20, 201.3144
29.28572, -20, 201.2944
30.35714, -20, 201.268
31.42857, -20, 201.229
32.5, -20, 201.1899
33.57143, -20, 201.1508
34.64286, -20, 201.1118
35.71429, -20, 201.0727
36.78571, -20, 201.0337
37.85714, -20, 200.9946
38.92857, -20, 200.9555
40, -20, 200.9165
41.07143, -20, 200.9787
42.14286, -20, 201.041
43.21429, -20, 201.1032
44.28571, -20, 201.1655
45.35714, -20, 201.2277
46.42857, -20, 201.29
47.5, -20, 201.3522
48.57143, -20, 201.4145
49.64286, -20, 201.4768
50.71429, -20, 201.4743
51.78571, -20, 201.4396
52.85714, -20, 201.4049
53.92857, -20, 201.3701
55, -20, 201.3354
56.07143, -20, 201.3006
57.14286, -20, 201.2659
58.21429, -20, 201.2311
59.28571, -20, 201.1964
60.35714, -20, 201.1508
61.42857, -20, 201.0836
62.5, -20, 201.0163
63.57143, -20, 200.9491
64.64286, -20, 200.8819
65.71429, -20, 200.8146
66.78571, -20, 200.7474
67.85714, -20, 200.6802
68.92857, -20, 200.6129
70, -20, 200.5457
71.07143, -20, 200.6424
72.14286, -20, 200.7391
73.21429, -20, 200.8358
74.28571, -20, 200.9325
75.35714, -20, 201.0292
76.42857, -20, 201.1259
77.5, -20, 201.2226
78.57143, -20, 201.3193
79.64286, -20, 201.416
80.71429, -20, 201.4119
81.78571, -20, 201.3574
82.85714, -20, 201.3029
83.92857, -20, 201.2484
85, -20, 201.1939
86.07143, -20, 201.1394
87.14286, -20, 201.0849
88.21429, -20, 201.0304
89.28571, -20, 200.9759
90.35714, -20, 200.9191
91.42857, -20, 200.8577
92.5, -20, 200.7963
93.57143, -20, 200.735
94.64286, -20, 200.6736
95.71429, -20, 200.6122
96.78571, -20, 200.5509
97.85714, -20, 200.4895
98.92857, -20, 200.4281
100, -19, 190.9398
100, -18, 181.5128
100, -17, 172.158
100, -16, 162.8116
100, -15, 153.5229
100, -14, 144.2495
100, -13, 133.0418
100, -12, 120.9414
100, -11, 108.1736
100, -10, 94.9205
100, -9, 84.1575
100, -8, 76.1611
100, -7, 67.8655
100, -6, 59.057
100, -5, 49.0904
100, -4, 35.8811
100, -3, 23.7653
100, -2, 17.4812
100, -1, 11.1086
100, 0.8, -3.22973
100, 1.6, -14.5649
100, 2.4, -28.1905
100, 3.2, -41.2375
100, 4, -43.8714
100, 4.8, -46.5053
100, 5.6, -53.239
100, 6.4, -65.6101
100, 7.2, -77.9812
100, 8, -87.0734
100, 8.8, -95.2911
100, 9.6, -103.0336
100, 10.4, -108.2417
100, 11.2, -113.4498
100, 12, -123.0773
100, 12.8, -136.6822
100, 13.6, -150.2872
100, 14.4, -160.9248
100, 15.2, -171.2132
100, 16, -179.2813
100, 16.8, -181.1327
100, 17.6, -182.984
100, 18.4, -188.529
100, 19.2, -196.2288
99.18065, 20, -199.4146
98.36129, 20, -194.9007
97.54194, 20, -190.3869
96.72258, 20, -185.873
95.90323, 20, -181.3591
95.08387, 20, -176.8452
94.26452, 20, -172.3313
93.44516, 20, -167.8174
92.62581, 20, -163.3036
91.80645, 20, -158.7897
90.9871, 20, -154.2758
90.16774, 20, -149.7619
89.34839, 20, -146.9868
88.52903, 20, -144.6592
87.70968, 20, -142.3317
86.89032, 20, -140.0042
86.07097, 20, -137.6766
85.25161, 20, -135.3491
84.43226, 20, -133.0215
83.6129, 20, -130.694
82.79355, 20, -128.3665
81.97419, 20, -126.0389
81.15484, 20, -123.7114
80.33549, 20, -121.3839
79.51613, 20, -120.8402
78.69678, 20, -121.5333
77.87742, 20, -122.2265
77.05807, 20, -122.9196
76.23871, 20, -123.6128
75.41936, 20, -124.3059
74.6, 20, -124.9991
73.78065, 20, -125.6922
72.96129, 20, -126.3854
72.14194, 20, -127.0785
71.32258, 20, -127.7717
70.50323, 20, -128.4648
69.68387, 20, -128.8147
68.86452, 20, -128.6182
68.04516, 20, -128.4217
67.22581, 20, -128.2252
66.40645, 20, -128.0287
65.5871, 20, -127.8322
64.76774, 20, -127.6357
63.94839, 20, -127.4392
63.12903, 20, -127.2426
62.30968, 20, -127.0461
61.49032, 20, -126.8496
60.67097, 20, -126.6531
59.85161, 20, -126.4174
59.03226, 20, -126.0044
58.2129, 20, -125.5915
57.39355, 20, -125.1785
56.57419, 20, -124.7655
55.75484, 20, -124.3526
54.93548, 20, -123.9396
54.11613, 20, -123.5266
53.29678, 20, -123.1137
52.47742, 20, -122.7007
51.65807, 20, -122.2877
50.83871, 20, -121.8748
50.01936, 20, -121.4618
49.2, 20, -121.8689
48.38065, 20, -122.2958
47.56129, 20, -122.7227
46.74194, 20, -123.1496
45.92258, 20, -123.5765
45.10323, 20, -124.0034
44.28387, 20, -124.4304
43.46452, 20, -124.8573
42.64516, 20, -125.2842
41.82581, 20, -125.7111
41.00645, 20, -126.138
40.1871, 20, -126.5649
39.36774, 20, -126.7064
38.54839, 20, -126.7634
37.72903, 20, -126.8204
36.90968, 20, -126.8774
36.09032, 20, -126.9344
35.27097, 20, -126.9915
34.45161, 20, -127.0485
33.63226, 20, -127.1055
32.8129, 20, -127.1625
31.99355, 20, -127.2195
31.17419, 20, -127.2765
30.35484, 20, -127.3335
29.53548, 20, -126.9825
28.71613, 20, -126.2353
27.89677, 20, -125.3803
27.07742, 20, -124.4175
26.25806, 20, -123.3468
25.43871, 20, -122.1683
24.61935, 20, -120.882
22.848, 19.2, -115.8729
21.896, 18.4, -112.6794
20.944, 17.6, -110.0379
19.992, 16.8, -109.2114
19.04, 16, -102.0849
18.088, 15.2, -96.4598
17.136, 14.4, -91.4297
16.184, 13.6, -86.6481
15.232, 12.8, -81.9982
14.28, 12, -77.4466
13.328, 11.2, -72.9548
12.376, 10.4, -68.5096
11.424, 9.6, -64.1224
10.472, 8.8, -60.4746
9.52, 8, -56.4681
8.568, 7.2, -50.4986
7.616, 6.4, -44.9958
6.664, 5.6, -39.5182
5.712, 4.8, -34.0934
4.76, 4, -28.6033
3.808, 3.2, -21.2754
2.856, 2.4, -14.0383
1.904, 1.6, -6.4151
0.952, 0.8, -0.82986
98.9249, -1, 9.73208
97.8498, -1, 8.83708
96.7748, -1, 8.31923
95.6997, -1, 7.98806
94.6246, -1, 7.72056
93.5495, -1, 7.42219
92.4745, -1, 7.00198
91.3994, -1, 6.42152
90.3243, -1, 6.64025
89.2492, -1, 6.41956
88.1742, -1, 6.84482
87.0991, -1, 7.55892
86.024, -1, 8.12034
84.9489, -1, 8.57416
83.8738, -1, 8.97849
82.7988, -1, 9.3967
81.7237, -1, 9.94425
80.6486, -1, 11.174
79.5735, -1, 11.7502
78.4985, -1, 10.5454
77.4234, -1, 10.1915
76.3483, -1, 9.97961
75.2732, -1, 9.80927
74.1982, -1, 9.6474
73.1231, -1, 9.47267
72.048, -1, 9.26211
70.9729, -1, 8.99079
69.8979, -1, 8.49163
68.8228, -1, 9.04504
67.7477, -1, 9.36416
66.6726, -1, 9.62871
65.5975, -1, 9.85758
64.5225, -1, 10.0642
63.4474, -1, 10.258
62.3723, -1, 10.4508
61.2972, -1, 10.6892
60.2222, -1, 11.4151
59.1471, -1, 10.9058
58.072, -1, 10.7182
56.9969, -1, 10.7029
55.9219, -1, 10.6976
54.8468, -1, 10.66
53.7717, -1, 10.5534
52.6966, -1, 10.3244
51.6215, -1, 9.86964
50.5465, -1, 8.8113
49.4714, -1, 8.85989
48.3963, -1, 10.0711
47.3212, -1, 10.6178
46.2462, -1, 10.9254
45.1711, -1, 11.12
44.096, -1, 11.2742
43.0209, -1, 11.4488
41.9459, -1, 11.7209
40.8708, -1, 12.2481
39.7957, -1, 13.0862
38.7206, -1, 12.3548
37.6455, -1, 12.0935
36.5705, -1, 11.9677
35.4954, -1, 11.92
34.4203, -1, 11.9292
33.3452, -1, 11.9892
32.2702, -1, 12.1025
31.1951, -1, 12.2593
30.12, -1, 12.2749
29.0449, -1, 12.4045
27.9699, -1, 12.454
26.8948, -1, 12.5481
25.8197, -1, 12.7101
24.7446, -1, 12.9006
23.6695, -1, 13.0947
22.5945, -1, 13.2878
21.5194, -1, 13.523
20.4443, -1, 13.7521
19.3692, -1, 13.7205
18.2942, -1, 13.5625
17.2191, -1, 13.4321
16.144, -1, 13.354
15.0689, -1, 13.2618
13.9939, -1, 13.1399
12.9188, -1, 12.9918
11.8437, -1, 12.8617
10.7686, -1, 12.5233
9.69355, -1, 10.63
8.61847, -1, 12.1725
7.54339, -1, 12.3943
6.46832, -1, 12.3607
5.39324, -1, 12.0404
4.31816, -1, 11.2011
3.24309, -1, 11.8581
2.16801, -1, 12.0088
1.09293, -1, 11.0302
0.0178571, -1, 14.0508
-1.03571, -1, 13.9085
-2.08929, -1, 14.048
-3.14286, -1, 13.809
-4.19643, -1, 13.3648
-5.25, -1, 12.7873
-6.30357, -1, 12.1121
-7.35714, -1, 11.3636
-8.41071, -1, 10.5669
-9.4643, -1, 9.8
-10.5179, -1, 9.5429
-11.5714, -1, 9.5382
-12.625, -1, 9.53302
-13.6786, -1, 9.52813
-14.7321, -1, 9.52339
-15.7857, -1, 9.51872
-16.8393, -1, 9.5141
-17.8929, -1, 9.50948
-18.9464, -1, 9.50481
98.9251, -2, 17.9293
97.8502, -2, 18.3251
96.7753, -2, 18.155
95.7005, -2, 17.8723
94.6256, -2, 17.5803
93.5507, -2, 17.2643
92.4758, -2, 16.9295
91.4009, -2, 16.8262
90.326, -2, 17.2611
89.2512, -2, 17.1986
88.1763, -2, 17.026
87.1014, -2, 17.2819
86.0265, -2, 17.6928
84.9516, -2, 18.0834
83.8767, -2, 18.4466
82.8018, -2, 18.8161
81.727, -2, 19.2797
80.6521, -2, 19.8542
79.5772, -2, 20.0463
78.5023, -2, 19.6009
77.4274, -2, 19.386
76.3525, -2, 19.2339
75.2776, -2, 19.0836
74.2028, -2, 18.9102
73.1279, -2, 18.6968
72.053, -2, 18.4167
70.9781, -2, 17.9704
69.9032, -2, 17.5607
68.8283, -2, 18.1235
67.7535, -2, 18.5393
66.6786, -2, 18.8151
65.6037, -2, 19.0349
64.5288, -2, 19.2246
63.4539, -2, 19.4071
62.379, -2, 19.6288
61.3041, -2, 20.0278
60.2293, -2, 20.6704
59.1544, -2, 20.2956
58.0795, -2, 19.8679
57.0046, -2, 19.7118
55.9297, -2, 19.6357
54.8548, -2, 19.5508
53.78, -2, 19.4147
52.7051, -2, 19.1717
51.6302, -2, 18.6875
50.5553, -2, 17.6491
49.4804, -2, 17.6562
48.4055, -2, 18.8721
47.3306, -2, 19.5385
46.2558, -2, 19.9331
45.1809, -2, 20.2148
44.106, -2, 20.4543
43.0311, -2, 20.6945
41.9562, -2, 20.9585
40.8813, -2, 21.305
39.8064, -2, 21.7601
38.7316, -2, 21.5423
37.6567, -2, 21.4497
36.5818, -2, 21.3674
35.5069, -2, 21.3155
34.432, -2, 21.2948
33.3571, -2, 21.297
32.2823, -2, 21.2979
31.2074, -2, 21.2202
30.1325, -2, 21.1024
29.0576, -2, 21.3797
27.9827, -2, 21.7144
26.9078, -2, 21.964
25.8329, -2, 22.2011
24.7581, -2, 22.4529
23.6832, -2, 22.721
22.6083, -2, 23.0047
21.5334, -2, 23.2958
20.4585, -2, 23.532
19.3836, -2, 23.5133
18.3088, -2, 23.3141
17.2339, -2, 23.1095
16.159, -2, 22.935
15.0841, -2, 22.768
14.0092, -2, 22.5709
12.9343, -2, 22.3226
11.8594, -2, 21.9876
10.7846, -2, 21.4823
9.70968, -2, 20.6626
8.63479, -2, 21.2624
7.55991, -2, 21.5227
6.48502, -2, 21.4967
5.41014, -2, 20.8594
4.33525, -2, 23.3678
3.26037, -2, 21.5512
2.18548, -2, 23.6503
1.1106, -2, 19.6458
0.0357143, -2, 22.6985
-1.0188, -2, 22.3876
-2.07331, -2, 22.2047
-3.12782, -2, 22.0184
-4.18233, -2, 21.7028
-5.23684, -2, 21.2844
-6.29135, -2, 20.792
-7.34586, -2, 20.2562
-8.40038, -2, 19.7227
-9.45489, -2, 19.2972
-10.5094, -2, 19.0872
-11.5639, -2, 19.0753
-12.6184, -2, 19.0651
-13.6729, -2, 19.0554
-14.7274, -2, 19.0461
-15.782, -2, 19.0369
-16.8365, -2, 19.0278
-17.891, -2, 19.0187
-18.9455, -2, 19.0095
98.9253, -3, 27.0338
97.8506, -3, 27.7045
96.7759, -3, 27.7843
95.7012, -3, 27.6644
94.6265, -3, 27.4653
93.5518, -3, 27.258
92.4771, -3, 27.1066
91.4025, -3, 27.0836
90.3278, -3, 27.1184
89.2531, -3, 27.2506
88.1784, -3, 27.2932
87.1037, -3, 27.4098
86.029, -3, 27.6273
84.9543, -3, 27.8968
83.8796, -3, 28.1795
82.8049, -3, 28.4354
81.7302, -3, 28.5952
80.6555, -3, 28.2912
79.5808, -3, 27.9894
78.5061, -3, 28.6425
77.4314, -3, 28.6703
76.3568, -3, 28.6011
75.2821, -3, 28.4763
74.2074, -3, 28.3001
73.1327, -3, 28.0621
72.058, -3, 27.7364
70.9833, -3, 27.2895
69.9086, -3, 26.7564
68.8339, -3, 27.4548
67.7592, -3, 27.8616
66.6845, -3, 28.1329
65.6098, -3, 28.3284
64.5351, -3, 28.4912
63.4604, -3, 28.6554
62.3858, -3, 28.8579
61.3111, -3, 29.1534
60.2364, -3, 29.5559
59.1617, -3, 29.3516
58.087, -3, 29.0416
57.0123, -3, 28.848
55.9376, -3, 28.7134
54.8629, -3, 28.5947
53.7882, -3, 28.4575
52.7135, -3, 28.2632
51.6388, -3, 27.955
50.5641, -3, 27.5932
49.4894, -3, 27.6276
48.4147, -3, 28.1473
47.3401, -3, 28.6458
46.2654, -3, 29.0284
45.1907, -3, 29.3452
44.116, -3, 29.6267
43.0413, -3, 29.8935
41.9666, -3, 30.1576
40.8919, -3, 30.3536
39.8172, -3, 30.1833
38.7425, -3, 30.643
37.6678, -3, 30.6357
36.5931, -3, 30.5979
35.5184, -3, 30.5582
34.4437, -3, 30.5135
33.369, -3, 30.4558
32.2944, -3, 30.3716
31.2197, -3, 30.2364
30.145, -3, 29.9624
29.0703, -3, 30.4501
27.9956, -3, 30.8893
26.9209, -3, 31.278
25.8462, -3, 31.6331
24.7715, -3, 31.9732
23.6968, -3, 32.3085
22.6221, -3, 32.6439
21.5474, -3, 32.9829
20.4727, -3, 33.3671
19.398, -3, 33.3457
18.3233, -3, 33.0339
17.2487, -3, 32.8519
16.174, -3, 32.6862
15.0993, -3, 32.5002
14.0246, -3, 32.2553
12.9499, -3, 31.8984
11.8752, -3, 31.3473
10.8005, -3, 30.7124
9.72581, -3, 32.117
8.65111, -3, 30.9799
7.57642, -3, 31.0524
6.50173, -3, 31.373
5.42704, -3, 31.7853
4.35234, -3, 31.8325
3.27765, -3, 32.7892
2.20296, -3, 32.8935
1.12826, -3, 29.3487
0.0535714, -3, 31.6099
-1.00188, -3, 31.2703
-2.05733, -3, 30.8942
-3.11278, -3, 30.6569
-4.16823, -3, 30.4134
-5.22368, -3, 30.1126
-6.27914, -3, 29.7675
-7.33459, -3, 29.4097
-8.39004, -3, 29.0948
-9.44549, -3, 28.7998
-10.5009, -3, 28.6284
-11.5564, -3, 28.611
-12.6118, -3, 28.5961
-13.6673, -3, 28.5819
-14.7227, -3, 28.5681
-15.7782, -3, 28.5545
-16.8336, -3, 28.541
-17.8891, -3, 28.5276
-18.9445, -3, 28.514
98.9255, -4, 36.9206
97.851, -4, 37.3492
96.7765, -4, 37.4622
95.702, -4, 37.4265
94.6275, -4, 37.343
93.553, -4, 37.2593
92.4785, -4, 37.1901
91.404, -4, 37.078
90.3295, -4, 36.9964
89.255, -4, 37.0612
88.1805, -4, 37.2929
87.106, -4, 37.4785
86.0315, -4, 37.6449
84.957, -4, 37.8272
83.8825, -4, 37.9974
82.808, -4, 38.0957
81.7335, -4, 37.9636
80.659, -4, 37.3058
79.5845, -4, 37.0556
78.51, -4, 37.854
77.4355, -4, 38.1063
76.361, -4, 38.1051
75.2865, -4, 38.0051
74.212, -4, 37.8388
73.1375, -4, 37.6092
72.063, -4, 37.3102
70.9885, -4, 36.9498
69.914, -4, 36.698
68.8395, -4, 37.0729
67.765, -4, 37.3593
66.6905, -4, 37.573
65.616, -4, 37.7354
64.5415, -4, 37.8565
63.467, -4, 37.9499
62.3925, -4, 38.0428
61.318, -4, 38.1297
60.2435, -4, 38.2567
59.169, -4, 38.2241
58.0945, -4, 38.1327
57.02, -4, 38.0006
55.9455, -4, 37.9024
54.871, -4, 37.7938
53.7965, -4, 37.6566
52.722, -4, 37.5081
51.6475, -4, 37.4861
50.573, -4, 37.7032
49.4985, -4, 37.7781
48.424, -4, 37.7334
47.3495, -4, 37.9267
46.275, -4, 38.2549
45.2005, -4, 38.571
44.126, -4, 38.8564
43.0515, -4, 39.1217
41.977, -4, 39.3752
40.9025, -4, 39.5031
39.828, -4, 39.4755
38.7535, -4, 39.7187
37.679, -4, 39.798
36.6045, -4, 39.7847
35.53, -4, 39.7476
34.4555, -4, 39.6885
33.381, -4, 39.6038
32.3064, -4, 39.4934
31.232, -4, 39.3476
30.1574, -4, 39.1714
29.0829, -4, 39.624
28.0084, -4, 40.1325
26.9339, -4, 40.5998
25.8594, -4, 41.0456
24.7849, -4, 41.4682
23.7104, -4, 41.8749
22.6359, -4, 42.2748
21.5614, -4, 42.6809
20.4869, -4, 43.1538
19.4124, -4, 43.1749
18.3379, -4, 42.8738
17.2634, -4, 42.7095
16.1889, -4, 42.5529
15.1144, -4, 42.3686
14.0399, -4, 42.1333
12.9654, -4, 41.8008
11.8909, -4, 41.2698
10.8164, -4, 40.7146
9.74194, -4, 39.6374
8.66743, -4, 40.7193
7.59293, -4, 40.9923
6.51843, -4, 41.2577
5.44393, -4, 42.0766
4.36943, -4, 41.1428
3.29493, -4, 43.3766
2.22043, -4, 41.511
1.14593, -4, 40.9598
0.0714286, -4, 40.2885
-0.984962, -4, 40.0484
-2.04135, -4, 39.8867
-3.09774, -4, 39.7462
-4.15414, -4, 39.5681
-5.21053, -4, 39.328
-6.26692, -4, 39.0494
-7.32331, -4, 38.7654
-8.3797, -4, 38.5165
-9.43609, -4, 38.2903
-10.4925, -4, 38.1652
-11.5489, -4, 38.1452
-12.6053, -4, 38.1257
-13.6617, -4, 38.1068
-14.718, -4, 38.0887
-15.7744, -4, 38.071
-16.8308, -4, 38.0536
-17.8872, -4, 38.0361
-18.9436, -4, 38.0183
98.9257, -5, 47.3024
97.8514, -5, 47.1858
96.7771, -5, 47.155
95.7028, -5, 47.1338
94.6285, -5, 47.1169
93.5541, -5, 47.1079
92.4798, -5, 47.1079
91.4055, -5, 47.1014
90.3312, -5, 46.9558
89.2569, -5, 47.0295
88.1826, -5, 47.2052
87.1083, -5, 47.3543
86.034, -5, 47.5139
84.9597, -5, 47.658
83.8854, -5, 47.7586
82.8111, -5, 47.7672
81.7367, -5, 47.6171
80.6624, -5, 47.3371
79.5881, -5, 47.3042
78.5138, -5, 47.5211
77.4395, -5, 47.7236
76.3652, -5, 47.7584
75.2909, -5, 47.6854
74.2166, -5, 47.5423
73.1423, -5, 47.3503
72.068, -5, 47.1244
70.9937, -5, 46.8933
69.9194, -5, 46.8251
68.845, -5, 46.8875
67.7707, -5, 47.0487
66.6964, -5, 47.1947
65.6221, -5, 47.3079
64.5478, -5, 47.3776
63.4735, -5, 47.3879
62.3992, -5, 47.3154
61.3249, -5, 47.1609
60.2506, -5, 46.9402
59.1763, -5, 47.1373
58.102, -5, 47.2472
57.0276, -5, 47.3267
55.9533, -5, 47.3175
54.879, -5, 47.2481
53.8047, -5, 47.144
52.7304, -5, 47.0381
51.6561, -5, 47.0012
50.5818, -5, 47.367
49.5075, -5, 47.5331
48.4332, -5, 47.2892
47.3589, -5, 47.4796
46.2846, -5, 47.7439
45.2103, -5, 48.0144
44.1359, -5, 48.2672
43.0616, -5, 48.4888
41.9873, -5, 48.6636
40.913, -5, 48.8361
39.8387, -5, 49.1131
38.7644, -5, 48.95
37.6901, -5, 49.0102
36.6158, -5, 49.0373
35.5415, -5, 49.016
34.4672, -5, 48.9543
33.3929, -5, 48.8552
32.3186, -5, 48.7185
31.2442, -5, 48.5631
30.1699, -5, 48.4993
29.0956, -5, 48.9033
28.0213, -5, 49.4701
26.947, -5, 50.0238
25.8727, -5, 50.5349
24.7984, -5, 51.0201
23.7241, -5, 51.4912
22.6498, -5, 51.9564
21.5755, -5, 52.4193
20.5012, -5, 52.8761
19.4268, -5, 52.9575
18.3525, -5, 52.8596
17.2782, -5, 52.6772
16.2039, -5, 52.4845
15.1296, -5, 52.2974
14.0553, -5, 52.1033
12.981, -5, 51.9125
11.9067, -5, 51.7384
10.8324, -5, 50.9728
9.75806, -5, 49.3246
8.68376, -5, 50.5437
7.60945, -5, 51.0472
6.53514, -5, 51.2038
5.46083, -5, 50.9158
4.38652, -5, 51.0688
3.31221, -5, 52.4679
2.2379, -5, 49.3421
1.16359, -5, 52.9177
0.0892857, -5, 49.1
-0.968045, -5, 48.9243
-2.02538, -5, 49.1768
-3.08271, -5, 49.2496
-4.14004, -5, 49.1224
-5.19737, -5, 48.8859
-6.2547, -5, 48.591
-7.31203, -5, 48.2738
-8.36936, -5, 47.9755
-9.42669, -5, 47.7807
-10.484, -5, 47.6997
-11.5414, -5, 47.6767
-12.5987, -5, 47.6522
-13.656, -5, 47.629
-14.7133, -5, 47.607
-15.7707, -5, 47.5857
-16.828, -5, 47.5648
-17.8853, -5, 47.5438
-18.9427, -5, 47.5222
98.9259, -6, 57.8052
97.8518, -6, 57.0384
96.7776, -6, 56.8585
95.7035, -6, 56.8601
94.6294, -6, 56.8829
93.5553, -6, 56.9001
92.4812, -6, 56.9592
91.4071, -6, 57.0989
90.3329, -6, 57.0828
89.2588, -6, 57.122
88.1847, -6, 57.148
87.1106, -6, 57.2316
86.0365, -6, 57.393
84.9624, -6, 57.537
83.8883, -6, 57.6184
82.8141, -6, 57.639
81.74, -6, 57.6776
80.6659, -6, 57.7928
79.5918, -6, 57.7882
78.5177, -6, 57.6962
77.4436, -6, 57.6416
76.3694, -6, 57.6473
75.2953, -6, 57.6038
74.2212, -6, 57.4763
73.1471, -6, 57.2862
72.073, -6, 57.1268
70.9988, -6, 57.0444
69.9247, -6, 56.9578
68.8506, -6, 56.8864
67.7765, -6, 56.9134
66.7024, -6, 57.0116
65.6283, -6, 57.1174
64.5541, -6, 57.1413
63.48, -6, 57.0565
62.4059, -6, 56.8762
61.3318, -6, 56.5331
60.2577, -6, 56.0018
59.1836, -6, 56.2184
58.1094, -6, 56.6826
57.0353, -6, 56.8929
55.9612, -6, 56.9954
54.8871, -6, 56.9883
53.813, -6, 56.8877
52.7389, -6, 56.7398
51.6647, -6, 56.5984
50.5906, -6, 56.5291
49.5165, -6, 56.7013
48.4424, -6, 56.8827
47.3683, -6, 57.1611
46.2942, -6, 57.4409
45.22, -6, 57.692
44.1459, -6, 57.8798
43.0718, -6, 58.0093
41.9977, -6, 58.1393
40.9236, -6, 58.3005
39.8495, -6, 58.5129
38.7753, -6, 58.4137
37.7012, -6, 58.4082
36.6271, -6, 58.4378
35.553, -6, 58.4546
34.4789, -6, 58.3982
33.4048, -6, 58.2647
32.3306, -6, 58.1104
31.2565, -6, 57.9552
30.1824, -6, 57.8134
29.1083, -6, 58.2914
28.0342, -6, 58.9405
26.9601, -6, 59.5456
25.8859, -6, 60.1366
24.8118, -6, 60.6723
23.7377, -6, 61.1693
22.6636, -6, 61.6685
21.5895, -6, 62.191
20.5154, -6, 62.653
19.4412, -6, 62.8568
18.3671, -6, 62.7902
17.293, -6, 62.6579
16.2189, -6, 62.5252
15.1448, -6, 62.392
14.0707, -6, 62.257
12.9965, -6, 62.117
11.9224, -6, 61.9694
10.8483, -6, 61.8246
9.77419, -6, 61.5621
8.70008, -6, 61.6629
7.62596, -6, 61.7004
6.55184, -6, 61.6267
5.47773, -6, 61.2885
4.40361, -6, 63.3657
3.32949, -6, 61.6543
2.25538, -6, 61.1732
1.18126, -6, 62.8576
0.107143, -6, 58.2546
-0.951128, -6, 58.4289
-2.0094, -6, 59.018
-3.06767, -6, 59.0954
-4.12594, -6, 58.98
-5.18421, -6, 58.7445
-6.24248, -6, 58.404
-7.30075, -6, 57.9704
-8.35902, -6, 57.5665
-9.41729, -6, 57.2905
-10.4756, -6, 57.2343
-11.5338, -6, 57.2028
-12.5921, -6, 57.2333
-13.6504, -6, 57.3526
-14.7086, -6, 57.4022
-15.7669, -6, 57.3558
-16.8252, -6, 57.2183
-17.8835, -6, 57.0557
-18.9417, -6, 57.0256
98.9261, -7, 67.3792
97.8521, -7, 66.9394
96.7782, -7, 66.8911
95.7043, -7, 66.9346
94.6304, -7, 66.9852
93.5564, -7, 67.0007
92.4825, -7, 66.9643
91.4086, -7, 66.9276
90.3347, -7, 67.2166
89.2607, -7, 67.1091
88.1868, -7, 67.1398
87.1129, -7, 67.4291
86.039, -7, 67.6754
84.9651, -7, 67.8517
83.8911, -7, 67.9508
82.8172, -7, 67.9846
81.7433, -7, 67.9837
80.6694, -7, 68.199
79.5954, -7, 68.2986
78.5215, -7, 68.0272
77.4476, -7, 68.0585
76.3737, -7, 68.0934
75.2997, -7, 68.0638
74.2258, -7, 67.9428
73.1519, -7, 67.7234
72.078, -7, 67.4039
71.004, -7, 67.1759
69.9301, -7, 67.0928
68.8562, -7, 66.9511
67.7823, -7, 67.1102
66.7083, -7, 67.3484
65.6344, -7, 67.477
64.5605, -7, 67.4706
63.4866, -7, 67.3046
62.4126, -7, 66.9396
61.3387, -7, 66.3644
60.2648, -7, 65.5076
59.1909, -7, 65.9515
58.1169, -7, 66.5493
57.043, -7, 66.9834
55.9691, -7, 67.1901
54.8952, -7, 67.2152
53.8212, -7, 67.0879
52.7473, -7, 66.8155
51.6734, -7, 66.4034
50.5995, -7, 65.816
49.5255, -7, 65.7786
48.4516, -7, 66.6184
47.3777, -7, 67.1463
46.3038, -7, 67.5275
45.2298, -7, 67.7776
44.1559, -7, 67.9134
43.082, -7, 67.9414
42.0081, -7, 67.8698
40.9341, -7, 67.8469
39.8602, -7, 67.8027
38.7863, -7, 67.9798
37.7124, -7, 68.1482
36.6384, -7, 68.321
35.5645, -7, 68.393
34.4906, -7, 68.3506
33.4167, -7, 68.1805
32.3427, -7, 67.8672
31.2688, -7, 67.4937
30.1949, -7, 67.152
29.121, -7, 67.8261
28.047, -7, 68.6253
26.9731, -7, 69.4187
25.8992, -7, 70.0533
24.8253, -7, 70.5793
23.7513, -7, 71.045
22.6774, -7, 71.4939
21.6035, -7, 71.9681
20.5296, -7, 72.539
19.4556, -7, 72.8449
18.3817, -7, 72.7075
17.3078, -7, 72.6315
16.2339, -7, 72.5598
15.1599, -7, 72.484
14.086, -7, 72.411
13.0121, -7, 72.3304
11.9382, -7, 72.2225
10.8642, -7, 72.6165
9.79032, -7, 74.2271
8.7164, -7, 72.9488
7.64247, -7, 72.4079
6.56855, -7, 72.3114
5.49462, -7, 72.5911
4.4207, -7, 72.164
3.34677, -7, 69.5574
2.27285, -7, 72.7623
1.19892, -7, 71.457
0.125, -7, 67.6514
-0.934211, -7, 69.0179
-1.99342, -7, 69.3265
-3.05263, -7, 69.3236
-4.11184, -7, 69.1913
-5.17105, -7, 68.9662
-6.23026, -7, 68.6384
-7.28947, -7, 68.167
-8.34868, -7, 67.4729
-9.4079, -7, 66.8922
-10.4671, -7, 66.7615
-11.5263, -7, 66.9235
-12.5855, -7, 67.3643
-13.6447, -7, 67.5968
-14.7039, -7, 67.6736
-15.7632, -7, 67.618
-16.8224, -7, 67.423
-17.8816, -7, 67.046
-18.9408, -7, 66.5383
98.9263, -8, 76.345
97.8525, -8, 76.9197
96.7788, -8, 77.1638
95.7051, -8, 77.3146
94.6313, -8, 77.398
93.5576, -8, 77.4023
92.4839, -8, 77.2904
91.4101, -8, 76.9928
90.3364, -8, 76.8947
89.2627, -8, 76.954
88.1889, -8, 77.5455
87.1152, -8, 78.0195
86.0415, -8, 78.3408
84.9677, -8, 78.5567
83.894, -8, 78.6993
82.8203, -8, 78.7523
81.7465, -8, 78.6655
80.6728, -8, 78.4913
79.5991, -8, 78.5929
78.5253, -8, 78.708
77.4516, -8, 78.9341
76.3779, -8, 79.0194
75.3041, -8, 78.9877
74.2304, -8, 78.8795
73.1567, -8, 78.6616
72.0829, -8, 78.229
71.0092, -8, 77.5109
69.9355, -8, 77.1564
68.8617, -8, 77.3863
67.788, -8, 77.9447
66.7143, -8, 78.2596
65.6406, -8, 78.3701
64.5668, -8, 78.3446
63.4931, -8, 78.1728
62.4194, -8, 77.7608
61.3456, -8, 77.035
60.2719, -8, 76.0124
59.1982, -8, 76.4031
58.1244, -8, 77.2485
57.0507, -8, 77.7325
55.977, -8, 77.9268
54.9032, -8, 77.9338
53.8295, -8, 77.7905
52.7558, -8, 77.4628
51.682, -8, 76.8561
50.6083, -8, 75.7641
49.5346, -8, 75.6738
48.4608, -8, 76.9106
47.3871, -8, 77.6329
46.3134, -8, 78.0436
45.2396, -8, 78.2718
44.1659, -8, 78.3723
43.0922, -8, 78.3422
42.0184, -8, 78.1246
40.9447, -8, 77.6479
39.871, -8, 77.4917
38.7972, -8, 77.9166
37.7235, -8, 78.4277
36.6498, -8, 78.708
35.576, -8, 78.8148
34.5023, -8, 78.7957
33.4286, -8, 78.641
32.3548, -8, 78.2703
31.2811, -8, 77.5856
30.2074, -8, 76.8816
29.1336, -8, 77.6461
28.0599, -8, 78.8798
26.9862, -8, 79.7047
25.9124, -8, 80.2799
24.8387, -8, 80.7286
23.765, -8, 81.1139
22.6912, -8, 81.4728
21.6175, -8, 81.8621
20.5438, -8, 82.4201
19.47, -8, 82.7555
18.3963, -8, 82.6763
17.3226, -8, 82.5898
16.2488, -8, 82.5019
15.1751, -8, 82.4389
14.1014, -8, 82.4157
13.0276, -8, 82.473
11.9539, -8, 82.7014
10.8802, -8, 82.9799
9.80645, -8, 84.0743
8.73272, -8, 82.8384
7.65899, -8, 82.5261
6.58525, -8, 82.2815
5.51152, -8, 82.278
4.43779, -8, 81.243
3.36406, -8, 80.349
2.29032, -8, 82.6094
1.21659, -8, 80.5745
0.142857, -8, 80.1865
-0.917293, -8, 80.2462
-1.97744, -8, 79.9824
-3.03759, -8, 79.8074
-4.09774, -8, 79.6361
-5.15789, -8, 79.4338
-6.21805, -8, 79.1681
-7.2782, -8, 78.78
-8.33835, -8, 78.123
-9.3985, -8, 76.7359
-10.4586, -8, 76.3089
-11.5188, -8, 77.5
-12.5789, -8, 78.0207
-13.6391, -8, 78.2392
-14.6992, -8, 78.3035
-15.7594, -8, 78.2497
-16.8195, -8, 78.069
-17.8797, -8, 77.6896
-18.9398, -8, 76.859
98.9265, -9, 86.0947
97.8529, -9, 87.0621
96.7794, -9, 87.5883
95.7058, -9, 87.8702
94.6323, -9, 88.0056
93.5588, -9, 88.0269
92.4852, -9, 87.9204
91.4117, -9, 87.6031
90.3381, -9, 86.5287
89.2646, -9, 87.4095
88.1911, -9, 88.4103
87.1175, -9, 88.8776
86.044, -9, 89.1637
84.9704, -9, 89.3702
83.8969, -9, 89.5376
82.8233, -9, 89.6866
81.7498, -9, 89.7592
80.6763, -9, 89.3139
79.6027, -9, 89.0562
78.5292, -9, 89.896
77.4556, -9, 90.0248
76.3821, -9, 89.9903
75.3086, -9, 89.9368
74.235, -9, 89.8674
73.1615, -9, 89.7584
72.0879, -9, 89.5266
71.0144, -9, 88.7535
69.9409, -9, 87.1767
68.8673, -9, 88.7254
67.7938, -9, 89.3068
66.7202, -9, 89.4399
65.6467, -9, 89.4675
64.5732, -9, 89.4376
63.4996, -9, 89.3476
62.4261, -9, 89.1678
61.3525, -9, 88.6639
60.279, -9, 87.5255
59.2055, -9, 88.025
58.1319, -9, 88.7477
57.0584, -9, 88.9431
55.9848, -9, 88.9906
54.9113, -9, 88.9556
53.8377, -9, 88.8281
52.7642, -9, 88.5728
51.6907, -9, 88.064
50.6171, -9, 87.0595
49.5436, -9, 86.9068
48.47, -9, 87.9662
47.3965, -9, 88.5555
46.323, -9, 88.8645
45.2494, -9, 89.0315
44.1759, -9, 89.0975
43.1023, -9, 89.0675
42.0288, -9, 88.8973
40.9553, -9, 88.3388
39.8817, -9, 87.434
38.8082, -9, 88.6307
37.7346, -9, 89.1761
36.6611, -9, 89.3891
35.5876, -9, 89.4798
34.514, -9, 89.4868
33.4405, -9, 89.4087
32.3669, -9, 89.2043
31.2934, -9, 88.6197
30.2199, -9, 87.0391
29.1463, -9, 88.493
28.0728, -9, 89.6974
26.9992, -9, 90.2768
25.9257, -9, 90.6823
24.8522, -9, 91.0143
23.7786, -9, 91.3072
22.7051, -9, 91.5848
21.6315, -9, 91.8755
20.558, -9, 92.2616
19.4844, -9, 92.5503
18.4109, -9, 92.5384
17.3374, -9, 92.4775
16.2638, -9, 92.4392
15.1903, -9, 92.4188
14.1167, -9, 92.4301
13.0432, -9, 92.5043
11.9697, -9, 92.7238
10.8961, -9, 93.1091
9.82258, -9, 91.0397
8.74904, -9, 92.6623
7.6755, -9, 92.7416
6.60196, -9, 92.4786
5.52842, -9, 91.465
4.45488, -9, 91.4304
3.38134, -9, 94.1559
2.3078, -9, 91.8404
1.23425, -9, 88.7982
0.160714, -9, 93.2795
-0.900376, -9, 91.5351
-1.96147, -9, 90.7488
-3.02256, -9, 90.3952
-4.08365, -9, 90.1888
-5.14474, -9, 90.0279
-6.20583, -9, 89.8628
-7.26692, -9, 89.6406
-8.32801, -9, 89.2461
-9.3891, -9, 88.1345
-10.4502, -9, 87.4789
-11.5113, -9, 88.7116
-12.5724, -9, 89.0345
-13.6335, -9, 89.1521
-14.6945, -9, 89.1755
-15.7556, -9, 89.1302
-16.8167, -9, 89.0107
-17.8778, -9, 88.7685
-18.9389, -9, 88.1926
98.9267, -10, 96.7985
97.8533, -10, 97.7647
96.78, -10, 98.3232
95.7066, -10, 98.6431
94.6333, -10, 98.8257
93.5599, -10, 98.9126
92.4866, -10, 98.8873
91.4132, -10, 98.7182
90.3399, -10, 97.8649
89.2665, -10, 98.7598
88.1932, -10, 99.5266
87.1198, -10, 99.8744
86.04647, -10, 100.084
84.97312, -10, 100.2405
83.89977, -10, 100.3919
82.82642, -10, 100.5687
81.75307, -10, 100.8126
80.67973, -10, 100.9635
79.60638, -10, 100.7622
78.53303, -10, 101.1406
77.45968, -10, 100.9803
76.38633, -10, 100.8868
75.31298, -10, 100.8428
74.23963, -10, 100.8268
73.16628, -10, 100.826
72.09293, -10, 100.8242
71.01958, -10, 100.7537
69.9462, -10, 99.5573
68.87289, -10, 100.7316
67.79954, -10, 100.7247
66.72619, -10, 100.6993
65.65284, -10, 100.6733
64.57949, -10, 100.6548
63.50615, -10, 100.6493
62.4328, -10, 100.6594
61.35945, -10, 100.7679
60.2861, -10, 100.3438
59.21275, -10, 100.7232
58.1394, -10, 100.4768
57.06605, -10, 100.3564
55.9927, -10, 100.2849
54.91935, -10, 100.2111
53.846, -10, 100.1187
52.7727, -10, 99.9699
51.6993, -10, 99.7683
50.626, -10, 99.4812
49.5526, -10, 99.2509
48.4793, -10, 99.6288
47.4059, -10, 99.8034
46.3326, -10, 99.9476
45.25922, -10, 100.0216
44.18587, -10, 100.0485
43.11252, -10, 100.0285
42.0392, -10, 99.9589
40.9658, -10, 99.8456
39.8925, -10, 99.0567
38.8191, -10, 99.9798
37.74578, -10, 100.1442
36.67243, -10, 100.2632
35.59908, -10, 100.3314
34.52573, -10, 100.3642
33.45238, -10, 100.3666
32.37903, -10, 100.3307
31.30568, -10, 100.2766
30.2323, -10, 99.277
29.15899, -10, 100.3662
28.08564, -10, 100.7352
27.01229, -10, 100.9919
25.93894, -10, 101.2106
24.86559, -10, 101.4059
23.79224, -10, 101.5893
22.71889, -10, 101.7665
21.64555, -10, 101.9437
20.5722, -10, 102.1036
19.49885, -10, 102.2494
18.4255, -10, 102.29
17.35215, -10, 102.3268
16.2788, -10, 102.3501
15.20545, -10, 102.3632
14.1321, -10, 102.3926
13.05876, -10, 102.4345
11.98541, -10, 102.4464
10.91206, -10, 102.4463
9.83871, -10, 103.1437
8.765361, -10, 102.6627
7.692012, -10, 102.6192
6.618664, -10, 102.6749
5.545315, -10, 102.8715
4.471966, -10, 104.4083
3.398618, -10, 103.1859
2.325269, -10, 100.1684
1.25192, -10, 100.5023
0.1785714, -10, 103.1282
-0.8834587, -10, 102.2863
-1.945489, -10, 101.3333
-3.007519, -10, 100.9111
-4.069549, -10, 100.712
-5.131579, -10, 100.6196
-6.193609, -10, 100.5828
-7.255639, -10, 100.5693
-8.317669, -10, 100.5472
-9.3797, -10, 100.4462
-10.44173, -10, 100.2751
-11.50376, -10, 100.2581
-12.56579, -10, 100.2333
-13.62782, -10, 100.2025
-14.68985, -10, 100.1694
-15.75188, -10, 100.1354
-16.81391, -10, 100.1009
-17.87594, -10, 100.066
-18.93797, -10, 100.0315
98.92684, -11, 108.379
97.85368, -11, 109.0173
96.78053, -11, 109.3509
95.70737, -11, 109.5884
94.63422, -11, 109.7791
93.56106, -11, 109.9488
92.4879, -11, 110.1179
91.41475, -11, 110.2319
90.34159, -11, 110.7669
89.26843, -11, 110.6947
88.19527, -11, 110.8261
87.12212, -11, 110.9038
86.04897, -11, 110.9722
84.97581, -11, 111.0625
83.90265, -11, 111.1856
82.82949, -11, 111.3671
81.75634, -11, 111.6834
80.68318, -11, 112.5618
79.61002, -11, 113.3009
78.53687, -11, 112.0846
77.46371, -11, 111.7912
76.39056, -11, 111.692
75.3174, -11, 111.6763
74.24424, -11, 111.7177
73.17108, -11, 111.8236
72.09792, -11, 112.0423
71.02477, -11, 112.5389
69.95161, -11, 114.0628
68.87846, -11, 112.5322
67.8053, -11, 112.1159
66.73214, -11, 111.9123
65.65899, -11, 111.8196
64.58583, -11, 111.8067
63.51267, -11, 111.8853
62.43952, -11, 112.1226
61.36636, -11, 112.616
60.2932, -11, 114.1289
59.22005, -11, 113.0807
58.14689, -11, 112.2283
57.07373, -11, 111.8003
56.00058, -11, 111.5752
54.92742, -11, 111.4731
53.85426, -11, 111.4505
52.7811, -11, 111.5242
51.70795, -11, 111.6999
50.63479, -11, 112.0339
49.56163, -11, 112.1406
48.48848, -11, 111.5305
47.41532, -11, 111.2921
46.34217, -11, 111.1547
45.26901, -11, 111.1065
44.19585, -11, 111.0992
43.1227, -11, 111.1304
42.04954, -11, 111.2196
40.97638, -11, 111.3968
39.90322, -11, 112.1898
38.83007, -11, 111.3883
37.75691, -11, 111.2726
36.68375, -11, 111.2352
35.6106, -11, 111.254
34.53744, -11, 111.3058
33.46429, -11, 111.3978
32.39113, -11, 111.5763
31.31797, -11, 111.907
30.24482, -11, 113.319
29.17166, -11, 112.2821
28.0985, -11, 111.8722
27.02534, -11, 111.7713
25.95219, -11, 111.7797
24.87903, -11, 111.8336
23.80588, -11, 111.9044
22.73272, -11, 111.9786
21.65956, -11, 112.0307
20.5864, -11, 112.006
19.51325, -11, 111.9687
18.44009, -11, 112.0531
17.36694, -11, 112.1153
16.29378, -11, 112.1242
15.22062, -11, 112.1195
14.14747, -11, 112.1256
13.07431, -11, 112.1499
12.00115, -11, 112.1311
10.928, -11, 111.9266
9.854838, -11, 113.8014
8.781682, -11, 112.4283
7.708525, -11, 112.3396
6.635369, -11, 112.6348
5.562212, -11, 113.7725
4.489055, -11, 113.3833
3.415899, -11, 111.2404
2.342742, -11, 108.5023
1.269585, -11, 112.6796
0.1964286, -11, 112.3943
-0.8665413, -11, 111.9245
-1.929511, -11, 111.4922
-2.992481, -11, 111.1811
-4.055451, -11, 111.0684
-5.118421, -11, 111.0811
-6.181391, -11, 111.1884
-7.244361, -11, 111.3894
-8.307331, -11, 111.7445
-9.3703, -11, 112.651
-10.43327, -11, 113.1413
-11.49624, -11, 111.8232
-12.55921, -11, 111.4373
-13.62218, -11, 111.2537
-14.68515, -11, 111.1627
-15.74812, -11, 111.1398
-16.81109, -11, 111.1906
-17.87406, -11, 111.3637
-18.93703, -11, 111.8708
98.92703, -12, 120.6432
97.85407, -12, 120.4141
96.7811, -12, 120.497
95.70814, -12, 120.6336
94.63518, -12, 120.8022
93.56221, -12, 121.019
92.48925, -12, 121.3223
91.41628, -12, 121.8881
90.34332, -12, 123.0198
89.27036, -12, 122.7585
88.19739, -12, 122.052
87.12442, -12, 121.8396
86.05146, -12, 121.7863
84.97849, -12, 121.8098
83.90553, -12, 121.8979
82.83257, -12, 122.0605
81.7596, -12, 122.3779
80.68664, -12, 123.329
79.61367, -12, 124.0771
78.5407, -12, 122.7506
77.46774, -12, 122.4697
76.39478, -12, 122.4034
75.32182, -12, 122.4253
74.24885, -12, 122.5238
73.17588, -12, 122.7135
72.10292, -12, 123.0636
71.02995, -12, 123.9318
69.95699, -12, 126.0751
68.88403, -12, 123.9763
67.81106, -12, 123.2598
66.7381, -12, 122.9769
65.66513, -12, 122.8457
64.59216, -12, 122.8306
63.5192, -12, 122.9455
62.44624, -12, 123.2451
61.37327, -12, 123.9187
60.30031, -12, 125.734
59.22734, -12, 124.6337
58.15438, -12, 123.4992
57.08141, -12, 122.9943
56.00845, -12, 122.7427
54.93548, -12, 122.6475
53.86252, -12, 122.6844
52.78955, -12, 122.8598
51.71659, -12, 123.246
50.64362, -12, 124.0791
49.57066, -12, 124.2354
48.4977, -12, 123.1464
47.42473, -12, 122.6156
46.35176, -12, 122.3454
45.2788, -12, 122.2069
44.20584, -12, 122.1638
43.13287, -12, 122.2
42.05991, -12, 122.3406
40.98694, -12, 122.8064
39.91398, -12, 123.8755
38.84101, -12, 122.6975
37.76805, -12, 122.3071
36.69508, -12, 122.2008
35.62212, -12, 122.191
34.54916, -12, 122.2554
33.47619, -12, 122.4047
32.40322, -12, 122.6821
31.33026, -12, 123.3063
30.2573, -12, 125.1753
29.18433, -12, 123.8522
28.11137, -12, 122.8527
27.0384, -12, 122.5042
25.96544, -12, 122.3415
24.89247, -12, 122.2596
23.81951, -12, 122.2173
22.74654, -12, 122.1814
21.67358, -12, 122.1214
20.60061, -12, 121.9839
19.52765, -12, 121.7994
18.45469, -12, 121.8745
17.38172, -12, 121.8462
16.30876, -12, 121.8239
15.23579, -12, 121.7938
14.16283, -12, 121.7459
13.08986, -12, 121.6852
12.0169, -12, 121.693
10.94393, -12, 121.9526
9.870968, -12, 119.6783
8.798003, -12, 121.7253
7.725039, -12, 122.0262
6.652074, -12, 122.0447
5.579109, -12, 121.8991
4.506145, -12, 121.3143
3.43318, -12, 119.4161
2.360215, -12, 119.126
1.28725, -12, 122.5878
0.2142857, -12, 121.2726
-0.849624, -12, 120.8998
-1.913534, -12, 121.0535
-2.977444, -12, 121.1586
-4.041353, -12, 121.2791
-5.105263, -12, 121.4283
-6.169173, -12, 121.6389
-7.233083, -12, 121.9703
-8.296992, -12, 122.5735
-9.360902, -12, 123.8894
-10.42481, -12, 124.331
-11.48872, -12, 123.0722
-12.55263, -12, 122.4625
-13.61654, -12, 122.1687
-14.68045, -12, 122.0336
-15.74436, -12, 122.0184
-16.80827, -12, 122.1311
-17.87218, -12, 122.4429
-18.93609, -12, 123.2055
98.92723, -13, 132.3576
97.85445, -13, 131.8292
96.78168, -13, 131.6027
95.70891, -13, 131.5999
94.63614, -13, 131.7279
93.56336, -13, 131.9796
92.49059, -13, 132.4231
91.41782, -13, 133.1462
90.34505, -13, 134.1857
89.27227, -13, 133.8653
88.1995, -13, 133.0478
87.12673, -13, 132.6206
86.05396, -13, 132.4413
84.98119, -13, 132.4025
83.90841, -13, 132.459
82.83564, -13, 132.6102
81.76286, -13, 132.8689
80.69009, -13, 133.08
79.61732, -13, 132.8364
78.54455, -13, 133.1205
77.47177, -13, 132.98
76.399, -13, 132.9249
75.32623, -13, 132.9679
74.25346, -13, 133.1067
73.18069, -13, 133.3722
72.10791, -13, 133.8378
71.03514, -13, 134.5268
69.96236, -13, 134.6576
68.88959, -13, 134.6601
67.81682, -13, 134.0818
66.74405, -13, 133.7134
65.67127, -13, 133.5414
64.5985, -13, 133.5159
63.52573, -13, 133.6325
62.45296, -13, 133.9271
61.38018, -13, 134.478
60.30741, -13, 134.9285
59.23464, -13, 134.9238
58.16187, -13, 134.1898
57.08909, -13, 133.7477
56.01632, -13, 133.5229
54.94355, -13, 133.4558
53.87078, -13, 133.5323
52.798, -13, 133.775
51.72523, -13, 134.2504
50.65246, -13, 135.0459
49.57969, -13, 135.1155
48.50691, -13, 134.219
47.43414, -13, 133.5986
46.36137, -13, 133.2298
45.28859, -13, 133.0351
44.21582, -13, 132.9691
43.14305, -13, 133.0254
42.07028, -13, 133.2349
40.99751, -13, 133.5906
39.92473, -13, 133.5749
38.85196, -13, 133.5073
37.77919, -13, 133.1601
36.70641, -13, 132.9625
35.63364, -13, 132.9163
34.56087, -13, 132.9866
33.48809, -13, 133.1793
32.41532, -13, 133.5498
31.34255, -13, 134.1603
30.26978, -13, 134.5977
29.197, -13, 134.4165
28.12423, -13, 133.5899
27.05146, -13, 133.0665
25.97869, -13, 132.7653
24.90591, -13, 132.5784
23.83314, -13, 132.4485
22.76037, -13, 132.3383
21.6876, -13, 132.2075
20.61482, -13, 131.9512
19.54205, -13, 131.7345
18.46928, -13, 131.7255
17.39651, -13, 131.6814
16.32373, -13, 131.6208
15.25096, -13, 131.553
14.17819, -13, 131.4841
13.10541, -13, 131.417
12.03264, -13, 131.3501
10.95987, -13, 131.2719
9.887096, -13, 131.1834
8.814324, -13, 131.2517
7.741551, -13, 131.4533
6.668779, -13, 131.4856
5.596006, -13, 130.7372
4.523233, -13, 129.0411
3.450461, -13, 129.3597
2.377688, -13, 132.929
1.304916, -13, 132.3234
0.2321429, -13, 129.8917
-0.8327067, -13, 129.765
-1.897556, -13, 130.4935
-2.962406, -13, 131.0529
-4.027256, -13, 131.3987
-5.092105, -13, 131.6617
-6.156955, -13, 131.9363
-7.221805, -13, 132.3128
-8.286654, -13, 132.9287
-9.351503, -13, 133.6211
-10.41635, -13, 133.9087
-11.4812, -13, 133.658
-12.54605, -13, 133.1266
-13.6109, -13, 132.8133
-14.67575, -13, 132.6628
-15.7406, -13, 132.6486
-16.80545, -13, 132.776
-17.8703, -13, 133.0865
-18.93515, -13, 133.5317
98.92742, -14, 143.1918
97.85484, -14, 142.7223
96.78226, -14, 142.466
95.70968, -14, 142.3963
94.6371, -14, 142.4782
93.56451, -14, 142.7029
92.49194, -14, 143.0833
91.41936, -14, 143.6181
90.34677, -14, 144.3325
89.27419, -14, 143.9203
88.20161, -14, 143.4364
87.12904, -14, 143.0745
86.05645, -14, 142.8755
84.98387, -14, 142.8003
83.91129, -14, 142.8152
82.83871, -14, 142.8882
81.76613, -14, 142.9345
80.69355, -14, 142.4117
79.62096, -14, 141.9776
78.54839, -14, 143.0042
77.47581, -14, 143.1511
76.40323, -14, 143.1837
75.33064, -14, 143.2558
74.25806, -14, 143.4062
73.18549, -14, 143.6614
72.1129, -14, 144.0324
71.04032, -14, 144.2579
69.96774, -14, 143.7933
68.89516, -14, 144.4329
67.82258, -14, 144.2826
66.75, -14, 144.0062
65.67742, -14, 143.8493
64.60484, -14, 143.8133
63.53226, -14, 143.889
62.45968, -14, 144.0645
61.3871, -14, 144.2199
60.31452, -14, 143.9308
59.24194, -14, 144.1291
58.16935, -14, 144.2141
57.09678, -14, 144.0078
56.02419, -14, 143.8743
54.95161, -14, 143.8507
53.87903, -14, 143.945
52.80645, -14, 144.1744
51.73387, -14, 144.5512
50.66129, -14, 144.9507
49.58871, -14, 145.0849
48.51613, -14, 144.5524
47.44355, -14, 144.0688
46.37097, -14, 143.7256
45.29839, -14, 143.5245
44.22581, -14, 143.4447
43.15322, -14, 143.4784
42.08065, -14, 143.6173
41.00806, -14, 143.6878
39.93548, -14, 143.4097
38.8629, -14, 143.6411
37.79032, -14, 143.5343
36.71774, -14, 143.3953
35.64516, -14, 143.3599
34.57258, -14, 143.4326
33.5, -14, 143.618
32.42742, -14, 143.9209
31.35484, -14, 144.2392
30.28226, -14, 144.0504
29.20968, -14, 144.0704
28.1371, -14, 143.8024
27.06452, -14, 143.3449
25.99194, -14, 142.9999
24.91936, -14, 142.7513
23.84678, -14, 142.5614
22.77419, -14, 142.3928
21.70161, -14, 142.1991
20.62903, -14, 141.936
19.55645, -14, 141.7462
18.48387, -14, 141.6018
17.41129, -14, 141.5237
16.33871, -14, 141.4145
15.26613, -14, 141.3016
14.19355, -14, 141.2051
13.12097, -14, 141.1278
12.04839, -14, 140.9961
10.97581, -14, 140.6157
9.903226, -14, 142.8331
8.830646, -14, 141.1108
7.758065, -14, 141.1655
6.685484, -14, 141.4791
5.612903, -14, 141.9161
4.540323, -14, 141.2026
3.467742, -14, 142.0943
2.395161, -14, 142.4743
1.322581, -14, 140.6634
0.25, -14, 138.5115
-0.8157895, -14, 139.058
-1.881579, -14, 140.3785
-2.947368, -14, 141.0424
-4.013158, -14, 141.438
-5.078948, -14, 141.7455
-6.144737, -14, 142.0503
-7.210526, -14, 142.4038
-8.276316, -14, 142.7483
-9.342105, -14, 143.1116
-10.4079, -14, 143.4378
-11.47368, -14, 143.3513
-12.53947, -14, 143.2459
-13.60526, -14, 143.0518
-14.67105, -14, 142.93
-15.73684, -14, 142.9074
-16.80263, -14, 142.9789
-17.86842, -14, 143.0792
-18.93421, -14, 143.045
98.92761, -15, 153.3022
97.85522, -15, 152.9572
96.78284, -15, 152.8009
95.71045, -15, 152.7446
94.63805, -15, 152.795
93.56567, -15, 152.9417
92.49328, -15, 153.1507
91.42089, -15, 153.4134
90.3485, -15, 153.657
89.27612, -15, 153.5397
88.20373, -15, 153.2176
87.13134, -15, 153.0577
86.05894, -15, 152.9351
84.98656, -15, 152.8641
83.91417, -15, 152.8344
82.84178, -15, 152.795
81.76939, -15, 152.6205
80.69701, -15, 152.2751
79.62462, -15, 152.2813
78.55223, -15, 152.5963
77.47984, -15, 152.9145
76.40745, -15, 153.0747
75.33506, -15, 153.1825
74.26267, -15, 153.312
73.19028, -15, 153.4724
72.1179, -15, 153.5968
71.04551, -15, 153.7364
69.97312, -15, 154.1191
68.90073, -15, 153.8469
67.82834, -15, 153.8079
66.75595, -15, 153.7697
65.68356, -15, 153.6975
64.61118, -15, 153.6652
63.53879, -15, 153.6703
62.4664, -15, 153.6393
61.39401, -15, 153.4928
60.32162, -15, 153.2681
59.24923, -15, 153.3984
58.17684, -15, 153.6445
57.10445, -15, 153.7627
56.03207, -15, 153.7795
54.95968, -15, 153.8117
53.88729, -15, 153.8992
52.8149, -15, 154.0377
51.74251, -15, 154.1986
50.67012, -15, 154.498
49.59773, -15, 154.566
48.52534, -15, 154.2341
47.45296, -15, 153.9777
46.38057, -15, 153.7647
45.30818, -15, 153.6015
44.23579, -15, 153.5091
43.1634, -15, 153.4749
42.09101, -15, 153.4454
41.01862, -15, 153.4597
39.94624, -15, 153.5377
38.87385, -15, 153.3853
37.80146, -15, 153.3595
36.72907, -15, 153.3767
35.65668, -15, 153.3965
34.58429, -15, 153.4681
33.51191, -15, 153.5933
32.43952, -15, 153.7167
31.36713, -15, 153.79
30.29474, -15, 153.9305
29.22235, -15, 153.7053
28.14996, -15, 153.4718
27.07757, -15, 153.2344
26.00518, -15, 152.9643
24.9328, -15, 152.7216
23.86041, -15, 152.5049
22.78802, -15, 152.2895
21.71563, -15, 152.0718
20.64324, -15, 151.908
19.57085, -15, 151.7218
18.49846, -15, 151.5016
17.42608, -15, 151.2827
16.35369, -15, 151.1213
15.2813, -15, 150.9705
14.20891, -15, 150.8071
13.13652, -15, 150.6269
12.06413, -15, 150.5005
10.99174, -15, 150.6227
9.919354, -15, 148.7583
8.846966, -15, 150.7391
7.774578, -15, 151.1311
6.702189, -15, 151.5292
5.6298, -15, 152.6265
4.557412, -15, 153.4466
3.485023, -15, 152.1165
2.412634, -15, 150.6301
1.340246, -15, 149.2061
0.2678571, -15, 147.5234
-0.7988722, -15, 149.5956
-1.865602, -15, 150.5961
-2.932331, -15, 151.085
-3.99906, -15, 151.4254
-5.06579, -15, 151.7026
-6.132519, -15, 151.948
-7.199248, -15, 152.1794
-8.265978, -15, 152.4118
-9.332706, -15, 152.6701
-10.39944, -15, 152.9072
-11.46617, -15, 152.8564
-12.5329, -15, 152.8054
-13.59962, -15, 152.7593
-14.66635, -15, 152.7152
-15.73308, -15, 152.6724
-16.79981, -15, 152.63
-17.86654, -15, 152.5878
-18.93327, -15, 152.545
98.9278, -16, 162.8516
97.85561, -16, 162.7546
96.78341, -16, 162.6524
95.71121, -16, 162.6238
94.63902, -16, 162.6535
93.56682, -16, 162.7265
92.49462, -16, 162.8282
91.42242, -16, 162.9133
90.35023, -16, 162.8104
89.27803, -16, 162.8368
88.20583, -16, 162.8049
87.13364, -16, 162.7097
86.06145, -16, 162.6425
84.98925, -16, 162.592
83.91705, -16, 162.5408
82.84486, -16, 162.4735
81.77266, -16, 162.3929
80.70046, -16, 162.5024
79.62827, -16, 162.6747
78.55607, -16, 162.4341
77.48387, -16, 162.5334
76.41167, -16, 162.6568
75.33948, -16, 162.7612
74.26728, -16, 162.8497
73.19508, -16, 162.9324
72.12289, -16, 163.0317
71.05069, -16, 163.2716
69.97849, -16, 164.1033
68.9063, -16, 163.3058
67.8341, -16, 163.1613
66.7619, -16, 163.1363
65.6897, -16, 163.1232
64.61751, -16, 163.1031
63.54531, -16, 163.0662
62.47312, -16, 163.003
61.40092, -16, 162.9102
60.32872, -16, 162.7863
59.25653, -16, 162.8798
58.18433, -16, 163.0528
57.11214, -16, 163.1904
56.03994, -16, 163.2886
54.96774, -16, 163.368
53.89555, -16, 163.4463
52.82335, -16, 163.5399
51.75115, -16, 163.6614
50.67896, -16, 163.7613
49.60676, -16, 163.8053
48.53456, -16, 163.705
47.46236, -16, 163.5437
46.39017, -16, 163.3998
45.31797, -16, 163.2813
44.24578, -16, 163.1846
43.17358, -16, 163.1086
42.10138, -16, 163.0591
41.02919, -16, 163.0756
39.95699, -16, 163.4441
38.88479, -16, 163.0241
37.8126, -16, 162.97
36.7404, -16, 162.9915
35.6682, -16, 163.0407
34.596, -16, 163.1033
33.52381, -16, 163.173
32.45161, -16, 163.2483
31.37942, -16, 163.3493
30.30722, -16, 163.6439
29.23502, -16, 163.3678
28.16283, -16, 163.0654
27.09063, -16, 162.8626
26.01843, -16, 162.6713
24.94624, -16, 162.4812
23.87404, -16, 162.2915
22.80184, -16, 162.1039
21.72965, -16, 161.9244
20.65745, -16, 161.7847
19.58525, -16, 161.6087
18.51306, -16, 161.3468
17.44086, -16, 161.1323
16.36866, -16, 160.9329
15.29647, -16, 160.7444
14.22427, -16, 160.5442
13.15207, -16, 160.3306
12.07988, -16, 160.1429
11.00768, -16, 160.0136
9.935484, -16, 159.3868
8.863287, -16, 160.1112
7.79109, -16, 160.5387
6.718894, -16, 160.8876
5.646698, -16, 161.1408
4.574501, -16, 160.9483
3.502304, -16, 160.0227
2.430108, -16, 158.7416
1.357911, -16, 157.3544
0.2857143, -16, 159.3257
-0.7819549, -16, 160.8622
-1.849624, -16, 161.0279
-2.917293, -16, 161.2153
-3.984962, -16, 161.4023
-5.052631, -16, 161.5835
-6.120301, -16, 161.7603
-7.18797, -16, 161.9373
-8.255639, -16, 162.1157
-9.323308, -16, 162.2847
-10.39098, -16, 162.3729
-11.45865, -16, 162.3499
-12.52632, -16, 162.3088
-13.59398, -16, 162.2638
-14.66165, -16, 162.2193
-15.72932, -16, 162.1756
-16.79699, -16, 162.1321
-17.86466, -16, 162.0882
-18.93233, -16, 162.0432
98.92799, -17, 172.1863
97.85599, -17, 172.2344
96.78399, -17, 172.2503
95.71198, -17, 172.2511
94.63998, -17, 172.2715
93.56797, -17, 172.305
92.49596, -17, 172.319
91.42397, -17, 172.2535
90.35196, -17, 172.111
89.27995, -17, 172.1873
88.20795, -17, 172.2985
87.13595, -17, 172.3083
86.06394, -17, 172.2813
84.99194, -17, 172.254
83.91993, -17, 172.2303
82.84792, -17, 172.2203
81.77592, -17, 172.2868
80.70392, -17, 172.5058
79.63191, -17, 172.6012
78.55991, -17, 172.3976
77.4879, -17, 172.2899
76.4159, -17, 172.2938
75.3439, -17, 172.3323
74.27189, -17, 172.3792
73.19988, -17, 172.439
72.12788, -17, 172.5449
71.05588, -17, 172.7162
69.98387, -17, 172.7735
68.91187, -17, 172.7071
67.83986, -17, 172.5824
66.76786, -17, 172.5312
65.69585, -17, 172.516
64.62385, -17, 172.5055
63.55184, -17, 172.4894
62.47984, -17, 172.4685
61.40783, -17, 172.4471
60.33583, -17, 172.4029
59.26382, -17, 172.4407
58.19182, -17, 172.5513
57.11982, -17, 172.6559
56.04781, -17, 172.751
54.97581, -17, 172.8345
53.9038, -17, 172.913
52.8318, -17, 172.989
51.75979, -17, 173.04
50.68779, -17, 173.0436
49.61578, -17, 173.0403
48.54378, -17, 173.0578
47.47178, -17, 173.0068
46.39977, -17, 172.9148
45.32777, -17, 172.8193
44.25576, -17, 172.7327
43.18375, -17, 172.658
42.11175, -17, 172.5982
41.03975, -17, 172.5759
39.96774, -17, 172.5266
38.89574, -17, 172.56
37.82373, -17, 172.5404
36.75173, -17, 172.5554
35.67972, -17, 172.5935
34.60772, -17, 172.6449
33.53571, -17, 172.7064
32.46371, -17, 172.7838
31.3917, -17, 172.8974
30.3197, -17, 173.0151
29.2477, -17, 172.9068
28.17569, -17, 172.6789
27.10369, -17, 172.4996
26.03168, -17, 172.3485
24.95968, -17, 172.2055
23.88767, -17, 172.0648
22.81567, -17, 171.9249
21.74366, -17, 171.7793
20.67166, -17, 171.6054
19.59966, -17, 171.4119
18.52765, -17, 171.181
17.45564, -17, 171.0302
16.38364, -17, 170.8606
15.31164, -17, 170.6754
14.23963, -17, 170.4696
13.16763, -17, 170.2232
12.09562, -17, 169.8623
11.02362, -17, 169.2541
9.951612, -17, 171.5313
8.879608, -17, 169.6381
7.807604, -17, 169.9242
6.735599, -17, 170.3151
5.663594, -17, 170.0248
4.59159, -17, 168.4635
3.519585, -17, 167.8065
2.447581, -17, 169.7248
1.375576, -17, 170.598
0.3035714, -17, 173.3216
-0.7650376, -17, 172.1609
-1.833647, -17, 171.5007
-2.902256, -17, 171.3924
-3.970865, -17, 171.4228
-5.039474, -17, 171.4999
-6.108083, -17, 171.5972
-7.176692, -17, 171.7065
-8.2453, -17, 171.822
-9.31391, -17, 171.9175
-10.38252, -17, 171.8659
-11.45113, -17, 171.8421
-12.51974, -17, 171.8051
-13.58835, -17, 171.7631
-14.65695, -17, 171.7197
-15.72556, -17, 171.6757
-16.79417, -17, 171.6314
-17.86278, -17, 171.5868
-18.93139, -17, 171.5422
98.92818, -18, 181.5665
97.85638, -18, 181.6118
96.78456, -18, 181.6551
95.71275, -18, 181.6921
94.64094, -18, 181.7205
93.56912, -18, 181.7359
92.49731, -18, 181.73
91.4255, -18, 181.6888
90.35368, -18, 181.5901
89.28188, -18, 181.6911
88.21006, -18, 181.815
87.13825, -18, 181.8769
86.06644, -18, 181.9053
84.99462, -18, 181.9233
83.92281, -18, 181.9475
82.851, -18, 181.9956
81.77918, -18, 182.09
80.70737, -18, 182.2041
79.63556, -18, 182.2517
78.56375, -18, 182.17
77.49194, -18, 182.0662
76.42012, -18, 182.0033
75.34831, -18, 181.9741
74.2765, -18, 181.9693
73.20468, -18, 181.9838
72.13287, -18, 182.01
71.06106, -18, 181.9752
69.98925, -18, 181.5325
68.91743, -18, 181.9541
67.84562, -18, 181.9806
66.77381, -18, 181.9663
65.702, -18, 181.9638
64.63019, -18, 181.9704
63.55837, -18, 181.9809
62.48656, -18, 181.9896
61.41475, -18, 181.9917
60.34293, -18, 182.0244
59.27112, -18, 182.0447
58.19931, -18, 182.0927
57.12749, -18, 182.1662
56.05568, -18, 182.2382
54.98387, -18, 182.3055
53.91206, -18, 182.366
52.84024, -18, 182.4157
51.76843, -18, 182.4457
50.69662, -18, 182.4313
49.62481, -18, 182.3897
48.55299, -18, 182.4426
47.48118, -18, 182.4154
46.40937, -18, 182.3584
45.33756, -18, 182.2893
44.26574, -18, 182.2168
43.19393, -18, 182.1469
42.12212, -18, 182.0827
41.05031, -18, 181.9894
39.97849, -18, 181.6634
38.90668, -18, 181.9883
37.83487, -18, 182.0536
36.76306, -18, 182.0854
35.69125, -18, 182.1234
34.61943, -18, 182.1704
33.54762, -18, 182.2267
32.47581, -18, 182.2934
31.40399, -18, 182.3621
30.33218, -18, 182.3412
29.26037, -18, 182.3277
28.18856, -18, 182.2489
27.11674, -18, 182.1354
26.04493, -18, 182.0324
24.97312, -18, 181.9366
23.90131, -18, 181.8428
22.82949, -18, 181.7455
21.75768, -18, 181.6335
20.68587, -18, 181.4583
19.61406, -18, 181.2323
18.54224, -18, 181.117
17.47043, -18, 180.9623
16.39862, -18, 180.8167
15.32681, -18, 180.6532
14.25499, -18, 180.4484
13.18318, -18, 180.1703
12.11137, -18, 179.7768
11.03955, -18, 179.3121
9.967742, -18, 177.5567
8.895929, -18, 179.2905
7.824117, -18, 179.9649
6.752304, -18, 180.4734
5.680491, -18, 180.9685
4.608679, -18, 180.9942
3.536866, -18, 180.0645
2.465054, -18, 182.5385
1.393241, -18, 184.301
0.3214286, -18, 183.5201
-0.7481203, -18, 182.759
-1.817669, -18, 181.8302
-2.887218, -18, 181.5245
-3.956767, -18, 181.4245
-5.026316, -18, 181.4034
-6.095865, -18, 181.4196
-7.165413, -18, 181.4554
-8.234962, -18, 181.4979
-9.304511, -18, 181.5069
-10.37406, -18, 181.3856
-11.44361, -18, 181.3416
-12.51316, -18, 181.3017
-13.58271, -18, 181.2603
-14.65226, -18, 181.2175
-15.7218, -18, 181.1739
-16.79135, -18, 181.1299
-17.8609, -18, 181.0859
-18.93045, -18, 181.0426
98.92838, -19, 190.9835
97.85676, -19, 191.0322
96.78514, -19, 191.0793
95.71352, -19, 191.1249
94.6419, -19, 191.1657
93.57027, -19, 191.1994
92.49866, -19, 191.2234
91.42703, -19, 191.2355
90.35542, -19, 191.2132
89.28379, -19, 191.2886
88.21217, -19, 191.3933
87.14056, -19, 191.4646
86.06893, -19, 191.521
84.99731, -19, 191.5709
83.92569, -19, 191.6229
82.85407, -19, 191.6837
81.78245, -19, 191.7483
80.71083, -19, 191.8261
79.63921, -19, 191.8498
78.56759, -19, 191.756
77.49596, -19, 191.6885
76.42435, -19, 191.6143
75.35273, -19, 191.5479
74.2811, -19, 191.4902
73.20949, -19, 191.4354
72.13786, -19, 191.3606
71.06625, -19, 191.2168
69.99462, -19, 191.0426
68.923, -19, 191.1911
67.85138, -19, 191.3071
66.77976, -19, 191.3598
65.70814, -19, 191.3961
64.63652, -19, 191.4316
63.5649, -19, 191.467
62.49328, -19, 191.501
61.42166, -19, 191.5377
60.35004, -19, 191.6
59.27842, -19, 191.6352
58.2068, -19, 191.6622
57.13518, -19, 191.7056
56.06356, -19, 191.7547
54.99194, -19, 191.8026
53.92031, -19, 191.847
52.84869, -19, 191.885
51.77707, -19, 191.9127
50.70545, -19, 191.9071
49.63383, -19, 191.8867
48.56221, -19, 191.8856
47.49059, -19, 191.8541
46.41897, -19, 191.8043
45.34735, -19, 191.7451
44.27573, -19, 191.6815
43.20411, -19, 191.6149
42.13249, -19, 191.5365
41.06087, -19, 191.4181
39.98925, -19, 191.2923
38.91763, -19, 191.407
37.846, -19, 191.5074
36.77439, -19, 191.5652
35.70277, -19, 191.6099
34.63115, -19, 191.6545
33.55952, -19, 191.7006
32.4879, -19, 191.7442
31.41628, -19, 191.7689
30.34466, -19, 191.776
29.27304, -19, 191.7754
28.20142, -19, 191.7677
27.1298, -19, 191.7369
26.05818, -19, 191.6961
24.98656, -19, 191.655
23.91494, -19, 191.613
22.84332, -19, 191.566
21.7717, -19, 191.503
20.70008, -19, 191.3991
19.62846, -19, 191.2293
18.55684, -19, 191.171
17.48521, -19, 191.0551
16.4136, -19, 190.9237
15.34197, -19, 190.7847
14.27035, -19, 190.6232
13.19873, -19, 190.4259
12.12711, -19, 190.1871
11.05549, -19, 189.7097
9.983871, -19, 187.6391
8.912251, -19, 189.3323
7.84063, -19, 190.183
6.769009, -19, 190.7707
5.697389, -19, 191.9011
4.625768, -19, 193.6044
3.554147, -19, 193.3875
2.482527, -19, 193.094
1.410906, -19, 192.651
0.3392857, -19, 192.1732
-0.731203, -19, 192.0429
-1.801692, -19, 191.7191
-2.87218, -19, 191.4284
-3.942669, -19, 191.2789
-5.013158, -19, 191.1962
-6.083647, -19, 191.1476
-7.154135, -19, 191.1156
-8.224624, -19, 191.083
-9.295113, -19, 190.9957
-10.3656, -19, 190.899
-11.43609, -19, 190.8479
-12.50658, -19, 190.8035
-13.57707, -19, 190.7604
-14.64756, -19, 190.7172
-15.71805, -19, 190.6737
-16.78853, -19, 190.6302
-17.85902, -19, 190.5867
-18.92951, -19, 190.5436
2.017, 0.8, -2.7565
3.0821, 0.8, -2.4295
4.1471, 0.8, -3.9576
5.2121, 0.8, -3.4089
6.2772, 0.8, -3.6658
7.3422, 0.8, -3.5894
8.4072, 0.8, -3.2523
9.4723, 0.8, -2.3864
10.5373, 0.8, -2.90774
11.6023, 0.8, -3.47125
12.6674, 0.8, -3.37412
13.7324, 0.8, -3.31037
14.7974, 0.8, -3.29721
15.8625, 0.8, -3.34104
16.9275, 0.8, -3.46037
17.9925, 0.8, -3.67874
19.0575, 0.8, -4.01033
20.1226, 0.8, -4.07138
21.1876, 0.8, -4.0621
22.2526, 0.8, -3.9171
23.3177, 0.8, -3.88742
24.3827, 0.8, -3.94079
25.4477, 0.8, -4.06148
26.5128, 0.8, -4.22954
27.5778, 0.8, -4.41447
28.6428, 0.8, -4.50106
29.7079, 0.8, -3.93084
30.7729, 0.8, -4.38141
31.8379, 0.8, -4.76171
32.903, 0.8, -4.82594
33.968, 0.8, -4.87503
35.033, 0.8, -4.93997
36.0981, 0.8, -5.01982
37.1631, 0.8, -5.10302
38.2281, 0.8, -5.14729
39.2932, 0.8, -4.95255
40.3582, 0.8, -4.87572
41.4232, 0.8, -5.14332
42.4883, 0.8, -5.18256
43.5533, 0.8, -5.17788
44.6183, 0.8, -5.16593
45.6834, 0.8, -5.13552
46.7484, 0.8, -5.06542
47.8134, 0.8, -4.93297
48.8785, 0.8, -4.78792
49.9435, 0.8, -4.10027
51.0085, 0.8, -4.85112
52.0735, 0.8, -4.99283
53.1386, 0.8, -5.18558
54.2036, 0.8, -5.3262
55.2686, 0.8, -5.41499
56.3337, 0.8, -5.45887
57.3987, 0.8, -5.46948
58.4637, 0.8, -5.52299
59.5288, 0.8, -6.19046
60.5938, 0.8, -6.19693
61.6588, 0.8, -5.91755
62.7239, 0.8, -6.0925
63.7889, 0.8, -6.26812
64.8539, 0.8, -6.42036
65.919, 0.8, -6.56721
66.984, 0.8, -6.73082
68.049, 0.8, -6.92948
69.1141, 0.8, -7.06817
70.1791, 0.8, -6.8654
71.2441, 0.8, -7.07167
72.3092, 0.8, -6.90746
73.3742, 0.8, -6.71094
74.4392, 0.8, -6.54137
75.5043, 0.8, -6.40011
76.5693, 0.8, -6.28411
77.6343, 0.8, -6.18564
78.6994, 0.8, -6.05501
79.7644, 0.8, -6.22328
80.8294, 0.8, -6.40135
81.8945, 0.8, -6.81476
82.9595, 0.8, -7.20816
84.0245, 0.8, -7.631
85.0895, 0.8, -8.09152
86.1546, 0.8, -8.60204
87.2196, 0.8, -9.20044
88.2846, 0.8, -10.0513
89.3497, 0.8, -12.2743
90.4147, 0.8, -13.2531
91.4797, 0.8, -10.6327
92.5448, 0.8, -10.0474
93.6098, 0.8, -9.79614
94.6748, 0.8, -9.62699
95.7399, 0.8, -9.47134
96.8049, 0.8, -9.27105
97.8699, 0.8, -8.89683
98.935, 0.8, -7.62632
2.9588, 1.6, -10.1429
4.01359, 1.6, -11.7006
5.06839, 1.6, -12.78
6.12318, 1.6, -11.4403
7.17798, 1.6, -10.8878
8.23277, 1.6, -10.5335
9.28757, 1.6, -10.3146
10.3424, 1.6, -10.0661
11.3972, 1.6, -10.3554
12.452, 1.6, -10.4716
13.5068, 1.6, -10.4206
14.5615, 1.6, -10.4133
15.6163, 1.6, -10.4848
16.6711, 1.6, -10.6462
17.7259, 1.6, -10.91
18.7807, 1.6, -11.3257
19.8355, 1.6, -12.3223
20.8903, 1.6, -11.728
21.9451, 1.6, -11.3496
22.9999, 1.6, -11.2042
24.0547, 1.6, -11.1893
25.1095, 1.6, -11.2673
26.1643, 1.6, -11.4193
27.2191, 1.6, -11.6335
28.2739, 1.6, -11.9123
29.3287, 1.6, -12.1433
30.3835, 1.6, -12.0097
31.4383, 1.6, -12.2565
32.4931, 1.6, -12.176
33.5479, 1.6, -12.1822
34.6027, 1.6, -12.2386
35.6575, 1.6, -12.3518
36.7123, 1.6, -12.5228
37.7671, 1.6, -12.7439
38.8218, 1.6, -13.1225
39.8766, 1.6, -13.2219
40.9314, 1.6, -13.0835
41.9862, 1.6, -12.7039
43.041, 1.6, -12.5519
44.0958, 1.6, -12.445
45.1506, 1.6, -12.3534
46.2054, 1.6, -12.2567
47.2602, 1.6, -12.0562
48.315, 1.6, -11.5908
49.3698, 1.6, -10.5498
50.4246, 1.6, -10.3664
51.4794, 1.6, -11.4381
52.5342, 1.6, -12.0857
53.589, 1.6, -12.4256
54.6438, 1.6, -12.616
55.6986, 1.6, -12.7625
56.7534, 1.6, -12.8696
57.8082, 1.6, -12.8787
58.863, 1.6, -12.8824
59.9178, 1.6, -13.7198
60.9726, 1.6, -13.2628
62.0274, 1.6, -13.4296
63.0821, 1.6, -13.587
64.1369, 1.6, -13.6656
65.1917, 1.6, -13.7319
66.2465, 1.6, -13.8187
67.3013, 1.6, -13.9239
68.3561, 1.6, -14.079
69.4109, 1.6, -14.2154
70.4657, 1.6, -14.221
71.5205, 1.6, -14.1351
72.5753, 1.6, -13.8678
73.6301, 1.6, -13.6501
74.6849, 1.6, -13.4823
75.7397, 1.6, -13.3629
76.7945, 1.6, -13.3039
77.8493, 1.6, -13.3583
78.9041, 1.6, -13.7572
79.9589, 1.6, -14.2695
81.0137, 1.6, -14.221
82.0685, 1.6, -14.1429
83.1233, 1.6, -14.4572
84.1781, 1.6, -14.8745
85.2329, 1.6, -15.3617
86.2877, 1.6, -15.9394
87.3425, 1.6, -16.5675
88.3972, 1.6, -17.2988
89.452, 1.6, -18.965
90.5068, 1.6, -19.2101
91.5616, 1.6, -17.842
92.6164, 1.6, -17.5065
93.6712, 1.6, -17.289
94.726, 1.6, -17.122
95.7808, 1.6, -17.0062
96.8356, 1.6, -16.9029
97.8904, 1.6, -16.8384
98.9452, 1.6, -16.8679
3.90056, 2.4, -17.9254
4.94512, 2.4, -20.1057
5.98968, 2.4, -18.9137
7.03424, 2.4, -18.1121
8.0788, 2.4, -17.8297
9.12335, 2.4, -17.8274
10.1679, 2.4, -17.7343
11.2125, 2.4, -17.2148
12.257, 2.4, -17.2327
13.3016, 2.4, -17.253
14.3462, 2.4, -17.284
15.3907, 2.4, -17.3794
16.4353, 2.4, -17.56
17.4798, 2.4, -17.8395
18.5244, 2.4, -18.3089
19.5689, 2.4, -19.2935
20.6135, 2.4, -19.1967
21.6581, 2.4, -18.589
22.7026, 2.4, -18.3446
23.7472, 2.4, -18.2719
24.7917, 2.4, -18.3091
25.8363, 2.4, -18.4382
26.8809, 2.4, -18.6541
27.9254, 2.4, -18.9855
28.97, 2.4, -19.524
30.0145, 2.4, -20.4093
31.0591, 2.4, -19.7518
32.1037, 2.4, -19.4649
33.1482, 2.4, -19.3519
34.1928, 2.4, -19.35
35.2373, 2.4, -19.4471
36.2819, 2.4, -19.657
37.3265, 2.4, -20.02
38.371, 2.4, -20.5674
39.4156, 2.4, -21.4423
40.4601, 2.4, -21.4453
41.5047, 2.4, -20.4338
42.5492, 2.4, -19.948
43.5938, 2.4, -19.618
44.6384, 2.4, -19.4144
45.6829, 2.4, -19.2849
46.7275, 2.4, -19.1691
47.772, 2.4, -18.9128
48.8166, 2.4, -18.0506
49.8612, 2.4, -16.4951
50.9057, 2.4, -17.607
51.9503, 2.4, -18.8284
52.9948, 2.4, -19.3073
54.0394, 2.4, -19.5443
55.084, 2.4, -19.7501
56.1285, 2.4, -19.9846
57.1731, 2.4, -20.2559
58.2176, 2.4, -20.4506
59.2622, 2.4, -20.2504
60.3068, 2.4, -20.0608
61.3513, 2.4, -20.8626
62.3959, 2.4, -20.9681
63.4404, 2.4, -20.8723
64.485, 2.4, -20.8236
65.5295, 2.4, -20.8386
66.5741, 2.4, -20.9057
67.6187, 2.4, -21.0066
68.6632, 2.4, -21.134
69.7078, 2.4, -21.5755
70.7523, 2.4, -21.3577
71.7969, 2.4, -20.984
72.8415, 2.4, -20.7104
73.886, 2.4, -20.5013
74.9306, 2.4, -20.3517
75.9751, 2.4, -20.2674
77.0197, 2.4, -20.2839
78.0643, 2.4, -20.5184
79.1088, 2.4, -21.1979
80.1534, 2.4, -21.8939
81.1979, 2.4, -21.3819
82.2425, 2.4, -21.3097
83.2871, 2.4, -21.4852
84.3316, 2.4, -21.8101
85.3762, 2.4, -22.27
86.4207, 2.4, -22.8979
87.4653, 2.4, -23.7066
88.5098, 2.4, -24.395
89.5544, 2.4, -24.0085
90.599, 2.4, -24.6354
91.6435, 2.4, -25.0653
92.6881, 2.4, -24.786
93.7326, 2.4, -24.5326
94.7772, 2.4, -24.4595
95.8218, 2.4, -24.4959
96.8663, 2.4, -24.5824
97.9109, 2.4, -24.7935
98.9554, 2.4, -25.6393
4.84232, 3.2, -25.3784
5.87665, 3.2, -24.9663
6.91097, 3.2, -24.5376
7.94529, 3.2, -24.4555
8.97961, 3.2, -24.551
10.0139, 3.2, -24.5904
11.0483, 3.2, -24.2177
12.0826, 3.2, -23.8601
13.1169, 3.2, -23.8033
14.1512, 3.2, -23.8366
15.1855, 3.2, -23.9482
16.2199, 3.2, -24.1601
17.2542, 3.2, -24.5046
18.2885, 3.2, -24.9891
19.3228, 3.2, -25.7264
20.3572, 3.2, -26.11
21.3915, 3.2, -25.5462
22.4258, 3.2, -25.2695
23.4601, 3.2, -25.1235
24.4945, 3.2, -25.1189
25.5288, 3.2, -25.2372
26.5631, 3.2, -25.4631
27.5974, 3.2, -25.7994
28.6317, 3.2, -26.3241
29.6661, 3.2, -27.7242
30.7004, 3.2, -27.226
31.7347, 3.2, -26.5762
32.769, 3.2, -26.3536
33.8034, 3.2, -26.2818
34.8377, 3.2, -26.3286
35.872, 3.2, -26.5049
36.9063, 3.2, -26.8513
37.9406, 3.2, -27.4478
38.975, 3.2, -28.4074
40.0093, 3.2, -30.4155
41.0436, 3.2, -28.209
42.0779, 3.2, -27.2492
43.1123, 3.2, -26.6546
44.1466, 3.2, -26.2997
45.1809, 3.2, -26.0898
46.2152, 3.2, -25.9624
47.2495, 3.2, -25.8631
48.2839, 3.2, -25.6979
49.3182, 3.2, -24.9088
50.3525, 3.2, -24.1491
51.3868, 3.2, -25.6154
52.4212, 3.2, -25.9811
53.4555, 3.2, -26.2048
54.4898, 3.2, -26.424
55.5241, 3.2, -26.6894
56.5585, 3.2, -27.0404
57.5928, 3.2, -27.5122
58.6271, 3.2, -28.0322
59.6614, 3.2, -27.2763
60.6957, 3.2, -28.0568
61.7301, 3.2, -28.3313
62.7644, 3.2, -28.0143
63.7987, 3.2, -27.8147
64.833, 3.2, -27.7343
65.8674, 3.2, -27.7406
66.9017, 3.2, -27.8078
67.936, 3.2, -27.9207
68.9703, 3.2, -28.1082
70.0046, 3.2, -29.1019
71.039, 3.2, -28.0343
72.0733, 3.2, -27.6843
73.1076, 3.2, -27.4508
74.1419, 3.2, -27.2742
75.1763, 3.2, -27.1557
76.2106, 3.2, -27.113
77.2449, 3.2, -27.1825
78.2792, 3.2, -27.4346
79.3135, 3.2, -28.0488
80.3479, 3.2, -28.5302
81.3822, 3.2, -28.0882
82.4165, 3.2, -28.058
83.4508, 3.2, -28.1447
84.4852, 3.2, -28.3645
85.5195, 3.2, -28.7453
86.5538, 3.2, -29.3324
87.5881, 3.2, -30.1712
88.6225, 3.2, -31.0764
89.6568, 3.2, -29.2048
90.6911, 3.2, -30.9422
91.7254, 3.2, -31.8386
92.7597, 3.2, -31.5278
93.7941, 3.2, -31.4676
94.8284, 3.2, -31.636
95.8627, 3.2, -31.9419
96.897, 3.2, -32.3141
97.9314, 3.2, -32.7492
98.9657, 3.2, -33.8625
5.78409, 4, -29.8842
6.80817, 4, -29.9694
7.83226, 4, -30.2147
8.85634, 4, -30.6286
9.88043, 4, -31.0609
10.9045, 4, -30.7649
11.9286, 4, -30.3849
12.9527, 4, -30.189
13.9768, 4, -30.1666
15.0009, 4, -30.2578
16.0249, 4, -30.4679
17.049, 4, -30.814
18.0731, 4, -31.3413
19.0972, 4, -31.9228
20.1213, 4, -32.0201
21.1454, 4, -32.1442
22.1695, 4, -31.8263
23.1935, 4, -31.649
24.2176, 4, -31.6308
25.2417, 4, -31.7463
26.2658, 4, -31.9846
27.2899, 4, -32.3421
28.314, 4, -32.8371
29.3381, 4, -33.6474
30.3622, 4, -34.1746
31.3862, 4, -33.4465
32.4103, 4, -33.129
33.4344, 4, -32.9853
34.4585, 4, -32.9709
35.4826, 4, -33.0865
36.5067, 4, -33.3483
37.5308, 4, -33.8148
38.5548, 4, -34.6345
39.5789, 4, -36.0508
40.603, 4, -35.7184
41.6271, 4, -34.3145
42.6512, 4, -33.4948
43.6753, 4, -33.0201
44.6994, 4, -32.7348
45.7234, 4, -32.5652
46.7475, 4, -32.4838
47.7716, 4, -32.517
48.7957, 4, -32.7773
49.8198, 4, -32.5617
50.8439, 4, -32.9279
51.868, 4, -32.7196
52.892, 4, -32.7418
53.9161, 4, -32.9072
54.9402, 4, -33.1529
55.9643, 4, -33.485
56.9884, 4, -33.9424
58.0125, 4, -34.6064
59.0366, 4, -35.518
60.0606, 4, -35.7643
61.0847, 4, -35.6354
62.1088, 4, -35.0282
63.1329, 4, -34.6644
64.157, 4, -34.4702
65.1811, 4, -34.3976
66.2052, 4, -34.4272
67.2292, 4, -34.5385
68.2533, 4, -34.6792
69.2774, 4, -34.909
70.3015, 4, -35.0222
71.3256, 4, -34.5343
72.3497, 4, -34.2719
73.3738, 4, -34.0646
74.3979, 4, -33.9149
75.4219, 4, -33.835
76.446, 4, -33.8164
77.4701, 4, -33.8615
78.4942, 4, -33.9786
79.5183, 4, -34.3231
80.5424, 4, -34.4164
81.5665, 4, -34.3413
82.5905, 4, -34.3526
83.6146, 4, -34.4609
84.6387, 4, -34.6718
85.6628, 4, -34.9371
86.6869, 4, -35.2742
87.711, 4, -35.8679
88.7351, 4, -36.7411
89.7591, 4, -36.815
90.7832, 4, -37.8407
91.8073, 4, -37.7094
92.8314, 4, -37.7798
93.8555, 4, -38.2237
94.8796, 4, -38.7823
95.9037, 4, -39.3695
96.9277, 4, -39.9889
97.9518, 4, -40.7149
98.9759, 4, -41.7421
6.72585, 4.8, -34.8431
7.7397, 4.8, -35.4659
8.75355, 4.8, -36.1305
9.7674, 4.8, -37.193
10.7812, 4.8, -36.8102
11.7951, 4.8, -36.536
12.8089, 4.8, -36.3249
13.8228, 4.8, -36.2151
14.8366, 4.8, -36.2605
15.8505, 4.8, -36.4523
16.8643, 4.8, -36.7842
17.8782, 4.8, -37.2491
18.892, 4.8, -37.7686
19.9059, 4.8, -38.0308
20.9197, 4.8, -38.1571
21.9336, 4.8, -37.9589
22.9474, 4.8, -37.8052
23.9613, 4.8, -37.795
24.9751, 4.8, -37.9176
25.989, 4.8, -38.1642
27.0028, 4.8, -38.5363
28.0167, 4.8, -39.0415
29.0305, 4.8, -39.5822
30.0444, 4.8, -39.5062
31.0582, 4.8, -39.8864
32.0721, 4.8, -39.604
33.0859, 4.8, -39.4029
34.0998, 4.8, -39.3465
35.1136, 4.8, -39.4131
36.1275, 4.8, -39.5964
37.1413, 4.8, -39.9054
38.1552, 4.8, -40.4064
39.169, 4.8, -41.3291
40.1829, 4.8, -42.0632
41.1967, 4.8, -40.9058
42.2106, 4.8, -40.0515
43.2244, 4.8, -39.5658
44.2383, 4.8, -39.2494
45.2521, 4.8, -39.0487
46.266, 4.8, -38.9482
47.2798, 4.8, -38.9764
48.2937, 4.8, -39.2401
49.3075, 4.8, -40.2904
50.3214, 4.8, -41.4655
51.3352, 4.8, -39.6273
52.3491, 4.8, -39.2977
53.3629, 4.8, -39.3219
54.3768, 4.8, -39.5018
55.3906, 4.8, -39.7825
56.4045, 4.8, -40.1636
57.4183, 4.8, -40.68
58.4322, 4.8, -41.4884
59.446, 4.8, -43.4584
60.4599, 4.8, -43.8183
61.4737, 4.8, -41.8937
62.4876, 4.8, -41.3045
63.5014, 4.8, -41.0069
64.5153, 4.8, -40.8386
65.5291, 4.8, -40.7797
66.543, 4.8, -40.8324
67.5568, 4.8, -41.0086
68.5707, 4.8, -41.2664
69.5845, 4.8, -41.2197
70.5984, 4.8, -41.079
71.6122, 4.8, -40.9367
72.6261, 4.8, -40.6403
73.6399, 4.8, -40.4608
74.6538, 4.8, -40.3806
75.6676, 4.8, -40.3606
76.6815, 4.8, -40.3567
77.6953, 4.8, -40.3179
78.7092, 4.8, -40.2463
79.723, 4.8, -39.732
80.7369, 4.8, -40.2915
81.7507, 4.8, -40.3518
82.7646, 4.8, -40.5776
83.7784, 4.8, -40.8628
84.7923, 4.8, -41.0956
85.8061, 4.8, -41.2459
86.82, 4.8, -41.2627
87.8338, 4.8, -41.1824
88.8477, 4.8, -41.9507
89.8615, 4.8, -46.7354
90.8754, 4.8, -43.467
91.8892, 4.8, -43.1718
92.9031, 4.8, -44.2359
93.9169, 4.8, -45.2766
94.9308, 4.8, -46.1848
95.9446, 4.8, -47.0155
96.9585, 4.8, -47.8279
97.9723, 4.8, -48.6827
98.9862, 4.8, -49.3212
7.66761, 5.6, -40.4753
8.67123, 5.6, -41.3381
9.67484, 5.6, -42.3381
10.6785, 5.6, -42.4887
11.6821, 5.6, -42.2174
12.6857, 5.6, -41.9492
13.6893, 5.6, -41.8453
14.6929, 5.6, -41.8842
15.6965, 5.6, -42.0563
16.7001, 5.6, -42.3459
17.7037, 5.6, -42.7218
18.7074, 5.6, -43.2053
19.711, 5.6, -44.0382
20.7146, 5.6, -43.8289
21.7182, 5.6, -43.587
22.7218, 5.6, -43.556
23.7254, 5.6, -43.6041
24.729, 5.6, -43.7534
25.7326, 5.6, -44.009
26.7363, 5.6, -44.372
27.7399, 5.6, -44.8391
28.7435, 5.6, -45.3137
29.7471, 5.6, -45.2655
30.7507, 5.6, -45.6211
31.7543, 5.6, -45.663
32.7579, 5.6, -45.5043
33.7615, 5.6, -45.4406
34.7652, 5.6, -45.4794
35.7688, 5.6, -45.611
36.7724, 5.6, -45.8224
37.776, 5.6, -46.101
38.7796, 5.6, -46.353
39.7832, 5.6, -47.0469
40.7868, 5.6, -46.5515
41.7905, 5.6, -46.2029
42.7941, 5.6, -45.8535
43.7977, 5.6, -45.5777
44.8013, 5.6, -45.3796
45.8049, 5.6, -45.2688
46.8085, 5.6, -45.2564
47.8121, 5.6, -45.3983
48.8157, 5.6, -45.9457
49.8194, 5.6, -48.6038
50.823, 5.6, -46.6638
51.8266, 5.6, -45.8119
52.8302, 5.6, -45.6821
53.8338, 5.6, -45.7705
54.8374, 5.6, -45.9707
55.841, 5.6, -46.2802
56.8446, 5.6, -46.6905
57.8483, 5.6, -47.2554
58.8519, 5.6, -48.2636
59.8555, 5.6, -51.6126
60.8591, 5.6, -48.8929
61.8627, 5.6, -47.806
62.8663, 5.6, -47.3582
63.8699, 5.6, -47.0893
64.8736, 5.6, -46.9281
65.8772, 5.6, -46.8798
66.8808, 5.6, -46.9509
67.8844, 5.6, -47.1769
68.888, 5.6, -47.5175
69.8916, 5.6, -47.2474
70.8952, 5.6, -47.2996
71.8988, 5.6, -46.9875
72.9025, 5.6, -46.7581
73.9061, 5.6, -46.685
74.9097, 5.6, -46.7063
75.9133, 5.6, -46.7613
76.9169, 5.6, -46.7931
77.9205, 5.6, -46.7121
78.9241, 5.6, -46.2842
79.9277, 5.6, -45.3499
80.9314, 5.6, -46.1623
81.935, 5.6, -46.7144
82.9386, 5.6, -47.1322
83.9422, 5.6, -47.4705
84.9458, 5.6, -47.6938
85.9494, 5.6, -47.7668
86.953, 5.6, -47.6064
87.9566, 5.6, -47.1705
88.9603, 5.6, -47.0096
89.9639, 5.6, -52.0819
90.9675, 5.6, -48.2154
91.9711, 5.6, -49.579
92.9747, 5.6, -51.2781
93.9783, 5.6, -52.68
94.9819, 5.6, -53.8463
95.9855, 5.6, -54.8854
96.9892, 5.6, -55.8371
97.9928, 5.6, -56.6742
98.9964, 5.6, -56.6892
8.60938, 6.4, -46.3581
9.60275, 6.4, -47.2946
10.5961, 6.4, -47.8895
11.5895, 6.4, -47.4136
12.5829, 6.4, -47.1217
13.5763, 6.4, -47.0362
14.5696, 6.4, -47.099
15.563, 6.4, -47.2714
16.5564, 6.4, -47.533
17.5498, 6.4, -47.8779
18.5431, 6.4, -48.3309
19.5365, 6.4, -49.105
20.5299, 6.4, -49.2095
21.5233, 6.4, -48.8878
22.5166, 6.4, -48.9132
23.51, 6.4, -49.0449
24.5034, 6.4, -49.2453
25.4968, 6.4, -49.5191
26.4902, 6.4, -49.872
27.4835, 6.4, -50.2911
28.4769, 6.4, -50.7178
29.4703, 6.4, -51.2322
30.4637, 6.4, -51.3787
31.457, 6.4, -51.2239
32.4504, 6.4, -51.2271
33.4438, 6.4, -51.2149
34.4372, 6.4, -51.2497
35.4305, 6.4, -51.3548
36.4239, 6.4, -51.5189
37.4173, 6.4, -51.6903
38.4107, 6.4, -51.7037
39.404, 6.4, -51.4973
40.3974, 6.4, -51.4438
41.3908, 6.4, -51.7731
42.3842, 6.4, -51.7815
43.3775, 6.4, -51.6014
44.3709, 6.4, -51.4184
45.3643, 6.4, -51.3047
46.3577, 6.4, -51.289
47.3511, 6.4, -51.3967
48.3444, 6.4, -51.6591
49.3378, 6.4, -52.2494
50.3312, 6.4, -52.4246
51.3246, 6.4, -52.1413
52.3179, 6.4, -51.9009
53.3113, 6.4, -51.7947
54.3047, 6.4, -51.8264
55.2981, 6.4, -52.0163
56.2914, 6.4, -52.389
57.2848, 6.4, -52.9615
58.2782, 6.4, -53.6326
59.2716, 6.4, -54.4222
60.2649, 6.4, -54.5829
61.2583, 6.4, -54.1217
62.2517, 6.4, -53.5535
63.2451, 6.4, -53.0721
64.2384, 6.4, -52.7806
65.2318, 6.4, -52.6633
66.2252, 6.4, -52.6723
67.2186, 6.4, -52.7679
68.212, 6.4, -52.9613
69.2053, 6.4, -53.4413
70.1987, 6.4, -53.6987
71.1921, 6.4, -53.0127
72.1855, 6.4, -52.7444
73.1788, 6.4, -52.7614
74.1722, 6.4, -52.8587
75.1656, 6.4, -52.9875
76.159, 6.4, -53.1184
77.1523, 6.4, -53.2033
78.1457, 6.4, -53.0889
79.1391, 6.4, -52.5196
80.1325, 6.4, -51.9762
81.1258, 6.4, -52.7232
82.1192, 6.4, -53.5283
83.1126, 6.4, -53.9874
84.106, 6.4, -54.2905
85.0994, 6.4, -54.4988
86.0927, 6.4, -54.586
87.0861, 6.4, -54.4775
88.0795, 6.4, -53.9799
89.0729, 6.4, -52.59
90.0662, 6.4, -50.9259
91.0596, 6.4, -54.3028
92.053, 6.4, -56.9759
93.0464, 6.4, -58.8261
94.0397, 6.4, -60.2954
95.0331, 6.4, -61.5832
96.0265, 6.4, -62.7781
97.0199, 6.4, -63.8897
98.0132, 6.4, -64.6942
99.0066, 6.4, -64.8771
9.55114, 7.2, -52.5105
10.5343, 7.2, -52.7456
11.5174, 7.2, -52.1426
12.5006, 7.2, -51.9137
13.4837, 7.2, -51.89
14.4668, 7.2, -51.9868
15.45, 7.2, -52.1788
16.4331, 7.2, -52.4529
17.4163, 7.2, -52.8015
18.3994, 7.2, -53.2098
19.3825, 7.2, -53.7334
20.3657, 7.2, -54.06
21.3488, 7.2, -53.9444
22.332, 7.2, -54.0281
23.3151, 7.2, -54.1865
24.2982, 7.2, -54.4182
25.2814, 7.2, -54.7139
26.2645, 7.2, -55.0649
27.2477, 7.2, -55.4692
28.2308, 7.2, -55.9386
29.2139, 7.2, -56.5874
30.1971, 7.2, -57.3819
31.1802, 7.2, -56.7016
32.1634, 7.2, -56.6022
33.1465, 7.2, -56.6157
34.1296, 7.2, -56.6873
35.1128, 7.2, -56.7934
36.0959, 7.2, -56.9196
37.0791, 7.2, -57.0503
38.0622, 7.2, -57.1466
39.0453, 7.2, -56.9657
40.0285, 7.2, -55.512
41.0116, 7.2, -57.0705
41.9948, 7.2, -57.3089
42.9779, 7.2, -57.2327
43.961, 7.2, -57.1112
44.9442, 7.2, -57.0113
45.9273, 7.2, -56.9743
46.9104, 7.2, -57.0399
47.8936, 7.2, -57.241
48.8767, 7.2, -57.4149
49.8599, 7.2, -55.9805
50.843, 7.2, -57.4705
51.8261, 7.2, -57.7037
52.8093, 7.2, -57.4622
53.7924, 7.2, -57.3112
54.7756, 7.2, -57.316
55.7587, 7.2, -57.5099
56.7418, 7.2, -57.9367
57.725, 7.2, -58.6391
58.7081, 7.2, -59.4187
59.6913, 7.2, -58.2602
60.6744, 7.2, -59.1567
61.6575, 7.2, -59.3056
62.6407, 7.2, -58.6158
63.6238, 7.2, -58.2067
64.607, 7.2, -58.0521
65.5901, 7.2, -58.0618
66.5732, 7.2, -58.1579
67.5564, 7.2, -58.2779
68.5395, 7.2, -58.4194
69.5227, 7.2, -59.1618
70.5058, 7.2, -59.1381
71.4889, 7.2, -58.4522
72.4721, 7.2, -58.5673
73.4552, 7.2, -58.7904
74.4384, 7.2, -59.0212
75.4215, 7.2, -59.2396
76.4046, 7.2, -59.4353
77.3878, 7.2, -59.5918
78.3709, 7.2, -59.6554
79.3541, 7.2, -59.3741
80.3372, 7.2, -58.9266
81.3203, 7.2, -59.9422
82.3035, 7.2, -60.5255
83.2866, 7.2, -60.9151
84.2698, 7.2, -61.2222
85.2529, 7.2, -61.4651
86.236, 7.2, -61.628
87.2192, 7.2, -61.6425
88.2023, 7.2, -61.2419
89.1855, 7.2, -58.5767
90.1686, 7.2, -52.0135
91.1517, 7.2, -61.9423
92.1349, 7.2, -64.7968
93.118, 7.2, -66.5101
94.1012, 7.2, -67.954
95.0843, 7.2, -69.2857
96.0674, 7.2, -70.5494
97.0506, 7.2, -71.7567
98.0337, 7.2, -72.9108
99.0169, 7.2, -74.1126
10.4929, 8, -56.9921
11.4658, 8, -56.4061
12.4387, 8, -56.3443
13.4116, 8, -56.4293
14.3845, 8, -56.6001
15.3574, 8, -56.8287
16.3303, 8, -57.1146
17.3032, 8, -57.4658
18.2761, 8, -57.8731
19.249, 8, -58.2091
20.2219, 8, -58.1966
21.1948, 8, -58.7673
22.1677, 8, -58.918
23.1406, 8, -59.1112
24.1135, 8, -59.375
25.0865, 8, -59.6961
26.0594, 8, -60.0646
27.0323, 8, -60.4844
28.0052, 8, -60.9837
28.9781, 8, -61.63
29.951, 8, -62.5311
30.9239, 8, -62.0932
31.8968, 8, -61.8854
32.8697, 8, -61.8662
33.8426, 8, -61.9311
34.8155, 8, -62.0376
35.7884, 8, -62.1678
36.7613, 8, -62.3133
37.7342, 8, -62.4553
38.7071, 8, -62.5093
39.68, 8, -61.9476
40.6529, 8, -62.3253
41.6258, 8, -62.6334
42.5987, 8, -62.626
43.5716, 8, -62.5313
44.5445, 8, -62.4341
45.5174, 8, -62.3792
46.4903, 8, -62.3948
47.4632, 8, -62.4844
48.4361, 8, -62.5248
49.409, 8, -62.0863
50.3819, 8, -61.8463
51.3548, 8, -62.6591
52.3277, 8, -62.6368
53.3006, 8, -62.3949
54.2735, 8, -62.2319
55.2465, 8, -62.2118
56.2194, 8, -62.3717
57.1923, 8, -62.7675
58.1652, 8, -63.4177
59.1381, 8, -64.0093
60.111, 8, -63.348
61.0839, 8, -64.0273
62.0568, 8, -63.4958
63.0297, 8, -63.0809
64.0026, 8, -62.937
64.9755, 8, -62.9906
65.9484, 8, -63.1813
66.9213, 8, -63.4341
67.8942, 8, -63.6083
68.8671, 8, -63.6274
69.84, 8, -64.3078
70.8129, 8, -63.8895
71.7858, 8, -64.2143
72.7587, 8, -64.5808
73.7316, 8, -64.8961
74.7045, 8, -65.2005
75.6774, 8, -65.5125
76.6503, 8, -65.8134
77.6232, 8, -66.1126
78.5961, 8, -66.5035
79.569, 8, -66.7533
80.5419, 8, -66.8764
81.5148, 8, -67.2108
82.4877, 8, -67.5349
83.4606, 8, -67.8912
84.4335, 8, -68.2034
85.4064, 8, -68.4909
86.3794, 8, -68.7633
87.3523, 8, -68.8966
88.3252, 8, -68.5464
89.2981, 8, -66.343
90.271, 8, -63.5247
91.2439, 8, -70.2147
92.2168, 8, -72.6375
93.1897, 8, -74.2425
94.1626, 8, -75.6157
95.1355, 8, -76.9636
96.1084, 8, -78.3127
97.0813, 8, -79.682
98.0542, 8, -81.2693
99.0271, 8, -83.779
11.4347, 8.8, -60.3055
12.3973, 8.8, -60.5232
13.36, 8.8, -60.7941
14.3227, 8.8, -61.0674
15.2853, 8.8, -61.345
16.248, 8.8, -61.6307
17.2107, 8.8, -61.9362
18.1733, 8.8, -62.3061
19.136, 8.8, -62.5993
20.0987, 8.8, -62.6092
21.0613, 8.8, -63.2791
22.024, 8.8, -63.5921
22.9867, 8.8, -63.8739
23.9493, 8.8, -64.2125
24.912, 8.8, -64.586
25.8747, 8.8, -64.9845
26.8373, 8.8, -65.4091
27.8, 8.8, -65.8774
28.7627, 8.8, -66.4582
29.7253, 8.8, -66.9962
30.688, 8.8, -67.1955
31.6507, 8.8, -67.0453
32.6133, 8.8, -67.0487
33.576, 8.8, -67.1298
34.5387, 8.8, -67.2388
35.5013, 8.8, -67.3659
36.464, 8.8, -67.5089
37.4267, 8.8, -67.6633
38.3893, 8.8, -67.8299
39.352, 8.8, -68.1247
40.3147, 8.8, -68.5185
41.2773, 8.8, -67.9401
42.24, 8.8, -67.8329
43.2027, 8.8, -67.7376
44.1653, 8.8, -67.6276
45.128, 8.8, -67.5363
46.0907, 8.8, -67.484
47.0533, 8.8, -67.4608
48.016, 8.8, -67.4155
48.9787, 8.8, -67.405
49.9413, 8.8, -67.9653
50.904, 8.8, -67.4129
51.8667, 8.8, -67.182
52.8293, 8.8, -66.9921
53.792, 8.8, -66.7753
54.7547, 8.8, -66.5968
55.7173, 8.8, -66.5139
56.68, 8.8, -66.545
57.6427, 8.8, -66.6864
58.6053, 8.8, -67.2469
59.568, 8.8, -69.2895
60.5307, 8.8, -68.9439
61.4933, 8.8, -67.4285
62.456, 8.8, -67.1425
63.4187, 8.8, -67.164
64.3813, 8.8, -67.2986
65.344, 8.8, -67.5612
66.3067, 8.8, -67.9419
67.2693, 8.8, -68.4033
68.232, 8.8, -68.8161
69.1947, 8.8, -68.6775
70.1573, 8.8, -67.8263
71.12, 8.8, -69.5404
72.0827, 8.8, -70.1974
73.0453, 8.8, -70.5292
74.008, 8.8, -70.9084
74.9707, 8.8, -71.3577
75.9333, 8.8, -71.8402
76.896, 8.8, -72.3226
77.8587, 8.8, -72.8164
78.8213, 8.8, -73.4867
79.784, 8.8, -74.9296
80.7467, 8.8, -74.5487
81.7093, 8.8, -74.3453
82.672, 8.8, -74.5424
83.6347, 8.8, -74.7649
84.5973, 8.8, -74.9752
85.56, 8.8, -75.221
86.5227, 8.8, -75.5543
87.4853, 8.8, -75.9594
88.448, 8.8, -76.1867
89.4107, 8.8, -76.8044
90.3733, 8.8, -78.7597
91.336, 8.8, -78.7656
92.2987, 8.8, -80.3536
93.2613, 8.8, -81.6586
94.224, 8.8, -83.0445
95.1867, 8.8, -84.5445
96.1493, 8.8, -86.1171
97.112, 8.8, -87.7671
98.0747, 8.8, -89.6742
99.0373, 8.8, -92.3982
12.3764, 9.6, -64.6622
13.3289, 9.6, -65.1141
14.2813, 9.6, -65.492
15.2337, 9.6, -65.8191
16.1861, 9.6, -66.1152
17.1386, 9.6, -66.3839
18.091, 9.6, -66.6065
19.0434, 9.6, -66.9143
19.9959, 9.6, -67.4194
20.9483, 9.6, -67.6612
21.9007, 9.6, -68.077
22.8532, 9.6, -68.5493
23.8056, 9.6, -68.9958
24.758, 9.6, -69.4346
25.7105, 9.6, -69.8726
26.6629, 9.6, -70.3107
27.6153, 9.6, -70.7461
28.5677, 9.6, -71.1692
29.5202, 9.6, -71.5426
30.4726, 9.6, -71.8688
31.425, 9.6, -72.0605
32.3775, 9.6, -72.1824
33.3299, 9.6, -72.291
34.2823, 9.6, -72.4038
35.2348, 9.6, -72.5249
36.1872, 9.6, -72.659
37.1396, 9.6, -72.8169
38.092, 9.6, -73.033
39.0445, 9.6, -73.5093
39.9969, 9.6, -75.0922
40.9493, 9.6, -73.5745
41.9018, 9.6, -73.059
42.8542, 9.6, -72.8154
43.8066, 9.6, -72.6361
44.7591, 9.6, -72.4871
45.7115, 9.6, -72.3615
46.6639, 9.6, -72.2637
47.6163, 9.6, -72.2146
48.5688, 9.6, -72.3021
49.5212, 9.6, -73.0192
50.4736, 9.6, -72.9484
51.4261, 9.6, -71.822
52.3785, 9.6, -71.3226
53.3309, 9.6, -70.9643
54.2834, 9.6, -70.6629
55.2358, 9.6, -70.4047
56.1882, 9.6, -70.1971
57.1406, 9.6, -70.0721
58.0931, 9.6, -70.1329
59.0455, 9.6, -70.9647
59.9979, 9.6, -75.654
60.9504, 9.6, -71.1586
61.9028, 9.6, -70.5924
62.8552, 9.6, -70.696
63.8077, 9.6, -70.9575
64.7601, 9.6, -71.3155
65.7125, 9.6, -71.7718
66.6649, 9.6, -72.3493
67.6174, 9.6, -73.0761
68.5698, 9.6, -73.8843
69.5222, 9.6, -73.4238
70.4747, 9.6, -73.8554
71.4271, 9.6, -75.4342
72.3795, 9.6, -75.7975
73.332, 9.6, -76.2564
74.2844, 9.6, -76.855
75.2368, 9.6, -77.542
76.1892, 9.6, -78.2658
77.1417, 9.6, -78.9791
78.0941, 9.6, -79.6493
79.0465, 9.6, -80.458
79.999, 9.6, -82.9844
80.9514, 9.6, -81.6158
81.9038, 9.6, -81.4461
82.8563, 9.6, -81.4565
83.8087, 9.6, -81.4506
84.7611, 9.6, -81.4711
85.7135, 9.6, -81.5895
86.666, 9.6, -81.9098
87.6184, 9.6, -82.623
88.5708, 9.6, -84.2432
89.5233, 9.6, -88.6664
90.4757, 9.6, -89.6331
91.4281, 9.6, -87.15
92.3806, 9.6, -87.4548
93.333, 9.6, -88.6487
94.2854, 9.6, -90.2342
95.2378, 9.6, -92.0321
96.1903, 9.6, -93.9488
97.1427, 9.6, -95.9221
98.0951, 9.6, -97.9029
99.0476, 9.6, -99.9108
13.3182, 10.4, -69.1953
14.2604, 10.4, -69.7833
15.2026, 10.4, -70.2822
16.1448, 10.4, -70.639
17.087, 10.4, -70.8785
18.0292, 10.4, -71.0569
18.9714, 10.4, -71.2205
19.9135, 10.4, -72.064
20.8557, 10.4, -72.0603
21.7979, 10.4, -72.5878
22.7401, 10.4, -73.1905
23.6823, 10.4, -73.7293
24.6245, 10.4, -74.2274
25.5667, 10.4, -74.7076
26.5089, 10.4, -75.1803
27.4511, 10.4, -75.6289
28.3933, 10.4, -75.9654
29.3355, 10.4, -76.161
30.2777, 10.4, -76.4906
31.2199, 10.4, -76.9523
32.1621, 10.4, -77.2607
33.1043, 10.4, -77.4054
34.0465, 10.4, -77.4986
34.9886, 10.4, -77.604
35.9308, 10.4, -77.7417
36.873, 10.4, -77.9247
37.8152, 10.4, -78.1707
38.7574, 10.4, -78.605
39.6996, 10.4, -79.3979
40.6418, 10.4, -79.1395
41.584, 10.4, -78.4127
42.5262, 10.4, -77.9487
43.4684, 10.4, -77.6435
44.4106, 10.4, -77.4158
45.3528, 10.4, -77.2332
46.295, 10.4, -77.0816
47.2372, 10.4, -76.9758
48.1794, 10.4, -77.0301
49.1215, 10.4, -77.3853
50.0637, 10.4, -77.6633
51.0059, 10.4, -76.7148
51.9481, 10.4, -75.8257
52.8903, 10.4, -75.2329
53.8325, 10.4, -74.8009
54.7747, 10.4, -74.4084
55.7169, 10.4, -74.0264
56.6591, 10.4, -73.662
57.6013, 10.4, -73.3802
58.5435, 10.4, -73.3455
59.4857, 10.4, -73.8075
60.4279, 10.4, -74.0333
61.3701, 10.4, -73.674
62.3123, 10.4, -73.8563
63.2545, 10.4, -74.2609
64.1966, 10.4, -74.7603
65.1388, 10.4, -75.3003
66.081, 10.4, -75.8912
67.0232, 10.4, -76.582
67.9654, 10.4, -77.5012
68.9076, 10.4, -78.7197
69.8498, 10.4, -79.598
70.792, 10.4, -80.3355
71.7342, 10.4, -80.548
72.6764, 10.4, -81.0963
73.6186, 10.4, -81.7966
74.5608, 10.4, -82.5964
75.503, 10.4, -83.5161
76.4452, 10.4, -84.5755
77.3874, 10.4, -85.7106
78.3296, 10.4, -86.618
79.2717, 10.4, -87.3537
80.2139, 10.4, -88.2987
81.1561, 10.4, -88.6325
82.0983, 10.4, -88.504
83.0405, 10.4, -88.1263
83.9827, 10.4, -87.7486
84.9249, 10.4, -87.5658
85.8671, 10.4, -87.6092
86.8093, 10.4, -87.9552
87.7515, 10.4, -88.9827
88.6937, 10.4, -91.8745
89.6359, 10.4, -97.3214
90.5781, 10.4, -97.2782
91.5203, 10.4, -94.2242
92.4624, 10.4, -93.9945
93.4046, 10.4, -95.3945
94.3468, 10.4, -97.3523
95.289, 10.4, -99.5083
96.23122, 10.4, -101.7343
97.17342, 10.4, -103.9506
98.11562, 10.4, -105.9984
99.05781, 10.4, -107.3185
14.26, 11.2, -73.7529
15.1919, 11.2, -74.464
16.1239, 11.2, -75.0832
17.0558, 11.2, -75.5176
17.9878, 11.2, -75.6909
18.9197, 11.2, -75.7847
19.8517, 11.2, -76.0022
20.7837, 11.2, -76.5341
21.7156, 11.2, -77.2466
22.6476, 11.2, -77.8737
23.5795, 11.2, -78.4452
24.5115, 11.2, -78.9753
25.4434, 11.2, -79.48
26.3754, 11.2, -79.9714
27.3074, 11.2, -80.4512
28.2393, 11.2, -80.9013
29.1713, 11.2, -81.1464
30.1032, 11.2, -81.139
31.0352, 11.2, -81.9278
31.9671, 11.2, -82.2587
32.8991, 11.2, -82.3736
33.8311, 11.2, -82.4518
34.763, 11.2, -82.5419
35.695, 11.2, -82.6712
36.6269, 11.2, -82.864
37.5589, 11.2, -83.1524
38.4908, 11.2, -83.5509
39.4228, 11.2, -83.853
40.3548, 11.2, -83.8618
41.2867, 11.2, -83.5924
42.2187, 11.2, -83.0706
43.1506, 11.2, -82.6595
44.0826, 11.2, -82.3604
45.0145, 11.2, -82.1388
45.9465, 11.2, -81.9615
46.8785, 11.2, -81.8187
47.8104, 11.2, -81.7069
48.7424, 11.2, -81.6823
49.6743, 11.2, -81.5199
50.6063, 11.2, -81.0427
51.5382, 11.2, -80.3424
52.4702, 11.2, -79.7267
53.4021, 11.2, -79.1967
54.3341, 11.2, -78.6901
55.2661, 11.2, -78.1789
56.198, 11.2, -77.645
57.13, 11.2, -77.079
58.0619, 11.2, -76.454
58.9939, 11.2, -75.6689
59.9258, 11.2, -72.4322
60.8578, 11.2, -75.6642
61.7898, 11.2, -76.6552
62.7217, 11.2, -77.4027
63.6537, 11.2, -78.1025
64.5856, 11.2, -78.7702
65.5176, 11.2, -79.4221
66.4495, 11.2, -80.0791
67.3815, 11.2, -80.7811
68.3135, 11.2, -81.7022
69.2454, 11.2, -83.7606
70.1774, 11.2, -87.3348
71.1093, 11.2, -84.9727
72.0413, 11.2, -85.3391
72.9732, 11.2, -86.1116
73.9052, 11.2, -86.9498
74.8372, 11.2, -87.8755
75.7691, 11.2, -88.9663
76.7011, 11.2, -90.3073
77.633, 11.2, -91.9713
78.565, 11.2, -93.6999
79.4969, 11.2, -93.8992
80.4289, 11.2, -94.4225
81.3609, 11.2, -95.6027
82.2928, 11.2, -94.7965
83.2248, 11.2, -93.9062
84.1567, 11.2, -93.364
85.0887, 11.2, -93.1679
86.0206, 11.2, -93.281
86.9526, 11.2, -93.7686
87.8846, 11.2, -94.8013
88.8165, 11.2, -97.1012
89.74847, 11.2, -101.0779
90.68043, 11.2, -100.4935
91.6124, 11.2, -99.4399
92.54434, 11.2, -100.4215
93.4763, 11.2, -102.33
94.40826, 11.2, -104.6513
95.34022, 11.2, -107.1386
96.27217, 11.2, -109.6479
97.20413, 11.2, -112.0464
98.13609, 11.2, -114.113
99.06805, 11.2, -115.2595
15.2017, 12, -78.3648
16.1234, 12, -79.2191
17.0452, 12, -79.9905
17.9669, 12, -80.4977
18.8886, 12, -80.5779
19.8103, 12, -80.0679
20.732, 12, -81.1636
21.6538, 12, -82.0266
22.5755, 12, -82.6561
23.4972, 12, -83.2133
24.4189, 12, -83.7351
25.3406, 12, -84.2398
26.2624, 12, -84.7445
27.1841, 12, -85.2563
28.1058, 12, -85.7906
29.0275, 12, -86.3416
29.9492, 12, -86.4336
30.871, 12, -87.0703
31.7927, 12, -87.1756
32.7144, 12, -87.2187
33.6361, 12, -87.2662
34.5578, 12, -87.3341
35.4796, 12, -87.446
36.4013, 12, -87.6182
37.323, 12, -87.8674
38.2447, 12, -88.2029
39.1665, 12, -88.4766
40.0882, 12, -88.4584
41.0099, 12, -88.2882
41.9316, 12, -87.918
42.8533, 12, -87.5369
43.7751, 12, -87.242
44.6968, 12, -87.0131
45.6185, 12, -86.828
46.5402, 12, -86.6587
47.4619, 12, -86.4603
48.3837, 12, -86.1462
49.3054, 12, -85.5585
50.2271, 12, -85.0194
51.1488, 12, -84.5432
52.0705, 12, -84.2422
52.9923, 12, -83.746
53.914, 12, -83.1877
54.8357, 12, -82.5898
55.7574, 12, -81.9315
56.6791, 12, -81.1828
57.6009, 12, -80.2757
58.5226, 12, -78.9071
59.4443, 12, -76.2538
60.366, 12, -75.5891
61.2877, 12, -78.7031
62.2095, 12, -80.3109
63.1312, 12, -81.3382
64.0529, 12, -82.1896
64.9746, 12, -82.9532
65.8963, 12, -83.6554
66.8181, 12, -84.3377
67.7398, 12, -85.0489
68.6615, 12, -85.9869
69.5832, 12, -88.8765
70.5049, 12, -89.7022
71.4267, 12, -89.2605
72.3484, 12, -90.0019
73.2701, 12, -90.8138
74.1918, 12, -91.6752
75.1135, 12, -92.6522
76.0353, 12, -93.8276
76.957, 12, -95.3573
77.8787, 12, -97.4281
78.80043, 12, -100.1026
79.72215, 12, -100.8454
80.64387, 12, -101.9214
81.56559, 12, -100.8775
82.4873, 12, -99.5013
83.409, 12, -98.6628
84.3307, 12, -98.2832
85.2525, 12, -98.2334
86.1742, 12, -98.4429
87.0959, 12, -98.8654
88.0176, 12, -99.3715
88.9394, 12, -99.3761
89.86108, 12, -101.9467
90.7828, 12, -101.3595
91.70451, 12, -104.0304
92.62624, 12, -106.6055
93.54796, 12, -109.2613
94.46968, 12, -112.0193
95.3914, 12, -114.841
96.31312, 12, -117.6448
97.23484, 12, -120.2686
98.15656, 12, -122.5177
99.07828, 12, -123.8838
16.1435, 12.8, -83.0707
17.055, 12.8, -84.1244
17.9665, 12.8, -85.1133
18.8779, 12.8, -85.5364
19.7894, 12.8, -85.0915
20.7009, 12.8, -86.0373
21.6124, 12.8, -86.8942
22.5239, 12.8, -87.5046
23.4354, 12.8, -88.0018
24.3468, 12.8, -88.4577
25.2583, 12.8, -88.9345
26.1698, 12.8, -89.4511
27.0813, 12.8, -90.0128
27.9928, 12.8, -90.6263
28.9043, 12.8, -91.3237
29.8157, 12.8, -92.2886
30.7272, 12.8, -92.2245
31.6387, 12.8, -92.0167
32.5502, 12.8, -91.9357
33.4617, 12.8, -91.9014
34.3732, 12.8, -91.927
35.2846, 12.8, -92.0126
36.1961, 12.8, -92.1569
37.1076, 12.8, -92.3544
38.0191, 12.8, -92.5771
38.9306, 12.8, -92.8695
39.8421, 12.8, -93.2567
40.7535, 12.8, -92.8164
41.665, 12.8, -92.3938
42.5765, 12.8, -92.1365
43.488, 12.8, -91.9008
44.3995, 12.8, -91.6949
45.311, 12.8, -91.5202
46.2225, 12.8, -91.3592
47.1339, 12.8, -91.169
48.0454, 12.8, -90.8263
48.9569, 12.8, -90.1689
49.8684, 12.8, -89.2709
50.7799, 12.8, -88.8342
51.6914, 12.8, -88.6796
52.6028, 12.8, -88.3243
53.5143, 12.8, -87.8185
54.4258, 12.8, -87.2289
55.3373, 12.8, -86.5435
56.2488, 12.8, -85.7046
57.1603, 12.8, -84.6068
58.0717, 12.8, -83.0677
58.9832, 12.8, -80.9418
59.8947, 12.8, -78.9163
60.8062, 12.8, -80.4527
61.7177, 12.8, -82.8321
62.6292, 12.8, -84.5026
63.5406, 12.8, -85.7296
64.4521, 12.8, -86.6767
65.3636, 12.8, -87.4545
66.2751, 12.8, -88.1302
67.1866, 12.8, -88.7595
68.0981, 12.8, -89.4175
69.0096, 12.8, -90.1362
69.921, 12.8, -90.3947
70.8325, 12.8, -92.5785
71.744, 12.8, -93.6298
72.6555, 12.8, -94.4418
73.567, 12.8, -95.2749
74.4785, 12.8, -96.1508
75.3899, 12.8, -97.1198
76.3014, 12.8, -98.2602
77.2129, 12.8, -99.7091
78.12439, 12.8, -101.8243
79.03587, 12.8, -105.4958
79.94736, 12.8, -110.2693
80.85884, 12.8, -106.8595
81.77032, 12.8, -104.0638
82.68181, 12.8, -103.0129
83.59329, 12.8, -102.6213
84.50478, 12.8, -102.5167
85.41626, 12.8, -102.5993
86.32774, 12.8, -102.793
87.23923, 12.8, -102.9416
88.15071, 12.8, -102.5902
89.06219, 12.8, -101.1916
89.9737, 12.8, -98.3656
90.88516, 12.8, -103.6626
91.79665, 12.8, -108.5312
92.70813, 12.8, -112.4377
93.61961, 12.8, -115.7544
94.5311, 12.8, -118.9482
95.44258, 12.8, -122.1459
96.35406, 12.8, -125.3488
97.26555, 12.8, -128.4788
98.17703, 12.8, -131.2716
99.08852, 12.8, -133.5555
17.0852, 13.6, -87.9442
17.9865, 13.6, -89.2885
18.8877, 13.6, -90.523
19.789, 13.6, -90.8127
20.6902, 13.6, -91.1895
21.5915, 13.6, -91.8444
22.4927, 13.6, -92.2433
23.394, 13.6, -92.5748
24.2952, 13.6, -92.9566
25.1965, 13.6, -93.4072
26.0977, 13.6, -93.9325
26.999, 13.6, -94.5426
27.9002, 13.6, -95.2583
28.8015, 13.6, -96.1205
29.7027, 13.6, -97.5374
30.604, 13.6, -97.3065
31.5052, 13.6, -96.7232
32.4065, 13.6, -96.4409
33.3077, 13.6, -96.3201
34.2089, 13.6, -96.305
35.1102, 13.6, -96.3619
36.0114, 13.6, -96.4708
36.9127, 13.6, -96.6207
37.8139, 13.6, -96.8091
38.7152, 13.6, -97.0584
39.6164, 13.6, -97.5825
40.5177, 13.6, -97.2973
41.4189, 13.6, -96.7553
42.3202, 13.6, -96.4926
43.2214, 13.6, -96.3045
44.1227, 13.6, -96.1485
45.0239, 13.6, -96.0059
45.9252, 13.6, -95.8627
46.8264, 13.6, -95.7038
47.7277, 13.6, -95.5016
48.6289, 13.6, -95.1713
49.5302, 13.6, -94.2856
50.4314, 13.6, -93.636
51.3326, 13.6, -93.4964
52.2339, 13.6, -93.0271
53.1351, 13.6, -92.542
54.0364, 13.6, -92.018
54.9376, 13.6, -91.3992
55.8389, 13.6, -90.6173
56.7401, 13.6, -89.5831
57.6414, 13.6, -88.178
58.5426, 13.6, -86.3107
59.4439, 13.6, -84.6584
60.3451, 13.6, -84.2219
61.2464, 13.6, -85.8844
62.1476, 13.6, -87.909
63.0489, 13.6, -89.4838
63.9501, 13.6, -90.65
64.8514, 13.6, -91.5377
65.7526, 13.6, -92.2451
66.6538, 13.6, -92.8436
67.5551, 13.6, -93.3776
68.4563, 13.6, -93.8019
69.3576, 13.6, -93.143
70.2588, 13.6, -92.4847
71.1601, 13.6, -96.6194
72.0613, 13.6, -97.898
72.9626, 13.6, -98.7745
73.8638, 13.6, -99.582
74.76508, 13.6, -100.4019
75.66632, 13.6, -101.2823
76.56757, 13.6, -102.2825
77.46882, 13.6, -103.5192
78.37006, 13.6, -105.3399
79.27131, 13.6, -109.6977
80.17256, 13.6, -116.8717
81.07381, 13.6, -108.3737
81.97505, 13.6, -106.5288
82.8763, 13.6, -106.0798
83.77755, 13.6, -106.0276
84.67879, 13.6, -106.1283
85.58004, 13.6, -106.2661
86.48129, 13.6, -106.3492
87.38254, 13.6, -106.2552
88.28378, 13.6, -105.7095
89.18504, 13.6, -103.3644
90.0863, 13.6, -95.989
90.98753, 13.6, -108.0035
91.88877, 13.6, -113.6078
92.79002, 13.6, -117.843
93.69127, 13.6, -121.6763
94.59251, 13.6, -125.3426
95.49377, 13.6, -128.9521
96.39501, 13.6, -132.5811
97.29626, 13.6, -136.3028
98.1975, 13.6, -140.1977
99.09875, 13.6, -144.2907
18.027, 14.4, -93.0668
18.918, 14.4, -94.9594
19.809, 14.4, -96.348
20.7, 14.4, -96.556
21.5911, 14.4, -96.5847
22.4821, 14.4, -96.6494
23.3731, 14.4, -96.8665
24.2641, 14.4, -97.208
25.1551, 14.4, -97.6457
26.0461, 14.4, -98.1696
26.9371, 14.4, -98.7905
27.8281, 14.4, -99.553
28.71914, 14.4, -100.54
29.61015, 14.4, -101.869
30.50116, 14.4, -101.9534
31.39217, 14.4, -101.1348
32.28318, 14.4, -100.7264
33.17419, 14.4, -100.5529
34.0652, 14.4, -100.5091
34.95621, 14.4, -100.542
35.84723, 14.4, -100.6298
36.73824, 14.4, -100.7618
37.62925, 14.4, -100.928
38.52026, 14.4, -101.1253
39.41127, 14.4, -101.404
40.30228, 14.4, -101.48
41.19329, 14.4, -101.0185
42.0843, 14.4, -100.7866
42.97531, 14.4, -100.619
43.86632, 14.4, -100.4668
44.75733, 14.4, -100.3369
45.64835, 14.4, -100.2357
46.53936, 14.4, -100.16
47.43037, 14.4, -100.0807
48.3214, 14.4, -99.9903
49.2124, 14.4, -99.8624
50.1034, 14.4, -99.2085
50.9944, 14.4, -98.8096
51.8854, 14.4, -98.1199
52.7764, 14.4, -97.5735
53.6674, 14.4, -97.0345
54.5585, 14.4, -96.4604
55.4495, 14.4, -95.8257
56.3405, 14.4, -95.0671
57.2315, 14.4, -94.0626
58.1225, 14.4, -92.6896
59.0135, 14.4, -91.059
59.9045, 14.4, -89.4994
60.7955, 14.4, -90.523
61.6865, 14.4, -92.3417
62.5775, 14.4, -93.8857
63.4686, 14.4, -95.0674
64.3596, 14.4, -95.949
65.2506, 14.4, -96.6661
66.1416, 14.4, -97.2766
67.0326, 14.4, -97.7828
67.9236, 14.4, -98.0975
68.8146, 14.4, -97.9284
69.7056, 14.4, -96.4704
70.5966, 14.4, -98.5235
71.48766, 14.4, -100.8555
72.37867, 14.4, -102.1361
73.26968, 14.4, -102.9685
74.16069, 14.4, -103.668
75.0517, 14.4, -104.3616
75.94271, 14.4, -105.1059
76.83372, 14.4, -105.9357
77.72473, 14.4, -106.8733
78.61575, 14.4, -108.0826
79.50675, 14.4, -111.2889
80.39777, 14.4, -112.4657
81.28877, 14.4, -109.4709
82.17979, 14.4, -109.1209
83.07079, 14.4, -109.1277
83.96181, 14.4, -109.2716
84.85281, 14.4, -109.482
85.74383, 14.4, -109.6845
86.63484, 14.4, -109.7931
87.52585, 14.4, -109.6909
88.41686, 14.4, -109.0892
89.30787, 14.4, -107.1064
90.19888, 14.4, -105.2628
91.08989, 14.4, -113.6353
91.9809, 14.4, -118.9665
92.87192, 14.4, -123.4092
93.76292, 14.4, -127.5584
94.65394, 14.4, -131.5827
95.54494, 14.4, -135.5791
96.43596, 14.4, -139.6493
97.32697, 14.4, -143.9499
98.21798, 14.4, -148.8139
99.10899, 14.4, -154.912
18.9688, 15.2, -98.8357
19.84955, 15.2, -101.5551
20.73032, 15.2, -101.4895
21.6111, 15.2, -100.8432
22.49187, 15.2, -100.7246
23.37264, 15.2, -100.9061
24.25342, 15.2, -101.2461
25.13419, 15.2, -101.6903
26.01497, 15.2, -102.217
26.89574, 15.2, -102.8246
27.77652, 15.2, -103.539
28.65729, 15.2, -104.4641
29.53806, 15.2, -105.5274
30.41884, 15.2, -105.7105
31.29961, 15.2, -105.1344
32.18039, 15.2, -104.767
33.06116, 15.2, -104.6207
33.94194, 15.2, -104.5759
34.82271, 15.2, -104.5945
35.70348, 15.2, -104.6617
36.58426, 15.2, -104.7706
37.46503, 15.2, -104.9162
38.34581, 15.2, -105.0844
39.22658, 15.2, -105.1815
40.10735, 15.2, -104.9672
40.98813, 15.2, -105.1191
41.8689, 15.2, -104.9854
42.74968, 15.2, -104.7948
43.63045, 15.2, -104.6172
44.51123, 15.2, -104.478
45.392, 15.2, -104.3892
46.27277, 15.2, -104.3649
47.15355, 15.2, -104.4261
48.03432, 15.2, -104.5842
48.9151, 15.2, -104.7755
49.79587, 15.2, -105.6496
50.67664, 15.2, -104.4046
51.55742, 15.2, -103.4955
52.43819, 15.2, -102.7705
53.31897, 15.2, -102.0862
54.19974, 15.2, -101.5039
55.08052, 15.2, -100.9791
55.96129, 15.2, -100.4726
56.8421, 15.2, -99.9641
57.7228, 15.2, -99.421
58.6036, 15.2, -98.4295
59.4844, 15.2, -96.5444
60.3652, 15.2, -96.0534
61.2459, 15.2, -98.0329
62.1267, 15.2, -99.2552
63.0075, 15.2, -99.9721
63.88826, 15.2, -100.6174
64.76904, 15.2, -101.2238
65.6498, 15.2, -101.7873
66.53058, 15.2, -102.3009
67.41135, 15.2, -102.7103
68.29213, 15.2, -102.8851
69.17291, 15.2, -102.7693
70.05368, 15.2, -103.9152
70.93445, 15.2, -104.0327
71.81522, 15.2, -105.2849
72.696, 15.2, -106.1575
73.57677, 15.2, -106.8058
74.45755, 15.2, -107.3512
75.33833, 15.2, -107.8872
76.21909, 15.2, -108.4524
77.09987, 15.2, -109.0477
77.98064, 15.2, -109.6345
78.86142, 15.2, -109.8713
79.7422, 15.2, -106.378
80.62297, 15.2, -109.5904
81.50374, 15.2, -111.3308
82.38451, 15.2, -111.7517
83.26529, 15.2, -112.0999
84.14606, 15.2, -112.4757
85.02684, 15.2, -112.8602
85.90762, 15.2, -113.1985
86.78838, 15.2, -113.4103
87.66916, 15.2, -113.3897
88.54993, 15.2, -113.1028
89.43071, 15.2, -113.4582
90.31149, 15.2, -116.5844
91.19226, 15.2, -119.7663
92.07303, 15.2, -124.6342
92.9538, 15.2, -129.2684
93.83458, 15.2, -133.683
94.71535, 15.2, -137.9959
95.59613, 15.2, -142.3082
96.47691, 15.2, -146.7375
97.35767, 15.2, -151.4811
98.23845, 15.2, -156.8658
99.11922, 15.2, -163.6008
19.91054, 16, -106.502
20.78107, 16, -105.2169
21.65161, 16, -104.5502
22.52215, 16, -104.4815
23.39269, 16, -104.6968
24.26323, 16, -105.0709
25.13376, 16, -105.5422
26.0043, 16, -106.0821
26.87484, 16, -106.678
27.74538, 16, -107.3213
28.61591, 16, -107.9796
29.48645, 16, -108.6673
30.35699, 16, -108.9349
31.22753, 16, -108.6744
32.09806, 16, -108.5936
32.9686, 16, -108.5262
33.83914, 16, -108.5021
34.70968, 16, -108.5174
35.58022, 16, -108.5674
36.45075, 16, -108.6497
37.32129, 16, -108.7624
38.19183, 16, -108.8935
39.06237, 16, -108.9308
39.9329, 16, -108.5578
40.80344, 16, -108.9991
41.67398, 16, -108.9753
42.54452, 16, -108.7772
43.41505, 16, -108.5849
44.28559, 16, -108.4311
45.15613, 16, -108.3333
46.02667, 16, -108.3125
46.89721, 16, -108.4009
47.76774, 16, -108.655
48.63828, 16, -109.1892
49.50882, 16, -110.1943
50.37936, 16, -110.2108
51.24989, 16, -108.7378
52.12043, 16, -107.7289
52.99097, 16, -107.0043
53.8615, 16, -106.4523
54.73204, 16, -106.0234
55.60258, 16, -105.6939
56.47312, 16, -105.4545
57.34365, 16, -105.3037
58.2142, 16, -105.2303
59.08473, 16, -104.9906
59.95527, 16, -102.51
60.82581, 16, -104.8183
61.69634, 16, -105.1839
62.56688, 16, -105.3596
63.43742, 16, -105.6458
64.30796, 16, -106.0128
65.1785, 16, -106.4254
66.04903, 16, -106.8546
66.91957, 16, -107.2787
67.79011, 16, -107.6966
68.66064, 16, -108.2432
69.53118, 16, -109.4413
70.40172, 16, -109.7017
71.27225, 16, -109.2073
72.1428, 16, -109.4956
73.01334, 16, -109.897
73.88387, 16, -110.2704
74.75441, 16, -110.6191
75.62495, 16, -110.96
76.49548, 16, -111.3025
77.36602, 16, -111.6204
78.23656, 16, -111.7148
79.10709, 16, -110.1079
79.97763, 16, -102.1677
80.84817, 16, -110.8238
81.71871, 16, -113.4781
82.58925, 16, -114.3683
83.45979, 16, -115.0483
84.33032, 16, -115.6989
85.20086, 16, -116.3212
86.0714, 16, -116.8804
86.94193, 16, -117.3349
87.81247, 16, -117.6763
88.68301, 16, -118.2151
89.55355, 16, -121.0557
90.42409, 16, -124.1616
91.29462, 16, -126.3479
92.16516, 16, -130.7914
93.0357, 16, -135.4595
93.90623, 16, -140.0388
94.77677, 16, -144.564
95.64731, 16, -149.1153
96.51785, 16, -153.7926
97.38839, 16, -158.7283
98.25893, 16, -164.1181
99.12946, 16, -170.3044
20.8523, 16.8, -107.9307
21.7126, 16.8, -107.6956
22.5729, 16.8, -107.8544
23.4332, 16.8, -108.2051
24.2935, 16.8, -108.6648
25.15381, 16.8, -109.1909
26.01411, 16.8, -109.7572
26.87441, 16.8, -110.34
27.73471, 16.8, -110.8933
28.59501, 16.8, -111.3137
29.45531, 16.8, -111.5729
30.31561, 16.8, -111.7927
31.17591, 16.8, -112.0242
32.03622, 16.8, -112.2052
32.89651, 16.8, -112.2726
33.75682, 16.8, -112.2933
34.61712, 16.8, -112.3168
35.47742, 16.8, -112.3551
36.33772, 16.8, -112.411
37.19802, 16.8, -112.4818
38.05832, 16.8, -112.5466
38.91862, 16.8, -112.6155
39.77892, 16.8, -112.7045
40.63923, 16.8, -112.823
41.49953, 16.8, -112.7247
42.35983, 16.8, -112.5496
43.22013, 16.8, -112.352
44.08043, 16.8, -112.1792
44.94073, 16.8, -112.0564
45.80103, 16.8, -112.0066
46.66134, 16.8, -112.0642
47.52163, 16.8, -112.2921
48.38194, 16.8, -112.8291
49.24224, 16.8, -113.9302
50.10254, 16.8, -114.593
50.96284, 16.8, -113.5064
51.82314, 16.8, -112.2939
52.68344, 16.8, -111.5228
53.54374, 16.8, -111.0243
54.40404, 16.8, -110.6958
55.26434, 16.8, -110.4989
56.12465, 16.8, -110.4265
56.98495, 16.8, -110.5009
57.84525, 16.8, -110.8009
58.70555, 16.8, -111.5013
59.56585, 16.8, -112.6046
60.42615, 16.8, -112.636
61.28645, 16.8, -111.6209
62.14675, 16.8, -111.0193
63.00705, 16.8, -110.8617
63.86736, 16.8, -110.9547
64.72765, 16.8, -111.182
65.58796, 16.8, -111.4919
66.44826, 16.8, -111.8667
67.30856, 16.8, -112.3339
68.16886, 16.8, -113.0638
69.02916, 16.8, -114.2067
69.88947, 16.8, -115.2321
70.74976, 16.8, -114.5096
71.61006, 16.8, -113.6514
72.47037, 16.8, -113.3994
73.33067, 16.8, -113.4303
74.19097, 16.8, -113.5259
75.05127, 16.8, -113.6331
75.91157, 16.8, -113.7333
76.77187, 16.8, -113.792
77.63217, 16.8, -113.6767
78.49247, 16.8, -112.9498
79.35278, 16.8, -111.1853
80.21307, 16.8, -110.4905
81.07338, 16.8, -113.4771
81.93368, 16.8, -115.6645
82.79398, 16.8, -117.0595
83.65428, 16.8, -118.1222
84.51458, 16.8, -119.0966
85.37488, 16.8, -120.0245
86.23518, 16.8, -120.9065
87.09548, 16.8, -121.7594
87.95579, 16.8, -122.7431
88.81609, 16.8, -124.2235
89.67638, 16.8, -126.4317
90.53669, 16.8, -129.6211
91.39699, 16.8, -133.2462
92.25729, 16.8, -137.3836
93.11759, 16.8, -141.9191
93.97789, 16.8, -146.5386
94.8382, 16.8, -151.17
95.69849, 16.8, -155.8435
96.55879, 16.8, -160.6161
97.4191, 16.8, -165.548
98.2794, 16.8, -170.6335
99.1397, 16.8, -175.9273
21.79406, 17.6, -110.3323
22.64413, 17.6, -110.8369
23.49419, 17.6, -111.4
24.34426, 17.6, -111.9995
25.19432, 17.6, -112.6148
26.04439, 17.6, -113.2266
26.89445, 17.6, -113.8081
27.74452, 17.6, -114.3192
28.59458, 17.6, -114.6982
29.44464, 17.6, -114.7044
30.29471, 17.6, -114.7093
31.14477, 17.6, -115.4901
31.99484, 17.6, -115.7479
32.8449, 17.6, -115.8767
33.69497, 17.6, -115.9506
34.54503, 17.6, -115.9947
35.3951, 17.6, -116.0262
36.24516, 17.6, -116.0545
37.09523, 17.6, -116.0853
37.94529, 17.6, -116.1345
38.79535, 17.6, -116.24
39.64542, 17.6, -116.6201
40.49548, 17.6, -116.6306
41.34555, 17.6, -116.3296
42.19561, 17.6, -116.1117
43.04568, 17.6, -115.8994
43.89574, 17.6, -115.7047
44.74581, 17.6, -115.5447
45.59587, 17.6, -115.4429
46.44593, 17.6, -115.4308
47.296, 17.6, -115.5607
48.14606, 17.6, -115.9241
48.99613, 17.6, -116.6513
49.8462, 17.6, -117.8227
50.69626, 17.6, -117.1227
51.54632, 17.6, -116.1885
52.39639, 17.6, -115.5242
53.24645, 17.6, -115.1209
54.09652, 17.6, -114.9003
54.94658, 17.6, -114.8255
55.79665, 17.6, -114.8872
56.64671, 17.6, -115.1088
57.49677, 17.6, -115.5555
58.34684, 17.6, -116.392
59.1969, 17.6, -118.2029
60.04697, 17.6, -122.5502
60.89703, 17.6, -118.0998
61.7471, 17.6, -116.6879
62.59716, 17.6, -116.1369
63.44723, 17.6, -115.9505
64.29729, 17.6, -115.9779
65.14735, 17.6, -116.1556
65.99742, 17.6, -116.4531
66.84748, 17.6, -116.884
67.69755, 17.6, -117.475
68.54762, 17.6, -118.2873
69.39767, 17.6, -119.2692
70.24774, 17.6, -119.6348
71.09781, 17.6, -118.3505
71.94787, 17.6, -117.4871
72.79794, 17.6, -117.0055
73.648, 17.6, -116.7292
74.49806, 17.6, -116.5463
75.34813, 17.6, -116.3836
76.1982, 17.6, -116.1841
77.04826, 17.6, -115.8757
77.89832, 17.6, -115.3956
78.74839, 17.6, -114.8155
79.59845, 17.6, -116.3301
80.44852, 17.6, -116.6257
81.29858, 17.6, -116.5193
82.14864, 17.6, -118.283
82.99871, 17.6, -119.9223
83.84878, 17.6, -121.3877
84.69884, 17.6, -122.7433
85.5489, 17.6, -124.0516
86.39896, 17.6, -125.3622
87.24903, 17.6, -126.7361
88.0991, 17.6, -128.2338
88.94916, 17.6, -129.7946
89.79922, 17.6, -129.7485
90.64929, 17.6, -134.6901
91.49935, 17.6, -139.7202
92.34942, 17.6, -144.1198
93.19949, 17.6, -148.5846
94.04955, 17.6, -153.1369
94.89961, 17.6, -157.7613
95.74968, 17.6, -162.4378
96.59974, 17.6, -167.164
97.44981, 17.6, -171.9262
98.29987, 17.6, -176.6731
99.14993, 17.6, -180.9609
22.73583, 18.4, -113.5424
23.57566, 18.4, -114.3572
24.41548, 18.4, -115.1344
25.25531, 18.4, -115.8753
26.09514, 18.4, -116.576
26.93497, 18.4, -117.2251
27.7748, 18.4, -117.7964
28.61462, 18.4, -118.215
29.45445, 18.4, -118.2544
30.29428, 18.4, -118.3807
31.13411, 18.4, -119.1207
31.97394, 18.4, -119.3945
32.81376, 18.4, -119.5168
33.65359, 18.4, -119.5803
34.49342, 18.4, -119.6154
35.33325, 18.4, -119.6364
36.17308, 18.4, -119.653
37.01291, 18.4, -119.6746
37.85273, 18.4, -119.717
38.69256, 18.4, -119.8271
39.53239, 18.4, -120.1501
40.37222, 18.4, -120.2536
41.21204, 18.4, -119.8017
42.05187, 18.4, -119.5099
42.8917, 18.4, -119.2459
43.73153, 18.4, -118.9988
44.57135, 18.4, -118.7784
45.41118, 18.4, -118.5997
46.25101, 18.4, -118.4837
47.09084, 18.4, -118.4617
47.93067, 18.4, -118.5744
48.7705, 18.4, -118.8101
49.61032, 18.4, -119.4375
50.45015, 18.4, -119.5606
51.28998, 18.4, -119.0346
52.12981, 18.4, -118.7411
52.96963, 18.4, -118.548
53.80946, 18.4, -118.4923
54.64929, 18.4, -118.5564
55.48912, 18.4, -118.735
56.32895, 18.4, -119.0429
57.16877, 18.4, -119.5278
58.0086, 18.4, -120.3085
58.84843, 18.4, -121.7498
59.68826, 18.4, -125.2677
60.52809, 18.4, -124.1969
61.36791, 18.4, -121.8057
62.20774, 18.4, -120.9497
63.04757, 18.4, -120.6163
63.8874, 18.4, -120.5367
64.72723, 18.4, -120.614
65.56705, 18.4, -120.808
66.40688, 18.4, -121.1051
67.24671, 18.4, -121.509
68.08654, 18.4, -122.0268
68.92637, 18.4, -122.595
69.7662, 18.4, -123.3819
70.60602, 18.4, -122.6868
71.44585, 18.4, -121.6792
72.28567, 18.4, -120.878
73.1255, 18.4, -120.2635
73.96533, 18.4, -119.7715
74.80516, 18.4, -119.3401
75.64499, 18.4, -118.9247
76.48482, 18.4, -118.494
77.32465, 18.4, -118.0419
78.16447, 18.4, -117.6935
79.0043, 18.4, -118.2768
79.84413, 18.4, -120.9235
80.68396, 18.4, -119.8444
81.52379, 18.4, -119.9552
82.36361, 18.4, -121.4516
83.20344, 18.4, -123.2229
84.04327, 18.4, -124.9795
84.88309, 18.4, -126.7009
85.72292, 18.4, -128.4059
86.56275, 18.4, -130.1191
87.40258, 18.4, -131.8583
88.24241, 18.4, -133.573
89.08224, 18.4, -134.8057
89.92207, 18.4, -134.8713
90.76189, 18.4, -140.4015
91.60172, 18.4, -145.8217
92.44155, 18.4, -150.536
93.28138, 18.4, -155.0943
94.1212, 18.4, -159.653
94.96103, 18.4, -164.234
95.80086, 18.4, -168.8346
96.64069, 18.4, -173.4409
97.48051, 18.4, -178.0114
98.32034, 18.4, -182.3791
99.16017, 18.4, -185.9296
23.67759, 19.2, -117.0861
24.50718, 19.2, -118.1887
25.33677, 19.2, -119.1494
26.16636, 19.2, -119.9871
26.99596, 19.2, -120.7594
27.82555, 19.2, -121.4487
28.65514, 19.2, -122.0053
29.48473, 19.2, -122.3742
30.31432, 19.2, -122.7865
31.14391, 19.2, -123.0281
31.9735, 19.2, -123.1937
32.8031, 19.2, -123.2623
33.63269, 19.2, -123.2875
34.46228, 19.2, -123.2919
35.29187, 19.2, -123.2865
36.12146, 19.2, -123.2783
36.95105, 19.2, -123.2747
37.78064, 19.2, -123.2885
38.61024, 19.2, -123.3443
39.43983, 19.2, -123.4893
40.26942, 19.2, -123.4593
41.09901, 19.2, -123.0959
41.9286, 19.2, -122.716
42.75819, 19.2, -122.3788
43.58778, 19.2, -122.0562
44.41738, 19.2, -121.7473
45.24697, 19.2, -121.4591
46.07656, 19.2, -121.2006
46.90615, 19.2, -120.9806
47.73574, 19.2, -120.7963
48.56533, 19.2, -120.6876
49.39492, 19.2, -120.7403
50.22452, 19.2, -120.7236
51.05411, 19.2, -120.9069
51.8837, 19.2, -120.9564
52.71329, 19.2, -121.0965
53.54288, 19.2, -121.2759
54.37247, 19.2, -121.5092
55.20206, 19.2, -121.8061
56.03165, 19.2, -122.1775
56.86125, 19.2, -122.6482
57.69084, 19.2, -123.2748
58.52043, 19.2, -124.2257
59.35002, 19.2, -125.8364
60.17961, 19.2, -126.4007
61.0092, 19.2, -125.6108
61.83879, 19.2, -124.795
62.66839, 19.2, -124.4943
63.49798, 19.2, -124.4239
64.32757, 19.2, -124.4784
65.15716, 19.2, -124.6164
65.98676, 19.2, -124.8186
66.81635, 19.2, -125.0745
67.64594, 19.2, -125.366
68.47552, 19.2, -125.6982
69.30511, 19.2, -126.0929
70.13471, 19.2, -126.0708
70.9643, 19.2, -125.4227
71.79389, 19.2, -124.6105
72.62348, 19.2, -123.8719
73.45307, 19.2, -123.1935
74.28267, 19.2, -122.5696
75.11226, 19.2, -121.9809
75.94185, 19.2, -121.4164
76.77144, 19.2, -120.8887
77.60104, 19.2, -120.491
78.43063, 19.2, -120.38
79.26022, 19.2, -120.7957
80.08981, 19.2, -120.8631
80.9194, 19.2, -122.1378
81.74899, 19.2, -123.3203
82.57858, 19.2, -124.9902
83.40817, 19.2, -126.9148
84.23776, 19.2, -128.9233
85.06735, 19.2, -130.9479
85.89695, 19.2, -132.9758
86.72654, 19.2, -135.0019
87.55613, 19.2, -136.9933
88.38572, 19.2, -138.8501
89.21531, 19.2, -140.389
90.04491, 19.2, -142.1809
90.8745, 19.2, -146.9275
91.70409, 19.2, -151.9486
92.53368, 19.2, -156.7438
93.36327, 19.2, -161.3856
94.19286, 19.2, -165.9566
95.02245, 19.2, -170.5065
95.85204, 19.2, -175.0415
96.68163, 19.2, -179.5442
97.51122, 19.2, -183.9486
98.34082, 19.2, -188.1545
99.17041, 19.2, -192.0231
